site_id,georegion,year,season,size_bin,total,pisaster_biomass_g
4,CA North,2011,Summer,100,1,201.69842083569867
4,CA North,2011,Summer,120,2,618.8552645695746
4,CA North,2011,Summer,130,1,373.3823225554111
4,CA North,2011,Summer,60,1,60.809643511697224
4,CA North,2011,Summer,70,1,87.31964681871311
4,CA North,2017,Summer,120,1,309.4276322847873
4,CA North,2017,Summer,150,1,522.431294473125
4,CA North,2017,Summer,20,6,27.68282358518224
4,CA North,2017,Summer,30,13,155.3564085964136
4,CA North,2017,Summer,40,16,375.6347430989379
4,CA North,2017,Summer,50,11,436.0221443398072
4,CA North,2017,Summer,60,4,243.2385740467889
4,CA North,2017,Summer,70,3,261.9589404561393
4,CA North,2017,Summer,80,2,238.92544514475443
4,CA North,2020,Summer,90,1,157.50674023444077
4,CA North,2020,Summer,100,1,201.69842083569867
4,CA North,2020,Summer,120,5,1547.1381614239365
4,CA North,2020,Summer,40,3,70.43151433105086
4,CA North,2020,Summer,50,2,79.27675351632858
4,CA North,2020,Summer,60,2,121.61928702339445
4,CA North,2020,Summer,70,4,349.27858727485244
4,CA North,2020,Summer,80,3,358.38816771713164
4,CA North,2021,Summer,90,2,315.01348046888154
4,CA North,2021,Summer,100,1,201.69842083569867
4,CA North,2021,Summer,110,2,504.53424145851784
4,CA North,2021,Summer,120,3,928.282896854362
4,CA North,2021,Summer,130,3,1120.1469676662334
4,CA North,2021,Summer,140,1,444.32280813915344
4,CA North,2021,Summer,190,1,909.9160230566235
4,CA North,2021,Summer,50,2,79.27675351632858
4,CA North,2021,Summer,60,2,121.61928702339445
4,CA North,2021,Summer,80,1,119.46272257237722
4,CA North,2022,Summer,90,1,157.50674023444077
4,CA North,2022,Summer,100,1,201.69842083569867
4,CA North,2022,Summer,110,2,504.53424145851784
4,CA North,2022,Summer,120,2,618.8552645695746
4,CA North,2022,Summer,40,1,23.47717144368362
4,CA North,2022,Summer,60,2,121.61928702339445
4,CA North,2022,Summer,70,1,87.31964681871311
4,CA North,2022,Summer,80,1,119.46272257237722
4,CA North,2023,Summer,90,2,315.01348046888154
4,CA North,2023,Summer,30,1,11.95049296895489
4,CA North,2024,Summer,100,1,201.69842083569867
4,CA North,2024,Summer,120,1,309.4276322847873
4,CA North,2024,Summer,70,1,87.31964681871311
4,CA North,2024,Summer,80,1,119.46272257237722
12,CA North,2006,Summer,90,20,3150.134804688815
12,CA North,2006,Summer,100,12,2420.381050028384
12,CA North,2006,Summer,110,5,1261.3356036462947
12,CA North,2006,Summer,120,7,2165.993425993511
12,CA North,2006,Summer,130,1,373.3823225554111
12,CA North,2006,Summer,140,1,444.32280813915344
12,CA North,2006,Summer,10,2,1.8134370883235644
12,CA North,2006,Summer,20,25,115.34509827159268
12,CA North,2006,Summer,30,53,633.3761273546091
12,CA North,2006,Summer,40,68,1596.4476581704862
12,CA North,2006,Summer,50,49,1942.2804611500503
12,CA North,2006,Summer,60,30,1824.2893053509167
12,CA North,2006,Summer,70,13,1135.1554086432704
12,CA North,2006,Summer,80,22,2628.179896592299
12,CA North,2007,Summer,90,15,2362.6011035166116
12,CA North,2007,Summer,100,27,5445.857362563864
12,CA North,2007,Summer,110,10,2522.6712072925893
12,CA North,2007,Summer,120,15,4641.41448427181
12,CA North,2007,Summer,130,3,1120.1469676662334
12,CA North,2007,Summer,140,3,1332.9684244174603
12,CA North,2007,Summer,150,2,1044.86258894625
12,CA North,2007,Summer,170,1,700.8403853069403
12,CA North,2007,Summer,180,2,1602.9344980541816
12,CA North,2007,Summer,10,1,0.9067185441617822
12,CA North,2007,Summer,20,22,101.50368647900154
12,CA North,2007,Summer,30,53,633.3761273546091
12,CA North,2007,Summer,40,46,1079.9498864094464
12,CA North,2007,Summer,50,45,1783.726954117393
12,CA North,2007,Summer,60,33,2006.7182358860084
12,CA North,2007,Summer,70,28,2444.9501109239673
12,CA North,2007,Summer,80,24,2867.105341737053
12,CA North,2008,Summer,90,22,3465.148285157697
12,CA North,2008,Summer,100,23,4639.06367922107
12,CA North,2008,Summer,110,22,5549.876656043696
12,CA North,2008,Summer,120,21,6497.980277980533
12,CA North,2008,Summer,130,6,2240.293935332467
12,CA North,2008,Summer,140,1,444.32280813915344
12,CA North,2008,Summer,10,2,1.8134370883235644
12,CA North,2008,Summer,20,10,46.13803930863707
12,CA North,2008,Summer,30,14,167.30690156536846
12,CA North,2008,Summer,40,22,516.4977717610396
12,CA North,2008,Summer,50,19,753.1291584051215
12,CA North,2008,Summer,60,18,1094.57358321055
12,CA North,2008,Summer,70,19,1659.073289555549
12,CA North,2008,Summer,80,13,1553.0153934409038
12,CA North,2009,Summer,90,17,2677.614583985493
12,CA North,2009,Summer,100,28,5647.555783399563
12,CA North,2009,Summer,110,28,7063.4793804192495
12,CA North,2009,Summer,120,31,9592.256600828407
12,CA North,2009,Summer,130,16,5974.117160886578
12,CA North,2009,Summer,140,4,1777.2912325566137
12,CA North,2009,Summer,150,7,3657.0190613118752
12,CA North,2009,Summer,160,7,4255.171660285782
12,CA North,2009,Summer,170,2,1401.6807706138807
12,CA North,2009,Summer,180,1,801.4672490270908
12,CA North,2009,Summer,20,1,4.613803930863707
12,CA North,2009,Summer,30,3,35.85147890686467
12,CA North,2009,Summer,40,7,164.34020010578533
12,CA North,2009,Summer,50,11,436.0221443398072
12,CA North,2009,Summer,60,15,912.1446526754584
12,CA North,2009,Summer,70,15,1309.7947022806966
12,CA North,2009,Summer,80,9,1075.164503151395
12,CA North,2010,Summer,90,23,3622.6550253921378
12,CA North,2010,Summer,100,27,5445.857362563864
12,CA North,2010,Summer,110,18,4540.80817312666
12,CA North,2010,Summer,120,8,2475.4210582782985
12,CA North,2010,Summer,130,7,2613.676257887878
12,CA North,2010,Summer,140,3,1332.9684244174603
12,CA North,2010,Summer,20,1,4.613803930863707
12,CA North,2010,Summer,30,11,131.45542265850378
12,CA North,2010,Summer,40,16,375.6347430989379
12,CA North,2010,Summer,50,21,832.4059119214501
12,CA North,2010,Summer,60,21,1277.0025137456416
12,CA North,2010,Summer,70,12,1047.8357618245573
12,CA North,2010,Summer,80,20,2389.2544514475444
12,CA North,2011,Summer,90,17,2677.614583985493
12,CA North,2011,Summer,100,11,2218.6826291926855
12,CA North,2011,Summer,110,11,2774.938328021848
12,CA North,2011,Summer,120,9,2784.8486905630857
12,CA North,2011,Summer,130,8,2987.058580443289
12,CA North,2011,Summer,140,3,1332.9684244174603
12,CA North,2011,Summer,150,2,1044.86258894625
12,CA North,2011,Summer,30,2,23.90098593790978
12,CA North,2011,Summer,40,7,164.34020010578533
12,CA North,2011,Summer,50,6,237.83026054898573
12,CA North,2011,Summer,60,3,182.42893053509167
12,CA North,2011,Summer,70,6,523.9178809122786
12,CA North,2011,Summer,80,12,1433.5526708685265
12,CA North,2012,Summer,90,7,1102.5471816410854
12,CA North,2012,Summer,100,8,1613.5873666855894
12,CA North,2012,Summer,110,3,756.8013621877767
12,CA North,2012,Summer,120,7,2165.993425993511
12,CA North,2012,Summer,130,2,746.7646451108222
12,CA North,2012,Summer,140,1,444.32280813915344
12,CA North,2012,Summer,150,1,522.431294473125
12,CA North,2012,Summer,50,7,277.46863730715006
12,CA North,2012,Summer,60,8,486.4771480935778
12,CA North,2012,Summer,70,14,1222.4750554619836
12,CA North,2012,Summer,80,9,1075.164503151395
12,CA North,2013,Summer,90,9,1417.5606621099669
12,CA North,2013,Summer,100,6,1210.190525014192
12,CA North,2013,Summer,110,4,1009.0684829170357
12,CA North,2013,Summer,120,6,1856.565793708724
12,CA North,2013,Summer,130,3,1120.1469676662334
12,CA North,2013,Summer,140,4,1777.2912325566137
12,CA North,2013,Summer,150,1,522.431294473125
12,CA North,2013,Summer,20,1,4.613803930863707
12,CA North,2013,Summer,30,2,23.90098593790978
12,CA North,2013,Summer,40,1,23.47717144368362
12,CA North,2013,Summer,50,1,39.63837675816429
12,CA North,2013,Summer,60,5,304.0482175584861
12,CA North,2013,Summer,70,15,1309.7947022806966
12,CA North,2013,Summer,80,17,2030.8662837304128
12,CA North,2014,Summer,90,4,630.0269609377631
12,CA North,2014,Summer,100,2,403.39684167139734
12,CA North,2014,Summer,110,3,756.8013621877767
12,CA North,2014,Summer,120,5,1547.1381614239365
12,CA North,2014,Summer,130,2,746.7646451108222
12,CA North,2014,Summer,140,3,1332.9684244174603
12,CA North,2014,Summer,5,22,3.9202028682231074
12,CA North,2014,Summer,10,21,19.041089427397427
12,CA North,2014,Summer,20,10,46.13803930863707
12,CA North,2014,Summer,30,2,23.90098593790978
12,CA North,2014,Summer,40,1,23.47717144368362
12,CA North,2014,Summer,60,3,182.42893053509167
12,CA North,2014,Summer,70,8,698.5571745497049
12,CA North,2014,Summer,80,3,358.38816771713164
12,CA North,2015,Summer,90,3,472.5202207033223
12,CA North,2015,Summer,100,2,403.39684167139734
12,CA North,2015,Summer,120,2,618.8552645695746
12,CA North,2015,Summer,5,13,2.316483513040927
12,CA North,2015,Summer,10,71,64.37701663548654
12,CA North,2015,Summer,20,121,558.2702756345085
12,CA North,2015,Summer,30,75,896.2869726716168
12,CA North,2015,Summer,40,42,986.041200634712
12,CA North,2015,Summer,50,14,554.9372746143001
12,CA North,2015,Summer,60,4,243.2385740467889
12,CA North,2015,Summer,70,2,174.63929363742622
12,CA North,2015,Summer,80,1,119.46272257237722
12,CA North,2016,Summer,90,5,787.5337011722038
12,CA North,2016,Summer,100,2,403.39684167139734
12,CA North,2016,Summer,120,1,309.4276322847873
12,CA North,2016,Summer,130,1,373.3823225554111
12,CA North,2016,Summer,5,4,0.7127641578587468
12,CA North,2016,Summer,170,1,700.8403853069403
12,CA North,2016,Summer,10,39,35.3620232223095
12,CA North,2016,Summer,20,94,433.69756950118847
12,CA North,2016,Summer,30,151,1804.5244383121885
12,CA North,2016,Summer,40,100,2347.717144368362
12,CA North,2016,Summer,50,21,832.4059119214501
12,CA North,2016,Summer,60,11,668.9060786286694
12,CA North,2016,Summer,70,6,523.9178809122786
12,CA North,2016,Summer,80,5,597.3136128618861
12,CA North,2017,Summer,90,11,1732.5741425788485
12,CA North,2017,Summer,100,6,1210.190525014192
12,CA North,2017,Summer,110,2,504.53424145851784
12,CA North,2017,Summer,120,6,1856.565793708724
12,CA North,2017,Summer,140,3,1332.9684244174603
12,CA North,2017,Summer,5,1,0.1781910394646867
12,CA North,2017,Summer,150,1,522.431294473125
12,CA North,2017,Summer,10,9,8.16046689745604
12,CA North,2017,Summer,20,49,226.07639261232163
12,CA North,2017,Summer,30,68,812.6335218889326
12,CA North,2017,Summer,40,94,2206.8541157062605
12,CA North,2017,Summer,50,41,1625.173447084736
12,CA North,2017,Summer,60,18,1094.57358321055
12,CA North,2017,Summer,70,14,1222.4750554619836
12,CA North,2017,Summer,80,13,1553.0153934409038
12,CA North,2018,Summer,90,16,2520.1078437510523
12,CA North,2018,Summer,100,4,806.7936833427947
12,CA North,2018,Summer,110,9,2270.40408656333
12,CA North,2018,Summer,120,7,2165.993425993511
12,CA North,2018,Summer,130,3,1120.1469676662334
12,CA North,2018,Summer,140,6,2665.9368488349205
12,CA North,2018,Summer,150,2,1044.86258894625
12,CA North,2018,Summer,170,2,1401.6807706138807
12,CA North,2018,Summer,10,20,18.134370883235643
12,CA North,2018,Summer,20,77,355.2629026765054
12,CA North,2018,Summer,30,105,1254.8017617402634
12,CA North,2018,Summer,40,88,2065.9910870441586
12,CA North,2018,Summer,50,39,1545.8966935684073
12,CA North,2018,Summer,60,24,1459.4314442807333
12,CA North,2018,Summer,70,21,1833.7125831929752
12,CA North,2018,Summer,80,12,1433.5526708685265
12,CA North,2019,Summer,90,12,1890.0808828132892
12,CA North,2019,Summer,100,2,403.39684167139734
12,CA North,2019,Summer,110,6,1513.6027243755534
12,CA North,2019,Summer,120,5,1547.1381614239365
12,CA North,2019,Summer,130,4,1493.5292902216445
12,CA North,2019,Summer,140,2,888.6456162783069
12,CA North,2019,Summer,150,1,522.431294473125
12,CA North,2019,Summer,160,2,1215.7633315102235
12,CA North,2019,Summer,170,2,1401.6807706138807
12,CA North,2019,Summer,20,23,106.11749040986525
12,CA North,2019,Summer,30,67,800.6830289199777
12,CA North,2019,Summer,40,50,1173.858572184181
12,CA North,2019,Summer,50,13,515.2988978561358
12,CA North,2019,Summer,60,20,1216.1928702339444
12,CA North,2019,Summer,70,14,1222.4750554619836
12,CA North,2019,Summer,80,14,1672.4781160132811
12,CA North,2020,Summer,90,10,1575.0674023444076
12,CA North,2020,Summer,100,9,1815.285787521288
12,CA North,2020,Summer,110,13,3279.472569480366
12,CA North,2020,Summer,120,19,5879.125013410959
12,CA North,2020,Summer,130,7,2613.676257887878
12,CA North,2020,Summer,140,6,2665.9368488349205
12,CA North,2020,Summer,150,1,522.431294473125
12,CA North,2020,Summer,160,1,607.8816657551117
12,CA North,2020,Summer,170,1,700.8403853069403
12,CA North,2020,Summer,180,2,1602.9344980541816
12,CA North,2020,Summer,20,8,36.910431446909655
12,CA North,2020,Summer,30,34,406.3167609444663
12,CA North,2020,Summer,40,50,1173.858572184181
12,CA North,2020,Summer,50,81,3210.7085174113076
12,CA North,2020,Summer,60,79,4803.961837424081
12,CA North,2020,Summer,70,54,4715.260928210508
12,CA North,2020,Summer,80,22,2628.179896592299
12,CA North,2021,Summer,90,6,945.0404414066446
12,CA North,2021,Summer,100,7,1411.8889458498907
12,CA North,2021,Summer,110,5,1261.3356036462947
12,CA North,2021,Summer,120,7,2165.993425993511
12,CA North,2021,Summer,130,8,2987.058580443289
12,CA North,2021,Summer,140,7,3110.259656974074
12,CA North,2021,Summer,150,5,2612.156472365625
12,CA North,2021,Summer,160,3,1823.6449972653352
12,CA North,2021,Summer,170,3,2102.521155920821
12,CA North,2021,Summer,180,1,801.4672490270908
12,CA North,2021,Summer,10,1,0.9067185441617822
12,CA North,2021,Summer,20,1,4.613803930863707
12,CA North,2021,Summer,30,9,107.55443672059401
12,CA North,2021,Summer,40,36,845.1781719726104
12,CA North,2021,Summer,50,28,1109.8745492286002
12,CA North,2021,Summer,60,21,1277.0025137456416
12,CA North,2021,Summer,70,11,960.5161150058442
12,CA North,2021,Summer,80,8,955.7017805790177
12,CA North,2022,Summer,90,9,1417.5606621099669
12,CA North,2022,Summer,100,6,1210.190525014192
12,CA North,2022,Summer,110,17,4288.5410523974015
12,CA North,2022,Summer,120,7,2165.993425993511
12,CA North,2022,Summer,130,3,1120.1469676662334
12,CA North,2022,Summer,140,4,1777.2912325566137
12,CA North,2022,Summer,150,3,1567.293883419375
12,CA North,2022,Summer,160,7,4255.171660285782
12,CA North,2022,Summer,180,2,1602.9344980541816
12,CA North,2022,Summer,190,1,909.9160230566235
12,CA North,2022,Summer,20,17,78.43466682468302
12,CA North,2022,Summer,30,34,406.3167609444663
12,CA North,2022,Summer,40,46,1079.9498864094464
12,CA North,2022,Summer,50,37,1466.6199400520788
12,CA North,2022,Summer,60,27,1641.860374815825
12,CA North,2022,Summer,70,15,1309.7947022806966
12,CA North,2022,Summer,80,13,1553.0153934409038
12,CA North,2023,Summer,90,15,2362.6011035166116
12,CA North,2023,Summer,100,8,1613.5873666855894
12,CA North,2023,Summer,110,9,2270.40408656333
12,CA North,2023,Summer,120,12,3713.131587417448
12,CA North,2023,Summer,130,7,2613.676257887878
12,CA North,2023,Summer,140,9,3998.905273252381
12,CA North,2023,Summer,150,4,2089.7251778925
12,CA North,2023,Summer,160,3,1823.6449972653352
12,CA North,2023,Summer,170,4,2803.3615412277613
12,CA North,2023,Summer,20,1,4.613803930863707
12,CA North,2023,Summer,30,15,179.25739453432334
12,CA North,2023,Summer,40,33,774.7466576415594
12,CA North,2023,Summer,50,64,2536.8561125225146
12,CA North,2023,Summer,60,41,2493.195383979586
12,CA North,2023,Summer,70,30,2619.589404561393
12,CA North,2023,Summer,80,18,2150.32900630279
12,CA North,2024,Summer,90,6,945.0404414066446
12,CA North,2024,Summer,100,10,2016.9842083569868
12,CA North,2024,Summer,110,10,2522.6712072925893
12,CA North,2024,Summer,120,7,2165.993425993511
12,CA North,2024,Summer,130,6,2240.293935332467
12,CA North,2024,Summer,140,6,2665.9368488349205
12,CA North,2024,Summer,150,1,522.431294473125
12,CA North,2024,Summer,180,1,801.4672490270908
12,CA North,2024,Summer,190,2,1819.832046113247
12,CA North,2024,Summer,30,4,47.80197187581956
12,CA North,2024,Summer,40,16,375.6347430989379
12,CA North,2024,Summer,50,30,1189.1513027449287
12,CA North,2024,Summer,60,25,1520.2410877924306
12,CA North,2024,Summer,70,21,1833.7125831929752
12,CA North,2024,Summer,80,16,1911.4035611580355
12,CA North,2002,Summer,90,22,3465.148285157697
12,CA North,2002,Summer,100,22,4437.365258385371
12,CA North,2002,Summer,110,14,3531.7396902096248
12,CA North,2002,Summer,120,14,4331.986851987022
12,CA North,2002,Summer,130,10,3733.823225554111
12,CA North,2002,Summer,150,2,1044.86258894625
12,CA North,2002,Summer,160,1,607.8816657551117
12,CA North,2002,Summer,170,1,700.8403853069403
12,CA North,2002,Summer,20,18,83.04847075554673
12,CA North,2002,Summer,30,26,310.7128171928272
12,CA North,2002,Summer,40,32,751.2694861978758
12,CA North,2002,Summer,50,39,1545.8966935684073
12,CA North,2002,Summer,60,34,2067.5278793977054
12,CA North,2002,Summer,70,33,2881.5483450175325
12,CA North,2002,Summer,80,23,2747.642619164676
12,CA North,2003,Summer,90,16,2520.1078437510523
12,CA North,2003,Summer,100,21,4235.666837549672
12,CA North,2003,Summer,110,20,5045.342414585179
12,CA North,2003,Summer,120,13,4022.559219702235
12,CA North,2003,Summer,130,5,1866.9116127770556
12,CA North,2003,Summer,140,1,444.32280813915344
12,CA North,2003,Summer,10,1,0.9067185441617822
12,CA North,2003,Summer,20,9,41.524235377773365
12,CA North,2003,Summer,30,35,418.26725391342114
12,CA North,2003,Summer,40,52,1220.8129150715483
12,CA North,2003,Summer,50,50,1981.9188379082145
12,CA North,2003,Summer,60,49,2979.672532073164
12,CA North,2003,Summer,70,37,3230.826932292385
12,CA North,2003,Summer,80,22,2628.179896592299
12,CA North,2004,Summer,90,13,2047.58762304773
12,CA North,2004,Summer,100,20,4033.9684167139735
12,CA North,2004,Summer,110,13,3279.472569480366
12,CA North,2004,Summer,120,8,2475.4210582782985
12,CA North,2004,Summer,130,1,373.3823225554111
12,CA North,2004,Summer,150,2,1044.86258894625
12,CA North,2004,Summer,160,1,607.8816657551117
12,CA North,2004,Summer,10,4,3.626874176647129
12,CA North,2004,Summer,20,23,106.11749040986525
12,CA North,2004,Summer,30,35,418.26725391342114
12,CA North,2004,Summer,40,26,610.4064575357742
12,CA North,2004,Summer,50,24,951.3210421959429
12,CA North,2004,Summer,60,20,1216.1928702339444
12,CA North,2004,Summer,70,18,1571.753642736836
12,CA North,2004,Summer,80,13,1553.0153934409038
12,CA North,2005,Summer,90,22,3465.148285157697
12,CA North,2005,Summer,100,23,4639.06367922107
12,CA North,2005,Summer,110,12,3027.205448751107
12,CA North,2005,Summer,120,11,3403.70395513266
12,CA North,2005,Summer,130,8,2987.058580443289
12,CA North,2005,Summer,140,1,444.32280813915344
12,CA North,2005,Summer,5,1,0.1781910394646867
12,CA North,2005,Summer,150,2,1044.86258894625
12,CA North,2005,Summer,10,5,4.533592720808911
12,CA North,2005,Summer,20,22,101.50368647900154
12,CA North,2005,Summer,30,32,382.4157750065565
12,CA North,2005,Summer,40,64,1502.5389723957517
12,CA North,2005,Summer,50,39,1545.8966935684073
12,CA North,2005,Summer,60,27,1641.860374815825
12,CA North,2005,Summer,70,17,1484.433995918123
12,CA North,2005,Summer,80,18,2150.32900630279
7,CA North,2010,Summer,90,13,2047.58762304773
7,CA North,2010,Summer,100,13,2622.079470864083
7,CA North,2010,Summer,110,4,1009.0684829170357
7,CA North,2010,Summer,120,1,309.4276322847873
7,CA North,2010,Summer,130,2,746.7646451108222
7,CA North,2010,Summer,20,2,9.227607861727414
7,CA North,2010,Summer,30,4,47.80197187581956
7,CA North,2010,Summer,40,8,187.81737154946896
7,CA North,2010,Summer,50,7,277.46863730715006
7,CA North,2010,Summer,60,7,425.66750458188056
7,CA North,2010,Summer,70,9,785.876821368418
7,CA North,2010,Summer,80,11,1314.0899482961495
7,CA North,2011,Summer,90,3,472.5202207033223
7,CA North,2011,Summer,100,4,806.7936833427947
7,CA North,2011,Summer,110,8,2018.1369658340714
7,CA North,2011,Summer,120,4,1237.7105291391492
7,CA North,2011,Summer,130,1,373.3823225554111
7,CA North,2011,Summer,30,2,23.90098593790978
7,CA North,2011,Summer,40,4,93.90868577473448
7,CA North,2011,Summer,50,2,79.27675351632858
7,CA North,2011,Summer,60,6,364.85786107018333
7,CA North,2011,Summer,70,9,785.876821368418
7,CA North,2011,Summer,80,2,238.92544514475443
7,CA North,2017,Summer,90,3,472.5202207033223
7,CA North,2017,Summer,100,2,403.39684167139734
7,CA North,2017,Summer,110,1,252.26712072925892
7,CA North,2017,Summer,120,1,309.4276322847873
7,CA North,2017,Summer,10,11,9.973903985779604
7,CA North,2017,Summer,20,25,115.34509827159268
7,CA North,2017,Summer,30,43,513.8711976650603
7,CA North,2017,Summer,40,34,798.2238290852431
7,CA North,2017,Summer,50,26,1030.5977957122716
7,CA North,2017,Summer,60,14,851.3350091637611
7,CA North,2017,Summer,70,12,1047.8357618245573
7,CA North,2017,Summer,80,6,716.7763354342633
7,CA North,2020,Summer,90,5,787.5337011722038
7,CA North,2020,Summer,100,6,1210.190525014192
7,CA North,2020,Summer,110,1,252.26712072925892
7,CA North,2020,Summer,120,1,309.4276322847873
7,CA North,2020,Summer,130,1,373.3823225554111
7,CA North,2020,Summer,5,2,0.3563820789293734
7,CA North,2020,Summer,10,2,1.8134370883235644
7,CA North,2020,Summer,20,4,18.455215723454828
7,CA North,2020,Summer,30,17,203.15838047223315
7,CA North,2020,Summer,40,17,399.11191454262155
7,CA North,2020,Summer,50,19,753.1291584051215
7,CA North,2020,Summer,60,22,1337.8121572573389
7,CA North,2020,Summer,70,15,1309.7947022806966
7,CA North,2020,Summer,80,12,1433.5526708685265
2,CA North,2006,Summer,90,2,315.01348046888154
2,CA North,2006,Summer,110,1,252.26712072925892
2,CA North,2006,Summer,120,1,309.4276322847873
2,CA North,2006,Summer,5,6,1.0691462367881202
2,CA North,2006,Summer,10,93,84.32482460704574
2,CA North,2006,Summer,20,121,558.2702756345085
2,CA North,2006,Summer,30,48,573.6236625098347
2,CA North,2006,Summer,40,47,1103.4270578531302
2,CA North,2006,Summer,50,29,1149.5129259867645
2,CA North,2006,Summer,60,15,912.1446526754584
2,CA North,2006,Summer,70,5,436.59823409356557
2,CA North,2006,Summer,80,3,358.38816771713164
2,CA North,2006,Fall,10,12,10.880622529941387
2,CA North,2006,Fall,20,32,147.64172578763862
2,CA North,2006,Fall,30,31,370.4652820376016
2,CA North,2006,Fall,40,15,352.1575716552543
2,CA North,2006,Fall,50,9,356.7453908234786
2,CA North,2006,Fall,60,6,364.85786107018333
2,CA North,2006,Fall,70,5,436.59823409356557
2,CA North,2007,Summer,90,2,315.01348046888154
2,CA North,2007,Summer,100,1,201.69842083569867
2,CA North,2007,Summer,5,2,0.3563820789293734
2,CA North,2007,Summer,10,50,45.33592720808911
2,CA North,2007,Summer,20,138,636.7049424591916
2,CA North,2007,Summer,30,111,1326.5047195539928
2,CA North,2007,Summer,40,39,915.6096863036612
2,CA North,2007,Summer,50,19,753.1291584051215
2,CA North,2007,Summer,60,18,1094.57358321055
2,CA North,2007,Summer,70,4,349.27858727485244
2,CA North,2007,Summer,80,1,119.46272257237722
2,CA North,2007,Fall,90,6,945.0404414066446
2,CA North,2007,Fall,100,4,806.7936833427947
2,CA North,2007,Fall,110,2,504.53424145851784
2,CA North,2007,Fall,20,91,419.8561577085973
2,CA North,2007,Fall,30,147,1756.722466436369
2,CA North,2007,Fall,40,110,2582.488858805198
2,CA North,2007,Fall,50,45,1783.726954117393
2,CA North,2007,Fall,60,28,1702.6700183275223
2,CA North,2007,Fall,70,5,436.59823409356557
2,CA North,2007,Fall,80,13,1553.0153934409038
2,CA North,2008,Summer,90,4,630.0269609377631
2,CA North,2008,Summer,100,1,201.69842083569867
2,CA North,2008,Summer,110,1,252.26712072925892
2,CA North,2008,Summer,10,2,1.8134370883235644
2,CA North,2008,Summer,20,36,166.09694151109346
2,CA North,2008,Summer,30,105,1254.8017617402634
2,CA North,2008,Summer,40,65,1526.0161438394352
2,CA North,2008,Summer,50,39,1545.8966935684073
2,CA North,2008,Summer,60,14,851.3350091637611
2,CA North,2008,Summer,70,6,523.9178809122786
2,CA North,2008,Summer,80,3,358.38816771713164
2,CA North,2008,Fall,90,10,1575.0674023444076
2,CA North,2008,Fall,100,2,403.39684167139734
2,CA North,2008,Fall,110,3,756.8013621877767
2,CA North,2008,Fall,120,1,309.4276322847873
2,CA North,2008,Fall,10,10,9.067185441617822
2,CA North,2008,Fall,20,30,138.4141179259112
2,CA North,2008,Fall,30,23,274.86133828596246
2,CA North,2008,Fall,40,34,798.2238290852431
2,CA North,2008,Fall,50,33,1308.0664330194215
2,CA North,2008,Fall,60,23,1398.621800769036
2,CA North,2008,Fall,70,11,960.5161150058442
2,CA North,2008,Fall,80,20,2389.2544514475444
2,CA North,2009,Summer,90,4,630.0269609377631
2,CA North,2009,Summer,110,1,252.26712072925892
2,CA North,2009,Summer,20,6,27.68282358518224
2,CA North,2009,Summer,30,56,669.2276062614739
2,CA North,2009,Summer,40,118,2770.306230354667
2,CA North,2009,Summer,50,67,2655.7712427970077
2,CA North,2009,Summer,60,26,1581.0507313041278
2,CA North,2009,Summer,70,17,1484.433995918123
2,CA North,2009,Summer,80,4,477.85089028950887
2,CA North,2009,Fall,90,5,787.5337011722038
2,CA North,2009,Fall,100,1,201.69842083569867
2,CA North,2009,Fall,140,1,444.32280813915344
2,CA North,2009,Fall,20,1,4.613803930863707
2,CA North,2009,Fall,30,30,358.5147890686467
2,CA North,2009,Fall,40,71,1666.879172501537
2,CA North,2009,Fall,50,82,3250.346894169472
2,CA North,2009,Fall,60,44,2675.6243145146777
2,CA North,2009,Fall,70,22,1921.0322300116884
2,CA North,2009,Fall,80,15,1791.9408385856582
2,CA North,2010,Summer,90,2,315.01348046888154
2,CA North,2010,Summer,110,2,504.53424145851784
2,CA North,2010,Summer,30,10,119.5049296895489
2,CA North,2010,Summer,40,90,2112.9454299315257
2,CA North,2010,Summer,50,110,4360.221443398072
2,CA North,2010,Summer,60,43,2614.8146710029805
2,CA North,2010,Summer,70,28,2444.9501109239673
2,CA North,2010,Summer,80,5,597.3136128618861
2,CA North,2010,Fall,30,3,35.85147890686467
2,CA North,2010,Fall,40,49,1150.3814007404974
2,CA North,2010,Fall,50,120,4756.605210979715
2,CA North,2010,Fall,60,45,2736.433958026375
2,CA North,2010,Fall,70,10,873.1964681871311
2,CA North,2010,Fall,80,4,477.85089028950887
2,CA North,2011,Summer,90,1,157.50674023444077
2,CA North,2011,Summer,100,3,605.095262507096
2,CA North,2011,Summer,20,3,13.84141179259112
2,CA North,2011,Summer,30,8,95.60394375163912
2,CA North,2011,Summer,40,42,986.041200634712
2,CA North,2011,Summer,50,74,2933.2398801041577
2,CA North,2011,Summer,60,52,3162.1014626082556
2,CA North,2011,Summer,70,43,3754.744813204664
2,CA North,2011,Summer,80,13,1553.0153934409038
2,CA North,2011,Fall,90,12,1890.0808828132892
2,CA North,2011,Fall,100,5,1008.4921041784934
2,CA North,2011,Fall,110,1,252.26712072925892
2,CA North,2011,Fall,120,1,309.4276322847873
2,CA North,2011,Fall,20,4,18.455215723454828
2,CA North,2011,Fall,30,8,95.60394375163912
2,CA North,2011,Fall,40,20,469.5434288736724
2,CA North,2011,Fall,50,49,1942.2804611500503
2,CA North,2011,Fall,60,81,4925.581124447475
2,CA North,2011,Fall,70,64,5588.457396397639
2,CA North,2011,Fall,80,26,3106.0307868818077
2,CA North,2012,Summer,90,4,630.0269609377631
2,CA North,2012,Summer,100,3,605.095262507096
2,CA North,2012,Summer,110,1,252.26712072925892
2,CA North,2012,Summer,30,3,35.85147890686467
2,CA North,2012,Summer,40,14,328.68040021157066
2,CA North,2012,Summer,50,81,3210.7085174113076
2,CA North,2012,Summer,60,174,10580.877971035317
2,CA North,2012,Summer,70,118,10303.718324608148
2,CA North,2012,Summer,80,31,3703.344399743694
2,CA North,2012,Fall,90,13,2047.58762304773
2,CA North,2012,Fall,100,10,2016.9842083569868
2,CA North,2012,Fall,110,2,504.53424145851784
2,CA North,2012,Fall,120,2,618.8552645695746
2,CA North,2012,Fall,30,11,131.45542265850378
2,CA North,2012,Fall,40,24,563.4521146484069
2,CA North,2012,Fall,50,51,2021.557214666379
2,CA North,2012,Fall,60,56,3405.3400366550445
2,CA North,2012,Fall,70,53,4627.941281391795
2,CA North,2012,Fall,80,25,2986.5680643094306
2,CA North,2013,Summer,90,17,2677.614583985493
2,CA North,2013,Summer,100,7,1411.8889458498907
2,CA North,2013,Summer,110,5,1261.3356036462947
2,CA North,2013,Summer,120,1,309.4276322847873
2,CA North,2013,Summer,30,10,119.5049296895489
2,CA North,2013,Summer,40,18,422.5890859863052
2,CA North,2013,Summer,50,41,1625.173447084736
2,CA North,2013,Summer,60,49,2979.672532073164
2,CA North,2013,Summer,70,56,4889.9002218479345
2,CA North,2013,Summer,80,24,2867.105341737053
2,CA North,2013,Fall,90,33,5197.722427736546
2,CA North,2013,Fall,100,10,2016.9842083569868
2,CA North,2013,Fall,110,7,1765.8698451048124
2,CA North,2013,Fall,120,3,928.282896854362
2,CA North,2013,Fall,130,2,746.7646451108222
2,CA North,2013,Fall,150,1,522.431294473125
2,CA North,2013,Fall,40,13,305.2032287678871
2,CA North,2013,Fall,50,56,2219.7490984572005
2,CA North,2013,Fall,60,71,4317.484689330503
2,CA North,2013,Fall,70,77,6723.61280504091
2,CA North,2013,Fall,80,64,7645.614244632142
2,CA North,2014,Summer,90,19,2992.6280644543745
2,CA North,2014,Summer,100,8,1613.5873666855894
2,CA North,2014,Summer,110,5,1261.3356036462947
2,CA North,2014,Summer,120,2,618.8552645695746
2,CA North,2014,Summer,170,1,700.8403853069403
2,CA North,2014,Summer,20,3,13.84141179259112
2,CA North,2014,Summer,30,11,131.45542265850378
2,CA North,2014,Summer,40,11,258.2488858805198
2,CA North,2014,Summer,50,29,1149.5129259867645
2,CA North,2014,Summer,60,44,2675.6243145146777
2,CA North,2014,Summer,70,48,4191.343047298229
2,CA North,2014,Summer,80,27,3225.4935094541847
2,CA North,2014,Fall,90,4,630.0269609377631
2,CA North,2014,Fall,100,2,403.39684167139734
2,CA North,2014,Fall,110,1,252.26712072925892
2,CA North,2014,Fall,10,2,1.8134370883235644
2,CA North,2014,Fall,40,1,23.47717144368362
2,CA North,2014,Fall,50,5,198.19188379082146
2,CA North,2014,Fall,60,10,608.0964351169722
2,CA North,2014,Fall,70,14,1222.4750554619836
2,CA North,2014,Fall,80,7,836.2390580066406
2,CA North,2015,Summer,90,17,2677.614583985493
2,CA North,2015,Summer,100,7,1411.8889458498907
2,CA North,2015,Summer,110,5,1261.3356036462947
2,CA North,2015,Summer,120,2,618.8552645695746
2,CA North,2015,Summer,5,84,14.968047315033683
2,CA North,2015,Summer,10,166,150.51527833085584
2,CA North,2015,Summer,20,184,848.939923278922
2,CA North,2015,Summer,30,31,370.4652820376016
2,CA North,2015,Summer,40,10,234.7717144368362
2,CA North,2015,Summer,50,7,277.46863730715006
2,CA North,2015,Summer,60,7,425.66750458188056
2,CA North,2015,Summer,70,24,2095.6715236491145
2,CA North,2015,Summer,80,26,3106.0307868818077
2,CA North,2015,Fall,90,4,630.0269609377631
2,CA North,2015,Fall,100,2,403.39684167139734
2,CA North,2015,Fall,110,5,1261.3356036462947
2,CA North,2015,Fall,120,2,618.8552645695746
2,CA North,2015,Fall,5,38,6.771259499658095
2,CA North,2015,Fall,10,335,303.75071229419706
2,CA North,2015,Fall,20,252,1162.6785905776542
2,CA North,2015,Fall,30,75,896.2869726716168
2,CA North,2015,Fall,40,19,446.06625742998875
2,CA North,2015,Fall,50,5,198.19188379082146
2,CA North,2015,Fall,60,2,121.61928702339445
2,CA North,2015,Fall,70,5,436.59823409356557
2,CA North,2015,Fall,80,3,358.38816771713164
2,CA North,2016,Summer,90,5,787.5337011722038
2,CA North,2016,Summer,100,1,201.69842083569867
2,CA North,2016,Summer,110,1,252.26712072925892
2,CA North,2016,Summer,5,108,19.244632262186165
2,CA North,2016,Summer,10,239,216.70573205466596
2,CA North,2016,Summer,20,135,622.8635306666005
2,CA North,2016,Summer,30,41,489.9702117271505
2,CA North,2016,Summer,40,9,211.2945429931526
2,CA North,2016,Summer,50,4,158.55350703265717
2,CA North,2016,Summer,60,4,243.2385740467889
2,CA North,2016,Summer,70,1,87.31964681871311
2,CA North,2016,Summer,80,2,238.92544514475443
2,CA North,2016,Fall,5,52,9.265934052163708
2,CA North,2016,Fall,10,304,275.6424374251818
2,CA North,2016,Fall,20,190,876.6227468641043
2,CA North,2016,Fall,30,57,681.1780992304288
2,CA North,2016,Fall,40,5,117.3858572184181
2,CA North,2016,Fall,70,2,174.63929363742622
2,CA North,2016,Fall,80,2,238.92544514475443
2,CA North,2017,Summer,90,3,472.5202207033223
2,CA North,2017,Summer,5,17,3.029247670899674
2,CA North,2017,Summer,10,360,326.4186758982416
2,CA North,2017,Summer,20,167,770.5052564542391
2,CA North,2017,Summer,30,57,681.1780992304288
2,CA North,2017,Summer,40,20,469.5434288736724
2,CA North,2017,Summer,50,4,158.55350703265717
2,CA North,2017,Summer,70,7,611.2375277309918
2,CA North,2017,Summer,80,1,119.46272257237722
2,CA North,2018,Summer,90,3,472.5202207033223
2,CA North,2018,Summer,100,1,201.69842083569867
2,CA North,2018,Summer,110,3,756.8013621877767
2,CA North,2018,Summer,5,88,15.68081147289243
2,CA North,2018,Summer,10,181,164.11605649328257
2,CA North,2018,Summer,20,189,872.0089429332406
2,CA North,2018,Summer,30,89,1063.5938742369851
2,CA North,2018,Summer,40,26,610.4064575357742
2,CA North,2018,Summer,50,7,277.46863730715006
2,CA North,2018,Summer,60,2,121.61928702339445
2,CA North,2019,Summer,90,5,787.5337011722038
2,CA North,2019,Summer,5,101,17.997294985933358
2,CA North,2019,Summer,10,337,305.5641493825206
2,CA North,2019,Summer,20,265,1222.6580416788822
2,CA North,2019,Summer,30,78,932.1384515784814
2,CA North,2019,Summer,40,22,516.4977717610396
2,CA North,2019,Summer,50,6,237.83026054898573
2,CA North,2019,Summer,60,7,425.66750458188056
2,CA North,2019,Summer,70,10,873.1964681871311
2,CA North,2019,Summer,80,4,477.85089028950887
2,CA North,2020,Summer,90,2,315.01348046888154
2,CA North,2020,Summer,100,2,403.39684167139734
2,CA North,2020,Summer,5,49,8.731360933769649
2,CA North,2020,Summer,10,321,291.05665267593207
2,CA North,2020,Summer,20,276,1273.4098849183831
2,CA North,2020,Summer,30,120,1434.0591562745867
2,CA North,2020,Summer,40,45,1056.4727149657629
2,CA North,2020,Summer,50,15,594.5756513724643
2,CA North,2020,Summer,60,9,547.286791605275
2,CA North,2020,Summer,70,10,873.1964681871311
2,CA North,2020,Summer,80,5,597.3136128618861
2,CA North,2021,Summer,90,3,472.5202207033223
2,CA North,2021,Summer,100,1,201.69842083569867
2,CA North,2021,Summer,110,1,252.26712072925892
2,CA North,2021,Summer,120,1,309.4276322847873
2,CA North,2021,Summer,5,16,2.851056631434987
2,CA North,2021,Summer,10,208,188.5974571856507
2,CA North,2021,Summer,20,263,1213.4304338171548
2,CA North,2021,Summer,30,153,1828.425424250098
2,CA North,2021,Summer,40,45,1056.4727149657629
2,CA North,2021,Summer,50,24,951.3210421959429
2,CA North,2021,Summer,60,11,668.9060786286694
2,CA North,2021,Summer,70,10,873.1964681871311
2,CA North,2021,Summer,80,2,238.92544514475443
2,CA North,2022,Summer,90,5,787.5337011722038
2,CA North,2022,Summer,100,2,403.39684167139734
2,CA North,2022,Summer,110,2,504.53424145851784
2,CA North,2022,Summer,120,2,618.8552645695746
2,CA North,2022,Summer,150,1,522.431294473125
2,CA North,2022,Summer,10,161,145.98168561004692
2,CA North,2022,Summer,20,289,1333.3893360196114
2,CA North,2022,Summer,30,144,1720.8709875295042
2,CA North,2022,Summer,40,30,704.3151433105086
2,CA North,2022,Summer,50,31,1228.789679503093
2,CA North,2022,Summer,60,23,1398.621800769036
2,CA North,2022,Summer,70,15,1309.7947022806966
2,CA North,2022,Summer,80,7,836.2390580066406
2,CA North,2023,Summer,90,8,1260.0539218755262
2,CA North,2023,Summer,100,3,605.095262507096
2,CA North,2023,Summer,110,4,1009.0684829170357
2,CA North,2023,Summer,120,4,1237.7105291391492
2,CA North,2023,Summer,130,3,1120.1469676662334
2,CA North,2023,Summer,5,9,1.6037193551821802
2,CA North,2023,Summer,10,201,182.25042737651822
2,CA North,2023,Summer,20,218,1005.809256928288
2,CA North,2023,Summer,30,81,967.9899304853461
2,CA North,2023,Summer,40,41,962.5640291910285
2,CA North,2023,Summer,50,22,872.0442886796144
2,CA North,2023,Summer,60,26,1581.0507313041278
2,CA North,2023,Summer,70,19,1659.073289555549
2,CA North,2023,Summer,80,9,1075.164503151395
2,CA North,2024,Summer,90,14,2205.094363282171
2,CA North,2024,Summer,100,11,2218.6826291926855
2,CA North,2024,Summer,110,1,252.26712072925892
2,CA North,2024,Summer,120,1,309.4276322847873
2,CA North,2024,Summer,130,1,373.3823225554111
2,CA North,2024,Summer,5,35,6.236686381264034
2,CA North,2024,Summer,10,105,95.20544713698713
2,CA North,2024,Summer,20,145,669.0015699752375
2,CA North,2024,Summer,30,79,944.0889445474363
2,CA North,2024,Summer,40,30,704.3151433105086
2,CA North,2024,Summer,50,14,554.9372746143001
2,CA North,2024,Summer,60,15,912.1446526754584
2,CA North,2024,Summer,70,15,1309.7947022806966
2,CA North,2024,Summer,80,13,1553.0153934409038
2,CA North,2004,Summer,90,10,1575.0674023444076
2,CA North,2004,Summer,100,5,1008.4921041784934
2,CA North,2004,Summer,110,1,252.26712072925892
2,CA North,2004,Summer,120,2,618.8552645695746
2,CA North,2004,Summer,10,4,3.626874176647129
2,CA North,2004,Summer,20,20,92.27607861727414
2,CA North,2004,Summer,30,88,1051.6433812680302
2,CA North,2004,Summer,40,136,3192.8953163409724
2,CA North,2004,Summer,50,89,3527.815531476622
2,CA North,2004,Summer,60,63,3831.007541236925
2,CA North,2004,Summer,70,32,2794.2286981988195
2,CA North,2004,Summer,80,22,2628.179896592299
2,CA North,2005,Fall,5,1,0.1781910394646867
2,CA North,2005,Fall,10,30,27.201556324853467
2,CA North,2005,Fall,20,31,143.02792185677492
2,CA North,2005,Fall,30,23,274.86133828596246
2,CA North,2005,Fall,40,39,915.6096863036612
2,CA North,2005,Fall,50,20,792.7675351632859
2,CA North,2005,Fall,60,12,729.7157221403667
2,CA North,2005,Fall,70,9,785.876821368418
2,CA North,2005,Fall,80,3,358.38816771713164
1,OR,2006,Summer,90,70,11025.471816410854
1,OR,2006,Summer,100,80,16135.873666855894
1,OR,2006,Summer,110,51,12865.623157192205
1,OR,2006,Summer,120,50,15471.381614239366
1,OR,2006,Summer,130,22,8214.411096219044
1,OR,2006,Summer,140,17,7553.4877383656085
1,OR,2006,Summer,150,15,7836.469417096876
1,OR,2006,Summer,160,5,3039.4083287755584
1,OR,2006,Summer,170,1,700.8403853069403
1,OR,2006,Summer,180,2,1602.9344980541816
1,OR,2006,Summer,200,1,1026.3349888371813
1,OR,2006,Summer,20,3,13.84141179259112
1,OR,2006,Summer,30,16,191.20788750327824
1,OR,2006,Summer,40,50,1173.858572184181
1,OR,2006,Summer,50,83,3289.985270927636
1,OR,2006,Summer,60,92,5594.487203076144
1,OR,2006,Summer,70,97,8470.005741415172
1,OR,2006,Summer,80,80,9557.017805790178
1,OR,2007,Summer,90,29,4567.695466798782
1,OR,2007,Summer,100,55,11093.413145963426
1,OR,2007,Summer,110,39,9838.417708441099
1,OR,2007,Summer,120,32,9901.684233113194
1,OR,2007,Summer,130,12,4480.587870664934
1,OR,2007,Summer,140,8,3554.5824651132275
1,OR,2007,Summer,150,5,2612.156472365625
1,OR,2007,Summer,160,5,3039.4083287755584
1,OR,2007,Summer,170,1,700.8403853069403
1,OR,2007,Summer,10,1,0.9067185441617822
1,OR,2007,Summer,200,1,1026.3349888371813
1,OR,2007,Summer,20,5,23.069019654318534
1,OR,2007,Summer,30,12,143.40591562745868
1,OR,2007,Summer,40,17,399.11191454262155
1,OR,2007,Summer,50,25,990.9594189541073
1,OR,2007,Summer,60,44,2675.6243145146777
1,OR,2007,Summer,70,48,4191.343047298229
1,OR,2007,Summer,80,53,6331.524296335992
1,OR,2008,Summer,90,39,6142.76286914319
1,OR,2008,Summer,100,44,8874.730516770742
1,OR,2008,Summer,110,39,9838.417708441099
1,OR,2008,Summer,120,34,10520.539497682768
1,OR,2008,Summer,130,9,3360.4409029987
1,OR,2008,Summer,140,14,6220.519313948148
1,OR,2008,Summer,150,11,5746.744239204376
1,OR,2008,Summer,160,2,1215.7633315102235
1,OR,2008,Summer,170,1,700.8403853069403
1,OR,2008,Summer,190,1,909.9160230566235
1,OR,2008,Summer,20,5,23.069019654318534
1,OR,2008,Summer,30,11,131.45542265850378
1,OR,2008,Summer,40,17,399.11191454262155
1,OR,2008,Summer,50,29,1149.5129259867645
1,OR,2008,Summer,60,30,1824.2893053509167
1,OR,2008,Summer,70,37,3230.826932292385
1,OR,2008,Summer,80,40,4778.508902895089
1,OR,2009,Summer,90,29,4567.695466798782
1,OR,2009,Summer,100,32,6454.349466742357
1,OR,2009,Summer,110,45,11352.020432816651
1,OR,2009,Summer,120,19,5879.125013410959
1,OR,2009,Summer,130,17,6347.4994834419895
1,OR,2009,Summer,140,13,5776.1965058089945
1,OR,2009,Summer,150,6,3134.58776683875
1,OR,2009,Summer,160,4,2431.526663020447
1,OR,2009,Summer,170,1,700.8403853069403
1,OR,2009,Summer,180,1,801.4672490270908
1,OR,2009,Summer,30,2,23.90098593790978
1,OR,2009,Summer,40,15,352.1575716552543
1,OR,2009,Summer,50,8,317.10701406531433
1,OR,2009,Summer,60,26,1581.0507313041278
1,OR,2009,Summer,70,25,2182.991170467828
1,OR,2009,Summer,80,29,3464.4189545989393
1,OR,2010,Summer,90,40,6300.26960937763
1,OR,2010,Summer,100,26,5244.158941728166
1,OR,2010,Summer,110,28,7063.4793804192495
1,OR,2010,Summer,120,27,8354.546071689258
1,OR,2010,Summer,130,14,5227.352515775756
1,OR,2010,Summer,140,4,1777.2912325566137
1,OR,2010,Summer,150,5,2612.156472365625
1,OR,2010,Summer,160,5,3039.4083287755584
1,OR,2010,Summer,40,2,46.95434288736724
1,OR,2010,Summer,50,16,634.2140281306287
1,OR,2010,Summer,60,23,1398.621800769036
1,OR,2010,Summer,70,27,2357.630464105254
1,OR,2010,Summer,80,42,5017.434348039843
1,OR,2011,Summer,90,16,2520.1078437510523
1,OR,2011,Summer,100,25,5042.460520892467
1,OR,2011,Summer,110,12,3027.205448751107
1,OR,2011,Summer,120,28,8663.973703974045
1,OR,2011,Summer,130,17,6347.4994834419895
1,OR,2011,Summer,140,10,4443.228081391534
1,OR,2011,Summer,150,12,6269.1755336775
1,OR,2011,Summer,160,6,3647.2899945306704
1,OR,2011,Summer,170,2,1401.6807706138807
1,OR,2011,Summer,180,1,801.4672490270908
1,OR,2011,Summer,30,2,23.90098593790978
1,OR,2011,Summer,40,3,70.43151433105086
1,OR,2011,Summer,50,12,475.66052109797147
1,OR,2011,Summer,60,16,972.9542961871556
1,OR,2011,Summer,70,19,1659.073289555549
1,OR,2011,Summer,80,31,3703.344399743694
1,OR,2012,Summer,90,27,4252.681986329901
1,OR,2012,Summer,100,29,5849.254204235262
1,OR,2012,Summer,110,31,7820.280742607027
1,OR,2012,Summer,120,35,10829.967129967556
1,OR,2012,Summer,130,31,11574.851999217744
1,OR,2012,Summer,140,11,4887.5508895306875
1,OR,2012,Summer,150,9,4701.881650258125
1,OR,2012,Summer,160,3,1823.6449972653352
1,OR,2012,Summer,170,2,1401.6807706138807
1,OR,2012,Summer,180,2,1602.9344980541816
1,OR,2012,Summer,230,1,1424.8230310926651
1,OR,2012,Summer,40,3,70.43151433105086
1,OR,2012,Summer,60,18,1094.57358321055
1,OR,2012,Summer,70,17,1484.433995918123
1,OR,2012,Summer,80,30,3583.8816771713164
1,OR,2013,Summer,90,33,5197.722427736546
1,OR,2013,Summer,100,40,8067.936833427947
1,OR,2013,Summer,110,30,7568.013621877768
1,OR,2013,Summer,120,29,8973.401336258832
1,OR,2013,Summer,130,9,3360.4409029987
1,OR,2013,Summer,140,12,5331.873697669841
1,OR,2013,Summer,150,10,5224.31294473125
1,OR,2013,Summer,160,3,1823.6449972653352
1,OR,2013,Summer,170,1,700.8403853069403
1,OR,2013,Summer,190,1,909.9160230566235
1,OR,2013,Summer,20,1,4.613803930863707
1,OR,2013,Summer,30,2,23.90098593790978
1,OR,2013,Summer,40,8,187.81737154946896
1,OR,2013,Summer,50,21,832.4059119214501
1,OR,2013,Summer,60,33,2006.7182358860084
1,OR,2013,Summer,70,29,2532.26975774268
1,OR,2013,Summer,80,39,4659.046180322712
1,OR,2014,Summer,90,5,787.5337011722038
1,OR,2014,Summer,100,5,1008.4921041784934
1,OR,2014,Summer,110,7,1765.8698451048124
1,OR,2014,Summer,120,6,1856.565793708724
1,OR,2014,Summer,130,1,373.3823225554111
1,OR,2014,Summer,140,2,888.6456162783069
1,OR,2014,Summer,180,1,801.4672490270908
1,OR,2014,Summer,50,4,158.55350703265717
1,OR,2014,Summer,60,2,121.61928702339445
1,OR,2014,Summer,70,5,436.59823409356557
1,OR,2014,Summer,80,10,1194.6272257237722
1,OR,2015,Summer,90,1,157.50674023444077
1,OR,2015,Summer,100,10,2016.9842083569868
1,OR,2015,Summer,110,5,1261.3356036462947
1,OR,2015,Summer,120,8,2475.4210582782985
1,OR,2015,Summer,130,7,2613.676257887878
1,OR,2015,Summer,5,6,1.0691462367881202
1,OR,2015,Summer,150,2,1044.86258894625
1,OR,2015,Summer,10,60,54.403112649706934
1,OR,2015,Summer,20,47,216.84878475059423
1,OR,2015,Summer,30,23,274.86133828596246
1,OR,2015,Summer,40,5,117.3858572184181
1,OR,2015,Summer,50,2,79.27675351632858
1,OR,2015,Summer,60,3,182.42893053509167
1,OR,2015,Summer,70,7,611.2375277309918
1,OR,2015,Summer,80,6,716.7763354342633
1,OR,2016,Summer,90,5,787.5337011722038
1,OR,2016,Summer,100,3,605.095262507096
1,OR,2016,Summer,110,2,504.53424145851784
1,OR,2016,Summer,120,5,1547.1381614239365
1,OR,2016,Summer,130,2,746.7646451108222
1,OR,2016,Summer,5,7,1.247337276252807
1,OR,2016,Summer,150,1,522.431294473125
1,OR,2016,Summer,160,1,607.8816657551117
1,OR,2016,Summer,180,1,801.4672490270908
1,OR,2016,Summer,10,53,48.056082840574454
1,OR,2016,Summer,20,75,346.035294814778
1,OR,2016,Summer,30,43,513.8711976650603
1,OR,2016,Summer,40,21,493.020600317356
1,OR,2016,Summer,50,16,634.2140281306287
1,OR,2016,Summer,60,11,668.9060786286694
1,OR,2016,Summer,70,4,349.27858727485244
1,OR,2016,Summer,80,2,238.92544514475443
1,OR,2017,Summer,90,2,315.01348046888154
1,OR,2017,Summer,100,6,1210.190525014192
1,OR,2017,Summer,110,3,756.8013621877767
1,OR,2017,Summer,120,5,1547.1381614239365
1,OR,2017,Summer,130,5,1866.9116127770556
1,OR,2017,Summer,140,2,888.6456162783069
1,OR,2017,Summer,5,4,0.7127641578587468
1,OR,2017,Summer,150,3,1567.293883419375
1,OR,2017,Summer,160,1,607.8816657551117
1,OR,2017,Summer,170,2,1401.6807706138807
1,OR,2017,Summer,10,17,15.414215250750297
1,OR,2017,Summer,20,57,262.9868240592313
1,OR,2017,Summer,30,54,645.326620323564
1,OR,2017,Summer,40,39,915.6096863036612
1,OR,2017,Summer,50,21,832.4059119214501
1,OR,2017,Summer,60,15,912.1446526754584
1,OR,2017,Summer,70,6,523.9178809122786
1,OR,2017,Summer,80,19,2269.7917288751673
1,OR,2018,Summer,90,8,1260.0539218755262
1,OR,2018,Summer,100,11,2218.6826291926855
1,OR,2018,Summer,110,4,1009.0684829170357
1,OR,2018,Summer,120,3,928.282896854362
1,OR,2018,Summer,130,2,746.7646451108222
1,OR,2018,Summer,140,3,1332.9684244174603
1,OR,2018,Summer,5,3,0.5345731183940601
1,OR,2018,Summer,150,2,1044.86258894625
1,OR,2018,Summer,160,1,607.8816657551117
1,OR,2018,Summer,170,1,700.8403853069403
1,OR,2018,Summer,180,1,801.4672490270908
1,OR,2018,Summer,10,8,7.253748353294258
1,OR,2018,Summer,200,1,1026.3349888371813
1,OR,2018,Summer,20,51,235.30400047404905
1,OR,2018,Summer,30,82,979.940423454301
1,OR,2018,Summer,40,71,1666.879172501537
1,OR,2018,Summer,50,64,2536.8561125225146
1,OR,2018,Summer,60,31,1885.098948862614
1,OR,2018,Summer,70,31,2706.9090513801066
1,OR,2018,Summer,80,16,1911.4035611580355
1,OR,2019,Summer,90,17,2677.614583985493
1,OR,2019,Summer,100,14,2823.7778916997813
1,OR,2019,Summer,110,5,1261.3356036462947
1,OR,2019,Summer,120,6,1856.565793708724
1,OR,2019,Summer,130,1,373.3823225554111
1,OR,2019,Summer,140,1,444.32280813915344
1,OR,2019,Summer,5,3,0.5345731183940601
1,OR,2019,Summer,150,2,1044.86258894625
1,OR,2019,Summer,160,2,1215.7633315102235
1,OR,2019,Summer,170,1,700.8403853069403
1,OR,2019,Summer,180,3,2404.4017470812723
1,OR,2019,Summer,10,6,5.440311264970694
1,OR,2019,Summer,20,30,138.4141179259112
1,OR,2019,Summer,30,76,908.2374656405716
1,OR,2019,Summer,40,69,1619.9248296141698
1,OR,2019,Summer,50,45,1783.726954117393
1,OR,2019,Summer,60,31,1885.098948862614
1,OR,2019,Summer,70,31,2706.9090513801066
1,OR,2019,Summer,80,13,1553.0153934409038
1,OR,2021,Summer,90,22,3465.148285157697
1,OR,2021,Summer,100,10,2016.9842083569868
1,OR,2021,Summer,110,8,2018.1369658340714
1,OR,2021,Summer,120,8,2475.4210582782985
1,OR,2021,Summer,130,6,2240.293935332467
1,OR,2021,Summer,140,3,1332.9684244174603
1,OR,2021,Summer,5,1,0.1781910394646867
1,OR,2021,Summer,150,2,1044.86258894625
1,OR,2021,Summer,160,1,607.8816657551117
1,OR,2021,Summer,170,2,1401.6807706138807
1,OR,2021,Summer,10,17,15.414215250750297
1,OR,2021,Summer,20,51,235.30400047404905
1,OR,2021,Summer,30,63,752.8810570441581
1,OR,2021,Summer,40,63,1479.061800952068
1,OR,2021,Summer,50,59,2338.664228731693
1,OR,2021,Summer,60,46,2797.243601538072
1,OR,2021,Summer,70,30,2619.589404561393
1,OR,2021,Summer,80,28,3344.9562320265622
1,OR,2022,Summer,90,35,5512.735908205427
1,OR,2022,Summer,100,26,5244.158941728166
1,OR,2022,Summer,110,32,8072.547863336285
1,OR,2022,Summer,120,26,8045.11843940447
1,OR,2022,Summer,130,13,4853.970193220344
1,OR,2022,Summer,140,7,3110.259656974074
1,OR,2022,Summer,150,5,2612.156472365625
1,OR,2022,Summer,160,2,1215.7633315102235
1,OR,2022,Summer,10,2,1.8134370883235644
1,OR,2022,Summer,200,1,1026.3349888371813
1,OR,2022,Summer,20,24,110.73129434072897
1,OR,2022,Summer,30,29,346.56429609969183
1,OR,2022,Summer,40,47,1103.4270578531302
1,OR,2022,Summer,50,42,1664.8118238429001
1,OR,2022,Summer,60,48,2918.8628885614667
1,OR,2022,Summer,70,63,5501.137749578926
1,OR,2022,Summer,80,54,6450.9870189083695
1,OR,2023,Summer,90,39,6142.76286914319
1,OR,2023,Summer,100,39,7866.238412592248
1,OR,2023,Summer,110,16,4036.2739316681427
1,OR,2023,Summer,120,21,6497.980277980533
1,OR,2023,Summer,130,12,4480.587870664934
1,OR,2023,Summer,140,1,444.32280813915344
1,OR,2023,Summer,5,7,1.247337276252807
1,OR,2023,Summer,150,5,2612.156472365625
1,OR,2023,Summer,170,3,2102.521155920821
1,OR,2023,Summer,180,4,3205.8689961083633
1,OR,2023,Summer,10,20,18.134370883235643
1,OR,2023,Summer,20,32,147.64172578763862
1,OR,2023,Summer,30,45,537.77218360297
1,OR,2023,Summer,40,29,680.837971866825
1,OR,2023,Summer,50,25,990.9594189541073
1,OR,2023,Summer,60,24,1459.4314442807333
1,OR,2023,Summer,70,37,3230.826932292385
1,OR,2023,Summer,80,37,4420.120735177957
1,OR,2024,Summer,90,31,4882.7089472676635
1,OR,2024,Summer,100,23,4639.06367922107
1,OR,2024,Summer,110,12,3027.205448751107
1,OR,2024,Summer,120,18,5569.697381126171
1,OR,2024,Summer,130,5,1866.9116127770556
1,OR,2024,Summer,140,2,888.6456162783069
1,OR,2024,Summer,5,8,1.4255283157174936
1,OR,2024,Summer,150,2,1044.86258894625
1,OR,2024,Summer,10,49,44.42920866392733
1,OR,2024,Summer,20,47,216.84878475059423
1,OR,2024,Summer,30,31,370.4652820376016
1,OR,2024,Summer,40,35,821.7010005289267
1,OR,2024,Summer,50,42,1664.8118238429001
1,OR,2024,Summer,60,31,1885.098948862614
1,OR,2024,Summer,70,64,5588.457396397639
1,OR,2024,Summer,80,39,4659.046180322712
1,OR,2001,Summer,90,13,2047.58762304773
1,OR,2001,Summer,100,19,3832.2699958782746
1,OR,2001,Summer,110,14,3531.7396902096248
1,OR,2001,Summer,120,11,3403.70395513266
1,OR,2001,Summer,130,10,3733.823225554111
1,OR,2001,Summer,150,1,522.431294473125
1,OR,2001,Summer,180,1,801.4672490270908
1,OR,2001,Summer,190,1,909.9160230566235
1,OR,2001,Summer,20,17,78.43466682468302
1,OR,2001,Summer,30,28,334.6138031307369
1,OR,2001,Summer,40,28,657.3608004231413
1,OR,2001,Summer,50,7,277.46863730715006
1,OR,2001,Summer,60,21,1277.0025137456416
1,OR,2001,Summer,70,12,1047.8357618245573
1,OR,2001,Summer,80,15,1791.9408385856582
1,OR,2002,Summer,90,17,2677.614583985493
1,OR,2002,Summer,100,23,4639.06367922107
1,OR,2002,Summer,110,24,6054.410897502214
1,OR,2002,Summer,120,18,5569.697381126171
1,OR,2002,Summer,130,8,2987.058580443289
1,OR,2002,Summer,140,4,1777.2912325566137
1,OR,2002,Summer,150,6,3134.58776683875
1,OR,2002,Summer,160,4,2431.526663020447
1,OR,2002,Summer,170,2,1401.6807706138807
1,OR,2002,Summer,20,8,36.910431446909655
1,OR,2002,Summer,30,22,262.91084531700756
1,OR,2002,Summer,40,43,1009.5183720783956
1,OR,2002,Summer,50,18,713.4907816469572
1,OR,2002,Summer,60,23,1398.621800769036
1,OR,2002,Summer,70,24,2095.6715236491145
1,OR,2002,Summer,80,22,2628.179896592299
1,OR,2003,Summer,90,36,5670.2426484398675
1,OR,2003,Summer,100,27,5445.857362563864
1,OR,2003,Summer,110,26,6558.945138960732
1,OR,2003,Summer,120,9,2784.8486905630857
1,OR,2003,Summer,130,2,746.7646451108222
1,OR,2003,Summer,140,9,3998.905273252381
1,OR,2003,Summer,150,7,3657.0190613118752
1,OR,2003,Summer,160,3,1823.6449972653352
1,OR,2003,Summer,170,1,700.8403853069403
1,OR,2003,Summer,180,2,1602.9344980541816
1,OR,2003,Summer,190,1,909.9160230566235
1,OR,2003,Summer,200,1,1026.3349888371813
1,OR,2003,Summer,20,10,46.13803930863707
1,OR,2003,Summer,30,24,286.81183125491737
1,OR,2003,Summer,40,47,1103.4270578531302
1,OR,2003,Summer,50,43,1704.4502006010646
1,OR,2003,Summer,60,52,3162.1014626082556
1,OR,2003,Summer,70,32,2794.2286981988195
1,OR,2003,Summer,80,28,3344.9562320265622
1,OR,2004,Summer,90,47,7402.816791018716
1,OR,2004,Summer,100,68,13715.492616827509
1,OR,2004,Summer,110,44,11099.753312087392
1,OR,2004,Summer,120,19,5879.125013410959
1,OR,2004,Summer,130,15,5600.734838331166
1,OR,2004,Summer,140,4,1777.2912325566137
1,OR,2004,Summer,150,4,2089.7251778925
1,OR,2004,Summer,160,3,1823.6449972653352
1,OR,2004,Summer,190,3,2729.7480691698706
1,OR,2004,Summer,200,1,1026.3349888371813
1,OR,2004,Summer,20,6,27.68282358518224
1,OR,2004,Summer,30,36,430.21774688237605
1,OR,2004,Summer,40,79,1854.696544051006
1,OR,2004,Summer,50,102,4043.114429332758
1,OR,2004,Summer,60,117,7114.728290868576
1,OR,2004,Summer,70,94,8208.046800959033
1,OR,2004,Summer,80,76,9079.16691550067
1,OR,2005,Summer,90,28,4410.188726564342
1,OR,2005,Summer,100,8,1613.5873666855894
1,OR,2005,Summer,110,11,2774.938328021848
1,OR,2005,Summer,120,9,2784.8486905630857
1,OR,2005,Summer,130,3,1120.1469676662334
1,OR,2005,Summer,140,2,888.6456162783069
1,OR,2005,Summer,150,1,522.431294473125
1,OR,2005,Summer,170,1,700.8403853069403
1,OR,2005,Summer,10,2,1.8134370883235644
1,OR,2005,Summer,20,9,41.524235377773365
1,OR,2005,Summer,30,18,215.10887344118802
1,OR,2005,Summer,40,53,1244.290086515232
1,OR,2005,Summer,50,88,3488.1771547184576
1,OR,2005,Summer,60,95,5776.916133611237
1,OR,2005,Summer,70,62,5413.818102760213
1,OR,2005,Summer,80,42,5017.434348039843
10,CA North,2010,Summer,90,2,315.01348046888154
10,CA North,2010,Summer,100,1,201.69842083569867
10,CA North,2010,Summer,30,1,11.95049296895489
10,CA North,2010,Summer,40,2,46.95434288736724
10,CA North,2010,Summer,50,4,158.55350703265717
10,CA North,2010,Summer,60,2,121.61928702339445
10,CA North,2010,Summer,70,4,349.27858727485244
10,CA North,2010,Summer,80,2,238.92544514475443
10,CA North,2011,Summer,90,3,472.5202207033223
10,CA North,2011,Summer,110,1,252.26712072925892
10,CA North,2011,Summer,120,2,618.8552645695746
10,CA North,2011,Summer,50,3,118.91513027449287
10,CA North,2017,Summer,90,4,630.0269609377631
10,CA North,2017,Summer,110,1,252.26712072925892
10,CA North,2017,Summer,120,1,309.4276322847873
10,CA North,2017,Summer,40,11,258.2488858805198
10,CA North,2017,Summer,50,6,237.83026054898573
10,CA North,2017,Summer,60,10,608.0964351169722
10,CA North,2017,Summer,70,9,785.876821368418
10,CA North,2017,Summer,80,2,238.92544514475443
10,CA North,2019,Summer,90,6,945.0404414066446
10,CA North,2019,Summer,100,5,1008.4921041784934
10,CA North,2019,Summer,110,11,2774.938328021848
10,CA North,2019,Summer,120,4,1237.7105291391492
10,CA North,2019,Summer,130,1,373.3823225554111
10,CA North,2019,Summer,40,3,70.43151433105086
10,CA North,2019,Summer,60,5,304.0482175584861
10,CA North,2019,Summer,70,9,785.876821368418
10,CA North,2019,Summer,80,8,955.7017805790177
10,CA North,2020,Summer,90,4,630.0269609377631
10,CA North,2020,Summer,100,7,1411.8889458498907
10,CA North,2020,Summer,110,6,1513.6027243755534
10,CA North,2020,Summer,120,4,1237.7105291391492
10,CA North,2020,Summer,130,5,1866.9116127770556
10,CA North,2020,Summer,10,2,1.8134370883235644
10,CA North,2020,Summer,50,1,39.63837675816429
10,CA North,2020,Summer,60,5,304.0482175584861
10,CA North,2020,Summer,70,8,698.5571745497049
10,CA North,2020,Summer,80,5,597.3136128618861
10,CA North,2021,Summer,90,3,472.5202207033223
10,CA North,2021,Summer,100,8,1613.5873666855894
10,CA North,2021,Summer,110,9,2270.40408656333
10,CA North,2021,Summer,120,7,2165.993425993511
10,CA North,2021,Summer,130,2,746.7646451108222
10,CA North,2021,Summer,140,3,1332.9684244174603
10,CA North,2021,Summer,10,2,1.8134370883235644
10,CA North,2021,Summer,20,5,23.069019654318534
10,CA North,2021,Summer,30,15,179.25739453432334
10,CA North,2021,Summer,40,7,164.34020010578533
10,CA North,2021,Summer,50,4,158.55350703265717
10,CA North,2021,Summer,60,3,182.42893053509167
10,CA North,2021,Summer,70,4,349.27858727485244
10,CA North,2021,Summer,80,6,716.7763354342633
10,CA North,2022,Summer,90,10,1575.0674023444076
10,CA North,2022,Summer,100,5,1008.4921041784934
10,CA North,2022,Summer,110,7,1765.8698451048124
10,CA North,2022,Summer,120,3,928.282896854362
10,CA North,2022,Summer,30,1,11.95049296895489
10,CA North,2022,Summer,40,4,93.90868577473448
10,CA North,2022,Summer,50,3,118.91513027449287
10,CA North,2022,Summer,60,6,364.85786107018333
10,CA North,2022,Summer,70,1,87.31964681871311
10,CA North,2022,Summer,80,8,955.7017805790177
10,CA North,2023,Summer,90,4,630.0269609377631
10,CA North,2023,Summer,100,7,1411.8889458498907
10,CA North,2023,Summer,110,4,1009.0684829170357
10,CA North,2023,Summer,120,6,1856.565793708724
10,CA North,2023,Summer,130,1,373.3823225554111
10,CA North,2023,Summer,30,2,23.90098593790978
10,CA North,2023,Summer,40,12,281.72605732420345
10,CA North,2023,Summer,50,12,475.66052109797147
10,CA North,2023,Summer,60,14,851.3350091637611
10,CA North,2023,Summer,70,18,1571.753642736836
10,CA North,2023,Summer,80,8,955.7017805790177
10,CA North,2024,Summer,90,5,787.5337011722038
10,CA North,2024,Summer,100,4,806.7936833427947
10,CA North,2024,Summer,110,2,504.53424145851784
10,CA North,2024,Summer,120,1,309.4276322847873
10,CA North,2024,Summer,130,3,1120.1469676662334
10,CA North,2024,Summer,30,2,23.90098593790978
10,CA North,2024,Summer,40,2,46.95434288736724
10,CA North,2024,Summer,50,2,79.27675351632858
10,CA North,2024,Summer,60,3,182.42893053509167
10,CA North,2024,Summer,70,7,611.2375277309918
10,CA North,2024,Summer,80,2,238.92544514475443
17,CA Central,2007,Fall,90,30,4725.202207033223
17,CA Central,2007,Fall,100,25,5042.460520892467
17,CA Central,2007,Fall,110,22,5549.876656043696
17,CA Central,2007,Fall,120,10,3094.276322847873
17,CA Central,2007,Fall,130,3,1120.1469676662334
17,CA Central,2007,Fall,150,1,522.431294473125
17,CA Central,2007,Fall,10,2,1.8134370883235644
17,CA Central,2007,Fall,20,5,23.069019654318534
17,CA Central,2007,Fall,30,8,95.60394375163912
17,CA Central,2007,Fall,40,7,164.34020010578533
17,CA Central,2007,Fall,50,6,237.83026054898573
17,CA Central,2007,Fall,60,9,547.286791605275
17,CA Central,2007,Fall,70,16,1397.1143490994098
17,CA Central,2007,Fall,80,30,3583.8816771713164
17,CA Central,2008,Spring,90,27,4252.681986329901
17,CA Central,2008,Spring,100,26,5244.158941728166
17,CA Central,2008,Spring,110,5,1261.3356036462947
17,CA Central,2008,Spring,120,5,1547.1381614239365
17,CA Central,2008,Spring,150,1,522.431294473125
17,CA Central,2008,Spring,20,4,18.455215723454828
17,CA Central,2008,Spring,30,10,119.5049296895489
17,CA Central,2008,Spring,40,8,187.81737154946896
17,CA Central,2008,Spring,50,10,396.3837675816429
17,CA Central,2008,Spring,60,16,972.9542961871556
17,CA Central,2008,Spring,70,22,1921.0322300116884
17,CA Central,2008,Spring,80,19,2269.7917288751673
17,CA Central,2009,Spring,90,24,3780.1617656265785
17,CA Central,2009,Spring,100,28,5647.555783399563
17,CA Central,2009,Spring,110,9,2270.40408656333
17,CA Central,2009,Spring,120,4,1237.7105291391492
17,CA Central,2009,Spring,130,1,373.3823225554111
17,CA Central,2009,Spring,140,1,444.32280813915344
17,CA Central,2009,Spring,30,2,23.90098593790978
17,CA Central,2009,Spring,40,4,93.90868577473448
17,CA Central,2009,Spring,50,7,277.46863730715006
17,CA Central,2009,Spring,60,11,668.9060786286694
17,CA Central,2009,Spring,70,6,523.9178809122786
17,CA Central,2009,Spring,80,32,3822.807122316071
17,CA Central,2011,Fall,90,14,2205.094363282171
17,CA Central,2011,Fall,100,19,3832.2699958782746
17,CA Central,2011,Fall,110,17,4288.5410523974015
17,CA Central,2011,Fall,120,10,3094.276322847873
17,CA Central,2011,Fall,130,3,1120.1469676662334
17,CA Central,2011,Fall,140,2,888.6456162783069
17,CA Central,2011,Fall,40,4,93.90868577473448
17,CA Central,2011,Fall,50,3,118.91513027449287
17,CA Central,2011,Fall,60,7,425.66750458188056
17,CA Central,2011,Fall,70,7,611.2375277309918
17,CA Central,2011,Fall,80,11,1314.0899482961495
17,CA Central,2014,Spring,120,1,309.4276322847873
17,CA Central,2014,Spring,20,1,4.613803930863707
17,CA Central,2014,Spring,50,1,39.63837675816429
17,CA Central,2014,Spring,70,1,87.31964681871311
17,CA Central,2014,Spring,80,2,238.92544514475443
17,CA Central,2014,Fall,90,1,157.50674023444077
17,CA Central,2014,Fall,100,3,605.095262507096
17,CA Central,2014,Fall,130,1,373.3823225554111
17,CA Central,2014,Fall,10,2,1.8134370883235644
17,CA Central,2014,Fall,20,3,13.84141179259112
17,CA Central,2014,Fall,60,1,60.809643511697224
17,CA Central,2014,Fall,70,1,87.31964681871311
17,CA Central,2015,Spring,90,2,315.01348046888154
17,CA Central,2015,Spring,110,1,252.26712072925892
17,CA Central,2015,Spring,10,2,1.8134370883235644
17,CA Central,2015,Spring,30,1,11.95049296895489
17,CA Central,2015,Spring,70,1,87.31964681871311
17,CA Central,2015,Spring,80,2,238.92544514475443
17,CA Central,2016,Spring,110,1,252.26712072925892
17,CA Central,2016,Spring,5,1,0.1781910394646867
17,CA Central,2016,Spring,10,9,8.16046689745604
17,CA Central,2016,Spring,20,22,101.50368647900154
17,CA Central,2016,Spring,30,4,47.80197187581956
17,CA Central,2016,Spring,40,6,140.86302866210173
17,CA Central,2016,Spring,80,2,238.92544514475443
17,CA Central,2017,Spring,90,2,315.01348046888154
17,CA Central,2017,Spring,100,1,201.69842083569867
17,CA Central,2017,Spring,110,1,252.26712072925892
17,CA Central,2017,Spring,10,3,2.720155632485347
17,CA Central,2017,Spring,20,16,73.82086289381931
17,CA Central,2017,Spring,30,6,71.70295781372934
17,CA Central,2017,Spring,40,9,211.2945429931526
17,CA Central,2017,Spring,50,3,118.91513027449287
17,CA Central,2017,Spring,60,4,243.2385740467889
17,CA Central,2017,Spring,70,8,698.5571745497049
17,CA Central,2017,Spring,80,5,597.3136128618861
17,CA Central,2021,Spring,90,2,315.01348046888154
17,CA Central,2021,Spring,100,2,403.39684167139734
17,CA Central,2021,Spring,110,1,252.26712072925892
17,CA Central,2021,Spring,120,2,618.8552645695746
17,CA Central,2021,Spring,130,2,746.7646451108222
17,CA Central,2021,Spring,30,1,11.95049296895489
17,CA Central,2021,Spring,40,1,23.47717144368362
17,CA Central,2021,Spring,50,2,79.27675351632858
17,CA Central,2021,Spring,70,2,174.63929363742622
17,CA Central,2021,Spring,80,2,238.92544514475443
17,CA Central,2021,Summer,100,2,403.39684167139734
17,CA Central,2021,Summer,110,4,1009.0684829170357
17,CA Central,2021,Summer,120,3,928.282896854362
17,CA Central,2021,Summer,130,2,746.7646451108222
17,CA Central,2021,Summer,140,3,1332.9684244174603
17,CA Central,2021,Summer,150,2,1044.86258894625
17,CA Central,2021,Summer,160,1,607.8816657551117
17,CA Central,2021,Summer,170,1,700.8403853069403
17,CA Central,2022,Fall,100,5,1008.4921041784934
17,CA Central,2022,Fall,110,4,1009.0684829170357
17,CA Central,2022,Fall,130,2,746.7646451108222
17,CA Central,2023,Fall,110,1,252.26712072925892
17,CA Central,2023,Fall,120,1,309.4276322847873
17,CA Central,2023,Fall,130,2,746.7646451108222
17,CA Central,2023,Fall,140,1,444.32280813915344
17,CA Central,2023,Fall,80,1,119.46272257237722
9,CA North,2010,Summer,90,8,1260.0539218755262
9,CA North,2010,Summer,100,23,4639.06367922107
9,CA North,2010,Summer,110,12,3027.205448751107
9,CA North,2010,Summer,120,9,2784.8486905630857
9,CA North,2010,Summer,130,8,2987.058580443289
9,CA North,2010,Summer,140,2,888.6456162783069
9,CA North,2010,Summer,40,2,46.95434288736724
9,CA North,2010,Summer,50,2,79.27675351632858
9,CA North,2010,Summer,60,3,182.42893053509167
9,CA North,2010,Summer,70,7,611.2375277309918
9,CA North,2010,Summer,80,7,836.2390580066406
9,CA North,2011,Summer,90,14,2205.094363282171
9,CA North,2011,Summer,100,13,2622.079470864083
9,CA North,2011,Summer,110,13,3279.472569480366
9,CA North,2011,Summer,120,9,2784.8486905630857
9,CA North,2011,Summer,130,2,746.7646451108222
9,CA North,2011,Summer,50,1,39.63837675816429
9,CA North,2011,Summer,60,6,364.85786107018333
9,CA North,2011,Summer,70,10,873.1964681871311
9,CA North,2011,Summer,80,10,1194.6272257237722
9,CA North,2020,Summer,90,7,1102.5471816410854
9,CA North,2020,Summer,100,5,1008.4921041784934
9,CA North,2020,Summer,110,6,1513.6027243755534
9,CA North,2020,Summer,120,7,2165.993425993511
9,CA North,2020,Summer,130,8,2987.058580443289
9,CA North,2020,Summer,140,7,3110.259656974074
9,CA North,2020,Summer,150,4,2089.7251778925
9,CA North,2020,Summer,190,1,909.9160230566235
9,CA North,2020,Summer,70,1,87.31964681871311
9,CA North,2024,Summer,90,1,157.50674023444077
9,CA North,2024,Summer,100,6,1210.190525014192
9,CA North,2024,Summer,110,7,1765.8698451048124
9,CA North,2024,Summer,120,10,3094.276322847873
9,CA North,2024,Summer,130,10,3733.823225554111
9,CA North,2024,Summer,140,4,1777.2912325566137
9,CA North,2024,Summer,150,2,1044.86258894625
9,CA North,2024,Summer,160,3,1823.6449972653352
9,CA North,2024,Summer,170,1,700.8403853069403
9,CA North,2024,Summer,70,1,87.31964681871311
9,CA North,2024,Summer,80,1,119.46272257237722
16,CA Central,2006,Spring,90,13,2047.58762304773
16,CA Central,2006,Spring,100,1,201.69842083569867
16,CA Central,2006,Spring,110,3,756.8013621877767
16,CA Central,2006,Spring,120,1,309.4276322847873
16,CA Central,2006,Spring,130,2,746.7646451108222
16,CA Central,2006,Spring,140,1,444.32280813915344
16,CA Central,2006,Spring,50,2,79.27675351632858
16,CA Central,2006,Spring,60,4,243.2385740467889
16,CA Central,2006,Spring,70,14,1222.4750554619836
16,CA Central,2006,Spring,80,8,955.7017805790177
16,CA Central,2006,Fall,90,3,472.5202207033223
16,CA Central,2006,Fall,100,6,1210.190525014192
16,CA Central,2006,Fall,110,4,1009.0684829170357
16,CA Central,2006,Fall,120,7,2165.993425993511
16,CA Central,2006,Fall,130,5,1866.9116127770556
16,CA Central,2006,Fall,140,2,888.6456162783069
16,CA Central,2006,Fall,150,1,522.431294473125
16,CA Central,2006,Fall,30,1,11.95049296895489
16,CA Central,2006,Fall,40,2,46.95434288736724
16,CA Central,2006,Fall,50,5,198.19188379082146
16,CA Central,2006,Fall,60,2,121.61928702339445
16,CA Central,2006,Fall,70,3,261.9589404561393
16,CA Central,2006,Fall,80,6,716.7763354342633
16,CA Central,2007,Spring,90,2,315.01348046888154
16,CA Central,2007,Spring,100,7,1411.8889458498907
16,CA Central,2007,Spring,110,10,2522.6712072925893
16,CA Central,2007,Spring,120,10,3094.276322847873
16,CA Central,2007,Spring,130,4,1493.5292902216445
16,CA Central,2007,Spring,50,1,39.63837675816429
16,CA Central,2007,Spring,60,2,121.61928702339445
16,CA Central,2007,Spring,70,3,261.9589404561393
16,CA Central,2007,Spring,80,3,358.38816771713164
16,CA Central,2007,Fall,90,6,945.0404414066446
16,CA Central,2007,Fall,100,1,201.69842083569867
16,CA Central,2007,Fall,110,5,1261.3356036462947
16,CA Central,2007,Fall,120,2,618.8552645695746
16,CA Central,2007,Fall,50,1,39.63837675816429
16,CA Central,2007,Fall,60,2,121.61928702339445
16,CA Central,2007,Fall,70,3,261.9589404561393
16,CA Central,2007,Fall,80,7,836.2390580066406
16,CA Central,2008,Spring,90,9,1417.5606621099669
16,CA Central,2008,Spring,100,8,1613.5873666855894
16,CA Central,2008,Spring,110,3,756.8013621877767
16,CA Central,2008,Spring,120,1,309.4276322847873
16,CA Central,2008,Spring,50,1,39.63837675816429
16,CA Central,2008,Spring,60,1,60.809643511697224
16,CA Central,2008,Spring,70,4,349.27858727485244
16,CA Central,2008,Spring,80,7,836.2390580066406
16,CA Central,2008,Fall,100,2,403.39684167139734
16,CA Central,2008,Fall,110,4,1009.0684829170357
16,CA Central,2008,Fall,120,3,928.282896854362
16,CA Central,2008,Fall,30,1,11.95049296895489
16,CA Central,2008,Fall,50,4,158.55350703265717
16,CA Central,2008,Fall,60,5,304.0482175584861
16,CA Central,2008,Fall,70,5,436.59823409356557
16,CA Central,2008,Fall,80,4,477.85089028950887
16,CA Central,2009,Spring,100,2,403.39684167139734
16,CA Central,2009,Spring,110,1,252.26712072925892
16,CA Central,2009,Spring,120,3,928.282896854362
16,CA Central,2009,Spring,40,1,23.47717144368362
16,CA Central,2009,Spring,50,4,158.55350703265717
16,CA Central,2009,Spring,60,2,121.61928702339445
16,CA Central,2009,Spring,70,7,611.2375277309918
16,CA Central,2009,Spring,80,5,597.3136128618861
16,CA Central,2009,Fall,90,3,472.5202207033223
16,CA Central,2009,Fall,100,4,806.7936833427947
16,CA Central,2009,Fall,110,5,1261.3356036462947
16,CA Central,2009,Fall,120,2,618.8552645695746
16,CA Central,2009,Fall,130,1,373.3823225554111
16,CA Central,2009,Fall,50,1,39.63837675816429
16,CA Central,2009,Fall,60,1,60.809643511697224
16,CA Central,2010,Spring,90,2,315.01348046888154
16,CA Central,2010,Spring,100,2,403.39684167139734
16,CA Central,2010,Spring,110,4,1009.0684829170357
16,CA Central,2010,Spring,120,3,928.282896854362
16,CA Central,2010,Spring,130,1,373.3823225554111
16,CA Central,2010,Spring,60,1,60.809643511697224
16,CA Central,2010,Spring,70,5,436.59823409356557
16,CA Central,2010,Spring,80,3,358.38816771713164
16,CA Central,2010,Fall,90,7,1102.5471816410854
16,CA Central,2010,Fall,100,5,1008.4921041784934
16,CA Central,2010,Fall,110,4,1009.0684829170357
16,CA Central,2010,Fall,120,1,309.4276322847873
16,CA Central,2010,Fall,130,1,373.3823225554111
16,CA Central,2010,Fall,10,1,0.9067185441617822
16,CA Central,2010,Fall,50,2,79.27675351632858
16,CA Central,2010,Fall,60,1,60.809643511697224
16,CA Central,2010,Fall,70,4,349.27858727485244
16,CA Central,2010,Fall,80,10,1194.6272257237722
16,CA Central,2011,Spring,90,9,1417.5606621099669
16,CA Central,2011,Spring,100,8,1613.5873666855894
16,CA Central,2011,Spring,110,3,756.8013621877767
16,CA Central,2011,Spring,120,3,928.282896854362
16,CA Central,2011,Spring,70,3,261.9589404561393
16,CA Central,2011,Spring,80,5,597.3136128618861
16,CA Central,2011,Fall,90,3,472.5202207033223
16,CA Central,2011,Fall,100,9,1815.285787521288
16,CA Central,2011,Fall,110,5,1261.3356036462947
16,CA Central,2011,Fall,120,4,1237.7105291391492
16,CA Central,2011,Fall,50,2,79.27675351632858
16,CA Central,2011,Fall,60,1,60.809643511697224
16,CA Central,2011,Fall,70,2,174.63929363742622
16,CA Central,2011,Fall,80,5,597.3136128618861
16,CA Central,2012,Spring,90,4,630.0269609377631
16,CA Central,2012,Spring,100,5,1008.4921041784934
16,CA Central,2012,Spring,110,2,504.53424145851784
16,CA Central,2012,Spring,120,2,618.8552645695746
16,CA Central,2012,Spring,130,1,373.3823225554111
16,CA Central,2012,Spring,40,1,23.47717144368362
16,CA Central,2012,Spring,50,1,39.63837675816429
16,CA Central,2012,Spring,60,1,60.809643511697224
16,CA Central,2012,Spring,70,3,261.9589404561393
16,CA Central,2012,Spring,80,5,597.3136128618861
16,CA Central,2012,Fall,90,1,157.50674023444077
16,CA Central,2012,Fall,100,6,1210.190525014192
16,CA Central,2012,Fall,110,2,504.53424145851784
16,CA Central,2012,Fall,120,3,928.282896854362
16,CA Central,2012,Fall,130,1,373.3823225554111
16,CA Central,2012,Fall,40,1,23.47717144368362
16,CA Central,2012,Fall,60,2,121.61928702339445
16,CA Central,2012,Fall,70,4,349.27858727485244
16,CA Central,2012,Fall,80,5,597.3136128618861
16,CA Central,2013,Spring,90,5,787.5337011722038
16,CA Central,2013,Spring,100,1,201.69842083569867
16,CA Central,2013,Spring,110,3,756.8013621877767
16,CA Central,2013,Spring,130,3,1120.1469676662334
16,CA Central,2013,Spring,50,1,39.63837675816429
16,CA Central,2013,Spring,60,3,182.42893053509167
16,CA Central,2013,Spring,70,1,87.31964681871311
16,CA Central,2013,Spring,80,2,238.92544514475443
16,CA Central,2013,Fall,90,6,945.0404414066446
16,CA Central,2013,Fall,100,2,403.39684167139734
16,CA Central,2013,Fall,110,1,252.26712072925892
16,CA Central,2013,Fall,120,1,309.4276322847873
16,CA Central,2013,Fall,130,2,746.7646451108222
16,CA Central,2013,Fall,60,2,121.61928702339445
16,CA Central,2013,Fall,70,3,261.9589404561393
16,CA Central,2013,Fall,80,4,477.85089028950887
16,CA Central,2014,Spring,30,1,11.95049296895489
16,CA Central,2014,Spring,80,2,238.92544514475443
16,CA Central,2014,Fall,30,1,11.95049296895489
16,CA Central,2015,Spring,5,1,0.1781910394646867
16,CA Central,2015,Spring,30,2,23.90098593790978
16,CA Central,2015,Fall,30,2,23.90098593790978
16,CA Central,2015,Fall,40,3,70.43151433105086
16,CA Central,2015,Fall,50,1,39.63837675816429
16,CA Central,2016,Spring,30,1,11.95049296895489
16,CA Central,2016,Spring,40,3,70.43151433105086
16,CA Central,2016,Spring,60,3,182.42893053509167
16,CA Central,2016,Spring,70,1,87.31964681871311
16,CA Central,2016,Spring,80,1,119.46272257237722
16,CA Central,2016,Fall,90,2,315.01348046888154
16,CA Central,2016,Fall,100,1,201.69842083569867
16,CA Central,2016,Fall,30,1,11.95049296895489
16,CA Central,2016,Fall,40,2,46.95434288736724
16,CA Central,2016,Fall,50,3,118.91513027449287
16,CA Central,2016,Fall,60,8,486.4771480935778
16,CA Central,2016,Fall,70,8,698.5571745497049
16,CA Central,2016,Fall,80,5,597.3136128618861
16,CA Central,2017,Fall,90,1,157.50674023444077
16,CA Central,2017,Fall,80,1,119.46272257237722
16,CA Central,2018,Fall,100,1,201.69842083569867
16,CA Central,2018,Fall,110,1,252.26712072925892
16,CA Central,2018,Fall,120,1,309.4276322847873
16,CA Central,2018,Fall,70,1,87.31964681871311
16,CA Central,2018,Fall,80,1,119.46272257237722
16,CA Central,2019,Fall,120,1,309.4276322847873
16,CA Central,2019,Fall,140,1,444.32280813915344
16,CA Central,2020,Fall,130,1,373.3823225554111
16,CA Central,2020,Fall,50,1,39.63837675816429
16,CA Central,2021,Fall,90,1,157.50674023444077
16,CA Central,2021,Fall,70,1,87.31964681871311
16,CA Central,2021,Fall,80,1,119.46272257237722
16,CA Central,2022,Fall,90,1,157.50674023444077
16,CA Central,2024,Fall,110,1,252.26712072925892
16,CA Central,2024,Fall,120,1,309.4276322847873
16,CA Central,2001,Spring,90,11,1732.5741425788485
16,CA Central,2001,Spring,100,3,605.095262507096
16,CA Central,2001,Spring,110,4,1009.0684829170357
16,CA Central,2001,Spring,120,2,618.8552645695746
16,CA Central,2001,Spring,130,2,746.7646451108222
16,CA Central,2001,Spring,20,2,9.227607861727414
16,CA Central,2001,Spring,30,4,47.80197187581956
16,CA Central,2001,Spring,40,4,93.90868577473448
16,CA Central,2001,Spring,50,6,237.83026054898573
16,CA Central,2001,Spring,60,4,243.2385740467889
16,CA Central,2001,Spring,70,6,523.9178809122786
16,CA Central,2001,Spring,80,9,1075.164503151395
16,CA Central,2001,Fall,90,6,945.0404414066446
16,CA Central,2001,Fall,100,14,2823.7778916997813
16,CA Central,2001,Fall,110,4,1009.0684829170357
16,CA Central,2001,Fall,120,4,1237.7105291391492
16,CA Central,2001,Fall,130,3,1120.1469676662334
16,CA Central,2001,Fall,140,2,888.6456162783069
16,CA Central,2001,Fall,20,2,9.227607861727414
16,CA Central,2001,Fall,30,1,11.95049296895489
16,CA Central,2001,Fall,40,4,93.90868577473448
16,CA Central,2001,Fall,50,3,118.91513027449287
16,CA Central,2001,Fall,60,8,486.4771480935778
16,CA Central,2001,Fall,70,9,785.876821368418
16,CA Central,2001,Fall,80,6,716.7763354342633
16,CA Central,2002,Spring,90,7,1102.5471816410854
16,CA Central,2002,Spring,100,5,1008.4921041784934
16,CA Central,2002,Spring,110,5,1261.3356036462947
16,CA Central,2002,Spring,120,3,928.282896854362
16,CA Central,2002,Spring,130,1,373.3823225554111
16,CA Central,2002,Spring,20,1,4.613803930863707
16,CA Central,2002,Spring,30,1,11.95049296895489
16,CA Central,2002,Spring,40,5,117.3858572184181
16,CA Central,2002,Spring,50,3,118.91513027449287
16,CA Central,2002,Spring,60,3,182.42893053509167
16,CA Central,2002,Spring,70,8,698.5571745497049
16,CA Central,2002,Spring,80,4,477.85089028950887
16,CA Central,2002,Fall,90,15,2362.6011035166116
16,CA Central,2002,Fall,100,5,1008.4921041784934
16,CA Central,2002,Fall,110,4,1009.0684829170357
16,CA Central,2002,Fall,120,1,309.4276322847873
16,CA Central,2002,Fall,130,1,373.3823225554111
16,CA Central,2002,Fall,30,2,23.90098593790978
16,CA Central,2002,Fall,40,7,164.34020010578533
16,CA Central,2002,Fall,50,10,396.3837675816429
16,CA Central,2002,Fall,60,7,425.66750458188056
16,CA Central,2002,Fall,70,6,523.9178809122786
16,CA Central,2002,Fall,80,15,1791.9408385856582
16,CA Central,2003,Spring,90,9,1417.5606621099669
16,CA Central,2003,Spring,100,15,3025.4763125354802
16,CA Central,2003,Spring,110,5,1261.3356036462947
16,CA Central,2003,Spring,120,4,1237.7105291391492
16,CA Central,2003,Spring,10,2,1.8134370883235644
16,CA Central,2003,Spring,40,4,93.90868577473448
16,CA Central,2003,Spring,50,5,198.19188379082146
16,CA Central,2003,Spring,60,12,729.7157221403667
16,CA Central,2003,Spring,70,12,1047.8357618245573
16,CA Central,2003,Spring,80,8,955.7017805790177
16,CA Central,2003,Fall,90,12,1890.0808828132892
16,CA Central,2003,Fall,100,9,1815.285787521288
16,CA Central,2003,Fall,110,5,1261.3356036462947
16,CA Central,2003,Fall,120,6,1856.565793708724
16,CA Central,2003,Fall,20,2,9.227607861727414
16,CA Central,2003,Fall,30,3,35.85147890686467
16,CA Central,2003,Fall,40,3,70.43151433105086
16,CA Central,2003,Fall,50,8,317.10701406531433
16,CA Central,2003,Fall,60,10,608.0964351169722
16,CA Central,2003,Fall,70,9,785.876821368418
16,CA Central,2003,Fall,80,11,1314.0899482961495
16,CA Central,2004,Spring,90,23,3622.6550253921378
16,CA Central,2004,Spring,100,6,1210.190525014192
16,CA Central,2004,Spring,110,2,504.53424145851784
16,CA Central,2004,Spring,120,1,309.4276322847873
16,CA Central,2004,Spring,20,1,4.613803930863707
16,CA Central,2004,Spring,30,3,35.85147890686467
16,CA Central,2004,Spring,40,11,258.2488858805198
16,CA Central,2004,Spring,50,11,436.0221443398072
16,CA Central,2004,Spring,60,13,790.5253656520639
16,CA Central,2004,Spring,70,16,1397.1143490994098
16,CA Central,2004,Spring,80,16,1911.4035611580355
16,CA Central,2004,Fall,90,18,2835.1213242199337
16,CA Central,2004,Fall,100,17,3428.873154206877
16,CA Central,2004,Fall,110,6,1513.6027243755534
16,CA Central,2004,Fall,120,1,309.4276322847873
16,CA Central,2004,Fall,30,2,23.90098593790978
16,CA Central,2004,Fall,40,3,70.43151433105086
16,CA Central,2004,Fall,50,7,277.46863730715006
16,CA Central,2004,Fall,60,9,547.286791605275
16,CA Central,2004,Fall,70,15,1309.7947022806966
16,CA Central,2004,Fall,80,6,716.7763354342633
16,CA Central,2005,Spring,90,13,2047.58762304773
16,CA Central,2005,Spring,100,18,3630.571575042576
16,CA Central,2005,Spring,110,7,1765.8698451048124
16,CA Central,2005,Spring,120,3,928.282896854362
16,CA Central,2005,Spring,10,5,4.533592720808911
16,CA Central,2005,Spring,20,3,13.84141179259112
16,CA Central,2005,Spring,30,1,11.95049296895489
16,CA Central,2005,Spring,40,3,70.43151433105086
16,CA Central,2005,Spring,50,4,158.55350703265717
16,CA Central,2005,Spring,60,10,608.0964351169722
16,CA Central,2005,Spring,70,12,1047.8357618245573
16,CA Central,2005,Spring,80,6,716.7763354342633
16,CA Central,2005,Fall,90,6,945.0404414066446
16,CA Central,2005,Fall,100,7,1411.8889458498907
16,CA Central,2005,Fall,110,7,1765.8698451048124
16,CA Central,2005,Fall,120,3,928.282896854362
16,CA Central,2005,Fall,40,5,117.3858572184181
16,CA Central,2005,Fall,60,3,182.42893053509167
16,CA Central,2005,Fall,70,4,349.27858727485244
16,CA Central,2005,Fall,80,7,836.2390580066406
6,CA North,2011,Summer,90,1,157.50674023444077
6,CA North,2011,Summer,130,1,373.3823225554111
6,CA North,2011,Summer,50,1,39.63837675816429
6,CA North,2011,Summer,80,1,119.46272257237722
6,CA North,2020,Summer,110,2,504.53424145851784
6,CA North,2020,Summer,120,3,928.282896854362
6,CA North,2020,Summer,130,1,373.3823225554111
6,CA North,2020,Summer,50,1,39.63837675816429
6,CA North,2020,Summer,70,1,87.31964681871311
6,CA North,2020,Summer,80,1,119.46272257237722
13,CA Central,2006,Spring,90,28,4410.188726564342
13,CA Central,2006,Spring,100,61,12303.603670977618
13,CA Central,2006,Spring,110,35,8829.349225524062
13,CA Central,2006,Spring,120,32,9901.684233113194
13,CA Central,2006,Spring,130,7,2613.676257887878
13,CA Central,2006,Spring,140,7,3110.259656974074
13,CA Central,2006,Spring,150,1,522.431294473125
13,CA Central,2006,Spring,40,2,46.95434288736724
13,CA Central,2006,Spring,50,8,317.10701406531433
13,CA Central,2006,Spring,60,9,547.286791605275
13,CA Central,2006,Spring,70,8,698.5571745497049
13,CA Central,2006,Spring,80,16,1911.4035611580355
13,CA Central,2006,Fall,90,41,6457.7763496120715
13,CA Central,2006,Fall,100,65,13110.397354320414
13,CA Central,2006,Fall,110,55,13874.69164010924
13,CA Central,2006,Fall,120,38,11758.250026821917
13,CA Central,2006,Fall,130,29,10828.087354106923
13,CA Central,2006,Fall,140,12,5331.873697669841
13,CA Central,2006,Fall,150,5,2612.156472365625
13,CA Central,2006,Fall,170,1,700.8403853069403
13,CA Central,2006,Fall,20,1,4.613803930863707
13,CA Central,2006,Fall,30,2,23.90098593790978
13,CA Central,2006,Fall,40,2,46.95434288736724
13,CA Central,2006,Fall,50,5,198.19188379082146
13,CA Central,2006,Fall,60,14,851.3350091637611
13,CA Central,2006,Fall,70,22,1921.0322300116884
13,CA Central,2006,Fall,80,23,2747.642619164676
13,CA Central,2007,Spring,90,27,4252.681986329901
13,CA Central,2007,Spring,100,48,9681.524200113536
13,CA Central,2007,Spring,110,32,8072.547863336285
13,CA Central,2007,Spring,120,24,7426.263174834896
13,CA Central,2007,Spring,130,17,6347.4994834419895
13,CA Central,2007,Spring,140,3,1332.9684244174603
13,CA Central,2007,Spring,170,1,700.8403853069403
13,CA Central,2007,Spring,20,1,4.613803930863707
13,CA Central,2007,Spring,30,4,47.80197187581956
13,CA Central,2007,Spring,40,3,70.43151433105086
13,CA Central,2007,Spring,50,7,277.46863730715006
13,CA Central,2007,Spring,60,14,851.3350091637611
13,CA Central,2007,Spring,70,24,2095.6715236491145
13,CA Central,2007,Spring,80,21,2508.7171740199215
13,CA Central,2007,Fall,90,23,3622.6550253921378
13,CA Central,2007,Fall,100,32,6454.349466742357
13,CA Central,2007,Fall,110,24,6054.410897502214
13,CA Central,2007,Fall,120,21,6497.980277980533
13,CA Central,2007,Fall,130,17,6347.4994834419895
13,CA Central,2007,Fall,140,11,4887.5508895306875
13,CA Central,2007,Fall,150,3,1567.293883419375
13,CA Central,2007,Fall,160,2,1215.7633315102235
13,CA Central,2007,Fall,20,1,4.613803930863707
13,CA Central,2007,Fall,30,1,11.95049296895489
13,CA Central,2007,Fall,40,8,187.81737154946896
13,CA Central,2007,Fall,50,7,277.46863730715006
13,CA Central,2007,Fall,60,8,486.4771480935778
13,CA Central,2007,Fall,70,7,611.2375277309918
13,CA Central,2007,Fall,80,16,1911.4035611580355
13,CA Central,2008,Spring,90,15,2362.6011035166116
13,CA Central,2008,Spring,100,33,6656.047887578056
13,CA Central,2008,Spring,110,37,9333.88346698258
13,CA Central,2008,Spring,120,28,8663.973703974045
13,CA Central,2008,Spring,130,9,3360.4409029987
13,CA Central,2008,Spring,140,7,3110.259656974074
13,CA Central,2008,Spring,150,2,1044.86258894625
13,CA Central,2008,Spring,160,1,607.8816657551117
13,CA Central,2008,Spring,20,9,41.524235377773365
13,CA Central,2008,Spring,30,32,382.4157750065565
13,CA Central,2008,Spring,40,16,375.6347430989379
13,CA Central,2008,Spring,50,22,872.0442886796144
13,CA Central,2008,Spring,60,13,790.5253656520639
13,CA Central,2008,Spring,70,21,1833.7125831929752
13,CA Central,2008,Spring,80,21,2508.7171740199215
13,CA Central,2008,Fall,90,36,5670.2426484398675
13,CA Central,2008,Fall,100,54,10891.714725127727
13,CA Central,2008,Fall,110,40,10090.684829170357
13,CA Central,2008,Fall,120,39,12067.677659106705
13,CA Central,2008,Fall,130,15,5600.734838331166
13,CA Central,2008,Fall,140,14,6220.519313948148
13,CA Central,2008,Fall,150,2,1044.86258894625
13,CA Central,2008,Fall,160,1,607.8816657551117
13,CA Central,2008,Fall,170,1,700.8403853069403
13,CA Central,2008,Fall,10,1,0.9067185441617822
13,CA Central,2008,Fall,20,9,41.524235377773365
13,CA Central,2008,Fall,30,22,262.91084531700756
13,CA Central,2008,Fall,40,29,680.837971866825
13,CA Central,2008,Fall,50,31,1228.789679503093
13,CA Central,2008,Fall,60,27,1641.860374815825
13,CA Central,2008,Fall,70,42,3667.4251663859504
13,CA Central,2008,Fall,80,30,3583.8816771713164
13,CA Central,2009,Spring,90,25,3937.668505861019
13,CA Central,2009,Spring,100,50,10084.921041784934
13,CA Central,2009,Spring,110,40,10090.684829170357
13,CA Central,2009,Spring,120,24,7426.263174834896
13,CA Central,2009,Spring,130,18,6720.8818059974
13,CA Central,2009,Spring,140,6,2665.9368488349205
13,CA Central,2009,Spring,150,3,1567.293883419375
13,CA Central,2009,Spring,170,1,700.8403853069403
13,CA Central,2009,Spring,180,1,801.4672490270908
13,CA Central,2009,Spring,20,9,41.524235377773365
13,CA Central,2009,Spring,30,30,358.5147890686467
13,CA Central,2009,Spring,40,36,845.1781719726104
13,CA Central,2009,Spring,50,30,1189.1513027449287
13,CA Central,2009,Spring,60,25,1520.2410877924306
13,CA Central,2009,Spring,70,26,2270.310817286541
13,CA Central,2009,Spring,80,25,2986.5680643094306
13,CA Central,2009,Fall,90,22,3465.148285157697
13,CA Central,2009,Fall,100,39,7866.238412592248
13,CA Central,2009,Fall,110,39,9838.417708441099
13,CA Central,2009,Fall,120,28,8663.973703974045
13,CA Central,2009,Fall,130,14,5227.352515775756
13,CA Central,2009,Fall,140,8,3554.5824651132275
13,CA Central,2009,Fall,5,1,0.1781910394646867
13,CA Central,2009,Fall,150,6,3134.58776683875
13,CA Central,2009,Fall,160,6,3647.2899945306704
13,CA Central,2009,Fall,170,2,1401.6807706138807
13,CA Central,2009,Fall,10,1,0.9067185441617822
13,CA Central,2009,Fall,20,4,18.455215723454828
13,CA Central,2009,Fall,30,23,274.86133828596246
13,CA Central,2009,Fall,40,25,586.9292860920905
13,CA Central,2009,Fall,50,25,990.9594189541073
13,CA Central,2009,Fall,60,25,1520.2410877924306
13,CA Central,2009,Fall,70,21,1833.7125831929752
13,CA Central,2009,Fall,80,23,2747.642619164676
13,CA Central,2010,Spring,90,28,4410.188726564342
13,CA Central,2010,Spring,100,28,5647.555783399563
13,CA Central,2010,Spring,110,21,5297.609535314437
13,CA Central,2010,Spring,120,35,10829.967129967556
13,CA Central,2010,Spring,130,13,4853.970193220344
13,CA Central,2010,Spring,140,7,3110.259656974074
13,CA Central,2010,Spring,150,4,2089.7251778925
13,CA Central,2010,Spring,160,3,1823.6449972653352
13,CA Central,2010,Spring,10,1,0.9067185441617822
13,CA Central,2010,Spring,20,6,27.68282358518224
13,CA Central,2010,Spring,30,24,286.81183125491737
13,CA Central,2010,Spring,40,29,680.837971866825
13,CA Central,2010,Spring,50,25,990.9594189541073
13,CA Central,2010,Spring,60,29,1763.4796618392195
13,CA Central,2010,Spring,70,13,1135.1554086432704
13,CA Central,2010,Spring,80,25,2986.5680643094306
13,CA Central,2010,Fall,90,28,4410.188726564342
13,CA Central,2010,Fall,100,51,10286.619462620632
13,CA Central,2010,Fall,110,35,8829.349225524062
13,CA Central,2010,Fall,120,37,11448.82239453713
13,CA Central,2010,Fall,130,18,6720.8818059974
13,CA Central,2010,Fall,140,10,4443.228081391534
13,CA Central,2010,Fall,150,1,522.431294473125
13,CA Central,2010,Fall,20,2,9.227607861727414
13,CA Central,2010,Fall,30,11,131.45542265850378
13,CA Central,2010,Fall,40,19,446.06625742998875
13,CA Central,2010,Fall,50,30,1189.1513027449287
13,CA Central,2010,Fall,60,27,1641.860374815825
13,CA Central,2010,Fall,70,22,1921.0322300116884
13,CA Central,2010,Fall,80,18,2150.32900630279
13,CA Central,2011,Spring,90,23,3622.6550253921378
13,CA Central,2011,Spring,100,18,3630.571575042576
13,CA Central,2011,Spring,110,30,7568.013621877768
13,CA Central,2011,Spring,120,32,9901.684233113194
13,CA Central,2011,Spring,130,13,4853.970193220344
13,CA Central,2011,Spring,140,7,3110.259656974074
13,CA Central,2011,Spring,150,2,1044.86258894625
13,CA Central,2011,Spring,160,1,607.8816657551117
13,CA Central,2011,Spring,20,1,4.613803930863707
13,CA Central,2011,Spring,30,20,239.0098593790978
13,CA Central,2011,Spring,40,21,493.020600317356
13,CA Central,2011,Spring,50,22,872.0442886796144
13,CA Central,2011,Spring,60,32,1945.9085923743112
13,CA Central,2011,Spring,70,28,2444.9501109239673
13,CA Central,2011,Spring,80,24,2867.105341737053
13,CA Central,2011,Fall,90,9,1417.5606621099669
13,CA Central,2011,Fall,100,21,4235.666837549672
13,CA Central,2011,Fall,110,23,5802.143776772955
13,CA Central,2011,Fall,120,17,5260.269748841384
13,CA Central,2011,Fall,130,12,4480.587870664934
13,CA Central,2011,Fall,140,10,4443.228081391534
13,CA Central,2011,Fall,5,1,0.1781910394646867
13,CA Central,2011,Fall,150,6,3134.58776683875
13,CA Central,2011,Fall,160,3,1823.6449972653352
13,CA Central,2011,Fall,170,2,1401.6807706138807
13,CA Central,2011,Fall,30,1,11.95049296895489
13,CA Central,2011,Fall,40,9,211.2945429931526
13,CA Central,2011,Fall,50,18,713.4907816469572
13,CA Central,2011,Fall,60,17,1033.7639396988527
13,CA Central,2011,Fall,70,22,1921.0322300116884
13,CA Central,2011,Fall,80,16,1911.4035611580355
13,CA Central,2012,Spring,90,14,2205.094363282171
13,CA Central,2012,Spring,100,25,5042.460520892467
13,CA Central,2012,Spring,110,26,6558.945138960732
13,CA Central,2012,Spring,120,18,5569.697381126171
13,CA Central,2012,Spring,130,15,5600.734838331166
13,CA Central,2012,Spring,140,7,3110.259656974074
13,CA Central,2012,Spring,150,2,1044.86258894625
13,CA Central,2012,Spring,160,1,607.8816657551117
13,CA Central,2012,Spring,30,5,59.75246484477445
13,CA Central,2012,Spring,40,9,211.2945429931526
13,CA Central,2012,Spring,50,17,673.852404888793
13,CA Central,2012,Spring,60,23,1398.621800769036
13,CA Central,2012,Spring,70,24,2095.6715236491145
13,CA Central,2012,Spring,80,20,2389.2544514475444
13,CA Central,2013,Spring,90,25,3937.668505861019
13,CA Central,2013,Spring,100,18,3630.571575042576
13,CA Central,2013,Spring,110,11,2774.938328021848
13,CA Central,2013,Spring,120,12,3713.131587417448
13,CA Central,2013,Spring,130,10,3733.823225554111
13,CA Central,2013,Spring,140,2,888.6456162783069
13,CA Central,2013,Spring,30,1,11.95049296895489
13,CA Central,2013,Spring,40,5,117.3858572184181
13,CA Central,2013,Spring,50,5,198.19188379082146
13,CA Central,2013,Spring,60,10,608.0964351169722
13,CA Central,2013,Spring,70,27,2357.630464105254
13,CA Central,2013,Spring,80,23,2747.642619164676
13,CA Central,2013,Fall,90,5,787.5337011722038
13,CA Central,2013,Fall,100,4,806.7936833427947
13,CA Central,2013,Fall,110,4,1009.0684829170357
13,CA Central,2013,Fall,120,2,618.8552645695746
13,CA Central,2013,Fall,130,1,373.3823225554111
13,CA Central,2013,Fall,140,1,444.32280813915344
13,CA Central,2013,Fall,20,3,13.84141179259112
13,CA Central,2013,Fall,30,1,11.95049296895489
13,CA Central,2013,Fall,40,1,23.47717144368362
13,CA Central,2013,Fall,50,1,39.63837675816429
13,CA Central,2013,Fall,60,13,790.5253656520639
13,CA Central,2013,Fall,70,5,436.59823409356557
13,CA Central,2013,Fall,80,3,358.38816771713164
13,CA Central,2014,Spring,90,6,945.0404414066446
13,CA Central,2014,Spring,100,2,403.39684167139734
13,CA Central,2014,Spring,120,1,309.4276322847873
13,CA Central,2014,Spring,140,1,444.32280813915344
13,CA Central,2014,Spring,20,1,4.613803930863707
13,CA Central,2014,Spring,30,2,23.90098593790978
13,CA Central,2014,Spring,40,3,70.43151433105086
13,CA Central,2014,Spring,50,3,118.91513027449287
13,CA Central,2014,Spring,60,6,364.85786107018333
13,CA Central,2014,Spring,70,7,611.2375277309918
13,CA Central,2014,Spring,80,3,358.38816771713164
13,CA Central,2014,Fall,90,2,315.01348046888154
13,CA Central,2014,Fall,100,1,201.69842083569867
13,CA Central,2014,Fall,130,1,373.3823225554111
13,CA Central,2014,Fall,140,1,444.32280813915344
13,CA Central,2014,Fall,20,4,18.455215723454828
13,CA Central,2014,Fall,30,3,35.85147890686467
13,CA Central,2014,Fall,40,4,93.90868577473448
13,CA Central,2014,Fall,50,3,118.91513027449287
13,CA Central,2014,Fall,60,2,121.61928702339445
13,CA Central,2014,Fall,70,1,87.31964681871311
13,CA Central,2014,Fall,80,1,119.46272257237722
13,CA Central,2015,Spring,90,2,315.01348046888154
13,CA Central,2015,Spring,100,2,403.39684167139734
13,CA Central,2015,Spring,120,1,309.4276322847873
13,CA Central,2015,Spring,20,1,4.613803930863707
13,CA Central,2015,Spring,30,1,11.95049296895489
13,CA Central,2015,Spring,40,1,23.47717144368362
13,CA Central,2015,Spring,50,1,39.63837675816429
13,CA Central,2015,Spring,60,2,121.61928702339445
13,CA Central,2015,Spring,70,2,174.63929363742622
13,CA Central,2015,Spring,80,3,358.38816771713164
13,CA Central,2015,Fall,90,3,472.5202207033223
13,CA Central,2015,Fall,100,7,1411.8889458498907
13,CA Central,2015,Fall,110,2,504.53424145851784
13,CA Central,2015,Fall,120,1,309.4276322847873
13,CA Central,2015,Fall,130,2,746.7646451108222
13,CA Central,2015,Fall,5,1,0.1781910394646867
13,CA Central,2015,Fall,10,1,0.9067185441617822
13,CA Central,2015,Fall,20,7,32.296627516045945
13,CA Central,2015,Fall,30,12,143.40591562745868
13,CA Central,2015,Fall,40,9,211.2945429931526
13,CA Central,2015,Fall,50,6,237.83026054898573
13,CA Central,2015,Fall,60,5,304.0482175584861
13,CA Central,2015,Fall,70,10,873.1964681871311
13,CA Central,2015,Fall,80,7,836.2390580066406
13,CA Central,2016,Spring,90,6,945.0404414066446
13,CA Central,2016,Spring,100,1,201.69842083569867
13,CA Central,2016,Spring,110,5,1261.3356036462947
13,CA Central,2016,Spring,120,4,1237.7105291391492
13,CA Central,2016,Spring,130,3,1120.1469676662334
13,CA Central,2016,Spring,180,1,801.4672490270908
13,CA Central,2016,Spring,20,5,23.069019654318534
13,CA Central,2016,Spring,30,10,119.5049296895489
13,CA Central,2016,Spring,40,3,70.43151433105086
13,CA Central,2016,Spring,50,7,277.46863730715006
13,CA Central,2016,Spring,60,9,547.286791605275
13,CA Central,2016,Spring,70,9,785.876821368418
13,CA Central,2016,Spring,80,5,597.3136128618861
13,CA Central,2017,Spring,90,15,2362.6011035166116
13,CA Central,2017,Spring,100,5,1008.4921041784934
13,CA Central,2017,Spring,110,2,504.53424145851784
13,CA Central,2017,Spring,120,3,928.282896854362
13,CA Central,2017,Spring,130,5,1866.9116127770556
13,CA Central,2017,Spring,140,4,1777.2912325566137
13,CA Central,2017,Spring,160,1,607.8816657551117
13,CA Central,2017,Spring,20,4,18.455215723454828
13,CA Central,2017,Spring,30,9,107.55443672059401
13,CA Central,2017,Spring,40,30,704.3151433105086
13,CA Central,2017,Spring,50,30,1189.1513027449287
13,CA Central,2017,Spring,60,27,1641.860374815825
13,CA Central,2017,Spring,70,31,2706.9090513801066
13,CA Central,2017,Spring,80,20,2389.2544514475444
13,CA Central,2018,Spring,90,32,5040.215687502105
13,CA Central,2018,Spring,100,27,5445.857362563864
13,CA Central,2018,Spring,110,25,6306.678018231473
13,CA Central,2018,Spring,120,17,5260.269748841384
13,CA Central,2018,Spring,130,7,2613.676257887878
13,CA Central,2018,Spring,140,5,2221.614040695767
13,CA Central,2018,Spring,20,15,69.2070589629556
13,CA Central,2018,Spring,30,15,179.25739453432334
13,CA Central,2018,Spring,40,24,563.4521146484069
13,CA Central,2018,Spring,50,29,1149.5129259867645
13,CA Central,2018,Spring,60,38,2310.7664534444943
13,CA Central,2018,Spring,70,46,4016.703753660803
13,CA Central,2018,Spring,80,41,4897.971625467466
13,CA Central,2019,Spring,90,21,3307.6415449232563
13,CA Central,2019,Spring,100,20,4033.9684167139735
13,CA Central,2019,Spring,110,18,4540.80817312666
13,CA Central,2019,Spring,120,21,6497.980277980533
13,CA Central,2019,Spring,130,10,3733.823225554111
13,CA Central,2019,Spring,140,1,444.32280813915344
13,CA Central,2019,Spring,20,1,4.613803930863707
13,CA Central,2019,Spring,30,11,131.45542265850378
13,CA Central,2019,Spring,40,10,234.7717144368362
13,CA Central,2019,Spring,50,14,554.9372746143001
13,CA Central,2019,Spring,60,30,1824.2893053509167
13,CA Central,2019,Spring,70,23,2008.3518768304016
13,CA Central,2019,Spring,80,21,2508.7171740199215
13,CA Central,2020,Spring,90,34,5355.229167970986
13,CA Central,2020,Spring,100,22,4437.365258385371
13,CA Central,2020,Spring,110,32,8072.547863336285
13,CA Central,2020,Spring,120,29,8973.401336258832
13,CA Central,2020,Spring,130,16,5974.117160886578
13,CA Central,2020,Spring,140,7,3110.259656974074
13,CA Central,2020,Spring,150,1,522.431294473125
13,CA Central,2020,Spring,160,1,607.8816657551117
13,CA Central,2020,Spring,40,3,70.43151433105086
13,CA Central,2020,Spring,50,6,237.83026054898573
13,CA Central,2020,Spring,60,13,790.5253656520639
13,CA Central,2020,Spring,70,29,2532.26975774268
13,CA Central,2020,Spring,80,26,3106.0307868818077
13,CA Central,2020,Fall,90,22,3465.148285157697
13,CA Central,2020,Fall,100,12,2420.381050028384
13,CA Central,2020,Fall,110,25,6306.678018231473
13,CA Central,2020,Fall,120,15,4641.41448427181
13,CA Central,2020,Fall,130,13,4853.970193220344
13,CA Central,2020,Fall,140,11,4887.5508895306875
13,CA Central,2020,Fall,150,2,1044.86258894625
13,CA Central,2020,Fall,160,3,1823.6449972653352
13,CA Central,2020,Fall,190,1,909.9160230566235
13,CA Central,2020,Fall,50,3,118.91513027449287
13,CA Central,2020,Fall,60,8,486.4771480935778
13,CA Central,2020,Fall,70,14,1222.4750554619836
13,CA Central,2020,Fall,80,17,2030.8662837304128
13,CA Central,2021,Spring,90,17,2677.614583985493
13,CA Central,2021,Spring,100,12,2420.381050028384
13,CA Central,2021,Spring,110,18,4540.80817312666
13,CA Central,2021,Spring,120,22,6807.40791026532
13,CA Central,2021,Spring,130,18,6720.8818059974
13,CA Central,2021,Spring,140,8,3554.5824651132275
13,CA Central,2021,Spring,150,3,1567.293883419375
13,CA Central,2021,Spring,170,1,700.8403853069403
13,CA Central,2021,Spring,180,1,801.4672490270908
13,CA Central,2021,Spring,40,1,23.47717144368362
13,CA Central,2021,Spring,50,4,158.55350703265717
13,CA Central,2021,Spring,60,3,182.42893053509167
13,CA Central,2021,Spring,70,4,349.27858727485244
13,CA Central,2021,Spring,80,9,1075.164503151395
13,CA Central,2022,Spring,90,7,1102.5471816410854
13,CA Central,2022,Spring,100,8,1613.5873666855894
13,CA Central,2022,Spring,110,10,2522.6712072925893
13,CA Central,2022,Spring,120,19,5879.125013410959
13,CA Central,2022,Spring,130,14,5227.352515775756
13,CA Central,2022,Spring,140,8,3554.5824651132275
13,CA Central,2022,Spring,150,10,5224.31294473125
13,CA Central,2022,Spring,160,3,1823.6449972653352
13,CA Central,2022,Spring,200,1,1026.3349888371813
13,CA Central,2022,Spring,70,6,523.9178809122786
13,CA Central,2022,Spring,80,3,358.38816771713164
13,CA Central,2023,Spring,90,4,630.0269609377631
13,CA Central,2023,Spring,100,12,2420.381050028384
13,CA Central,2023,Spring,110,17,4288.5410523974015
13,CA Central,2023,Spring,120,20,6188.552645695746
13,CA Central,2023,Spring,130,18,6720.8818059974
13,CA Central,2023,Spring,140,16,7109.164930226455
13,CA Central,2023,Spring,150,6,3134.58776683875
13,CA Central,2023,Spring,160,7,4255.171660285782
13,CA Central,2023,Spring,170,1,700.8403853069403
13,CA Central,2023,Spring,20,1,4.613803930863707
13,CA Central,2023,Spring,30,1,11.95049296895489
13,CA Central,2023,Spring,50,2,79.27675351632858
13,CA Central,2023,Spring,60,1,60.809643511697224
13,CA Central,2023,Spring,70,2,174.63929363742622
13,CA Central,2023,Spring,80,3,358.38816771713164
13,CA Central,2024,Spring,90,8,1260.0539218755262
13,CA Central,2024,Spring,100,14,2823.7778916997813
13,CA Central,2024,Spring,110,14,3531.7396902096248
13,CA Central,2024,Spring,120,13,4022.559219702235
13,CA Central,2024,Spring,130,14,5227.352515775756
13,CA Central,2024,Spring,140,4,1777.2912325566137
13,CA Central,2024,Spring,150,1,522.431294473125
13,CA Central,2024,Spring,40,1,23.47717144368362
13,CA Central,2024,Spring,50,1,39.63837675816429
13,CA Central,2024,Spring,60,2,121.61928702339445
13,CA Central,2024,Spring,70,3,261.9589404561393
13,CA Central,2024,Spring,80,4,477.85089028950887
13,CA Central,2000,Fall,90,13,2047.58762304773
13,CA Central,2000,Fall,100,16,3227.1747333711787
13,CA Central,2000,Fall,110,17,4288.5410523974015
13,CA Central,2000,Fall,120,23,7116.835542550108
13,CA Central,2000,Fall,130,15,5600.734838331166
13,CA Central,2000,Fall,140,9,3998.905273252381
13,CA Central,2000,Fall,150,5,2612.156472365625
13,CA Central,2000,Fall,160,2,1215.7633315102235
13,CA Central,2000,Fall,50,2,79.27675351632858
13,CA Central,2000,Fall,60,4,243.2385740467889
13,CA Central,2000,Fall,70,8,698.5571745497049
13,CA Central,2000,Fall,80,13,1553.0153934409038
13,CA Central,2001,Spring,90,14,2205.094363282171
13,CA Central,2001,Spring,100,13,2622.079470864083
13,CA Central,2001,Spring,110,11,2774.938328021848
13,CA Central,2001,Spring,120,17,5260.269748841384
13,CA Central,2001,Spring,130,16,5974.117160886578
13,CA Central,2001,Spring,140,8,3554.5824651132275
13,CA Central,2001,Spring,150,2,1044.86258894625
13,CA Central,2001,Spring,40,2,46.95434288736724
13,CA Central,2001,Spring,50,4,158.55350703265717
13,CA Central,2001,Spring,60,7,425.66750458188056
13,CA Central,2001,Spring,70,2,174.63929363742622
13,CA Central,2001,Spring,80,7,836.2390580066406
13,CA Central,2001,Fall,90,19,2992.6280644543745
13,CA Central,2001,Fall,100,19,3832.2699958782746
13,CA Central,2001,Fall,110,17,4288.5410523974015
13,CA Central,2001,Fall,120,17,5260.269748841384
13,CA Central,2001,Fall,130,12,4480.587870664934
13,CA Central,2001,Fall,140,5,2221.614040695767
13,CA Central,2001,Fall,150,1,522.431294473125
13,CA Central,2001,Fall,20,1,4.613803930863707
13,CA Central,2001,Fall,30,3,35.85147890686467
13,CA Central,2001,Fall,40,10,234.7717144368362
13,CA Central,2001,Fall,50,9,356.7453908234786
13,CA Central,2001,Fall,60,12,729.7157221403667
13,CA Central,2001,Fall,70,11,960.5161150058442
13,CA Central,2001,Fall,80,13,1553.0153934409038
13,CA Central,2002,Spring,90,17,2677.614583985493
13,CA Central,2002,Spring,100,13,2622.079470864083
13,CA Central,2002,Spring,110,13,3279.472569480366
13,CA Central,2002,Spring,120,13,4022.559219702235
13,CA Central,2002,Spring,130,8,2987.058580443289
13,CA Central,2002,Spring,140,7,3110.259656974074
13,CA Central,2002,Spring,150,5,2612.156472365625
13,CA Central,2002,Spring,160,2,1215.7633315102235
13,CA Central,2002,Spring,170,1,700.8403853069403
13,CA Central,2002,Spring,10,1,0.9067185441617822
13,CA Central,2002,Spring,20,2,9.227607861727414
13,CA Central,2002,Spring,30,5,59.75246484477445
13,CA Central,2002,Spring,40,14,328.68040021157066
13,CA Central,2002,Spring,50,26,1030.5977957122716
13,CA Central,2002,Spring,60,24,1459.4314442807333
13,CA Central,2002,Spring,70,22,1921.0322300116884
13,CA Central,2002,Spring,80,6,716.7763354342633
13,CA Central,2002,Fall,90,9,1417.5606621099669
13,CA Central,2002,Fall,100,13,2622.079470864083
13,CA Central,2002,Fall,110,15,3784.006810938884
13,CA Central,2002,Fall,120,11,3403.70395513266
13,CA Central,2002,Fall,130,13,4853.970193220344
13,CA Central,2002,Fall,140,2,888.6456162783069
13,CA Central,2002,Fall,10,1,0.9067185441617822
13,CA Central,2002,Fall,20,1,4.613803930863707
13,CA Central,2002,Fall,30,1,11.95049296895489
13,CA Central,2002,Fall,40,6,140.86302866210173
13,CA Central,2002,Fall,50,9,356.7453908234786
13,CA Central,2002,Fall,60,7,425.66750458188056
13,CA Central,2002,Fall,70,12,1047.8357618245573
13,CA Central,2002,Fall,80,17,2030.8662837304128
13,CA Central,2003,Spring,90,10,1575.0674023444076
13,CA Central,2003,Spring,100,14,2823.7778916997813
13,CA Central,2003,Spring,110,15,3784.006810938884
13,CA Central,2003,Spring,120,10,3094.276322847873
13,CA Central,2003,Spring,130,6,2240.293935332467
13,CA Central,2003,Spring,140,3,1332.9684244174603
13,CA Central,2003,Spring,150,1,522.431294473125
13,CA Central,2003,Spring,20,1,4.613803930863707
13,CA Central,2003,Spring,30,7,83.65345078268423
13,CA Central,2003,Spring,40,8,187.81737154946896
13,CA Central,2003,Spring,50,10,396.3837675816429
13,CA Central,2003,Spring,60,12,729.7157221403667
13,CA Central,2003,Spring,70,14,1222.4750554619836
13,CA Central,2003,Spring,80,18,2150.32900630279
13,CA Central,2003,Fall,90,25,3937.668505861019
13,CA Central,2003,Fall,100,16,3227.1747333711787
13,CA Central,2003,Fall,110,13,3279.472569480366
13,CA Central,2003,Fall,120,14,4331.986851987022
13,CA Central,2003,Fall,130,9,3360.4409029987
13,CA Central,2003,Fall,140,1,444.32280813915344
13,CA Central,2003,Fall,30,1,11.95049296895489
13,CA Central,2003,Fall,40,3,70.43151433105086
13,CA Central,2003,Fall,50,8,317.10701406531433
13,CA Central,2003,Fall,60,18,1094.57358321055
13,CA Central,2003,Fall,70,22,1921.0322300116884
13,CA Central,2003,Fall,80,17,2030.8662837304128
13,CA Central,2004,Spring,90,13,2047.58762304773
13,CA Central,2004,Spring,100,24,4840.762100056768
13,CA Central,2004,Spring,110,25,6306.678018231473
13,CA Central,2004,Spring,120,17,5260.269748841384
13,CA Central,2004,Spring,130,15,5600.734838331166
13,CA Central,2004,Spring,140,2,888.6456162783069
13,CA Central,2004,Spring,40,3,70.43151433105086
13,CA Central,2004,Spring,50,7,277.46863730715006
13,CA Central,2004,Spring,60,11,668.9060786286694
13,CA Central,2004,Spring,70,10,873.1964681871311
13,CA Central,2004,Spring,80,14,1672.4781160132811
13,CA Central,2004,Fall,90,33,5197.722427736546
13,CA Central,2004,Fall,100,39,7866.238412592248
13,CA Central,2004,Fall,110,27,6811.212259689991
13,CA Central,2004,Fall,120,20,6188.552645695746
13,CA Central,2004,Fall,130,15,5600.734838331166
13,CA Central,2004,Fall,140,4,1777.2912325566137
13,CA Central,2004,Fall,30,1,11.95049296895489
13,CA Central,2004,Fall,40,8,187.81737154946896
13,CA Central,2004,Fall,50,12,475.66052109797147
13,CA Central,2004,Fall,60,14,851.3350091637611
13,CA Central,2004,Fall,70,22,1921.0322300116884
13,CA Central,2004,Fall,80,19,2269.7917288751673
13,CA Central,2005,Spring,90,25,3937.668505861019
13,CA Central,2005,Spring,100,30,6050.9526250709605
13,CA Central,2005,Spring,110,17,4288.5410523974015
13,CA Central,2005,Spring,120,18,5569.697381126171
13,CA Central,2005,Spring,130,9,3360.4409029987
13,CA Central,2005,Spring,140,5,2221.614040695767
13,CA Central,2005,Spring,150,4,2089.7251778925
13,CA Central,2005,Spring,160,2,1215.7633315102235
13,CA Central,2005,Spring,10,1,0.9067185441617822
13,CA Central,2005,Spring,30,1,11.95049296895489
13,CA Central,2005,Spring,40,5,117.3858572184181
13,CA Central,2005,Spring,50,10,396.3837675816429
13,CA Central,2005,Spring,60,9,547.286791605275
13,CA Central,2005,Spring,70,26,2270.310817286541
13,CA Central,2005,Spring,80,37,4420.120735177957
13,CA Central,2005,Fall,90,22,3465.148285157697
13,CA Central,2005,Fall,100,28,5647.555783399563
13,CA Central,2005,Fall,110,21,5297.609535314437
13,CA Central,2005,Fall,120,13,4022.559219702235
13,CA Central,2005,Fall,130,7,2613.676257887878
13,CA Central,2005,Fall,140,1,444.32280813915344
13,CA Central,2005,Fall,30,2,23.90098593790978
13,CA Central,2005,Fall,40,7,164.34020010578533
13,CA Central,2005,Fall,50,7,277.46863730715006
13,CA Central,2005,Fall,60,11,668.9060786286694
13,CA Central,2005,Fall,70,24,2095.6715236491145
13,CA Central,2005,Fall,80,27,3225.4935094541847
8,CA North,2006,Summer,90,25,3937.668505861019
8,CA North,2006,Summer,100,28,5647.555783399563
8,CA North,2006,Summer,110,17,4288.5410523974015
8,CA North,2006,Summer,120,17,5260.269748841384
8,CA North,2006,Summer,130,11,4107.205548109522
8,CA North,2006,Summer,140,10,4443.228081391534
8,CA North,2006,Summer,150,5,2612.156472365625
8,CA North,2006,Summer,10,1,0.9067185441617822
8,CA North,2006,Summer,20,4,18.455215723454828
8,CA North,2006,Summer,30,11,131.45542265850378
8,CA North,2006,Summer,40,6,140.86302866210173
8,CA North,2006,Summer,50,15,594.5756513724643
8,CA North,2006,Summer,60,13,790.5253656520639
8,CA North,2006,Summer,70,9,785.876821368418
8,CA North,2006,Summer,80,16,1911.4035611580355
8,CA North,2007,Summer,90,22,3465.148285157697
8,CA North,2007,Summer,100,16,3227.1747333711787
8,CA North,2007,Summer,110,18,4540.80817312666
8,CA North,2007,Summer,120,10,3094.276322847873
8,CA North,2007,Summer,130,5,1866.9116127770556
8,CA North,2007,Summer,140,6,2665.9368488349205
8,CA North,2007,Summer,150,1,522.431294473125
8,CA North,2007,Summer,10,1,0.9067185441617822
8,CA North,2007,Summer,20,4,18.455215723454828
8,CA North,2007,Summer,30,13,155.3564085964136
8,CA North,2007,Summer,40,29,680.837971866825
8,CA North,2007,Summer,50,25,990.9594189541073
8,CA North,2007,Summer,60,19,1155.3832267222472
8,CA North,2007,Summer,70,26,2270.310817286541
8,CA North,2007,Summer,80,20,2389.2544514475444
8,CA North,2008,Summer,90,14,2205.094363282171
8,CA North,2008,Summer,100,18,3630.571575042576
8,CA North,2008,Summer,110,20,5045.342414585179
8,CA North,2008,Summer,120,22,6807.40791026532
8,CA North,2008,Summer,130,21,7841.028773663634
8,CA North,2008,Summer,140,14,6220.519313948148
8,CA North,2008,Summer,150,11,5746.744239204376
8,CA North,2008,Summer,160,4,2431.526663020447
8,CA North,2008,Summer,170,5,3504.2019265347017
8,CA North,2008,Summer,180,2,1602.9344980541816
8,CA North,2008,Summer,190,2,1819.832046113247
8,CA North,2008,Summer,10,1,0.9067185441617822
8,CA North,2008,Summer,20,4,18.455215723454828
8,CA North,2008,Summer,30,13,155.3564085964136
8,CA North,2008,Summer,40,9,211.2945429931526
8,CA North,2008,Summer,50,8,317.10701406531433
8,CA North,2008,Summer,60,13,790.5253656520639
8,CA North,2008,Summer,70,13,1135.1554086432704
8,CA North,2008,Summer,80,8,955.7017805790177
8,CA North,2009,Summer,90,21,3307.6415449232563
8,CA North,2009,Summer,100,21,4235.666837549672
8,CA North,2009,Summer,110,26,6558.945138960732
8,CA North,2009,Summer,120,24,7426.263174834896
8,CA North,2009,Summer,130,16,5974.117160886578
8,CA North,2009,Summer,140,13,5776.1965058089945
8,CA North,2009,Summer,150,2,1044.86258894625
8,CA North,2009,Summer,160,2,1215.7633315102235
8,CA North,2009,Summer,170,1,700.8403853069403
8,CA North,2009,Summer,40,5,117.3858572184181
8,CA North,2009,Summer,50,11,436.0221443398072
8,CA North,2009,Summer,60,10,608.0964351169722
8,CA North,2009,Summer,70,11,960.5161150058442
8,CA North,2009,Summer,80,6,716.7763354342633
8,CA North,2010,Summer,90,13,2047.58762304773
8,CA North,2010,Summer,100,16,3227.1747333711787
8,CA North,2010,Summer,110,16,4036.2739316681427
8,CA North,2010,Summer,120,12,3713.131587417448
8,CA North,2010,Summer,130,13,4853.970193220344
8,CA North,2010,Summer,140,10,4443.228081391534
8,CA North,2010,Summer,150,4,2089.7251778925
8,CA North,2010,Summer,30,3,35.85147890686467
8,CA North,2010,Summer,40,1,23.47717144368362
8,CA North,2010,Summer,50,6,237.83026054898573
8,CA North,2010,Summer,60,4,243.2385740467889
8,CA North,2010,Summer,70,6,523.9178809122786
8,CA North,2010,Summer,80,11,1314.0899482961495
8,CA North,2011,Summer,90,21,3307.6415449232563
8,CA North,2011,Summer,100,16,3227.1747333711787
8,CA North,2011,Summer,110,18,4540.80817312666
8,CA North,2011,Summer,120,24,7426.263174834896
8,CA North,2011,Summer,130,22,8214.411096219044
8,CA North,2011,Summer,140,2,888.6456162783069
8,CA North,2011,Summer,150,1,522.431294473125
8,CA North,2011,Summer,30,2,23.90098593790978
8,CA North,2011,Summer,40,1,23.47717144368362
8,CA North,2011,Summer,50,10,396.3837675816429
8,CA North,2011,Summer,60,5,304.0482175584861
8,CA North,2011,Summer,70,13,1135.1554086432704
8,CA North,2011,Summer,80,17,2030.8662837304128
8,CA North,2012,Summer,90,14,2205.094363282171
8,CA North,2012,Summer,100,17,3428.873154206877
8,CA North,2012,Summer,110,22,5549.876656043696
8,CA North,2012,Summer,120,22,6807.40791026532
8,CA North,2012,Summer,130,7,2613.676257887878
8,CA North,2012,Summer,140,5,2221.614040695767
8,CA North,2012,Summer,150,1,522.431294473125
8,CA North,2012,Summer,160,5,3039.4083287755584
8,CA North,2012,Summer,170,2,1401.6807706138807
8,CA North,2012,Summer,30,2,23.90098593790978
8,CA North,2012,Summer,40,2,46.95434288736724
8,CA North,2012,Summer,50,4,158.55350703265717
8,CA North,2012,Summer,60,4,243.2385740467889
8,CA North,2012,Summer,70,13,1135.1554086432704
8,CA North,2012,Summer,80,14,1672.4781160132811
8,CA North,2013,Summer,90,17,2677.614583985493
8,CA North,2013,Summer,100,27,5445.857362563864
8,CA North,2013,Summer,110,36,9081.61634625332
8,CA North,2013,Summer,120,27,8354.546071689258
8,CA North,2013,Summer,130,29,10828.087354106923
8,CA North,2013,Summer,140,16,7109.164930226455
8,CA North,2013,Summer,150,5,2612.156472365625
8,CA North,2013,Summer,160,2,1215.7633315102235
8,CA North,2013,Summer,170,1,700.8403853069403
8,CA North,2013,Summer,180,1,801.4672490270908
8,CA North,2013,Summer,20,1,4.613803930863707
8,CA North,2013,Summer,30,2,23.90098593790978
8,CA North,2013,Summer,50,4,158.55350703265717
8,CA North,2013,Summer,60,3,182.42893053509167
8,CA North,2013,Summer,70,15,1309.7947022806966
8,CA North,2013,Summer,80,24,2867.105341737053
8,CA North,2014,Summer,90,14,2205.094363282171
8,CA North,2014,Summer,100,22,4437.365258385371
8,CA North,2014,Summer,110,19,4793.07529385592
8,CA North,2014,Summer,120,18,5569.697381126171
8,CA North,2014,Summer,130,9,3360.4409029987
8,CA North,2014,Summer,140,4,1777.2912325566137
8,CA North,2014,Summer,150,11,5746.744239204376
8,CA North,2014,Summer,160,1,607.8816657551117
8,CA North,2014,Summer,170,2,1401.6807706138807
8,CA North,2014,Summer,40,2,46.95434288736724
8,CA North,2014,Summer,50,4,158.55350703265717
8,CA North,2014,Summer,60,7,425.66750458188056
8,CA North,2014,Summer,70,8,698.5571745497049
8,CA North,2014,Summer,80,8,955.7017805790177
8,CA North,2015,Summer,90,12,1890.0808828132892
8,CA North,2015,Summer,100,15,3025.4763125354802
8,CA North,2015,Summer,110,9,2270.40408656333
8,CA North,2015,Summer,120,9,2784.8486905630857
8,CA North,2015,Summer,130,12,4480.587870664934
8,CA North,2015,Summer,140,3,1332.9684244174603
8,CA North,2015,Summer,150,1,522.431294473125
8,CA North,2015,Summer,160,1,607.8816657551117
8,CA North,2015,Summer,170,2,1401.6807706138807
8,CA North,2015,Summer,10,16,14.507496706588515
8,CA North,2015,Summer,20,5,23.069019654318534
8,CA North,2015,Summer,30,12,143.40591562745868
8,CA North,2015,Summer,40,17,399.11191454262155
8,CA North,2015,Summer,50,6,237.83026054898573
8,CA North,2015,Summer,60,2,121.61928702339445
8,CA North,2015,Summer,70,5,436.59823409356557
8,CA North,2015,Summer,80,9,1075.164503151395
8,CA North,2016,Summer,90,10,1575.0674023444076
8,CA North,2016,Summer,100,7,1411.8889458498907
8,CA North,2016,Summer,110,10,2522.6712072925893
8,CA North,2016,Summer,120,7,2165.993425993511
8,CA North,2016,Summer,130,12,4480.587870664934
8,CA North,2016,Summer,140,6,2665.9368488349205
8,CA North,2016,Summer,150,4,2089.7251778925
8,CA North,2016,Summer,160,4,2431.526663020447
8,CA North,2016,Summer,170,2,1401.6807706138807
8,CA North,2016,Summer,180,2,1602.9344980541816
8,CA North,2016,Summer,10,11,9.973903985779604
8,CA North,2016,Summer,20,24,110.73129434072897
8,CA North,2016,Summer,30,45,537.77218360297
8,CA North,2016,Summer,40,42,986.041200634712
8,CA North,2016,Summer,50,23,911.6826654377787
8,CA North,2016,Summer,60,11,668.9060786286694
8,CA North,2016,Summer,70,6,523.9178809122786
8,CA North,2016,Summer,80,5,597.3136128618861
8,CA North,2017,Summer,90,3,472.5202207033223
8,CA North,2017,Summer,100,5,1008.4921041784934
8,CA North,2017,Summer,110,5,1261.3356036462947
8,CA North,2017,Summer,120,7,2165.993425993511
8,CA North,2017,Summer,130,9,3360.4409029987
8,CA North,2017,Summer,140,3,1332.9684244174603
8,CA North,2017,Summer,150,9,4701.881650258125
8,CA North,2017,Summer,160,8,4863.053326040894
8,CA North,2017,Summer,170,4,2803.3615412277613
8,CA North,2017,Summer,180,1,801.4672490270908
8,CA North,2017,Summer,220,1,1283.6519565443598
8,CA North,2017,Summer,20,8,36.910431446909655
8,CA North,2017,Summer,30,17,203.15838047223315
8,CA North,2017,Summer,40,33,774.7466576415594
8,CA North,2017,Summer,50,30,1189.1513027449287
8,CA North,2017,Summer,60,24,1459.4314442807333
8,CA North,2017,Summer,70,15,1309.7947022806966
8,CA North,2017,Summer,80,8,955.7017805790177
8,CA North,2018,Summer,90,3,472.5202207033223
8,CA North,2018,Summer,100,4,806.7936833427947
8,CA North,2018,Summer,110,11,2774.938328021848
8,CA North,2018,Summer,120,9,2784.8486905630857
8,CA North,2018,Summer,130,8,2987.058580443289
8,CA North,2018,Summer,140,13,5776.1965058089945
8,CA North,2018,Summer,150,6,3134.58776683875
8,CA North,2018,Summer,160,4,2431.526663020447
8,CA North,2018,Summer,170,3,2102.521155920821
8,CA North,2018,Summer,180,2,1602.9344980541816
8,CA North,2018,Summer,20,2,9.227607861727414
8,CA North,2018,Summer,30,20,239.0098593790978
8,CA North,2018,Summer,40,14,328.68040021157066
8,CA North,2018,Summer,50,29,1149.5129259867645
8,CA North,2018,Summer,60,14,851.3350091637611
8,CA North,2018,Summer,70,13,1135.1554086432704
8,CA North,2018,Summer,80,13,1553.0153934409038
8,CA North,2019,Summer,90,8,1260.0539218755262
8,CA North,2019,Summer,100,16,3227.1747333711787
8,CA North,2019,Summer,110,11,2774.938328021848
8,CA North,2019,Summer,120,7,2165.993425993511
8,CA North,2019,Summer,130,7,2613.676257887878
8,CA North,2019,Summer,140,7,3110.259656974074
8,CA North,2019,Summer,150,5,2612.156472365625
8,CA North,2019,Summer,160,3,1823.6449972653352
8,CA North,2019,Summer,170,8,5606.723082455523
8,CA North,2019,Summer,180,3,2404.4017470812723
8,CA North,2019,Summer,190,3,2729.7480691698706
8,CA North,2019,Summer,200,2,2052.6699776743626
8,CA North,2019,Summer,20,3,13.84141179259112
8,CA North,2019,Summer,30,8,95.60394375163912
8,CA North,2019,Summer,40,22,516.4977717610396
8,CA North,2019,Summer,50,17,673.852404888793
8,CA North,2019,Summer,60,16,972.9542961871556
8,CA North,2019,Summer,70,22,1921.0322300116884
8,CA North,2019,Summer,80,15,1791.9408385856582
8,CA North,2020,Summer,90,26,4095.17524609546
8,CA North,2020,Summer,100,16,3227.1747333711787
8,CA North,2020,Summer,110,18,4540.80817312666
8,CA North,2020,Summer,120,12,3713.131587417448
8,CA North,2020,Summer,130,12,4480.587870664934
8,CA North,2020,Summer,140,12,5331.873697669841
8,CA North,2020,Summer,150,4,2089.7251778925
8,CA North,2020,Summer,160,5,3039.4083287755584
8,CA North,2020,Summer,170,1,700.8403853069403
8,CA North,2020,Summer,180,4,3205.8689961083633
8,CA North,2020,Summer,190,2,1819.832046113247
8,CA North,2020,Summer,220,1,1283.6519565443598
8,CA North,2020,Summer,30,2,23.90098593790978
8,CA North,2020,Summer,40,6,140.86302866210173
8,CA North,2020,Summer,50,21,832.4059119214501
8,CA North,2020,Summer,60,30,1824.2893053509167
8,CA North,2020,Summer,70,33,2881.5483450175325
8,CA North,2020,Summer,80,34,4061.7325674608255
8,CA North,2021,Summer,90,10,1575.0674023444076
8,CA North,2021,Summer,100,17,3428.873154206877
8,CA North,2021,Summer,110,19,4793.07529385592
8,CA North,2021,Summer,120,12,3713.131587417448
8,CA North,2021,Summer,130,8,2987.058580443289
8,CA North,2021,Summer,140,14,6220.519313948148
8,CA North,2021,Summer,150,9,4701.881650258125
8,CA North,2021,Summer,160,8,4863.053326040894
8,CA North,2021,Summer,170,5,3504.2019265347017
8,CA North,2021,Summer,180,3,2404.4017470812723
8,CA North,2021,Summer,220,1,1283.6519565443598
8,CA North,2021,Summer,20,1,4.613803930863707
8,CA North,2021,Summer,40,6,140.86302866210173
8,CA North,2021,Summer,50,10,396.3837675816429
8,CA North,2021,Summer,60,26,1581.0507313041278
8,CA North,2021,Summer,70,21,1833.7125831929752
8,CA North,2021,Summer,80,19,2269.7917288751673
8,CA North,2022,Summer,90,22,3465.148285157697
8,CA North,2022,Summer,100,29,5849.254204235262
8,CA North,2022,Summer,110,16,4036.2739316681427
8,CA North,2022,Summer,120,20,6188.552645695746
8,CA North,2022,Summer,130,9,3360.4409029987
8,CA North,2022,Summer,140,9,3998.905273252381
8,CA North,2022,Summer,150,7,3657.0190613118752
8,CA North,2022,Summer,160,7,4255.171660285782
8,CA North,2022,Summer,170,2,1401.6807706138807
8,CA North,2022,Summer,180,1,801.4672490270908
8,CA North,2022,Summer,30,3,35.85147890686467
8,CA North,2022,Summer,40,20,469.5434288736724
8,CA North,2022,Summer,50,22,872.0442886796144
8,CA North,2022,Summer,60,14,851.3350091637611
8,CA North,2022,Summer,70,30,2619.589404561393
8,CA North,2022,Summer,80,24,2867.105341737053
8,CA North,2023,Summer,90,41,6457.7763496120715
8,CA North,2023,Summer,100,27,5445.857362563864
8,CA North,2023,Summer,110,23,5802.143776772955
8,CA North,2023,Summer,120,25,7735.690807119683
8,CA North,2023,Summer,130,12,4480.587870664934
8,CA North,2023,Summer,140,11,4887.5508895306875
8,CA North,2023,Summer,150,8,4179.450355785
8,CA North,2023,Summer,160,7,4255.171660285782
8,CA North,2023,Summer,170,3,2102.521155920821
8,CA North,2023,Summer,180,1,801.4672490270908
8,CA North,2023,Summer,20,1,4.613803930863707
8,CA North,2023,Summer,30,3,35.85147890686467
8,CA North,2023,Summer,40,23,539.9749432047232
8,CA North,2023,Summer,50,55,2180.110721699036
8,CA North,2023,Summer,60,54,3283.72074963165
8,CA North,2023,Summer,70,57,4977.219868666647
8,CA North,2023,Summer,80,44,5256.359793184598
8,CA North,2024,Summer,90,14,2205.094363282171
8,CA North,2024,Summer,100,8,1613.5873666855894
8,CA North,2024,Summer,110,16,4036.2739316681427
8,CA North,2024,Summer,120,12,3713.131587417448
8,CA North,2024,Summer,130,8,2987.058580443289
8,CA North,2024,Summer,140,6,2665.9368488349205
8,CA North,2024,Summer,150,3,1567.293883419375
8,CA North,2024,Summer,160,3,1823.6449972653352
8,CA North,2024,Summer,170,2,1401.6807706138807
8,CA North,2024,Summer,180,1,801.4672490270908
8,CA North,2024,Summer,30,2,23.90098593790978
8,CA North,2024,Summer,40,13,305.2032287678871
8,CA North,2024,Summer,50,12,475.66052109797147
8,CA North,2024,Summer,60,15,912.1446526754584
8,CA North,2024,Summer,70,20,1746.3929363742623
8,CA North,2024,Summer,80,19,2269.7917288751673
8,CA North,2004,Summer,90,16,2520.1078437510523
8,CA North,2004,Summer,100,8,1613.5873666855894
8,CA North,2004,Summer,110,16,4036.2739316681427
8,CA North,2004,Summer,120,8,2475.4210582782985
8,CA North,2004,Summer,130,8,2987.058580443289
8,CA North,2004,Summer,140,1,444.32280813915344
8,CA North,2004,Summer,150,6,3134.58776683875
8,CA North,2004,Summer,160,1,607.8816657551117
8,CA North,2004,Summer,10,1,0.9067185441617822
8,CA North,2004,Summer,20,1,4.613803930863707
8,CA North,2004,Summer,30,4,47.80197187581956
8,CA North,2004,Summer,40,9,211.2945429931526
8,CA North,2004,Summer,50,13,515.2988978561358
8,CA North,2004,Summer,60,15,912.1446526754584
8,CA North,2004,Summer,70,15,1309.7947022806966
8,CA North,2004,Summer,80,15,1791.9408385856582
8,CA North,2005,Summer,90,16,2520.1078437510523
8,CA North,2005,Summer,100,18,3630.571575042576
8,CA North,2005,Summer,110,19,4793.07529385592
8,CA North,2005,Summer,120,17,5260.269748841384
8,CA North,2005,Summer,130,7,2613.676257887878
8,CA North,2005,Summer,140,3,1332.9684244174603
8,CA North,2005,Summer,160,1,607.8816657551117
8,CA North,2005,Summer,170,3,2102.521155920821
8,CA North,2005,Summer,180,1,801.4672490270908
8,CA North,2005,Summer,20,4,18.455215723454828
8,CA North,2005,Summer,30,6,71.70295781372934
8,CA North,2005,Summer,40,8,187.81737154946896
8,CA North,2005,Summer,50,5,198.19188379082146
8,CA North,2005,Summer,60,9,547.286791605275
8,CA North,2005,Summer,70,12,1047.8357618245573
8,CA North,2005,Summer,80,13,1553.0153934409038
3,CA North,2006,Summer,90,22,3465.148285157697
3,CA North,2006,Summer,100,33,6656.047887578056
3,CA North,2006,Summer,110,38,9586.15058771184
3,CA North,2006,Summer,120,12,3713.131587417448
3,CA North,2006,Summer,130,7,2613.676257887878
3,CA North,2006,Summer,140,3,1332.9684244174603
3,CA North,2006,Summer,150,1,522.431294473125
3,CA North,2006,Summer,160,1,607.8816657551117
3,CA North,2006,Summer,20,2,9.227607861727414
3,CA North,2006,Summer,30,4,47.80197187581956
3,CA North,2006,Summer,40,4,93.90868577473448
3,CA North,2006,Summer,50,2,79.27675351632858
3,CA North,2006,Summer,60,7,425.66750458188056
3,CA North,2006,Summer,70,15,1309.7947022806966
3,CA North,2006,Summer,80,19,2269.7917288751673
3,CA North,2007,Summer,90,23,3622.6550253921378
3,CA North,2007,Summer,100,32,6454.349466742357
3,CA North,2007,Summer,110,25,6306.678018231473
3,CA North,2007,Summer,120,17,5260.269748841384
3,CA North,2007,Summer,130,9,3360.4409029987
3,CA North,2007,Summer,140,3,1332.9684244174603
3,CA North,2007,Summer,40,6,140.86302866210173
3,CA North,2007,Summer,50,10,396.3837675816429
3,CA North,2007,Summer,60,8,486.4771480935778
3,CA North,2007,Summer,70,14,1222.4750554619836
3,CA North,2007,Summer,80,22,2628.179896592299
3,CA North,2008,Summer,90,21,3307.6415449232563
3,CA North,2008,Summer,100,17,3428.873154206877
3,CA North,2008,Summer,110,18,4540.80817312666
3,CA North,2008,Summer,120,5,1547.1381614239365
3,CA North,2008,Summer,130,3,1120.1469676662334
3,CA North,2008,Summer,40,9,211.2945429931526
3,CA North,2008,Summer,50,18,713.4907816469572
3,CA North,2008,Summer,60,10,608.0964351169722
3,CA North,2008,Summer,70,17,1484.433995918123
3,CA North,2008,Summer,80,14,1672.4781160132811
3,CA North,2009,Summer,90,10,1575.0674023444076
3,CA North,2009,Summer,100,8,1613.5873666855894
3,CA North,2009,Summer,110,13,3279.472569480366
3,CA North,2009,Summer,120,6,1856.565793708724
3,CA North,2009,Summer,130,2,746.7646451108222
3,CA North,2009,Summer,50,4,158.55350703265717
3,CA North,2009,Summer,60,5,304.0482175584861
3,CA North,2009,Summer,70,4,349.27858727485244
3,CA North,2009,Summer,80,7,836.2390580066406
3,CA North,2010,Summer,90,6,945.0404414066446
3,CA North,2010,Summer,100,5,1008.4921041784934
3,CA North,2010,Summer,110,4,1009.0684829170357
3,CA North,2010,Summer,120,4,1237.7105291391492
3,CA North,2010,Summer,130,1,373.3823225554111
3,CA North,2010,Summer,40,1,23.47717144368362
3,CA North,2010,Summer,50,5,198.19188379082146
3,CA North,2010,Summer,60,4,243.2385740467889
3,CA North,2010,Summer,70,6,523.9178809122786
3,CA North,2010,Summer,80,10,1194.6272257237722
3,CA North,2011,Summer,90,11,1732.5741425788485
3,CA North,2011,Summer,100,13,2622.079470864083
3,CA North,2011,Summer,110,3,756.8013621877767
3,CA North,2011,Summer,120,1,309.4276322847873
3,CA North,2011,Summer,130,1,373.3823225554111
3,CA North,2011,Summer,30,1,11.95049296895489
3,CA North,2011,Summer,40,3,70.43151433105086
3,CA North,2011,Summer,50,3,118.91513027449287
3,CA North,2011,Summer,60,2,121.61928702339445
3,CA North,2011,Summer,70,5,436.59823409356557
3,CA North,2011,Summer,80,6,716.7763354342633
3,CA North,2013,Summer,90,4,630.0269609377631
3,CA North,2013,Summer,100,6,1210.190525014192
3,CA North,2013,Summer,110,7,1765.8698451048124
3,CA North,2013,Summer,120,7,2165.993425993511
3,CA North,2013,Summer,70,1,87.31964681871311
3,CA North,2013,Summer,80,5,597.3136128618861
3,CA North,2014,Summer,90,1,157.50674023444077
3,CA North,2014,Summer,100,2,403.39684167139734
3,CA North,2014,Summer,110,4,1009.0684829170357
3,CA North,2014,Summer,120,2,618.8552645695746
3,CA North,2014,Summer,150,1,522.431294473125
3,CA North,2014,Summer,80,1,119.46272257237722
3,CA North,2015,Summer,110,1,252.26712072925892
3,CA North,2015,Summer,120,2,618.8552645695746
3,CA North,2015,Summer,130,1,373.3823225554111
3,CA North,2015,Summer,140,1,444.32280813915344
3,CA North,2016,Summer,30,1,11.95049296895489
3,CA North,2016,Summer,60,3,182.42893053509167
3,CA North,2018,Summer,110,4,1009.0684829170357
3,CA North,2018,Summer,120,6,1856.565793708724
3,CA North,2018,Summer,130,4,1493.5292902216445
3,CA North,2018,Summer,140,2,888.6456162783069
3,CA North,2018,Summer,150,1,522.431294473125
3,CA North,2018,Summer,80,1,119.46272257237722
3,CA North,2019,Summer,90,1,157.50674023444077
3,CA North,2019,Summer,100,1,201.69842083569867
3,CA North,2019,Summer,110,1,252.26712072925892
3,CA North,2019,Summer,130,1,373.3823225554111
3,CA North,2019,Summer,140,1,444.32280813915344
3,CA North,2019,Summer,160,1,607.8816657551117
3,CA North,2020,Summer,90,1,157.50674023444077
3,CA North,2020,Summer,120,2,618.8552645695746
3,CA North,2020,Summer,130,1,373.3823225554111
3,CA North,2020,Summer,140,4,1777.2912325566137
3,CA North,2020,Summer,170,1,700.8403853069403
3,CA North,2020,Summer,190,1,909.9160230566235
3,CA North,2021,Summer,190,2,1819.832046113247
3,CA North,2021,Summer,200,1,1026.3349888371813
3,CA North,2021,Summer,220,1,1283.6519565443598
3,CA North,2021,Summer,230,1,1424.8230310926651
3,CA North,2021,Summer,40,1,23.47717144368362
3,CA North,2022,Summer,110,1,252.26712072925892
3,CA North,2022,Summer,140,1,444.32280813915344
3,CA North,2022,Summer,160,5,3039.4083287755584
3,CA North,2022,Summer,170,1,700.8403853069403
3,CA North,2022,Summer,180,1,801.4672490270908
3,CA North,2023,Summer,100,1,201.69842083569867
3,CA North,2023,Summer,50,1,39.63837675816429
3,CA North,2024,Summer,100,1,201.69842083569867
3,CA North,2024,Summer,150,1,522.431294473125
3,CA North,2024,Summer,160,1,607.8816657551117
3,CA North,2024,Summer,170,1,700.8403853069403
3,CA North,2024,Summer,180,1,801.4672490270908
3,CA North,2024,Summer,190,1,909.9160230566235
3,CA North,2024,Summer,220,1,1283.6519565443598
3,CA North,2024,Summer,230,1,1424.8230310926651
3,CA North,2004,Summer,90,41,6457.7763496120715
3,CA North,2004,Summer,100,36,7261.143150085152
3,CA North,2004,Summer,110,14,3531.7396902096248
3,CA North,2004,Summer,120,3,928.282896854362
3,CA North,2004,Summer,130,3,1120.1469676662334
3,CA North,2004,Summer,150,1,522.431294473125
3,CA North,2004,Summer,30,2,23.90098593790978
3,CA North,2004,Summer,40,6,140.86302866210173
3,CA North,2004,Summer,50,1,39.63837675816429
3,CA North,2004,Summer,60,3,182.42893053509167
3,CA North,2004,Summer,70,11,960.5161150058442
3,CA North,2004,Summer,80,26,3106.0307868818077
3,CA North,2005,Summer,90,23,3622.6550253921378
3,CA North,2005,Summer,100,29,5849.254204235262
3,CA North,2005,Summer,110,17,4288.5410523974015
3,CA North,2005,Summer,120,11,3403.70395513266
3,CA North,2005,Summer,130,6,2240.293935332467
3,CA North,2005,Summer,140,3,1332.9684244174603
3,CA North,2005,Summer,30,1,11.95049296895489
3,CA North,2005,Summer,40,3,70.43151433105086
3,CA North,2005,Summer,50,6,237.83026054898573
3,CA North,2005,Summer,60,5,304.0482175584861
3,CA North,2005,Summer,70,11,960.5161150058442
3,CA North,2005,Summer,80,11,1314.0899482961495
5,CA North,2010,Summer,90,4,630.0269609377631
5,CA North,2010,Summer,100,7,1411.8889458498907
5,CA North,2010,Summer,110,3,756.8013621877767
5,CA North,2010,Summer,120,4,1237.7105291391492
5,CA North,2010,Summer,130,5,1866.9116127770556
5,CA North,2010,Summer,150,2,1044.86258894625
5,CA North,2010,Summer,50,1,39.63837675816429
5,CA North,2010,Summer,60,3,182.42893053509167
5,CA North,2010,Summer,70,3,261.9589404561393
5,CA North,2010,Summer,80,5,597.3136128618861
5,CA North,2015,Summer,90,1,157.50674023444077
5,CA North,2015,Summer,100,1,201.69842083569867
5,CA North,2015,Summer,130,2,746.7646451108222
5,CA North,2015,Summer,140,1,444.32280813915344
5,CA North,2015,Summer,80,1,119.46272257237722
5,CA North,2017,Summer,100,1,201.69842083569867
5,CA North,2017,Summer,110,1,252.26712072925892
5,CA North,2017,Summer,120,2,618.8552645695746
5,CA North,2017,Summer,150,3,1567.293883419375
5,CA North,2017,Summer,20,1,4.613803930863707
5,CA North,2017,Summer,30,2,23.90098593790978
5,CA North,2017,Summer,40,1,23.47717144368362
5,CA North,2017,Summer,50,1,39.63837675816429
5,CA North,2017,Summer,60,4,243.2385740467889
5,CA North,2017,Summer,70,2,174.63929363742622
5,CA North,2017,Summer,80,3,358.38816771713164
5,CA North,2018,Summer,90,1,157.50674023444077
5,CA North,2018,Summer,110,3,756.8013621877767
5,CA North,2018,Summer,120,1,309.4276322847873
5,CA North,2018,Summer,130,3,1120.1469676662334
5,CA North,2018,Summer,160,1,607.8816657551117
5,CA North,2018,Summer,190,1,909.9160230566235
5,CA North,2018,Summer,10,2,1.8134370883235644
5,CA North,2018,Summer,20,2,9.227607861727414
5,CA North,2018,Summer,40,1,23.47717144368362
5,CA North,2018,Summer,70,2,174.63929363742622
5,CA North,2018,Summer,80,1,119.46272257237722
5,CA North,2019,Summer,130,1,373.3823225554111
5,CA North,2019,Summer,140,1,444.32280813915344
5,CA North,2019,Summer,150,1,522.431294473125
5,CA North,2019,Summer,40,1,23.47717144368362
5,CA North,2019,Summer,50,2,79.27675351632858
5,CA North,2019,Summer,60,3,182.42893053509167
5,CA North,2019,Summer,80,1,119.46272257237722
5,CA North,2020,Summer,90,2,315.01348046888154
5,CA North,2020,Summer,100,2,403.39684167139734
5,CA North,2020,Summer,120,2,618.8552645695746
5,CA North,2020,Summer,130,1,373.3823225554111
5,CA North,2020,Summer,140,1,444.32280813915344
5,CA North,2020,Summer,5,21,3.7420118287584208
5,CA North,2020,Summer,10,6,5.440311264970694
5,CA North,2020,Summer,20,1,4.613803930863707
5,CA North,2020,Summer,70,1,87.31964681871311
5,CA North,2020,Summer,80,2,238.92544514475443
5,CA North,2021,Summer,90,1,157.50674023444077
5,CA North,2021,Summer,120,4,1237.7105291391492
5,CA North,2021,Summer,130,1,373.3823225554111
5,CA North,2021,Summer,150,2,1044.86258894625
5,CA North,2021,Summer,160,1,607.8816657551117
5,CA North,2021,Summer,170,1,700.8403853069403
5,CA North,2021,Summer,180,1,801.4672490270908
5,CA North,2021,Summer,70,1,87.31964681871311
5,CA North,2021,Summer,80,2,238.92544514475443
5,CA North,2022,Summer,100,2,403.39684167139734
5,CA North,2022,Summer,110,2,504.53424145851784
5,CA North,2022,Summer,120,3,928.282896854362
5,CA North,2022,Summer,130,1,373.3823225554111
5,CA North,2022,Summer,140,1,444.32280813915344
5,CA North,2022,Summer,180,1,801.4672490270908
5,CA North,2022,Summer,70,1,87.31964681871311
5,CA North,2022,Summer,80,1,119.46272257237722
5,CA North,2023,Summer,90,2,315.01348046888154
5,CA North,2023,Summer,100,1,201.69842083569867
5,CA North,2023,Summer,110,3,756.8013621877767
5,CA North,2023,Summer,120,6,1856.565793708724
5,CA North,2023,Summer,150,4,2089.7251778925
5,CA North,2023,Summer,170,1,700.8403853069403
5,CA North,2023,Summer,70,1,87.31964681871311
5,CA North,2023,Summer,80,1,119.46272257237722
5,CA North,2024,Summer,90,2,315.01348046888154
5,CA North,2024,Summer,100,1,201.69842083569867
5,CA North,2024,Summer,110,1,252.26712072925892
5,CA North,2024,Summer,120,1,309.4276322847873
5,CA North,2024,Summer,160,2,1215.7633315102235
5,CA North,2024,Summer,170,1,700.8403853069403
11,CA North,2010,Summer,90,5,787.5337011722038
11,CA North,2010,Summer,100,7,1411.8889458498907
11,CA North,2010,Summer,110,7,1765.8698451048124
11,CA North,2010,Summer,40,2,46.95434288736724
11,CA North,2010,Summer,50,2,79.27675351632858
11,CA North,2010,Summer,60,2,121.61928702339445
11,CA North,2010,Summer,70,2,174.63929363742622
11,CA North,2010,Summer,80,6,716.7763354342633
11,CA North,2011,Summer,90,5,787.5337011722038
11,CA North,2011,Summer,100,4,806.7936833427947
11,CA North,2011,Summer,110,1,252.26712072925892
11,CA North,2011,Summer,120,2,618.8552645695746
11,CA North,2011,Summer,50,1,39.63837675816429
11,CA North,2011,Summer,60,1,60.809643511697224
11,CA North,2011,Summer,70,4,349.27858727485244
11,CA North,2011,Summer,80,5,597.3136128618861
11,CA North,2020,Summer,90,14,2205.094363282171
11,CA North,2020,Summer,100,3,605.095262507096
11,CA North,2020,Summer,110,4,1009.0684829170357
11,CA North,2020,Summer,120,6,1856.565793708724
11,CA North,2020,Summer,130,1,373.3823225554111
11,CA North,2020,Summer,140,2,888.6456162783069
11,CA North,2020,Summer,150,4,2089.7251778925
11,CA North,2020,Summer,160,4,2431.526663020447
11,CA North,2020,Summer,170,2,1401.6807706138807
11,CA North,2020,Summer,180,1,801.4672490270908
11,CA North,2020,Summer,190,1,909.9160230566235
11,CA North,2020,Summer,40,2,46.95434288736724
11,CA North,2020,Summer,50,4,158.55350703265717
11,CA North,2020,Summer,60,8,486.4771480935778
11,CA North,2020,Summer,70,18,1571.753642736836
11,CA North,2020,Summer,80,19,2269.7917288751673
