site_id,year,species_lump,tidal_elevation,count
K,2001,Mytilus californianus,1.88667,1
K,2001,Mytilus californianus,1.58168,1
K,2001,Mytilus californianus,0.98667,1
K,2001,Mytilus californianus,1.8467,1
K,2001,Mytilus californianus,1.85667,1
K,2001,Mytilus californianus,1.72169,1
K,2001,Mytilus californianus,1.58667,1
K,2001,Mytilus californianus,1.18667,1
K,2001,Mytilus californianus,1.14343,1
K,2001,Mytilus californianus,1.10009,1
K,2001,Mytilus californianus,1.05667,1
K,2001,Mytilus californianus,1.19174,1
K,2001,Mytilus californianus,1.86667,1
K,2001,Mytilus californianus,1.93702,1
K,2001,Mytilus californianus,2.00713,1
K,2001,Mytilus californianus,2.07709,1
K,2001,Mytilus californianus,2.14701,1
K,2001,Mytilus californianus,2.21688,1
K,2001,Mytilus californianus,2.22832,1
K,2001,Mytilus californianus,2.16989,1
K,2001,Mytilus californianus,1.99407,1
K,2001,Mytilus californianus,1.93544,1
K,2001,Mytilus californianus,1.87667,1
K,2001,Mytilus californianus,1.67667,1
K,2001,Mytilus californianus,1.73667,1
K,2001,Mytilus californianus,1.84346,1
K,2001,Mytilus californianus,1.95012,1
K,2001,Mytilus californianus,2.05667,1
K,2001,Mytilus californianus,2.02282,1
K,2001,Mytilus californianus,1.98891,1
K,2001,Mytilus californianus,1.95478,1
K,2001,Mytilus californianus,1.92074,1
K,2001,Mytilus californianus,1.88667,1
K,2001,Mytilus californianus,1.76243,1
K,2001,Mytilus californianus,1.63813,1
K,2001,Postelsia palmaeformis,1.51378,1
K,2001,Mytilus californianus,1.51378,1
K,2001,Postelsia palmaeformis,1.38942,1
K,2001,Mytilus californianus,1.265,1
K,2001,Postelsia palmaeformis,1.265,1
K,2001,Mytilus californianus,0.97834,1
K,2001,Postelsia palmaeformis,0.97834,1
K,2001,Mytilus californianus,0.81978,1
K,2001,Postelsia palmaeformis,0.81978,1
K,2001,Mytilus californianus,0.78927,1
K,2001,Mytilus californianus,0.75875,1
K,2001,Mytilus californianus,0.72836,1
K,2001,Mytilus californianus,0.69773,1
K,2001,Mytilus californianus,0.66711,1
K,2001,Mytilus californianus,0.6367,1
K,2001,Mytilus californianus,0.575,1
K,2001,Mytilus californianus,2.1633,1
K,2001,Mytilus californianus,2.00667,1
K,2001,Mytilus californianus,2.0466,1
K,2001,Mytilus californianus,1.97667,1
K,2001,Mytilus californianus,2.08667,1
K,2001,Mytilus californianus,2.13445,1
K,2001,Mytilus californianus,2.18235,1
K,2001,Mytilus californianus,2.23042,1
K,2001,Mytilus californianus,2.27852,1
K,2001,Mytilus californianus,2.26667,1
K,2001,Mytilus californianus,1.74668,1
K,2001,Mytilus californianus,1.48667,1
K,2001,Mytilus californianus,0.87667,1
K,2001,Mytilus californianus,1.88667,1
K,2001,Mytilus californianus,2.10667,1
K,2001,Mytilus californianus,2.21671,1
K,2001,Mytilus californianus,2.32667,1
K,2001,Mytilus californianus,2.34343,1
K,2001,Mytilus californianus,2.37667,1
K,2001,Mytilus californianus,2.36674,1
K,2001,Mytilus californianus,2.35667,1
K,2001,Mytilus californianus,2.09667,1
K,2001,Mytilus californianus,2.03667,1
K,2001,Mytilus californianus,1.8448,1
K,2001,Mytilus californianus,1.74882,1
K,2001,Mytilus californianus,1.23667,1
K,2001,Postelsia palmaeformis,0.55667,1
K,2001,Mytilus californianus,0.61667,1
K,2001,Mytilus californianus,1.06667,1
K,2001,Mytilus californianus,1.14164,1
K,2001,Mytilus californianus,1.21667,1
K,2001,Mytilus californianus,1.24166,1
K,2001,Mytilus californianus,1.26667,1
K,2001,Mytilus californianus,1.18665,1
K,2001,Mytilus californianus,1.14667,1
K,2001,Mytilus californianus,1.12665,1
K,2001,Mytilus californianus,1.10663,1
K,2001,Mytilus californianus,1.08659,1
K,2001,Mytilus californianus,1.06668,1
K,2001,Mytilus californianus,1.04667,1
K,2001,Mytilus californianus,1.02672,1
K,2001,Mytilus californianus,1.00668,1
K,2001,Mytilus californianus,0.98668,1
K,2001,Mytilus californianus,0.96667,1
K,2001,Mytilus californianus,0.90667,1
K,2001,Mytilus californianus,0.8067,1
K,2001,Mytilus californianus,0.70669,1
K,2001,Mytilus californianus,0.60667,1
K,2001,Mytilus californianus,0.62005,1
K,2001,Mytilus californianus,2.12646,1
K,2001,Mytilus californianus,1.96643,1
K,2001,Mytilus californianus,1.93667,1
K,2001,Mytilus californianus,1.84663,1
K,2001,Mytilus californianus,2.61667,1
K,2001,Mytilus californianus,2.41672,1
K,2001,Mytilus californianus,2.39878,1
K,2001,Mytilus californianus,2.39092,1
K,2001,Mytilus californianus,2.37484,1
K,2001,Mytilus californianus,2.23168,1
K,2001,Mytilus californianus,2.12667,1
K,2001,Mytilus californianus,2.18171,1
K,2001,Mytilus californianus,0.89667,1
K,2001,Mytilus californianus,2.17667,1
K,2001,Mytilus californianus,2.19412,1
K,2001,Mytilus californianus,2.21159,1
K,2001,Mytilus californianus,2.24667,1
K,2001,Mytilus californianus,2.2126,1
K,2001,Mytilus californianus,2.17877,1
K,2001,Mytilus californianus,2.14486,1
K,2001,Mytilus californianus,2.11081,1
K,2001,Mytilus californianus,2.07667,1
K,2001,Mytilus californianus,1.91667,1
K,2001,Mytilus californianus,1.86667,1
K,2001,Mytilus californianus,1.91667,1
K,2001,Mytilus californianus,1.88005,1
K,2001,Mytilus californianus,1.84341,1
K,2001,Mytilus californianus,1.80667,1
K,2001,Postelsia palmaeformis,1.80667,1
K,2001,Mytilus californianus,1.68667,1
K,2001,Mytilus californianus,1.58352,1
K,2001,Mytilus californianus,1.48005,1
K,2001,Mytilus californianus,1.37667,1
K,2001,Mytilus californianus,1.15653,1
K,2001,Mytilus californianus,0.93648,1
K,2001,Mytilus californianus,0.71647,1
K,2001,Mytilus californianus,0.49653,1
K,2001,Mytilus californianus,0.27667,1
K,2001,Mytilus californianus,0.44667,1
K,2001,Mytilus californianus,0.49667,1
K,2001,Mytilus californianus,0.66667,1
K,2001,Mytilus californianus,0.76667,1
K,2001,Mytilus californianus,0.84339,1
K,2001,Mytilus californianus,0.92007,1
K,2001,Mytilus californianus,0.99667,1
K,2001,Mytilus californianus,0.97667,1
K,2001,Mytilus californianus,0.81021,1
K,2001,Mytilus californianus,0.77354,1
K,2001,Mytilus californianus,0.73673,1
K,2001,Mytilus californianus,0.69976,1
K,2001,Mytilus californianus,0.55069,1
K,2001,Mytilus californianus,0.51289,1
K,2001,Mytilus californianus,0.475,1
K,2001,Mytilus californianus,1.52069,1
K,2001,Mytilus californianus,2.67667,1
K,2001,Mytilus californianus,2.3221,1
K,2001,Mytilus californianus,2.32691,1
K,2001,Mytilus californianus,2.33192,1
K,2001,Mytilus californianus,2.33697,1
K,2001,Mytilus californianus,2.34177,1
K,2001,Mytilus californianus,2.34667,1
K,2001,Mytilus californianus,2.32066,1
K,2001,Mytilus californianus,2.29465,1
K,2001,Mytilus californianus,2.26862,1
K,2001,Mytilus californianus,2.24258,1
K,2001,Mytilus californianus,2.12782,1
K,2001,Mytilus californianus,2.03907,1
K,2001,Mytilus californianus,1.86185,1
K,2001,Mytilus californianus,1.77339,1
K,2001,Mytilus californianus,1.68499,1
K,2001,Mytilus californianus,1.59667,1
K,2001,Mytilus californianus,0.75667,1
K,2001,Mytilus californianus,1.72667,1
K,2001,Mytilus californianus,1.8116,1
K,2001,Mytilus californianus,1.89667,1
K,2001,Mytilus californianus,1.87655,1
K,2001,Mytilus californianus,1.85658,1
K,2001,Mytilus californianus,1.83667,1
K,2001,Mytilus californianus,1.81656,1
K,2001,Mytilus californianus,1.79663,1
K,2001,Mytilus californianus,1.77667,1
K,2001,Mytilus californianus,1.83168,1
K,2001,Mytilus californianus,1.87474,1
K,2001,Mytilus californianus,1.86273,1
K,2001,Mytilus californianus,1.85083,1
K,2001,Mytilus californianus,1.83885,1
K,2001,Mytilus californianus,1.82667,1
K,2001,Mytilus californianus,1.78667,1
K,2001,Mytilus californianus,1.69995,1
K,2001,Mytilus californianus,1.6132,1
K,2001,Mytilus californianus,1.52667,1
K,2001,Mytilus californianus,1.53667,1
K,2001,Mytilus californianus,1.444,1
K,2001,Mytilus californianus,1.35145,1
K,2001,Mytilus californianus,1.25904,1
K,2001,Mytilus californianus,1.16667,1
K,2001,Mytilus californianus,1.07166,1
K,2001,Mytilus californianus,0.97667,1
K,2001,Mytilus californianus,0.57477,1
K,2001,Mytilus californianus,0.76667,1
K,2001,Mytilus californianus,0.77667,1
K,2001,Mytilus californianus,0.74667,1
K,2001,Mytilus californianus,0.68171,1
K,2001,Mytilus californianus,0.61667,1
K,2001,Mytilus californianus,0.67165,1
K,2001,Mytilus californianus,2.22429,1
K,2001,Mytilus californianus,2.26284,1
K,2001,Mytilus californianus,2.28083,1
K,2001,Mytilus californianus,2.27473,1
K,2001,Mytilus californianus,2.26882,1
K,2001,Mytilus californianus,2.25667,1
K,2001,Mytilus californianus,2.32894,1
K,2001,Mytilus californianus,2.34667,1
K,2001,Mytilus californianus,2.3471,1
K,2001,Mytilus californianus,2.34733,1
K,2001,Mytilus californianus,2.34773,1
K,2001,Mytilus californianus,2.34706,1
K,2001,Mytilus californianus,2.04667,1
K,2001,Mytilus californianus,2.03346,1
K,2001,Mytilus californianus,2.02013,1
K,2001,Mytilus californianus,2.00667,1
K,2001,Mytilus californianus,2.00701,1
K,2001,Mytilus californianus,2.00721,1
K,2001,Mytilus californianus,1.88176,1
K,2001,Mytilus californianus,1.75667,1
K,2001,Mytilus californianus,1.75674,1
K,2001,Mytilus californianus,1.80175,1
K,2001,Mytilus californianus,1.84667,1
K,2001,Mytilus californianus,1.70344,1
K,2001,Mytilus californianus,1.56011,1
K,2001,Mytilus californianus,1.41667,1
K,2001,Mytilus californianus,0.94667,1
K,2001,Mytilus californianus,1.54667,1
K,2001,Mytilus californianus,1.58166,1
K,2001,Mytilus californianus,1.61667,1
K,2001,Mytilus californianus,1.59167,1
K,2001,Mytilus californianus,1.56667,1
K,2001,Mytilus californianus,1.50667,1
K,2001,Mytilus californianus,1.39667,1
K,2001,Mytilus californianus,1.54667,1
K,2001,Mytilus californianus,1.51667,1
K,2001,Mytilus californianus,1.44667,1
K,2001,Mytilus californianus,1.50667,1
K,2001,Mytilus californianus,1.49463,1
K,2001,Mytilus californianus,1.48262,1
K,2001,Mytilus californianus,1.47043,1
K,2001,Mytilus californianus,1.4585,1
K,2001,Mytilus californianus,1.44667,1
K,2001,Mytilus californianus,0.94994,1
K,2001,Mytilus californianus,0.45329,1
K,2001,Mytilus californianus,-0.4339,1
K,2001,Mytilus californianus,-0.3428,1
K,2001,Mytilus californianus,-0.2514,1
K,2001,Mytilus californianus,0.61385,1
K,2001,Mytilus californianus,0.60714,1
K,2001,Mytilus californianus,0.60063,1
K,2001,Mytilus californianus,0.59425,1
K,2001,Mytilus californianus,0.58804,1
K,2001,Mytilus californianus,0.53609,1
K,2001,Mytilus californianus,0.43847,1
K,2001,Mytilus californianus,0.34097,1
K,2001,Mytilus californianus,2.14666,1
K,2001,Mytilus californianus,2.09667,1
K,2001,Mytilus californianus,2.10669,1
K,2001,Mytilus californianus,2.11668,1
K,2001,Mytilus californianus,2.03332,1
K,2001,Mytilus californianus,1.96667,1
K,2001,Mytilus californianus,2.04667,1
K,2001,Mytilus californianus,2.06999,1
K,2001,Mytilus californianus,2.11667,1
K,2001,Mytilus californianus,2.09667,1
K,2001,Mytilus californianus,1.96667,1
K,2001,Mytilus californianus,1.96087,1
K,2001,Mytilus californianus,1.9549,1
K,2001,Mytilus californianus,1.94889,1
K,2001,Mytilus californianus,1.94281,1
K,2001,Mytilus californianus,1.93667,1
K,2001,Mytilus californianus,1.94275,1
K,2001,Mytilus californianus,1.94879,1
K,2001,Mytilus californianus,1.95484,1
K,2001,Mytilus californianus,1.96076,1
K,2001,Mytilus californianus,1.96667,1
K,2001,Mytilus californianus,1.94462,1
K,2001,Mytilus californianus,1.92265,1
K,2001,Mytilus californianus,1.90066,1
K,2001,Mytilus californianus,1.87868,1
K,2001,Mytilus californianus,1.82648,1
K,2001,Mytilus californianus,1.81654,1
K,2001,Mytilus californianus,1.80667,1
K,2001,Mytilus californianus,1.74657,1
K,2001,Mytilus californianus,1.68654,1
K,2001,Mytilus californianus,1.62662,1
K,2001,Mytilus californianus,1.56667,1
K,2001,Mytilus californianus,1.52667,1
K,2001,Mytilus californianus,1.55461,1
K,2001,Mytilus californianus,1.58257,1
K,2001,Mytilus californianus,1.61057,1
K,2001,Mytilus californianus,1.6386,1
K,2001,Mytilus californianus,1.66667,1
K,2001,Mytilus californianus,1.66339,1
K,2001,Mytilus californianus,1.66005,1
K,2001,Mytilus californianus,1.65667,1
K,2001,Mytilus californianus,1.45667,1
K,2001,Mytilus californianus,1.60667,1
K,2001,Mytilus californianus,1.60071,1
K,2001,Mytilus californianus,1.59476,1
K,2001,Mytilus californianus,1.58876,1
K,2001,Mytilus californianus,1.58271,1
K,2001,Mytilus californianus,1.57667,1
K,2001,Mytilus californianus,1.36637,1
K,2001,Mytilus californianus,1.15606,1
K,2001,Mytilus californianus,0.94572,1
K,2001,Mytilus californianus,0.73537,1
K,2001,Mytilus californianus,0.525,1
K,2001,Mytilus californianus,0.15503,1
K,2001,Mytilus californianus,1.57694,1
K,2001,Mytilus californianus,1.00832,1
K,2001,Mytilus californianus,0.975,1
K,2001,Mytilus californianus,1.08481,1
K,2001,Mytilus californianus,0.785,1
K,2001,Mytilus californianus,0.55502,1
K,2001,Mytilus californianus,0.45498,1
K,2001,Mytilus californianus,0.44834,1
K,2001,Mytilus californianus,0.53834,1
K,2001,Mytilus californianus,0.485,1
K,2001,Mytilus californianus,0.53102,1
K,2001,Mytilus californianus,0.255,1
K,2001,Mytilus californianus,-0.045,1
K,2001,Mytilus californianus,0.32213,1
K,2001,Mytilus californianus,0.1907,1
K,2001,Mytilus californianus,0.22748,1
K,2001,Mytilus californianus,0.19249,1
K,2001,Mytilus californianus,0.205,1
K,2001,Mytilus californianus,1.2675,1
K,2001,Mytilus californianus,1.24304,1
K,2001,Mytilus californianus,1.18492,1
K,2001,Mytilus californianus,0.67988,1
K,2001,Mytilus californianus,0.71005,1
K,2001,Mytilus californianus,0.71703,1
K,2001,Mytilus californianus,0.68458,1
K,2001,Mytilus californianus,1.025,1
K,2001,Mytilus californianus,1.03403,1
K,2001,Mytilus californianus,1.04284,1
K,2001,Mytilus californianus,0.96672,1
K,2001,Mytilus californianus,0.33393,1
K,2001,Mytilus californianus,0.42089,1
K,2001,Mytilus californianus,0.50842,1
K,2001,Mytilus californianus,0.595,1
K,2001,Mytilus californianus,0.3827,1
K,2001,Mytilus californianus,0.53766,1
K,2001,Mytilus californianus,0.52366,1
K,2001,Mytilus californianus,0.34075,1
K,2001,Mytilus californianus,-0.025,1
K,2001,Mytilus californianus,0.1451,1
K,2001,Mytilus californianus,0.315,1
K,2001,Mytilus californianus,1.47115,1
K,2001,Mytilus californianus,1.36764,1
K,2001,Mytilus californianus,1.26892,1
K,2001,Mytilus californianus,0.865,1
K,2001,Mytilus californianus,0.93855,1
K,2001,Mytilus californianus,1.0123,1
K,2001,Mytilus californianus,1.08621,1
K,2001,Mytilus californianus,1.15835,1
K,2001,Mytilus californianus,1.23007,1
K,2001,Mytilus californianus,1.20949,1
K,2001,Mytilus californianus,1.09762,1
K,2001,Mytilus californianus,0.985,1
K,2001,Mytilus californianus,1.005,1
K,2001,Mytilus californianus,1.33118,1
K,2001,Mytilus californianus,1.38253,1
K,2001,Mytilus californianus,1.48279,1
K,2001,Mytilus californianus,1.14992,1
K,2001,Mytilus californianus,0.68911,1
K,2001,Mytilus californianus,0.22792,1
K,2001,Mytilus californianus,0.59102,1
K,2001,Mytilus californianus,1.295,1
K,2001,Mytilus californianus,0.93155,1
K,2001,Mytilus californianus,0.56824,1
K,2001,Mytilus californianus,0.675,1
K,2001,Mytilus californianus,0.68618,1
K,2001,Mytilus californianus,0.61832,1
K,2001,Mytilus californianus,0.73359,1
K,2001,Mytilus californianus,0.545,1
K,2001,Mytilus californianus,0.36508,1
K,2001,Mytilus californianus,0.425,1
K,2001,Mytilus californianus,0.265,1
K,2001,Mytilus californianus,0.46495,1
K,2001,Mytilus californianus,0.665,1
K,2001,Mytilus californianus,0.48757,1
K,2001,Mytilus californianus,0.31042,1
K,2001,Mytilus californianus,0.1334,1
K,2001,Mytilus californianus,0.25832,1
K,2001,Mytilus californianus,0.101,1
K,2001,Mytilus californianus,0.23498,1
K,2001,Mytilus californianus,0.18497,1
K,2001,Mytilus californianus,0.315,1
K,2001,Mytilus californianus,0.1498,1
K,2001,Mytilus californianus,1.28096,1
K,2001,Mytilus californianus,1.29701,1
K,2001,Mytilus californianus,1.27164,1
K,2001,Mytilus californianus,1.20438,1
K,2001,Mytilus californianus,1.13857,1
K,2001,Mytilus californianus,1.07171,1
K,2001,Mytilus californianus,1.265,1
K,2001,Mytilus californianus,1.20011,1
K,2001,Mytilus californianus,1.135,1
K,2001,Mytilus californianus,1.17382,1
K,2001,Mytilus californianus,1.25036,1
K,2001,Mytilus californianus,1.28756,1
K,2001,Mytilus californianus,1.32435,1
K,2001,Mytilus californianus,1.36005,1
K,2001,Mytilus californianus,1.39607,1
K,2001,Mytilus californianus,1.3237,1
K,2001,Mytilus californianus,1.215,1
K,2001,Mytilus californianus,1.22769,1
K,2001,Mytilus californianus,1.23946,1
K,2001,Mytilus californianus,1.30787,1
K,2001,Mytilus californianus,1.43297,1
K,2001,Mytilus californianus,1.49593,1
K,2001,Mytilus californianus,1.49696,1
K,2001,Mytilus californianus,1.49647,1
K,2001,Mytilus californianus,1.495,1
K,2001,Mytilus californianus,1.58312,1
K,2001,Mytilus californianus,1.67108,1
K,2001,Mytilus californianus,1.61827,1
K,2001,Mytilus californianus,1.42474,1
K,2001,Mytilus californianus,1.2317,1
K,2001,Mytilus californianus,1.03921,1
K,2001,Mytilus californianus,0.69894,1
K,2001,Mytilus californianus,0.415,1
K,2001,Mytilus californianus,0.84505,1
K,2001,Mytilus californianus,0.77709,1
K,2001,Mytilus californianus,0.59279,1
K,2001,Mytilus californianus,0.49504,1
K,2001,Mytilus californianus,0.29857,1
K,2001,Mytilus californianus,-0.0837,1
K,2001,Mytilus californianus,-0.1023,1
K,2001,Mytilus californianus,0.28834,1
K,2001,Mytilus californianus,0.075,1
K,2001,Mytilus californianus,0.215,1
K,2001,Mytilus californianus,0.135,1
K,2001,Mytilus californianus,0.995,1
K,2001,Mytilus californianus,1.20888,1
K,2001,Mytilus californianus,1.03494,1
K,2001,Mytilus californianus,1.18412,1
K,2001,Mytilus californianus,1.10041,1
K,2001,Mytilus californianus,1.09966,1
K,2001,Mytilus californianus,1.18257,1
K,2001,Mytilus californianus,1.08025,1
K,2001,Mytilus californianus,1.14312,1
K,2001,Mytilus californianus,1.17483,1
K,2001,Mytilus californianus,1.20639,1
K,2001,Mytilus californianus,1.23804,1
K,2001,Mytilus californianus,1.2693,1
K,2001,Mytilus californianus,1.18503,1
K,2001,Mytilus californianus,1.08168,1
K,2001,Mytilus californianus,1.19129,1
K,2001,Mytilus californianus,1.22368,1
K,2001,Mytilus californianus,1.289,1
K,2001,Mytilus californianus,1.31978,1
K,2001,Mytilus californianus,1.2617,1
K,2001,Mytilus californianus,1.27655,1
K,2001,Mytilus californianus,1.34427,1
K,2001,Mytilus californianus,1.38174,1
K,2001,Mytilus californianus,1.32838,1
K,2001,Mytilus californianus,1.12719,1
K,2001,Mytilus californianus,0.62611000000000006,1
K,2001,Mytilus californianus,0.375,1
K,2001,Mytilus californianus,0.74592,1
K,2001,Mytilus californianus,0.1678,1
K,2001,Mytilus californianus,0.45298,1
K,2001,Mytilus californianus,0.71695,1
K,2001,Mytilus californianus,0.7809,1
K,2001,Mytilus californianus,0.845,1
K,2001,Mytilus californianus,0.60755,1
K,2001,Mytilus californianus,0.1325,1
K,2003,Mytilus californianus,2.45479,1
K,2003,Mytilus californianus,0.91667,1
K,2003,Mytilus californianus,2.17165,1
K,2003,Mytilus californianus,2.14666,1
K,2003,Mytilus californianus,2.09667,1
K,2003,Mytilus californianus,2.10669,1
K,2003,Mytilus californianus,2.11668,1
K,2003,Mytilus californianus,2.12668,1
K,2003,Mytilus californianus,2.14667,1
K,2003,Mytilus californianus,2.16667,1
K,2003,Mytilus californianus,2.09999,1
K,2003,Mytilus californianus,1.96667,1
K,2003,Mytilus californianus,2.04667,1
K,2003,Mytilus californianus,2.06999,1
K,2003,Mytilus californianus,2.09667,1
K,2003,Mytilus californianus,1.96667,1
K,2003,Mytilus californianus,1.94889,1
K,2003,Mytilus californianus,1.94281,1
K,2003,Mytilus californianus,1.93667,1
K,2003,Mytilus californianus,1.94275,1
K,2003,Mytilus californianus,1.94462,1
K,2003,Mytilus californianus,1.92265,1
K,2003,Mytilus californianus,1.90066,1
K,2003,Mytilus californianus,1.87868,1
K,2003,Mytilus californianus,1.82648,1
K,2003,Mytilus californianus,1.81654,1
K,2003,Mytilus californianus,1.80667,1
K,2003,Mytilus californianus,1.74657,1
K,2003,Mytilus californianus,1.68654,1
K,2003,Mytilus californianus,1.62662,1
K,2003,Mytilus californianus,1.56667,1
K,2003,Mytilus californianus,-0.3333,1
K,2003,Mytilus californianus,1.28667,1
K,2003,Mytilus californianus,1.52667,1
K,2003,Mytilus californianus,1.55461,1
K,2003,Mytilus californianus,1.58257,1
K,2003,Mytilus californianus,1.61057,1
K,2003,Mytilus californianus,1.6386,1
K,2003,Mytilus californianus,1.66667,1
K,2003,Mytilus californianus,1.66339,1
K,2003,Mytilus californianus,1.66005,1
K,2003,Mytilus californianus,1.65667,1
K,2003,Mytilus californianus,1.45667,1
K,2003,Mytilus californianus,1.60667,1
K,2003,Mytilus californianus,1.60071,1
K,2003,Mytilus californianus,1.59476,1
K,2003,Mytilus californianus,1.58876,1
K,2003,Mytilus californianus,1.58271,1
K,2003,Mytilus californianus,1.57667,1
K,2003,Mytilus californianus,1.36637,1
K,2003,Mytilus californianus,1.80667,1
K,2003,Mytilus californianus,1.58168,1
K,2003,Mytilus californianus,0.98667,1
K,2003,Mytilus californianus,0.99665,1
K,2003,Mytilus californianus,1.85667,1
K,2003,Mytilus californianus,1.72169,1
K,2003,Mytilus californianus,1.18667,1
K,2003,Mytilus californianus,1.14343,1
K,2003,Mytilus californianus,1.10009,1
K,2003,Mytilus californianus,1.05667,1
K,2003,Mytilus californianus,-0.3013,1
K,2003,Mytilus californianus,1.19174,1
K,2003,Mytilus californianus,1.86667,1
K,2003,Mytilus californianus,1.93702,1
K,2003,Mytilus californianus,2.00713,1
K,2003,Mytilus californianus,2.07709,1
K,2003,Mytilus californianus,2.14701,1
K,2003,Mytilus californianus,2.21688,1
K,2003,Mytilus californianus,2.16989,1
K,2003,Mytilus californianus,2.05288,1
K,2003,Mytilus californianus,1.99407,1
K,2003,Mytilus californianus,1.93544,1
K,2003,Mytilus californianus,1.87667,1
K,2003,Mytilus californianus,1.67667,1
K,2003,Mytilus californianus,1.73667,1
K,2003,Mytilus californianus,1.84346,1
K,2003,Mytilus californianus,1.95012,1
K,2003,Mytilus californianus,2.05667,1
K,2003,Mytilus californianus,2.02282,1
K,2003,Mytilus californianus,1.98891,1
K,2003,Mytilus californianus,1.95478,1
K,2003,Mytilus californianus,1.92074,1
K,2003,Mytilus californianus,1.88667,1
K,2003,Mytilus californianus,1.76243,1
K,2003,Mytilus californianus,1.51378,1
K,2003,Mytilus californianus,1.38942,1
K,2003,Mytilus californianus,1.265,1
K,2003,Mytilus californianus,0.97834,1
K,2003,Mytilus californianus,0.81978,1
K,2003,Postelsia palmaeformis,0.78927,1
K,2003,Mytilus californianus,0.75875,1
K,2003,Postelsia palmaeformis,0.75875,1
K,2003,Mytilus californianus,2.20565,1
K,2003,Mytilus californianus,2.27008,1
K,2003,Mytilus californianus,2.33448,1
K,2003,Mytilus californianus,2.35667,1
K,2003,Mytilus californianus,1.97667,1
K,2003,Mytilus californianus,2.08667,1
K,2003,Mytilus californianus,2.13445,1
K,2003,Mytilus californianus,2.18235,1
K,2003,Mytilus californianus,2.23042,1
K,2003,Mytilus californianus,2.27852,1
K,2003,Mytilus californianus,2.32667,1
K,2003,Mytilus californianus,2.26667,1
K,2003,Mytilus californianus,0.87667,1
K,2003,Mytilus californianus,2.10667,1
K,2003,Mytilus californianus,2.21671,1
K,2003,Mytilus californianus,2.32667,1
K,2003,Mytilus californianus,2.34343,1
K,2003,Mytilus californianus,2.36014,1
K,2003,Mytilus californianus,2.37667,1
K,2003,Mytilus californianus,2.36674,1
K,2003,Mytilus californianus,2.35667,1
K,2003,Mytilus californianus,2.29667,1
K,2003,Mytilus californianus,1.8448,1
K,2003,Mytilus californianus,1.74882,1
K,2003,Mytilus californianus,1.6529,1
K,2003,Mytilus californianus,1.55667,1
K,2003,Mytilus californianus,1.23667,1
K,2003,Mytilus californianus,0.61667,1
K,2003,Mytilus californianus,0.42667,1
K,2003,Mytilus californianus,1.26667,1
K,2003,Mytilus californianus,1.22665,1
K,2003,Postelsia palmaeformis,1.14667,1
K,2003,Postelsia palmaeformis,1.12665,1
K,2003,Postelsia palmaeformis,1.10663,1
K,2003,Mytilus californianus,1.06668,1
K,2003,Mytilus californianus,1.04667,1
K,2003,Mytilus californianus,2.00252,1
K,2003,Mytilus californianus,1.75667,1
K,2003,Mytilus californianus,2.33066,1
K,2003,Mytilus californianus,2.44702,1
K,2003,Mytilus californianus,2.43684,1
K,2003,Mytilus californianus,2.42675,1
K,2003,Mytilus californianus,2.41672,1
K,2003,Mytilus californianus,2.40667,1
K,2003,Mytilus californianus,2.39878,1
K,2003,Mytilus californianus,2.39092,1
K,2003,Mytilus californianus,2.38273,1
K,2003,Mytilus californianus,2.37484,1
K,2003,Mytilus californianus,2.36667,1
K,2003,Mytilus californianus,2.23168,1
K,2003,Mytilus californianus,2.12667,1
K,2003,Mytilus californianus,2.23667,1
K,2003,Mytilus californianus,1.94667,1
K,2003,Mytilus californianus,0.89667,1
K,2003,Mytilus californianus,0.66667,1
K,2003,Mytilus californianus,2.17667,1
K,2003,Mytilus californianus,2.19412,1
K,2003,Mytilus californianus,2.21159,1
K,2003,Mytilus californianus,2.22911,1
K,2003,Mytilus californianus,2.24667,1
K,2003,Mytilus californianus,2.2126,1
K,2003,Mytilus californianus,2.17877,1
K,2003,Mytilus californianus,2.14486,1
K,2003,Mytilus californianus,2.11081,1
K,2003,Mytilus californianus,2.07667,1
K,2003,Mytilus californianus,1.91667,1
K,2003,Mytilus californianus,1.86667,1
K,2003,Mytilus californianus,1.91667,1
K,2003,Mytilus californianus,1.88005,1
K,2003,Mytilus californianus,1.84341,1
K,2003,Mytilus californianus,1.80667,1
K,2003,Mytilus californianus,1.74679,1
K,2003,Mytilus californianus,1.68667,1
K,2003,Mytilus californianus,1.58352,1
K,2003,Mytilus californianus,1.48005,1
K,2003,Mytilus californianus,1.37667,1
K,2003,Mytilus californianus,1.15653,1
K,2003,Mytilus californianus,0.93648,1
K,2003,Mytilus californianus,0.71647,1
K,2003,Mytilus californianus,0.49653,1
K,2003,Mytilus californianus,0.27667,1
K,2003,Mytilus californianus,-0.2033,1
K,2003,Mytilus californianus,-0.2033,1
K,2003,Mytilus californianus,0.1467,1
K,2003,Mytilus californianus,0.49667,1
K,2003,Mytilus californianus,0.44667,1
K,2003,Mytilus californianus,0.68667,1
K,2003,Mytilus californianus,0.76667,1
K,2003,Mytilus californianus,0.84339,1
K,2003,Mytilus californianus,0.99667,1
K,2003,Mytilus californianus,0.97667,1
K,2003,Mytilus californianus,0.84667,1
K,2003,Mytilus californianus,2.39665,1
K,2003,Mytilus californianus,2.32691,1
K,2003,Mytilus californianus,2.33192,1
K,2003,Mytilus californianus,2.33697,1
K,2003,Mytilus californianus,2.34177,1
K,2003,Mytilus californianus,2.34667,1
K,2003,Mytilus californianus,2.32066,1
K,2003,Mytilus californianus,2.29465,1
K,2003,Mytilus californianus,2.26862,1
K,2003,Mytilus californianus,2.24258,1
K,2003,Mytilus californianus,2.21667,1
K,2003,Mytilus californianus,2.12782,1
K,2003,Mytilus californianus,2.03907,1
K,2003,Mytilus californianus,1.95039,1
K,2003,Mytilus californianus,1.86185,1
K,2003,Mytilus californianus,1.77339,1
K,2003,Mytilus californianus,1.68499,1
K,2003,Mytilus californianus,1.59667,1
K,2003,Mytilus californianus,1.05667,1
K,2003,Mytilus californianus,1.72667,1
K,2003,Mytilus californianus,1.8116,1
K,2003,Mytilus californianus,1.89667,1
K,2003,Mytilus californianus,1.87655,1
K,2003,Mytilus californianus,1.85658,1
K,2003,Mytilus californianus,1.83667,1
K,2003,Mytilus californianus,1.81656,1
K,2003,Mytilus californianus,1.79663,1
K,2003,Mytilus californianus,1.77667,1
K,2003,Mytilus californianus,1.83168,1
K,2003,Mytilus californianus,1.88667,1
K,2003,Mytilus californianus,1.87474,1
K,2003,Mytilus californianus,1.86273,1
K,2003,Mytilus californianus,1.85083,1
K,2003,Mytilus californianus,1.83885,1
K,2003,Mytilus californianus,1.82667,1
K,2003,Mytilus californianus,1.68667,1
K,2003,Mytilus californianus,1.78667,1
K,2003,Mytilus californianus,1.6132,1
K,2003,Mytilus californianus,1.52667,1
K,2003,Mytilus californianus,1.53667,1
K,2003,Mytilus californianus,1.444,1
K,2003,Mytilus californianus,1.35145,1
K,2003,Mytilus californianus,1.16667,1
K,2003,Mytilus californianus,1.07166,1
K,2003,Mytilus californianus,0.97667,1
K,2003,Mytilus californianus,-0.1433,1
K,2003,Mytilus californianus,-0.0933,1
K,2003,Mytilus californianus,-0.0012,1
K,2003,Mytilus californianus,0.19084,1
K,2003,Mytilus californianus,0.57477,1
K,2003,Mytilus californianus,0.76667,1
K,2003,Mytilus californianus,0.77667,1
K,2003,Mytilus californianus,0.74667,1
K,2003,Mytilus californianus,0.68171,1
K,2003,Mytilus californianus,0.61667,1
K,2003,Mytilus californianus,0.60648,1
K,2003,Mytilus californianus,0.59624,1
K,2003,Mytilus californianus,0.58597,1
K,2003,Mytilus californianus,0.57553,1
K,2003,Mytilus californianus,2.39667,1
K,2003,Mytilus californianus,1.40164,1
K,2003,Mytilus californianus,2.22429,1
K,2003,Mytilus californianus,2.26895,1
K,2003,Mytilus californianus,2.28083,1
K,2003,Mytilus californianus,2.28667,1
K,2003,Mytilus californianus,2.28072,1
K,2003,Mytilus californianus,2.27473,1
K,2003,Mytilus californianus,2.26882,1
K,2003,Mytilus californianus,2.26277,1
K,2003,Mytilus californianus,2.2931,1
K,2003,Mytilus californianus,2.3471,1
K,2003,Mytilus californianus,2.03346,1
K,2003,Mytilus californianus,2.00701,1
K,2003,Mytilus californianus,2.00721,1
K,2003,Mytilus californianus,2.00719,1
K,2003,Mytilus californianus,2.00695,1
K,2003,Mytilus californianus,2.00667,1
K,2003,Mytilus californianus,1.88176,1
K,2003,Mytilus californianus,1.75667,1
K,2003,Mytilus californianus,1.75674,1
K,2003,Mytilus californianus,1.75667,1
K,2003,Mytilus californianus,1.80175,1
K,2003,Mytilus californianus,1.84667,1
K,2003,Mytilus californianus,1.70344,1
K,2003,Mytilus californianus,1.56011,1
K,2003,Mytilus californianus,1.41667,1
K,2003,Mytilus californianus,0.53169,1
K,2003,Mytilus californianus,0.94667,1
K,2003,Mytilus californianus,1.04168,1
K,2003,Mytilus californianus,1.13667,1
K,2003,Mytilus californianus,1.54667,1
K,2003,Mytilus californianus,1.58166,1
K,2003,Mytilus californianus,1.61667,1
K,2003,Mytilus californianus,1.59167,1
K,2003,Mytilus californianus,1.56667,1
K,2003,Mytilus californianus,1.48262,1
K,2003,Mytilus californianus,1.47043,1
K,2003,Mytilus californianus,1.4585,1
K,2003,Mytilus californianus,0.94994,1
K,2003,Mytilus californianus,0.45329,1
K,2003,Mytilus californianus,-0.0384,1
K,2003,Mytilus californianus,1.00832,1
K,2003,Mytilus californianus,0.975,1
K,2003,Mytilus californianus,0.49941,1
K,2003,Mytilus californianus,0.785,1
K,2003,Mytilus californianus,0.54031,1
K,2003,Mytilus californianus,0.61412,1
K,2003,Mytilus californianus,0.68802,1
K,2003,Mytilus californianus,0.55502,1
K,2003,Mytilus californianus,0.49498,1
K,2003,Mytilus californianus,0.43,1
K,2003,Mytilus californianus,0.44834,1
K,2003,Mytilus californianus,0.53834,1
K,2003,Mytilus californianus,0.485,1
K,2003,Mytilus californianus,0.53102,1
K,2003,Mytilus californianus,0.275,1
K,2003,Mytilus californianus,0.255,1
K,2003,Mytilus californianus,0.18353,1
K,2003,Mytilus californianus,0.32213,1
K,2003,Mytilus californianus,0.1907,1
K,2003,Mytilus californianus,0.0449,1
K,2003,Mytilus californianus,0.17833,1
K,2003,Mytilus californianus,1.2675,1
K,2003,Mytilus californianus,1.24304,1
K,2003,Mytilus californianus,1.18492,1
K,2003,Mytilus californianus,1.025,1
K,2003,Mytilus californianus,0.67988,1
K,2003,Mytilus californianus,0.71005,1
K,2003,Mytilus californianus,0.71703,1
K,2003,Mytilus californianus,0.70135,1
K,2003,Mytilus californianus,0.68458,1
K,2003,Mytilus californianus,0.66976,1
K,2003,Mytilus californianus,0.65311,1
K,2003,Mytilus californianus,1.04284,1
K,2003,Mytilus californianus,0.96672,1
K,2003,Mytilus californianus,0.24594,1
K,2003,Mytilus californianus,0.33393,1
K,2003,Mytilus californianus,0.42089,1
K,2003,Mytilus californianus,0.50842,1
K,2003,Mytilus californianus,0.595,1
K,2003,Mytilus californianus,0.38598,1
K,2003,Mytilus californianus,0.1769,1
K,2003,Mytilus californianus,-0.0326,1
K,2003,Mytilus californianus,0.16521,1
K,2003,Mytilus californianus,0.1118,1
K,2003,Mytilus californianus,-0.025,1
K,2003,Mytilus californianus,1.36764,1
K,2003,Mytilus californianus,1.26892,1
K,2003,Mytilus californianus,0.65045,1
K,2003,Mytilus californianus,0.93855,1
K,2003,Mytilus californianus,1.0123,1
K,2003,Mytilus californianus,1.08621,1
K,2003,Mytilus californianus,1.15835,1
K,2003,Mytilus californianus,1.23007,1
K,2003,Mytilus californianus,1.20949,1
K,2003,Mytilus californianus,1.09762,1
K,2003,Mytilus californianus,0.985,1
K,2003,Mytilus californianus,0.9954,1
K,2003,Mytilus californianus,1.005,1
K,2003,Mytilus californianus,1.33118,1
K,2003,Mytilus californianus,1.38253,1
K,2003,Mytilus californianus,1.4332,1
K,2003,Mytilus californianus,1.48279,1
K,2003,Mytilus californianus,1.14992,1
K,2003,Mytilus californianus,0.68911,1
K,2003,Mytilus californianus,0.22792,1
K,2003,Mytilus californianus,0.59102,1
K,2003,Mytilus californianus,1.295,1
K,2003,Mytilus californianus,0.56824,1
K,2003,Mytilus californianus,0.675,1
K,2003,Mytilus californianus,0.685,1
K,2003,Mytilus californianus,0.56788,1
K,2003,Mytilus californianus,0.405,1
K,2003,Mytilus californianus,0.545,1
K,2003,Mytilus californianus,0.36508,1
K,2003,Mytilus californianus,0.425,1
K,2003,Mytilus californianus,0.665,1
K,2003,Mytilus californianus,0.135,1
K,2003,Mytilus californianus,1.28096,1
K,2003,Mytilus californianus,1.27164,1
K,2003,Mytilus californianus,1.20438,1
K,2003,Mytilus californianus,1.13857,1
K,2003,Mytilus californianus,1.07171,1
K,2003,Mytilus californianus,1.265,1
K,2003,Mytilus californianus,1.20011,1
K,2003,Mytilus californianus,1.135,1
K,2003,Mytilus californianus,1.17382,1
K,2003,Mytilus californianus,1.21186,1
K,2003,Mytilus californianus,1.25036,1
K,2003,Mytilus californianus,1.28756,1
K,2003,Mytilus californianus,1.32435,1
K,2003,Mytilus californianus,1.36005,1
K,2003,Mytilus californianus,1.39607,1
K,2003,Mytilus californianus,1.3237,1
K,2003,Mytilus californianus,1.215,1
K,2003,Mytilus californianus,1.22769,1
K,2003,Mytilus californianus,1.23946,1
K,2003,Mytilus californianus,1.30787,1
K,2003,Mytilus californianus,1.43297,1
K,2003,Mytilus californianus,1.49593,1
K,2003,Mytilus californianus,1.49696,1
K,2003,Mytilus californianus,1.49647,1
K,2003,Mytilus californianus,1.495,1
K,2003,Mytilus californianus,1.58312,1
K,2003,Mytilus californianus,1.67108,1
K,2003,Mytilus californianus,1.61827,1
K,2003,Mytilus californianus,1.42474,1
K,2003,Mytilus californianus,1.2317,1
K,2003,Mytilus californianus,1.03921,1
K,2003,Mytilus californianus,0.69894,1
K,2003,Mytilus californianus,0.77709,1
K,2003,Mytilus californianus,0.40776,1
K,2003,Mytilus californianus,0.29857,1
K,2003,Mytilus californianus,-0.0837,1
K,2003,Mytilus californianus,-0.1023,1
K,2003,Mytilus californianus,0.24271,1
K,2003,Mytilus californianus,1.21302,1
K,2003,Mytilus californianus,1.20888,1
K,2003,Mytilus californianus,1.205,1
K,2003,Mytilus californianus,0.865,1
K,2003,Mytilus californianus,1.18412,1
K,2003,Mytilus californianus,1.10041,1
K,2003,Mytilus californianus,1.01689,1
K,2003,Mytilus californianus,1.09966,1
K,2003,Mytilus californianus,1.18257,1
K,2003,Mytilus californianus,1.21653,1
K,2003,Mytilus californianus,1.10256,1
K,2003,Mytilus californianus,0.98868,1
K,2003,Mytilus californianus,1.11155,1
K,2003,Mytilus californianus,1.14312,1
K,2003,Mytilus californianus,1.17483,1
K,2003,Mytilus californianus,1.20639,1
K,2003,Mytilus californianus,1.23804,1
K,2003,Mytilus californianus,1.2693,1
K,2003,Mytilus californianus,1.18503,1
K,2003,Mytilus californianus,1.08168,1
K,2003,Mytilus californianus,1.19129,1
K,2003,Mytilus californianus,1.22368,1
K,2003,Mytilus californianus,1.25693,1
K,2003,Mytilus californianus,1.289,1
K,2003,Mytilus californianus,1.31978,1
K,2003,Mytilus californianus,1.27655,1
K,2003,Mytilus californianus,1.34427,1
K,2003,Mytilus californianus,1.38174,1
K,2003,Mytilus californianus,1.32838,1
K,2003,Mytilus californianus,1.12719,1
K,2003,Mytilus californianus,0.87691,1
K,2003,Mytilus californianus,0.62611000000000006,1
K,2003,Mytilus californianus,0.375,1
K,2003,Mytilus californianus,0.74592,1
K,2003,Mytilus californianus,0.62959,1
K,2003,Mytilus californianus,0.295,1
K,2003,Mytilus californianus,0.7809,1
K,2003,Mytilus californianus,0.1325,1
K,2003,Mytilus californianus,-0.105,1
K,2004,Mytilus californianus,1.58168,1
K,2004,Mytilus californianus,1.27667,1
K,2004,Mytilus californianus,1.83678,1
K,2004,Mytilus californianus,1.8467,1
K,2004,Mytilus californianus,1.85667,1
K,2004,Mytilus californianus,1.72169,1
K,2004,Mytilus californianus,1.58667,1
K,2004,Mytilus californianus,1.18667,1
K,2004,Mytilus californianus,1.14343,1
K,2004,Mytilus californianus,1.19174,1
K,2004,Mytilus californianus,1.86667,1
K,2004,Mytilus californianus,1.93702,1
K,2004,Mytilus californianus,2.00713,1
K,2004,Mytilus californianus,2.07709,1
K,2004,Mytilus californianus,2.14701,1
K,2004,Mytilus californianus,2.21688,1
K,2004,Mytilus californianus,2.22832,1
K,2004,Mytilus californianus,2.16989,1
K,2004,Mytilus californianus,1.99407,1
K,2004,Mytilus californianus,1.93544,1
K,2004,Mytilus californianus,1.87667,1
K,2004,Mytilus californianus,1.73667,1
K,2004,Mytilus californianus,1.84346,1
K,2004,Mytilus californianus,1.95012,1
K,2004,Mytilus californianus,2.05667,1
K,2004,Mytilus californianus,2.02282,1
K,2004,Mytilus californianus,1.98891,1
K,2004,Mytilus californianus,1.95478,1
K,2004,Mytilus californianus,1.92074,1
K,2004,Mytilus californianus,1.88667,1
K,2004,Mytilus californianus,1.76243,1
K,2004,Mytilus californianus,1.63813,1
K,2004,Mytilus californianus,1.51378,1
K,2004,Postelsia palmaeformis,1.38942,1
K,2004,Mytilus californianus,1.265,1
K,2004,Mytilus californianus,0.97834,1
K,2004,Mytilus californianus,0.81978,1
K,2004,Mytilus californianus,0.78927,1
K,2004,Mytilus californianus,0.75875,1
K,2004,Mytilus californianus,0.72836,1
K,2004,Mytilus californianus,0.69773,1
K,2004,Mytilus californianus,0.66711,1
K,2004,Mytilus californianus,0.6367,1
K,2004,Mytilus californianus,0.60583,1
K,2004,Mytilus californianus,0.575,1
K,2004,Mytilus californianus,0.39502,1
K,2004,Mytilus californianus,0.21502,1
K,2004,Mytilus californianus,2.08667,1
K,2004,Mytilus californianus,2.08667,1
K,2004,Mytilus californianus,2.13445,1
K,2004,Mytilus californianus,2.18235,1
K,2004,Mytilus californianus,2.23042,1
K,2004,Mytilus californianus,2.27852,1
K,2004,Mytilus californianus,2.32667,1
K,2004,Mytilus californianus,1.48667,1
K,2004,Mytilus californianus,1.88667,1
K,2004,Mytilus californianus,2.10667,1
K,2004,Mytilus californianus,2.21671,1
K,2004,Mytilus californianus,2.32667,1
K,2004,Mytilus californianus,2.34343,1
K,2004,Mytilus californianus,2.36014,1
K,2004,Mytilus californianus,2.36674,1
K,2004,Mytilus californianus,2.35667,1
K,2004,Mytilus californianus,2.29667,1
K,2004,Mytilus californianus,2.09667,1
K,2004,Mytilus californianus,2.03667,1
K,2004,Mytilus californianus,1.94068,1
K,2004,Mytilus californianus,1.8448,1
K,2004,Mytilus californianus,1.74882,1
K,2004,Mytilus californianus,1.6529,1
K,2004,Mytilus californianus,1.55667,1
K,2004,Mytilus californianus,1.03667,1
K,2004,Postelsia palmaeformis,1.03667,1
K,2004,Mytilus californianus,0.55667,1
K,2004,Mytilus californianus,0.69667,1
K,2004,Mytilus californianus,0.61667,1
K,2004,Mytilus californianus,-0.0233,1
K,2004,Mytilus californianus,1.06667,1
K,2004,Mytilus californianus,1.24166,1
K,2004,Postelsia palmaeformis,1.26667,1
K,2004,Postelsia palmaeformis,1.22665,1
K,2004,Postelsia palmaeformis,1.18665,1
K,2004,Postelsia palmaeformis,1.14667,1
K,2004,Postelsia palmaeformis,1.12665,1
K,2004,Mytilus californianus,1.10663,1
K,2004,Postelsia palmaeformis,1.08659,1
K,2004,Mytilus californianus,1.08659,1
K,2004,Postelsia palmaeformis,1.06668,1
K,2004,Mytilus californianus,1.02672,1
K,2004,Mytilus californianus,1.00668,1
K,2004,Mytilus californianus,0.98668,1
K,2004,Mytilus californianus,0.96667,1
K,2004,Mytilus californianus,0.90667,1
K,2004,Mytilus californianus,0.8067,1
K,2004,Mytilus californianus,0.70669,1
K,2004,Mytilus californianus,0.60667,1
K,2004,Mytilus californianus,0.62005,1
K,2004,Mytilus californianus,0.6334,1
K,2004,Mytilus californianus,2.00252,1
K,2004,Mytilus californianus,1.99452,1
K,2004,Mytilus californianus,1.94653,1
K,2004,Mytilus californianus,1.75667,1
K,2004,Mytilus californianus,2.39879,1
K,2004,Mytilus californianus,2.46667,1
K,2004,Mytilus californianus,2.43684,1
K,2004,Mytilus californianus,2.42675,1
K,2004,Mytilus californianus,2.40667,1
K,2004,Mytilus californianus,2.39878,1
K,2004,Mytilus californianus,2.39092,1
K,2004,Mytilus californianus,2.38273,1
K,2004,Mytilus californianus,2.37484,1
K,2004,Mytilus californianus,2.36667,1
K,2004,Mytilus californianus,2.23168,1
K,2004,Mytilus californianus,1.92667,1
K,2004,Mytilus californianus,2.12667,1
K,2004,Mytilus californianus,2.18171,1
K,2004,Mytilus californianus,2.23667,1
K,2004,Mytilus californianus,2.20667,1
K,2004,Mytilus californianus,2.17667,1
K,2004,Mytilus californianus,2.21159,1
K,2004,Mytilus californianus,2.22911,1
K,2004,Mytilus californianus,2.24667,1
K,2004,Mytilus californianus,2.2126,1
K,2004,Mytilus californianus,2.17877,1
K,2004,Mytilus californianus,2.14486,1
K,2004,Mytilus californianus,2.11081,1
K,2004,Mytilus californianus,2.07667,1
K,2004,Mytilus californianus,1.91667,1
K,2004,Mytilus californianus,1.86667,1
K,2004,Mytilus californianus,1.91667,1
K,2004,Mytilus californianus,1.88005,1
K,2004,Mytilus californianus,1.84341,1
K,2004,Mytilus californianus,1.80667,1
K,2004,Mytilus californianus,1.74679,1
K,2004,Mytilus californianus,1.68667,1
K,2004,Mytilus californianus,1.58352,1
K,2004,Mytilus californianus,1.48005,1
K,2004,Mytilus californianus,1.37667,1
K,2004,Mytilus californianus,1.15653,1
K,2004,Mytilus californianus,0.93648,1
K,2004,Mytilus californianus,0.71647,1
K,2004,Mytilus californianus,0.49653,1
K,2004,Mytilus californianus,0.27667,1
K,2004,Mytilus californianus,-0.2033,1
K,2004,Mytilus californianus,-0.2033,1
K,2004,Mytilus californianus,0.44667,1
K,2004,Mytilus californianus,0.49667,1
K,2004,Mytilus californianus,0.44667,1
K,2004,Mytilus californianus,0.55667,1
K,2004,Mytilus californianus,0.68667,1
K,2004,Postelsia palmaeformis,0.66667,1
K,2004,Mytilus californianus,0.84339,1
K,2004,Mytilus californianus,0.92007,1
K,2004,Mytilus californianus,0.84667,1
K,2004,Mytilus californianus,0.77354,1
K,2004,Mytilus californianus,0.73673,1
K,2004,Mytilus californianus,0.69976,1
K,2004,Mytilus californianus,0.66282,1
K,2004,Mytilus californianus,0.62581,1
K,2004,Mytilus californianus,0.58827,1
K,2004,Mytilus californianus,0.55069,1
K,2004,Mytilus californianus,0.51289,1
K,2004,Mytilus californianus,0.475,1
K,2004,Mytilus californianus,2.29666,1
K,2004,Mytilus californianus,1.52069,1
K,2004,Mytilus californianus,2.25667,1
K,2004,Mytilus californianus,2.67007,1
K,2004,Mytilus californianus,2.67345,1
K,2004,Mytilus californianus,2.31667,1
K,2004,Mytilus californianus,2.3221,1
K,2004,Mytilus californianus,2.33192,1
K,2004,Mytilus californianus,2.33697,1
K,2004,Mytilus californianus,2.34177,1
K,2004,Mytilus californianus,2.34667,1
K,2004,Mytilus californianus,2.32066,1
K,2004,Mytilus californianus,2.29465,1
K,2004,Mytilus californianus,2.26862,1
K,2004,Mytilus californianus,2.24258,1
K,2004,Mytilus californianus,2.21667,1
K,2004,Mytilus californianus,2.12782,1
K,2004,Mytilus californianus,2.03907,1
K,2004,Mytilus californianus,1.95039,1
K,2004,Mytilus californianus,1.86185,1
K,2004,Mytilus californianus,1.77339,1
K,2004,Mytilus californianus,1.68499,1
K,2004,Mytilus californianus,1.59667,1
K,2004,Mytilus californianus,1.72667,1
K,2004,Mytilus californianus,1.8116,1
K,2004,Mytilus californianus,1.89667,1
K,2004,Mytilus californianus,1.87655,1
K,2004,Mytilus californianus,1.85658,1
K,2004,Mytilus californianus,1.83667,1
K,2004,Mytilus californianus,1.81656,1
K,2004,Mytilus californianus,1.79663,1
K,2004,Mytilus californianus,1.77667,1
K,2004,Mytilus californianus,1.83168,1
K,2004,Mytilus californianus,1.88667,1
K,2004,Mytilus californianus,1.87474,1
K,2004,Mytilus californianus,1.86273,1
K,2004,Mytilus californianus,1.85083,1
K,2004,Mytilus californianus,1.83885,1
K,2004,Mytilus californianus,1.82667,1
K,2004,Mytilus californianus,1.68667,1
K,2004,Mytilus californianus,1.78667,1
K,2004,Mytilus californianus,1.69995,1
K,2004,Mytilus californianus,1.6132,1
K,2004,Mytilus californianus,1.52667,1
K,2004,Mytilus californianus,1.53667,1
K,2004,Mytilus californianus,1.444,1
K,2004,Mytilus californianus,1.35145,1
K,2004,Mytilus californianus,1.25904,1
K,2004,Mytilus californianus,1.16667,1
K,2004,Mytilus californianus,0.97667,1
K,2004,Mytilus californianus,-0.1433,1
K,2004,Mytilus californianus,-0.0933,1
K,2004,Mytilus californianus,0.38285,1
K,2004,Mytilus californianus,0.57477,1
K,2004,Mytilus californianus,0.76667,1
K,2004,Mytilus californianus,0.77667,1
K,2004,Mytilus californianus,0.74667,1
K,2004,Mytilus californianus,0.68171,1
K,2004,Mytilus californianus,0.61667,1
K,2004,Mytilus californianus,0.60648,1
K,2004,Mytilus californianus,0.59624,1
K,2004,Mytilus californianus,0.58597,1
K,2004,Mytilus californianus,0.57553,1
K,2004,Mytilus californianus,0.565,1
K,2004,Mytilus californianus,2.37662,1
K,2004,Mytilus californianus,1.68166,1
K,2004,Mytilus californianus,2.22429,1
K,2004,Mytilus californianus,2.23513,1
K,2004,Mytilus californianus,2.24593,1
K,2004,Mytilus californianus,2.27495,1
K,2004,Mytilus californianus,2.28083,1
K,2004,Mytilus californianus,2.28667,1
K,2004,Mytilus californianus,2.28072,1
K,2004,Mytilus californianus,2.27473,1
K,2004,Mytilus californianus,2.26882,1
K,2004,Mytilus californianus,2.26277,1
K,2004,Mytilus californianus,2.2931,1
K,2004,Mytilus californianus,2.3471,1
K,2004,Mytilus californianus,2.03346,1
K,2004,Mytilus californianus,2.02013,1
K,2004,Mytilus californianus,2.00667,1
K,2004,Mytilus californianus,2.00701,1
K,2004,Mytilus californianus,2.00721,1
K,2004,Mytilus californianus,2.00727,1
K,2004,Mytilus californianus,2.00719,1
K,2004,Mytilus californianus,2.00695,1
K,2004,Mytilus californianus,1.88176,1
K,2004,Mytilus californianus,1.75667,1
K,2004,Mytilus californianus,1.75674,1
K,2004,Mytilus californianus,1.75667,1
K,2004,Mytilus californianus,1.80175,1
K,2004,Mytilus californianus,1.84667,1
K,2004,Mytilus californianus,1.70344,1
K,2004,Mytilus californianus,1.56011,1
K,2004,Mytilus californianus,1.41667,1
K,2004,Mytilus californianus,0.53169,1
K,2004,Mytilus californianus,-0.3533,1
K,2004,Mytilus californianus,1.04168,1
K,2004,Mytilus californianus,1.13667,1
K,2004,Mytilus californianus,1.54667,1
K,2004,Mytilus californianus,1.58166,1
K,2004,Mytilus californianus,1.59167,1
K,2004,Mytilus californianus,1.56667,1
K,2004,Mytilus californianus,1.50667,1
K,2004,Mytilus californianus,1.54667,1
K,2004,Mytilus californianus,1.44667,1
K,2004,Mytilus californianus,1.36667,1
K,2004,Mytilus californianus,1.34667,1
K,2004,Mytilus californianus,1.49463,1
K,2004,Mytilus californianus,1.48262,1
K,2004,Mytilus californianus,1.47043,1
K,2004,Mytilus californianus,1.4585,1
K,2004,Mytilus californianus,1.44667,1
K,2004,Mytilus californianus,0.94994,1
K,2004,Mytilus californianus,0.45329,1
K,2004,Mytilus californianus,-0.0384,1
K,2004,Mytilus californianus,2.48667,1
K,2004,Mytilus californianus,2.17165,1
K,2004,Mytilus californianus,2.14666,1
K,2004,Mytilus californianus,2.09667,1
K,2004,Mytilus californianus,2.10669,1
K,2004,Mytilus californianus,2.11668,1
K,2004,Mytilus californianus,2.13667,1
K,2004,Mytilus californianus,2.14667,1
K,2004,Mytilus californianus,2.03332,1
K,2004,Mytilus californianus,1.96667,1
K,2004,Mytilus californianus,2.04667,1
K,2004,Mytilus californianus,2.06999,1
K,2004,Mytilus californianus,2.09333,1
K,2004,Mytilus californianus,2.09667,1
K,2004,Mytilus californianus,1.96667,1
K,2004,Mytilus californianus,1.96087,1
K,2004,Mytilus californianus,1.94889,1
K,2004,Mytilus californianus,1.94281,1
K,2004,Mytilus californianus,1.93667,1
K,2004,Mytilus californianus,1.94275,1
K,2004,Mytilus californianus,1.94879,1
K,2004,Mytilus californianus,1.94462,1
K,2004,Mytilus californianus,1.92265,1
K,2004,Mytilus californianus,1.90066,1
K,2004,Mytilus californianus,1.87868,1
K,2004,Mytilus californianus,1.82648,1
K,2004,Mytilus californianus,1.81654,1
K,2004,Mytilus californianus,1.80667,1
K,2004,Mytilus californianus,1.74657,1
K,2004,Mytilus californianus,1.68654,1
K,2004,Mytilus californianus,1.62662,1
K,2004,Mytilus californianus,1.56667,1
K,2004,Mytilus californianus,-0.3333,1
K,2004,Mytilus californianus,-0.2833,1
K,2004,Mytilus californianus,1.52667,1
K,2004,Mytilus californianus,1.55461,1
K,2004,Mytilus californianus,1.58257,1
K,2004,Mytilus californianus,1.61057,1
K,2004,Mytilus californianus,1.6386,1
K,2004,Mytilus californianus,1.66667,1
K,2004,Mytilus californianus,1.66339,1
K,2004,Mytilus californianus,1.66005,1
K,2004,Mytilus californianus,1.65667,1
K,2004,Mytilus californianus,1.45667,1
K,2004,Mytilus californianus,1.60667,1
K,2004,Mytilus californianus,1.60071,1
K,2004,Mytilus californianus,1.59476,1
K,2004,Mytilus californianus,1.58876,1
K,2004,Mytilus californianus,1.58271,1
K,2004,Mytilus californianus,1.57667,1
K,2004,Mytilus californianus,1.36637,1
K,2004,Mytilus californianus,1.15606,1
K,2004,Mytilus californianus,0.94572,1
K,2004,Mytilus californianus,0.525,1
K,2004,Mytilus californianus,0.15503,1
K,2004,Mytilus californianus,-0.215,1
K,2004,Mytilus californianus,-0.5849,1
K,2004,Mytilus californianus,-0.955,1
K,2004,Mytilus californianus,-1.325,1
K,2004,Mytilus californianus,-1.155,1
K,2004,Mytilus californianus,-0.525,1
K,2004,Mytilus californianus,-0.515,1
K,2004,Mytilus californianus,-0.425,1
K,2004,Mytilus californianus,-0.177,1
K,2004,Mytilus californianus,0.071,1
K,2004,Mytilus californianus,0.16127,1
K,2004,Mytilus californianus,0.0938,1
K,2004,Mytilus californianus,0.0263,1
K,2004,Mytilus californianus,1.00832,1
K,2004,Mytilus californianus,0.975,1
K,2004,Mytilus californianus,0.67744,1
K,2004,Mytilus californianus,1.08481,1
K,2004,Mytilus californianus,0.86456,1
K,2004,Mytilus californianus,0.20017,1
K,2004,Mytilus californianus,0.26811,1
K,2004,Mytilus californianus,0.785,1
K,2004,Mytilus californianus,0.54501,1
K,2004,Mytilus californianus,0.61412,1
K,2004,Mytilus californianus,0.68802,1
K,2004,Mytilus californianus,0.55502,1
K,2004,Mytilus californianus,0.49498,1
K,2004,Mytilus californianus,0.44834,1
K,2004,Mytilus californianus,0.53834,1
K,2004,Mytilus californianus,0.485,1
K,2004,Mytilus californianus,0.53102,1
K,2004,Mytilus californianus,0.275,1
K,2004,Mytilus californianus,-0.045,1
K,2004,Mytilus californianus,0.32213,1
K,2004,Mytilus californianus,0.1907,1
K,2004,Mytilus californianus,0.005,1
K,2004,Mytilus californianus,0.0449,1
K,2004,Mytilus californianus,0.17833,1
K,2004,Mytilus californianus,0.22748,1
K,2004,Mytilus californianus,0.19249,1
K,2004,Mytilus californianus,-0.16,1
K,2004,Mytilus californianus,0.205,1
K,2004,Mytilus californianus,0.015,1
K,2004,Mytilus californianus,1.2675,1
K,2004,Mytilus californianus,1.24304,1
K,2004,Mytilus californianus,1.18492,1
K,2004,Mytilus californianus,0.74656,1
K,2004,Mytilus californianus,0.67988,1
K,2004,Mytilus californianus,0.71005,1
K,2004,Mytilus californianus,0.71703,1
K,2004,Mytilus californianus,0.70135,1
K,2004,Mytilus californianus,0.68458,1
K,2004,Mytilus californianus,0.66976,1
K,2004,Mytilus californianus,0.65311,1
K,2004,Mytilus californianus,1.025,1
K,2004,Mytilus californianus,1.03403,1
K,2004,Mytilus californianus,1.04284,1
K,2004,Mytilus californianus,0.96672,1
K,2004,Mytilus californianus,0.75744,1
K,2004,Mytilus californianus,0.24594,1
K,2004,Mytilus californianus,0.33393,1
K,2004,Mytilus californianus,0.42089,1
K,2004,Mytilus californianus,0.50842,1
K,2004,Mytilus californianus,0.595,1
K,2004,Mytilus californianus,0.38598,1
K,2004,Mytilus californianus,0.3827,1
K,2004,Mytilus californianus,0.53766,1
K,2004,Mytilus californianus,0.52366,1
K,2004,Mytilus californianus,0.34075,1
K,2004,Mytilus californianus,-0.025,1
K,2004,Mytilus californianus,0.1451,1
K,2004,Mytilus californianus,1.36764,1
K,2004,Mytilus californianus,1.26892,1
K,2004,Mytilus californianus,0.66314,1
K,2004,Mytilus californianus,0.93855,1
K,2004,Mytilus californianus,1.0123,1
K,2004,Mytilus californianus,1.08621,1
K,2004,Mytilus californianus,1.15835,1
K,2004,Mytilus californianus,1.23007,1
K,2004,Mytilus californianus,1.20949,1
K,2004,Mytilus californianus,1.09762,1
K,2004,Mytilus californianus,0.985,1
K,2004,Mytilus californianus,0.9954,1
K,2004,Mytilus californianus,1.005,1
K,2004,Mytilus californianus,1.33118,1
K,2004,Mytilus californianus,1.38253,1
K,2004,Mytilus californianus,1.4332,1
K,2004,Mytilus californianus,1.48279,1
K,2004,Mytilus californianus,1.14992,1
K,2004,Mytilus californianus,0.68911,1
K,2004,Mytilus californianus,0.22792,1
K,2004,Mytilus californianus,-0.2341,1
K,2004,Mytilus californianus,-0.113,1
K,2004,Mytilus californianus,1.295,1
K,2004,Mytilus californianus,0.93155,1
K,2004,Mytilus californianus,0.56824,1
K,2004,Mytilus californianus,0.205,1
K,2004,Mytilus californianus,0.675,1
K,2004,Mytilus californianus,0.68618,1
K,2004,Mytilus californianus,0.61832,1
K,2004,Mytilus californianus,0.685,1
K,2004,Mytilus californianus,0.73359,1
K,2004,Mytilus californianus,0.56788,1
K,2004,Mytilus californianus,0.45842,1
K,2004,Mytilus californianus,0.405,1
K,2004,Mytilus californianus,0.36508,1
K,2004,Mytilus californianus,0.425,1
K,2004,Mytilus californianus,0.265,1
K,2004,Mytilus californianus,0.46495,1
K,2004,Mytilus californianus,0.665,1
K,2004,Mytilus californianus,0.48757,1
K,2004,Mytilus californianus,0.31042,1
K,2004,Mytilus californianus,0.1334,1
K,2004,Mytilus californianus,0.101,1
K,2004,Mytilus californianus,0.18497,1
K,2004,Mytilus californianus,0.56895,1
K,2004,Mytilus californianus,1.28096,1
K,2004,Mytilus californianus,1.27164,1
K,2004,Mytilus californianus,1.20438,1
K,2004,Mytilus californianus,1.13857,1
K,2004,Mytilus californianus,1.07171,1
K,2004,Mytilus californianus,-0.0274,1
K,2004,Mytilus californianus,-0.685,1
K,2004,Mytilus californianus,-0.605,1
K,2004,Mytilus californianus,-0.585,1
K,2004,Mytilus californianus,1.20011,1
K,2004,Mytilus californianus,1.135,1
K,2004,Mytilus californianus,1.17382,1
K,2004,Mytilus californianus,1.21186,1
K,2004,Mytilus californianus,1.25036,1
K,2004,Mytilus californianus,1.28756,1
K,2004,Mytilus californianus,1.32435,1
K,2004,Mytilus californianus,1.36005,1
K,2004,Mytilus californianus,1.39607,1
K,2004,Mytilus californianus,1.3237,1
K,2004,Mytilus californianus,1.215,1
K,2004,Mytilus californianus,1.22769,1
K,2004,Mytilus californianus,1.23946,1
K,2004,Mytilus californianus,1.30787,1
K,2004,Mytilus californianus,1.43297,1
K,2004,Mytilus californianus,1.49593,1
K,2004,Mytilus californianus,1.49696,1
K,2004,Mytilus californianus,1.49647,1
K,2004,Mytilus californianus,1.495,1
K,2004,Mytilus californianus,1.58312,1
K,2004,Mytilus californianus,1.67108,1
K,2004,Mytilus californianus,1.61827,1
K,2004,Mytilus californianus,1.42474,1
K,2004,Mytilus californianus,1.2317,1
K,2004,Mytilus californianus,1.03921,1
K,2004,Mytilus californianus,0.69894,1
K,2004,Mytilus californianus,-0.085,1
K,2004,Mytilus californianus,0.1149,1
K,2004,Mytilus californianus,0.565,1
K,2004,Mytilus californianus,0.40776,1
K,2004,Mytilus californianus,0.49504,1
K,2004,Mytilus californianus,0.29857,1
K,2004,Mytilus californianus,-0.1023,1
K,2004,Mytilus californianus,0.24271,1
K,2004,Mytilus californianus,0.34302,1
K,2004,Mytilus californianus,-0.175,1
K,2004,Mytilus californianus,1.21302,1
K,2004,Mytilus californianus,1.20888,1
K,2004,Mytilus californianus,1.205,1
K,2004,Mytilus californianus,0.865,1
K,2004,Mytilus californianus,0.86499,1
K,2004,Mytilus californianus,1.10041,1
K,2004,Mytilus californianus,1.01689,1
K,2004,Mytilus californianus,1.18257,1
K,2004,Mytilus californianus,1.21653,1
K,2004,Mytilus californianus,1.10256,1
K,2004,Mytilus californianus,0.98868,1
K,2004,Mytilus californianus,0.875,1
K,2004,Mytilus californianus,1.14312,1
K,2004,Mytilus californianus,1.17483,1
K,2004,Mytilus californianus,1.20639,1
K,2004,Mytilus californianus,1.23804,1
K,2004,Mytilus californianus,1.2693,1
K,2004,Mytilus californianus,1.18503,1
K,2004,Mytilus californianus,1.08168,1
K,2004,Mytilus californianus,1.19129,1
K,2004,Mytilus californianus,1.22368,1
K,2004,Mytilus californianus,1.25693,1
K,2004,Mytilus californianus,1.289,1
K,2004,Mytilus californianus,1.31978,1
K,2004,Mytilus californianus,1.2617,1
K,2004,Mytilus californianus,1.27655,1
K,2004,Mytilus californianus,1.34427,1
K,2004,Mytilus californianus,1.38174,1
K,2004,Mytilus californianus,1.32838,1
K,2004,Mytilus californianus,1.12719,1
K,2004,Mytilus californianus,0.87691,1
K,2004,Mytilus californianus,0.62611000000000006,1
K,2004,Mytilus californianus,0.74592,1
K,2004,Mytilus californianus,0.62959,1
K,2004,Mytilus californianus,0.51384,1
K,2004,Mytilus californianus,0.845,1
K,2004,Mytilus californianus,0.37006,1
K,2004,Mytilus californianus,0.1325,1
K,2004,Mytilus californianus,-0.105,1
K,2004,Mytilus californianus,-0.0517,1
K,2010,Mytilus californianus,1.67667,1
K,2010,Mytilus californianus,1.58168,1
K,2010,Mytilus californianus,1.27667,1
K,2010,Mytilus californianus,0.98667,1
K,2010,Mytilus californianus,1.81669,1
K,2010,Mytilus californianus,1.8267,1
K,2010,Mytilus californianus,1.83678,1
K,2010,Mytilus californianus,1.8467,1
K,2010,Mytilus californianus,1.85667,1
K,2010,Mytilus californianus,1.72169,1
K,2010,Mytilus californianus,1.58667,1
K,2010,Mytilus californianus,1.18667,1
K,2010,Mytilus californianus,1.14343,1
K,2010,Mytilus californianus,1.10009,1
K,2010,Mytilus californianus,1.05667,1
K,2010,Mytilus californianus,-0.3013,1
K,2010,Mytilus californianus,0.51667,1
K,2010,Mytilus californianus,1.19174,1
K,2010,Mytilus californianus,1.86667,1
K,2010,Mytilus californianus,1.93702,1
K,2010,Mytilus californianus,2.00713,1
K,2010,Mytilus californianus,2.07709,1
K,2010,Mytilus californianus,2.14701,1
K,2010,Mytilus californianus,2.21688,1
K,2010,Mytilus californianus,2.22832,1
K,2010,Mytilus californianus,2.16989,1
K,2010,Mytilus californianus,2.11145,1
K,2010,Mytilus californianus,1.99407,1
K,2010,Mytilus californianus,1.93544,1
K,2010,Mytilus californianus,1.87667,1
K,2010,Mytilus californianus,1.67667,1
K,2010,Mytilus californianus,1.73667,1
K,2010,Mytilus californianus,1.84346,1
K,2010,Mytilus californianus,1.95012,1
K,2010,Mytilus californianus,2.05667,1
K,2010,Mytilus californianus,2.02282,1
K,2010,Mytilus californianus,1.98891,1
K,2010,Mytilus californianus,1.95478,1
K,2010,Mytilus californianus,1.92074,1
K,2010,Mytilus californianus,1.88667,1
K,2010,Mytilus californianus,1.76243,1
K,2010,Mytilus californianus,1.63813,1
K,2010,Mytilus californianus,1.51378,1
K,2010,Mytilus californianus,1.38942,1
K,2010,Postelsia palmaeformis,1.265,1
K,2010,Postelsia palmaeformis,0.97834,1
K,2010,Postelsia palmaeformis,0.81978,1
K,2010,Mytilus californianus,0.78927,1
K,2010,Mytilus californianus,0.75875,1
K,2010,Mytilus californianus,0.72836,1
K,2010,Mytilus californianus,0.66711,1
K,2010,Mytilus californianus,0.575,1
K,2010,Mytilus californianus,0.39502,1
K,2010,Mytilus californianus,0.21502,1
K,2010,Mytilus californianus,0.035,1
K,2010,Mytilus californianus,1.96643,1
K,2010,Mytilus californianus,1.95643,1
K,2010,Mytilus californianus,1.84663,1
K,2010,Mytilus californianus,1.75667,1
K,2010,Mytilus californianus,2.43684,1
K,2010,Mytilus californianus,2.40667,1
K,2010,Mytilus californianus,2.39092,1
K,2010,Mytilus californianus,2.38273,1
K,2010,Mytilus californianus,2.37484,1
K,2010,Mytilus californianus,2.23168,1
K,2010,Mytilus californianus,1.92667,1
K,2010,Mytilus californianus,2.12667,1
K,2010,Mytilus californianus,2.23667,1
K,2010,Mytilus californianus,2.20667,1
K,2010,Mytilus californianus,1.94667,1
K,2010,Mytilus californianus,2.17667,1
K,2010,Mytilus californianus,2.21159,1
K,2010,Mytilus californianus,2.22911,1
K,2010,Mytilus californianus,2.24667,1
K,2010,Mytilus californianus,2.2126,1
K,2010,Mytilus californianus,2.17877,1
K,2010,Mytilus californianus,2.14486,1
K,2010,Mytilus californianus,2.11081,1
K,2010,Mytilus californianus,2.07667,1
K,2010,Mytilus californianus,1.91667,1
K,2010,Mytilus californianus,1.86667,1
K,2010,Mytilus californianus,1.91667,1
K,2010,Mytilus californianus,1.88005,1
K,2010,Mytilus californianus,1.84341,1
K,2010,Mytilus californianus,1.80667,1
K,2010,Mytilus californianus,1.74679,1
K,2010,Postelsia palmaeformis,1.68667,1
K,2010,Mytilus californianus,1.68667,1
K,2010,Mytilus californianus,1.58352,1
K,2010,Postelsia palmaeformis,1.48005,1
K,2010,Mytilus californianus,1.37667,1
K,2010,Postelsia palmaeformis,1.37667,1
K,2010,Mytilus californianus,1.15653,1
K,2010,Postelsia palmaeformis,1.15653,1
K,2010,Postelsia palmaeformis,0.71647,1
K,2010,Mytilus californianus,0.71647,1
K,2010,Mytilus californianus,0.49653,1
K,2010,Postelsia palmaeformis,0.49653,1
K,2010,Mytilus californianus,0.27667,1
K,2010,Mytilus californianus,-0.2033,1
K,2010,Mytilus californianus,-0.2033,1
K,2010,Mytilus californianus,0.66667,1
K,2010,Mytilus californianus,0.84339,1
K,2010,Mytilus californianus,0.92007,1
K,2010,Mytilus californianus,0.99667,1
K,2010,Mytilus californianus,0.97667,1
K,2010,Mytilus californianus,0.84667,1
K,2010,Mytilus californianus,0.81021,1
K,2010,Mytilus californianus,0.77354,1
K,2010,Mytilus californianus,0.73673,1
K,2010,Mytilus californianus,0.69976,1
K,2010,Mytilus californianus,0.66282,1
K,2010,Mytilus californianus,0.62581,1
K,2010,Mytilus californianus,0.58827,1
K,2010,Mytilus californianus,0.55069,1
K,2010,Mytilus californianus,0.51289,1
K,2010,Mytilus californianus,0.475,1
K,2010,Mytilus californianus,2.48667,1
K,2010,Mytilus californianus,2.48683,1
K,2010,Mytilus californianus,2.48691,1
K,2010,Mytilus californianus,2.45479,1
K,2010,Mytilus californianus,2.17165,1
K,2010,Mytilus californianus,2.14666,1
K,2010,Mytilus californianus,2.12167,1
K,2010,Mytilus californianus,2.09667,1
K,2010,Mytilus californianus,2.10669,1
K,2010,Mytilus californianus,2.11668,1
K,2010,Mytilus californianus,2.13667,1
K,2010,Mytilus californianus,2.14667,1
K,2010,Mytilus californianus,2.09999,1
K,2010,Mytilus californianus,2.03332,1
K,2010,Mytilus californianus,1.96667,1
K,2010,Mytilus californianus,2.04667,1
K,2010,Mytilus californianus,2.06999,1
K,2010,Mytilus californianus,2.09333,1
K,2010,Mytilus californianus,2.11667,1
K,2010,Mytilus californianus,2.09667,1
K,2010,Mytilus californianus,1.96667,1
K,2010,Mytilus californianus,1.96087,1
K,2010,Mytilus californianus,1.9549,1
K,2010,Mytilus californianus,1.94889,1
K,2010,Mytilus californianus,1.94281,1
K,2010,Mytilus californianus,1.93667,1
K,2010,Mytilus californianus,1.94275,1
K,2010,Mytilus californianus,1.94879,1
K,2010,Mytilus californianus,1.95484,1
K,2010,Mytilus californianus,1.96076,1
K,2010,Mytilus californianus,1.96667,1
K,2010,Mytilus californianus,1.94462,1
K,2010,Mytilus californianus,1.92265,1
K,2010,Mytilus californianus,1.90066,1
K,2010,Mytilus californianus,1.87868,1
K,2010,Mytilus californianus,1.85667,1
K,2010,Mytilus californianus,1.84654,1
K,2010,Mytilus californianus,1.83648,1
K,2010,Mytilus californianus,1.82648,1
K,2010,Mytilus californianus,1.81654,1
K,2010,Mytilus californianus,1.80667,1
K,2010,Mytilus californianus,1.74657,1
K,2010,Mytilus californianus,1.68654,1
K,2010,Mytilus californianus,1.62662,1
K,2010,Mytilus californianus,1.56667,1
K,2010,Mytilus californianus,-0.3333,1
K,2010,Mytilus californianus,-0.2833,1
K,2010,Mytilus californianus,1.19667,1
K,2010,Mytilus californianus,1.52667,1
K,2010,Mytilus californianus,1.55461,1
K,2010,Mytilus californianus,1.58257,1
K,2010,Mytilus californianus,1.66005,1
K,2010,Mytilus californianus,1.65667,1
K,2010,Mytilus californianus,1.45667,1
K,2010,Mytilus californianus,1.60667,1
K,2010,Mytilus californianus,1.60071,1
K,2010,Mytilus californianus,1.59476,1
K,2010,Mytilus californianus,1.58876,1
K,2010,Mytilus californianus,1.58271,1
K,2010,Mytilus californianus,1.57667,1
K,2010,Mytilus californianus,1.36637,1
K,2010,Mytilus californianus,1.15606,1
K,2010,Mytilus californianus,0.94572,1
K,2010,Mytilus californianus,0.73537,1
K,2010,Mytilus californianus,0.525,1
K,2010,Mytilus californianus,0.15503,1
K,2010,Mytilus californianus,-0.215,1
K,2010,Mytilus californianus,-0.5849,1
K,2010,Mytilus californianus,-0.955,1
K,2010,Mytilus californianus,-1.325,1
K,2010,Mytilus californianus,-1.155,1
K,2010,Mytilus californianus,-0.985,1
K,2010,Mytilus californianus,-0.8317,1
K,2010,Mytilus californianus,-0.425,1
K,2010,Mytilus californianus,-0.177,1
K,2010,Mytilus californianus,0.16127,1
K,2010,Mytilus californianus,0.0938,1
K,2010,Mytilus californianus,0.815,1
K,2010,Mytilus californianus,1.00832,1
K,2010,Mytilus californianus,0.975,1
K,2010,Mytilus californianus,0.67744,1
K,2010,Mytilus californianus,1.08481,1
K,2010,Mytilus californianus,0.86456,1
K,2010,Mytilus californianus,0.20017,1
K,2010,Mytilus californianus,0.49941,1
K,2010,Mytilus californianus,0.54031,1
K,2010,Mytilus californianus,0.68802,1
K,2010,Mytilus californianus,0.55502,1
K,2010,Mytilus californianus,0.335,1
K,2010,Mytilus californianus,0.53498,1
K,2010,Mytilus californianus,0.49498,1
K,2010,Mytilus californianus,0.45498,1
K,2010,Mytilus californianus,0.43,1
K,2010,Mytilus californianus,0.54299,1
K,2010,Mytilus californianus,0.44834,1
K,2010,Mytilus californianus,0.53834,1
K,2010,Mytilus californianus,0.485,1
K,2010,Mytilus californianus,0.53102,1
K,2010,Mytilus californianus,0.255,1
K,2010,Mytilus californianus,0.18353,1
K,2010,Mytilus californianus,0.32213,1
K,2010,Mytilus californianus,0.0449,1
K,2010,Mytilus californianus,0.17833,1
K,2010,Mytilus californianus,0.22748,1
K,2010,Mytilus californianus,0.19249,1
K,2010,Mytilus californianus,-0.16,1
K,2010,Mytilus californianus,0.088,1
K,2010,Mytilus californianus,0.205,1
K,2010,Mytilus californianus,0.015,1
K,2010,Mytilus californianus,1.45515,1
K,2010,Mytilus californianus,1.4384,1
K,2010,Mytilus californianus,1.26892,1
K,2010,Mytilus californianus,0.92486,1
K,2010,Mytilus californianus,0.66415,1
K,2010,Mytilus californianus,0.66314,1
K,2010,Mytilus californianus,0.64747,1
K,2010,Mytilus californianus,0.865,1
K,2010,Mytilus californianus,0.93855,1
K,2010,Mytilus californianus,1.0123,1
K,2010,Mytilus californianus,1.15835,1
K,2010,Mytilus californianus,1.23007,1
K,2010,Mytilus californianus,1.20949,1
K,2010,Mytilus californianus,1.09762,1
K,2010,Mytilus californianus,0.985,1
K,2010,Mytilus californianus,1.38253,1
K,2010,Mytilus californianus,1.4332,1
K,2010,Mytilus californianus,1.48279,1
K,2010,Mytilus californianus,1.14992,1
K,2010,Mytilus californianus,0.22792,1
K,2010,Mytilus californianus,1.295,1
K,2010,Mytilus californianus,0.93155,1
K,2010,Mytilus californianus,0.56824,1
K,2010,Mytilus californianus,0.205,1
K,2010,Mytilus californianus,0.68618,1
K,2010,Mytilus californianus,0.61832,1
K,2010,Mytilus californianus,0.685,1
K,2010,Mytilus californianus,0.73359,1
K,2010,Mytilus californianus,0.56788,1
K,2010,Mytilus californianus,0.545,1
K,2010,Mytilus californianus,0.36508,1
K,2010,Mytilus californianus,0.425,1
K,2010,Mytilus californianus,0.265,1
K,2010,Mytilus californianus,0.665,1
K,2010,Mytilus californianus,0.48757,1
K,2010,Mytilus californianus,0.31042,1
K,2010,Mytilus californianus,0.1334,1
K,2010,Mytilus californianus,0.25832,1
K,2010,Mytilus californianus,0.135,1
K,2010,Mytilus californianus,-0.041,1
K,2010,Mytilus californianus,0.095,1
K,2010,Mytilus californianus,0.315,1
K,2010,Mytilus californianus,0.1498,1
K,2010,Mytilus californianus,1.245,1
K,2010,Mytilus californianus,1.21302,1
K,2010,Mytilus californianus,1.205,1
K,2010,Mytilus californianus,0.86499,1
K,2010,Mytilus californianus,1.03494,1
K,2010,Mytilus californianus,1.18412,1
K,2010,Mytilus californianus,1.10041,1
K,2010,Mytilus californianus,1.01689,1
K,2010,Mytilus californianus,1.18257,1
K,2010,Mytilus californianus,1.21653,1
K,2010,Mytilus californianus,1.10256,1
K,2010,Mytilus californianus,0.98868,1
K,2010,Mytilus californianus,1.04864,1
K,2010,Mytilus californianus,1.08025,1
K,2010,Mytilus californianus,1.11155,1
K,2010,Mytilus californianus,1.14312,1
K,2010,Mytilus californianus,1.17483,1
K,2010,Mytilus californianus,1.20639,1
K,2010,Mytilus californianus,1.23804,1
K,2010,Mytilus californianus,1.2693,1
K,2010,Mytilus californianus,1.18503,1
K,2010,Mytilus californianus,1.08168,1
K,2010,Mytilus californianus,1.22368,1
K,2010,Mytilus californianus,1.289,1
K,2010,Mytilus californianus,1.31978,1
K,2010,Mytilus californianus,1.2617,1
K,2010,Mytilus californianus,1.27655,1
K,2010,Mytilus californianus,0.87691,1
K,2010,Mytilus californianus,0.62611000000000006,1
K,2010,Mytilus californianus,0.375,1
K,2010,Mytilus californianus,0.74592,1
K,2010,Mytilus californianus,0.62959,1
K,2010,Mytilus californianus,0.51384,1
K,2010,Mytilus californianus,0.45298,1
K,2010,Mytilus californianus,0.845,1
K,2010,Mytilus californianus,0.1325,1
K,2010,Mytilus californianus,-0.105,1
K,2010,Mytilus californianus,-0.0517,1
K,2010,Mytilus californianus,-0.185,1
K,2010,Mytilus californianus,-0.137,1
K,2012,Mytilus californianus,1.80667,1
K,2012,Mytilus californianus,1.88667,1
K,2012,Mytilus californianus,1.80667,1
K,2012,Mytilus californianus,1.81669,1
K,2012,Mytilus californianus,1.58667,1
K,2012,Mytilus californianus,1.18667,1
K,2012,Mytilus californianus,1.14343,1
K,2012,Mytilus californianus,1.10009,1
K,2012,Mytilus californianus,1.05667,1
K,2012,Mytilus californianus,1.19174,1
K,2012,Mytilus californianus,1.86667,1
K,2012,Mytilus californianus,1.93702,1
K,2012,Mytilus californianus,2.00713,1
K,2012,Mytilus californianus,2.07709,1
K,2012,Mytilus californianus,2.14701,1
K,2012,Mytilus californianus,2.21688,1
K,2012,Mytilus californianus,2.28667,1
K,2012,Mytilus californianus,2.22832,1
K,2012,Mytilus californianus,2.16989,1
K,2012,Mytilus californianus,2.11145,1
K,2012,Mytilus californianus,1.93544,1
K,2012,Mytilus californianus,1.87667,1
K,2012,Mytilus californianus,1.67667,1
K,2012,Mytilus californianus,1.73667,1
K,2012,Mytilus californianus,1.84346,1
K,2012,Mytilus californianus,1.95012,1
K,2012,Mytilus californianus,2.05667,1
K,2012,Mytilus californianus,2.02282,1
K,2012,Mytilus californianus,1.98891,1
K,2012,Mytilus californianus,1.95478,1
K,2012,Mytilus californianus,1.92074,1
K,2012,Mytilus californianus,1.88667,1
K,2012,Mytilus californianus,1.76243,1
K,2012,Mytilus californianus,1.63813,1
K,2012,Mytilus californianus,1.51378,1
K,2012,Mytilus californianus,1.38942,1
K,2012,Mytilus californianus,1.265,1
K,2012,Mytilus californianus,0.97834,1
K,2012,Mytilus californianus,0.81978,1
K,2012,Mytilus californianus,0.78927,1
K,2012,Mytilus californianus,0.75875,1
K,2012,Mytilus californianus,0.72836,1
K,2012,Mytilus californianus,0.69773,1
K,2012,Mytilus californianus,0.66711,1
K,2012,Mytilus californianus,0.6367,1
K,2012,Mytilus californianus,0.60583,1
K,2012,Mytilus californianus,0.575,1
K,2012,Mytilus californianus,0.39502,1
K,2012,Mytilus californianus,0.21502,1
K,2012,Mytilus californianus,0.035,1
K,2012,Mytilus californianus,2.0466,1
K,2012,Mytilus californianus,2.08667,1
K,2012,Mytilus californianus,1.97667,1
K,2012,Mytilus californianus,2.08667,1
K,2012,Mytilus californianus,2.13445,1
K,2012,Mytilus californianus,2.18235,1
K,2012,Mytilus californianus,1.48667,1
K,2012,Mytilus californianus,0.87667,1
K,2012,Mytilus californianus,1.88667,1
K,2012,Mytilus californianus,2.10667,1
K,2012,Mytilus californianus,2.21671,1
K,2012,Mytilus californianus,2.32667,1
K,2012,Mytilus californianus,2.34343,1
K,2012,Mytilus californianus,2.36014,1
K,2012,Mytilus californianus,2.37667,1
K,2012,Mytilus californianus,2.36674,1
K,2012,Mytilus californianus,2.35667,1
K,2012,Mytilus californianus,2.29667,1
K,2012,Mytilus californianus,1.94068,1
K,2012,Mytilus californianus,0.55667,1
K,2012,Mytilus californianus,0.69667,1
K,2012,Mytilus californianus,0.61667,1
K,2012,Mytilus californianus,1.06667,1
K,2012,Mytilus californianus,1.14164,1
K,2012,Mytilus californianus,1.21667,1
K,2012,Mytilus californianus,1.24166,1
K,2012,Mytilus californianus,1.22665,1
K,2012,Mytilus californianus,1.18665,1
K,2012,Mytilus californianus,1.14667,1
K,2012,Mytilus californianus,1.12665,1
K,2012,Mytilus californianus,1.10663,1
K,2012,Mytilus californianus,1.08659,1
K,2012,Mytilus californianus,1.04667,1
K,2012,Mytilus californianus,1.02672,1
K,2012,Mytilus californianus,1.00668,1
K,2012,Mytilus californianus,0.90667,1
K,2012,Mytilus californianus,0.8067,1
K,2012,Mytilus californianus,0.70669,1
K,2012,Mytilus californianus,0.60667,1
K,2012,Mytilus californianus,0.62005,1
K,2012,Mytilus californianus,0.6334,1
K,2012,Mytilus californianus,1.75667,1
K,2012,Mytilus californianus,2.20667,1
K,2012,Mytilus californianus,2.39878,1
K,2012,Mytilus californianus,2.37484,1
K,2012,Mytilus californianus,2.23168,1
K,2012,Mytilus californianus,1.92667,1
K,2012,Mytilus californianus,2.12667,1
K,2012,Mytilus californianus,2.23667,1
K,2012,Mytilus californianus,2.20667,1
K,2012,Mytilus californianus,1.94667,1
K,2012,Mytilus californianus,2.17667,1
K,2012,Mytilus californianus,2.22911,1
K,2012,Mytilus californianus,2.24667,1
K,2012,Mytilus californianus,2.2126,1
K,2012,Mytilus californianus,2.17877,1
K,2012,Mytilus californianus,2.14486,1
K,2012,Mytilus californianus,2.11081,1
K,2012,Mytilus californianus,2.07667,1
K,2012,Mytilus californianus,1.91667,1
K,2012,Mytilus californianus,1.86667,1
K,2012,Mytilus californianus,1.88005,1
K,2012,Mytilus californianus,1.84341,1
K,2012,Mytilus californianus,1.80667,1
K,2012,Mytilus californianus,1.74679,1
K,2012,Postelsia palmaeformis,1.68667,1
K,2012,Mytilus californianus,1.58352,1
K,2012,Mytilus californianus,1.48005,1
K,2012,Mytilus californianus,1.37667,1
K,2012,Mytilus californianus,1.15653,1
K,2012,Mytilus californianus,0.93648,1
K,2012,Mytilus californianus,0.49653,1
K,2012,Mytilus californianus,0.27667,1
K,2012,Mytilus californianus,-0.2033,1
K,2012,Mytilus californianus,-0.2033,1
K,2012,Mytilus californianus,0.44667,1
K,2012,Mytilus californianus,0.55667,1
K,2012,Mytilus californianus,0.68667,1
K,2012,Mytilus californianus,0.76667,1
K,2012,Mytilus californianus,0.84339,1
K,2012,Mytilus californianus,0.92007,1
K,2012,Mytilus californianus,0.99667,1
K,2012,Mytilus californianus,0.97667,1
K,2012,Mytilus californianus,0.84667,1
K,2012,Mytilus californianus,0.66282,1
K,2012,Mytilus californianus,2.26167,1
K,2012,Mytilus californianus,2.4644,1
K,2012,Mytilus californianus,2.3439,1
K,2012,Mytilus californianus,2.33697,1
K,2012,Mytilus californianus,2.34177,1
K,2012,Mytilus californianus,2.34667,1
K,2012,Mytilus californianus,2.32066,1
K,2012,Mytilus californianus,2.29465,1
K,2012,Mytilus californianus,2.26862,1
K,2012,Mytilus californianus,2.24258,1
K,2012,Mytilus californianus,2.21667,1
K,2012,Mytilus californianus,1.95039,1
K,2012,Mytilus californianus,1.86185,1
K,2012,Mytilus californianus,1.05667,1
K,2012,Mytilus californianus,0.75667,1
K,2012,Mytilus californianus,1.8116,1
K,2012,Mytilus californianus,1.89667,1
K,2012,Mytilus californianus,1.87655,1
K,2012,Mytilus californianus,1.85658,1
K,2012,Mytilus californianus,1.83667,1
K,2012,Mytilus californianus,1.79663,1
K,2012,Mytilus californianus,1.86273,1
K,2012,Mytilus californianus,1.85083,1
K,2012,Mytilus californianus,1.83885,1
K,2012,Mytilus californianus,1.82667,1
K,2012,Mytilus californianus,1.69995,1
K,2012,Mytilus californianus,1.444,1
K,2012,Mytilus californianus,1.35145,1
K,2012,Mytilus californianus,1.25904,1
K,2012,Mytilus californianus,1.16667,1
K,2012,Mytilus californianus,1.07166,1
K,2012,Mytilus californianus,0.97667,1
K,2012,Mytilus californianus,2.54657,1
K,2012,Mytilus californianus,1.40164,1
K,2012,Mytilus californianus,2.19204,1
K,2012,Mytilus californianus,2.23513,1
K,2012,Mytilus californianus,2.28072,1
K,2012,Mytilus californianus,2.27473,1
K,2012,Mytilus californianus,2.26882,1
K,2012,Mytilus californianus,2.26277,1
K,2012,Mytilus californianus,2.00667,1
K,2012,Mytilus californianus,2.00727,1
K,2012,Mytilus californianus,2.00719,1
K,2012,Mytilus californianus,2.00695,1
K,2012,Mytilus californianus,2.00667,1
K,2012,Mytilus californianus,1.75674,1
K,2012,Mytilus californianus,1.80175,1
K,2012,Mytilus californianus,1.84667,1
K,2012,Mytilus californianus,1.56011,1
K,2012,Mytilus californianus,1.41667,1
K,2012,Mytilus californianus,0.53169,1
K,2012,Mytilus californianus,-0.3533,1
K,2012,Mytilus californianus,-0.2783,1
K,2012,Mytilus californianus,0.94667,1
K,2012,Mytilus californianus,1.13667,1
K,2012,Mytilus californianus,1.54667,1
K,2012,Mytilus californianus,1.58166,1
K,2012,Mytilus californianus,1.61667,1
K,2012,Mytilus californianus,1.56667,1
K,2012,Mytilus californianus,1.39667,1
K,2012,Mytilus californianus,1.38667,1
K,2012,Mytilus californianus,1.54667,1
K,2012,Mytilus californianus,1.51667,1
K,2012,Mytilus californianus,1.36667,1
K,2012,Mytilus californianus,1.34667,1
K,2012,Mytilus californianus,1.50667,1
K,2012,Mytilus californianus,1.49463,1
K,2012,Mytilus californianus,1.48262,1
K,2012,Mytilus californianus,1.47043,1
K,2012,Mytilus californianus,1.4585,1
K,2012,Mytilus californianus,1.44667,1
K,2012,Mytilus californianus,0.94994,1
K,2012,Mytilus californianus,-0.525,1
K,2012,Mytilus californianus,-0.16,1
K,2012,Mytilus californianus,-0.0684,1
K,2012,Mytilus californianus,0.0232,1
K,2012,Mytilus californianus,0.24475,1
K,2012,Mytilus californianus,0.37466,1
K,2012,Mytilus californianus,0.50474,1
K,2012,Mytilus californianus,0.635,1
K,2012,Mytilus californianus,0.62775,1
K,2012,Mytilus californianus,0.62068,1
K,2012,Mytilus californianus,0.61385,1
K,2012,Mytilus californianus,0.60714,1
K,2012,Mytilus californianus,0.60063,1
K,2012,Mytilus californianus,0.59425,1
K,2012,Mytilus californianus,0.58804,1
K,2012,Mytilus californianus,2.17165,1
K,2012,Mytilus californianus,2.14666,1
K,2012,Mytilus californianus,2.12167,1
K,2012,Mytilus californianus,2.09667,1
K,2012,Mytilus californianus,2.13667,1
K,2012,Mytilus californianus,2.14667,1
K,2012,Mytilus californianus,2.16667,1
K,2012,Mytilus californianus,2.09999,1
K,2012,Mytilus californianus,2.03332,1
K,2012,Mytilus californianus,1.96667,1
K,2012,Mytilus californianus,2.04667,1
K,2012,Mytilus californianus,2.06999,1
K,2012,Mytilus californianus,2.09333,1
K,2012,Mytilus californianus,2.09667,1
K,2012,Mytilus californianus,1.96667,1
K,2012,Mytilus californianus,1.96087,1
K,2012,Mytilus californianus,1.9549,1
K,2012,Mytilus californianus,1.94889,1
K,2012,Mytilus californianus,1.94281,1
K,2012,Mytilus californianus,1.93667,1
K,2012,Mytilus californianus,1.94275,1
K,2012,Mytilus californianus,1.94879,1
K,2012,Mytilus californianus,1.95484,1
K,2012,Mytilus californianus,1.96076,1
K,2012,Mytilus californianus,1.96667,1
K,2012,Mytilus californianus,1.92265,1
K,2012,Mytilus californianus,1.90066,1
K,2012,Mytilus californianus,1.87868,1
K,2012,Mytilus californianus,1.85667,1
K,2012,Mytilus californianus,1.84654,1
K,2012,Mytilus californianus,1.83648,1
K,2012,Mytilus californianus,1.82648,1
K,2012,Mytilus californianus,1.81654,1
K,2012,Mytilus californianus,1.80667,1
K,2012,Mytilus californianus,1.74657,1
K,2012,Mytilus californianus,1.68654,1
K,2012,Mytilus californianus,1.62662,1
K,2012,Mytilus californianus,1.56667,1
K,2012,Mytilus californianus,-0.3333,1
K,2012,Mytilus californianus,-0.2833,1
K,2012,Mytilus californianus,1.55461,1
K,2012,Mytilus californianus,1.58257,1
K,2012,Postelsia palmaeformis,1.66339,1
K,2012,Mytilus californianus,1.66005,1
K,2012,Mytilus californianus,1.65667,1
K,2012,Mytilus californianus,1.45667,1
K,2012,Mytilus californianus,1.60667,1
K,2012,Mytilus californianus,1.60071,1
K,2012,Mytilus californianus,-0.5849,1
K,2012,Mytilus californianus,-0.955,1
K,2012,Mytilus californianus,-1.325,1
K,2012,Mytilus californianus,-1.155,1
K,2012,Mytilus californianus,-0.985,1
K,2012,Mytilus californianus,-0.8317,1
K,2012,Mytilus californianus,0.071,1
K,2012,Mytilus californianus,0.16127,1
K,2012,Mytilus californianus,0.0938,1
K,2012,Mytilus californianus,0.0263,1
K,2012,Mytilus californianus,-0.0412,1
K,2012,Mytilus californianus,-0.17,1
K,2012,Mytilus californianus,-0.17,1
K,2012,Mytilus californianus,-0.1183,1
K,2012,Mytilus californianus,-0.205,1
K,2012,Mytilus californianus,0.815,1
K,2012,Mytilus californianus,0.905,1
K,2012,Mytilus californianus,0.975,1
K,2012,Mytilus californianus,1.08481,1
K,2012,Mytilus californianus,0.86456,1
K,2012,Mytilus californianus,0.20017,1
K,2012,Mytilus californianus,0.26811,1
K,2012,Mytilus californianus,0.785,1
K,2012,Mytilus californianus,0.54031,1
K,2012,Mytilus californianus,0.61412,1
K,2012,Mytilus californianus,0.68802,1
K,2012,Mytilus californianus,0.55502,1
K,2012,Mytilus californianus,0.335,1
K,2012,Mytilus californianus,0.53498,1
K,2012,Mytilus californianus,0.49498,1
K,2012,Mytilus californianus,0.45498,1
K,2012,Mytilus californianus,0.43,1
K,2012,Mytilus californianus,0.54299,1
K,2012,Mytilus californianus,0.44834,1
K,2012,Mytilus californianus,0.53834,1
K,2012,Mytilus californianus,0.485,1
K,2012,Mytilus californianus,0.53102,1
K,2012,Mytilus californianus,-0.045,1
K,2012,Mytilus californianus,0.32213,1
K,2012,Mytilus californianus,0.1907,1
K,2012,Mytilus californianus,0.005,1
K,2012,Mytilus californianus,0.17833,1
K,2012,Mytilus californianus,0.22748,1
K,2012,Mytilus californianus,0.19249,1
K,2012,Mytilus californianus,-0.16,1
K,2012,Mytilus californianus,-0.1458,1
K,2012,Mytilus californianus,0.205,1
K,2012,Mytilus californianus,0.015,1
K,2012,Mytilus californianus,1.2675,1
K,2012,Mytilus californianus,1.24304,1
K,2012,Mytilus californianus,1.18492,1
K,2012,Mytilus californianus,1.025,1
K,2012,Mytilus californianus,0.92826,1
K,2012,Mytilus californianus,0.74656,1
K,2012,Mytilus californianus,0.6507,1
K,2012,Mytilus californianus,0.48611,1
K,2012,Mytilus californianus,0.64942,1
K,2012,Mytilus californianus,0.71005,1
K,2012,Mytilus californianus,0.71703,1
K,2012,Mytilus californianus,0.70135,1
K,2012,Mytilus californianus,0.68458,1
K,2012,Mytilus californianus,0.65311,1
K,2012,Mytilus californianus,0.6358,1
K,2012,Mytilus californianus,0.61955,1
K,2012,Mytilus californianus,0.56523,1
K,2012,Mytilus californianus,0.4059,1
K,2012,Mytilus californianus,0.24547,1
K,2012,Mytilus californianus,1.025,1
K,2012,Mytilus californianus,1.03403,1
K,2012,Mytilus californianus,1.04284,1
K,2012,Mytilus californianus,0.96672,1
K,2012,Mytilus californianus,0.86217,1
K,2012,Mytilus californianus,0.65236,1
K,2012,Mytilus californianus,0.42089,1
K,2012,Mytilus californianus,0.595,1
K,2012,Mytilus californianus,0.53766,1
K,2012,Mytilus californianus,0.52366,1
K,2012,Mytilus californianus,0.34075,1
K,2012,Mytilus californianus,0.055,1
K,2012,Mytilus californianus,0.005,1
K,2012,Mytilus californianus,0.16521,1
K,2012,Mytilus californianus,0.1118,1
K,2012,Mytilus californianus,-0.025,1
K,2012,Mytilus californianus,0.1451,1
K,2012,Mytilus californianus,0.315,1
K,2012,Mytilus californianus,1.26892,1
K,2012,Mytilus californianus,0.65045,1
K,2012,Mytilus californianus,0.1125,1
K,2012,Mytilus californianus,0.66415,1
K,2012,Mytilus californianus,0.865,1
K,2012,Mytilus californianus,0.93855,1
K,2012,Mytilus californianus,1.0123,1
K,2012,Mytilus californianus,1.08621,1
K,2012,Mytilus californianus,1.15835,1
K,2012,Mytilus californianus,1.23007,1
K,2012,Mytilus californianus,1.20949,1
K,2012,Mytilus californianus,1.09762,1
K,2012,Mytilus californianus,0.985,1
K,2012,Mytilus californianus,1.005,1
K,2012,Mytilus californianus,1.38253,1
K,2012,Mytilus californianus,1.4332,1
K,2012,Mytilus californianus,1.48279,1
K,2012,Mytilus californianus,1.14992,1
K,2012,Mytilus californianus,0.22792,1
K,2012,Mytilus californianus,1.295,1
K,2012,Mytilus californianus,0.93155,1
K,2012,Mytilus californianus,0.56824,1
K,2012,Mytilus californianus,0.205,1
K,2012,Mytilus californianus,0.31159,1
K,2012,Mytilus californianus,0.68618,1
K,2012,Mytilus californianus,0.61832,1
K,2012,Mytilus californianus,0.685,1
K,2012,Mytilus californianus,0.73359,1
K,2012,Mytilus californianus,0.45842,1
K,2012,Mytilus californianus,0.405,1
K,2012,Mytilus californianus,0.545,1
K,2012,Mytilus californianus,0.36508,1
K,2012,Mytilus californianus,0.425,1
K,2012,Mytilus californianus,0.265,1
K,2012,Mytilus californianus,0.46495,1
K,2012,Mytilus californianus,0.31042,1
K,2012,Mytilus californianus,0.1334,1
K,2012,Mytilus californianus,0.25832,1
K,2012,Mytilus californianus,0.101,1
K,2012,Mytilus californianus,0.135,1
K,2012,Mytilus californianus,-0.041,1
K,2012,Mytilus californianus,0.095,1
K,2012,Mytilus californianus,0.23498,1
K,2012,Mytilus californianus,0.315,1
K,2012,Mytilus californianus,-0.015,1
K,2012,Mytilus californianus,1.27164,1
K,2012,Mytilus californianus,1.07171,1
K,2012,Mytilus californianus,0.82832,1
K,2012,Mytilus californianus,0.65902,1
K,2012,Mytilus californianus,0.515,1
K,2012,Mytilus californianus,0.67488,1
K,2012,Mytilus californianus,-0.0274,1
K,2012,Mytilus californianus,-0.685,1
K,2012,Mytilus californianus,1.20011,1
K,2012,Mytilus californianus,1.135,1
K,2012,Mytilus californianus,1.17382,1
K,2012,Mytilus californianus,1.21186,1
K,2012,Mytilus californianus,1.25036,1
K,2012,Mytilus californianus,1.28756,1
K,2012,Mytilus californianus,1.32435,1
K,2012,Mytilus californianus,1.36005,1
K,2012,Mytilus californianus,1.39607,1
K,2012,Mytilus californianus,1.3237,1
K,2012,Mytilus californianus,1.215,1
K,2012,Mytilus californianus,1.22769,1
K,2012,Mytilus californianus,1.23946,1
K,2012,Mytilus californianus,1.30787,1
K,2012,Mytilus californianus,1.43297,1
K,2012,Mytilus californianus,1.49593,1
K,2012,Mytilus californianus,1.49696,1
K,2012,Mytilus californianus,1.49647,1
K,2012,Mytilus californianus,1.495,1
K,2012,Mytilus californianus,1.58312,1
K,2012,Mytilus californianus,1.61827,1
K,2012,Mytilus californianus,1.42474,1
K,2012,Mytilus californianus,1.2317,1
K,2012,Mytilus californianus,1.03921,1
K,2012,Mytilus californianus,-0.085,1
K,2012,Mytilus californianus,0.1149,1
K,2012,Mytilus californianus,0.0533,1
K,2012,Mytilus californianus,-0.2692,1
K,2012,Mytilus californianus,0.40776,1
K,2012,Mytilus californianus,-0.0837,1
K,2012,Mytilus californianus,-0.1023,1
K,2012,Mytilus californianus,0.24271,1
K,2012,Mytilus californianus,0.34302,1
K,2012,Mytilus californianus,0.28834,1
K,2012,Mytilus californianus,0.1095,1
K,2012,Mytilus californianus,0.0183,1
K,2012,Mytilus californianus,0.0608,1
K,2012,Mytilus californianus,-0.1069,1
K,2012,Mytilus californianus,-0.175,1
K,2012,Mytilus californianus,-0.015,1
K,2012,Mytilus californianus,-0.1017,1
K,2012,Mytilus californianus,0.015,1
K,2012,Mytilus californianus,-0.6252,1
K,2012,Mytilus californianus,0.8691,1
K,2012,Mytilus californianus,1.20888,1
K,2012,Mytilus californianus,1.205,1
K,2012,Mytilus californianus,0.865,1
K,2012,Mytilus californianus,0.86499,1
K,2012,Mytilus californianus,1.03494,1
K,2012,Mytilus californianus,1.18412,1
K,2012,Mytilus californianus,1.10041,1
K,2012,Mytilus californianus,1.01689,1
K,2012,Mytilus californianus,1.01659,1
K,2012,Mytilus californianus,1.09966,1
K,2012,Mytilus californianus,1.18257,1
K,2012,Mytilus californianus,1.21653,1
K,2012,Mytilus californianus,1.10256,1
K,2012,Mytilus californianus,0.98868,1
K,2012,Mytilus californianus,0.875,1
K,2012,Mytilus californianus,1.20639,1
K,2012,Mytilus californianus,1.23804,1
K,2012,Mytilus californianus,1.2693,1
K,2012,Mytilus californianus,1.18503,1
K,2012,Mytilus californianus,1.08168,1
K,2012,Mytilus californianus,1.19129,1
K,2012,Mytilus californianus,1.22368,1
K,2012,Mytilus californianus,1.25693,1
K,2012,Mytilus californianus,1.289,1
K,2012,Mytilus californianus,1.31978,1
K,2012,Mytilus californianus,1.2617,1
K,2012,Mytilus californianus,1.27655,1
K,2012,Mytilus californianus,1.34427,1
K,2012,Mytilus californianus,1.38174,1
K,2012,Mytilus californianus,1.32838,1
K,2012,Mytilus californianus,1.12719,1
K,2012,Mytilus californianus,0.87691,1
K,2012,Mytilus californianus,0.62611000000000006,1
K,2012,Mytilus californianus,0.375,1
K,2012,Mytilus californianus,0.74592,1
K,2012,Mytilus californianus,0.62959,1
K,2012,Mytilus californianus,0.51384,1
K,2012,Mytilus californianus,0.39783,1
K,2012,Mytilus californianus,0.28189,1
K,2012,Mytilus californianus,-0.1517,1
K,2012,Mytilus californianus,-0.633,1
K,2012,Mytilus californianus,0.37006,1
K,2012,Mytilus californianus,0.1325,1
K,2012,Mytilus californianus,-0.105,1
K,2012,Mytilus californianus,-0.0517,1
K,2012,Mytilus californianus,-0.185,1
K,2012,Mytilus californianus,-0.137,1
K,2012,Mytilus californianus,-0.36,1
K,2012,Mytilus californianus,-0.5675,1
K,2012,Mytilus californianus,-0.3675,1
K,2012,Mytilus californianus,-0.045,1
K,2012,Mytilus californianus,-0.165,1
K,2012,Mytilus californianus,-0.08,1
K,2012,Mytilus californianus,-0.4152,1
K,2017,Mytilus californianus,2.55667,1
K,2017,Mytilus californianus,1.80667,1
K,2017,Mytilus californianus,1.88667,1
K,2017,Mytilus californianus,1.80667,1
K,2017,Mytilus californianus,1.81669,1
K,2017,Mytilus californianus,1.8267,1
K,2017,Mytilus californianus,1.85667,1
K,2017,Mytilus californianus,1.72169,1
K,2017,Mytilus californianus,1.58667,1
K,2017,Mytilus californianus,1.05667,1
K,2017,Mytilus californianus,0.51667,1
K,2017,Mytilus californianus,1.19174,1
K,2017,Mytilus californianus,1.86667,1
K,2017,Mytilus californianus,1.93702,1
K,2017,Mytilus californianus,2.00713,1
K,2017,Mytilus californianus,2.07709,1
K,2017,Mytilus californianus,2.14701,1
K,2017,Mytilus californianus,2.21688,1
K,2017,Mytilus californianus,2.22832,1
K,2017,Mytilus californianus,2.16989,1
K,2017,Mytilus californianus,2.11145,1
K,2017,Mytilus californianus,2.05288,1
K,2017,Mytilus californianus,1.93544,1
K,2017,Mytilus californianus,1.87667,1
K,2017,Mytilus californianus,1.67667,1
K,2017,Mytilus californianus,1.73667,1
K,2017,Mytilus californianus,1.84346,1
K,2017,Mytilus californianus,1.95012,1
K,2017,Mytilus californianus,2.02282,1
K,2017,Mytilus californianus,1.98891,1
K,2017,Mytilus californianus,1.95478,1
K,2017,Mytilus californianus,1.92074,1
K,2017,Mytilus californianus,1.88667,1
K,2017,Mytilus californianus,1.76243,1
K,2017,Mytilus californianus,1.63813,1
K,2017,Mytilus californianus,1.51378,1
K,2017,Mytilus californianus,1.38942,1
K,2017,Mytilus californianus,1.265,1
K,2017,Mytilus californianus,0.97834,1
K,2017,Mytilus californianus,0.81978,1
K,2017,Mytilus californianus,0.78927,1
K,2017,Mytilus californianus,0.72836,1
K,2017,Mytilus californianus,0.69773,1
K,2017,Mytilus californianus,0.6367,1
K,2017,Mytilus californianus,0.60583,1
K,2017,Mytilus californianus,0.575,1
K,2017,Mytilus californianus,0.39502,1
K,2017,Mytilus californianus,0.035,1
K,2017,Mytilus californianus,0.1,1
K,2017,Mytilus californianus,0.165,1
K,2017,Mytilus californianus,0.069,1
K,2017,Mytilus californianus,-0.027,1
K,2017,Mytilus californianus,-0.123,1
K,2017,Mytilus californianus,2.08667,1
K,2017,Mytilus californianus,1.97667,1
K,2017,Mytilus californianus,2.08667,1
K,2017,Mytilus californianus,2.13445,1
K,2017,Mytilus californianus,2.18235,1
K,2017,Mytilus californianus,2.23042,1
K,2017,Mytilus californianus,1.48667,1
K,2017,Mytilus californianus,1.88667,1
K,2017,Mytilus californianus,2.10667,1
K,2017,Mytilus californianus,2.32667,1
K,2017,Mytilus californianus,2.34343,1
K,2017,Mytilus californianus,2.36014,1
K,2017,Mytilus californianus,2.37667,1
K,2017,Mytilus californianus,2.36674,1
K,2017,Mytilus californianus,2.35667,1
K,2017,Mytilus californianus,2.09667,1
K,2017,Mytilus californianus,2.03667,1
K,2017,Postelsia palmaeformis,1.94068,1
K,2017,Postelsia palmaeformis,1.8448,1
K,2017,Postelsia palmaeformis,1.74882,1
K,2017,Postelsia palmaeformis,1.6529,1
K,2017,Mytilus californianus,1.55667,1
K,2017,Mytilus californianus,1.23667,1
K,2017,Mytilus californianus,0.55667,1
K,2017,Mytilus californianus,0.69667,1
K,2017,Mytilus californianus,0.61667,1
K,2017,Mytilus californianus,-0.0233,1
K,2017,Mytilus californianus,1.14164,1
K,2017,Mytilus californianus,1.21667,1
K,2017,Mytilus californianus,1.26667,1
K,2017,Mytilus californianus,1.22665,1
K,2017,Mytilus californianus,1.18665,1
K,2017,Mytilus californianus,1.14667,1
K,2017,Mytilus californianus,1.12665,1
K,2017,Mytilus californianus,1.10663,1
K,2017,Mytilus californianus,1.08659,1
K,2017,Mytilus californianus,1.04667,1
K,2017,Mytilus californianus,1.02672,1
K,2017,Mytilus californianus,1.00668,1
K,2017,Mytilus californianus,0.98668,1
K,2017,Mytilus californianus,0.96667,1
K,2017,Mytilus californianus,0.8067,1
K,2017,Mytilus californianus,0.70669,1
K,2017,Mytilus californianus,0.62005,1
K,2017,Mytilus californianus,0.6334,1
K,2017,Mytilus californianus,2.20667,1
K,2017,Mytilus californianus,2.43684,1
K,2017,Mytilus californianus,2.42675,1
K,2017,Mytilus californianus,2.40667,1
K,2017,Mytilus californianus,2.39878,1
K,2017,Mytilus californianus,2.39092,1
K,2017,Mytilus californianus,2.36667,1
K,2017,Mytilus californianus,2.23168,1
K,2017,Mytilus californianus,1.92667,1
K,2017,Mytilus californianus,2.12667,1
K,2017,Mytilus californianus,2.18171,1
K,2017,Mytilus californianus,2.23667,1
K,2017,Mytilus californianus,2.20667,1
K,2017,Mytilus californianus,1.94667,1
K,2017,Mytilus californianus,2.17667,1
K,2017,Mytilus californianus,2.19412,1
K,2017,Mytilus californianus,2.22911,1
K,2017,Mytilus californianus,2.24667,1
K,2017,Mytilus californianus,2.2126,1
K,2017,Mytilus californianus,2.17877,1
K,2017,Mytilus californianus,2.14486,1
K,2017,Mytilus californianus,2.11081,1
K,2017,Mytilus californianus,2.07667,1
K,2017,Mytilus californianus,1.91667,1
K,2017,Mytilus californianus,1.86667,1
K,2017,Mytilus californianus,1.91667,1
K,2017,Mytilus californianus,1.88005,1
K,2017,Mytilus californianus,1.84341,1
K,2017,Postelsia palmaeformis,1.68667,1
K,2017,Mytilus californianus,1.48005,1
K,2017,Mytilus californianus,1.37667,1
K,2017,Mytilus californianus,0.93648,1
K,2017,Mytilus californianus,0.71647,1
K,2017,Mytilus californianus,0.49653,1
K,2017,Mytilus californianus,0.27667,1
K,2017,Mytilus californianus,-0.2033,1
K,2017,Mytilus californianus,0.1467,1
K,2017,Mytilus californianus,0.44667,1
K,2017,Mytilus californianus,0.68667,1
K,2017,Mytilus californianus,0.76667,1
K,2017,Mytilus californianus,0.84339,1
K,2017,Mytilus californianus,0.92007,1
K,2017,Mytilus californianus,0.99667,1
K,2017,Mytilus californianus,0.84667,1
K,2017,Mytilus californianus,0.81021,1
K,2017,Mytilus californianus,0.77354,1
K,2017,Mytilus californianus,0.73673,1
K,2017,Mytilus californianus,0.69976,1
K,2017,Mytilus californianus,0.66282,1
K,2017,Mytilus californianus,0.62581,1
K,2017,Mytilus californianus,0.58827,1
K,2017,Mytilus californianus,0.51289,1
K,2017,Mytilus californianus,0.475,1
K,2017,Mytilus californianus,2.39665,1
K,2017,Mytilus californianus,2.08667,1
K,2017,Mytilus californianus,2.2791,1
K,2017,Mytilus californianus,2.3221,1
K,2017,Mytilus californianus,2.32691,1
K,2017,Mytilus californianus,2.33192,1
K,2017,Mytilus californianus,2.33697,1
K,2017,Mytilus californianus,2.34177,1
K,2017,Mytilus californianus,2.34667,1
K,2017,Mytilus californianus,2.32066,1
K,2017,Mytilus californianus,2.29465,1
K,2017,Mytilus californianus,2.26862,1
K,2017,Mytilus californianus,2.24258,1
K,2017,Mytilus californianus,2.21667,1
K,2017,Mytilus californianus,2.03907,1
K,2017,Mytilus californianus,1.95039,1
K,2017,Mytilus californianus,1.86185,1
K,2017,Mytilus californianus,1.68499,1
K,2017,Mytilus californianus,1.05667,1
K,2017,Mytilus californianus,1.72667,1
K,2017,Mytilus californianus,1.8116,1
K,2017,Mytilus californianus,1.89667,1
K,2017,Mytilus californianus,1.87655,1
K,2017,Mytilus californianus,1.85658,1
K,2017,Mytilus californianus,1.83667,1
K,2017,Mytilus californianus,1.81656,1
K,2017,Mytilus californianus,1.79663,1
K,2017,Mytilus californianus,1.77667,1
K,2017,Mytilus californianus,1.83168,1
K,2017,Mytilus californianus,1.88667,1
K,2017,Mytilus californianus,1.87474,1
K,2017,Mytilus californianus,1.86273,1
K,2017,Mytilus californianus,1.85083,1
K,2017,Mytilus californianus,1.83885,1
K,2017,Mytilus californianus,1.82667,1
K,2017,Mytilus californianus,1.68667,1
K,2017,Postelsia palmaeformis,1.78667,1
K,2017,Mytilus californianus,1.6132,1
K,2017,Mytilus californianus,1.52667,1
K,2017,Mytilus californianus,1.444,1
K,2017,Mytilus californianus,1.35145,1
K,2017,Mytilus californianus,1.25904,1
K,2017,Mytilus californianus,1.16667,1
K,2017,Mytilus californianus,0.97667,1
K,2017,Mytilus californianus,-0.1433,1
K,2017,Mytilus californianus,-0.1933,1
K,2017,Mytilus californianus,0.19084,1
K,2017,Mytilus californianus,0.38285,1
K,2017,Mytilus californianus,0.57477,1
K,2017,Mytilus californianus,0.76667,1
K,2017,Mytilus californianus,0.77667,1
K,2017,Mytilus californianus,0.74667,1
K,2017,Mytilus californianus,0.68171,1
K,2017,Mytilus californianus,0.61667,1
K,2017,Mytilus californianus,2.55667,1
K,2017,Mytilus californianus,2.22429,1
K,2017,Mytilus californianus,2.24593,1
K,2017,Mytilus californianus,2.28072,1
K,2017,Mytilus californianus,2.27473,1
K,2017,Mytilus californianus,2.26882,1
K,2017,Mytilus californianus,2.26277,1
K,2017,Mytilus californianus,2.34733,1
K,2017,Mytilus californianus,2.00667,1
K,2017,Mytilus californianus,2.00701,1
K,2017,Mytilus californianus,2.00721,1
K,2017,Mytilus californianus,2.00727,1
K,2017,Mytilus californianus,2.00695,1
K,2017,Mytilus californianus,2.00667,1
K,2017,Mytilus californianus,1.88176,1
K,2017,Mytilus californianus,1.75667,1
K,2017,Mytilus californianus,1.75674,1
K,2017,Mytilus californianus,1.75667,1
K,2017,Mytilus californianus,1.80175,1
K,2017,Mytilus californianus,1.84667,1
K,2017,Mytilus californianus,1.70344,1
K,2017,Mytilus californianus,1.56011,1
K,2017,Mytilus californianus,1.41667,1
K,2017,Mytilus californianus,0.53169,1
K,2017,Mytilus californianus,-0.3533,1
K,2017,Mytilus californianus,0.53667,1
K,2017,Mytilus californianus,0.76667,1
K,2017,Mytilus californianus,0.8567,1
K,2017,Mytilus californianus,0.94667,1
K,2017,Mytilus californianus,1.04168,1
K,2017,Mytilus californianus,1.13667,1
K,2017,Mytilus californianus,1.54667,1
K,2017,Mytilus californianus,1.58166,1
K,2017,Mytilus californianus,1.61667,1
K,2017,Mytilus californianus,1.59167,1
K,2017,Mytilus californianus,1.56667,1
K,2017,Mytilus californianus,1.50667,1
K,2017,Mytilus californianus,1.39667,1
K,2017,Mytilus californianus,1.38667,1
K,2017,Mytilus californianus,1.54667,1
K,2017,Mytilus californianus,1.51667,1
K,2017,Mytilus californianus,1.45667,1
K,2017,Mytilus californianus,1.34667,1
K,2017,Mytilus californianus,1.50667,1
K,2017,Mytilus californianus,1.49463,1
K,2017,Mytilus californianus,1.48262,1
K,2017,Mytilus californianus,1.47043,1
K,2017,Mytilus californianus,1.4585,1
K,2017,Mytilus californianus,1.44667,1
K,2017,Mytilus californianus,0.94994,1
K,2017,Mytilus californianus,0.45329,1
K,2017,Mytilus californianus,-0.0384,1
K,2017,Mytilus californianus,-0.4339,1
K,2017,Mytilus californianus,-0.3428,1
K,2017,Mytilus californianus,-0.2514,1
K,2017,Mytilus californianus,-0.16,1
K,2017,Mytilus californianus,-0.0684,1
K,2017,Mytilus californianus,0.0232,1
K,2017,Mytilus californianus,0.115,1
K,2017,Mytilus californianus,0.24475,1
K,2017,Mytilus californianus,0.37466,1
K,2017,Mytilus californianus,0.50474,1
K,2017,Mytilus californianus,0.635,1
K,2017,Mytilus californianus,0.62775,1
K,2017,Mytilus californianus,0.62068,1
K,2017,Mytilus californianus,0.61385,1
K,2017,Mytilus californianus,0.60714,1
K,2017,Mytilus californianus,0.60063,1
K,2017,Mytilus californianus,0.58804,1
K,2017,Mytilus californianus,0.53609,1
K,2017,Mytilus californianus,0.43847,1
K,2017,Mytilus californianus,0.34097,1
K,2017,Mytilus californianus,0.24371,1
K,2017,Mytilus californianus,0.21498,1
K,2017,Mytilus californianus,2.45479,1
K,2017,Mytilus californianus,0.47167,1
K,2017,Mytilus californianus,0.59667,1
K,2017,Mytilus californianus,0.91667,1
K,2017,Mytilus californianus,2.14666,1
K,2017,Mytilus californianus,2.12167,1
K,2017,Mytilus californianus,2.09667,1
K,2017,Mytilus californianus,2.11668,1
K,2017,Mytilus californianus,2.13667,1
K,2017,Mytilus californianus,2.14667,1
K,2017,Mytilus californianus,2.09999,1
K,2017,Mytilus californianus,1.96667,1
K,2017,Mytilus californianus,2.04667,1
K,2017,Mytilus californianus,2.06999,1
K,2017,Mytilus californianus,2.09333,1
K,2017,Mytilus californianus,1.96667,1
K,2017,Mytilus californianus,1.96087,1
K,2017,Mytilus californianus,1.94889,1
K,2017,Mytilus californianus,1.94281,1
K,2017,Mytilus californianus,1.93667,1
K,2017,Mytilus californianus,1.94275,1
K,2017,Mytilus californianus,1.94879,1
K,2017,Mytilus californianus,1.95484,1
K,2017,Mytilus californianus,1.96076,1
K,2017,Mytilus californianus,1.96667,1
K,2017,Mytilus californianus,1.94462,1
K,2017,Mytilus californianus,1.92265,1
K,2017,Mytilus californianus,1.90066,1
K,2017,Mytilus californianus,1.85667,1
K,2017,Mytilus californianus,1.84654,1
K,2017,Mytilus californianus,1.80667,1
K,2017,Mytilus californianus,1.74657,1
K,2017,Mytilus californianus,1.68654,1
K,2017,Mytilus californianus,1.62662,1
K,2017,Mytilus californianus,1.56667,1
K,2017,Mytilus californianus,-0.3333,1
K,2017,Mytilus californianus,1.19667,1
K,2017,Mytilus californianus,1.52667,1
K,2017,Mytilus californianus,1.55461,1
K,2017,Mytilus californianus,1.58257,1
K,2017,Mytilus californianus,1.61057,1
K,2017,Mytilus californianus,1.66667,1
K,2017,Mytilus californianus,1.66339,1
K,2017,Mytilus californianus,1.66005,1
K,2017,Mytilus californianus,1.65667,1
K,2017,Mytilus californianus,1.45667,1
K,2017,Mytilus californianus,1.60667,1
K,2017,Mytilus californianus,1.60071,1
K,2017,Mytilus californianus,1.59476,1
K,2017,Mytilus californianus,1.58876,1
K,2017,Mytilus californianus,1.58271,1
K,2017,Mytilus californianus,1.57667,1
K,2017,Mytilus californianus,1.36637,1
K,2017,Mytilus californianus,1.15606,1
K,2017,Mytilus californianus,0.94572,1
K,2017,Mytilus californianus,0.73537,1
K,2017,Mytilus californianus,0.525,1
K,2017,Mytilus californianus,0.15503,1
K,2017,Mytilus californianus,-0.215,1
K,2017,Mytilus californianus,-0.5849,1
K,2017,Mytilus californianus,-0.955,1
K,2017,Mytilus californianus,-1.325,1
K,2017,Mytilus californianus,-1.155,1
K,2017,Mytilus californianus,-0.985,1
K,2017,Mytilus californianus,-0.8317,1
K,2017,Mytilus californianus,-0.6783,1
K,2017,Mytilus californianus,-0.525,1
K,2017,Mytilus californianus,-0.505,1
K,2017,Mytilus californianus,-0.65,1
K,2017,Mytilus californianus,-0.177,1
K,2017,Mytilus californianus,0.071,1
K,2017,Mytilus californianus,0.16127,1
K,2017,Mytilus californianus,0.0938,1
K,2017,Mytilus californianus,0.0263,1
K,2017,Mytilus californianus,-0.0412,1
K,2017,Mytilus californianus,-0.17,1
K,2017,Mytilus californianus,-0.17,1
K,2017,Mytilus californianus,1.05102,1
K,2017,Mytilus californianus,1.005,1
K,2017,Mytilus californianus,0.98101,1
K,2017,Mytilus californianus,0.815,1
K,2017,Mytilus californianus,0.905,1
K,2017,Mytilus californianus,1.00832,1
K,2017,Mytilus californianus,0.975,1
K,2017,Mytilus californianus,0.78839,1
K,2017,Mytilus californianus,0.67744,1
K,2017,Mytilus californianus,1.08481,1
K,2017,Mytilus californianus,0.86456,1
K,2017,Mytilus californianus,0.64447,1
K,2017,Mytilus californianus,0.47849,1
K,2017,Mytilus californianus,0.47245,1
K,2017,Mytilus californianus,0.34715,1
K,2017,Mytilus californianus,0.0628,1
K,2017,Mytilus californianus,0.1314,1
K,2017,Mytilus californianus,0.20017,1
K,2017,Mytilus californianus,0.26811,1
K,2017,Mytilus californianus,0.49941,1
K,2017,Mytilus californianus,0.785,1
K,2017,Mytilus californianus,0.54501,1
K,2017,Mytilus californianus,0.54031,1
K,2017,Mytilus californianus,0.61412,1
K,2017,Mytilus californianus,0.68802,1
K,2017,Mytilus californianus,0.55502,1
K,2017,Mytilus californianus,0.21501,1
K,2017,Mytilus californianus,0.28058,1
K,2017,Mytilus californianus,0.49498,1
K,2017,Mytilus californianus,0.45498,1
K,2017,Mytilus californianus,0.43,1
K,2017,Mytilus californianus,0.54299,1
K,2017,Mytilus californianus,0.53834,1
K,2017,Mytilus californianus,0.485,1
K,2017,Mytilus californianus,0.53102,1
K,2017,Mytilus californianus,0.025,1
K,2017,Mytilus californianus,0.255,1
K,2017,Mytilus californianus,0.18353,1
K,2017,Mytilus californianus,0.32213,1
K,2017,Mytilus californianus,0.1907,1
K,2017,Mytilus californianus,0.005,1
K,2017,Mytilus californianus,0.0449,1
K,2017,Mytilus californianus,0.17833,1
K,2017,Mytilus californianus,0.22748,1
K,2017,Mytilus californianus,0.19249,1
K,2017,Mytilus californianus,-0.16,1
K,2017,Mytilus californianus,-0.029,1
K,2017,Mytilus californianus,0.088,1
K,2017,Mytilus californianus,0.205,1
K,2017,Mytilus californianus,1.0849,1
K,2017,Mytilus californianus,1.29241,1
K,2017,Mytilus californianus,1.2675,1
K,2017,Mytilus californianus,1.24304,1
K,2017,Mytilus californianus,1.025,1
K,2017,Mytilus californianus,0.92826,1
K,2017,Mytilus californianus,0.6333,1
K,2017,Mytilus californianus,0.74656,1
K,2017,Mytilus californianus,0.6507,1
K,2017,Mytilus californianus,0.48611,1
K,2017,Mytilus californianus,0.32126,1
K,2017,Mytilus californianus,0.6195,1
K,2017,Mytilus californianus,0.64942,1
K,2017,Mytilus californianus,0.67988,1
K,2017,Mytilus californianus,0.71005,1
K,2017,Mytilus californianus,0.71703,1
K,2017,Mytilus californianus,0.70135,1
K,2017,Mytilus californianus,0.68458,1
K,2017,Mytilus californianus,0.66976,1
K,2017,Mytilus californianus,0.65311,1
K,2017,Mytilus californianus,0.6358,1
K,2017,Mytilus californianus,0.61955,1
K,2017,Mytilus californianus,0.56523,1
K,2017,Mytilus californianus,0.4059,1
K,2017,Mytilus californianus,0.24547,1
K,2017,Mytilus californianus,0.33741,1
K,2017,Mytilus californianus,1.025,1
K,2017,Mytilus californianus,1.03403,1
K,2017,Mytilus californianus,1.04284,1
K,2017,Mytilus californianus,0.96672,1
K,2017,Mytilus californianus,0.75744,1
K,2017,Mytilus californianus,0.65236,1
K,2017,Mytilus californianus,0.54747,1
K,2017,Mytilus californianus,0.33492,1
K,2017,Mytilus californianus,0.015,1
K,2017,Mytilus californianus,-0.685,1
K,2017,Mytilus californianus,-0.835,1
K,2017,Mytilus californianus,0.33393,1
K,2017,Mytilus californianus,0.42089,1
K,2017,Mytilus californianus,0.50842,1
K,2017,Mytilus californianus,0.595,1
K,2017,Mytilus californianus,0.38598,1
K,2017,Mytilus californianus,0.1769,1
K,2017,Mytilus californianus,-0.0326,1
K,2017,Mytilus californianus,0.0452,1
K,2017,Mytilus californianus,0.21868,1
K,2017,Mytilus californianus,0.3827,1
K,2017,Mytilus californianus,0.53766,1
K,2017,Mytilus californianus,0.52366,1
K,2017,Mytilus californianus,0.34075,1
K,2017,Mytilus californianus,0.055,1
K,2017,Mytilus californianus,0.005,1
K,2017,Mytilus californianus,0.16521,1
K,2017,Mytilus californianus,0.1118,1
K,2017,Mytilus californianus,-0.025,1
K,2017,Mytilus californianus,0.1451,1
K,2017,Mytilus californianus,0.315,1
K,2017,Mytilus californianus,-0.0149,1
K,2017,Mytilus californianus,-0.345,1
K,2017,Mytilus californianus,1.36764,1
K,2017,Mytilus californianus,1.26892,1
K,2017,Mytilus californianus,0.92486,1
K,2017,Mytilus californianus,0.57638,1
K,2017,Mytilus californianus,0.62044,1
K,2017,Mytilus californianus,0.66415,1
K,2017,Mytilus californianus,0.66314,1
K,2017,Mytilus californianus,0.64747,1
K,2017,Mytilus californianus,0.865,1
K,2017,Mytilus californianus,0.93855,1
K,2017,Mytilus californianus,1.08621,1
K,2017,Mytilus californianus,1.15835,1
K,2017,Mytilus californianus,1.20949,1
K,2017,Mytilus californianus,1.09762,1
K,2017,Mytilus californianus,0.9954,1
K,2017,Mytilus californianus,1.005,1
K,2017,Mytilus californianus,1.33118,1
K,2017,Mytilus californianus,1.38253,1
K,2017,Mytilus californianus,1.4332,1
K,2017,Mytilus californianus,1.48279,1
K,2017,Mytilus californianus,1.14992,1
K,2017,Mytilus californianus,0.68911,1
K,2017,Mytilus californianus,0.22792,1
K,2017,Mytilus californianus,-0.2341,1
K,2017,Mytilus californianus,-0.113,1
K,2017,Mytilus californianus,0.59102,1
K,2017,Mytilus californianus,1.295,1
K,2017,Mytilus californianus,0.93155,1
K,2017,Mytilus californianus,0.56824,1
K,2017,Mytilus californianus,0.205,1
K,2017,Mytilus californianus,0.31159,1
K,2017,Mytilus californianus,0.1249,1
K,2017,Mytilus californianus,-0.555,1
K,2017,Mytilus californianus,-1.0875,1
K,2017,Mytilus californianus,-0.528,1
K,2017,Mytilus californianus,0.68618,1
K,2017,Mytilus californianus,0.61832,1
K,2017,Mytilus californianus,0.685,1
K,2017,Mytilus californianus,0.73359,1
K,2017,Mytilus californianus,0.56788,1
K,2017,Mytilus californianus,0.45842,1
K,2017,Mytilus californianus,0.405,1
K,2017,Mytilus californianus,0.545,1
K,2017,Mytilus californianus,0.36508,1
K,2017,Mytilus californianus,0.425,1
K,2017,Mytilus californianus,0.265,1
K,2017,Mytilus californianus,0.46495,1
K,2017,Mytilus californianus,0.665,1
K,2017,Mytilus californianus,0.48757,1
K,2017,Mytilus californianus,0.31042,1
K,2017,Mytilus californianus,0.1334,1
K,2017,Mytilus californianus,0.25832,1
K,2017,Mytilus californianus,0.101,1
K,2017,Mytilus californianus,0.135,1
K,2017,Mytilus californianus,-0.041,1
K,2017,Mytilus californianus,0.095,1
K,2017,Mytilus californianus,0.23498,1
K,2017,Mytilus californianus,0.18497,1
K,2017,Mytilus californianus,0.315,1
K,2017,Mytilus californianus,0.1498,1
K,2017,Mytilus californianus,1.07171,1
K,2017,Mytilus californianus,0.82832,1
K,2017,Mytilus californianus,0.80302,1
K,2017,Mytilus californianus,0.65902,1
K,2017,Mytilus californianus,0.515,1
K,2017,Mytilus californianus,0.6305,1
K,2017,Mytilus californianus,-0.0274,1
K,2017,Mytilus californianus,-0.685,1
K,2017,Mytilus californianus,0.1452,1
K,2017,Mytilus californianus,0.7052,1
K,2017,Mytilus californianus,1.265,1
K,2017,Mytilus californianus,1.20011,1
K,2017,Mytilus californianus,1.135,1
K,2017,Mytilus californianus,1.17382,1
K,2017,Mytilus californianus,1.21186,1
K,2017,Mytilus californianus,1.25036,1
K,2017,Mytilus californianus,1.28756,1
K,2017,Mytilus californianus,1.32435,1
K,2017,Mytilus californianus,1.36005,1
K,2017,Mytilus californianus,1.39607,1
K,2017,Mytilus californianus,1.3237,1
K,2017,Mytilus californianus,1.215,1
K,2017,Mytilus californianus,1.22769,1
K,2017,Mytilus californianus,1.30787,1
K,2017,Mytilus californianus,1.49696,1
K,2017,Mytilus californianus,1.49647,1
K,2017,Mytilus californianus,1.495,1
K,2017,Mytilus californianus,1.58312,1
K,2017,Mytilus californianus,1.67108,1
K,2017,Mytilus californianus,1.61827,1
K,2017,Mytilus californianus,1.42474,1
K,2017,Mytilus californianus,0.69894,1
K,2017,Mytilus californianus,-0.085,1
K,2017,Mytilus californianus,0.1149,1
K,2017,Mytilus californianus,0.0533,1
K,2017,Mytilus californianus,-0.2692,1
K,2017,Mytilus californianus,0.565,1
K,2017,Mytilus californianus,0.84505,1
K,2017,Mytilus californianus,0.77709,1
K,2017,Mytilus californianus,0.59279,1
K,2017,Mytilus californianus,0.40776,1
K,2017,Mytilus californianus,0.49504,1
K,2017,Mytilus californianus,0.29857,1
K,2017,Mytilus californianus,-0.0837,1
K,2017,Mytilus californianus,0.34302,1
K,2017,Mytilus californianus,0.28834,1
K,2017,Mytilus californianus,0.075,1
K,2017,Mytilus californianus,0.1095,1
K,2017,Mytilus californianus,0.0608,1
K,2017,Mytilus californianus,0.215,1
K,2017,Mytilus californianus,0.135,1
K,2017,Mytilus californianus,-0.1069,1
K,2017,Mytilus californianus,-0.175,1
K,2017,Mytilus californianus,-0.1017,1
K,2017,Mytilus californianus,0.015,1
K,2017,Mytilus californianus,-0.4116,1
K,2017,Mytilus californianus,-0.6252,1
K,2017,Mytilus californianus,0.76645,1
K,2017,Mytilus californianus,0.70331,1
K,2017,Mytilus californianus,1.21302,1
K,2017,Mytilus californianus,1.205,1
K,2017,Mytilus californianus,0.865,1
K,2017,Mytilus californianus,0.86499,1
K,2017,Mytilus californianus,1.03494,1
K,2017,Mytilus californianus,1.18412,1
K,2017,Mytilus californianus,1.10041,1
K,2017,Mytilus californianus,1.01689,1
K,2017,Mytilus californianus,1.01659,1
K,2017,Mytilus californianus,1.09966,1
K,2017,Mytilus californianus,1.18257,1
K,2017,Mytilus californianus,1.21653,1
K,2017,Mytilus californianus,0.98868,1
K,2017,Mytilus californianus,0.875,1
K,2017,Mytilus californianus,-0.365,1
K,2017,Mytilus californianus,-0.2679,1
K,2017,Mytilus californianus,1.11155,1
K,2017,Mytilus californianus,1.14312,1
K,2017,Mytilus californianus,1.17483,1
K,2017,Mytilus californianus,1.23804,1
K,2017,Mytilus californianus,1.2693,1
K,2017,Mytilus californianus,1.18503,1
K,2017,Mytilus californianus,1.08168,1
K,2017,Mytilus californianus,1.19129,1
K,2017,Mytilus californianus,1.22368,1
K,2017,Mytilus californianus,1.25693,1
K,2017,Mytilus californianus,1.289,1
K,2017,Mytilus californianus,1.31978,1
K,2017,Mytilus californianus,1.2617,1
K,2017,Mytilus californianus,1.27655,1
K,2017,Mytilus californianus,1.34427,1
K,2017,Mytilus californianus,1.38174,1
K,2017,Mytilus californianus,1.32838,1
K,2017,Mytilus californianus,1.12719,1
K,2017,Mytilus californianus,0.87691,1
K,2017,Mytilus californianus,0.62611000000000006,1
K,2017,Mytilus californianus,0.375,1
K,2017,Mytilus californianus,0.74592,1
K,2017,Mytilus californianus,0.62959,1
K,2017,Mytilus californianus,0.51384,1
K,2017,Mytilus californianus,0.39783,1
K,2017,Mytilus californianus,0.28189,1
K,2017,Mytilus californianus,-0.1517,1
K,2017,Mytilus californianus,-0.633,1
K,2017,Mytilus californianus,0.45298,1
K,2017,Mytilus californianus,0.285,1
K,2017,Mytilus californianus,0.33833,1
K,2017,Mytilus californianus,0.7809,1
K,2017,Mytilus californianus,0.845,1
K,2017,Mytilus californianus,0.60755,1
K,2017,Mytilus californianus,0.37006,1
K,2017,Mytilus californianus,0.1325,1
K,2017,Mytilus californianus,-0.105,1
K,2017,Mytilus californianus,-0.0517,1
K,2017,Mytilus californianus,-0.185,1
K,2017,Mytilus californianus,-0.137,1
K,2017,Mytilus californianus,-0.5675,1
K,2017,Mytilus californianus,-0.3675,1
K,2017,Mytilus californianus,-0.045,1
K,2017,Mytilus californianus,-0.165,1
K,2017,Mytilus californianus,-0.08,1
K,2017,Mytilus californianus,-0.027,1
K,2017,Mytilus californianus,-0.211,1
K,2017,Mytilus californianus,-0.395,1
K,2017,Mytilus californianus,-0.4079,1
K,2017,Mytilus californianus,-0.4152,1
K,2017,Mytilus californianus,-0.4318,1
K,2020,Mytilus californianus,1.67667,1
K,2020,Mytilus californianus,1.80667,1
K,2020,Mytilus californianus,1.88667,1
K,2020,Mytilus californianus,1.58168,1
K,2020,Mytilus californianus,1.27667,1
K,2020,Mytilus californianus,1.00667,1
K,2020,Mytilus californianus,1.80667,1
K,2020,Mytilus californianus,1.81669,1
K,2020,Mytilus californianus,1.8267,1
K,2020,Mytilus californianus,1.83678,1
K,2020,Mytilus californianus,1.8467,1
K,2020,Mytilus californianus,1.85667,1
K,2020,Mytilus californianus,1.58667,1
K,2020,Mytilus californianus,1.18667,1
K,2020,Mytilus californianus,1.14343,1
K,2020,Mytilus californianus,1.10009,1
K,2020,Mytilus californianus,1.05667,1
K,2020,Mytilus californianus,0.51667,1
K,2020,Mytilus californianus,1.19174,1
K,2020,Mytilus californianus,1.86667,1
K,2020,Mytilus californianus,1.93702,1
K,2020,Mytilus californianus,2.00713,1
K,2020,Mytilus californianus,2.07709,1
K,2020,Mytilus californianus,2.28667,1
K,2020,Mytilus californianus,2.11145,1
K,2020,Mytilus californianus,1.99407,1
K,2020,Mytilus californianus,1.93544,1
K,2020,Mytilus californianus,1.87667,1
K,2020,Mytilus californianus,1.73667,1
K,2020,Mytilus californianus,1.84346,1
K,2020,Mytilus californianus,1.95012,1
K,2020,Mytilus californianus,2.05667,1
K,2020,Mytilus californianus,2.02282,1
K,2020,Mytilus californianus,1.98891,1
K,2020,Mytilus californianus,1.95478,1
K,2020,Mytilus californianus,1.92074,1
K,2020,Mytilus californianus,1.88667,1
K,2020,Mytilus californianus,1.76243,1
K,2020,Mytilus californianus,1.63813,1
K,2020,Mytilus californianus,1.51378,1
K,2020,Mytilus californianus,1.38942,1
K,2020,Mytilus californianus,1.265,1
K,2020,Mytilus californianus,0.78927,1
K,2020,Mytilus californianus,0.72836,1
K,2020,Mytilus californianus,0.69773,1
K,2020,Mytilus californianus,0.66711,1
K,2020,Mytilus californianus,0.6367,1
K,2020,Mytilus californianus,0.575,1
K,2020,Mytilus californianus,0.39502,1
K,2020,Mytilus californianus,0.21502,1
K,2020,Mytilus californianus,0.035,1
K,2020,Mytilus californianus,0.1,1
K,2020,Mytilus californianus,0.165,1
K,2020,Mytilus californianus,0.069,1
K,2020,Mytilus californianus,-0.123,1
K,2020,Mytilus californianus,2.43684,1
K,2020,Mytilus californianus,2.39878,1
K,2020,Mytilus californianus,2.38273,1
K,2020,Mytilus californianus,2.37484,1
K,2020,Mytilus californianus,2.23168,1
K,2020,Mytilus californianus,1.92667,1
K,2020,Mytilus californianus,2.12667,1
K,2020,Mytilus californianus,2.18171,1
K,2020,Mytilus californianus,2.20667,1
K,2020,Mytilus californianus,1.94667,1
K,2020,Mytilus californianus,2.17667,1
K,2020,Mytilus californianus,2.19412,1
K,2020,Mytilus californianus,2.21159,1
K,2020,Mytilus californianus,2.22911,1
K,2020,Mytilus californianus,2.24667,1
K,2020,Mytilus californianus,2.2126,1
K,2020,Mytilus californianus,2.17877,1
K,2020,Mytilus californianus,2.14486,1
K,2020,Mytilus californianus,2.11081,1
K,2020,Mytilus californianus,2.07667,1
K,2020,Mytilus californianus,1.91667,1
K,2020,Mytilus californianus,1.86667,1
K,2020,Mytilus californianus,1.91667,1
K,2020,Mytilus californianus,1.88005,1
K,2020,Mytilus californianus,1.84341,1
K,2020,Mytilus californianus,1.74679,1
K,2020,Mytilus californianus,1.58352,1
K,2020,Mytilus californianus,1.48005,1
K,2020,Mytilus californianus,1.37667,1
K,2020,Mytilus californianus,0.93648,1
K,2020,Mytilus californianus,0.71647,1
K,2020,Mytilus californianus,0.49653,1
K,2020,Mytilus californianus,0.27667,1
K,2020,Mytilus californianus,-0.2033,1
K,2020,Mytilus californianus,-0.2033,1
K,2020,Mytilus californianus,0.1467,1
K,2020,Mytilus californianus,0.44667,1
K,2020,Mytilus californianus,0.49667,1
K,2020,Mytilus californianus,0.44667,1
K,2020,Mytilus californianus,0.55667,1
K,2020,Mytilus californianus,0.68667,1
K,2020,Mytilus californianus,0.66667,1
K,2020,Mytilus californianus,0.76667,1
K,2020,Mytilus californianus,0.84339,1
K,2020,Mytilus californianus,0.92007,1
K,2020,Mytilus californianus,0.99667,1
K,2020,Mytilus californianus,0.97667,1
K,2020,Mytilus californianus,0.84667,1
K,2020,Mytilus californianus,0.81021,1
K,2020,Mytilus californianus,0.77354,1
K,2020,Mytilus californianus,0.73673,1
K,2020,Mytilus californianus,0.69976,1
K,2020,Mytilus californianus,0.66282,1
K,2020,Mytilus californianus,0.62581,1
K,2020,Mytilus californianus,0.58827,1
K,2020,Mytilus californianus,0.55069,1
K,2020,Mytilus californianus,0.51289,1
K,2020,Mytilus californianus,0.475,1
K,2020,Mytilus californianus,2.54157,1
K,2020,Mytilus californianus,1.40164,1
K,2020,Mytilus californianus,1.35667,1
K,2020,Mytilus californianus,0.67165,1
K,2020,Mytilus californianus,2.23513,1
K,2020,Mytilus californianus,2.24593,1
K,2020,Mytilus californianus,2.27473,1
K,2020,Mytilus californianus,2.26882,1
K,2020,Mytilus californianus,2.26277,1
K,2020,Mytilus californianus,2.3471,1
K,2020,Mytilus californianus,2.00721,1
K,2020,Mytilus californianus,2.00727,1
K,2020,Mytilus californianus,2.00719,1
K,2020,Mytilus californianus,2.00695,1
K,2020,Mytilus californianus,2.00667,1
K,2020,Mytilus californianus,1.88176,1
K,2020,Mytilus californianus,1.75667,1
K,2020,Mytilus californianus,1.75674,1
K,2020,Mytilus californianus,1.75667,1
K,2020,Mytilus californianus,1.80175,1
K,2020,Mytilus californianus,1.84667,1
K,2020,Mytilus californianus,1.70344,1
K,2020,Mytilus californianus,1.56011,1
K,2020,Mytilus californianus,1.41667,1
K,2020,Mytilus californianus,0.53169,1
K,2020,Mytilus californianus,-0.2033,1
K,2020,Mytilus californianus,0.53667,1
K,2020,Mytilus californianus,0.76667,1
K,2020,Mytilus californianus,0.8567,1
K,2020,Mytilus californianus,0.94667,1
K,2020,Mytilus californianus,1.04168,1
K,2020,Mytilus californianus,1.13667,1
K,2020,Mytilus californianus,1.54667,1
K,2020,Mytilus californianus,1.58166,1
K,2020,Mytilus californianus,1.61667,1
K,2020,Mytilus californianus,1.59167,1
K,2020,Mytilus californianus,1.56667,1
K,2020,Mytilus californianus,1.50667,1
K,2020,Mytilus californianus,1.39667,1
K,2020,Mytilus californianus,1.38667,1
K,2020,Mytilus californianus,1.54667,1
K,2020,Mytilus californianus,1.51667,1
K,2020,Mytilus californianus,1.45667,1
K,2020,Mytilus californianus,1.44667,1
K,2020,Mytilus californianus,1.36667,1
K,2020,Mytilus californianus,1.34667,1
K,2020,Mytilus californianus,1.50667,1
K,2020,Mytilus californianus,1.48262,1
K,2020,Mytilus californianus,1.47043,1
K,2020,Mytilus californianus,1.4585,1
K,2020,Mytilus californianus,1.44667,1
K,2020,Mytilus californianus,0.94994,1
K,2020,Mytilus californianus,0.45329,1
K,2020,Mytilus californianus,-0.0384,1
K,2020,Mytilus californianus,-0.3428,1
K,2020,Mytilus californianus,-0.2514,1
K,2020,Mytilus californianus,-0.16,1
K,2020,Mytilus californianus,-0.0684,1
K,2020,Mytilus californianus,0.0232,1
K,2020,Mytilus californianus,0.115,1
K,2020,Mytilus californianus,0.24475,1
K,2020,Mytilus californianus,0.37466,1
K,2020,Mytilus californianus,0.50474,1
K,2020,Mytilus californianus,0.62775,1
K,2020,Mytilus californianus,0.62068,1
K,2020,Mytilus californianus,0.61385,1
K,2020,Mytilus californianus,0.60714,1
K,2020,Mytilus californianus,0.60063,1
K,2020,Mytilus californianus,0.59425,1
K,2020,Mytilus californianus,0.53609,1
K,2020,Mytilus californianus,1.05102,1
K,2020,Mytilus californianus,1.005,1
K,2020,Mytilus californianus,0.98101,1
K,2020,Mytilus californianus,0.815,1
K,2020,Mytilus californianus,0.905,1
K,2020,Mytilus californianus,1.00832,1
K,2020,Mytilus californianus,0.975,1
K,2020,Mytilus californianus,0.78839,1
K,2020,Mytilus californianus,0.67744,1
K,2020,Mytilus californianus,1.08481,1
K,2020,Mytilus californianus,0.86456,1
K,2020,Mytilus californianus,0.64447,1
K,2020,Mytilus californianus,0.42456,1
K,2020,Mytilus californianus,0.36528,1
K,2020,Mytilus californianus,0.47849,1
K,2020,Mytilus californianus,0.47245,1
K,2020,Mytilus californianus,0.34715,1
K,2020,Mytilus californianus,0.22139,1
K,2020,Mytilus californianus,0.0628,1
K,2020,Mytilus californianus,0.1314,1
K,2020,Mytilus californianus,0.20017,1
K,2020,Mytilus californianus,0.26811,1
K,2020,Mytilus californianus,0.49941,1
K,2020,Mytilus californianus,0.785,1
K,2020,Mytilus californianus,0.54031,1
K,2020,Mytilus californianus,0.61412,1
K,2020,Mytilus californianus,0.68802,1
K,2020,Mytilus californianus,0.55502,1
K,2020,Mytilus californianus,0.21501,1
K,2020,Mytilus californianus,0.28058,1
K,2020,Mytilus californianus,0.335,1
K,2020,Mytilus californianus,0.53498,1
K,2020,Mytilus californianus,0.49498,1
K,2020,Mytilus californianus,0.45498,1
K,2020,Mytilus californianus,0.43,1
K,2020,Mytilus californianus,0.54299,1
K,2020,Mytilus californianus,0.44834,1
K,2020,Mytilus californianus,0.53834,1
K,2020,Mytilus californianus,0.53102,1
K,2020,Mytilus californianus,0.275,1
K,2020,Mytilus californianus,0.025,1
K,2020,Mytilus californianus,0.0417,1
K,2020,Mytilus californianus,0.255,1
K,2020,Mytilus californianus,-0.045,1
K,2020,Mytilus californianus,0.18353,1
K,2020,Mytilus californianus,0.1907,1
K,2020,Mytilus californianus,0.005,1
K,2020,Mytilus californianus,0.0449,1
K,2020,Mytilus californianus,0.22748,1
K,2020,Mytilus californianus,-0.16,1
K,2020,Mytilus californianus,-0.1458,1
K,2020,Mytilus californianus,0.088,1
K,2020,Mytilus californianus,0.205,1
K,2020,Mytilus californianus,0.015,1
K,2020,Mytilus californianus,1.26892,1
K,2020,Mytilus californianus,0.92486,1
K,2020,Mytilus californianus,0.675,1
K,2020,Mytilus californianus,0.57638,1
K,2020,Mytilus californianus,0.62044,1
K,2020,Mytilus californianus,0.66415,1
K,2020,Mytilus californianus,0.66314,1
K,2020,Mytilus californianus,0.64747,1
K,2020,Mytilus californianus,0.865,1
K,2020,Mytilus californianus,0.93855,1
K,2020,Mytilus californianus,1.0123,1
K,2020,Mytilus californianus,1.08621,1
K,2020,Mytilus californianus,1.15835,1
K,2020,Mytilus californianus,1.23007,1
K,2020,Mytilus californianus,1.20949,1
K,2020,Mytilus californianus,1.09762,1
K,2020,Mytilus californianus,0.985,1
K,2020,Mytilus californianus,0.9954,1
K,2020,Mytilus californianus,1.005,1
K,2020,Mytilus californianus,1.33118,1
K,2020,Mytilus californianus,1.38253,1
K,2020,Mytilus californianus,1.4332,1
K,2020,Mytilus californianus,1.48279,1
K,2020,Mytilus californianus,0.68911,1
K,2020,Mytilus californianus,0.22792,1
K,2020,Mytilus californianus,-0.2341,1
K,2020,Mytilus californianus,-0.113,1
K,2020,Mytilus californianus,0.59102,1
K,2020,Mytilus californianus,0.93155,1
K,2020,Mytilus californianus,0.56824,1
K,2020,Mytilus californianus,0.205,1
K,2020,Mytilus californianus,0.31159,1
K,2020,Mytilus californianus,0.1249,1
K,2020,Mytilus californianus,0.675,1
K,2020,Mytilus californianus,0.685,1
K,2020,Mytilus californianus,0.73359,1
K,2020,Mytilus californianus,0.56788,1
K,2020,Mytilus californianus,0.45842,1
K,2020,Mytilus californianus,0.405,1
K,2020,Mytilus californianus,0.545,1
K,2020,Mytilus californianus,0.36508,1
K,2020,Mytilus californianus,0.425,1
K,2020,Mytilus californianus,0.265,1
K,2020,Mytilus californianus,0.48757,1
K,2020,Mytilus californianus,0.1334,1
K,2020,Mytilus californianus,0.101,1
K,2020,Mytilus californianus,0.135,1
K,2020,Mytilus californianus,0.23498,1
K,2020,Mytilus californianus,1.05715,1
K,2020,Mytilus californianus,0.8691,1
K,2020,Mytilus californianus,0.76645,1
K,2020,Mytilus californianus,0.74929,1
K,2020,Mytilus californianus,0.515,1
K,2020,Mytilus californianus,0.995,1
K,2020,Mytilus californianus,1.20888,1
K,2020,Mytilus californianus,1.205,1
K,2020,Mytilus californianus,0.865,1
K,2020,Mytilus californianus,1.03494,1
K,2020,Mytilus californianus,1.18412,1
K,2020,Mytilus californianus,1.10041,1
K,2020,Mytilus californianus,1.01689,1
K,2020,Mytilus californianus,1.01659,1
K,2020,Mytilus californianus,1.09966,1
K,2020,Mytilus californianus,1.10256,1
K,2020,Mytilus californianus,0.98868,1
K,2020,Mytilus californianus,0.875,1
K,2020,Mytilus californianus,-0.365,1
K,2020,Mytilus californianus,0.98833,1
K,2020,Mytilus californianus,1.14312,1
K,2020,Mytilus californianus,1.23804,1
K,2020,Mytilus californianus,1.2693,1
K,2020,Mytilus californianus,1.18503,1
K,2020,Mytilus californianus,1.08168,1
K,2020,Mytilus californianus,1.19129,1
K,2020,Mytilus californianus,1.22368,1
K,2020,Mytilus californianus,1.25693,1
K,2020,Mytilus californianus,1.289,1
K,2020,Mytilus californianus,1.31978,1
K,2020,Mytilus californianus,1.34427,1
K,2020,Mytilus californianus,1.38174,1
K,2020,Mytilus californianus,1.32838,1
K,2020,Mytilus californianus,1.12719,1
K,2020,Mytilus californianus,0.87691,1
K,2020,Mytilus californianus,0.62611000000000006,1
K,2020,Mytilus californianus,0.375,1
K,2020,Mytilus californianus,0.74592,1
K,2020,Mytilus californianus,0.62959,1
K,2020,Mytilus californianus,0.51384,1
K,2020,Mytilus californianus,0.39783,1
K,2020,Mytilus californianus,0.28189,1
K,2020,Mytilus californianus,-0.4664,1
K,2020,Mytilus californianus,0.1678,1
K,2020,Mytilus californianus,0.295,1
K,2020,Mytilus californianus,0.45298,1
K,2020,Mytilus californianus,0.285,1
K,2020,Mytilus californianus,0.33833,1
K,2020,Mytilus californianus,0.71695,1
K,2020,Mytilus californianus,0.7809,1
K,2020,Mytilus californianus,0.845,1
K,2020,Mytilus californianus,0.60755,1
K,2020,Mytilus californianus,0.37006,1
K,2020,Mytilus californianus,0.1325,1
K,2020,Mytilus californianus,-0.105,1
K,2020,Mytilus californianus,-0.0517,1
K,2020,Mytilus californianus,-0.185,1
K,2020,Mytilus californianus,-0.137,1
K,2020,Mytilus californianus,-0.36,1
K,2020,Mytilus californianus,-0.5675,1
K,2020,Mytilus californianus,-0.3675,1
K,2020,Mytilus californianus,-0.045,1
K,2020,Mytilus californianus,-0.165,1
K,2020,Mytilus californianus,-0.08,1
K,2020,Mytilus californianus,-0.027,1
K,2020,Mytilus californianus,-0.211,1
K,2020,Mytilus californianus,-0.395,1
K,2020,Mytilus californianus,-0.4152,1
K,2020,Mytilus californianus,-0.4318,1
K,2023,Mytilus californianus,1.00667,1
K,2023,Mytilus californianus,1.80667,1
K,2023,Mytilus californianus,1.81669,1
K,2023,Mytilus californianus,1.8267,1
K,2023,Mytilus californianus,1.83678,1
K,2023,Mytilus californianus,1.8467,1
K,2023,Mytilus californianus,1.85667,1
K,2023,Mytilus californianus,1.18667,1
K,2023,Mytilus californianus,1.14343,1
K,2023,Mytilus californianus,1.10009,1
K,2023,Mytilus californianus,1.05667,1
K,2023,Mytilus californianus,-0.3013,1
K,2023,Mytilus californianus,0.51667,1
K,2023,Mytilus californianus,1.19174,1
K,2023,Mytilus californianus,1.86667,1
K,2023,Mytilus californianus,1.93702,1
K,2023,Mytilus californianus,2.00713,1
K,2023,Mytilus californianus,2.07709,1
K,2023,Mytilus californianus,2.14701,1
K,2023,Mytilus californianus,2.21688,1
K,2023,Mytilus californianus,2.28667,1
K,2023,Mytilus californianus,2.22832,1
K,2023,Mytilus californianus,2.11145,1
K,2023,Mytilus californianus,1.99407,1
K,2023,Mytilus californianus,1.93544,1
K,2023,Mytilus californianus,1.87667,1
K,2023,Mytilus californianus,1.73667,1
K,2023,Mytilus californianus,1.84346,1
K,2023,Mytilus californianus,1.95012,1
K,2023,Mytilus californianus,2.05667,1
K,2023,Mytilus californianus,2.02282,1
K,2023,Mytilus californianus,1.98891,1
K,2023,Mytilus californianus,1.95478,1
K,2023,Mytilus californianus,1.92074,1
K,2023,Mytilus californianus,1.88667,1
K,2023,Mytilus californianus,1.76243,1
K,2023,Mytilus californianus,1.63813,1
K,2023,Mytilus californianus,1.51378,1
K,2023,Mytilus californianus,1.265,1
K,2023,Mytilus californianus,0.97834,1
K,2023,Mytilus californianus,0.75875,1
K,2023,Mytilus californianus,0.72836,1
K,2023,Mytilus californianus,2.19667,1
K,2023,Mytilus californianus,2.35667,1
K,2023,Mytilus californianus,2.08667,1
K,2023,Mytilus californianus,1.97667,1
K,2023,Mytilus californianus,2.08667,1
K,2023,Mytilus californianus,1.48667,1
K,2023,Mytilus californianus,0.87667,1
K,2023,Mytilus californianus,1.88667,1
K,2023,Mytilus californianus,2.10667,1
K,2023,Mytilus californianus,2.21671,1
K,2023,Mytilus californianus,2.32667,1
K,2023,Mytilus californianus,2.34343,1
K,2023,Mytilus californianus,2.36014,1
K,2023,Mytilus californianus,2.37667,1
K,2023,Mytilus californianus,2.36674,1
K,2023,Mytilus californianus,2.35667,1
K,2023,Mytilus californianus,2.29667,1
K,2023,Mytilus californianus,1.8448,1
K,2023,Mytilus californianus,1.74882,1
K,2023,Mytilus californianus,1.6529,1
K,2023,Mytilus californianus,1.55667,1
K,2023,Mytilus californianus,1.23667,1
K,2023,Mytilus californianus,1.03667,1
K,2023,Mytilus californianus,0.69667,1
K,2023,Mytilus californianus,0.42667,1
K,2023,Mytilus californianus,-0.0233,1
K,2023,Mytilus californianus,1.06667,1
K,2023,Mytilus californianus,1.21667,1
K,2023,Mytilus californianus,1.24166,1
K,2023,Mytilus californianus,1.22665,1
K,2023,Mytilus californianus,1.18665,1
K,2023,Mytilus californianus,1.14667,1
K,2023,Mytilus californianus,1.12665,1
K,2023,Mytilus californianus,1.10663,1
K,2023,Mytilus californianus,1.08659,1
K,2023,Mytilus californianus,1.06668,1
K,2023,Mytilus californianus,1.04667,1
K,2023,Mytilus californianus,1.00668,1
K,2023,Mytilus californianus,0.98668,1
K,2023,Mytilus californianus,0.96667,1
K,2023,Mytilus californianus,0.90667,1
K,2023,Mytilus californianus,2.00667,1
K,2023,Mytilus californianus,1.75667,1
K,2023,Mytilus californianus,2.20667,1
K,2023,Mytilus californianus,2.42675,1
K,2023,Mytilus californianus,2.40667,1
K,2023,Mytilus californianus,2.39878,1
K,2023,Mytilus californianus,2.39092,1
K,2023,Mytilus californianus,2.38273,1
K,2023,Mytilus californianus,2.37484,1
K,2023,Mytilus californianus,2.36667,1
K,2023,Mytilus californianus,2.23168,1
K,2023,Mytilus californianus,1.92667,1
K,2023,Mytilus californianus,2.12667,1
K,2023,Mytilus californianus,2.18171,1
K,2023,Mytilus californianus,2.23667,1
K,2023,Mytilus californianus,2.20667,1
K,2023,Mytilus californianus,1.94667,1
K,2023,Mytilus californianus,2.17667,1
K,2023,Mytilus californianus,2.21159,1
K,2023,Mytilus californianus,2.22911,1
K,2023,Mytilus californianus,2.24667,1
K,2023,Mytilus californianus,2.17877,1
K,2023,Mytilus californianus,2.14486,1
K,2023,Mytilus californianus,2.11081,1
K,2023,Mytilus californianus,1.91667,1
K,2023,Mytilus californianus,1.86667,1
K,2023,Mytilus californianus,1.91667,1
K,2023,Mytilus californianus,1.88005,1
K,2023,Mytilus californianus,1.84341,1
K,2023,Mytilus californianus,1.80667,1
K,2023,Mytilus californianus,1.68667,1
K,2023,Mytilus californianus,1.58352,1
K,2023,Mytilus californianus,1.48005,1
K,2023,Mytilus californianus,1.37667,1
K,2023,Mytilus californianus,1.15653,1
K,2023,Mytilus californianus,0.93648,1
K,2023,Mytilus californianus,0.71647,1
K,2023,Mytilus californianus,0.27667,1
K,2023,Mytilus californianus,-0.2033,1
K,2023,Mytilus californianus,-0.2033,1
K,2023,Mytilus californianus,0.1467,1
K,2023,Mytilus californianus,0.55667,1
K,2023,Mytilus californianus,0.68667,1
K,2023,Mytilus californianus,0.66667,1
K,2023,Mytilus californianus,0.76667,1
K,2023,Mytilus californianus,0.84339,1
K,2023,Mytilus californianus,0.92007,1
K,2023,Mytilus californianus,0.99667,1
K,2023,Mytilus californianus,0.97667,1
K,2023,Mytilus californianus,0.84667,1
K,2023,Mytilus californianus,0.81021,1
K,2023,Mytilus californianus,0.77354,1
K,2023,Mytilus californianus,0.73673,1
K,2023,Mytilus californianus,0.69976,1
K,2023,Mytilus californianus,0.66282,1
K,2023,Mytilus californianus,0.62581,1
K,2023,Mytilus californianus,0.58827,1
K,2023,Mytilus californianus,0.55069,1
K,2023,Mytilus californianus,0.51289,1
K,2023,Mytilus californianus,0.475,1
K,2023,Mytilus californianus,2.26167,1
K,2023,Mytilus californianus,2.3439,1
K,2023,Mytilus californianus,2.67667,1
K,2023,Mytilus californianus,2.31667,1
K,2023,Mytilus californianus,2.32691,1
K,2023,Mytilus californianus,2.33192,1
K,2023,Mytilus californianus,2.33697,1
K,2023,Mytilus californianus,2.34177,1
K,2023,Mytilus californianus,2.34667,1
K,2023,Mytilus californianus,2.32066,1
K,2023,Mytilus californianus,2.29465,1
K,2023,Mytilus californianus,2.26862,1
K,2023,Mytilus californianus,2.24258,1
K,2023,Mytilus californianus,2.21667,1
K,2023,Mytilus californianus,2.12782,1
K,2023,Mytilus californianus,1.68499,1
K,2023,Mytilus californianus,1.59667,1
K,2023,Mytilus californianus,1.05667,1
K,2023,Mytilus californianus,0.75667,1
K,2023,Mytilus californianus,1.8116,1
K,2023,Mytilus californianus,1.89667,1
K,2023,Mytilus californianus,1.87655,1
K,2023,Mytilus californianus,1.85658,1
K,2023,Mytilus californianus,1.83667,1
K,2023,Mytilus californianus,1.81656,1
K,2023,Mytilus californianus,1.79663,1
K,2023,Mytilus californianus,1.77667,1
K,2023,Mytilus californianus,1.83168,1
K,2023,Mytilus californianus,1.88667,1
K,2023,Mytilus californianus,1.87474,1
K,2023,Mytilus californianus,1.86273,1
K,2023,Mytilus californianus,1.85083,1
K,2023,Mytilus californianus,1.83885,1
K,2023,Mytilus californianus,1.82667,1
K,2023,Mytilus californianus,1.68667,1
K,2023,Mytilus californianus,1.78667,1
K,2023,Mytilus californianus,1.69995,1
K,2023,Mytilus californianus,1.6132,1
K,2023,Mytilus californianus,1.52667,1
K,2023,Mytilus californianus,1.53667,1
K,2023,Mytilus californianus,1.444,1
K,2023,Mytilus californianus,1.25904,1
K,2023,Mytilus californianus,1.16667,1
K,2023,Mytilus californianus,1.07166,1
K,2023,Mytilus californianus,-0.1433,1
K,2023,Mytilus californianus,-0.0933,1
K,2023,Mytilus californianus,2.54157,1
K,2023,Mytilus californianus,1.35667,1
K,2023,Mytilus californianus,0.67165,1
K,2023,Mytilus californianus,1.68166,1
K,2023,Mytilus californianus,2.19204,1
K,2023,Mytilus californianus,2.2028,1
K,2023,Mytilus californianus,2.22429,1
K,2023,Mytilus californianus,2.25667,1
K,2023,Mytilus californianus,2.27495,1
K,2023,Mytilus californianus,2.27473,1
K,2023,Mytilus californianus,2.26882,1
K,2023,Mytilus californianus,2.26277,1
K,2023,Mytilus californianus,2.25667,1
K,2023,Mytilus californianus,2.34733,1
K,2023,Mytilus californianus,2.34773,1
K,2023,Mytilus californianus,2.00701,1
K,2023,Mytilus californianus,2.00721,1
K,2023,Mytilus californianus,2.00727,1
K,2023,Mytilus californianus,2.00719,1
K,2023,Mytilus californianus,2.00695,1
K,2023,Mytilus californianus,2.00667,1
K,2023,Mytilus californianus,1.88176,1
K,2023,Mytilus californianus,1.75667,1
K,2023,Mytilus californianus,1.75674,1
K,2023,Mytilus californianus,1.75667,1
K,2023,Mytilus californianus,1.80175,1
K,2023,Mytilus californianus,1.84667,1
K,2023,Mytilus californianus,1.70344,1
K,2023,Mytilus californianus,1.56011,1
K,2023,Mytilus californianus,1.41667,1
K,2023,Mytilus californianus,0.53169,1
K,2023,Mytilus californianus,0.53667,1
K,2023,Mytilus californianus,0.76667,1
K,2023,Mytilus californianus,0.8567,1
K,2023,Mytilus californianus,0.94667,1
K,2023,Mytilus californianus,1.04168,1
K,2023,Mytilus californianus,1.13667,1
K,2023,Mytilus californianus,1.54667,1
K,2023,Mytilus californianus,1.58166,1
K,2023,Mytilus californianus,1.61667,1
K,2023,Mytilus californianus,1.59167,1
K,2023,Mytilus californianus,1.56667,1
K,2023,Mytilus californianus,1.50667,1
K,2023,Mytilus californianus,1.39667,1
K,2023,Mytilus californianus,1.51667,1
K,2023,Mytilus californianus,1.45667,1
K,2023,Mytilus californianus,1.44667,1
K,2023,Mytilus californianus,1.36667,1
K,2023,Mytilus californianus,1.34667,1
K,2023,Mytilus californianus,1.49463,1
K,2023,Mytilus californianus,1.47043,1
K,2023,Mytilus californianus,1.4585,1
K,2023,Mytilus californianus,1.44667,1
K,2023,Mytilus californianus,0.94994,1
K,2023,Mytilus californianus,0.45329,1
K,2023,Mytilus californianus,-0.0384,1
K,2023,Mytilus californianus,-0.525,1
K,2023,Mytilus californianus,-0.4339,1
K,2023,Mytilus californianus,-0.2514,1
K,2023,Mytilus californianus,-0.16,1
K,2023,Mytilus californianus,-0.0684,1
K,2023,Mytilus californianus,0.115,1
K,2023,Mytilus californianus,0.24475,1
K,2023,Mytilus californianus,0.37466,1
K,2023,Mytilus californianus,0.50474,1
K,2023,Mytilus californianus,0.635,1
K,2023,Mytilus californianus,0.62775,1
K,2023,Mytilus californianus,0.61385,1
K,2023,Mytilus californianus,0.60714,1
K,2023,Mytilus californianus,0.60063,1
K,2023,Mytilus californianus,2.44167,1
K,2023,Mytilus californianus,0.91667,1
K,2023,Mytilus californianus,2.03332,1
K,2023,Mytilus californianus,1.96667,1
K,2023,Mytilus californianus,2.04667,1
K,2023,Mytilus californianus,2.06999,1
K,2023,Mytilus californianus,2.09333,1
K,2023,Mytilus californianus,2.09667,1
K,2023,Mytilus californianus,1.96667,1
K,2023,Mytilus californianus,1.96087,1
K,2023,Mytilus californianus,1.9549,1
K,2023,Mytilus californianus,1.94889,1
K,2023,Mytilus californianus,1.94281,1
K,2023,Mytilus californianus,1.93667,1
K,2023,Mytilus californianus,1.94275,1
K,2023,Mytilus californianus,1.94879,1
K,2023,Mytilus californianus,1.95484,1
K,2023,Mytilus californianus,1.96076,1
K,2023,Mytilus californianus,1.96667,1
K,2023,Mytilus californianus,1.94462,1
K,2023,Mytilus californianus,1.92265,1
K,2023,Mytilus californianus,1.90066,1
K,2023,Mytilus californianus,1.87868,1
K,2023,Mytilus californianus,1.85667,1
K,2023,Mytilus californianus,1.83648,1
K,2023,Mytilus californianus,1.82648,1
K,2023,Mytilus californianus,1.81654,1
K,2023,Mytilus californianus,1.80667,1
K,2023,Mytilus californianus,1.74657,1
K,2023,Mytilus californianus,1.68654,1
K,2023,Mytilus californianus,1.62662,1
K,2023,Mytilus californianus,1.56667,1
K,2023,Mytilus californianus,-0.3333,1
K,2023,Mytilus californianus,1.28667,1
K,2023,Mytilus californianus,1.52667,1
K,2023,Mytilus californianus,1.55461,1
K,2023,Mytilus californianus,1.58257,1
K,2023,Mytilus californianus,1.61057,1
K,2023,Mytilus californianus,1.6386,1
K,2023,Mytilus californianus,1.66667,1
K,2023,Mytilus californianus,1.66339,1
K,2023,Mytilus californianus,1.66005,1
K,2023,Mytilus californianus,1.65667,1
K,2023,Mytilus californianus,1.45667,1
K,2023,Mytilus californianus,1.60667,1
K,2023,Mytilus californianus,1.60071,1
K,2023,Mytilus californianus,1.59476,1
K,2023,Mytilus californianus,1.58271,1
K,2023,Mytilus californianus,1.57667,1
K,2023,Mytilus californianus,1.36637,1
K,2023,Mytilus californianus,1.15606,1
K,2023,Mytilus californianus,0.94572,1
K,2023,Mytilus californianus,0.73537,1
K,2023,Mytilus californianus,0.525,1
K,2023,Mytilus californianus,0.15503,1
K,2023,Mytilus californianus,-0.215,1
K,2023,Mytilus californianus,-0.5849,1
K,2023,Mytilus californianus,-0.955,1
K,2023,Mytilus californianus,-1.325,1
K,2023,Mytilus californianus,1.05102,1
K,2023,Mytilus californianus,1.00832,1
K,2023,Mytilus californianus,0.975,1
K,2023,Mytilus californianus,0.78839,1
K,2023,Mytilus californianus,0.67744,1
K,2023,Mytilus californianus,1.08481,1
K,2023,Mytilus californianus,0.86456,1
K,2023,Mytilus californianus,0.64447,1
K,2023,Mytilus californianus,0.2518,1
K,2023,Mytilus californianus,0.36528,1
K,2023,Mytilus californianus,0.47849,1
K,2023,Mytilus californianus,0.47245,1
K,2023,Mytilus californianus,0.34715,1
K,2023,Mytilus californianus,-0.006,1
K,2023,Mytilus californianus,0.0628,1
K,2023,Mytilus californianus,0.1314,1
K,2023,Mytilus californianus,0.20017,1
K,2023,Mytilus californianus,0.49941,1
K,2023,Mytilus californianus,0.785,1
K,2023,Mytilus californianus,0.54501,1
K,2023,Mytilus californianus,0.54031,1
K,2023,Mytilus californianus,0.61412,1
K,2023,Mytilus californianus,0.68802,1
K,2023,Mytilus californianus,0.55502,1
K,2023,Mytilus californianus,0.21501,1
K,2023,Mytilus californianus,0.0348,1
K,2023,Mytilus californianus,0.28058,1
K,2023,Mytilus californianus,0.335,1
K,2023,Mytilus californianus,0.53498,1
K,2023,Mytilus californianus,0.49498,1
K,2023,Mytilus californianus,0.45498,1
K,2023,Mytilus californianus,0.43,1
K,2023,Mytilus californianus,0.54299,1
K,2023,Mytilus californianus,0.44834,1
K,2023,Mytilus californianus,0.53834,1
K,2023,Mytilus californianus,0.485,1
K,2023,Mytilus californianus,0.53102,1
K,2023,Mytilus californianus,0.275,1
K,2023,Mytilus californianus,0.025,1
K,2023,Mytilus californianus,0.0417,1
K,2023,Mytilus californianus,0.255,1
K,2023,Mytilus californianus,-0.045,1
K,2023,Mytilus californianus,0.18353,1
K,2023,Mytilus californianus,0.32213,1
K,2023,Mytilus californianus,0.1907,1
K,2023,Mytilus californianus,0.17833,1
K,2023,Mytilus californianus,0.22748,1
K,2023,Mytilus californianus,0.19249,1
K,2023,Mytilus californianus,-0.1458,1
K,2023,Mytilus californianus,-0.029,1
K,2023,Mytilus californianus,0.088,1
K,2023,Mytilus californianus,0.205,1
K,2023,Mytilus californianus,1.0849,1
K,2023,Mytilus californianus,1.29241,1
K,2023,Mytilus californianus,1.2675,1
K,2023,Mytilus californianus,1.025,1
K,2023,Mytilus californianus,0.92826,1
K,2023,Mytilus californianus,0.6333,1
K,2023,Mytilus californianus,0.74656,1
K,2023,Mytilus californianus,0.6507,1
K,2023,Mytilus californianus,0.48611,1
K,2023,Mytilus californianus,0.32126,1
K,2023,Mytilus californianus,0.6195,1
K,2023,Mytilus californianus,0.64942,1
K,2023,Mytilus californianus,0.67988,1
K,2023,Mytilus californianus,0.71005,1
K,2023,Mytilus californianus,0.71703,1
K,2023,Mytilus californianus,0.70135,1
K,2023,Mytilus californianus,0.68458,1
K,2023,Mytilus californianus,0.66976,1
K,2023,Mytilus californianus,0.65311,1
K,2023,Mytilus californianus,0.6358,1
K,2023,Mytilus californianus,0.61955,1
K,2023,Mytilus californianus,0.56523,1
K,2023,Mytilus californianus,0.4059,1
K,2023,Mytilus californianus,0.24547,1
K,2023,Mytilus californianus,0.68145,1
K,2023,Mytilus californianus,1.025,1
K,2023,Mytilus californianus,1.03403,1
K,2023,Mytilus californianus,1.04284,1
K,2023,Mytilus californianus,0.96672,1
K,2023,Mytilus californianus,0.86217,1
K,2023,Mytilus californianus,0.75744,1
K,2023,Mytilus californianus,0.65236,1
K,2023,Mytilus californianus,0.54747,1
K,2023,Mytilus californianus,0.33492,1
K,2023,Mytilus californianus,0.015,1
K,2023,Mytilus californianus,-0.685,1
K,2023,Mytilus californianus,-0.835,1
K,2023,Mytilus californianus,0.33393,1
K,2023,Mytilus californianus,0.42089,1
K,2023,Mytilus californianus,0.50842,1
K,2023,Mytilus californianus,0.595,1
K,2023,Mytilus californianus,0.38598,1
K,2023,Mytilus californianus,0.1769,1
K,2023,Mytilus californianus,-0.0326,1
K,2023,Mytilus californianus,0.0452,1
K,2023,Mytilus californianus,0.21868,1
K,2023,Mytilus californianus,0.53766,1
K,2023,Mytilus californianus,0.52366,1
K,2023,Mytilus californianus,0.34075,1
K,2023,Mytilus californianus,0.055,1
K,2023,Mytilus californianus,0.005,1
K,2023,Mytilus californianus,0.16501,1
K,2023,Mytilus californianus,0.16521,1
K,2023,Mytilus californianus,0.1118,1
K,2023,Mytilus californianus,0.1451,1
K,2023,Mytilus californianus,0.315,1
K,2023,Mytilus californianus,-0.635,1
K,2023,Mytilus californianus,-0.3549,1
K,2023,Mytilus californianus,1.26892,1
K,2023,Mytilus californianus,0.92486,1
K,2023,Mytilus californianus,0.48802,1
K,2023,Mytilus californianus,0.53265,1
K,2023,Mytilus californianus,0.57638,1
K,2023,Mytilus californianus,0.62044,1
K,2023,Mytilus californianus,0.66415,1
K,2023,Mytilus californianus,0.66314,1
K,2023,Mytilus californianus,0.64747,1
K,2023,Mytilus californianus,0.865,1
K,2023,Mytilus californianus,0.93855,1
K,2023,Mytilus californianus,1.0123,1
K,2023,Mytilus californianus,1.08621,1
K,2023,Mytilus californianus,1.15835,1
K,2023,Mytilus californianus,1.23007,1
K,2023,Mytilus californianus,1.20949,1
K,2023,Mytilus californianus,0.985,1
K,2023,Mytilus californianus,0.9954,1
K,2023,Mytilus californianus,1.005,1
K,2023,Mytilus californianus,1.33118,1
K,2023,Mytilus californianus,1.38253,1
K,2023,Mytilus californianus,1.4332,1
K,2023,Mytilus californianus,1.48279,1
K,2023,Mytilus californianus,0.68911,1
K,2023,Mytilus californianus,0.22792,1
K,2023,Mytilus californianus,-0.2341,1
K,2023,Mytilus californianus,-0.113,1
K,2023,Mytilus californianus,0.59102,1
K,2023,Mytilus californianus,1.295,1
K,2023,Mytilus californianus,0.93155,1
K,2023,Mytilus californianus,0.56824,1
K,2023,Mytilus californianus,0.205,1
K,2023,Mytilus californianus,0.31159,1
K,2023,Mytilus californianus,0.1249,1
K,2023,Mytilus californianus,0.36858,1
K,2023,Mytilus californianus,0.52172,1
K,2023,Mytilus californianus,0.675,1
K,2023,Mytilus californianus,0.68618,1
K,2023,Mytilus californianus,0.685,1
K,2023,Mytilus californianus,0.73359,1
K,2023,Mytilus californianus,0.56788,1
K,2023,Mytilus californianus,0.45842,1
K,2023,Mytilus californianus,0.405,1
K,2023,Mytilus californianus,0.545,1
K,2023,Mytilus californianus,0.36508,1
K,2023,Mytilus californianus,0.425,1
K,2023,Mytilus californianus,0.265,1
K,2023,Mytilus californianus,0.46495,1
K,2023,Mytilus californianus,0.665,1
K,2023,Mytilus californianus,0.48757,1
K,2023,Mytilus californianus,0.31042,1
K,2023,Mytilus californianus,0.1334,1
K,2023,Mytilus californianus,0.25832,1
K,2023,Mytilus californianus,0.101,1
K,2023,Mytilus californianus,0.135,1
K,2023,Mytilus californianus,-0.041,1
K,2023,Mytilus californianus,0.095,1
K,2023,Mytilus californianus,0.23498,1
K,2023,Mytilus californianus,0.18497,1
K,2023,Mytilus californianus,0.315,1
K,2023,Mytilus californianus,1.28096,1
K,2023,Mytilus californianus,1.29701,1
K,2023,Mytilus californianus,0.82832,1
K,2023,Mytilus californianus,0.80302,1
K,2023,Mytilus californianus,0.515,1
K,2023,Mytilus californianus,0.67488,1
K,2023,Mytilus californianus,0.6305,1
K,2023,Mytilus californianus,0.1452,1
K,2023,Mytilus californianus,0.7052,1
K,2023,Mytilus californianus,1.265,1
K,2023,Mytilus californianus,1.20011,1
K,2023,Mytilus californianus,1.135,1
K,2023,Mytilus californianus,1.17382,1
K,2023,Mytilus californianus,1.21186,1
K,2023,Mytilus californianus,1.25036,1
K,2023,Mytilus californianus,1.28756,1
K,2023,Mytilus californianus,1.32435,1
K,2023,Mytilus californianus,1.36005,1
K,2023,Mytilus californianus,1.39607,1
K,2023,Mytilus californianus,1.3237,1
K,2023,Mytilus californianus,1.215,1
K,2023,Mytilus californianus,1.22769,1
K,2023,Mytilus californianus,1.23946,1
K,2023,Mytilus californianus,1.30787,1
K,2023,Mytilus californianus,1.43297,1
K,2023,Mytilus californianus,1.49593,1
K,2023,Mytilus californianus,1.49696,1
K,2023,Mytilus californianus,1.49647,1
K,2023,Mytilus californianus,1.495,1
K,2023,Mytilus californianus,1.58312,1
K,2023,Mytilus californianus,1.67108,1
K,2023,Mytilus californianus,1.61827,1
K,2023,Mytilus californianus,1.42474,1
K,2023,Mytilus californianus,1.2317,1
K,2023,Mytilus californianus,1.03921,1
K,2023,Mytilus californianus,0.69894,1
K,2023,Mytilus californianus,0.0533,1
K,2023,Mytilus californianus,0.565,1
K,2023,Mytilus californianus,0.84505,1
K,2023,Mytilus californianus,0.77709,1
K,2023,Mytilus californianus,0.59279,1
K,2023,Mytilus californianus,0.40776,1
K,2023,Mytilus californianus,0.49504,1
K,2023,Mytilus californianus,0.29857,1
K,2023,Mytilus californianus,-0.0837,1
K,2023,Mytilus californianus,-0.1023,1
K,2023,Mytilus californianus,0.24271,1
K,2023,Mytilus californianus,0.34302,1
K,2023,Mytilus californianus,0.28834,1
K,2023,Mytilus californianus,0.075,1
K,2023,Mytilus californianus,-0.0016,1
K,2023,Mytilus californianus,0.1095,1
K,2023,Mytilus californianus,0.0183,1
K,2023,Mytilus californianus,0.0608,1
K,2023,Mytilus californianus,0.215,1
K,2023,Mytilus californianus,0.135,1
K,2023,Mytilus californianus,-0.175,1
K,2023,Mytilus californianus,-0.1017,1
K,2023,Mytilus californianus,-0.4116,1
K,2023,Mytilus californianus,1.05715,1
K,2023,Mytilus californianus,0.8691,1
K,2023,Mytilus californianus,0.76645,1
K,2023,Mytilus californianus,0.74929,1
K,2023,Mytilus californianus,0.995,1
K,2023,Mytilus californianus,1.21302,1
K,2023,Mytilus californianus,1.20888,1
K,2023,Mytilus californianus,1.205,1
K,2023,Mytilus californianus,0.865,1
K,2023,Mytilus californianus,1.03494,1
K,2023,Mytilus californianus,1.18412,1
K,2023,Mytilus californianus,1.10041,1
K,2023,Mytilus californianus,1.01689,1
K,2023,Mytilus californianus,1.01659,1
K,2023,Mytilus californianus,1.09966,1
K,2023,Mytilus californianus,1.18257,1
K,2023,Mytilus californianus,1.21653,1
K,2023,Mytilus californianus,1.10256,1
K,2023,Mytilus californianus,0.875,1
K,2023,Mytilus californianus,-0.365,1
K,2023,Mytilus californianus,0.98833,1
K,2023,Mytilus californianus,1.04864,1
K,2023,Mytilus californianus,1.14312,1
K,2023,Mytilus californianus,1.17483,1
K,2023,Mytilus californianus,1.23804,1
K,2023,Mytilus californianus,1.2693,1
K,2023,Mytilus californianus,1.18503,1
K,2023,Mytilus californianus,1.08168,1
K,2023,Mytilus californianus,1.19129,1
K,2023,Mytilus californianus,1.22368,1
K,2023,Mytilus californianus,1.25693,1
K,2023,Mytilus californianus,1.289,1
K,2023,Mytilus californianus,1.31978,1
K,2023,Mytilus californianus,1.2617,1
K,2023,Mytilus californianus,1.27655,1
K,2023,Mytilus californianus,1.34427,1
K,2023,Mytilus californianus,1.38174,1
K,2023,Mytilus californianus,1.32838,1
K,2023,Mytilus californianus,1.12719,1
K,2023,Mytilus californianus,0.87691,1
K,2023,Mytilus californianus,0.62611000000000006,1
K,2023,Mytilus californianus,0.375,1
K,2023,Mytilus californianus,0.74592,1
K,2023,Mytilus californianus,0.62959,1
K,2023,Mytilus californianus,0.51384,1
K,2023,Mytilus californianus,0.39783,1
K,2023,Mytilus californianus,0.1678,1
K,2023,Mytilus californianus,0.295,1
K,2023,Mytilus californianus,0.45298,1
K,2023,Mytilus californianus,0.285,1
K,2023,Mytilus californianus,0.33833,1
K,2023,Mytilus californianus,0.71695,1
K,2023,Mytilus californianus,0.7809,1
K,2023,Mytilus californianus,0.845,1
K,2023,Mytilus californianus,0.60755,1
K,2023,Mytilus californianus,0.37006,1
K,2023,Mytilus californianus,0.1325,1
K,2023,Mytilus californianus,-0.105,1
K,2023,Mytilus californianus,-0.0517,1
K,2023,Mytilus californianus,-0.185,1
K,2023,Mytilus californianus,-0.137,1
K,2023,Mytilus californianus,-0.36,1
K,2023,Mytilus californianus,-0.5675,1
K,2023,Mytilus californianus,-0.3675,1
K,2023,Mytilus californianus,-0.045,1
K,2023,Mytilus californianus,-0.165,1
K,2023,Mytilus californianus,-0.08,1
K,2023,Mytilus californianus,-0.027,1
K,2023,Mytilus californianus,-0.211,1
K,2023,Mytilus californianus,-0.395,1
K,2023,Mytilus californianus,-0.4079,1
K,2023,Mytilus californianus,-0.4152,1
K,2023,Mytilus californianus,-0.4318,1
B,2013,Mytilus californianus,2.547937286,1
B,2013,Mytilus californianus,2.204999999,1
B,2013,Mytilus californianus,1.864999998,1
B,2013,Mytilus californianus,1.74897939,1
B,2013,Mytilus californianus,1.690977515,1
B,2013,Mytilus californianus,1.532968949,1
B,2013,Mytilus californianus,1.490951596,1
B,2013,Mytilus californianus,1.448949776,1
B,2013,Mytilus californianus,1.40696531,1
B,2013,Mytilus californianus,1.365,1
B,2013,Mytilus californianus,1.343494767,1
B,2013,Mytilus californianus,1.322012237,1
B,2013,Mytilus californianus,1.300554146,1
B,2013,Mytilus californianus,1.279122207,1
B,2013,Mytilus californianus,1.102891258,1
B,2013,Mytilus californianus,1.046889785,1
B,2013,Mytilus californianus,0.935000001,1
B,2013,Mytilus californianus,2.651161759,1
B,2013,Mytilus californianus,2.406575243,1
B,2013,Mytilus californianus,2.219990858,1
B,2013,Mytilus californianus,2.182490307,1
B,2013,Mytilus californianus,2.145,1
B,2013,Mytilus californianus,2.098944698,1
B,2013,Mytilus californianus,2.0529111860000002,1
B,2013,Mytilus californianus,2.006905307,1
B,2013,Mytilus californianus,1.960932942,1
B,2013,Mytilus californianus,1.914999999,1
B,2013,Mytilus californianus,1.917417103,1
B,2013,Mytilus californianus,1.919885505,1
B,2013,Mytilus californianus,1.922411154,1
B,2013,Mytilus californianus,1.924999999,1
B,2013,Mytilus californianus,1.878838158,1
B,2013,Mytilus californianus,1.832751366,1
B,2013,Mytilus californianus,1.786745514,1
B,2013,Mytilus californianus,1.740826455,1
B,2013,Mytilus californianus,1.695,1
B,2013,Mytilus californianus,1.650780715,1
B,2013,Mytilus californianus,1.606665486,1
B,2013,Mytilus californianus,1.562659939,1
B,2013,Mytilus californianus,1.518769623,1
B,2013,Mytilus californianus,1.475000002,1
B,2013,Mytilus californianus,1.45472714,1
B,2013,Mytilus californianus,1.434585609,1
B,2013,Mytilus californianus,1.414580568,1
B,2013,Mytilus californianus,1.290679363,1
B,2013,Mytilus californianus,1.038670652,1
B,2013,Mytilus californianus,3.022503061,1
B,2013,Mytilus californianus,2.725,1
B,2013,Mytilus californianus,2.65996028,1
B,2013,Mytilus californianus,2.407436276,1
B,2013,Mytilus californianus,2.349912417,1
B,2013,Mytilus californianus,2.235000001,1
B,2013,Mytilus californianus,2.174913277,1
B,2013,Mytilus californianus,2.114881888,1
B,2013,Mytilus californianus,2.054909571,1
B,2013,Mytilus californianus,1.995000003,1
B,2013,Mytilus californianus,1.914853334,1
B,2013,Mytilus californianus,1.834776569,1
B,2013,Mytilus californianus,1.754773176,1
B,2013,Mytilus californianus,1.674846549,1
B,2013,Mytilus californianus,1.595000002,1
B,2013,Mytilus californianus,1.504821082,1
B,2013,Mytilus californianus,1.414728615,1
B,2013,Mytilus californianus,1.324725654,1
B,2013,Mytilus californianus,1.234815162,1
B,2013,Mytilus californianus,2.807019749,1
B,2013,Mytilus californianus,2.655000001,1
B,2013,Mytilus californianus,2.594981028,1
B,2013,Mytilus californianus,2.534978675,1
B,2013,Mytilus californianus,2.475000001,1
B,2013,Mytilus californianus,2.404936112,1
B,2013,Mytilus californianus,2.33491008,1
B,2013,Mytilus californianus,2.26492901,1
B,2013,Mytilus californianus,2.195000003,1
B,2013,Mytilus californianus,2.144931433,1
B,2013,Mytilus californianus,2.094929086,1
B,2013,Mytilus californianus,2.045000002,1
B,2013,Mytilus californianus,1.974862297,1
B,2013,Mytilus californianus,1.90481181,1
B,2013,Mytilus californianus,1.834855435,1
B,2013,Mytilus californianus,1.765000002,1
B,2013,Mytilus californianus,1.708758207,1
B,2013,Mytilus californianus,1.65263078,1
B,2013,Mytilus californianus,1.596624301,1
B,2013,Mytilus californianus,1.540745251,1
B,2013,Mytilus californianus,1.485000001,1
B,2013,Mytilus californianus,2.495030922,1
B,2013,Mytilus californianus,1.720970317,1
B,2013,Mytilus californianus,1.668968327,1
B,2013,Mytilus californianus,1.616977569,1
B,2013,Mytilus californianus,1.565000002,1
B,2013,Mytilus californianus,1.479927835,1
B,2013,Mytilus californianus,1.394872681,1
B,2013,Mytilus californianus,1.309836396,1
B,2013,Mytilus californianus,1.224820795,1
B,2013,Mytilus californianus,1.139827652,1
B,2013,Mytilus californianus,1.054858693,1
B,2013,Mytilus californianus,0.9699156,1
B,2013,Mytilus californianus,0.34439053,1
B,2013,Mytilus californianus,3.367871036,1
B,2013,Mytilus californianus,3.005157369,1
B,2013,Mytilus californianus,2.711514838,1
B,2013,Mytilus californianus,2.637280164,1
B,2013,Mytilus californianus,2.563055204,1
B,2013,Mytilus californianus,2.488843277,1
B,2013,Mytilus californianus,2.41464769,1
B,2013,Mytilus californianus,2.340471733,1
B,2013,Mytilus californianus,2.266318677,1
B,2013,Mytilus californianus,2.192191769,1
B,2013,Mytilus californianus,2.118094231,1
B,2013,Mytilus californianus,2.044029255,1
B,2013,Mytilus californianus,1.97,1
B,2013,Mytilus californianus,1.94321849,1
B,2013,Mytilus californianus,1.916478907,1
B,2013,Mytilus californianus,1.889784294,1
B,2013,Mytilus californianus,1.863137647,1
B,2013,Mytilus californianus,1.836541917,1
B,2013,Mytilus californianus,1.810000001,1
B,2013,Mytilus californianus,1.777273366,1
B,2013,Mytilus californianus,1.74460618,1
B,2013,Mytilus californianus,1.712001174,1
B,2013,Mytilus californianus,1.679461015,1
B,2013,Mytilus californianus,1.646988312,1
B,2013,Mytilus californianus,1.582255366,1
B,2013,Mytilus californianus,1.549999999,1
B,2013,Mytilus californianus,1.439836788,1
B,2013,Mytilus californianus,1.329753038,1
B,2013,Mytilus californianus,2.787380995,1
B,2013,Mytilus californianus,2.609114213,1
B,2013,Mytilus californianus,2.493930536,1
B,2013,Mytilus californianus,2.467889235,1
B,2013,Mytilus californianus,2.441882677,1
B,2013,Mytilus californianus,2.41591742,1
B,2013,Mytilus californianus,2.39,1
B,2013,Mytilus californianus,2.365865621,1
B,2013,Mytilus californianus,2.341792043,1
B,2013,Mytilus californianus,2.317785682,1
B,2013,Mytilus californianus,2.2938529,1
B,2013,Mytilus californianus,2.27,1
B,2013,Mytilus californianus,2.106862814,1
B,2013,Mytilus californianus,2.025438717,1
B,2013,Mytilus californianus,1.944118971,1
B,2013,Mytilus californianus,1.862909479,1
B,2013,Mytilus californianus,1.78181604,1
B,2013,Mytilus californianus,1.700844351,1
B,2013,Mytilus californianus,1.619999999,1
B,2013,Mytilus californianus,1.579860107,1
B,2013,Mytilus californianus,1.539858368,1
B,2013,Mytilus californianus,1.500000002,1
B,2013,Mytilus californianus,1.549844982,1
B,2013,Mytilus californianus,1.599843377,1
B,2013,Mytilus californianus,1.649999996,1
B,2013,Mytilus californianus,1.616497803,1
B,2013,Mytilus californianus,1.583163016,1
B,2013,Mytilus californianus,1.549999999,1
B,2013,Mytilus californianus,1.441204079,1
B,2013,Mytilus californianus,1.332588182,1
B,2013,Mytilus californianus,1.224156191,1
B,2013,Postelsia palmaeformis,0.535929838,1
B,2013,Postelsia palmaeformis,0.532070866,1
B,2013,Mytilus californianus,3.163904995,1
B,2013,Mytilus californianus,2.779868752,1
B,2013,Mytilus californianus,2.589779607,1
B,2013,Mytilus californianus,2.519703089,1
B,2013,Mytilus californianus,2.449775048,1
B,2013,Mytilus californianus,2.379999999,1
B,2013,Mytilus californianus,2.344668081,1
B,2013,Mytilus californianus,2.309497926,1
B,2013,Mytilus californianus,2.274493781,1
B,2013,Mytilus californianus,2.239659792,1
B,2013,Mytilus californianus,2.205000002,1
B,2013,Mytilus californianus,2.0836997,1
B,2013,Mytilus californianus,1.962581359,1
B,2013,Mytilus californianus,1.841648688,1
B,2013,Mytilus californianus,1.72090528,1
B,2013,Mytilus californianus,1.600354603,1
B,2013,Mytilus californianus,1.480000001,1
B,2013,Mytilus californianus,1.410522278,1
B,2013,Mytilus californianus,1.341246927,1
B,2013,Mytilus californianus,1.272176899,1
B,2013,Mytilus californianus,3.540199622,1
B,2013,Mytilus californianus,3.169901504,1
B,2013,Mytilus californianus,2.919999999,1
B,2013,Mytilus californianus,2.842698275,1
B,2013,Mytilus californianus,2.68822993,1
B,2013,Mytilus californianus,2.456954523,1
B,2013,Mytilus californianus,2.38,1
B,2013,Mytilus californianus,2.337821554,1
B,2013,Mytilus californianus,2.295726874,1
B,2013,Mytilus californianus,2.170000001,1
B,2013,Mytilus californianus,2.127080155,1
B,2013,Mytilus californianus,2.084270606,1
B,2013,Mytilus californianus,1.99900221,1
B,2013,Mytilus californianus,1.956552968,1
B,2013,Mytilus californianus,1.91423322,1
B,2013,Mytilus californianus,1.87204745,1
B,2013,Mytilus californianus,1.830000001,1
B,2013,Mytilus californianus,1.81196085,1
B,2013,Mytilus californianus,1.362615808,1
B,2013,Mytilus californianus,1.281216323,1
B,2013,Mytilus californianus,1.2,1
B,2013,Postelsia palmaeformis,0.892216465,1
B,2013,Mytilus californianus,3.423157761,1
B,2013,Mytilus californianus,3.266472454,1
B,2013,Mytilus californianus,3.188206108,1
B,2013,Mytilus californianus,3.017190339,1
B,2013,Mytilus californianus,2.646765868,1
B,2013,Mytilus californianus,2.554398609,1
B,2013,Mytilus californianus,2.462140983,1
B,2013,Mytilus californianus,2.369999999,1
B,2013,Mytilus californianus,2.331317355,1
B,2013,Mytilus californianus,2.292765277,1
B,2013,Mytilus californianus,2.254350671,1
B,2013,Mytilus californianus,2.216080394,1
B,2013,Mytilus californianus,2.177961253,1
B,2013,Mytilus californianus,2.139999997,1
B,2013,Mytilus californianus,2.123739822,1
B,2013,Mytilus californianus,2.107650837,1
B,2013,Mytilus californianus,2.091739586,1
B,2013,Mytilus californianus,2.076012537,1
B,2013,Mytilus californianus,2.060476074,1
B,2013,Mytilus californianus,2.0451364930000002,1
B,2013,Mytilus californianus,2.029999997,1
B,2013,Mytilus californianus,1.957171339,1
B,2013,Mytilus californianus,1.884557874,1
B,2013,Mytilus californianus,1.812165499,1
B,2013,Mytilus californianus,1.741513089,1
B,2013,Mytilus californianus,1.743264272,1
B,2013,Mytilus californianus,1.745258975,1
B,2013,Mytilus californianus,1.747502495,1
B,2013,Mytilus californianus,1.749999997,1
B,2013,Mytilus californianus,1.707099434,1
B,2013,Mytilus californianus,1.664462772,1
B,2013,Mytilus californianus,1.62209476,1
B,2013,Mytilus californianus,1.629999997,1
B,2013,Mytilus californianus,1.539708609,1
B,2013,Mytilus californianus,1.449707337,1
B,2013,Mytilus californianus,1.359999996,1
B,2013,Mytilus californianus,1.355441173,1
B,2013,Mytilus californianus,2.387520597,1
B,2013,Mytilus californianus,2.1950089250000002,1
B,2013,Mytilus californianus,1.608314187,1
B,2013,Mytilus californianus,1.560000003,1
B,2013,Mytilus californianus,1.467475648,1
B,2013,Mytilus californianus,1.37496615,1
B,2013,Mytilus californianus,1.282473588,1
B,2013,Mytilus californianus,1.190000003,1
B,2013,Mytilus californianus,1.185636189,1
B,2013,Mytilus californianus,1.176979264,1
B,2013,Mytilus californianus,1.172689926,1
B,2013,Mytilus californianus,1.164198561,1
B,2013,Mytilus californianus,1.123182471,1
B,2013,Mytilus californianus,1.10482809,1
B,2013,Mytilus californianus,1.086511953,1
B,2013,Mytilus californianus,1.068235474,1
B,2013,Mytilus californianus,1.050000001,1
B,2013,Mytilus californianus,1.022340272,1
B,2013,Mytilus californianus,0.967152493,1
B,2013,Postelsia palmaeformis,0.83,1
B,2013,Postelsia palmaeformis,0.623126967,1
B,2013,Postelsia palmaeformis,0.51976712,1
B,2013,Postelsia palmaeformis,0.313203253,1
B,2013,Postelsia palmaeformis,0.21,1
B,2013,Postelsia palmaeformis,0.16986724,1
B,2013,Postelsia palmaeformis,0.089760921,1
B,2013,Mytilus californianus,-0.039109117,1
G,2010,Mytilus californianus,1.253865576,1
G,2010,Mytilus californianus,1.284823027,1
G,2010,Mytilus californianus,1.382338185,1
G,2010,Mytilus californianus,1.414370253,1
G,2010,Mytilus californianus,1.444226805,1
G,2010,Mytilus californianus,1.475371007,1
G,2010,Mytilus californianus,1.505914557,1
G,2010,Mytilus californianus,1.535568708,1
G,2010,Mytilus californianus,1.565092816,1
G,2010,Mytilus californianus,1.629030709,1
G,2010,Mytilus californianus,1.963337146,1
G,2010,Mytilus californianus,1.893822926,1
G,2010,Mytilus californianus,1.824276594,1
G,2010,Mytilus californianus,1.754672657,1
G,2010,Mytilus californianus,1.553964996,1
G,2010,Mytilus californianus,1.221950285,1
G,2010,Mytilus californianus,0.890000002,1
G,2010,Mytilus californianus,1.089917373,1
G,2010,Postelsia palmaeformis,1.089917373,1
G,2010,Mytilus californianus,1.215892853,1
G,2010,Mytilus californianus,1.367840326,1
G,2010,Mytilus californianus,1.519999997,1
G,2010,Mytilus californianus,1.406599714,1
G,2010,Mytilus californianus,1.332757816,1
G,2010,Mytilus californianus,1.296225747,1
G,2010,Mytilus californianus,1.26,1
G,2010,Postelsia palmaeformis,1.26,1
G,2010,Postelsia palmaeformis,1.053248193,1
G,2010,Postelsia palmaeformis,0.948654946,1
G,2010,Mytilus californianus,0.946197375,1
G,2010,Mytilus californianus,0.944118969,1
G,2010,Postelsia palmaeformis,0.944118969,1
G,2010,Mytilus californianus,0.752628184,1
G,2010,Mytilus californianus,1.4084283,1
G,2010,Mytilus californianus,1.547536281,1
G,2010,Mytilus californianus,1.686509689,1
G,2010,Mytilus californianus,2.101937861,1
G,2010,Mytilus californianus,2.200620981,1
G,2010,Mytilus californianus,2.160893834,1
G,2010,Mytilus californianus,2.121276564,1
G,2010,Mytilus californianus,2.080897716,1
G,2010,Mytilus californianus,2.041603358,1
G,2010,Mytilus californianus,1.873657908,1
G,2010,Mytilus californianus,1.83,1
G,2010,Mytilus californianus,1.860078501,1
G,2010,Mytilus californianus,1.88963833,1
G,2010,Mytilus californianus,1.918374405,1
G,2010,Mytilus californianus,1.947025154,1
G,2010,Mytilus californianus,1.975112263,1
G,2010,Mytilus californianus,1.551977142,1
G,2010,Mytilus californianus,1.456018606,1
G,2010,Mytilus californianus,1.36,1
G,2010,Mytilus californianus,1.14507433,1
G,2010,Postelsia palmaeformis,0.930199426,1
G,2010,Postelsia palmaeformis,0.71502217,1
G,2010,Postelsia palmaeformis,0.64496828,1
G,2010,Postelsia palmaeformis,0.789999999,1
G,2010,Postelsia palmaeformis,0.686329726,1
G,2010,Postelsia palmaeformis,0.58280489,1
G,2010,Postelsia palmaeformis,0.478857401,1
G,2010,Postelsia palmaeformis,0.375498423,1
G,2010,Mytilus californianus,0.958578951,1
G,2010,Mytilus californianus,1.874773116,1
G,2010,Mytilus californianus,1.877320115,1
G,2010,Mytilus californianus,1.49402283,1
G,2010,Mytilus californianus,1.363637278,1
G,2010,Mytilus californianus,1.234370051,1
G,2010,Postelsia palmaeformis,1.105069589,1
G,2010,Postelsia palmaeformis,0.973969603,1
G,2010,Mytilus californianus,0.797555212,1
G,2010,Mytilus californianus,0.91253472,1
G,2010,Mytilus californianus,0.907629964,1
G,2010,Mytilus californianus,1.487931762,1
G,2010,Mytilus californianus,1.386620122,1
G,2010,Mytilus californianus,1.285344891,1
G,2010,Mytilus californianus,0.98,1
G,2010,Mytilus californianus,1.134251928,1
G,2010,Mytilus californianus,1.104193254,1
G,2010,Postelsia palmaeformis,0.992755053,1
G,2010,Mytilus californianus,1.63005459,1
G,2010,Mytilus californianus,1.612367099,1
G,2010,Mytilus californianus,1.534236251,1
G,2010,Mytilus californianus,1.456134949,1
G,2010,Mytilus californianus,1.378561089,1
G,2010,Mytilus californianus,1.302353376,1
G,2010,Mytilus californianus,1.22528767,1
G,2010,Mytilus californianus,1.1087904180000001,1
G,2010,Mytilus californianus,1.108846333,1
G,2010,Mytilus californianus,1.109183918,1
G,2010,Mytilus californianus,1.109649396,1
G,2010,Mytilus californianus,1.046037783,1
G,2010,Mytilus californianus,1.188595819,1
G,2010,Mytilus californianus,1.244630033,1
G,2010,Mytilus californianus,0.951198988,1
G,2010,Mytilus californianus,1.21,1
G,2010,Mytilus californianus,1.12374086,1
G,2010,Mytilus californianus,1.037645873,1
G,2017,Mytilus californianus,0.93877746,1
G,2017,Mytilus californianus,1.284823027,1
G,2017,Mytilus californianus,1.316559044,1
G,2017,Mytilus californianus,1.382338185,1
G,2017,Mytilus californianus,1.414370253,1
G,2017,Mytilus californianus,1.444226805,1
G,2017,Mytilus californianus,1.475371007,1
G,2017,Mytilus californianus,1.505914557,1
G,2017,Mytilus californianus,1.535568708,1
G,2017,Mytilus californianus,1.565092816,1
G,2017,Mytilus californianus,1.963337146,1
G,2017,Mytilus californianus,1.893822926,1
G,2017,Mytilus californianus,1.824276594,1
G,2017,Mytilus californianus,1.754672657,1
G,2017,Mytilus californianus,1.553964996,1
G,2017,Mytilus californianus,1.221950285,1
G,2017,Mytilus californianus,0.989895532,1
G,2017,Postelsia palmaeformis,1.089917373,1
G,2017,Mytilus californianus,1.215892853,1
G,2017,Mytilus californianus,1.367840326,1
G,2017,Mytilus californianus,1.519999997,1
G,2017,Mytilus californianus,1.482029606,1
G,2017,Mytilus californianus,1.296225747,1
G,2017,Mytilus californianus,1.26,1
G,2017,Mytilus californianus,1.053248193,1
G,2017,Mytilus californianus,0.942254905,1
G,2017,Mytilus californianus,0.940677543,1
G,2017,Postelsia palmaeformis,0.628095321,1
G,2017,Mytilus californianus,0.380000001,1
G,2017,Mytilus californianus,1.259788871,1
G,2017,Mytilus californianus,1.339822638,1
G,2017,Mytilus californianus,1.42,1
G,2017,Mytilus californianus,1.44,1
G,2017,Mytilus californianus,0.889366379,1
G,2017,Mytilus californianus,1.010175798,1
G,2017,Mytilus californianus,1.13242341,1
G,2017,Mytilus californianus,1.193258499,1
G,2017,Mytilus californianus,1.254464104,1
G,2017,Mytilus californianus,1.315720079,1
G,2017,Mytilus californianus,1.376990752,1
G,2017,Mytilus californianus,1.499751797,1
G,2017,Mytilus californianus,1.942167809,1
G,2017,Mytilus californianus,1.949704096,1
G,2017,Mytilus californianus,1.9570859,1
G,2017,Mytilus californianus,1.968966814,1
G,2017,Mytilus californianus,1.974812179,1
G,2017,Mytilus californianus,1.980000004,1
G,2017,Mytilus californianus,1.972171405,1
G,2017,Mytilus californianus,1.963683048,1
G,2017,Mytilus californianus,1.954689051,1
G,2017,Mytilus californianus,1.885226836,1
G,2017,Mytilus californianus,1.755275176,1
G,2017,Mytilus californianus,1.62518921,1
G,2017,Mytilus californianus,1.494061222,1
G,2017,Mytilus californianus,1.229658966,1
G,2017,Mytilus californianus,1.096546249,1
G,2017,Postelsia palmaeformis,0.96279692,1
G,2017,Mytilus californianus,0.828222383,1
G,2017,Mytilus californianus,0.693041159,1
G,2017,Mytilus californianus,0.557809748,1
G,2017,Postelsia palmaeformis,0.62,1
G,2017,Mytilus californianus,0.660241783,1
G,2017,Mytilus californianus,0.487121953,1
G,2017,Mytilus californianus,1.4084283,1
G,2017,Mytilus californianus,1.547536281,1
G,2017,Mytilus californianus,2.080897716,1
G,2017,Mytilus californianus,2.041603358,1
G,2017,Mytilus californianus,2.00036407,1
G,2017,Mytilus californianus,1.83,1
G,2017,Mytilus californianus,1.860078501,1
G,2017,Mytilus californianus,1.88963833,1
G,2017,Mytilus californianus,1.918374405,1
G,2017,Mytilus californianus,1.947025154,1
G,2017,Mytilus californianus,1.975112263,1
G,2017,Mytilus californianus,2.00270124,1
G,2017,Mytilus californianus,0.71502217,1
G,2017,Postelsia palmaeformis,0.375498423,1
G,2017,Mytilus californianus,0.272583236,1
G,2017,Mytilus californianus,0.169999999,1
G,2017,Mytilus californianus,0.246234917,1
G,2017,Mytilus californianus,0.994210529,1
G,2017,Mytilus californianus,0.786281309,1
G,2017,Mytilus californianus,0.884189859,1
G,2017,Mytilus californianus,0.982054441,1
G,2017,Mytilus californianus,1.079999999,1
G,2017,Mytilus californianus,1.22857919,1
G,2017,Mytilus californianus,1.377160346,1
G,2017,Mytilus californianus,1.525713584,1
G,2017,Mytilus californianus,1.624118505,1
G,2017,Mytilus californianus,1.67214189,1
G,2017,Mytilus californianus,1.816236754,1
G,2017,Mytilus californianus,1.827730556,1
G,2017,Mytilus californianus,1.819066556,1
G,2017,Mytilus californianus,1.809999999,1
G,2017,Mytilus californianus,1.743465126,1
G,2017,Mytilus californianus,1.733283187,1
G,2017,Mytilus californianus,1.779421787,1
G,2017,Mytilus californianus,1.824926844,1
G,2017,Mytilus californianus,1.87,1
G,2017,Mytilus californianus,1.798369764,1
G,2017,Mytilus californianus,1.774497483,1
G,2017,Mytilus californianus,1.750000003,1
G,2017,Mytilus californianus,1.575721311,1
G,2017,Mytilus californianus,1.401143465,1
G,2017,Mytilus californianus,1.225824855,1
G,2017,Mytilus californianus,1.050000002,1
G,2017,Mytilus californianus,0.98901217,1
G,2017,Mytilus californianus,0.927624087,1
G,2017,Mytilus californianus,0.865861603,1
G,2017,Postelsia palmaeformis,0.803724915,1
G,2017,Postelsia palmaeformis,0.741259662,1
G,2017,Postelsia palmaeformis,0.805046351,1
G,2017,Mytilus californianus,1.061767614,1
G,2017,Mytilus californianus,0.885019941,1
G,2017,Mytilus californianus,0.708336395,1
G,2017,Postelsia palmaeformis,0.246839252,1
G,2017,Mytilus californianus,0.969999999,1
G,2017,Mytilus californianus,0.68,1
G,2017,Mytilus californianus,1.848610524,1
G,2017,Mytilus californianus,1.855311815,1
G,2017,Mytilus californianus,1.862969649,1
G,2017,Mytilus californianus,1.867893427,1
G,2017,Mytilus californianus,1.874773116,1
G,2017,Mytilus californianus,1.877320115,1
G,2017,Mytilus californianus,1.880000004,1
G,2017,Postelsia palmaeformis,1.751843824,1
G,2017,Mytilus californianus,1.6230511459999999,1
G,2017,Mytilus californianus,1.49402283,1
G,2017,Mytilus californianus,0.973969603,1
G,2017,Mytilus californianus,0.841707093,1
G,2017,Mytilus californianus,0.709189458,1
G,2017,Mytilus californianus,0.576440949,1
G,2017,Mytilus californianus,0.567625732,1
G,2017,Mytilus californianus,0.68257091,1
G,2017,Mytilus californianus,1.057184915,1
G,2017,Mytilus californianus,1.083569024,1
G,2017,Mytilus californianus,1.16174262,1
G,2017,Mytilus californianus,1.241054734,1
G,2017,Mytilus californianus,1.808746763,1
G,2017,Mytilus californianus,1.924745749,1
G,2017,Mytilus californianus,1.914047388,1
G,2017,Mytilus californianus,1.891868222,1
G,2017,Mytilus californianus,1.880000002,1
G,2017,Mytilus californianus,1.880637853,1
G,2017,Mytilus californianus,1.880747724,1
G,2017,Mytilus californianus,1.597059166,1
G,2017,Mytilus californianus,1.455456449,1
G,2017,Mytilus californianus,1.313280643,1
G,2017,Mytilus californianus,1.169356189,1
G,2017,Postelsia palmaeformis,0.946952008,1
G,2017,Mytilus californianus,1.015240968,1
G,2017,Mytilus californianus,0.980360542,1
G,2017,Mytilus californianus,0.945443198,1
G,2017,Mytilus californianus,0.910402882,1
G,2017,Mytilus californianus,0.875356059,1
G,2017,Mytilus californianus,0.769999999,1
G,2017,Mytilus californianus,0.57268335,1
G,2017,Mytilus californianus,0.375446184,1
G,2017,Mytilus californianus,1.285344891,1
G,2017,Mytilus californianus,1.183524281,1
G,2017,Mytilus californianus,1.081780154,1
G,2017,Mytilus californianus,0.98,1
G,2017,Mytilus californianus,1.031387102,1
G,2017,Mytilus californianus,1.082795217,1
G,2017,Mytilus californianus,1.134251928,1
G,2017,Mytilus californianus,1.104193254,1
G,2017,Mytilus californianus,0.992755053,1
G,2017,Mytilus californianus,0.881318788,1
G,2017,Mytilus californianus,0.77,1
G,2017,Mytilus californianus,0.769699963,1
G,2017,Mytilus californianus,0.77,1
G,2017,Mytilus californianus,0.598258417,1
G,2017,Mytilus californianus,0.426833969,1
G,2017,Mytilus californianus,1.737280453,1
G,2017,Mytilus californianus,1.077913968,1
G,2017,Mytilus californianus,0.98924291,1
G,2017,Mytilus californianus,1.11,1
G,2017,Mytilus californianus,0.982205828,1
G,2017,Mytilus californianus,0.795161175,1
G,2017,Mytilus californianus,0.805211315,1
G,2017,Mytilus californianus,0.815199485,1
G,2017,Mytilus californianus,0.825087017,1
G,2017,Mytilus californianus,0.773340067,1
G,2017,Mytilus californianus,0.659999999,1
G,2017,Mytilus californianus,1.5713997,1
G,2017,Mytilus californianus,1.690762961,1
G,2017,Mytilus californianus,1.534236251,1
G,2017,Mytilus californianus,1.456134949,1
G,2017,Mytilus californianus,1.109645756,1
G,2017,Mytilus californianus,1.109190224,1
G,2017,Mytilus californianus,1.108811348,1
G,2017,Mytilus californianus,1.1087904180000001,1
G,2017,Mytilus californianus,1.108846333,1
G,2017,Mytilus californianus,1.109183918,1
G,2017,Mytilus californianus,1.109649396,1
G,2017,Mytilus californianus,1.046037783,1
G,2017,Mytilus californianus,0.91828197,1
G,2017,Mytilus californianus,0.790758348,1
G,2017,Mytilus californianus,0.663512563,1
G,2017,Mytilus californianus,0.597661437,1
G,2017,Mytilus californianus,0.582582755,1
G,2017,Mytilus californianus,0.325818947,1
G,2017,Mytilus californianus,0.072050967,1
G,2017,Mytilus californianus,-0.181118838,1
G,2017,Mytilus californianus,1.171602892,1
G,2017,Mytilus californianus,1.190004548,1
G,2017,Mytilus californianus,1.05,1
G,2017,Mytilus californianus,1.165547101,1
G,2017,Mytilus californianus,1.115274153,1
G,2017,Mytilus californianus,1.062076519,1
G,2017,Mytilus californianus,1.005670793,1
G,2017,Mytilus californianus,0.948683188,1
G,2017,Mytilus californianus,0.840071719,1
G,2017,Mytilus californianus,0.845217154,1
G,2017,Mytilus californianus,0.784589582,1
G,2017,Mytilus californianus,0.510000001,1
G,2017,Mytilus californianus,1.589989574,1
G,2017,Mytilus californianus,1.010000004,1
G,2017,Mytilus californianus,0.98057393,1
G,2017,Mytilus californianus,0.951198988,1
G,2017,Mytilus californianus,0.921932229,1
G,2017,Mytilus californianus,0.892754564,1
G,2017,Mytilus californianus,0.863599754,1
G,2017,Mytilus californianus,1.098448784,1
G,2017,Mytilus californianus,1.21,1
G,2017,Mytilus californianus,1.12374086,1
G,2017,Mytilus californianus,1.037645873,1
G,2017,Mytilus californianus,0.951555694,1
G,2017,Mytilus californianus,0.629234654,1
G,2020,Mytilus californianus,0.634916443,1
G,2020,Mytilus californianus,0.756639754,1
G,2020,Mytilus californianus,0.703460467,1
G,2020,Mytilus californianus,0.759237854,1
G,2020,Mytilus californianus,0.815102564,1
G,2020,Mytilus californianus,0.870770622,1
G,2020,Mytilus californianus,0.926375669,1
G,2020,Mytilus californianus,0.982049138,1
G,2020,Mytilus californianus,1.026086143,1
G,2020,Mytilus californianus,1.253865576,1
G,2020,Mytilus californianus,1.284823027,1
G,2020,Mytilus californianus,1.316559044,1
G,2020,Mytilus californianus,1.382338185,1
G,2020,Mytilus californianus,1.414370253,1
G,2020,Mytilus californianus,1.444226805,1
G,2020,Mytilus californianus,1.505914557,1
G,2020,Mytilus californianus,1.535568708,1
G,2020,Mytilus californianus,1.565092816,1
G,2020,Mytilus californianus,1.727134822,1
G,2020,Mytilus californianus,1.922298297,1
G,2020,Mytilus californianus,2.116446987,1
G,2020,Mytilus californianus,2.213310454,1
G,2020,Mytilus californianus,1.963337146,1
G,2020,Mytilus californianus,1.893822926,1
G,2020,Mytilus californianus,1.824276594,1
G,2020,Mytilus californianus,1.754672657,1
G,2020,Mytilus californianus,1.553964996,1
G,2020,Mytilus californianus,1.221950285,1
G,2020,Mytilus californianus,0.890000002,1
G,2020,Mytilus californianus,0.989895532,1
G,2020,Mytilus californianus,1.089917373,1
G,2020,Mytilus californianus,1.215892853,1
G,2020,Mytilus californianus,1.367840326,1
G,2020,Mytilus californianus,1.519999997,1
G,2020,Mytilus californianus,1.482029606,1
G,2020,Mytilus californianus,1.444133073,1
G,2020,Mytilus californianus,1.406599714,1
G,2020,Mytilus californianus,1.369662542,1
G,2020,Mytilus californianus,1.332757816,1
G,2020,Mytilus californianus,1.296225747,1
G,2020,Mytilus californianus,1.26,1
G,2020,Mytilus californianus,1.053248193,1
G,2020,Mytilus californianus,0.948654946,1
G,2020,Mytilus californianus,0.946197375,1
G,2020,Mytilus californianus,0.944118969,1
G,2020,Mytilus californianus,0.942254905,1
G,2020,Mytilus californianus,0.940677543,1
G,2020,Mytilus californianus,0.877466886,1
G,2020,Mytilus californianus,0.628095321,1
G,2020,Mytilus californianus,0.503876501,1
G,2020,Mytilus californianus,0.380000001,1
G,2020,Mytilus californianus,1.4084283,1
G,2020,Mytilus californianus,1.547536281,1
G,2020,Mytilus californianus,1.686509689,1
G,2020,Mytilus californianus,2.00036407,1
G,2020,Mytilus californianus,1.959618775,1
G,2020,Mytilus californianus,1.916716122,1
G,2020,Mytilus californianus,1.873657908,1
G,2020,Mytilus californianus,1.83,1
G,2020,Mytilus californianus,1.860078501,1
G,2020,Mytilus californianus,1.88963833,1
G,2020,Mytilus californianus,1.918374405,1
G,2020,Mytilus californianus,1.947025154,1
G,2020,Mytilus californianus,1.975112263,1
G,2020,Mytilus californianus,2.00270124,1
G,2020,Mytilus californianus,2.029999999,1
G,2020,Mytilus californianus,1.935107676,1
G,2020,Mytilus californianus,1.647849848,1
G,2020,Mytilus californianus,1.551977142,1
G,2020,Mytilus californianus,1.456018606,1
G,2020,Mytilus californianus,0.930199426,1
G,2020,Mytilus californianus,0.71502217,1
G,2020,Mytilus californianus,0.5,1
G,2020,Mytilus californianus,0.64496828,1
G,2020,Postelsia palmaeformis,0.686329726,1
G,2020,Postelsia palmaeformis,0.58280489,1
G,2020,Postelsia palmaeformis,0.478857401,1
G,2020,Mytilus californianus,0.375498423,1
G,2020,Mytilus californianus,0.272583236,1
G,2020,Mytilus californianus,0.169999999,1
G,2020,Mytilus californianus,0.246234917,1
G,2020,Mytilus californianus,0.322929737,1
G,2020,Mytilus californianus,0.399999999,1
G,2020,Mytilus californianus,0.824785752,1
G,2020,Mytilus californianus,0.68,1
G,2020,Mytilus californianus,0.772700852,1
G,2020,Mytilus californianus,0.865366469,1
G,2020,Mytilus californianus,0.958578951,1
G,2020,Mytilus californianus,1.514850934,1
G,2020,Mytilus californianus,1.605503896,1
G,2020,Mytilus californianus,1.746602997,1
G,2020,Mytilus californianus,1.759327024,1
G,2020,Mytilus californianus,1.862969649,1
G,2020,Mytilus californianus,1.867893427,1
G,2020,Mytilus californianus,1.880000004,1
G,2020,Mytilus californianus,1.751843824,1
G,2020,Mytilus californianus,1.6230511459999999,1
G,2020,Mytilus californianus,1.49402283,1
G,2020,Mytilus californianus,1.363637278,1
G,2020,Mytilus californianus,1.234370051,1
G,2020,Mytilus californianus,1.105069589,1
G,2020,Mytilus californianus,0.841707093,1
G,2020,Mytilus californianus,0.709189458,1
G,2020,Mytilus californianus,0.576440949,1
G,2020,Mytilus californianus,0.567625732,1
G,2020,Mytilus californianus,0.68257091,1
G,2020,Mytilus californianus,0.797555212,1
G,2020,Mytilus californianus,0.91253472,1
G,2020,Mytilus californianus,0.658499242,1
G,2020,Mytilus californianus,1.386620122,1
G,2020,Mytilus californianus,1.285344891,1
G,2020,Mytilus californianus,1.183524281,1
G,2020,Mytilus californianus,1.081780154,1
G,2020,Mytilus californianus,0.98,1
G,2020,Mytilus californianus,1.031387102,1
G,2020,Mytilus californianus,1.082795217,1
G,2020,Mytilus californianus,1.134251928,1
G,2020,Mytilus californianus,1.104193254,1
G,2020,Mytilus californianus,0.992755053,1
G,2020,Mytilus californianus,0.881318788,1
G,2020,Mytilus californianus,0.77,1
G,2020,Mytilus californianus,0.769699963,1
G,2020,Mytilus californianus,0.769711205,1
G,2020,Mytilus californianus,0.77,1
G,2020,Mytilus californianus,0.598258417,1
G,2020,Mytilus californianus,0.426833969,1
G,2020,Mytilus californianus,1.480000001,1
G,2020,Mytilus californianus,1.511246283,1
G,2020,Mytilus californianus,1.541041476,1
G,2020,Mytilus californianus,1.5713997,1
G,2020,Mytilus californianus,1.690762961,1
G,2020,Mytilus californianus,1.612367099,1
G,2020,Mytilus californianus,1.22528767,1
G,2020,Mytilus californianus,1.148330855,1
G,2020,Mytilus californianus,1.109645756,1
G,2020,Mytilus californianus,1.109190224,1
G,2020,Mytilus californianus,1.108811348,1
G,2020,Mytilus californianus,1.1087904180000001,1
G,2020,Mytilus californianus,1.108846333,1
G,2020,Mytilus californianus,1.109183918,1
G,2020,Mytilus californianus,1.109649396,1
G,2020,Mytilus californianus,1.046037783,1
G,2020,Mytilus californianus,0.91828197,1
G,2020,Mytilus californianus,0.790758348,1
G,2020,Mytilus californianus,0.663512563,1
G,2020,Mytilus californianus,0.597661437,1
G,2020,Mytilus californianus,0.589318883,1
G,2020,Mytilus californianus,0.585735974,1
G,2020,Mytilus californianus,1.188595819,1
G,2020,Mytilus californianus,1.160999133,1
G,2020,Mytilus californianus,0.78384565,1
G,2020,Mytilus californianus,1.750063718,1
G,2020,Mytilus californianus,1.712959773,1
G,2020,Mytilus californianus,1.595777108,1
G,2020,Mytilus californianus,1.478640426,1
G,2020,Mytilus californianus,1.010000004,1
G,2020,Mytilus californianus,0.98057393,1
G,2020,Mytilus californianus,0.951198988,1
G,2020,Mytilus californianus,0.921932229,1
G,2020,Mytilus californianus,0.892754564,1
G,2020,Mytilus californianus,0.863599754,1
G,2020,Mytilus californianus,0.834504627,1
G,2020,Mytilus californianus,0.875628508,1
G,2020,Mytilus californianus,0.987024306,1
G,2020,Mytilus californianus,1.098448784,1
G,2020,Mytilus californianus,1.21,1
G,2020,Mytilus californianus,1.12374086,1
G,2020,Mytilus californianus,1.037645873,1
G,2020,Mytilus californianus,0.951555694,1
D,2015,Mytilus californianus,1.151020204,1
D,2015,Mytilus californianus,1.554311041,1
D,2015,Mytilus californianus,1.444861558,1
D,2015,Mytilus californianus,1.385840924,1
D,2015,Mytilus californianus,1.333807097,1
D,2015,Mytilus californianus,1.312582888,1
D,2015,Mytilus californianus,1.290985917,1
D,2015,Mytilus californianus,1.43,1
D,2015,Mytilus californianus,1.492444493,1
D,2015,Mytilus californianus,1.52,1
D,2015,Mytilus californianus,1.449278218,1
D,2015,Mytilus californianus,1.372294557,1
D,2015,Mytilus californianus,1.20985048,1
D,2015,Mytilus californianus,0.926932989,1
D,2015,Mytilus californianus,0.938100662,1
D,2015,Mytilus californianus,0.952145031,1
D,2015,Mytilus californianus,0.992336542,1
D,2015,Mytilus californianus,1.019654203,1
D,2015,Mytilus californianus,1.035400476,1
D,2015,Mytilus californianus,1.043693178,1
D,2015,Mytilus californianus,1.047784091,1
D,2015,Mytilus californianus,1.049999999,1
D,2015,Mytilus californianus,1.078296087,1
D,2015,Mytilus californianus,1.106292236,1
D,2015,Mytilus californianus,1.131658604,1
D,2015,Mytilus californianus,1.152830548,1
D,2015,Mytilus californianus,1.169999999,1
D,2015,Mytilus californianus,1.149896891,1
D,2015,Mytilus californianus,1.124652403,1
D,2015,Mytilus californianus,1.122536522,1
D,2015,Mytilus californianus,1.143561625,1
D,2015,Mytilus californianus,1.159999998,1
D,2015,Mytilus californianus,1.043268153,1
D,2015,Mytilus californianus,0.924771027,1
D,2015,Mytilus californianus,0.806888077,1
D,2015,Mytilus californianus,0.77955754,1
D,2015,Mytilus californianus,1.019999999,1
D,2015,Mytilus californianus,1.450000001,1
D,2015,Mytilus californianus,1.36976346,1
D,2015,Mytilus californianus,1.323382071,1
D,2015,Mytilus californianus,1.204094576,1
D,2015,Mytilus californianus,1.185995993,1
D,2015,Mytilus californianus,1.242869087,1
D,2015,Mytilus californianus,1.269640329,1
D,2015,Mytilus californianus,1.296316397,1
D,2015,Mytilus californianus,1.285809155,1
D,2015,Mytilus californianus,1.238531585,1
D,2015,Mytilus californianus,1.193297327,1
D,2015,Mytilus californianus,1.150369791,1
D,2015,Mytilus californianus,1.109591231,1
D,2015,Mytilus californianus,1.138077946,1
D,2015,Mytilus californianus,1.235447954,1
D,2015,Mytilus californianus,1.202163554,1
D,2015,Mytilus californianus,1.126037609,1
D,2015,Mytilus californianus,1.049810961,1
D,2015,Mytilus californianus,0.969947645,1
D,2015,Mytilus californianus,0.500317041,1
D,2015,Mytilus californianus,0.663454721,1
D,2015,Mytilus californianus,0.945006548,1
D,2015,Mytilus californianus,1.01583336,1
D,2015,Mytilus californianus,1.097563001,1
D,2015,Mytilus californianus,1.110564811,1
D,2015,Mytilus californianus,0.94,1
D,2015,Mytilus californianus,0.925723547,1
D,2015,Mytilus californianus,0.923275051,1
D,2015,Mytilus californianus,0.933856467,1
D,2015,Mytilus californianus,0.957144649,1
D,2015,Mytilus californianus,0.991013844,1
D,2015,Mytilus californianus,1.035331744,1
D,2015,Mytilus californianus,1.09,1
D,2015,Mytilus californianus,1.075381256,1
D,2015,Mytilus californianus,1.070949851,1
D,2015,Mytilus californianus,1.075323328,1
D,2015,Mytilus californianus,1.086012545,1
D,2015,Mytilus californianus,1.015708595,1
D,2015,Mytilus californianus,0.885664209,1
D,2015,Mytilus californianus,0.877867501,1
D,2015,Mytilus californianus,0.869999998,1
D,2015,Mytilus californianus,1.173869087,1
D,2015,Mytilus californianus,1.229496447,1
D,2015,Mytilus californianus,1.3,1
D,2015,Mytilus californianus,1.246920843,1
D,2015,Mytilus californianus,0.588882622,1
D,2015,Mytilus californianus,0.600693452,1
D,2015,Mytilus californianus,0.651039064,1
D,2015,Mytilus californianus,0.691382112,1
D,2015,Mytilus californianus,0.759696734,1
D,2015,Mytilus californianus,1.030000001,1
D,2015,Mytilus californianus,1.151185848,1
D,2015,Mytilus californianus,1.123909947,1
D,2015,Mytilus californianus,1.087419834,1
D,2015,Mytilus californianus,1.039829603,1
D,2015,Mytilus californianus,1.35486749,1
D,2015,Mytilus californianus,1.173681868,1
D,2015,Mytilus californianus,0.90887236,1
D,2015,Mytilus californianus,0.86915623,1
D,2015,Mytilus californianus,1.564912924,1
D,2015,Mytilus californianus,1.461971378,1
D,2015,Mytilus californianus,1.196064364,1
D,2015,Mytilus californianus,1.147533173,1
D,2015,Mytilus californianus,1.100693195,1
D,2015,Mytilus californianus,0.657090415,1
D,2015,Mytilus californianus,1.627728767,1
D,2015,Mytilus californianus,1.619855646,1
D,2015,Mytilus californianus,1.393665735,1
D,2015,Mytilus californianus,1.250620793,1
D,2015,Mytilus californianus,1.099831865,1
D,2015,Mytilus californianus,0.94,1
D,2015,Mytilus californianus,0.919974298,1
D,2015,Mytilus californianus,0.903143191,1
D,2015,Mytilus californianus,0.891435196,1
D,2015,Mytilus californianus,0.886723441,1
D,2015,Mytilus californianus,0.88877241,1
D,2015,Mytilus californianus,0.893641915,1
D,2015,Mytilus californianus,0.899445005,1
D,2015,Mytilus californianus,0.90136569,1
D,2015,Mytilus californianus,0.896515094,1
D,2015,Mytilus californianus,0.8833777,1
D,2015,Mytilus californianus,0.861058825,1
D,2015,Mytilus californianus,0.829157422,1
D,2015,Mytilus californianus,0.80885071100000006,1
D,2015,Mytilus californianus,0.801846169,1
D,2015,Mytilus californianus,0.789935158,1
D,2015,Mytilus californianus,0.775114249,1
D,2015,Mytilus californianus,0.75925038,1
D,2015,Mytilus californianus,0.74367933,1
D,2015,Mytilus californianus,0.702803951,1
D,2015,Mytilus californianus,0.655223893,1
D,2015,Mytilus californianus,0.6103733,1
D,2015,Mytilus californianus,0.569197955,1
D,2015,Mytilus californianus,0.531730565,1
D,2015,Mytilus californianus,0.49870097,1
D,2015,Mytilus californianus,0.471078865,1
D,2015,Mytilus californianus,0.306359265,1
D,2015,Mytilus californianus,0.285919778,1
D,2015,Mytilus californianus,0.509773506,1
D,2015,Mytilus californianus,0.648505241,1
D,2015,Mytilus californianus,0.634930327,1
D,2015,Mytilus californianus,0.632315791,1
D,2015,Mytilus californianus,1.364186527,1
D,2015,Mytilus californianus,1.316706309,1
D,2015,Mytilus californianus,1.338096907,1
D,2015,Mytilus californianus,1.33655245,1
D,2015,Mytilus californianus,1.329232513,1
D,2015,Mytilus californianus,1.315467725,1
D,2015,Mytilus californianus,1.293814655,1
D,2015,Mytilus californianus,1.220000001,1
D,2015,Mytilus californianus,1.231667332,1
D,2015,Mytilus californianus,1.229493831,1
D,2015,Mytilus californianus,1.214734916,1
D,2015,Mytilus californianus,1.159447086,1
D,2015,Mytilus californianus,1.127632712,1
D,2015,Mytilus californianus,1.095483815,1
D,2015,Mytilus californianus,1.065583034,1
D,2015,Mytilus californianus,1.039778402,1
D,2015,Mytilus californianus,1.020000001,1
D,2015,Mytilus californianus,1.050294918,1
D,2015,Mytilus californianus,1.084958125,1
D,2015,Mytilus californianus,1.121861167,1
D,2015,Mytilus californianus,1.161578957,1
D,2015,Mytilus californianus,1.207159219,1
D,2015,Mytilus californianus,1.233066784,1
D,2015,Mytilus californianus,1.203334639,1
D,2015,Mytilus californianus,1.170107216,1
D,2015,Mytilus californianus,1.132694739,1
D,2015,Mytilus californianus,1.090630065,1
D,2015,Mytilus californianus,1.044437645,1
D,2015,Mytilus californianus,0.995082551,1
D,2015,Mytilus californianus,0.938025202,1
D,2015,Mytilus californianus,0.876257995,1
D,2015,Mytilus californianus,0.820000001,1
D,2015,Mytilus californianus,0.705648027,1
D,2015,Mytilus californianus,1.053178602,1
D,2015,Mytilus californianus,0.880000003,1
D,2015,Mytilus californianus,1.285347301,1
D,2015,Mytilus californianus,1.323982798,1
D,2015,Mytilus californianus,1.340458973,1
D,2015,Mytilus californianus,1.354597531,1
D,2015,Mytilus californianus,1.367604069,1
D,2015,Mytilus californianus,1.379999999,1
D,2015,Mytilus californianus,1.373754662,1
D,2015,Mytilus californianus,1.363631971,1
D,2015,Mytilus californianus,1.360125905,1
D,2015,Mytilus californianus,1.35829699,1
D,2015,Mytilus californianus,1.359166401,1
D,2015,Mytilus californianus,1.304315433,1
D,2015,Mytilus californianus,1.128153695,1
D,2015,Mytilus californianus,1.015945259,1
D,2015,Mytilus californianus,1.167043697,1
D,2015,Mytilus californianus,1.239399604,1
D,2015,Mytilus californianus,1.150000001,1
D,2015,Mytilus californianus,1.215002457,1
D,2015,Mytilus californianus,1.289987755,1
D,2015,Mytilus californianus,1.272343669,1
D,2015,Mytilus californianus,0.570215589,1
D,2015,Mytilus californianus,1.523081902,1
D,2015,Mytilus californianus,1.517918845,1
D,2015,Mytilus californianus,1.24104848,1
D,2015,Mytilus californianus,1.393513959,1
D,2015,Mytilus californianus,1.41513371,1
D,2015,Mytilus californianus,1.431301393,1
D,2015,Mytilus californianus,1.442870078,1
D,2015,Mytilus californianus,1.449999999,1
D,2015,Mytilus californianus,1.426616546,1
D,2015,Mytilus californianus,1.400578386,1
D,2015,Mytilus californianus,1.372588109,1
D,2015,Mytilus californianus,1.342566385,1
D,2015,Mytilus californianus,1.309999999,1
D,2015,Mytilus californianus,1.252739504,1
D,2015,Mytilus californianus,1.126582519,1
D,2015,Mytilus californianus,0.94,1
D,2015,Mytilus californianus,0.913321153,1
D,2015,Mytilus californianus,1.778936259,1
D,2015,Mytilus californianus,1.771993948,1
D,2015,Mytilus californianus,1.76527824,1
D,2015,Mytilus californianus,1.472378757,1
D,2015,Mytilus californianus,1.434774438,1
D,2015,Mytilus californianus,1.393347053,1
D,2015,Mytilus californianus,1.347620345,1
D,2015,Mytilus californianus,1.297001359,1
D,2015,Mytilus californianus,1.25039794,1
D,2015,Mytilus californianus,1.207492549,1
D,2015,Mytilus californianus,1.16,1
D,2015,Mytilus californianus,1.122475546,1
D,2015,Mytilus californianus,1.081440486,1
D,2015,Mytilus californianus,1.039679085,1
D,2015,Mytilus californianus,0.998746179,1
D,2015,Mytilus californianus,0.958449906,1
D,2018,Mytilus californianus,1.411618612,1
D,2018,Mytilus californianus,1.403207473,1
D,2018,Mytilus californianus,1.394968751,1
D,2018,Mytilus californianus,1.385840924,1
D,2018,Mytilus californianus,1.372404917,1
D,2018,Mytilus californianus,1.354743043,1
D,2018,Mytilus californianus,1.312582888,1
D,2018,Mytilus californianus,1.290985917,1
D,2018,Mytilus californianus,1.311270529,1
D,2018,Mytilus californianus,1.43,1
D,2018,Mytilus californianus,1.445410696,1
D,2018,Mytilus californianus,0.91400275499999994,1
D,2018,Mytilus californianus,0.926932989,1
D,2018,Mytilus californianus,0.952145031,1
D,2018,Postelsia palmaeformis,0.992336542,1
D,2018,Mytilus californianus,1.043693178,1
D,2018,Mytilus californianus,1.047784091,1
D,2018,Mytilus californianus,1.078296087,1
D,2018,Mytilus californianus,1.152830548,1
D,2018,Mytilus californianus,1.169999999,1
D,2018,Mytilus californianus,1.143561625,1
D,2018,Mytilus californianus,1.159999998,1
D,2018,Mytilus californianus,0.924771027,1
D,2018,Mytilus californianus,0.806888077,1
D,2018,Mytilus californianus,1.019999999,1
D,2018,Mytilus californianus,1.36976346,1
D,2018,Mytilus californianus,1.323382071,1
D,2018,Mytilus californianus,1.204094576,1
D,2018,Mytilus californianus,1.185995993,1
D,2018,Mytilus californianus,1.215368325,1
D,2018,Mytilus californianus,1.242869087,1
D,2018,Mytilus californianus,1.269640329,1
D,2018,Mytilus californianus,1.296316397,1
D,2018,Mytilus californianus,1.285809155,1
D,2018,Mytilus californianus,1.238531585,1
D,2018,Mytilus californianus,1.193297327,1
D,2018,Mytilus californianus,1.150369791,1
D,2018,Mytilus californianus,1.109591231,1
D,2018,Mytilus californianus,1.138077946,1
D,2018,Mytilus californianus,1.235447954,1
D,2018,Mytilus californianus,1.202163554,1
D,2018,Mytilus californianus,1.126037609,1
D,2018,Mytilus californianus,1.049810961,1
D,2018,Postelsia palmaeformis,0.969947645,1
D,2018,Mytilus californianus,0.880000001,1
D,2018,Postelsia palmaeformis,0.779785045,1
D,2018,Mytilus californianus,0.65401056,1
D,2018,Postelsia palmaeformis,0.136558535,1
D,2018,Mytilus californianus,0.663454721,1
D,2018,Mytilus californianus,0.945006548,1
D,2018,Mytilus californianus,1.01583336,1
D,2018,Mytilus californianus,1.097563001,1
D,2018,Mytilus californianus,1.052218188,1
D,2018,Mytilus californianus,0.994075015,1
D,2018,Mytilus californianus,0.94,1
D,2018,Mytilus californianus,0.925723547,1
D,2018,Mytilus californianus,0.923275051,1
D,2018,Mytilus californianus,0.933856467,1
D,2018,Mytilus californianus,0.957144649,1
D,2018,Mytilus californianus,0.991013844,1
D,2018,Mytilus californianus,1.035331744,1
D,2018,Mytilus californianus,1.09,1
D,2018,Mytilus californianus,1.075381256,1
D,2018,Mytilus californianus,1.070949851,1
D,2018,Mytilus californianus,1.075323328,1
D,2018,Mytilus californianus,1.086012545,1
D,2018,Mytilus californianus,1.100000004,1
D,2018,Mytilus californianus,0.931759409,1
D,2018,Mytilus californianus,0.877867501,1
D,2018,Mytilus californianus,0.869999998,1
D,2018,Mytilus californianus,1.173869087,1
D,2018,Mytilus californianus,1.229496447,1
D,2018,Mytilus californianus,1.3,1
D,2018,Mytilus californianus,1.192980865,1
D,2018,Mytilus californianus,1.010959848,1
D,2018,Postelsia palmaeformis,0.541960326,1
D,2018,Postelsia palmaeformis,0.859999998,1
D,2018,Postelsia palmaeformis,0.806908561,1
D,2018,Postelsia palmaeformis,0.740863097,1
D,2018,Postelsia palmaeformis,0.664219209,1
D,2018,Mytilus californianus,0.600693452,1
D,2018,Mytilus californianus,0.651039064,1
D,2018,Mytilus californianus,0.759696734,1
D,2018,Mytilus californianus,0.832617285,1
D,2018,Mytilus californianus,0.899782872,1
D,2018,Mytilus californianus,0.964427457,1
D,2018,Mytilus californianus,1.030000001,1
D,2018,Mytilus californianus,1.169530243,1
D,2018,Mytilus californianus,1.123909947,1
D,2018,Mytilus californianus,1.087419834,1
D,2018,Mytilus californianus,1.039829603,1
D,2018,Mytilus californianus,0.980397477,1
D,2018,Mytilus californianus,0.910000003,1
D,2018,Mytilus californianus,0.855440437,1
D,2018,Mytilus californianus,0.86915623,1
D,2018,Mytilus californianus,1.424426287,1
D,2018,Mytilus californianus,1.375827556,1
D,2018,Mytilus californianus,1.239999999,1
D,2018,Mytilus californianus,1.196064364,1
D,2018,Mytilus californianus,1.147533173,1
D,2018,Mytilus californianus,0.785640704,1
D,2018,Mytilus californianus,0.745601887,1
D,2018,Mytilus californianus,0.697465572,1
D,2018,Mytilus californianus,0.657090415,1
D,2018,Mytilus californianus,1.425952692,1
D,2018,Mytilus californianus,1.250620793,1
D,2018,Mytilus californianus,1.099831865,1
D,2018,Mytilus californianus,0.94,1
D,2018,Mytilus californianus,0.903143191,1
D,2018,Mytilus californianus,0.88877241,1
D,2018,Mytilus californianus,0.893641915,1
D,2018,Mytilus californianus,0.899445005,1
D,2018,Mytilus californianus,0.896515094,1
D,2018,Mytilus californianus,0.8833777,1
D,2018,Mytilus californianus,0.861058825,1
D,2018,Mytilus californianus,0.829157422,1
D,2018,Mytilus californianus,0.801846169,1
D,2018,Mytilus californianus,1.33655245,1
D,2018,Mytilus californianus,1.329232513,1
D,2018,Mytilus californianus,1.315467725,1
D,2018,Mytilus californianus,1.293814655,1
D,2018,Mytilus californianus,1.263236894,1
D,2018,Mytilus californianus,1.220000001,1
D,2018,Mytilus californianus,1.231667332,1
D,2018,Mytilus californianus,1.229493831,1
D,2018,Mytilus californianus,1.214734916,1
D,2018,Mytilus californianus,1.19001795,1
D,2018,Mytilus californianus,1.159447086,1
D,2018,Mytilus californianus,1.127632712,1
D,2018,Mytilus californianus,1.095483815,1
D,2018,Mytilus californianus,1.065583034,1
D,2018,Mytilus californianus,1.039778402,1
D,2018,Mytilus californianus,1.020000001,1
D,2018,Mytilus californianus,1.050294918,1
D,2018,Mytilus californianus,1.084958125,1
D,2018,Mytilus californianus,1.121861167,1
D,2018,Mytilus californianus,1.161578957,1
D,2018,Mytilus californianus,1.207159219,1
D,2018,Mytilus californianus,1.233066784,1
D,2018,Mytilus californianus,1.203334639,1
D,2018,Mytilus californianus,1.170107216,1
D,2018,Mytilus californianus,1.132694739,1
D,2018,Mytilus californianus,1.090630065,1
D,2018,Mytilus californianus,1.044437645,1
D,2018,Mytilus californianus,0.938025202,1
D,2018,Mytilus californianus,0.876257995,1
D,2018,Mytilus californianus,0.820000001,1
D,2018,Mytilus californianus,0.75780056,1
D,2018,Mytilus californianus,0.705648027,1
D,2018,Mytilus californianus,0.665325709,1
D,2018,Mytilus californianus,0.639169134,1
D,2018,Mytilus californianus,0.630937947,1
D,2018,Mytilus californianus,0.694997366,1
D,2018,Mytilus californianus,0.934732508,1
D,2018,Mytilus californianus,1.053178602,1
D,2018,Mytilus californianus,1.155929115,1
D,2018,Mytilus californianus,1.100367275,1
D,2018,Mytilus californianus,0.880000003,1
D,2018,Mytilus californianus,1.056079579,1
D,2018,Mytilus californianus,1.108126676,1
D,2018,Mytilus californianus,1.033489352,1
D,2018,Mytilus californianus,0.970000002,1
D,2018,Mytilus californianus,1.242652295,1
D,2018,Mytilus californianus,1.285347301,1
D,2018,Mytilus californianus,1.305460298,1
D,2018,Mytilus californianus,1.323982798,1
D,2018,Mytilus californianus,1.340458973,1
D,2018,Mytilus californianus,1.354597531,1
D,2018,Mytilus californianus,1.367604069,1
D,2018,Mytilus californianus,1.379999999,1
D,2018,Mytilus californianus,1.373754662,1
D,2018,Mytilus californianus,1.368354338,1
D,2018,Mytilus californianus,1.363631971,1
D,2018,Mytilus californianus,1.360125905,1
D,2018,Mytilus californianus,1.35829699,1
D,2018,Mytilus californianus,1.359166401,1
D,2018,Mytilus californianus,1.235832357,1
D,2018,Mytilus californianus,1.128153695,1
D,2018,Mytilus californianus,1.015945259,1
D,2018,Mytilus californianus,1.239399604,1
D,2018,Mytilus californianus,1.150000001,1
D,2018,Mytilus californianus,1.215002457,1
D,2018,Mytilus californianus,1.289987755,1
D,2018,Mytilus californianus,1.316407328,1
D,2018,Mytilus californianus,1.292220594,1
D,2018,Mytilus californianus,1.272343669,1
D,2018,Mytilus californianus,1.257715012,1
D,2018,Mytilus californianus,1.25,1
D,2018,Mytilus californianus,1.1262829,1
D,2018,Mytilus californianus,1.01,1
D,2018,Mytilus californianus,0.898527236,1
D,2018,Mytilus californianus,1.3394799,1
D,2018,Mytilus californianus,1.368101329,1
D,2018,Mytilus californianus,1.393513959,1
D,2018,Mytilus californianus,1.41513371,1
D,2018,Mytilus californianus,1.431301393,1
D,2018,Mytilus californianus,1.449999999,1
D,2018,Mytilus californianus,1.426616546,1
D,2018,Mytilus californianus,1.400578386,1
D,2018,Mytilus californianus,1.372588109,1
D,2018,Mytilus californianus,1.342566385,1
D,2018,Mytilus californianus,1.309999999,1
D,2018,Mytilus californianus,1.252739504,1
D,2018,Mytilus californianus,1.191489955,1
D,2018,Mytilus californianus,1.05904436,1
D,2018,Mytilus californianus,0.990000001,1
D,2018,Mytilus californianus,0.790188713,1
D,2018,Mytilus californianus,0.94,1
D,2018,Mytilus californianus,0.913321153,1
D,2018,Mytilus californianus,0.878200323,1
D,2018,Mytilus californianus,0.833291913,1
D,2018,Mytilus californianus,1.778936259,1
D,2018,Mytilus californianus,1.76527824,1
D,2018,Mytilus californianus,1.379999997,1
D,2018,Mytilus californianus,1.375331966,1
D,2018,Mytilus californianus,1.478641081,1
D,2018,Mytilus californianus,1.472378757,1
D,2018,Mytilus californianus,1.434774438,1
D,2018,Mytilus californianus,1.393347053,1
D,2018,Mytilus californianus,1.347620345,1
D,2018,Mytilus californianus,1.297001359,1
D,2018,Mytilus californianus,1.25039794,1
D,2018,Mytilus californianus,1.207492549,1
D,2018,Mytilus californianus,1.16,1
D,2018,Mytilus californianus,1.122475546,1
D,2018,Mytilus californianus,1.081440486,1
D,2018,Mytilus californianus,1.039679085,1
D,2018,Mytilus californianus,0.998746179,1
D,2018,Mytilus californianus,0.958449906,1
D,2018,Mytilus californianus,0.903359814,1
D,2020,Mytilus californianus,1.138998655,1
D,2020,Mytilus californianus,1.478132998,1
D,2020,Mytilus californianus,1.422164875,1
D,2020,Mytilus californianus,1.411618612,1
D,2020,Mytilus californianus,1.403207473,1
D,2020,Mytilus californianus,1.394968751,1
D,2020,Mytilus californianus,1.385840924,1
D,2020,Mytilus californianus,1.372404917,1
D,2020,Mytilus californianus,1.354743043,1
D,2020,Mytilus californianus,1.333807097,1
D,2020,Mytilus californianus,1.312582888,1
D,2020,Mytilus californianus,1.290985917,1
D,2020,Mytilus californianus,1.311270529,1
D,2020,Mytilus californianus,1.3723193,1
D,2020,Mytilus californianus,1.43,1
D,2020,Mytilus californianus,1.445410696,1
D,2020,Mytilus californianus,1.459089287,1
D,2020,Mytilus californianus,1.492444493,1
D,2020,Mytilus californianus,1.449278218,1
D,2020,Mytilus californianus,1.398349881,1
D,2020,Mytilus californianus,1.372294557,1
D,2020,Mytilus californianus,1.20985048,1
D,2020,Mytilus californianus,0.910000001,1
D,2020,Mytilus californianus,0.926932989,1
D,2020,Mytilus californianus,0.938100662,1
D,2020,Mytilus californianus,0.952145031,1
D,2020,Mytilus californianus,0.992336542,1
D,2020,Mytilus californianus,1.019654203,1
D,2020,Mytilus californianus,1.035400476,1
D,2020,Mytilus californianus,1.043693178,1
D,2020,Mytilus californianus,1.047784091,1
D,2020,Mytilus californianus,1.049999999,1
D,2020,Mytilus californianus,1.078296087,1
D,2020,Mytilus californianus,1.106292236,1
D,2020,Mytilus californianus,1.131658604,1
D,2020,Mytilus californianus,1.152830548,1
D,2020,Mytilus californianus,1.169999999,1
D,2020,Mytilus californianus,1.149896891,1
D,2020,Mytilus californianus,1.143561625,1
D,2020,Mytilus californianus,1.159999998,1
D,2020,Mytilus californianus,1.043268153,1
D,2020,Mytilus californianus,0.924771027,1
D,2020,Mytilus californianus,0.806888077,1
D,2020,Mytilus californianus,1.23138187,1
D,2020,Mytilus californianus,1.445142332,1
D,2020,Mytilus californianus,1.323382071,1
D,2020,Mytilus californianus,1.267791956,1
D,2020,Mytilus californianus,1.204094576,1
D,2020,Mytilus californianus,1.185995993,1
D,2020,Mytilus californianus,1.215368325,1
D,2020,Mytilus californianus,1.242869087,1
D,2020,Mytilus californianus,1.269640329,1
D,2020,Mytilus californianus,1.296316397,1
D,2020,Mytilus californianus,1.285809155,1
D,2020,Mytilus californianus,1.238531585,1
D,2020,Mytilus californianus,1.193297327,1
D,2020,Mytilus californianus,1.150369791,1
D,2020,Mytilus californianus,1.109591231,1
D,2020,Mytilus californianus,1.138077946,1
D,2020,Mytilus californianus,1.235447954,1
D,2020,Mytilus californianus,1.202163554,1
D,2020,Mytilus californianus,1.126037609,1
D,2020,Mytilus californianus,1.049810961,1
D,2020,Postelsia palmaeformis,0.880000001,1
D,2020,Postelsia palmaeformis,0.779785045,1
D,2020,Postelsia palmaeformis,0.65401056,1
D,2020,Postelsia palmaeformis,0.500317041,1
D,2020,Postelsia palmaeformis,0.323608433,1
D,2020,Mytilus californianus,1.01583336,1
D,2020,Mytilus californianus,1.097563001,1
D,2020,Mytilus californianus,1.110564811,1
D,2020,Mytilus californianus,1.052218188,1
D,2020,Postelsia palmaeformis,0.94,1
D,2020,Mytilus californianus,0.957144649,1
D,2020,Mytilus californianus,1.09,1
D,2020,Mytilus californianus,1.075381256,1
D,2020,Mytilus californianus,1.075323328,1
D,2020,Mytilus californianus,1.086012545,1
D,2020,Mytilus californianus,1.100000004,1
D,2020,Mytilus californianus,1.015708595,1
D,2020,Mytilus californianus,0.931759409,1
D,2020,Mytilus californianus,1.173869087,1
D,2020,Mytilus californianus,1.229496447,1
D,2020,Mytilus californianus,1.3,1
D,2020,Mytilus californianus,1.192980865,1
D,2020,Mytilus californianus,1.102398596,1
D,2020,Mytilus californianus,1.042417387,1
D,2020,Mytilus californianus,1.010959848,1
D,2020,Mytilus californianus,0.589832929,1
D,2020,Postelsia palmaeformis,0.859999998,1
D,2020,Postelsia palmaeformis,0.806908561,1
D,2020,Postelsia palmaeformis,0.740863097,1
D,2020,Mytilus californianus,0.964427457,1
D,2020,Mytilus californianus,1.123909947,1
D,2020,Mytilus californianus,1.35486749,1
D,2020,Mytilus californianus,0.906632399,1
D,2020,Mytilus californianus,0.890679536,1
D,2020,Mytilus californianus,0.86915623,1
D,2020,Mytilus californianus,0.846861248,1
D,2020,Mytilus californianus,0.78765557,1
D,2020,Mytilus californianus,1.375827556,1
D,2020,Mytilus californianus,1.196064364,1
D,2020,Mytilus californianus,0.841268323,1
D,2020,Mytilus californianus,0.817172368,1
D,2020,Mytilus californianus,0.785640704,1
D,2020,Mytilus californianus,1.425952692,1
D,2020,Mytilus californianus,1.393665735,1
D,2020,Mytilus californianus,1.099831865,1
D,2020,Mytilus californianus,0.94,1
D,2020,Mytilus californianus,0.919974298,1
D,2020,Mytilus californianus,0.903143191,1
D,2020,Mytilus californianus,0.891435196,1
D,2020,Mytilus californianus,0.886723441,1
D,2020,Mytilus californianus,0.88877241,1
D,2020,Mytilus californianus,0.893641915,1
D,2020,Mytilus californianus,0.899445005,1
D,2020,Mytilus californianus,0.90136569,1
D,2020,Mytilus californianus,0.896515094,1
D,2020,Mytilus californianus,0.8833777,1
D,2020,Mytilus californianus,0.861058825,1
D,2020,Mytilus californianus,0.829157422,1
D,2020,Mytilus californianus,0.80885071100000006,1
D,2020,Mytilus californianus,0.789935158,1
D,2020,Mytilus californianus,0.775114249,1
D,2020,Mytilus californianus,0.75925038,1
D,2020,Mytilus californianus,0.74367933,1
D,2020,Mytilus californianus,0.702803951,1
D,2020,Mytilus californianus,0.655223893,1
D,2020,Mytilus californianus,0.6103733,1
D,2020,Mytilus californianus,0.569197955,1
D,2020,Mytilus californianus,0.531730565,1
D,2020,Mytilus californianus,0.49870097,1
D,2020,Mytilus californianus,0.471078865,1
D,2020,Mytilus californianus,0.447108098,1
D,2020,Postelsia palmaeformis,0.405577864,1
D,2020,Mytilus californianus,0.285919778,1
D,2020,Mytilus californianus,0.509773506,1
D,2020,Mytilus californianus,0.67256421,1
D,2020,Mytilus californianus,0.648505241,1
D,2020,Mytilus californianus,0.634930327,1
D,2020,Mytilus californianus,0.632315791,1
D,2020,Mytilus californianus,1.336399411,1
D,2020,Mytilus californianus,1.338096907,1
D,2020,Mytilus californianus,1.33655245,1
D,2020,Mytilus californianus,1.329232513,1
D,2020,Mytilus californianus,1.315467725,1
D,2020,Mytilus californianus,1.293814655,1
D,2020,Mytilus californianus,1.263236894,1
D,2020,Mytilus californianus,1.220000001,1
D,2020,Mytilus californianus,1.231667332,1
D,2020,Mytilus californianus,1.229493831,1
D,2020,Mytilus californianus,1.214734916,1
D,2020,Mytilus californianus,1.159447086,1
D,2020,Mytilus californianus,1.127632712,1
D,2020,Mytilus californianus,1.095483815,1
D,2020,Mytilus californianus,1.065583034,1
D,2020,Mytilus californianus,1.039778402,1
D,2020,Mytilus californianus,1.020000001,1
D,2020,Mytilus californianus,1.084958125,1
D,2020,Mytilus californianus,1.161578957,1
D,2020,Mytilus californianus,1.207159219,1
D,2020,Mytilus californianus,1.233066784,1
D,2020,Mytilus californianus,1.203334639,1
D,2020,Mytilus californianus,1.170107216,1
D,2020,Mytilus californianus,1.132694739,1
D,2020,Mytilus californianus,1.090630065,1
D,2020,Mytilus californianus,1.044437645,1
D,2020,Mytilus californianus,0.995082551,1
D,2020,Mytilus californianus,0.938025202,1
D,2020,Mytilus californianus,0.876257995,1
D,2020,Mytilus californianus,1.033489352,1
D,2020,Mytilus californianus,1.48,1
D,2020,Mytilus californianus,1.285347301,1
D,2020,Mytilus californianus,1.323982798,1
D,2020,Mytilus californianus,1.340458973,1
D,2020,Mytilus californianus,1.354597531,1
D,2020,Mytilus californianus,1.367604069,1
D,2020,Mytilus californianus,1.379999999,1
D,2020,Mytilus californianus,1.373754662,1
D,2020,Mytilus californianus,1.363631971,1
D,2020,Mytilus californianus,1.360125905,1
D,2020,Mytilus californianus,1.35829699,1
D,2020,Mytilus californianus,1.359166401,1
D,2020,Mytilus californianus,1.304315433,1
D,2020,Mytilus californianus,1.128153695,1
D,2020,Mytilus californianus,1.015945259,1
D,2020,Mytilus californianus,1.167043697,1
D,2020,Mytilus californianus,1.239399604,1
D,2020,Mytilus californianus,1.150000001,1
D,2020,Mytilus californianus,1.215002457,1
D,2020,Mytilus californianus,1.289987755,1
D,2020,Mytilus californianus,1.316407328,1
D,2020,Mytilus californianus,1.292220594,1
D,2020,Mytilus californianus,1.272343669,1
D,2020,Mytilus californianus,1.257715012,1
D,2020,Mytilus californianus,1.080899935,1
D,2020,Mytilus californianus,1.27793454,1
D,2020,Mytilus californianus,1.309291062,1
D,2020,Mytilus californianus,1.3394799,1
D,2020,Mytilus californianus,1.368101329,1
D,2020,Mytilus californianus,1.393513959,1
D,2020,Mytilus californianus,1.41513371,1
D,2020,Mytilus californianus,1.431301393,1
D,2020,Mytilus californianus,1.442870078,1
D,2020,Mytilus californianus,1.449999999,1
D,2020,Mytilus californianus,1.426616546,1
D,2020,Mytilus californianus,1.400578386,1
D,2020,Mytilus californianus,1.372588109,1
D,2020,Mytilus californianus,1.252739504,1
D,2020,Mytilus californianus,1.771993948,1
D,2020,Mytilus californianus,1.309183245,1
D,2020,Mytilus californianus,1.313931765,1
D,2020,Mytilus californianus,1.328072512,1
D,2020,Mytilus californianus,1.375331966,1
D,2020,Mytilus californianus,1.402132003,1
D,2020,Mytilus californianus,1.478641081,1
D,2020,Mytilus californianus,1.472378757,1
D,2020,Mytilus californianus,1.434774438,1
D,2020,Mytilus californianus,1.393347053,1
D,2020,Mytilus californianus,1.347620345,1
D,2020,Mytilus californianus,1.297001359,1
D,2020,Mytilus californianus,1.207492549,1
D,2020,Mytilus californianus,1.16,1
D,2020,Mytilus californianus,1.122475546,1
D,2020,Mytilus californianus,1.039679085,1
D,2020,Mytilus californianus,0.998746179,1
D,2020,Mytilus californianus,0.958449906,1
J,2010,Mytilus californianus,0.71501,1
J,2010,Mytilus californianus,0.63129,1
J,2010,Mytilus californianus,0.4743,1
J,2010,Mytilus californianus,0.6303,1
J,2010,Mytilus californianus,0.64873,1
J,2010,Mytilus californianus,0.66717,1
J,2010,Mytilus californianus,0.68561,1
J,2010,Mytilus californianus,0.7225,1
J,2010,Mytilus californianus,0.74095,1
J,2010,Mytilus californianus,0.75941,1
J,2010,Mytilus californianus,0.77787,1
J,2010,Mytilus californianus,0.79634,1
J,2010,Postelsia palmaeformis,0.79634,1
J,2010,Mytilus californianus,0.81482,1
J,2010,Mytilus californianus,0.85181,1
J,2010,Mytilus californianus,0.87031,1
J,2010,Mytilus californianus,0.88883,1
J,2010,Mytilus californianus,0.85641,1
J,2010,Mytilus californianus,0.79854,1
J,2010,Mytilus californianus,0.74068,1
J,2010,Postelsia palmaeformis,0.625,1
J,2010,Postelsia palmaeformis,0.72748,1
J,2010,Mytilus californianus,0.82997,1
J,2010,Mytilus californianus,0.93248,1
J,2010,Mytilus californianus,1.035,1
J,2010,Mytilus californianus,1.03124,1
J,2010,Mytilus californianus,1.02749,1
J,2010,Mytilus californianus,1.02376,1
J,2010,Mytilus californianus,1.02005,1
J,2010,Mytilus californianus,1.01636,1
J,2010,Mytilus californianus,1.01269,1
J,2010,Mytilus californianus,1.00904,1
J,2010,Postelsia palmaeformis,1.00904,1
J,2010,Mytilus californianus,1.00542,1
J,2010,Postelsia palmaeformis,1.00542,1
J,2010,Postelsia palmaeformis,1.00181,1
J,2010,Postelsia palmaeformis,0.99822,1
J,2010,Postelsia palmaeformis,0.99466,1
J,2010,Postelsia palmaeformis,0.99113,1
J,2010,Postelsia palmaeformis,0.98761,1
J,2010,Mytilus californianus,0.98761,1
J,2010,Mytilus californianus,0.98412,1
J,2010,Mytilus californianus,0.97722,1
J,2010,Mytilus californianus,0.97381,1
J,2010,Mytilus californianus,0.97042,1
J,2010,Mytilus californianus,0.96707,1
J,2010,Mytilus californianus,0.96374,1
J,2010,Mytilus californianus,0.96044,1
J,2010,Mytilus californianus,0.52225,1
J,2010,Mytilus californianus,0.56058,1
J,2010,Mytilus californianus,0.657,1
J,2010,Mytilus californianus,0.71528,1
J,2010,Mytilus californianus,0.73478,1
J,2010,Mytilus californianus,0.75432,1
J,2010,Mytilus californianus,0.7739,1
J,2010,Mytilus californianus,0.79352,1
J,2010,Mytilus californianus,0.81317,1
J,2010,Mytilus californianus,0.83287,1
J,2010,Mytilus californianus,0.8526,1
J,2010,Mytilus californianus,0.87237,1
J,2010,Mytilus californianus,0.89219,1
J,2010,Mytilus californianus,0.91204,1
J,2010,Mytilus californianus,0.95188,1
J,2010,Mytilus californianus,0.97186,1
J,2010,Mytilus californianus,1.0724,1
J,2010,Mytilus californianus,1.09264,1
J,2010,Mytilus californianus,1.11292,1
J,2010,Mytilus californianus,1.13325,1
J,2010,Mytilus californianus,1.15362,1
J,2010,Mytilus californianus,1.17404,1
J,2010,Mytilus californianus,1.215,1
J,2010,Mytilus californianus,1.1892,1
J,2010,Mytilus californianus,1.13774,1
J,2010,Mytilus californianus,1.11208,1
J,2010,Postelsia palmaeformis,0.66496,1
J,2010,Postelsia palmaeformis,0.34248,1
J,2010,Postelsia palmaeformis,0.23345,1
J,2010,Postelsia palmaeformis,0.23117,1
J,2010,Postelsia palmaeformis,0.22893,1
J,2010,Postelsia palmaeformis,0.22674,1
J,2010,Postelsia palmaeformis,0.2246,1
J,2010,Postelsia palmaeformis,0.2225,1
J,2010,Postelsia palmaeformis,0.22046,1
J,2010,Mytilus californianus,0.2165,1
J,2010,Mytilus californianus,0.21459,1
J,2010,Mytilus californianus,0.21273,1
J,2010,Mytilus californianus,0.20916,1
J,2010,Mytilus californianus,0.20744,1
J,2010,Mytilus californianus,0.20577,1
J,2010,Mytilus californianus,0.20258,1
J,2010,Mytilus californianus,0.20105,1
J,2010,Mytilus californianus,0.19543,1
J,2010,Mytilus californianus,0.1459,1
J,2010,Mytilus californianus,0.0723,1
J,2010,Mytilus californianus,-0.0748,1
J,2010,Mytilus californianus,-0.1482,1
J,2010,Mytilus californianus,-0.2216,1
J,2010,Mytilus californianus,-0.295,1
J,2010,Mytilus californianus,1.62789,1
J,2010,Mytilus californianus,0.9284,1
J,2010,Mytilus californianus,0.83586,1
J,2010,Mytilus californianus,0.81701,1
J,2010,Mytilus californianus,0.8707,1
J,2010,Mytilus californianus,0.88848,1
J,2010,Mytilus californianus,0.9062,1
J,2010,Mytilus californianus,0.94146,1
J,2010,Mytilus californianus,0.959,1
J,2010,Mytilus californianus,0.97649,1
J,2010,Mytilus californianus,0.99392,1
J,2010,Mytilus californianus,1.0113,1
J,2010,Mytilus californianus,1.08029,1
J,2010,Mytilus californianus,1.09741,1
J,2010,Mytilus californianus,1.11449,1
J,2010,Mytilus californianus,1.13151,1
J,2010,Mytilus californianus,1.14849,1
J,2010,Mytilus californianus,1.16542,1
J,2010,Mytilus californianus,1.18231,1
J,2010,Mytilus californianus,1.19916,1
J,2010,Mytilus californianus,1.21596,1
J,2010,Mytilus californianus,1.23272,1
J,2010,Mytilus californianus,1.24944,1
J,2010,Mytilus californianus,1.21551,1
J,2010,Mytilus californianus,1.15625,1
J,2010,Mytilus californianus,1.09694,1
J,2010,Mytilus californianus,1.0376,1
J,2010,Mytilus californianus,0.97822,1
J,2010,Mytilus californianus,0.91881,1
J,2010,Mytilus californianus,0.74037,1
J,2010,Postelsia palmaeformis,0.74037,1
J,2010,Postelsia palmaeformis,0.68083,1
J,2010,Postelsia palmaeformis,0.62125,1
J,2010,Postelsia palmaeformis,0.56165,1
J,2010,Postelsia palmaeformis,0.50202,1
J,2010,Postelsia palmaeformis,0.44236,1
J,2010,Postelsia palmaeformis,0.38268,1
J,2010,Mytilus californianus,0.32297,1
J,2010,Postelsia palmaeformis,0.32297,1
J,2010,Mytilus californianus,0.26323,1
J,2010,Mytilus californianus,0.20348,1
J,2010,Mytilus californianus,0.1437,1
J,2010,Mytilus californianus,0.0839,1
J,2010,Mytilus californianus,-0.0956,1
J,2010,Mytilus californianus,-0.2154,1
J,2010,Mytilus californianus,-0.2753,1
J,2010,Mytilus californianus,-0.455,1
J,2010,Mytilus californianus,0.66389,1
J,2010,Mytilus californianus,0.93068,1
J,2010,Mytilus californianus,0.95177,1
J,2010,Mytilus californianus,0.97293,1
J,2010,Mytilus californianus,0.99417,1
J,2010,Mytilus californianus,1.01549,1
J,2010,Mytilus californianus,1.03689,1
J,2010,Mytilus californianus,1.05836,1
J,2010,Mytilus californianus,1.07991,1
J,2010,Mytilus californianus,1.10153,1
J,2010,Mytilus californianus,1.11448,1
J,2010,Mytilus californianus,1.09933,1
J,2010,Mytilus californianus,1.08425,1
J,2010,Mytilus californianus,1.06924,1
J,2010,Mytilus californianus,1.03943,1
J,2010,Mytilus californianus,1.02463,1
J,2010,Mytilus californianus,1.0099,1
J,2010,Mytilus californianus,1.0349,1
J,2010,Mytilus californianus,1.0798,1
J,2010,Mytilus californianus,1.2149,1
J,2010,Mytilus californianus,1.24026,1
J,2010,Mytilus californianus,1.17007,1
J,2010,Mytilus californianus,1.15621,1
J,2010,Mytilus californianus,1.14242,1
J,2010,Mytilus californianus,1.12868,1
J,2010,Mytilus californianus,1.115,1
J,2010,Mytilus californianus,0.32594,1
J,2010,Mytilus californianus,0.18316,1
J,2010,Mytilus californianus,-0.3762,1
J,2010,Mytilus californianus,0.3464,1
J,2010,Mytilus californianus,0.38258,1
J,2010,Mytilus californianus,0.47369,1
J,2010,Mytilus californianus,0.58424,1
J,2010,Mytilus californianus,0.65864,1
J,2010,Mytilus californianus,0.73358,1
J,2010,Mytilus californianus,0.77124,1
J,2010,Mytilus californianus,0.79012,1
J,2010,Mytilus californianus,0.80904,1
J,2010,Mytilus californianus,0.82798,1
J,2010,Mytilus californianus,0.84696,1
J,2010,Mytilus californianus,0.86596,1
J,2010,Mytilus californianus,0.885,1
J,2010,Mytilus californianus,0.85791,1
J,2010,Mytilus californianus,0.83086,1
J,2010,Mytilus californianus,0.80384,1
J,2010,Mytilus californianus,0.74988,1
J,2010,Mytilus californianus,1.0674,1
J,2010,Mytilus californianus,1.17619,1
J,2010,Mytilus californianus,1.285,1
J,2010,Postelsia palmaeformis,1.12361,1
J,2010,Postelsia palmaeformis,1.06988,1
J,2010,Mytilus californianus,1.06988,1
J,2010,Postelsia palmaeformis,1.01617,1
J,2010,Mytilus californianus,0.71763,1
J,2010,Mytilus californianus,0.63487,1
J,2010,Mytilus californianus,0.76572,1
J,2010,Mytilus californianus,0.80272,1
J,2010,Mytilus californianus,0.83976,1
J,2010,Mytilus californianus,0.87685,1
J,2010,Mytilus californianus,1.02562,1
J,2010,Mytilus californianus,1.06291,1
J,2010,Mytilus californianus,1.10024,1
J,2010,Mytilus californianus,1.175,1
J,2010,Mytilus californianus,1.17786,1
J,2010,Mytilus californianus,1.18076,1
J,2010,Mytilus californianus,1.18369,1
J,2010,Mytilus californianus,1.18963,1
J,2010,Mytilus californianus,1.19265,1
J,2010,Postelsia palmaeformis,1.1957,1
J,2010,Mytilus californianus,1.10579,1
J,2010,Postelsia palmaeformis,0.90792,1
J,2020,Mytilus californianus,0.98758,1
J,2020,Mytilus californianus,0.86393,1
J,2020,Mytilus californianus,0.49281,1
J,2020,Mytilus californianus,0.53899,1
J,2020,Mytilus californianus,0.58515,1
J,2020,Mytilus californianus,0.63129,1
J,2020,Mytilus californianus,0.82156,1
J,2020,Mytilus californianus,0.42301,1
J,2020,Mytilus californianus,0.55834,1
J,2020,Mytilus californianus,0.47836,1
J,2020,Mytilus californianus,0.39837,1
J,2020,Mytilus californianus,0.31837,1
J,2020,Mytilus californianus,0.23836,1
J,2020,Mytilus californianus,0.17216,1
J,2020,Mytilus californianus,0.22253,1
J,2020,Mytilus californianus,0.27289,1
J,2020,Mytilus californianus,0.32325,1
J,2020,Mytilus californianus,0.3736,1
J,2020,Mytilus californianus,0.42395,1
J,2020,Mytilus californianus,0.4743,1
J,2020,Mytilus californianus,0.52465,1
J,2020,Mytilus californianus,0.575,1
J,2020,Mytilus californianus,0.61186,1
J,2020,Mytilus californianus,0.6303,1
J,2020,Mytilus californianus,0.64873,1
J,2020,Mytilus californianus,0.66717,1
J,2020,Mytilus californianus,0.68561,1
J,2020,Mytilus californianus,0.70405,1
J,2020,Mytilus californianus,0.7225,1
J,2020,Mytilus californianus,0.74095,1
J,2020,Mytilus californianus,0.75941,1
J,2020,Mytilus californianus,0.77787,1
J,2020,Mytilus californianus,0.79634,1
J,2020,Mytilus californianus,0.81482,1
J,2020,Mytilus californianus,0.83331,1
J,2020,Mytilus californianus,0.85181,1
J,2020,Mytilus californianus,0.87031,1
J,2020,Mytilus californianus,0.88883,1
J,2020,Mytilus californianus,0.85641,1
J,2020,Postelsia palmaeformis,0.79854,1
J,2020,Mytilus californianus,0.74068,1
J,2020,Mytilus californianus,0.68283,1
J,2020,Postelsia palmaeformis,0.68283,1
J,2020,Mytilus californianus,0.625,1
J,2020,Postelsia palmaeformis,0.625,1
J,2020,Postelsia palmaeformis,0.72748,1
J,2020,Mytilus californianus,0.82997,1
J,2020,Mytilus californianus,0.93248,1
J,2020,Postelsia palmaeformis,0.93248,1
J,2020,Postelsia palmaeformis,1.035,1
J,2020,Postelsia palmaeformis,1.03124,1
J,2020,Mytilus californianus,1.03124,1
J,2020,Postelsia palmaeformis,1.02749,1
J,2020,Mytilus californianus,1.02749,1
J,2020,Mytilus californianus,1.02005,1
J,2020,Mytilus californianus,1.01636,1
J,2020,Postelsia palmaeformis,1.01269,1
J,2020,Mytilus californianus,1.01269,1
J,2020,Mytilus californianus,1.00904,1
J,2020,Mytilus californianus,1.00542,1
J,2020,Mytilus californianus,1.00181,1
J,2020,Postelsia palmaeformis,0.99822,1
J,2020,Postelsia palmaeformis,0.99466,1
J,2020,Mytilus californianus,0.99466,1
J,2020,Postelsia palmaeformis,0.99113,1
J,2020,Postelsia palmaeformis,0.98761,1
J,2020,Postelsia palmaeformis,0.98412,1
J,2020,Mytilus californianus,0.98066,1
J,2020,Postelsia palmaeformis,0.98066,1
J,2020,Postelsia palmaeformis,0.97722,1
J,2020,Mytilus californianus,0.97381,1
J,2020,Mytilus californianus,0.97042,1
J,2020,Mytilus californianus,0.96707,1
J,2020,Mytilus californianus,0.96374,1
J,2020,Mytilus californianus,0.96044,1
J,2020,Mytilus californianus,0.95716,1
J,2020,Mytilus californianus,0.9256,1
J,2020,Mytilus californianus,0.74927,1
J,2020,Mytilus californianus,0.66115,1
J,2020,Mytilus californianus,0.57306,1
J,2020,Mytilus californianus,0.485,1
J,2020,Mytilus californianus,0.72809,1
J,2020,Mytilus californianus,0.465,1
J,2020,Mytilus californianus,0.48405,1
J,2020,Mytilus californianus,0.56058,1
J,2020,Mytilus californianus,0.5798,1
J,2020,Mytilus californianus,0.59905,1
J,2020,Mytilus californianus,0.61833,1
J,2020,Mytilus californianus,0.63765,1
J,2020,Mytilus californianus,0.657,1
J,2020,Mytilus californianus,0.67639,1
J,2020,Mytilus californianus,0.69582,1
J,2020,Mytilus californianus,0.71528,1
J,2020,Mytilus californianus,0.73478,1
J,2020,Mytilus californianus,0.75432,1
J,2020,Mytilus californianus,0.7739,1
J,2020,Mytilus californianus,0.79352,1
J,2020,Mytilus californianus,0.81317,1
J,2020,Mytilus californianus,0.87237,1
J,2020,Mytilus californianus,0.89219,1
J,2020,Mytilus californianus,0.91204,1
J,2020,Mytilus californianus,0.93194,1
J,2020,Mytilus californianus,0.95188,1
J,2020,Mytilus californianus,0.99188,1
J,2020,Mytilus californianus,1.01195,1
J,2020,Mytilus californianus,1.05221,1
J,2020,Mytilus californianus,1.0724,1
J,2020,Mytilus californianus,1.09264,1
J,2020,Mytilus californianus,1.11292,1
J,2020,Mytilus californianus,1.13325,1
J,2020,Mytilus californianus,1.15362,1
J,2020,Mytilus californianus,1.17404,1
J,2020,Mytilus californianus,1.1945,1
J,2020,Mytilus californianus,1.215,1
J,2020,Mytilus californianus,1.1892,1
J,2020,Mytilus californianus,1.16345,1
J,2020,Mytilus californianus,1.11208,1
J,2020,Postelsia palmaeformis,0.66496,1
J,2020,Mytilus californianus,0.34248,1
J,2020,Mytilus californianus,0.23345,1
J,2020,Mytilus californianus,0.23117,1
J,2020,Mytilus californianus,0.22893,1
J,2020,Mytilus californianus,0.22674,1
J,2020,Mytilus californianus,0.2246,1
J,2020,Mytilus californianus,0.2225,1
J,2020,Mytilus californianus,0.22046,1
J,2020,Mytilus californianus,0.21845,1
J,2020,Mytilus californianus,0.2165,1
J,2020,Mytilus californianus,0.21459,1
J,2020,Mytilus californianus,0.21273,1
J,2020,Mytilus californianus,0.21092,1
J,2020,Mytilus californianus,0.20916,1
J,2020,Mytilus californianus,0.20744,1
J,2020,Mytilus californianus,0.20577,1
J,2020,Mytilus californianus,0.20415,1
J,2020,Mytilus californianus,0.20258,1
J,2020,Mytilus californianus,0.20105,1
J,2020,Mytilus californianus,0.19958,1
J,2020,Mytilus californianus,0.19815,1
J,2020,Mytilus californianus,0.19677,1
J,2020,Mytilus californianus,0.19543,1
J,2020,Mytilus californianus,0.1459,1
J,2020,Mytilus californianus,-0.0748,1
J,2020,Mytilus californianus,1.48226,1
J,2020,Mytilus californianus,1.39012,1
J,2020,Mytilus californianus,1.29791,1
J,2020,Mytilus californianus,1.02088,1
J,2020,Mytilus californianus,0.9284,1
J,2020,Mytilus californianus,0.83586,1
J,2020,Mytilus californianus,0.81701,1
J,2020,Mytilus californianus,0.83497,1
J,2020,Mytilus californianus,0.85287,1
J,2020,Mytilus californianus,0.8707,1
J,2020,Mytilus californianus,0.88848,1
J,2020,Mytilus californianus,0.9062,1
J,2020,Mytilus californianus,0.92386,1
J,2020,Mytilus californianus,0.94146,1
J,2020,Mytilus californianus,0.959,1
J,2020,Mytilus californianus,0.97649,1
J,2020,Mytilus californianus,0.99392,1
J,2020,Mytilus californianus,1.0113,1
J,2020,Mytilus californianus,1.02862,1
J,2020,Mytilus californianus,1.0459,1
J,2020,Mytilus californianus,1.06312,1
J,2020,Mytilus californianus,1.08029,1
J,2020,Mytilus californianus,1.09741,1
J,2020,Mytilus californianus,1.11449,1
J,2020,Mytilus californianus,1.13151,1
J,2020,Mytilus californianus,1.16542,1
J,2020,Mytilus californianus,1.23272,1
J,2020,Mytilus californianus,1.21551,1
J,2020,Mytilus californianus,1.15625,1
J,2020,Mytilus californianus,0.97822,1
J,2020,Mytilus californianus,0.91881,1
J,2020,Mytilus californianus,0.85936,1
J,2020,Mytilus californianus,0.79988,1
J,2020,Mytilus californianus,0.74037,1
J,2020,Postelsia palmaeformis,0.62125,1
J,2020,Mytilus californianus,0.56165,1
J,2020,Postelsia palmaeformis,0.50202,1
J,2020,Mytilus californianus,0.44236,1
J,2020,Mytilus californianus,0.38268,1
J,2020,Mytilus californianus,0.32297,1
J,2020,Mytilus californianus,0.26323,1
J,2020,Mytilus californianus,0.20348,1
J,2020,Mytilus californianus,0.1437,1
J,2020,Mytilus californianus,0.0839,1
J,2020,Mytilus californianus,0.0241,1
J,2020,Mytilus californianus,-0.0358,1
J,2020,Mytilus californianus,-0.1555,1
J,2020,Mytilus californianus,-0.2154,1
J,2020,Mytilus californianus,-0.2753,1
J,2020,Mytilus californianus,-0.3352,1
J,2020,Mytilus californianus,-0.455,1
J,2020,Mytilus californianus,-0.4971,1
J,2020,Mytilus californianus,0.66389,1
J,2020,Mytilus californianus,0.68392,1
J,2020,Mytilus californianus,0.74451,1
J,2020,Mytilus californianus,0.80584,1
J,2020,Mytilus californianus,0.90967,1
J,2020,Mytilus californianus,0.93068,1
J,2020,Mytilus californianus,0.95177,1
J,2020,Mytilus californianus,0.99417,1
J,2020,Mytilus californianus,1.01549,1
J,2020,Mytilus californianus,1.03689,1
J,2020,Mytilus californianus,1.05836,1
J,2020,Mytilus californianus,1.12323,1
J,2020,Mytilus californianus,1.145,1
J,2020,Mytilus californianus,1.1297,1
J,2020,Mytilus californianus,1.06924,1
J,2020,Mytilus californianus,1.03943,1
J,2020,Mytilus californianus,1.02463,1
J,2020,Mytilus californianus,1.0099,1
J,2020,Mytilus californianus,1.0349,1
J,2020,Mytilus californianus,1.0798,1
J,2020,Mytilus californianus,1.12477,1
J,2020,Mytilus californianus,1.1698,1
J,2020,Mytilus californianus,1.2149,1
J,2020,Mytilus californianus,1.19796,1
J,2020,Mytilus californianus,1.17007,1
J,2020,Mytilus californianus,1.15621,1
J,2020,Mytilus californianus,1.14242,1
J,2020,Postelsia palmaeformis,1.14242,1
J,2020,Postelsia palmaeformis,1.12868,1
J,2020,Postelsia palmaeformis,1.115,1
J,2020,Mytilus californianus,1.115,1
J,2020,Postelsia palmaeformis,1.04299,1
J,2020,Postelsia palmaeformis,0.97104,1
J,2020,Mytilus californianus,0.68379,1
J,2020,Mytilus californianus,0.61211,1
J,2020,Mytilus californianus,0.54049,1
J,2020,Mytilus californianus,0.46892,1
J,2020,Mytilus californianus,0.3974,1
J,2020,Mytilus californianus,0.32594,1
J,2020,Mytilus californianus,0.25452,1
J,2020,Mytilus californianus,0.18316,1
J,2020,Mytilus californianus,0.11185,1
J,2020,Mytilus californianus,0.0406,1
J,2020,Mytilus californianus,-0.1018,1
J,2020,Mytilus californianus,-0.1729,1
J,2020,Mytilus californianus,-0.315,1
J,2020,Mytilus californianus,1.64673,1
J,2020,Mytilus californianus,0.16781,1
J,2020,Mytilus californianus,0.22098,1
J,2020,Mytilus californianus,0.23878,1
J,2020,Mytilus californianus,0.25662,1
J,2020,Mytilus californianus,0.2745,1
J,2020,Mytilus californianus,0.29241,1
J,2020,Mytilus californianus,0.31037,1
J,2020,Mytilus californianus,0.32836,1
J,2020,Mytilus californianus,0.43714,1
J,2020,Mytilus californianus,0.4554,1
J,2020,Mytilus californianus,0.49203,1
J,2020,Mytilus californianus,0.5104,1
J,2020,Mytilus californianus,0.5288,1
J,2020,Mytilus californianus,0.54725,1
J,2020,Mytilus californianus,0.56573,1
J,2020,Mytilus californianus,0.58424,1
J,2020,Mytilus californianus,0.60279,1
J,2020,Mytilus californianus,0.62137,1
J,2020,Mytilus californianus,0.63999,1
J,2020,Mytilus californianus,0.65864,1
J,2020,Mytilus californianus,0.67732,1
J,2020,Mytilus californianus,0.69604,1
J,2020,Mytilus californianus,0.71479,1
J,2020,Mytilus californianus,0.73358,1
J,2020,Mytilus californianus,0.75239,1
J,2020,Mytilus californianus,0.77124,1
J,2020,Mytilus californianus,0.79012,1
J,2020,Mytilus californianus,0.82798,1
J,2020,Mytilus californianus,0.84696,1
J,2020,Mytilus californianus,0.885,1
J,2020,Mytilus californianus,0.85791,1
J,2020,Mytilus californianus,0.83086,1
J,2020,Mytilus californianus,0.74988,1
J,2020,Mytilus californianus,0.72294,1
J,2020,Mytilus californianus,0.74123000000000006,1
J,2020,Mytilus californianus,0.84992,1
J,2020,Mytilus californianus,0.95865,1
J,2020,Postelsia palmaeformis,1.17619,1
J,2020,Postelsia palmaeformis,1.285,1
J,2020,Postelsia palmaeformis,1.23118,1
J,2020,Postelsia palmaeformis,1.17738,1
J,2020,Postelsia palmaeformis,1.12361,1
J,2020,Mytilus californianus,1.06988,1
J,2020,Postelsia palmaeformis,1.06988,1
J,2020,Postelsia palmaeformis,1.01617,1
J,2020,Postelsia palmaeformis,0.96248,1
J,2020,Mytilus californianus,0.6148,1
J,2020,Mytilus californianus,0.63487,1
J,2020,Mytilus californianus,0.72877,1
J,2020,Mytilus californianus,0.76572,1
J,2020,Mytilus californianus,0.80272,1
J,2020,Mytilus californianus,0.83976,1
J,2020,Mytilus californianus,0.87685,1
J,2020,Mytilus californianus,0.91398,1
J,2020,Mytilus californianus,0.95115,1
J,2020,Mytilus californianus,1.02562,1
J,2020,Mytilus californianus,1.06291,1
J,2020,Mytilus californianus,1.1376,1
J,2020,Mytilus californianus,1.175,1
J,2020,Mytilus californianus,1.17786,1
J,2020,Mytilus californianus,1.18076,1
J,2020,Mytilus californianus,1.18369,1
J,2020,Mytilus californianus,1.18664,1
J,2020,Mytilus californianus,1.18963,1
J,2020,Mytilus californianus,1.19265,1
J,2020,Postelsia palmaeformis,1.19265,1
J,2020,Mytilus californianus,1.1957,1
J,2020,Postelsia palmaeformis,1.1957,1
J,2020,Postelsia palmaeformis,1.19877,1
J,2020,Mytilus californianus,1.19877,1
J,2020,Postelsia palmaeformis,1.20187,1
J,2020,Postelsia palmaeformis,1.205,1
J,2020,Postelsia palmaeformis,1.17191,1
J,2020,Postelsia palmaeformis,1.13883,1
J,2020,Postelsia palmaeformis,1.07276,1
J,2020,Mytilus californianus,1.00677,1
J,2020,Postelsia palmaeformis,0.9738,1
J,2020,Postelsia palmaeformis,0.94085,1
J,2020,Postelsia palmaeformis,0.90792,1
J,2020,Postelsia palmaeformis,0.875,1
J,2020,Mytilus californianus,0.875,1
M,2008,Mytilus californianus,0.90827792,1
M,2008,Mytilus californianus,0.94212176,1
M,2008,Mytilus californianus,0.97576765,1
M,2008,Mytilus californianus,1.00971405,1
M,2008,Mytilus californianus,0.96716802,1
M,2008,Mytilus californianus,0.71511902,1
M,2008,Mytilus californianus,0.73913285,1
M,2008,Postelsia palmaeformis,0.5950061,1
M,2008,Mytilus californianus,0.57,1
M,2008,Mytilus californianus,0.78504599,1
M,2008,Postelsia palmaeformis,0.09129836,1
M,2008,Mytilus californianus,-0.1388407,1
M,2008,Mytilus californianus,0.76199802,1
M,2008,Mytilus californianus,0.87500718,1
M,2008,Mytilus californianus,0.26219775,1
M,2008,Mytilus californianus,0.91817909,1
M,2008,Postelsia palmaeformis,0.58,1
M,2008,Postelsia palmaeformis,0.4,1
M,2008,Mytilus californianus,0.68371691,1
M,2008,Mytilus californianus,0.48010639,1
M,2008,Mytilus californianus,0.43015668,1
M,2008,Mytilus californianus,0.44402503,1
M,2008,Mytilus californianus,0.66199998,1
M,2008,Mytilus californianus,1.24404537,1
M,2008,Postelsia palmaeformis,0.92175386,1
M,2008,Postelsia palmaeformis,0.97,1
M,2008,Mytilus californianus,0.37030568,1
M,2008,Mytilus californianus,0.69984975,1
M,2008,Mytilus californianus,0.77148913,1
M,2008,Mytilus californianus,0.53,1
M,2008,Mytilus californianus,0.62508767,1
M,2008,Mytilus californianus,0.83898834,1
M,2008,Mytilus californianus,0.94995565,1
M,2008,Mytilus californianus,1.06120386,1
M,2008,Mytilus californianus,1.13856744,1
M,2008,Mytilus californianus,1.08193385,1
M,2008,Mytilus californianus,1.02658141,1
M,2008,Mytilus californianus,0.96879425,1
M,2008,Mytilus californianus,0.91177581,1
M,2008,Mytilus californianus,0.85598663,1
M,2008,Mytilus californianus,0.7947972,1
M,2008,Mytilus californianus,0.42291585,1
M,2008,Postelsia palmaeformis,0.43562668,1
M,2008,Mytilus californianus,0.83646653,1
M,2008,Mytilus californianus,0.95221771,1
M,2008,Mytilus californianus,1.14273009,1
M,2008,Mytilus californianus,1.05629322,1
M,2008,Mytilus californianus,0.6538084,1
M,2008,Mytilus californianus,0.62393056,1
M,2008,Mytilus californianus,0.5787867,1
M,2008,Mytilus californianus,0.53363548,1
M,2008,Mytilus californianus,0.73,1
M,2008,Mytilus californianus,1.04,1
M,2008,Mytilus californianus,1.05,1
M,2008,Postelsia palmaeformis,0.7634944,1
M,2008,Postelsia palmaeformis,0.80226125,1
M,2008,Mytilus californianus,0.39005112,1
M,2008,Postelsia palmaeformis,0.69006504,1
M,2008,Mytilus californianus,0.32668819,1
M,2017,Mytilus californianus,0.90827792,1
M,2017,Mytilus californianus,0.97576765,1
M,2017,Mytilus californianus,1.00971405,1
M,2017,Mytilus californianus,0.81,1
M,2017,Mytilus californianus,0.589957,1
M,2017,Mytilus californianus,0.61198998,1
M,2017,Mytilus californianus,0.5950061,1
M,2017,Mytilus californianus,0.6,1
M,2017,Mytilus californianus,0.1850474,1
M,2017,Mytilus californianus,0.57,1
M,2017,Mytilus californianus,0.78504599,1
M,2017,Mytilus californianus,0.7200548,1
M,2017,Mytilus californianus,0.61000625,1
M,2017,Mytilus californianus,0.59201711,1
M,2017,Mytilus californianus,0.36,1
M,2017,Mytilus californianus,0.87021751,1
M,2017,Mytilus californianus,1.00344867,1
M,2017,Mytilus californianus,0.6424681,1
M,2017,Mytilus californianus,0.50453151,1
M,2017,Mytilus californianus,0.3673903,1
M,2017,Mytilus californianus,0.23,1
M,2017,Mytilus californianus,0.33006226,1
M,2017,Mytilus californianus,0.36588034,1
M,2017,Mytilus californianus,0.45,1
M,2017,Mytilus californianus,-0.2599807,1
M,2017,Mytilus californianus,0.56,1
M,2017,Mytilus californianus,0.46011816,1
M,2017,Mytilus californianus,0.16021968,1
M,2017,Mytilus californianus,-0.4394901,1
M,2017,Mytilus californianus,0.78002854,1
M,2017,Mytilus californianus,0.56335701,1
M,2017,Mytilus californianus,0.91622018,1
M,2017,Mytilus californianus,0.26219775,1
M,2017,Mytilus californianus,0.73214953,1
M,2017,Mytilus californianus,0.91817909,1
M,2017,Mytilus californianus,0.32099983,1
M,2017,Mytilus californianus,0.61003186,1
M,2017,Mytilus californianus,0.5353995,1
M,2017,Mytilus californianus,0.26702134,1
M,2017,Mytilus californianus,-0.0022391,1
M,2017,Mytilus californianus,-0.1545871,1
M,2017,Mytilus californianus,-0.229712,1
M,2017,Mytilus californianus,-0.3047972,1
M,2017,Mytilus californianus,-0.0160488,1
M,2017,Mytilus californianus,0.36217014,1
M,2017,Mytilus californianus,0.58,1
M,2017,Mytilus californianus,0.52088324,1
M,2017,Mytilus californianus,0.46089181,1
M,2017,Mytilus californianus,0.4,1
M,2017,Mytilus californianus,0.55777222,1
M,2017,Mytilus californianus,0.71481392,1
M,2017,Mytilus californianus,0.10005353,1
M,2017,Mytilus californianus,-2.3,1
M,2017,Mytilus californianus,0.86545231,1
M,2017,Mytilus californianus,0.90740128,1
M,2017,Mytilus californianus,0.84497719,1
M,2017,Mytilus californianus,0.78225684,1
M,2017,Mytilus californianus,0.6773283,1
M,2017,Mytilus californianus,0.96124975,1
M,2017,Mytilus californianus,0.78920564,1
M,2017,Mytilus californianus,0.68,1
M,2017,Mytilus californianus,1.15742987,1
M,2017,Mytilus californianus,1.23,1
M,2017,Mytilus californianus,1.11206587,1
M,2017,Mytilus californianus,0.99368393,1
M,2017,Mytilus californianus,-0.3414723,1
M,2017,Mytilus californianus,0.64856888,1
M,2017,Mytilus californianus,0.71932208,1
M,2017,Mytilus californianus,1.04296708,1
M,2017,Mytilus californianus,1.17285358,1
M,2017,Mytilus californianus,1.24404537,1
M,2017,Mytilus californianus,0.13842569,1
M,2017,Mytilus californianus,0.43,1
M,2017,Mytilus californianus,0.92175386,1
M,2017,Mytilus californianus,0.97,1
M,2017,Mytilus californianus,0.37030568,1
M,2017,Mytilus californianus,-0.69,1
M,2017,Mytilus californianus,-0.27,1
M,2017,Mytilus californianus,0.77492294,1
M,2017,Mytilus californianus,0.80758319,1
M,2017,Mytilus californianus,0.51,1
M,2017,Mytilus californianus,0.69727414,1
M,2017,Mytilus californianus,0.58351807,1
M,2017,Mytilus californianus,0.56595643,1
M,2017,Mytilus californianus,0.66358337,1
M,2017,Mytilus californianus,0.76143974,1
M,2017,Mytilus californianus,0.86,1
M,2017,Mytilus californianus,0.47887471,1
M,2017,Mytilus californianus,0.29940118,1
M,2017,Mytilus californianus,0.76,1
M,2017,Mytilus californianus,0.72087636,1
M,2017,Mytilus californianus,1.02658141,1
M,2017,Mytilus californianus,0.85598663,1
M,2017,Mytilus californianus,0.7947972,1
M,2017,Mytilus californianus,0.71799981,1
M,2017,Mytilus californianus,0.64101298,1
M,2017,Mytilus californianus,0.54583912,1
M,2017,Mytilus californianus,0.62813402,1
M,2017,Mytilus californianus,0.66881813,1
M,2017,Mytilus californianus,0.41,1
M,2017,Mytilus californianus,0.44763492,1
M,2017,Mytilus californianus,0.11866398,1
M,2017,Mytilus californianus,-0.17,1
M,2017,Mytilus californianus,-0.27,1
M,2017,Mytilus californianus,0.69038621,1
M,2017,Mytilus californianus,0.57408447,1
M,2017,Mytilus californianus,0.56511218,1
M,2017,Mytilus californianus,0.58391951,1
M,2017,Mytilus californianus,0.60221125,1
M,2017,Mytilus californianus,0.61969224999999994,1
M,2017,Mytilus californianus,0.66138475,1
M,2017,Mytilus californianus,0.73946143,1
M,2017,Mytilus californianus,1.1642909,1
M,2017,Mytilus californianus,1.18569339,1
M,2017,Mytilus californianus,0.7966774,1
M,2017,Mytilus californianus,0.55502585,1
M,2017,Mytilus californianus,0.48,1
M,2017,Mytilus californianus,-0.01,1
M,2017,Mytilus californianus,0.95221771,1
M,2017,Mytilus californianus,1.14273009,1
M,2017,Mytilus californianus,0.48795086,1
M,2017,Mytilus californianus,0.50933264,1
M,2017,Mytilus californianus,0.93111101,1
M,2017,Mytilus californianus,1.04,1
M,2017,Mytilus californianus,1.05,1
M,2017,Mytilus californianus,0.7634944,1
M,2017,Mytilus californianus,0.80226125,1
M,2017,Mytilus californianus,0.62348245,1
M,2017,Mytilus californianus,0.39005112,1
M,2017,Mytilus californianus,0.64513303,1
M,2017,Mytilus californianus,0.35394428,1
M,2017,Mytilus californianus,0.74,1
M,2017,Mytilus californianus,0.25230067,1
M,2017,Mytilus californianus,0.60290791,1
M,2017,Mytilus californianus,0.25998958,1
M,2017,Mytilus californianus,0.82,1
M,2017,Mytilus californianus,0.24343033,1
M,2017,Mytilus californianus,0.31006558,1
M,2017,Mytilus californianus,0.69006504,1
M,2017,Mytilus californianus,0.51504507,1
M,2017,Mytilus californianus,0.63395514,1
M,2017,Mytilus californianus,0.51398466,1
M,2017,Mytilus californianus,0.39399536,1
M,2017,Mytilus californianus,0.32668819,1
M,2017,Mytilus californianus,0.32,1
M,2021,Mytilus californianus,0.77486447,1
M,2021,Mytilus californianus,0.87397633,1
M,2021,Mytilus californianus,0.90827792,1
M,2021,Mytilus californianus,0.94212176,1
M,2021,Mytilus californianus,0.97576765,1
M,2021,Mytilus californianus,1.00971405,1
M,2021,Mytilus californianus,0.96716802,1
M,2021,Mytilus californianus,0.81,1
M,2021,Mytilus californianus,0.65735247,1
M,2021,Mytilus californianus,0.51092657,1
M,2021,Mytilus californianus,0.42453385,1
M,2021,Mytilus californianus,0.46491133,1
M,2021,Mytilus californianus,0.589957,1
M,2021,Mytilus californianus,0.71511902,1
M,2021,Mytilus californianus,0.73913285,1
M,2021,Mytilus californianus,0.61198998,1
M,2021,Mytilus californianus,0.5950061,1
M,2021,Mytilus californianus,0.6,1
M,2021,Mytilus californianus,0.31,1
M,2021,Mytilus californianus,0.57,1
M,2021,Mytilus californianus,0.78504599,1
M,2021,Mytilus californianus,1,1
M,2021,Mytilus californianus,0.7200548,1
M,2021,Mytilus californianus,0.61000625,1
M,2021,Mytilus californianus,0.59201711,1
M,2021,Mytilus californianus,0.36,1
M,2021,Mytilus californianus,0.09129836,1
M,2021,Mytilus californianus,0.744844,1
M,2021,Mytilus californianus,0.54783018000000006,1
M,2021,Mytilus californianus,0.50346696,1
M,2021,Mytilus californianus,0.54121736,1
M,2021,Mytilus californianus,0.58008756,1
M,2021,Mytilus californianus,0.62751508,1
M,2021,Mytilus californianus,0.51429365,1
M,2021,Mytilus californianus,0.1,1
M,2021,Mytilus californianus,0.12502974,1
M,2021,Mytilus californianus,0.54602446,1
M,2021,Mytilus californianus,0.87021751,1
M,2021,Mytilus californianus,1.00344867,1
M,2021,Mytilus californianus,0.92027683,1
M,2021,Mytilus californianus,0.7814515,1
M,2021,Mytilus californianus,0.6424681,1
M,2021,Mytilus californianus,0.50453151,1
M,2021,Mytilus californianus,0.3673903,1
M,2021,Mytilus californianus,0.23,1
M,2021,Mytilus californianus,0.09409437,1
M,2021,Mytilus californianus,0.33006226,1
M,2021,Mytilus californianus,0.28115791,1
M,2021,Mytilus californianus,0.36588034,1
M,2021,Mytilus californianus,0.45,1
M,2021,Mytilus californianus,-0.2599807,1
M,2021,Mytilus californianus,0.2886361,1
M,2021,Mytilus californianus,0.56,1
M,2021,Mytilus californianus,0.46011816,1
M,2021,Mytilus californianus,0.16021968,1
M,2021,Mytilus californianus,0.78002854,1
M,2021,Mytilus californianus,0.71590261,1
M,2021,Mytilus californianus,0.46794573,1
M,2021,Mytilus californianus,0.10897241,1
M,2021,Mytilus californianus,0.73214953,1
M,2021,Mytilus californianus,0.91817909,1
M,2021,Mytilus californianus,0.91529851,1
M,2021,Mytilus californianus,0.91097555,1
M,2021,Mytilus californianus,0.64844517,1
M,2021,Mytilus californianus,0.32099983,1
M,2021,Mytilus californianus,0.61003186,1
M,2021,Mytilus californianus,0.5353995,1
M,2021,Mytilus californianus,-0.1545871,1
M,2021,Mytilus californianus,0.36217014,1
M,2021,Mytilus californianus,0.73944542,1
M,2021,Mytilus californianus,0.58,1
M,2021,Mytilus californianus,0.52088324,1
M,2021,Mytilus californianus,0.46089181,1
M,2021,Mytilus californianus,0.4,1
M,2021,Mytilus californianus,0.55777222,1
M,2021,Mytilus californianus,0.78004278,1
M,2021,Mytilus californianus,0.59342087,1
M,2021,Mytilus californianus,0.10005353,1
M,2021,Mytilus californianus,0.81006515,1
M,2021,Mytilus californianus,0.49999299,1
M,2021,Mytilus californianus,0.86545231,1
M,2021,Mytilus californianus,0.89574697,1
M,2021,Mytilus californianus,0.90740128,1
M,2021,Mytilus californianus,0.84497719,1
M,2021,Mytilus californianus,0.78225684,1
M,2021,Mytilus californianus,0.72,1
M,2021,Mytilus californianus,0.9,1
M,2021,Mytilus californianus,0.72743965,1
M,2021,Mytilus californianus,0.63267106,1
M,2021,Mytilus californianus,0.66108379,1
M,2021,Mytilus californianus,0.6773283,1
M,2021,Mytilus californianus,0.77496612,1
M,2021,Mytilus californianus,0.96124975,1
M,2021,Mytilus californianus,0.78920564,1
M,2021,Mytilus californianus,0.7053229,1
M,2021,Mytilus californianus,0.68,1
M,2021,Mytilus californianus,1.01,1
M,2021,Mytilus californianus,1.08391376,1
M,2021,Mytilus californianus,1.15742987,1
M,2021,Mytilus californianus,1.23,1
M,2021,Mytilus californianus,1.11206587,1
M,2021,Mytilus californianus,0.99368393,1
M,2021,Mytilus californianus,0.38705528,1
M,2021,Mytilus californianus,-0.3414723,1
M,2021,Mytilus californianus,-1.07,1
M,2021,Mytilus californianus,1.23999759,1
M,2021,Mytilus californianus,0.6658206,1
M,2021,Mytilus californianus,0.70174351,1
M,2021,Mytilus californianus,1.04296708,1
M,2021,Mytilus californianus,0.90833506,1
M,2021,Mytilus californianus,0.58,1
M,2021,Mytilus californianus,0.48010639,1
M,2021,Mytilus californianus,0.43015668,1
M,2021,Mytilus californianus,0.68319586,1
M,2021,Mytilus californianus,0.69163512,1
M,2021,Mytilus californianus,0.93675332,1
M,2021,Mytilus californianus,1.17285358,1
M,2021,Mytilus californianus,1.24404537,1
M,2021,Mytilus californianus,0.13842569,1
M,2021,Mytilus californianus,0.43,1
M,2021,Mytilus californianus,0.92175386,1
M,2021,Mytilus californianus,0.97,1
M,2021,Mytilus californianus,0.37030568,1
M,2021,Mytilus californianus,-0.23,1
M,2021,Mytilus californianus,-0.69,1
M,2021,Mytilus californianus,-0.46,1
M,2021,Mytilus californianus,-0.12,1
M,2021,Mytilus californianus,1.03211468,1
M,2021,Mytilus californianus,1.15,1
M,2021,Mytilus californianus,0.41001263,1
M,2021,Mytilus californianus,0.54354756,1
M,2021,Mytilus californianus,0.77492294,1
M,2021,Mytilus californianus,0.87236235,1
M,2021,Mytilus californianus,0.92004566,1
M,2021,Mytilus californianus,0.77,1
M,2021,Mytilus californianus,0.80758319,1
M,2021,Mytilus californianus,1.1433455,1
M,2021,Mytilus californianus,0.76,1
M,2021,Mytilus californianus,0.75166023,1
M,2021,Mytilus californianus,0.51,1
M,2021,Mytilus californianus,0.69727414,1
M,2021,Mytilus californianus,0.58351807,1
M,2021,Mytilus californianus,0.47,1
M,2021,Mytilus californianus,0.66,1
M,2021,Mytilus californianus,0.40170559,1
M,2021,Mytilus californianus,0.56595643,1
M,2021,Mytilus californianus,0.66358337,1
M,2021,Mytilus californianus,0.76143974,1
M,2021,Mytilus californianus,0.86,1
M,2021,Mytilus californianus,0.7786632,1
M,2021,Mytilus californianus,0.6582839,1
M,2021,Mytilus californianus,0.47887471,1
M,2021,Mytilus californianus,0.29940118,1
M,2021,Mytilus californianus,0.12,1
M,2021,Mytilus californianus,0.76,1
M,2021,Mytilus californianus,0.72087636,1
M,2021,Mytilus californianus,0.67908655,1
M,2021,Mytilus californianus,0.5940665,1
M,2021,Mytilus californianus,1.10554874,1
M,2021,Mytilus californianus,0.38,1
M,2021,Mytilus californianus,1.06120386,1
M,2021,Mytilus californianus,1.13856744,1
M,2021,Mytilus californianus,1.02658141,1
M,2021,Mytilus californianus,0.91177581,1
M,2021,Mytilus californianus,0.85598663,1
M,2021,Mytilus californianus,0.7947972,1
M,2021,Mytilus californianus,0.71799981,1
M,2021,Mytilus californianus,0.56387565,1
M,2021,Mytilus californianus,0.54583912,1
M,2021,Mytilus californianus,0.58743413,1
M,2021,Mytilus californianus,0.62813402,1
M,2021,Mytilus californianus,0.66881813,1
M,2021,Mytilus californianus,0.42291585,1
M,2021,Mytilus californianus,0.43562668,1
M,2021,Mytilus californianus,0.44763492,1
M,2021,Mytilus californianus,0.11866398,1
M,2021,Mytilus californianus,-0.1413622,1
M,2021,Mytilus californianus,-0.17,1
M,2021,Mytilus californianus,-0.27,1
M,2021,Mytilus californianus,0.16,1
M,2021,Mytilus californianus,1.07,1
M,2021,Mytilus californianus,0.4,1
M,2021,Mytilus californianus,0.69038621,1
M,2021,Mytilus californianus,0.57022612,1
M,2021,Mytilus californianus,0.45,1
M,2021,Mytilus californianus,0.47804167,1
M,2021,Mytilus californianus,0.89751971,1
M,2021,Mytilus californianus,0.69438697,1
M,2021,Mytilus californianus,0.57408447,1
M,2021,Mytilus californianus,0.56511218,1
M,2021,Mytilus californianus,0.58391951,1
M,2021,Mytilus californianus,0.60221125,1
M,2021,Mytilus californianus,0.61969224999999994,1
M,2021,Mytilus californianus,0.66138475,1
M,2021,Mytilus californianus,0.73946143,1
M,2021,Mytilus californianus,0.81717023,1
M,2021,Mytilus californianus,0.89455968,1
M,2021,Mytilus californianus,1.1642909,1
M,2021,Mytilus californianus,1.18569339,1
M,2021,Mytilus californianus,0.55502585,1
M,2021,Mytilus californianus,0.48,1
M,2021,Mytilus californianus,-0.01,1
M,2021,Mytilus californianus,0.02,1
M,2021,Mytilus californianus,0.80208051,1
M,2021,Mytilus californianus,0.95221771,1
M,2021,Mytilus californianus,1.14273009,1
M,2021,Mytilus californianus,0.97,1
M,2021,Mytilus californianus,0.59209199,1
M,2021,Mytilus californianus,0.6538084,1
M,2021,Mytilus californianus,0.5787867,1
M,2021,Mytilus californianus,0.48795086,1
M,2021,Mytilus californianus,0.73,1
M,2021,Mytilus californianus,0.61419555,1
M,2021,Mytilus californianus,0.49853539,1
M,2021,Mytilus californianus,0.45585796,1
M,2021,Mytilus californianus,0.50933264,1
M,2021,Mytilus californianus,0.16715848,1
M,2021,Mytilus californianus,0.93111101,1
M,2021,Mytilus californianus,1.05,1
M,2021,Mytilus californianus,0.7634944,1
M,2021,Mytilus californianus,0.80226125,1
M,2021,Mytilus californianus,0.62348245,1
M,2021,Mytilus californianus,0.39005112,1
M,2021,Mytilus californianus,-0.09,1
M,2021,Mytilus californianus,0.70072245,1
M,2021,Mytilus californianus,0.6251336,1
M,2021,Mytilus californianus,0.64513303,1
M,2021,Mytilus californianus,0.74668255,1
M,2021,Mytilus californianus,0.9061309,1
M,2021,Mytilus californianus,0.0457316,1
M,2021,Mytilus californianus,0.44399732,1
M,2021,Mytilus californianus,0.28530375,1
M,2021,Mytilus californianus,0.25876065,1
M,2021,Mytilus californianus,0.23171099,1
M,2021,Mytilus californianus,0.20429852,1
M,2021,Mytilus californianus,0.27345711,1
M,2021,Mytilus californianus,0.35394428,1
M,2021,Mytilus californianus,0.74,1
M,2021,Mytilus californianus,0.70436201,1
M,2021,Mytilus californianus,0.53576201,1
M,2021,Mytilus californianus,0.33448868,1
M,2021,Mytilus californianus,0.25230067,1
M,2021,Mytilus californianus,0.56,1
M,2021,Mytilus californianus,0.35001025,1
M,2021,Mytilus californianus,0.25998958,1
M,2021,Mytilus californianus,0.26,1
M,2021,Mytilus californianus,0.82,1
M,2021,Mytilus californianus,0.62009185,1
M,2021,Mytilus californianus,0.17051172,1
M,2021,Mytilus californianus,0.18493698,1
M,2021,Mytilus californianus,0.18658522,1
M,2021,Mytilus californianus,0.24343033,1
M,2021,Mytilus californianus,0.31006558,1
M,2021,Mytilus californianus,0.51401653,1
M,2021,Mytilus californianus,0.69006504,1
M,2021,Mytilus californianus,0.51504507,1
M,2021,Mytilus californianus,0.34,1
M,2021,Mytilus californianus,0.63395514,1
M,2021,Mytilus californianus,0.51398466,1
M,2021,Mytilus californianus,0.39399536,1
M,2021,Mytilus californianus,0.32668819,1
M,2021,Mytilus californianus,0.15831645,1
M,2021,Mytilus californianus,0.32,1
E,2010,Mytilus californianus,0.35774,1
E,2010,Postelsia palmaeformis,0.63018,1
E,2010,Postelsia palmaeformis,0.0801,1
E,2010,Postelsia palmaeformis,-0.0999,1
E,2010,Postelsia palmaeformis,0.61184,1
E,2010,Mytilus californianus,0.78996,1
E,2010,Postelsia palmaeformis,0.225,1
E,2010,Postelsia palmaeformis,0.64684,1
E,2010,Postelsia palmaeformis,0.58934,1
E,2010,Postelsia palmaeformis,0.53261,1
E,2010,Postelsia palmaeformis,0.42188,1
E,2010,Postelsia palmaeformis,0.43091,1
E,2010,Postelsia palmaeformis,0.0265,1
E,2010,Postelsia palmaeformis,0.47167,1
E,2010,Postelsia palmaeformis,0.65641,1
E,2017,Postelsia palmaeformis,0.82,1
E,2017,Postelsia palmaeformis,0.40383,1
E,2017,Postelsia palmaeformis,0.37166,1
E,2017,Postelsia palmaeformis,0.30293,1
E,2017,Postelsia palmaeformis,0.63018,1
E,2017,Postelsia palmaeformis,0.0801,1
E,2017,Postelsia palmaeformis,-0.0999,1
E,2017,Postelsia palmaeformis,0.3803,1
E,2017,Postelsia palmaeformis,0.52079,1
E,2017,Postelsia palmaeformis,0.4343,1
E,2017,Postelsia palmaeformis,0.39107,1
E,2017,Postelsia palmaeformis,0.34613,1
E,2017,Postelsia palmaeformis,0.30005,1
E,2017,Mytilus californianus,0.8993,1
E,2017,Postelsia palmaeformis,0.225,1
E,2017,Postelsia palmaeformis,0.705,1
E,2017,Postelsia palmaeformis,0.64684,1
E,2017,Postelsia palmaeformis,0.58934,1
E,2017,Postelsia palmaeformis,0.53261,1
E,2017,Postelsia palmaeformis,0.47676,1
E,2017,Postelsia palmaeformis,0.42188,1
E,2017,Postelsia palmaeformis,0.36808,1
E,2017,Mytilus californianus,0.63001,1
E,2017,Postelsia palmaeformis,0.47865,1
E,2017,Postelsia palmaeformis,0.35448,1
E,2017,Postelsia palmaeformis,0.2192,1
E,2017,Postelsia palmaeformis,0.17391,1
E,2017,Postelsia palmaeformis,0.1292,1
E,2017,Postelsia palmaeformis,0.0855,1
E,2017,Mytilus californianus,0.92611,1
E,2017,Postelsia palmaeformis,0.26721,1
E,2017,Postelsia palmaeformis,0.21575,1
E,2017,Postelsia palmaeformis,0.0047,1
E,2017,Mytilus californianus,0.77891,1
E,2017,Mytilus californianus,0.81136,1
E,2017,Mytilus californianus,0.7756,1
E,2017,Postelsia palmaeformis,0.68101,1
E,2021,Postelsia palmaeformis,0.0801,1
E,2021,Postelsia palmaeformis,0.54508,1
E,2021,Mytilus californianus,0.8993,1
E,2021,Postelsia palmaeformis,0.7535,1
E,2021,Postelsia palmaeformis,0.705,1
E,2021,Postelsia palmaeformis,0.64684,1
E,2021,Postelsia palmaeformis,0.58934,1
E,2021,Postelsia palmaeformis,0.47676,1
E,2021,Postelsia palmaeformis,0.36808,1
E,2021,Mytilus californianus,0.71904,1
E,2021,Mytilus californianus,0.77208,1
E,2021,Mytilus californianus,0.85453,1
E,2021,Mytilus californianus,0.81136,1
E,2021,Postelsia palmaeformis,0.50962,1
L,2001,Mytilus californianus,0.797982478,1
L,2001,Mytilus californianus,0.73,1
L,2001,Mytilus californianus,0.79406306,1
L,2001,Mytilus californianus,1.150000003,1
L,2001,Mytilus californianus,1.539999999,1
L,2001,Mytilus californianus,1.558363141,1
L,2001,Mytilus californianus,1.564241902,1
L,2001,Mytilus californianus,1.562234924,1
L,2001,Mytilus californianus,1.554350926,1
L,2001,Mytilus californianus,1.546349318,1
L,2001,Mytilus californianus,1.442316639,1
L,2001,Mytilus californianus,1.309999999,1
L,2001,Mytilus californianus,1.274069153,1
L,2001,Mytilus californianus,1.238045428,1
L,2001,Mytilus californianus,0.308060548,1
L,2001,Postelsia palmaeformis,-0.3,1
L,2001,Mytilus californianus,0.441807336,1
L,2001,Postelsia palmaeformis,0.441807336,1
L,2001,Mytilus californianus,0.440063625,1
L,2001,Mytilus californianus,0.290000001,1
L,2001,Mytilus californianus,1.024008389,1
L,2001,Mytilus californianus,1.02,1
L,2001,Mytilus californianus,0.99600669,1
L,2001,Mytilus californianus,0.888010718,1
L,2001,Mytilus californianus,0.844070188,1
L,2001,Mytilus californianus,0.868121172,1
L,2001,Mytilus californianus,0.940536421,1
L,2001,Mytilus californianus,0.920542173,1
L,2001,Mytilus californianus,1.137290859,1
L,2001,Mytilus californianus,1.24,1
L,2001,Mytilus californianus,1.245421598,1
L,2001,Mytilus californianus,1.255736027,1
L,2001,Mytilus californianus,1.260643789,1
L,2001,Mytilus californianus,1.265395715,1
L,2001,Mytilus californianus,1.269999999,1
L,2001,Mytilus californianus,1.246243285,1
L,2001,Mytilus californianus,1.198347028,1
L,2001,Mytilus californianus,1.174225316,1
L,2001,Mytilus californianus,0.382401747,1
L,2001,Mytilus californianus,0.284737072,1
L,2001,Mytilus californianus,0.187015306,1
L,2001,Mytilus californianus,1.258226249,1
L,2001,Mytilus californianus,1.21825354,1
L,2001,Mytilus californianus,1.608244411,1
L,2001,Mytilus californianus,1.616362738,1
L,2001,Mytilus californianus,1.624358693,1
L,2001,Mytilus californianus,1.632236323,1
L,2001,Mytilus californianus,0.626771664,1
L,2001,Mytilus californianus,0.620000001,1
L,2001,Mytilus californianus,1.618399845,1
L,2001,Mytilus californianus,1.6166047,1
L,2001,Mytilus californianus,1.612409591,1
L,2001,Mytilus californianus,1.609999999,1
L,2001,Mytilus californianus,1.602445513,1
L,2001,Mytilus californianus,1.58667642,1
L,2001,Mytilus californianus,1.578453552,1
L,2001,Mytilus californianus,1.57,1
L,2001,Mytilus californianus,1.498178512,1
L,2001,Mytilus californianus,1.246183881,1
L,2001,Mytilus californianus,1.149999999,1
L,2001,Mytilus californianus,1.132500767,1
L,2001,Mytilus californianus,1.114752266,1
L,2001,Mytilus californianus,0.860366328,1
L,2001,Mytilus californianus,0.870000001,1
L,2001,Mytilus californianus,0.844305658,1
L,2001,Mytilus californianus,0.818450492,1
L,2001,Mytilus californianus,0.792442417,1
L,2001,Mytilus californianus,0.766289513,1
L,2001,Mytilus californianus,0.708222747,1
L,2001,Mytilus californianus,0.676325633,1
L,2001,Mytilus californianus,0.644317134,1
L,2001,Mytilus californianus,0.612205753,1
L,2001,Mytilus californianus,0.579999999,1
L,2001,Mytilus californianus,1.712103056,1
L,2001,Mytilus californianus,1.938057376,1
L,2001,Mytilus californianus,0.21731194,1
L,2001,Mytilus californianus,0.236165247,1
L,2001,Mytilus californianus,0.255121312,1
L,2001,Mytilus californianus,0.274183335,1
L,2001,Mytilus californianus,0.332035834,1
L,2001,Mytilus californianus,0.351551895,1
L,2001,Mytilus californianus,1.430093463,1
L,2001,Mytilus californianus,1.400094539,1
L,2001,Mytilus californianus,1.34,1
L,2001,Mytilus californianus,1.356113011,1
L,2001,Mytilus californianus,1.26,1
L,2001,Mytilus californianus,1.240173084,1
L,2001,Mytilus californianus,1.220261187,1
L,2001,Mytilus californianus,1.20026269,1
L,2001,Mytilus californianus,1.180176088,1
L,2001,Mytilus californianus,1.159999999,1
L,2001,Mytilus californianus,1.016279036,1
L,2001,Mytilus californianus,0.944279834,1
L,2001,Mytilus californianus,0.799999999,1
L,2001,Mytilus californianus,0.725833052,1
L,2001,Mytilus californianus,0.570047232,1
L,2001,Mytilus californianus,0.630070721,1
L,2001,Mytilus californianus,0.689999999,1
L,2001,Mytilus californianus,0.675136609,1
L,2001,Mytilus californianus,0.664170029,1
L,2001,Mytilus californianus,0.658253032,1
L,2001,Mytilus californianus,0.652250922,1
L,2001,Mytilus californianus,0.646165809,1
L,2001,Mytilus californianus,0.640000002,1
L,2001,Mytilus californianus,0.618145121,1
L,2001,Mytilus californianus,0.596214729,1
L,2001,Mytilus californianus,0.552139047,1
L,2001,Mytilus californianus,0.530000001,1
L,2001,Mytilus californianus,0.474111619,1
L,2001,Mytilus californianus,0.418163712,1
L,2001,Mytilus californianus,0.362159931,1
L,2001,Mytilus californianus,0.306104059,1
L,2001,Mytilus californianus,0.25,1
L,2001,Mytilus californianus,0.252071664,1
L,2001,Mytilus californianus,0.254103263,1
L,2001,Mytilus californianus,0.256098993,1
L,2001,Mytilus californianus,0.234027962,1
L,2001,Mytilus californianus,0.182033009,1
L,2001,Mytilus californianus,0.156019023,1
L,2001,Mytilus californianus,1.295939298,1
L,2001,Mytilus californianus,1.263933699,1
L,2001,Mytilus californianus,1.267955343,1
L,2001,Mytilus californianus,1.279952641,1
L,2001,Mytilus californianus,1.289928612,1
L,2001,Mytilus californianus,1.32,1
L,2001,Mytilus californianus,1.307921814,1
L,2001,Mytilus californianus,1.305942383,1
L,2001,Mytilus californianus,1.317912028,1
L,2001,Mytilus californianus,1.323940804,1
L,2001,Mytilus californianus,1.317898559,1
L,2001,Mytilus californianus,1.305920161,1
L,2001,Mytilus californianus,1.317877235,1
L,2001,Mytilus californianus,1.323917118,1
L,2001,Mytilus californianus,1.33,1
L,2001,Mytilus californianus,1.323903499,1
L,2001,Mytilus californianus,1.317853408,1
L,2001,Mytilus californianus,1.311851533,1
L,2001,Mytilus californianus,1.305899751,1
L,2001,Mytilus californianus,1.29988355,1
L,2001,Mytilus californianus,1.299823187,1
L,2001,Mytilus californianus,1.299879225,1
L,2001,Mytilus californianus,1.299999999,1
L,2001,Mytilus californianus,1.247789249,1
L,2001,Mytilus californianus,1.221786887,1
L,2001,Mytilus californianus,1.195856341,1
L,2001,Mytilus californianus,1.17,1
L,2001,Mytilus californianus,1.157940401,1
L,2001,Mytilus californianus,1.135957395,1
L,2001,Mytilus californianus,1.127935476,1
L,2001,Mytilus californianus,1.12,1
L,2001,Mytilus californianus,0.931931144,1
L,2001,Mytilus californianus,0.643926217,1
L,2001,Mytilus californianus,0.640000001,1
L,2001,Mytilus californianus,1.712472599,1
L,2001,Mytilus californianus,1.598436769,1
L,2001,Mytilus californianus,1.330403938,1
L,2001,Mytilus californianus,1.17,1
L,2001,Mytilus californianus,1.172251749,1
L,2001,Mytilus californianus,1.092349177,1
L,2001,Mytilus californianus,1.048347559,1
L,2001,Mytilus californianus,1.004230646,1
L,2001,Mytilus californianus,0.954218789,1
L,2001,Mytilus californianus,0.918307853,1
L,2001,Mytilus californianus,0.912306675,1
L,2001,Mytilus californianus,0.899999999,1
L,2001,Mytilus californianus,0.896194496,1
L,2001,Mytilus californianus,0.884192203,1
L,2001,Mytilus californianus,0.91,1
L,2001,Mytilus californianus,0.922250711,1
L,2001,Mytilus californianus,0.928249048,1
L,2001,Mytilus californianus,0.934164892,1
L,2001,Mytilus californianus,0.940000001,1
L,2001,Mytilus californianus,0.808057419,1
L,2001,Mytilus californianus,0.676037933,1
L,2001,Mytilus californianus,0.755009077,1
L,2001,Mytilus californianus,0.56,1
L,2001,Mytilus californianus,0.566124698,1
L,2001,Mytilus californianus,0.57218422,1
L,2001,Mytilus californianus,0.578181319,1
L,2001,Mytilus californianus,0.584118897,1
L,2001,Mytilus californianus,1.369999998,1
L,2001,Mytilus californianus,1.340144145,1
L,2001,Mytilus californianus,1.210113446,1
L,2001,Mytilus californianus,1.180106877,1
L,2001,Mytilus californianus,1.170000001,1
L,2001,Mytilus californianus,1.154031984,1
L,2001,Mytilus californianus,1.138020736,1
L,2001,Mytilus californianus,1.084017156,1
L,2001,Mytilus californianus,0.900000002,1
L,2001,Mytilus californianus,0.832060309,1
L,2001,Mytilus californianus,0.798056541,1
L,2001,Mytilus californianus,0.764035176,1
L,2001,Mytilus californianus,0.730000003,1
L,2001,Mytilus californianus,0.696004788,1
L,2001,Mytilus californianus,0.627999579,1
L,2001,Mytilus californianus,0.560000001,1
L,2001,Mytilus californianus,0.533967347,1
L,2001,Mytilus californianus,-0.763821886,1
L,2001,Mytilus californianus,1.390102662,1
L,2001,Mytilus californianus,1.308061633,1
L,2001,Mytilus californianus,1.220000001,1
L,2001,Mytilus californianus,1.220051841,1
L,2001,Mytilus californianus,1.200044731,1
L,2001,Mytilus californianus,1.16006526,1
L,2001,Mytilus californianus,1.120000001,1
L,2001,Mytilus californianus,1.084051946,1
L,2001,Mytilus californianus,1.048033323,1
L,2001,Mytilus californianus,0.998025304,1
L,2001,Mytilus californianus,0.934035911,1
L,2001,Mytilus californianus,0.870000001,1
L,2001,Mytilus californianus,0.774021325,1
L,2001,Mytilus californianus,0.540004217,1
L,2001,Mytilus californianus,2.110106092,1
L,2001,Mytilus californianus,1.025964545,1
L,2001,Mytilus californianus,0.921975682,1
L,2001,Mytilus californianus,0.743971718,1
L,2001,Mytilus californianus,0.457721359,1
L,2003,Mytilus californianus,1.080012826,1
L,2003,Mytilus californianus,1.040006035,1
L,2003,Mytilus californianus,0.79406306,1
L,2003,Mytilus californianus,0.970000001,1
L,2003,Mytilus californianus,1.532355725,1
L,2003,Mytilus californianus,1.539999999,1
L,2003,Mytilus californianus,1.552363287,1
L,2003,Mytilus californianus,1.57,1
L,2003,Mytilus californianus,1.529999998,1
L,2003,Mytilus californianus,1.442316639,1
L,2003,Mytilus californianus,1.398313595,1
L,2003,Mytilus californianus,1.354206943,1
L,2003,Mytilus californianus,1.309999999,1
L,2003,Mytilus californianus,1.274069153,1
L,2003,Mytilus californianus,1.238045428,1
L,2003,Mytilus californianus,0.916041124,1
L,2003,Mytilus californianus,0.308060548,1
L,2003,Mytilus californianus,-0.3,1
L,2003,Postelsia palmaeformis,0.145269396,1
L,2003,Postelsia palmaeformis,0.590000002,1
L,2003,Mytilus californianus,0.440063625,1
L,2003,Mytilus californianus,0.365044789,1
L,2003,Mytilus californianus,1.024008389,1
L,2003,Mytilus californianus,0.888010718,1
L,2003,Mytilus californianus,1.07,1
L,2003,Mytilus californianus,0.88,1
L,2003,Mytilus californianus,0.860303261,1
L,2003,Mytilus californianus,1.251727597,1
L,2003,Mytilus californianus,1.137290859,1
L,2003,Mytilus californianus,1.250664506,1
L,2003,Mytilus californianus,1.255736027,1
L,2003,Mytilus californianus,1.260643789,1
L,2003,Mytilus californianus,1.265395715,1
L,2003,Mytilus californianus,1.269999999,1
L,2003,Mytilus californianus,1.246243285,1
L,2003,Mytilus californianus,1.222356015,1
L,2003,Mytilus californianus,1.198347028,1
L,2003,Mytilus californianus,1.174225316,1
L,2003,Mytilus californianus,1.149999999,1
L,2003,Mytilus californianus,0.456688329,1
L,2003,Mytilus californianus,-0.106400006,1
L,2003,Mytilus californianus,1.21,1
L,2003,Mytilus californianus,1.21825354,1
L,2003,Mytilus californianus,1.226382819,1
L,2003,Mytilus californianus,1.249999999,1
L,2003,Mytilus californianus,1.630066253,1
L,2003,Mytilus californianus,1.624358693,1
L,2003,Mytilus californianus,1.632236323,1
L,2003,Mytilus californianus,1.640000001,1
L,2003,Mytilus californianus,1.660077523,1
L,2003,Mytilus californianus,1.680050802,1
L,2003,Mytilus californianus,1.696689756,1
L,2003,Mytilus californianus,0.633489182,1
L,2003,Mytilus californianus,0.626771664,1
L,2003,Mytilus californianus,0.620000001,1
L,2003,Mytilus californianus,0.596063488,1
L,2003,Mytilus californianus,0.572087571,1
L,2003,Mytilus californianus,0.548079851,1
L,2003,Mytilus californianus,0.524048052,1
L,2003,Mytilus californianus,0.500000001,1
L,2003,Mytilus californianus,0.314339855,1
L,2003,Mytilus californianus,0.198687314,1
L,2003,Mytilus californianus,0.083050381,1
L,2003,Mytilus californianus,1.6166047,1
L,2003,Mytilus californianus,1.614609576,1
L,2003,Mytilus californianus,1.594672398,1
L,2003,Mytilus californianus,1.578453552,1
L,2003,Mytilus californianus,1.57,1
L,2003,Mytilus californianus,1.498178512,1
L,2003,Mytilus californianus,1.426119513,1
L,2003,Mytilus californianus,1.342122199,1
L,2003,Mytilus californianus,1.246183881,1
L,2003,Mytilus californianus,1.149999999,1
L,2003,Mytilus californianus,1.132500767,1
L,2003,Mytilus californianus,1.114752266,1
L,2003,Mytilus californianus,1.096753189,1
L,2003,Mytilus californianus,1.07850261,1
L,2003,Mytilus californianus,0.919999998,1
L,2003,Mytilus californianus,0.924481847,1
L,2003,Mytilus californianus,0.94,1
L,2003,Mytilus californianus,0.840563596,1
L,2003,Mytilus californianus,0.850556612,1
L,2003,Mytilus californianus,0.860366328,1
L,2003,Mytilus californianus,0.844305658,1
L,2003,Mytilus californianus,0.818450492,1
L,2003,Mytilus californianus,0.792442417,1
L,2003,Mytilus californianus,0.766289513,1
L,2003,Mytilus californianus,0.74,1
L,2003,Mytilus californianus,0.708222747,1
L,2003,Mytilus californianus,0.676325633,1
L,2003,Mytilus californianus,0.644317134,1
L,2003,Mytilus californianus,0.612205753,1
L,2003,Mytilus californianus,0.579999999,1
L,2003,Mytilus californianus,0.479999998,1
L,2003,Mytilus californianus,0.387978977,1
L,2003,Mytilus californianus,0.295888865,1
L,2003,Mytilus californianus,0.203737927,1
L,2003,Mytilus californianus,-0.072999126,1
L,2003,Mytilus californianus,1.72,1
L,2003,Mytilus californianus,1.886115729,1
L,2003,Mytilus californianus,1.98201364,1
L,2003,Mytilus californianus,2.029999999,1
L,2003,Mytilus californianus,2.014999014,1
L,2003,Mytilus californianus,1.825989721,1
L,2003,Mytilus californianus,0.142859682,1
L,2003,Mytilus californianus,0.16133543,1
L,2003,Mytilus californianus,0.179900415,1
L,2003,Mytilus californianus,0.198558113,1
L,2003,Mytilus californianus,0.21731194,1
L,2003,Mytilus californianus,0.236165247,1
L,2003,Mytilus californianus,0.255121312,1
L,2003,Mytilus californianus,0.274183335,1
L,2003,Mytilus californianus,0.29335443,1
L,2003,Mytilus californianus,0.332035834,1
L,2003,Mytilus californianus,0.351551895,1
L,2003,Mytilus californianus,0.39094833,1
L,2003,Mytilus californianus,0.410833803,1
L,2003,Mytilus californianus,0.430847319,1
L,2003,Mytilus californianus,0.51222498,1
L,2003,Mytilus californianus,1.66208587,1
L,2003,Mytilus californianus,1.400094539,1
L,2003,Mytilus californianus,1.348074335,1
L,2003,Mytilus californianus,1.308155066,1
L,2003,Mytilus californianus,1.240173084,1
L,2003,Mytilus californianus,1.180176088,1
L,2003,Mytilus californianus,1.088185439,1
L,2003,Mytilus californianus,1.016279036,1
L,2003,Mytilus californianus,0.944279834,1
L,2003,Mytilus californianus,0.872187033,1
L,2003,Mytilus californianus,0.725833052,1
L,2003,Mytilus californianus,0.651571128,1
L,2003,Mytilus californianus,0.57721413,1
L,2003,Mytilus californianus,0.685137806,1
L,2003,Mytilus californianus,0.680182978,1
L,2003,Mytilus californianus,0.670000001,1
L,2003,Mytilus californianus,0.664170029,1
L,2003,Mytilus californianus,0.658253032,1
L,2003,Mytilus californianus,0.652250922,1
L,2003,Mytilus californianus,0.646165809,1
L,2003,Mytilus californianus,0.640000002,1
L,2003,Mytilus californianus,0.618145121,1
L,2003,Mytilus californianus,0.596214729,1
L,2003,Mytilus californianus,0.552139047,1
L,2003,Mytilus californianus,0.362159931,1
L,2003,Mytilus californianus,0.254103263,1
L,2003,Mytilus californianus,0.208037479,1
L,2003,Mytilus californianus,0.156019023,1
L,2003,Mytilus californianus,0.120242644,1
L,2003,Mytilus californianus,1.331960182,1
L,2003,Mytilus californianus,1.295939298,1
L,2003,Mytilus californianus,1.277959227,1
L,2003,Mytilus californianus,1.26,1
L,2003,Mytilus californianus,1.265933354,1
L,2003,Mytilus californianus,1.32,1
L,2003,Mytilus californianus,1.315948545,1
L,2003,Mytilus californianus,1.311922327,1
L,2003,Mytilus californianus,1.317912028,1
L,2003,Mytilus californianus,1.323940804,1
L,2003,Mytilus californianus,1.330000001,1
L,2003,Mytilus californianus,1.317877235,1
L,2003,Mytilus californianus,1.323917118,1
L,2003,Mytilus californianus,1.33,1
L,2003,Mytilus californianus,1.323903499,1
L,2003,Mytilus californianus,1.317853408,1
L,2003,Mytilus californianus,1.305899751,1
L,2003,Mytilus californianus,1.3,1
L,2003,Mytilus californianus,1.299823187,1
L,2003,Mytilus californianus,1.299821025,1
L,2003,Mytilus californianus,1.299879225,1
L,2003,Mytilus californianus,1.299999999,1
L,2003,Mytilus californianus,1.273861063,1
L,2003,Mytilus californianus,1.247789249,1
L,2003,Mytilus californianus,1.221786887,1
L,2003,Mytilus californianus,1.195856341,1
L,2003,Mytilus californianus,1.17,1
L,2003,Mytilus californianus,1.145959858,1
L,2003,Mytilus californianus,1.135957395,1
L,2003,Mytilus californianus,1.127935476,1
L,2003,Mytilus californianus,1.12,1
L,2003,Mytilus californianus,0.743953684,1
L,2003,Mytilus californianus,0.643926217,1
L,2003,Mytilus californianus,0.640000001,1
L,2003,Mytilus californianus,1.250267889,1
L,2003,Mytilus californianus,1.172251749,1
L,2003,Mytilus californianus,1.1743757,1
L,2003,Mytilus californianus,1.176373803,1
L,2003,Mytilus californianus,1.178247955,1
L,2003,Mytilus californianus,1.179999999,1
L,2003,Mytilus californianus,1.004230646,1
L,2003,Mytilus californianus,0.954218789,1
L,2003,Mytilus californianus,0.948326804,1
L,2003,Mytilus californianus,0.918307853,1
L,2003,Mytilus californianus,0.906203672,1
L,2003,Mytilus californianus,0.899999999,1
L,2003,Mytilus californianus,0.896194496,1
L,2003,Mytilus californianus,0.892290603,1
L,2003,Mytilus californianus,0.898271243,1
L,2003,Mytilus californianus,0.91,1
L,2003,Mytilus californianus,0.916168219,1
L,2003,Mytilus californianus,0.922250711,1
L,2003,Mytilus californianus,0.928249048,1
L,2003,Mytilus californianus,0.934164892,1
L,2003,Mytilus californianus,0.940000001,1
L,2003,Mytilus californianus,0.808057419,1
L,2003,Mytilus californianus,0.676037933,1
L,2003,Mytilus californianus,0.755009077,1
L,2003,Mytilus californianus,0.786684134,1
L,2003,Mytilus californianus,0.56,1
L,2003,Mytilus californianus,0.566124698,1
L,2003,Mytilus californianus,0.57218422,1
L,2003,Mytilus californianus,0.578181319,1
L,2003,Mytilus californianus,0.584118897,1
L,2003,Mytilus californianus,0.589999999,1
L,2003,Mytilus californianus,0.438037014,1
L,2003,Mytilus californianus,1.310213338,1
L,2003,Mytilus californianus,1.200166918,1
L,2003,Mytilus californianus,1.190163633,1
L,2003,Mytilus californianus,1.180106877,1
L,2003,Mytilus californianus,1.170000001,1
L,2003,Mytilus californianus,1.138020736,1
L,2003,Mytilus californianus,1.084017156,1
L,2003,Mytilus californianus,0.86604271,1
L,2003,Mytilus californianus,0.832060309,1
L,2003,Mytilus californianus,0.798056541,1
L,2003,Mytilus californianus,0.662003378,1
L,2003,Mytilus californianus,0.627999579,1
L,2003,Mytilus californianus,0.593997193,1
L,2003,Mytilus californianus,0.560000001,1
L,2003,Mytilus californianus,0.533967347,1
L,2003,Mytilus californianus,0.507947367,1
L,2003,Mytilus californianus,1.43,1
L,2003,Mytilus californianus,1.350067514,1
L,2003,Mytilus californianus,1.264090902,1
L,2003,Mytilus californianus,1.200044731,1
L,2003,Mytilus californianus,1.16006526,1
L,2003,Mytilus californianus,1.120000001,1
L,2003,Mytilus californianus,1.084051946,1
L,2003,Mytilus californianus,1.048033323,1
L,2003,Mytilus californianus,0.998025304,1
L,2003,Mytilus californianus,0.934035911,1
L,2003,Mytilus californianus,2.162022792,1
L,2003,Mytilus californianus,1.289982015,1
L,2003,Mytilus californianus,1.025964545,1
L,2003,Mytilus californianus,0.921975682,1
L,2003,Mytilus californianus,0.743971718,1
L,2003,Mytilus californianus,0.299789557,1
L,2004,Mytilus californianus,1.080012826,1
L,2004,Mytilus californianus,1.000007378,1
L,2004,Mytilus californianus,0.857990847,1
L,2004,Mytilus californianus,0.826053865,1
L,2004,Mytilus californianus,0.79406306,1
L,2004,Mytilus californianus,1.539999999,1
L,2004,Mytilus californianus,1.552363287,1
L,2004,Mytilus californianus,1.538231708,1
L,2004,Mytilus californianus,1.529999998,1
L,2004,Mytilus californianus,1.398313595,1
L,2004,Mytilus californianus,1.354206943,1
L,2004,Mytilus californianus,1.274069153,1
L,2004,Mytilus californianus,1.238045428,1
L,2004,Mytilus californianus,0.308060548,1
L,2004,Postelsia palmaeformis,-0.3,1
L,2004,Postelsia palmaeformis,0.293565645,1
L,2004,Postelsia palmaeformis,0.441807336,1
L,2004,Mytilus californianus,0.365044789,1
L,2004,Mytilus californianus,0.290000001,1
L,2004,Mytilus californianus,1.024008389,1
L,2004,Mytilus californianus,1.02,1
L,2004,Mytilus californianus,0.99600669,1
L,2004,Mytilus californianus,0.940536421,1
L,2004,Mytilus californianus,1.245421598,1
L,2004,Mytilus californianus,1.250664506,1
L,2004,Mytilus californianus,1.260643789,1
L,2004,Mytilus californianus,1.265395715,1
L,2004,Mytilus californianus,1.269999999,1
L,2004,Mytilus californianus,1.222356015,1
L,2004,Mytilus californianus,1.198347028,1
L,2004,Mytilus californianus,1.174225316,1
L,2004,Mytilus californianus,1.149999999,1
L,2004,Mytilus californianus,0.456688329,1
L,2004,Mytilus californianus,0.089245738,1
L,2004,Mytilus californianus,-0.106400006,1
L,2004,Mytilus californianus,1.274202514,1
L,2004,Mytilus californianus,1.270000001,1
L,2004,Mytilus californianus,1.21825354,1
L,2004,Mytilus californianus,1.226382819,1
L,2004,Mytilus californianus,1.249999999,1
L,2004,Mytilus californianus,1.608244411,1
L,2004,Mytilus californianus,1.624358693,1
L,2004,Mytilus californianus,1.632236323,1
L,2004,Mytilus californianus,1.640000001,1
L,2004,Mytilus californianus,1.660077523,1
L,2004,Mytilus californianus,1.680050802,1
L,2004,Mytilus californianus,0.633489182,1
L,2004,Mytilus californianus,0.626771664,1
L,2004,Mytilus californianus,0.620000001,1
L,2004,Mytilus californianus,0.572087571,1
L,2004,Mytilus californianus,0.524048052,1
L,2004,Mytilus californianus,0.500000001,1
L,2004,Mytilus californianus,0.430000001,1
L,2004,Mytilus californianus,0.314339855,1
L,2004,Mytilus californianus,-0.032562958,1
L,2004,Mytilus californianus,1.618399845,1
L,2004,Mytilus californianus,1.6166047,1
L,2004,Mytilus californianus,1.614609576,1
L,2004,Mytilus californianus,1.612409591,1
L,2004,Mytilus californianus,1.609999999,1
L,2004,Mytilus californianus,1.602445513,1
L,2004,Mytilus californianus,1.594672398,1
L,2004,Mytilus californianus,1.58667642,1
L,2004,Mytilus californianus,1.578453552,1
L,2004,Mytilus californianus,1.57,1
L,2004,Mytilus californianus,1.498178512,1
L,2004,Mytilus californianus,1.426119513,1
L,2004,Mytilus californianus,1.342122199,1
L,2004,Mytilus californianus,1.246183881,1
L,2004,Mytilus californianus,1.149999999,1
L,2004,Mytilus californianus,1.132500767,1
L,2004,Mytilus californianus,1.114752266,1
L,2004,Mytilus californianus,1.096753189,1
L,2004,Mytilus californianus,0.924481847,1
L,2004,Mytilus californianus,0.928719684,1
L,2004,Mytilus californianus,0.936475245,1
L,2004,Mytilus californianus,0.860366328,1
L,2004,Mytilus californianus,0.870000001,1
L,2004,Mytilus californianus,0.844305658,1
L,2004,Mytilus californianus,0.818450492,1
L,2004,Mytilus californianus,0.792442417,1
L,2004,Mytilus californianus,0.766289513,1
L,2004,Mytilus californianus,0.74,1
L,2004,Mytilus californianus,0.708222747,1
L,2004,Mytilus californianus,0.644317134,1
L,2004,Mytilus californianus,0.579999999,1
L,2004,Mytilus californianus,0.479999998,1
L,2004,Mytilus californianus,0.295888865,1
L,2004,Mytilus californianus,0.203737927,1
L,2004,Mytilus californianus,-0.257649483,1
L,2004,Mytilus californianus,-0.35,1
L,2004,Mytilus californianus,1.969999999,1
L,2004,Mytilus californianus,2.029999999,1
L,2004,Mytilus californianus,2.014999014,1
L,2004,Mytilus californianus,1.921993683,1
L,2004,Mytilus californianus,-0.002164715,1
L,2004,Mytilus californianus,0.16133543,1
L,2004,Mytilus californianus,0.29335443,1
L,2004,Mytilus californianus,0.332035834,1
L,2004,Mytilus californianus,0.351551895,1
L,2004,Mytilus californianus,1.430093463,1
L,2004,Mytilus californianus,1.370063776,1
L,2004,Mytilus californianus,1.34,1
L,2004,Mytilus californianus,1.356113011,1
L,2004,Mytilus californianus,1.364114565,1
L,2004,Mytilus californianus,1.308155066,1
L,2004,Mytilus californianus,1.272159009,1
L,2004,Mytilus californianus,1.240173084,1
L,2004,Mytilus californianus,1.20026269,1
L,2004,Mytilus californianus,1.180176088,1
L,2004,Mytilus californianus,1.159999999,1
L,2004,Mytilus californianus,1.088185439,1
L,2004,Mytilus californianus,1.016279036,1
L,2004,Mytilus californianus,0.944279834,1
L,2004,Mytilus californianus,0.725833052,1
L,2004,Mytilus californianus,0.651571128,1
L,2004,Mytilus californianus,0.57721413,1
L,2004,Mytilus californianus,0.689999999,1
L,2004,Mytilus californianus,0.685137806,1
L,2004,Mytilus californianus,0.680182978,1
L,2004,Mytilus californianus,0.664170029,1
L,2004,Mytilus californianus,0.658253032,1
L,2004,Mytilus californianus,0.652250922,1
L,2004,Mytilus californianus,0.646165809,1
L,2004,Mytilus californianus,0.362159931,1
L,2004,Mytilus californianus,0.208037479,1
L,2004,Mytilus californianus,0.156019023,1
L,2004,Mytilus californianus,0.13999999900000001,1
L,2004,Mytilus californianus,0.120242644,1
L,2004,Mytilus californianus,-0.19192806,1
L,2004,Mytilus californianus,1.390000001,1
L,2004,Mytilus californianus,1.295939298,1
L,2004,Mytilus californianus,1.277959227,1
L,2004,Mytilus californianus,1.267955343,1
L,2004,Mytilus californianus,1.27,1
L,2004,Mytilus californianus,1.279952641,1
L,2004,Mytilus californianus,1.289928612,1
L,2004,Mytilus californianus,1.315948545,1
L,2004,Mytilus californianus,1.307921814,1
L,2004,Mytilus californianus,1.317912028,1
L,2004,Mytilus californianus,1.330000001,1
L,2004,Mytilus californianus,1.32393311,1
L,2004,Mytilus californianus,1.317898559,1
L,2004,Mytilus californianus,1.317877235,1
L,2004,Mytilus californianus,1.323917118,1
L,2004,Mytilus californianus,1.33,1
L,2004,Mytilus californianus,1.323903499,1
L,2004,Mytilus californianus,1.317853408,1
L,2004,Mytilus californianus,1.305899751,1
L,2004,Mytilus californianus,1.3,1
L,2004,Mytilus californianus,1.299821025,1
L,2004,Mytilus californianus,1.299879225,1
L,2004,Mytilus californianus,1.299999999,1
L,2004,Mytilus californianus,1.273861063,1
L,2004,Mytilus californianus,1.221786887,1
L,2004,Mytilus californianus,1.195856341,1
L,2004,Mytilus californianus,1.17,1
L,2004,Mytilus californianus,1.157940401,1
L,2004,Mytilus californianus,1.145959858,1
L,2004,Mytilus californianus,1.135957395,1
L,2004,Mytilus californianus,1.12,1
L,2004,Mytilus californianus,0.931931144,1
L,2004,Mytilus californianus,0.643926217,1
L,2004,Mytilus californianus,0.640000001,1
L,2004,Mytilus californianus,1.410406062,1
L,2004,Mytilus californianus,1.172251749,1
L,2004,Mytilus californianus,1.176373803,1
L,2004,Mytilus californianus,1.178247955,1
L,2004,Mytilus californianus,1.136233882,1
L,2004,Mytilus californianus,1.048347559,1
L,2004,Mytilus californianus,1.004230646,1
L,2004,Mytilus californianus,0.936216078,1
L,2004,Mytilus californianus,0.924206028,1
L,2004,Mytilus californianus,0.918307853,1
L,2004,Mytilus californianus,0.912306675,1
L,2004,Mytilus californianus,0.906203672,1
L,2004,Mytilus californianus,0.896194496,1
L,2004,Mytilus californianus,0.886182549,1
L,2004,Mytilus californianus,0.892272546,1
L,2004,Mytilus californianus,0.904179943,1
L,2004,Mytilus californianus,0.916168219,1
L,2004,Mytilus californianus,0.922250711,1
L,2004,Mytilus californianus,0.928249048,1
L,2004,Mytilus californianus,0.934164892,1
L,2004,Mytilus californianus,0.940000001,1
L,2004,Mytilus californianus,0.808057419,1
L,2004,Mytilus californianus,0.676037933,1
L,2004,Mytilus californianus,0.755009077,1
L,2004,Mytilus californianus,0.786684134,1
L,2004,Mytilus californianus,0.56,1
L,2004,Mytilus californianus,0.566124698,1
L,2004,Mytilus californianus,1.48425389,1
L,2004,Mytilus californianus,1.280210418,1
L,2004,Mytilus californianus,1.210113446,1
L,2004,Mytilus californianus,1.200166918,1
L,2004,Mytilus californianus,1.190163633,1
L,2004,Mytilus californianus,1.138020736,1
L,2004,Mytilus californianus,1.084017156,1
L,2004,Mytilus californianus,0.992024824,1
L,2004,Mytilus californianus,0.900000002,1
L,2004,Mytilus californianus,0.86604271,1
L,2004,Mytilus californianus,0.798056541,1
L,2004,Mytilus californianus,0.764035176,1
L,2004,Mytilus californianus,0.730000003,1
L,2004,Mytilus californianus,0.662003378,1
L,2004,Mytilus californianus,0.560000001,1
L,2004,Mytilus californianus,0.533967347,1
L,2004,Mytilus californianus,0.507947367,1
L,2004,Mytilus californianus,1.486462797,1
L,2004,Mytilus californianus,1.458305479,1
L,2004,Mytilus californianus,1.43,1
L,2004,Mytilus californianus,1.390102662,1
L,2004,Mytilus californianus,1.350067514,1
L,2004,Mytilus californianus,1.308061633,1
L,2004,Mytilus californianus,1.264090902,1
L,2004,Mytilus californianus,1.220079476,1
L,2004,Mytilus californianus,1.220051841,1
L,2004,Mytilus californianus,1.200044731,1
L,2004,Mytilus californianus,1.16006526,1
L,2004,Mytilus californianus,1.120000001,1
L,2004,Mytilus californianus,1.048033323,1
L,2004,Mytilus californianus,0.998025304,1
L,2004,Mytilus californianus,0.934035911,1
L,2004,Mytilus californianus,0.870000001,1
L,2004,Mytilus californianus,0.600004249,1
L,2004,Mytilus californianus,2.150103618,1
L,2004,Mytilus californianus,1.209971938,1
L,2004,Mytilus californianus,1.129999999,1
L,2004,Mytilus californianus,1.025964545,1
L,2004,Mytilus californianus,0.921975682,1
L,2004,Mytilus californianus,0.743971718,1
L,2004,Mytilus californianus,0.491956621,1
L,2004,Mytilus californianus,0.477829047,1
L,2004,Mytilus californianus,0.43,1
L,2004,Mytilus californianus,0.16487578,1
L,2017,Mytilus californianus,0.743997914,1
L,2017,Mytilus californianus,0.826053865,1
L,2017,Mytilus californianus,1.006188883,1
L,2017,Mytilus californianus,1.042286454,1
L,2017,Mytilus californianus,1.206079797,1
L,2017,Mytilus californianus,1.558363141,1
L,2017,Mytilus californianus,1.564241902,1
L,2017,Mytilus californianus,1.57,1
L,2017,Mytilus californianus,1.554350926,1
L,2017,Mytilus californianus,1.398313595,1
L,2017,Mytilus californianus,1.354206943,1
L,2017,Mytilus californianus,1.274069153,1
L,2017,Mytilus californianus,1.238045428,1
L,2017,Mytilus californianus,0.916041124,1
L,2017,Mytilus californianus,0.308060548,1
L,2017,Mytilus californianus,-0.3,1
L,2017,Mytilus californianus,0.293565645,1
L,2017,Mytilus californianus,0.590000002,1
L,2017,Mytilus californianus,0.515050635,1
L,2017,Mytilus californianus,0.365044789,1
L,2017,Mytilus californianus,0.290000001,1
L,2017,Mytilus californianus,0.972004763,1
L,2017,Mytilus californianus,0.844070188,1
L,2017,Mytilus californianus,0.850000001,1
L,2017,Mytilus californianus,1.016452101,1
L,2017,Mytilus californianus,0.960353732,1
L,2017,Mytilus californianus,0.940536421,1
L,2017,Mytilus californianus,0.88,1
L,2017,Mytilus californianus,0.840407617,1
L,2017,Mytilus californianus,1.600708086,1
L,2017,Mytilus californianus,1.600472518,1
L,2017,Mytilus californianus,1.251727597,1
L,2017,Mytilus californianus,1.137290859,1
L,2017,Mytilus californianus,1.24,1
L,2017,Mytilus californianus,1.245421598,1
L,2017,Mytilus californianus,1.250664506,1
L,2017,Mytilus californianus,1.255736027,1
L,2017,Mytilus californianus,1.260643789,1
L,2017,Mytilus californianus,1.265395715,1
L,2017,Mytilus californianus,1.246243285,1
L,2017,Mytilus californianus,1.222356015,1
L,2017,Mytilus californianus,1.198347028,1
L,2017,Mytilus californianus,1.174225316,1
L,2017,Mytilus californianus,1.149999999,1
L,2017,Mytilus californianus,0.456688329,1
L,2017,Mytilus californianus,0.382401747,1
L,2017,Mytilus californianus,0.284737072,1
L,2017,Mytilus californianus,0.187015306,1
L,2017,Mytilus californianus,0.089245738,1
L,2017,Mytilus californianus,-0.008562411,1
L,2017,Mytilus californianus,-0.106400006,1
L,2017,Mytilus californianus,-0.204258032,1
L,2017,Mytilus californianus,1.336178597,1
L,2017,Mytilus californianus,1.34013966,1
L,2017,Mytilus californianus,1.222232002,1
L,2017,Mytilus californianus,1.21825354,1
L,2017,Mytilus californianus,1.226382819,1
L,2017,Mytilus californianus,1.66,1
L,2017,Mytilus californianus,1.616362738,1
L,2017,Mytilus californianus,1.696689756,1
L,2017,Mytilus californianus,1.71,1
L,2017,Mytilus californianus,0.720000001,1
L,2017,Mytilus californianus,0.626771664,1
L,2017,Mytilus californianus,0.620000001,1
L,2017,Mytilus californianus,0.596063488,1
L,2017,Mytilus californianus,0.572087571,1
L,2017,Mytilus californianus,0.548079851,1
L,2017,Mytilus californianus,0.524048052,1
L,2017,Mytilus californianus,0.500000001,1
L,2017,Mytilus californianus,0.430000001,1
L,2017,Mytilus californianus,0.314339855,1
L,2017,Mytilus californianus,0.198687314,1
L,2017,Mytilus californianus,0.083050381,1
L,2017,Mytilus californianus,-0.032562958,1
L,2017,Mytilus californianus,1.656169292,1
L,2017,Mytilus californianus,1.646304877,1
L,2017,Mytilus californianus,1.610000001,1
L,2017,Mytilus californianus,1.594672398,1
L,2017,Mytilus californianus,1.58667642,1
L,2017,Mytilus californianus,1.578453552,1
L,2017,Mytilus californianus,1.498178512,1
L,2017,Mytilus californianus,1.426119513,1
L,2017,Mytilus californianus,1.246183881,1
L,2017,Mytilus californianus,1.149999999,1
L,2017,Mytilus californianus,1.114752266,1
L,2017,Mytilus californianus,1.059999999,1
L,2017,Mytilus californianus,1.004751919,1
L,2017,Mytilus californianus,0.976750781,1
L,2017,Mytilus californianus,0.919999998,1
L,2017,Mytilus californianus,0.924481847,1
L,2017,Mytilus californianus,0.928719684,1
L,2017,Mytilus californianus,0.932716382,1
L,2017,Mytilus californianus,0.936475245,1
L,2017,Mytilus californianus,0.94,1
L,2017,Mytilus californianus,0.916440537,1
L,2017,Mytilus californianus,0.892655665,1
L,2017,Mytilus californianus,0.868650335,1
L,2017,Mytilus californianus,0.84442988,1
L,2017,Mytilus californianus,0.820000001,1
L,2017,Mytilus californianus,0.830380292,1
L,2017,Mytilus californianus,0.840563596,1
L,2017,Mytilus californianus,0.850556612,1
L,2017,Mytilus californianus,0.860366328,1
L,2017,Mytilus californianus,0.870000001,1
L,2017,Mytilus californianus,0.844305658,1
L,2017,Mytilus californianus,0.818450492,1
L,2017,Mytilus californianus,0.792442417,1
L,2017,Mytilus californianus,0.74,1
L,2017,Mytilus californianus,0.708222747,1
L,2017,Mytilus californianus,0.676325633,1
L,2017,Mytilus californianus,0.644317134,1
L,2017,Mytilus californianus,0.612205753,1
L,2017,Mytilus californianus,0.579999999,1
L,2017,Mytilus californianus,1.732100597,1
L,2017,Mytilus californianus,1.886115729,1
L,2017,Mytilus californianus,0.01572702,1
L,2017,Mytilus californianus,0.051694628,1
L,2017,Mytilus californianus,0.069777892,1
L,2017,Mytilus californianus,0.087932376,1
L,2017,Mytilus californianus,0.106161747,1
L,2017,Mytilus californianus,0.124469646,1
L,2017,Mytilus californianus,0.142859682,1
L,2017,Mytilus californianus,0.16133543,1
L,2017,Mytilus californianus,0.179900415,1
L,2017,Mytilus californianus,0.198558113,1
L,2017,Mytilus californianus,0.21731194,1
L,2017,Mytilus californianus,0.236165247,1
L,2017,Mytilus californianus,0.255121312,1
L,2017,Mytilus californianus,1.400094539,1
L,2017,Mytilus californianus,1.459999999,1
L,2017,Mytilus californianus,1.20026269,1
L,2017,Mytilus californianus,1.159999999,1
L,2017,Mytilus californianus,1.088185439,1
L,2017,Mytilus californianus,0.944279834,1
L,2017,Mytilus californianus,0.872187033,1
L,2017,Mytilus californianus,0.725833052,1
L,2017,Mytilus californianus,0.651571128,1
L,2017,Mytilus californianus,0.57721413,1
L,2017,Mytilus californianus,0.689999999,1
L,2017,Mytilus californianus,0.680182978,1
L,2017,Mytilus californianus,0.675136609,1
L,2017,Mytilus californianus,0.670000001,1
L,2017,Mytilus californianus,0.664170029,1
L,2017,Mytilus californianus,0.658253032,1
L,2017,Mytilus californianus,0.652250922,1
L,2017,Mytilus californianus,0.646165809,1
L,2017,Mytilus californianus,0.640000002,1
L,2017,Mytilus californianus,0.618145121,1
L,2017,Mytilus californianus,0.596214729,1
L,2017,Mytilus californianus,0.574211692,1
L,2017,Mytilus californianus,0.552139047,1
L,2017,Mytilus californianus,0.530000001,1
L,2017,Mytilus californianus,0.474111619,1
L,2017,Mytilus californianus,0.418163712,1
L,2017,Mytilus californianus,0.362159931,1
L,2017,Mytilus californianus,0.306104059,1
L,2017,Mytilus californianus,0.25,1
L,2017,Mytilus californianus,0.252071664,1
L,2017,Mytilus californianus,0.254103263,1
L,2017,Mytilus californianus,0.256098993,1
L,2017,Mytilus californianus,0.258063126,1
L,2017,Mytilus californianus,0.234027962,1
L,2017,Mytilus californianus,0.208037479,1
L,2017,Mytilus californianus,0.182033009,1
L,2017,Mytilus californianus,0.156019023,1
L,2017,Mytilus californianus,0.129999999,1
L,2017,Mytilus californianus,0.13999999900000001,1
L,2017,Mytilus californianus,0.120242644,1
L,2017,Mytilus californianus,0.100493603,1
L,2017,Mytilus californianus,0.080757264,1
L,2017,Mytilus californianus,-0.017584223,1
L,2017,Mytilus californianus,1.509962414,1
L,2017,Mytilus californianus,1.295939298,1
L,2017,Mytilus californianus,1.277959227,1
L,2017,Mytilus californianus,1.26,1
L,2017,Mytilus californianus,1.263933699,1
L,2017,Mytilus californianus,1.279952641,1
L,2017,Mytilus californianus,1.32,1
L,2017,Mytilus californianus,1.307921814,1
L,2017,Mytilus californianus,1.303947519,1
L,2017,Mytilus californianus,1.305942383,1
L,2017,Mytilus californianus,1.330000001,1
L,2017,Mytilus californianus,1.32393311,1
L,2017,Mytilus californianus,1.317898559,1
L,2017,Mytilus californianus,1.311897416,1
L,2017,Mytilus californianus,1.305930823,1
L,2017,Mytilus californianus,1.300000001,1
L,2017,Mytilus californianus,1.305920161,1
L,2017,Mytilus californianus,1.311878757,1
L,2017,Mytilus californianus,1.317877235,1
L,2017,Mytilus californianus,1.33,1
L,2017,Mytilus californianus,1.323903499,1
L,2017,Mytilus californianus,1.311851533,1
L,2017,Mytilus californianus,1.305899751,1
L,2017,Mytilus californianus,1.3,1
L,2017,Mytilus californianus,1.29988355,1
L,2017,Mytilus californianus,1.299821025,1
L,2017,Mytilus californianus,1.299879225,1
L,2017,Mytilus californianus,1.299999999,1
L,2017,Mytilus californianus,1.273861063,1
L,2017,Mytilus californianus,1.247789249,1
L,2017,Mytilus californianus,1.221786887,1
L,2017,Mytilus californianus,1.195856341,1
L,2017,Mytilus californianus,1.17,1
L,2017,Mytilus californianus,1.157940401,1
L,2017,Mytilus californianus,1.145959858,1
L,2017,Mytilus californianus,1.127935476,1
L,2017,Mytilus californianus,1.12,1
L,2017,Mytilus californianus,0.931931144,1
L,2017,Mytilus californianus,0.743953684,1
L,2017,Mytilus californianus,0.64795122,1
L,2017,Mytilus californianus,0.643926217,1
L,2017,Mytilus californianus,0.640000001,1
L,2017,Mytilus californianus,0.611921971,1
L,2017,Mytilus californianus,0.227917241,1
L,2017,Mytilus californianus,-0.126978507,1
L,2017,Mytilus californianus,1.840337676,1
L,2017,Mytilus californianus,1.57,1
L,2017,Mytilus californianus,1.330403938,1
L,2017,Mytilus californianus,1.172251749,1
L,2017,Mytilus californianus,1.1743757,1
L,2017,Mytilus californianus,1.179999999,1
L,2017,Mytilus californianus,1.004230646,1
L,2017,Mytilus californianus,0.93,1
L,2017,Mytilus californianus,0.924206028,1
L,2017,Mytilus californianus,0.918307853,1
L,2017,Mytilus californianus,0.912306675,1
L,2017,Mytilus californianus,0.906203672,1
L,2017,Mytilus californianus,0.899999999,1
L,2017,Mytilus californianus,0.896194496,1
L,2017,Mytilus californianus,0.888289457,1
L,2017,Mytilus californianus,0.884192203,1
L,2017,Mytilus californianus,0.88,1
L,2017,Mytilus californianus,0.904179943,1
L,2017,Mytilus californianus,0.916168219,1
L,2017,Mytilus californianus,0.934164892,1
L,2017,Mytilus californianus,0.940000001,1
L,2017,Mytilus californianus,0.808057419,1
L,2017,Mytilus californianus,0.676037933,1
L,2017,Mytilus californianus,0.755009077,1
L,2017,Mytilus californianus,0.56,1
L,2017,Mytilus californianus,0.57218422,1
L,2017,Mytilus californianus,0.584118897,1
L,2017,Mytilus californianus,0.589999999,1
L,2017,Mytilus californianus,0.438037014,1
L,2017,Mytilus californianus,0.286024096,1
L,2017,Mytilus californianus,1.369999998,1
L,2017,Mytilus californianus,1.310213338,1
L,2017,Mytilus californianus,1.250138306,1
L,2017,Mytilus californianus,1.210113446,1
L,2017,Mytilus californianus,1.200166918,1
L,2017,Mytilus californianus,1.190163633,1
L,2017,Mytilus californianus,1.180106877,1
L,2017,Mytilus californianus,1.170000001,1
L,2017,Mytilus californianus,1.154031984,1
L,2017,Mytilus californianus,1.138020736,1
L,2017,Mytilus californianus,0.992024824,1
L,2017,Mytilus californianus,0.832060309,1
L,2017,Mytilus californianus,0.764035176,1
L,2017,Mytilus californianus,0.696004788,1
L,2017,Mytilus californianus,0.662003378,1
L,2017,Mytilus californianus,0.627999579,1
L,2017,Mytilus californianus,0.593997193,1
L,2017,Mytilus californianus,0.560000001,1
L,2017,Mytilus californianus,0.533967347,1
L,2017,Mytilus californianus,0.507947367,1
L,2017,Mytilus californianus,0.481943742,1
L,2017,Mytilus californianus,0.455960098,1
L,2017,Mytilus californianus,0.430000002,1
L,2017,Mytilus californianus,0.341976742,1
L,2017,Mytilus californianus,0.253983938,1
L,2017,Mytilus californianus,0.175980714,1
L,2017,Mytilus californianus,0.107970296,1
L,2017,Mytilus californianus,0.039999999,1
L,2017,Mytilus californianus,0.043965156,1
L,2017,Mytilus californianus,0.04797631,1
L,2017,Mytilus californianus,0.095973709,1
L,2017,Mytilus californianus,0.187959955,1
L,2017,Mytilus californianus,0.279999999,1
L,2017,Mytilus californianus,0.203956065,1
L,2017,Mytilus californianus,0.127970376,1
L,2017,Mytilus californianus,0.029968562,1
L,2017,Mytilus californianus,-0.776946322,1
L,2017,Mytilus californianus,-0.763821886,1
L,2017,Mytilus californianus,-0.75062686,1
L,2017,Mytilus californianus,-0.737361551,1
L,2017,Mytilus californianus,1.458305479,1
L,2017,Mytilus californianus,1.350067514,1
L,2017,Mytilus californianus,1.308061633,1
L,2017,Mytilus californianus,1.220051841,1
L,2017,Mytilus californianus,1.16006526,1
L,2017,Mytilus californianus,1.120000001,1
L,2017,Mytilus californianus,1.084051946,1
L,2017,Mytilus californianus,1.048033323,1
L,2017,Mytilus californianus,0.998025304,1
L,2017,Mytilus californianus,0.934035911,1
L,2017,Mytilus californianus,0.870000001,1
L,2017,Mytilus californianus,0.774021325,1
L,2017,Mytilus californianus,0.678012805,1
L,2017,Mytilus californianus,0.600004249,1
L,2017,Mytilus californianus,0.540004217,1
L,2017,Mytilus californianus,0.480000001,1
L,2017,Mytilus californianus,0.409956231,1
L,2017,Mytilus californianus,0.339925636,1
L,2017,Mytilus californianus,0.269916927,1
L,2017,Mytilus californianus,0.199938816,1
L,2017,Mytilus californianus,0.13,1
L,2017,Mytilus californianus,2.110106092,1
L,2017,Mytilus californianus,2.16803171,1
L,2017,Mytilus californianus,0.921975682,1
L,2017,Mytilus californianus,0.743971718,1
L,2017,Mytilus californianus,0.491956621,1
L,2017,Mytilus californianus,0.240000001,1
L,2017,Mytilus californianus,0.329786334,1
L,2017,Mytilus californianus,0.39,1
L,2017,Mytilus californianus,0.411833508,1
L,2017,Mytilus californianus,0.433747922,1
L,2017,Mytilus californianus,0.455745692,1
L,2017,Mytilus californianus,0.477829047,1
L,2017,Mytilus californianus,0.499999999,1
L,2017,Mytilus californianus,0.471722434,1
L,2017,Mytilus californianus,0.457721359,1
L,2017,Mytilus californianus,0.443813603,1
L,2017,Mytilus californianus,0.43,1
L,2017,Mytilus californianus,0.365809811,1
L,2017,Mytilus californianus,0.301714721,1
L,2017,Mytilus californianus,0.237714844,1
L,2017,Mytilus californianus,0.173810055,1
L,2017,Mytilus californianus,0.109999999,1
L,2017,Mytilus californianus,0.053930119,1
L,2017,Mytilus californianus,0.329999999,1
L,2017,Mytilus californianus,-1.64182e-4,1
L,2021,Mytilus californianus,0.797982478,1
L,2021,Mytilus californianus,0.743997914,1
L,2021,Mytilus californianus,0.73,1
L,2021,Mytilus californianus,0.784059714,1
L,2021,Mytilus californianus,0.73813085,1
L,2021,Mytilus californianus,1.150000003,1
L,2021,Mytilus californianus,1.546242193,1
L,2021,Mytilus californianus,1.564241902,1
L,2021,Mytilus californianus,1.57,1
L,2021,Mytilus californianus,1.554350926,1
L,2021,Mytilus californianus,1.538231708,1
L,2021,Mytilus californianus,1.529999998,1
L,2021,Mytilus californianus,1.354206943,1
L,2021,Mytilus californianus,1.309999999,1
L,2021,Mytilus californianus,1.274069153,1
L,2021,Mytilus californianus,1.238045428,1
L,2021,Mytilus californianus,0.916041124,1
L,2021,Mytilus californianus,0.308060548,1
L,2021,Mytilus californianus,-0.3,1
L,2021,Mytilus californianus,-0.003086815,1
L,2021,Mytilus californianus,0.293565645,1
L,2021,Mytilus californianus,0.441807336,1
L,2021,Mytilus californianus,0.590000002,1
L,2021,Mytilus californianus,0.440063625,1
L,2021,Mytilus californianus,0.365044789,1
L,2021,Mytilus californianus,0.290000001,1
L,2021,Mytilus californianus,1.135998099,1
L,2021,Mytilus californianus,1.032010141,1
L,2021,Mytilus californianus,1.028011323,1
L,2021,Mytilus californianus,0.99600669,1
L,2021,Mytilus californianus,0.844070188,1
L,2021,Mytilus californianus,0.846073133,1
L,2021,Mytilus californianus,0.848050783,1
L,2021,Mytilus californianus,0.850000001,1
L,2021,Mytilus californianus,0.9,1
L,2021,Mytilus californianus,0.940536421,1
L,2021,Mytilus californianus,0.88,1
L,2021,Mytilus californianus,0.840407617,1
L,2021,Mytilus californianus,0.820308099,1
L,2021,Mytilus californianus,1.600707161,1
L,2021,Mytilus californianus,1.616445309,1
L,2021,Mytilus californianus,1.251727597,1
L,2021,Mytilus californianus,1.137290859,1
L,2021,Mytilus californianus,1.250664506,1
L,2021,Mytilus californianus,1.260643789,1
L,2021,Mytilus californianus,1.265395715,1
L,2021,Mytilus californianus,1.269999999,1
L,2021,Mytilus californianus,1.246243285,1
L,2021,Mytilus californianus,1.222356015,1
L,2021,Mytilus californianus,1.198347028,1
L,2021,Mytilus californianus,1.174225316,1
L,2021,Mytilus californianus,1.149999999,1
L,2021,Mytilus californianus,0.456688329,1
L,2021,Mytilus californianus,0.48,1
L,2021,Mytilus californianus,1.34013966,1
L,2021,Mytilus californianus,1.300172723,1
L,2021,Mytilus californianus,1.270000001,1
L,2021,Mytilus californianus,1.246342277,1
L,2021,Mytilus californianus,1.234345155,1
L,2021,Mytilus californianus,1.21,1
L,2021,Mytilus californianus,1.21825354,1
L,2021,Mytilus californianus,1.226382819,1
L,2021,Mytilus californianus,1.249999999,1
L,2021,Mytilus californianus,1.2100684,1
L,2021,Mytilus californianus,1.630066253,1
L,2021,Mytilus californianus,1.616362738,1
L,2021,Mytilus californianus,1.632236323,1
L,2021,Mytilus californianus,1.640000001,1
L,2021,Mytilus californianus,1.660077523,1
L,2021,Mytilus californianus,1.696689756,1
L,2021,Mytilus californianus,0.633489182,1
L,2021,Mytilus californianus,0.620000001,1
L,2021,Mytilus californianus,0.596063488,1
L,2021,Mytilus californianus,0.572087571,1
L,2021,Mytilus californianus,0.524048052,1
L,2021,Mytilus californianus,0.500000001,1
L,2021,Mytilus californianus,0.430000001,1
L,2021,Mytilus californianus,0.314339855,1
L,2021,Mytilus californianus,0.198687314,1
L,2021,Mytilus californianus,0.083050381,1
L,2021,Mytilus californianus,-0.032562958,1
L,2021,Mytilus californianus,1.668246827,1
L,2021,Mytilus californianus,1.6166047,1
L,2021,Mytilus californianus,1.58667642,1
L,2021,Mytilus californianus,1.578453552,1
L,2021,Mytilus californianus,1.57,1
L,2021,Mytilus californianus,1.498178512,1
L,2021,Mytilus californianus,1.342122199,1
L,2021,Mytilus californianus,1.246183881,1
L,2021,Mytilus californianus,1.149999999,1
L,2021,Mytilus californianus,1.132500767,1
L,2021,Mytilus californianus,1.114752266,1
L,2021,Mytilus californianus,1.096753189,1
L,2021,Mytilus californianus,1.059999999,1
L,2021,Mytilus californianus,1.032501895,1
L,2021,Mytilus californianus,1.004751919,1
L,2021,Mytilus californianus,0.976750781,1
L,2021,Mytilus californianus,0.924481847,1
L,2021,Mytilus californianus,0.928719684,1
L,2021,Mytilus californianus,0.932716382,1
L,2021,Mytilus californianus,0.936475245,1
L,2021,Mytilus californianus,0.94,1
L,2021,Mytilus californianus,0.916440537,1
L,2021,Mytilus californianus,0.892655665,1
L,2021,Mytilus californianus,0.868650335,1
L,2021,Mytilus californianus,0.84442988,1
L,2021,Mytilus californianus,0.820000001,1
L,2021,Mytilus californianus,0.830380292,1
L,2021,Mytilus californianus,0.850556612,1
L,2021,Mytilus californianus,0.860366328,1
L,2021,Mytilus californianus,0.870000001,1
L,2021,Mytilus californianus,0.818450492,1
L,2021,Mytilus californianus,0.792442417,1
L,2021,Mytilus californianus,0.766289513,1
L,2021,Mytilus californianus,0.74,1
L,2021,Mytilus californianus,0.708222747,1
L,2021,Mytilus californianus,0.676325633,1
L,2021,Mytilus californianus,0.644317134,1
L,2021,Mytilus californianus,0.612205753,1
L,2021,Mytilus californianus,0.579999999,1
L,2021,Mytilus californianus,1.672144916,1
L,2021,Mytilus californianus,1.72016041,1
L,2021,Mytilus californianus,1.882079277,1
L,2021,Mytilus californianus,1.938057376,1
L,2021,Mytilus californianus,1.646660754,1
L,2021,Mytilus californianus,-0.02,1
L,2021,Mytilus californianus,0.106161747,1
L,2021,Mytilus californianus,0.124469646,1
L,2021,Mytilus californianus,0.142859682,1
L,2021,Mytilus californianus,1.400094539,1
L,2021,Mytilus californianus,1.370063776,1
L,2021,Mytilus californianus,1.34,1
L,2021,Mytilus californianus,1.459999999,1
L,2021,Mytilus californianus,1.272159009,1
L,2021,Mytilus californianus,1.220261187,1
L,2021,Mytilus californianus,1.20026269,1
L,2021,Mytilus californianus,1.180176088,1
L,2021,Mytilus californianus,1.159999999,1
L,2021,Mytilus californianus,1.088185439,1
L,2021,Mytilus californianus,0.944279834,1
L,2021,Mytilus californianus,0.872187033,1
L,2021,Mytilus californianus,0.799999999,1
L,2021,Mytilus californianus,0.725833052,1
L,2021,Mytilus californianus,0.651571128,1
L,2021,Mytilus californianus,0.57721413,1
L,2021,Mytilus californianus,0.570047232,1
L,2021,Mytilus californianus,0.630070721,1
L,2021,Mytilus californianus,0.689999999,1
L,2021,Mytilus californianus,0.680182978,1
L,2021,Mytilus californianus,0.675136609,1
L,2021,Mytilus californianus,0.670000001,1
L,2021,Mytilus californianus,0.664170029,1
L,2021,Mytilus californianus,0.658253032,1
L,2021,Mytilus californianus,0.652250922,1
L,2021,Mytilus californianus,0.646165809,1
L,2021,Mytilus californianus,0.640000002,1
L,2021,Mytilus californianus,0.618145121,1
L,2021,Mytilus californianus,0.418163712,1
L,2021,Mytilus californianus,0.259999999,1
L,2021,Mytilus californianus,0.208037479,1
L,2021,Mytilus californianus,0.182033009,1
L,2021,Mytilus californianus,0.156019023,1
L,2021,Mytilus californianus,0.129999999,1
L,2021,Mytilus californianus,0.13999999900000001,1
L,2021,Mytilus californianus,0.080757264,1
L,2021,Mytilus californianus,0.021667559,1
L,2021,Mytilus californianus,0.002024801,1
L,2021,Mytilus californianus,1.381966402,1
L,2021,Mytilus californianus,1.373948841,1
L,2021,Mytilus californianus,1.35796494,1
L,2021,Mytilus californianus,1.313939776,1
L,2021,Mytilus californianus,1.295939298,1
L,2021,Mytilus californianus,1.277959227,1
L,2021,Mytilus californianus,1.261956033,1
L,2021,Mytilus californianus,1.309951927,1
L,2021,Mytilus californianus,1.307921814,1
L,2021,Mytilus californianus,1.303947519,1
L,2021,Mytilus californianus,1.300000001,1
L,2021,Mytilus californianus,1.305942383,1
L,2021,Mytilus californianus,1.317912028,1
L,2021,Mytilus californianus,1.330000001,1
L,2021,Mytilus californianus,1.32393311,1
L,2021,Mytilus californianus,1.317898559,1
L,2021,Mytilus californianus,1.311897416,1
L,2021,Mytilus californianus,1.305930823,1
L,2021,Mytilus californianus,1.300000001,1
L,2021,Mytilus californianus,1.305920161,1
L,2021,Mytilus californianus,1.311878757,1
L,2021,Mytilus californianus,1.317877235,1
L,2021,Mytilus californianus,1.323917118,1
L,2021,Mytilus californianus,1.33,1
L,2021,Mytilus californianus,1.323903499,1
L,2021,Mytilus californianus,1.317853408,1
L,2021,Mytilus californianus,1.311851533,1
L,2021,Mytilus californianus,1.305899751,1
L,2021,Mytilus californianus,1.3,1
L,2021,Mytilus californianus,1.29988355,1
L,2021,Mytilus californianus,1.299823187,1
L,2021,Mytilus californianus,1.299879225,1
L,2021,Mytilus californianus,1.299999999,1
L,2021,Mytilus californianus,1.273861063,1
L,2021,Mytilus californianus,1.247789249,1
L,2021,Mytilus californianus,1.221786887,1
L,2021,Mytilus californianus,1.195856341,1
L,2021,Mytilus californianus,1.17,1
L,2021,Mytilus californianus,1.157940401,1
L,2021,Mytilus californianus,1.145959858,1
L,2021,Mytilus californianus,1.127935476,1
L,2021,Mytilus californianus,1.12,1
L,2021,Mytilus californianus,0.743953684,1
L,2021,Mytilus californianus,0.64795122,1
L,2021,Mytilus californianus,0.643926217,1
L,2021,Mytilus californianus,0.640000001,1
L,2021,Mytilus californianus,0.611921971,1
L,2021,Mytilus californianus,0,1
L,2021,Mytilus californianus,-0.1559187,1
L,2021,Mytilus californianus,-0.184733018,1
L,2021,Mytilus californianus,-0.213419513,1
L,2021,Mytilus californianus,-0.241976301,1
L,2021,Mytilus californianus,1.584289689,1
L,2021,Mytilus californianus,1.410406062,1
L,2021,Mytilus californianus,1.330403938,1
L,2021,Mytilus californianus,1.250267889,1
L,2021,Mytilus californianus,1.17,1
L,2021,Mytilus californianus,1.1743757,1
L,2021,Mytilus californianus,1.176373803,1
L,2021,Mytilus californianus,1.178247955,1
L,2021,Mytilus californianus,1.136233882,1
L,2021,Mytilus californianus,0.96,1
L,2021,Mytilus californianus,0.954218789,1
L,2021,Mytilus californianus,0.942325449,1
L,2021,Mytilus californianus,0.93,1
L,2021,Mytilus californianus,0.918307853,1
L,2021,Mytilus californianus,0.912306675,1
L,2021,Mytilus californianus,0.906203672,1
L,2021,Mytilus californianus,0.899999999,1
L,2021,Mytilus californianus,0.884192203,1
L,2021,Mytilus californianus,0.88,1
L,2021,Mytilus californianus,0.886182549,1
L,2021,Mytilus californianus,0.892272546,1
L,2021,Mytilus californianus,0.916168219,1
L,2021,Mytilus californianus,0.922250711,1
L,2021,Mytilus californianus,0.940000001,1
L,2021,Mytilus californianus,0.808057419,1
L,2021,Mytilus californianus,0.676037933,1
L,2021,Mytilus californianus,0.755009077,1
L,2021,Mytilus californianus,0.786684134,1
L,2021,Mytilus californianus,0.56,1
L,2021,Mytilus californianus,0.566124698,1
L,2021,Mytilus californianus,0.57218422,1
L,2021,Mytilus californianus,0.578181319,1
L,2021,Mytilus californianus,0.584118897,1
L,2021,Mytilus californianus,0.589999999,1
L,2021,Mytilus californianus,0.438037014,1
L,2021,Mytilus californianus,0.286024096,1
L,2021,Mytilus californianus,0.036001684,1
L,2021,Mytilus californianus,0.039946849,1
L,2021,Mytilus californianus,0.059999999,1
L,2021,Mytilus californianus,1.522170903,1
L,2021,Mytilus californianus,1.280210418,1
L,2021,Mytilus californianus,1.22,1
L,2021,Mytilus californianus,1.200166918,1
L,2021,Mytilus californianus,1.170000001,1
L,2021,Mytilus californianus,1.138020736,1
L,2021,Mytilus californianus,1.084017156,1
L,2021,Mytilus californianus,0.992024824,1
L,2021,Mytilus californianus,0.86604271,1
L,2021,Mytilus californianus,0.832060309,1
L,2021,Mytilus californianus,0.730000003,1
L,2021,Mytilus californianus,0.696004788,1
L,2021,Mytilus californianus,0.662003378,1
L,2021,Mytilus californianus,0.593997193,1
L,2021,Mytilus californianus,0.560000001,1
L,2021,Mytilus californianus,0.533967347,1
L,2021,Mytilus californianus,0.507947367,1
L,2021,Mytilus californianus,0.481943742,1
L,2021,Mytilus californianus,0.455960098,1
L,2021,Mytilus californianus,0.430000002,1
L,2021,Mytilus californianus,0.341976742,1
L,2021,Mytilus californianus,0.253983938,1
L,2021,Mytilus californianus,0.175980714,1
L,2021,Mytilus californianus,0.107970296,1
L,2021,Mytilus californianus,0.043965156,1
L,2021,Mytilus californianus,0.095973709,1
L,2021,Mytilus californianus,0.187959955,1
L,2021,Mytilus californianus,0.279999999,1
L,2021,Mytilus californianus,0.203956065,1
L,2021,Mytilus californianus,0.127970376,1
L,2021,Mytilus californianus,-0.090047563,1
L,2021,Mytilus californianus,-0.090049987,1
L,2021,Mytilus californianus,0.197947184,1
L,2021,Mytilus californianus,0.265964739,1
L,2021,Mytilus californianus,-0.763821886,1
L,2021,Mytilus californianus,-0.724026391,1
L,2021,Mytilus californianus,-0.710621938,1
L,2021,Mytilus californianus,-0.697148858,1
L,2021,Mytilus californianus,1.67,1
L,2021,Mytilus californianus,1.542314331,1
L,2021,Mytilus californianus,1.458305479,1
L,2021,Mytilus californianus,1.43,1
L,2021,Mytilus californianus,1.390102662,1
L,2021,Mytilus californianus,1.350067514,1
L,2021,Mytilus californianus,1.308061633,1
L,2021,Mytilus californianus,1.264090902,1
L,2021,Mytilus californianus,1.220000001,1
L,2021,Mytilus californianus,1.220079476,1
L,2021,Mytilus californianus,1.220051841,1
L,2021,Mytilus californianus,1.200044731,1
L,2021,Mytilus californianus,1.16006526,1
L,2021,Mytilus californianus,1.084051946,1
L,2021,Mytilus californianus,1.048033323,1
L,2021,Mytilus californianus,0.998025304,1
L,2021,Mytilus californianus,0.934035911,1
L,2021,Mytilus californianus,0.870000001,1
L,2021,Mytilus californianus,0.774021325,1
L,2021,Mytilus californianus,0.678012805,1
L,2021,Mytilus californianus,0.540004217,1
L,2021,Mytilus californianus,0.480000001,1
L,2021,Mytilus californianus,0.409956231,1
L,2021,Mytilus californianus,0.339925636,1
L,2021,Mytilus californianus,0.269916927,1
L,2021,Mytilus californianus,0.13,1
L,2021,Mytilus californianus,-0.062030442,1
L,2021,Mytilus californianus,1.289982015,1
L,2021,Mytilus californianus,1.209971938,1
L,2021,Mytilus californianus,1.129999999,1
L,2021,Mytilus californianus,1.025964545,1
L,2021,Mytilus californianus,0.921975682,1
L,2021,Mytilus californianus,0.743971718,1
L,2021,Mytilus californianus,0.491956621,1
L,2021,Mytilus californianus,0.455745692,1
L,2021,Mytilus californianus,0.477829047,1
L,2021,Mytilus californianus,0.499999999,1
L,2021,Mytilus californianus,0.485815752,1
L,2021,Mytilus californianus,0.471722434,1
L,2021,Mytilus californianus,0.457721359,1
L,2021,Mytilus californianus,0.443813603,1
L,2021,Mytilus californianus,0.43,1
L,2021,Mytilus californianus,0.365809811,1
L,2021,Mytilus californianus,0.301714721,1
L,2021,Mytilus californianus,0.237714844,1
L,2021,Mytilus californianus,0.173810055,1
L,2021,Mytilus californianus,0.109999999,1
F,2010,Mytilus californianus,0.679999999,1
F,2010,Postelsia palmaeformis,-1.033139821,1
F,2010,Postelsia palmaeformis,-0.889697057,1
F,2010,Postelsia palmaeformis,0.665488314,1
F,2010,Postelsia palmaeformis,0.400026293,1
F,2014,Mytilus californianus,0.688653062,1
F,2014,Mytilus californianus,0.679999999,1
F,2014,Postelsia palmaeformis,0.806394469,1
F,2014,Mytilus californianus,0.636124565,1
F,2014,Postelsia palmaeformis,-0.474999999,1
F,2014,Postelsia palmaeformis,0.770144459,1
F,2014,Postelsia palmaeformis,-0.105,1
F,2014,Postelsia palmaeformis,0.705000002,1
F,2014,Postelsia palmaeformis,-0.889697057,1
F,2014,Postelsia palmaeformis,-0.28,1
F,2014,Postelsia palmaeformis,0.709893204,1
F,2014,Postelsia palmaeformis,0.535,1
F,2014,Postelsia palmaeformis,0.665488314,1
F,2014,Postelsia palmaeformis,0.400026293,1
F,2014,Postelsia palmaeformis,-0.890000001,1
F,2020,Mytilus californianus,0.837844986,1
F,2020,Mytilus californianus,0.825123971,1
F,2020,Mytilus californianus,0.688653062,1
F,2020,Mytilus californianus,0.679999999,1
F,2020,Mytilus californianus,0.806674294,1
F,2020,Postelsia palmaeformis,0.458774138,1
F,2020,Postelsia palmaeformis,0.764044315,1
F,2020,Postelsia palmaeformis,0.292170164,1
F,2020,Mytilus californianus,0.384999999,1
F,2020,Postelsia palmaeformis,0.605000001,1
F,2020,Mytilus californianus,0.842141582,1
F,2020,Postelsia palmaeformis,0.842141582,1
F,2020,Postelsia palmaeformis,0.806394469,1
F,2020,Postelsia palmaeformis,0.636124565,1
F,2020,Mytilus californianus,0.599999999,1
F,2020,Mytilus californianus,0.581982445,1
F,2020,Postelsia palmaeformis,0.705000002,1
F,2020,Postelsia palmaeformis,0.77854997,1
F,2020,Postelsia palmaeformis,0.53117956,1
F,2020,Postelsia palmaeformis,0.884999997,1
F,2020,Postelsia palmaeformis,0.709893204,1
F,2020,Postelsia palmaeformis,0.535,1
F,2020,Mytilus californianus,0.606863636,1
F,2020,Mytilus californianus,0.406311278,1
F,2020,Mytilus californianus,0.47,1
F,2020,Postelsia palmaeformis,0.400026293,1
F,2020,Postelsia palmaeformis,-0.890000001,1
H,2001,Mytilus californianus,0.79,1
H,2001,Mytilus californianus,0.69595,1
H,2001,Mytilus californianus,1.36,1
H,2001,Mytilus californianus,1.36061,1
H,2001,Mytilus californianus,1.36045,1
H,2001,Mytilus californianus,1.36,1
H,2001,Mytilus californianus,0.67464,1
H,2001,Mytilus californianus,0.28004,1
H,2001,Mytilus californianus,1.09912,1
H,2001,Mytilus californianus,1.41697,1
H,2001,Mytilus californianus,1.73355,1
H,2001,Mytilus californianus,1.51881,1
H,2001,Mytilus californianus,1.30466,1
H,2001,Mytilus californianus,0.59342,1
H,2001,Mytilus californianus,0.84001,1
H,2001,Mytilus californianus,0.75751,1
H,2001,Mytilus californianus,0.62478,1
H,2001,Mytilus californianus,0.61,1
H,2001,Mytilus californianus,0.75117,1
H,2001,Mytilus californianus,0.37175,1
H,2001,Mytilus californianus,1.07045,1
H,2001,Mytilus californianus,1.31,1
H,2001,Mytilus californianus,1.17755,1
H,2001,Mytilus californianus,1.04422,1
H,2001,Mytilus californianus,0.91,1
H,2001,Mytilus californianus,1.02005,1
H,2001,Mytilus californianus,0.89677,1
H,2001,Mytilus californianus,0.96,1
H,2001,Mytilus californianus,0.77,1
H,2001,Mytilus californianus,0.70399,1
H,2001,Mytilus californianus,0.63906,1
H,2001,Mytilus californianus,0.34586,1
H,2001,Mytilus californianus,1.03894,1
H,2001,Mytilus californianus,1.21018,1
H,2001,Mytilus californianus,1.19207,1
H,2001,Mytilus californianus,0.85249,1
H,2001,Mytilus californianus,0.51226,1
H,2001,Mytilus californianus,0.17058,1
H,2001,Mytilus californianus,0.43761,1
H,2001,Mytilus californianus,0.88123,1
H,2001,Mytilus californianus,0.55001,1
H,2001,Mytilus californianus,1.04426,1
H,2001,Mytilus californianus,0.98503,1
H,2001,Mytilus californianus,0.90458,1
H,2001,Mytilus californianus,1.01,1
H,2001,Mytilus californianus,0.54727,1
H,2001,Mytilus californianus,0.16703,1
H,2001,Mytilus californianus,0.76172,1
H,2001,Mytilus californianus,1.0457,1
H,2001,Mytilus californianus,1.03219,1
H,2001,Mytilus californianus,0.80674,1
H,2001,Mytilus californianus,0.86405,1
H,2001,Mytilus californianus,0.57005,1
H,2001,Postelsia palmaeformis,-0.3438,1
H,2001,Mytilus californianus,-0.3624,1
H,2001,Postelsia palmaeformis,0.58566,1
H,2001,Mytilus californianus,0.82331,1
H,2001,Postelsia palmaeformis,0.82331,1
H,2001,Mytilus californianus,1.06,1
H,2001,Mytilus californianus,0.79041,1
H,2001,Mytilus californianus,0.52,1
H,2001,Mytilus californianus,0.81,1
H,2001,Mytilus californianus,1.2,1
H,2001,Mytilus californianus,1.24381,1
H,2001,Mytilus californianus,1.15276,1
H,2001,Mytilus californianus,0.8594,1
H,2001,Postelsia palmaeformis,0.53022,1
H,2001,Postelsia palmaeformis,0.66017,1
H,2001,Mytilus californianus,0.62,1
H,2001,Mytilus californianus,0.12291,1
H,2001,Mytilus californianus,1.40703,1
H,2001,Mytilus californianus,1.50411,1
H,2001,Mytilus californianus,1.50905,1
H,2001,Mytilus californianus,0.82517,1
H,2001,Postelsia palmaeformis,0.40662,1
H,2001,Postelsia palmaeformis,0.69853,1
H,2001,Mytilus californianus,0.8446,1
H,2001,Postelsia palmaeformis,0.64709,1
H,2001,Mytilus californianus,0.79512,1
H,2001,Mytilus californianus,1.07073,1
H,2001,Mytilus californianus,1.34523,1
H,2001,Mytilus californianus,1.39145,1
H,2001,Mytilus californianus,1.37983,1
H,2001,Mytilus californianus,1.27292,1
H,2001,Mytilus californianus,0.78715,1
H,2001,Mytilus californianus,0.77,1
H,2001,Postelsia palmaeformis,-0.4146,1
H,2001,Postelsia palmaeformis,-0.1824,1
H,2001,Mytilus californianus,0.28575,1
H,2001,Mytilus californianus,0.51941,1
H,2001,Mytilus californianus,0.47065,1
H,2005,Mytilus californianus,0.81,1
H,2005,Mytilus californianus,0.79,1
H,2005,Mytilus californianus,0.69595,1
H,2005,Mytilus californianus,1.36061,1
H,2005,Mytilus californianus,1.36045,1
H,2005,Mytilus californianus,1.36,1
H,2005,Mytilus californianus,1.01752,1
H,2005,Mytilus californianus,0.67464,1
H,2005,Mytilus californianus,0.28004,1
H,2005,Mytilus californianus,-0.99,1
H,2005,Mytilus californianus,1.09912,1
H,2005,Mytilus californianus,1.41697,1
H,2005,Mytilus californianus,1.73355,1
H,2005,Mytilus californianus,1.73225,1
H,2005,Mytilus californianus,1.51881,1
H,2005,Mytilus californianus,1.30466,1
H,2005,Mytilus californianus,1.08919,1
H,2005,Mytilus californianus,0.59342,1
H,2005,Mytilus californianus,0.845,1
H,2005,Mytilus californianus,0.84001,1
H,2005,Mytilus californianus,0.75751,1
H,2005,Mytilus californianus,0.62478,1
H,2005,Mytilus californianus,0.75117,1
H,2005,Mytilus californianus,0.65762,1
H,2005,Mytilus californianus,0.37175,1
H,2005,Mytilus californianus,1.07045,1
H,2005,Mytilus californianus,1.31,1
H,2005,Mytilus californianus,1.17755,1
H,2005,Mytilus californianus,1.04422,1
H,2005,Mytilus californianus,0.91,1
H,2005,Mytilus californianus,1.09822,1
H,2005,Mytilus californianus,0.7245,1
H,2005,Mytilus californianus,0.42217,1
H,2005,Mytilus californianus,0.96,1
H,2005,Mytilus californianus,0.69,1
H,2005,Mytilus californianus,0.77,1
H,2005,Mytilus californianus,0.70399,1
H,2005,Mytilus californianus,1.03894,1
H,2005,Mytilus californianus,1.21018,1
H,2005,Mytilus californianus,1.19207,1
H,2005,Mytilus californianus,0.85249,1
H,2005,Mytilus californianus,0.51226,1
H,2005,Mytilus californianus,0.17058,1
H,2005,Mytilus californianus,1.04487,1
H,2005,Mytilus californianus,0.48,1
H,2005,Mytilus californianus,0.4899,1
H,2005,Mytilus californianus,0.4899,1
H,2005,Mytilus californianus,-0.29,1
H,2005,Mytilus californianus,1.02665,1
H,2005,Mytilus californianus,0.8,1
H,2005,Mytilus californianus,0.90458,1
H,2005,Postelsia palmaeformis,-0.1766,1
H,2005,Postelsia palmaeformis,0.27016,1
H,2005,Postelsia palmaeformis,-0.0295,1
H,2005,Mytilus californianus,0.94634,1
H,2005,Mytilus californianus,1.01,1
H,2005,Mytilus californianus,0.7,1
H,2005,Mytilus californianus,0.80674,1
H,2005,Mytilus californianus,0.86405,1
H,2005,Postelsia palmaeformis,0.58566,1
H,2005,Postelsia palmaeformis,0.82331,1
H,2005,Mytilus californianus,0.52,1
H,2005,Mytilus californianus,0.96,1
H,2005,Mytilus californianus,0.69337,1
H,2005,Mytilus californianus,0.81,1
H,2005,Mytilus californianus,1.2,1
H,2005,Mytilus californianus,1.24381,1
H,2005,Mytilus californianus,1.15276,1
H,2005,Mytilus californianus,0.8594,1
H,2005,Mytilus californianus,0.5657,1
H,2005,Postelsia palmaeformis,0.53022,1
H,2005,Postelsia palmaeformis,0.66017,1
H,2005,Postelsia palmaeformis,0.79012,1
H,2005,Postelsia palmaeformis,0.92,1
H,2005,Mytilus californianus,0.62,1
H,2005,Mytilus californianus,0.94219,1
H,2005,Mytilus californianus,1.40703,1
H,2005,Mytilus californianus,1.50411,1
H,2005,Mytilus californianus,1.50905,1
H,2005,Mytilus californianus,0.82517,1
H,2005,Postelsia palmaeformis,0.40662,1
H,2005,Postelsia palmaeformis,0.55258,1
H,2005,Postelsia palmaeformis,0.69853,1
H,2005,Postelsia palmaeformis,0.8446,1
H,2005,Mytilus californianus,1.07073,1
H,2005,Mytilus californianus,1.34523,1
H,2005,Mytilus californianus,1.39145,1
H,2005,Mytilus californianus,1.37983,1
H,2005,Mytilus californianus,1.27292,1
H,2005,Mytilus californianus,0.78715,1
H,2005,Mytilus californianus,0.77,1
H,2005,Mytilus californianus,0.28575,1
H,2005,Mytilus californianus,0.8957,1
H,2005,Mytilus californianus,0.92367,1
H,2005,Mytilus californianus,0.49146,1
H,2010,Mytilus californianus,0.6957,1
H,2010,Mytilus californianus,0.69602,1
H,2010,Mytilus californianus,0.81,1
H,2010,Mytilus californianus,0.79978,1
H,2010,Mytilus californianus,0.79,1
H,2010,Mytilus californianus,0.69595,1
H,2010,Mytilus californianus,0.87581,1
H,2010,Mytilus californianus,0.80055,1
H,2010,Mytilus californianus,1.36,1
H,2010,Mytilus californianus,1.36061,1
H,2010,Mytilus californianus,1.36045,1
H,2010,Mytilus californianus,-0.99,1
H,2010,Mytilus californianus,1.31337,1
H,2010,Mytilus californianus,0.845,1
H,2010,Mytilus californianus,1.0686,1
H,2010,Mytilus californianus,0.99,1
H,2010,Mytilus californianus,0.75751,1
H,2010,Mytilus californianus,0.59723,1
H,2010,Mytilus californianus,0.64,1
H,2010,Mytilus californianus,0.62478,1
H,2010,Mytilus californianus,0.61,1
H,2010,Mytilus californianus,0.75117,1
H,2010,Mytilus californianus,0.65762,1
H,2010,Mytilus californianus,0.15287,1
H,2010,Mytilus californianus,0.37175,1
H,2010,Mytilus californianus,1.07045,1
H,2010,Mytilus californianus,1.31,1
H,2010,Mytilus californianus,1.17755,1
H,2010,Mytilus californianus,1.04422,1
H,2010,Mytilus californianus,0.91,1
H,2010,Mytilus californianus,0.34,1
H,2010,Mytilus californianus,0.48,1
H,2010,Mytilus californianus,0.4899,1
H,2010,Mytilus californianus,0.5,1
H,2010,Mytilus californianus,0.55001,1
H,2010,Mytilus californianus,1.01,1
H,2010,Mytilus californianus,0.66008,1
H,2010,Mytilus californianus,0.84512,1
H,2010,Mytilus californianus,0.7,1
H,2010,Mytilus californianus,0.80674,1
H,2010,Mytilus californianus,0.86405,1
H,2010,Mytilus californianus,-0.3624,1
H,2010,Mytilus californianus,-0.095,1
H,2010,Postelsia palmaeformis,0.11,1
H,2010,Postelsia palmaeformis,0.34808,1
H,2010,Postelsia palmaeformis,0.58566,1
H,2010,Postelsia palmaeformis,0.82331,1
H,2010,Mytilus californianus,1.06,1
H,2010,Mytilus californianus,0.79041,1
H,2010,Mytilus californianus,0.94219,1
H,2010,Mytilus californianus,1.40703,1
H,2010,Mytilus californianus,1.50411,1
H,2010,Mytilus californianus,1.50905,1
H,2010,Mytilus californianus,-0.0312,1
H,2010,Postelsia palmaeformis,0.55258,1
H,2010,Mytilus californianus,0.69853,1
H,2010,Mytilus californianus,1.01001,1
H,2010,Mytilus californianus,0.8957,1
H,2010,Mytilus californianus,0.92367,1
H,2010,Mytilus californianus,-0.3737,1
H,2018,Mytilus californianus,0.81,1
H,2018,Mytilus californianus,0.79978,1
H,2018,Mytilus californianus,0.79,1
H,2018,Mytilus californianus,0.69595,1
H,2018,Mytilus californianus,0.60218,1
H,2018,Mytilus californianus,0.80494,1
H,2018,Mytilus californianus,1.36,1
H,2018,Mytilus californianus,1.36061,1
H,2018,Mytilus californianus,1.36045,1
H,2018,Mytilus californianus,1.36,1
H,2018,Mytilus californianus,1.01752,1
H,2018,Mytilus californianus,0.67464,1
H,2018,Mytilus californianus,0.28004,1
H,2018,Mytilus californianus,-0.99,1
H,2018,Mytilus californianus,-0.96,1
H,2018,Mytilus californianus,0.34548,1
H,2018,Mytilus californianus,0.78,1
H,2018,Mytilus californianus,1.09912,1
H,2018,Mytilus californianus,1.41697,1
H,2018,Mytilus californianus,1.73355,1
H,2018,Mytilus californianus,1.73225,1
H,2018,Mytilus californianus,1.51881,1
H,2018,Mytilus californianus,1.30466,1
H,2018,Mytilus californianus,1.08919,1
H,2018,Mytilus californianus,0.59342,1
H,2018,Mytilus californianus,1.0686,1
H,2018,Mytilus californianus,0.99,1
H,2018,Mytilus californianus,0.75751,1
H,2018,Mytilus californianus,0.64,1
H,2018,Mytilus californianus,0.62478,1
H,2018,Mytilus californianus,0.61,1
H,2018,Mytilus californianus,0.75117,1
H,2018,Mytilus californianus,0.65762,1
H,2018,Mytilus californianus,0.56516,1
H,2018,Mytilus californianus,0.47611,1
H,2018,Mytilus californianus,0.38462,1
H,2018,Mytilus californianus,-0.0662,1
H,2018,Mytilus californianus,0.15287,1
H,2018,Mytilus californianus,0.37175,1
H,2018,Mytilus californianus,0.83,1
H,2018,Mytilus californianus,1.07045,1
H,2018,Mytilus californianus,1.31,1
H,2018,Mytilus californianus,1.17755,1
H,2018,Mytilus californianus,0.91,1
H,2018,Mytilus californianus,0.66,1
H,2018,Mytilus californianus,0.89677,1
H,2018,Mytilus californianus,0.7245,1
H,2018,Mytilus californianus,0.89,1
H,2018,Mytilus californianus,0.96,1
H,2018,Mytilus californianus,0.69,1
H,2018,Mytilus californianus,0.77,1
H,2018,Mytilus californianus,0.63906,1
H,2018,Mytilus californianus,0.57268,1
H,2018,Mytilus californianus,0.50647,1
H,2018,Mytilus californianus,0.0155,1
H,2018,Mytilus californianus,0.43316,1
H,2018,Mytilus californianus,1.03894,1
H,2018,Mytilus californianus,1.21018,1
H,2018,Mytilus californianus,1.19207,1
H,2018,Mytilus californianus,0.85249,1
H,2018,Mytilus californianus,0.51226,1
H,2018,Mytilus californianus,0.17058,1
H,2018,Mytilus californianus,0.41669,1
H,2018,Mytilus californianus,0.48,1
H,2018,Mytilus californianus,0.4899,1
H,2018,Mytilus californianus,0.5,1
H,2018,Mytilus californianus,0.63708,1
H,2018,Mytilus californianus,0.90458,1
H,2018,Mytilus californianus,1.01,1
H,2018,Mytilus californianus,0.54727,1
H,2018,Mytilus californianus,0.16703,1
H,2018,Mytilus californianus,0.76172,1
H,2018,Mytilus californianus,0.27077,1
H,2018,Mytilus californianus,0.96,1
H,2018,Mytilus californianus,0.63044,1
H,2018,Mytilus californianus,0.7,1
H,2018,Mytilus californianus,0.80674,1
H,2018,Mytilus californianus,0.86405,1
H,2018,Mytilus californianus,0.57005,1
H,2018,Mytilus californianus,-0.3624,1
H,2018,Mytilus californianus,-0.095,1
H,2018,Mytilus californianus,0.58566,1
H,2018,Mytilus californianus,0.82331,1
H,2018,Mytilus californianus,1.06,1
H,2018,Mytilus californianus,0.08049,1
H,2018,Mytilus californianus,-0.3596,1
H,2018,Mytilus californianus,0.77,1
H,2018,Mytilus californianus,0.96,1
H,2018,Mytilus californianus,0.63,1
H,2018,Mytilus californianus,0.69337,1
H,2018,Mytilus californianus,1.2,1
H,2018,Mytilus californianus,1.24381,1
H,2018,Mytilus californianus,0.8594,1
H,2018,Mytilus californianus,0.5657,1
H,2018,Mytilus californianus,0.40166,1
H,2018,Mytilus californianus,0.53022,1
H,2018,Mytilus californianus,0.66017,1
H,2018,Mytilus californianus,0.79012,1
H,2018,Mytilus californianus,0.92,1
H,2018,Mytilus californianus,0.91998,1
H,2018,Mytilus californianus,0.62,1
H,2018,Mytilus californianus,0.94219,1
H,2018,Mytilus californianus,1.40703,1
H,2018,Mytilus californianus,1.50905,1
H,2018,Mytilus californianus,0.82517,1
H,2018,Mytilus californianus,-0.8872,1
H,2018,Mytilus californianus,-0.895,1
H,2018,Mytilus californianus,0.8446,1
H,2018,Mytilus californianus,0.99,1
H,2018,Mytilus californianus,0.64709,1
H,2018,Mytilus californianus,0.30368,1
H,2018,Mytilus californianus,-0.04,1
H,2018,Mytilus californianus,1.12008,1
H,2018,Mytilus californianus,1.04605,1
H,2018,Mytilus californianus,0.77368,1
H,2018,Mytilus californianus,0.23,1
H,2018,Mytilus californianus,0.79512,1
H,2018,Mytilus californianus,1.07073,1
H,2018,Mytilus californianus,1.34523,1
H,2018,Mytilus californianus,1.39145,1
H,2018,Mytilus californianus,1.37983,1
H,2018,Mytilus californianus,1.27292,1
H,2018,Mytilus californianus,0.77,1
H,2018,Mytilus californianus,0.20235,1
H,2018,Mytilus californianus,0.285,1
H,2018,Mytilus californianus,-0.92,1
H,2018,Mytilus californianus,1.01001,1
H,2018,Mytilus californianus,0.28,1
H,2018,Mytilus californianus,0.49912,1
H,2018,Mytilus californianus,0.8957,1
H,2018,Mytilus californianus,0.92367,1
H,2018,Mytilus californianus,0.81199,1
H,2018,Mytilus californianus,0.49146,1
H,2018,Mytilus californianus,-0.4733,1
H,2018,Mytilus californianus,-0.7408,1
H,2020,Mytilus californianus,0.81,1
H,2020,Mytilus californianus,0.79978,1
H,2020,Mytilus californianus,0.79,1
H,2020,Mytilus californianus,0.69595,1
H,2020,Mytilus californianus,0.60218,1
H,2020,Mytilus californianus,0.87581,1
H,2020,Mytilus californianus,0.80494,1
H,2020,Mytilus californianus,0.73422,1
H,2020,Mytilus californianus,0.53288,1
H,2020,Mytilus californianus,0.80055,1
H,2020,Mytilus californianus,1.36,1
H,2020,Mytilus californianus,1.36061,1
H,2020,Mytilus californianus,1.36045,1
H,2020,Mytilus californianus,1.36,1
H,2020,Mytilus californianus,1.01752,1
H,2020,Mytilus californianus,0.67464,1
H,2020,Mytilus californianus,0.28004,1
H,2020,Mytilus californianus,-0.99,1
H,2020,Mytilus californianus,1.31337,1
H,2020,Mytilus californianus,0.845,1
H,2020,Mytilus californianus,0.99,1
H,2020,Mytilus californianus,0.84001,1
H,2020,Mytilus californianus,0.75751,1
H,2020,Mytilus californianus,0.65235,1
H,2020,Mytilus californianus,0.24885,1
H,2020,Mytilus californianus,0.62478,1
H,2020,Mytilus californianus,0.61,1
H,2020,Mytilus californianus,0.75117,1
H,2020,Mytilus californianus,0.65762,1
H,2020,Mytilus californianus,0.56516,1
H,2020,Mytilus californianus,0.38462,1
H,2020,Mytilus californianus,0.15287,1
H,2020,Mytilus californianus,0.83,1
H,2020,Mytilus californianus,1.07045,1
H,2020,Mytilus californianus,1.31,1
H,2020,Mytilus californianus,1.17755,1
H,2020,Mytilus californianus,1.04422,1
H,2020,Mytilus californianus,0.91,1
H,2020,Mytilus californianus,0.67,1
H,2020,Mytilus californianus,0.41669,1
H,2020,Mytilus californianus,0.47066,1
H,2020,Mytilus californianus,0.5,1
H,2020,Mytilus californianus,0.88123,1
H,2020,Mytilus californianus,0.55001,1
H,2020,Mytilus californianus,-0.29,1
H,2020,Mytilus californianus,0.0498,1
H,2020,Mytilus californianus,0.12491,1
H,2020,Mytilus californianus,0.12276,1
H,2020,Mytilus californianus,0.28,1
H,2020,Mytilus californianus,0.6,1
H,2020,Mytilus californianus,0.96,1
H,2020,Mytilus californianus,0.87,1
H,2020,Mytilus californianus,0.63044,1
H,2020,Mytilus californianus,0.68,1
H,2020,Mytilus californianus,0.7,1
H,2020,Mytilus californianus,0.80674,1
H,2020,Mytilus californianus,0.86405,1
H,2020,Mytilus californianus,0.57005,1
H,2020,Mytilus californianus,0.22009,1
H,2020,Mytilus californianus,0.11,1
H,2020,Mytilus californianus,0.34808,1
H,2020,Mytilus californianus,0.58566,1
H,2020,Mytilus californianus,0.82331,1
H,2020,Mytilus californianus,1.06,1
H,2020,Mytilus californianus,0.79041,1
H,2020,Mytilus californianus,0.52,1
H,2020,Mytilus californianus,0.08049,1
H,2020,Mytilus californianus,-0.3596,1
H,2020,Mytilus californianus,0.35,1
H,2020,Mytilus californianus,0.39181,1
H,2020,Mytilus californianus,0.94219,1
H,2020,Mytilus californianus,1.40703,1
H,2020,Mytilus californianus,1.50411,1
H,2020,Mytilus californianus,-0.8872,1
H,2020,Mytilus californianus,-0.895,1
H,2020,Mytilus californianus,0.69853,1
H,2020,Mytilus californianus,0.8446,1
H,2020,Mytilus californianus,0.99,1
H,2020,Mytilus californianus,0.64709,1
H,2020,Mytilus californianus,0.30368,1
H,2020,Mytilus californianus,-0.04,1
H,2020,Mytilus californianus,0.13018,1
H,2020,Mytilus californianus,0.28,1
H,2020,Mytilus californianus,0.49912,1
H,2020,Mytilus californianus,0.8957,1
H,2020,Mytilus californianus,0.92367,1
H,2020,Mytilus californianus,0.81199,1
H,2020,Mytilus californianus,0.49146,1
H,2020,Mytilus californianus,-0.0859,1
A,2013,Mytilus californianus,3.551061178,1
A,2013,Mytilus californianus,3.538756263,1
A,2013,Mytilus californianus,3.532595649,1
A,2013,Mytilus californianus,3.526431804,1
A,2013,Mytilus californianus,3.520266382,1
A,2013,Mytilus californianus,3.51410104,1
A,2013,Mytilus californianus,3.507937431,1
A,2013,Mytilus californianus,3.501777207,1
A,2013,Mytilus californianus,3.49562202,1
A,2013,Mytilus californianus,3.489473514,1
A,2013,Mytilus californianus,3.483333334,1
A,2013,Mytilus californianus,3.477261805,1
A,2013,Mytilus californianus,3.471201871,1
A,2013,Mytilus californianus,3.465155159,1
A,2013,Mytilus californianus,3.459123288,1
A,2013,Mytilus californianus,3.45310787,1
A,2013,Mytilus californianus,3.447110507,1
A,2013,Mytilus californianus,3.441132793,1
A,2013,Mytilus californianus,3.429242638,1
A,2013,Mytilus californianus,3.36732169,1
A,2013,Mytilus californianus,4.806692956,1
A,2013,Mytilus californianus,4.684694775,1
A,2013,Mytilus californianus,4.623612806,1
A,2013,Mytilus californianus,4.562476896,1
A,2013,Mytilus californianus,4.440047315,1
A,2013,Mytilus californianus,4.317414373,1
A,2013,Mytilus californianus,4.256024339,1
A,2013,Mytilus californianus,4.133102715,1
A,2013,Mytilus californianus,4.071573411,1
A,2013,Mytilus californianus,4.010000002,1
A,2013,Mytilus californianus,3.991256557,1
A,2013,Mytilus californianus,3.972471403,1
A,2013,Mytilus californianus,3.953645765,1
A,2013,Mytilus californianus,3.934780883,1
A,2013,Mytilus californianus,3.915878015,1
A,2013,Mytilus californianus,3.896938432,1
A,2013,Mytilus californianus,3.877963421,1
A,2013,Mytilus californianus,3.858954284,1
A,2013,Mytilus californianus,3.839912335,1
A,2013,Mytilus californianus,3.820838903,1
A,2013,Mytilus californianus,3.801735328,1
A,2013,Mytilus californianus,3.78260296,1
A,2013,Mytilus californianus,3.763443164,1
A,2013,Mytilus californianus,3.744257311,1
A,2013,Mytilus californianus,3.725046784,1
A,2013,Mytilus californianus,3.705812974,1
A,2013,Mytilus californianus,3.686557281,1
A,2013,Mytilus californianus,3.66728111,1
A,2013,Mytilus californianus,3.647985875,1
A,2013,Mytilus californianus,3.59,1
A,2013,Mytilus californianus,3.545016455,1
A,2013,Mytilus californianus,3.500020983,1
A,2013,Mytilus californianus,3.455015019,1
A,2013,Mytilus californianus,3.410000003,1
A,2013,Mytilus californianus,3.306463144,1
A,2013,Mytilus californianus,2.995821239,1
A,2013,Mytilus californianus,2.374525086,1
A,2013,Mytilus californianus,2.270990656,1
A,2013,Mytilus californianus,1.960440866,1
A,2013,Mytilus californianus,5.09963392,1
A,2013,Mytilus californianus,5.009027444,1
A,2013,Mytilus californianus,4.872677883,1
A,2013,Mytilus californianus,4.735817483,1
A,2013,Mytilus californianus,4.690087476,1
A,2013,Mytilus californianus,4.644303942,1
A,2013,Mytilus californianus,4.598467772,1
A,2013,Mytilus californianus,4.460652801,1
A,2013,Mytilus californianus,4.414615586,1
A,2013,Mytilus californianus,4.368530627,1
A,2013,Mytilus californianus,4.322398981,1
A,2013,Mytilus californianus,4.229999995,1
A,2013,Mytilus californianus,4.117935348,1
A,2013,Mytilus californianus,4.005828494,1
A,2013,Mytilus californianus,3.893680612,1
A,2013,Mytilus californianus,3.669266564,1
A,2013,Postelsia palmaeformis,3.557002848,1
A,2013,Postelsia palmaeformis,3.444703001,1
A,2013,Postelsia palmaeformis,3.33236829,1
A,2013,Postelsia palmaeformis,3.219999998,1
A,2013,Postelsia palmaeformis,3.200134768,1
A,2013,Mytilus californianus,3.180238565,1
A,2013,Mytilus californianus,3.140358532,1
A,2013,Mytilus californianus,3.120377377,1
A,2013,Mytilus californianus,3.100370595,1
A,2013,Mytilus californianus,3.080339543,1
A,2013,Mytilus californianus,3.060285586,1
A,2013,Mytilus californianus,3.040210092,1
A,2013,Mytilus californianus,3.020114436,1
A,2013,Mytilus californianus,2.999999994,1
A,2013,Mytilus californianus,2.915035476,1
A,2013,Mytilus californianus,2.830054929,1
A,2013,Postelsia palmaeformis,2.575030892,1
A,2013,Mytilus californianus,2.489999995,1
A,2013,Postelsia palmaeformis,2.489999995,1
A,2013,Postelsia palmaeformis,2.357159513,1
A,2013,Mytilus californianus,1.958596688,1
A,2013,Mytilus californianus,1.825733111,1
A,2013,Mytilus californianus,1.559999996,1
A,2013,Mytilus californianus,5.293226736,1
A,2013,Mytilus californianus,5.183796668,1
A,2013,Mytilus californianus,5.129058235,1
A,2013,Mytilus californianus,5.019545609,1
A,2013,Mytilus californianus,4.798557905,1
A,2013,Mytilus californianus,4.742836563,1
A,2013,Mytilus californianus,4.687117934,1
A,2013,Mytilus californianus,4.63140419,1
A,2013,Mytilus californianus,4.378122126,1
A,2013,Mytilus californianus,4.307205521,1
A,2013,Postelsia palmaeformis,4.165427497,1
A,2013,Mytilus californianus,4.094570245,1
A,2013,Mytilus californianus,4.023736918,1
A,2013,Mytilus californianus,3.952929558,1
A,2013,Mytilus californianus,3.88215019,1
A,2013,Mytilus californianus,3.81140082,1
A,2013,Postelsia palmaeformis,3.740683436,1
A,2013,Postelsia palmaeformis,3.670000004,1
A,2013,Mytilus californianus,4.585845921,1
A,2013,Mytilus californianus,4.508678227,1
A,2013,Mytilus californianus,4.482946998,1
A,2013,Mytilus californianus,4.405738394,1
A,2013,Mytilus californianus,4.380000002,1
A,2013,Mytilus californianus,4.356983104,1
A,2013,Mytilus californianus,4.333967448,1
A,2013,Mytilus californianus,4.310953947,1
A,2013,Mytilus californianus,4.287943531,1
A,2013,Mytilus californianus,4.241935765,1
A,2013,Mytilus californianus,4.195951921,1
A,2013,Mytilus californianus,4.172971464,1
A,2013,Mytilus californianus,4.047680373,1
A,2013,Mytilus californianus,3.996538222,1
A,2013,Mytilus californianus,3.94540926,1
A,2013,Mytilus californianus,3.894294559,1
A,2013,Postelsia palmaeformis,3.843195196,1
A,2013,Postelsia palmaeformis,3.741046827,1
A,2013,Mytilus californianus,4.246867855,1
A,2013,Mytilus californianus,4.262912551,1
A,2013,Mytilus californianus,4.265934577,1
A,2013,Mytilus californianus,4.27464057,1
A,2013,Mytilus californianus,4.292955271,1
A,2013,Mytilus californianus,4.297702931,1
A,2013,Mytilus californianus,4.3,1
A,2013,Mytilus californianus,4.111257201,1
A,2013,Mytilus californianus,4.100393325,1
A,2013,Mytilus californianus,4.067599079,1
A,2013,Mytilus californianus,4.034517812,1
A,2013,Mytilus californianus,4.023430659,1
A,2013,Mytilus californianus,4.012314787,1
A,2013,Mytilus californianus,3.990000001,1
A,2013,Mytilus californianus,3.827202869,1
A,2013,Mytilus californianus,3.663839554,1
A,2013,Mytilus californianus,3.63110694,1
A,2013,Mytilus californianus,3.59835599,1
A,2013,Mytilus californianus,3.565587394,1
A,2013,Mytilus californianus,3.5328018390000002,1
A,2013,Mytilus californianus,3.499999999,1
A,2013,Mytilus californianus,3.436212529,1
A,2013,Mytilus californianus,3.414921868,1
A,2013,Mytilus californianus,3.393618191,1
A,2013,Mytilus californianus,3.372302127,1
A,2013,Mytilus californianus,3.350974299,1
A,2013,Mytilus californianus,3.329635319,1
A,2013,Mytilus californianus,3.308285793,1
A,2013,Mytilus californianus,3.286926317,1
A,2013,Mytilus californianus,3.26555748,1
A,2013,Mytilus californianus,3.244179862,1
A,2013,Mytilus californianus,3.222794035,1
A,2013,Mytilus californianus,3.201400562,1
A,2013,Mytilus californianus,3.179999997,1
A,2013,Mytilus californianus,3.110028548,1
A,2013,Mytilus californianus,3.040051091,1
A,2013,Mytilus californianus,2.970068155,1
A,2013,Mytilus californianus,2.900080259,1
A,2013,Mytilus californianus,2.830087917,1
A,2013,Mytilus californianus,2.76009163,1
A,2013,Mytilus californianus,2.690091894,1
A,2013,Mytilus californianus,2.620089194,1
A,2013,Mytilus californianus,2.550084008,1
A,2013,Postelsia palmaeformis,2.480076804,1
A,2013,Postelsia palmaeformis,2.410068043,1
A,2013,Mytilus californianus,2.340058176,1
A,2013,Postelsia palmaeformis,2.340058176,1
A,2013,Postelsia palmaeformis,2.270047647,1
A,2013,Postelsia palmaeformis,2.200036891,1
A,2013,Postelsia palmaeformis,2.130026334,1
A,2013,Postelsia palmaeformis,2.060016393,1
A,2013,Postelsia palmaeformis,1.99000748,1
A,2013,Postelsia palmaeformis,1.919999995,1
A,2013,Mytilus californianus,1.919999995,1
A,2013,Postelsia palmaeformis,1.915814608,1
A,2013,Mytilus californianus,1.915814608,1
A,2013,Postelsia palmaeformis,1.911631428,1
A,2013,Postelsia palmaeformis,1.907450832,1
A,2013,Mytilus californianus,1.907450832,1
A,2013,Postelsia palmaeformis,1.894928193,1
A,2013,Mytilus californianus,1.89076154,1
A,2013,Mytilus californianus,1.886599237,1
A,2013,Postelsia palmaeformis,1.878288988,1
A,2013,Mytilus californianus,3.505915904,1
A,2013,Mytilus californianus,3.908396079,1
A,2013,Mytilus californianus,4.071389282,1
A,2013,Mytilus californianus,4.025921402,1
A,2013,Mytilus californianus,3.980462529,1
A,2013,Mytilus californianus,3.93501353,1
A,2013,Mytilus californianus,3.889575263,1
A,2013,Mytilus californianus,3.844148579,1
A,2013,Mytilus californianus,3.507665062,1
A,2013,Mytilus californianus,3.343967478,1
A,2013,Mytilus californianus,3.262145439,1
A,2013,Mytilus californianus,3.098558726,1
A,2013,Mytilus californianus,3.016795565,1
A,2013,Mytilus californianus,2.935053524,1
A,2013,Mytilus californianus,2.853333334,1
A,2013,Mytilus californianus,2.856062187,1
A,2013,Mytilus californianus,2.858814314,1
A,2013,Mytilus californianus,2.861590412,1
A,2013,Mytilus californianus,2.864391164,1
A,2013,Mytilus californianus,2.86721724,1
A,2013,Mytilus californianus,2.870069302,1
A,2013,Mytilus californianus,2.875853958,1
A,2013,Mytilus californianus,2.878787811,1
A,2013,Mytilus californianus,2.881750165,1
A,2013,Mytilus californianus,2.887762758,1
A,2013,Mytilus californianus,2.890814156,1
A,2013,Mytilus californianus,2.893896371,1
A,2013,Mytilus californianus,2.897009951,1
A,2013,Mytilus californianus,2.900155432,1
A,2013,Mytilus californianus,2.903333334,1
A,2013,Mytilus californianus,4.210901994,1
A,2013,Mytilus californianus,4.118447821,1
A,2013,Mytilus californianus,3.311337503,1
A,2013,Mytilus californianus,3.255382294,1
A,2013,Mytilus californianus,3.199457572,1
A,2013,Mytilus californianus,3.143564833,1
A,2013,Mytilus californianus,3.087705555,1
A,2013,Mytilus californianus,3.031881202,1
A,2013,Mytilus californianus,2.976093221,1
A,2013,Mytilus californianus,2.92034304,1
A,2013,Mytilus californianus,2.864632073,1
A,2013,Mytilus californianus,2.733158128,1
A,2013,Mytilus californianus,2.692943047,1
A,2013,Mytilus californianus,2.672905781,1
A,2013,Postelsia palmaeformis,2.652917069,1
A,2013,Mytilus californianus,6.054314468,1
A,2013,Mytilus californianus,4.985074997,1
A,2013,Mytilus californianus,4.653333328,1
A,2013,Mytilus californianus,4.465732108,1
A,2013,Mytilus californianus,4.371953044,1
A,2013,Mytilus californianus,3.99701558,1
A,2013,Mytilus californianus,3.903333334,1
A,2013,Mytilus californianus,3.903252016,1
A,2013,Mytilus californianus,3.903250604,1
A,2013,Mytilus californianus,3.903277245,1
A,2013,Mytilus californianus,3.778248397,1
A,2013,Mytilus californianus,3.653195653,1
A,2013,Mytilus californianus,3.528176453,1
A,2013,Mytilus californianus,3.403192127,1
A,2013,Mytilus californianus,3.27824399,1
A,2013,Mytilus californianus,3.153333337,1
A,2013,Mytilus californianus,3.092350747,1
A,2013,Mytilus californianus,3.031408178,1
A,2013,Postelsia palmaeformis,2.909648042,1
A,2013,Mytilus californianus,2.848832896,1
A,2013,Mytilus californianus,2.788062613,1
A,2013,Postelsia palmaeformis,2.727338351,1
A,2013,Mytilus californianus,2.727338351,1
A,2013,Postelsia palmaeformis,2.666661251,1
A,2013,Postelsia palmaeformis,2.606032431,1
A,2013,Postelsia palmaeformis,2.545452989,1
A,2013,Postelsia palmaeformis,2.484923999,1
A,2013,Postelsia palmaeformis,2.424446517,1
A,2013,Mytilus californianus,4.732139269,1
A,2013,Mytilus californianus,4.612189979,1
A,2013,Mytilus californianus,4.551074291,1
A,2013,Mytilus californianus,4.428932238,1
A,2013,Mytilus californianus,4.306919765,1
A,2013,Mytilus californianus,4.245966024,1
A,2013,Mytilus californianus,4.185049347,1
A,2013,Mytilus californianus,3.673861823,1
A,2013,Mytilus californianus,3.596108902,1
A,2013,Mytilus californianus,3.20813104,1
A,2013,Mytilus californianus,3.130702699,1
A,2013,Mytilus californianus,3.053333329,1
A,2013,Mytilus californianus,3.084358419,1
A,2013,Mytilus californianus,3.11544517,1
A,2013,Mytilus californianus,3.146594903,1
A,2013,Mytilus californianus,3.177808922,1
A,2013,Mytilus californianus,3.209088513,1
A,2013,Mytilus californianus,3.163187503,1
A,2013,Mytilus californianus,3.093223378,1
A,2013,Mytilus californianus,3.023333332,1
A,2013,Mytilus californianus,2.999099962,1
A,2013,Postelsia palmaeformis,2.297655996,1
A,2013,Mytilus californianus,2.297655996,1
A,2013,Postelsia palmaeformis,2.292608729,1
A,2013,Postelsia palmaeformis,2.287652064,1
A,2013,Postelsia palmaeformis,2.282786779,1
A,2013,Mytilus californianus,2.282786779,1
A,2013,Postelsia palmaeformis,2.278013624,1
A,2013,Postelsia palmaeformis,2.273333331,1
A,2013,Mytilus californianus,3.34333333,1
A,2013,Mytilus californianus,3.3209461240000002,1
A,2013,Mytilus californianus,3.298522982,1
A,2013,Mytilus californianus,3.253576248,1
A,2013,Mytilus californianus,3.185933019,1
A,2013,Mytilus californianus,3.163333334,1
A,2013,Mytilus californianus,3.144132422,1
A,2013,Mytilus californianus,3.124910648,1
A,2013,Mytilus californianus,3.105669949,1
A,2013,Mytilus californianus,3.086412268,1
A,2013,Mytilus californianus,3.009250848,1
A,2013,Mytilus californianus,2.989937649,1
A,2013,Mytilus californianus,2.951297652,1
A,2013,Mytilus californianus,2.912652712,1
A,2013,Mytilus californianus,2.893333335,1
A,2013,Mytilus californianus,3.123333335,1
A,2013,Mytilus californianus,3.088300305,1
A,2013,Mytilus californianus,3.05327788,1
A,2013,Mytilus californianus,2.915012033,1
A,2013,Mytilus californianus,2.916712984,1
A,2013,Mytilus californianus,2.918438094,1
A,2013,Mytilus californianus,2.920189258,1
A,2013,Mytilus californianus,2.92196836,1
A,2013,Mytilus californianus,2.923777269,1
A,2013,Mytilus californianus,2.925617841,1
A,2013,Mytilus californianus,2.9274919170000002,1
A,2013,Mytilus californianus,2.929401321,1
A,2013,Mytilus californianus,2.931347862,1
A,2013,Mytilus californianus,2.933333329,1
A,2013,Mytilus californianus,2.921503209,1
A,2013,Mytilus californianus,2.909715541,1
A,2013,Mytilus californianus,2.874624478,1
A,2013,Mytilus californianus,2.839976623,1
A,2013,Mytilus californianus,2.794544435,1
A,2013,Postelsia palmaeformis,2.783333332,1
A,2013,Postelsia palmaeformis,2.60333334,1
A,2013,Postelsia palmaeformis,2.411124542,1
A,2013,Postelsia palmaeformis,2.213066958,1
A,2013,Postelsia palmaeformis,2.14287438,1
A,2013,Postelsia palmaeformis,2.072756791,1
A,2013,Postelsia palmaeformis,2.002715355,1
A,2013,Postelsia palmaeformis,1.932751204,1
A,2013,Postelsia palmaeformis,1.862865441,1
A,2013,Postelsia palmaeformis,1.793059137,1
A,2013,Postelsia palmaeformis,1.723333334,1
A,2013,Postelsia palmaeformis,1.692435826,1
A,2013,Postelsia palmaeformis,1.662297398,1
A,2013,Postelsia palmaeformis,1.652424018,1
A,2013,Postelsia palmaeformis,1.642638374,1
A,2013,Postelsia palmaeformis,1.623333332,1
A,2013,Mytilus californianus,4.401022011,1
A,2013,Mytilus californianus,4.396392409,1
A,2013,Mytilus californianus,4.394075924,1
A,2013,Mytilus californianus,4.3917595,1
A,2013,Mytilus californianus,4.389444014,1
A,2013,Mytilus californianus,4.373333333,1
A,2013,Mytilus californianus,4.263238242,1
A,2013,Mytilus californianus,4.226558579,1
A,2013,Mytilus californianus,4.153231742,1
A,2013,Mytilus californianus,4.116585998,1
A,2013,Mytilus californianus,4.079952969,1
A,2013,Mytilus californianus,3.658996724,1
A,2013,Mytilus californianus,3.624676088,1
A,2013,Mytilus californianus,3.590372035,1
A,2013,Mytilus californianus,3.556085161,1
A,2013,Mytilus californianus,3.521816044,1
A,2013,Mytilus californianus,3.487565251,1
A,2013,Mytilus californianus,3.453333332,1
A,2013,Mytilus californianus,3.364948514,1
A,2013,Mytilus californianus,3.276583627,1
A,2013,Mytilus californianus,3.18823918,1
A,2013,Mytilus californianus,3.011613561,1
A,2013,Mytilus californianus,2.988286964,1
A,2013,Mytilus californianus,3.053333333,1
A,2013,Mytilus californianus,2.797283132,1
A,2013,Mytilus californianus,2.628280504,1
A,2013,Postelsia palmaeformis,2.575793561,1
A,2013,Postelsia palmaeformis,2.523333334,1
A,2013,Postelsia palmaeformis,2.409930945,1
A,2013,Mytilus californianus,2.296555836,1
A,2013,Mytilus californianus,2.18320827,1
A,2013,Mytilus californianus,2.069888503,1
A,2013,Mytilus californianus,2.056549945,1
A,2013,Mytilus californianus,1.57047329,1
A,2013,Mytilus californianus,1.545014753,1
A,2013,Mytilus californianus,1.537130118,1
A,2013,Mytilus californianus,1.529278533,1
A,2013,Mytilus californianus,1.475330112,1
A,2013,Mytilus californianus,1.467779689,1
A,2013,Mytilus californianus,1.460271182,1
A,2013,Mytilus californianus,1.430673426,1
A,2013,Mytilus californianus,1.416147653,1
A,2013,Mytilus californianus,1.408955713,1
A,2013,Mytilus californianus,1.401812026,1
A,2013,Mytilus californianus,1.387672132,1
A,2013,Mytilus californianus,1.366840582,1
A,2013,Mytilus californianus,1.360000002,1
A,2019,Mytilus californianus,3.563427608,1
A,2019,Mytilus californianus,3.425807613,1
A,2019,Mytilus californianus,3.180342268,1
A,2019,Mytilus californianus,2.935053524,1
A,2019,Mytilus californianus,2.853333334,1
A,2019,Mytilus californianus,2.856062187,1
A,2019,Mytilus californianus,2.858814314,1
A,2019,Mytilus californianus,2.861590412,1
A,2019,Mytilus californianus,2.86721724,1
A,2019,Mytilus californianus,2.878787811,1
A,2019,Mytilus californianus,2.881750165,1
A,2019,Mytilus californianus,2.884741619,1
A,2019,Mytilus californianus,2.887762758,1
A,2019,Mytilus californianus,2.890814156,1
A,2019,Mytilus californianus,2.893896371,1
A,2019,Mytilus californianus,2.897009951,1
A,2019,Mytilus californianus,2.900155432,1
A,2019,Mytilus californianus,6.23752689,1
A,2019,Mytilus californianus,4.376368317,1
A,2019,Mytilus californianus,4.352050375,1
A,2019,Mytilus californianus,4.327704856,1
A,2019,Mytilus californianus,4.30333333,1
A,2019,Mytilus californianus,3.655890663,1
A,2019,Mytilus californianus,3.563333332,1
A,2019,Mytilus californianus,3.557202175,1
A,2019,Mytilus californianus,3.551061178,1
A,2019,Mytilus californianus,3.54491199,1
A,2019,Mytilus californianus,3.538756263,1
A,2019,Mytilus californianus,3.532595649,1
A,2019,Mytilus californianus,3.526431804,1
A,2019,Mytilus californianus,3.520266382,1
A,2019,Mytilus californianus,3.507937431,1
A,2019,Mytilus californianus,3.49562202,1
A,2019,Mytilus californianus,3.489473514,1
A,2019,Mytilus californianus,3.483333334,1
A,2019,Mytilus californianus,3.477261805,1
A,2019,Mytilus californianus,3.471201871,1
A,2019,Mytilus californianus,3.465155159,1
A,2019,Mytilus californianus,3.459123288,1
A,2019,Mytilus californianus,3.45310787,1
A,2019,Mytilus californianus,3.447110507,1
A,2019,Mytilus californianus,3.441132793,1
A,2019,Mytilus californianus,3.435176313,1
A,2019,Mytilus californianus,3.429242638,1
A,2019,Mytilus californianus,3.423333332,1
A,2019,Mytilus californianus,3.36732169,1
A,2019,Mytilus californianus,3.311337503,1
A,2019,Mytilus californianus,3.255382294,1
A,2019,Mytilus californianus,3.087705555,1
A,2019,Mytilus californianus,3.031881202,1
A,2019,Mytilus californianus,2.92034304,1
A,2019,Mytilus californianus,2.808961713,1
A,2019,Mytilus californianus,2.753333334,1
A,2019,Mytilus californianus,2.692943047,1
A,2019,Mytilus californianus,2.672905781,1
A,2019,Mytilus californianus,2.652917069,1
A,2019,Mytilus californianus,2.632978162,1
A,2019,Mytilus californianus,2.613090289,1
A,2019,Mytilus californianus,2.593254657,1
A,2019,Mytilus californianus,2.573472448,1
A,2019,Mytilus californianus,2.553744824,1
A,2019,Mytilus californianus,6.249782933,1
A,2019,Mytilus californianus,3.903280068,1
A,2019,Mytilus californianus,3.778248397,1
A,2019,Mytilus californianus,3.403192127,1
A,2019,Postelsia palmaeformis,3.031408178,1
A,2019,Postelsia palmaeformis,2.909648042,1
A,2019,Mytilus californianus,2.788062613,1
A,2019,Postelsia palmaeformis,2.788062613,1
A,2019,Mytilus californianus,2.727338351,1
A,2019,Postelsia palmaeformis,2.727338351,1
A,2019,Mytilus californianus,2.666661251,1
A,2019,Mytilus californianus,2.606032431,1
A,2019,Mytilus californianus,2.545452989,1
A,2019,Mytilus californianus,2.484923999,1
A,2019,Mytilus californianus,2.424446517,1
A,2019,Mytilus californianus,2.364021575,1
A,2019,Mytilus californianus,2.303650182,1
A,2019,Mytilus californianus,2.243333329,1
A,2019,Mytilus californianus,3.673861823,1
A,2019,Mytilus californianus,3.130702699,1
A,2019,Mytilus californianus,3.084358419,1
A,2019,Mytilus californianus,3.11544517,1
A,2019,Mytilus californianus,3.146594903,1
A,2019,Mytilus californianus,3.271849478,1
A,2019,Mytilus californianus,3.163187503,1
A,2019,Mytilus californianus,3.093223378,1
A,2019,Postelsia palmaeformis,2.999099962,1
A,2019,Mytilus californianus,2.987098884,1
A,2019,Mytilus californianus,2.975176322,1
A,2019,Mytilus californianus,2.963333337,1
A,2019,Mytilus californianus,2.870226433,1
A,2019,Mytilus californianus,2.77720116,1
A,2019,Mytilus californianus,2.684258512,1
A,2019,Postelsia palmaeformis,2.498624967,1
A,2019,Mytilus californianus,2.313333331,1
A,2019,Mytilus californianus,2.308019129,1
A,2019,Mytilus californianus,2.30279307,1
A,2019,Mytilus californianus,2.297655996,1
A,2019,Mytilus californianus,2.292608729,1
A,2019,Mytilus californianus,2.287652064,1
A,2019,Postelsia palmaeformis,2.287652064,1
A,2019,Mytilus californianus,2.282786779,1
A,2019,Mytilus californianus,2.278013624,1
A,2019,Mytilus californianus,2.273333331,1
A,2019,Mytilus californianus,3.276065739,1
A,2019,Mytilus californianus,3.208508002,1
A,2019,Mytilus californianus,3.185933019,1
A,2019,Mytilus californianus,3.144132422,1
A,2019,Mytilus californianus,3.105669949,1
A,2019,Mytilus californianus,3.067139557,1
A,2019,Mytilus californianus,3.047853773,1
A,2019,Mytilus californianus,3.009250848,1
A,2019,Mytilus californianus,2.970619258,1
A,2019,Mytilus californianus,2.912652712,1
A,2019,Mytilus californianus,2.893333335,1
A,2019,Mytilus californianus,3.088300305,1
A,2019,Mytilus californianus,3.05327788,1
A,2019,Mytilus californianus,3.018268021,1
A,2019,Mytilus californianus,2.98327268,1
A,2019,Mytilus californianus,2.948293804,1
A,2019,Mytilus californianus,2.918438094,1
A,2019,Mytilus californianus,2.920189258,1
A,2019,Mytilus californianus,2.925617841,1
A,2019,Mytilus californianus,2.9274919170000002,1
A,2019,Mytilus californianus,2.929401321,1
A,2019,Mytilus californianus,2.931347862,1
A,2019,Mytilus californianus,2.933333329,1
A,2019,Mytilus californianus,2.921503209,1
A,2019,Mytilus californianus,2.909715541,1
A,2019,Mytilus californianus,2.897972058,1
A,2019,Mytilus californianus,2.863023743,1
A,2019,Mytilus californianus,2.851473917,1
A,2019,Mytilus californianus,2.839976623,1
A,2019,Mytilus californianus,2.828533463,1
A,2019,Mytilus californianus,2.805815829,1
A,2019,Mytilus californianus,2.794544435,1
A,2019,Mytilus californianus,2.783333332,1
A,2019,Mytilus californianus,2.723269645,1
A,2019,Mytilus californianus,2.663269174,1
A,2019,Mytilus californianus,2.60333334,1
A,2019,Postelsia palmaeformis,2.475125853,1
A,2019,Mytilus californianus,2.411124542,1
A,2019,Mytilus californianus,2.347193277,1
A,2019,Mytilus californianus,2.283333335,1
A,2019,Mytilus californianus,2.213066958,1
A,2019,Mytilus californianus,2.14287438,1
A,2019,Postelsia palmaeformis,2.072756791,1
A,2019,Mytilus californianus,2.002715355,1
A,2019,Mytilus californianus,1.932751204,1
A,2019,Mytilus californianus,1.793059137,1
A,2019,Mytilus californianus,1.723333334,1
A,2019,Mytilus californianus,1.712951355,1
A,2019,Mytilus californianus,1.702651869,1
A,2019,Mytilus californianus,1.692435826,1
A,2019,Mytilus californianus,1.682304145,1
A,2019,Mytilus californianus,1.672257717,1
A,2019,Mytilus californianus,1.662297398,1
A,2019,Mytilus californianus,1.652424018,1
A,2019,Mytilus californianus,1.632941233,1
A,2019,Mytilus californianus,4.403333332,1
A,2019,Mytilus californianus,4.263238242,1
A,2019,Mytilus californianus,4.189889505,1
A,2019,Mytilus californianus,4.153231742,1
A,2019,Mytilus californianus,4.043333334,1
A,2019,Mytilus californianus,3.868325978,1
A,2019,Mytilus californianus,3.693333336,1
A,2019,Mytilus californianus,3.658996724,1
A,2019,Mytilus californianus,3.590372035,1
A,2019,Mytilus californianus,3.556085161,1
A,2019,Mytilus californianus,3.521816044,1
A,2019,Mytilus californianus,3.453333332,1
A,2019,Mytilus californianus,3.099915665,1
A,2019,Mytilus californianus,2.923333333,1
A,2019,Mytilus californianus,2.955798766,1
A,2019,Mytilus californianus,2.988286964,1
A,2019,Mytilus californianus,3.02079835,1
A,2019,Mytilus californianus,2.989283848,1
A,2019,Mytilus californianus,2.925258741,1
A,2019,Mytilus californianus,2.861258383,1
A,2019,Mytilus californianus,2.797283132,1
A,2019,Mytilus californianus,2.733333333,1
A,2019,Mytilus californianus,2.680793865,1
A,2019,Mytilus californianus,2.628280504,1
A,2019,Mytilus californianus,2.575793561,1
A,2019,Mytilus californianus,2.523333334,1
A,2019,Mytilus californianus,2.409930945,1
A,2019,Mytilus californianus,2.296555836,1
A,2019,Mytilus californianus,2.18320827,1
A,2019,Mytilus californianus,2.069888503,1
A,2019,Mytilus californianus,1.95659678,1
A,2019,Mytilus californianus,1.896594205,1
A,2019,Mytilus californianus,1.949883794,1
A,2019,Mytilus californianus,2.003202308,1
A,2019,Mytilus californianus,2.163333333,1
A,2019,Mytilus californianus,2.08912039,1
A,2019,Mytilus californianus,2.014937275,1
A,2019,Mytilus californianus,1.940784147,1
A,2019,Mytilus californianus,1.866661155,1
A,2019,Mytilus californianus,1.79256844,1
A,2019,Mytilus californianus,1.71850614,1
A,2019,Mytilus californianus,1.644474382,1
A,2019,Postelsia palmaeformis,1.57047329,1
A,2019,Mytilus californianus,1.57047329,1
A,2019,Mytilus californianus,4.917306471,1
A,2019,Mytilus californianus,4.928463794,1
A,2019,Mytilus californianus,4.867607256,1
A,2019,Mytilus californianus,4.684694775,1
A,2019,Mytilus californianus,4.317414373,1
A,2019,Mytilus californianus,4.256024339,1
A,2019,Mytilus californianus,4.194586742,1
A,2019,Mytilus californianus,4.133102715,1
A,2019,Mytilus californianus,4.010000002,1
A,2019,Mytilus californianus,3.953645765,1
A,2019,Mytilus californianus,3.934780883,1
A,2019,Mytilus californianus,3.915878015,1
A,2019,Mytilus californianus,3.877963421,1
A,2019,Mytilus californianus,3.839912335,1
A,2019,Mytilus californianus,3.801735328,1
A,2019,Mytilus californianus,3.78260296,1
A,2019,Mytilus californianus,3.744257311,1
A,2019,Mytilus californianus,3.705812974,1
A,2019,Mytilus californianus,3.647985875,1
A,2019,Mytilus californianus,3.628672995,1
A,2019,Mytilus californianus,3.609343894,1
A,2019,Mytilus californianus,3.545016455,1
A,2019,Mytilus californianus,3.500020983,1
A,2019,Mytilus californianus,3.455015019,1
A,2019,Mytilus californianus,3.410000003,1
A,2019,Mytilus californianus,3.306463144,1
A,2019,Mytilus californianus,2.892268274,1
A,2019,Mytilus californianus,2.581612368,1
A,2019,Mytilus californianus,2.478066122,1
A,2019,Mytilus californianus,2.374525086,1
A,2019,Mytilus californianus,2.167464224,1
A,2019,Mytilus californianus,1.856946673,1
A,2019,Mytilus californianus,1.75346594,1
A,2019,Mytilus californianus,1.650000006,1
A,2019,Mytilus californianus,1.641791855,1
A,2019,Mytilus californianus,1.633601143,1
A,2019,Mytilus californianus,1.625429167,1
A,2019,Mytilus californianus,1.617277213,1
A,2019,Mytilus californianus,1.60914655,1
A,2019,Mytilus californianus,1.601038433,1
A,2019,Mytilus californianus,1.5929541,1
A,2019,Mytilus californianus,1.584894773,1
A,2019,Mytilus californianus,1.576861656,1
A,2019,Mytilus californianus,1.568855937,1
A,2019,Mytilus californianus,1.560878783,1
A,2019,Mytilus californianus,1.552931344,1
A,2019,Mytilus californianus,1.545014753,1
A,2019,Mytilus californianus,1.537130118,1
A,2019,Mytilus californianus,1.529278533,1
A,2019,Mytilus californianus,1.521461068,1
A,2019,Mytilus californianus,1.513678773,1
A,2019,Mytilus californianus,1.505932677,1
A,2019,Mytilus californianus,1.482921552,1
A,2019,Mytilus californianus,1.467779689,1
A,2019,Mytilus californianus,1.460271182,1
A,2019,Mytilus californianus,1.452805462,1
A,2019,Mytilus californianus,1.445383382,1
A,2019,Mytilus californianus,1.438005769,1
A,2019,Mytilus californianus,1.423387135,1
A,2019,Mytilus californianus,1.416147653,1
A,2019,Mytilus californianus,1.408955713,1
A,2019,Mytilus californianus,1.401812026,1
A,2019,Mytilus californianus,1.360000002,1
A,2019,Mytilus californianus,1.338617405,1
A,2019,Mytilus californianus,1.328006235,1
A,2019,Mytilus californianus,1.296498885,1
A,2019,Mytilus californianus,1.286106592,1
A,2019,Mytilus californianus,1.275770041,1
A,2019,Mytilus californianus,1.265489595,1
A,2019,Mytilus californianus,1.255265597,1
A,2019,Mytilus californianus,1.245098369,1
A,2019,Mytilus californianus,1.234988211,1
A,2019,Mytilus californianus,1.2149402,1
A,2019,Mytilus californianus,5.267297374,1
A,2019,Mytilus californianus,4.872677883,1
A,2019,Mytilus californianus,4.735817483,1
A,2019,Mytilus californianus,4.644303942,1
A,2019,Mytilus californianus,4.598467772,1
A,2019,Mytilus californianus,4.552579886,1
A,2019,Mytilus californianus,4.506641236,1
A,2019,Mytilus californianus,4.460652801,1
A,2019,Mytilus californianus,4.414615586,1
A,2019,Mytilus californianus,4.368530627,1
A,2019,Mytilus californianus,4.322398981,1
A,2019,Mytilus californianus,4.276221734,1
A,2019,Mytilus californianus,4.229999995,1
A,2019,Mytilus californianus,4.117935348,1
A,2019,Mytilus californianus,4.005828494,1
A,2019,Mytilus californianus,3.893680612,1
A,2019,Mytilus californianus,3.781492897,1
A,2019,Mytilus californianus,3.669266564,1
A,2019,Mytilus californianus,3.557002848,1
A,2019,Mytilus californianus,3.444703001,1
A,2019,Mytilus californianus,3.219999998,1
A,2019,Mytilus californianus,3.200134768,1
A,2019,Postelsia palmaeformis,3.200134768,1
A,2019,Mytilus californianus,3.180238565,1
A,2019,Mytilus californianus,3.160312708,1
A,2019,Postelsia palmaeformis,3.140358532,1
A,2019,Mytilus californianus,3.080339543,1
A,2019,Mytilus californianus,3.040210092,1
A,2019,Mytilus californianus,3.020114436,1
A,2019,Mytilus californianus,2.999999994,1
A,2019,Mytilus californianus,2.915035476,1
A,2019,Mytilus californianus,2.830054929,1
A,2019,Mytilus californianus,2.660051261,1
A,2019,Mytilus californianus,2.575030892,1
A,2019,Mytilus californianus,2.489999995,1
A,2019,Mytilus californianus,2.357159513,1
A,2019,Mytilus californianus,1.958596688,1
A,2019,Mytilus californianus,1.825733111,1
A,2019,Postelsia palmaeformis,1.692867107,1
A,2019,Mytilus californianus,1.559999996,1
A,2019,Mytilus californianus,1.550186361,1
A,2019,Mytilus californianus,1.530564876,1
A,2019,Postelsia palmaeformis,1.520759581,1
A,2019,Postelsia palmaeformis,1.510959599,1
A,2019,Mytilus californianus,1.501166173,1
A,2019,Mytilus californianus,1.471837414,1
A,2019,Mytilus californianus,1.432896688,1
A,2019,Mytilus californianus,1.403853907,1
A,2019,Postelsia palmaeformis,1.384585627,1
A,2019,Mytilus californianus,1.374982618,1
A,2019,Mytilus californianus,1.365401672,1
A,2019,Mytilus californianus,6.070343041,1
A,2019,Mytilus californianus,5.905362612,1
A,2019,Mytilus californianus,5.45722175,1
A,2019,Mytilus californianus,4.854279779,1
A,2019,Mytilus californianus,4.798557905,1
A,2019,Mytilus californianus,4.742836563,1
A,2019,Mytilus californianus,4.687117934,1
A,2019,Mytilus californianus,4.63140419,1
A,2019,Mytilus californianus,4.519999998,1
A,2019,Mytilus californianus,4.378122126,1
A,2019,Mytilus californianus,4.307205521,1
A,2019,Mytilus californianus,4.236306614,1
A,2019,Mytilus californianus,4.165427497,1
A,2019,Postelsia palmaeformis,4.094570245,1
A,2019,Postelsia palmaeformis,4.023736918,1
A,2019,Mytilus californianus,3.88215019,1
A,2019,Mytilus californianus,3.81140082,1
A,2019,Mytilus californianus,3.740683436,1
A,2019,Mytilus californianus,3.670000004,1
A,2019,Mytilus californianus,4.380000002,1
A,2019,Mytilus californianus,4.356983104,1
A,2019,Mytilus californianus,4.264937149,1
A,2019,Postelsia palmaeformis,3.672616808,1
A,2019,Postelsia palmaeformis,3.655254415,1
A,2019,Mytilus californianus,3.655254415,1
A,2019,Postelsia palmaeformis,3.637913929,1
A,2019,Postelsia palmaeformis,3.620596452,1
A,2019,Mytilus californianus,4.27464057,1
A,2019,Mytilus californianus,4.277425139,1
A,2019,Mytilus californianus,4.023430659,1
A,2019,Mytilus californianus,4.012314787,1
A,2019,Mytilus californianus,3.892394841,1
A,2019,Mytilus californianus,3.761920353,1
A,2019,Mytilus californianus,3.696553133,1
A,2019,Mytilus californianus,3.63110694,1
A,2019,Mytilus californianus,3.59835599,1
A,2019,Mytilus californianus,3.565587394,1
A,2019,Mytilus californianus,3.499999999,1
A,2019,Mytilus californianus,3.478752245,1
A,2019,Mytilus californianus,3.457489537,1
A,2019,Mytilus californianus,3.414921868,1
A,2019,Mytilus californianus,3.393618191,1
A,2019,Mytilus californianus,3.372302127,1
A,2019,Mytilus californianus,3.350974299,1
A,2019,Mytilus californianus,3.329635319,1
A,2019,Mytilus californianus,3.308285793,1
A,2019,Mytilus californianus,3.26555748,1
A,2019,Mytilus californianus,3.040051091,1
A,2019,Mytilus californianus,2.970068155,1
A,2019,Mytilus californianus,2.900080259,1
A,2019,Mytilus californianus,2.830087917,1
A,2019,Mytilus californianus,2.76009163,1
A,2019,Mytilus californianus,2.690091894,1
A,2019,Mytilus californianus,2.620089194,1
A,2019,Mytilus californianus,2.550084008,1
A,2019,Mytilus californianus,2.480076804,1
A,2019,Mytilus californianus,2.410068043,1
A,2019,Mytilus californianus,2.340058176,1
A,2019,Mytilus californianus,2.270047647,1
A,2019,Mytilus californianus,2.200036891,1
A,2019,Mytilus californianus,2.130026334,1
A,2019,Mytilus californianus,2.060016393,1
A,2019,Postelsia palmaeformis,1.99000748,1
A,2019,Mytilus californianus,1.919999995,1
A,2019,Mytilus californianus,1.915814608,1
A,2019,Mytilus californianus,1.911631428,1
A,2019,Mytilus californianus,1.907450832,1
A,2019,Mytilus californianus,1.903273188,1
A,2019,Mytilus californianus,1.899098857,1
A,2019,Mytilus californianus,1.894928193,1
A,2019,Mytilus californianus,1.89076154,1
A,2019,Mytilus californianus,1.886599237,1
A,2019,Mytilus californianus,1.882441612,1
A,2019,Mytilus californianus,1.878288988,1
A,2019,Mytilus californianus,1.87414168,1
A,2019,Mytilus californianus,1.869999995,1
A,2023,Mytilus californianus,3.505915904,1
A,2023,Mytilus californianus,3.620932932,1
A,2023,Mytilus californianus,3.735928126,1
A,2023,Mytilus californianus,3.850908847,1
A,2023,Mytilus californianus,3.908396079,1
A,2023,Mytilus californianus,4.080856267,1
A,2023,Mytilus californianus,4.138345537,1
A,2023,Mytilus californianus,4.071389282,1
A,2023,Mytilus californianus,3.93501353,1
A,2023,Mytilus californianus,3.844148579,1
A,2023,Mytilus californianus,3.798734323,1
A,2023,Mytilus californianus,3.343967478,1
A,2023,Mytilus californianus,3.262145439,1
A,2023,Mytilus californianus,3.180342268,1
A,2023,Mytilus californianus,3.098558726,1
A,2023,Mytilus californianus,3.016795565,1
A,2023,Mytilus californianus,2.935053524,1
A,2023,Mytilus californianus,2.853333334,1
A,2023,Mytilus californianus,2.856062187,1
A,2023,Mytilus californianus,2.858814314,1
A,2023,Mytilus californianus,2.861590412,1
A,2023,Mytilus californianus,2.864391164,1
A,2023,Mytilus californianus,2.86721724,1
A,2023,Mytilus californianus,2.870069302,1
A,2023,Mytilus californianus,2.872947996,1
A,2023,Mytilus californianus,2.875853958,1
A,2023,Mytilus californianus,2.878787811,1
A,2023,Mytilus californianus,2.881750165,1
A,2023,Mytilus californianus,2.884741619,1
A,2023,Mytilus californianus,2.887762758,1
A,2023,Mytilus californianus,2.893896371,1
A,2023,Mytilus californianus,2.897009951,1
A,2023,Postelsia palmaeformis,2.903333334,1
A,2023,Mytilus californianus,4.424915249,1
A,2023,Mytilus californianus,4.352050375,1
A,2023,Mytilus californianus,4.30333333,1
A,2023,Mytilus californianus,4.210901994,1
A,2023,Mytilus californianus,4.118447821,1
A,2023,Mytilus californianus,3.933477368,1
A,2023,Mytilus californianus,3.840964314,1
A,2023,Mytilus californianus,3.748434869,1
A,2023,Mytilus californianus,3.655890663,1
A,2023,Mytilus californianus,3.563333332,1
A,2023,Mytilus californianus,3.551061178,1
A,2023,Mytilus californianus,3.54491199,1
A,2023,Mytilus californianus,3.538756263,1
A,2023,Mytilus californianus,3.532595649,1
A,2023,Mytilus californianus,3.526431804,1
A,2023,Mytilus californianus,3.520266382,1
A,2023,Mytilus californianus,3.51410104,1
A,2023,Mytilus californianus,3.507937431,1
A,2023,Mytilus californianus,3.501777207,1
A,2023,Mytilus californianus,3.49562202,1
A,2023,Mytilus californianus,3.483333334,1
A,2023,Mytilus californianus,3.477261805,1
A,2023,Mytilus californianus,3.471201871,1
A,2023,Mytilus californianus,3.465155159,1
A,2023,Mytilus californianus,3.459123288,1
A,2023,Mytilus californianus,3.45310787,1
A,2023,Mytilus californianus,3.447110507,1
A,2023,Mytilus californianus,3.441132793,1
A,2023,Mytilus californianus,3.435176313,1
A,2023,Mytilus californianus,3.429242638,1
A,2023,Mytilus californianus,3.423333332,1
A,2023,Mytilus californianus,3.36732169,1
A,2023,Mytilus californianus,3.311337503,1
A,2023,Mytilus californianus,3.199457572,1
A,2023,Mytilus californianus,3.143564833,1
A,2023,Mytilus californianus,3.087705555,1
A,2023,Mytilus californianus,3.031881202,1
A,2023,Mytilus californianus,2.976093221,1
A,2023,Mytilus californianus,2.92034304,1
A,2023,Mytilus californianus,2.864632073,1
A,2023,Mytilus californianus,2.808961713,1
A,2023,Mytilus californianus,2.753333334,1
A,2023,Mytilus californianus,2.733158128,1
A,2023,Mytilus californianus,2.713027594,1
A,2023,Mytilus californianus,2.692943047,1
A,2023,Postelsia palmaeformis,2.692943047,1
A,2023,Mytilus californianus,2.672905781,1
A,2023,Postelsia palmaeformis,2.672905781,1
A,2023,Postelsia palmaeformis,2.652917069,1
A,2023,Postelsia palmaeformis,2.632978162,1
A,2023,Postelsia palmaeformis,2.613090289,1
A,2023,Mytilus californianus,2.593254657,1
A,2023,Postelsia palmaeformis,2.593254657,1
A,2023,Postelsia palmaeformis,2.573472448,1
A,2023,Mytilus californianus,4.090720147,1
A,2023,Mytilus californianus,3.903280068,1
A,2023,Mytilus californianus,3.903252016,1
A,2023,Mytilus californianus,3.903250604,1
A,2023,Mytilus californianus,3.903277245,1
A,2023,Mytilus californianus,3.903333335,1
A,2023,Mytilus californianus,3.778248397,1
A,2023,Mytilus californianus,3.653195653,1
A,2023,Mytilus californianus,3.27824399,1
A,2023,Mytilus californianus,3.153333337,1
A,2023,Mytilus californianus,3.092350747,1
A,2023,Mytilus californianus,3.031408178,1
A,2023,Mytilus californianus,2.970506869,1
A,2023,Mytilus californianus,2.909648042,1
A,2023,Mytilus californianus,2.848832896,1
A,2023,Mytilus californianus,2.788062613,1
A,2023,Mytilus californianus,2.727338351,1
A,2023,Postelsia palmaeformis,2.727338351,1
A,2023,Postelsia palmaeformis,2.666661251,1
A,2023,Postelsia palmaeformis,2.606032431,1
A,2023,Postelsia palmaeformis,2.545452989,1
A,2023,Postelsia palmaeformis,2.484923999,1
A,2023,Postelsia palmaeformis,2.424446517,1
A,2023,Mytilus californianus,2.364021575,1
A,2023,Postelsia palmaeformis,2.364021575,1
A,2023,Postelsia palmaeformis,2.303650182,1
A,2023,Postelsia palmaeformis,2.243333329,1
A,2023,Mytilus californianus,6.445937672,1
A,2023,Mytilus californianus,6.473333335,1
A,2023,Mytilus californianus,5.963390584,1
A,2023,Mytilus californianus,4.908697568,1
A,2023,Mytilus californianus,4.673333332,1
A,2023,Mytilus californianus,4.428932238,1
A,2023,Mytilus californianus,3.985349717,1
A,2023,Mytilus californianus,3.907409265,1
A,2023,Mytilus californianus,3.829513475,1
A,2023,Mytilus californianus,3.751663835,1
A,2023,Mytilus californianus,3.673861823,1
A,2023,Mytilus californianus,3.596108902,1
A,2023,Mytilus californianus,3.518406525,1
A,2023,Mytilus californianus,3.285616983,1
A,2023,Mytilus californianus,3.20813104,1
A,2023,Mytilus californianus,3.130702699,1
A,2023,Mytilus californianus,3.053333329,1
A,2023,Mytilus californianus,3.084358419,1
A,2023,Mytilus californianus,3.11544517,1
A,2023,Mytilus californianus,3.146594903,1
A,2023,Mytilus californianus,3.209088513,1
A,2023,Mytilus californianus,3.240434948,1
A,2023,Mytilus californianus,3.271849478,1
A,2023,Mytilus californianus,3.303333337,1
A,2023,Mytilus californianus,3.233224549,1
A,2023,Mytilus californianus,3.163187503,1
A,2023,Mytilus californianus,3.093223378,1
A,2023,Mytilus californianus,3.023333332,1
A,2023,Mytilus californianus,3.011178478,1
A,2023,Mytilus californianus,2.999099962,1
A,2023,Mytilus californianus,2.987098884,1
A,2023,Mytilus californianus,2.975176322,1
A,2023,Mytilus californianus,2.963333337,1
A,2023,Mytilus californianus,2.870226433,1
A,2023,Mytilus californianus,2.77720116,1
A,2023,Mytilus californianus,2.684258512,1
A,2023,Mytilus californianus,2.591399463,1
A,2023,Mytilus californianus,2.498624967,1
A,2023,Mytilus californianus,2.405935953,1
A,2023,Mytilus californianus,2.313333331,1
A,2023,Mytilus californianus,2.308019129,1
A,2023,Postelsia palmaeformis,2.308019129,1
A,2023,Mytilus californianus,2.30279307,1
A,2023,Mytilus californianus,2.297655996,1
A,2023,Mytilus californianus,2.292608729,1
A,2023,Mytilus californianus,2.287652064,1
A,2023,Mytilus californianus,2.282786779,1
A,2023,Postelsia palmaeformis,2.282786779,1
A,2023,Mytilus californianus,2.278013624,1
A,2023,Postelsia palmaeformis,2.278013624,1
A,2023,Mytilus californianus,3.95772703,1
A,2023,Mytilus californianus,3.960961316,1
A,2023,Mytilus californianus,3.964137503,1
A,2023,Mytilus californianus,3.579915287,1
A,2023,Mytilus californianus,3.42223414,1
A,2023,Mytilus californianus,3.276065739,1
A,2023,Mytilus californianus,3.253576248,1
A,2023,Mytilus californianus,3.231056376,1
A,2023,Mytilus californianus,3.208508002,1
A,2023,Mytilus californianus,3.163333334,1
A,2023,Mytilus californianus,3.144132422,1
A,2023,Mytilus californianus,3.02855688,1
A,2023,Mytilus californianus,3.009250848,1
A,2023,Mytilus californianus,2.989937649,1
A,2023,Mytilus californianus,2.970619258,1
A,2023,Mytilus californianus,2.951297652,1
A,2023,Mytilus californianus,2.931974811,1
A,2023,Mytilus californianus,2.912652712,1
A,2023,Mytilus californianus,2.893333335,1
A,2023,Mytilus californianus,3.008329999,1
A,2023,Mytilus californianus,3.123333335,1
A,2023,Mytilus californianus,3.088300305,1
A,2023,Mytilus californianus,3.05327788,1
A,2023,Mytilus californianus,3.018268021,1
A,2023,Mytilus californianus,2.98327268,1
A,2023,Mytilus californianus,2.948293804,1
A,2023,Mytilus californianus,2.913333331,1
A,2023,Mytilus californianus,2.915012033,1
A,2023,Mytilus californianus,2.916712984,1
A,2023,Mytilus californianus,2.918438094,1
A,2023,Mytilus californianus,2.920189258,1
A,2023,Mytilus californianus,2.92196836,1
A,2023,Mytilus californianus,2.923777269,1
A,2023,Mytilus californianus,2.925617841,1
A,2023,Mytilus californianus,2.9274919170000002,1
A,2023,Mytilus californianus,2.929401321,1
A,2023,Mytilus californianus,2.931347862,1
A,2023,Mytilus californianus,2.933333329,1
A,2023,Mytilus californianus,2.921503209,1
A,2023,Mytilus californianus,2.909715541,1
A,2023,Mytilus californianus,2.886274473,1
A,2023,Mytilus californianus,2.874624478,1
A,2023,Mytilus californianus,2.863023743,1
A,2023,Mytilus californianus,2.851473917,1
A,2023,Mytilus californianus,2.839976623,1
A,2023,Mytilus californianus,2.828533463,1
A,2023,Mytilus californianus,2.817146014,1
A,2023,Mytilus californianus,2.805815829,1
A,2023,Postelsia palmaeformis,2.723269645,1
A,2023,Mytilus californianus,2.539195898,1
A,2023,Mytilus californianus,2.475125853,1
A,2023,Mytilus californianus,2.411124542,1
A,2023,Mytilus californianus,2.347193277,1
A,2023,Mytilus californianus,2.213066958,1
A,2023,Mytilus californianus,2.14287438,1
A,2023,Postelsia palmaeformis,2.072756791,1
A,2023,Postelsia palmaeformis,2.002715355,1
A,2023,Mytilus californianus,2.002715355,1
A,2023,Mytilus californianus,1.932751204,1
A,2023,Postelsia palmaeformis,1.862865441,1
A,2023,Mytilus californianus,1.793059137,1
A,2023,Postelsia palmaeformis,1.723333334,1
A,2023,Mytilus californianus,1.712951355,1
A,2023,Postelsia palmaeformis,1.712951355,1
A,2023,Mytilus californianus,1.702651869,1
A,2023,Mytilus californianus,1.692435826,1
A,2023,Mytilus californianus,1.682304145,1
A,2023,Mytilus californianus,1.672257717,1
A,2023,Mytilus californianus,1.662297398,1
A,2023,Mytilus californianus,1.652424018,1
A,2023,Mytilus californianus,1.642638374,1
A,2023,Mytilus californianus,1.632941233,1
A,2023,Mytilus californianus,1.623333332,1
A,2023,Mytilus californianus,4.387130332,1
A,2023,Mytilus californianus,4.382511796,1
A,2023,Mytilus californianus,4.380208623,1
A,2023,Mytilus californianus,4.373333333,1
A,2023,Mytilus californianus,4.336626375,1
A,2023,Mytilus californianus,4.299927757,1
A,2023,Mytilus californianus,4.263238242,1
A,2023,Mytilus californianus,4.226558579,1
A,2023,Mytilus californianus,4.189889505,1
A,2023,Mytilus californianus,4.153231742,1
A,2023,Mytilus californianus,4.116585998,1
A,2023,Mytilus californianus,4.079952969,1
A,2023,Mytilus californianus,4.043333334,1
A,2023,Mytilus californianus,3.868325978,1
A,2023,Mytilus californianus,3.693333336,1
A,2023,Mytilus californianus,3.658996724,1
A,2023,Mytilus californianus,3.624676088,1
A,2023,Mytilus californianus,3.556085161,1
A,2023,Mytilus californianus,3.521816044,1
A,2023,Mytilus californianus,3.487565251,1
A,2023,Mytilus californianus,3.453333332,1
A,2023,Mytilus californianus,3.364948514,1
A,2023,Mytilus californianus,3.276583627,1
A,2023,Mytilus californianus,3.18823918,1
A,2023,Mytilus californianus,3.099915665,1
A,2023,Mytilus californianus,3.011613561,1
A,2023,Mytilus californianus,2.923333333,1
A,2023,Mytilus californianus,2.955798766,1
A,2023,Mytilus californianus,2.988286964,1
A,2023,Mytilus californianus,3.02079835,1
A,2023,Mytilus californianus,3.053333333,1
A,2023,Mytilus californianus,2.861258383,1
A,2023,Mytilus californianus,2.797283132,1
A,2023,Mytilus californianus,2.733333333,1
A,2023,Mytilus californianus,2.680793865,1
A,2023,Mytilus californianus,2.628280504,1
A,2023,Mytilus californianus,2.575793561,1
A,2023,Mytilus californianus,2.523333334,1
A,2023,Mytilus californianus,2.409930945,1
A,2023,Mytilus californianus,2.296555836,1
A,2023,Mytilus californianus,2.18320827,1
A,2023,Mytilus californianus,2.069888503,1
A,2023,Mytilus californianus,1.896594205,1
A,2023,Mytilus californianus,1.949883794,1
A,2023,Mytilus californianus,2.003202308,1
A,2023,Mytilus californianus,2.056549945,1
A,2023,Mytilus californianus,2.163333333,1
A,2023,Mytilus californianus,1.940784147,1
A,2023,Mytilus californianus,1.79256844,1
A,2023,Mytilus californianus,1.71850614,1
A,2023,Postelsia palmaeformis,1.57047329,1
A,2023,Mytilus californianus,1.57047329,1
A,2023,Mytilus californianus,4.867607256,1
A,2023,Mytilus californianus,4.806692956,1
A,2023,Mytilus californianus,4.745721814,1
A,2023,Mytilus californianus,4.562476896,1
A,2023,Mytilus californianus,4.256024339,1
A,2023,Mytilus californianus,4.194586742,1
A,2023,Mytilus californianus,4.071573411,1
A,2023,Mytilus californianus,4.010000002,1
A,2023,Mytilus californianus,3.991256557,1
A,2023,Mytilus californianus,3.972471403,1
A,2023,Mytilus californianus,3.953645765,1
A,2023,Mytilus californianus,3.934780883,1
A,2023,Mytilus californianus,3.915878015,1
A,2023,Mytilus californianus,3.896938432,1
A,2023,Mytilus californianus,3.877963421,1
A,2023,Mytilus californianus,3.858954284,1
A,2023,Mytilus californianus,3.839912335,1
A,2023,Mytilus californianus,3.820838903,1
A,2023,Mytilus californianus,3.801735328,1
A,2023,Mytilus californianus,3.763443164,1
A,2023,Mytilus californianus,3.744257311,1
A,2023,Mytilus californianus,3.705812974,1
A,2023,Mytilus californianus,3.686557281,1
A,2023,Mytilus californianus,3.66728111,1
A,2023,Mytilus californianus,3.647985875,1
A,2023,Mytilus californianus,3.628672995,1
A,2023,Mytilus californianus,3.609343894,1
A,2023,Mytilus californianus,3.59,1
A,2023,Mytilus californianus,3.545016455,1
A,2023,Mytilus californianus,3.500020983,1
A,2023,Mytilus californianus,3.455015019,1
A,2023,Mytilus californianus,3.410000003,1
A,2023,Mytilus californianus,3.306463144,1
A,2023,Mytilus californianus,3.202920107,1
A,2023,Mytilus californianus,3.099372327,1
A,2023,Mytilus californianus,2.995821239,1
A,2023,Mytilus californianus,2.892268274,1
A,2023,Mytilus californianus,2.788714859,1
A,2023,Mytilus californianus,2.685162418,1
A,2023,Mytilus californianus,2.581612368,1
A,2023,Mytilus californianus,2.478066122,1
A,2023,Mytilus californianus,2.374525086,1
A,2023,Mytilus californianus,2.270990656,1
A,2023,Mytilus californianus,2.167464224,1
A,2023,Mytilus californianus,2.063947171,1
A,2023,Mytilus californianus,1.960440866,1
A,2023,Postelsia palmaeformis,1.960440866,1
A,2023,Postelsia palmaeformis,1.856946673,1
A,2023,Postelsia palmaeformis,1.650000006,1
A,2023,Mytilus californianus,1.633601143,1
A,2023,Mytilus californianus,1.625429167,1
A,2023,Mytilus californianus,1.617277213,1
A,2023,Mytilus californianus,1.60914655,1
A,2023,Mytilus californianus,1.601038433,1
A,2023,Mytilus californianus,1.5929541,1
A,2023,Mytilus californianus,1.584894773,1
A,2023,Mytilus californianus,1.576861656,1
A,2023,Mytilus californianus,1.568855937,1
A,2023,Mytilus californianus,1.560878783,1
A,2023,Mytilus californianus,1.552931344,1
A,2023,Mytilus californianus,1.545014753,1
A,2023,Mytilus californianus,1.537130118,1
A,2023,Mytilus californianus,1.529278533,1
A,2023,Mytilus californianus,1.521461068,1
A,2023,Mytilus californianus,1.513678773,1
A,2023,Mytilus californianus,1.505932677,1
A,2023,Mytilus californianus,1.498223788,1
A,2023,Mytilus californianus,1.490553091,1
A,2023,Mytilus californianus,1.482921552,1
A,2023,Mytilus californianus,1.475330112,1
A,2023,Mytilus californianus,1.460271182,1
A,2023,Mytilus californianus,1.452805462,1
A,2023,Mytilus californianus,1.445383382,1
A,2023,Mytilus californianus,1.438005769,1
A,2023,Mytilus californianus,1.430673426,1
A,2023,Mytilus californianus,1.423387135,1
A,2023,Mytilus californianus,1.416147653,1
A,2023,Mytilus californianus,1.408955713,1
A,2023,Mytilus californianus,1.401812026,1
A,2023,Mytilus californianus,1.394717278,1
A,2023,Mytilus californianus,1.387672132,1
A,2023,Mytilus californianus,1.380677228,1
A,2023,Mytilus californianus,1.37373318,1
A,2023,Postelsia palmaeformis,1.366840582,1
A,2023,Mytilus californianus,1.360000002,1
A,2023,Mytilus californianus,1.328006235,1
A,2023,Mytilus californianus,1.317449126,1
A,2023,Mytilus californianus,1.296498885,1
A,2023,Mytilus californianus,1.286106592,1
A,2023,Mytilus californianus,1.275770041,1
A,2023,Mytilus californianus,1.255265597,1
A,2023,Mytilus californianus,1.245098369,1
A,2023,Mytilus californianus,1.234988211,1
A,2023,Mytilus californianus,1.224935402,1
A,2023,Mytilus californianus,1.2149402,1
A,2023,Mytilus californianus,1.205002843,1
A,2023,Mytilus californianus,1.19512355,1
A,2023,Mytilus californianus,1.185302518,1
A,2023,Mytilus californianus,1.175539927,1
A,2023,Mytilus californianus,1.165835936,1
A,2023,Mytilus californianus,1.156190686,1
A,2023,Mytilus californianus,5.748687963,1
A,2023,Mytilus californianus,5.712165826,1
A,2023,Mytilus californianus,5.612018304,1
A,2023,Mytilus californianus,5.382776375,1
A,2023,Mytilus californianus,5.009027444,1
A,2023,Mytilus californianus,4.872677883,1
A,2023,Mytilus californianus,4.8271135,1
A,2023,Mytilus californianus,4.781493101,1
A,2023,Mytilus californianus,4.735817483,1
A,2023,Mytilus californianus,4.690087476,1
A,2023,Mytilus californianus,4.644303942,1
A,2023,Mytilus californianus,4.598467772,1
A,2023,Mytilus californianus,4.552579886,1
A,2023,Mytilus californianus,4.506641236,1
A,2023,Mytilus californianus,4.460652801,1
A,2023,Mytilus californianus,4.414615586,1
A,2023,Mytilus californianus,4.368530627,1
A,2023,Mytilus californianus,4.322398981,1
A,2023,Mytilus californianus,4.276221734,1
A,2023,Mytilus californianus,4.229999995,1
A,2023,Mytilus californianus,4.117935348,1
A,2023,Mytilus californianus,4.005828494,1
A,2023,Mytilus californianus,3.893680612,1
A,2023,Mytilus californianus,3.781492897,1
A,2023,Mytilus californianus,3.669266564,1
A,2023,Mytilus californianus,3.557002848,1
A,2023,Postelsia palmaeformis,3.557002848,1
A,2023,Mytilus californianus,3.444703001,1
A,2023,Postelsia palmaeformis,3.444703001,1
A,2023,Mytilus californianus,3.33236829,1
A,2023,Mytilus californianus,3.219999998,1
A,2023,Mytilus californianus,3.200134768,1
A,2023,Mytilus californianus,3.180238565,1
A,2023,Mytilus californianus,3.160312708,1
A,2023,Mytilus californianus,3.140358532,1
A,2023,Mytilus californianus,3.120377377,1
A,2023,Mytilus californianus,3.100370595,1
A,2023,Mytilus californianus,3.080339543,1
A,2023,Mytilus californianus,3.060285586,1
A,2023,Mytilus californianus,3.040210092,1
A,2023,Mytilus californianus,3.020114436,1
A,2023,Mytilus californianus,2.999999994,1
A,2023,Mytilus californianus,2.915035476,1
A,2023,Postelsia palmaeformis,2.915035476,1
A,2023,Mytilus californianus,2.830054929,1
A,2023,Mytilus californianus,2.745059732,1
A,2023,Postelsia palmaeformis,2.660051261,1
A,2023,Mytilus californianus,2.660051261,1
A,2023,Mytilus californianus,2.575030892,1
A,2023,Postelsia palmaeformis,2.575030892,1
A,2023,Postelsia palmaeformis,2.489999995,1
A,2023,Mytilus californianus,2.489999995,1
A,2023,Postelsia palmaeformis,2.357159513,1
A,2023,Mytilus californianus,2.357159513,1
A,2023,Mytilus californianus,2.224311233,1
A,2023,Postelsia palmaeformis,2.224311233,1
A,2023,Mytilus californianus,2.091456509,1
A,2023,Postelsia palmaeformis,2.091456509,1
A,2023,Mytilus californianus,1.958596688,1
A,2023,Mytilus californianus,1.692867107,1
A,2023,Mytilus californianus,1.559999996,1
A,2023,Mytilus californianus,1.550186361,1
A,2023,Mytilus californianus,1.540374226,1
A,2023,Mytilus californianus,1.530564876,1
A,2023,Mytilus californianus,1.520759581,1
A,2023,Mytilus californianus,1.510959599,1
A,2023,Mytilus californianus,1.491380529,1
A,2023,Mytilus californianus,1.481603878,1
A,2023,Mytilus californianus,1.462082314,1
A,2023,Mytilus californianus,1.452339736,1
A,2023,Postelsia palmaeformis,1.452339736,1
A,2023,Mytilus californianus,1.44261082,1
A,2023,Mytilus californianus,1.432896688,1
A,2023,Mytilus californianus,1.41351716,1
A,2023,Mytilus californianus,1.403853907,1
A,2023,Mytilus californianus,1.394209723,1
A,2023,Mytilus californianus,1.384585627,1
A,2023,Mytilus californianus,1.374982618,1
A,2023,Postelsia palmaeformis,1.365401672,1
A,2023,Mytilus californianus,5.511837922,1
A,2023,Mytilus californianus,5.402579696,1
A,2023,Mytilus californianus,5.347913957,1
A,2023,Mytilus californianus,5.019545609,1
A,2023,Mytilus californianus,4.964775826,1
A,2023,Mytilus californianus,4.91,1
A,2023,Mytilus californianus,4.854279779,1
A,2023,Mytilus californianus,4.798557905,1
A,2023,Mytilus californianus,4.742836563,1
A,2023,Mytilus californianus,4.687117934,1
A,2023,Mytilus californianus,4.63140419,1
A,2023,Mytilus californianus,4.575697493,1
A,2023,Mytilus californianus,4.519999998,1
A,2023,Mytilus californianus,4.449054324,1
A,2023,Mytilus californianus,4.378122126,1
A,2023,Mytilus californianus,4.307205521,1
A,2023,Mytilus californianus,4.094570245,1
A,2023,Mytilus californianus,4.023736918,1
A,2023,Mytilus californianus,3.88215019,1
A,2023,Mytilus californianus,3.81140082,1
A,2023,Mytilus californianus,3.740683436,1
A,2023,Postelsia palmaeformis,3.740683436,1
A,2023,Mytilus californianus,3.670000004,1
A,2023,Mytilus californianus,4.585845921,1
A,2023,Mytilus californianus,4.560128445,1
A,2023,Mytilus californianus,4.508678227,1
A,2023,Mytilus californianus,4.457212737,1
A,2023,Mytilus californianus,4.431476258,1
A,2023,Mytilus californianus,4.405738394,1
A,2023,Mytilus californianus,4.380000002,1
A,2023,Mytilus californianus,4.333967448,1
A,2023,Mytilus californianus,4.287943531,1
A,2023,Mytilus californianus,4.264937149,1
A,2023,Mytilus californianus,4.241935765,1
A,2023,Mytilus californianus,4.218940358,1
A,2023,Mytilus californianus,4.195951921,1
A,2023,Mytilus californianus,4.172971464,1
A,2023,Mytilus californianus,4.150000005,1
A,2023,Mytilus californianus,4.098834652,1
A,2023,Mytilus californianus,3.996538222,1
A,2023,Mytilus californianus,3.94540926,1
A,2023,Mytilus californianus,3.894294559,1
A,2023,Mytilus californianus,3.843195196,1
A,2023,Mytilus californianus,3.792112255,1
A,2023,Mytilus californianus,3.741046827,1
A,2023,Mytilus californianus,3.690000005,1
A,2023,Mytilus californianus,3.672616808,1
A,2023,Postelsia palmaeformis,3.655254415,1
A,2023,Mytilus californianus,3.655254415,1
A,2023,Mytilus californianus,3.637913929,1
A,2023,Postelsia palmaeformis,3.637913929,1
A,2023,Mytilus californianus,3.620596452,1
A,2023,Postelsia palmaeformis,3.620596452,1
A,2023,Mytilus californianus,3.603303086,1
A,2023,Postelsia palmaeformis,3.603303086,1
A,2023,Postelsia palmaeformis,3.586034933,1
A,2023,Mytilus californianus,3.568793092,1
A,2023,Mytilus californianus,4.262912551,1
A,2023,Mytilus californianus,4.196834709,1
A,2023,Mytilus californianus,4.111257201,1
A,2023,Mytilus californianus,4.067599079,1
A,2023,Mytilus californianus,4.045575461,1
A,2023,Mytilus californianus,4.023430659,1
A,2023,Mytilus californianus,4.001170976,1
A,2023,Mytilus californianus,3.990000001,1
A,2023,Mytilus californianus,3.859810542,1
A,2023,Mytilus californianus,3.827202869,1
A,2023,Mytilus californianus,3.663839554,1
A,2023,Mytilus californianus,3.63110694,1
A,2023,Mytilus californianus,3.59835599,1
A,2023,Mytilus californianus,3.5328018390000002,1
A,2023,Mytilus californianus,3.499999999,1
A,2023,Mytilus californianus,3.478752245,1
A,2023,Mytilus californianus,3.457489537,1
A,2023,Mytilus californianus,3.436212529,1
A,2023,Mytilus californianus,3.414921868,1
A,2023,Mytilus californianus,3.393618191,1
A,2023,Mytilus californianus,3.372302127,1
A,2023,Mytilus californianus,3.350974299,1
A,2023,Mytilus californianus,3.329635319,1
A,2023,Mytilus californianus,3.308285793,1
A,2023,Mytilus californianus,3.286926317,1
A,2023,Mytilus californianus,3.26555748,1
A,2023,Mytilus californianus,3.244179862,1
A,2023,Mytilus californianus,3.222794035,1
A,2023,Mytilus californianus,3.201400562,1
A,2023,Mytilus californianus,3.179999997,1
A,2023,Mytilus californianus,3.110028548,1
A,2023,Mytilus californianus,3.040051091,1
A,2023,Mytilus californianus,2.970068155,1
A,2023,Mytilus californianus,2.900080259,1
A,2023,Mytilus californianus,2.830087917,1
A,2023,Mytilus californianus,2.76009163,1
A,2023,Mytilus californianus,2.690091894,1
A,2023,Mytilus californianus,2.620089194,1
A,2023,Mytilus californianus,2.550084008,1
A,2023,Mytilus californianus,2.480076804,1
A,2023,Mytilus californianus,2.410068043,1
A,2023,Mytilus californianus,2.340058176,1
A,2023,Mytilus californianus,2.270047647,1
A,2023,Postelsia palmaeformis,2.270047647,1
A,2023,Postelsia palmaeformis,2.200036891,1
A,2023,Mytilus californianus,2.200036891,1
A,2023,Postelsia palmaeformis,1.99000748,1
A,2023,Postelsia palmaeformis,1.919999995,1
A,2023,Mytilus californianus,1.915814608,1
A,2023,Mytilus californianus,1.911631428,1
A,2023,Mytilus californianus,1.907450832,1
A,2023,Mytilus californianus,1.899098857,1
A,2023,Mytilus californianus,1.894928193,1
A,2023,Mytilus californianus,1.89076154,1
A,2023,Mytilus californianus,1.886599237,1
A,2023,Mytilus californianus,1.882441612,1
A,2023,Mytilus californianus,1.878288988,1
A,2023,Mytilus californianus,1.87414168,1
A,2023,Mytilus californianus,1.869999995,1
C,2001,Mytilus californianus,1.26408,1
C,2001,Mytilus californianus,2.00372,1
C,2001,Mytilus californianus,2.03524,1
C,2001,Mytilus californianus,2.09,1
C,2001,Mytilus californianus,2.41,1
C,2001,Mytilus californianus,2.40339,1
C,2001,Mytilus californianus,2.39609,1
C,2001,Mytilus californianus,2.38826,1
C,2001,Mytilus californianus,2.02506,1
C,2001,Mytilus californianus,2.01971,1
C,2001,Mytilus californianus,2.02787,1
C,2001,Mytilus californianus,1.74363,1
C,2001,Mytilus californianus,1.46,1
C,2001,Mytilus californianus,1.98532,1
C,2001,Mytilus californianus,2.24058,1
C,2001,Mytilus californianus,2.39,1
C,2001,Mytilus californianus,2.34116,1
C,2001,Mytilus californianus,2.29209,1
C,2001,Mytilus californianus,2.24161,1
C,2001,Mytilus californianus,2.18849,1
C,2001,Mytilus californianus,2.13516,1
C,2001,Mytilus californianus,2.08,1
C,2001,Mytilus californianus,2.11891,1
C,2001,Mytilus californianus,2.24758,1
C,2001,Mytilus californianus,2.37596,1
C,2001,Mytilus californianus,2.36,1
C,2001,Mytilus californianus,1.47,1
C,2001,Mytilus californianus,1.37483,1
C,2001,Mytilus californianus,1.28,1
C,2001,Postelsia palmaeformis,-0.3605,1
C,2001,Postelsia palmaeformis,0.4,1
C,2001,Mytilus californianus,1.13,1
C,2001,Mytilus californianus,0.71,1
C,2001,Mytilus californianus,1.51558,1
C,2001,Mytilus californianus,1.4,1
C,2001,Mytilus californianus,1.14,1
C,2001,Mytilus californianus,0.64,1
C,2001,Mytilus californianus,1.14031,1
C,2001,Mytilus californianus,1.18,1
C,2001,Postelsia palmaeformis,1.68018,1
C,2001,Postelsia palmaeformis,1.97324,1
C,2001,Postelsia palmaeformis,1.87,1
C,2001,Postelsia palmaeformis,1.47515,1
C,2001,Postelsia palmaeformis,1.08,1
C,2001,Postelsia palmaeformis,0.92291,1
C,2001,Mytilus californianus,0.5302,1
C,2001,Postelsia palmaeformis,0.74498,1
C,2001,Postelsia palmaeformis,0.7,1
C,2001,Mytilus californianus,1.03,1
C,2001,Mytilus californianus,0.24,1
C,2001,Mytilus californianus,2.14,1
C,2001,Mytilus californianus,2.17,1
C,2001,Postelsia palmaeformis,1.75882,1
C,2001,Postelsia palmaeformis,1.62504,1
C,2001,Postelsia palmaeformis,1.4866,1
C,2001,Postelsia palmaeformis,1.03402,1
C,2001,Mytilus californianus,2.12546,1
C,2001,Mytilus californianus,2.23268,1
C,2001,Mytilus californianus,2.34,1
C,2001,Mytilus californianus,1.42045,1
C,2001,Mytilus californianus,1.4,1
C,2001,Mytilus californianus,1.46,1
C,2001,Mytilus californianus,1.08,1
C,2001,Mytilus californianus,1.32171,1
C,2001,Mytilus californianus,2.51003,1
C,2001,Mytilus californianus,2.19436,1
C,2001,Mytilus californianus,2.13,1
C,2001,Mytilus californianus,2.04747,1
C,2001,Mytilus californianus,1.87626,1
C,2001,Postelsia palmaeformis,1.48,1
C,2001,Postelsia palmaeformis,1.7,1
C,2001,Postelsia palmaeformis,1.19469,1
C,2001,Postelsia palmaeformis,0.71,1
C,2001,Mytilus californianus,2.19,1
C,2001,Mytilus californianus,2.21212,1
C,2001,Mytilus californianus,2.23448,1
C,2001,Mytilus californianus,2.25803,1
C,2001,Mytilus californianus,2.28003,1
C,2001,Mytilus californianus,2.30617,1
C,2001,Mytilus californianus,2.3279,1
C,2001,Mytilus californianus,2.34923,1
C,2001,Mytilus californianus,2.37,1
C,2001,Mytilus californianus,2.31988,1
C,2001,Mytilus californianus,2.31,1
C,2001,Mytilus californianus,2.08,1
C,2001,Mytilus californianus,1.88017,1
C,2001,Mytilus californianus,1.96557,1
C,2006,Mytilus californianus,1.14031,1
C,2006,Mytilus californianus,1.18,1
C,2006,Mytilus californianus,1.6781,1
C,2006,Mytilus californianus,1.28011,1
C,2006,Mytilus californianus,1.51204,1
C,2006,Mytilus californianus,2.179,1
C,2006,Mytilus californianus,1.97324,1
C,2006,Postelsia palmaeformis,1.47515,1
C,2006,Mytilus californianus,0.1,1
C,2006,Mytilus californianus,0.5302,1
C,2006,Mytilus californianus,0.96,1
C,2006,Mytilus californianus,0.91811,1
C,2006,Mytilus californianus,0.87584,1
C,2006,Mytilus californianus,0.83288,1
C,2006,Mytilus californianus,1.15,1
C,2006,Mytilus californianus,0.95035,1
C,2006,Mytilus californianus,1.58091,1
C,2006,Mytilus californianus,1.86105,1
C,2006,Mytilus californianus,2.14,1
C,2006,Mytilus californianus,1.88608,1
C,2006,Mytilus californianus,1.63,1
C,2006,Mytilus californianus,1.68221,1
C,2006,Mytilus californianus,1.73216,1
C,2006,Mytilus californianus,1.78,1
C,2006,Mytilus californianus,2.05335,1
C,2006,Mytilus californianus,2.17,1
C,2006,Mytilus californianus,2.03414,1
C,2006,Postelsia palmaeformis,1.8974,1
C,2006,Postelsia palmaeformis,1.75882,1
C,2006,Postelsia palmaeformis,1.62504,1
C,2006,Mytilus californianus,1.35282,1
C,2006,Mytilus californianus,1.22,1
C,2006,Postelsia palmaeformis,1.02,1
C,2006,Mytilus californianus,1.03402,1
C,2006,Mytilus californianus,2.02,1
C,2006,Mytilus californianus,2.12546,1
C,2006,Mytilus californianus,2.23268,1
C,2006,Mytilus californianus,2.34,1
C,2006,Mytilus californianus,2,1
C,2006,Mytilus californianus,1.97659,1
C,2006,Mytilus californianus,1.9320600000000001,1
C,2006,Mytilus californianus,1.9107,1
C,2006,Mytilus californianus,1.89,1
C,2006,Mytilus californianus,1.27,1
C,2006,Mytilus californianus,1.08,1
C,2006,Mytilus californianus,1.32171,1
C,2006,Mytilus californianus,1.11,1
C,2006,Mytilus californianus,2.19436,1
C,2006,Mytilus californianus,2.05178,1
C,2006,Mytilus californianus,2.13,1
C,2006,Mytilus californianus,2.04747,1
C,2006,Mytilus californianus,1.96314,1
C,2006,Mytilus californianus,1.87626,1
C,2006,Mytilus californianus,1.7893,1
C,2006,Mytilus californianus,1.7,1
C,2006,Mytilus californianus,0.69,1
C,2006,Postelsia palmaeformis,0.69,1
C,2006,Postelsia palmaeformis,1.29491,1
C,2006,Mytilus californianus,2.03489,1
C,2006,Mytilus californianus,2.19,1
C,2006,Mytilus californianus,2.21212,1
C,2006,Mytilus californianus,2.23448,1
C,2006,Mytilus californianus,2.25803,1
C,2006,Mytilus californianus,2.28003,1
C,2006,Mytilus californianus,2.30617,1
C,2006,Mytilus californianus,2.3279,1
C,2006,Mytilus californianus,2.34923,1
C,2006,Mytilus californianus,2.37,1
C,2006,Mytilus californianus,1.3969800000000001,1
C,2006,Mytilus californianus,1.26408,1
C,2006,Mytilus californianus,1.9734,1
C,2006,Mytilus californianus,2.00372,1
C,2006,Mytilus californianus,2.03524,1
C,2006,Mytilus californianus,2.06356,1
C,2006,Mytilus californianus,2.03559,1
C,2006,Mytilus californianus,2.13,1
C,2006,Mytilus californianus,2.09,1
C,2006,Mytilus californianus,2.31,1
C,2006,Mytilus californianus,2.41,1
C,2006,Mytilus californianus,2.40339,1
C,2006,Mytilus californianus,2.39609,1
C,2006,Mytilus californianus,2.38826,1
C,2006,Mytilus californianus,2.38,1
C,2006,Mytilus californianus,1.91,1
C,2006,Mytilus californianus,1.79646,1
C,2006,Mytilus californianus,1.73875,1
C,2006,Mytilus californianus,1.71189,1
C,2006,Mytilus californianus,2.20458,1
C,2006,Mytilus californianus,2.33,1
C,2006,Mytilus californianus,2.31988,1
C,2006,Mytilus californianus,2.31,1
C,2006,Mytilus californianus,2.08,1
C,2006,Mytilus californianus,1.88017,1
C,2006,Mytilus californianus,1.68,1
C,2006,Mytilus californianus,1.20059,1
C,2006,Mytilus californianus,1.76742,1
C,2006,Mytilus californianus,1.99,1
C,2006,Mytilus californianus,2.02506,1
C,2006,Mytilus californianus,2.06,1
C,2006,Mytilus californianus,2.01971,1
C,2006,Mytilus californianus,1.97982,1
C,2006,Mytilus californianus,1.70009,1
C,2006,Mytilus californianus,1.74363,1
C,2006,Mytilus californianus,1.46,1
C,2006,Mytilus californianus,1.98532,1
C,2006,Mytilus californianus,0.97,1
C,2006,Mytilus californianus,1.04499,1
C,2006,Mytilus californianus,2.09054,1
C,2006,Mytilus californianus,2.24058,1
C,2006,Mytilus californianus,2.39,1
C,2006,Mytilus californianus,2.34116,1
C,2006,Mytilus californianus,2.29209,1
C,2006,Mytilus californianus,2.24161,1
C,2006,Mytilus californianus,2.18849,1
C,2006,Mytilus californianus,2.13516,1
C,2006,Mytilus californianus,2.08,1
C,2006,Mytilus californianus,1.49,1
C,2006,Mytilus californianus,1.91,1
C,2006,Mytilus californianus,1.86,1
C,2006,Mytilus californianus,1.9901,1
C,2006,Mytilus californianus,2.11891,1
C,2006,Mytilus californianus,2.24758,1
C,2006,Mytilus californianus,2.37596,1
C,2006,Mytilus californianus,2.50309,1
C,2006,Mytilus californianus,2.51719,1
C,2006,Mytilus californianus,2.36,1
C,2006,Mytilus californianus,1.47,1
C,2006,Mytilus californianus,1.37483,1
C,2006,Mytilus californianus,-0.1699,1
C,2006,Mytilus californianus,1.15098,1
C,2006,Mytilus californianus,0.9901,1
C,2006,Mytilus californianus,0.96,1
C,2006,Mytilus californianus,1.50481,1
C,2006,Mytilus californianus,1.4484,1
C,2006,Mytilus californianus,1.51558,1
C,2006,Mytilus californianus,1.45793,1
C,2014,Postelsia palmaeformis,1.87,1
C,2014,Postelsia palmaeformis,1.47515,1
C,2014,Postelsia palmaeformis,1.08,1
C,2014,Mytilus californianus,0.96,1
C,2014,Mytilus californianus,0.78926,1
C,2014,Mytilus californianus,0.7,1
C,2014,Mytilus californianus,1.15,1
C,2014,Postelsia palmaeformis,1.35282,1
C,2014,Postelsia palmaeformis,1.22,1
C,2014,Mytilus californianus,1.02,1
C,2014,Postelsia palmaeformis,2.12546,1
C,2014,Mytilus californianus,1.97659,1
C,2014,Mytilus californianus,1.95399,1
C,2014,Mytilus californianus,1.9320600000000001,1
C,2014,Mytilus californianus,1.9107,1
C,2014,Mytilus californianus,1.46,1
C,2014,Mytilus californianus,1.4,1
C,2014,Mytilus californianus,1.50534,1
C,2014,Mytilus californianus,1.08,1
C,2014,Mytilus californianus,1.32171,1
C,2014,Mytilus californianus,2.05178,1
C,2014,Mytilus californianus,2.13,1
C,2014,Postelsia palmaeformis,1.7,1
C,2014,Postelsia palmaeformis,1.19469,1
C,2014,Postelsia palmaeformis,1.31,1
C,2014,Postelsia palmaeformis,0.71,1
C,2014,Mytilus californianus,2.21212,1
C,2014,Mytilus californianus,2.23448,1
C,2014,Mytilus californianus,2.25803,1
C,2014,Mytilus californianus,2.28003,1
C,2014,Mytilus californianus,2.3279,1
C,2014,Mytilus californianus,2.34923,1
C,2014,Mytilus californianus,2.37,1
C,2014,Mytilus californianus,0.57,1
C,2014,Mytilus californianus,1.20514,1
C,2014,Mytilus californianus,0.62,1
C,2014,Mytilus californianus,2.09,1
C,2014,Mytilus californianus,1.81,1
C,2014,Mytilus californianus,2.31,1
C,2014,Mytilus californianus,2.41,1
C,2014,Mytilus californianus,2.40339,1
C,2014,Mytilus californianus,2.39609,1
C,2014,Mytilus californianus,2.38826,1
C,2014,Mytilus californianus,2.38,1
C,2014,Mytilus californianus,2.31988,1
C,2014,Mytilus californianus,2.31,1
C,2014,Mytilus californianus,2.08,1
C,2014,Mytilus californianus,1.84528,1
C,2014,Mytilus californianus,1.74363,1
C,2014,Mytilus californianus,1.46,1
C,2014,Mytilus californianus,1.56444,1
C,2014,Mytilus californianus,2.39,1
C,2014,Mytilus californianus,2.34116,1
C,2014,Mytilus californianus,2.29209,1
C,2014,Mytilus californianus,2.24161,1
C,2014,Mytilus californianus,2.18849,1
C,2014,Mytilus californianus,2.13516,1
C,2014,Mytilus californianus,2.08,1
C,2014,Postelsia palmaeformis,1.71,1
C,2014,Mytilus californianus,2.24758,1
C,2014,Mytilus californianus,2.37596,1
C,2014,Mytilus californianus,2.50309,1
C,2014,Mytilus californianus,2.51719,1
C,2014,Mytilus californianus,2.36,1
C,2014,Mytilus californianus,1.47,1
C,2014,Mytilus californianus,1.37483,1
C,2014,Mytilus californianus,-0.181,1
C,2014,Mytilus californianus,-0.2186,1
C,2014,Postelsia palmaeformis,0.14271,1
C,2014,Mytilus californianus,-0.14,1
C,2014,Mytilus californianus,0.96,1
C,2014,Postelsia palmaeformis,0.17,1
C,2014,Postelsia palmaeformis,0.29559,1
C,2014,Postelsia palmaeformis,0.42233,1
C,2014,Mytilus californianus,0.73613,1
C,2014,Mytilus californianus,1.51558,1
C,2014,Mytilus californianus,1.45793,1
C,2014,Mytilus californianus,1.4,1
C,2014,Mytilus californianus,1.14,1
I,2017,Mytilus californianus,0.827735166,1
I,2017,Mytilus californianus,0.595,1
I,2017,Mytilus californianus,0.773664668,1
I,2017,Mytilus californianus,0.909437089,1
I,2017,Mytilus californianus,0.629286044,1
I,2017,Mytilus californianus,0.345325184,1
I,2017,Mytilus californianus,0.029139281,1
I,2017,Mytilus californianus,-0.135000002,1
I,2017,Mytilus californianus,0.357501693,1
I,2017,Mytilus californianus,0.245000001,1
I,2017,Mytilus californianus,0.070897708,1
I,2017,Mytilus californianus,1.042662263,1
I,2017,Mytilus californianus,0.80882505,1
I,2017,Mytilus californianus,0.505674409,1
I,2017,Mytilus californianus,0.623446967,1
I,2017,Mytilus californianus,0.384093243,1
I,2017,Mytilus californianus,0.235143891,1
I,2017,Mytilus californianus,0.679470678,1
I,2017,Mytilus californianus,0.706719778,1
I,2017,Mytilus californianus,0.733984271,1
I,2017,Mytilus californianus,0.787638,1
I,2017,Mytilus californianus,0.815638646,1
I,2017,Mytilus californianus,0.827492708,1
I,2017,Mytilus californianus,0.805282211,1
I,2017,Mytilus californianus,0.783168961,1
I,2017,Mytilus californianus,0.762424858,1
I,2017,Mytilus californianus,0.434851939,1
I,2017,Mytilus californianus,0.357004898,1
I,2017,Mytilus californianus,-0.419148198,1
I,2017,Mytilus californianus,0.604278582,1
I,2017,Mytilus californianus,0.014849842,1
I,2017,Mytilus californianus,0.679306347,1
I,2017,Mytilus californianus,0.698319653,1
I,2017,Mytilus californianus,0.714813695,1
I,2017,Mytilus californianus,0.730064886,1
I,2017,Mytilus californianus,0.694633487,1
I,2017,Mytilus californianus,0.632580899,1
I,2017,Mytilus californianus,0.332737257,1
I,2017,Mytilus californianus,0.253058248,1
I,2017,Mytilus californianus,-0.353452168,1
I,2017,Mytilus californianus,0.560833095,1
I,2017,Mytilus californianus,0.477096584,1
I,2017,Mytilus californianus,0.486911747,1
I,2017,Mytilus californianus,0.497330976,1
I,2017,Mytilus californianus,0.507345047,1
I,2017,Mytilus californianus,-0.012981399,1
I,2017,Mytilus californianus,0.452486702,1
I,2017,Mytilus californianus,-0.391615286,1
I,2017,Mytilus californianus,-0.813347381,1
I,2017,Mytilus californianus,0.51182005,1
I,2017,Mytilus californianus,0.449072111,1
I,2017,Mytilus californianus,0.386108688,1
I,2017,Mytilus californianus,0.39214466,1
I,2021,Mytilus californianus,-0.412881766,1
I,2021,Mytilus californianus,0.595,1
I,2021,Mytilus californianus,1.185,1
I,2021,Mytilus californianus,0.770533908,1
I,2021,Mytilus californianus,0.193018003,1
I,2021,Mytilus californianus,0.029139281,1
I,2021,Mytilus californianus,0.357501693,1
I,2021,Postelsia palmaeformis,0.245000001,1
I,2021,Mytilus californianus,0.070897708,1
I,2021,Mytilus californianus,0.606091306,1
I,2021,Mytilus californianus,0.378752998,1
I,2021,Mytilus californianus,0.675097474,1
I,2021,Mytilus californianus,0.80882505,1
I,2021,Mytilus californianus,0.657083776,1
I,2021,Mytilus californianus,0.505674409,1
I,2021,Mytilus californianus,0.267818516,1
I,2021,Postelsia palmaeformis,-0.013152518,1
I,2021,Mytilus californianus,0.364999999,1
I,2021,Mytilus californianus,0.835443091,1
I,2021,Mytilus californianus,1.101650507,1
I,2021,Mytilus californianus,0.669755714,1
I,2021,Mytilus californianus,-0.235002288,1
I,2021,Mytilus californianus,-0.060185366,1
I,2021,Mytilus californianus,0.733984271,1
I,2021,Mytilus californianus,0.759766537,1
I,2021,Mytilus californianus,0.787638,1
I,2021,Mytilus californianus,0.815638646,1
I,2021,Mytilus californianus,0.827492708,1
I,2021,Mytilus californianus,0.805282211,1
I,2021,Mytilus californianus,0.783168961,1
I,2021,Mytilus californianus,0.762424858,1
I,2021,Mytilus californianus,0.701888774,1
I,2021,Postelsia palmaeformis,-0.425000002,1
I,2021,Mytilus californianus,0.434851939,1
I,2021,Mytilus californianus,0.066889999,1
I,2021,Mytilus californianus,-0.076248906,1
I,2021,Mytilus californianus,0.014849842,1
I,2021,Mytilus californianus,0.679306347,1
I,2021,Mytilus californianus,0.698319653,1
I,2021,Mytilus californianus,0.714813695,1
I,2021,Mytilus californianus,0.730064886,1
I,2021,Mytilus californianus,0.632580899,1
I,2021,Mytilus californianus,0.568450909,1
I,2021,Mytilus californianus,0.436461992,1
I,2021,Mytilus californianus,0.332737257,1
I,2021,Mytilus californianus,0.253058248,1
I,2021,Mytilus californianus,0.172205855,1
I,2021,Mytilus californianus,0.465107169,1
I,2021,Mytilus californianus,0.477096584,1
I,2021,Mytilus californianus,0.486911747,1
I,2021,Mytilus californianus,0.497330976,1
I,2021,Mytilus californianus,0.507345047,1
I,2021,Mytilus californianus,-0.175000001,1
I,2021,Mytilus californianus,-0.368875377,1
I,2021,Mytilus californianus,-0.031810923,1
I,2021,Mytilus californianus,-0.012981399,1
I,2021,Mytilus californianus,0.51182005,1
I,2021,Mytilus californianus,0.449072111,1
I,2021,Mytilus californianus,0.386108688,1
I,2021,Mytilus californianus,0.229261257,1
I,2021,Mytilus californianus,-0.111041802,1
I,2021,Mytilus californianus,0.112314565,1
I,2021,Mytilus californianus,0.325385075,1
I,2021,Mytilus californianus,0.272894837,1
I,2021,Mytilus californianus,0.063916956,1
I,2021,Mytilus californianus,0.345287465,1
I,2021,Mytilus californianus,0.303103514,1
I,2021,Mytilus californianus,0.258244474,1
I,2021,Mytilus californianus,0.166008299,1
I,2021,Mytilus californianus,-0.335000001,1
I,2021,Mytilus californianus,0.206016148,1
K,2001,Pisaster ochraceus,1.38667,3
K,2001,Pisaster ochraceus,1.10009,1
K,2001,Pisaster ochraceus,0.51667,3
K,2001,Pisaster ochraceus,1.79008,1
K,2001,Pisaster ochraceus,0.80452,10
K,2001,Pisaster ochraceus,0.72836,2
K,2001,Pisaster ochraceus,0.65169,3
K,2001,Pisaster ochraceus,0.575,6
K,2001,Pisaster ochraceus,0.125,2
K,2001,Pisaster ochraceus,0.165,1
K,2001,Pisaster ochraceus,-0.0749,1
K,2001,Pisaster ochraceus,1.55667,1
K,2001,Pisaster ochraceus,0.79667,3
K,2001,Pisaster ochraceus,0.61667,5
K,2001,Pisaster ochraceus,0.52166,6
K,2001,Pisaster ochraceus,0.99669,1
K,2001,Pisaster ochraceus,0.6567,1
K,2001,Pisaster ochraceus,0.6334,3
K,2001,Pisaster ochraceus,0.47667,3
K,2001,Pisaster ochraceus,0.20074,2
K,2001,Pisaster ochraceus,2.23667,2
K,2001,Pisaster ochraceus,2.17667,2
K,2001,Pisaster ochraceus,-0.0283,7
K,2001,Pisaster ochraceus,0.49667,6
K,2001,Pisaster ochraceus,0.62166,7
K,2001,Pisaster ochraceus,0.76667,5
K,2001,Pisaster ochraceus,0.9584,2
K,2001,Pisaster ochraceus,0.56938,8
K,2001,Pisaster ochraceus,0.475,1
K,2001,Pisaster ochraceus,0.32902,1
K,2001,Pisaster ochraceus,0.31799,1
K,2001,Pisaster ochraceus,0.84667,7
K,2001,Pisaster ochraceus,1.52667,1
K,2001,Pisaster ochraceus,0.41667,7
K,2001,Pisaster ochraceus,-0.0433,7
K,2001,Pisaster ochraceus,0.0948,2
K,2001,Pisaster ochraceus,0.57477,1
K,2001,Pisaster ochraceus,0.76168,4
K,2001,Pisaster ochraceus,0.59105,3
K,2001,Pisaster ochraceus,0.565,3
K,2001,Pisaster ochraceus,0.42536,3
K,2001,Pisaster ochraceus,0.28524,6
K,2001,Pisaster ochraceus,0.145,2
K,2001,Pisaster ochraceus,1.40164,2
K,2001,Pisaster ochraceus,1.17665,5
K,2001,Pisaster ochraceus,0.53667,16
K,2001,Pisaster ochraceus,0.90168,3
K,2001,Pisaster ochraceus,1.13667,1
K,2001,Pisaster ochraceus,1.56667,2
K,2001,Pisaster ochraceus,1.40667,1
K,2001,Pisaster ochraceus,-0.2057,1
K,2001,Pisaster ochraceus,0.0232,14
K,2001,Pisaster ochraceus,0.30968,3
K,2001,Pisaster ochraceus,0.635,8
K,2001,Pisaster ochraceus,0.61724,3
K,2001,Pisaster ochraceus,0.34097,1
K,2001,Pisaster ochraceus,0.23497,2
K,2001,Pisaster ochraceus,2.04167,1
K,2001,Pisaster ochraceus,2.17667,1
K,2001,Pisaster ochraceus,1.93667,1
K,2001,Pisaster ochraceus,-0.3333,4
K,2001,Pisaster ochraceus,0.57166,4
K,2001,Pisaster ochraceus,1.52667,1
K,2001,Pisaster ochraceus,1.60667,2
K,2001,Pisaster ochraceus,-0.3999,1
K,2001,Pisaster ochraceus,-0.9083,3
K,2001,Pisaster ochraceus,-0.525,3
K,2001,Pisaster ochraceus,-0.425,2
K,2001,Pisaster ochraceus,-0.7677,1
K,2001,Pisaster ochraceus,0.69948,1
K,2001,Pisaster ochraceus,0.42456,1
K,2001,Pisaster ochraceus,-0.2525,1
K,2001,Pisaster ochraceus,0.095,1
K,2001,Pisaster ochraceus,0.28408,1
K,2001,Pisaster ochraceus,-0.0666,1
K,2001,Pisaster ochraceus,0.06,1
K,2001,Pisaster ochraceus,0.16561,1
K,2001,Pisaster ochraceus,0.49941,1
K,2001,Pisaster ochraceus,0.72501,1
K,2001,Pisaster ochraceus,0.50345,1
K,2001,Pisaster ochraceus,0.68802,6
K,2001,Pisaster ochraceus,0.47002,10
K,2001,Pisaster ochraceus,0.045,2
K,2001,Pisaster ochraceus,0.21909,2
K,2001,Pisaster ochraceus,0.335,4
K,2001,Pisaster ochraceus,0.435,7
K,2001,Pisaster ochraceus,0.485,2
K,2001,Pisaster ochraceus,0.54299,10
K,2001,Pisaster ochraceus,0.345,9
K,2001,Pisaster ochraceus,0.51168,7
K,2001,Pisaster ochraceus,0.595,1
K,2001,Pisaster ochraceus,0.275,8
K,2001,Pisaster ochraceus,0.0017,2
K,2001,Pisaster ochraceus,0.215,3
K,2001,Pisaster ochraceus,0.03,3
K,2001,Pisaster ochraceus,0.18353,1
K,2001,Pisaster ochraceus,0.28927,6
K,2001,Pisaster ochraceus,0.0116,1
K,2001,Pisaster ochraceus,0.17833,4
K,2001,Pisaster ochraceus,0.21873,5
K,2001,Pisaster ochraceus,0.175,1
K,2001,Pisaster ochraceus,-0.175,6
K,2001,Pisaster ochraceus,0.1173,3
K,2001,Pisaster ochraceus,0.78519,1
K,2001,Pisaster ochraceus,0.44496,1
K,2001,Pisaster ochraceus,0.2388,1
K,2001,Pisaster ochraceus,0.64942,2
K,2001,Pisaster ochraceus,0.725,1
K,2001,Pisaster ochraceus,0.68458,1
K,2001,Pisaster ochraceus,0.64437,3
K,2001,Pisaster ochraceus,0.56523,2
K,2001,Pisaster ochraceus,0.36578,1
K,2001,Pisaster ochraceus,0.165,6
K,2001,Pisaster ochraceus,0.59547,1
K,2001,Pisaster ochraceus,1.01896,1
K,2001,Pisaster ochraceus,0.88832,1
K,2001,Pisaster ochraceus,0.75744,6
K,2001,Pisaster ochraceus,0.62614,3
K,2001,Pisaster ochraceus,0.495,4
K,2001,Pisaster ochraceus,-0.685,3
K,2001,Pisaster ochraceus,-0.695,1
K,2001,Pisaster ochraceus,-0.055,2
K,2001,Pisaster ochraceus,0.0525,1
K,2001,Pisaster ochraceus,0.15993,3
K,2001,Pisaster ochraceus,0.37745,5
K,2001,Pisaster ochraceus,0.48677,8
K,2001,Pisaster ochraceus,0.595,6
K,2001,Pisaster ochraceus,0.33384,6
K,2001,Pisaster ochraceus,0.0722,1
K,2001,Pisaster ochraceus,0.21868,2
K,2001,Pisaster ochraceus,0.4215,3
K,2001,Pisaster ochraceus,0.615,3
K,2001,Pisaster ochraceus,0.38651,5
K,2001,Pisaster ochraceus,0.055,2
K,2001,Pisaster ochraceus,0.045,3
K,2001,Pisaster ochraceus,0.1917,4
K,2001,Pisaster ochraceus,0.1252,3
K,2001,Pisaster ochraceus,-0.025,3
K,2001,Pisaster ochraceus,0.18761,6
K,2001,Pisaster ochraceus,0.1500738,12
K,2001,Pisaster ochraceus,-0.3449,3
K,2001,Pisaster ochraceus,-0.295,1
K,2001,Pisaster ochraceus,0.68002,3
K,2001,Pisaster ochraceus,0.81853,1
K,2001,Pisaster ochraceus,-0.545,1
K,2001,Pisaster ochraceus,-0.015,1
K,2001,Pisaster ochraceus,0.45683,1
K,2001,Pisaster ochraceus,0.675,1
K,2001,Pisaster ochraceus,-0.465,5
K,2001,Pisaster ochraceus,1.295,2
K,2001,Pisaster ochraceus,0.38659,6
K,2001,Pisaster ochraceus,-1.095,2
K,2001,Pisaster ochraceus,-0.8993,9
K,2001,Pisaster ochraceus,0.0292,1
K,2001,Pisaster ochraceus,0.36858,7
K,2001,Pisaster ochraceus,0.695,9
K,2001,Pisaster ochraceus,0.69216,7
K,2001,Pisaster ochraceus,0.485,9
K,2001,Pisaster ochraceus,0.41838,2
K,2001,Pisaster ochraceus,0.545,5
K,2001,Pisaster ochraceus,0.32005,5
K,2001,Pisaster ochraceus,0.445,4
K,2001,Pisaster ochraceus,0.41495,6
K,2001,Pisaster ochraceus,0.665,3
K,2001,Pisaster ochraceus,0.44324,8
K,2001,Pisaster ochraceus,0.22199,6
K,2001,Pisaster ochraceus,0.15166,8
K,2001,Pisaster ochraceus,0.101,9
K,2001,Pisaster ochraceus,0.091,1
K,2001,Pisaster ochraceus,-0.025,5
K,2001,Pisaster ochraceus,0.22498,2
K,2001,Pisaster ochraceus,0.18497,9
K,2001,Pisaster ochraceus,0.27368,16
K,2001,Pisaster ochraceus,-0.315,1
K,2001,Pisaster ochraceus,-0.204,1
K,2001,Pisaster ochraceus,-0.5206,1
K,2001,Pisaster ochraceus,-0.605,1
K,2001,Pisaster ochraceus,-0.135,1
K,2001,Pisaster ochraceus,0.5029,8
K,2001,Pisaster ochraceus,0.1341,3
K,2001,Pisaster ochraceus,-1.075,3
K,2001,Pisaster ochraceus,-0.145,1
K,2001,Pisaster ochraceus,0.55893,3
K,2001,Pisaster ochraceus,0.49095,6
K,2001,Pisaster ochraceus,0.71835,5
K,2001,Pisaster ochraceus,0.77507,4
K,2001,Pisaster ochraceus,0.54659,2
K,2001,Pisaster ochraceus,0.315,6
K,2001,Pisaster ochraceus,0.39408,4
K,2001,Pisaster ochraceus,-0.0837,4
K,2001,Pisaster ochraceus,-0.016,2
K,2001,Pisaster ochraceus,0.415,7
K,2001,Pisaster ochraceus,0.235,3
K,2001,Pisaster ochraceus,0.075,8
K,2001,Pisaster ochraceus,0.0262,1
K,2001,Pisaster ochraceus,0.165,8
K,2001,Pisaster ochraceus,0.0222,3
K,2001,Pisaster ochraceus,0.215,4
K,2001,Pisaster ochraceus,0.115,5
K,2001,Pisaster ochraceus,-0.255,1
K,2001,Pisaster ochraceus,-0.055,2
K,2001,Pisaster ochraceus,-0.1017,1
K,2001,Pisaster ochraceus,-0.0917,3
K,2001,Pisaster ochraceus,0.515,1
K,2001,Pisaster ochraceus,1.04997,1
K,2001,Pisaster ochraceus,0.645,1
K,2001,Pisaster ochraceus,-0.2922,2
K,2001,Pisaster ochraceus,0.17499,5
K,2001,Pisaster ochraceus,0.71685,2
K,2001,Pisaster ochraceus,0.57159,6
K,2001,Pisaster ochraceus,0.42683,2
K,2001,Pisaster ochraceus,0.28189,1
K,2001,Pisaster ochraceus,-0.421,8
K,2001,Pisaster ochraceus,-0.3079,1
K,2001,Pisaster ochraceus,0.485,6
K,2001,Pisaster ochraceus,0.495,1
K,2001,Pisaster ochraceus,0.285,16
K,2001,Pisaster ochraceus,0.51166,13
K,2001,Pisaster ochraceus,0.7489,5
K,2001,Pisaster ochraceus,0.82898,4
K,2001,Pisaster ochraceus,0.60755,2
K,2001,Pisaster ochraceus,0.31068,2
K,2001,Pisaster ochraceus,0.0138,13
K,2001,Pisaster ochraceus,-0.065,7
K,2001,Pisaster ochraceus,-0.125,2
K,2001,Pisaster ochraceus,-0.485,1
K,2001,Pisaster ochraceus,-0.045,3
K,2001,Pisaster ochraceus,-0.195,1
K,2001,Pisaster ochraceus,-0.165,1
K,2003,Pisaster ochraceus,2.70667,1
K,2003,Pisaster ochraceus,2.16667,2
K,2003,Pisaster ochraceus,1.74166,1
K,2003,Pisaster ochraceus,0.99165,1
K,2003,Pisaster ochraceus,1.10009,1
K,2003,Pisaster ochraceus,0.51667,7
K,2003,Pisaster ochraceus,1.87667,2
K,2003,Pisaster ochraceus,2.0067,9
K,2003,Pisaster ochraceus,1.55667,3
K,2003,Pisaster ochraceus,0.79667,1
K,2003,Pisaster ochraceus,1.04667,3
K,2003,Pisaster ochraceus,0.6567,1
K,2003,Pisaster ochraceus,0.6334,1
K,2003,Pisaster ochraceus,2.17667,12
K,2003,Pisaster ochraceus,0.49667,4
K,2003,Pisaster ochraceus,0.76667,1
K,2003,Pisaster ochraceus,0.475,1
K,2003,Pisaster ochraceus,0.84667,14
K,2003,Pisaster ochraceus,0.41667,16
K,2003,Pisaster ochraceus,-0.0433,5
K,2003,Pisaster ochraceus,0.565,3
K,2003,Pisaster ochraceus,1.41667,8
K,2003,Pisaster ochraceus,-0.3158,7
K,2003,Pisaster ochraceus,0.53667,6
K,2003,Pisaster ochraceus,1.44667,6
K,2003,Pisaster ochraceus,0.59667,5
K,2003,Pisaster ochraceus,0.57166,12
K,2003,Pisaster ochraceus,1.52667,10
K,2003,Pisaster ochraceus,0.78839,1
K,2003,Pisaster ochraceus,0.55503,1
K,2003,Pisaster ochraceus,0.69948,3
K,2003,Pisaster ochraceus,0.0788,2
K,2003,Pisaster ochraceus,0.06,1
K,2003,Pisaster ochraceus,0.49941,1
K,2003,Pisaster ochraceus,0.47002,2
K,2003,Pisaster ochraceus,0.045,2
K,2003,Pisaster ochraceus,-0.475,2
K,2003,Pisaster ochraceus,-0.088,2
K,2003,Pisaster ochraceus,0.21909,1
K,2003,Pisaster ochraceus,0.485,4
K,2003,Pisaster ochraceus,0.54299,8
K,2003,Pisaster ochraceus,0.345,3
K,2003,Pisaster ochraceus,0.51168,2
K,2003,Pisaster ochraceus,0.275,4
K,2003,Pisaster ochraceus,0.0017,4
K,2003,Pisaster ochraceus,0.03,2
K,2003,Pisaster ochraceus,0.28927,1
K,2003,Pisaster ochraceus,0.575,1
K,2003,Pisaster ochraceus,0.75744,1
K,2003,Pisaster ochraceus,0.495,1
K,2003,Pisaster ochraceus,0.095,3
K,2003,Pisaster ochraceus,-0.685,3
K,2003,Pisaster ochraceus,-0.695,1
K,2003,Pisaster ochraceus,-0.055,1
K,2003,Pisaster ochraceus,0.15993,2
K,2003,Pisaster ochraceus,0.37745,2
K,2003,Pisaster ochraceus,0.48677,1
K,2003,Pisaster ochraceus,0.595,3
K,2003,Pisaster ochraceus,0.33384,1
K,2003,Pisaster ochraceus,0.0722,3
K,2003,Pisaster ochraceus,0.0019,1
K,2003,Pisaster ochraceus,0.21868,2
K,2003,Pisaster ochraceus,0.4215,1
K,2003,Pisaster ochraceus,0.615,3
K,2003,Pisaster ochraceus,0.38651,6
K,2003,Pisaster ochraceus,0.1917,1
K,2003,Pisaster ochraceus,0.7529,2
K,2003,Pisaster ochraceus,-0.4141,1
K,2003,Pisaster ochraceus,1.15392,3
K,2003,Pisaster ochraceus,-0.425,1
K,2003,Pisaster ochraceus,0.1125,1
K,2003,Pisaster ochraceus,-0.465,2
K,2003,Pisaster ochraceus,0.38659,1
K,2003,Pisaster ochraceus,0.3583,6
K,2003,Pisaster ochraceus,0.1249,9
K,2003,Pisaster ochraceus,-1.095,2
K,2003,Pisaster ochraceus,-0.8993,1
K,2003,Pisaster ochraceus,0.36858,3
K,2003,Pisaster ochraceus,0.68051,2
K,2003,Pisaster ochraceus,0.695,6
K,2003,Pisaster ochraceus,0.685,8
K,2003,Pisaster ochraceus,0.69216,8
K,2003,Pisaster ochraceus,0.485,4
K,2003,Pisaster ochraceus,0.41838,1
K,2003,Pisaster ochraceus,0.545,7
K,2003,Pisaster ochraceus,0.32005,1
K,2003,Pisaster ochraceus,0.445,3
K,2003,Pisaster ochraceus,0.41495,1
K,2003,Pisaster ochraceus,0.665,2
K,2003,Pisaster ochraceus,0.44324,3
K,2003,Pisaster ochraceus,0.30153,1
K,2003,Pisaster ochraceus,-0.605,3
K,2003,Pisaster ochraceus,-0.575,1
K,2003,Pisaster ochraceus,-0.135,1
K,2003,Pisaster ochraceus,0.0149,6
K,2003,Pisaster ochraceus,-0.6725,2
K,2003,Pisaster ochraceus,0.55893,7
K,2003,Pisaster ochraceus,0.49095,2
K,2003,Pisaster ochraceus,0.77507,1
K,2003,Pisaster ochraceus,0.77709,3
K,2003,Pisaster ochraceus,0.54659,2
K,2003,Pisaster ochraceus,0.315,3
K,2003,Pisaster ochraceus,0.39408,2
K,2003,Pisaster ochraceus,-0.0837,2
K,2003,Pisaster ochraceus,-0.016,6
K,2003,Pisaster ochraceus,0.415,17
K,2003,Pisaster ochraceus,0.235,5
K,2003,Pisaster ochraceus,0.075,5
K,2003,Pisaster ochraceus,0.0262,2
K,2003,Pisaster ochraceus,0.215,2
K,2003,Pisaster ochraceus,-0.215,1
K,2003,Pisaster ochraceus,0.645,2
K,2003,Pisaster ochraceus,-0.2922,12
K,2003,Pisaster ochraceus,0.28189,3
K,2003,Pisaster ochraceus,-0.4983,2
K,2003,Pisaster ochraceus,-0.195,3
K,2003,Pisaster ochraceus,-0.3079,2
K,2003,Pisaster ochraceus,0.485,1
K,2003,Pisaster ochraceus,0.495,1
K,2003,Pisaster ochraceus,0.285,5
K,2003,Pisaster ochraceus,0.51166,1
K,2003,Pisaster ochraceus,0.7489,1
K,2003,Pisaster ochraceus,0.60755,2
K,2003,Pisaster ochraceus,0.0138,1
K,2003,Pisaster ochraceus,-0.065,1
K,2003,Pisaster ochraceus,-0.185,2
K,2003,Pisaster ochraceus,-0.125,7
K,2003,Pisaster ochraceus,-0.5167,3
K,2003,Pisaster ochraceus,-0.045,2
K,2004,Pisaster ochraceus,1.58168,1
K,2004,Pisaster ochraceus,1.80667,1
K,2004,Pisaster ochraceus,-0.3892,6
K,2004,Pisaster ochraceus,1.87667,1
K,2004,Pisaster ochraceus,1.79008,2
K,2004,Pisaster ochraceus,0.125,1
K,2004,Pisaster ochraceus,0.165,2
K,2004,Pisaster ochraceus,2.10667,10
K,2004,Pisaster ochraceus,0.61667,7
K,2004,Pisaster ochraceus,1.14667,1
K,2004,Pisaster ochraceus,0.6334,3
K,2004,Pisaster ochraceus,2.17667,6
K,2004,Pisaster ochraceus,-0.0283,3
K,2004,Pisaster ochraceus,0.49667,4
K,2004,Pisaster ochraceus,0.76667,2
K,2004,Pisaster ochraceus,0.9584,1
K,2004,Pisaster ochraceus,0.84667,9
K,2004,Pisaster ochraceus,-0.0433,21
K,2004,Pisaster ochraceus,0.57477,1
K,2004,Pisaster ochraceus,0.59105,1
K,2004,Pisaster ochraceus,0.565,1
K,2004,Pisaster ochraceus,1.40164,7
K,2004,Pisaster ochraceus,0.90168,2
K,2004,Pisaster ochraceus,0.0232,14
K,2004,Pisaster ochraceus,2.24667,2
K,2004,Pisaster ochraceus,0.59667,1
K,2004,Pisaster ochraceus,0.57166,10
K,2004,Pisaster ochraceus,1.60667,1
K,2004,Pisaster ochraceus,-0.425,1
K,2004,Pisaster ochraceus,0.385,3
K,2004,Pisaster ochraceus,0.69948,1
K,2004,Pisaster ochraceus,0.195,3
K,2004,Pisaster ochraceus,0.47849,1
K,2004,Pisaster ochraceus,0.06,2
K,2004,Pisaster ochraceus,0.72501,1
K,2004,Pisaster ochraceus,0.47002,2
K,2004,Pisaster ochraceus,0.045,2
K,2004,Pisaster ochraceus,-0.088,5
K,2004,Pisaster ochraceus,0.335,4
K,2004,Pisaster ochraceus,0.435,2
K,2004,Pisaster ochraceus,0.345,6
K,2004,Pisaster ochraceus,0.51168,5
K,2004,Pisaster ochraceus,0.275,6
K,2004,Pisaster ochraceus,0.215,3
K,2004,Pisaster ochraceus,0.28927,5
K,2004,Pisaster ochraceus,0.0116,4
K,2004,Pisaster ochraceus,0.175,2
K,2004,Pisaster ochraceus,-0.175,1
K,2004,Pisaster ochraceus,0.78519,1
K,2004,Pisaster ochraceus,0.6507,1
K,2004,Pisaster ochraceus,0.165,1
K,2004,Pisaster ochraceus,0.75744,2
K,2004,Pisaster ochraceus,-0.685,2
K,2004,Pisaster ochraceus,-0.055,2
K,2004,Pisaster ochraceus,0.0525,3
K,2004,Pisaster ochraceus,0.26872,1
K,2004,Pisaster ochraceus,0.37745,4
K,2004,Pisaster ochraceus,0.33384,1
K,2004,Pisaster ochraceus,0.0722,3
K,2004,Pisaster ochraceus,0.0019,1
K,2004,Pisaster ochraceus,0.4215,3
K,2004,Pisaster ochraceus,0.615,5
K,2004,Pisaster ochraceus,0.055,7
K,2004,Pisaster ochraceus,0.045,2
K,2004,Pisaster ochraceus,-0.025,1
K,2004,Pisaster ochraceus,0.7529,1
K,2004,Pisaster ochraceus,-0.545,1
K,2004,Pisaster ochraceus,0.93855,1
K,2004,Pisaster ochraceus,0.1125,1
K,2004,Pisaster ochraceus,-0.465,6
K,2004,Pisaster ochraceus,1.295,2
K,2004,Pisaster ochraceus,0.38659,2
K,2004,Pisaster ochraceus,0.3583,5
K,2004,Pisaster ochraceus,0.36858,3
K,2004,Pisaster ochraceus,0.68051,2
K,2004,Pisaster ochraceus,0.685,1
K,2004,Pisaster ochraceus,0.69216,2
K,2004,Pisaster ochraceus,0.41838,1
K,2004,Pisaster ochraceus,0.545,2
K,2004,Pisaster ochraceus,0.32005,12
K,2004,Pisaster ochraceus,0.445,8
K,2004,Pisaster ochraceus,0.41495,7
K,2004,Pisaster ochraceus,0.665,1
K,2004,Pisaster ochraceus,0.44324,3
K,2004,Pisaster ochraceus,0.15166,2
K,2004,Pisaster ochraceus,0.101,8
K,2004,Pisaster ochraceus,0.091,4
K,2004,Pisaster ochraceus,-0.025,4
K,2004,Pisaster ochraceus,0.18497,3
K,2004,Pisaster ochraceus,-0.204,1
K,2004,Pisaster ochraceus,-0.575,3
K,2004,Pisaster ochraceus,0.1341,6
K,2004,Pisaster ochraceus,-0.2692,5
K,2004,Pisaster ochraceus,-1.075,3
K,2004,Pisaster ochraceus,0.55893,2
K,2004,Pisaster ochraceus,0.71835,5
K,2004,Pisaster ochraceus,0.77709,1
K,2004,Pisaster ochraceus,0.54659,3
K,2004,Pisaster ochraceus,0.315,4
K,2004,Pisaster ochraceus,-0.0837,6
K,2004,Pisaster ochraceus,-0.016,2
K,2004,Pisaster ochraceus,0.235,4
K,2004,Pisaster ochraceus,0.0262,1
K,2004,Pisaster ochraceus,0.165,3
K,2004,Pisaster ochraceus,0.0222,2
K,2004,Pisaster ochraceus,0.215,2
K,2004,Pisaster ochraceus,-0.055,4
K,2004,Pisaster ochraceus,-0.1017,5
K,2004,Pisaster ochraceus,0.17499,10
K,2004,Pisaster ochraceus,1.38174,1
K,2004,Pisaster ochraceus,-0.421,1
K,2004,Pisaster ochraceus,-0.195,1
K,2004,Pisaster ochraceus,0.485,1
K,2004,Pisaster ochraceus,0.285,6
K,2004,Pisaster ochraceus,0.51166,2
K,2004,Pisaster ochraceus,0.7489,4
K,2004,Pisaster ochraceus,0.60755,1
K,2004,Pisaster ochraceus,0.31068,1
K,2004,Pisaster ochraceus,0.0138,2
K,2004,Pisaster ochraceus,-0.065,2
K,2004,Pisaster ochraceus,-0.185,3
K,2004,Pisaster ochraceus,-0.125,3
K,2004,Pisaster ochraceus,-0.5167,4
K,2004,Pisaster ochraceus,0.065,4
K,2004,Pisaster ochraceus,-0.165,1
K,2004,Pisaster ochraceus,-0.395,2
K,2010,Pisaster ochraceus,1.74166,2
K,2010,Pisaster ochraceus,1.38667,2
K,2010,Pisaster ochraceus,1.10009,6
K,2010,Pisaster ochraceus,-0.3892,12
K,2010,Pisaster ochraceus,1.79008,7
K,2010,Pisaster ochraceus,-0.315,4
K,2010,Pisaster ochraceus,1.99652,1
K,2010,Pisaster ochraceus,1.42167,6
K,2010,Pisaster ochraceus,0.49667,1
K,2010,Pisaster ochraceus,0.76667,2
K,2010,Pisaster ochraceus,0.9584,1
K,2010,Pisaster ochraceus,2.24667,11
K,2010,Pisaster ochraceus,0.57166,13
K,2010,Pisaster ochraceus,1.66667,1
K,2010,Pisaster ochraceus,1.65836,5
K,2010,Pisaster ochraceus,-0.9083,11
K,2010,Pisaster ochraceus,-0.525,5
K,2010,Pisaster ochraceus,0.0263,1
K,2010,Pisaster ochraceus,1.495,3
K,2010,Pisaster ochraceus,0.78839,2
K,2010,Pisaster ochraceus,-0.495,1
K,2010,Pisaster ochraceus,-0.6313,2
K,2010,Pisaster ochraceus,-0.3576,1
K,2010,Pisaster ochraceus,0.69948,1
K,2010,Pisaster ochraceus,0.1499,4
K,2010,Pisaster ochraceus,0.33691,2
K,2010,Pisaster ochraceus,0.0788,14
K,2010,Pisaster ochraceus,0.08,2
K,2010,Pisaster ochraceus,0.16561,3
K,2010,Pisaster ochraceus,0.72501,1
K,2010,Pisaster ochraceus,0.68802,1
K,2010,Pisaster ochraceus,0.47002,1
K,2010,Pisaster ochraceus,0.045,4
K,2010,Pisaster ochraceus,-0.085,1
K,2010,Pisaster ochraceus,-0.395,13
K,2010,Pisaster ochraceus,-0.088,3
K,2010,Pisaster ochraceus,0.335,1
K,2010,Pisaster ochraceus,0.435,1
K,2010,Pisaster ochraceus,0.54299,2
K,2010,Pisaster ochraceus,0.345,1
K,2010,Pisaster ochraceus,0.51168,2
K,2010,Pisaster ochraceus,0.275,3
K,2010,Pisaster ochraceus,0.0017,1
K,2010,Pisaster ochraceus,0.18353,2
K,2010,Pisaster ochraceus,0.21873,2
K,2010,Pisaster ochraceus,-0.175,5
K,2010,Pisaster ochraceus,-0.2406,2
K,2010,Pisaster ochraceus,-0.4141,2
K,2010,Pisaster ochraceus,-0.945,1
K,2010,Pisaster ochraceus,-0.545,7
K,2010,Pisaster ochraceus,0.51027,1
K,2010,Pisaster ochraceus,-0.465,7
K,2010,Pisaster ochraceus,0.41503,1
K,2010,Pisaster ochraceus,0.3583,1
K,2010,Pisaster ochraceus,0.1249,3
K,2010,Pisaster ochraceus,-1.095,14
K,2010,Pisaster ochraceus,0.0292,2
K,2010,Pisaster ochraceus,0.68051,1
K,2010,Pisaster ochraceus,0.695,4
K,2010,Pisaster ochraceus,0.69216,4
K,2010,Pisaster ochraceus,0.485,2
K,2010,Pisaster ochraceus,0.545,3
K,2010,Pisaster ochraceus,0.22199,3
K,2010,Pisaster ochraceus,0.101,3
K,2010,Pisaster ochraceus,0.091,2
K,2010,Pisaster ochraceus,0.22498,6
K,2010,Pisaster ochraceus,-0.6039,2
K,2010,Pisaster ochraceus,0.17499,14
K,2010,Pisaster ochraceus,0.375,1
K,2010,Pisaster ochraceus,-0.4983,2
K,2010,Pisaster ochraceus,-0.195,6
K,2010,Pisaster ochraceus,-0.3079,9
K,2010,Pisaster ochraceus,0.485,4
K,2010,Pisaster ochraceus,0.495,2
K,2010,Pisaster ochraceus,0.285,4
K,2010,Pisaster ochraceus,0.51166,3
K,2010,Pisaster ochraceus,0.7489,4
K,2010,Pisaster ochraceus,0.31068,1
K,2010,Pisaster ochraceus,-0.045,3
K,2010,Pisaster ochraceus,0.065,1
K,2010,Pisaster ochraceus,-0.165,1
K,2012,Pisaster ochraceus,0.51667,1
K,2012,Pisaster ochraceus,1.79008,1
K,2012,Pisaster ochraceus,-0.0749,1
K,2012,Pisaster ochraceus,0.61667,1
K,2012,Pisaster ochraceus,0.52166,2
K,2012,Pisaster ochraceus,0.76667,3
K,2012,Pisaster ochraceus,-0.0433,2
K,2012,Pisaster ochraceus,0.0948,2
K,2012,Pisaster ochraceus,0.53667,2
K,2012,Pisaster ochraceus,-0.4339,3
K,2012,Pisaster ochraceus,0.23497,1
K,2012,Pisaster ochraceus,2.24667,1
K,2012,Pisaster ochraceus,1.59656,6
K,2012,Pisaster ochraceus,-1.325,1
K,2012,Pisaster ochraceus,-0.5775,1
K,2012,Pisaster ochraceus,0.55503,1
K,2012,Pisaster ochraceus,-0.495,2
K,2012,Pisaster ochraceus,-0.6313,1
K,2012,Pisaster ochraceus,-0.7677,1
K,2012,Pisaster ochraceus,0.28408,1
K,2012,Pisaster ochraceus,0.06,2
K,2012,Pisaster ochraceus,0.045,6
K,2012,Pisaster ochraceus,-0.085,2
K,2012,Pisaster ochraceus,-0.088,5
K,2012,Pisaster ochraceus,0.21909,2
K,2012,Pisaster ochraceus,0.335,1
K,2012,Pisaster ochraceus,0.54299,1
K,2012,Pisaster ochraceus,0.275,2
K,2012,Pisaster ochraceus,0.0017,1
K,2012,Pisaster ochraceus,0.215,1
K,2012,Pisaster ochraceus,0.03,1
K,2012,Pisaster ochraceus,0.18353,2
K,2012,Pisaster ochraceus,0.17833,1
K,2012,Pisaster ochraceus,-0.175,4
K,2012,Pisaster ochraceus,-0.029,1
K,2012,Pisaster ochraceus,0.1173,2
K,2012,Pisaster ochraceus,0.78519,4
K,2012,Pisaster ochraceus,0.44148,1
K,2012,Pisaster ochraceus,0.165,1
K,2012,Pisaster ochraceus,0.75744,2
K,2012,Pisaster ochraceus,0.095,2
K,2012,Pisaster ochraceus,-0.685,10
K,2012,Pisaster ochraceus,-0.055,3
K,2012,Pisaster ochraceus,0.15993,1
K,2012,Pisaster ochraceus,0.26872,1
K,2012,Pisaster ochraceus,0.48677,1
K,2012,Pisaster ochraceus,0.0019,1
K,2012,Pisaster ochraceus,0.4215,4
K,2012,Pisaster ochraceus,0.615,1
K,2012,Pisaster ochraceus,0.045,1
K,2012,Pisaster ochraceus,-0.025,2
K,2012,Pisaster ochraceus,0.18761,2
K,2012,Pisaster ochraceus,-0.635,1
K,2012,Pisaster ochraceus,-0.295,1
K,2012,Pisaster ochraceus,-0.545,2
K,2012,Pisaster ochraceus,0.62044,1
K,2012,Pisaster ochraceus,0.41503,2
K,2012,Pisaster ochraceus,0.1249,2
K,2012,Pisaster ochraceus,-0.8993,4
K,2012,Pisaster ochraceus,0.0292,13
K,2012,Pisaster ochraceus,0.68051,5
K,2012,Pisaster ochraceus,0.69216,3
K,2012,Pisaster ochraceus,0.665,1
K,2012,Pisaster ochraceus,0.44324,3
K,2012,Pisaster ochraceus,0.101,1
K,2012,Pisaster ochraceus,-0.025,1
K,2012,Pisaster ochraceus,0.0674,1
K,2012,Pisaster ochraceus,0.315,5
K,2012,Pisaster ochraceus,1.28496,1
K,2012,Pisaster ochraceus,0.30153,1
K,2012,Pisaster ochraceus,-0.575,5
K,2012,Pisaster ochraceus,-0.2692,3
K,2012,Pisaster ochraceus,-1.075,1
K,2012,Pisaster ochraceus,0.55893,5
K,2012,Pisaster ochraceus,0.49095,3
K,2012,Pisaster ochraceus,0.71835,3
K,2012,Pisaster ochraceus,0.77507,1
K,2012,Pisaster ochraceus,0.54659,1
K,2012,Pisaster ochraceus,-0.0837,2
K,2012,Pisaster ochraceus,-0.016,1
K,2012,Pisaster ochraceus,0.415,1
K,2012,Pisaster ochraceus,0.075,3
K,2012,Pisaster ochraceus,0.0262,1
K,2012,Pisaster ochraceus,0.0222,1
K,2012,Pisaster ochraceus,0.215,1
K,2012,Pisaster ochraceus,0.115,3
K,2012,Pisaster ochraceus,-0.255,2
K,2012,Pisaster ochraceus,-0.1017,3
K,2012,Pisaster ochraceus,-0.0917,5
K,2012,Pisaster ochraceus,-0.195,1
K,2012,Pisaster ochraceus,0.51166,19
K,2012,Pisaster ochraceus,0.7489,1
K,2012,Pisaster ochraceus,0.60755,1
K,2012,Pisaster ochraceus,-0.165,2
K,2012,Pisaster ochraceus,-0.395,1
K,2017,Pisaster ochraceus,2.02339,1
K,2017,Pisaster ochraceus,1.79008,3
K,2017,Pisaster ochraceus,1.79008,1
K,2017,Pisaster ochraceus,0.80452,1
K,2017,Pisaster ochraceus,0.72836,1
K,2017,Pisaster ochraceus,0.72836,1
K,2017,Pisaster ochraceus,2.10667,1
K,2017,Pisaster ochraceus,2.10667,1
K,2017,Pisaster ochraceus,2.10667,1
K,2017,Pisaster ochraceus,0.61667,1
K,2017,Pisaster ochraceus,0.52166,2
K,2017,Pisaster ochraceus,1.21667,1
K,2017,Pisaster ochraceus,1.21667,2
K,2017,Pisaster ochraceus,1.21667,1
K,2017,Pisaster ochraceus,0.90667,2
K,2017,Pisaster ochraceus,2.17667,5
K,2017,Pisaster ochraceus,2.17667,6
K,2017,Pisaster ochraceus,2.17667,9
K,2017,Pisaster ochraceus,2.17667,2
K,2017,Pisaster ochraceus,2.17667,1
K,2017,Pisaster ochraceus,2.12783,1
K,2017,Pisaster ochraceus,1.37667,1
K,2017,Pisaster ochraceus,-0.0283,1
K,2017,Pisaster ochraceus,0.49667,1
K,2017,Pisaster ochraceus,0.49667,4
K,2017,Pisaster ochraceus,0.76667,1
K,2017,Pisaster ochraceus,0.76667,2
K,2017,Pisaster ochraceus,0.76667,3
K,2017,Pisaster ochraceus,0.9584,1
K,2017,Pisaster ochraceus,0.75515,1
K,2017,Pisaster ochraceus,0.66282,1
K,2017,Pisaster ochraceus,0.66282,2
K,2017,Pisaster ochraceus,1.72667,1
K,2017,Pisaster ochraceus,1.72667,7
K,2017,Pisaster ochraceus,1.72667,1
K,2017,Pisaster ochraceus,1.72667,5
K,2017,Pisaster ochraceus,1.72667,1
K,2017,Pisaster ochraceus,1.72667,2
K,2017,Pisaster ochraceus,1.72667,1
K,2017,Pisaster ochraceus,1.78665,1
K,2017,Pisaster ochraceus,-0.0433,1
K,2017,Pisaster ochraceus,-0.0433,4
K,2017,Pisaster ochraceus,-0.0433,6
K,2017,Pisaster ochraceus,-0.0433,3
K,2017,Pisaster ochraceus,0.0948,13
K,2017,Pisaster ochraceus,0.0948,15
K,2017,Pisaster ochraceus,0.0948,11
K,2017,Pisaster ochraceus,0.0948,2
K,2017,Pisaster ochraceus,0.0948,1
K,2017,Pisaster ochraceus,0.0948,1
K,2017,Pisaster ochraceus,0.0948,1
K,2017,Pisaster ochraceus,1.40164,1
K,2017,Pisaster ochraceus,1.40164,1
K,2017,Pisaster ochraceus,1.17665,2
K,2017,Pisaster ochraceus,1.17665,1
K,2017,Pisaster ochraceus,1.17665,1
K,2017,Pisaster ochraceus,1.17665,3
K,2017,Pisaster ochraceus,1.17665,1
K,2017,Pisaster ochraceus,1.17665,1
K,2017,Pisaster ochraceus,1.17665,1
K,2017,Pisaster ochraceus,1.17665,1
K,2017,Pisaster ochraceus,-0.3158,4
K,2017,Pisaster ochraceus,-0.3158,7
K,2017,Pisaster ochraceus,-0.3158,9
K,2017,Pisaster ochraceus,-0.3158,2
K,2017,Pisaster ochraceus,-0.3158,3
K,2017,Pisaster ochraceus,0.53667,3
K,2017,Pisaster ochraceus,0.53667,4
K,2017,Pisaster ochraceus,0.53667,3
K,2017,Pisaster ochraceus,0.53667,2
K,2017,Pisaster ochraceus,0.53667,1
K,2017,Pisaster ochraceus,0.53667,1
K,2017,Pisaster ochraceus,0.53667,1
K,2017,Pisaster ochraceus,0.53667,1
K,2017,Pisaster ochraceus,-0.4339,31
K,2017,Pisaster ochraceus,-0.4339,37
K,2017,Pisaster ochraceus,-0.4339,5
K,2017,Pisaster ochraceus,-0.4339,3
K,2017,Pisaster ochraceus,-0.4339,1
K,2017,Pisaster ochraceus,-0.4339,1
K,2017,Pisaster ochraceus,-0.4339,1
K,2017,Pisaster ochraceus,-0.2057,2
K,2017,Pisaster ochraceus,-0.2057,2
K,2017,Pisaster ochraceus,0.0232,1
K,2017,Pisaster ochraceus,0.60063,2
K,2017,Pisaster ochraceus,0.60063,1
K,2017,Pisaster ochraceus,0.34097,4
K,2017,Pisaster ochraceus,0.34097,4
K,2017,Pisaster ochraceus,0.34097,1
K,2017,Pisaster ochraceus,0.34097,1
K,2017,Pisaster ochraceus,0.23497,1
K,2017,Pisaster ochraceus,0.59667,1
K,2017,Pisaster ochraceus,0.59667,5
K,2017,Pisaster ochraceus,0.59667,2
K,2017,Pisaster ochraceus,0.59667,2
K,2017,Pisaster ochraceus,0.59667,1
K,2017,Pisaster ochraceus,0.59667,2
K,2017,Pisaster ochraceus,0.59667,1
K,2017,Pisaster ochraceus,0.59667,1
K,2017,Pisaster ochraceus,1.95185,1
K,2017,Pisaster ochraceus,0.57166,3
K,2017,Pisaster ochraceus,0.57166,12
K,2017,Pisaster ochraceus,0.57166,6
K,2017,Pisaster ochraceus,0.57166,1
K,2017,Pisaster ochraceus,0.57166,1
K,2017,Pisaster ochraceus,1.52667,2
K,2017,Pisaster ochraceus,1.52667,17
K,2017,Pisaster ochraceus,1.52667,16
K,2017,Pisaster ochraceus,1.52667,8
K,2017,Pisaster ochraceus,1.66667,1
K,2017,Pisaster ochraceus,-0.5775,22
K,2017,Pisaster ochraceus,-0.5775,14
K,2017,Pisaster ochraceus,-0.5775,3
K,2017,Pisaster ochraceus,-0.5775,2
K,2017,Pisaster ochraceus,-0.5775,1
K,2017,Pisaster ochraceus,0.195,3
K,2017,Pisaster ochraceus,0.385,1
K,2017,Pisaster ochraceus,-0.3576,1
K,2017,Pisaster ochraceus,-0.3576,1
K,2017,Pisaster ochraceus,0.97465,1
K,2017,Pisaster ochraceus,0.69948,1
K,2017,Pisaster ochraceus,0.69948,1
K,2017,Pisaster ochraceus,-0.385,1
K,2017,Pisaster ochraceus,-0.385,1
K,2017,Pisaster ochraceus,-0.385,1
K,2017,Pisaster ochraceus,0.195,1
K,2017,Pisaster ochraceus,-0.0302,1
K,2017,Pisaster ochraceus,-0.0302,1
K,2017,Pisaster ochraceus,0.72501,2
K,2017,Pisaster ochraceus,0.72501,1
K,2017,Pisaster ochraceus,0.47002,1
K,2017,Pisaster ochraceus,0.47002,1
K,2017,Pisaster ochraceus,0.045,1
K,2017,Pisaster ochraceus,0.045,1
K,2017,Pisaster ochraceus,0.045,1
K,2017,Pisaster ochraceus,0.21909,2
K,2017,Pisaster ochraceus,0.21909,1
K,2017,Pisaster ochraceus,0.18353,1
K,2017,Pisaster ochraceus,0.21387,1
K,2017,Pisaster ochraceus,0.59547,1
K,2017,Pisaster ochraceus,0.095,2
K,2017,Pisaster ochraceus,-0.685,2
K,2017,Pisaster ochraceus,-0.695,2
K,2017,Pisaster ochraceus,-0.695,1
K,2017,Pisaster ochraceus,-0.695,1
K,2017,Pisaster ochraceus,-0.695,2
K,2017,Pisaster ochraceus,0.0525,1
K,2017,Pisaster ochraceus,0.045,1
K,2017,Pisaster ochraceus,0.1917,1
K,2017,Pisaster ochraceus,-0.635,1
K,2017,Pisaster ochraceus,-0.635,1
K,2017,Pisaster ochraceus,0.7529,1
K,2017,Pisaster ochraceus,0.7529,1
K,2017,Pisaster ochraceus,-0.015,1
K,2017,Pisaster ochraceus,-0.015,2
K,2017,Pisaster ochraceus,-0.015,1
K,2017,Pisaster ochraceus,-0.015,1
K,2017,Pisaster ochraceus,-1.095,1
K,2017,Pisaster ochraceus,-0.8993,2
K,2017,Pisaster ochraceus,-0.8993,1
K,2017,Pisaster ochraceus,-0.8993,2
K,2017,Pisaster ochraceus,-0.8993,1
K,2017,Pisaster ochraceus,-0.8993,1
K,2017,Pisaster ochraceus,0.0292,2
K,2017,Pisaster ochraceus,0.0292,1
K,2017,Pisaster ochraceus,0.36858,1
K,2017,Pisaster ochraceus,0.68051,1
K,2017,Pisaster ochraceus,0.665,1
K,2017,Pisaster ochraceus,-0.025,1
K,2017,Pisaster ochraceus,-0.575,2
K,2017,Pisaster ochraceus,-0.575,1
K,2017,Pisaster ochraceus,-0.575,1
K,2017,Pisaster ochraceus,0.0149,2
K,2017,Pisaster ochraceus,0.0149,2
K,2017,Pisaster ochraceus,0.0149,1
K,2017,Pisaster ochraceus,0.1341,1
K,2017,Pisaster ochraceus,-0.2692,1
K,2017,Pisaster ochraceus,-0.2692,1
K,2017,Pisaster ochraceus,-0.2692,1
K,2017,Pisaster ochraceus,0.49095,1
K,2017,Pisaster ochraceus,-0.016,1
K,2017,Pisaster ochraceus,-0.055,1
K,2017,Pisaster ochraceus,-0.055,1
K,2017,Pisaster ochraceus,-0.055,1
K,2017,Pisaster ochraceus,-0.0917,1
K,2017,Pisaster ochraceus,-0.0917,1
K,2017,Pisaster ochraceus,0.75359,1
K,2017,Pisaster ochraceus,0.17499,1
K,2017,Pisaster ochraceus,0.17499,2
K,2017,Pisaster ochraceus,0.17499,1
K,2017,Pisaster ochraceus,0.57159,1
K,2017,Pisaster ochraceus,-0.421,1
K,2017,Pisaster ochraceus,-0.421,1
K,2017,Pisaster ochraceus,-0.883,1
K,2017,Pisaster ochraceus,-0.195,1
K,2017,Pisaster ochraceus,-0.195,1
K,2017,Pisaster ochraceus,0.495,1
K,2017,Pisaster ochraceus,0.495,1
K,2017,Pisaster ochraceus,0.495,1
K,2017,Pisaster ochraceus,0.285,1
K,2017,Pisaster ochraceus,0.82898,2
K,2017,Pisaster ochraceus,0.82898,1
K,2017,Pisaster ochraceus,0.82898,1
K,2017,Pisaster ochraceus,0.0138,1
K,2017,Pisaster ochraceus,-0.195,1
K,2017,Pisaster ochraceus,-0.195,1
K,2017,Pisaster ochraceus,-0.195,1
K,2017,Pisaster ochraceus,-0.4234,1
K,2020,Pisaster ochraceus,0.99165,1
K,2020,Pisaster ochraceus,1.38667,1
K,2020,Pisaster ochraceus,1.87667,2
K,2020,Pisaster ochraceus,1.87667,2
K,2020,Pisaster ochraceus,1.87667,3
K,2020,Pisaster ochraceus,1.87667,2
K,2020,Pisaster ochraceus,1.87667,1
K,2020,Pisaster ochraceus,1.87667,1
K,2020,Pisaster ochraceus,1.87667,1
K,2020,Pisaster ochraceus,1.87667,2
K,2020,Pisaster ochraceus,1.265,1
K,2020,Pisaster ochraceus,0.65169,1
K,2020,Pisaster ochraceus,0.165,1
K,2020,Pisaster ochraceus,0.165,1
K,2020,Pisaster ochraceus,0.165,1
K,2020,Pisaster ochraceus,0.165,1
K,2020,Pisaster ochraceus,2.23667,1
K,2020,Pisaster ochraceus,2.22035,1
K,2020,Pisaster ochraceus,2.22035,2
K,2020,Pisaster ochraceus,0.49667,1
K,2020,Pisaster ochraceus,0.49667,2
K,2020,Pisaster ochraceus,0.49667,1
K,2020,Pisaster ochraceus,0.62166,1
K,2020,Pisaster ochraceus,0.84667,1
K,2020,Pisaster ochraceus,0.475,1
K,2020,Pisaster ochraceus,1.17665,1
K,2020,Pisaster ochraceus,1.17665,1
K,2020,Pisaster ochraceus,-0.3158,2
K,2020,Pisaster ochraceus,-0.3158,6
K,2020,Pisaster ochraceus,-0.3158,4
K,2020,Pisaster ochraceus,-0.3158,1
K,2020,Pisaster ochraceus,-0.3158,4
K,2020,Pisaster ochraceus,-0.3158,1
K,2020,Pisaster ochraceus,-0.3158,1
K,2020,Pisaster ochraceus,-0.3158,1
K,2020,Pisaster ochraceus,0.53667,1
K,2020,Pisaster ochraceus,0.205,1
K,2020,Pisaster ochraceus,0.205,1
K,2020,Pisaster ochraceus,-0.4339,1
K,2020,Pisaster ochraceus,-0.4339,1
K,2020,Pisaster ochraceus,-0.4339,1
K,2020,Pisaster ochraceus,-0.2057,1
K,2020,Pisaster ochraceus,-0.2057,1
K,2020,Pisaster ochraceus,-0.2057,1
K,2020,Pisaster ochraceus,0.0232,2
K,2020,Pisaster ochraceus,0.60063,1
K,2020,Pisaster ochraceus,0.60063,1
K,2020,Pisaster ochraceus,0.60063,1
K,2020,Pisaster ochraceus,0.585,2
K,2020,Pisaster ochraceus,0.585,2
K,2020,Pisaster ochraceus,0.585,1
K,2020,Pisaster ochraceus,0.585,1
K,2020,Pisaster ochraceus,-0.305,2
K,2020,Pisaster ochraceus,0.42456,1
K,2020,Pisaster ochraceus,0.42456,1
K,2020,Pisaster ochraceus,0.42456,1
K,2020,Pisaster ochraceus,0.42456,1
K,2020,Pisaster ochraceus,0.42456,1
K,2020,Pisaster ochraceus,0.105,1
K,2020,Pisaster ochraceus,0.095,2
K,2020,Pisaster ochraceus,0.095,2
K,2020,Pisaster ochraceus,0.095,2
K,2020,Pisaster ochraceus,0.095,1
K,2020,Pisaster ochraceus,-1.0189,1
K,2020,Pisaster ochraceus,-1.0189,1
K,2020,Pisaster ochraceus,-1.0189,3
K,2020,Pisaster ochraceus,0.195,1
K,2020,Pisaster ochraceus,0.195,1
K,2020,Pisaster ochraceus,0.195,1
K,2020,Pisaster ochraceus,0.33691,1
K,2020,Pisaster ochraceus,0.33691,1
K,2020,Pisaster ochraceus,-0.0666,1
K,2020,Pisaster ochraceus,-0.006,1
K,2020,Pisaster ochraceus,0.49941,1
K,2020,Pisaster ochraceus,0.49941,1
K,2020,Pisaster ochraceus,0.72501,1
K,2020,Pisaster ochraceus,0.045,1
K,2020,Pisaster ochraceus,0.045,1
K,2020,Pisaster ochraceus,0.045,1
K,2020,Pisaster ochraceus,0.045,1
K,2020,Pisaster ochraceus,-0.085,1
K,2020,Pisaster ochraceus,-0.085,1
K,2020,Pisaster ochraceus,-0.475,1
K,2020,Pisaster ochraceus,-0.395,1
K,2020,Pisaster ochraceus,-0.395,1
K,2020,Pisaster ochraceus,-0.088,2
K,2020,Pisaster ochraceus,0.21909,1
K,2020,Pisaster ochraceus,0.21909,1
K,2020,Pisaster ochraceus,0.21909,1
K,2020,Pisaster ochraceus,0.21909,1
K,2020,Pisaster ochraceus,0.335,2
K,2020,Pisaster ochraceus,0.335,2
K,2020,Pisaster ochraceus,0.335,1
K,2020,Pisaster ochraceus,0.335,1
K,2020,Pisaster ochraceus,0.51168,1
K,2020,Pisaster ochraceus,0.51168,1
K,2020,Pisaster ochraceus,0.51168,1
K,2020,Pisaster ochraceus,0.595,1
K,2020,Pisaster ochraceus,0.595,1
K,2020,Pisaster ochraceus,0.595,1
K,2020,Pisaster ochraceus,0.275,1
K,2020,Pisaster ochraceus,0.275,1
K,2020,Pisaster ochraceus,0.215,1
K,2020,Pisaster ochraceus,0.03,1
K,2020,Pisaster ochraceus,0.03,1
K,2020,Pisaster ochraceus,0.03,2
K,2020,Pisaster ochraceus,0.03,1
K,2020,Pisaster ochraceus,0.03,1
K,2020,Pisaster ochraceus,0.18353,1
K,2020,Pisaster ochraceus,0.18353,2
K,2020,Pisaster ochraceus,0.28927,1
K,2020,Pisaster ochraceus,0.17833,1
K,2020,Pisaster ochraceus,0.17833,2
K,2020,Pisaster ochraceus,0.21873,1
K,2020,Pisaster ochraceus,0.175,1
K,2020,Pisaster ochraceus,0.175,1
K,2020,Pisaster ochraceus,0.175,1
K,2020,Pisaster ochraceus,-0.175,1
K,2020,Pisaster ochraceus,-0.175,1
K,2020,Pisaster ochraceus,-0.175,1
K,2020,Pisaster ochraceus,-0.175,1
K,2020,Pisaster ochraceus,-0.175,1
K,2020,Pisaster ochraceus,-0.175,2
K,2020,Pisaster ochraceus,-0.175,2
K,2020,Pisaster ochraceus,-0.175,1
K,2020,Pisaster ochraceus,-0.029,1
K,2020,Pisaster ochraceus,-0.029,1
K,2020,Pisaster ochraceus,-0.029,1
K,2020,Pisaster ochraceus,-0.029,1
K,2020,Pisaster ochraceus,-0.029,1
K,2020,Pisaster ochraceus,-0.029,1
K,2020,Pisaster ochraceus,-0.029,1
K,2020,Pisaster ochraceus,0.1173,1
K,2020,Pisaster ochraceus,0.1173,1
K,2020,Pisaster ochraceus,0.1173,1
K,2020,Pisaster ochraceus,0.1173,1
K,2020,Pisaster ochraceus,0.1173,1
K,2020,Pisaster ochraceus,0.11,1
K,2020,Pisaster ochraceus,0.11,1
K,2020,Pisaster ochraceus,0.11,1
K,2020,Pisaster ochraceus,0.7529,1
K,2020,Pisaster ochraceus,0.7529,1
K,2020,Pisaster ochraceus,-0.225,1
K,2020,Pisaster ochraceus,1.32312,1
K,2020,Pisaster ochraceus,1.15392,1
K,2020,Pisaster ochraceus,0.98639,1
K,2020,Pisaster ochraceus,0.81853,1
K,2020,Pisaster ochraceus,-0.545,1
K,2020,Pisaster ochraceus,1.295,1
K,2020,Pisaster ochraceus,1.295,1
K,2020,Pisaster ochraceus,1.295,1
K,2020,Pisaster ochraceus,1.295,1
K,2020,Pisaster ochraceus,1.295,1
K,2020,Pisaster ochraceus,0.1249,1
K,2020,Pisaster ochraceus,0.1249,1
K,2020,Pisaster ochraceus,-1.095,1
K,2020,Pisaster ochraceus,-1.095,2
K,2020,Pisaster ochraceus,-0.8993,1
K,2020,Pisaster ochraceus,-0.8993,1
K,2020,Pisaster ochraceus,0.0292,1
K,2020,Pisaster ochraceus,0.0292,1
K,2020,Pisaster ochraceus,0.36858,1
K,2020,Pisaster ochraceus,0.36858,1
K,2020,Pisaster ochraceus,0.36858,2
K,2020,Pisaster ochraceus,0.36858,1
K,2020,Pisaster ochraceus,0.36858,1
K,2020,Pisaster ochraceus,0.68051,1
K,2020,Pisaster ochraceus,0.68051,1
K,2020,Pisaster ochraceus,0.695,1
K,2020,Pisaster ochraceus,0.695,1
K,2020,Pisaster ochraceus,0.695,1
K,2020,Pisaster ochraceus,0.695,1
K,2020,Pisaster ochraceus,0.685,1
K,2020,Pisaster ochraceus,0.445,1
K,2020,Pisaster ochraceus,0.445,1
K,2020,Pisaster ochraceus,0.445,1
K,2020,Pisaster ochraceus,0.445,1
K,2020,Pisaster ochraceus,0.41495,1
K,2020,Pisaster ochraceus,0.41495,1
K,2020,Pisaster ochraceus,0.665,1
K,2020,Pisaster ochraceus,0.665,1
K,2020,Pisaster ochraceus,0.665,1
K,2020,Pisaster ochraceus,0.665,1
K,2020,Pisaster ochraceus,0.665,3
K,2020,Pisaster ochraceus,0.44324,1
K,2020,Pisaster ochraceus,0.22199,1
K,2020,Pisaster ochraceus,0.22199,1
K,2020,Pisaster ochraceus,0.22199,1
K,2020,Pisaster ochraceus,0.22199,1
K,2020,Pisaster ochraceus,0.22199,2
K,2020,Pisaster ochraceus,0.22199,1
K,2020,Pisaster ochraceus,0.22199,1
K,2020,Pisaster ochraceus,0.101,1
K,2020,Pisaster ochraceus,0.101,1
K,2020,Pisaster ochraceus,0.101,1
K,2020,Pisaster ochraceus,0.091,1
K,2020,Pisaster ochraceus,0.091,1
K,2020,Pisaster ochraceus,0.091,1
K,2020,Pisaster ochraceus,0.091,3
K,2020,Pisaster ochraceus,0.091,1
K,2020,Pisaster ochraceus,-0.025,1
K,2020,Pisaster ochraceus,-0.025,1
K,2020,Pisaster ochraceus,-0.025,2
K,2020,Pisaster ochraceus,0.22498,2
K,2020,Pisaster ochraceus,0.18497,1
K,2020,Pisaster ochraceus,0.27368,1
K,2020,Pisaster ochraceus,0.27368,1
K,2020,Pisaster ochraceus,0.27368,2
K,2020,Pisaster ochraceus,0.27368,3
K,2020,Pisaster ochraceus,0.27368,3
K,2020,Pisaster ochraceus,0.27368,2
K,2020,Pisaster ochraceus,0.27368,3
K,2020,Pisaster ochraceus,0.27368,1
K,2020,Pisaster ochraceus,0.27368,2
K,2020,Pisaster ochraceus,0.27368,1
K,2020,Pisaster ochraceus,0.17499,1
K,2020,Pisaster ochraceus,0.17499,1
K,2020,Pisaster ochraceus,0.17499,1
K,2020,Pisaster ochraceus,0.28189,1
K,2020,Pisaster ochraceus,0.28189,1
K,2020,Pisaster ochraceus,-0.4983,1
K,2020,Pisaster ochraceus,-0.4983,3
K,2020,Pisaster ochraceus,-0.4983,1
K,2020,Pisaster ochraceus,-0.4983,1
K,2020,Pisaster ochraceus,-0.421,1
K,2020,Pisaster ochraceus,-0.421,1
K,2020,Pisaster ochraceus,-0.3079,1
K,2020,Pisaster ochraceus,-0.3079,1
K,2020,Pisaster ochraceus,-0.3079,1
K,2020,Pisaster ochraceus,-0.3079,1
K,2020,Pisaster ochraceus,-0.3079,4
K,2020,Pisaster ochraceus,-0.3079,1
K,2020,Pisaster ochraceus,-0.3079,2
K,2020,Pisaster ochraceus,-0.3079,1
K,2020,Pisaster ochraceus,-0.3079,1
K,2020,Pisaster ochraceus,0.485,1
K,2020,Pisaster ochraceus,0.51166,1
K,2020,Pisaster ochraceus,0.0138,1
K,2020,Pisaster ochraceus,-0.065,1
K,2020,Pisaster ochraceus,-0.185,1
K,2020,Pisaster ochraceus,-0.045,2
K,2020,Pisaster ochraceus,-0.045,1
K,2020,Pisaster ochraceus,-0.045,1
K,2020,Pisaster ochraceus,-0.045,1
K,2020,Pisaster ochraceus,-0.195,1
K,2020,Pisaster ochraceus,-0.195,1
K,2020,Pisaster ochraceus,0.065,1
K,2020,Pisaster ochraceus,0.065,2
K,2020,Pisaster ochraceus,0.065,2
K,2020,Pisaster ochraceus,-0.165,1
K,2020,Pisaster ochraceus,-0.4083,1
K,2020,Pisaster ochraceus,-0.4083,1
K,2020,Pisaster ochraceus,-0.4083,1
K,2020,Pisaster ochraceus,-0.4083,1
K,2020,Pisaster ochraceus,-0.4083,1
K,2020,Pisaster ochraceus,-0.4234,1
K,2020,Pisaster ochraceus,-0.4234,1
K,2020,Pisaster ochraceus,-0.4234,2
K,2020,Pisaster ochraceus,-0.4234,1
K,2020,Pisaster ochraceus,-0.4234,1
K,2023,Pisaster ochraceus,1.85667,1
K,2023,Pisaster ochraceus,1.85667,1
K,2023,Pisaster ochraceus,1.38667,1
K,2023,Pisaster ochraceus,1.38667,1
K,2023,Pisaster ochraceus,1.10009,1
K,2023,Pisaster ochraceus,1.10009,1
K,2023,Pisaster ochraceus,1.79008,1
K,2023,Pisaster ochraceus,2.22035,1
K,2023,Pisaster ochraceus,2.22035,1
K,2023,Pisaster ochraceus,2.22035,1
K,2023,Pisaster ochraceus,2.22035,1
K,2023,Pisaster ochraceus,2.22035,1
K,2023,Pisaster ochraceus,2.22035,2
K,2023,Pisaster ochraceus,-0.0283,1
K,2023,Pisaster ochraceus,0.49667,1
K,2023,Pisaster ochraceus,0.49667,1
K,2023,Pisaster ochraceus,0.49667,1
K,2023,Pisaster ochraceus,0.62166,1
K,2023,Pisaster ochraceus,0.62166,1
K,2023,Pisaster ochraceus,1.41667,4
K,2023,Pisaster ochraceus,1.41667,1
K,2023,Pisaster ochraceus,1.41667,1
K,2023,Pisaster ochraceus,1.41667,1
K,2023,Pisaster ochraceus,-0.3158,2
K,2023,Pisaster ochraceus,-0.3158,1
K,2023,Pisaster ochraceus,-0.3158,1
K,2023,Pisaster ochraceus,-0.3158,1
K,2023,Pisaster ochraceus,-0.3158,1
K,2023,Pisaster ochraceus,0.53667,2
K,2023,Pisaster ochraceus,0.53667,1
K,2023,Pisaster ochraceus,0.53667,2
K,2023,Pisaster ochraceus,0.53667,1
K,2023,Pisaster ochraceus,-0.4339,1
K,2023,Pisaster ochraceus,-0.4339,2
K,2023,Pisaster ochraceus,-0.4339,1
K,2023,Pisaster ochraceus,0.0232,1
K,2023,Pisaster ochraceus,0.30968,1
K,2023,Pisaster ochraceus,0.385,1
K,2023,Pisaster ochraceus,-0.3576,1
K,2023,Pisaster ochraceus,0.97465,1
K,2023,Pisaster ochraceus,0.69948,1
K,2023,Pisaster ochraceus,0.69948,1
K,2023,Pisaster ochraceus,0.42456,2
K,2023,Pisaster ochraceus,0.42456,2
K,2023,Pisaster ochraceus,0.42456,1
K,2023,Pisaster ochraceus,0.1499,2
K,2023,Pisaster ochraceus,-0.2525,1
K,2023,Pisaster ochraceus,-0.2525,2
K,2023,Pisaster ochraceus,0.095,1
K,2023,Pisaster ochraceus,-0.4216,1
K,2023,Pisaster ochraceus,-0.4216,1
K,2023,Pisaster ochraceus,-1.0189,1
K,2023,Pisaster ochraceus,-1.0038,1
K,2023,Pisaster ochraceus,-1.0038,1
K,2023,Pisaster ochraceus,0.47849,1
K,2023,Pisaster ochraceus,0.28408,1
K,2023,Pisaster ochraceus,-0.0302,1
K,2023,Pisaster ochraceus,0.06,1
K,2023,Pisaster ochraceus,0.06,1
K,2023,Pisaster ochraceus,0.2512,1
K,2023,Pisaster ochraceus,0.72501,1
K,2023,Pisaster ochraceus,0.72501,1
K,2023,Pisaster ochraceus,0.045,1
K,2023,Pisaster ochraceus,0.045,1
K,2023,Pisaster ochraceus,0.045,1
K,2023,Pisaster ochraceus,0.045,1
K,2023,Pisaster ochraceus,0.045,1
K,2023,Pisaster ochraceus,0.045,1
K,2023,Pisaster ochraceus,0.045,1
K,2023,Pisaster ochraceus,0.045,1
K,2023,Pisaster ochraceus,-0.085,1
K,2023,Pisaster ochraceus,-0.085,1
K,2023,Pisaster ochraceus,-0.085,3
K,2023,Pisaster ochraceus,-0.085,1
K,2023,Pisaster ochraceus,-0.085,2
K,2023,Pisaster ochraceus,-0.475,1
K,2023,Pisaster ochraceus,-0.475,2
K,2023,Pisaster ochraceus,-0.475,1
K,2023,Pisaster ochraceus,-0.475,1
K,2023,Pisaster ochraceus,-0.088,1
K,2023,Pisaster ochraceus,-0.088,1
K,2023,Pisaster ochraceus,-0.088,1
K,2023,Pisaster ochraceus,-0.088,1
K,2023,Pisaster ochraceus,-0.088,1
K,2023,Pisaster ochraceus,0.21909,1
K,2023,Pisaster ochraceus,0.21909,1
K,2023,Pisaster ochraceus,0.21909,1
K,2023,Pisaster ochraceus,0.21909,1
K,2023,Pisaster ochraceus,0.345,1
K,2023,Pisaster ochraceus,0.345,2
K,2023,Pisaster ochraceus,0.345,1
K,2023,Pisaster ochraceus,0.345,2
K,2023,Pisaster ochraceus,0.595,2
K,2023,Pisaster ochraceus,0.275,1
K,2023,Pisaster ochraceus,0.275,1
K,2023,Pisaster ochraceus,0.275,1
K,2023,Pisaster ochraceus,0.275,1
K,2023,Pisaster ochraceus,0.275,1
K,2023,Pisaster ochraceus,0.275,1
K,2023,Pisaster ochraceus,0.0017,1
K,2023,Pisaster ochraceus,0.0017,1
K,2023,Pisaster ochraceus,0.0017,1
K,2023,Pisaster ochraceus,0.0017,1
K,2023,Pisaster ochraceus,0.0017,1
K,2023,Pisaster ochraceus,0.0017,1
K,2023,Pisaster ochraceus,0.03,1
K,2023,Pisaster ochraceus,0.03,1
K,2023,Pisaster ochraceus,0.03,1
K,2023,Pisaster ochraceus,0.03,1
K,2023,Pisaster ochraceus,0.03,1
K,2023,Pisaster ochraceus,0.03,1
K,2023,Pisaster ochraceus,0.28927,1
K,2023,Pisaster ochraceus,0.28927,2
K,2023,Pisaster ochraceus,0.28927,1
K,2023,Pisaster ochraceus,0.28927,1
K,2023,Pisaster ochraceus,0.125,1
K,2023,Pisaster ochraceus,0.125,1
K,2023,Pisaster ochraceus,0.125,1
K,2023,Pisaster ochraceus,0.0116,1
K,2023,Pisaster ochraceus,0.17833,1
K,2023,Pisaster ochraceus,0.17833,3
K,2023,Pisaster ochraceus,0.17833,1
K,2023,Pisaster ochraceus,0.17833,1
K,2023,Pisaster ochraceus,0.17833,1
K,2023,Pisaster ochraceus,0.17833,1
K,2023,Pisaster ochraceus,0.175,1
K,2023,Pisaster ochraceus,0.175,1
K,2023,Pisaster ochraceus,0.175,2
K,2023,Pisaster ochraceus,0.175,3
K,2023,Pisaster ochraceus,0.175,2
K,2023,Pisaster ochraceus,0.175,1
K,2023,Pisaster ochraceus,-0.175,1
K,2023,Pisaster ochraceus,-0.175,1
K,2023,Pisaster ochraceus,-0.175,1
K,2023,Pisaster ochraceus,0.1173,1
K,2023,Pisaster ochraceus,0.11,1
K,2023,Pisaster ochraceus,0.405,1
K,2023,Pisaster ochraceus,0.38659,1
K,2023,Pisaster ochraceus,0.3583,3
K,2023,Pisaster ochraceus,0.3583,1
K,2023,Pisaster ochraceus,0.3583,1
K,2023,Pisaster ochraceus,0.1249,1
K,2023,Pisaster ochraceus,0.1249,3
K,2023,Pisaster ochraceus,0.1249,2
K,2023,Pisaster ochraceus,0.1249,1
K,2023,Pisaster ochraceus,0.1249,2
K,2023,Pisaster ochraceus,-1.095,1
K,2023,Pisaster ochraceus,-1.095,1
K,2023,Pisaster ochraceus,-1.095,1
K,2023,Pisaster ochraceus,-1.095,1
K,2023,Pisaster ochraceus,-1.095,2
K,2023,Pisaster ochraceus,-1.095,1
K,2023,Pisaster ochraceus,-1.095,3
K,2023,Pisaster ochraceus,-1.095,2
K,2023,Pisaster ochraceus,-0.8993,1
K,2023,Pisaster ochraceus,-0.8993,1
K,2023,Pisaster ochraceus,-0.8993,1
K,2023,Pisaster ochraceus,-0.8993,1
K,2023,Pisaster ochraceus,0.0292,1
K,2023,Pisaster ochraceus,0.0292,1
K,2023,Pisaster ochraceus,0.36858,1
K,2023,Pisaster ochraceus,0.36858,2
K,2023,Pisaster ochraceus,0.36858,2
K,2023,Pisaster ochraceus,0.36858,2
K,2023,Pisaster ochraceus,0.695,1
K,2023,Pisaster ochraceus,0.545,2
K,2023,Pisaster ochraceus,0.545,1
K,2023,Pisaster ochraceus,0.545,1
K,2023,Pisaster ochraceus,0.445,2
K,2023,Pisaster ochraceus,0.445,1
K,2023,Pisaster ochraceus,0.41495,1
K,2023,Pisaster ochraceus,0.15166,1
K,2023,Pisaster ochraceus,0.15166,1
K,2023,Pisaster ochraceus,0.15166,1
K,2023,Pisaster ochraceus,0.15166,1
K,2023,Pisaster ochraceus,0.101,1
K,2023,Pisaster ochraceus,0.101,1
K,2023,Pisaster ochraceus,0.101,1
K,2023,Pisaster ochraceus,0.101,1
K,2023,Pisaster ochraceus,0.091,1
K,2023,Pisaster ochraceus,0.091,1
K,2023,Pisaster ochraceus,0.091,1
K,2023,Pisaster ochraceus,0.091,1
K,2023,Pisaster ochraceus,0.091,1
K,2023,Pisaster ochraceus,-0.025,2
K,2023,Pisaster ochraceus,-0.025,1
K,2023,Pisaster ochraceus,0.18497,1
K,2023,Pisaster ochraceus,0.18497,1
K,2023,Pisaster ochraceus,0.18497,1
K,2023,Pisaster ochraceus,0.27368,1
K,2023,Pisaster ochraceus,0.27368,1
K,2023,Pisaster ochraceus,0.27368,1
K,2023,Pisaster ochraceus,0.0674,1
K,2023,Pisaster ochraceus,0.0674,2
K,2023,Pisaster ochraceus,0.0674,1
K,2023,Pisaster ochraceus,0.645,1
K,2023,Pisaster ochraceus,-0.2922,1
K,2023,Pisaster ochraceus,0.17499,1
K,2023,Pisaster ochraceus,0.42683,1
K,2023,Pisaster ochraceus,0.42683,1
K,2023,Pisaster ochraceus,0.28189,2
K,2023,Pisaster ochraceus,0.28189,1
K,2023,Pisaster ochraceus,0.28189,1
K,2023,Pisaster ochraceus,-0.4983,1
K,2023,Pisaster ochraceus,-0.4983,1
K,2023,Pisaster ochraceus,-0.4983,3
K,2023,Pisaster ochraceus,-0.421,1
K,2023,Pisaster ochraceus,-0.421,1
K,2023,Pisaster ochraceus,-0.421,2
K,2023,Pisaster ochraceus,-0.421,1
K,2023,Pisaster ochraceus,-0.421,1
K,2023,Pisaster ochraceus,-0.421,1
K,2023,Pisaster ochraceus,-0.883,2
K,2023,Pisaster ochraceus,-0.883,1
K,2023,Pisaster ochraceus,-0.883,1
K,2023,Pisaster ochraceus,-0.883,1
K,2023,Pisaster ochraceus,-0.195,1
K,2023,Pisaster ochraceus,-0.195,1
K,2023,Pisaster ochraceus,-0.195,1
K,2023,Pisaster ochraceus,-0.195,1
K,2023,Pisaster ochraceus,-0.195,1
K,2023,Pisaster ochraceus,-0.195,2
K,2023,Pisaster ochraceus,0.285,1
K,2023,Pisaster ochraceus,0.285,1
K,2023,Pisaster ochraceus,0.285,1
K,2023,Pisaster ochraceus,-0.185,1
K,2023,Pisaster ochraceus,-0.125,1
K,2023,Pisaster ochraceus,-0.125,1
K,2023,Pisaster ochraceus,-0.5167,1
K,2023,Pisaster ochraceus,-0.5167,1
K,2023,Pisaster ochraceus,-0.5167,1
K,2023,Pisaster ochraceus,-0.5167,2
K,2023,Pisaster ochraceus,-0.5167,1
K,2023,Pisaster ochraceus,-0.485,4
K,2023,Pisaster ochraceus,-0.485,2
K,2023,Pisaster ochraceus,-0.485,1
K,2023,Pisaster ochraceus,-0.485,1
K,2023,Pisaster ochraceus,-0.045,1
K,2023,Pisaster ochraceus,-0.045,3
K,2023,Pisaster ochraceus,-0.045,1
K,2023,Pisaster ochraceus,-0.045,1
K,2023,Pisaster ochraceus,-0.045,1
K,2023,Pisaster ochraceus,-0.195,3
K,2023,Pisaster ochraceus,-0.195,1
K,2023,Pisaster ochraceus,-0.195,3
K,2023,Pisaster ochraceus,0.065,1
K,2023,Pisaster ochraceus,0.065,2
K,2023,Pisaster ochraceus,0.065,1
K,2023,Pisaster ochraceus,0.065,1
K,2023,Pisaster ochraceus,-0.165,1
K,2023,Pisaster ochraceus,-0.165,1
K,2023,Pisaster ochraceus,-0.165,2
K,2023,Pisaster ochraceus,-0.395,1
K,2023,Pisaster ochraceus,-0.395,1
K,2023,Pisaster ochraceus,-0.395,4
K,2023,Pisaster ochraceus,-0.395,5
K,2023,Pisaster ochraceus,-0.395,1
K,2023,Pisaster ochraceus,-0.4083,1
K,2023,Pisaster ochraceus,-0.4083,1
K,2023,Pisaster ochraceus,-0.4083,3
K,2023,Pisaster ochraceus,-0.4234,1
K,2023,Pisaster ochraceus,-0.4234,2
K,2023,Pisaster ochraceus,-0.4234,1
B,2013,Pisaster ochraceus,1.365,1
B,2013,Pisaster ochraceus,1.365,1
B,2013,Pisaster ochraceus,0.124999999,1
B,2013,Pisaster ochraceus,0.124999999,1
B,2013,Pisaster ochraceus,-0.864999998,1
B,2013,Pisaster ochraceus,0.53842538,1
B,2013,Pisaster ochraceus,1.595000002,1
B,2013,Pisaster ochraceus,1.595000002,1
B,2013,Pisaster ochraceus,1.595000002,1
B,2013,Pisaster ochraceus,0.53154678,1
B,2013,Pisaster ochraceus,1.765000002,1
B,2013,Pisaster ochraceus,1.235337305,1
B,2013,Pisaster ochraceus,1.235337305,1
B,2013,Pisaster ochraceus,1.235337305,1
B,2013,Pisaster ochraceus,1.004999999,1
B,2013,Pisaster ochraceus,0.57353852,1
B,2013,Pisaster ochraceus,0.57353852,1
B,2013,Pisaster ochraceus,0.57353852,1
B,2013,Pisaster ochraceus,0.57353852,1
B,2013,Pisaster ochraceus,0.57353852,1
B,2013,Pisaster ochraceus,0.57353852,1
B,2013,Pisaster ochraceus,0.57353852,1
B,2013,Pisaster ochraceus,0.315000001,1
B,2013,Pisaster ochraceus,0.315000001,2
B,2013,Pisaster ochraceus,1.863137647,1
B,2013,Pisaster ochraceus,1.863137647,1
B,2013,Pisaster ochraceus,0.759804716,1
B,2013,Pisaster ochraceus,0.759804716,1
B,2013,Pisaster ochraceus,0.597387101,1
B,2013,Pisaster ochraceus,0.585881063,1
B,2013,Pisaster ochraceus,0.719592766,1
B,2013,Pisaster ochraceus,0.528425238,1
B,2013,Pisaster ochraceus,0.528425238,1
B,2013,Pisaster ochraceus,0.79,1
B,2013,Pisaster ochraceus,0.79,1
B,2013,Pisaster ochraceus,0.79,1
B,2013,Pisaster ochraceus,0.79,1
B,2013,Pisaster ochraceus,0.73960995,1
B,2013,Pisaster ochraceus,0.73960995,2
B,2013,Pisaster ochraceus,0.73960995,1
B,2013,Pisaster ochraceus,0.244286013,1
B,2013,Pisaster ochraceus,0.292598331,1
B,2013,Pisaster ochraceus,0.292598331,1
B,2013,Pisaster ochraceus,0.322986655,1
B,2013,Pisaster ochraceus,0.827706554,1
B,2013,Pisaster ochraceus,0.827706554,1
B,2013,Pisaster ochraceus,0.827706554,1
B,2013,Pisaster ochraceus,0.729611273,1
B,2013,Pisaster ochraceus,1.029999999,1
B,2013,Pisaster ochraceus,0.746281062,1
B,2013,Pisaster ochraceus,0.746281062,1
B,2013,Pisaster ochraceus,0.746281062,1
B,2013,Pisaster ochraceus,0.642472262,1
B,2013,Pisaster ochraceus,0.642472262,1
B,2013,Pisaster ochraceus,0.642472262,1
B,2013,Pisaster ochraceus,1.067522973,1
B,2013,Pisaster ochraceus,0.689631925,1
B,2013,Pisaster ochraceus,0.689631925,1
B,2013,Pisaster ochraceus,0.16986724,1
B,2013,Pisaster ochraceus,0.16986724,1
B,2013,Pisaster ochraceus,0.16986724,1
B,2013,Pisaster ochraceus,-0.266791183,1
B,2013,Pisaster ochraceus,-0.275035166,1
B,2013,Pisaster ochraceus,-0.027091131,1
B,2013,Pisaster ochraceus,-0.027091131,1
B,2013,Pisaster ochraceus,-0.027091131,1
B,2013,Pisaster ochraceus,-0.027091131,1
B,2013,Pisaster ochraceus,-0.020000003,1
B,2013,Pisaster ochraceus,-0.325593939,1
B,2013,Pisaster ochraceus,-0.325593939,1
B,2013,Pisaster ochraceus,-0.325593939,1
B,2013,Pisaster ochraceus,-0.325593939,1
G,2010,Pisaster ochraceus,0.59644999,1
G,2010,Pisaster ochraceus,1.187513245,1
G,2010,Pisaster ochraceus,0.783529865,2
G,2010,Pisaster ochraceus,0.756639754,1
G,2010,Pisaster ochraceus,0.890000002,3
G,2010,Pisaster ochraceus,0.946197375,1
G,2010,Pisaster ochraceus,0.589759501,1
G,2010,Pisaster ochraceus,2.180801475,1
G,2010,Pisaster ochraceus,0.822559877,6
G,2010,Pisaster ochraceus,0.208065562,2
G,2010,Pisaster ochraceus,0.249933511,1
G,2010,Pisaster ochraceus,0.474353819,1
G,2010,Pisaster ochraceus,0.867312848,1
G,2010,Pisaster ochraceus,1.105069589,1
G,2010,Pisaster ochraceus,0.567625732,9
G,2010,Pisaster ochraceus,0.782959892,1
G,2010,Pisaster ochraceus,-0.760000001,1
G,2010,Pisaster ochraceus,-0.729271112,2
G,2010,Pisaster ochraceus,1.065515326,3
G,2010,Pisaster ochraceus,-0.083197684,1
G,2010,Pisaster ochraceus,3.552e-4,5
G,2010,Pisaster ochraceus,0.150000001,2
G,2010,Pisaster ochraceus,0.509999999,1
G,2010,Pisaster ochraceus,0.67,1
G,2010,Pisaster ochraceus,0.980000003,1
G,2010,Pisaster ochraceus,0.731463988,1
G,2010,Pisaster ochraceus,0.863599754,5
G,2017,Pisaster ochraceus,2.469999996,1
G,2017,Pisaster ochraceus,0.59644999,1
G,2017,Pisaster ochraceus,0.551623823,1
G,2017,Pisaster ochraceus,0.551623823,1
G,2017,Pisaster ochraceus,1.026216369,1
G,2017,Pisaster ochraceus,1.026216369,2
G,2017,Pisaster ochraceus,0.756639754,3
G,2017,Pisaster ochraceus,0.756639754,2
G,2017,Pisaster ochraceus,0.756639754,3
G,2017,Pisaster ochraceus,0.756639754,1
G,2017,Pisaster ochraceus,0.954251013,1
G,2017,Pisaster ochraceus,1.139159521,2
G,2017,Pisaster ochraceus,0.890000002,1
G,2017,Pisaster ochraceus,1.332757816,1
G,2017,Pisaster ochraceus,1.332757816,1
G,2017,Pisaster ochraceus,1.332757816,1
G,2017,Pisaster ochraceus,0.946197375,1
G,2017,Pisaster ochraceus,0.946197375,1
G,2017,Pisaster ochraceus,0.702930504,1
G,2017,Pisaster ochraceus,1.06,3
G,2017,Pisaster ochraceus,1.06,2
G,2017,Pisaster ochraceus,0.878194256,1
G,2017,Pisaster ochraceus,0.878194256,1
G,2017,Pisaster ochraceus,0.737367345,1
G,2017,Pisaster ochraceus,1.910217957,1
G,2017,Pisaster ochraceus,1.096546249,1
G,2017,Pisaster ochraceus,0.760871087,1
G,2017,Pisaster ochraceus,0.760871087,2
G,2017,Pisaster ochraceus,0.62,1
G,2017,Pisaster ochraceus,0.650360708,3
G,2017,Pisaster ochraceus,0.487121953,1
G,2017,Pisaster ochraceus,0.487121953,1
G,2017,Pisaster ochraceus,0.08,1
G,2017,Pisaster ochraceus,0.08,2
G,2017,Pisaster ochraceus,0.08,2
G,2017,Pisaster ochraceus,0.186685473,1
G,2017,Pisaster ochraceus,0.186685473,1
G,2017,Pisaster ochraceus,0.186685473,1
G,2017,Pisaster ochraceus,0.186685473,1
G,2017,Pisaster ochraceus,-0.04692692,1
G,2017,Pisaster ochraceus,-0.04692692,1
G,2017,Pisaster ochraceus,-0.04692692,1
G,2017,Pisaster ochraceus,-0.04692692,1
G,2017,Pisaster ochraceus,-0.284420173,1
G,2017,Pisaster ochraceus,-0.284420173,1
G,2017,Pisaster ochraceus,0.989012663,1
G,2017,Pisaster ochraceus,0.989012663,2
G,2017,Pisaster ochraceus,0.788665013,2
G,2017,Pisaster ochraceus,0.788665013,1
G,2017,Pisaster ochraceus,0.788665013,2
G,2017,Pisaster ochraceus,0.788665013,2
G,2017,Pisaster ochraceus,0.788665013,1
G,2017,Pisaster ochraceus,0.649175804,1
G,2017,Pisaster ochraceus,0.649175804,1
G,2017,Pisaster ochraceus,0.649175804,1
G,2017,Pisaster ochraceus,0.649175804,1
G,2017,Pisaster ochraceus,0.375498423,1
G,2017,Pisaster ochraceus,0.375498423,1
G,2017,Pisaster ochraceus,0.208065562,1
G,2017,Pisaster ochraceus,0.208065562,1
G,2017,Pisaster ochraceus,0.208065562,1
G,2017,Pisaster ochraceus,0.208065562,1
G,2017,Pisaster ochraceus,0.399999999,1
G,2017,Pisaster ochraceus,0.399999999,1
G,2017,Pisaster ochraceus,0.399999999,1
G,2017,Pisaster ochraceus,0.399999999,1
G,2017,Pisaster ochraceus,0.347186087,1
G,2017,Pisaster ochraceus,0.347186087,3
G,2017,Pisaster ochraceus,0.347186087,2
G,2017,Pisaster ochraceus,0.296921768,1
G,2017,Pisaster ochraceus,0.206166314,2
G,2017,Pisaster ochraceus,1.140000003,1
G,2017,Pisaster ochraceus,1.078313617,1
G,2017,Pisaster ochraceus,1.078313617,1
G,2017,Pisaster ochraceus,0.759999999,1
G,2017,Pisaster ochraceus,0.759999999,1
G,2017,Pisaster ochraceus,1.827730556,1
G,2017,Pisaster ochraceus,1.776785885,1
G,2017,Pisaster ochraceus,2.03,1
G,2017,Pisaster ochraceus,2.03,1
G,2017,Pisaster ochraceus,2.03,1
G,2017,Pisaster ochraceus,1.488395083,1
G,2017,Pisaster ochraceus,1.050000002,1
G,2017,Pisaster ochraceus,0.896787969,1
G,2017,Pisaster ochraceus,0.741259662,2
G,2017,Pisaster ochraceus,0.741259662,1
G,2017,Pisaster ochraceus,0.741259662,2
G,2017,Pisaster ochraceus,1.035032902,1
G,2017,Pisaster ochraceus,1.035032902,1
G,2017,Pisaster ochraceus,1.035032902,1
G,2017,Pisaster ochraceus,0.796675347,1
G,2017,Pisaster ochraceus,0.796675347,1
G,2017,Pisaster ochraceus,0.396024465,1
G,2017,Pisaster ochraceus,0.396024465,2
G,2017,Pisaster ochraceus,0.396024465,2
G,2017,Pisaster ochraceus,0.396024465,1
G,2017,Pisaster ochraceus,0.023317124,2
G,2017,Pisaster ochraceus,0.023317124,1
G,2017,Pisaster ochraceus,0.37271466599999997,1
G,2017,Pisaster ochraceus,0.37271466599999997,1
G,2017,Pisaster ochraceus,0.37271466599999997,1
G,2017,Pisaster ochraceus,0.289586003,2
G,2017,Pisaster ochraceus,0.289586003,1
G,2017,Pisaster ochraceus,0.987393974,1
G,2017,Pisaster ochraceus,0.987393974,1
G,2017,Pisaster ochraceus,0.691610512,1
G,2017,Pisaster ochraceus,1.429405347,1
G,2017,Pisaster ochraceus,1.429405347,1
G,2017,Pisaster ochraceus,1.429405347,1
G,2017,Pisaster ochraceus,1.105069589,1
G,2017,Pisaster ochraceus,1.105069589,1
G,2017,Pisaster ochraceus,1.105069589,1
G,2017,Pisaster ochraceus,0.567625732,1
G,2017,Pisaster ochraceus,0.567625732,1
G,2017,Pisaster ochraceus,0.567625732,1
G,2017,Pisaster ochraceus,0.855065242,2
G,2017,Pisaster ochraceus,0.855065242,1
G,2017,Pisaster ochraceus,0.855065242,1
G,2017,Pisaster ochraceus,0.855065242,1
G,2017,Pisaster ochraceus,0.782959892,3
G,2017,Pisaster ochraceus,0.782959892,2
G,2017,Pisaster ochraceus,0.782959892,1
G,2017,Pisaster ochraceus,0.472041344,2
G,2017,Pisaster ochraceus,0.341451763,1
G,2017,Pisaster ochraceus,1.07493998,1
G,2017,Pisaster ochraceus,0.57,1
G,2017,Pisaster ochraceus,2.107995517,2
G,2017,Pisaster ochraceus,2.107995517,1
G,2017,Pisaster ochraceus,0.811806951,1
G,2017,Pisaster ochraceus,0.811806951,1
G,2017,Pisaster ochraceus,0.822115818,2
G,2017,Pisaster ochraceus,0.822115818,3
G,2017,Pisaster ochraceus,0.08,1
G,2017,Pisaster ochraceus,0.08,1
G,2017,Pisaster ochraceus,-0.400783138,1
G,2017,Pisaster ochraceus,1.284591227,1
G,2017,Pisaster ochraceus,1.082795217,1
G,2017,Pisaster ochraceus,1.082795217,2
G,2017,Pisaster ochraceus,1.082795217,1
G,2017,Pisaster ochraceus,0.77,1
G,2017,Pisaster ochraceus,0.77,1
G,2017,Pisaster ochraceus,-0.265125409,1
G,2017,Pisaster ochraceus,1.395547452,1
G,2017,Pisaster ochraceus,0.254985014,1
G,2017,Pisaster ochraceus,0.254985014,2
G,2017,Pisaster ochraceus,0.935282993,1
G,2017,Pisaster ochraceus,1.11,1
G,2017,Pisaster ochraceus,0.789999999,1
G,2017,Pisaster ochraceus,0.789999999,3
G,2017,Pisaster ochraceus,0.789999999,3
G,2017,Pisaster ochraceus,0.789999999,1
G,2017,Pisaster ochraceus,0.815199485,3
G,2017,Pisaster ochraceus,0.815199485,1
G,2017,Pisaster ochraceus,-0.320000001,2
G,2017,Pisaster ochraceus,-0.170131764,1
G,2017,Pisaster ochraceus,2.09090503,1
G,2017,Pisaster ochraceus,2.09090503,1
G,2017,Pisaster ochraceus,0.150000001,1
G,2017,Pisaster ochraceus,0.530000005,1
G,2017,Pisaster ochraceus,0.509999999,1
G,2017,Pisaster ochraceus,1.741257519,1
G,2017,Pisaster ochraceus,1.109364976,1
G,2017,Pisaster ochraceus,0.589318883,5
G,2017,Pisaster ochraceus,0.589318883,1
G,2017,Pisaster ochraceus,0.589318883,1
G,2017,Pisaster ochraceus,0.589318883,1
G,2017,Pisaster ochraceus,0.581238183,6
G,2017,Pisaster ochraceus,0.581238183,1
G,2017,Pisaster ochraceus,0.072050967,1
G,2017,Pisaster ochraceus,0.072050967,1
G,2017,Pisaster ochraceus,-0.56,1
G,2017,Pisaster ochraceus,1.506623013,1
G,2017,Pisaster ochraceus,0.889986949,1
G,2017,Pisaster ochraceus,0.889986949,1
G,2017,Pisaster ochraceus,0.889986949,2
G,2017,Pisaster ochraceus,0.889986949,3
G,2017,Pisaster ochraceus,0.889986949,1
G,2017,Pisaster ochraceus,0.563295661,2
G,2017,Pisaster ochraceus,0.563295661,1
G,2017,Pisaster ochraceus,0.563295661,1
G,2017,Pisaster ochraceus,0.694968463,2
G,2017,Pisaster ochraceus,0.694968463,1
G,2017,Pisaster ochraceus,0.823390429,1
G,2017,Pisaster ochraceus,0.823390429,2
G,2017,Pisaster ochraceus,0.823390429,1
G,2017,Pisaster ochraceus,1.05418997,2
G,2017,Pisaster ochraceus,1.062076519,1
G,2017,Pisaster ochraceus,1.062076519,3
G,2017,Pisaster ochraceus,0.920000001,1
G,2017,Pisaster ochraceus,0.920000001,4
G,2017,Pisaster ochraceus,0.920000001,2
G,2017,Pisaster ochraceus,0.920000001,1
G,2017,Pisaster ochraceus,0.845217154,1
G,2017,Pisaster ochraceus,0.845217154,1
G,2017,Pisaster ochraceus,0.845217154,3
G,2017,Pisaster ochraceus,0.845217154,2
G,2017,Pisaster ochraceus,0.919999997,2
G,2017,Pisaster ochraceus,0.919999997,1
G,2017,Pisaster ochraceus,0.919999997,1
G,2017,Pisaster ochraceus,0.919999997,1
G,2017,Pisaster ochraceus,0.693443977,3
G,2017,Pisaster ochraceus,0.693443977,1
G,2017,Pisaster ochraceus,0.693443977,5
G,2017,Pisaster ochraceus,0.693443977,1
G,2017,Pisaster ochraceus,0.693443977,1
G,2017,Pisaster ochraceus,0.509308589,2
G,2017,Pisaster ochraceus,0.509308589,2
G,2017,Pisaster ochraceus,0.509308589,1
G,2017,Pisaster ochraceus,0.509308589,1
G,2017,Pisaster ochraceus,0.504840984,1
G,2017,Pisaster ochraceus,0.504840984,2
G,2017,Pisaster ochraceus,0.504840984,1
G,2017,Pisaster ochraceus,1.011127487,1
G,2017,Pisaster ochraceus,1.011127487,2
G,2017,Pisaster ochraceus,1.011127487,1
G,2017,Pisaster ochraceus,0.67,1
G,2017,Pisaster ochraceus,0.67,2
G,2017,Pisaster ochraceus,0.67,1
G,2017,Pisaster ochraceus,0.67,1
G,2017,Pisaster ochraceus,0.67,1
G,2017,Pisaster ochraceus,0.731463988,1
G,2017,Pisaster ochraceus,0.731463988,1
G,2017,Pisaster ochraceus,0.931333502,2
G,2017,Pisaster ochraceus,0.931333502,4
G,2017,Pisaster ochraceus,0.931333502,1
G,2017,Pisaster ochraceus,0.931333502,1
G,2017,Pisaster ochraceus,1.21,1
G,2017,Pisaster ochraceus,1.21,1
G,2017,Pisaster ochraceus,0.99462103,2
G,2017,Pisaster ochraceus,0.99462103,1
G,2017,Pisaster ochraceus,0.99462103,1
G,2017,Pisaster ochraceus,0.780000001,1
G,2017,Pisaster ochraceus,0.270690134,1
G,2020,Pisaster ochraceus,0.59644999,1
G,2020,Pisaster ochraceus,0.760000001,1
G,2020,Pisaster ochraceus,0.551623823,2
G,2020,Pisaster ochraceus,1.187513245,1
G,2020,Pisaster ochraceus,1.026216369,1
G,2020,Pisaster ochraceus,1.026216369,1
G,2020,Pisaster ochraceus,1.026216369,2
G,2020,Pisaster ochraceus,1.026216369,2
G,2020,Pisaster ochraceus,1.026216369,1
G,2020,Pisaster ochraceus,0.675630567,1
G,2020,Pisaster ochraceus,0.675630567,3
G,2020,Pisaster ochraceus,0.890000002,3
G,2020,Pisaster ochraceus,0.890000002,1
G,2020,Pisaster ochraceus,0.890000002,4
G,2020,Pisaster ochraceus,0.890000002,1
G,2020,Pisaster ochraceus,0.890000002,1
G,2020,Pisaster ochraceus,1.332757816,1
G,2020,Pisaster ochraceus,1.332757816,1
G,2020,Pisaster ochraceus,1.332757816,2
G,2020,Pisaster ochraceus,1.332757816,1
G,2020,Pisaster ochraceus,1.332757816,1
G,2020,Pisaster ochraceus,1.332757816,1
G,2020,Pisaster ochraceus,1.332757816,1
G,2020,Pisaster ochraceus,0.946197375,3
G,2020,Pisaster ochraceus,0.946197375,3
G,2020,Pisaster ochraceus,0.941429456,1
G,2020,Pisaster ochraceus,0.989012663,1
G,2020,Pisaster ochraceus,0.788665013,1
G,2020,Pisaster ochraceus,0.788665013,2
G,2020,Pisaster ochraceus,0.589759501,1
G,2020,Pisaster ochraceus,0.772292024,1
G,2020,Pisaster ochraceus,0.901174784,1
G,2020,Pisaster ochraceus,0.64496828,1
G,2020,Pisaster ochraceus,0.64496828,1
G,2020,Pisaster ochraceus,0.64496828,1
G,2020,Pisaster ochraceus,0.64496828,2
G,2020,Pisaster ochraceus,0.64496828,1
G,2020,Pisaster ochraceus,0.64496828,1
G,2020,Pisaster ochraceus,0.64496828,1
G,2020,Pisaster ochraceus,0.634571698,1
G,2020,Pisaster ochraceus,0.634571698,1
G,2020,Pisaster ochraceus,0.634571698,1
G,2020,Pisaster ochraceus,0.208065562,2
G,2020,Pisaster ochraceus,0.208065562,1
G,2020,Pisaster ochraceus,0.208065562,2
G,2020,Pisaster ochraceus,0.399999999,1
G,2020,Pisaster ochraceus,0.399999999,1
G,2020,Pisaster ochraceus,0.399999999,2
G,2020,Pisaster ochraceus,0.399999999,1
G,2020,Pisaster ochraceus,0.347186087,5
G,2020,Pisaster ochraceus,0.347186087,7
G,2020,Pisaster ochraceus,0.347186087,1
G,2020,Pisaster ochraceus,0.249933511,2
G,2020,Pisaster ochraceus,0.206166314,1
G,2020,Pisaster ochraceus,0.206166314,1
G,2020,Pisaster ochraceus,0.992910737,1
G,2020,Pisaster ochraceus,0.951895075,1
G,2020,Pisaster ochraceus,0.951895075,1
G,2020,Pisaster ochraceus,0.867312848,1
G,2020,Pisaster ochraceus,0.782959892,1
G,2020,Pisaster ochraceus,0.782959892,1
G,2020,Pisaster ochraceus,0.472041344,2
G,2020,Pisaster ochraceus,0.472041344,1
G,2020,Pisaster ochraceus,0.472041344,2
G,2020,Pisaster ochraceus,0.472041344,2
G,2020,Pisaster ochraceus,0.472041344,2
G,2020,Pisaster ochraceus,0.472041344,1
G,2020,Pisaster ochraceus,1.284591227,1
G,2020,Pisaster ochraceus,0.77,1
G,2020,Pisaster ochraceus,0.769812333,2
G,2020,Pisaster ochraceus,0.426833969,1
G,2020,Pisaster ochraceus,3.552e-4,1
G,2020,Pisaster ochraceus,3.552e-4,1
G,2020,Pisaster ochraceus,0.97952412,1
G,2020,Pisaster ochraceus,0.97952412,1
G,2020,Pisaster ochraceus,0.509999999,1
G,2020,Pisaster ochraceus,1.741257519,1
G,2020,Pisaster ochraceus,1.741257519,1
G,2020,Pisaster ochraceus,0.589318883,1
G,2020,Pisaster ochraceus,0.589318883,1
G,2020,Pisaster ochraceus,0.589318883,1
G,2020,Pisaster ochraceus,0.581238183,1
G,2020,Pisaster ochraceus,0.581238183,1
G,2020,Pisaster ochraceus,0.581238183,1
G,2020,Pisaster ochraceus,0.581238183,2
G,2020,Pisaster ochraceus,0.072050967,1
G,2020,Pisaster ochraceus,-0.56,3
G,2020,Pisaster ochraceus,-0.56,1
G,2020,Pisaster ochraceus,-0.56,1
G,2020,Pisaster ochraceus,1.599999999,1
G,2020,Pisaster ochraceus,1.82522801,1
G,2020,Pisaster ochraceus,1.82522801,1
G,2020,Pisaster ochraceus,0.920000001,2
G,2020,Pisaster ochraceus,0.920000001,4
G,2020,Pisaster ochraceus,0.920000001,2
G,2020,Pisaster ochraceus,0.845217154,1
G,2020,Pisaster ochraceus,0.845217154,1
G,2020,Pisaster ochraceus,0.845217154,1
G,2020,Pisaster ochraceus,0.845217154,1
G,2020,Pisaster ochraceus,1.011127487,1
G,2020,Pisaster ochraceus,1.011127487,1
G,2020,Pisaster ochraceus,1.011127487,1
G,2020,Pisaster ochraceus,1.589989574,1
G,2020,Pisaster ochraceus,0.863599754,1
G,2020,Pisaster ochraceus,1.21,1
G,2020,Pisaster ochraceus,0.654213241,1
G,2020,Pisaster ochraceus,0.654213241,2
G,2020,Pisaster ochraceus,0.529999998,1
G,2020,Pisaster ochraceus,0.529999998,1
G,2020,Pisaster ochraceus,0.270690134,1
G,2020,Pisaster ochraceus,0.270690134,1
G,2020,Pisaster ochraceus,0.013337343,1
D,2015,Pisaster ochraceus,1.289012522,1
D,2015,Pisaster ochraceus,0.910000001,1
D,2015,Pisaster ochraceus,0.910000001,1
D,2015,Pisaster ochraceus,0.910000001,1
D,2015,Pisaster ochraceus,0.41416781,1
D,2015,Pisaster ochraceus,0.41416781,1
D,2015,Pisaster ochraceus,0.183467264,1
D,2015,Pisaster ochraceus,0.183467264,1
D,2015,Pisaster ochraceus,0.077923654,1
D,2015,Pisaster ochraceus,-0.125592412,1
D,2015,Pisaster ochraceus,1.269131438,1
D,2015,Pisaster ochraceus,0.690000001,1
D,2018,Pisaster ochraceus,0.910000001,1
D,2018,Pisaster ochraceus,0.910000001,2
D,2018,Pisaster ochraceus,0.910000001,2
D,2018,Pisaster ochraceus,0.910000001,2
D,2018,Pisaster ochraceus,0.910000001,2
D,2018,Pisaster ochraceus,0.910000001,2
D,2018,Pisaster ochraceus,0.910000001,2
D,2018,Pisaster ochraceus,1.120000001,1
D,2018,Pisaster ochraceus,1.120000001,1
D,2018,Pisaster ochraceus,0.183467264,1
D,2018,Pisaster ochraceus,0.183467264,1
D,2018,Pisaster ochraceus,0.670393965,1
D,2018,Pisaster ochraceus,0.859338305,1
D,2018,Pisaster ochraceus,1.161164204,1
D,2018,Pisaster ochraceus,0.869908877,1
D,2018,Pisaster ochraceus,0.792694774,1
D,2018,Pisaster ochraceus,0.70496839,1
D,2018,Pisaster ochraceus,0.70496839,1
D,2018,Pisaster ochraceus,0.364850968,1
D,2018,Pisaster ochraceus,0.110401839,1
D,2018,Pisaster ochraceus,-0.060697834,1
D,2018,Pisaster ochraceus,0.604764165,2
D,2018,Pisaster ochraceus,0.604764165,2
D,2018,Pisaster ochraceus,0.604764165,3
D,2018,Pisaster ochraceus,0.604764165,2
D,2018,Pisaster ochraceus,0.804878976,1
D,2018,Pisaster ochraceus,0.804878976,1
D,2018,Pisaster ochraceus,0.893576457,1
D,2018,Pisaster ochraceus,1.437022607,1
D,2018,Pisaster ochraceus,0.853955687,1
D,2018,Pisaster ochraceus,0.771167529,1
D,2018,Pisaster ochraceus,0.771167529,1
D,2018,Pisaster ochraceus,0.655223893,1
D,2018,Pisaster ochraceus,0.751876547,1
D,2018,Pisaster ochraceus,0.36482711,1
D,2020,Pisaster ochraceus,0.910000001,1
D,2020,Pisaster ochraceus,0.910000001,1
D,2020,Pisaster ochraceus,0.910000001,2
D,2020,Pisaster ochraceus,0.910000001,1
D,2020,Pisaster ochraceus,0.910000001,1
D,2020,Pisaster ochraceus,0.910000001,1
D,2020,Pisaster ochraceus,1.019999999,1
D,2020,Pisaster ochraceus,0.41416781,1
D,2020,Pisaster ochraceus,0.750866408,1
D,2020,Pisaster ochraceus,0.750866408,1
D,2020,Pisaster ochraceus,0.978481261,1
D,2020,Pisaster ochraceus,0.972713626,1
D,2020,Pisaster ochraceus,1.072187075,1
D,2020,Pisaster ochraceus,1.072187075,1
D,2020,Pisaster ochraceus,1.072187075,1
D,2020,Pisaster ochraceus,0.994688087,2
D,2020,Pisaster ochraceus,0.89,1
D,2020,Pisaster ochraceus,0.87976044,1
D,2020,Pisaster ochraceus,1.167040671,1
D,2020,Pisaster ochraceus,0.992877101,1
D,2020,Pisaster ochraceus,0.923992664,1
D,2020,Pisaster ochraceus,-0.199999999,1
D,2020,Pisaster ochraceus,-0.018981003,1
D,2020,Pisaster ochraceus,0.387309164,1
D,2020,Pisaster ochraceus,1.026042751,1
D,2020,Pisaster ochraceus,0.008811352,1
D,2020,Pisaster ochraceus,0.770390964,1
D,2020,Pisaster ochraceus,0.778886029,1
D,2020,Pisaster ochraceus,0.67,1
D,2020,Pisaster ochraceus,0.67,1
D,2020,Pisaster ochraceus,-0.099583148,1
D,2020,Pisaster ochraceus,0.441408513,1
D,2020,Pisaster ochraceus,0.356321843,1
D,2020,Pisaster ochraceus,0.356321843,1
D,2020,Pisaster ochraceus,1.391215048,1
D,2020,Pisaster ochraceus,1.015475,1
D,2020,Pisaster ochraceus,1.149999994,1
D,2020,Pisaster ochraceus,1.221990513,1
D,2020,Pisaster ochraceus,1.237824921,1
D,2020,Pisaster ochraceus,1.076106889,1
J,2010,Pisaster ochraceus,0.995,1
J,2010,Pisaster ochraceus,0.845,2
J,2010,Pisaster ochraceus,0.44662,1
J,2010,Pisaster ochraceus,1.26501,2
J,2010,Pisaster ochraceus,-0.064,5
J,2010,Pisaster ochraceus,1.16664,4
J,2010,Pisaster ochraceus,1.06567,2
J,2010,Pisaster ochraceus,1.14631,1
J,2010,Pisaster ochraceus,0.2165,1
J,2010,Pisaster ochraceus,0.205,3
J,2010,Pisaster ochraceus,0.30306,1
J,2010,Pisaster ochraceus,1.11954,1
J,2010,Pisaster ochraceus,-0.225,1
J,2010,Pisaster ochraceus,-0.595,1
J,2010,Pisaster ochraceus,-0.465,6
J,2010,Pisaster ochraceus,0.67056,1
J,2010,Pisaster ochraceus,0.80584,2
J,2010,Pisaster ochraceus,1.08425,1
J,2010,Pisaster ochraceus,-0.315,2
J,2010,Pisaster ochraceus,1.18363,2
J,2010,Pisaster ochraceus,0.345,2
J,2010,Pisaster ochraceus,-0.255,1
J,2010,Pisaster ochraceus,-0.555,1
J,2010,Pisaster ochraceus,-1.0131,2
J,2010,Pisaster ochraceus,-0.7701,6
J,2010,Pisaster ochraceus,-0.2301,2
J,2010,Pisaster ochraceus,-0.5226,2
J,2010,Pisaster ochraceus,0.025,2
J,2010,Pisaster ochraceus,0.77684,3
J,2010,Pisaster ochraceus,1.13992,1
J,2010,Pisaster ochraceus,0.025,1
J,2010,Pisaster ochraceus,0.535,1
J,2020,Pisaster ochraceus,0.82631,1
J,2020,Pisaster ochraceus,0.44662,1
J,2020,Pisaster ochraceus,1.26501,1
J,2020,Pisaster ochraceus,1.26501,1
J,2020,Pisaster ochraceus,0.105,2
J,2020,Pisaster ochraceus,0.105,1
J,2020,Pisaster ochraceus,0.105,2
J,2020,Pisaster ochraceus,0.105,2
J,2020,Pisaster ochraceus,0.64873,1
J,2020,Pisaster ochraceus,0.7102,1
J,2020,Pisaster ochraceus,0.7102,1
J,2020,Pisaster ochraceus,0.7102,2
J,2020,Pisaster ochraceus,2.97492,1
J,2020,Pisaster ochraceus,2.97492,1
J,2020,Pisaster ochraceus,1.16664,1
J,2020,Pisaster ochraceus,1.16664,1
J,2020,Pisaster ochraceus,1.13325,1
J,2020,Pisaster ochraceus,1.20132,1
J,2020,Pisaster ochraceus,1.20132,1
J,2020,Pisaster ochraceus,1.20132,1
J,2020,Pisaster ochraceus,-0.0503,2
J,2020,Pisaster ochraceus,-0.0503,2
J,2020,Pisaster ochraceus,-0.295,1
J,2020,Pisaster ochraceus,-0.295,1
J,2020,Pisaster ochraceus,-0.295,1
J,2020,Pisaster ochraceus,-0.295,1
J,2020,Pisaster ochraceus,1.01708,1
J,2020,Pisaster ochraceus,0.30306,2
J,2020,Pisaster ochraceus,0.30306,1
J,2020,Pisaster ochraceus,0.10384,2
J,2020,Pisaster ochraceus,0.10384,1
J,2020,Pisaster ochraceus,-0.0956,1
J,2020,Pisaster ochraceus,-0.2952,1
J,2020,Pisaster ochraceus,-0.2952,1
J,2020,Pisaster ochraceus,-0.495,3
J,2020,Pisaster ochraceus,-0.495,1
J,2020,Pisaster ochraceus,1.11954,1
J,2020,Pisaster ochraceus,-0.225,1
J,2020,Pisaster ochraceus,0.15938,1
J,2020,Pisaster ochraceus,0.15938,1
J,2020,Pisaster ochraceus,0.15938,1
J,2020,Pisaster ochraceus,-0.0781,3
J,2020,Pisaster ochraceus,-0.0781,3
J,2020,Pisaster ochraceus,-0.0781,2
J,2020,Pisaster ochraceus,-0.0781,1
J,2020,Pisaster ochraceus,-0.0781,1
J,2020,Pisaster ochraceus,-0.315,2
J,2020,Pisaster ochraceus,-0.315,3
J,2020,Pisaster ochraceus,-0.315,1
J,2020,Pisaster ochraceus,1.18363,1
J,2020,Pisaster ochraceus,1.18363,3
J,2020,Pisaster ochraceus,-0.255,1
J,2020,Pisaster ochraceus,-0.555,1
J,2020,Pisaster ochraceus,-0.555,1
J,2020,Pisaster ochraceus,-1.0131,1
J,2020,Pisaster ochraceus,-1.098,1
J,2020,Pisaster ochraceus,-1.098,1
J,2020,Pisaster ochraceus,-0.7701,1
J,2020,Pisaster ochraceus,-0.7701,2
J,2020,Pisaster ochraceus,-0.2301,1
J,2020,Pisaster ochraceus,-0.4414,2
J,2020,Pisaster ochraceus,-0.2779,1
J,2020,Pisaster ochraceus,0.025,1
J,2020,Pisaster ochraceus,0.025,1
J,2020,Pisaster ochraceus,0.16193,1
J,2020,Pisaster ochraceus,0.16193,1
J,2020,Pisaster ochraceus,0.28046,1
J,2020,Pisaster ochraceus,0.40073,1
J,2020,Pisaster ochraceus,0.8343,1
J,2020,Pisaster ochraceus,0.86694,2
J,2020,Pisaster ochraceus,0.77684,1
J,2020,Pisaster ochraceus,0.77684,1
J,2020,Pisaster ochraceus,0.77684,1
J,2020,Pisaster ochraceus,0.77684,1
J,2020,Pisaster ochraceus,0.77745,1
J,2020,Pisaster ochraceus,0.77745,1
J,2020,Pisaster ochraceus,0.77745,2
J,2020,Pisaster ochraceus,0.77745,1
J,2020,Pisaster ochraceus,0.77745,1
J,2020,Pisaster ochraceus,1.13992,2
J,2020,Pisaster ochraceus,1.13992,1
J,2020,Pisaster ochraceus,1.13992,1
J,2020,Pisaster ochraceus,1.13992,1
J,2020,Pisaster ochraceus,1.13992,1
J,2020,Pisaster ochraceus,1.13992,1
J,2020,Pisaster ochraceus,-1.415,2
J,2020,Pisaster ochraceus,-1.415,1
J,2020,Pisaster ochraceus,-0.955,1
J,2020,Pisaster ochraceus,-0.955,2
J,2020,Pisaster ochraceus,-0.955,2
J,2020,Pisaster ochraceus,1.205,1
J,2020,Pisaster ochraceus,0.98478,1
J,2020,Pisaster ochraceus,0.875,1
M,2008,Pisaster ochraceus,0.3935699,1
M,2008,Pisaster ochraceus,1.02,1
M,2008,Pisaster ochraceus,0.82,1
M,2008,Pisaster ochraceus,-1.19,1
M,2008,Pisaster ochraceus,0.08793221,5
M,2008,Pisaster ochraceus,0.22,12
M,2008,Pisaster ochraceus,0.96716802,1
M,2008,Pisaster ochraceus,0.81,1
M,2008,Pisaster ochraceus,0.55,3
M,2008,Pisaster ochraceus,0.60375063,1
M,2008,Pisaster ochraceus,0.51092657,4
M,2008,Pisaster ochraceus,0.46491133,3
M,2008,Pisaster ochraceus,0.73913285,2
M,2008,Pisaster ochraceus,0.61198998,5
M,2008,Pisaster ochraceus,0.5950061,3
M,2008,Pisaster ochraceus,0.6,1
M,2008,Pisaster ochraceus,0.1850474,7
M,2008,Pisaster ochraceus,0.78504599,2
M,2008,Pisaster ochraceus,0.61000625,2
M,2008,Pisaster ochraceus,0.25579156,6
M,2008,Pisaster ochraceus,-0.0987369,3
M,2008,Pisaster ochraceus,-0.1177929,4
M,2008,Pisaster ochraceus,-0.1600234,1
M,2008,Pisaster ochraceus,-0.18,7
M,2008,Pisaster ochraceus,-1.1917739999999999,2
M,2008,Pisaster ochraceus,-0.3218984,1
M,2008,Pisaster ochraceus,-0.1112655,2
M,2008,Pisaster ochraceus,0.25,2
M,2008,Pisaster ochraceus,-0.1817878,1
M,2008,Pisaster ochraceus,-0.7961155,1
M,2008,Pisaster ochraceus,-0.3363657,1
M,2008,Pisaster ochraceus,0.14410188,1
M,2008,Pisaster ochraceus,0.21485345,1
M,2008,Pisaster ochraceus,-0.19,1
M,2008,Pisaster ochraceus,0.1800033,2
M,2008,Pisaster ochraceus,0.61901226,1
M,2008,Pisaster ochraceus,0.69466959,1
M,2008,Pisaster ochraceus,0.23749084,4
M,2008,Pisaster ochraceus,0.62751508,2
M,2008,Pisaster ochraceus,0.51429365,3
M,2008,Pisaster ochraceus,0.54,7
M,2008,Pisaster ochraceus,0.12502974,1
M,2008,Pisaster ochraceus,1.00344867,1
M,2008,Pisaster ochraceus,0.6424681,2
M,2008,Pisaster ochraceus,0.50453151,1
M,2008,Pisaster ochraceus,0.3673903,4
M,2008,Pisaster ochraceus,0.23,4
M,2008,Pisaster ochraceus,0.09409437,9
M,2008,Pisaster ochraceus,-0.2599807,8
M,2008,Pisaster ochraceus,0.2886361,1
M,2008,Pisaster ochraceus,0.56,4
M,2008,Pisaster ochraceus,0.16021968,7
M,2008,Pisaster ochraceus,-1.1818002,1
M,2008,Pisaster ochraceus,0.70669213,1
M,2008,Pisaster ochraceus,0.56335701,3
M,2008,Pisaster ochraceus,0.16,1
M,2008,Pisaster ochraceus,-0.1870985,6
M,2008,Pisaster ochraceus,-0.3133408,2
M,2008,Pisaster ochraceus,0.0303415,1
M,2008,Pisaster ochraceus,0.04,2
M,2008,Pisaster ochraceus,-0.06,1
M,2008,Pisaster ochraceus,0.42029789,1
M,2008,Pisaster ochraceus,0.90926135,1
M,2008,Pisaster ochraceus,0.14012961,2
M,2008,Pisaster ochraceus,0.59289451,2
M,2008,Pisaster ochraceus,0.51497277,5
M,2008,Pisaster ochraceus,0.43127234,11
M,2008,Pisaster ochraceus,0.91817909,3
M,2008,Pisaster ochraceus,0.91529851,2
M,2008,Pisaster ochraceus,0.64844517,4
M,2008,Pisaster ochraceus,0.32099983,1
M,2008,Pisaster ochraceus,0.61003186,1
M,2008,Pisaster ochraceus,0.5353995,2
M,2008,Pisaster ochraceus,0.26702134,2
M,2008,Pisaster ochraceus,-0.0022391,2
M,2008,Pisaster ochraceus,-0.229712,20
M,2008,Pisaster ochraceus,-0.3047972,1
M,2008,Pisaster ochraceus,-0.0160488,1
M,2008,Pisaster ochraceus,0.73944542,4
M,2008,Pisaster ochraceus,0.58,10
M,2008,Pisaster ochraceus,0.52088324,2
M,2008,Pisaster ochraceus,0.4,1
M,2008,Pisaster ochraceus,0.71481392,3
M,2008,Pisaster ochraceus,0.59342087,3
M,2008,Pisaster ochraceus,0.49,1
M,2008,Pisaster ochraceus,-0.6500849,1
M,2008,Pisaster ochraceus,0.46440815,1
M,2008,Pisaster ochraceus,0.86296236,1
M,2008,Pisaster ochraceus,0.49999299,2
M,2008,Pisaster ochraceus,0.74605591,1
M,2008,Pisaster ochraceus,0.8065824,3
M,2008,Pisaster ochraceus,0.83651027,2
M,2008,Pisaster ochraceus,0.89574697,3
M,2008,Pisaster ochraceus,0.90740128,1
M,2008,Pisaster ochraceus,0.72,3
M,2008,Pisaster ochraceus,0.8784614,2
M,2008,Pisaster ochraceus,0.72743965,1
M,2008,Pisaster ochraceus,0.59252196,2
M,2008,Pisaster ochraceus,0.60494261,2
M,2008,Pisaster ochraceus,0.61728704,2
M,2008,Pisaster ochraceus,0.63267106,7
M,2008,Pisaster ochraceus,0.6463874,5
M,2008,Pisaster ochraceus,0.6773283,5
M,2008,Pisaster ochraceus,0.77496612,2
M,2008,Pisaster ochraceus,0.96124975,3
M,2008,Pisaster ochraceus,0.7053229,8
M,2008,Pisaster ochraceus,0.68,6
M,2008,Pisaster ochraceus,1.08391376,2
M,2008,Pisaster ochraceus,1.11206587,2
M,2008,Pisaster ochraceus,0.99368393,3
M,2008,Pisaster ochraceus,-1.07,3
M,2008,Pisaster ochraceus,1.16573573,1
M,2008,Pisaster ochraceus,0.30507688,1
M,2008,Pisaster ochraceus,0.17565099,2
M,2008,Pisaster ochraceus,-0.91,1
M,2008,Pisaster ochraceus,-0.1763347,2
M,2008,Pisaster ochraceus,-0.23,3
M,2008,Pisaster ochraceus,0.32920062,1
M,2008,Pisaster ochraceus,0.98,1
M,2008,Pisaster ochraceus,1.23999759,1
M,2008,Pisaster ochraceus,0.63,2
M,2008,Pisaster ochraceus,0.6658206,1
M,2008,Pisaster ochraceus,0.68371691,2
M,2008,Pisaster ochraceus,0.70174351,1
M,2008,Pisaster ochraceus,1.04296708,1
M,2008,Pisaster ochraceus,0.90833506,2
M,2008,Pisaster ochraceus,0.77365162,1
M,2008,Pisaster ochraceus,0.5043866,1
M,2008,Pisaster ochraceus,0.53029898,1
M,2008,Pisaster ochraceus,0.48010639,2
M,2008,Pisaster ochraceus,0.44402503,2
M,2008,Pisaster ochraceus,0.66199998,1
M,2008,Pisaster ochraceus,0.69163512,2
M,2008,Pisaster ochraceus,0.93675332,7
M,2008,Pisaster ochraceus,1.17285358,3
M,2008,Pisaster ochraceus,1.24404537,7
M,2008,Pisaster ochraceus,0.13842569,1
M,2008,Pisaster ochraceus,0.43,3
M,2008,Pisaster ochraceus,0.97,3
M,2008,Pisaster ochraceus,0.37030568,12
M,2008,Pisaster ochraceus,0.45395472,1
M,2008,Pisaster ochraceus,-0.9420866,1
M,2008,Pisaster ochraceus,0.45319928,1
M,2008,Pisaster ochraceus,0.55870048,1
M,2008,Pisaster ochraceus,0.73,2
M,2008,Pisaster ochraceus,0.51,6
M,2008,Pisaster ochraceus,0.69727414,5
M,2008,Pisaster ochraceus,0.58351807,3
M,2008,Pisaster ochraceus,0.66,1
M,2008,Pisaster ochraceus,0.41753189,1
M,2008,Pisaster ochraceus,0.42526965,3
M,2008,Pisaster ochraceus,0.46900337,2
M,2008,Pisaster ochraceus,0.56595643,3
M,2008,Pisaster ochraceus,0.76143974,2
M,2008,Pisaster ochraceus,0.7786632,4
M,2008,Pisaster ochraceus,0.47887471,6
M,2008,Pisaster ochraceus,0.29940118,1
M,2008,Pisaster ochraceus,0.12,3
M,2008,Pisaster ochraceus,0.76,1
M,2008,Pisaster ochraceus,0.17394229,1
M,2008,Pisaster ochraceus,0.53465836,1
M,2008,Pisaster ochraceus,0.77476085,1
M,2008,Pisaster ochraceus,0.53,2
M,2008,Pisaster ochraceus,1.08193385,2
M,2008,Pisaster ochraceus,1.02658141,1
M,2008,Pisaster ochraceus,0.64101298,3
M,2008,Pisaster ochraceus,0.56387565,1
M,2008,Pisaster ochraceus,0.48570792,1
M,2008,Pisaster ochraceus,0.50454168,1
M,2008,Pisaster ochraceus,0.54583912,2
M,2008,Pisaster ochraceus,0.71,2
M,2008,Pisaster ochraceus,0.41,2
M,2008,Pisaster ochraceus,0.43562668,2
M,2008,Pisaster ochraceus,0.44763492,19
M,2008,Pisaster ochraceus,0.26235098,1
M,2008,Pisaster ochraceus,0.0363289,1
M,2008,Pisaster ochraceus,0.45981277,2
M,2008,Pisaster ochraceus,0.50401035,1
M,2008,Pisaster ochraceus,0.57408447,4
M,2008,Pisaster ochraceus,0.58391951,10
M,2008,Pisaster ochraceus,0.60221125,3
M,2008,Pisaster ochraceus,0.61969224999999994,1
M,2008,Pisaster ochraceus,0.73946143,8
M,2008,Pisaster ochraceus,0.81717023,7
M,2008,Pisaster ochraceus,0.89455968,3
M,2008,Pisaster ochraceus,1.1642909,1
M,2008,Pisaster ochraceus,1.18569339,1
M,2008,Pisaster ochraceus,0.55502585,8
M,2008,Pisaster ochraceus,0.48,2
M,2008,Pisaster ochraceus,0.02,7
M,2008,Pisaster ochraceus,0.59209199,2
M,2008,Pisaster ochraceus,0.5787867,4
M,2008,Pisaster ochraceus,0.48795086,1
M,2008,Pisaster ochraceus,0.4025493,3
M,2008,Pisaster ochraceus,0.50933264,3
M,2008,Pisaster ochraceus,0.45286575,4
M,2008,Pisaster ochraceus,0.52104194,1
M,2008,Pisaster ochraceus,0.13,4
M,2008,Pisaster ochraceus,0.30727734,1
M,2008,Pisaster ochraceus,0.7120165,5
M,2008,Pisaster ochraceus,0.82178561,1
M,2008,Pisaster ochraceus,0.93111101,4
M,2008,Pisaster ochraceus,1.05,1
M,2008,Pisaster ochraceus,0.67596996,1
M,2008,Pisaster ochraceus,0.64513303,3
M,2008,Pisaster ochraceus,0.08655952,1
M,2008,Pisaster ochraceus,0.33829034,1
M,2008,Pisaster ochraceus,0.25876065,1
M,2008,Pisaster ochraceus,0.35394428,1
M,2008,Pisaster ochraceus,0.33448868,1
M,2008,Pisaster ochraceus,0.35679835,1
M,2008,Pisaster ochraceus,0.34517164,1
M,2008,Pisaster ochraceus,0.28309501,3
M,2008,Pisaster ochraceus,0.15787155,4
M,2008,Pisaster ochraceus,0.56,1
M,2008,Pisaster ochraceus,0.25998958,1
M,2008,Pisaster ochraceus,0.26,1
M,2008,Pisaster ochraceus,0.61231544,1
M,2008,Pisaster ochraceus,0.20218878,1
M,2008,Pisaster ochraceus,0.06749031,1
M,2008,Pisaster ochraceus,-0.2385823,2
M,2008,Pisaster ochraceus,0.19141889,1
M,2008,Pisaster ochraceus,0.18243247,2
M,2008,Pisaster ochraceus,0.34,5
M,2008,Pisaster ochraceus,0.51398466,3
M,2008,Pisaster ochraceus,0.39399536,2
M,2008,Pisaster ochraceus,0.35085514,1
M,2008,Pisaster ochraceus,0.32668819,1
M,2008,Pisaster ochraceus,0.30254063,5
M,2008,Pisaster ochraceus,0.15831645,1
M,2017,Pisaster ochraceus,1.03665846,1
M,2017,Pisaster ochraceus,0.81,1
M,2017,Pisaster ochraceus,0.55,1
M,2017,Pisaster ochraceus,0.65735247,1
M,2017,Pisaster ochraceus,0.51092657,1
M,2017,Pisaster ochraceus,0.42453385,1
M,2017,Pisaster ochraceus,0.46491133,2
M,2017,Pisaster ochraceus,0.46491133,1
M,2017,Pisaster ochraceus,0.46491133,1
M,2017,Pisaster ochraceus,0.5950061,1
M,2017,Pisaster ochraceus,0.5950061,2
M,2017,Pisaster ochraceus,0.5950061,1
M,2017,Pisaster ochraceus,0.31,1
M,2017,Pisaster ochraceus,0.31,1
M,2017,Pisaster ochraceus,0.31,1
M,2017,Pisaster ochraceus,0.78504599,1
M,2017,Pisaster ochraceus,0.78504599,1
M,2017,Pisaster ochraceus,0.25579156,1
M,2017,Pisaster ochraceus,-0.0781406,1
M,2017,Pisaster ochraceus,-0.0781406,1
M,2017,Pisaster ochraceus,-0.0781406,1
M,2017,Pisaster ochraceus,-0.0781406,1
M,2017,Pisaster ochraceus,-0.1177929,1
M,2017,Pisaster ochraceus,0.45832369,1
M,2017,Pisaster ochraceus,-0.3176807,1
M,2017,Pisaster ochraceus,0.42367887,1
M,2017,Pisaster ochraceus,0.69466959,1
M,2017,Pisaster ochraceus,0.51429365,1
M,2017,Pisaster ochraceus,0.51429365,1
M,2017,Pisaster ochraceus,0.12502974,1
M,2017,Pisaster ochraceus,0.12502974,1
M,2017,Pisaster ochraceus,0.12502974,1
M,2017,Pisaster ochraceus,0.50453151,1
M,2017,Pisaster ochraceus,0.09409437,1
M,2017,Pisaster ochraceus,0.09409437,2
M,2017,Pisaster ochraceus,0.09409437,1
M,2017,Pisaster ochraceus,0.09409437,1
M,2017,Pisaster ochraceus,-0.2599807,1
M,2017,Pisaster ochraceus,-0.2599807,1
M,2017,Pisaster ochraceus,0.2886361,1
M,2017,Pisaster ochraceus,0.2886361,1
M,2017,Pisaster ochraceus,0.2886361,1
M,2017,Pisaster ochraceus,0.56,4
M,2017,Pisaster ochraceus,0.46011816,1
M,2017,Pisaster ochraceus,0.46011816,1
M,2017,Pisaster ochraceus,0.46011816,1
M,2017,Pisaster ochraceus,0.16021968,2
M,2017,Pisaster ochraceus,0.16021968,3
M,2017,Pisaster ochraceus,0.16021968,1
M,2017,Pisaster ochraceus,-0.4394901,1
M,2017,Pisaster ochraceus,-0.4394901,1
M,2017,Pisaster ochraceus,-1.0396590000000001,1
M,2017,Pisaster ochraceus,-0.3133408,1
M,2017,Pisaster ochraceus,-0.2400452,1
M,2017,Pisaster ochraceus,0.30499127,1
M,2017,Pisaster ochraceus,0.43127234,1
M,2017,Pisaster ochraceus,-0.229712,1
M,2017,Pisaster ochraceus,-0.0160488,1
M,2017,Pisaster ochraceus,-0.0160488,1
M,2017,Pisaster ochraceus,-0.0160488,1
M,2017,Pisaster ochraceus,0.73944542,1
M,2017,Pisaster ochraceus,0.52088324,1
M,2017,Pisaster ochraceus,0.52088324,1
M,2017,Pisaster ochraceus,0.46089181,1
M,2017,Pisaster ochraceus,0.46089181,1
M,2017,Pisaster ochraceus,-0.6500849,1
M,2017,Pisaster ochraceus,0.4944437,1
M,2017,Pisaster ochraceus,0.71499998,1
M,2017,Pisaster ochraceus,0.49999299,1
M,2017,Pisaster ochraceus,0.49999299,1
M,2017,Pisaster ochraceus,0.8784614,1
M,2017,Pisaster ochraceus,0.66108379,1
M,2017,Pisaster ochraceus,0.66108379,1
M,2017,Pisaster ochraceus,1.08391376,1
M,2017,Pisaster ochraceus,0.38705528,1
M,2017,Pisaster ochraceus,0.17565099,1
M,2017,Pisaster ochraceus,0.64856888,1
M,2017,Pisaster ochraceus,0.64856888,1
M,2017,Pisaster ochraceus,0.93675332,1
M,2017,Pisaster ochraceus,1.17285358,1
M,2017,Pisaster ochraceus,-0.69,1
M,2017,Pisaster ochraceus,-0.69,1
M,2017,Pisaster ochraceus,-0.27,1
M,2017,Pisaster ochraceus,-0.12,1
M,2017,Pisaster ochraceus,-0.12,1
M,2017,Pisaster ochraceus,0.45395472,1
M,2017,Pisaster ochraceus,-0.7650989,1
M,2017,Pisaster ochraceus,0.75166023,2
M,2017,Pisaster ochraceus,0.47,1
M,2017,Pisaster ochraceus,0.47,1
M,2017,Pisaster ochraceus,0.47,1
M,2017,Pisaster ochraceus,0.40944541,1
M,2017,Pisaster ochraceus,0.86,1
M,2017,Pisaster ochraceus,0.76,1
M,2017,Pisaster ochraceus,0.65497641,2
M,2017,Pisaster ochraceus,1.02658141,2
M,2017,Pisaster ochraceus,0.96879425,1
M,2017,Pisaster ochraceus,0.91177581,3
M,2017,Pisaster ochraceus,0.85598663,1
M,2017,Pisaster ochraceus,0.71799981,2
M,2017,Pisaster ochraceus,0.56387565,1
M,2017,Pisaster ochraceus,0.50454168,1
M,2017,Pisaster ochraceus,0.50454168,1
M,2017,Pisaster ochraceus,0.71,1
M,2017,Pisaster ochraceus,-0.17,1
M,2017,Pisaster ochraceus,-0.17,1
M,2017,Pisaster ochraceus,0.57022612,1
M,2017,Pisaster ochraceus,0.49236918,2
M,2017,Pisaster ochraceus,0.49236918,1
M,2017,Pisaster ochraceus,0.66138475,1
M,2017,Pisaster ochraceus,0.66138475,1
M,2017,Pisaster ochraceus,0.66138475,1
M,2017,Pisaster ochraceus,0.66138475,1
M,2017,Pisaster ochraceus,0.81717023,1
M,2017,Pisaster ochraceus,1.18569339,1
M,2017,Pisaster ochraceus,0.48,1
M,2017,Pisaster ochraceus,-0.0500248,1
M,2017,Pisaster ochraceus,-0.0500248,1
M,2017,Pisaster ochraceus,-0.0500248,1
M,2017,Pisaster ochraceus,0.09239564,1
M,2017,Pisaster ochraceus,0.48795086,2
M,2017,Pisaster ochraceus,0.38305774,1
M,2017,Pisaster ochraceus,0.16715848,2
M,2017,Pisaster ochraceus,0.16715848,1
M,2017,Pisaster ochraceus,0.16715848,1
M,2017,Pisaster ochraceus,0.45286575,1
M,2017,Pisaster ochraceus,0.52104194,1
M,2017,Pisaster ochraceus,0.82178561,1
M,2017,Pisaster ochraceus,0.74668255,1
M,2017,Pisaster ochraceus,0.20429852,1
M,2017,Pisaster ochraceus,0.19250787,1
M,2017,Pisaster ochraceus,0.53576201,1
M,2017,Pisaster ochraceus,0.53576201,1
M,2017,Pisaster ochraceus,0.25230067,1
M,2017,Pisaster ochraceus,0.56,1
M,2017,Pisaster ochraceus,0.56,2
M,2017,Pisaster ochraceus,0.65250096,2
M,2017,Pisaster ochraceus,0.09,1
M,2017,Pisaster ochraceus,0.11,1
M,2017,Pisaster ochraceus,-0.160003,1
M,2017,Pisaster ochraceus,-0.160003,1
M,2017,Pisaster ochraceus,-0.160003,1
M,2017,Pisaster ochraceus,0.20988692,1
M,2017,Pisaster ochraceus,0.17879262,1
M,2017,Pisaster ochraceus,0.17879262,1
M,2017,Pisaster ochraceus,0.17879262,1
M,2017,Pisaster ochraceus,0.24343033,1
M,2017,Pisaster ochraceus,0.24343033,1
M,2017,Pisaster ochraceus,0.24343033,2
M,2017,Pisaster ochraceus,0.24343033,1
M,2017,Pisaster ochraceus,0.24343033,1
M,2017,Pisaster ochraceus,0.24343033,1
M,2017,Pisaster ochraceus,0.51401653,1
M,2017,Pisaster ochraceus,0.69006504,1
M,2017,Pisaster ochraceus,0.63395514,1
M,2017,Pisaster ochraceus,0.63395514,1
M,2017,Pisaster ochraceus,0.51398466,1
M,2017,Pisaster ochraceus,0.51398466,2
M,2017,Pisaster ochraceus,0.35085514,1
M,2017,Pisaster ochraceus,0.35085514,1
M,2017,Pisaster ochraceus,0.30254063,1
M,2017,Pisaster ochraceus,0.30254063,1
M,2017,Pisaster ochraceus,0.30254063,1
M,2017,Pisaster ochraceus,0.07728011,1
M,2021,Pisaster ochraceus,0.61198998,1
M,2021,Pisaster ochraceus,0.57,1
M,2021,Pisaster ochraceus,-0.1388407,1
M,2021,Pisaster ochraceus,-0.1388407,1
M,2021,Pisaster ochraceus,0.45832369,1
M,2021,Pisaster ochraceus,0.35367085,1
M,2021,Pisaster ochraceus,0.35367085,1
M,2021,Pisaster ochraceus,0.28657923,1
M,2021,Pisaster ochraceus,0.42367887,1
M,2021,Pisaster ochraceus,-0.2599807,1
M,2021,Pisaster ochraceus,-0.2599807,1
M,2021,Pisaster ochraceus,-0.2599807,1
M,2021,Pisaster ochraceus,-0.2599807,1
M,2021,Pisaster ochraceus,0.46011816,1
M,2021,Pisaster ochraceus,0.0018523,1
M,2021,Pisaster ochraceus,-0.3047972,1
M,2021,Pisaster ochraceus,0.46894902,1
M,2021,Pisaster ochraceus,0.46894902,1
M,2021,Pisaster ochraceus,0.27910125,1
M,2021,Pisaster ochraceus,-0.69,1
M,2021,Pisaster ochraceus,-0.69,1
M,2021,Pisaster ochraceus,-0.69,1
M,2021,Pisaster ochraceus,-0.27,1
M,2021,Pisaster ochraceus,0.45342979,1
M,2021,Pisaster ochraceus,0.63106974,1
M,2021,Pisaster ochraceus,0.63106974,1
M,2021,Pisaster ochraceus,0.5940665,1
M,2021,Pisaster ochraceus,-0.17,1
M,2021,Pisaster ochraceus,-0.17,1
M,2021,Pisaster ochraceus,0.18323297,1
M,2021,Pisaster ochraceus,0.7634944,1
M,2021,Pisaster ochraceus,-0.0200014,1
M,2021,Pisaster ochraceus,0.13289162,1
M,2021,Pisaster ochraceus,0.33448868,1
M,2021,Pisaster ochraceus,0.19141889,1
M,2021,Pisaster ochraceus,0.63395514,1
M,2021,Pisaster ochraceus,0.35085514,1
M,2021,Pisaster ochraceus,0.30254063,1
M,2021,Pisaster ochraceus,0.32,1
E,2010,Pisaster ochraceus,0.50015,1
E,2010,Pisaster ochraceus,0.705,1
E,2010,Pisaster ochraceus,0.46273,1
E,2010,Pisaster ochraceus,0.90244,1
E,2010,Pisaster ochraceus,0.67616,1
E,2010,Pisaster ochraceus,0.51264,1
E,2010,Pisaster ochraceus,1.01614,3
E,2010,Pisaster ochraceus,0.58951,1
E,2010,Pisaster ochraceus,0.77896,1
E,2010,Pisaster ochraceus,0.92621,1
E,2010,Pisaster ochraceus,0.78499,1
E,2010,Pisaster ochraceus,0.62276,1
E,2010,Pisaster ochraceus,-0.3032,1
E,2010,Pisaster ochraceus,0.34499,1
E,2010,Pisaster ochraceus,0.88475,1
E,2010,Pisaster ochraceus,0.60482,1
E,2010,Pisaster ochraceus,0.74512,1
E,2010,Pisaster ochraceus,0.325,1
E,2010,Pisaster ochraceus,-0.0081,1
E,2017,Pisaster ochraceus,0.86187,1
E,2017,Pisaster ochraceus,0.86187,2
E,2017,Pisaster ochraceus,0.86187,1
E,2017,Pisaster ochraceus,1.03248,1
E,2017,Pisaster ochraceus,0.94385,1
E,2017,Pisaster ochraceus,0.76027,1
E,2017,Pisaster ochraceus,0.73283,1
E,2017,Pisaster ochraceus,0.71618,1
E,2017,Pisaster ochraceus,1.24597,1
E,2017,Pisaster ochraceus,1.15546,1
E,2017,Pisaster ochraceus,1.11004,1
E,2017,Pisaster ochraceus,1.11004,1
E,2017,Pisaster ochraceus,1.11004,1
E,2017,Pisaster ochraceus,0.92729,1
E,2017,Pisaster ochraceus,0.69636,1
E,2017,Pisaster ochraceus,0.69636,1
E,2017,Pisaster ochraceus,0.60323,1
E,2017,Pisaster ochraceus,0.46273,1
E,2017,Pisaster ochraceus,0.41569,1
E,2017,Pisaster ochraceus,0.36854,1
E,2017,Pisaster ochraceus,0.36854,1
E,2017,Pisaster ochraceus,0.36279,1
E,2017,Pisaster ochraceus,0.36279,1
E,2017,Pisaster ochraceus,0.76494,1
E,2017,Pisaster ochraceus,0.79981,1
E,2017,Pisaster ochraceus,0.66946,1
E,2017,Pisaster ochraceus,0.66946,1
E,2017,Pisaster ochraceus,0.59077,1
E,2017,Pisaster ochraceus,0.925,1
E,2017,Pisaster ochraceus,0.57,1
E,2017,Pisaster ochraceus,0.57212,1
E,2017,Pisaster ochraceus,0.89197,1
E,2017,Pisaster ochraceus,1.16308,1
E,2017,Pisaster ochraceus,1.39304,1
E,2017,Pisaster ochraceus,1.37254,1
E,2017,Pisaster ochraceus,1.19856,1
E,2017,Pisaster ochraceus,0.97872,1
E,2017,Pisaster ochraceus,0.80345,1
E,2017,Pisaster ochraceus,0.32836,1
E,2017,Pisaster ochraceus,0.37861,1
E,2017,Pisaster ochraceus,1.18003,2
E,2017,Pisaster ochraceus,1.18003,4
E,2017,Pisaster ochraceus,1.18003,1
E,2017,Pisaster ochraceus,0.90514,1
E,2017,Pisaster ochraceus,0.90514,2
E,2017,Pisaster ochraceus,0.35515,1
E,2017,Pisaster ochraceus,0.35515,1
E,2017,Pisaster ochraceus,0.35515,1
E,2017,Pisaster ochraceus,0.61967,1
E,2017,Pisaster ochraceus,0.7744,1
E,2017,Pisaster ochraceus,0.92918,1
E,2017,Pisaster ochraceus,1.08403,1
E,2017,Pisaster ochraceus,1.09182,1
E,2017,Pisaster ochraceus,1.06289,1
E,2017,Pisaster ochraceus,1.03398,1
E,2017,Pisaster ochraceus,0.91861,1
E,2017,Pisaster ochraceus,0.80331,1
E,2017,Pisaster ochraceus,0.60044,1
E,2017,Pisaster ochraceus,0.51264,1
E,2017,Pisaster ochraceus,1.06059,1
E,2017,Pisaster ochraceus,1.06059,3
E,2017,Pisaster ochraceus,0.92667,1
E,2017,Pisaster ochraceus,0.45824,1
E,2017,Pisaster ochraceus,0.93413,1
E,2017,Pisaster ochraceus,0.945,1
E,2017,Pisaster ochraceus,0.945,1
E,2017,Pisaster ochraceus,0.54508,1
E,2017,Pisaster ochraceus,0.61184,1
E,2017,Pisaster ochraceus,0.61184,1
E,2017,Pisaster ochraceus,0.88586,1
E,2017,Pisaster ochraceus,0.78431,1
E,2017,Pisaster ochraceus,0.78431,1
E,2017,Pisaster ochraceus,0.52079,1
E,2017,Pisaster ochraceus,0.52079,1
E,2017,Pisaster ochraceus,0.52079,1
E,2017,Pisaster ochraceus,0.72653,1
E,2017,Pisaster ochraceus,0.87833,1
E,2017,Pisaster ochraceus,0.52324,1
E,2017,Pisaster ochraceus,0.81639,1
E,2017,Pisaster ochraceus,0.92621,1
E,2017,Pisaster ochraceus,0.94422,1
E,2017,Pisaster ochraceus,0.96216,1
E,2017,Pisaster ochraceus,0.73533,1
E,2017,Pisaster ochraceus,0.78996,1
E,2017,Pisaster ochraceus,0.78996,1
E,2017,Pisaster ochraceus,0.8993,1
E,2017,Pisaster ochraceus,0.95404,1
E,2017,Pisaster ochraceus,0.7535,1
E,2017,Pisaster ochraceus,0.4892,1
E,2017,Pisaster ochraceus,0.4892,1
E,2017,Pisaster ochraceus,0.4892,1
E,2017,Pisaster ochraceus,0.46494,1
E,2017,Pisaster ochraceus,0.705,1
E,2017,Pisaster ochraceus,0.64684,1
E,2017,Pisaster ochraceus,0.618,1
E,2017,Pisaster ochraceus,0.58934,1
E,2017,Pisaster ochraceus,0.91491,1
E,2017,Pisaster ochraceus,0.98433,1
E,2017,Pisaster ochraceus,0.633,1
E,2017,Pisaster ochraceus,0.85075,2
E,2017,Pisaster ochraceus,0.85075,1
E,2017,Pisaster ochraceus,0.92611,1
E,2017,Pisaster ochraceus,0.71904,1
E,2017,Pisaster ochraceus,0.0265,1
E,2017,Pisaster ochraceus,0.41505,1
E,2017,Pisaster ochraceus,0.15494,1
E,2017,Pisaster ochraceus,-0.3977,1
E,2017,Pisaster ochraceus,-0.3998,1
E,2017,Pisaster ochraceus,-0.4021,1
E,2017,Pisaster ochraceus,0.865,1
E,2017,Pisaster ochraceus,1.02933,1
E,2017,Pisaster ochraceus,1.00059,1
E,2017,Pisaster ochraceus,0.62501,1
E,2017,Pisaster ochraceus,0.94653,1
E,2017,Pisaster ochraceus,0.82323,1
E,2017,Pisaster ochraceus,0.57337,1
E,2017,Pisaster ochraceus,0.76074,1
E,2017,Pisaster ochraceus,0.76074,1
E,2017,Pisaster ochraceus,0.74107,1
E,2017,Pisaster ochraceus,0.85453,1
E,2017,Pisaster ochraceus,0.85453,1
E,2017,Pisaster ochraceus,0.47167,1
E,2017,Pisaster ochraceus,0.69927,2
E,2017,Pisaster ochraceus,0.69927,1
E,2017,Pisaster ochraceus,0.325,1
E,2017,Pisaster ochraceus,0.78771,1
E,2017,Pisaster ochraceus,0.7396,1
E,2017,Pisaster ochraceus,0.68101,1
E,2017,Pisaster ochraceus,0.68101,1
E,2021,Pisaster ochraceus,0.38239,1
E,2021,Pisaster ochraceus,1.20077,1
E,2021,Pisaster ochraceus,0.60323,1
E,2021,Pisaster ochraceus,0.27396,1
E,2021,Pisaster ochraceus,0.27396,1
E,2021,Pisaster ochraceus,0.69562,1
E,2021,Pisaster ochraceus,0.69562,1
E,2021,Pisaster ochraceus,0.66946,3
E,2021,Pisaster ochraceus,0.61703,1
E,2021,Pisaster ochraceus,0.59077,1
E,2021,Pisaster ochraceus,0.59077,1
E,2021,Pisaster ochraceus,0.925,2
E,2021,Pisaster ochraceus,0.9525,1
E,2021,Pisaster ochraceus,1.3078,1
E,2021,Pisaster ochraceus,0.64523,1
E,2021,Pisaster ochraceus,0.38444,1
E,2021,Pisaster ochraceus,0.30689,1
E,2021,Pisaster ochraceus,0.32836,1
E,2021,Pisaster ochraceus,0.37861,1
E,2021,Pisaster ochraceus,0.97734,1
E,2021,Pisaster ochraceus,0.1274,1
E,2021,Pisaster ochraceus,0.91179,1
E,2021,Pisaster ochraceus,0.945,1
E,2021,Pisaster ochraceus,1.205,1
E,2021,Pisaster ochraceus,1.17769,1
E,2021,Pisaster ochraceus,1.22955,1
E,2021,Pisaster ochraceus,0.94422,1
E,2021,Pisaster ochraceus,0.8993,1
E,2021,Pisaster ochraceus,0.95404,1
E,2021,Pisaster ochraceus,0.95404,1
E,2021,Pisaster ochraceus,0.7535,1
E,2021,Pisaster ochraceus,0.4892,1
E,2021,Pisaster ochraceus,0.64684,1
E,2021,Pisaster ochraceus,0.64684,1
E,2021,Pisaster ochraceus,0.51489,1
E,2021,Pisaster ochraceus,0.37209,1
E,2021,Pisaster ochraceus,0.37209,1
E,2021,Pisaster ochraceus,0.77113,1
E,2021,Pisaster ochraceus,0.81145,1
E,2021,Pisaster ochraceus,0.545,1
E,2021,Pisaster ochraceus,0.0265,1
E,2021,Pisaster ochraceus,0.41505,1
E,2021,Pisaster ochraceus,-0.3032,1
E,2021,Pisaster ochraceus,0.54232,1
E,2021,Pisaster ochraceus,0.74896,1
E,2021,Pisaster ochraceus,0.74896,1
E,2021,Pisaster ochraceus,0.74896,1
E,2021,Pisaster ochraceus,0.75922,1
E,2021,Pisaster ochraceus,0.89233,1
E,2021,Pisaster ochraceus,0.89233,1
E,2021,Pisaster ochraceus,0.325,1
E,2021,Pisaster ochraceus,0.68101,1
E,2021,Pisaster ochraceus,0.66955,1
E,2021,Pisaster ochraceus,0.66955,1
E,2021,Pisaster ochraceus,0.25072,1
L,2001,Pisaster ochraceus,0.635192615,1
L,2001,Pisaster ochraceus,0.579999998,1
L,2001,Pisaster ochraceus,1.290000001,1
L,2001,Pisaster ochraceus,-0.3,1
L,2001,Pisaster ochraceus,1.258209889,1
L,2001,Pisaster ochraceus,1.210366178,1
L,2001,Pisaster ochraceus,1.149999999,1
L,2001,Pisaster ochraceus,1.620375767,1
L,2001,Pisaster ochraceus,1.149999999,1
L,2001,Pisaster ochraceus,1.105784116,1
L,2001,Pisaster ochraceus,1.059999999,2
L,2001,Pisaster ochraceus,0.990782685,1
L,2001,Pisaster ochraceus,0.919999998,1
L,2001,Pisaster ochraceus,0.94,1
L,2001,Pisaster ochraceus,0.820000001,1
L,2001,Pisaster ochraceus,0.84558346,1
L,2001,Pisaster ochraceus,1.920092876,1
L,2001,Pisaster ochraceus,-0.020084074,1
L,2001,Pisaster ochraceus,0.024695212,1
L,2001,Pisaster ochraceus,0.069777892,1
L,2001,Pisaster ochraceus,0.302981828,1
L,2001,Pisaster ochraceus,0.351551895,1
L,2001,Pisaster ochraceus,0.400875206,1
L,2001,Pisaster ochraceus,0.45099113,1
L,2001,Pisaster ochraceus,0.630070721,2
L,2001,Pisaster ochraceus,0.530000001,1
L,2001,Pisaster ochraceus,0.390168572,2
L,2001,Pisaster ochraceus,0.25,1
L,2001,Pisaster ochraceus,0.255105346,1
L,2001,Pisaster ochraceus,0.259999999,1
L,2001,Pisaster ochraceus,1.3,1
L,2001,Pisaster ochraceus,0.65,1
L,2001,Pisaster ochraceus,0.640000001,1
L,2001,Pisaster ochraceus,0,3
L,2001,Pisaster ochraceus,-0.199092363,1
L,2001,Pisaster ochraceus,-0.340878029,1
L,2001,Pisaster ochraceus,0.11007673,2
L,2001,Pisaster ochraceus,0.15,1
L,2001,Pisaster ochraceus,0.055004309,2
L,2001,Pisaster ochraceus,-0.040000001,1
L,2001,Pisaster ochraceus,0.059999999,2
L,2001,Pisaster ochraceus,0.494943282,1
L,2001,Pisaster ochraceus,0.279999999,2
L,2001,Pisaster ochraceus,-0.210000003,3
L,2001,Pisaster ochraceus,-0.697148858,1
L,2001,Pisaster ochraceus,-0.430000001,1
L,2001,Pisaster ochraceus,0.240000001,3
L,2001,Pisaster ochraceus,-0.03,2
L,2001,Pisaster ochraceus,0.227031819,1
L,2001,Pisaster ochraceus,-0.329999999,1
L,2001,Pisaster ochraceus,-0.290221499,1
L,2001,Pisaster ochraceus,-0.678256601,1
L,2003,Pisaster ochraceus,1.06,1
L,2003,Pisaster ochraceus,0.84,1
L,2003,Pisaster ochraceus,0.769999998,1
L,2003,Pisaster ochraceus,0.635192615,1
L,2003,Pisaster ochraceus,0.579999998,1
L,2003,Pisaster ochraceus,1.529999998,1
L,2003,Pisaster ochraceus,0.477561473,1
L,2003,Pisaster ochraceus,1.258209889,2
L,2003,Pisaster ochraceus,1.269999999,2
L,2003,Pisaster ochraceus,0.43120976,2
L,2003,Pisaster ochraceus,0.187015306,1
L,2003,Pisaster ochraceus,1.55,1
L,2003,Pisaster ochraceus,1.149999999,1
L,2003,Pisaster ochraceus,1.059999999,4
L,2003,Pisaster ochraceus,0.990782685,1
L,2003,Pisaster ochraceus,0.930747979,2
L,2003,Pisaster ochraceus,0.820000001,2
L,2003,Pisaster ochraceus,0.84558346,1
L,2003,Pisaster ochraceus,0.111534309,1
L,2003,Pisaster ochraceus,1.730000001,3
L,2003,Pisaster ochraceus,-0.019999999,3
L,2003,Pisaster ochraceus,0.069777892,1
L,2003,Pisaster ochraceus,0.115305654,1
L,2003,Pisaster ochraceus,0.16133543,2
L,2003,Pisaster ochraceus,0.207922799,1
L,2003,Pisaster ochraceus,0.606416644,1
L,2003,Pisaster ochraceus,1.26,1
L,2003,Pisaster ochraceus,0.799999999,1
L,2003,Pisaster ochraceus,0.614404512,2
L,2003,Pisaster ochraceus,0.630070721,4
L,2003,Pisaster ochraceus,0.682671907,1
L,2003,Pisaster ochraceus,0.670000001,2
L,2003,Pisaster ochraceus,0.640000002,3
L,2003,Pisaster ochraceus,0.585222105,4
L,2003,Pisaster ochraceus,0.530000001,1
L,2003,Pisaster ochraceus,0.25,1
L,2003,Pisaster ochraceus,0.259999999,1
L,2003,Pisaster ochraceus,0.011842215,1
L,2003,Pisaster ochraceus,1.12,2
L,2003,Pisaster ochraceus,0.65,1
L,2003,Pisaster ochraceus,0.569999999,1
L,2003,Pisaster ochraceus,-0.054090643,1
L,2003,Pisaster ochraceus,0.589999999,1
L,2003,Pisaster ochraceus,0.209999999,3
L,2003,Pisaster ochraceus,-0.040000001,1
L,2003,Pisaster ochraceus,0.059999999,1
L,2003,Pisaster ochraceus,0.645001539,4
L,2003,Pisaster ochraceus,0.430000002,1
L,2003,Pisaster ochraceus,0.039999999,1
L,2003,Pisaster ochraceus,0.279999999,1
L,2003,Pisaster ochraceus,0.089999999,1
L,2003,Pisaster ochraceus,-0.210000003,3
L,2003,Pisaster ochraceus,0.304918001,1
L,2003,Pisaster ochraceus,-0.110000001,1
L,2003,Pisaster ochraceus,-0.400000001,1
L,2003,Pisaster ochraceus,-0.599999999,1
L,2003,Pisaster ochraceus,0.870000001,1
L,2003,Pisaster ochraceus,0.39,1
L,2003,Pisaster ochraceus,0.269702883,1
L,2003,Pisaster ochraceus,0.109999999,2
L,2003,Pisaster ochraceus,-0.564257604,1
L,2004,Pisaster ochraceus,0.441807336,1
L,2004,Pisaster ochraceus,1.194533654,1
L,2004,Pisaster ochraceus,0.187015306,1
L,2004,Pisaster ochraceus,0.620000001,1
L,2004,Pisaster ochraceus,1.149999999,1
L,2004,Pisaster ochraceus,1.105784116,1
L,2004,Pisaster ochraceus,1.059999999,1
L,2004,Pisaster ochraceus,0.990782685,1
L,2004,Pisaster ochraceus,0.919999998,2
L,2004,Pisaster ochraceus,0.930747979,1
L,2004,Pisaster ochraceus,0.94,2
L,2004,Pisaster ochraceus,0.880680233,1
L,2004,Pisaster ochraceus,0.84558346,2
L,2004,Pisaster ochraceus,1.715169565,1
L,2004,Pisaster ochraceus,-0.019999999,2
L,2004,Pisaster ochraceus,0.16133543,2
L,2004,Pisaster ochraceus,0.207922799,2
L,2004,Pisaster ochraceus,0.400875206,1
L,2004,Pisaster ochraceus,0.66,1
L,2004,Pisaster ochraceus,0.614404512,1
L,2004,Pisaster ochraceus,0.630070721,5
L,2004,Pisaster ochraceus,0.670000001,6
L,2004,Pisaster ochraceus,0.655262489,8
L,2004,Pisaster ochraceus,0.640000002,2
L,2004,Pisaster ochraceus,0.585222105,1
L,2004,Pisaster ochraceus,0.530000001,5
L,2004,Pisaster ochraceus,0.390168572,2
L,2004,Pisaster ochraceus,0.25,1
L,2004,Pisaster ochraceus,0.195036713,1
L,2004,Pisaster ochraceus,0.110366809,1
L,2004,Pisaster ochraceus,-0.23,1
L,2004,Pisaster ochraceus,0.65,4
L,2004,Pisaster ochraceus,0.569999999,1
L,2004,Pisaster ochraceus,0.91,2
L,2004,Pisaster ochraceus,-0.040000001,3
L,2004,Pisaster ochraceus,-0.249437318,1
L,2004,Pisaster ochraceus,0.049999998,1
L,2004,Pisaster ochraceus,0.089999999,3
L,2004,Pisaster ochraceus,-0.763821886,4
L,2004,Pisaster ochraceus,-0.430000001,7
L,2004,Pisaster ochraceus,-0.600570038,2
L,2004,Pisaster ochraceus,-0.599999999,4
L,2004,Pisaster ochraceus,0.240000001,2
L,2004,Pisaster ochraceus,0.39,1
L,2004,Pisaster ochraceus,0.109999999,2
L,2004,Pisaster ochraceus,0.227031819,1
L,2004,Pisaster ochraceus,0.082345396,1
L,2017,Pisaster ochraceus,0.477561473,1
L,2017,Pisaster ochraceus,1.258209889,1
L,2017,Pisaster ochraceus,1.269999999,1
L,2017,Pisaster ochraceus,1.210366178,1
L,2017,Pisaster ochraceus,1.210366178,1
L,2017,Pisaster ochraceus,0.636825409,1
L,2017,Pisaster ochraceus,1.105784116,1
L,2017,Pisaster ochraceus,0.990782685,1
L,2017,Pisaster ochraceus,0.990782685,1
L,2017,Pisaster ochraceus,0.919999998,1
L,2017,Pisaster ochraceus,0.880680233,1
L,2017,Pisaster ochraceus,0.880680233,1
L,2017,Pisaster ochraceus,0.820000001,1
L,2017,Pisaster ochraceus,0.84558346,1
L,2017,Pisaster ochraceus,0.870000001,1
L,2017,Pisaster ochraceus,0.74,1
L,2017,Pisaster ochraceus,0.024695212,1
L,2017,Pisaster ochraceus,0.024695212,1
L,2017,Pisaster ochraceus,0.255121312,1
L,2017,Pisaster ochraceus,0.682671907,1
L,2017,Pisaster ochraceus,0.682671907,1
L,2017,Pisaster ochraceus,0.682671907,1
L,2017,Pisaster ochraceus,0.585222105,1
L,2017,Pisaster ochraceus,0.530000001,1
L,2017,Pisaster ochraceus,0.530000001,1
L,2017,Pisaster ochraceus,0.530000001,1
L,2017,Pisaster ochraceus,1.314908778,1
L,2017,Pisaster ochraceus,1.330000001,1
L,2017,Pisaster ochraceus,1.12,1
L,2017,Pisaster ochraceus,1.12,1
L,2017,Pisaster ochraceus,0,1
L,2017,Pisaster ochraceus,0,1
L,2017,Pisaster ochraceus,-0.054090643,1
L,2017,Pisaster ochraceus,-0.126978507,1
L,2017,Pisaster ochraceus,-0.126978507,2
L,2017,Pisaster ochraceus,-0.199092363,1
L,2017,Pisaster ochraceus,-0.199092363,1
L,2017,Pisaster ochraceus,-0.410496536,1
L,2017,Pisaster ochraceus,0.61,1
L,2017,Pisaster ochraceus,0.589999999,1
L,2017,Pisaster ochraceus,0.589999999,1
L,2017,Pisaster ochraceus,0.07,1
L,2017,Pisaster ochraceus,0.11007673,1
L,2017,Pisaster ochraceus,0.11007673,1
L,2017,Pisaster ochraceus,0.11007673,1
L,2017,Pisaster ochraceus,0.15,2
L,2017,Pisaster ochraceus,0.15,1
L,2017,Pisaster ochraceus,0.055004309,1
L,2017,Pisaster ochraceus,1.170000001,1
L,2017,Pisaster ochraceus,0.430000002,1
L,2017,Pisaster ochraceus,0.430000002,1
L,2017,Pisaster ochraceus,0.279999999,1
L,2017,Pisaster ochraceus,0.279999999,1
L,2017,Pisaster ochraceus,0.279999999,1
L,2017,Pisaster ochraceus,0.279999999,1
L,2017,Pisaster ochraceus,0.089999999,1
L,2017,Pisaster ochraceus,0.089999999,1
L,2017,Pisaster ochraceus,0.129999999,1
L,2017,Pisaster ochraceus,-0.763821886,1
L,2017,Pisaster ochraceus,-0.763821886,1
L,2017,Pisaster ochraceus,-0.763821886,1
L,2017,Pisaster ochraceus,-0.73070267,1
L,2017,Pisaster ochraceus,0.870000001,1
L,2017,Pisaster ochraceus,0.480000001,1
L,2017,Pisaster ochraceus,2.145110104,1
L,2017,Pisaster ochraceus,0.314779098,1
L,2017,Pisaster ochraceus,0.314779098,1
L,2017,Pisaster ochraceus,0.314779098,1
L,2017,Pisaster ochraceus,0.314779098,1
L,2017,Pisaster ochraceus,0.39,1
L,2017,Pisaster ochraceus,0.444736243,1
L,2017,Pisaster ochraceus,0.464710293,1
L,2017,Pisaster ochraceus,0.43,1
L,2017,Pisaster ochraceus,0.43,1
L,2017,Pisaster ochraceus,0.43,1
L,2017,Pisaster ochraceus,0.269702883,1
L,2017,Pisaster ochraceus,0.269702883,1
L,2017,Pisaster ochraceus,0.109999999,1
L,2017,Pisaster ochraceus,0.109999999,1
L,2017,Pisaster ochraceus,0.109999999,1
L,2017,Pisaster ochraceus,-0.03,2
L,2017,Pisaster ochraceus,-0.03,1
L,2017,Pisaster ochraceus,0.227031819,1
L,2017,Pisaster ochraceus,0.227031819,1
L,2017,Pisaster ochraceus,-0.249999999,2
L,2021,Pisaster ochraceus,0.441807336,1
L,2021,Pisaster ochraceus,0.477561473,1
L,2021,Pisaster ochraceus,0.84558346,1
L,2021,Pisaster ochraceus,-0.019999999,1
L,2021,Pisaster ochraceus,0.207922799,1
L,2021,Pisaster ochraceus,0.055004309,1
L,2021,Pisaster ochraceus,-0.210000003,1
L,2021,Pisaster ochraceus,0.3,1
L,2021,Pisaster ochraceus,-0.832283089,1
L,2021,Pisaster ochraceus,0.314779098,2
L,2021,Pisaster ochraceus,0.314779098,1
L,2021,Pisaster ochraceus,0.314779098,1
L,2021,Pisaster ochraceus,0.444736243,1
L,2021,Pisaster ochraceus,0.499999999,1
L,2021,Pisaster ochraceus,0.499999999,1
L,2021,Pisaster ochraceus,0.499999999,1
L,2021,Pisaster ochraceus,0.269702883,1
L,2021,Pisaster ochraceus,0.109999999,1
L,2021,Pisaster ochraceus,-0.03,1
L,2021,Pisaster ochraceus,-0.03,1
L,2021,Pisaster ochraceus,-0.03,2
L,2021,Pisaster ochraceus,-0.03,1
L,2021,Pisaster ochraceus,-0.03,1
L,2021,Pisaster ochraceus,0.082345396,1
L,2021,Pisaster ochraceus,-0.450000001,1
F,2010,Pisaster ochraceus,0.197759728,3
F,2010,Pisaster ochraceus,0.454856067,1
F,2010,Pisaster ochraceus,0.263792407,1
F,2010,Pisaster ochraceus,-0.513034207,1
F,2010,Pisaster ochraceus,0.4135004,1
F,2010,Pisaster ochraceus,0.578899487,1
F,2010,Pisaster ochraceus,0.467162645,1
F,2010,Pisaster ochraceus,0.485062844,1
F,2014,Pisaster ochraceus,-0.169999999,1
F,2014,Pisaster ochraceus,0.350162532,1
F,2014,Pisaster ochraceus,0.499076204,1
F,2014,Pisaster ochraceus,0.499076204,1
F,2014,Pisaster ochraceus,0.268335631,1
F,2014,Pisaster ochraceus,0.420323113,1
F,2014,Pisaster ochraceus,0.404810059,1
F,2014,Pisaster ochraceus,0.189636413,1
F,2014,Pisaster ochraceus,0.189636413,1
F,2014,Pisaster ochraceus,0.130041651,1
F,2014,Pisaster ochraceus,0.290147716,1
F,2014,Pisaster ochraceus,0.199652352,1
F,2014,Pisaster ochraceus,0.199652352,1
F,2014,Pisaster ochraceus,0.179575637,1
F,2014,Pisaster ochraceus,0.084917549,1
F,2014,Pisaster ochraceus,0.696850612,1
F,2014,Pisaster ochraceus,0.534303276,1
F,2014,Pisaster ochraceus,0.149724093,1
F,2014,Pisaster ochraceus,0.52023564,1
F,2014,Pisaster ochraceus,1.124999997,1
F,2014,Pisaster ochraceus,0.637562074,1
F,2014,Pisaster ochraceus,0.133459506,1
F,2014,Pisaster ochraceus,0.089478886999999993,2
F,2014,Pisaster ochraceus,0.037067724,1
F,2014,Pisaster ochraceus,0.041197546,1
F,2014,Pisaster ochraceus,0.586714843,1
F,2020,Pisaster ochraceus,0.452966206,1
F,2020,Pisaster ochraceus,0.064714483,1
F,2020,Pisaster ochraceus,0.064714483,1
F,2020,Pisaster ochraceus,0.19308313,1
F,2020,Pisaster ochraceus,0.391068607,1
F,2020,Pisaster ochraceus,-0.037768291,1
F,2020,Pisaster ochraceus,0.355631804,1
F,2020,Pisaster ochraceus,0.448485419,1
F,2020,Pisaster ochraceus,0.514023557,1
F,2020,Pisaster ochraceus,0.430000001,1
F,2020,Pisaster ochraceus,0.48446992,1
F,2020,Pisaster ochraceus,0.323307426,1
F,2020,Pisaster ochraceus,0.748437616,1
F,2020,Pisaster ochraceus,0.58888623,2
F,2020,Pisaster ochraceus,0.58888623,2
F,2020,Pisaster ochraceus,0.696076233,1
F,2020,Pisaster ochraceus,0.077168233,1
F,2020,Pisaster ochraceus,0.219095762,1
F,2020,Pisaster ochraceus,0.031329512,1
F,2020,Pisaster ochraceus,0.697116728,1
F,2020,Pisaster ochraceus,0.27776229,1
F,2020,Pisaster ochraceus,0.313784613,1
F,2020,Pisaster ochraceus,0.512501096,1
F,2020,Pisaster ochraceus,0.509089722,1
F,2020,Pisaster ochraceus,0.44,1
F,2020,Pisaster ochraceus,0.333043206,1
F,2020,Pisaster ochraceus,0.540000001,1
F,2020,Pisaster ochraceus,0.32,1
F,2020,Pisaster ochraceus,0.295359334,1
F,2020,Pisaster ochraceus,0.178288582,1
F,2020,Pisaster ochraceus,0.084917549,1
F,2020,Pisaster ochraceus,0.001046619,1
F,2020,Pisaster ochraceus,0.219448102,1
F,2020,Pisaster ochraceus,0.219448102,1
F,2020,Pisaster ochraceus,0.391640686,1
F,2020,Pisaster ochraceus,0.335000001,1
F,2020,Pisaster ochraceus,0.335000001,1
F,2020,Pisaster ochraceus,0.534943206,1
F,2020,Pisaster ochraceus,0.214999999,1
F,2020,Pisaster ochraceus,0.47625143,1
F,2020,Pisaster ochraceus,0.680000001,1
F,2020,Pisaster ochraceus,0.066448115,1
F,2020,Pisaster ochraceus,0.066448115,1
F,2020,Pisaster ochraceus,0.149724093,1
F,2020,Pisaster ochraceus,0.251431445,1
F,2020,Pisaster ochraceus,-0.83791019,1
F,2020,Pisaster ochraceus,0.411029061,1
F,2020,Pisaster ochraceus,0.45508532,1
F,2020,Pisaster ochraceus,0.755,1
F,2020,Pisaster ochraceus,0.755,1
F,2020,Pisaster ochraceus,0.669648825,1
F,2020,Pisaster ochraceus,0.669648825,1
F,2020,Pisaster ochraceus,0.234336249,1
F,2020,Pisaster ochraceus,0.316000639,1
F,2020,Pisaster ochraceus,0.412515071,1
F,2020,Pisaster ochraceus,0.485062844,1
F,2020,Pisaster ochraceus,-0.519928688,1
F,2020,Pisaster ochraceus,0.487280022,1
F,2020,Pisaster ochraceus,0.349484892,1
F,2020,Pisaster ochraceus,0.841055645,1
F,2020,Pisaster ochraceus,0.20731685,1
F,2020,Pisaster ochraceus,0.46787553,1
F,2020,Pisaster ochraceus,0.426968893,1
F,2020,Pisaster ochraceus,0.405034611,1
F,2020,Pisaster ochraceus,0.457341486,1
F,2020,Pisaster ochraceus,0.509440124,1
F,2020,Pisaster ochraceus,0.509440124,1
F,2020,Pisaster ochraceus,0.740133685,1
F,2020,Pisaster ochraceus,0.740133685,1
F,2020,Pisaster ochraceus,0.690848234,1
F,2020,Pisaster ochraceus,0.665488314,1
H,2001,Pisaster ochraceus,0.30598,1
H,2001,Pisaster ochraceus,0.40205,1
H,2001,Pisaster ochraceus,0.87581,1
H,2001,Pisaster ochraceus,0.80494,1
H,2001,Pisaster ochraceus,0.73422,1
H,2001,Pisaster ochraceus,0.53288,4
H,2001,Pisaster ochraceus,0.29873,1
H,2001,Pisaster ochraceus,1.36,1
H,2001,Pisaster ochraceus,1.36061,1
H,2001,Pisaster ochraceus,1.36,1
H,2001,Pisaster ochraceus,0.67464,46
H,2001,Pisaster ochraceus,-0.99,1
H,2001,Pisaster ochraceus,0.30708,1
H,2001,Pisaster ochraceus,0.34548,2
H,2001,Pisaster ochraceus,-0.22,1
H,2001,Pisaster ochraceus,-0.22,1
H,2001,Pisaster ochraceus,0.78,2
H,2001,Pisaster ochraceus,1.08919,5
H,2001,Pisaster ochraceus,-0.3233,9
H,2001,Pisaster ochraceus,0.4613,1
H,2001,Pisaster ochraceus,0.07707,1
H,2001,Pisaster ochraceus,0.51866,1
H,2001,Pisaster ochraceus,0.62478,1
H,2001,Pisaster ochraceus,0.61,2
H,2001,Pisaster ochraceus,0.47611,2
H,2001,Pisaster ochraceus,0.38462,3
H,2001,Pisaster ochraceus,0.15287,1
H,2001,Pisaster ochraceus,0.37175,2
H,2001,Pisaster ochraceus,0.59,4
H,2001,Pisaster ochraceus,0.83,1
H,2001,Pisaster ochraceus,1.04422,3
H,2001,Pisaster ochraceus,0.91,8
H,2001,Pisaster ochraceus,-0.798,1
H,2001,Pisaster ochraceus,-0.8441,1
H,2001,Pisaster ochraceus,0.35338,1
H,2001,Pisaster ochraceus,0.63906,1
H,2001,Pisaster ochraceus,0.57268,1
H,2001,Pisaster ochraceus,0.44,1
H,2001,Pisaster ochraceus,0.1075,1
H,2001,Pisaster ochraceus,0.22641,1
H,2001,Pisaster ochraceus,0.34586,1
H,2001,Pisaster ochraceus,-0.4537,2
H,2001,Pisaster ochraceus,-0.5346,1
H,2001,Pisaster ochraceus,-0.6147,1
H,2001,Pisaster ochraceus,-0.6977,3
H,2001,Pisaster ochraceus,-0.78,1
H,2001,Pisaster ochraceus,1.21018,4
H,2001,Pisaster ochraceus,1.19207,2
H,2001,Pisaster ochraceus,0.85249,4
H,2001,Pisaster ochraceus,0.51226,5
H,2001,Pisaster ochraceus,-0.6522,1
H,2001,Pisaster ochraceus,-0.74,1
H,2001,Pisaster ochraceus,0.34,1
H,2001,Pisaster ochraceus,0.48,7
H,2001,Pisaster ochraceus,0.4899,11
H,2001,Pisaster ochraceus,0.5,5
H,2001,Pisaster ochraceus,0.88123,9
H,2001,Pisaster ochraceus,0.55001,2
H,2001,Pisaster ochraceus,-0.29,2
H,2001,Pisaster ochraceus,0.02,1
H,2001,Pisaster ochraceus,0.38,1
H,2001,Pisaster ochraceus,0.57485,1
H,2001,Pisaster ochraceus,0.31572,1
H,2001,Pisaster ochraceus,0.47393,2
H,2001,Pisaster ochraceus,0.63708,6
H,2001,Pisaster ochraceus,0.54727,3
H,2001,Pisaster ochraceus,0.16703,2
H,2001,Pisaster ochraceus,-0.09,1
H,2001,Pisaster ochraceus,-0.0567,2
H,2001,Pisaster ochraceus,0.76172,4
H,2001,Pisaster ochraceus,0.27077,2
H,2001,Pisaster ochraceus,-0.38,1
H,2001,Pisaster ochraceus,-0.4111,2
H,2001,Pisaster ochraceus,-0.1766,1
H,2001,Pisaster ochraceus,0.27016,3
H,2001,Pisaster ochraceus,-0.0295,1
H,2001,Pisaster ochraceus,-0.58,1
H,2001,Pisaster ochraceus,-0.0206,2
H,2001,Pisaster ochraceus,-0.13,1
H,2001,Pisaster ochraceus,0.84512,1
H,2001,Pisaster ochraceus,0.63044,3
H,2001,Pisaster ochraceus,0.68,1
H,2001,Pisaster ochraceus,0.3,1
H,2001,Pisaster ochraceus,0.80674,2
H,2001,Pisaster ochraceus,0.86405,1
H,2001,Pisaster ochraceus,0.57005,3
H,2001,Pisaster ochraceus,0.22009,2
H,2001,Pisaster ochraceus,-0.095,1
H,2001,Pisaster ochraceus,0.34808,3
H,2001,Pisaster ochraceus,0.58566,3
H,2001,Pisaster ochraceus,0.82331,3
H,2001,Pisaster ochraceus,0.79041,2
H,2001,Pisaster ochraceus,0.52,3
H,2001,Pisaster ochraceus,0.08049,2
H,2001,Pisaster ochraceus,0.0700228,1
H,2001,Pisaster ochraceus,0.74,3
H,2001,Pisaster ochraceus,0.8594,2
H,2001,Pisaster ochraceus,0.5657,2
H,2001,Pisaster ochraceus,-0.71,5
H,2001,Pisaster ochraceus,0.40166,1
H,2001,Pisaster ochraceus,0.66017,4
H,2001,Pisaster ochraceus,0.79012,2
H,2001,Pisaster ochraceus,0.92,9
H,2001,Pisaster ochraceus,0.91998,6
H,2001,Pisaster ochraceus,0.16668,1
H,2001,Pisaster ochraceus,0.65006,4
H,2001,Pisaster ochraceus,-0.0312,4
H,2001,Pisaster ochraceus,-0.8872,8
H,2001,Pisaster ochraceus,-0.895,2
H,2001,Pisaster ochraceus,-0.76,2
H,2001,Pisaster ochraceus,-0.7349,1
H,2001,Pisaster ochraceus,0.55258,4
H,2001,Pisaster ochraceus,0.69853,13
H,2001,Pisaster ochraceus,0.8446,9
H,2001,Pisaster ochraceus,0.99,8
H,2001,Pisaster ochraceus,0.64709,6
H,2001,Pisaster ochraceus,-0.04,4
H,2001,Pisaster ochraceus,0.45,1
H,2001,Pisaster ochraceus,0.32959,1
H,2001,Pisaster ochraceus,0.40991,1
H,2001,Pisaster ochraceus,0.67,1
H,2001,Pisaster ochraceus,0.83969,2
H,2001,Pisaster ochraceus,1.01,1
H,2001,Pisaster ochraceus,0.89146,1
H,2001,Pisaster ochraceus,0.77368,1
H,2001,Pisaster ochraceus,1.39145,1
H,2001,Pisaster ochraceus,1.27292,1
H,2001,Pisaster ochraceus,0.77,6
H,2001,Pisaster ochraceus,-0.0525,5
H,2001,Pisaster ochraceus,0.20235,3
H,2001,Pisaster ochraceus,0.285,1
H,2001,Pisaster ochraceus,-0.92,4
H,2001,Pisaster ochraceus,-0.8078,3
H,2001,Pisaster ochraceus,-0.6475,2
H,2001,Pisaster ochraceus,-0.4146,4
H,2001,Pisaster ochraceus,-0.1824,5
H,2001,Pisaster ochraceus,0.0522,6
H,2001,Pisaster ochraceus,0.28575,2
H,2001,Pisaster ochraceus,0.51941,8
H,2001,Pisaster ochraceus,-0.42,1
H,2001,Pisaster ochraceus,0.0603,1
H,2001,Pisaster ochraceus,0.28,1
H,2001,Pisaster ochraceus,0.01,4
H,2001,Pisaster ochraceus,0.49912,1
H,2001,Pisaster ochraceus,0.8957,7
H,2001,Pisaster ochraceus,0.49146,2
H,2001,Pisaster ochraceus,0.17,1
H,2001,Pisaster ochraceus,-1.0363,1
H,2001,Pisaster ochraceus,0.0041,1
H,2005,Pisaster ochraceus,0.64227,1
H,2005,Pisaster ochraceus,-0.32,2
H,2005,Pisaster ochraceus,1.36045,2
H,2005,Pisaster ochraceus,1.01752,1
H,2005,Pisaster ochraceus,0.28004,4
H,2005,Pisaster ochraceus,-0.73,1
H,2005,Pisaster ochraceus,-0.1582,3
H,2005,Pisaster ochraceus,0.44477,1
H,2005,Pisaster ochraceus,-0.3322,2
H,2005,Pisaster ochraceus,-0.3233,1
H,2005,Pisaster ochraceus,-0.5584,1
H,2005,Pisaster ochraceus,0.07707,1
H,2005,Pisaster ochraceus,-0.0662,2
H,2005,Pisaster ochraceus,0.59,9
H,2005,Pisaster ochraceus,0.83,8
H,2005,Pisaster ochraceus,0.1701,1
H,2005,Pisaster ochraceus,1.29159,1
H,2005,Pisaster ochraceus,0.44,1
H,2005,Pisaster ochraceus,0.0155,1
H,2005,Pisaster ochraceus,-0.3736,2
H,2005,Pisaster ochraceus,-0.6147,4
H,2005,Pisaster ochraceus,-0.78,1
H,2005,Pisaster ochraceus,1.21018,1
H,2005,Pisaster ochraceus,0.85249,2
H,2005,Pisaster ochraceus,0.41669,1
H,2005,Pisaster ochraceus,-0.22,1
H,2005,Pisaster ochraceus,-0.4136,9
H,2005,Pisaster ochraceus,-0.5648,5
H,2005,Pisaster ochraceus,-0.74,7
H,2005,Pisaster ochraceus,-0.7733,2
H,2005,Pisaster ochraceus,0.34,5
H,2005,Pisaster ochraceus,0.4899,4
H,2005,Pisaster ochraceus,0.5,5
H,2005,Pisaster ochraceus,0.55001,1
H,2005,Pisaster ochraceus,-0.29,4
H,2005,Pisaster ochraceus,0.0498,1
H,2005,Pisaster ochraceus,0.12491,1
H,2005,Pisaster ochraceus,1.00003,1
H,2005,Pisaster ochraceus,0.37405,1
H,2005,Pisaster ochraceus,0.39371,2
H,2005,Pisaster ochraceus,0.47393,12
H,2005,Pisaster ochraceus,0.90458,1
H,2005,Pisaster ochraceus,1.01,5
H,2005,Pisaster ochraceus,0.16703,1
H,2005,Pisaster ochraceus,-0.0567,5
H,2005,Pisaster ochraceus,-0.38,2
H,2005,Pisaster ochraceus,0.27016,2
H,2005,Pisaster ochraceus,-0.0295,2
H,2005,Pisaster ochraceus,-0.4539,1
H,2005,Pisaster ochraceus,-0.0805,2
H,2005,Pisaster ochraceus,0.63044,2
H,2005,Pisaster ochraceus,0.68,2
H,2005,Pisaster ochraceus,0.7,1
H,2005,Pisaster ochraceus,0.22009,4
H,2005,Pisaster ochraceus,-0.6624,2
H,2005,Pisaster ochraceus,-0.69,1
H,2005,Pisaster ochraceus,-0.3624,1
H,2005,Pisaster ochraceus,-0.095,1
H,2005,Pisaster ochraceus,1.06,1
H,2005,Pisaster ochraceus,0.79041,1
H,2005,Pisaster ochraceus,0.08049,2
H,2005,Pisaster ochraceus,-0.3596,1
H,2005,Pisaster ochraceus,-0.1711,1
H,2005,Pisaster ochraceus,0.83404,1
H,2005,Pisaster ochraceus,0.96,3
H,2005,Pisaster ochraceus,0.63,1
H,2005,Pisaster ochraceus,-0.71,4
H,2005,Pisaster ochraceus,0.14205,1
H,2005,Pisaster ochraceus,0.66017,1
H,2005,Pisaster ochraceus,0.92,1
H,2005,Pisaster ochraceus,0.21002,1
H,2005,Pisaster ochraceus,0.16668,1
H,2005,Pisaster ochraceus,-0.0312,2
H,2005,Pisaster ochraceus,-0.7349,1
H,2005,Pisaster ochraceus,0.64709,2
H,2005,Pisaster ochraceus,-0.1583,1
H,2005,Pisaster ochraceus,-1.1521,2
H,2005,Pisaster ochraceus,-1.4512,1
H,2005,Pisaster ochraceus,0.75762,1
H,2005,Pisaster ochraceus,1.04605,1
H,2005,Pisaster ochraceus,0.0075,1
H,2005,Pisaster ochraceus,-0.0806,3
H,2005,Pisaster ochraceus,1.34523,2
H,2005,Pisaster ochraceus,-0.0525,3
H,2005,Pisaster ochraceus,-0.2413,1
H,2005,Pisaster ochraceus,0.20235,1
H,2005,Pisaster ochraceus,-0.92,1
H,2005,Pisaster ochraceus,-0.8078,4
H,2005,Pisaster ochraceus,0.28575,1
H,2005,Pisaster ochraceus,0.47065,2
H,2005,Pisaster ochraceus,-0.6146,1
H,2005,Pisaster ochraceus,-0.54,2
H,2005,Pisaster ochraceus,0.0488,1
H,2005,Pisaster ochraceus,-0.06,1
H,2005,Pisaster ochraceus,0.19,1
H,2005,Pisaster ochraceus,0.0603,4
H,2005,Pisaster ochraceus,0.38018,4
H,2005,Pisaster ochraceus,0.92367,12
H,2005,Pisaster ochraceus,0.49146,1
H,2005,Pisaster ochraceus,-1.0363,2
H,2005,Pisaster ochraceus,-0.6926,2
H,2005,Pisaster ochraceus,-0.0859,2
H,2005,Pisaster ochraceus,0.0041,3
H,2005,Pisaster ochraceus,-0.43,2
H,2005,Pisaster ochraceus,-0.7653,1
H,2005,Pisaster ochraceus,-0.7751,2
H,2010,Pisaster ochraceus,0.54598,1
H,2010,Pisaster ochraceus,0.01,3
H,2010,Pisaster ochraceus,0.22425,2
H,2010,Pisaster ochraceus,-0.01,7
H,2010,Pisaster ochraceus,-0.1705,7
H,2010,Pisaster ochraceus,-0.4057,1
H,2010,Pisaster ochraceus,1.36061,3
H,2010,Pisaster ochraceus,1.01752,1
H,2010,Pisaster ochraceus,0.67464,1
H,2010,Pisaster ochraceus,-0.99,5
H,2010,Pisaster ochraceus,0.7967,1
H,2010,Pisaster ochraceus,0.0543,2
H,2010,Pisaster ochraceus,-0.0662,1
H,2010,Pisaster ochraceus,0.15287,1
H,2010,Pisaster ochraceus,0.37175,18
H,2010,Pisaster ochraceus,0.91,4
H,2010,Pisaster ochraceus,0.73,1
H,2010,Pisaster ochraceus,0.94,1
H,2010,Pisaster ochraceus,0.33934,1
H,2010,Pisaster ochraceus,0.27515,2
H,2010,Pisaster ochraceus,-0.5648,1
H,2010,Pisaster ochraceus,-0.6522,4
H,2010,Pisaster ochraceus,-0.7566,6
H,2010,Pisaster ochraceus,-0.7733,3
H,2010,Pisaster ochraceus,0.34,2
H,2010,Pisaster ochraceus,0.4899,1
H,2010,Pisaster ochraceus,0.55001,6
H,2010,Pisaster ochraceus,-0.29,2
H,2010,Pisaster ochraceus,0.27596,2
H,2010,Pisaster ochraceus,0.26196,3
H,2010,Pisaster ochraceus,0.34972,2
H,2010,Pisaster ochraceus,0.4556,1
H,2010,Pisaster ochraceus,0.27788,1
H,2010,Pisaster ochraceus,0.16668,1
H,2010,Pisaster ochraceus,0.65006,1
H,2010,Pisaster ochraceus,-0.8872,1
H,2010,Pisaster ochraceus,0.26,3
H,2010,Pisaster ochraceus,0.64709,1
H,2010,Pisaster ochraceus,-0.1583,1
H,2010,Pisaster ochraceus,-0.6349,4
H,2010,Pisaster ochraceus,-1.34,2
H,2010,Pisaster ochraceus,-1.4136,1
H,2010,Pisaster ochraceus,-0.06,5
H,2010,Pisaster ochraceus,-0.42,1
H,2010,Pisaster ochraceus,0.0603,4
H,2010,Pisaster ochraceus,-0.07,5
H,2010,Pisaster ochraceus,0.28,2
H,2010,Pisaster ochraceus,-0.8641,1
H,2010,Pisaster ochraceus,0.0041,1
H,2010,Pisaster ochraceus,-0.6349,1
H,2010,Pisaster ochraceus,-0.749,1
H,2010,Pisaster ochraceus,-0.7547,1
H,2010,Pisaster ochraceus,-0.7809,1
H,2018,Pisaster ochraceus,0.0643,1
H,2018,Pisaster ochraceus,0.0643,1
H,2018,Pisaster ochraceus,-0.32,1
H,2018,Pisaster ochraceus,-0.32,1
H,2018,Pisaster ochraceus,0.28004,1
H,2018,Pisaster ochraceus,0.59342,1
H,2018,Pisaster ochraceus,0.59342,1
H,2018,Pisaster ochraceus,-0.5584,1
H,2018,Pisaster ochraceus,0.51448,1
H,2018,Pisaster ochraceus,0.51448,3
H,2018,Pisaster ochraceus,0.51448,2
H,2018,Pisaster ochraceus,0.51448,1
H,2018,Pisaster ochraceus,0.51448,1
H,2018,Pisaster ochraceus,0.51448,2
H,2018,Pisaster ochraceus,0.51448,2
H,2018,Pisaster ochraceus,0.51448,2
H,2018,Pisaster ochraceus,0.51448,2
H,2018,Pisaster ochraceus,0.51448,1
H,2018,Pisaster ochraceus,0.51448,1
H,2018,Pisaster ochraceus,-0.0662,1
H,2018,Pisaster ochraceus,-0.0662,1
H,2018,Pisaster ochraceus,-0.0662,1
H,2018,Pisaster ochraceus,-0.0662,1
H,2018,Pisaster ochraceus,-0.0662,1
H,2018,Pisaster ochraceus,-0.0662,1
H,2018,Pisaster ochraceus,-0.0662,1
H,2018,Pisaster ochraceus,0.15287,1
H,2018,Pisaster ochraceus,0.15287,1
H,2018,Pisaster ochraceus,0.37175,1
H,2018,Pisaster ochraceus,0.37175,1
H,2018,Pisaster ochraceus,0.37175,1
H,2018,Pisaster ochraceus,0.83,1
H,2018,Pisaster ochraceus,0.1701,1
H,2018,Pisaster ochraceus,0.1701,2
H,2018,Pisaster ochraceus,-0.798,1
H,2018,Pisaster ochraceus,-0.798,2
H,2018,Pisaster ochraceus,-0.6384,1
H,2018,Pisaster ochraceus,-0.48,1
H,2018,Pisaster ochraceus,-0.48,1
H,2018,Pisaster ochraceus,-0.48,2
H,2018,Pisaster ochraceus,0.1075,1
H,2018,Pisaster ochraceus,0.1075,1
H,2018,Pisaster ochraceus,0.22641,1
H,2018,Pisaster ochraceus,0.0155,1
H,2018,Pisaster ochraceus,0.0155,1
H,2018,Pisaster ochraceus,-0.4537,2
H,2018,Pisaster ochraceus,-0.4537,3
H,2018,Pisaster ochraceus,-0.4537,1
H,2018,Pisaster ochraceus,-0.4537,2
H,2018,Pisaster ochraceus,-0.4537,1
H,2018,Pisaster ochraceus,-0.5346,2
H,2018,Pisaster ochraceus,-0.5346,1
H,2018,Pisaster ochraceus,-0.5346,1
H,2018,Pisaster ochraceus,-0.5346,1
H,2018,Pisaster ochraceus,-0.6147,1
H,2018,Pisaster ochraceus,-0.6147,1
H,2018,Pisaster ochraceus,-0.6147,2
H,2018,Pisaster ochraceus,-0.6147,2
H,2018,Pisaster ochraceus,-0.6147,2
H,2018,Pisaster ochraceus,-0.6147,1
H,2018,Pisaster ochraceus,-0.6977,1
H,2018,Pisaster ochraceus,-0.6977,1
H,2018,Pisaster ochraceus,-0.6977,1
H,2018,Pisaster ochraceus,-0.78,2
H,2018,Pisaster ochraceus,-0.78,1
H,2018,Pisaster ochraceus,-0.78,2
H,2018,Pisaster ochraceus,-0.78,1
H,2018,Pisaster ochraceus,-0.78,1
H,2018,Pisaster ochraceus,-0.1715,1
H,2018,Pisaster ochraceus,-1.04,1
H,2018,Pisaster ochraceus,0.43761,1
H,2018,Pisaster ochraceus,-0.52,1
H,2018,Pisaster ochraceus,-0.5648,1
H,2018,Pisaster ochraceus,-0.5648,1
H,2018,Pisaster ochraceus,-0.5648,1
H,2018,Pisaster ochraceus,-0.74,1
H,2018,Pisaster ochraceus,-0.74,1
H,2018,Pisaster ochraceus,-0.74,1
H,2018,Pisaster ochraceus,-0.7733,1
H,2018,Pisaster ochraceus,-0.7733,1
H,2018,Pisaster ochraceus,-0.44,1
H,2018,Pisaster ochraceus,-0.44,1
H,2018,Pisaster ochraceus,-0.44,1
H,2018,Pisaster ochraceus,0.12,1
H,2018,Pisaster ochraceus,0.34,1
H,2018,Pisaster ochraceus,0.34,1
H,2018,Pisaster ochraceus,0.48,1
H,2018,Pisaster ochraceus,0.48,1
H,2018,Pisaster ochraceus,0.48,1
H,2018,Pisaster ochraceus,0.5,1
H,2018,Pisaster ochraceus,0.88123,1
H,2018,Pisaster ochraceus,0.88123,1
H,2018,Pisaster ochraceus,0.55001,1
H,2018,Pisaster ochraceus,0.55001,1
H,2018,Pisaster ochraceus,0.55001,1
H,2018,Pisaster ochraceus,0.55001,1
H,2018,Pisaster ochraceus,0.55001,1
H,2018,Pisaster ochraceus,0.55001,1
H,2018,Pisaster ochraceus,-0.29,3
H,2018,Pisaster ochraceus,-0.29,1
H,2018,Pisaster ochraceus,-0.29,1
H,2018,Pisaster ochraceus,0.0498,1
H,2018,Pisaster ochraceus,0.0498,1
H,2018,Pisaster ochraceus,0.0498,1
H,2018,Pisaster ochraceus,0.12491,1
H,2018,Pisaster ochraceus,0.12491,1
H,2018,Pisaster ochraceus,0.28,1
H,2018,Pisaster ochraceus,0.28,1
H,2018,Pisaster ochraceus,-0.15,1
H,2018,Pisaster ochraceus,0.23983,1
H,2018,Pisaster ochraceus,0.39371,1
H,2018,Pisaster ochraceus,0.5523,1
H,2018,Pisaster ochraceus,0.16703,1
H,2018,Pisaster ochraceus,-0.09,1
H,2018,Pisaster ochraceus,-0.09,3
H,2018,Pisaster ochraceus,-0.09,2
H,2018,Pisaster ochraceus,-0.09,1
H,2018,Pisaster ochraceus,-0.0567,1
H,2018,Pisaster ochraceus,-0.0567,1
H,2018,Pisaster ochraceus,-0.0567,1
H,2018,Pisaster ochraceus,-0.0567,1
H,2018,Pisaster ochraceus,0.76172,2
H,2018,Pisaster ochraceus,-0.22,1
H,2018,Pisaster ochraceus,-0.22,1
H,2018,Pisaster ochraceus,-0.38,3
H,2018,Pisaster ochraceus,-0.38,2
H,2018,Pisaster ochraceus,-0.38,1
H,2018,Pisaster ochraceus,-0.38,1
H,2018,Pisaster ochraceus,-0.4111,1
H,2018,Pisaster ochraceus,-0.4111,1
H,2018,Pisaster ochraceus,-0.4111,1
H,2018,Pisaster ochraceus,-0.4111,1
H,2018,Pisaster ochraceus,-0.4111,1
H,2018,Pisaster ochraceus,-0.1766,1
H,2018,Pisaster ochraceus,-0.1766,1
H,2018,Pisaster ochraceus,-0.1766,1
H,2018,Pisaster ochraceus,-0.0295,1
H,2018,Pisaster ochraceus,-0.0295,1
H,2018,Pisaster ochraceus,-0.0295,1
H,2018,Pisaster ochraceus,-0.0295,1
H,2018,Pisaster ochraceus,-0.58,1
H,2018,Pisaster ochraceus,-0.58,1
H,2018,Pisaster ochraceus,-0.7655,1
H,2018,Pisaster ochraceus,-0.44,1
H,2018,Pisaster ochraceus,-0.4539,1
H,2018,Pisaster ochraceus,-0.1055,1
H,2018,Pisaster ochraceus,-0.1055,1
H,2018,Pisaster ochraceus,-0.13,1
H,2018,Pisaster ochraceus,-0.13,1
H,2018,Pisaster ochraceus,0.68,2
H,2018,Pisaster ochraceus,0.3,1
H,2018,Pisaster ochraceus,0.7,1
H,2018,Pisaster ochraceus,0.80674,1
H,2018,Pisaster ochraceus,0.22009,1
H,2018,Pisaster ochraceus,0.22009,1
H,2018,Pisaster ochraceus,0.22009,1
H,2018,Pisaster ochraceus,-0.0335,1
H,2018,Pisaster ochraceus,-0.24,1
H,2018,Pisaster ochraceus,-0.24,1
H,2018,Pisaster ochraceus,-0.5849,1
H,2018,Pisaster ochraceus,-0.3624,1
H,2018,Pisaster ochraceus,-0.3624,1
H,2018,Pisaster ochraceus,-0.3624,1
H,2018,Pisaster ochraceus,-0.095,1
H,2018,Pisaster ochraceus,0.11,1
H,2018,Pisaster ochraceus,0.11,1
H,2018,Pisaster ochraceus,0.11,1
H,2018,Pisaster ochraceus,0.11,2
H,2018,Pisaster ochraceus,0.11,2
H,2018,Pisaster ochraceus,0.11,1
H,2018,Pisaster ochraceus,0.52,1
H,2018,Pisaster ochraceus,0.23621,1
H,2018,Pisaster ochraceus,-0.71,1
H,2018,Pisaster ochraceus,-0.71,2
H,2018,Pisaster ochraceus,0.0111,1
H,2018,Pisaster ochraceus,0.0111,1
H,2018,Pisaster ochraceus,0.14205,1
H,2018,Pisaster ochraceus,0.14205,1
H,2018,Pisaster ochraceus,0.27192,1
H,2018,Pisaster ochraceus,0.40166,1
H,2018,Pisaster ochraceus,0.79012,1
H,2018,Pisaster ochraceus,0.12291,1
H,2018,Pisaster ochraceus,-0.76,1
H,2018,Pisaster ochraceus,-0.76,2
H,2018,Pisaster ochraceus,-0.76,1
H,2018,Pisaster ochraceus,0.40662,1
H,2018,Pisaster ochraceus,0.55258,1
H,2018,Pisaster ochraceus,0.8446,1
H,2018,Pisaster ochraceus,0.8446,1
H,2018,Pisaster ochraceus,0.8446,1
H,2018,Pisaster ochraceus,0.30368,1
H,2018,Pisaster ochraceus,-0.04,1
H,2018,Pisaster ochraceus,-0.04,1
H,2018,Pisaster ochraceus,-0.6349,1
H,2018,Pisaster ochraceus,-0.6349,1
H,2018,Pisaster ochraceus,-0.6349,1
H,2018,Pisaster ochraceus,-0.6349,1
H,2018,Pisaster ochraceus,-1.1521,3
H,2018,Pisaster ochraceus,-1.1521,2
H,2018,Pisaster ochraceus,-1.1521,1
H,2018,Pisaster ochraceus,-1.1521,1
H,2018,Pisaster ochraceus,-1.1521,1
H,2018,Pisaster ochraceus,-1.1521,1
H,2018,Pisaster ochraceus,-1.1521,1
H,2018,Pisaster ochraceus,-1.4512,2
H,2018,Pisaster ochraceus,-0.0525,1
H,2018,Pisaster ochraceus,-0.0525,1
H,2018,Pisaster ochraceus,-0.0525,1
H,2018,Pisaster ochraceus,-0.2413,1
H,2018,Pisaster ochraceus,-0.92,2
H,2018,Pisaster ochraceus,-0.92,2
H,2018,Pisaster ochraceus,-0.92,3
H,2018,Pisaster ochraceus,-0.92,1
H,2018,Pisaster ochraceus,-0.6475,1
H,2018,Pisaster ochraceus,-0.1824,1
H,2018,Pisaster ochraceus,-0.1824,1
H,2018,Pisaster ochraceus,0.0522,1
H,2018,Pisaster ochraceus,0.0522,1
H,2018,Pisaster ochraceus,0.0522,1
H,2018,Pisaster ochraceus,0.0522,2
H,2018,Pisaster ochraceus,0.0522,3
H,2018,Pisaster ochraceus,0.28575,1
H,2018,Pisaster ochraceus,0.28575,2
H,2018,Pisaster ochraceus,0.51941,1
H,2018,Pisaster ochraceus,-0.5171,1
H,2018,Pisaster ochraceus,-0.5171,1
H,2018,Pisaster ochraceus,-0.42,1
H,2018,Pisaster ochraceus,-0.42,1
H,2018,Pisaster ochraceus,0.13018,2
H,2018,Pisaster ochraceus,0.0603,2
H,2018,Pisaster ochraceus,0.0603,1
H,2018,Pisaster ochraceus,0.0603,1
H,2018,Pisaster ochraceus,0.0603,1
H,2018,Pisaster ochraceus,0.0603,1
H,2018,Pisaster ochraceus,0.01,1
H,2018,Pisaster ochraceus,0.01,2
H,2018,Pisaster ochraceus,0.01,1
H,2018,Pisaster ochraceus,0.49146,1
H,2018,Pisaster ochraceus,0.17,1
H,2018,Pisaster ochraceus,-0.0859,1
H,2018,Pisaster ochraceus,-0.0859,1
H,2018,Pisaster ochraceus,0.0041,1
H,2018,Pisaster ochraceus,-0.6349,1
H,2018,Pisaster ochraceus,-0.6349,1
H,2018,Pisaster ochraceus,-0.6349,1
H,2018,Pisaster ochraceus,-0.4733,1
H,2018,Pisaster ochraceus,-0.7447,1
H,2018,Pisaster ochraceus,-0.7447,1
H,2018,Pisaster ochraceus,-0.7447,1
H,2020,Pisaster ochraceus,0.43198,1
H,2020,Pisaster ochraceus,0.50869,1
H,2020,Pisaster ochraceus,0.53288,1
H,2020,Pisaster ochraceus,0.0643,1
H,2020,Pisaster ochraceus,0.0643,1
H,2020,Pisaster ochraceus,0.0643,1
H,2020,Pisaster ochraceus,0.0643,1
H,2020,Pisaster ochraceus,-0.1705,1
H,2020,Pisaster ochraceus,-0.1705,2
H,2020,Pisaster ochraceus,-0.4057,1
H,2020,Pisaster ochraceus,-0.4057,1
H,2020,Pisaster ochraceus,0.24055,1
H,2020,Pisaster ochraceus,0.80055,1
H,2020,Pisaster ochraceus,0.80055,1
H,2020,Pisaster ochraceus,-0.73,1
H,2020,Pisaster ochraceus,0.39318,1
H,2020,Pisaster ochraceus,0.38146,1
H,2020,Pisaster ochraceus,0.38181,1
H,2020,Pisaster ochraceus,0.3809,1
H,2020,Pisaster ochraceus,0.34548,1
H,2020,Pisaster ochraceus,0.34548,1
H,2020,Pisaster ochraceus,0.34548,1
H,2020,Pisaster ochraceus,0.34548,1
H,2020,Pisaster ochraceus,0.34548,1
H,2020,Pisaster ochraceus,0.34548,1
H,2020,Pisaster ochraceus,0.34548,1
H,2020,Pisaster ochraceus,0.25834,1
H,2020,Pisaster ochraceus,0.25834,1
H,2020,Pisaster ochraceus,0.17,1
H,2020,Pisaster ochraceus,-0.22,1
H,2020,Pisaster ochraceus,-0.22,1
H,2020,Pisaster ochraceus,-0.22,1
H,2020,Pisaster ochraceus,-0.22,1
H,2020,Pisaster ochraceus,-0.3233,1
H,2020,Pisaster ochraceus,-0.5584,1
H,2020,Pisaster ochraceus,-0.0662,1
H,2020,Pisaster ochraceus,-0.0662,2
H,2020,Pisaster ochraceus,-0.0662,3
H,2020,Pisaster ochraceus,-0.0662,1
H,2020,Pisaster ochraceus,-0.0662,1
H,2020,Pisaster ochraceus,-0.0662,1
H,2020,Pisaster ochraceus,0.15287,1
H,2020,Pisaster ochraceus,0.83,1
H,2020,Pisaster ochraceus,0.83,1
H,2020,Pisaster ochraceus,0.83,1
H,2020,Pisaster ochraceus,0.83,1
H,2020,Pisaster ochraceus,0.83,2
H,2020,Pisaster ochraceus,0.83,2
H,2020,Pisaster ochraceus,0.83,1
H,2020,Pisaster ochraceus,0.83,2
H,2020,Pisaster ochraceus,0.83,1
H,2020,Pisaster ochraceus,0.83,1
H,2020,Pisaster ochraceus,0.83,1
H,2020,Pisaster ochraceus,1.07045,1
H,2020,Pisaster ochraceus,1.07045,1
H,2020,Pisaster ochraceus,-0.798,1
H,2020,Pisaster ochraceus,-0.6384,1
H,2020,Pisaster ochraceus,0.1075,1
H,2020,Pisaster ochraceus,0.1075,2
H,2020,Pisaster ochraceus,0.1075,1
H,2020,Pisaster ochraceus,0.1075,2
H,2020,Pisaster ochraceus,0.1075,2
H,2020,Pisaster ochraceus,0.1075,1
H,2020,Pisaster ochraceus,0.1075,1
H,2020,Pisaster ochraceus,-0.4537,2
H,2020,Pisaster ochraceus,-0.4537,1
H,2020,Pisaster ochraceus,-0.4537,1
H,2020,Pisaster ochraceus,-0.4537,3
H,2020,Pisaster ochraceus,-0.4537,1
H,2020,Pisaster ochraceus,-0.4537,1
H,2020,Pisaster ochraceus,-0.4537,2
H,2020,Pisaster ochraceus,-0.4537,1
H,2020,Pisaster ochraceus,-0.4537,1
H,2020,Pisaster ochraceus,-0.4537,1
H,2020,Pisaster ochraceus,-0.4537,1
H,2020,Pisaster ochraceus,-0.4537,1
H,2020,Pisaster ochraceus,-0.6147,1
H,2020,Pisaster ochraceus,-0.6147,1
H,2020,Pisaster ochraceus,-0.6977,1
H,2020,Pisaster ochraceus,-0.6977,1
H,2020,Pisaster ochraceus,-0.6977,1
H,2020,Pisaster ochraceus,-0.6977,1
H,2020,Pisaster ochraceus,-0.78,1
H,2020,Pisaster ochraceus,-0.78,1
H,2020,Pisaster ochraceus,0.43316,1
H,2020,Pisaster ochraceus,0.43316,1
H,2020,Pisaster ochraceus,0.43316,1
H,2020,Pisaster ochraceus,0.43316,1
H,2020,Pisaster ochraceus,1.03894,2
H,2020,Pisaster ochraceus,1.03894,2
H,2020,Pisaster ochraceus,1.03894,1
H,2020,Pisaster ochraceus,1.03894,1
H,2020,Pisaster ochraceus,1.03894,1
H,2020,Pisaster ochraceus,1.03894,1
H,2020,Pisaster ochraceus,1.03894,1
H,2020,Pisaster ochraceus,1.19207,1
H,2020,Pisaster ochraceus,1.19207,1
H,2020,Pisaster ochraceus,1.19207,1
H,2020,Pisaster ochraceus,-0.52,1
H,2020,Pisaster ochraceus,-0.6522,1
H,2020,Pisaster ochraceus,-0.6522,1
H,2020,Pisaster ochraceus,-0.6522,1
H,2020,Pisaster ochraceus,-0.74,1
H,2020,Pisaster ochraceus,-0.74,1
H,2020,Pisaster ochraceus,-0.7733,1
H,2020,Pisaster ochraceus,-0.7733,1
H,2020,Pisaster ochraceus,-0.44,1
H,2020,Pisaster ochraceus,-0.44,1
H,2020,Pisaster ochraceus,-0.44,1
H,2020,Pisaster ochraceus,0.12,2
H,2020,Pisaster ochraceus,0.12,2
H,2020,Pisaster ochraceus,0.12,1
H,2020,Pisaster ochraceus,0.12,1
H,2020,Pisaster ochraceus,0.12,1
H,2020,Pisaster ochraceus,0.34,1
H,2020,Pisaster ochraceus,0.34,2
H,2020,Pisaster ochraceus,0.34,1
H,2020,Pisaster ochraceus,0.34,1
H,2020,Pisaster ochraceus,0.48,2
H,2020,Pisaster ochraceus,0.48,1
H,2020,Pisaster ochraceus,0.4899,1
H,2020,Pisaster ochraceus,0.4899,1
H,2020,Pisaster ochraceus,0.5,1
H,2020,Pisaster ochraceus,0.88123,1
H,2020,Pisaster ochraceus,0.88123,1
H,2020,Pisaster ochraceus,0.88123,2
H,2020,Pisaster ochraceus,0.88123,1
H,2020,Pisaster ochraceus,-0.29,1
H,2020,Pisaster ochraceus,-0.29,1
H,2020,Pisaster ochraceus,-0.29,2
H,2020,Pisaster ochraceus,-0.29,1
H,2020,Pisaster ochraceus,-0.29,1
H,2020,Pisaster ochraceus,-0.29,2
H,2020,Pisaster ochraceus,-0.29,1
H,2020,Pisaster ochraceus,0.12491,1
H,2020,Pisaster ochraceus,0.12491,1
H,2020,Pisaster ochraceus,0.12276,1
H,2020,Pisaster ochraceus,0.12276,1
H,2020,Pisaster ochraceus,0.27596,1
H,2020,Pisaster ochraceus,0.27596,1
H,2020,Pisaster ochraceus,0.27596,1
H,2020,Pisaster ochraceus,0.27596,1
H,2020,Pisaster ochraceus,-0.15,1
H,2020,Pisaster ochraceus,-0.15,1
H,2020,Pisaster ochraceus,0.16,1
H,2020,Pisaster ochraceus,0.16,2
H,2020,Pisaster ochraceus,0.16,1
H,2020,Pisaster ochraceus,0.23983,2
H,2020,Pisaster ochraceus,0.23983,1
H,2020,Pisaster ochraceus,0.5523,1
H,2020,Pisaster ochraceus,0.63708,1
H,2020,Pisaster ochraceus,0.8,1
H,2020,Pisaster ochraceus,0.8,1
H,2020,Pisaster ochraceus,0.90458,1
H,2020,Pisaster ochraceus,0.90458,1
H,2020,Pisaster ochraceus,0.90458,1
H,2020,Pisaster ochraceus,0.90458,1
H,2020,Pisaster ochraceus,0.76172,1
H,2020,Pisaster ochraceus,0.76172,1
H,2020,Pisaster ochraceus,0.76172,1
H,2020,Pisaster ochraceus,0.76172,1
H,2020,Pisaster ochraceus,0.27077,1
H,2020,Pisaster ochraceus,0.27077,1
H,2020,Pisaster ochraceus,0.27077,1
H,2020,Pisaster ochraceus,-0.38,1
H,2020,Pisaster ochraceus,-0.38,1
H,2020,Pisaster ochraceus,-0.38,1
H,2020,Pisaster ochraceus,-0.1766,1
H,2020,Pisaster ochraceus,-0.1766,1
H,2020,Pisaster ochraceus,-0.1766,2
H,2020,Pisaster ochraceus,-0.1766,1
H,2020,Pisaster ochraceus,-0.1766,2
H,2020,Pisaster ochraceus,-0.1766,1
H,2020,Pisaster ochraceus,-0.1766,1
H,2020,Pisaster ochraceus,-0.0295,4
H,2020,Pisaster ochraceus,-0.0295,2
H,2020,Pisaster ochraceus,-0.0295,1
H,2020,Pisaster ochraceus,-0.0295,1
H,2020,Pisaster ochraceus,-0.0295,1
H,2020,Pisaster ochraceus,-0.58,1
H,2020,Pisaster ochraceus,-0.58,1
H,2020,Pisaster ochraceus,-0.58,1
H,2020,Pisaster ochraceus,-0.7655,2
H,2020,Pisaster ochraceus,-0.7655,3
H,2020,Pisaster ochraceus,-0.7655,1
H,2020,Pisaster ochraceus,-0.7655,2
H,2020,Pisaster ochraceus,-0.7655,2
H,2020,Pisaster ochraceus,-0.6896,1
H,2020,Pisaster ochraceus,-0.6896,1
H,2020,Pisaster ochraceus,-0.44,1
H,2020,Pisaster ochraceus,-0.44,1
H,2020,Pisaster ochraceus,-0.44,1
H,2020,Pisaster ochraceus,-0.44,1
H,2020,Pisaster ochraceus,-0.44,1
H,2020,Pisaster ochraceus,-0.44,1
H,2020,Pisaster ochraceus,-0.4539,1
H,2020,Pisaster ochraceus,-0.4539,1
H,2020,Pisaster ochraceus,-0.4675,1
H,2020,Pisaster ochraceus,-0.4675,2
H,2020,Pisaster ochraceus,-0.4675,1
H,2020,Pisaster ochraceus,-0.4675,1
H,2020,Pisaster ochraceus,-0.4675,1
H,2020,Pisaster ochraceus,0.96,1
H,2020,Pisaster ochraceus,0.96,1
H,2020,Pisaster ochraceus,0.87,1
H,2020,Pisaster ochraceus,0.87,1
H,2020,Pisaster ochraceus,0.87,1
H,2020,Pisaster ochraceus,0.3,2
H,2020,Pisaster ochraceus,0.3,1
H,2020,Pisaster ochraceus,-0.0335,1
H,2020,Pisaster ochraceus,-0.6624,1
H,2020,Pisaster ochraceus,-0.6624,1
H,2020,Pisaster ochraceus,-0.69,1
H,2020,Pisaster ochraceus,-0.69,1
H,2020,Pisaster ochraceus,-0.69,1
H,2020,Pisaster ochraceus,-0.69,1
H,2020,Pisaster ochraceus,-0.69,1
H,2020,Pisaster ochraceus,-0.69,1
H,2020,Pisaster ochraceus,-0.8066,1
H,2020,Pisaster ochraceus,-0.5849,1
H,2020,Pisaster ochraceus,0.11,1
H,2020,Pisaster ochraceus,0.11,1
H,2020,Pisaster ochraceus,0.34808,1
H,2020,Pisaster ochraceus,0.34808,1
H,2020,Pisaster ochraceus,0.34808,1
H,2020,Pisaster ochraceus,0.34808,1
H,2020,Pisaster ochraceus,0.34808,1
H,2020,Pisaster ochraceus,0.58566,1
H,2020,Pisaster ochraceus,0.58566,1
H,2020,Pisaster ochraceus,0.58566,1
H,2020,Pisaster ochraceus,0.58566,2
H,2020,Pisaster ochraceus,0.58566,1
H,2020,Pisaster ochraceus,0.82331,1
H,2020,Pisaster ochraceus,1.06,1
H,2020,Pisaster ochraceus,1.06,2
H,2020,Pisaster ochraceus,1.06,1
H,2020,Pisaster ochraceus,0.79041,1
H,2020,Pisaster ochraceus,-0.3596,1
H,2020,Pisaster ochraceus,-0.3596,1
H,2020,Pisaster ochraceus,-0.8,1
H,2020,Pisaster ochraceus,-0.8,1
H,2020,Pisaster ochraceus,-0.0355,1
H,2020,Pisaster ochraceus,-0.0355,1
H,2020,Pisaster ochraceus,0.1,1
H,2020,Pisaster ochraceus,0.74,1
H,2020,Pisaster ochraceus,0.69337,1
H,2020,Pisaster ochraceus,-0.895,1
H,2020,Pisaster ochraceus,-0.12,1
H,2020,Pisaster ochraceus,-0.12,1
H,2020,Pisaster ochraceus,-0.12,2
H,2020,Pisaster ochraceus,-0.12,2
H,2020,Pisaster ochraceus,-0.12,2
H,2020,Pisaster ochraceus,0.27192,1
H,2020,Pisaster ochraceus,0.27192,1
H,2020,Pisaster ochraceus,0.27192,1
H,2020,Pisaster ochraceus,0.27192,1
H,2020,Pisaster ochraceus,0.40166,1
H,2020,Pisaster ochraceus,0.40166,1
H,2020,Pisaster ochraceus,0.53022,2
H,2020,Pisaster ochraceus,0.53022,1
H,2020,Pisaster ochraceus,0.53022,2
H,2020,Pisaster ochraceus,0.66017,1
H,2020,Pisaster ochraceus,0.66017,5
H,2020,Pisaster ochraceus,0.66017,1
H,2020,Pisaster ochraceus,0.66017,1
H,2020,Pisaster ochraceus,0.79012,1
H,2020,Pisaster ochraceus,0.91998,1
H,2020,Pisaster ochraceus,-0.6349,1
H,2020,Pisaster ochraceus,-0.6349,3
H,2020,Pisaster ochraceus,-0.6349,2
H,2020,Pisaster ochraceus,-0.6349,2
H,2020,Pisaster ochraceus,-0.6349,4
H,2020,Pisaster ochraceus,-0.6349,5
H,2020,Pisaster ochraceus,-0.6349,2
H,2020,Pisaster ochraceus,-0.6349,2
H,2020,Pisaster ochraceus,-0.6349,3
H,2020,Pisaster ochraceus,-0.6349,3
H,2020,Pisaster ochraceus,-0.6349,1
H,2020,Pisaster ochraceus,-0.6349,1
H,2020,Pisaster ochraceus,0.83969,1
H,2020,Pisaster ochraceus,0.77368,1
H,2020,Pisaster ochraceus,0.20235,1
H,2020,Pisaster ochraceus,0.285,1
H,2020,Pisaster ochraceus,0.285,1
H,2020,Pisaster ochraceus,0.285,1
H,2020,Pisaster ochraceus,0.285,1
H,2020,Pisaster ochraceus,0.285,1
H,2020,Pisaster ochraceus,0.285,1
H,2020,Pisaster ochraceus,-0.92,1
H,2020,Pisaster ochraceus,-0.92,1
H,2020,Pisaster ochraceus,-0.92,1
H,2020,Pisaster ochraceus,-0.92,1
H,2020,Pisaster ochraceus,-0.8078,1
H,2020,Pisaster ochraceus,-0.8078,1
H,2020,Pisaster ochraceus,-0.6475,2
H,2020,Pisaster ochraceus,-0.6475,1
H,2020,Pisaster ochraceus,-0.4146,6
H,2020,Pisaster ochraceus,-0.4146,1
H,2020,Pisaster ochraceus,-0.4146,1
H,2020,Pisaster ochraceus,-0.4146,1
H,2020,Pisaster ochraceus,-0.4146,1
H,2020,Pisaster ochraceus,-0.1824,1
H,2020,Pisaster ochraceus,-0.1824,1
H,2020,Pisaster ochraceus,0.51941,1
H,2020,Pisaster ochraceus,0.51941,3
H,2020,Pisaster ochraceus,0.51941,1
H,2020,Pisaster ochraceus,0.51941,1
H,2020,Pisaster ochraceus,0.51941,1
H,2020,Pisaster ochraceus,0.47065,1
H,2020,Pisaster ochraceus,0.47065,2
H,2020,Pisaster ochraceus,0.47065,2
H,2020,Pisaster ochraceus,-0.4744,1
H,2020,Pisaster ochraceus,-0.4744,1
H,2020,Pisaster ochraceus,-0.908,1
H,2020,Pisaster ochraceus,-0.07,1
H,2020,Pisaster ochraceus,0.28,1
H,2020,Pisaster ochraceus,0.28,1
H,2020,Pisaster ochraceus,0.28,1
H,2020,Pisaster ochraceus,0.38018,2
H,2020,Pisaster ochraceus,0.38018,1
H,2020,Pisaster ochraceus,0.38018,1
H,2020,Pisaster ochraceus,0.38018,1
H,2020,Pisaster ochraceus,0.01,1
H,2020,Pisaster ochraceus,0.8957,1
H,2020,Pisaster ochraceus,0.8957,1
H,2020,Pisaster ochraceus,0.8957,1
H,2020,Pisaster ochraceus,0.8957,1
H,2020,Pisaster ochraceus,0.81199,1
H,2020,Pisaster ochraceus,-0.6926,1
H,2020,Pisaster ochraceus,-0.6926,1
H,2020,Pisaster ochraceus,-0.6926,2
H,2020,Pisaster ochraceus,-0.6926,1
H,2020,Pisaster ochraceus,-0.365,1
H,2020,Pisaster ochraceus,-0.6349,1
H,2020,Pisaster ochraceus,-1.0998000000000001,1
H,2020,Pisaster ochraceus,-0.43,1
H,2020,Pisaster ochraceus,-0.3737,2
H,2020,Pisaster ochraceus,-0.3737,2
H,2020,Pisaster ochraceus,-0.3737,1
H,2020,Pisaster ochraceus,-0.7531,1
H,2020,Pisaster ochraceus,-0.7547,1
H,2020,Pisaster ochraceus,-0.04,1
H,2020,Pisaster ochraceus,-0.99,1
H,2020,Pisaster ochraceus,-0.96,2
H,2020,Pisaster ochraceus,-0.96,1
H,2020,Pisaster ochraceus,-0.96,1
H,2020,Pisaster ochraceus,-0.96,1
H,2020,Pisaster ochraceus,-0.96,1
H,2020,Pisaster ochraceus,-0.0175,1
H,2020,Pisaster ochraceus,0.0541,1
H,2020,Pisaster ochraceus,0.24885,1
H,2020,Pisaster ochraceus,0.24885,1
H,2020,Pisaster ochraceus,0.24885,1
H,2020,Pisaster ochraceus,-0.0662,1
H,2020,Pisaster ochraceus,-0.0662,1
H,2020,Pisaster ochraceus,-0.0662,2
H,2020,Pisaster ochraceus,-0.0662,1
H,2020,Pisaster ochraceus,-0.0662,1
H,2020,Pisaster ochraceus,0.59,1
H,2020,Pisaster ochraceus,0.59,2
H,2020,Pisaster ochraceus,0.59,2
H,2020,Pisaster ochraceus,0.59,1
H,2020,Pisaster ochraceus,0.59,2
H,2020,Pisaster ochraceus,0.59,1
H,2020,Pisaster ochraceus,0.59,1
H,2020,Pisaster ochraceus,0.1701,1
H,2020,Pisaster ochraceus,-1.0559,1
H,2020,Pisaster ochraceus,-1.0559,1
H,2020,Pisaster ochraceus,-1.0559,2
H,2020,Pisaster ochraceus,-1.0559,1
H,2020,Pisaster ochraceus,0.08046,1
H,2020,Pisaster ochraceus,0.94,1
H,2020,Pisaster ochraceus,-0.5648,1
H,2020,Pisaster ochraceus,-0.5648,1
H,2020,Pisaster ochraceus,-0.44,1
H,2020,Pisaster ochraceus,0.48,1
H,2020,Pisaster ochraceus,0.27596,1
H,2020,Pisaster ochraceus,0.27596,2
H,2020,Pisaster ochraceus,0.27596,1
H,2020,Pisaster ochraceus,0.27596,1
H,2020,Pisaster ochraceus,0.77,1
H,2020,Pisaster ochraceus,0.07509,1
H,2020,Pisaster ochraceus,0.22009,1
H,2020,Pisaster ochraceus,0.22009,1
H,2020,Pisaster ochraceus,0.22009,2
H,2020,Pisaster ochraceus,-0.6624,2
H,2020,Pisaster ochraceus,-0.8066,1
H,2020,Pisaster ochraceus,-0.3624,1
H,2020,Pisaster ochraceus,-0.3624,1
H,2020,Pisaster ochraceus,-0.3624,1
H,2020,Pisaster ochraceus,-0.3624,1
H,2020,Pisaster ochraceus,-0.095,1
H,2020,Pisaster ochraceus,-0.095,1
H,2020,Pisaster ochraceus,0.11,1
H,2020,Pisaster ochraceus,0.11,3
H,2020,Pisaster ochraceus,0.11,1
H,2020,Pisaster ochraceus,0.11,1
H,2020,Pisaster ochraceus,0.34808,1
H,2020,Pisaster ochraceus,0.58566,1
H,2020,Pisaster ochraceus,0.58566,1
H,2020,Pisaster ochraceus,0.82331,1
H,2020,Pisaster ochraceus,0.79041,1
H,2020,Pisaster ochraceus,0.52,1
H,2020,Pisaster ochraceus,0.4556,1
H,2020,Pisaster ochraceus,-0.895,1
H,2020,Pisaster ochraceus,-0.895,1
H,2020,Pisaster ochraceus,-0.76,1
H,2020,Pisaster ochraceus,-0.76,1
H,2020,Pisaster ochraceus,-0.76,1
H,2020,Pisaster ochraceus,-0.76,2
H,2020,Pisaster ochraceus,-0.7349,1
H,2020,Pisaster ochraceus,0.26,1
H,2020,Pisaster ochraceus,0.26,1
H,2020,Pisaster ochraceus,0.55258,1
H,2020,Pisaster ochraceus,0.55258,1
H,2020,Pisaster ochraceus,0.55258,1
H,2020,Pisaster ochraceus,0.64709,1
H,2020,Pisaster ochraceus,0.64709,1
H,2020,Pisaster ochraceus,0.64709,2
H,2020,Pisaster ochraceus,0.64709,1
H,2020,Pisaster ochraceus,-0.04,1
H,2020,Pisaster ochraceus,-0.04,2
H,2020,Pisaster ochraceus,-0.04,1
H,2020,Pisaster ochraceus,0.24547,1
H,2020,Pisaster ochraceus,-0.34,1
H,2020,Pisaster ochraceus,0.83969,1
H,2020,Pisaster ochraceus,-0.07,1
H,2020,Pisaster ochraceus,-0.07,1
H,2020,Pisaster ochraceus,0.28,1
H,2020,Pisaster ochraceus,0.38018,3
H,2020,Pisaster ochraceus,0.38018,1
H,2020,Pisaster ochraceus,0.38018,2
H,2020,Pisaster ochraceus,0.38018,2
H,2020,Pisaster ochraceus,0.01,1
H,2020,Pisaster ochraceus,0.01,1
H,2020,Pisaster ochraceus,0.01,1
H,2020,Pisaster ochraceus,0.17,1
H,2020,Pisaster ochraceus,0.17,1
H,2020,Pisaster ochraceus,0.17,1
H,2020,Pisaster ochraceus,-0.365,1
H,2020,Pisaster ochraceus,0.0041,2
H,2020,Pisaster ochraceus,0.0041,1
H,2020,Pisaster ochraceus,0.0041,2
H,2020,Pisaster ochraceus,0.0041,1
H,2020,Pisaster ochraceus,0.0041,1
H,2020,Pisaster ochraceus,-1.0998000000000001,1
H,2020,Pisaster ochraceus,-0.43,1
H,2020,Pisaster ochraceus,-0.3737,1
H,2020,Pisaster ochraceus,-0.3737,1
H,2020,Pisaster ochraceus,-0.749,1
H,2020,Pisaster ochraceus,-0.749,1
H,2020,Pisaster ochraceus,-0.7496,1
A,2013,Pisaster ochraceus,3.031881202,1
A,2013,Pisaster ochraceus,2.828533463,1
A,2013,Pisaster ochraceus,2.828533463,1
A,2013,Pisaster ochraceus,2.296555836,2
A,2013,Pisaster ochraceus,2.296555836,1
A,2013,Pisaster ochraceus,1.896594205,1
A,2013,Pisaster ochraceus,1.896594205,1
A,2013,Pisaster ochraceus,1.896594205,1
A,2013,Pisaster ochraceus,1.360000002,5
A,2013,Pisaster ochraceus,1.360000002,3
A,2013,Pisaster ochraceus,1.559999996,1
A,2019,Pisaster ochraceus,2.872947996,1
A,2019,Pisaster ochraceus,3.471201871,1
A,2019,Pisaster ochraceus,3.031881202,1
A,2019,Pisaster ochraceus,2.753333334,1
A,2019,Pisaster ochraceus,2.424446517,1
A,2019,Pisaster ochraceus,2.424446517,1
A,2019,Pisaster ochraceus,2.424446517,1
A,2019,Pisaster ochraceus,2.424446517,1
A,2019,Pisaster ochraceus,3.11544517,5
A,2019,Pisaster ochraceus,3.11544517,1
A,2019,Pisaster ochraceus,3.11544517,1
A,2019,Pisaster ochraceus,3.023333332,1
A,2019,Pisaster ochraceus,2.297655996,3
A,2019,Pisaster ochraceus,2.297655996,2
A,2019,Pisaster ochraceus,2.297655996,1
A,2019,Pisaster ochraceus,2.92196836,1
A,2019,Pisaster ochraceus,2.828533463,2
A,2019,Pisaster ochraceus,2.828533463,1
A,2019,Pisaster ochraceus,2.828533463,1
A,2019,Pisaster ochraceus,2.411124542,1
A,2019,Pisaster ochraceus,2.411124542,1
A,2019,Pisaster ochraceus,1.723333334,1
A,2019,Pisaster ochraceus,1.723333334,1
A,2019,Pisaster ochraceus,1.623333332,1
A,2019,Pisaster ochraceus,1.623333332,1
A,2019,Pisaster ochraceus,2.680793865,3
A,2019,Pisaster ochraceus,2.680793865,2
A,2019,Pisaster ochraceus,2.680793865,1
A,2019,Pisaster ochraceus,2.296555836,1
A,2019,Pisaster ochraceus,2.296555836,1
A,2019,Pisaster ochraceus,1.896594205,1
A,2019,Pisaster ochraceus,1.896594205,2
A,2019,Pisaster ochraceus,1.896594205,2
A,2019,Pisaster ochraceus,1.896594205,2
A,2019,Pisaster ochraceus,1.896594205,1
A,2019,Pisaster ochraceus,1.896594205,1
A,2019,Pisaster ochraceus,1.79256844,2
A,2019,Pisaster ochraceus,1.79256844,1
A,2019,Pisaster ochraceus,1.422563561,1
A,2019,Pisaster ochraceus,1.856946673,1
A,2019,Pisaster ochraceus,1.856946673,1
A,2019,Pisaster ochraceus,1.584894773,1
A,2019,Pisaster ochraceus,1.505932677,1
A,2019,Pisaster ochraceus,1.505932677,1
A,2019,Pisaster ochraceus,1.467779689,1
A,2019,Pisaster ochraceus,1.430673426,4
A,2019,Pisaster ochraceus,1.430673426,4
A,2019,Pisaster ochraceus,1.394717278,1
A,2019,Pisaster ochraceus,1.394717278,1
A,2019,Pisaster ochraceus,1.360000002,1
A,2019,Pisaster ochraceus,3.040210092,1
A,2019,Pisaster ochraceus,1.559999996,2
A,2019,Pisaster ochraceus,1.559999996,1
A,2019,Pisaster ochraceus,1.559999996,1
A,2019,Pisaster ochraceus,1.559999996,1
A,2019,Pisaster ochraceus,1.559999996,1
A,2019,Pisaster ochraceus,1.510959599,2
A,2019,Pisaster ochraceus,1.41351716,2
A,2019,Pisaster ochraceus,1.41351716,2
A,2019,Pisaster ochraceus,1.41351716,2
A,2019,Pisaster ochraceus,1.41351716,2
A,2019,Pisaster ochraceus,1.365401672,1
A,2019,Pisaster ochraceus,1.365401672,2
A,2019,Pisaster ochraceus,1.365401672,1
A,2019,Pisaster ochraceus,4.378122126,1
A,2019,Pisaster ochraceus,4.023736918,1
A,2019,Pisaster ochraceus,4.023736918,1
A,2019,Pisaster ochraceus,4.023736918,1
A,2019,Pisaster ochraceus,3.559468711,1
A,2019,Pisaster ochraceus,3.179999997,1
A,2019,Pisaster ochraceus,1.911631428,1
A,2019,Pisaster ochraceus,1.89076154,4
A,2019,Pisaster ochraceus,1.89076154,1
A,2023,Pisaster ochraceus,2.858814314,2
A,2023,Pisaster ochraceus,3.311337503,1
A,2023,Pisaster ochraceus,3.311337503,1
A,2023,Pisaster ochraceus,2.553744824,1
A,2023,Pisaster ochraceus,3.11544517,1
A,2023,Pisaster ochraceus,3.11544517,1
A,2023,Pisaster ochraceus,3.271849478,1
A,2023,Pisaster ochraceus,2.963333337,1
A,2023,Pisaster ochraceus,2.273333331,1
A,2023,Pisaster ochraceus,2.273333331,2
A,2023,Pisaster ochraceus,2.931347862,1
A,2023,Pisaster ochraceus,2.931347862,1
A,2023,Pisaster ochraceus,2.931347862,2
A,2023,Pisaster ochraceus,2.931347862,3
A,2023,Pisaster ochraceus,2.931347862,1
A,2023,Pisaster ochraceus,2.828533463,1
A,2023,Pisaster ochraceus,2.828533463,3
A,2023,Pisaster ochraceus,2.828533463,2
A,2023,Pisaster ochraceus,2.828533463,2
A,2023,Pisaster ochraceus,2.828533463,1
A,2023,Pisaster ochraceus,2.828533463,1
A,2023,Pisaster ochraceus,2.828533463,1
A,2023,Pisaster ochraceus,2.723269645,1
A,2023,Pisaster ochraceus,2.072756791,2
A,2023,Pisaster ochraceus,1.672257717,1
A,2023,Pisaster ochraceus,1.672257717,5
A,2023,Pisaster ochraceus,1.672257717,2
A,2023,Pisaster ochraceus,1.672257717,1
A,2023,Pisaster ochraceus,1.672257717,1
A,2023,Pisaster ochraceus,1.623333332,1
A,2023,Pisaster ochraceus,1.623333332,1
A,2023,Pisaster ochraceus,1.623333332,1
A,2023,Pisaster ochraceus,1.623333332,1
A,2023,Pisaster ochraceus,2.296555836,2
A,2023,Pisaster ochraceus,2.296555836,1
A,2023,Pisaster ochraceus,2.296555836,1
A,2023,Pisaster ochraceus,1.896594205,1
A,2023,Pisaster ochraceus,1.896594205,1
A,2023,Pisaster ochraceus,1.896594205,1
A,2023,Pisaster ochraceus,2.163333333,1
A,2023,Pisaster ochraceus,1.625429167,1
A,2023,Pisaster ochraceus,1.430673426,1
A,2023,Pisaster ochraceus,1.394717278,1
A,2023,Pisaster ochraceus,1.394717278,1
A,2023,Pisaster ochraceus,1.394717278,1
A,2023,Pisaster ochraceus,1.394717278,1
A,2023,Pisaster ochraceus,1.394717278,1
A,2023,Pisaster ochraceus,1.360000002,1
A,2023,Pisaster ochraceus,1.360000002,5
A,2023,Pisaster ochraceus,1.360000002,8
A,2023,Pisaster ochraceus,1.360000002,2
A,2023,Pisaster ochraceus,1.360000002,2
A,2023,Pisaster ochraceus,1.360000002,5
A,2023,Pisaster ochraceus,1.360000002,2
A,2023,Pisaster ochraceus,1.360000002,1
A,2023,Pisaster ochraceus,1.360000002,1
A,2023,Pisaster ochraceus,1.306946532,1
A,2023,Pisaster ochraceus,1.306946532,1
A,2023,Pisaster ochraceus,1.306946532,1
A,2023,Pisaster ochraceus,1.306946532,1
A,2023,Pisaster ochraceus,1.306946532,2
A,2023,Pisaster ochraceus,1.306946532,3
A,2023,Pisaster ochraceus,1.306946532,1
A,2023,Pisaster ochraceus,1.306946532,2
A,2023,Pisaster ochraceus,1.255265597,2
A,2023,Pisaster ochraceus,1.255265597,3
A,2023,Pisaster ochraceus,1.255265597,4
A,2023,Pisaster ochraceus,1.255265597,2
A,2023,Pisaster ochraceus,1.255265597,7
A,2023,Pisaster ochraceus,1.255265597,5
A,2023,Pisaster ochraceus,1.255265597,2
A,2023,Pisaster ochraceus,1.255265597,1
A,2023,Pisaster ochraceus,1.255265597,1
A,2023,Pisaster ochraceus,1.205002843,2
A,2023,Pisaster ochraceus,1.205002843,2
A,2023,Pisaster ochraceus,1.205002843,5
A,2023,Pisaster ochraceus,1.205002843,1
A,2023,Pisaster ochraceus,1.205002843,1
A,2023,Pisaster ochraceus,1.156190686,1
A,2023,Pisaster ochraceus,1.156190686,1
A,2023,Pisaster ochraceus,3.893680612,1
A,2023,Pisaster ochraceus,2.745059732,2
A,2023,Pisaster ochraceus,2.224311233,1
A,2023,Pisaster ochraceus,2.224311233,1
A,2023,Pisaster ochraceus,1.462082314,1
A,2023,Pisaster ochraceus,1.462082314,1
A,2023,Pisaster ochraceus,1.462082314,3
A,2023,Pisaster ochraceus,1.462082314,2
A,2023,Pisaster ochraceus,1.462082314,4
A,2023,Pisaster ochraceus,1.462082314,4
A,2023,Pisaster ochraceus,1.462082314,2
A,2023,Pisaster ochraceus,1.462082314,1
A,2023,Pisaster ochraceus,1.462082314,1
A,2023,Pisaster ochraceus,1.462082314,1
A,2023,Pisaster ochraceus,1.41351716,3
A,2023,Pisaster ochraceus,1.41351716,1
A,2023,Pisaster ochraceus,1.41351716,1
A,2023,Pisaster ochraceus,1.365401672,1
A,2023,Pisaster ochraceus,1.365401672,1
A,2023,Pisaster ochraceus,1.365401672,3
A,2023,Pisaster ochraceus,1.365401672,2
A,2023,Pisaster ochraceus,1.365401672,1
A,2023,Pisaster ochraceus,3.603303086,1
A,2023,Pisaster ochraceus,2.480076804,1
A,2023,Pisaster ochraceus,2.480076804,1
A,2023,Pisaster ochraceus,2.480076804,1
A,2023,Pisaster ochraceus,2.130026334,1
A,2023,Pisaster ochraceus,2.130026334,1
A,2023,Pisaster ochraceus,1.89076154,1
A,2023,Pisaster ochraceus,1.89076154,1
A,2023,Pisaster ochraceus,1.89076154,1
A,2023,Pisaster ochraceus,1.89076154,2
A,2023,Pisaster ochraceus,1.89076154,1
A,2023,Pisaster ochraceus,1.89076154,2
A,2023,Pisaster ochraceus,1.89076154,1
A,2023,Pisaster ochraceus,1.869999995,1
C,2001,Pisaster ochraceus,0.12,3
C,2001,Pisaster ochraceus,0.64,1
C,2001,Pisaster ochraceus,1.1,1
C,2001,Pisaster ochraceus,1.11008,6
C,2001,Pisaster ochraceus,0.54,1
C,2001,Pisaster ochraceus,0.82,3
C,2001,Pisaster ochraceus,1.12004,1
C,2001,Pisaster ochraceus,1.25767,2
C,2001,Pisaster ochraceus,1.74,3
C,2001,Pisaster ochraceus,1.74,1
C,2001,Pisaster ochraceus,1.61534,2
C,2001,Pisaster ochraceus,0.92291,2
C,2001,Pisaster ochraceus,-0.03,1
C,2001,Pisaster ochraceus,0.96,1
C,2001,Pisaster ochraceus,0.91811,5
C,2001,Pisaster ochraceus,0.74498,1
C,2001,Pisaster ochraceus,0.7,1
C,2001,Pisaster ochraceus,0.89963,1
C,2001,Pisaster ochraceus,1.11663,2
C,2001,Pisaster ochraceus,0.71,1
C,2001,Pisaster ochraceus,0.36995,3
C,2001,Pisaster ochraceus,0.06,3
C,2001,Pisaster ochraceus,0.069999999,1
C,2001,Pisaster ochraceus,1.67,2
C,2001,Pisaster ochraceus,1.86105,2
C,2001,Pisaster ochraceus,1.78,1
C,2001,Pisaster ochraceus,1.75882,1
C,2001,Pisaster ochraceus,1.4866,1
C,2001,Pisaster ochraceus,1.22,1
C,2001,Pisaster ochraceus,-0.37,2
C,2001,Pisaster ochraceus,2.02,1
C,2001,Pisaster ochraceus,1.97659,5
C,2001,Pisaster ochraceus,0.23,2
C,2001,Pisaster ochraceus,1.16,1
C,2001,Pisaster ochraceus,1.22,1
C,2001,Pisaster ochraceus,1.7893,1
C,2001,Pisaster ochraceus,1.41505,2
C,2001,Pisaster ochraceus,1.45,3
C,2001,Pisaster ochraceus,1.93,1
C,2001,Pisaster ochraceus,1.7,1
C,2001,Pisaster ochraceus,1.31,1
C,2001,Pisaster ochraceus,2.28003,1
C,2001,Pisaster ochraceus,2.30617,4
C,2001,Pisaster ochraceus,2.3279,1
C,2001,Pisaster ochraceus,2.34923,4
C,2001,Pisaster ochraceus,2.37,1
C,2001,Pisaster ochraceus,0.57,1
C,2001,Pisaster ochraceus,1.13,1
C,2001,Pisaster ochraceus,0.62,1
C,2001,Pisaster ochraceus,0.88668,1
C,2001,Pisaster ochraceus,1.32,3
C,2001,Pisaster ochraceus,1.46891,1
C,2001,Pisaster ochraceus,1.76386,1
C,2001,Pisaster ochraceus,2.00372,1
C,2001,Pisaster ochraceus,1.75,1
C,2001,Pisaster ochraceus,1.38468,1
C,2001,Pisaster ochraceus,1.39941,2
C,2001,Pisaster ochraceus,1.99,1
C,2001,Pisaster ochraceus,1.81,1
C,2001,Pisaster ochraceus,2.31,1
C,2001,Pisaster ochraceus,0.45,1
C,2001,Pisaster ochraceus,0.87003,1
C,2001,Pisaster ochraceus,0.82,1
C,2001,Pisaster ochraceus,0.87,1
C,2001,Pisaster ochraceus,1.82283,2
C,2001,Pisaster ochraceus,-0.26,1
C,2001,Pisaster ochraceus,1.75379,1
C,2001,Pisaster ochraceus,1.91,1
C,2001,Pisaster ochraceus,1.88436,2
C,2001,Pisaster ochraceus,0.66,1
C,2001,Pisaster ochraceus,2.07975,1
C,2001,Pisaster ochraceus,2.31988,1
C,2001,Pisaster ochraceus,2.31,3
C,2001,Pisaster ochraceus,1.88017,2
C,2001,Pisaster ochraceus,1.68,1
C,2001,Pisaster ochraceus,1.84528,2
C,2001,Pisaster ochraceus,2.01,4
C,2001,Pisaster ochraceus,1.96557,2
C,2001,Pisaster ochraceus,1.92,1
C,2001,Pisaster ochraceus,0.78,1
C,2001,Pisaster ochraceus,0.83,1
C,2001,Pisaster ochraceus,0.77,1
C,2001,Pisaster ochraceus,1.97602,1
C,2001,Pisaster ochraceus,2.04702,1
C,2001,Pisaster ochraceus,1.32,1
C,2001,Pisaster ochraceus,2.06,2
C,2001,Pisaster ochraceus,1.93985,1
C,2001,Pisaster ochraceus,1.50085,1
C,2001,Pisaster ochraceus,1.1,1
C,2001,Pisaster ochraceus,1.46,1
C,2001,Pisaster ochraceus,1.56444,4
C,2001,Pisaster ochraceus,1.66957,1
C,2001,Pisaster ochraceus,1.77521,3
C,2001,Pisaster ochraceus,-1.055,3
C,2001,Pisaster ochraceus,0.06,6
C,2001,Pisaster ochraceus,1.30865,1
C,2001,Pisaster ochraceus,1.68027,1
C,2001,Pisaster ochraceus,1.27717,1
C,2001,Pisaster ochraceus,1.14257,1
C,2001,Pisaster ochraceus,1.51,1
C,2001,Pisaster ochraceus,1.55414,1
C,2001,Pisaster ochraceus,1.60042,2
C,2001,Pisaster ochraceus,1.74487,1
C,2001,Pisaster ochraceus,1.71,3
C,2001,Pisaster ochraceus,0.7,2
C,2001,Pisaster ochraceus,1.01,1
C,2001,Pisaster ochraceus,1.44014,2
C,2001,Pisaster ochraceus,1.91,1
C,2001,Pisaster ochraceus,1.9901,1
C,2001,Pisaster ochraceus,0.53872,1
C,2001,Pisaster ochraceus,0.08806,1
C,2001,Pisaster ochraceus,-0.06,2
C,2001,Pisaster ochraceus,-0.1008,1
C,2001,Pisaster ochraceus,-0.13,1
C,2001,Pisaster ochraceus,0.92156,2
C,2001,Pisaster ochraceus,0.71,1
C,2001,Pisaster ochraceus,-0.1049,2
C,2001,Pisaster ochraceus,0.36636,1
C,2001,Pisaster ochraceus,1.04649,2
C,2001,Pisaster ochraceus,1.31,2
C,2001,Pisaster ochraceus,0.82614,5
C,2001,Pisaster ochraceus,-0.0344,1
C,2001,Pisaster ochraceus,-0.3552,1
C,2001,Pisaster ochraceus,-0.683,1
C,2001,Pisaster ochraceus,-0.67490000000000006,2
C,2001,Pisaster ochraceus,-0.3656,1
C,2001,Pisaster ochraceus,0.14271,4
C,2001,Pisaster ochraceus,-0.3,1
C,2001,Pisaster ochraceus,-0.14,1
C,2001,Pisaster ochraceus,1.32,5
C,2001,Pisaster ochraceus,1.99,3
C,2001,Pisaster ochraceus,0.88,2
C,2001,Pisaster ochraceus,1.39319,1
C,2001,Pisaster ochraceus,1.31784,1
C,2001,Pisaster ochraceus,1.31,3
C,2001,Pisaster ochraceus,1.33,1
C,2001,Pisaster ochraceus,1.01989,1
C,2001,Pisaster ochraceus,0.39,5
C,2001,Pisaster ochraceus,-0.3612,1
C,2001,Pisaster ochraceus,-0.06,2
C,2001,Pisaster ochraceus,0.0151,5
C,2001,Pisaster ochraceus,0.09176,3
C,2001,Pisaster ochraceus,0.17,3
C,2001,Pisaster ochraceus,-1.13,1
C,2001,Pisaster ochraceus,0.5,1
C,2001,Pisaster ochraceus,-0.1,2
C,2001,Pisaster ochraceus,-0.1101,3
C,2001,Pisaster ochraceus,0.14,3
C,2001,Pisaster ochraceus,0.0649,1
C,2006,Pisaster ochraceus,0.75998,1
C,2006,Pisaster ochraceus,0.62,2
C,2006,Pisaster ochraceus,0.49,3
C,2006,Pisaster ochraceus,-0.5149,3
C,2006,Pisaster ochraceus,0.33,3
C,2006,Pisaster ochraceus,1.04,3
C,2006,Pisaster ochraceus,0.71,2
C,2006,Pisaster ochraceus,0.93,3
C,2006,Pisaster ochraceus,0.87,1
C,2006,Pisaster ochraceus,0.74,3
C,2006,Pisaster ochraceus,0.42,1
C,2006,Pisaster ochraceus,-0.14,1
C,2006,Pisaster ochraceus,0.15,1
C,2006,Pisaster ochraceus,-0.2,2
C,2006,Pisaster ochraceus,0.89,1
C,2006,Pisaster ochraceus,-0.1,2
C,2006,Pisaster ochraceus,0.82497,1
C,2006,Pisaster ochraceus,1.29,3
C,2006,Pisaster ochraceus,1.39203,1
C,2006,Pisaster ochraceus,1.54406,1
C,2006,Pisaster ochraceus,1.74,9
C,2006,Pisaster ochraceus,1.6781,4
C,2006,Pisaster ochraceus,1.68018,8
C,2006,Pisaster ochraceus,1.97324,1
C,2006,Pisaster ochraceus,1.87,1
C,2006,Pisaster ochraceus,1.47515,2
C,2006,Pisaster ochraceus,1.08,4
C,2006,Pisaster ochraceus,0.92291,4
C,2006,Pisaster ochraceus,-0.5446,1
C,2006,Pisaster ochraceus,1.04,2
C,2006,Pisaster ochraceus,0.0351,7
C,2006,Pisaster ochraceus,0.96,1
C,2006,Pisaster ochraceus,0.91811,1
C,2006,Pisaster ochraceus,0.78926,12
C,2006,Pisaster ochraceus,0.74498,3
C,2006,Pisaster ochraceus,0.7,1
C,2006,Pisaster ochraceus,0.89963,4
C,2006,Pisaster ochraceus,0.83,4
C,2006,Pisaster ochraceus,0.51,2
C,2006,Pisaster ochraceus,-0.15,2
C,2006,Pisaster ochraceus,0.30331,2
C,2006,Pisaster ochraceus,0.39,1
C,2006,Pisaster ochraceus,0.06,1
C,2006,Pisaster ochraceus,0.17,1
C,2006,Pisaster ochraceus,0.95035,3
C,2006,Pisaster ochraceus,0.24,2
C,2006,Pisaster ochraceus,0.73,1
C,2006,Pisaster ochraceus,0.04,1
C,2006,Pisaster ochraceus,0.04,1
C,2006,Pisaster ochraceus,-0.54,1
C,2006,Pisaster ochraceus,-0.5001,2
C,2006,Pisaster ochraceus,-0.4611,2
C,2006,Pisaster ochraceus,0.3,1
C,2006,Pisaster ochraceus,1.18,5
C,2006,Pisaster ochraceus,1.3,5
C,2006,Pisaster ochraceus,2.14,2
C,2006,Pisaster ochraceus,1.39,5
C,2006,Pisaster ochraceus,1.93677,1
C,2006,Pisaster ochraceus,1.75882,2
C,2006,Pisaster ochraceus,1.4866,1
C,2006,Pisaster ochraceus,1.35282,7
C,2006,Pisaster ochraceus,1.22,6
C,2006,Pisaster ochraceus,1.02,5
C,2006,Pisaster ochraceus,2.12546,1
C,2006,Pisaster ochraceus,1.95399,1
C,2006,Pisaster ochraceus,1.89,10
C,2006,Pisaster ochraceus,-0.45,4
C,2006,Pisaster ochraceus,-0.4187,3
C,2006,Pisaster ochraceus,-0.09,1
C,2006,Pisaster ochraceus,-0.45,1
C,2006,Pisaster ochraceus,0.64,1
C,2006,Pisaster ochraceus,0.92,1
C,2006,Pisaster ochraceus,1.35,1
C,2006,Pisaster ochraceus,0.7,1
C,2006,Pisaster ochraceus,0.31,1
C,2006,Pisaster ochraceus,-0.09,1
C,2006,Pisaster ochraceus,1.15437,1
C,2006,Pisaster ochraceus,1.15484,3
C,2006,Pisaster ochraceus,1.15301,1
C,2006,Pisaster ochraceus,1.02928,2
C,2006,Pisaster ochraceus,-0.1946,1
C,2006,Pisaster ochraceus,1.05,3
C,2006,Pisaster ochraceus,1.61,1
C,2006,Pisaster ochraceus,1.22,7
C,2006,Pisaster ochraceus,1.7,5
C,2006,Pisaster ochraceus,1.41505,1
C,2006,Pisaster ochraceus,1.13,2
C,2006,Pisaster ochraceus,1.45,2
C,2006,Pisaster ochraceus,1.68987,1
C,2006,Pisaster ochraceus,1.7,1
C,2006,Pisaster ochraceus,1.19469,1
C,2006,Pisaster ochraceus,0.69,1
C,2006,Pisaster ochraceus,1.31,1
C,2006,Pisaster ochraceus,0.71,3
C,2006,Pisaster ochraceus,1.29491,1
C,2006,Pisaster ochraceus,1.88,4
C,2006,Pisaster ochraceus,2.03489,1
C,2006,Pisaster ochraceus,2.3279,1
C,2006,Pisaster ochraceus,2.37,8
C,2006,Pisaster ochraceus,0.81,7
C,2006,Pisaster ochraceus,-0.38,1
C,2006,Pisaster ochraceus,-0.31,5
C,2006,Pisaster ochraceus,1.13,5
C,2006,Pisaster ochraceus,0.79,2
C,2006,Pisaster ochraceus,1.11,1
C,2006,Pisaster ochraceus,0.51023,1
C,2006,Pisaster ochraceus,0.47045,1
C,2006,Pisaster ochraceus,0.0658,3
C,2006,Pisaster ochraceus,0.62477,3
C,2006,Pisaster ochraceus,1.1,29
C,2006,Pisaster ochraceus,1.32,2
C,2006,Pisaster ochraceus,1.46891,5
C,2006,Pisaster ochraceus,1.91,1
C,2006,Pisaster ochraceus,1.92352,2
C,2006,Pisaster ochraceus,1.81,6
C,2006,Pisaster ochraceus,1.33502,5
C,2006,Pisaster ochraceus,1.11,2
C,2006,Pisaster ochraceus,1.2,13
C,2006,Pisaster ochraceus,0.22,1
C,2006,Pisaster ochraceus,1.39941,3
C,2006,Pisaster ochraceus,2.09,1
C,2006,Pisaster ochraceus,2.38,1
C,2006,Pisaster ochraceus,0.94663,4
C,2006,Pisaster ochraceus,0.45,10
C,2006,Pisaster ochraceus,0.8029,4
C,2006,Pisaster ochraceus,0.66,1
C,2006,Pisaster ochraceus,0.74061,1
C,2006,Pisaster ochraceus,0.21,4
C,2006,Pisaster ochraceus,0.78,1
C,2006,Pisaster ochraceus,1.57546,1
C,2006,Pisaster ochraceus,1.61788,4
C,2006,Pisaster ochraceus,1.74143,2
C,2006,Pisaster ochraceus,0.61507,6
C,2006,Pisaster ochraceus,-0.0314,7
C,2006,Pisaster ochraceus,1.44141,2
C,2006,Pisaster ochraceus,1.59719,12
C,2006,Pisaster ochraceus,1.75379,3
C,2006,Pisaster ochraceus,1.91,10
C,2006,Pisaster ochraceus,1.88436,4
C,2006,Pisaster ochraceus,1.85868,4
C,2006,Pisaster ochraceus,1.82537,2
C,2006,Pisaster ochraceus,1.79646,1
C,2006,Pisaster ochraceus,1.76753,4
C,2006,Pisaster ochraceus,1.73875,1
C,2006,Pisaster ochraceus,1.71189,2
C,2006,Pisaster ochraceus,1.68,2
C,2006,Pisaster ochraceus,1.17001,14
C,2006,Pisaster ochraceus,0.20847,1
C,2006,Pisaster ochraceus,0.0588,1
C,2006,Pisaster ochraceus,-0.09,3
C,2006,Pisaster ochraceus,1.23481,1
C,2006,Pisaster ochraceus,1.84528,4
C,2006,Pisaster ochraceus,2.01,3
C,2006,Pisaster ochraceus,0.87,2
C,2006,Pisaster ochraceus,0.93,2
C,2006,Pisaster ochraceus,-0.12,1
C,2006,Pisaster ochraceus,0.65,1
C,2006,Pisaster ochraceus,0.53,4
C,2006,Pisaster ochraceus,0.57004,1
C,2006,Pisaster ochraceus,0.30482,2
C,2006,Pisaster ochraceus,1.46473,1
C,2006,Pisaster ochraceus,1.72306,1
C,2006,Pisaster ochraceus,0.76,3
C,2006,Pisaster ochraceus,2.01971,1
C,2006,Pisaster ochraceus,1.93985,8
C,2006,Pisaster ochraceus,1.9,1
C,2006,Pisaster ochraceus,1.70009,4
C,2006,Pisaster ochraceus,1.50085,3
C,2006,Pisaster ochraceus,1.30082,7
C,2006,Pisaster ochraceus,1.1,1
C,2006,Pisaster ochraceus,0.88584,1
C,2006,Pisaster ochraceus,0.56498,1
C,2006,Pisaster ochraceus,0.46,4
C,2006,Pisaster ochraceus,1.56444,4
C,2006,Pisaster ochraceus,1.66957,1
C,2006,Pisaster ochraceus,1.88038,4
C,2006,Pisaster ochraceus,1.98532,1
C,2006,Pisaster ochraceus,1.11,2
C,2006,Pisaster ochraceus,1.04,3
C,2006,Pisaster ochraceus,1.03,2
C,2006,Pisaster ochraceus,0.91,1
C,2006,Pisaster ochraceus,0.58,2
C,2006,Pisaster ochraceus,0.3,1
C,2006,Pisaster ochraceus,-0.18,3
C,2006,Pisaster ochraceus,0.4385,1
C,2006,Pisaster ochraceus,0.0652,1
C,2006,Pisaster ochraceus,0.17,2
C,2006,Pisaster ochraceus,1.76,1
C,2006,Pisaster ochraceus,0.91559,6
C,2006,Pisaster ochraceus,0.56812,1
C,2006,Pisaster ochraceus,0.21924,1
C,2006,Pisaster ochraceus,1.35467,1
C,2006,Pisaster ochraceus,1.68027,2
C,2006,Pisaster ochraceus,1.41216,2
C,2006,Pisaster ochraceus,1.27717,7
C,2006,Pisaster ochraceus,1.14257,2
C,2006,Pisaster ochraceus,1.01,1
C,2006,Pisaster ochraceus,0.73709,1
C,2006,Pisaster ochraceus,0.67292,2
C,2006,Pisaster ochraceus,1.51,2
C,2006,Pisaster ochraceus,1.55414,3
C,2006,Pisaster ochraceus,1.60042,7
C,2006,Pisaster ochraceus,1.64832,1
C,2006,Pisaster ochraceus,1.69843,6
C,2006,Pisaster ochraceus,1.74978,1
C,2006,Pisaster ochraceus,1.72695,3
C,2006,Pisaster ochraceus,1.71,1
C,2006,Pisaster ochraceus,1.82,2
C,2006,Pisaster ochraceus,0.86,3
C,2006,Pisaster ochraceus,-0.03,2
C,2006,Pisaster ochraceus,0.12,2
C,2006,Pisaster ochraceus,1.15,2
C,2006,Pisaster ochraceus,1.38,1
C,2006,Pisaster ochraceus,0.71304,1
C,2006,Pisaster ochraceus,0.8849,1
C,2006,Pisaster ochraceus,0.22422,1
C,2006,Pisaster ochraceus,1.17744,1
C,2006,Pisaster ochraceus,1.18105,1
C,2006,Pisaster ochraceus,0.56,1
C,2006,Pisaster ochraceus,0.33,4
C,2006,Pisaster ochraceus,2.51719,1
C,2006,Pisaster ochraceus,1.37483,4
C,2006,Pisaster ochraceus,-0.06,1
C,2006,Pisaster ochraceus,-0.1008,1
C,2006,Pisaster ochraceus,-0.2186,1
C,2006,Pisaster ochraceus,-0.2909,1
C,2006,Pisaster ochraceus,-0.3252,1
C,2006,Pisaster ochraceus,-0.43,1
C,2006,Pisaster ochraceus,-0.2797,3
C,2006,Pisaster ochraceus,-0.13,5
C,2006,Pisaster ochraceus,1.22,4
C,2006,Pisaster ochraceus,0.24,2
C,2006,Pisaster ochraceus,-0.31,1
C,2006,Pisaster ochraceus,0.25,1
C,2006,Pisaster ochraceus,0.63,2
C,2006,Pisaster ochraceus,0.73535,3
C,2006,Pisaster ochraceus,-0.2149,1
C,2006,Pisaster ochraceus,-0.1699,3
C,2006,Pisaster ochraceus,-0.19,1
C,2006,Pisaster ochraceus,0.13,1
C,2006,Pisaster ochraceus,0.36636,1
C,2006,Pisaster ochraceus,0.10521,3
C,2006,Pisaster ochraceus,0.99914,4
C,2006,Pisaster ochraceus,0.46642,4
C,2006,Pisaster ochraceus,0.49565,7
C,2006,Pisaster ochraceus,0.841,1
C,2006,Pisaster ochraceus,1.22,4
C,2006,Pisaster ochraceus,0.87,1
C,2006,Pisaster ochraceus,1.31,10
C,2006,Pisaster ochraceus,1.15098,5
C,2006,Pisaster ochraceus,0.66,9
C,2006,Pisaster ochraceus,0.30482,4
C,2006,Pisaster ochraceus,-0.0514,3
C,2006,Pisaster ochraceus,-0.0441,4
C,2006,Pisaster ochraceus,-0.0344,4
C,2006,Pisaster ochraceus,-0.0286,2
C,2006,Pisaster ochraceus,-0.0246,3
C,2006,Pisaster ochraceus,-0.69,1
C,2006,Pisaster ochraceus,-0.666,9
C,2006,Pisaster ochraceus,-0.6326,2
C,2006,Pisaster ochraceus,-0.11,11
C,2006,Pisaster ochraceus,0.0159,1
C,2006,Pisaster ochraceus,0.14271,4
C,2006,Pisaster ochraceus,0.4,1
C,2006,Pisaster ochraceus,-0.4189,3
C,2006,Pisaster ochraceus,0.37854,2
C,2006,Pisaster ochraceus,0.21157,3
C,2006,Pisaster ochraceus,0.96,2
C,2006,Pisaster ochraceus,1.32069,3
C,2006,Pisaster ochraceus,1.32,2
C,2006,Pisaster ochraceus,0.88,11
C,2006,Pisaster ochraceus,0.46,1
C,2006,Pisaster ochraceus,0.36,1
C,2006,Pisaster ochraceus,0.16022,6
C,2006,Pisaster ochraceus,1.17498,3
C,2006,Pisaster ochraceus,1.39319,8
C,2006,Pisaster ochraceus,1.07237,3
C,2006,Pisaster ochraceus,0.91272,11
C,2006,Pisaster ochraceus,1.31,9
C,2006,Pisaster ochraceus,1.33,4
C,2006,Pisaster ochraceus,0.71,3
C,2006,Pisaster ochraceus,0.16,7
C,2006,Pisaster ochraceus,0.13504,3
C,2006,Pisaster ochraceus,-0.26,5
C,2006,Pisaster ochraceus,-0.5358,5
C,2006,Pisaster ochraceus,0.06,3
C,2006,Pisaster ochraceus,-0.78,6
C,2006,Pisaster ochraceus,-0.06,3
C,2006,Pisaster ochraceus,0.0151,1
C,2006,Pisaster ochraceus,0.09176,3
C,2006,Pisaster ochraceus,0.29559,5
C,2006,Pisaster ochraceus,1.66,3
C,2006,Pisaster ochraceus,0.95,1
C,2006,Pisaster ochraceus,0.44,4
C,2006,Pisaster ochraceus,-0.77,1
C,2006,Pisaster ochraceus,-1.08,3
C,2006,Pisaster ochraceus,1.14,4
C,2006,Pisaster ochraceus,0.68,1
C,2006,Pisaster ochraceus,0.5,5
C,2006,Pisaster ochraceus,1.00837,3
C,2006,Pisaster ochraceus,0.85,4
C,2006,Pisaster ochraceus,1.03,1
C,2006,Pisaster ochraceus,0.12248,1
C,2006,Pisaster ochraceus,0.31497000000000003,1
C,2006,Pisaster ochraceus,1.09,1
C,2006,Pisaster ochraceus,0.89,3
C,2006,Pisaster ochraceus,0.59,1
C,2006,Pisaster ochraceus,0.06,2
C,2006,Pisaster ochraceus,-0.1326,2
C,2006,Pisaster ochraceus,-0.0259,2
C,2006,Pisaster ochraceus,0.07959,4
C,2006,Pisaster ochraceus,0.18387,3
C,2006,Pisaster ochraceus,0.39,4
C,2006,Pisaster ochraceus,0.26796,1
C,2006,Pisaster ochraceus,0.14473,6
C,2006,Pisaster ochraceus,0.19,4
C,2006,Pisaster ochraceus,0.15145,4
C,2006,Pisaster ochraceus,0.13062000000000001,2
C,2006,Pisaster ochraceus,0.11,5
C,2006,Pisaster ochraceus,-0.855,3
C,2006,Pisaster ochraceus,-0.31,4
C,2006,Pisaster ochraceus,-1.1769,2
C,2006,Pisaster ochraceus,-0.1101,6
C,2006,Pisaster ochraceus,0.14,6
C,2006,Pisaster ochraceus,-0.2101,2
C,2006,Pisaster ochraceus,-0.41,1
C,2006,Pisaster ochraceus,-0.41,2
C,2006,Pisaster ochraceus,0.09,1
C,2014,Pisaster ochraceus,0.82,1
C,2014,Pisaster ochraceus,0.89,1
C,2014,Pisaster ochraceus,-0.03,1
C,2014,Pisaster ochraceus,0.83288,1
C,2014,Pisaster ochraceus,0.65028,1
C,2014,Pisaster ochraceus,1.29491,1
C,2014,Pisaster ochraceus,2.09,1
C,2014,Pisaster ochraceus,0.58,1
C,2014,Pisaster ochraceus,1.84528,1
C,2014,Pisaster ochraceus,1.11029,1
C,2014,Pisaster ochraceus,1.07,1
C,2014,Pisaster ochraceus,1.97982,1
C,2014,Pisaster ochraceus,1.77521,1
C,2014,Pisaster ochraceus,0.27,1
C,2014,Pisaster ochraceus,1.60042,1
C,2014,Pisaster ochraceus,1.69843,1
C,2014,Pisaster ochraceus,1.69843,1
C,2014,Pisaster ochraceus,0.59,1
C,2014,Pisaster ochraceus,-0.49,1
C,2014,Pisaster ochraceus,0.70009,1
C,2014,Pisaster ochraceus,1.18797,1
C,2014,Pisaster ochraceus,1.34008,1
C,2014,Pisaster ochraceus,1.65516,1
C,2014,Pisaster ochraceus,0.06,1
C,2014,Pisaster ochraceus,0.42233,1
C,2014,Pisaster ochraceus,0.11,1
I,2017,Pisaster ochraceus,0.080482991,1
I,2017,Pisaster ochraceus,-0.330751289,1
I,2017,Pisaster ochraceus,0.130009048,1
I,2017,Pisaster ochraceus,-0.259781631,1
I,2017,Pisaster ochraceus,-0.131569188,1
I,2017,Pisaster ochraceus,-0.359988893,1
I,2017,Pisaster ochraceus,-0.359988893,1
I,2017,Pisaster ochraceus,0.744999999,1
I,2017,Pisaster ochraceus,0.529686617,1
I,2017,Pisaster ochraceus,0.529686617,1
I,2017,Pisaster ochraceus,0.395000005,2
I,2017,Pisaster ochraceus,0.357004898,1
I,2017,Pisaster ochraceus,0.357004898,2
I,2017,Pisaster ochraceus,0.235372548,1
I,2017,Pisaster ochraceus,0.235372548,1
I,2017,Pisaster ochraceus,-0.178693814,1
I,2017,Pisaster ochraceus,0.133795753,1
I,2017,Pisaster ochraceus,-0.151889018,1
I,2017,Pisaster ochraceus,-0.151889018,1
I,2017,Pisaster ochraceus,0.355016214,1
I,2017,Pisaster ochraceus,0.188623724,1
I,2017,Pisaster ochraceus,0.031640866,2
I,2017,Pisaster ochraceus,-0.364999999,1
I,2017,Pisaster ochraceus,0.112515664,1
I,2017,Pisaster ochraceus,-0.074999999,1
I,2017,Pisaster ochraceus,-0.074999999,1
I,2017,Pisaster ochraceus,0.214999999,1
I,2017,Pisaster ochraceus,0.422657795,1
I,2017,Pisaster ochraceus,0.229365367,1
I,2017,Pisaster ochraceus,0.350679997,1
I,2017,Pisaster ochraceus,0.350679997,1
I,2017,Pisaster ochraceus,0.33997076,1
I,2017,Pisaster ochraceus,0.09796001,1
I,2017,Pisaster ochraceus,0.09796001,1
I,2017,Pisaster ochraceus,0.055000001,1
I,2017,Pisaster ochraceus,0.318691096,1
I,2017,Pisaster ochraceus,0.318691096,1
I,2017,Pisaster ochraceus,0.425116348,1
I,2017,Pisaster ochraceus,0.425116348,1
I,2017,Pisaster ochraceus,0.358176147,2
I,2017,Pisaster ochraceus,0.347811723,1
I,2017,Pisaster ochraceus,0.347811723,1
I,2017,Pisaster ochraceus,0.325,2
I,2017,Pisaster ochraceus,-0.535000003,1
I,2017,Pisaster ochraceus,-0.535000003,1
I,2017,Pisaster ochraceus,0.412674527,1
I,2017,Pisaster ochraceus,0.412674527,1
I,2017,Pisaster ochraceus,0.412674527,1
I,2017,Pisaster ochraceus,0.412674527,1
I,2017,Pisaster ochraceus,0.095,1
I,2017,Pisaster ochraceus,0.256511577,1
I,2017,Pisaster ochraceus,0.301014568,1
I,2017,Pisaster ochraceus,0.287019028,1
I,2021,Pisaster ochraceus,-0.305367872,1
I,2021,Pisaster ochraceus,-0.330751289,1
I,2021,Pisaster ochraceus,-0.784999999,1
I,2021,Pisaster ochraceus,0.245000001,1
I,2021,Pisaster ochraceus,0.245000001,1
I,2021,Pisaster ochraceus,-0.535118433,1
I,2021,Pisaster ochraceus,-0.53555961,1
I,2021,Pisaster ochraceus,-0.450062936,1
I,2021,Pisaster ochraceus,-0.178628411,1
I,2021,Pisaster ochraceus,-0.178628411,1
I,2021,Pisaster ochraceus,-0.178628411,1
I,2021,Pisaster ochraceus,-0.495083213,1
I,2021,Pisaster ochraceus,-0.495083213,1
I,2021,Pisaster ochraceus,-0.105000004,1
I,2021,Pisaster ochraceus,-0.404994702,1
I,2021,Pisaster ochraceus,-0.284999999,1
I,2021,Pisaster ochraceus,-0.615000001,1
I,2021,Pisaster ochraceus,0.485000001,1
I,2021,Pisaster ochraceus,-0.304974857,1
I,2021,Pisaster ochraceus,-0.563381676,1
I,2021,Pisaster ochraceus,0.112291324,1
I,2021,Pisaster ochraceus,0.315,1
I,2021,Pisaster ochraceus,0.444907367,1
I,2021,Pisaster ochraceus,0.23002327,1
I,2021,Pisaster ochraceus,-0.62507767,1
I,2021,Pisaster ochraceus,-0.62507767,1
I,2021,Pisaster ochraceus,0.014849842,1
I,2021,Pisaster ochraceus,-0.309931905,1
I,2021,Pisaster ochraceus,-0.181520099,1
I,2021,Pisaster ochraceus,-0.583433428,1
I,2021,Pisaster ochraceus,-0.167159778,1
I,2021,Pisaster ochraceus,-0.167159778,1
I,2021,Pisaster ochraceus,0.133795753,1
I,2021,Pisaster ochraceus,-0.186227427,1
I,2021,Pisaster ochraceus,-0.322803789,1
I,2021,Pisaster ochraceus,0.355016214,1
I,2021,Pisaster ochraceus,0.356766363,1
I,2021,Pisaster ochraceus,0.356766363,1
I,2021,Pisaster ochraceus,-0.695,1
I,2021,Pisaster ochraceus,-0.55395897,1
I,2021,Pisaster ochraceus,0.287113038,1
I,2021,Pisaster ochraceus,0.287113038,1
I,2021,Pisaster ochraceus,0.414999998,1
I,2021,Pisaster ochraceus,-0.267682728,1
I,2021,Pisaster ochraceus,-0.06666736,1
I,2021,Pisaster ochraceus,0.087051376,1
I,2021,Pisaster ochraceus,-0.056527054,1
I,2021,Pisaster ochraceus,-0.149330586,1
I,2021,Pisaster ochraceus,-0.204975633,1
I,2021,Pisaster ochraceus,0.131772653,1
I,2021,Pisaster ochraceus,0.419972929,1
I,2021,Pisaster ochraceus,0.465000001,1
I,2021,Pisaster ochraceus,0.60603173,1
I,2021,Pisaster ochraceus,0.60603173,1
I,2021,Pisaster ochraceus,0.570037022,1
I,2021,Pisaster ochraceus,0.485004805,1
I,2021,Pisaster ochraceus,4.46752e-4,1
I,2021,Pisaster ochraceus,4.46752e-4,1
I,2021,Pisaster ochraceus,0.145079819,1
I,2021,Pisaster ochraceus,-0.322281256,1
I,2021,Pisaster ochraceus,-0.322281256,1
I,2021,Pisaster ochraceus,-0.43884451,1
I,2021,Pisaster ochraceus,-0.015022053,1
I,2021,Pisaster ochraceus,0.32962376,1
I,2021,Pisaster ochraceus,-0.995000001,1
I,2021,Pisaster ochraceus,0.147295435,1
I,2021,Pisaster ochraceus,0.228834086,1
