"","doy","t","temp","seas","thresh"
"1",169,2006-06-17,11.63115385,11.3557,13.3921
"2",170,2006-06-18,10.1728,11.3868,13.441
"3",171,2006-06-19,9.897055556,11.4175,13.4788
"4",172,2006-06-20,11.76605263,11.4467,13.519
"5",173,2006-06-21,11.13163636,11.4758,13.5571
"6",174,2006-06-22,11.50143478,11.5053,13.5935
"7",175,2006-06-23,11.61217391,11.5357,13.6317
"8",176,2006-06-24,13.03227273,11.568,13.6685
"9",177,2006-06-25,14.19508696,11.6018,13.693
"10",178,2006-06-26,14.44817391,11.6405,13.7175
"11",179,2006-06-27,14.2533,11.6866,13.7523
"12",180,2006-06-28,14.30492857,11.7397,13.796
"13",181,2006-06-29,14.5554,11.798,13.85
"14",182,2006-06-30,14.74055556,11.8608,13.9162
"15",183,2006-07-01,16.408,11.9269,14.0073
"16",184,2006-07-02,13.7772,11.9964,14.1033
"17",185,2006-07-03,13.25469231,12.068,14.2047
"18",186,2006-07-04,12.481625,12.1421,14.3146
"19",187,2006-07-05,11.61084211,12.2164,14.4197
"20",188,2006-07-06,10.80415,12.2908,14.5335
"21",189,2006-07-07,11.76009091,12.3636,14.645
"22",190,2006-07-08,11.045,12.4341,14.7415
"23",191,2006-07-09,10.54420833,12.5026,14.8385
"24",192,2006-07-10,10.49481818,12.571,14.9216
"25",193,2006-07-11,10.82616,12.6384,14.9951
"26",194,2006-07-12,11.61584615,12.705,15.0645
"27",195,2006-07-13,12.43932,12.7701,15.121
"28",196,2006-07-14,11.9725,12.8333,15.1749
"29",197,2006-07-15,13.49757692,12.8931,15.2321
"30",198,2006-07-16,13.33455,12.9516,15.2889
"31",199,2006-07-17,13.97031579,13.0095,15.3413
"32",200,2006-07-18,13.73319048,13.0657,15.39
"33",201,2006-07-19,14.24665217,13.118,15.4299
"34",202,2006-07-20,15.808,13.1652,15.4641
"35",203,2006-07-21,16.44666667,13.2065,15.4875
"36",204,2006-07-22,17.14688,13.2432,15.5058
"37",205,2006-07-23,15.91096429,13.2771,15.5193
"38",206,2006-07-24,14.95011538,13.3082,15.5251
"39",207,2006-07-25,16.25521739,13.3356,15.5304
"40",208,2006-07-26,15.86738095,13.3602,15.5352
"41",209,2006-07-27,16.123,13.381,15.5388
"42",210,2006-07-28,16.21469231,13.3971,15.5397
"43",211,2006-07-29,16.57361538,13.4102,15.5402
"44",212,2006-07-30,18.207,13.4235,15.5371
"45",213,2006-07-31,13.68121429,13.4377,15.5296
"46",214,2006-08-01,13.298125,13.4548,15.5268
"47",215,2006-08-02,13.36994737,13.4728,15.5313
"48",216,2006-08-03,12.91066667,13.4916,15.5407
"49",217,2006-08-04,13.3983913,13.511,15.5527
"50",218,2006-08-05,16.44691667,13.5324,15.5673
"51",219,2006-08-06,15.095125,13.5558,15.5738
"52",220,2006-08-07,14.81673913,13.5799,15.5761
"53",221,2006-08-08,14.72174074,13.6039,15.5761
"54",222,2006-08-09,15.136,13.6259,15.5751
"55",223,2006-08-10,13.55577778,13.6417,15.5686
"56",224,2006-08-11,13.09634615,13.6512,15.5588
"57",225,2006-08-12,13.28266667,13.6545,15.5488
"58",226,2006-08-13,13.95807143,13.6537,15.5402
"59",227,2006-08-14,14.45131579,13.6486,15.5264
"60",228,2006-08-15,14.75433333,13.6395,15.4995
"61",229,2006-08-16,14.68704348,13.6255,15.4725
"62",230,2006-08-17,14.67526087,13.6076,15.4564
"63",231,2006-08-18,14.94134783,13.588,15.4436
"64",232,2006-08-19,14.92825926,13.5688,15.4323
"65",233,2006-08-20,15.11248148,13.5526,15.4266
"66",234,2006-08-21,14.76166667,13.5434,15.4321
"67",235,2006-08-22,14.72923077,13.5405,15.4439
"68",236,2006-08-23,13.71752381,13.5419,15.4601
"69",237,2006-08-24,13.79326316,13.5468,15.487
"70",238,2006-08-25,13.8094375,13.5574,15.5217
"71",239,2006-08-26,14.03061538,13.5706,15.5613
"72",240,2006-08-27,14.19481818,13.5869,15.6021
"73",241,2006-08-28,14.23657143,13.6043,15.6428
"74",242,2006-08-29,13.2804375,13.6212,15.6772
"75",243,2006-08-30,14.82022222,13.6368,15.7163
"76",244,2006-08-31,15.4827,13.6495,15.76
"77",245,2006-09-01,14.22395455,13.6575,15.8041
"78",246,2006-09-02,14.61272727,13.6602,15.8234
"79",247,2006-09-03,14.06854545,13.6583,15.8279
"80",248,2006-09-04,14.08595455,13.6517,15.8204
"81",249,2006-09-05,13.44396429,13.6386,15.8019
"82",250,2006-09-06,12.60986207,13.6213,15.7813
"83",251,2006-09-07,13.48622222,13.6001,15.7582
"84",252,2006-09-08,13.15803704,13.5776,15.7323
"85",253,2006-09-09,13.11676923,13.5547,15.6998
"86",254,2006-09-10,12.70528,13.5335,15.6674
"87",255,2006-09-11,13.39225,13.5149,15.6355
"88",256,2006-09-12,13.75904762,13.4999,15.6067
"89",257,2006-09-13,13.33009091,13.4872,15.5835
"90",258,2006-09-14,13.78481818,13.4773,15.5671
"91",259,2006-09-15,12.02204762,13.4698,15.5579
"92",260,2006-09-16,12.2138,13.4654,15.5496
"93",261,2006-09-17,12.20274074,13.4634,15.5361
"94",262,2006-09-18,12.07615385,13.4634,15.5229
"95",263,2006-09-19,11.51166667,13.4646,15.5108
"96",264,2006-09-20,11.36604762,13.4651,15.4968
"97",265,2006-09-21,11.03585,13.4619,15.4785
"98",266,2006-09-22,11.18211111,13.4538,15.4595
"99",267,2006-09-23,12.013,13.4421,15.435
"100",268,2006-09-24,12.77307143,13.4283,15.4088
"101",269,2006-09-25,13.12106667,13.412,15.3766
"102",270,2006-09-26,13.365,13.3948,15.3444
"103",271,2006-09-27,13.28921053,13.3756,15.3122
"104",272,2006-09-28,13.1246,13.3566,15.2819
"105",273,2006-09-29,13.35128571,13.3382,15.259
"106",274,2006-09-30,14.20436842,13.3197,15.2302
"107",275,2006-10-01,14.01116667,13.3016,15.1969
"108",276,2006-10-02,14.38265,13.2856,15.1607
"109",277,2006-10-03,13.86824,13.2732,15.1441
"110",278,2006-10-04,13.82753846,13.263,15.1336
"111",279,2006-10-05,13.97960714,13.2556,15.1285
"112",280,2006-10-06,13.53977778,13.2518,15.1304
"113",281,2006-10-07,13.59976,13.2491,15.1328
"114",282,2006-10-08,14.05276,13.2475,15.1388
"115",283,2006-10-09,14.33240741,13.2443,15.1459
"116",284,2006-10-10,15.02711111,13.2405,15.1561
"117",285,2006-10-11,15.36472727,13.2368,15.1698
"118",286,2006-10-12,14.65663636,13.2338,15.1829
"119",287,2006-10-13,14.50689474,13.2307,15.1875
"120",288,2006-10-14,14.50328571,13.2274,15.1865
"121",289,2006-10-15,14.1842381,13.223,15.1791
"122",290,2006-10-16,14.33568421,13.2177,15.1708
"123",291,2006-10-17,12.94517647,13.2105,15.1614
"124",292,2006-10-18,13.52942857,13.2016,15.1444
"125",293,2006-10-19,13.54108333,13.1923,15.125
"126",294,2006-10-20,13.92121429,13.1832,15.104
"127",295,2006-10-21,13.94826667,13.1748,15.0826
"128",296,2006-10-22,14.44388235,13.1665,15.0609
"129",297,2006-10-23,14.5595,13.1579,15.0365
"130",298,2006-10-24,13.92684211,13.1483,15.0155
"131",299,2006-10-25,14.41661905,13.1365,14.9914
"132",300,2006-10-26,14.60413636,13.123,14.9668
"133",301,2006-10-27,14.93909091,13.107,14.9401
"134",302,2006-10-28,14.68683333,13.0891,14.9106
"135",303,2006-10-29,13.7436,13.0699,14.8811
"136",304,2006-10-30,14.075,13.0486,14.8474
"137",305,2006-10-31,14.11847368,13.0253,14.8072
"138",306,2006-11-01,14.05104545,13.0002,14.7626
"139",307,2006-11-02,14.345125,12.9735,14.7138
"140",308,2006-11-03,14.21130769,12.9463,14.6595
"141",309,2006-11-04,14.47065517,12.9187,14.6041
"142",310,2006-11-05,14.40269231,12.8896,14.5476
"143",311,2006-11-06,14.343,12.859,14.4909
"144",312,2006-11-07,14.04106452,12.8278,14.4347
"145",313,2006-11-08,14.19090625,12.7966,14.3773
"146",314,2006-11-09,13.0562069,12.7661,14.3216
"147",315,2006-11-10,12.71092593,12.7355,14.267
"148",316,2006-11-11,12.743,12.7054,14.2135
"149",317,2006-11-12,11.6056,12.675,14.1634
"150",318,2006-11-13,12.19818182,12.6437,14.1223
"151",319,2006-11-14,12.29591667,12.6104,14.0868
"152",320,2006-11-15,12.11,12.5768,14.0586
"153",321,2006-11-16,12.497,12.5439,14.0309
"154",322,2006-11-17,12.629875,12.5122,14.0034
"155",323,2006-11-18,12.88827778,12.4813,13.9821
"156",324,2006-11-19,13.11668421,12.4506,13.9631
"157",325,2006-11-20,13.09545,12.4204,13.9447
"158",326,2006-11-21,13.33895455,12.3909,13.9268
"159",327,2006-11-22,13.33578261,12.3625,13.9083
"160",328,2006-11-23,13.09620833,12.3347,13.8886
"161",329,2006-11-24,12.30352174,12.3086,13.8657
"162",330,2006-11-25,12.1055,12.2841,13.8425
"163",331,2006-11-26,11.36995833,12.2606,13.8196
"164",332,2006-11-27,11.65052632,12.2387,13.7982
"165",333,2006-11-28,11.20135714,12.2186,13.7796
"166",334,2006-11-29,10.72375,12.1998,13.7609
"167",335,2006-11-30,10.47133333,12.1819,13.7447
"168",336,2006-12-01,10.85565,12.1643,13.7332
"169",337,2006-12-02,11.12536364,12.1471,13.7208
"170",338,2006-12-03,11.26272414,12.1296,13.6985
"171",339,2006-12-04,11.45107143,12.1108,13.6782
"172",340,2006-12-05,11.93536667,12.0908,13.6563
"173",341,2006-12-06,11.92772727,12.0705,13.6319
"174",342,2006-12-07,12.20063636,12.0493,13.6071
"175",343,2006-12-08,12.23933333,12.0272,13.5782
"176",344,2006-12-09,12.39674074,12.0045,13.546
"177",345,2006-12-10,12.58373684,11.9809,13.5111
"178",346,2006-12-11,12.2264,11.9568,13.4717
"179",347,2006-12-12,12.03725,11.9317,13.4315
"180",348,2006-12-13,12.10307143,11.9058,13.3893
"181",349,2006-12-14,12.207,11.88,13.3423
"182",350,2006-12-15,12.11,11.8554,13.2936
"183",351,2006-12-16,11.85984211,11.8315,13.244
"184",352,2006-12-17,11.625,11.8077,13.1951
"185",353,2006-12-18,11.28252174,11.7842,13.1469
"186",354,2006-12-19,11.21078261,11.7613,13.0996
"187",355,2006-12-20,11.11833333,11.7384,13.0529
"188",356,2006-12-21,11.3109,11.7153,13.006
"189",357,2006-12-22,11.57806452,11.692,12.9599
"190",358,2006-12-23,11.4698,11.6684,12.9151
"191",359,2006-12-24,11.20593103,11.6444,12.8717
"192",360,2006-12-25,11.11242308,11.6197,12.8318
"193",361,2006-12-26,11.55571429,11.5943,12.7928
"194",362,2006-12-27,11.3885625,11.5685,12.754
"195",363,2006-12-28,11.20021053,11.5427,12.7177
"196",364,2006-12-29,10.85490909,11.5176,12.6824
"197",365,2006-12-30,10.79917391,11.4932,12.6486
"198",366,2006-12-31,11.1584,11.47,12.6162
"199",1,2007-01-01,10.9804375,11.4481,12.5855
"200",2,2007-01-02,10.97313333,11.428,12.5603
"201",3,2007-01-03,11.08378125,11.4098,12.5478
"202",4,2007-01-04,11.28967742,11.3939,12.5378
"203",5,2007-01-05,10.76074194,11.3805,12.5325
"204",6,2007-01-06,10.6977037,11.3697,12.5328
"205",7,2007-01-07,10.59277273,11.3617,12.5377
"206",8,2007-01-08,10.0336,11.3556,12.547
"207",9,2007-01-09,10.259,11.3513,12.5599
"208",10,2007-01-10,10.189,11.3486,12.5763
"209",11,2007-01-11,9.4536875,11.3475,12.5971
"210",12,2007-01-12,9.1705,11.348,12.6183
"211",13,2007-01-13,8.9283,11.3494,12.6406
"212",14,2007-01-14,8.964454545,11.3523,12.6644
"213",15,2007-01-15,8.913304348,11.3565,12.6898
"214",16,2007-01-16,8.796083333,11.3614,12.715
"215",17,2007-01-17,9.264107143,11.3669,12.7391
"216",18,2007-01-18,9.503714286,11.3733,12.7586
"217",19,2007-01-19,9.58762069,11.3807,12.7704
"218",20,2007-01-20,9.6235,11.3887,12.7815
"219",21,2007-01-21,9.706551724,11.3973,12.7927
"220",22,2007-01-22,9.829555556,11.4064,12.8031
"221",23,2007-01-23,9.807636364,11.4166,12.8193
"222",24,2007-01-24,9.419588235,11.4282,12.8361
"223",25,2007-01-25,9.601947368,11.4408,12.852
"224",26,2007-01-26,9.960285714,11.4538,12.8678
"225",27,2007-01-27,9.866,11.4675,12.8837
"226",28,2007-01-28,9.965,11.482,12.8989
"227",29,2007-01-29,10.04948276,11.4961,12.9135
"228",30,2007-01-30,10.2619697,11.5088,12.9264
"229",31,2007-01-31,10.2786,11.5201,12.9381
"230",32,2007-02-01,10.224,11.5299,12.9482
"231",33,2007-02-02,10.29669231,11.5379,12.955
"232",34,2007-02-03,10.52016667,11.5436,12.9609
"233",35,2007-02-04,10.71571429,11.5467,12.9687
"234",36,2007-02-05,10.803375,11.5475,12.9745
"235",37,2007-02-06,10.7286,11.546,12.9782
"236",38,2007-02-07,10.88683333,11.5416,12.9776
"237",39,2007-02-08,10.846,11.5344,12.9717
"238",40,2007-02-09,10.96825,11.5249,12.9648
"239",41,2007-02-10,11.139,11.5145,12.9573
"240",42,2007-02-11,11.236,11.5038,12.9502
"241",43,2007-02-12,11.20828571,11.4934,12.9431
"242",44,2007-02-13,11.31172727,11.4835,12.937
"243",45,2007-02-14,10.97486364,11.4749,12.9303
"244",46,2007-02-15,11.14630769,11.4672,12.9236
"245",47,2007-02-16,10.95476923,11.4604,12.9174
"246",48,2007-02-17,11.22480769,11.4545,12.9116
"247",49,2007-02-18,11.00985714,11.4492,12.909
"248",50,2007-02-19,10.30255556,11.4441,12.9133
"249",51,2007-02-20,9.944125,11.4396,12.9192
"250",52,2007-02-21,10.21326667,11.4353,12.923
"251",53,2007-02-22,10.30255556,11.4314,12.9253
"252",54,2007-02-23,9.866,11.4271,12.9184
"253",55,2007-02-24,9.941428571,11.4224,12.913
"254",56,2007-02-25,10.15654545,11.4172,12.9117
"255",57,2007-02-26,10.27766667,11.4119,12.9058
"256",58,2007-02-27,10.161,11.4057,12.8975
"257",59,2007-02-28,10.08840741,11.3989,12.8879
"258",61,2007-03-01,10.1022,11.388,12.8819
"259",62,2007-03-02,10.15652174,11.3845,12.8797
"260",63,2007-03-03,10.1503,11.3813,12.8782
"261",64,2007-03-04,10.645,11.3781,12.8786
"262",65,2007-03-05,11.04083333,11.3754,12.8788
"263",66,2007-03-06,10.63944444,11.3728,12.8726
"264",67,2007-03-07,10.553,11.3694,12.8623
"265",68,2007-03-08,10.5285,11.3657,12.8511
"266",69,2007-03-09,10.22884615,11.3626,12.8393
"267",70,2007-03-10,10.357,11.3598,12.8267
"268",71,2007-03-11,NA,11.3566,12.813
"269",72,2007-03-12,NA,11.3519,12.7957
"270",73,2007-03-13,NA,11.345,12.7744
"271",74,2007-03-14,NA,11.3361,12.7527
"272",75,2007-03-15,NA,11.3247,12.7305
"273",76,2007-03-16,NA,11.3102,12.7071
"274",77,2007-03-17,NA,11.2934,12.6817
"275",78,2007-03-18,NA,11.2742,12.6551
"276",79,2007-03-19,NA,11.2522,12.6263
"277",80,2007-03-20,NA,11.2278,12.5959
"278",81,2007-03-21,NA,11.2019,12.5632
"279",82,2007-03-22,NA,11.1751,12.53
"280",83,2007-03-23,NA,11.1472,12.4969
"281",84,2007-03-24,NA,11.1182,12.4636
"282",85,2007-03-25,NA,11.0883,12.4351
"283",86,2007-03-26,NA,11.0569,12.4019
"284",87,2007-03-27,NA,11.0241,12.3611
"285",88,2007-03-28,NA,10.9915,12.327
"286",89,2007-03-29,NA,10.9601,12.2967
"287",90,2007-03-30,NA,10.9301,12.2688
"288",91,2007-03-31,NA,10.9002,12.2359
"289",92,2007-04-01,NA,10.8702,12.2038
"290",93,2007-04-02,NA,10.8403,12.1692
"291",94,2007-04-03,NA,10.8117,12.1345
"292",95,2007-04-04,NA,10.7841,12.0987
"293",96,2007-04-05,NA,10.7582,12.0607
"294",97,2007-04-06,NA,10.7355,12.0286
"295",98,2007-04-07,NA,10.7157,12.0027
"296",99,2007-04-08,NA,10.6959,11.9777
"297",100,2007-04-09,NA,10.6749,11.947
"298",101,2007-04-10,NA,10.6525,11.9174
"299",102,2007-04-11,NA,10.6309,11.893
"300",103,2007-04-12,NA,10.6093,11.8635
"301",104,2007-04-13,NA,10.5877,11.8361
"302",105,2007-04-14,NA,10.5669,11.8122
"303",106,2007-04-15,NA,10.5493,11.7948
"304",107,2007-04-16,NA,10.5337,11.7827
"305",108,2007-04-17,NA,10.5184,11.7727
"306",109,2007-04-18,NA,10.5035,11.7606
"307",110,2007-04-19,NA,10.4912,11.7534
"308",111,2007-04-20,NA,10.4818,11.7511
"309",112,2007-04-21,NA,10.475,11.7522
"310",113,2007-04-22,NA,10.4693,11.7501
"311",114,2007-04-23,NA,10.4655,11.7558
"312",115,2007-04-24,NA,10.4647,11.7669
"313",116,2007-04-25,NA,10.4651,11.7753
"314",117,2007-04-26,NA,10.4654,11.7852
"315",118,2007-04-27,NA,10.4667,11.7949
"316",119,2007-04-28,NA,10.4684,11.7924
"317",120,2007-04-29,NA,10.4705,11.7882
"318",121,2007-04-30,NA,10.4708,11.7802
"319",122,2007-05-01,NA,10.4711,11.7704
"320",123,2007-05-02,NA,10.4719,11.7589
"321",124,2007-05-03,NA,10.4734,11.7509
"322",125,2007-05-04,NA,10.4739,11.743
"323",126,2007-05-05,NA,10.4735,11.735
"324",127,2007-05-06,NA,10.4723,11.7243
"325",128,2007-05-07,NA,10.4711,11.7163
"326",129,2007-05-08,NA,10.4704,11.7097
"327",130,2007-05-09,NA,10.4715,11.7039
"328",131,2007-05-10,NA,10.476,11.7109
"329",132,2007-05-11,NA,10.485,11.7244
"330",133,2007-05-12,NA,10.4959,11.7372
"331",134,2007-05-13,NA,10.5093,11.7616
"332",135,2007-05-14,NA,10.5257,11.7886
"333",136,2007-05-15,NA,10.5464,11.8221
"334",137,2007-05-16,NA,10.57,11.8582
"335",138,2007-05-17,NA,10.5966,11.8927
"336",139,2007-05-18,NA,10.6267,11.9335
"337",140,2007-05-19,NA,10.6595,11.9903
"338",141,2007-05-20,NA,10.6951,12.0462
"339",142,2007-05-21,NA,10.7313,12.1037
"340",143,2007-05-22,NA,10.7673,12.165
"341",144,2007-05-23,NA,10.8035,12.2283
"342",145,2007-05-24,NA,10.8373,12.2857
"343",146,2007-05-25,NA,10.8685,12.3476
"344",147,2007-05-26,NA,10.8963,12.4095
"345",148,2007-05-27,NA,10.9208,12.463
"346",149,2007-05-28,NA,10.942,12.5125
"347",150,2007-05-29,NA,10.9593,12.5669
"348",151,2007-05-30,NA,10.9732,12.614
"349",152,2007-05-31,NA,10.9848,12.6376
"350",153,2007-06-01,NA,10.9944,12.6574
"351",154,2007-06-02,NA,11.0024,12.6744
"352",155,2007-06-03,NA,11.0087,12.6859
"353",156,2007-06-04,NA,11.0174,12.7041
"354",157,2007-06-05,NA,11.0284,12.7258
"355",158,2007-06-06,NA,11.043,12.7591
"356",159,2007-06-07,NA,11.0601,12.8048
"357",160,2007-06-08,NA,11.08,12.8501
"358",161,2007-06-09,NA,11.1033,12.9096
"359",162,2007-06-10,NA,11.1287,12.9725
"360",163,2007-06-11,NA,11.156,13.0365
"361",164,2007-06-12,NA,11.1854,13.1037
"362",165,2007-06-13,NA,11.2177,13.1688
"363",166,2007-06-14,NA,11.254,13.2363
"364",167,2007-06-15,NA,11.2897,13.2946
"365",168,2007-06-16,NA,11.3238,13.3444
"366",169,2007-06-17,NA,11.3557,13.3921
"367",170,2007-06-18,NA,11.3868,13.441
"368",171,2007-06-19,NA,11.4175,13.4788
"369",172,2007-06-20,NA,11.4467,13.519
"370",173,2007-06-21,NA,11.4758,13.5571
"371",174,2007-06-22,NA,11.5053,13.5935
"372",175,2007-06-23,NA,11.5357,13.6317
"373",176,2007-06-24,NA,11.568,13.6685
"374",177,2007-06-25,NA,11.6018,13.693
"375",178,2007-06-26,NA,11.6405,13.7175
"376",179,2007-06-27,NA,11.6866,13.7523
"377",180,2007-06-28,NA,11.7397,13.796
"378",181,2007-06-29,NA,11.798,13.85
"379",182,2007-06-30,NA,11.8608,13.9162
"380",183,2007-07-01,NA,11.9269,14.0073
"381",184,2007-07-02,NA,11.9964,14.1033
"382",185,2007-07-03,NA,12.068,14.2047
"383",186,2007-07-04,NA,12.1421,14.3146
"384",187,2007-07-05,NA,12.2164,14.4197
"385",188,2007-07-06,NA,12.2908,14.5335
"386",189,2007-07-07,NA,12.3636,14.645
"387",190,2007-07-08,NA,12.4341,14.7415
"388",191,2007-07-09,NA,12.5026,14.8385
"389",192,2007-07-10,NA,12.571,14.9216
"390",193,2007-07-11,NA,12.6384,14.9951
"391",194,2007-07-12,NA,12.705,15.0645
"392",195,2007-07-13,NA,12.7701,15.121
"393",196,2007-07-14,NA,12.8333,15.1749
"394",197,2007-07-15,NA,12.8931,15.2321
"395",198,2007-07-16,NA,12.9516,15.2889
"396",199,2007-07-17,NA,13.0095,15.3413
"397",200,2007-07-18,NA,13.0657,15.39
"398",201,2007-07-19,NA,13.118,15.4299
"399",202,2007-07-20,NA,13.1652,15.4641
"400",203,2007-07-21,NA,13.2065,15.4875
"401",204,2007-07-22,NA,13.2432,15.5058
"402",205,2007-07-23,NA,13.2771,15.5193
"403",206,2007-07-24,NA,13.3082,15.5251
"404",207,2007-07-25,NA,13.3356,15.5304
"405",208,2007-07-26,NA,13.3602,15.5352
"406",209,2007-07-27,NA,13.381,15.5388
"407",210,2007-07-28,NA,13.3971,15.5397
"408",211,2007-07-29,NA,13.4102,15.5402
"409",212,2007-07-30,NA,13.4235,15.5371
"410",213,2007-07-31,NA,13.4377,15.5296
"411",214,2007-08-01,NA,13.4548,15.5268
"412",215,2007-08-02,NA,13.4728,15.5313
"413",216,2007-08-03,NA,13.4916,15.5407
"414",217,2007-08-04,NA,13.511,15.5527
"415",218,2007-08-05,NA,13.5324,15.5673
"416",219,2007-08-06,NA,13.5558,15.5738
"417",220,2007-08-07,NA,13.5799,15.5761
"418",221,2007-08-08,NA,13.6039,15.5761
"419",222,2007-08-09,NA,13.6259,15.5751
"420",223,2007-08-10,NA,13.6417,15.5686
"421",224,2007-08-11,NA,13.6512,15.5588
"422",225,2007-08-12,NA,13.6545,15.5488
"423",226,2007-08-13,NA,13.6537,15.5402
"424",227,2007-08-14,NA,13.6486,15.5264
"425",228,2007-08-15,NA,13.6395,15.4995
"426",229,2007-08-16,NA,13.6255,15.4725
"427",230,2007-08-17,NA,13.6076,15.4564
"428",231,2007-08-18,NA,13.588,15.4436
"429",232,2007-08-19,NA,13.5688,15.4323
"430",233,2007-08-20,NA,13.5526,15.4266
"431",234,2007-08-21,NA,13.5434,15.4321
"432",235,2007-08-22,NA,13.5405,15.4439
"433",236,2007-08-23,NA,13.5419,15.4601
"434",237,2007-08-24,NA,13.5468,15.487
"435",238,2007-08-25,NA,13.5574,15.5217
"436",239,2007-08-26,NA,13.5706,15.5613
"437",240,2007-08-27,NA,13.5869,15.6021
"438",241,2007-08-28,NA,13.6043,15.6428
"439",242,2007-08-29,NA,13.6212,15.6772
"440",243,2007-08-30,NA,13.6368,15.7163
"441",244,2007-08-31,NA,13.6495,15.76
"442",245,2007-09-01,NA,13.6575,15.8041
"443",246,2007-09-02,NA,13.6602,15.8234
"444",247,2007-09-03,NA,13.6583,15.8279
"445",248,2007-09-04,NA,13.6517,15.8204
"446",249,2007-09-05,NA,13.6386,15.8019
"447",250,2007-09-06,NA,13.6213,15.7813
"448",251,2007-09-07,NA,13.6001,15.7582
"449",252,2007-09-08,NA,13.5776,15.7323
"450",253,2007-09-09,NA,13.5547,15.6998
"451",254,2007-09-10,NA,13.5335,15.6674
"452",255,2007-09-11,NA,13.5149,15.6355
"453",256,2007-09-12,NA,13.4999,15.6067
"454",257,2007-09-13,NA,13.4872,15.5835
"455",258,2007-09-14,NA,13.4773,15.5671
"456",259,2007-09-15,NA,13.4698,15.5579
"457",260,2007-09-16,NA,13.4654,15.5496
"458",261,2007-09-17,NA,13.4634,15.5361
"459",262,2007-09-18,NA,13.4634,15.5229
"460",263,2007-09-19,NA,13.4646,15.5108
"461",264,2007-09-20,NA,13.4651,15.4968
"462",265,2007-09-21,NA,13.4619,15.4785
"463",266,2007-09-22,NA,13.4538,15.4595
"464",267,2007-09-23,NA,13.4421,15.435
"465",268,2007-09-24,NA,13.4283,15.4088
"466",269,2007-09-25,NA,13.412,15.3766
"467",270,2007-09-26,NA,13.3948,15.3444
"468",271,2007-09-27,NA,13.3756,15.3122
"469",272,2007-09-28,NA,13.3566,15.2819
"470",273,2007-09-29,NA,13.3382,15.259
"471",274,2007-09-30,NA,13.3197,15.2302
"472",275,2007-10-01,NA,13.3016,15.1969
"473",276,2007-10-02,NA,13.2856,15.1607
"474",277,2007-10-03,NA,13.2732,15.1441
"475",278,2007-10-04,NA,13.263,15.1336
"476",279,2007-10-05,NA,13.2556,15.1285
"477",280,2007-10-06,NA,13.2518,15.1304
"478",281,2007-10-07,NA,13.2491,15.1328
"479",282,2007-10-08,NA,13.2475,15.1388
"480",283,2007-10-09,NA,13.2443,15.1459
"481",284,2007-10-10,NA,13.2405,15.1561
"482",285,2007-10-11,NA,13.2368,15.1698
"483",286,2007-10-12,NA,13.2338,15.1829
"484",287,2007-10-13,NA,13.2307,15.1875
"485",288,2007-10-14,NA,13.2274,15.1865
"486",289,2007-10-15,NA,13.223,15.1791
"487",290,2007-10-16,NA,13.2177,15.1708
"488",291,2007-10-17,NA,13.2105,15.1614
"489",292,2007-10-18,NA,13.2016,15.1444
"490",293,2007-10-19,NA,13.1923,15.125
"491",294,2007-10-20,NA,13.1832,15.104
"492",295,2007-10-21,NA,13.1748,15.0826
"493",296,2007-10-22,NA,13.1665,15.0609
"494",297,2007-10-23,NA,13.1579,15.0365
"495",298,2007-10-24,NA,13.1483,15.0155
"496",299,2007-10-25,NA,13.1365,14.9914
"497",300,2007-10-26,NA,13.123,14.9668
"498",301,2007-10-27,NA,13.107,14.9401
"499",302,2007-10-28,NA,13.0891,14.9106
"500",303,2007-10-29,NA,13.0699,14.8811
"501",304,2007-10-30,NA,13.0486,14.8474
"502",305,2007-10-31,NA,13.0253,14.8072
"503",306,2007-11-01,NA,13.0002,14.7626
"504",307,2007-11-02,NA,12.9735,14.7138
"505",308,2007-11-03,NA,12.9463,14.6595
"506",309,2007-11-04,NA,12.9187,14.6041
"507",310,2007-11-05,NA,12.8896,14.5476
"508",311,2007-11-06,NA,12.859,14.4909
"509",312,2007-11-07,NA,12.8278,14.4347
"510",313,2007-11-08,NA,12.7966,14.3773
"511",314,2007-11-09,NA,12.7661,14.3216
"512",315,2007-11-10,NA,12.7355,14.267
"513",316,2007-11-11,NA,12.7054,14.2135
"514",317,2007-11-12,NA,12.675,14.1634
"515",318,2007-11-13,NA,12.6437,14.1223
"516",319,2007-11-14,NA,12.6104,14.0868
"517",320,2007-11-15,NA,12.5768,14.0586
"518",321,2007-11-16,NA,12.5439,14.0309
"519",322,2007-11-17,NA,12.5122,14.0034
"520",323,2007-11-18,NA,12.4813,13.9821
"521",324,2007-11-19,NA,12.4506,13.9631
"522",325,2007-11-20,NA,12.4204,13.9447
"523",326,2007-11-21,NA,12.3909,13.9268
"524",327,2007-11-22,NA,12.3625,13.9083
"525",328,2007-11-23,NA,12.3347,13.8886
"526",329,2007-11-24,NA,12.3086,13.8657
"527",330,2007-11-25,NA,12.2841,13.8425
"528",331,2007-11-26,NA,12.2606,13.8196
"529",332,2007-11-27,NA,12.2387,13.7982
"530",333,2007-11-28,NA,12.2186,13.7796
"531",334,2007-11-29,NA,12.1998,13.7609
"532",335,2007-11-30,NA,12.1819,13.7447
"533",336,2007-12-01,NA,12.1643,13.7332
"534",337,2007-12-02,NA,12.1471,13.7208
"535",338,2007-12-03,NA,12.1296,13.6985
"536",339,2007-12-04,NA,12.1108,13.6782
"537",340,2007-12-05,NA,12.0908,13.6563
"538",341,2007-12-06,NA,12.0705,13.6319
"539",342,2007-12-07,NA,12.0493,13.6071
"540",343,2007-12-08,NA,12.0272,13.5782
"541",344,2007-12-09,NA,12.0045,13.546
"542",345,2007-12-10,NA,11.9809,13.5111
"543",346,2007-12-11,NA,11.9568,13.4717
"544",347,2007-12-12,NA,11.9317,13.4315
"545",348,2007-12-13,NA,11.9058,13.3893
"546",349,2007-12-14,NA,11.88,13.3423
"547",350,2007-12-15,NA,11.8554,13.2936
"548",351,2007-12-16,NA,11.8315,13.244
"549",352,2007-12-17,NA,11.8077,13.1951
"550",353,2007-12-18,NA,11.7842,13.1469
"551",354,2007-12-19,NA,11.7613,13.0996
"552",355,2007-12-20,NA,11.7384,13.0529
"553",356,2007-12-21,NA,11.7153,13.006
"554",357,2007-12-22,NA,11.692,12.9599
"555",358,2007-12-23,NA,11.6684,12.9151
"556",359,2007-12-24,NA,11.6444,12.8717
"557",360,2007-12-25,NA,11.6197,12.8318
"558",361,2007-12-26,NA,11.5943,12.7928
"559",362,2007-12-27,NA,11.5685,12.754
"560",363,2007-12-28,NA,11.5427,12.7177
"561",364,2007-12-29,NA,11.5176,12.6824
"562",365,2007-12-30,NA,11.4932,12.6486
"563",366,2007-12-31,NA,11.47,12.6162
"564",1,2008-01-01,NA,11.4481,12.5855
"565",2,2008-01-02,NA,11.428,12.5603
"566",3,2008-01-03,NA,11.4098,12.5478
"567",4,2008-01-04,NA,11.3939,12.5378
"568",5,2008-01-05,NA,11.3805,12.5325
"569",6,2008-01-06,NA,11.3697,12.5328
"570",7,2008-01-07,NA,11.3617,12.5377
"571",8,2008-01-08,NA,11.3556,12.547
"572",9,2008-01-09,NA,11.3513,12.5599
"573",10,2008-01-10,NA,11.3486,12.5763
"574",11,2008-01-11,NA,11.3475,12.5971
"575",12,2008-01-12,NA,11.348,12.6183
"576",13,2008-01-13,NA,11.3494,12.6406
"577",14,2008-01-14,NA,11.3523,12.6644
"578",15,2008-01-15,NA,11.3565,12.6898
"579",16,2008-01-16,NA,11.3614,12.715
"580",17,2008-01-17,NA,11.3669,12.7391
"581",18,2008-01-18,NA,11.3733,12.7586
"582",19,2008-01-19,NA,11.3807,12.7704
"583",20,2008-01-20,NA,11.3887,12.7815
"584",21,2008-01-21,NA,11.3973,12.7927
"585",22,2008-01-22,NA,11.4064,12.8031
"586",23,2008-01-23,NA,11.4166,12.8193
"587",24,2008-01-24,NA,11.4282,12.8361
"588",25,2008-01-25,NA,11.4408,12.852
"589",26,2008-01-26,NA,11.4538,12.8678
"590",27,2008-01-27,NA,11.4675,12.8837
"591",28,2008-01-28,NA,11.482,12.8989
"592",29,2008-01-29,NA,11.4961,12.9135
"593",30,2008-01-30,NA,11.5088,12.9264
"594",31,2008-01-31,NA,11.5201,12.9381
"595",32,2008-02-01,NA,11.5299,12.9482
"596",33,2008-02-02,NA,11.5379,12.955
"597",34,2008-02-03,NA,11.5436,12.9609
"598",35,2008-02-04,NA,11.5467,12.9687
"599",36,2008-02-05,NA,11.5475,12.9745
"600",37,2008-02-06,NA,11.546,12.9782
"601",38,2008-02-07,NA,11.5416,12.9776
"602",39,2008-02-08,NA,11.5344,12.9717
"603",40,2008-02-09,NA,11.5249,12.9648
"604",41,2008-02-10,NA,11.5145,12.9573
"605",42,2008-02-11,NA,11.5038,12.9502
"606",43,2008-02-12,NA,11.4934,12.9431
"607",44,2008-02-13,NA,11.4835,12.937
"608",45,2008-02-14,NA,11.4749,12.9303
"609",46,2008-02-15,NA,11.4672,12.9236
"610",47,2008-02-16,NA,11.4604,12.9174
"611",48,2008-02-17,NA,11.4545,12.9116
"612",49,2008-02-18,NA,11.4492,12.909
"613",50,2008-02-19,NA,11.4441,12.9133
"614",51,2008-02-20,NA,11.4396,12.9192
"615",52,2008-02-21,NA,11.4353,12.923
"616",53,2008-02-22,NA,11.4314,12.9253
"617",54,2008-02-23,NA,11.4271,12.9184
"618",55,2008-02-24,NA,11.4224,12.913
"619",56,2008-02-25,NA,11.4172,12.9117
"620",57,2008-02-26,NA,11.4119,12.9058
"621",58,2008-02-27,NA,11.4057,12.8975
"622",59,2008-02-28,NA,11.3989,12.8879
"623",60,2008-02-29,NA,11.3926,12.884
"624",61,2008-03-01,NA,11.388,12.8819
"625",62,2008-03-02,NA,11.3845,12.8797
"626",63,2008-03-03,NA,11.3813,12.8782
"627",64,2008-03-04,NA,11.3781,12.8786
"628",65,2008-03-05,NA,11.3754,12.8788
"629",66,2008-03-06,NA,11.3728,12.8726
"630",67,2008-03-07,NA,11.3694,12.8623
"631",68,2008-03-08,NA,11.3657,12.8511
"632",69,2008-03-09,NA,11.3626,12.8393
"633",70,2008-03-10,NA,11.3598,12.8267
"634",71,2008-03-11,NA,11.3566,12.813
"635",72,2008-03-12,NA,11.3519,12.7957
"636",73,2008-03-13,NA,11.345,12.7744
"637",74,2008-03-14,NA,11.3361,12.7527
"638",75,2008-03-15,NA,11.3247,12.7305
"639",76,2008-03-16,NA,11.3102,12.7071
"640",77,2008-03-17,NA,11.2934,12.6817
"641",78,2008-03-18,NA,11.2742,12.6551
"642",79,2008-03-19,NA,11.2522,12.6263
"643",80,2008-03-20,NA,11.2278,12.5959
"644",81,2008-03-21,NA,11.2019,12.5632
"645",82,2008-03-22,NA,11.1751,12.53
"646",83,2008-03-23,NA,11.1472,12.4969
"647",84,2008-03-24,NA,11.1182,12.4636
"648",85,2008-03-25,NA,11.0883,12.4351
"649",86,2008-03-26,NA,11.0569,12.4019
"650",87,2008-03-27,NA,11.0241,12.3611
"651",88,2008-03-28,NA,10.9915,12.327
"652",89,2008-03-29,NA,10.9601,12.2967
"653",90,2008-03-30,NA,10.9301,12.2688
"654",91,2008-03-31,NA,10.9002,12.2359
"655",92,2008-04-01,NA,10.8702,12.2038
"656",93,2008-04-02,NA,10.8403,12.1692
"657",94,2008-04-03,NA,10.8117,12.1345
"658",95,2008-04-04,NA,10.7841,12.0987
"659",96,2008-04-05,NA,10.7582,12.0607
"660",97,2008-04-06,NA,10.7355,12.0286
"661",98,2008-04-07,NA,10.7157,12.0027
"662",99,2008-04-08,NA,10.6959,11.9777
"663",100,2008-04-09,NA,10.6749,11.947
"664",101,2008-04-10,NA,10.6525,11.9174
"665",102,2008-04-11,NA,10.6309,11.893
"666",103,2008-04-12,NA,10.6093,11.8635
"667",104,2008-04-13,NA,10.5877,11.8361
"668",105,2008-04-14,NA,10.5669,11.8122
"669",106,2008-04-15,NA,10.5493,11.7948
"670",107,2008-04-16,NA,10.5337,11.7827
"671",108,2008-04-17,NA,10.5184,11.7727
"672",109,2008-04-18,NA,10.5035,11.7606
"673",110,2008-04-19,NA,10.4912,11.7534
"674",111,2008-04-20,NA,10.4818,11.7511
"675",112,2008-04-21,NA,10.475,11.7522
"676",113,2008-04-22,NA,10.4693,11.7501
"677",114,2008-04-23,NA,10.4655,11.7558
"678",115,2008-04-24,NA,10.4647,11.7669
"679",116,2008-04-25,NA,10.4651,11.7753
"680",117,2008-04-26,NA,10.4654,11.7852
"681",118,2008-04-27,NA,10.4667,11.7949
"682",119,2008-04-28,NA,10.4684,11.7924
"683",120,2008-04-29,NA,10.4705,11.7882
"684",121,2008-04-30,NA,10.4708,11.7802
"685",122,2008-05-01,NA,10.4711,11.7704
"686",123,2008-05-02,NA,10.4719,11.7589
"687",124,2008-05-03,NA,10.4734,11.7509
"688",125,2008-05-04,NA,10.4739,11.743
"689",126,2008-05-05,NA,10.4735,11.735
"690",127,2008-05-06,NA,10.4723,11.7243
"691",128,2008-05-07,NA,10.4711,11.7163
"692",129,2008-05-08,NA,10.4704,11.7097
"693",130,2008-05-09,NA,10.4715,11.7039
"694",131,2008-05-10,NA,10.476,11.7109
"695",132,2008-05-11,NA,10.485,11.7244
"696",133,2008-05-12,NA,10.4959,11.7372
"697",134,2008-05-13,NA,10.5093,11.7616
"698",135,2008-05-14,NA,10.5257,11.7886
"699",136,2008-05-15,NA,10.5464,11.8221
"700",137,2008-05-16,NA,10.57,11.8582
"701",138,2008-05-17,NA,10.5966,11.8927
"702",139,2008-05-18,NA,10.6267,11.9335
"703",140,2008-05-19,NA,10.6595,11.9903
"704",141,2008-05-20,NA,10.6951,12.0462
"705",142,2008-05-21,NA,10.7313,12.1037
"706",143,2008-05-22,NA,10.7673,12.165
"707",144,2008-05-23,NA,10.8035,12.2283
"708",145,2008-05-24,NA,10.8373,12.2857
"709",146,2008-05-25,NA,10.8685,12.3476
"710",147,2008-05-26,NA,10.8963,12.4095
"711",148,2008-05-27,NA,10.9208,12.463
"712",149,2008-05-28,NA,10.942,12.5125
"713",150,2008-05-29,NA,10.9593,12.5669
"714",151,2008-05-30,NA,10.9732,12.614
"715",152,2008-05-31,NA,10.9848,12.6376
"716",153,2008-06-01,NA,10.9944,12.6574
"717",154,2008-06-02,NA,11.0024,12.6744
"718",155,2008-06-03,NA,11.0087,12.6859
"719",156,2008-06-04,NA,11.0174,12.7041
"720",157,2008-06-05,NA,11.0284,12.7258
"721",158,2008-06-06,NA,11.043,12.7591
"722",159,2008-06-07,NA,11.0601,12.8048
"723",160,2008-06-08,9.044,11.08,12.8501
"724",161,2008-06-09,9.174444444,11.1033,12.9096
"725",162,2008-06-10,8.747142857,11.1287,12.9725
"726",163,2008-06-11,9.002857143,11.156,13.0365
"727",164,2008-06-12,11.15222222,11.1854,13.1037
"728",165,2008-06-13,11.04333333,11.2177,13.1688
"729",166,2008-06-14,11.37,11.254,13.2363
"730",167,2008-06-15,11.121,11.2897,13.2946
"731",168,2008-06-16,9.797,11.3238,13.3444
"732",169,2008-06-17,10.195,11.3557,13.3921
"733",170,2008-06-18,9.09,11.3868,13.441
"734",171,2008-06-19,9.85625,11.4175,13.4788
"735",172,2008-06-20,10.33375,11.4467,13.519
"736",173,2008-06-21,10.16,11.4758,13.5571
"737",174,2008-06-22,9.606,11.5053,13.5935
"738",175,2008-06-23,9.28,11.5357,13.6317
"739",176,2008-06-24,10.18,11.568,13.6685
"740",177,2008-06-25,9.965,11.6018,13.693
"741",178,2008-06-26,10.645,11.6405,13.7175
"742",179,2008-06-27,10.66,11.6866,13.7523
"743",180,2008-06-28,11.24090909,11.7397,13.796
"744",181,2008-06-29,11.9925,11.798,13.85
"745",182,2008-06-30,12.865,11.8608,13.9162
"746",183,2008-07-01,11.44538462,11.9269,14.0073
"747",184,2008-07-02,10.47642857,11.9964,14.1033
"748",185,2008-07-03,11.19714286,12.068,14.2047
"749",186,2008-07-04,11.00785714,12.1421,14.3146
"750",187,2008-07-05,10.82384615,12.2164,14.4197
"751",188,2008-07-06,10.86454545,12.2908,14.5335
"752",189,2008-07-07,11.49769231,12.3636,14.645
"753",190,2008-07-08,14.49428571,12.4341,14.7415
"754",191,2008-07-09,15.84375,12.5026,14.8385
"755",192,2008-07-10,15.61444444,12.571,14.9216
"756",193,2008-07-11,14.73555556,12.6384,14.9951
"757",194,2008-07-12,15.177,12.705,15.0645
"758",195,2008-07-13,15.291,12.7701,15.121
"759",196,2008-07-14,14.93,12.8333,15.1749
"760",197,2008-07-15,14.647,12.8931,15.2321
"761",198,2008-07-16,13.66454545,12.9516,15.2889
"762",199,2008-07-17,11.37555556,13.0095,15.3413
"763",200,2008-07-18,11.10222222,13.0657,15.39
"764",201,2008-07-19,11.21,13.118,15.4299
"765",202,2008-07-20,11.15666667,13.1652,15.4641
"766",203,2008-07-21,11.67111111,13.2065,15.4875
"767",204,2008-07-22,11.75,13.2432,15.5058
"768",205,2008-07-23,10.99375,13.2771,15.5193
"769",206,2008-07-24,11.54,13.3082,15.5251
"770",207,2008-07-25,11.043,13.3356,15.5304
"771",208,2008-07-26,10.59666667,13.3602,15.5352
"772",209,2008-07-27,10.51076923,13.381,15.5388
"773",210,2008-07-28,11.09,13.3971,15.5397
"774",211,2008-07-29,11.09923077,13.4102,15.5402
"775",212,2008-07-30,11.072,13.4235,15.5371
"776",213,2008-07-31,11.43857143,13.4377,15.5296
"777",214,2008-08-01,11.09285714,13.4548,15.5268
"778",215,2008-08-02,10.74857143,13.4728,15.5313
"779",216,2008-08-03,10.68,13.4916,15.5407
"780",217,2008-08-04,10.61,13.511,15.5527
"781",218,2008-08-05,10.94083333,13.5324,15.5673
"782",219,2008-08-06,11.41,13.5558,15.5738
"783",220,2008-08-07,10.85875,13.5799,15.5761
"784",221,2008-08-08,11.44333333,13.6039,15.5761
"785",222,2008-08-09,11.357,13.6259,15.5751
"786",223,2008-08-10,12.158,13.6417,15.5686
"787",224,2008-08-11,12.696,13.6512,15.5588
"788",225,2008-08-12,13.249,13.6545,15.5488
"789",226,2008-08-13,13.052,13.6537,15.5402
"790",227,2008-08-14,13.207,13.6486,15.5264
"791",228,2008-08-15,13.307,13.6395,15.4995
"792",229,2008-08-16,13.81,13.6255,15.4725
"793",230,2008-08-17,14.467,13.6076,15.4564
"794",231,2008-08-18,14.74636364,13.588,15.4436
"795",232,2008-08-19,14.70555556,13.5688,15.4323
"796",233,2008-08-20,14.37083333,13.5526,15.4266
"797",234,2008-08-21,14.108,13.5434,15.4321
"798",235,2008-08-22,13.935,13.5405,15.4439
"799",236,2008-08-23,14.16818182,13.5419,15.4601
"800",237,2008-08-24,14.77,13.5468,15.487
"801",238,2008-08-25,13.03583333,13.5574,15.5217
"802",239,2008-08-26,12.80916667,13.5706,15.5613
"803",240,2008-08-27,13.11133333,13.5869,15.6021
"804",241,2008-08-28,13.504375,13.6043,15.6428
"805",242,2008-08-29,14.48428571,13.6212,15.6772
"806",243,2008-08-30,13.80833333,13.6368,15.7163
"807",244,2008-08-31,11.88307692,13.6495,15.76
"808",245,2008-09-01,11.67818182,13.6575,15.8041
"809",246,2008-09-02,12.668,13.6602,15.8234
"810",247,2008-09-03,13.55285714,13.6583,15.8279
"811",248,2008-09-04,14.20625,13.6517,15.8204
"812",249,2008-09-05,14.32111111,13.6386,15.8019
"813",250,2008-09-06,15.75666667,13.6213,15.7813
"814",251,2008-09-07,15.06,13.6001,15.7582
"815",252,2008-09-08,15.2075,13.5776,15.7323
"816",253,2008-09-09,15.06,13.5547,15.6998
"817",254,2008-09-10,14.62,13.5335,15.6674
"818",255,2008-09-11,14.82375,13.5149,15.6355
"819",256,2008-09-12,14.52222222,13.4999,15.6067
"820",257,2008-09-13,14.95454545,13.4872,15.5835
"821",258,2008-09-14,14.9475,13.4773,15.5671
"822",259,2008-09-15,14.40454545,13.4698,15.5579
"823",260,2008-09-16,14.29363636,13.4654,15.5496
"824",261,2008-09-17,14.12727273,13.4634,15.5361
"825",262,2008-09-18,14.72833333,13.4634,15.5229
"826",263,2008-09-19,14.78363636,13.4646,15.5108
"827",264,2008-09-20,15.08,13.4651,15.4968
"828",265,2008-09-21,14.53272727,13.4619,15.4785
"829",266,2008-09-22,14.26416667,13.4538,15.4595
"830",267,2008-09-23,14.463,13.4421,15.435
"831",268,2008-09-24,13.98714286,13.4283,15.4088
"832",269,2008-09-25,13.71153846,13.412,15.3766
"833",270,2008-09-26,13.835,13.3948,15.3444
"834",271,2008-09-27,13.85692308,13.3756,15.3122
"835",272,2008-09-28,14.26916667,13.3566,15.2819
"836",273,2008-09-29,14.43636364,13.3382,15.259
"837",274,2008-09-30,14.94,13.3197,15.2302
"838",275,2008-10-01,14.67,13.3016,15.1969
"839",276,2008-10-02,14.70555556,13.2856,15.1607
"840",277,2008-10-03,14.61666667,13.2732,15.1441
"841",278,2008-10-04,15.27,13.263,15.1336
"842",279,2008-10-05,14.71875,13.2556,15.1285
"843",280,2008-10-06,15.55625,13.2518,15.1304
"844",281,2008-10-07,15.474,13.2491,15.1328
"845",282,2008-10-08,13.865,13.2475,15.1388
"846",283,2008-10-09,12.1,13.2443,15.1459
"847",284,2008-10-10,11.48375,13.2405,15.1561
"848",285,2008-10-11,10.95888889,13.2368,15.1698
"849",286,2008-10-12,10.79545455,13.2338,15.1829
"850",287,2008-10-13,11.16636364,13.2307,15.1875
"851",288,2008-10-14,11.56083333,13.2274,15.1865
"852",289,2008-10-15,11.595,13.223,15.1791
"853",290,2008-10-16,11.73538462,13.2177,15.1708
"854",291,2008-10-17,12.10214286,13.2105,15.1614
"855",292,2008-10-18,12.12666667,13.2016,15.1444
"856",293,2008-10-19,12.09333333,13.1923,15.125
"857",294,2008-10-20,11.961,13.1832,15.104
"858",295,2008-10-21,11.97,13.1748,15.0826
"859",296,2008-10-22,11.785,13.1665,15.0609
"860",297,2008-10-23,11.89636364,13.1579,15.0365
"861",298,2008-10-24,11.92090909,13.1483,15.0155
"862",299,2008-10-25,12.02666667,13.1365,14.9914
"863",300,2008-10-26,12.245,13.123,14.9668
"864",301,2008-10-27,12.355,13.107,14.9401
"865",302,2008-10-28,11.92,13.0891,14.9106
"866",303,2008-10-29,12.089,13.0699,14.8811
"867",304,2008-10-30,12.07777778,13.0486,14.8474
"868",305,2008-10-31,12.62555556,13.0253,14.8072
"869",306,2008-11-01,12.91,13.0002,14.7626
"870",307,2008-11-02,13.139,12.9735,14.7138
"871",308,2008-11-03,12.99,12.9463,14.6595
"872",309,2008-11-04,12.99,12.9187,14.6041
"873",310,2008-11-05,NA,12.8896,14.5476
"874",311,2008-11-06,NA,12.859,14.4909
"875",312,2008-11-07,12.6725,12.8278,14.4347
"876",313,2008-11-08,12.76666667,12.7966,14.3773
"877",314,2008-11-09,12.78571429,12.7661,14.3216
"878",315,2008-11-10,11.96777778,12.7355,14.267
"879",316,2008-11-11,12.311,12.7054,14.2135
"880",317,2008-11-12,12.42642857,12.675,14.1634
"881",318,2008-11-13,11.83307692,12.6437,14.1223
"882",319,2008-11-14,11.90933333,12.6104,14.0868
"883",320,2008-11-15,12.21235294,12.5768,14.0586
"884",321,2008-11-16,12.301875,12.5439,14.0309
"885",322,2008-11-17,12.568125,12.5122,14.0034
"886",323,2008-11-18,12.645,12.4813,13.9821
"887",324,2008-11-19,12.74,12.4506,13.9631
"888",325,2008-11-20,12.38875,12.4204,13.9447
"889",326,2008-11-21,11.645,12.3909,13.9268
"890",327,2008-11-22,11.52,12.3625,13.9083
"891",328,2008-11-23,11.68111111,12.3347,13.8886
"892",329,2008-11-24,12.15111111,12.3086,13.8657
"893",330,2008-11-25,12.238,12.2841,13.8425
"894",331,2008-11-26,12.23636364,12.2606,13.8196
"895",332,2008-11-27,12.26727273,12.2387,13.7982
"896",333,2008-11-28,12.35818182,12.2186,13.7796
"897",334,2008-11-29,12.33636364,12.1998,13.7609
"898",335,2008-11-30,12.49818182,12.1819,13.7447
"899",336,2008-12-01,12.525,12.1643,13.7332
"900",337,2008-12-02,12.65125,12.1471,13.7208
"901",338,2008-12-03,12.06,12.1296,13.6985
"902",339,2008-12-04,11.71,12.1108,13.6782
"903",340,2008-12-05,11.844,12.0908,13.6563
"904",341,2008-12-06,11.94428571,12.0705,13.6319
"905",342,2008-12-07,11.89,12.0493,13.6071
"906",343,2008-12-08,11.799,12.0272,13.5782
"907",344,2008-12-09,11.62090909,12.0045,13.546
"908",345,2008-12-10,11.6875,11.9809,13.5111
"909",346,2008-12-11,11.808,11.9568,13.4717
"910",347,2008-12-12,11.72875,11.9317,13.4315
"911",348,2008-12-13,11.275,11.9058,13.3893
"912",349,2008-12-14,10.92823529,11.88,13.3423
"913",350,2008-12-15,10.81444444,11.8554,13.2936
"914",351,2008-12-16,10.683125,11.8315,13.244
"915",352,2008-12-17,10.73384615,11.8077,13.1951
"916",353,2008-12-18,9.881428571,11.7842,13.1469
"917",354,2008-12-19,10.52,11.7613,13.0996
"918",355,2008-12-20,10.11222222,11.7384,13.0529
"919",356,2008-12-21,10.297,11.7153,13.006
"920",357,2008-12-22,10.228,11.692,12.9599
"921",358,2008-12-23,10.278,11.6684,12.9151
"922",359,2008-12-24,10.16363636,11.6444,12.8717
"923",360,2008-12-25,10.29307692,11.6197,12.8318
"924",361,2008-12-26,10.27,11.5943,12.7928
"925",362,2008-12-27,10.17769231,11.5685,12.754
"926",363,2008-12-28,10.31833333,11.5427,12.7177
"927",364,2008-12-29,10.56,11.5176,12.6824
"928",365,2008-12-30,10.65090909,11.4932,12.6486
"929",366,2008-12-31,10.594,11.47,12.6162
"930",1,2009-01-01,10.70333333,11.4481,12.5855
"931",2,2009-01-02,10.66,11.428,12.5603
"932",3,2009-01-03,10.2,11.4098,12.5478
"933",4,2009-01-04,10.06333333,11.3939,12.5378
"934",5,2009-01-05,10.06818182,11.3805,12.5325
"935",6,2009-01-06,10.18,11.3697,12.5328
"936",7,2009-01-07,10.2825,11.3617,12.5377
"937",8,2009-01-08,10.33571429,11.3556,12.547
"938",9,2009-01-09,10.29529412,11.3513,12.5599
"939",10,2009-01-10,10.16588235,11.3486,12.5763
"940",11,2009-01-11,10.28235294,11.3475,12.5971
"941",12,2009-01-12,10.56266667,11.348,12.6183
"942",13,2009-01-13,10.8025,11.3494,12.6406
"943",14,2009-01-14,10.82214286,11.3523,12.6644
"944",15,2009-01-15,10.67818182,11.3565,12.6898
"945",16,2009-01-16,10.37666667,11.3614,12.715
"946",17,2009-01-17,10.6,11.3669,12.7391
"947",18,2009-01-18,10.52,11.3733,12.7586
"948",19,2009-01-19,10.448,11.3807,12.7704
"949",20,2009-01-20,10.52,11.3887,12.7815
"950",21,2009-01-21,10.69,11.3973,12.7927
"951",22,2009-01-22,10.68909091,11.4064,12.8031
"952",23,2009-01-23,10.84363636,11.4166,12.8193
"953",24,2009-01-24,10.93272727,11.4282,12.8361
"954",25,2009-01-25,10.61,11.4408,12.852
"955",26,2009-01-26,10.37,11.4538,12.8678
"956",27,2009-01-27,10.339,11.4675,12.8837
"957",28,2009-01-28,10.52545455,11.482,12.8989
"958",29,2009-01-29,10.535,11.4961,12.9135
"959",30,2009-01-30,10.12,11.5088,12.9264
"960",31,2009-01-31,10.24857143,11.5201,12.9381
"961",32,2009-02-01,10.07222222,11.5299,12.9482
"962",33,2009-02-02,10.38,11.5379,12.955
"963",34,2009-02-03,10.4,11.5436,12.9609
"964",35,2009-02-04,10.46916667,11.5467,12.9687
"965",36,2009-02-05,10.41153846,11.5475,12.9745
"966",37,2009-02-06,10.494,11.546,12.9782
"967",38,2009-02-07,10.7525,11.5416,12.9776
"968",39,2009-02-08,10.92666667,11.5344,12.9717
"969",40,2009-02-09,10.56866667,11.5249,12.9648
"970",41,2009-02-10,10.40142857,11.5145,12.9573
"971",42,2009-02-11,10.61692308,11.5038,12.9502
"972",43,2009-02-12,10.60333333,11.4934,12.9431
"973",44,2009-02-13,10.58857143,11.4835,12.937
"974",45,2009-02-14,10.43,11.4749,12.9303
"975",46,2009-02-15,10.43,11.4672,12.9236
"976",47,2009-02-16,10.52,11.4604,12.9174
"977",48,2009-02-17,10.69,11.4545,12.9116
"978",49,2009-02-18,10.86,11.4492,12.909
"979",50,2009-02-19,10.69,11.4441,12.9133
"980",51,2009-02-20,10.95,11.4396,12.9192
"981",52,2009-02-21,11.09333333,11.4353,12.923
"982",53,2009-02-22,11.37,11.4314,12.9253
"983",54,2009-02-23,11.38363636,11.4271,12.9184
"984",55,2009-02-24,11.598,11.4224,12.913
"985",56,2009-02-25,11.95,11.4172,12.9117
"986",57,2009-02-26,12.15,11.4119,12.9058
"987",58,2009-02-27,11.75125,11.4057,12.8975
"988",59,2009-02-28,11.76333333,11.3989,12.8879
"989",61,2009-03-01,11.75125,11.388,12.8819
"990",62,2009-03-02,11.88,11.3845,12.8797
"991",63,2009-03-03,11.88,11.3813,12.8782
"992",64,2009-03-04,11.76818182,11.3781,12.8786
"993",65,2009-03-05,11.91272727,11.3754,12.8788
"994",66,2009-03-06,11.734,11.3728,12.8726
"995",67,2009-03-07,11.76714286,11.3694,12.8623
"996",68,2009-03-08,11.59142857,11.3657,12.8511
"997",69,2009-03-09,11.02076923,11.3626,12.8393
"998",70,2009-03-10,10.99083333,11.3598,12.8267
"999",71,2009-03-11,11.15615385,11.3566,12.813
"1000",72,2009-03-12,11.35363636,11.3519,12.7957
"1001",73,2009-03-13,11.265,11.345,12.7744
"1002",74,2009-03-14,10.955,11.3361,12.7527
"1003",75,2009-03-15,10.67714286,11.3247,12.7305
"1004",76,2009-03-16,11.16,11.3102,12.7071
"1005",77,2009-03-17,11.3025,11.2934,12.6817
"1006",78,2009-03-18,11.03,11.2742,12.6551
"1007",79,2009-03-19,10.94,11.2522,12.6263
"1008",80,2009-03-20,10.552,11.2278,12.5959
"1009",81,2009-03-21,9.848,11.2019,12.5632
"1010",82,2009-03-22,9.938,11.1751,12.53
"1011",83,2009-03-23,9.512857143,11.1472,12.4969
"1012",84,2009-03-24,9.48875,11.1182,12.4636
"1013",85,2009-03-25,9.21875,11.0883,12.4351
"1014",86,2009-03-26,9.3375,11.0569,12.4019
"1015",87,2009-03-27,8.991428571,11.0241,12.3611
"1016",88,2009-03-28,9.402857143,10.9915,12.327
"1017",89,2009-03-29,9.33,10.9601,12.2967
"1018",90,2009-03-30,8.71375,10.9301,12.2688
"1019",91,2009-03-31,8.415555556,10.9002,12.2359
"1020",92,2009-04-01,8.903333333,10.8702,12.2038
"1021",93,2009-04-02,8.666666667,10.8403,12.1692
"1022",94,2009-04-03,8.4025,10.8117,12.1345
"1023",95,2009-04-04,8.512,10.7841,12.0987
"1024",96,2009-04-05,9.537272727,10.7582,12.0607
"1025",97,2009-04-06,9.614545455,10.7355,12.0286
"1026",98,2009-04-07,9.281,10.7157,12.0027
"1027",99,2009-04-08,9.980909091,10.6959,11.9777
"1028",100,2009-04-09,10.15,10.6749,11.947
"1029",101,2009-04-10,9.994285714,10.6525,11.9174
"1030",102,2009-04-11,9.412857143,10.6309,11.893
"1031",103,2009-04-12,9.264285714,10.6093,11.8635
"1032",104,2009-04-13,9.01,10.5877,11.8361
"1033",105,2009-04-14,8.495,10.5669,11.8122
"1034",106,2009-04-15,8.17,10.5493,11.7948
"1035",107,2009-04-16,8.21,10.5337,11.7827
"1036",108,2009-04-17,NA,10.5184,11.7727
"1037",109,2009-04-18,NA,10.5035,11.7606
"1038",110,2009-04-19,NA,10.4912,11.7534
"1039",111,2009-04-20,9.615,10.4818,11.7511
"1040",112,2009-04-21,10.11,10.475,11.7522
"1041",113,2009-04-22,10.83,10.4693,11.7501
"1042",114,2009-04-23,10.08857143,10.4655,11.7558
"1043",115,2009-04-24,9.22875,10.4647,11.7669
"1044",116,2009-04-25,8.96625,10.4651,11.7753
"1045",117,2009-04-26,8.7125,10.4654,11.7852
"1046",118,2009-04-27,8.563333333,10.4667,11.7949
"1047",119,2009-04-28,8.36,10.4684,11.7924
"1048",120,2009-04-29,7.971428571,10.4705,11.7882
"1049",121,2009-04-30,8.227777778,10.4708,11.7802
"1050",122,2009-05-01,8.673333333,10.4711,11.7704
"1051",123,2009-05-02,9.52875,10.4719,11.7589
"1052",124,2009-05-03,9.543333333,10.4734,11.7509
"1053",125,2009-05-04,9.791428571,10.4739,11.743
"1054",126,2009-05-05,10.54,10.4735,11.735
"1055",127,2009-05-06,10.9,10.4723,11.7243
"1056",128,2009-05-07,9.802222222,10.4711,11.7163
"1057",129,2009-05-08,8.88125,10.4704,11.7097
"1058",130,2009-05-09,8.59375,10.4715,11.7039
"1059",131,2009-05-10,8.59625,10.476,11.7109
"1060",132,2009-05-11,8.7425,10.485,11.7244
"1061",133,2009-05-12,8.771428571,10.4959,11.7372
"1062",134,2009-05-13,8.654,10.5093,11.7616
"1063",135,2009-05-14,8.344,10.5257,11.7886
"1064",136,2009-05-15,NA,10.5464,11.8221
"1065",137,2009-05-16,NA,10.57,11.8582
"1066",138,2009-05-17,NA,10.5966,11.8927
"1067",139,2009-05-18,11.235,10.6267,11.9335
"1068",140,2009-05-19,10.985,10.6595,11.9903
"1069",141,2009-05-20,9.094285714,10.6951,12.0462
"1070",142,2009-05-21,10.78222222,10.7313,12.1037
"1071",143,2009-05-22,10.993,10.7673,12.165
"1072",144,2009-05-23,10.832,10.8035,12.2283
"1073",145,2009-05-24,9.505555556,10.8373,12.2857
"1074",146,2009-05-25,9.894,10.8685,12.3476
"1075",147,2009-05-26,10.259,10.8963,12.4095
"1076",148,2009-05-27,10.35545455,10.9208,12.463
"1077",149,2009-05-28,11.207,10.942,12.5125
"1078",150,2009-05-29,11.49846154,10.9593,12.5669
"1079",151,2009-05-30,11.99272727,10.9732,12.614
"1080",152,2009-05-31,11.65625,10.9848,12.6376
"1081",153,2009-06-01,10.92,10.9944,12.6574
"1082",154,2009-06-02,12.79333333,11.0024,12.6744
"1083",155,2009-06-03,12.57555556,11.0087,12.6859
"1084",156,2009-06-04,13.393,11.0174,12.7041
"1085",157,2009-06-05,13.783,11.0284,12.7258
"1086",158,2009-06-06,13.654,11.043,12.7591
"1087",159,2009-06-07,13.47666667,11.0601,12.8048
"1088",160,2009-06-08,12.30125,11.08,12.8501
"1089",161,2009-06-09,12.4475,11.1033,12.9096
"1090",162,2009-06-10,12.57857143,11.1287,12.9725
"1091",163,2009-06-11,12.176,11.156,13.0365
"1092",164,2009-06-12,11.1975,11.1854,13.1037
"1093",165,2009-06-13,NA,11.2177,13.1688
"1094",166,2009-06-14,14.44,11.254,13.2363
"1095",167,2009-06-15,14.46,11.2897,13.2946
"1096",168,2009-06-16,13.36857143,11.3238,13.3444
"1097",169,2009-06-17,11.04444444,11.3557,13.3921
"1098",170,2009-06-18,12.371,11.3868,13.441
"1099",171,2009-06-19,10.65727273,11.4175,13.4788
"1100",172,2009-06-20,10.45636364,11.4467,13.519
"1101",173,2009-06-21,9.875,11.4758,13.5571
"1102",174,2009-06-22,10.40333333,11.5053,13.5935
"1103",175,2009-06-23,11.09846154,11.5357,13.6317
"1104",176,2009-06-24,11.15076923,11.568,13.6685
"1105",177,2009-06-25,11.81,11.6018,13.693
"1106",178,2009-06-26,11.97416667,11.6405,13.7175
"1107",179,2009-06-27,12.98571429,11.6866,13.7523
"1108",180,2009-06-28,14.30375,11.7397,13.796
"1109",181,2009-06-29,14.11777778,11.798,13.85
"1110",182,2009-06-30,14.62,11.8608,13.9162
"1111",183,2009-07-01,14.817,11.9269,14.0073
"1112",184,2009-07-02,14.91363636,11.9964,14.1033
"1113",185,2009-07-03,14.16090909,12.068,14.2047
"1114",186,2009-07-04,14.987,12.1421,14.3146
"1115",187,2009-07-05,14.30909091,12.2164,14.4197
"1116",188,2009-07-06,12.99333333,12.2908,14.5335
"1117",189,2009-07-07,11.99555556,12.3636,14.645
"1118",190,2009-07-08,10.8675,12.4341,14.7415
"1119",191,2009-07-09,10.21571429,12.5026,14.8385
"1120",192,2009-07-10,10.448,12.571,14.9216
"1121",193,2009-07-11,10.74857143,12.6384,14.9951
"1122",194,2009-07-12,10.4325,12.705,15.0645
"1123",195,2009-07-13,11.41,12.7701,15.121
"1124",196,2009-07-14,12.66375,12.8333,15.1749
"1125",197,2009-07-15,12.83333333,12.8931,15.2321
"1126",198,2009-07-16,13.22727273,12.9516,15.2889
"1127",199,2009-07-17,13.68166667,13.0095,15.3413
"1128",200,2009-07-18,13.49583333,13.0657,15.39
"1129",201,2009-07-19,13.41916667,13.118,15.4299
"1130",202,2009-07-20,11.69538462,13.1652,15.4641
"1131",203,2009-07-21,10.71857143,13.2065,15.4875
"1132",204,2009-07-22,10.29928571,13.2432,15.5058
"1133",205,2009-07-23,10.48142857,13.2771,15.5193
"1134",206,2009-07-24,10.81416667,13.3082,15.5251
"1135",207,2009-07-25,11.14666667,13.3356,15.5304
"1136",208,2009-07-26,11.85285714,13.3602,15.5352
"1137",209,2009-07-27,12.35,13.381,15.5388
"1138",210,2009-07-28,11.949,13.3971,15.5397
"1139",211,2009-07-29,13.234,13.4102,15.5402
"1140",212,2009-07-30,12.26545455,13.4235,15.5371
"1141",213,2009-07-31,11.83636364,13.4377,15.5296
"1142",214,2009-08-01,12.131,13.4548,15.5268
"1143",215,2009-08-02,12.54545455,13.4728,15.5313
"1144",216,2009-08-03,13.149,13.4916,15.5407
"1145",217,2009-08-04,13.818,13.511,15.5527
"1146",218,2009-08-05,13.08111111,13.5324,15.5673
"1147",219,2009-08-06,12.908,13.5558,15.5738
"1148",220,2009-08-07,11.92,13.5799,15.5761
"1149",221,2009-08-08,11.93142857,13.6039,15.5761
"1150",222,2009-08-09,12.77111111,13.6259,15.5751
"1151",223,2009-08-10,14.86857143,13.6417,15.5686
"1152",224,2009-08-11,14.575,13.6512,15.5588
"1153",225,2009-08-12,14.926,13.6545,15.5488
"1154",226,2009-08-13,11.25727273,13.6537,15.5402
"1155",227,2009-08-14,10.89833333,13.6486,15.5264
"1156",228,2009-08-15,11.615,13.6395,15.4995
"1157",229,2009-08-16,12.35909091,13.6255,15.4725
"1158",230,2009-08-17,12.75833333,13.6076,15.4564
"1159",231,2009-08-18,13.29266667,13.588,15.4436
"1160",232,2009-08-19,13.375,13.5688,15.4323
"1161",233,2009-08-20,13.43142857,13.5526,15.4266
"1162",234,2009-08-21,13.23769231,13.5434,15.4321
"1163",235,2009-08-22,13.40538462,13.5405,15.4439
"1164",236,2009-08-23,13.49714286,13.5419,15.4601
"1165",237,2009-08-24,13.20666667,13.5468,15.487
"1166",238,2009-08-25,13.835,13.5574,15.5217
"1167",239,2009-08-26,14.15555556,13.5706,15.5613
"1168",240,2009-08-27,14.539,13.5869,15.6021
"1169",241,2009-08-28,13.369,13.6043,15.6428
"1170",242,2009-08-29,13.052,13.6212,15.6772
"1171",243,2009-08-30,10.84777778,13.6368,15.7163
"1172",244,2009-08-31,11.57,13.6495,15.76
"1173",245,2009-09-01,11.29545455,13.6575,15.8041
"1174",246,2009-09-02,11.49181818,13.6602,15.8234
"1175",247,2009-09-03,11.29818182,13.6583,15.8279
"1176",248,2009-09-04,11.154,13.6517,15.8204
"1177",249,2009-09-05,11.07555556,13.6386,15.8019
"1178",250,2009-09-06,11.19285714,13.6213,15.7813
"1179",251,2009-09-07,11.053,13.6001,15.7582
"1180",252,2009-09-08,11.12111111,13.5776,15.7323
"1181",253,2009-09-09,12.132,13.5547,15.6998
"1182",254,2009-09-10,13.31181818,13.5335,15.6674
"1183",255,2009-09-11,12.89416667,13.5149,15.6355
"1184",256,2009-09-12,12.04727273,13.4999,15.6067
"1185",257,2009-09-13,12.677,13.4872,15.5835
"1186",258,2009-09-14,13.32833333,13.4773,15.5671
"1187",259,2009-09-15,13.60571429,13.4698,15.5579
"1188",260,2009-09-16,12.96357143,13.4654,15.5496
"1189",261,2009-09-17,11.71133333,13.4634,15.5361
"1190",262,2009-09-18,11.98615385,13.4634,15.5229
"1191",263,2009-09-19,12.615,13.4646,15.5108
"1192",264,2009-09-20,11.74769231,13.4651,15.4968
"1193",265,2009-09-21,12.92846154,13.4619,15.4785
"1194",266,2009-09-22,13.80444444,13.4538,15.4595
"1195",267,2009-09-23,13.275,13.4421,15.435
"1196",268,2009-09-24,12.94666667,13.4283,15.4088
"1197",269,2009-09-25,13.82333333,13.412,15.3766
"1198",270,2009-09-26,14.14571429,13.3948,15.3444
"1199",271,2009-09-27,13.535,13.3756,15.3122
"1200",272,2009-09-28,12.906,13.3566,15.2819
"1201",273,2009-09-29,11.65375,13.3382,15.259
"1202",274,2009-09-30,10.93,13.3197,15.2302
"1203",275,2009-10-01,10.917,13.3016,15.1969
"1204",276,2009-10-02,11.392,13.2856,15.1607
"1205",277,2009-10-03,10.975,13.2732,15.1441
"1206",278,2009-10-04,10.65888889,13.263,15.1336
"1207",279,2009-10-05,10.53777778,13.2556,15.1285
"1208",280,2009-10-06,11.02,13.2518,15.1304
"1209",281,2009-10-07,11.274,13.2491,15.1328
"1210",282,2009-10-08,11.28818182,13.2475,15.1388
"1211",283,2009-10-09,12.13333333,13.2443,15.1459
"1212",284,2009-10-10,11.74636364,13.2405,15.1561
"1213",285,2009-10-11,11.85,13.2368,15.1698
"1214",286,2009-10-12,11.75916667,13.2338,15.1829
"1215",287,2009-10-13,12.31833333,13.2307,15.1875
"1216",288,2009-10-14,12.20230769,13.2274,15.1865
"1217",289,2009-10-15,12.37428571,13.223,15.1791
"1218",290,2009-10-16,12.48230769,13.2177,15.1708
"1219",291,2009-10-17,12.36538462,13.2105,15.1614
"1220",292,2009-10-18,12.5175,13.2016,15.1444
"1221",293,2009-10-19,12.55333333,13.1923,15.125
"1222",294,2009-10-20,12.98846154,13.1832,15.104
"1223",295,2009-10-21,13.003,13.1748,15.0826
"1224",296,2009-10-22,12.864,13.1665,15.0609
"1225",297,2009-10-23,12.9625,13.1579,15.0365
"1226",298,2009-10-24,12.59666667,13.1483,15.0155
"1227",299,2009-10-25,12.74,13.1365,14.9914
"1228",300,2009-10-26,NA,13.123,14.9668
"1229",301,2009-10-27,11.73666667,13.107,14.9401
"1230",302,2009-10-28,10.84,13.0891,14.9106
"1231",303,2009-10-29,10.43166667,13.0699,14.8811
"1232",304,2009-10-30,10.79571429,13.0486,14.8474
"1233",305,2009-10-31,10.99625,13.0253,14.8072
"1234",306,2009-11-01,10.79888889,13.0002,14.7626
"1235",307,2009-11-02,11.10363636,12.9735,14.7138
"1236",308,2009-11-03,11.55363636,12.9463,14.6595
"1237",309,2009-11-04,11.70769231,12.9187,14.6041
"1238",310,2009-11-05,11.96357143,12.8896,14.5476
"1239",311,2009-11-06,12.24454545,12.859,14.4909
"1240",312,2009-11-07,12.15538462,12.8278,14.4347
"1241",313,2009-11-08,12.15416667,12.7966,14.3773
"1242",314,2009-11-09,11.95166667,12.7661,14.3216
"1243",315,2009-11-10,12.20777778,12.7355,14.267
"1244",316,2009-11-11,11.79,12.7054,14.2135
"1245",317,2009-11-12,11.42,12.675,14.1634
"1246",318,2009-11-13,10.67777778,12.6437,14.1223
"1247",319,2009-11-14,10.62636364,12.6104,14.0868
"1248",320,2009-11-15,10.62714286,12.5768,14.0586
"1249",321,2009-11-16,10.955,12.5439,14.0309
"1250",322,2009-11-17,10.87692308,12.5122,14.0034
"1251",323,2009-11-18,10.985,12.4813,13.9821
"1252",324,2009-11-19,10.68692308,12.4506,13.9631
"1253",325,2009-11-20,10.765,12.4204,13.9447
"1254",326,2009-11-21,10.96,12.3909,13.9268
"1255",327,2009-11-22,11.094,12.3625,13.9083
"1256",328,2009-11-23,NA,12.3347,13.8886
"1257",329,2009-11-24,10.8,12.3086,13.8657
"1258",330,2009-11-25,10.785,12.2841,13.8425
"1259",331,2009-11-26,11.11,12.2606,13.8196
"1260",332,2009-11-27,11.11,12.2387,13.7982
"1261",333,2009-11-28,10.748,12.2186,13.7796
"1262",334,2009-11-29,10.448,12.1998,13.7609
"1263",335,2009-11-30,10.62545455,12.1819,13.7447
"1264",336,2009-12-01,10.555,12.1643,13.7332
"1265",337,2009-12-02,10.53533333,12.1471,13.7208
"1266",338,2009-12-03,10.50533333,12.1296,13.6985
"1267",339,2009-12-04,10.73294118,12.1108,13.6782
"1268",340,2009-12-05,10.659375,12.0908,13.6563
"1269",341,2009-12-06,10.48933333,12.0705,13.6319
"1270",342,2009-12-07,10.38916667,12.0493,13.6071
"1271",343,2009-12-08,9.842857143,12.0272,13.5782
"1272",344,2009-12-09,10.24,12.0045,13.546
"1273",345,2009-12-10,9.741,11.9809,13.5111
"1274",346,2009-12-11,9.57,11.9568,13.4717
"1275",347,2009-12-12,10.15181818,11.9317,13.4315
"1276",348,2009-12-13,10.37,11.9058,13.3893
"1277",349,2009-12-14,10.51785714,11.88,13.3423
"1278",350,2009-12-15,10.64692308,11.8554,13.2936
"1279",351,2009-12-16,10.84615385,11.8315,13.244
"1280",352,2009-12-17,10.86266667,11.8077,13.1951
"1281",353,2009-12-18,11.00785714,11.7842,13.1469
"1282",354,2009-12-19,11.01818182,11.7613,13.0996
"1283",355,2009-12-20,10.868,11.7384,13.0529
"1284",356,2009-12-21,11.14428571,11.7153,13.006
"1285",357,2009-12-22,10.9625,11.692,12.9599
"1286",358,2009-12-23,10.672,11.6684,12.9151
"1287",359,2009-12-24,10.69,11.6444,12.8717
"1288",360,2009-12-25,10.85888889,11.6197,12.8318
"1289",361,2009-12-26,10.824,11.5943,12.7928
"1290",362,2009-12-27,10.93272727,11.5685,12.754
"1291",363,2009-12-28,11.19,11.5427,12.7177
"1292",364,2009-12-29,11.11,11.5176,12.6824
"1293",365,2009-12-30,11.1975,11.4932,12.6486
"1294",366,2009-12-31,11.214,11.47,12.6162
"1295",1,2010-01-01,11.421875,11.4481,12.5855
"1296",2,2010-01-02,12.119375,11.428,12.5603
"1297",3,2010-01-03,11.886,11.4098,12.5478
"1298",4,2010-01-04,11.65666667,11.3939,12.5378
"1299",5,2010-01-05,11.49333333,11.3805,12.5325
"1300",6,2010-01-06,11.36,11.3697,12.5328
"1301",7,2010-01-07,11.325,11.3617,12.5377
"1302",8,2010-01-08,11.53181818,11.3556,12.547
"1303",9,2010-01-09,11.43,11.3513,12.5599
"1304",10,2010-01-10,11.47545455,11.3486,12.5763
"1305",11,2010-01-11,11.465,11.3475,12.5971
"1306",12,2010-01-12,11.4,11.348,12.6183
"1307",13,2010-01-13,11.83916667,11.3494,12.6406
"1308",14,2010-01-14,12.55538462,11.3523,12.6644
"1309",15,2010-01-15,12.49,11.3565,12.6898
"1310",16,2010-01-16,12.28181818,11.3614,12.715
"1311",17,2010-01-17,12.22181818,11.3669,12.7391
"1312",18,2010-01-18,12.149,11.3733,12.7586
"1313",19,2010-01-19,12.31,11.3807,12.7704
"1314",20,2010-01-20,12.34,11.3887,12.7815
"1315",21,2010-01-21,12.31,11.3973,12.7927
"1316",22,2010-01-22,12.23,11.4064,12.8031
"1317",23,2010-01-23,11.93,11.4166,12.8193
"1318",24,2010-01-24,12.13272727,11.4282,12.8361
"1319",25,2010-01-25,12.21181818,11.4408,12.852
"1320",26,2010-01-26,12.29666667,11.4538,12.8678
"1321",27,2010-01-27,12.29428571,11.4675,12.8837
"1322",28,2010-01-28,12.238125,11.482,12.8989
"1323",29,2010-01-29,12.22666667,11.4961,12.9135
"1324",30,2010-01-30,12.28857143,11.5088,12.9264
"1325",31,2010-01-31,12.350625,11.5201,12.9381
"1326",32,2010-02-01,12.36214286,11.5299,12.9482
"1327",33,2010-02-02,12.31076923,11.5379,12.955
"1328",34,2010-02-03,12.39,11.5436,12.9609
"1329",35,2010-02-04,12.44444444,11.5467,12.9687
"1330",36,2010-02-05,12.31,11.5475,12.9745
"1331",37,2010-02-06,12.48,11.546,12.9782
"1332",38,2010-02-07,12.44363636,11.5416,12.9776
"1333",39,2010-02-08,12.48,11.5344,12.9717
"1334",40,2010-02-09,12.30454545,11.5249,12.9648
"1335",41,2010-02-10,12.10916667,11.5145,12.9573
"1336",42,2010-02-11,12.32636364,11.5038,12.9502
"1337",43,2010-02-12,12.56,11.4934,12.9431
"1338",44,2010-02-13,12.66,11.4835,12.937
"1339",45,2010-02-14,12.71888889,11.4749,12.9303
"1340",46,2010-02-15,12.90777778,11.4672,12.9236
"1341",47,2010-02-16,12.9175,11.4604,12.9174
"1342",48,2010-02-17,12.788,11.4545,12.9116
"1343",49,2010-02-18,12.75333333,11.4492,12.909
"1344",50,2010-02-19,12.76,11.4441,12.9133
"1345",51,2010-02-20,12.66,11.4396,12.9192
"1346",52,2010-02-21,12.40888889,11.4353,12.923
"1347",53,2010-02-22,12.48,11.4314,12.9253
"1348",54,2010-02-23,12.53727273,11.4271,12.9184
"1349",55,2010-02-24,12.4,11.4224,12.913
"1350",56,2010-02-25,12.66692308,11.4172,12.9117
"1351",57,2010-02-26,12.76857143,11.4119,12.9058
"1352",58,2010-02-27,12.72133333,11.4057,12.8975
"1353",59,2010-02-28,12.79076923,11.3989,12.8879
"1354",61,2010-03-01,12.92,11.388,12.8819
"1355",62,2010-03-02,12.95923077,11.3845,12.8797
"1356",63,2010-03-03,12.85166667,11.3813,12.8782
"1357",64,2010-03-04,12.72875,11.3781,12.8786
"1358",65,2010-03-05,12.65,11.3754,12.8788
"1359",66,2010-03-06,12.57,11.3728,12.8726
"1360",67,2010-03-07,12.65,11.3694,12.8623
"1361",68,2010-03-08,12.51111111,11.3657,12.8511
"1362",69,2010-03-09,11.91375,11.3626,12.8393
"1363",70,2010-03-10,11.32857143,11.3598,12.8267
"1364",71,2010-03-11,10.73166667,11.3566,12.813
"1365",72,2010-03-12,11.3025,11.3519,12.7957
"1366",73,2010-03-13,10.74444444,11.345,12.7744
"1367",74,2010-03-14,10.83777778,11.3361,12.7527
"1368",75,2010-03-15,11.23428571,11.3247,12.7305
"1369",76,2010-03-16,11.42,11.3102,12.7071
"1370",77,2010-03-17,10.992,11.2934,12.6817
"1371",78,2010-03-18,11.00142857,11.2742,12.6551
"1372",79,2010-03-19,11.24428571,11.2522,12.6263
"1373",80,2010-03-20,11.46571429,11.2278,12.5959
"1374",81,2010-03-21,11.8575,11.2019,12.5632
"1375",82,2010-03-22,11.85111111,11.1751,12.53
"1376",83,2010-03-23,10.42333333,11.1472,12.4969
"1377",84,2010-03-24,10.52,11.1182,12.4636
"1378",85,2010-03-25,11.15777778,11.0883,12.4351
"1379",86,2010-03-26,10.3975,11.0569,12.4019
"1380",87,2010-03-27,11.11307692,11.0241,12.3611
"1381",88,2010-03-28,11.65785714,10.9915,12.327
"1382",89,2010-03-29,11.70083333,10.9601,12.2967
"1383",90,2010-03-30,11.54636364,10.9301,12.2688
"1384",91,2010-03-31,11.5325,10.9002,12.2359
"1385",92,2010-04-01,11.56285714,10.8702,12.2038
"1386",93,2010-04-02,11.44125,10.8403,12.1692
"1387",94,2010-04-03,11.09571429,10.8117,12.1345
"1388",95,2010-04-04,11.05,10.7841,12.0987
"1389",96,2010-04-05,11.02666667,10.7582,12.0607
"1390",97,2010-04-06,11.005,10.7355,12.0286
"1391",98,2010-04-07,NA,10.7157,12.0027
"1392",99,2010-04-08,NA,10.6959,11.9777
"1393",100,2010-04-09,NA,10.6749,11.947
"1394",101,2010-04-10,11.11,10.6525,11.9174
"1395",102,2010-04-11,10.77,10.6309,11.893
"1396",103,2010-04-12,11.03,10.6093,11.8635
"1397",104,2010-04-13,11.34,10.5877,11.8361
"1398",105,2010-04-14,12.05833333,10.5669,11.8122
"1399",106,2010-04-15,12.02666667,10.5493,11.7948
"1400",107,2010-04-16,12.65875,10.5337,11.7827
"1401",108,2010-04-17,12.29125,10.5184,11.7727
"1402",109,2010-04-18,11.83285714,10.5035,11.7606
"1403",110,2010-04-19,12.38571429,10.4912,11.7534
"1404",111,2010-04-20,12.71,10.4818,11.7511
"1405",112,2010-04-21,11.44,10.475,11.7522
"1406",113,2010-04-22,9.976666667,10.4693,11.7501
"1407",114,2010-04-23,10.71,10.4655,11.7558
"1408",115,2010-04-24,10.02,10.4647,11.7669
"1409",116,2010-04-25,10.54,10.4651,11.7753
"1410",117,2010-04-26,10.33777778,10.4654,11.7852
"1411",118,2010-04-27,10.87666667,10.4667,11.7949
"1412",119,2010-04-28,10.82,10.4684,11.7924
"1413",120,2010-04-29,10.2425,10.4705,11.7882
"1414",121,2010-04-30,9.8975,10.4708,11.7802
"1415",122,2010-05-01,9.645714286,10.4711,11.7704
"1416",123,2010-05-02,9.318333333,10.4719,11.7589
"1417",124,2010-05-03,8.608333333,10.4734,11.7509
"1418",125,2010-05-04,8.636666667,10.4739,11.743
"1419",126,2010-05-05,NA,10.4735,11.735
"1420",127,2010-05-06,NA,10.4723,11.7243
"1421",128,2010-05-07,NA,10.4711,11.7163
"1422",129,2010-05-08,8.976666667,10.4704,11.7097
"1423",130,2010-05-09,9.126,10.4715,11.7039
"1424",131,2010-05-10,9.13,10.476,11.7109
"1425",132,2010-05-11,9.20875,10.485,11.7244
"1426",133,2010-05-12,8.9575,10.4959,11.7372
"1427",134,2010-05-13,9.347777778,10.5093,11.7616
"1428",135,2010-05-14,9.714444444,10.5257,11.7886
"1429",136,2010-05-15,9.34875,10.5464,11.8221
"1430",137,2010-05-16,9.144444444,10.57,11.8582
"1431",138,2010-05-17,9.295,10.5966,11.8927
"1432",139,2010-05-18,9.73,10.6267,11.9335
"1433",140,2010-05-19,10.43,10.6595,11.9903
"1434",141,2010-05-20,10.655,10.6951,12.0462
"1435",142,2010-05-21,9.881428571,10.7313,12.1037
"1436",143,2010-05-22,9.975,10.7673,12.165
"1437",144,2010-05-23,9.92,10.8035,12.2283
"1438",145,2010-05-24,10.43111111,10.8373,12.2857
"1439",146,2010-05-25,9.998888889,10.8685,12.3476
"1440",147,2010-05-26,11.026,10.8963,12.4095
"1441",148,2010-05-27,11.44333333,10.9208,12.463
"1442",149,2010-05-28,11.65375,10.942,12.5125
"1443",150,2010-05-29,10.805,10.9593,12.5669
"1444",151,2010-05-30,10.14142857,10.9732,12.614
"1445",152,2010-05-31,10.09,10.9848,12.6376
"1446",153,2010-06-01,9.724,10.9944,12.6574
"1447",154,2010-06-02,9.66,11.0024,12.6744
"1448",155,2010-06-03,NA,11.0087,12.6859
"1449",156,2010-06-04,12.14,11.0174,12.7041
"1450",157,2010-06-05,12.65333333,11.0284,12.7258
"1451",158,2010-06-06,11.91857143,11.043,12.7591
"1452",159,2010-06-07,10.2725,11.0601,12.8048
"1453",160,2010-06-08,9.308888889,11.08,12.8501
"1454",161,2010-06-09,9.738,11.1033,12.9096
"1455",162,2010-06-10,9.673636364,11.1287,12.9725
"1456",163,2010-06-11,9.095,11.156,13.0365
"1457",164,2010-06-12,8.994444444,11.1854,13.1037
"1458",165,2010-06-13,9.787777778,11.2177,13.1688
"1459",166,2010-06-14,9.8,11.254,13.2363
"1460",167,2010-06-15,9.448181818,11.2897,13.2946
"1461",168,2010-06-16,9.166588235,11.3238,13.3444
"1462",169,2010-06-17,9.136791667,11.3557,13.3921
"1463",170,2010-06-18,10.0406,11.3868,13.441
"1464",171,2010-06-19,10.53138889,11.4175,13.4788
"1465",172,2010-06-20,9.7099,11.4467,13.519
"1466",173,2010-06-21,10.96166667,11.4758,13.5571
"1467",174,2010-06-22,11.40486364,11.5053,13.5935
"1468",175,2010-06-23,10.99466667,11.5357,13.6317
"1469",176,2010-06-24,9.52452381,11.568,13.6685
"1470",177,2010-06-25,9.78852381,11.6018,13.693
"1471",178,2010-06-26,10.32904545,11.6405,13.7175
"1472",179,2010-06-27,10.38668421,11.6866,13.7523
"1473",180,2010-06-28,11.46742857,11.7397,13.796
"1474",181,2010-06-29,10.45363636,11.798,13.85
"1475",182,2010-06-30,9.604777778,11.8608,13.9162
"1476",183,2010-07-01,9.993166667,11.9269,14.0073
"1477",184,2010-07-02,9.654333333,11.9964,14.1033
"1478",185,2010-07-03,10.50130769,12.068,14.2047
"1479",186,2010-07-04,12.0603125,12.1421,14.3146
"1480",187,2010-07-05,11.46716667,12.2164,14.4197
"1481",188,2010-07-06,11.85695,12.2908,14.5335
"1482",189,2010-07-07,12.48531818,12.3636,14.645
"1483",190,2010-07-08,12.62582609,12.4341,14.7415
"1484",191,2010-07-09,12.544875,12.5026,14.8385
"1485",192,2010-07-10,13.42113043,12.571,14.9216
"1486",193,2010-07-11,13.61130769,12.6384,14.9951
"1487",194,2010-07-12,13.40138462,12.705,15.0645
"1488",195,2010-07-13,13.95666667,12.7701,15.121
"1489",196,2010-07-14,14.61884,12.8333,15.1749
"1490",197,2010-07-15,13.93923077,12.8931,15.2321
"1491",198,2010-07-16,12.96288462,12.9516,15.2889
"1492",199,2010-07-17,14.714,13.0095,15.3413
"1493",200,2010-07-18,14.18725,13.0657,15.39
"1494",201,2010-07-19,11.63931818,13.118,15.4299
"1495",202,2010-07-20,13.71921739,13.1652,15.4641
"1496",203,2010-07-21,12.30445455,13.2065,15.4875
"1497",204,2010-07-22,12.73627273,13.2432,15.5058
"1498",205,2010-07-23,12.66196,13.2771,15.5193
"1499",206,2010-07-24,13.27061538,13.3082,15.5251
"1500",207,2010-07-25,13.76095652,13.3356,15.5304
"1501",208,2010-07-26,14.24828571,13.3602,15.5352
"1502",209,2010-07-27,14.36788889,13.381,15.5388
"1503",210,2010-07-28,14.63723529,13.3971,15.5397
"1504",211,2010-07-29,14.04828571,13.4102,15.5402
"1505",212,2010-07-30,14.431,13.4235,15.5371
"1506",213,2010-07-31,14.67264286,13.4377,15.5296
"1507",214,2010-08-01,13.9735,13.4548,15.5268
"1508",215,2010-08-02,14.11,13.4728,15.5313
"1509",216,2010-08-03,14.38066667,13.4916,15.5407
"1510",217,2010-08-04,13.97577273,13.511,15.5527
"1511",218,2010-08-05,13.04104348,13.5324,15.5673
"1512",219,2010-08-06,13.68278261,13.5558,15.5738
"1513",220,2010-08-07,12.5415,13.5799,15.5761
"1514",221,2010-08-08,13.11117857,13.6039,15.5761
"1515",222,2010-08-09,13.20782143,13.6259,15.5751
"1516",223,2010-08-10,12.82671429,13.6417,15.5686
"1517",224,2010-08-11,13.70544444,13.6512,15.5588
"1518",225,2010-08-12,13.42438462,13.6545,15.5488
"1519",226,2010-08-13,13.85333333,13.6537,15.5402
"1520",227,2010-08-14,13.65369231,13.6486,15.5264
"1521",228,2010-08-15,12.39835,13.6395,15.4995
"1522",229,2010-08-16,12.95113636,13.6255,15.4725
"1523",230,2010-08-17,12.63672727,13.6076,15.4564
"1524",231,2010-08-18,12.61518182,13.588,15.4436
"1525",232,2010-08-19,12.67975,13.5688,15.4323
"1526",233,2010-08-20,12.23452,13.5526,15.4266
"1527",234,2010-08-21,11.78484,13.5434,15.4321
"1528",235,2010-08-22,11.12245833,13.5405,15.4439
"1529",236,2010-08-23,11.47283333,13.5419,15.4601
"1530",237,2010-08-24,12.40915,13.5468,15.487
"1531",238,2010-08-25,13.80277778,13.5574,15.5217
"1532",239,2010-08-26,13.899625,13.5706,15.5613
"1533",240,2010-08-27,13.12013333,13.5869,15.6021
"1534",241,2010-08-28,11.50178571,13.6043,15.6428
"1535",242,2010-08-29,11.02275,13.6212,15.6772
"1536",243,2010-08-30,10.56366667,13.6368,15.7163
"1537",244,2010-08-31,11.70895,13.6495,15.76
"1538",245,2010-09-01,12.54042857,13.6575,15.8041
"1539",246,2010-09-02,13.51666667,13.6602,15.8234
"1540",247,2010-09-03,13.3837619,13.6583,15.8279
"1541",248,2010-09-04,12.20614286,13.6517,15.8204
"1542",249,2010-09-05,11.30165385,13.6386,15.8019
"1543",250,2010-09-06,11.51182143,13.6213,15.7813
"1544",251,2010-09-07,12.1283,13.6001,15.7582
"1545",252,2010-09-08,11.22814286,13.5776,15.7323
"1546",253,2010-09-09,11.00940741,13.5547,15.6998
"1547",254,2010-09-10,11.89114815,13.5335,15.6674
"1548",255,2010-09-11,12.80360714,13.5149,15.6355
"1549",256,2010-09-12,12.50074074,13.4999,15.6067
"1550",257,2010-09-13,12.93228571,13.4872,15.5835
"1551",258,2010-09-14,13.28095,13.4773,15.5671
"1552",259,2010-09-15,13.55447368,13.4698,15.5579
"1553",260,2010-09-16,12.62576471,13.4654,15.5496
"1554",261,2010-09-17,12.28271429,13.4634,15.5361
"1555",262,2010-09-18,13.23154545,13.4634,15.5229
"1556",263,2010-09-19,13.77990476,13.4646,15.5108
"1557",264,2010-09-20,13.35590909,13.4651,15.4968
"1558",265,2010-09-21,11.2313,13.4619,15.4785
"1559",266,2010-09-22,10.70484211,13.4538,15.4595
"1560",267,2010-09-23,11.18111111,13.4421,15.435
"1561",268,2010-09-24,11.98028571,13.4283,15.4088
"1562",269,2010-09-25,12.36753333,13.412,15.3766
"1563",270,2010-09-26,11.67841176,13.3948,15.3444
"1564",271,2010-09-27,11.78411111,13.3756,15.3122
"1565",272,2010-09-28,11.83789474,13.3566,15.2819
"1566",273,2010-09-29,11.99433333,13.3382,15.259
"1567",274,2010-09-30,12.53247368,13.3197,15.2302
"1568",275,2010-10-01,12.21505556,13.3016,15.1969
"1569",276,2010-10-02,12.639,13.2856,15.1607
"1570",277,2010-10-03,12.16458333,13.2732,15.1441
"1571",278,2010-10-04,11.71438462,13.263,15.1336
"1572",279,2010-10-05,10.66821429,13.2556,15.1285
"1573",280,2010-10-06,11.60910345,13.2518,15.1304
"1574",281,2010-10-07,12.14922222,13.2491,15.1328
"1575",282,2010-10-08,12.12861538,13.2475,15.1388
"1576",283,2010-10-09,12.16292308,13.2443,15.1459
"1577",284,2010-10-10,11.8702,13.2405,15.1561
"1578",285,2010-10-11,11.47740741,13.2368,15.1698
"1579",286,2010-10-12,12.62785,13.2338,15.1829
"1580",287,2010-10-13,12.80172222,13.2307,15.1875
"1581",288,2010-10-14,13.21414286,13.2274,15.1865
"1582",289,2010-10-15,12.69171429,13.223,15.1791
"1583",290,2010-10-16,12.3138,13.2177,15.1708
"1584",291,2010-10-17,11.32955556,13.2105,15.1614
"1585",292,2010-10-18,11.36990909,13.2016,15.1444
"1586",293,2010-10-19,11.90033333,13.1923,15.125
"1587",294,2010-10-20,11.61130769,13.1832,15.104
"1588",295,2010-10-21,12.2306,13.1748,15.0826
"1589",296,2010-10-22,12.31464706,13.1665,15.0609
"1590",297,2010-10-23,12.386,13.1579,15.0365
"1591",298,2010-10-24,12.79142105,13.1483,15.0155
"1592",299,2010-10-25,12.6591,13.1365,14.9914
"1593",300,2010-10-26,12.57409091,13.123,14.9668
"1594",301,2010-10-27,12.07504762,13.107,14.9401
"1595",302,2010-10-28,12.461,13.0891,14.9106
"1596",303,2010-10-29,12.4565,13.0699,14.8811
"1597",304,2010-10-30,12.67294118,13.0486,14.8474
"1598",305,2010-10-31,12.90982353,13.0253,14.8072
"1599",306,2010-11-01,12.93968421,13.0002,14.7626
"1600",307,2010-11-02,12.90690476,12.9735,14.7138
"1601",308,2010-11-03,13.20612,12.9463,14.6595
"1602",309,2010-11-04,13.11057143,12.9187,14.6041
"1603",310,2010-11-05,13.23182759,12.8896,14.5476
"1604",311,2010-11-06,13.48851852,12.859,14.4909
"1605",312,2010-11-07,13.55274074,12.8278,14.4347
"1606",313,2010-11-08,12.98096774,12.7966,14.3773
"1607",314,2010-11-09,12.74523333,12.7661,14.3216
"1608",315,2010-11-10,12.84438462,12.7355,14.267
"1609",316,2010-11-11,12.51966667,12.7054,14.2135
"1610",317,2010-11-12,12.21691667,12.675,14.1634
"1611",318,2010-11-13,11.864,12.6437,14.1223
"1612",319,2010-11-14,11.7053,12.6104,14.0868
"1613",320,2010-11-15,11.68969231,12.5768,14.0586
"1614",321,2010-11-16,11.32635714,12.5439,14.0309
"1615",322,2010-11-17,11.484125,12.5122,14.0034
"1616",323,2010-11-18,11.80582353,12.4813,13.9821
"1617",324,2010-11-19,12.36057895,12.4506,13.9631
"1618",325,2010-11-20,11.60825,12.4204,13.9447
"1619",326,2010-11-21,11.55428571,12.3909,13.9268
"1620",327,2010-11-22,11.38378261,12.3625,13.9083
"1621",328,2010-11-23,11.59213043,12.3347,13.8886
"1622",329,2010-11-24,10.65069231,12.3086,13.8657
"1623",330,2010-11-25,10.84211538,12.2841,13.8425
"1624",331,2010-11-26,10.59780769,12.2606,13.8196
"1625",332,2010-11-27,10.58304348,12.2387,13.7982
"1626",333,2010-11-28,10.24684615,12.2186,13.7796
"1627",334,2010-11-29,9.9276875,12.1998,13.7609
"1628",335,2010-11-30,9.937166667,12.1819,13.7447
"1629",336,2010-12-01,9.88,12.1643,13.7332
"1630",337,2010-12-02,10.08431818,12.1471,13.7208
"1631",338,2010-12-03,10.24321429,12.1296,13.6985
"1632",339,2010-12-04,10.32283333,12.1108,13.6782
"1633",340,2010-12-05,10.64272414,12.0908,13.6563
"1634",341,2010-12-06,10.8004,12.0705,13.6319
"1635",342,2010-12-07,11.62332258,12.0493,13.6071
"1636",343,2010-12-08,11.72977419,12.0272,13.5782
"1637",344,2010-12-09,12.46761538,12.0045,13.546
"1638",345,2010-12-10,12.72547619,11.9809,13.5111
"1639",346,2010-12-11,12.57933333,11.9568,13.4717
"1640",347,2010-12-12,12.2679,11.9317,13.4315
"1641",348,2010-12-13,12.22861538,11.9058,13.3893
"1642",349,2010-12-14,12.22393333,11.88,13.3423
"1643",350,2010-12-15,11.78870588,11.8554,13.2936
"1644",351,2010-12-16,11.46326316,11.8315,13.244
"1645",352,2010-12-17,11.425,11.8077,13.1951
"1646",353,2010-12-18,11.47163636,11.7842,13.1469
"1647",354,2010-12-19,11.81895652,11.7613,13.0996
"1648",355,2010-12-20,12.151,11.7384,13.0529
"1649",356,2010-12-21,12.36877778,11.7153,13.006
"1650",357,2010-12-22,12.35593103,11.692,12.9599
"1651",358,2010-12-23,11.88077419,11.6684,12.9151
"1652",359,2010-12-24,11.83709677,11.6444,12.8717
"1653",360,2010-12-25,11.85231034,11.6197,12.8318
"1654",361,2010-12-26,11.73572727,11.5943,12.7928
"1655",362,2010-12-27,11.58052941,11.5685,12.754
"1656",363,2010-12-28,11.57378947,11.5427,12.7177
"1657",364,2010-12-29,11.60614286,11.5176,12.6824
"1658",365,2010-12-30,11.15504348,11.4932,12.6486
"1659",366,2010-12-31,10.95078261,11.47,12.6162
"1660",1,2011-01-01,10.76565517,11.4481,12.5855
"1661",2,2011-01-02,10.765,11.428,12.5603
"1662",3,2011-01-03,10.94341379,11.4098,12.5478
"1663",4,2011-01-04,10.98032143,11.3939,12.5378
"1664",5,2011-01-05,10.97585185,11.3805,12.5325
"1665",6,2011-01-06,10.95759259,11.3697,12.5328
"1666",7,2011-01-07,10.88379167,11.3617,12.5377
"1667",8,2011-01-08,10.72133333,11.3556,12.547
"1668",9,2011-01-09,10.563,11.3513,12.5599
"1669",10,2011-01-10,10.45784615,11.3486,12.5763
"1670",11,2011-01-11,9.9556,11.3475,12.5971
"1671",12,2011-01-12,10.32182353,11.348,12.6183
"1672",13,2011-01-13,10.42094737,11.3494,12.6406
"1673",14,2011-01-14,10.69661905,11.3523,12.6644
"1674",15,2011-01-15,10.88409091,11.3565,12.6898
"1675",16,2011-01-16,11.09469565,11.3614,12.715
"1676",17,2011-01-17,11.25228,11.3669,12.7391
"1677",18,2011-01-18,11.1627931,11.3733,12.7586
"1678",19,2011-01-19,11.19525,11.3807,12.7704
"1679",20,2011-01-20,10.96806667,11.3887,12.7815
"1680",21,2011-01-21,11.20213793,11.3973,12.7927
"1681",22,2011-01-22,11.25996552,11.4064,12.8031
"1682",23,2011-01-23,11.16046429,11.4166,12.8193
"1683",24,2011-01-24,11.09641176,11.4282,12.8361
"1684",25,2011-01-25,11.21621053,11.4408,12.852
"1685",26,2011-01-26,11.22514286,11.4538,12.8678
"1686",27,2011-01-27,11.223,11.4675,12.8837
"1687",28,2011-01-28,11.4386087,11.482,12.8989
"1688",29,2011-01-29,11.21773913,11.4961,12.9135
"1689",30,2011-01-30,11.40775862,11.5088,12.9264
"1690",31,2011-01-31,11.46824138,11.5201,12.9381
"1691",32,2011-02-01,11.27266667,11.5299,12.9482
"1692",33,2011-02-02,11.28628,11.5379,12.955
"1693",34,2011-02-03,11.37504167,11.5436,12.9609
"1694",35,2011-02-04,11.51056522,11.5467,12.9687
"1695",36,2011-02-05,11.68194444,11.5475,12.9745
"1696",37,2011-02-06,11.5064,11.546,12.9782
"1697",38,2011-02-07,11.30581818,11.5416,12.9776
"1698",39,2011-02-08,10.87715385,11.5344,12.9717
"1699",40,2011-02-09,10.044,11.5249,12.9648
"1700",41,2011-02-10,10.39823529,11.5145,12.9573
"1701",42,2011-02-11,10.35642105,11.5038,12.9502
"1702",43,2011-02-12,10.5433,11.4934,12.9431
"1703",44,2011-02-13,10.78509524,11.4835,12.937
"1704",45,2011-02-14,10.94566667,11.4749,12.9303
"1705",46,2011-02-15,11.29904167,11.4672,12.9236
"1706",47,2011-02-16,10.97675,11.4604,12.9174
"1707",48,2011-02-17,10.89067857,11.4545,12.9116
"1708",49,2011-02-18,10.84574074,11.4492,12.909
"1709",50,2011-02-19,10.74921429,11.4441,12.9133
"1710",51,2011-02-20,10.76623077,11.4396,12.9192
"1711",52,2011-02-21,10.718875,11.4353,12.923
"1712",53,2011-02-22,10.6246875,11.4314,12.9253
"1713",54,2011-02-23,10.68594737,11.4271,12.9184
"1714",55,2011-02-24,10.49295,11.4224,12.913
"1715",56,2011-02-25,10.49047619,11.4172,12.9117
"1716",57,2011-02-26,10.08025,11.4119,12.9058
"1717",58,2011-02-27,10.13968421,11.4057,12.8975
"1718",59,2011-02-28,10.460125,11.3989,12.8879
"1719",61,2011-03-01,10.506875,11.388,12.8819
"1720",62,2011-03-02,10.835,11.3845,12.8797
"1721",63,2011-03-03,11.1585,11.3813,12.8782
"1722",64,2011-03-04,11.27666667,11.3781,12.8786
"1723",65,2011-03-05,11.58246667,11.3754,12.8788
"1724",66,2011-03-06,11.52688889,11.3728,12.8726
"1725",67,2011-03-07,11.24154545,11.3694,12.8623
"1726",68,2011-03-08,11.096,11.3657,12.8511
"1727",69,2011-03-09,11.15291667,11.3626,12.8393
"1728",70,2011-03-10,11.10564286,11.3598,12.8267
"1729",71,2011-03-11,11.2725,11.3566,12.813
"1730",72,2011-03-12,10.995625,11.3519,12.7957
"1731",73,2011-03-13,11.3244375,11.345,12.7744
"1732",74,2011-03-14,11.328875,11.3361,12.7527
"1733",75,2011-03-15,11.9056875,11.3247,12.7305
"1734",76,2011-03-16,12.0483913,11.3102,12.7071
"1735",77,2011-03-17,11.99838462,11.2934,12.6817
"1736",78,2011-03-18,11.83767857,11.2742,12.6551
"1737",79,2011-03-19,11.61784,11.2522,12.6263
"1738",80,2011-03-20,11.51315385,11.2278,12.5959
"1739",81,2011-03-21,11.44092,11.2019,12.5632
"1740",82,2011-03-22,11.36227273,11.1751,12.53
"1741",83,2011-03-23,11.4660625,11.1472,12.4969
"1742",84,2011-03-24,11.6268125,11.1182,12.4636
"1743",85,2011-03-25,11.34205263,11.0883,12.4351
"1744",86,2011-03-26,11.598,11.0569,12.4019
"1745",87,2011-03-27,11.71692857,11.0241,12.3611
"1746",88,2011-03-28,11.68435714,10.9915,12.327
"1747",89,2011-03-29,11.29366667,10.9601,12.2967
"1748",90,2011-03-30,11.23607143,10.9301,12.2688
"1749",91,2011-03-31,11.14907692,10.9002,12.2359
"1750",92,2011-04-01,11.33009091,10.8702,12.2038
"1751",93,2011-04-02,10.44945455,10.8403,12.1692
"1752",94,2011-04-03,10.1071,10.8117,12.1345
"1753",95,2011-04-04,10.438,10.7841,12.0987
"1754",96,2011-04-05,10.09758333,10.7582,12.0607
"1755",97,2011-04-06,9.55625,10.7355,12.0286
"1756",98,2011-04-07,9.140461538,10.7157,12.0027
"1757",99,2011-04-08,8.80825,10.6959,11.9777
"1758",100,2011-04-09,8.951285714,10.6749,11.947
"1759",101,2011-04-10,8.705846154,10.6525,11.9174
"1760",102,2011-04-11,9.445,10.6309,11.893
"1761",103,2011-04-12,9.036142857,10.6093,11.8635
"1762",104,2011-04-13,9.023285714,10.5877,11.8361
"1763",105,2011-04-14,9.090947368,10.5669,11.8122
"1764",106,2011-04-15,9.557954545,10.5493,11.7948
"1765",107,2011-04-16,9.510125,10.5337,11.7827
"1766",108,2011-04-17,9.170625,10.5184,11.7727
"1767",109,2011-04-18,9.656708333,10.5035,11.7606
"1768",110,2011-04-19,10.66230435,10.4912,11.7534
"1769",111,2011-04-20,10.80826316,10.4818,11.7511
"1770",112,2011-04-21,10.7298,10.475,11.7522
"1771",113,2011-04-22,10.21685714,10.4693,11.7501
"1772",114,2011-04-23,10.09993333,10.4655,11.7558
"1773",115,2011-04-24,10.6605,10.4647,11.7669
"1774",116,2011-04-25,NA,10.4651,11.7753
"1775",117,2011-04-26,10.82583333,10.4654,11.7852
"1776",118,2011-04-27,9.607625,10.4667,11.7949
"1777",119,2011-04-28,10.156,10.4684,11.7924
"1778",120,2011-04-29,9.385727273,10.4705,11.7882
"1779",121,2011-04-30,9.053833333,10.4708,11.7802
"1780",122,2011-05-01,9.371714286,10.4711,11.7704
"1781",123,2011-05-02,10.1046,10.4719,11.7589
"1782",124,2011-05-03,9.135,10.4734,11.7509
"1783",125,2011-05-04,9.572285714,10.4739,11.743
"1784",126,2011-05-05,9.912666667,10.4735,11.735
"1785",127,2011-05-06,9.993857143,10.4723,11.7243
"1786",128,2011-05-07,9.360916667,10.4711,11.7163
"1787",129,2011-05-08,8.983916667,10.4704,11.7097
"1788",130,2011-05-09,9.3116,10.4715,11.7039
"1789",131,2011-05-10,9.66325,10.476,11.7109
"1790",132,2011-05-11,9.833909091,10.485,11.7244
"1791",133,2011-05-12,10.21164286,10.4959,11.7372
"1792",134,2011-05-13,9.9615625,10.5093,11.7616
"1793",135,2011-05-14,9.735166667,10.5257,11.7886
"1794",136,2011-05-15,10.94557895,10.5464,11.8221
"1795",137,2011-05-16,10.36338095,10.57,11.8582
"1796",138,2011-05-17,10.48618182,10.5966,11.8927
"1797",139,2011-05-18,10.68404348,10.6267,11.9335
"1798",140,2011-05-19,11.09380952,10.6595,11.9903
"1799",141,2011-05-20,11.20863158,10.6951,12.0462
"1800",142,2011-05-21,11.2838,10.7313,12.1037
"1801",143,2011-05-22,10.21073333,10.7673,12.165
"1802",144,2011-05-23,10.2755,10.8035,12.2283
"1803",145,2011-05-24,9.6725,10.8373,12.2857
"1804",146,2011-05-25,10.7217,10.8685,12.3476
"1805",147,2011-05-26,10.85025,10.8963,12.4095
"1806",148,2011-05-27,11.94161538,10.9208,12.463
"1807",149,2011-05-28,10.79633333,10.942,12.5125
"1808",150,2011-05-29,9.717941176,10.9593,12.5669
"1809",151,2011-05-30,9.979764706,10.9732,12.614
"1810",152,2011-05-31,11.17784211,10.9848,12.6376
"1811",153,2011-06-01,10.73866667,10.9944,12.6574
"1812",154,2011-06-02,12.04147059,11.0024,12.6744
"1813",155,2011-06-03,11.879875,11.0087,12.6859
"1814",156,2011-06-04,12.16528571,11.0174,12.7041
"1815",157,2011-06-05,12.23741667,11.0284,12.7258
"1816",158,2011-06-06,11.92188889,11.043,12.7591
"1817",159,2011-06-07,12.67626316,11.0601,12.8048
"1818",160,2011-06-08,13.06430769,11.08,12.8501
"1819",161,2011-06-09,12.7398125,11.1033,12.9096
"1820",162,2011-06-10,11.08711111,11.1287,12.9725
"1821",163,2011-06-11,9.766,11.156,13.0365
"1822",164,2011-06-12,10.26309524,11.1854,13.1037
"1823",165,2011-06-13,9.438363636,11.2177,13.1688
"1824",166,2011-06-14,10.08636364,11.254,13.2363
"1825",167,2011-06-15,9.31936,11.2897,13.2946
"1826",168,2011-06-16,9.34588,11.3238,13.3444
"1827",169,2011-06-17,10.358125,11.3557,13.3921
"1828",170,2011-06-18,11.13333333,11.3868,13.441
"1829",171,2011-06-19,10.89382353,11.4175,13.4788
"1830",172,2011-06-20,11.26336842,11.4467,13.519
"1831",173,2011-06-21,13.0837,11.4758,13.5571
"1832",174,2011-06-22,13.53472727,11.5053,13.5935
"1833",175,2011-06-23,10.11021429,11.5357,13.6317
"1834",176,2011-06-24,10.3050625,11.568,13.6685
"1835",177,2011-06-25,11.26823529,11.6018,13.693
"1836",178,2011-06-26,10.96989474,11.6405,13.7175
"1837",179,2011-06-27,10.36695238,11.6866,13.7523
"1838",180,2011-06-28,10.9229,11.7397,13.796
"1839",181,2011-06-29,11.6082381,11.798,13.85
"1840",182,2011-06-30,11.013,11.8608,13.9162
"1841",183,2011-07-01,11.08172222,11.9269,14.0073
"1842",184,2011-07-02,10.436,11.9964,14.1033
"1843",185,2011-07-03,10.07282609,12.068,14.2047
"1844",186,2011-07-04,9.852727273,12.1421,14.3146
"1845",187,2011-07-05,10.64034783,12.2164,14.4197
"1846",188,2011-07-06,12.06228571,12.2908,14.5335
"1847",189,2011-07-07,12.67583333,12.3636,14.645
"1848",190,2011-07-08,13.6286,12.4341,14.7415
"1849",191,2011-07-09,13.27171429,12.5026,14.8385
"1850",192,2011-07-10,12.24195652,12.571,14.9216
"1851",193,2011-07-11,10.14170833,12.6384,14.9951
"1852",194,2011-07-12,10.10278261,12.705,15.0645
"1853",195,2011-07-13,10.67932143,12.7701,15.121
"1854",196,2011-07-14,10.03751852,12.8333,15.1749
"1855",197,2011-07-15,10.14315385,12.8931,15.2321
"1856",198,2011-07-16,10.76308333,12.9516,15.2889
"1857",199,2011-07-17,12.83445455,13.0095,15.3413
"1858",200,2011-07-18,12.71675,13.0657,15.39
"1859",201,2011-07-19,12.82922222,13.118,15.4299
"1860",202,2011-07-20,14.196,13.1652,15.4641
"1861",203,2011-07-21,12.9455,13.2065,15.4875
"1862",204,2011-07-22,13.4295,13.2432,15.5058
"1863",205,2011-07-23,13.39166667,13.2771,15.5193
"1864",206,2011-07-24,14.062,13.3082,15.5251
"1865",207,2011-07-25,13.76275,13.3356,15.5304
"1866",208,2011-07-26,11.863,13.3602,15.5352
"1867",209,2011-07-27,12.18718182,13.381,15.5388
"1868",210,2011-07-28,13.1882381,13.3971,15.5397
"1869",211,2011-07-29,13.92369565,13.4102,15.5402
"1870",212,2011-07-30,14.16258333,13.4235,15.5371
"1871",213,2011-07-31,14.25996154,13.4377,15.5296
"1872",214,2011-08-01,14.41864,13.4548,15.5268
"1873",215,2011-08-02,14.92025,13.4728,15.5313
"1874",216,2011-08-03,14.46033333,13.4916,15.5407
"1875",217,2011-08-04,11.5663913,13.511,15.5527
"1876",218,2011-08-05,12.5119,13.5324,15.5673
"1877",219,2011-08-06,13.35836364,13.5558,15.5738
"1878",220,2011-08-07,12.79369565,13.5799,15.5761
"1879",221,2011-08-08,12.1703913,13.6039,15.5761
"1880",222,2011-08-09,12.00969565,13.6259,15.5751
"1881",223,2011-08-10,12.18803704,13.6417,15.5686
"1882",224,2011-08-11,12.87034483,13.6512,15.5588
"1883",225,2011-08-12,12.22817857,13.6545,15.5488
"1884",226,2011-08-13,12.02345833,13.6537,15.5402
"1885",227,2011-08-14,11.28922727,13.6486,15.5264
"1886",228,2011-08-15,11.52195,13.6395,15.4995
"1887",229,2011-08-16,11.56375,13.6255,15.4725
"1888",230,2011-08-17,12.6316,13.6076,15.4564
"1889",231,2011-08-18,12.11378571,13.588,15.4436
"1890",232,2011-08-19,11.922,13.5688,15.4323
"1891",233,2011-08-20,12.17070588,13.5526,15.4266
"1892",234,2011-08-21,12.89572222,13.5434,15.4321
"1893",235,2011-08-22,13.11231579,13.5405,15.4439
"1894",236,2011-08-23,14.02673684,13.5419,15.4601
"1895",237,2011-08-24,13.9984,13.5468,15.487
"1896",238,2011-08-25,14.3206,13.5574,15.5217
"1897",239,2011-08-26,14.17778261,13.5706,15.5613
"1898",240,2011-08-27,14.38161538,13.5869,15.6021
"1899",241,2011-08-28,13.51277778,13.6043,15.6428
"1900",242,2011-08-29,12.52074074,13.6212,15.6772
"1901",243,2011-08-30,11.16296154,13.6368,15.7163
"1902",244,2011-08-31,12.10684,13.6495,15.76
"1903",245,2011-09-01,12.47275862,13.6575,15.8041
"1904",246,2011-09-02,13.21604,13.6602,15.8234
"1905",247,2011-09-03,13.588,13.6583,15.8279
"1906",248,2011-09-04,14.23,13.6517,15.8204
"1907",249,2011-09-05,13.86142857,13.6386,15.8019
"1908",250,2011-09-06,13.9108,13.6213,15.7813
"1909",251,2011-09-07,13.53592,13.6001,15.7582
"1910",252,2011-09-08,12.53538462,13.5776,15.7323
"1911",253,2011-09-09,12.58030769,13.5547,15.6998
"1912",254,2011-09-10,13.41648,13.5335,15.6674
"1913",255,2011-09-11,13.73,13.5149,15.6355
"1914",256,2011-09-12,13.55689474,13.4999,15.6067
"1915",257,2011-09-13,13.73361111,13.4872,15.5835
"1916",258,2011-09-14,13.47973333,13.4773,15.5671
"1917",259,2011-09-15,12.96864286,13.4698,15.5579
"1918",260,2011-09-16,12.1520625,13.4654,15.5496
"1919",261,2011-09-17,11.459375,13.4634,15.5361
"1920",262,2011-09-18,12.55623529,13.4634,15.5229
"1921",263,2011-09-19,13.33311765,13.4646,15.5108
"1922",264,2011-09-20,12.93735294,13.4651,15.4968
"1923",265,2011-09-21,14.0815,13.4619,15.4785
"1924",266,2011-09-22,13.774,13.4538,15.4595
"1925",267,2011-09-23,13.867,13.4421,15.435
"1926",268,2011-09-24,13.7282,13.4283,15.4088
"1927",269,2011-09-25,13.96325,13.412,15.3766
"1928",270,2011-09-26,14.17113793,13.3948,15.3444
"1929",271,2011-09-27,13.489,13.3756,15.3122
"1930",272,2011-09-28,13.27738462,13.3566,15.2819
"1931",273,2011-09-29,13.76085185,13.3382,15.259
"1932",274,2011-09-30,14.43867742,13.3197,15.2302
"1933",275,2011-10-01,14.70196296,13.3016,15.1969
"1934",276,2011-10-02,15.05866667,13.2856,15.1607
"1935",277,2011-10-03,14.36984211,13.2732,15.1441
"1936",278,2011-10-04,14.56277273,13.263,15.1336
"1937",279,2011-10-05,14.6746087,13.2556,15.1285
"1938",280,2011-10-06,14.42866667,13.2518,15.1304
"1939",281,2011-10-07,14.456,13.2491,15.1328
"1940",282,2011-10-08,14.41036364,13.2475,15.1388
"1941",283,2011-10-09,13.7026,13.2443,15.1459
"1942",284,2011-10-10,13.51121053,13.2405,15.1561
"1943",285,2011-10-11,14.20806667,13.2368,15.1698
"1944",286,2011-10-12,14.24806667,13.2338,15.1829
"1945",287,2011-10-13,14.7025625,13.2307,15.1875
"1946",288,2011-10-14,15.10170588,13.2274,15.1865
"1947",289,2011-10-15,14.836,13.223,15.1791
"1948",290,2011-10-16,14.525,13.2177,15.1708
"1949",291,2011-10-17,15.24635294,13.2105,15.1614
"1950",292,2011-10-18,14.9568,13.2016,15.1444
"1951",293,2011-10-19,13.70991667,13.1923,15.125
"1952",294,2011-10-20,13.621,13.1832,15.104
"1953",295,2011-10-21,11.84371429,13.1748,15.0826
"1954",296,2011-10-22,12.03278947,13.1665,15.0609
"1955",297,2011-10-23,12.174,13.1579,15.0365
"1956",298,2011-10-24,11.99122222,13.1483,15.0155
"1957",299,2011-10-25,12.18936667,13.1365,14.9914
"1958",300,2011-10-26,12.44017857,13.123,14.9668
"1959",301,2011-10-27,12.72907143,13.107,14.9401
"1960",302,2011-10-28,12.85321429,13.0891,14.9106
"1961",303,2011-10-29,12.85909375,13.0699,14.8811
"1962",304,2011-10-30,13.00467742,13.0486,14.8474
"1963",305,2011-10-31,12.87548276,13.0253,14.8072
"1964",306,2011-11-01,12.01532,13.0002,14.7626
"1965",307,2011-11-02,12.12971429,12.9735,14.7138
"1966",308,2011-11-03,11.63733333,12.9463,14.6595
"1967",309,2011-11-04,11.26042857,12.9187,14.6041
"1968",310,2011-11-05,10.94714286,12.8896,14.5476
"1969",311,2011-11-06,11.06313333,12.859,14.4909
"1970",312,2011-11-07,11.0000625,12.8278,14.4347
"1971",313,2011-11-08,11.10205882,12.7966,14.3773
"1972",314,2011-11-09,11.32547059,12.7661,14.3216
"1973",315,2011-11-10,11.29833333,12.7355,14.267
"1974",316,2011-11-11,11.29225,12.7054,14.2135
"1975",317,2011-11-12,11.64225,12.675,14.1634
"1976",318,2011-11-13,11.9722,12.6437,14.1223
"1977",319,2011-11-14,11.81747368,12.6104,14.0868
"1978",320,2011-11-15,11.60288235,12.5768,14.0586
"1979",321,2011-11-16,11.56838462,12.5439,14.0309
"1980",322,2011-11-17,11.4245,12.5122,14.0034
"1981",323,2011-11-18,11.28172727,12.4813,13.9821
"1982",324,2011-11-19,10.76757143,12.4506,13.9631
"1983",325,2011-11-20,11.03464706,12.4204,13.9447
"1984",326,2011-11-21,11.13578947,12.3909,13.9268
"1985",327,2011-11-22,11.33227273,12.3625,13.9083
"1986",328,2011-11-23,11.5207,12.3347,13.8886
"1987",329,2011-11-24,11.6542,12.3086,13.8657
"1988",330,2011-11-25,11.7151,12.2841,13.8425
"1989",331,2011-11-26,11.74612903,12.2606,13.8196
"1990",332,2011-11-27,11.66239394,12.2387,13.7982
"1991",333,2011-11-28,11.80265625,12.2186,13.7796
"1992",334,2011-11-29,11.77085714,12.1998,13.7609
"1993",335,2011-11-30,11.71016667,12.1819,13.7447
"1994",336,2011-12-01,11.36446154,12.1643,13.7332
"1995",337,2011-12-02,11.28835714,12.1471,13.7208
"1996",338,2011-12-03,10.9073125,12.1296,13.6985
"1997",339,2011-12-04,10.84258824,12.1108,13.6782
"1998",340,2011-12-05,11.02111111,12.0908,13.6563
"1999",341,2011-12-06,10.64236842,12.0705,13.6319
"2000",342,2011-12-07,10.94135,12.0493,13.6071
"2001",343,2011-12-08,10.96047619,12.0272,13.5782
"2002",344,2011-12-09,10.91414286,12.0045,13.546
"2003",345,2011-12-10,10.96595455,11.9809,13.5111
"2004",346,2011-12-11,11.05118182,11.9568,13.4717
"2005",347,2011-12-12,11.09628,11.9317,13.4315
"2006",348,2011-12-13,11.04948,11.9058,13.3893
"2007",349,2011-12-14,11.05444,11.88,13.3423
"2008",350,2011-12-15,11.05131818,11.8554,13.2936
"2009",351,2011-12-16,10.93938462,11.8315,13.244
"2010",352,2011-12-17,11.2133125,11.8077,13.1951
"2011",353,2011-12-18,11.419,11.7842,13.1469
"2012",354,2011-12-19,11.3275,11.7613,13.0996
"2013",355,2011-12-20,11.21865217,11.7384,13.0529
"2014",356,2011-12-21,11.25778261,11.7153,13.006
"2015",357,2011-12-22,10.9349,11.692,12.9599
"2016",358,2011-12-23,11.13035484,11.6684,12.9151
"2017",359,2011-12-24,11.23741935,11.6444,12.8717
"2018",360,2011-12-25,11.11077419,11.6197,12.8318
"2019",361,2011-12-26,11.34316667,11.5943,12.7928
"2020",362,2011-12-27,11.19643333,11.5685,12.754
"2021",363,2011-12-28,11.40062963,11.5427,12.7177
"2022",364,2011-12-29,11.51865,11.5176,12.6824
"2023",365,2011-12-30,11.49714286,11.4932,12.6486
"2024",366,2011-12-31,11.16886667,11.47,12.6162
"2025",1,2012-01-01,11.08635294,11.4481,12.5855
"2026",2,2012-01-02,10.98838889,11.428,12.5603
"2027",3,2012-01-03,11.34936842,11.4098,12.5478
"2028",4,2012-01-04,11.12442857,11.3939,12.5378
"2029",5,2012-01-05,11.23622727,11.3805,12.5325
"2030",6,2012-01-06,10.98961905,11.3697,12.5328
"2031",7,2012-01-07,10.84731818,11.3617,12.5377
"2032",8,2012-01-08,10.82775,11.3556,12.547
"2033",9,2012-01-09,10.89748,11.3513,12.5599
"2034",10,2012-01-10,10.9587037,11.3486,12.5763
"2035",11,2012-01-11,10.94110714,11.3475,12.5971
"2036",12,2012-01-12,11.03685714,11.348,12.6183
"2037",13,2012-01-13,10.87292,11.3494,12.6406
"2038",14,2012-01-14,10.7408125,11.3523,12.6644
"2039",15,2012-01-15,10.73611111,11.3565,12.6898
"2040",16,2012-01-16,10.2431,11.3614,12.715
"2041",17,2012-01-17,9.886409091,11.3669,12.7391
"2042",18,2012-01-18,10.05608696,11.3733,12.7586
"2043",19,2012-01-19,10.243875,11.3807,12.7704
"2044",20,2012-01-20,10.3869375,11.3887,12.7815
"2045",21,2012-01-21,10.4681875,11.3973,12.7927
"2046",22,2012-01-22,10.74526667,11.4064,12.8031
"2047",23,2012-01-23,10.73537931,11.4166,12.8193
"2048",24,2012-01-24,11.03771429,11.4282,12.8361
"2049",25,2012-01-25,11.16944,11.4408,12.852
"2050",26,2012-01-26,11.243,11.4538,12.8678
"2051",27,2012-01-27,11.07223077,11.4675,12.8837
"2052",28,2012-01-28,11.00292857,11.482,12.8989
"2053",29,2012-01-29,10.97706667,11.4961,12.9135
"2054",30,2012-01-30,11.023,11.5088,12.9264
"2055",31,2012-01-31,10.81761111,11.5201,12.9381
"2056",32,2012-02-01,11.02021053,11.5299,12.9482
"2057",33,2012-02-02,10.78265,11.5379,12.955
"2058",34,2012-02-03,10.9621,11.5436,12.9609
"2059",35,2012-02-04,10.99375,11.5467,12.9687
"2060",36,2012-02-05,10.87217391,11.5475,12.9745
"2061",37,2012-02-06,10.84851852,11.546,12.9782
"2062",38,2012-02-07,11.0222,11.5416,12.9776
"2063",39,2012-02-08,11.26722222,11.5344,12.9717
"2064",40,2012-02-09,11.4055,11.5249,12.9648
"2065",41,2012-02-10,11.44512,11.5145,12.9573
"2066",42,2012-02-11,11.55790909,11.5038,12.9502
"2067",43,2012-02-12,11.22817647,11.4934,12.9431
"2068",44,2012-02-13,11.09105,11.4835,12.937
"2069",45,2012-02-14,10.71752381,11.4749,12.9303
"2070",46,2012-02-15,10.34145455,11.4672,12.9236
"2071",47,2012-02-16,9.832681818,11.4604,12.9174
"2072",48,2012-02-17,10.08092308,11.4545,12.9116
"2073",49,2012-02-18,9.957344828,11.4492,12.909
"2074",50,2012-02-19,9.509310345,11.4441,12.9133
"2075",51,2012-02-20,9.529222222,11.4396,12.9192
"2076",52,2012-02-21,9.688833333,11.4353,12.923
"2077",53,2012-02-22,9.961045455,11.4314,12.9253
"2078",54,2012-02-23,9.773190476,11.4271,12.9184
"2079",55,2012-02-24,9.694733333,11.4224,12.913
"2080",56,2012-02-25,9.733090909,11.4172,12.9117
"2081",57,2012-02-26,9.148,11.4119,12.9058
"2082",58,2012-02-27,8.944071429,11.4057,12.8975
"2083",59,2012-02-28,8.750533333,11.3989,12.8879
"2084",60,2012-02-29,9.1388,11.3926,12.884
"2085",61,2012-03-01,8.927533333,11.388,12.8819
"2086",62,2012-03-02,8.991733333,11.3845,12.8797
"2087",63,2012-03-03,9.058125,11.3813,12.8782
"2088",64,2012-03-04,9.366,11.3781,12.8786
"2089",65,2012-03-05,9.645428571,11.3754,12.8788
"2090",66,2012-03-06,9.327125,11.3728,12.8726
"2091",67,2012-03-07,9.13852,11.3694,12.8623
"2092",68,2012-03-08,9.6194,11.3657,12.8511
"2093",69,2012-03-09,9.8388,11.3626,12.8393
"2094",70,2012-03-10,9.4515,11.3598,12.8267
"2095",71,2012-03-11,9.42135,11.3566,12.813
"2096",72,2012-03-12,9.431666667,11.3519,12.7957
"2097",73,2012-03-13,9.659666667,11.345,12.7744
"2098",74,2012-03-14,9.9719,11.3361,12.7527
"2099",75,2012-03-15,9.910947368,11.3247,12.7305
"2100",76,2012-03-16,10.14876471,11.3102,12.7071
"2101",77,2012-03-17,10.05490909,11.2934,12.6817
"2102",78,2012-03-18,9.697166667,11.2742,12.6551
"2103",79,2012-03-19,9.537826087,11.2522,12.6263
"2104",80,2012-03-20,10.07277273,11.2278,12.5959
"2105",81,2012-03-21,10.46315789,11.2019,12.5632
"2106",82,2012-03-22,9.738882353,11.1751,12.53
"2107",83,2012-03-23,9.7355,11.1472,12.4969
"2108",84,2012-03-24,9.860909091,11.1182,12.4636
"2109",85,2012-03-25,9.858272727,11.0883,12.4351
"2110",86,2012-03-26,9.916454545,11.0569,12.4019
"2111",87,2012-03-27,10.151,11.0241,12.3611
"2112",88,2012-03-28,10.365,10.9915,12.327
"2113",89,2012-03-29,10.46954545,10.9601,12.2967
"2114",90,2012-03-30,10.70644444,10.9301,12.2688
"2115",91,2012-03-31,10.9195,10.9002,12.2359
"2116",92,2012-04-01,10.296,10.8702,12.2038
"2117",93,2012-04-02,10.32445455,10.8403,12.1692
"2118",94,2012-04-03,10.5515,10.8117,12.1345
"2119",95,2012-04-04,10.16309091,10.7841,12.0987
"2120",96,2012-04-05,9.79884,10.7582,12.0607
"2121",97,2012-04-06,9.781217391,10.7355,12.0286
"2122",98,2012-04-07,9.849416667,10.7157,12.0027
"2123",99,2012-04-08,9.725833333,10.6959,11.9777
"2124",100,2012-04-09,10.19565,10.6749,11.947
"2125",101,2012-04-10,10.53073333,10.6525,11.9174
"2126",102,2012-04-11,10.5745625,10.6309,11.893
"2127",103,2012-04-12,11.19811765,10.6093,11.8635
"2128",104,2012-04-13,11.09893333,10.5877,11.8361
"2129",105,2012-04-14,10.55125,10.5669,11.8122
"2130",106,2012-04-15,10.31238462,10.5493,11.7948
"2131",107,2012-04-16,10.65381818,10.5337,11.7827
"2132",108,2012-04-17,10.09741667,10.5184,11.7727
"2133",109,2012-04-18,9.622333333,10.5035,11.7606
"2134",110,2012-04-19,9.49075,10.4912,11.7534
"2135",111,2012-04-20,9.649384615,10.4818,11.7511
"2136",112,2012-04-21,10.27572727,10.475,11.7522
"2137",113,2012-04-22,10.923,10.4693,11.7501
"2138",114,2012-04-23,11.13458333,10.4655,11.7558
"2139",115,2012-04-24,11.59727273,10.4647,11.7669
"2140",116,2012-04-25,12.0402,10.4651,11.7753
"2141",117,2012-04-26,12.2892,10.4654,11.7852
"2142",118,2012-04-27,11.95575,10.4667,11.7949
"2143",119,2012-04-28,NA,10.4684,11.7924
"2144",120,2012-04-29,NA,10.4705,11.7882
"2145",121,2012-04-30,9.948333333,10.4708,11.7802
"2146",122,2012-05-01,9.605363636,10.4711,11.7704
"2147",123,2012-05-02,8.896,10.4719,11.7589
"2148",124,2012-05-03,9.494,10.4734,11.7509
"2149",125,2012-05-04,9.875777778,10.4739,11.743
"2150",126,2012-05-05,9.484391304,10.4735,11.735
"2151",127,2012-05-06,9.666166667,10.4723,11.7243
"2152",128,2012-05-07,10.26733333,10.4711,11.7163
"2153",129,2012-05-08,10.26456522,10.4704,11.7097
"2154",130,2012-05-09,10.05395238,10.4715,11.7039
"2155",131,2012-05-10,9.9694,10.476,11.7109
"2156",132,2012-05-11,10.89457143,10.485,11.7244
"2157",133,2012-05-12,11.5119375,10.4959,11.7372
"2158",134,2012-05-13,11.67272727,10.5093,11.7616
"2159",135,2012-05-14,12.83961538,10.5257,11.7886
"2160",136,2012-05-15,11.64228571,10.5464,11.8221
"2161",137,2012-05-16,11.10207143,10.57,11.8582
"2162",138,2012-05-17,10.67593333,10.5966,11.8927
"2163",139,2012-05-18,9.455,10.6267,11.9335
"2164",140,2012-05-19,9.3563125,10.6595,11.9903
"2165",141,2012-05-20,8.949875,10.6951,12.0462
"2166",142,2012-05-21,9.193133333,10.7313,12.1037
"2167",143,2012-05-22,9.941214286,10.7673,12.165
"2168",144,2012-05-23,9.605846154,10.8035,12.2283
"2169",145,2012-05-24,9.358818182,10.8373,12.2857
"2170",146,2012-05-25,9.199,10.8685,12.3476
"2171",147,2012-05-26,9.071428571,10.8963,12.4095
"2172",148,2012-05-27,9.4302,10.9208,12.463
"2173",149,2012-05-28,9.7629,10.942,12.5125
"2174",150,2012-05-29,9.535428571,10.9593,12.5669
"2175",151,2012-05-30,9.874176471,10.9732,12.614
"2176",152,2012-05-31,10.09784211,10.9848,12.6376
"2177",153,2012-06-01,9.75655,10.9944,12.6574
"2178",154,2012-06-02,8.921714286,11.0024,12.6744
"2179",155,2012-06-03,9.258043478,11.0087,12.6859
"2180",156,2012-06-04,9.457769231,11.0174,12.7041
"2181",157,2012-06-05,9.8845,11.0284,12.7258
"2182",158,2012-06-06,9.589423077,11.043,12.7591
"2183",159,2012-06-07,9.349130435,11.0601,12.8048
"2184",160,2012-06-08,9.398086957,11.08,12.8501
"2185",161,2012-06-09,9.176681818,11.1033,12.9096
"2186",162,2012-06-10,9.115571429,11.1287,12.9725
"2187",163,2012-06-11,10.05057143,11.156,13.0365
"2188",164,2012-06-12,9.298466667,11.1854,13.1037
"2189",165,2012-06-13,9.0905625,11.2177,13.1688
"2190",166,2012-06-14,9.218705882,11.254,13.2363
"2191",167,2012-06-15,9.455777778,11.2897,13.2946
"2192",168,2012-06-16,10.61666667,11.3238,13.3444
"2193",169,2012-06-17,10.99952632,11.3557,13.3921
"2194",170,2012-06-18,11.91310526,11.3868,13.441
"2195",171,2012-06-19,11.34525,11.4175,13.4788
"2196",172,2012-06-20,11.9021875,11.4467,13.519
"2197",173,2012-06-21,11.12778571,11.4758,13.5571
"2198",174,2012-06-22,11.23292308,11.5053,13.5935
"2199",175,2012-06-23,12.24853333,11.5357,13.6317
"2200",176,2012-06-24,12.98415789,11.568,13.6685
"2201",177,2012-06-25,13.88376923,11.6018,13.693
"2202",178,2012-06-26,12.4638125,11.6405,13.7175
"2203",179,2012-06-27,12.29421053,11.6866,13.7523
"2204",180,2012-06-28,10.75352381,11.7397,13.796
"2205",181,2012-06-29,11.34918182,11.798,13.85
"2206",182,2012-06-30,11.18021739,11.8608,13.9162
"2207",183,2012-07-01,10.85617391,11.9269,14.0073
"2208",184,2012-07-02,10.43210714,11.9964,14.1033
"2209",185,2012-07-03,9.845821429,12.068,14.2047
"2210",186,2012-07-04,10.39118519,12.1421,14.3146
"2211",187,2012-07-05,10.70592593,12.2164,14.4197
"2212",188,2012-07-06,10.59841667,12.2908,14.5335
"2213",189,2012-07-07,11.21327273,12.3636,14.645
"2214",190,2012-07-08,11.30180952,12.4341,14.7415
"2215",191,2012-07-09,10.44426667,12.5026,14.8385
"2216",192,2012-07-10,11.0108125,12.571,14.9216
"2217",193,2012-07-11,12.05929412,12.6384,14.9951
"2218",194,2012-07-12,11.57836842,12.705,15.0645
"2219",195,2012-07-13,10.0605,12.7701,15.121
"2220",196,2012-07-14,10.5833,12.8333,15.1749
"2221",197,2012-07-15,10.60905,12.8931,15.2321
"2222",198,2012-07-16,11.61657143,12.9516,15.2889
"2223",199,2012-07-17,12.075,13.0095,15.3413
"2224",200,2012-07-18,14.054,13.0657,15.39
"2225",201,2012-07-19,13.71795,13.118,15.4299
"2226",202,2012-07-20,12.27054545,13.1652,15.4641
"2227",203,2012-07-21,11.91981818,13.2065,15.4875
"2228",204,2012-07-22,11.6126,13.2432,15.5058
"2229",205,2012-07-23,12.02166667,13.2771,15.5193
"2230",206,2012-07-24,12.92670588,13.3082,15.5251
"2231",207,2012-07-25,13.36689474,13.3356,15.5304
"2232",208,2012-07-26,14.18028571,13.3602,15.5352
"2233",209,2012-07-27,14.1846087,13.381,15.5388
"2234",210,2012-07-28,13.53541667,13.3971,15.5397
"2235",211,2012-07-29,12.29334783,13.4102,15.5402
"2236",212,2012-07-30,11.78559259,13.4235,15.5371
"2237",213,2012-07-31,11.77451724,13.4377,15.5296
"2238",214,2012-08-01,11.95325,13.4548,15.5268
"2239",215,2012-08-02,12.044,13.4728,15.5313
"2240",216,2012-08-03,12.51088462,13.4916,15.5407
"2241",217,2012-08-04,12.946625,13.511,15.5527
"2242",218,2012-08-05,13.83704762,13.5324,15.5673
"2243",219,2012-08-06,13.858,13.5558,15.5738
"2244",220,2012-08-07,12.3578125,13.5799,15.5761
"2245",221,2012-08-08,10.97035294,13.6039,15.5761
"2246",222,2012-08-09,11.78158824,13.6259,15.5751
"2247",223,2012-08-10,10.49172222,13.6417,15.5686
"2248",224,2012-08-11,10.88252632,13.6512,15.5588
"2249",225,2012-08-12,11.99342105,13.6545,15.5488
"2250",226,2012-08-13,12.0437,13.6537,15.5402
"2251",227,2012-08-14,12.64789474,13.6486,15.5264
"2252",228,2012-08-15,13.04,13.6395,15.4995
"2253",229,2012-08-16,12.38744,13.6255,15.4725
"2254",230,2012-08-17,10.8806087,13.6076,15.4564
"2255",231,2012-08-18,10.97369565,13.588,15.4436
"2256",232,2012-08-19,10.91,13.5688,15.4323
"2257",233,2012-08-20,10.79822727,13.5526,15.4266
"2258",234,2012-08-21,10.98722222,13.5434,15.4321
"2259",235,2012-08-22,10.96726316,13.5405,15.4439
"2260",236,2012-08-23,12.00933333,13.5419,15.4601
"2261",237,2012-08-24,12.26990476,13.5468,15.487
"2262",238,2012-08-25,12.39509091,13.5574,15.5217
"2263",239,2012-08-26,12.8692381,13.5706,15.5613
"2264",240,2012-08-27,12.70737037,13.5869,15.6021
"2265",241,2012-08-28,12.16989655,13.6043,15.6428
"2266",242,2012-08-29,11.75941379,13.6212,15.6772
"2267",243,2012-08-30,12.50685714,13.6368,15.7163
"2268",244,2012-08-31,12.30553846,13.6495,15.76
"2269",245,2012-09-01,11.34308333,13.6575,15.8041
"2270",246,2012-09-02,11.9997619,13.6602,15.8234
"2271",247,2012-09-03,12.62628571,13.6583,15.8279
"2272",248,2012-09-04,13.01126667,13.6517,15.8204
"2273",249,2012-09-05,12.98546667,13.6386,15.8019
"2274",250,2012-09-06,13.40875,13.6213,15.7813
"2275",251,2012-09-07,13.3425,13.6001,15.7582
"2276",252,2012-09-08,12.578875,13.5776,15.7323
"2277",253,2012-09-09,11.80726667,13.5547,15.6998
"2278",254,2012-09-10,12.5158,13.5335,15.6674
"2279",255,2012-09-11,12.49806667,13.5149,15.6355
"2280",256,2012-09-12,12.42147368,13.4999,15.6067
"2281",257,2012-09-13,12.55973913,13.4872,15.5835
"2282",258,2012-09-14,12.4155,13.4773,15.5671
"2283",259,2012-09-15,12.27888462,13.4698,15.5579
"2284",260,2012-09-16,12.00224,13.4654,15.5496
"2285",261,2012-09-17,12.09816667,13.4634,15.5361
"2286",262,2012-09-18,12.34080769,13.4634,15.5229
"2287",263,2012-09-19,12.00196429,13.4646,15.5108
"2288",264,2012-09-20,12.06557143,13.4651,15.4968
"2289",265,2012-09-21,12.05171429,13.4619,15.4785
"2290",266,2012-09-22,11.99405,13.4538,15.4595
"2291",267,2012-09-23,12.11022222,13.4421,15.435
"2292",268,2012-09-24,12.00024,13.4283,15.4088
"2293",269,2012-09-25,11.9822963,13.412,15.3766
"2294",270,2012-09-26,12.21092308,13.3948,15.3444
"2295",271,2012-09-27,12.51026923,13.3756,15.3122
"2296",272,2012-09-28,12.5885,13.3566,15.2819
"2297",273,2012-09-29,12.86845833,13.3382,15.259
"2298",274,2012-09-30,13.05733333,13.3197,15.2302
"2299",275,2012-10-01,13.31161111,13.3016,15.1969
"2300",276,2012-10-02,13.70736842,13.2856,15.1607
"2301",277,2012-10-03,14.0796875,13.2732,15.1441
"2302",278,2012-10-04,14.3404375,13.263,15.1336
"2303",279,2012-10-05,14.41873333,13.2556,15.1285
"2304",280,2012-10-06,15.07414286,13.2518,15.1304
"2305",281,2012-10-07,14.32009091,13.2491,15.1328
"2306",282,2012-10-08,14.88471429,13.2475,15.1388
"2307",283,2012-10-09,15.175,13.2443,15.1459
"2308",284,2012-10-10,13.776,13.2405,15.1561
"2309",285,2012-10-11,12.47833333,13.2368,15.1698
"2310",286,2012-10-12,12.96047826,13.2338,15.1829
"2311",287,2012-10-13,13.47257692,13.2307,15.1875
"2312",288,2012-10-14,13.02553571,13.2274,15.1865
"2313",289,2012-10-15,13.02323077,13.223,15.1791
"2314",290,2012-10-16,12.35569231,13.2177,15.1708
"2315",291,2012-10-17,12.2615,13.2105,15.1614
"2316",292,2012-10-18,12.7593,13.2016,15.1444
"2317",293,2012-10-19,13.24813333,13.1923,15.125
"2318",294,2012-10-20,13.19885185,13.1832,15.104
"2319",295,2012-10-21,11.96288462,13.1748,15.0826
"2320",296,2012-10-22,12.20408696,13.1665,15.0609
"2321",297,2012-10-23,12.41809091,13.1579,15.0365
"2322",298,2012-10-24,12.90190909,13.1483,15.0155
"2323",299,2012-10-25,12.90290909,13.1365,14.9914
"2324",300,2012-10-26,12.684,13.123,14.9668
"2325",301,2012-10-27,12.51490909,13.107,14.9401
"2326",302,2012-10-28,12.57805,13.0891,14.9106
"2327",303,2012-10-29,12.96377778,13.0699,14.8811
"2328",304,2012-10-30,12.92216667,13.0486,14.8474
"2329",305,2012-10-31,13.11377778,13.0253,14.8072
"2330",306,2012-11-01,13.23833333,13.0002,14.7626
"2331",307,2012-11-02,13.35566667,12.9735,14.7138
"2332",308,2012-11-03,13.56564706,12.9463,14.6595
"2333",309,2012-11-04,13.49192308,12.9187,14.6041
"2334",310,2012-11-05,13.666,12.8896,14.5476
"2335",311,2012-11-06,NA,12.859,14.4909
"2336",312,2012-11-07,13.6,12.8278,14.4347
"2337",313,2012-11-08,12.92775,12.7966,14.3773
"2338",314,2012-11-09,12.284,12.7661,14.3216
"2339",315,2012-11-10,12.14517647,12.7355,14.267
"2340",316,2012-11-11,11.6122,12.7054,14.2135
"2341",317,2012-11-12,11.93013793,12.675,14.1634
"2342",318,2012-11-13,11.85406897,12.6437,14.1223
"2343",319,2012-11-14,11.92517241,12.6104,14.0868
"2344",320,2012-11-15,12.00533333,12.5768,14.0586
"2345",321,2012-11-16,12.222,12.5439,14.0309
"2346",322,2012-11-17,12.56440625,12.5122,14.0034
"2347",323,2012-11-18,12.7058,12.4813,13.9821
"2348",324,2012-11-19,13.281,12.4506,13.9631
"2349",325,2012-11-20,13.325,12.4204,13.9447
"2350",326,2012-11-21,13.7092,12.3909,13.9268
"2351",327,2012-11-22,13.58694118,12.3625,13.9083
"2352",328,2012-11-23,13.45844444,12.3347,13.8886
"2353",329,2012-11-24,13.42515789,12.3086,13.8657
"2354",330,2012-11-25,13.12752632,12.2841,13.8425
"2355",331,2012-11-26,13.29878947,12.2606,13.8196
"2356",332,2012-11-27,13.0655,12.2387,13.7982
"2357",333,2012-11-28,13.3734,12.2186,13.7796
"2358",334,2012-11-29,13.477,12.1998,13.7609
"2359",335,2012-11-30,13.56242105,12.1819,13.7447
"2360",336,2012-12-01,13.83,12.1643,13.7332
"2361",337,2012-12-02,13.91305882,12.1471,13.7208
"2362",338,2012-12-03,13.8084,12.1296,13.6985
"2363",339,2012-12-04,13.7044,12.1108,13.6782
"2364",340,2012-12-05,13.83181818,12.0908,13.6563
"2365",341,2012-12-06,13.94028571,12.0705,13.6319
"2366",342,2012-12-07,13.59082353,12.0493,13.6071
"2367",343,2012-12-08,13.51152632,12.0272,13.5782
"2368",344,2012-12-09,13.22357143,12.0045,13.546
"2369",345,2012-12-10,13.60345455,11.9809,13.5111
"2370",346,2012-12-11,13.5036129,11.9568,13.4717
"2371",347,2012-12-12,13.66277419,11.9317,13.4315
"2372",348,2012-12-13,13.53945161,11.9058,13.3893
"2373",349,2012-12-14,13.2726875,11.88,13.3423
"2374",350,2012-12-15,13.0115,11.8554,13.2936
"2375",351,2012-12-16,12.85821212,11.8315,13.244
"2376",352,2012-12-17,13.10693333,11.8077,13.1951
"2377",353,2012-12-18,12.882375,11.7842,13.1469
"2378",354,2012-12-19,12.434,11.7613,13.0996
"2379",355,2012-12-20,12.13877778,11.7384,13.0529
"2380",356,2012-12-21,12.401,11.7153,13.006
"2381",357,2012-12-22,12.43694737,11.692,12.9599
"2382",358,2012-12-23,12.4466,11.6684,12.9151
"2383",359,2012-12-24,12.68390476,11.6444,12.8717
"2384",360,2012-12-25,12.24804762,11.6197,12.8318
"2385",361,2012-12-26,12.38519048,11.5943,12.7928
"2386",362,2012-12-27,12.43713043,11.5685,12.754
"2387",363,2012-12-28,12.13227273,11.5427,12.7177
"2388",364,2012-12-29,12.12541667,11.5176,12.6824
"2389",365,2012-12-30,12.02458333,11.4932,12.6486
"2390",366,2012-12-31,11.89225,11.47,12.6162
"2391",1,2013-01-01,11.96434783,11.4481,12.5855
"2392",2,2013-01-02,11.732875,11.428,12.5603
"2393",3,2013-01-03,11.4135,11.4098,12.5478
"2394",4,2013-01-04,11.5616875,11.3939,12.5378
"2395",5,2013-01-05,11.38088889,11.3805,12.5325
"2396",6,2013-01-06,11.3114,11.3697,12.5328
"2397",7,2013-01-07,11.77854545,11.3617,12.5377
"2398",8,2013-01-08,11.70608696,11.3556,12.547
"2399",9,2013-01-09,11.69483333,11.3513,12.5599
"2400",10,2013-01-10,11.34025806,11.3486,12.5763
"2401",11,2013-01-11,11.02413333,11.3475,12.5971
"2402",12,2013-01-12,10.66516129,11.348,12.6183
"2403",13,2013-01-13,10.48141935,11.3494,12.6406
"2404",14,2013-01-14,10.36331034,11.3523,12.6644
"2405",15,2013-01-15,10.25837931,11.3565,12.6898
"2406",16,2013-01-16,10.089,11.3614,12.715
"2407",17,2013-01-17,9.969588235,11.3669,12.7391
"2408",18,2013-01-18,10.19352941,11.3733,12.7586
"2409",19,2013-01-19,10.25761111,11.3807,12.7704
"2410",20,2013-01-20,10.45305263,11.3887,12.7815
"2411",21,2013-01-21,10.49305263,11.3973,12.7927
"2412",22,2013-01-22,10.47363158,11.4064,12.8031
"2413",23,2013-01-23,10.77489474,11.4166,12.8193
"2414",24,2013-01-24,10.9183,11.4282,12.8361
"2415",25,2013-01-25,11.12734615,11.4408,12.852
"2416",26,2013-01-26,11.15196,11.4538,12.8678
"2417",27,2013-01-27,10.74380769,11.4675,12.8837
"2418",28,2013-01-28,10.62803571,11.482,12.8989
"2419",29,2013-01-29,10.46044,11.4961,12.9135
"2420",30,2013-01-30,10.1975,11.5088,12.9264
"2421",31,2013-01-31,10.26635,11.5201,12.9381
"2422",32,2013-02-01,9.92625,11.5299,12.9482
"2423",33,2013-02-02,10.14211111,11.5379,12.955
"2424",34,2013-02-03,10.1979,11.5436,12.9609
"2425",35,2013-02-04,10.05557143,11.5467,12.9687
"2426",36,2013-02-05,10.2012381,11.5475,12.9745
"2427",37,2013-02-06,10.06008696,11.546,12.9782
"2428",38,2013-02-07,10.19683333,11.5416,12.9776
"2429",39,2013-02-08,10.0980625,11.5344,12.9717
"2430",40,2013-02-09,9.926033333,11.5249,12.9648
"2431",41,2013-02-10,10.1109,11.5145,12.9573
"2432",42,2013-02-11,10.43713333,11.5038,12.9502
"2433",43,2013-02-12,10.44978571,11.4934,12.9431
"2434",44,2013-02-13,10.57084,11.4835,12.937
"2435",45,2013-02-14,10.47386667,11.4749,12.9303
"2436",46,2013-02-15,10.55376471,11.4672,12.9236
"2437",47,2013-02-16,10.7805,11.4604,12.9174
"2438",48,2013-02-17,10.9985625,11.4545,12.9116
"2439",49,2013-02-18,10.3860625,11.4492,12.909
"2440",50,2013-02-19,10.21253333,11.4441,12.9133
"2441",51,2013-02-20,9.8185625,11.4396,12.9192
"2442",52,2013-02-21,9.635625,11.4353,12.923
"2443",53,2013-02-22,9.66047619,11.4314,12.9253
"2444",54,2013-02-23,9.683538462,11.4271,12.9184
"2445",55,2013-02-24,9.44008,11.4224,12.913
"2446",56,2013-02-25,9.607615385,11.4172,12.9117
"2447",57,2013-02-26,9.393153846,11.4119,12.9058
"2448",58,2013-02-27,9.632269231,11.4057,12.8975
"2449",59,2013-02-28,9.735,11.3989,12.8879
"2450",61,2013-03-01,9.591133333,11.388,12.8819
"2451",62,2013-03-02,9.9875,11.3845,12.8797
"2452",63,2013-03-03,9.998473684,11.3813,12.8782
"2453",64,2013-03-04,10.04563158,11.3781,12.8786
"2454",65,2013-03-05,9.817631579,11.3754,12.8788
"2455",66,2013-03-06,10.10505263,11.3728,12.8726
"2456",67,2013-03-07,10.09019231,11.3694,12.8623
"2457",68,2013-03-08,10.061,11.3657,12.8511
"2458",69,2013-03-09,10.08396667,11.3626,12.8393
"2459",70,2013-03-10,10.17114286,11.3598,12.8267
"2460",71,2013-03-11,10.31385185,11.3566,12.813
"2461",72,2013-03-12,10.49325,11.3519,12.7957
"2462",73,2013-03-13,10.652,11.345,12.7744
"2463",74,2013-03-14,10.37295,11.3361,12.7527
"2464",75,2013-03-15,10.09976923,11.3247,12.7305
"2465",76,2013-03-16,9.971153846,11.3102,12.7071
"2466",77,2013-03-17,9.494928571,11.2934,12.6817
"2467",78,2013-03-18,9.179916667,11.2742,12.6551
"2468",79,2013-03-19,9.4376,11.2522,12.6263
"2469",80,2013-03-20,9.406571429,11.2278,12.5959
"2470",81,2013-03-21,9.505714286,11.2019,12.5632
"2471",82,2013-03-22,8.99925,11.1751,12.53
"2472",83,2013-03-23,9.233222222,11.1472,12.4969
"2473",84,2013-03-24,9.456181818,11.1182,12.4636
"2474",85,2013-03-25,9.4054,11.0883,12.4351
"2475",86,2013-03-26,9.591291667,11.0569,12.4019
"2476",87,2013-03-27,9.913375,11.0241,12.3611
"2477",88,2013-03-28,10.4328,10.9915,12.327
"2478",89,2013-03-29,10.88586957,10.9601,12.2967
"2479",90,2013-03-30,11.06946667,10.9301,12.2688
"2480",91,2013-03-31,11.41533333,10.9002,12.2359
"2481",92,2013-04-01,11.69023529,10.8702,12.2038
"2482",93,2013-04-02,12.204,10.8403,12.1692
"2483",94,2013-04-03,11.5048,10.8117,12.1345
"2484",95,2013-04-04,11.92595,10.7841,12.0987
"2485",96,2013-04-05,12.07291304,10.7582,12.0607
"2486",97,2013-04-06,12.28066667,10.7355,12.0286
"2487",98,2013-04-07,12.32172,10.7157,12.0027
"2488",99,2013-04-08,11.10508,10.6959,11.9777
"2489",100,2013-04-09,9.519478261,10.6749,11.947
"2490",101,2013-04-10,9.510238095,10.6525,11.9174
"2491",102,2013-04-11,9.142764706,10.6309,11.893
"2492",103,2013-04-12,8.828076923,10.6093,11.8635
"2493",104,2013-04-13,8.639076923,10.5877,11.8361
"2494",105,2013-04-14,8.3741,10.5669,11.8122
"2495",106,2013-04-15,8.285363636,10.5493,11.7948
"2496",107,2013-04-16,7.810625,10.5337,11.7827
"2497",108,2013-04-17,NA,10.5184,11.7727
"2498",109,2013-04-18,NA,10.5035,11.7606
"2499",110,2013-04-19,NA,10.4912,11.7534
"2500",111,2013-04-20,8.354,10.4818,11.7511
"2501",112,2013-04-21,8.7223,10.475,11.7522
"2502",113,2013-04-22,9.484307692,10.4693,11.7501
"2503",114,2013-04-23,10.972,10.4655,11.7558
"2504",115,2013-04-24,10.70261905,10.4647,11.7669
"2505",116,2013-04-25,10.9408,10.4651,11.7753
"2506",117,2013-04-26,11.09004545,10.4654,11.7852
"2507",118,2013-04-27,10.2746,10.4667,11.7949
"2508",119,2013-04-28,9.7488125,10.4684,11.7924
"2509",120,2013-04-29,10.07857143,10.4705,11.7882
"2510",121,2013-04-30,9.239133333,10.4708,11.7802
"2511",122,2013-05-01,9.16945,10.4711,11.7704
"2512",123,2013-05-02,10.50927778,10.4719,11.7589
"2513",124,2013-05-03,12.18083333,10.4734,11.7509
"2514",125,2013-05-04,12.88514286,10.4739,11.743
"2515",126,2013-05-05,12.97593333,10.4735,11.735
"2516",127,2013-05-06,12.6678125,10.4723,11.7243
"2517",128,2013-05-07,12.029875,10.4711,11.7163
"2518",129,2013-05-08,11.61170588,10.4704,11.7097
"2519",130,2013-05-09,12.07373333,10.4715,11.7039
"2520",131,2013-05-10,11.50857143,10.476,11.7109
"2521",132,2013-05-11,11.23884615,10.485,11.7244
"2522",133,2013-05-12,11.07791667,10.4959,11.7372
"2523",134,2013-05-13,10.6454,10.5093,11.7616
"2524",135,2013-05-14,10.093625,10.5257,11.7886
"2525",136,2013-05-15,9.417571429,10.5464,11.8221
"2526",137,2013-05-16,NA,10.57,11.8582
"2527",138,2013-05-17,NA,10.5966,11.8927
"2528",139,2013-05-18,10.88271429,10.6267,11.9335
"2529",140,2013-05-19,9.24775,10.6595,11.9903
"2530",141,2013-05-20,9.680066667,10.6951,12.0462
"2531",142,2013-05-21,9.681470588,10.7313,12.1037
"2532",143,2013-05-22,9.500833333,10.7673,12.165
"2533",144,2013-05-23,9.7924,10.8035,12.2283
"2534",145,2013-05-24,9.374052632,10.8373,12.2857
"2535",146,2013-05-25,9.339636364,10.8685,12.3476
"2536",147,2013-05-26,9.176625,10.8963,12.4095
"2537",148,2013-05-27,9.047833333,10.9208,12.463
"2538",149,2013-05-28,9.807954545,10.942,12.5125
"2539",150,2013-05-29,9.87312,10.9593,12.5669
"2540",151,2013-05-30,9.858125,10.9732,12.614
"2541",152,2013-05-31,9.475785714,10.9848,12.6376
"2542",153,2013-06-01,9.110666667,10.9944,12.6574
"2543",154,2013-06-02,8.673529412,11.0024,12.6744
"2544",155,2013-06-03,9.707833333,11.0087,12.6859
"2545",156,2013-06-04,10.37344444,11.0174,12.7041
"2546",157,2013-06-05,11.06738889,11.0284,12.7258
"2547",158,2013-06-06,11.48355556,11.043,12.7591
"2548",159,2013-06-07,11.82194444,11.0601,12.8048
"2549",160,2013-06-08,12.9614,11.08,12.8501
"2550",161,2013-06-09,13.28073333,11.1033,12.9096
"2551",162,2013-06-10,13.17428571,11.1287,12.9725
"2552",163,2013-06-11,12.636,11.156,13.0365
"2553",164,2013-06-12,11.888125,11.1854,13.1037
"2554",165,2013-06-13,10.399875,11.2177,13.1688
"2555",166,2013-06-14,10.14066667,11.254,13.2363
"2556",167,2013-06-15,10.4794,11.2897,13.2946
"2557",168,2013-06-16,9.696846154,11.3238,13.3444
"2558",169,2013-06-17,10.1975,11.3557,13.3921
"2559",170,2013-06-18,10.07766667,11.3868,13.441
"2560",171,2013-06-19,10.42905,11.4175,13.4788
"2561",172,2013-06-20,10.23852381,11.4467,13.519
"2562",173,2013-06-21,9.356181818,11.4758,13.5571
"2563",174,2013-06-22,9.187714286,11.5053,13.5935
"2564",175,2013-06-23,9.2452,11.5357,13.6317
"2565",176,2013-06-24,9.805615385,11.568,13.6685
"2566",177,2013-06-25,10.24611111,11.6018,13.693
"2567",178,2013-06-26,11.57807692,11.6405,13.7175
"2568",179,2013-06-27,11.28251852,11.6866,13.7523
"2569",180,2013-06-28,11.76411538,11.7397,13.796
"2570",181,2013-06-29,13.336375,11.798,13.85
"2571",182,2013-06-30,10.23316667,11.8608,13.9162
"2572",183,2013-07-01,11.51355556,11.9269,14.0073
"2573",184,2013-07-02,11.60472222,11.9964,14.1033
"2574",185,2013-07-03,13.52136842,12.068,14.2047
"2575",186,2013-07-04,12.86468421,12.1421,14.3146
"2576",187,2013-07-05,9.9006,12.2164,14.4197
"2577",188,2013-07-06,12.19384211,12.2908,14.5335
"2578",189,2013-07-07,12.67147059,12.3636,14.645
"2579",190,2013-07-08,13.3168125,12.4341,14.7415
"2580",191,2013-07-09,13.39705556,12.5026,14.8385
"2581",192,2013-07-10,13.45673684,12.571,14.9216
"2582",193,2013-07-11,13.37221053,12.6384,14.9951
"2583",194,2013-07-12,13.92594737,12.705,15.0645
"2584",195,2013-07-13,13.841,12.7701,15.121
"2585",196,2013-07-14,14.4938,12.8333,15.1749
"2586",197,2013-07-15,14.77905556,12.8931,15.2321
"2587",198,2013-07-16,15.03889474,12.9516,15.2889
"2588",199,2013-07-17,14.46280952,13.0095,15.3413
"2589",200,2013-07-18,14.47686957,13.0657,15.39
"2590",201,2013-07-19,12.88863636,13.118,15.4299
"2591",202,2013-07-20,13.57552174,13.1652,15.4641
"2592",203,2013-07-21,11.9947931,13.2065,15.4875
"2593",204,2013-07-22,13.68435714,13.2432,15.5058
"2594",205,2013-07-23,14.49223333,13.2771,15.5193
"2595",206,2013-07-24,14.61836667,13.3082,15.5251
"2596",207,2013-07-25,14.62922222,13.3356,15.5304
"2597",208,2013-07-26,14.62528571,13.3602,15.5352
"2598",209,2013-07-27,14.77514815,13.381,15.5388
"2599",210,2013-07-28,14.597,13.3971,15.5397
"2600",211,2013-07-29,14.82742105,13.4102,15.5402
"2601",212,2013-07-30,14.86778947,13.4235,15.5371
"2602",213,2013-07-31,15.21742105,13.4377,15.5296
"2603",214,2013-08-01,10.88126316,13.4548,15.5268
"2604",215,2013-08-02,10.63073684,13.4728,15.5313
"2605",216,2013-08-03,11.28310526,13.4916,15.5407
"2606",217,2013-08-04,12.41010526,13.511,15.5527
"2607",218,2013-08-05,12.68,13.5324,15.5673
"2608",219,2013-08-06,13.76573913,13.5558,15.5738
"2609",220,2013-08-07,13.93225,13.5799,15.5761
"2610",221,2013-08-08,13.70292,13.6039,15.5761
"2611",222,2013-08-09,13.73390909,13.6259,15.5751
"2612",223,2013-08-10,14.24836364,13.6417,15.5686
"2613",224,2013-08-11,13.28081818,13.6512,15.5588
"2614",225,2013-08-12,13.48016667,13.6545,15.5488
"2615",226,2013-08-13,14.27831579,13.6537,15.5402
"2616",227,2013-08-14,10.702,13.6486,15.5264
"2617",228,2013-08-15,12.96527273,13.6395,15.4995
"2618",229,2013-08-16,12.16186364,13.6255,15.4725
"2619",230,2013-08-17,11.57309524,13.6076,15.4564
"2620",231,2013-08-18,11.54775862,13.588,15.4436
"2621",232,2013-08-19,12.85045455,13.5688,15.4323
"2622",233,2013-08-20,14.15026667,13.5526,15.4266
"2623",234,2013-08-21,14.1186,13.5434,15.4321
"2624",235,2013-08-22,14.21782759,13.5405,15.4439
"2625",236,2013-08-23,13.91059259,13.5419,15.4601
"2626",237,2013-08-24,12.12422222,13.5468,15.487
"2627",238,2013-08-25,13.47330769,13.5574,15.5217
"2628",239,2013-08-26,13.61655556,13.5706,15.5613
"2629",240,2013-08-27,13.37558824,13.5869,15.6021
"2630",241,2013-08-28,13.75476471,13.6043,15.6428
"2631",242,2013-08-29,13.38547059,13.6212,15.6772
"2632",243,2013-08-30,12.58752941,13.6368,15.7163
"2633",244,2013-08-31,11.341125,13.6495,15.76
"2634",245,2013-09-01,11.77227778,13.6575,15.8041
"2635",246,2013-09-02,12.27054167,13.6602,15.8234
"2636",247,2013-09-03,12.51507692,13.6583,15.8279
"2637",248,2013-09-04,11.75644444,13.6517,15.8204
"2638",249,2013-09-05,11.2892,13.6386,15.8019
"2639",250,2013-09-06,11.21642308,13.6213,15.7813
"2640",251,2013-09-07,12.28556522,13.6001,15.7582
"2641",252,2013-09-08,13.262875,13.5776,15.7323
"2642",253,2013-09-09,13.77282609,13.5547,15.6998
"2643",254,2013-09-10,14.00578947,13.5335,15.6674
"2644",255,2013-09-11,14.01463158,13.5149,15.6355
"2645",256,2013-09-12,14.64773684,13.4999,15.6067
"2646",257,2013-09-13,13.6144,13.4872,15.5835
"2647",258,2013-09-14,12.03563158,13.4773,15.5671
"2648",259,2013-09-15,12.05942857,13.4698,15.5579
"2649",260,2013-09-16,12.1377,13.4654,15.5496
"2650",261,2013-09-17,11.43809677,13.4634,15.5361
"2651",262,2013-09-18,10.87622581,13.4634,15.5229
"2652",263,2013-09-19,11.14271429,13.4646,15.5108
"2653",264,2013-09-20,11.453,13.4651,15.4968
"2654",265,2013-09-21,12.10365385,13.4619,15.4785
"2655",266,2013-09-22,12.43007407,13.4538,15.4595
"2656",267,2013-09-23,11.96204762,13.4421,15.435
"2657",268,2013-09-24,12.362875,13.4283,15.4088
"2658",269,2013-09-25,11.64085714,13.412,15.3766
"2659",270,2013-09-26,11.12041667,13.3948,15.3444
"2660",271,2013-09-27,11.56688889,13.3756,15.3122
"2661",272,2013-09-28,12.122125,13.3566,15.2819
"2662",273,2013-09-29,12.4732,13.3382,15.259
"2663",274,2013-09-30,12.43666667,13.3197,15.2302
"2664",275,2013-10-01,11.55604348,13.3016,15.1969
"2665",276,2013-10-02,10.68436,13.2856,15.1607
"2666",277,2013-10-03,10.46928,13.2732,15.1441
"2667",278,2013-10-04,10.32123077,13.263,15.1336
"2668",279,2013-10-05,11.14073913,13.2556,15.1285
"2669",280,2013-10-06,11.26554167,13.2518,15.1304
"2670",281,2013-10-07,11.57032,13.2491,15.1328
"2671",282,2013-10-08,11.10947826,13.2475,15.1388
"2672",283,2013-10-09,10.81726316,13.2443,15.1459
"2673",284,2013-10-10,11.07773684,13.2405,15.1561
"2674",285,2013-10-11,11.745,13.2368,15.1698
"2675",286,2013-10-12,11.46247619,13.2338,15.1829
"2676",287,2013-10-13,11.53975,13.2307,15.1875
"2677",288,2013-10-14,11.23459259,13.2274,15.1865
"2678",289,2013-10-15,11.41296296,13.223,15.1791
"2679",290,2013-10-16,11.48535714,13.2177,15.1708
"2680",291,2013-10-17,11.67251724,13.2105,15.1614
"2681",292,2013-10-18,11.66530769,13.2016,15.1444
"2682",293,2013-10-19,11.82416667,13.1923,15.125
"2683",294,2013-10-20,11.86634783,13.1832,15.104
"2684",295,2013-10-21,11.87582609,13.1748,15.0826
"2685",296,2013-10-22,12.083125,13.1665,15.0609
"2686",297,2013-10-23,11.92386667,13.1579,15.0365
"2687",298,2013-10-24,11.56441667,13.1483,15.0155
"2688",299,2013-10-25,12.2774,13.1365,14.9914
"2689",300,2013-10-26,NA,13.123,14.9668
"2690",301,2013-10-27,NA,13.107,14.9401
"2691",302,2013-10-28,11.33514286,13.0891,14.9106
"2692",303,2013-10-29,10.636,13.0699,14.8811
"2693",304,2013-10-30,11.13857143,13.0486,14.8474
"2694",305,2013-10-31,11.2026875,13.0253,14.8072
"2695",306,2013-11-01,11.56978261,13.0002,14.7626
"2696",307,2013-11-02,11.41764,12.9735,14.7138
"2697",308,2013-11-03,11.03876,12.9463,14.6595
"2698",309,2013-11-04,10.46183333,12.9187,14.6041
"2699",310,2013-11-05,10.68914815,12.8896,14.5476
"2700",311,2013-11-06,11.2302963,12.859,14.4909
"2701",312,2013-11-07,11.30838462,12.8278,14.4347
"2702",313,2013-11-08,11.35624,12.7966,14.3773
"2703",314,2013-11-09,11.15286957,12.7661,14.3216
"2704",315,2013-11-10,11.47585,12.7355,14.267
"2705",316,2013-11-11,11.8688,12.7054,14.2135
"2706",317,2013-11-12,11.9103125,12.675,14.1634
"2707",318,2013-11-13,11.80733333,12.6437,14.1223
"2708",319,2013-11-14,11.65831818,12.6104,14.0868
"2709",320,2013-11-15,11.35170833,12.5768,14.0586
"2710",321,2013-11-16,10.77232,12.5439,14.0309
"2711",322,2013-11-17,10.40647619,12.5122,14.0034
"2712",323,2013-11-18,10.75455,12.4813,13.9821
"2713",324,2013-11-19,11.16714286,12.4506,13.9631
"2714",325,2013-11-20,11.37864706,12.4204,13.9447
"2715",326,2013-11-21,11.49493333,12.3909,13.9268
"2716",327,2013-11-22,11.33663636,12.3625,13.9083
"2717",328,2013-11-23,NA,12.3347,13.8886
"2718",329,2013-11-24,NA,12.3086,13.8657
"2719",330,2013-11-25,10.87675,12.2841,13.8425
"2720",331,2013-11-26,11.151,12.2606,13.8196
"2721",332,2013-11-27,11.20113333,12.2387,13.7982
"2722",333,2013-11-28,11.5676875,12.2186,13.7796
"2723",334,2013-11-29,11.78711111,12.1998,13.7609
"2724",335,2013-11-30,11.73057895,12.1819,13.7447
"2725",336,2013-12-01,11.78095833,12.1643,13.7332
"2726",337,2013-12-02,11.94562963,12.1471,13.7208
"2727",338,2013-12-03,11.45007407,12.1296,13.6985
"2728",339,2013-12-04,11.04032143,12.1108,13.6782
"2729",340,2013-12-05,10.88351613,12.0908,13.6563
"2730",341,2013-12-06,10.52683333,12.0705,13.6319
"2731",342,2013-12-07,10.32814286,12.0493,13.6071
"2732",343,2013-12-08,9.907125,12.0272,13.5782
"2733",344,2013-12-09,9.6724375,12.0045,13.546
"2734",345,2013-12-10,9.713055556,11.9809,13.5111
"2735",346,2013-12-11,9.782842105,11.9568,13.4717
"2736",347,2013-12-12,9.7025,11.9317,13.4315
"2737",348,2013-12-13,9.93025,11.9058,13.3893
"2738",349,2013-12-14,10.03935,11.88,13.3423
"2739",350,2013-12-15,10.186625,11.8554,13.2936
"2740",351,2013-12-16,10.30208696,11.8315,13.244
"2741",352,2013-12-17,10.328,11.8077,13.1951
"2742",353,2013-12-18,10.414,11.7842,13.1469
"2743",354,2013-12-19,10.32347826,11.7613,13.0996
"2744",355,2013-12-20,10.3802,11.7384,13.0529
"2745",356,2013-12-21,10.46984211,11.7153,13.006
"2746",357,2013-12-22,10.31653846,11.692,12.9599
"2747",358,2013-12-23,10.4796,11.6684,12.9151
"2748",359,2013-12-24,10.46530769,11.6444,12.8717
"2749",360,2013-12-25,10.42646667,11.6197,12.8318
"2750",361,2013-12-26,10.41105882,11.5943,12.7928
"2751",362,2013-12-27,10.42352632,11.5685,12.754
"2752",363,2013-12-28,10.36461905,11.5427,12.7177
"2753",364,2013-12-29,10.36931818,11.5176,12.6824
"2754",365,2013-12-30,10.41281481,11.4932,12.6486
"2755",366,2013-12-31,10.80146667,11.47,12.6162
"2756",1,2014-01-01,10.76410345,11.4481,12.5855
"2757",2,2014-01-02,10.80121875,11.428,12.5603
"2758",3,2014-01-03,10.87553333,11.4098,12.5478
"2759",4,2014-01-04,10.92846875,11.3939,12.5378
"2760",5,2014-01-05,10.9193,11.3805,12.5325
"2761",6,2014-01-06,10.79573913,11.3697,12.5328
"2762",7,2014-01-07,10.68716667,11.3617,12.5377
"2763",8,2014-01-08,11.19836842,11.3556,12.547
"2764",9,2014-01-09,11.102,11.3513,12.5599
"2765",10,2014-01-10,11.053,11.3486,12.5763
"2766",11,2014-01-11,11.00845,11.3475,12.5971
"2767",12,2014-01-12,10.9657,11.348,12.6183
"2768",13,2014-01-13,10.91208333,11.3494,12.6406
"2769",14,2014-01-14,10.94124,11.3523,12.6644
"2770",15,2014-01-15,10.88591667,11.3565,12.6898
"2771",16,2014-01-16,10.85533333,11.3614,12.715
"2772",17,2014-01-17,10.83704167,11.3669,12.7391
"2773",18,2014-01-18,10.97432,11.3733,12.7586
"2774",19,2014-01-19,11.06504348,11.3807,12.7704
"2775",20,2014-01-20,10.99968421,11.3887,12.7815
"2776",21,2014-01-21,10.97076923,11.3973,12.7927
"2777",22,2014-01-22,11.0436,11.4064,12.8031
"2778",23,2014-01-23,11.102,11.4166,12.8193
"2779",24,2014-01-24,11.317,11.4282,12.8361
"2780",25,2014-01-25,11.37,11.4408,12.852
"2781",26,2014-01-26,11.28936364,11.4538,12.8678
"2782",27,2014-01-27,11.47822727,11.4675,12.8837
"2783",28,2014-01-28,11.53136667,11.482,12.8989
"2784",29,2014-01-29,11.76325,11.4961,12.9135
"2785",30,2014-01-30,11.62025806,11.5088,12.9264
"2786",31,2014-01-31,11.33470968,11.5201,12.9381
"2787",32,2014-02-01,11.106,11.5299,12.9482
"2788",33,2014-02-02,11.0306,11.5379,12.955
"2789",34,2014-02-03,11.057,11.5436,12.9609
"2790",35,2014-02-04,10.91395238,11.5467,12.9687
"2791",36,2014-02-05,10.65327778,11.5475,12.9745
"2792",37,2014-02-06,10.67083333,11.546,12.9782
"2793",38,2014-02-07,10.82394737,11.5416,12.9776
"2794",39,2014-02-08,10.98555556,11.5344,12.9717
"2795",40,2014-02-09,11.17366667,11.5249,12.9648
"2796",41,2014-02-10,11.35405556,11.5145,12.9573
"2797",42,2014-02-11,11.41121739,11.5038,12.9502
"2798",43,2014-02-12,11.51692,11.4934,12.9431
"2799",44,2014-02-13,11.818375,11.4835,12.937
"2800",45,2014-02-14,12.1948,11.4749,12.9303
"2801",46,2014-02-15,12.13384,11.4672,12.9236
"2802",47,2014-02-16,12.10504167,11.4604,12.9174
"2803",48,2014-02-17,11.81609091,11.4545,12.9116
"2804",49,2014-02-18,11.72505556,11.4492,12.909
"2805",50,2014-02-19,11.66014286,11.4441,12.9133
"2806",51,2014-02-20,11.3304375,11.4396,12.9192
"2807",52,2014-02-21,11.13935294,11.4353,12.923
"2808",53,2014-02-22,10.78916667,11.4314,12.9253
"2809",54,2014-02-23,10.4048,11.4271,12.9184
"2810",55,2014-02-24,10.74465,11.4224,12.913
"2811",56,2014-02-25,11.24161538,11.4172,12.9117
"2812",57,2014-02-26,11.34883871,11.4119,12.9058
"2813",58,2014-02-27,11.32712121,11.4057,12.8975
"2814",59,2014-02-28,11.7126,11.3989,12.8879
"2815",61,2014-03-01,11.92922581,11.388,12.8819
"2816",62,2014-03-02,12.20046667,11.3845,12.8797
"2817",63,2014-03-03,12.27189286,11.3813,12.8782
"2818",64,2014-03-04,12.40566667,11.3781,12.8786
"2819",65,2014-03-05,12.4098,11.3754,12.8788
"2820",66,2014-03-06,12.42864706,11.3728,12.8726
"2821",67,2014-03-07,12.5651875,11.3694,12.8623
"2822",68,2014-03-08,12.25721429,11.3657,12.8511
"2823",69,2014-03-09,12.62630769,11.3626,12.8393
"2824",70,2014-03-10,12.6965,11.3598,12.8267
"2825",71,2014-03-11,11.75869231,11.3566,12.813
"2826",72,2014-03-12,12.07127778,11.3519,12.7957
"2827",73,2014-03-13,12.23459091,11.345,12.7744
"2828",74,2014-03-14,11.86004348,11.3361,12.7527
"2829",75,2014-03-15,11.78518182,11.3247,12.7305
"2830",76,2014-03-16,11.82672727,11.3102,12.7071
"2831",77,2014-03-17,11.38431818,11.2934,12.6817
"2832",78,2014-03-18,11.2775,11.2742,12.6551
"2833",79,2014-03-19,11.14228571,11.2522,12.6263
"2834",80,2014-03-20,11.12846154,11.2278,12.5959
"2835",81,2014-03-21,10.9265,11.2019,12.5632
"2836",82,2014-03-22,11.083875,11.1751,12.53
"2837",83,2014-03-23,11.5281875,11.1472,12.4969
"2838",84,2014-03-24,11.80573333,11.1182,12.4636
"2839",85,2014-03-25,11.71276471,11.0883,12.4351
"2840",86,2014-03-26,12.18904,11.0569,12.4019
"2841",87,2014-03-27,12.46660714,11.0241,12.3611
"2842",88,2014-03-28,12.81586207,10.9915,12.327
"2843",89,2014-03-29,12.38992857,10.9601,12.2967
"2844",90,2014-03-30,12.21457692,10.9301,12.2688
"2845",91,2014-03-31,12.06357692,10.9002,12.2359
"2846",92,2014-04-01,12.193125,10.8702,12.2038
"2847",93,2014-04-02,12.41873684,10.8403,12.1692
"2848",94,2014-04-03,12.63384615,10.8117,12.1345
"2849",95,2014-04-04,12.81561538,10.7841,12.0987
"2850",96,2014-04-05,12.1505,10.7582,12.0607
"2851",97,2014-04-06,10.80942857,10.7355,12.0286
"2852",98,2014-04-07,NA,10.7157,12.0027
"2853",99,2014-04-08,NA,10.6959,11.9777
"2854",100,2014-04-09,NA,10.6749,11.947
"2855",101,2014-04-10,11.38742857,10.6525,11.9174
"2856",102,2014-04-11,12.1445,10.6309,11.893
"2857",103,2014-04-12,12.35869231,10.6093,11.8635
"2858",104,2014-04-13,12.16352941,10.5877,11.8361
"2859",105,2014-04-14,11.97794118,10.5669,11.8122
"2860",106,2014-04-15,11.39188889,10.5493,11.7948
"2861",107,2014-04-16,10.29842857,10.5337,11.7827
"2862",108,2014-04-17,10.11753333,10.5184,11.7727
"2863",109,2014-04-18,9.939785714,10.5035,11.7606
"2864",110,2014-04-19,9.691153846,10.4912,11.7534
"2865",111,2014-04-20,9.991466667,10.4818,11.7511
"2866",112,2014-04-21,9.740538462,10.475,11.7522
"2867",113,2014-04-22,10.3316,10.4693,11.7501
"2868",114,2014-04-23,9.895647059,10.4655,11.7558
"2869",115,2014-04-24,10.23457895,10.4647,11.7669
"2870",116,2014-04-25,10.39371429,10.4651,11.7753
"2871",117,2014-04-26,9.767478261,10.4654,11.7852
"2872",118,2014-04-27,10.475375,10.4667,11.7949
"2873",119,2014-04-28,10.38027273,10.4684,11.7924
"2874",120,2014-04-29,10.76261905,10.4705,11.7882
"2875",121,2014-04-30,11.69135294,10.4708,11.7802
"2876",122,2014-05-01,11.88146154,10.4711,11.7704
"2877",123,2014-05-02,10.87275,10.4719,11.7589
"2878",124,2014-05-03,9.6594,10.4734,11.7509
"2879",125,2014-05-04,9.470777778,10.4739,11.743
"2880",126,2014-05-05,NA,10.4735,11.735
"2881",127,2014-05-06,NA,10.4723,11.7243
"2882",128,2014-05-07,NA,10.4711,11.7163
"2883",129,2014-05-08,9.614857143,10.4704,11.7097
"2884",130,2014-05-09,10.379,10.4715,11.7039
"2885",131,2014-05-10,10.38438462,10.476,11.7109
"2886",132,2014-05-11,9.722142857,10.485,11.7244
"2887",133,2014-05-12,10.2635625,10.4959,11.7372
"2888",134,2014-05-13,10.68894444,10.5093,11.7616
"2889",135,2014-05-14,11.6541875,10.5257,11.7886
"2890",136,2014-05-15,10.0120625,10.5464,11.8221
"2891",137,2014-05-16,10.1844,10.57,11.8582
"2892",138,2014-05-17,10.11878571,10.5966,11.8927
"2893",139,2014-05-18,9.8266,10.6267,11.9335
"2894",140,2014-05-19,10.28414286,10.6595,11.9903
"2895",141,2014-05-20,10.15266667,10.6951,12.0462
"2896",142,2014-05-21,11.27069231,10.7313,12.1037
"2897",143,2014-05-22,11.70278571,10.7673,12.165
"2898",144,2014-05-23,12.1235625,10.8035,12.2283
"2899",145,2014-05-24,9.862588235,10.8373,12.2857
"2900",146,2014-05-25,9.863722222,10.8685,12.3476
"2901",147,2014-05-26,9.891421053,10.8963,12.4095
"2902",148,2014-05-27,9.953666667,10.9208,12.463
"2903",149,2014-05-28,9.6955,10.942,12.5125
"2904",150,2014-05-29,9.753866667,10.9593,12.5669
"2905",151,2014-05-30,10.29,10.9732,12.614
"2906",152,2014-05-31,10.55675,10.9848,12.6376
"2907",153,2014-06-01,10.58133333,10.9944,12.6574
"2908",154,2014-06-02,10.89888889,11.0024,12.6744
"2909",155,2014-06-03,NA,11.0087,12.6859
"2910",156,2014-06-04,12.5215,11.0174,12.7041
"2911",157,2014-06-05,12.835,11.0284,12.7258
"2912",158,2014-06-06,13.03408333,11.043,12.7591
"2913",159,2014-06-07,13.49921429,11.0601,12.8048
"2914",160,2014-06-08,14.083,11.08,12.8501
"2915",161,2014-06-09,14.72861111,11.1033,12.9096
"2916",162,2014-06-10,14.5542,11.1287,12.9725
"2917",163,2014-06-11,14.64875,11.156,13.0365
"2918",164,2014-06-12,13.36031579,11.1854,13.1037
"2919",165,2014-06-13,11.11095238,11.2177,13.1688
"2920",166,2014-06-14,10.7655,11.254,13.2363
"2921",167,2014-06-15,10.56592,11.2897,13.2946
"2922",168,2014-06-16,10.69054167,11.3238,13.3444
"2923",169,2014-06-17,10.14292308,11.3557,13.3921
"2924",170,2014-06-18,10.93692,11.3868,13.441
"2925",171,2014-06-19,12.2085625,11.4175,13.4788
"2926",172,2014-06-20,10.93566667,11.4467,13.519
"2927",173,2014-06-21,10.43894737,11.4758,13.5571
"2928",174,2014-06-22,10.56635,11.5053,13.5935
"2929",175,2014-06-23,10.91685,11.5357,13.6317
"2930",176,2014-06-24,11.14452632,11.568,13.6685
"2931",177,2014-06-25,9.822894737,11.6018,13.693
"2932",178,2014-06-26,11.6265,11.6405,13.7175
"2933",179,2014-06-27,12.4530625,11.6866,13.7523
"2934",180,2014-06-28,11.04723529,11.7397,13.796
"2935",181,2014-06-29,10.091625,11.798,13.85
"2936",182,2014-06-30,10.8559375,11.8608,13.9162
"2937",183,2014-07-01,11.68993333,11.9269,14.0073
"2938",184,2014-07-02,12.912,11.9964,14.1033
"2939",185,2014-07-03,13.34209091,12.068,14.2047
"2940",186,2014-07-04,13.50853846,12.1421,14.3146
"2941",187,2014-07-05,13.4846,12.2164,14.4197
"2942",188,2014-07-06,12.55622222,12.2908,14.5335
"2943",189,2014-07-07,12.90257895,12.3636,14.645
"2944",190,2014-07-08,13.7879,12.4341,14.7415
"2945",191,2014-07-09,14.19918182,12.5026,14.8385
"2946",192,2014-07-10,14.62390909,12.571,14.9216
"2947",193,2014-07-11,15.51124,12.6384,14.9951
"2948",194,2014-07-12,15.11285185,12.705,15.0645
"2949",195,2014-07-13,12.99823333,12.7701,15.121
"2950",196,2014-07-14,12.91643333,12.8333,15.1749
"2951",197,2014-07-15,13.83861538,12.8931,15.2321
"2952",198,2014-07-16,14.7112069,12.9516,15.2889
"2953",199,2014-07-17,15.21889286,13.0095,15.3413
"2954",200,2014-07-18,16.41805556,13.0657,15.39
"2955",201,2014-07-19,16.11436842,13.118,15.4299
"2956",202,2014-07-20,16.19735,13.1652,15.4641
"2957",203,2014-07-21,17.35335,13.2065,15.4875
"2958",204,2014-07-22,18.0572,13.2432,15.5058
"2959",205,2014-07-23,17.46975,13.2771,15.5193
"2960",206,2014-07-24,15.61045455,13.3082,15.5251
"2961",207,2014-07-25,15.12120833,13.3356,15.5304
"2962",208,2014-07-26,16.11518182,13.3602,15.5352
"2963",209,2014-07-27,16.97017391,13.381,15.5388
"2964",210,2014-07-28,16.55827273,13.3971,15.5397
"2965",211,2014-07-29,16.6137619,13.4102,15.5402
"2966",212,2014-07-30,16.81216667,13.4235,15.5371
"2967",213,2014-07-31,16.6391,13.4377,15.5296
"2968",214,2014-08-01,16.41192857,13.4548,15.5268
"2969",215,2014-08-02,15.322625,13.4728,15.5313
"2970",216,2014-08-03,15.39117647,13.4916,15.5407
"2971",217,2014-08-04,16.23973684,13.511,15.5527
"2972",218,2014-08-05,15.778,13.5324,15.5673
"2973",219,2014-08-06,15.95931818,13.5558,15.5738
"2974",220,2014-08-07,15.46333333,13.5799,15.5761
"2975",221,2014-08-08,14.74811111,13.6039,15.5761
"2976",222,2014-08-09,12.65687097,13.6259,15.5751
"2977",223,2014-08-10,13.5723,13.6417,15.5686
"2978",224,2014-08-11,14.93151613,13.6512,15.5588
"2979",225,2014-08-12,15.14012903,13.6545,15.5488
"2980",226,2014-08-13,15.28389286,13.6537,15.5402
"2981",227,2014-08-14,15.5816,13.6486,15.5264
"2982",228,2014-08-15,16.07985185,13.6395,15.4995
"2983",229,2014-08-16,16.18968421,13.6255,15.4725
"2984",230,2014-08-17,16.04536842,13.6076,15.4564
"2985",231,2014-08-18,15.98263158,13.588,15.4436
"2986",232,2014-08-19,16.28642105,13.5688,15.4323
"2987",233,2014-08-20,16.65611111,13.5526,15.4266
"2988",234,2014-08-21,16.99209091,13.5434,15.4321
"2989",235,2014-08-22,16.40338462,13.5405,15.4439
"2990",236,2014-08-23,16.57237037,13.5419,15.4601
"2991",237,2014-08-24,16.96573077,13.5468,15.487
"2992",238,2014-08-25,16.81164,13.5574,15.5217
"2993",239,2014-08-26,17.2816087,13.5706,15.5613
"2994",240,2014-08-27,16.87813043,13.5869,15.6021
"2995",241,2014-08-28,17.51735,13.6043,15.6428
"2996",242,2014-08-29,16.80818182,13.6212,15.6772
"2997",243,2014-08-30,15.77326667,13.6368,15.7163
"2998",244,2014-08-31,13.936,13.6495,15.76
"2999",245,2014-09-01,15.87766667,13.6575,15.8041
"3000",246,2014-09-02,15.02605556,13.6602,15.8234
"3001",247,2014-09-03,15.92484211,13.6583,15.8279
"3002",248,2014-09-04,16.56675,13.6517,15.8204
"3003",249,2014-09-05,16.37336,13.6386,15.8019
"3004",250,2014-09-06,16.80183333,13.6213,15.7813
"3005",251,2014-09-07,16.676625,13.6001,15.7582
"3006",252,2014-09-08,15.48987097,13.5776,15.7323
"3007",253,2014-09-09,15.67296667,13.5547,15.6998
"3008",254,2014-09-10,16.29596667,13.5335,15.6674
"3009",255,2014-09-11,16.72832143,13.5149,15.6355
"3010",256,2014-09-12,16.7995,13.4999,15.6067
"3011",257,2014-09-13,16.57396296,13.4872,15.5835
"3012",258,2014-09-14,17.46794444,13.4773,15.5671
"3013",259,2014-09-15,17.04558824,13.4698,15.5579
"3014",260,2014-09-16,17.39466667,13.4654,15.5496
"3015",261,2014-09-17,17.57642857,13.4634,15.5361
"3016",262,2014-09-18,17.79158824,13.4634,15.5229
"3017",263,2014-09-19,18.13704545,13.4646,15.5108
"3018",264,2014-09-20,18.12421739,13.4651,15.4968
"3019",265,2014-09-21,17.849125,13.4619,15.4785
"3020",266,2014-09-22,17.17048,13.4538,15.4595
"3021",267,2014-09-23,17.057125,13.4421,15.435
"3022",268,2014-09-24,16.80778261,13.4283,15.4088
"3023",269,2014-09-25,16.56354545,13.412,15.3766
"3024",270,2014-09-26,17.45247619,13.3948,15.3444
"3025",271,2014-09-27,15.51935,13.3756,15.3122
"3026",272,2014-09-28,15.19305882,13.3566,15.2819
"3027",273,2014-09-29,16.10694118,13.3382,15.259
"3028",274,2014-09-30,14.22782353,13.3197,15.2302
"3029",275,2014-10-01,14.94325,13.3016,15.1969
"3030",276,2014-10-02,15.197,13.2856,15.1607
"3031",277,2014-10-03,14.96159091,13.2732,15.1441
"3032",278,2014-10-04,15.6807037,13.263,15.1336
"3033",279,2014-10-05,14.97419355,13.2556,15.1285
"3034",280,2014-10-06,14.591125,13.2518,15.1304
"3035",281,2014-10-07,14.37070968,13.2491,15.1328
"3036",282,2014-10-08,13.92514286,13.2475,15.1388
"3037",283,2014-10-09,13.714,13.2443,15.1459
"3038",284,2014-10-10,13.31153846,13.2405,15.1561
"3039",285,2014-10-11,13.20013793,13.2368,15.1698
"3040",286,2014-10-12,13.87870833,13.2338,15.1829
"3041",287,2014-10-13,14.425,13.2307,15.1875
"3042",288,2014-10-14,14.20272727,13.2274,15.1865
"3043",289,2014-10-15,15.25433333,13.223,15.1791
"3044",290,2014-10-16,14.697,13.2177,15.1708
"3045",291,2014-10-17,14.688,13.2105,15.1614
"3046",292,2014-10-18,15.5401,13.2016,15.1444
"3047",293,2014-10-19,15.34728571,13.1923,15.125
"3048",294,2014-10-20,15.98761111,13.1832,15.104
"3049",295,2014-10-21,15.53075,13.1748,15.0826
"3050",296,2014-10-22,15.47018182,13.1665,15.0609
"3051",297,2014-10-23,15.54652174,13.1579,15.0365
"3052",298,2014-10-24,15.83947368,13.1483,15.0155
"3053",299,2014-10-25,16.16495,13.1365,14.9914
"3054",300,2014-10-26,16.19161111,13.123,14.9668
"3055",301,2014-10-27,15.50788889,13.107,14.9401
"3056",302,2014-10-28,15.68816667,13.0891,14.9106
"3057",303,2014-10-29,15.34213333,13.0699,14.8811
"3058",304,2014-10-30,15.0863125,13.0486,14.8474
"3059",305,2014-10-31,15.56436842,13.0253,14.8072
"3060",306,2014-11-01,14.58280952,13.0002,14.7626
"3061",307,2014-11-02,13.49943478,12.9735,14.7138
"3062",308,2014-11-03,14.00165385,12.9463,14.6595
"3063",309,2014-11-04,14.13324138,12.9187,14.6041
"3064",310,2014-11-05,14.41682759,12.8896,14.5476
"3065",311,2014-11-06,14.38011111,12.859,14.4909
"3066",312,2014-11-07,14.17974074,12.8278,14.4347
"3067",313,2014-11-08,14.25604,12.7966,14.3773
"3068",314,2014-11-09,14.28077778,12.7661,14.3216
"3069",315,2014-11-10,14.35526087,12.7355,14.267
"3070",316,2014-11-11,14.65464706,12.7054,14.2135
"3071",317,2014-11-12,14.61814286,12.675,14.1634
"3072",318,2014-11-13,14.505,12.6437,14.1223
"3073",319,2014-11-14,14.83657143,12.6104,14.0868
"3074",320,2014-11-15,14.421,12.5768,14.0586
"3075",321,2014-11-16,13.82846154,12.5439,14.0309
"3076",322,2014-11-17,14.0228,12.5122,14.0034
"3077",323,2014-11-18,13.8805,12.4813,13.9821
"3078",324,2014-11-19,14.31905882,12.4506,13.9631
"3079",325,2014-11-20,14.34121053,12.4204,13.9447
"3080",326,2014-11-21,14.272,12.3909,13.9268
"3081",327,2014-11-22,14.78377273,12.3625,13.9083
"3082",328,2014-11-23,14.3512381,12.3347,13.8886
"3083",329,2014-11-24,14.36056,12.3086,13.8657
"3084",330,2014-11-25,14.39530769,12.2841,13.8425
"3085",331,2014-11-26,14.36407692,12.2606,13.8196
"3086",332,2014-11-27,14.30841667,12.2387,13.7982
"3087",333,2014-11-28,14.33265,12.2186,13.7796
"3088",334,2014-11-29,14.3514,12.1998,13.7609
"3089",335,2014-11-30,14.39488235,12.1819,13.7447
"3090",336,2014-12-01,14.70844444,12.1643,13.7332
"3091",337,2014-12-02,14.94989474,12.1471,13.7208
"3092",338,2014-12-03,14.80486957,12.1296,13.6985
"3093",339,2014-12-04,14.96251852,12.1108,13.6782
"3094",340,2014-12-05,14.97222222,12.0908,13.6563
"3095",341,2014-12-06,15.06225,12.0705,13.6319
"3096",342,2014-12-07,15.02844,12.0493,13.6071
"3097",343,2014-12-08,15.03396154,12.0272,13.5782
"3098",344,2014-12-09,15.17212,12.0045,13.546
"3099",345,2014-12-10,15.17385714,11.9809,13.5111
"3100",346,2014-12-11,15.266,11.9568,13.4717
"3101",347,2014-12-12,15.187,11.9317,13.4315
"3102",348,2014-12-13,14.9886,11.9058,13.3893
"3103",349,2014-12-14,15.015,11.88,13.3423
"3104",350,2014-12-15,14.96,11.8554,13.2936
"3105",351,2014-12-16,15.18770588,11.8315,13.244
"3106",352,2014-12-17,15.14833333,11.8077,13.1951
"3107",353,2014-12-18,14.81768421,11.7842,13.1469
"3108",354,2014-12-19,14.7769,11.7613,13.0996
"3109",355,2014-12-20,14.96790476,11.7384,13.0529
"3110",356,2014-12-21,15.24403846,11.7153,13.006
"3111",357,2014-12-22,15.33425,11.692,12.9599
"3112",358,2014-12-23,15.23871429,11.6684,12.9151
"3113",359,2014-12-24,15.26476667,11.6444,12.8717
"3114",360,2014-12-25,14.7197931,11.6197,12.8318
"3115",361,2014-12-26,14.37714815,11.5943,12.7928
"3116",362,2014-12-27,13.97914286,11.5685,12.754
"3117",363,2014-12-28,13.762,11.5427,12.7177
"3118",364,2014-12-29,13.77210526,11.5176,12.6824
"3119",365,2014-12-30,13.17625,11.4932,12.6486
"3120",366,2014-12-31,12.08080952,11.47,12.6162
"3121",1,2015-01-01,12.2862381,11.4481,12.5855
"3122",2,2015-01-02,12.33918519,11.428,12.5603
"3123",3,2015-01-03,12.40585714,11.4098,12.5478
"3124",4,2015-01-04,12.27865385,11.3939,12.5378
"3125",5,2015-01-05,12.31696,11.3805,12.5325
"3126",6,2015-01-06,12.47176,11.3697,12.5328
"3127",7,2015-01-07,12.59015385,11.3617,12.5377
"3128",8,2015-01-08,12.65933333,11.3556,12.547
"3129",9,2015-01-09,12.75063158,11.3513,12.5599
"3130",10,2015-01-10,12.96363636,11.3486,12.5763
"3131",11,2015-01-11,13.139,11.3475,12.5971
"3132",12,2015-01-12,13.064,11.348,12.6183
"3133",13,2015-01-13,12.92575,11.3494,12.6406
"3134",14,2015-01-14,12.69055556,11.3523,12.6644
"3135",15,2015-01-15,12.67184211,11.3565,12.6898
"3136",16,2015-01-16,12.739,11.3614,12.715
"3137",17,2015-01-17,12.88642857,11.3669,12.7391
"3138",18,2015-01-18,13.37185714,11.3733,12.7586
"3139",19,2015-01-19,13.42003448,11.3807,12.7704
"3140",20,2015-01-20,13.35703333,11.3887,12.7815
"3141",21,2015-01-21,13.23441935,11.3973,12.7927
"3142",22,2015-01-22,13.22970968,11.4064,12.8031
"3143",23,2015-01-23,13.2232,11.4166,12.8193
"3144",24,2015-01-24,13.28855172,11.4282,12.8361
"3145",25,2015-01-25,13.19879167,11.4408,12.852
"3146",26,2015-01-26,13.06533333,11.4538,12.8678
"3147",27,2015-01-27,13.23552632,11.4675,12.8837
"3148",28,2015-01-28,13.3806,11.482,12.8989
"3149",29,2015-01-29,13.54685714,11.4961,12.9135
"3150",30,2015-01-30,13.35419048,11.5088,12.9264
"3151",31,2015-01-31,13.51603704,11.5201,12.9381
"3152",32,2015-02-01,13.52828571,11.5299,12.9482
"3153",33,2015-02-02,13.58523077,11.5379,12.955
"3154",34,2015-02-03,13.5965,11.5436,12.9609
"3155",35,2015-02-04,13.55492308,11.5467,12.9687
"3156",36,2015-02-05,13.6228,11.5475,12.9745
"3157",37,2015-02-06,13.79036364,11.546,12.9782
"3158",38,2015-02-07,13.9708,11.5416,12.9776
"3159",39,2015-02-08,13.98353846,11.5344,12.9717
"3160",40,2015-02-09,14.27523077,11.5249,12.9648
"3161",41,2015-02-10,14.11,11.5145,12.9573
"3162",42,2015-02-11,13.9405,11.5038,12.9502
"3163",43,2015-02-12,13.86505882,11.4934,12.9431
"3164",44,2015-02-13,13.98733333,11.4835,12.937
"3165",45,2015-02-14,13.99063158,11.4749,12.9303
"3166",46,2015-02-15,13.96372727,11.4672,12.9236
"3167",47,2015-02-16,14.22951724,11.4604,12.9174
"3168",48,2015-02-17,14.08225,11.4545,12.9116
"3169",49,2015-02-18,13.986,11.4492,12.909
"3170",50,2015-02-19,14.02212903,11.4441,12.9133
"3171",51,2015-02-20,14.058,11.4396,12.9192
"3172",52,2015-02-21,14.21196552,11.4353,12.923
"3173",53,2015-02-22,14.34428,11.4314,12.9253
"3174",54,2015-02-23,13.79742857,11.4271,12.9184
"3175",55,2015-02-24,13.53111111,11.4224,12.913
"3176",56,2015-02-25,13.59263158,11.4172,12.9117
"3177",57,2015-02-26,13.47488235,11.4119,12.9058
"3178",58,2015-02-27,12.87841176,11.4057,12.8975
"3179",59,2015-02-28,11.41125,11.3989,12.8879
"3180",61,2015-03-01,12.25756,11.388,12.8819
"3181",62,2015-03-02,12.18432,11.3845,12.8797
"3182",63,2015-03-03,12.28196,11.3813,12.8782
"3183",64,2015-03-04,12.37352174,11.3781,12.8786
"3184",65,2015-03-05,12.67821739,11.3754,12.8788
"3185",66,2015-03-06,13.05778261,11.3728,12.8726
"3186",67,2015-03-07,12.9943,11.3694,12.8623
"3187",68,2015-03-08,12.811,11.3657,12.8511
"3188",69,2015-03-09,12.36033333,11.3626,12.8393
"3189",70,2015-03-10,12.31430769,11.3598,12.8267
"3190",71,2015-03-11,12.72528571,11.3566,12.813
"3191",72,2015-03-12,12.56593333,11.3519,12.7957
"3192",73,2015-03-13,12.64564286,11.345,12.7744
"3193",74,2015-03-14,12.6268,11.3361,12.7527
"3194",75,2015-03-15,13.2195,11.3247,12.7305
"3195",76,2015-03-16,12.97395833,11.3102,12.7071
"3196",77,2015-03-17,12.69567857,11.2934,12.6817
"3197",78,2015-03-18,11.52935484,11.2742,12.6551
"3198",79,2015-03-19,11.86906667,11.2522,12.6263
"3199",80,2015-03-20,11.5991,11.2278,12.5959
"3200",81,2015-03-21,12.14555172,11.2019,12.5632
"3201",82,2015-03-22,12.65964286,11.1751,12.53
"3202",83,2015-03-23,12.58270833,11.1472,12.4969
"3203",84,2015-03-24,12.44028571,11.1182,12.4636
"3204",85,2015-03-25,12.3295625,11.0883,12.4351
"3205",86,2015-03-26,11.80886667,11.0569,12.4019
"3206",87,2015-03-27,11.96675,11.0241,12.3611
"3207",88,2015-03-28,11.10744444,10.9915,12.327
"3208",89,2015-03-29,10.69261538,10.9601,12.2967
"3209",90,2015-03-30,10.6528,10.9301,12.2688
"3210",91,2015-03-31,10.60988889,10.9002,12.2359
"3211",92,2015-04-01,10.29705556,10.8702,12.2038
"3212",93,2015-04-02,9.987105263,10.8403,12.1692
"3213",94,2015-04-03,10.07077778,10.8117,12.1345
"3214",95,2015-04-04,9.946833333,10.7841,12.0987
"3215",96,2015-04-05,9.548166667,10.7582,12.0607
"3216",97,2015-04-06,9.863166667,10.7355,12.0286
"3217",98,2015-04-07,10.29175,10.7157,12.0027
"3218",99,2015-04-08,10.36009091,10.6959,11.9777
"3219",100,2015-04-09,11.02916667,10.6749,11.947
"3220",101,2015-04-10,11.31569231,10.6525,11.9174
"3221",102,2015-04-11,11.40090909,10.6309,11.893
"3222",103,2015-04-12,10.50266667,10.6093,11.8635
"3223",104,2015-04-13,10.7524,10.5877,11.8361
"3224",105,2015-04-14,10.2865,10.5669,11.8122
"3225",106,2015-04-15,9.979666667,10.5493,11.7948
"3226",107,2015-04-16,9.957481481,10.5337,11.7827
"3227",108,2015-04-17,10.45825,10.5184,11.7727
"3228",109,2015-04-18,10.77051852,10.5035,11.7606
"3229",110,2015-04-19,11.03664,10.4912,11.7534
"3230",111,2015-04-20,11.41725,10.4818,11.7511
"3231",112,2015-04-21,11.32335,10.475,11.7522
"3232",113,2015-04-22,11.13458333,10.4693,11.7501
"3233",114,2015-04-23,11.16835714,10.4655,11.7558
"3234",115,2015-04-24,10.5236,10.4647,11.7669
"3235",116,2015-04-25,NA,10.4651,11.7753
"3236",117,2015-04-26,NA,10.4654,11.7852
"3237",118,2015-04-27,9.875,10.4667,11.7949
"3238",119,2015-04-28,10.51355556,10.4684,11.7924
"3239",120,2015-04-29,9.524727273,10.4705,11.7882
"3240",121,2015-04-30,10.02223077,10.4708,11.7802
"3241",122,2015-05-01,11.77746154,10.4711,11.7704
"3242",123,2015-05-02,11.34914286,10.4719,11.7589
"3243",124,2015-05-03,11.323,10.4734,11.7509
"3244",125,2015-05-04,11.28,10.4739,11.743
"3245",126,2015-05-05,10.54028571,10.4735,11.735
"3246",127,2015-05-06,10.05615385,10.4723,11.7243
"3247",128,2015-05-07,9.63825,10.4711,11.7163
"3248",129,2015-05-08,9.131818182,10.4704,11.7097
"3249",130,2015-05-09,10.28758333,10.4715,11.7039
"3250",131,2015-05-10,10.79066667,10.476,11.7109
"3251",132,2015-05-11,10.62325,10.485,11.7244
"3252",133,2015-05-12,10.05984615,10.4959,11.7372
"3253",134,2015-05-13,10.68246667,10.5093,11.7616
"3254",135,2015-05-14,12.11217647,10.5257,11.7886
"3255",136,2015-05-15,11.6085,10.5464,11.8221
"3256",137,2015-05-16,10.49669565,10.57,11.8582
"3257",138,2015-05-17,10.67417391,10.5966,11.8927
"3258",139,2015-05-18,10.85009091,10.6267,11.9335
"3259",140,2015-05-19,10.957,10.6595,11.9903
"3260",141,2015-05-20,11.11115789,10.6951,12.0462
"3261",142,2015-05-21,11.26878571,10.7313,12.1037
"3262",143,2015-05-22,11.31254545,10.7673,12.165
"3263",144,2015-05-23,10.99085714,10.8035,12.2283
"3264",145,2015-05-24,11.39433333,10.8373,12.2857
"3265",146,2015-05-25,11.41871429,10.8685,12.3476
"3266",147,2015-05-26,12.183,10.8963,12.4095
"3267",148,2015-05-27,12.40283333,10.9208,12.463
"3268",149,2015-05-28,11.3855,10.942,12.5125
"3269",150,2015-05-29,11.4008,10.9593,12.5669
"3270",151,2015-05-30,11.079125,10.9732,12.614
"3271",152,2015-05-31,11.07058824,10.9848,12.6376
"3272",153,2015-06-01,11.86233333,10.9944,12.6574
"3273",154,2015-06-02,12.2036875,11.0024,12.6744
"3274",155,2015-06-03,10.919125,11.0087,12.6859
"3275",156,2015-06-04,9.992866667,11.0174,12.7041
"3276",157,2015-06-05,10.3288125,11.0284,12.7258
"3277",158,2015-06-06,11.29284211,11.043,12.7591
"3278",159,2015-06-07,11.74865217,11.0601,12.8048
"3279",160,2015-06-08,11.9943,11.08,12.8501
"3280",161,2015-06-09,13.74753333,11.1033,12.9096
"3281",162,2015-06-10,14.34152941,11.1287,12.9725
"3282",163,2015-06-11,14.67927778,11.156,13.0365
"3283",164,2015-06-12,15.05257895,11.1854,13.1037
"3284",165,2015-06-13,14.6226,11.2177,13.1688
"3285",166,2015-06-14,14.90855,11.254,13.2363
"3286",167,2015-06-15,12.16333333,11.2897,13.2946
"3287",168,2015-06-16,11.32322727,11.3238,13.3444
"3288",169,2015-06-17,11.08191304,11.3557,13.3921
"3289",170,2015-06-18,10.76027273,11.3868,13.441
"3290",171,2015-06-19,10.51735,11.4175,13.4788
"3291",172,2015-06-20,10.7184375,11.4467,13.519
"3292",173,2015-06-21,11.33811765,11.4758,13.5571
"3293",174,2015-06-22,11.224,11.5053,13.5935
"3294",175,2015-06-23,10.64072727,11.5357,13.6317
"3295",176,2015-06-24,11.10425,11.568,13.6685
"3296",177,2015-06-25,12.1348,11.6018,13.693
"3297",178,2015-06-26,13.0761875,11.6405,13.7175
"3298",179,2015-06-27,13.54564706,11.6866,13.7523
"3299",180,2015-06-28,14.743,11.7397,13.796
"3300",181,2015-06-29,13.25621053,11.798,13.85
"3301",182,2015-06-30,13.8772,11.8608,13.9162
"3302",183,2015-07-01,13.52411111,11.9269,14.0073
"3303",184,2015-07-02,14.73786364,11.9964,14.1033
"3304",185,2015-07-03,15.17458333,12.068,14.2047
"3305",186,2015-07-04,15.22688462,12.1421,14.3146
"3306",187,2015-07-05,15.9546,12.2164,14.4197
"3307",188,2015-07-06,16.56753571,12.2908,14.5335
"3308",189,2015-07-07,16.40161538,12.3636,14.645
"3309",190,2015-07-08,14.78416667,12.4341,14.7415
"3310",191,2015-07-09,14.858,12.5026,14.8385
"3311",192,2015-07-10,15.81815,12.571,14.9216
"3312",193,2015-07-11,16.1522381,12.6384,14.9951
"3313",194,2015-07-12,16.88285714,12.705,15.0645
"3314",195,2015-07-13,14.417,12.7701,15.121
"3315",196,2015-07-14,11.77130769,12.8333,15.1749
"3316",197,2015-07-15,12.61983333,12.8931,15.2321
"3317",198,2015-07-16,13.67866667,12.9516,15.2889
"3318",199,2015-07-17,14.81283333,13.0095,15.3413
"3319",200,2015-07-18,15.92427273,13.0657,15.39
"3320",201,2015-07-19,15.98747368,13.118,15.4299
"3321",202,2015-07-20,15.4595,13.1652,15.4641
"3322",203,2015-07-21,14.497,13.2065,15.4875
"3323",204,2015-07-22,14.98914286,13.2432,15.5058
"3324",205,2015-07-23,15.44706667,13.2771,15.5193
"3325",206,2015-07-24,14.30494118,13.3082,15.5251
"3326",207,2015-07-25,12.84733333,13.3356,15.5304
"3327",208,2015-07-26,13.51389474,13.3602,15.5352
"3328",209,2015-07-27,13.29795238,13.381,15.5388
"3329",210,2015-07-28,14.32152381,13.3971,15.5397
"3330",211,2015-07-29,15.23109091,13.4102,15.5402
"3331",212,2015-07-30,15.54359259,13.4235,15.5371
"3332",213,2015-07-31,15.46657143,13.4377,15.5296
"3333",214,2015-08-01,16.25,13.4548,15.5268
"3334",215,2015-08-02,15.8292069,13.4728,15.5313
"3335",216,2015-08-03,16.18032143,13.4916,15.5407
"3336",217,2015-08-04,15.77793333,13.511,15.5527
"3337",218,2015-08-05,15.31248148,13.5324,15.5673
"3338",219,2015-08-06,15.5245,13.5558,15.5738
"3339",220,2015-08-07,16.3521,13.5799,15.5761
"3340",221,2015-08-08,16.87114286,13.6039,15.5761
"3341",222,2015-08-09,13.8984,13.6259,15.5751
"3342",223,2015-08-10,12.39815,13.6417,15.5686
"3343",224,2015-08-11,13.38711111,13.6512,15.5588
"3344",225,2015-08-12,14.2189,13.6545,15.5488
"3345",226,2015-08-13,14.90253571,13.6537,15.5402
"3346",227,2015-08-14,13.91911538,13.6486,15.5264
"3347",228,2015-08-15,13.34876,13.6395,15.4995
"3348",229,2015-08-16,13.93882609,13.6255,15.4725
"3349",230,2015-08-17,14.84145455,13.6076,15.4564
"3350",231,2015-08-18,15.51709524,13.588,15.4436
"3351",232,2015-08-19,15.92953846,13.5688,15.4323
"3352",233,2015-08-20,15.62857143,13.5526,15.4266
"3353",234,2015-08-21,15.81126667,13.5434,15.4321
"3354",235,2015-08-22,16.5625,13.5405,15.4439
"3355",236,2015-08-23,16.70247059,13.5419,15.4601
"3356",237,2015-08-24,16.97622222,13.5468,15.487
"3357",238,2015-08-25,15.82055,13.5574,15.5217
"3358",239,2015-08-26,16.08385714,13.5706,15.5613
"3359",240,2015-08-27,15.23867857,13.5869,15.6021
"3360",241,2015-08-28,14.5647,13.6043,15.6428
"3361",242,2015-08-29,15.19026667,13.6212,15.6772
"3362",243,2015-08-30,14.7899,13.6368,15.7163
"3363",244,2015-08-31,13.743,13.6495,15.76
"3364",245,2015-09-01,14.32365517,13.6575,15.8041
"3365",246,2015-09-02,14.17112903,13.6602,15.8234
"3366",247,2015-09-03,12.78439286,13.6583,15.8279
"3367",248,2015-09-04,12.84205263,13.6517,15.8204
"3368",249,2015-09-05,12.59315789,13.6386,15.8019
"3369",250,2015-09-06,13.54833333,13.6213,15.7813
"3370",251,2015-09-07,12.85966667,13.6001,15.7582
"3371",252,2015-09-08,13.61923077,13.5776,15.7323
"3372",253,2015-09-09,13.73137037,13.5547,15.6998
"3373",254,2015-09-10,13.91125926,13.5335,15.6674
"3374",255,2015-09-11,12.92507407,13.5149,15.6355
"3375",256,2015-09-12,12.01596154,13.4999,15.6067
"3376",257,2015-09-13,13.38616,13.4872,15.5835
"3377",258,2015-09-14,14.12291304,13.4773,15.5671
"3378",259,2015-09-15,14.0428,13.4698,15.5579
"3379",260,2015-09-16,14.22352381,13.4654,15.5496
"3380",261,2015-09-17,14.83526667,13.4634,15.5361
"3381",262,2015-09-18,15.30271429,13.4634,15.5229
"3382",263,2015-09-19,15.3405,13.4646,15.5108
"3383",264,2015-09-20,15.94033333,13.4651,15.4968
"3384",265,2015-09-21,15.73653333,13.4619,15.4785
"3385",266,2015-09-22,14.3776875,13.4538,15.4595
"3386",267,2015-09-23,14.93035294,13.4421,15.435
"3387",268,2015-09-24,14.559,13.4283,15.4088
"3388",269,2015-09-25,14.35310345,13.412,15.3766
"3389",270,2015-09-26,13.50928125,13.3948,15.3444
"3390",271,2015-09-27,14.05096667,13.3756,15.3122
"3391",272,2015-09-28,14.69,13.3566,15.2819
"3392",273,2015-09-29,14.86310345,13.3382,15.259
"3393",274,2015-09-30,14.11242857,13.3197,15.2302
"3394",275,2015-10-01,15.02645161,13.3016,15.1969
"3395",276,2015-10-02,15.28166667,13.2856,15.1607
"3396",277,2015-10-03,14.80413636,13.2732,15.1441
"3397",278,2015-10-04,14.51911765,13.263,15.1336
"3398",279,2015-10-05,15.39370588,13.2556,15.1285
"3399",280,2015-10-06,15.8584,13.2518,15.1304
"3400",281,2015-10-07,15.76928571,13.2491,15.1328
"3401",282,2015-10-08,15.3665,13.2475,15.1388
"3402",283,2015-10-09,15.78104348,13.2443,15.1459
"3403",284,2015-10-10,15.261,13.2405,15.1561
"3404",285,2015-10-11,14.97954167,13.2368,15.1698
"3405",286,2015-10-12,15.22781818,13.2338,15.1829
"3406",287,2015-10-13,15.64875,13.2307,15.1875
"3407",288,2015-10-14,15.74516667,13.2274,15.1865
"3408",289,2015-10-15,16.552375,13.223,15.1791
"3409",290,2015-10-16,16.8488,13.2177,15.1708
"3410",291,2015-10-17,16.617,13.2105,15.1614
"3411",292,2015-10-18,16.20592857,13.2016,15.1444
"3412",293,2015-10-19,15.39383333,13.1923,15.125
"3413",294,2015-10-20,15.7768,13.1832,15.104
"3414",295,2015-10-21,15.75055556,13.1748,15.0826
"3415",296,2015-10-22,15.3419,13.1665,15.0609
"3416",297,2015-10-23,15.41228,13.1579,15.0365
"3417",298,2015-10-24,15.25541379,13.1483,15.0155
"3418",299,2015-10-25,15.16970968,13.1365,14.9914
"3419",300,2015-10-26,15.37219355,13.123,14.9668
"3420",301,2015-10-27,15.45292857,13.107,14.9401
"3421",302,2015-10-28,15.58932143,13.0891,14.9106
"3422",303,2015-10-29,14.91346429,13.0699,14.8811
"3423",304,2015-10-30,14.6742069,13.0486,14.8474
"3424",305,2015-10-31,14.39080769,13.0253,14.8072
"3425",306,2015-11-01,14.6966087,13.0002,14.7626
"3426",307,2015-11-02,14.493,12.9735,14.7138
"3427",308,2015-11-03,13.551,12.9463,14.6595
"3428",309,2015-11-04,12.09008333,12.9187,14.6041
"3429",310,2015-11-05,12.43146154,12.8896,14.5476
"3430",311,2015-11-06,12.74728571,12.859,14.4909
"3431",312,2015-11-07,13.18293333,12.8278,14.4347
"3432",313,2015-11-08,13.5653125,12.7966,14.3773
"3433",314,2015-11-09,13.5835,12.7661,14.3216
"3434",315,2015-11-10,12.99347059,12.7355,14.267
"3435",316,2015-11-11,13.14635294,12.7054,14.2135
"3436",317,2015-11-12,13.35741176,12.675,14.1634
"3437",318,2015-11-13,13.40547059,12.6437,14.1223
"3438",319,2015-11-14,13.49888889,12.6104,14.0868
"3439",320,2015-11-15,13.34029412,12.5768,14.0586
"3440",321,2015-11-16,12.34535714,12.5439,14.0309
"3441",322,2015-11-17,12.19063636,12.5122,14.0034
"3442",323,2015-11-18,11.87563636,12.4813,13.9821
"3443",324,2015-11-19,11.34175,12.4506,13.9631
"3444",325,2015-11-20,10.7868,12.4204,13.9447
"3445",326,2015-11-21,11.254375,12.3909,13.9268
"3446",327,2015-11-22,11.54595833,12.3625,13.9083
"3447",328,2015-11-23,12.04862963,12.3347,13.8886
"3448",329,2015-11-24,12.13055172,12.3086,13.8657
"3449",330,2015-11-25,11.68264286,12.2841,13.8425
"3450",331,2015-11-26,11.62748148,12.2606,13.8196
"3451",332,2015-11-27,11.56539286,12.2387,13.7982
"3452",333,2015-11-28,11.63658621,12.2186,13.7796
"3453",334,2015-11-29,11.56362963,12.1998,13.7609
"3454",335,2015-11-30,11.36904348,12.1819,13.7447
"3455",336,2015-12-01,12.0286,12.1643,13.7332
"3456",337,2015-12-02,11.939,12.1471,13.7208
"3457",338,2015-12-03,11.88376923,12.1296,13.6985
"3458",339,2015-12-04,12.10142857,12.1108,13.6782
"3459",340,2015-12-05,12.13053333,12.0908,13.6563
"3460",341,2015-12-06,12.53211765,12.0705,13.6319
"3461",342,2015-12-07,12.93455556,12.0493,13.6071
"3462",343,2015-12-08,13.05333333,12.0272,13.5782
"3463",344,2015-12-09,13.49357895,12.0045,13.546
"3464",345,2015-12-10,13.8976,11.9809,13.5111
"3465",346,2015-12-11,13.6948,11.9568,13.4717
"3466",347,2015-12-12,13.69457143,11.9317,13.4315
"3467",348,2015-12-13,13.67,11.9058,13.3893
"3468",349,2015-12-14,12.98103846,11.88,13.3423
"3469",350,2015-12-15,12.7334,11.8554,13.2936
"3470",351,2015-12-16,12.50404348,11.8315,13.244
"3471",352,2015-12-17,12.40614286,11.8077,13.1951
"3472",353,2015-12-18,12.7855,11.7842,13.1469
"3473",354,2015-12-19,13.036,11.7613,13.0996
"3474",355,2015-12-20,12.53494737,11.7384,13.0529
"3475",356,2015-12-21,12.69904762,11.7153,13.006
"3476",357,2015-12-22,12.892,11.692,12.9599
"3477",358,2015-12-23,12.59851724,11.6684,12.9151
"3478",359,2015-12-24,12.44917241,11.6444,12.8717
"3479",360,2015-12-25,12.2692069,11.6197,12.8318
"3480",361,2015-12-26,11.98817857,11.5943,12.7928
"3481",362,2015-12-27,11.60576667,11.5685,12.754
"3482",363,2015-12-28,11.44534483,11.5427,12.7177
"3483",364,2015-12-29,11.62456,11.5176,12.6824
"3484",365,2015-12-30,11.33135294,11.4932,12.6486
"3485",366,2015-12-31,11.01223077,11.47,12.6162
"3486",1,2016-01-01,11.136,11.4481,12.5855
"3487",2,2016-01-02,11.29046667,11.428,12.5603
"3488",3,2016-01-03,11.1403125,11.4098,12.5478
"3489",4,2016-01-04,11.16235294,11.3939,12.5378
"3490",5,2016-01-05,11.96633333,11.3805,12.5325
"3491",6,2016-01-06,12.54521053,11.3697,12.5328
"3492",7,2016-01-07,12.44885,11.3617,12.5377
"3493",8,2016-01-08,12.2822,11.3556,12.547
"3494",9,2016-01-09,12.14588,11.3513,12.5599
"3495",10,2016-01-10,12.10767857,11.3486,12.5763
"3496",11,2016-01-11,12.01458621,11.3475,12.5971
"3497",12,2016-01-12,12.06176667,11.348,12.6183
"3498",13,2016-01-13,12.13293333,11.3494,12.6406
"3499",14,2016-01-14,12.12392593,11.3523,12.6644
"3500",15,2016-01-15,12.07811111,11.3565,12.6898
"3501",16,2016-01-16,12.15766667,11.3614,12.715
"3502",17,2016-01-17,12.5784,11.3669,12.7391
"3503",18,2016-01-18,12.59457143,11.3733,12.7586
"3504",19,2016-01-19,12.767,11.3807,12.7704
"3505",20,2016-01-20,12.71051852,11.3887,12.7815
"3506",21,2016-01-21,12.82662069,11.3973,12.7927
"3507",22,2016-01-22,13.10055172,11.4064,12.8031
"3508",23,2016-01-23,12.99365517,11.4166,12.8193
"3509",24,2016-01-24,13.021,11.4282,12.8361
"3510",25,2016-01-25,13.02666667,11.4408,12.852
"3511",26,2016-01-26,13.1122963,11.4538,12.8678
"3512",27,2016-01-27,13.19195833,11.4675,12.8837
"3513",28,2016-01-28,13.06672222,11.482,12.8989
"3514",29,2016-01-29,13.21269231,11.4961,12.9135
"3515",30,2016-01-30,13.13485714,11.5088,12.9264
"3516",31,2016-01-31,13.0112,11.5201,12.9381
"3517",32,2016-02-01,12.6092,11.5299,12.9482
"3518",33,2016-02-02,12.02547059,11.5379,12.955
"3519",34,2016-02-03,11.9435,11.5436,12.9609
"3520",35,2016-02-04,12.02152632,11.5467,12.9687
"3521",36,2016-02-05,11.9844,11.5475,12.9745
"3522",37,2016-02-06,12.34878571,11.546,12.9782
"3523",38,2016-02-07,12.65414286,11.5416,12.9776
"3524",39,2016-02-08,12.74162069,11.5344,12.9717
"3525",40,2016-02-09,12.99286667,11.5249,12.9648
"3526",41,2016-02-10,13.0218,11.5145,12.9573
"3527",42,2016-02-11,13.09262069,11.5038,12.9502
"3528",43,2016-02-12,13.05618519,11.4934,12.9431
"3529",44,2016-02-13,12.83311765,11.4835,12.937
"3530",45,2016-02-14,12.32484211,11.4749,12.9303
"3531",46,2016-02-15,11.35457895,11.4672,12.9236
"3532",47,2016-02-16,11.7586,11.4604,12.9174
"3533",48,2016-02-17,12.0266,11.4545,12.9116
"3534",49,2016-02-18,12.42351852,11.4492,12.909
"3535",50,2016-02-19,12.63117241,11.4441,12.9133
"3536",51,2016-02-20,12.72678571,11.4396,12.9192
"3537",52,2016-02-21,12.75066667,11.4353,12.923
"3538",53,2016-02-22,12.83615385,11.4314,12.9253
"3539",54,2016-02-23,13.05,11.4271,12.9184
"3540",55,2016-02-24,13.129625,11.4224,12.913
"3541",56,2016-02-25,12.85685,11.4172,12.9117
"3542",57,2016-02-26,12.847,11.4119,12.9058
"3543",58,2016-02-27,13.261,11.4057,12.8975
"3544",59,2016-02-28,13.06223077,11.3989,12.8879
"3545",60,2016-02-29,12.849,11.3926,12.884
"3546",61,2016-03-01,13.02892308,11.388,12.8819
"3547",62,2016-03-02,13.23471429,11.3845,12.8797
"3548",63,2016-03-03,13.6532,11.3813,12.8782
"3549",64,2016-03-04,13.7005,11.3781,12.8786
"3550",65,2016-03-05,13.94963636,11.3754,12.8788
"3551",66,2016-03-06,13.95222222,11.3728,12.8726
"3552",67,2016-03-07,13.73296552,11.3694,12.8623
"3553",68,2016-03-08,13.09751724,11.3657,12.8511
"3554",69,2016-03-09,13.34389655,11.3626,12.8393
"3555",70,2016-03-10,13.47493103,11.3598,12.8267
"3556",71,2016-03-11,13.40740741,11.3566,12.813
"3557",72,2016-03-12,13.26952174,11.3519,12.7957
"3558",73,2016-03-13,13.39535294,11.345,12.7744
"3559",74,2016-03-14,13.36766667,11.3361,12.7527
"3560",75,2016-03-15,13.17494118,11.3247,12.7305
"3561",76,2016-03-16,12.9481875,11.3102,12.7071
"3562",77,2016-03-17,13.2362381,11.2934,12.6817
"3563",78,2016-03-18,12.95770833,11.2742,12.6551
"3564",79,2016-03-19,13.299875,11.2522,12.6263
"3565",80,2016-03-20,13.79880769,11.2278,12.5959
"3566",81,2016-03-21,13.931,11.2019,12.5632
"3567",82,2016-03-22,13.58321739,11.1751,12.53
"3568",83,2016-03-23,13.34104545,11.1472,12.4969
"3569",84,2016-03-24,12.68978947,11.1182,12.4636
"3570",85,2016-03-25,12.11453846,11.0883,12.4351
"3571",86,2016-03-26,11.13472727,11.0569,12.4019
"3572",87,2016-03-27,10.3031,11.0241,12.3611
"3573",88,2016-03-28,9.82325,10.9915,12.327
"3574",89,2016-03-29,9.104727273,10.9601,12.2967
"3575",90,2016-03-30,9.889555556,10.9301,12.2688
"3576",91,2016-03-31,10.15914286,10.9002,12.2359
"3577",92,2016-04-01,10.39075,10.8702,12.2038
"3578",93,2016-04-02,10.4967,10.8403,12.1692
"3579",94,2016-04-03,10.6381,10.8117,12.1345
"3580",95,2016-04-04,10.30026923,10.7841,12.0987
"3581",96,2016-04-05,9.891392857,10.7582,12.0607
"3582",97,2016-04-06,11.27310714,10.7355,12.0286
"3583",98,2016-04-07,11.03722222,10.7157,12.0027
"3584",99,2016-04-08,11.61977778,10.6959,11.9777
"3585",100,2016-04-09,12.1058,10.6749,11.947
"3586",101,2016-04-10,12.29036364,10.6525,11.9174
"3587",102,2016-04-11,11.45678571,10.6309,11.893
"3588",103,2016-04-12,11.6536875,10.6093,11.8635
"3589",104,2016-04-13,10.24492857,10.5877,11.8361
"3590",105,2016-04-14,10.61378571,10.5669,11.8122
"3591",106,2016-04-15,10.48215385,10.5493,11.7948
"3592",107,2016-04-16,10.521,10.5337,11.7827
"3593",108,2016-04-17,11.23272727,10.5184,11.7727
"3594",109,2016-04-18,12.59391667,10.5035,11.7606
"3595",110,2016-04-19,11.89138462,10.4912,11.7534
"3596",111,2016-04-20,13.17361538,10.4818,11.7511
"3597",112,2016-04-21,13.68,10.475,11.7522
"3598",113,2016-04-22,14.144,10.4693,11.7501
"3599",114,2016-04-23,12.608,10.4655,11.7558
"3600",115,2016-04-24,11.14645455,10.4647,11.7669
"3601",116,2016-04-25,10.5523,10.4651,11.7753
"3602",117,2016-04-26,9.911333333,10.4654,11.7852
"3603",118,2016-04-27,9.347636364,10.4667,11.7949
"3604",119,2016-04-28,9.348625,10.4684,11.7924
"3605",120,2016-04-29,NA,10.4705,11.7882
"3606",121,2016-04-30,NA,10.4708,11.7802
"3607",122,2016-05-01,12.38844444,10.4711,11.7704
"3608",123,2016-05-02,10.72292308,10.4719,11.7589
"3609",124,2016-05-03,10.40461111,10.4734,11.7509
"3610",125,2016-05-04,11.46904167,10.4739,11.743
"3611",126,2016-05-05,12.35223077,10.4735,11.735
"3612",127,2016-05-06,12.16608333,10.4723,11.7243
"3613",128,2016-05-07,12.49956,10.4711,11.7163
"3614",129,2016-05-08,12.75983333,10.4704,11.7097
"3615",130,2016-05-09,12.89868182,10.4715,11.7039
"3616",131,2016-05-10,13.26805263,10.476,11.7109
"3617",132,2016-05-11,13.45995,10.485,11.7244
"3618",133,2016-05-12,13.592,10.4959,11.7372
"3619",134,2016-05-13,13.774,10.5093,11.7616
"3620",135,2016-05-14,14.11763636,10.5257,11.7886
"3621",136,2016-05-15,12.0595,10.5464,11.8221
"3622",137,2016-05-16,10.67976923,10.57,11.8582
"3623",138,2016-05-17,10.88078571,10.5966,11.8927
"3624",139,2016-05-18,11.59513333,10.6267,11.9335
"3625",140,2016-05-19,10.54873333,10.6595,11.9903
"3626",141,2016-05-20,9.8185625,10.6951,12.0462
"3627",142,2016-05-21,10.86171429,10.7313,12.1037
"3628",143,2016-05-22,11.45828571,10.7673,12.165
"3629",144,2016-05-23,11.22914286,10.8035,12.2283
"3630",145,2016-05-24,10.86215385,10.8373,12.2857
"3631",146,2016-05-25,11.19663636,10.8685,12.3476
"3632",147,2016-05-26,11.092,10.8963,12.4095
"3633",148,2016-05-27,10.54333333,10.9208,12.463
"3634",149,2016-05-28,11.232,10.942,12.5125
"3635",150,2016-05-29,12.80336364,10.9593,12.5669
"3636",151,2016-05-30,13.44428571,10.9732,12.614
"3637",152,2016-05-31,13.52625,10.9848,12.6376
"3638",153,2016-06-01,13.94010526,10.9944,12.6574
"3639",154,2016-06-02,14.53421053,11.0024,12.6744
"3640",155,2016-06-03,14.90585,11.0087,12.6859
"3641",156,2016-06-04,15.10513043,11.0174,12.7041
"3642",157,2016-06-05,15.601625,11.0284,12.7258
"3643",158,2016-06-06,15.0605,11.043,12.7591
"3644",159,2016-06-07,15.44841667,11.0601,12.8048
"3645",160,2016-06-08,14.93652381,11.08,12.8501
"3646",161,2016-06-09,12.85586364,11.1033,12.9096
"3647",162,2016-06-10,11.50536842,11.1287,12.9725
"3648",163,2016-06-11,11.47341667,11.156,13.0365
"3649",164,2016-06-12,12.193,11.1854,13.1037
"3650",165,2016-06-13,12.01328571,11.2177,13.1688
"3651",166,2016-06-14,11.7748,11.254,13.2363
"3652",167,2016-06-15,10.4765,11.2897,13.2946
"3653",168,2016-06-16,11.28817647,11.3238,13.3444
"3654",169,2016-06-17,11.88255556,11.3557,13.3921
"3655",170,2016-06-18,10.77816667,11.3868,13.441
"3656",171,2016-06-19,10.88435294,11.4175,13.4788
"3657",172,2016-06-20,10.571125,11.4467,13.519
"3658",173,2016-06-21,10.55033333,11.4758,13.5571
"3659",174,2016-06-22,9.8516,11.5053,13.5935
"3660",175,2016-06-23,9.948444444,11.5357,13.6317
"3661",176,2016-06-24,10.21452632,11.568,13.6685
"3662",177,2016-06-25,10.14908696,11.6018,13.693
"3663",178,2016-06-26,10.27382353,11.6405,13.7175
"3664",179,2016-06-27,9.958375,11.6866,13.7523
"3665",180,2016-06-28,9.735,11.7397,13.796
"3666",181,2016-06-29,9.824210526,11.798,13.85
"3667",182,2016-06-30,10.74185714,11.8608,13.9162
"3668",183,2016-07-01,11.20066667,11.9269,14.0073
"3669",184,2016-07-02,11.45919048,11.9964,14.1033
"3670",185,2016-07-03,11.75603704,12.068,14.2047
"3671",186,2016-07-04,12.31774074,12.1421,14.3146
"3672",187,2016-07-05,12.78192593,12.2164,14.4197
"3673",188,2016-07-06,12.45444444,12.2908,14.5335
"3674",189,2016-07-07,11.78091667,12.3636,14.645
"3675",190,2016-07-08,11.54121739,12.4341,14.7415
"3676",191,2016-07-09,11.731,12.5026,14.8385
"3677",192,2016-07-10,11.78828571,12.571,14.9216
"3678",193,2016-07-11,10.82586667,12.6384,14.9951
"3679",194,2016-07-12,9.8568125,12.705,15.0645
"3680",195,2016-07-13,11.365,12.7701,15.121
"3681",196,2016-07-14,12.29572222,12.8333,15.1749
"3682",197,2016-07-15,12.32247368,12.8931,15.2321
"3683",198,2016-07-16,12.4417,12.9516,15.2889
"3684",199,2016-07-17,12.667,13.0095,15.3413
"3685",200,2016-07-18,11.60935,13.0657,15.39
"3686",201,2016-07-19,11.5838,13.118,15.4299
"3687",202,2016-07-20,11.166125,13.1652,15.4641
"3688",203,2016-07-21,10.8845,13.2065,15.4875
"3689",204,2016-07-22,10.87953846,13.2432,15.5058
"3690",205,2016-07-23,10.65676,13.2771,15.5193
"3691",206,2016-07-24,10.44892593,13.3082,15.5251
"3692",207,2016-07-25,11.68456522,13.3356,15.5304
"3693",208,2016-07-26,12.46026316,13.3602,15.5352
"3694",209,2016-07-27,12.60925,13.381,15.5388
"3695",210,2016-07-28,13.68642857,13.3971,15.5397
"3696",211,2016-07-29,13.94654545,13.4102,15.5402
"3697",212,2016-07-30,14.33186364,13.4235,15.5371
"3698",213,2016-07-31,14.75648276,13.4377,15.5296
"3699",214,2016-08-01,15.19455172,13.4548,15.5268
"3700",215,2016-08-02,15.15182759,13.4728,15.5313
"3701",216,2016-08-03,14.62471429,13.4916,15.5407
"3702",217,2016-08-04,14.19985185,13.511,15.5527
"3703",218,2016-08-05,14.46623077,13.5324,15.5673
"3704",219,2016-08-06,14.31440909,13.5558,15.5738
"3705",220,2016-08-07,13.78504348,13.5799,15.5761
"3706",221,2016-08-08,11.41528571,13.6039,15.5761
"3707",222,2016-08-09,11.65826667,13.6259,15.5751
"3708",223,2016-08-10,12.402,13.6417,15.5686
"3709",224,2016-08-11,12.66835294,13.6512,15.5588
"3710",225,2016-08-12,14.31070588,13.6545,15.5488
"3711",226,2016-08-13,14.31361111,13.6537,15.5402
"3712",227,2016-08-14,13.6881,13.6486,15.5264
"3713",228,2016-08-15,14.1347,13.6395,15.4995
"3714",229,2016-08-16,13.62746154,13.6255,15.4725
"3715",230,2016-08-17,13.55557143,13.6076,15.4564
"3716",231,2016-08-18,13.88414815,13.588,15.4436
"3717",232,2016-08-19,14.83235714,13.5688,15.4323
"3718",233,2016-08-20,14.6145,13.5526,15.4266
"3719",234,2016-08-21,14.81507692,13.5434,15.4321
"3720",235,2016-08-22,14.75362069,13.5405,15.4439
"3721",236,2016-08-23,15.31888462,13.5419,15.4601
"3722",237,2016-08-24,15.2261,13.5468,15.487
"3723",238,2016-08-25,14.74085,13.5574,15.5217
"3724",239,2016-08-26,14.8473,13.5706,15.5613
"3725",240,2016-08-27,15.6715,13.5869,15.6021
"3726",241,2016-08-28,15.94685714,13.6043,15.6428
"3727",242,2016-08-29,14.69866667,13.6212,15.6772
"3728",243,2016-08-30,13.34726667,13.6368,15.7163
"3729",244,2016-08-31,12.28625,13.6495,15.76
"3730",245,2016-09-01,11.75671429,13.6575,15.8041
"3731",246,2016-09-02,11.54569231,13.6602,15.8234
"3732",247,2016-09-03,11.21683333,13.6583,15.8279
"3733",248,2016-09-04,10.99131818,13.6517,15.8204
"3734",249,2016-09-05,11.11171429,13.6386,15.8019
"3735",250,2016-09-06,12.63364286,13.6213,15.7813
"3736",251,2016-09-07,12.87657143,13.6001,15.7582
"3737",252,2016-09-08,12.7595,13.5776,15.7323
"3738",253,2016-09-09,13.40469231,13.5547,15.6998
"3739",254,2016-09-10,13.41471429,13.5335,15.6674
"3740",255,2016-09-11,13.45746667,13.5149,15.6355
"3741",256,2016-09-12,13.57405882,13.4999,15.6067
"3742",257,2016-09-13,14.24512,13.4872,15.5835
"3743",258,2016-09-14,15.22271429,13.4773,15.5671
"3744",259,2016-09-15,14.45141379,13.4698,15.5579
"3745",260,2016-09-16,14.16642857,13.4654,15.5496
"3746",261,2016-09-17,13.87168966,13.4634,15.5361
"3747",262,2016-09-18,14.3661,13.4634,15.5229
"3748",263,2016-09-19,13.68296429,13.4646,15.5108
"3749",264,2016-09-20,14.25283333,13.4651,15.4968
"3750",265,2016-09-21,12.84814815,13.4619,15.4785
"3751",266,2016-09-22,12.05468421,13.4538,15.4595
"3752",267,2016-09-23,11.77472222,13.4421,15.435
"3753",268,2016-09-24,11.527,13.4283,15.4088
"3754",269,2016-09-25,12.120375,13.412,15.3766
"3755",270,2016-09-26,12.3667037,13.3948,15.3444
"3756",271,2016-09-27,12.26489286,13.3756,15.3122
"3757",272,2016-09-28,12.67307143,13.3566,15.2819
"3758",273,2016-09-29,12.613,13.3382,15.259
"3759",274,2016-09-30,12.466125,13.3197,15.2302
"3760",275,2016-10-01,12.01845833,13.3016,15.1969
"3761",276,2016-10-02,11.64628571,13.2856,15.1607
"3762",277,2016-10-03,11.51063158,13.2732,15.1441
"3763",278,2016-10-04,12.30378571,13.263,15.1336
"3764",279,2016-10-05,11.58007143,13.2556,15.1285
"3765",280,2016-10-06,12.088,13.2518,15.1304
"3766",281,2016-10-07,12.39909091,13.2491,15.1328
"3767",282,2016-10-08,12.43411111,13.2475,15.1388
"3768",283,2016-10-09,13.446375,13.2443,15.1459
"3769",284,2016-10-10,12.91188889,13.2405,15.1561
"3770",285,2016-10-11,12.83927778,13.2368,15.1698
"3771",286,2016-10-12,12.83408333,13.2338,15.1829
"3772",287,2016-10-13,13.22325,13.2307,15.1875
"3773",288,2016-10-14,13.48193333,13.2274,15.1865
"3774",289,2016-10-15,13.62996667,13.223,15.1791
"3775",290,2016-10-16,13.81413793,13.2177,15.1708
"3776",291,2016-10-17,14.08760714,13.2105,15.1614
"3777",292,2016-10-18,14.37624138,13.2016,15.1444
"3778",293,2016-10-19,14.254,13.1923,15.125
"3779",294,2016-10-20,14.12262963,13.1832,15.104
"3780",295,2016-10-21,13.918125,13.1748,15.0826
"3781",296,2016-10-22,12.77372727,13.1665,15.0609
"3782",297,2016-10-23,12.87277273,13.1579,15.0365
"3783",298,2016-10-24,13.37809091,13.1483,15.0155
"3784",299,2016-10-25,13.54772727,13.1365,14.9914
"3785",300,2016-10-26,13.79145455,13.123,14.9668
"3786",301,2016-10-27,13.87365217,13.107,14.9401
"3787",302,2016-10-28,14.026,13.0891,14.9106
"3788",303,2016-10-29,14.20428571,13.0699,14.8811
"3789",304,2016-10-30,14.30885,13.0486,14.8474
"3790",305,2016-10-31,14.3595625,13.0253,14.8072
"3791",306,2016-11-01,14.3344375,13.0002,14.7626
"3792",307,2016-11-02,14.309,12.9735,14.7138
"3793",308,2016-11-03,14.78753333,12.9463,14.6595
"3794",309,2016-11-04,14.68215385,12.9187,14.6041
"3795",310,2016-11-05,14.78711111,12.8896,14.5476
"3796",311,2016-11-06,15.207,12.859,14.4909
"3797",312,2016-11-07,NA,12.8278,14.4347
"3798",313,2016-11-08,14.846125,12.7966,14.3773
"3799",314,2016-11-09,14.46438462,12.7661,14.3216
"3800",315,2016-11-10,14.67165,12.7355,14.267
"3801",316,2016-11-11,14.65252,12.7054,14.2135
"3802",317,2016-11-12,14.79053571,12.675,14.1634
"3803",318,2016-11-13,14.4994,12.6437,14.1223
"3804",319,2016-11-14,14.28703704,12.6104,14.0868
"3805",320,2016-11-15,14.21014286,12.5768,14.0586
"3806",321,2016-11-16,13.49727586,12.5439,14.0309
"3807",322,2016-11-17,13.09309677,12.5122,14.0034
"3808",323,2016-11-18,12.91624138,12.4813,13.9821
"3809",324,2016-11-19,13.27048,12.4506,13.9631
"3810",325,2016-11-20,13.63318182,12.4204,13.9447
"3811",326,2016-11-21,13.39730769,12.3909,13.9268
"3812",327,2016-11-22,13.2554,12.3625,13.9083
"3813",328,2016-11-23,13.51333333,12.3347,13.8886
"3814",329,2016-11-24,13.6735,12.3086,13.8657
"3815",330,2016-11-25,13.63070588,12.2841,13.8425
"3816",331,2016-11-26,13.461,12.2606,13.8196
"3817",332,2016-11-27,13.373,12.2387,13.7982
"3818",333,2016-11-28,13.21033333,12.2186,13.7796
"3819",334,2016-11-29,12.8875,12.1998,13.7609
"3820",335,2016-11-30,12.99877778,12.1819,13.7447
"3821",336,2016-12-01,12.60588889,12.1643,13.7332
"3822",337,2016-12-02,12.58329412,12.1471,13.7208
"3823",338,2016-12-03,12.24006667,12.1296,13.6985
"3824",339,2016-12-04,12.402,12.1108,13.6782
"3825",340,2016-12-05,12.14,12.0908,13.6563
"3826",341,2016-12-06,11.2118,12.0705,13.6319
"3827",342,2016-12-07,10.80784615,12.0493,13.6071
"3828",343,2016-12-08,10.642875,12.0272,13.5782
"3829",344,2016-12-09,11.21861111,12.0045,13.546
"3830",345,2016-12-10,11.66155,11.9809,13.5111
"3831",346,2016-12-11,11.46646154,11.9568,13.4717
"3832",347,2016-12-12,11.43076667,11.9317,13.4315
"3833",348,2016-12-13,11.66585714,11.9058,13.3893
"3834",349,2016-12-14,11.7725,11.88,13.3423
"3835",350,2016-12-15,11.88762069,11.8554,13.2936
"3836",351,2016-12-16,11.8279375,11.8315,13.244
"3837",352,2016-12-17,11.27516667,11.8077,13.1951
"3838",353,2016-12-18,11.22466667,11.7842,13.1469
"3839",354,2016-12-19,11.09178947,11.7613,13.0996
"3840",355,2016-12-20,11.0974,11.7384,13.0529
"3841",356,2016-12-21,11.2621875,11.7153,13.006
"3842",357,2016-12-22,11.304625,11.692,12.9599
"3843",358,2016-12-23,11.321,11.6684,12.9151
"3844",359,2016-12-24,11.12416667,11.6444,12.8717
"3845",360,2016-12-25,10.70761111,11.6197,12.8318
"3846",361,2016-12-26,10.42205263,11.5943,12.7928
"3847",362,2016-12-27,10.44515789,11.5685,12.754
"3848",363,2016-12-28,10.70278947,11.5427,12.7177
"3849",364,2016-12-29,10.71545,11.5176,12.6824
"3850",365,2016-12-30,10.7276087,11.4932,12.6486
"3851",366,2016-12-31,10.92672,11.47,12.6162
"3852",1,2017-01-01,10.86028,11.4481,12.5855
"3853",2,2017-01-02,10.781125,11.428,12.5603
"3854",3,2017-01-03,10.60925,11.4098,12.5478
"3855",4,2017-01-04,10.61776923,11.3939,12.5378
"3856",5,2017-01-05,10.4688125,11.3805,12.5325
"3857",6,2017-01-06,10.37472222,11.3697,12.5328
"3858",7,2017-01-07,10.10205,11.3617,12.5377
"3859",8,2017-01-08,10.89785714,11.3556,12.547
"3860",9,2017-01-09,11.20059259,11.3513,12.5599
"3861",10,2017-01-10,11.48228125,11.3486,12.5763
"3862",11,2017-01-11,11.71365517,11.3475,12.5971
"3863",12,2017-01-12,11.40616129,11.348,12.6183
"3864",13,2017-01-13,11.25556667,11.3494,12.6406
"3865",14,2017-01-14,11.25370968,11.3523,12.6644
"3866",15,2017-01-15,11.1846129,11.3565,12.6898
"3867",16,2017-01-16,11.29703704,11.3614,12.715
"3868",17,2017-01-17,11.27144444,11.3669,12.7391
"3869",18,2017-01-18,11.11366667,11.3733,12.7586
"3870",19,2017-01-19,11.4049375,11.3807,12.7704
"3871",20,2017-01-20,11.519125,11.3887,12.7815
"3872",21,2017-01-21,11.44033333,11.3973,12.7927
"3873",22,2017-01-22,11.50505556,11.4064,12.8031
"3874",23,2017-01-23,11.34568421,11.4166,12.8193
"3875",24,2017-01-24,11.53652632,11.4282,12.8361
"3876",25,2017-01-25,11.24715,11.4408,12.852
"3877",26,2017-01-26,11.51379167,11.4538,12.8678
"3878",27,2017-01-27,11.66168,11.4675,12.8837
"3879",28,2017-01-28,11.45684615,11.482,12.8989
"3880",29,2017-01-29,11.42759259,11.4961,12.9135
"3881",30,2017-01-30,11.48081481,11.5088,12.9264
"3882",31,2017-01-31,11.44837037,11.5201,12.9381
"3883",32,2017-02-01,11.37095652,11.5299,12.9482
"3884",33,2017-02-02,11.503625,11.5379,12.955
"3885",34,2017-02-03,11.90561111,11.5436,12.9609
"3886",35,2017-02-04,12.05494737,11.5467,12.9687
"3887",36,2017-02-05,12.26635,11.5475,12.9745
"3888",37,2017-02-06,12.25133333,11.546,12.9782
"3889",38,2017-02-07,12.52689286,11.5416,12.9776
"3890",39,2017-02-08,12.5884375,11.5344,12.9717
"3891",40,2017-02-09,12.55053333,11.5249,12.9648
"3892",41,2017-02-10,12.51343333,11.5145,12.9573
"3893",42,2017-02-11,12.33446667,11.5038,12.9502
"3894",43,2017-02-12,12.36939286,11.4934,12.9431
"3895",44,2017-02-13,12.36166667,11.4835,12.937
"3896",45,2017-02-14,12.76670833,11.4749,12.9303
"3897",46,2017-02-15,12.7525,11.4672,12.9236
"3898",47,2017-02-16,12.77671429,11.4604,12.9174
"3899",48,2017-02-17,13.08464286,11.4545,12.9116
"3900",49,2017-02-18,13.024,11.4492,12.909
"3901",50,2017-02-19,12.297,11.4441,12.9133
"3902",51,2017-02-20,12.72206667,11.4396,12.9192
"3903",52,2017-02-21,12.6950625,11.4353,12.923
"3904",53,2017-02-22,12.65282353,11.4314,12.9253
"3905",54,2017-02-23,12.06177273,11.4271,12.9184
"3906",55,2017-02-24,12.23340741,11.4224,12.913
"3907",56,2017-02-25,12.01130769,11.4172,12.9117
"3908",57,2017-02-26,11.84257143,11.4119,12.9058
"3909",58,2017-02-27,11.96139286,11.4057,12.8975
"3910",59,2017-02-28,12.11877778,11.3989,12.8879
"3911",61,2017-03-01,12.22652,11.388,12.8819
"3912",62,2017-03-02,12.19004762,11.3845,12.8797
"3913",63,2017-03-03,11.84238889,11.3813,12.8782
"3914",64,2017-03-04,11.67911111,11.3781,12.8786
"3915",65,2017-03-05,11.67788889,11.3754,12.8788
"3916",66,2017-03-06,11.08055556,11.3728,12.8726
"3917",67,2017-03-07,11.56317391,11.3694,12.8623
"3918",68,2017-03-08,11.68866667,11.3657,12.8511
"3919",69,2017-03-09,11.73213333,11.3626,12.8393
"3920",70,2017-03-10,11.46810345,11.3598,12.8267
"3921",71,2017-03-11,11.75340741,11.3566,12.813
"3922",72,2017-03-12,11.51934615,11.3519,12.7957
"3923",73,2017-03-13,11.55230769,11.345,12.7744
"3924",74,2017-03-14,11.9386087,11.3361,12.7527
"3925",75,2017-03-15,11.85294118,11.3247,12.7305
"3926",76,2017-03-16,12.11545455,11.3102,12.7071
"3927",77,2017-03-17,12.16330769,11.2934,12.6817
"3928",78,2017-03-18,12.31166667,11.2742,12.6551
"3929",79,2017-03-19,12.9967,11.2522,12.6263
"3930",80,2017-03-20,13.422,11.2278,12.5959
"3931",81,2017-03-21,13.24671429,11.2019,12.5632
"3932",82,2017-03-22,12.64066667,11.1751,12.53
"3933",83,2017-03-23,12.10909091,11.1472,12.4969
"3934",84,2017-03-24,12.851,11.1182,12.4636
"3935",85,2017-03-25,12.93847826,11.0883,12.4351
"3936",86,2017-03-26,12.84003846,11.0569,12.4019
"3937",87,2017-03-27,12.48792,11.0241,12.3611
"3938",88,2017-03-28,11.99872,10.9915,12.327
"3939",89,2017-03-29,11.32034615,10.9601,12.2967
"3940",90,2017-03-30,10.77095652,10.9301,12.2688
"3941",91,2017-03-31,10.12416667,10.9002,12.2359
"3942",92,2017-04-01,9.640533333,10.8702,12.2038
"3943",93,2017-04-02,9.723705882,10.8403,12.1692
"3944",94,2017-04-03,9.6816875,10.8117,12.1345
"3945",95,2017-04-04,9.497833333,10.7841,12.0987
"3946",96,2017-04-05,10.61642857,10.7582,12.0607
"3947",97,2017-04-06,10.34795652,10.7355,12.0286
"3948",98,2017-04-07,10.54364,10.7157,12.0027
"3949",99,2017-04-08,10.86296,10.6959,11.9777
"3950",100,2017-04-09,11.25986957,10.6749,11.947
"3951",101,2017-04-10,11.42214286,10.6525,11.9174
"3952",102,2017-04-11,11.54561111,10.6309,11.893
"3953",103,2017-04-12,11.85766667,10.6093,11.8635
"3954",104,2017-04-13,11.78925,10.5877,11.8361
"3955",105,2017-04-14,11.54863636,10.5669,11.8122
"3956",106,2017-04-15,10.81766667,10.5493,11.7948
"3957",107,2017-04-16,11.0655,10.5337,11.7827
"3958",108,2017-04-17,11.75483333,10.5184,11.7727
"3959",109,2017-04-18,NA,10.5035,11.7606
"3960",110,2017-04-19,NA,10.4912,11.7534
"3961",111,2017-04-20,NA,10.4818,11.7511
"3962",112,2017-04-21,12.74683333,10.475,11.7522
"3963",113,2017-04-22,11.69918182,10.4693,11.7501
"3964",114,2017-04-23,10.80215,10.4655,11.7558
"3965",115,2017-04-24,10.22204348,10.4647,11.7669
"3966",116,2017-04-25,10.14958333,10.4651,11.7753
"3967",117,2017-04-26,10.46404348,10.4654,11.7852
"3968",118,2017-04-27,10.35354167,10.4667,11.7949
"3969",119,2017-04-28,9.682608696,10.4684,11.7924
"3970",120,2017-04-29,9.5444,10.4705,11.7882
"3971",121,2017-04-30,9.4678,10.4708,11.7802
"3972",122,2017-05-01,9.342421053,10.4711,11.7704
"3973",123,2017-05-02,9.5323,10.4719,11.7589
"3974",124,2017-05-03,10.4961875,10.4734,11.7509
"3975",125,2017-05-04,11.862,10.4739,11.743
"3976",126,2017-05-05,10.80023077,10.4735,11.735
"3977",127,2017-05-06,9.468428571,10.4723,11.7243
"3978",128,2017-05-07,9.085428571,10.4711,11.7163
"3979",129,2017-05-08,10.30978571,10.4704,11.7097
"3980",130,2017-05-09,10.2368,10.4715,11.7039
"3981",131,2017-05-10,10.42769231,10.476,11.7109
"3982",132,2017-05-11,10.73607692,10.485,11.7244
"3983",133,2017-05-12,10.71907692,10.4959,11.7372
"3984",134,2017-05-13,10.37818182,10.5093,11.7616
"3985",135,2017-05-14,10.146,10.5257,11.7886
"3986",136,2017-05-15,9.853888889,10.5464,11.8221
"3987",137,2017-05-16,9.2335,10.57,11.8582
"3988",138,2017-05-17,NA,10.5966,11.8927
"3989",139,2017-05-18,NA,10.6267,11.9335
"3990",140,2017-05-19,10.255,10.6595,11.9903
"3991",141,2017-05-20,10.51163636,10.6951,12.0462
"3992",142,2017-05-21,10.57721429,10.7313,12.1037
"3993",143,2017-05-22,12.22876471,10.7673,12.165
"3994",144,2017-05-23,12.50694444,10.8035,12.2283
"3995",145,2017-05-24,12.38290909,10.8373,12.2857
"3996",146,2017-05-25,13.38956522,10.8685,12.3476
"3997",147,2017-05-26,13.23145833,10.8963,12.4095
"3998",148,2017-05-27,13.76408333,10.9208,12.463
"3999",149,2017-05-28,13.00030435,10.942,12.5125
"4000",150,2017-05-29,10.75295455,10.9593,12.5669
"4001",151,2017-05-30,10.45953846,10.9732,12.614
"4002",152,2017-05-31,9.590545455,10.9848,12.6376
"4003",153,2017-06-01,10.99523077,10.9944,12.6574
"4004",154,2017-06-02,9.681642857,11.0024,12.6744
"4005",155,2017-06-03,9.914733333,11.0087,12.6859
"4006",156,2017-06-04,9.542875,11.0174,12.7041
"4007",157,2017-06-05,9.5321875,11.0284,12.7258
"4008",158,2017-06-06,10.10725,11.043,12.7591
"4009",159,2017-06-07,10.40382353,11.0601,12.8048
"4010",160,2017-06-08,11.07341176,11.08,12.8501
"4011",161,2017-06-09,11.53671429,11.1033,12.9096
"4012",162,2017-06-10,11.73257143,11.1287,12.9725
"4013",163,2017-06-11,10.91169231,11.156,13.0365
"4014",164,2017-06-12,10.08091667,11.1854,13.1037
"4015",165,2017-06-13,9.539111111,11.2177,13.1688
"4016",166,2017-06-14,9.7088,11.254,13.2363
"4017",167,2017-06-15,9.865375,11.2897,13.2946
"4018",168,2017-06-16,9.9498,11.3238,13.3444
"4019",169,2017-06-17,9.825615385,11.3557,13.3921
"4020",170,2017-06-18,11.13075,11.3868,13.441
"4021",171,2017-06-19,11.22388889,11.4175,13.4788
"4022",172,2017-06-20,11.0497,11.4467,13.519
"4023",173,2017-06-21,12.35952381,11.4758,13.5571
"4024",174,2017-06-22,13.56242857,11.5053,13.5935
"4025",175,2017-06-23,13.71372,11.5357,13.6317
"4026",176,2017-06-24,14.35255556,11.568,13.6685
"4027",177,2017-06-25,13.99044444,11.6018,13.693
"4028",178,2017-06-26,14.15888462,11.6405,13.7175
"4029",179,2017-06-27,12.41672,11.6866,13.7523
"4030",180,2017-06-28,12.02257692,11.7397,13.796
"4031",181,2017-06-29,11.83128,11.798,13.85
"4032",182,2017-06-30,10.94106667,11.8608,13.9162
"4033",183,2017-07-01,10.08952941,11.9269,14.0073
"4034",184,2017-07-02,10.62670588,11.9964,14.1033
"4035",185,2017-07-03,11.67094444,12.068,14.2047
"4036",186,2017-07-04,12.95455556,12.1421,14.3146
"4037",187,2017-07-05,12.98021053,12.2164,14.4197
"4038",188,2017-07-06,12.18857895,12.2908,14.5335
"4039",189,2017-07-07,10.68594737,12.3636,14.645
"4040",190,2017-07-08,9.709176471,12.4341,14.7415
"4041",191,2017-07-09,10.2925625,12.5026,14.8385
"4042",192,2017-07-10,10.1912,12.571,14.9216
"4043",193,2017-07-11,11.07673684,12.6384,14.9951
"4044",194,2017-07-12,11.89610526,12.705,15.0645
"4045",195,2017-07-13,12.4403,12.7701,15.121
"4046",196,2017-07-14,13.03063636,12.8333,15.1749
"4047",197,2017-07-15,14.06046667,12.8931,15.2321
"4048",198,2017-07-16,11.40711765,12.9516,15.2889
"4049",199,2017-07-17,10.56510526,13.0095,15.3413
"4050",200,2017-07-18,10.17680952,13.0657,15.39
"4051",201,2017-07-19,10.23509524,13.118,15.4299
"4052",202,2017-07-20,10.04031818,13.1652,15.4641
"4053",203,2017-07-21,9.840148148,13.2065,15.4875
"4054",204,2017-07-22,10.52173333,13.2432,15.5058
"4055",205,2017-07-23,12.0613,13.2771,15.5193
"4056",206,2017-07-24,12.51235484,13.3082,15.5251
"4057",207,2017-07-25,12.93155172,13.3356,15.5304
"4058",208,2017-07-26,13.20633333,13.3602,15.5352
"4059",209,2017-07-27,13.52253846,13.381,15.5388
"4060",210,2017-07-28,13.09976,13.3971,15.5397
"4061",211,2017-07-29,14.247875,13.4102,15.5402
"4062",212,2017-07-30,14.01176471,13.4235,15.5371
"4063",213,2017-07-31,14.322,13.4377,15.5296
"4064",214,2017-08-01,15.297,13.4548,15.5268
"4065",215,2017-08-02,15.69736842,13.4728,15.5313
"4066",216,2017-08-03,15.33447368,13.4916,15.5407
"4067",217,2017-08-04,15.025,13.511,15.5527
"4068",218,2017-08-05,14.58826316,13.5324,15.5673
"4069",219,2017-08-06,14.34618182,13.5558,15.5738
"4070",220,2017-08-07,13.98926087,13.5799,15.5761
"4071",221,2017-08-08,13.89954167,13.6039,15.5761
"4072",222,2017-08-09,13.68311538,13.6259,15.5751
"4073",223,2017-08-10,13.13676,13.6417,15.5686
"4074",224,2017-08-11,13.38004167,13.6512,15.5588
"4075",225,2017-08-12,11.63056,13.6545,15.5488
"4076",226,2017-08-13,12.4665,13.6537,15.5402
"4077",227,2017-08-14,11.61184211,13.6486,15.5264
"4078",228,2017-08-15,12.18515,13.6395,15.4995
"4079",229,2017-08-16,13.10638095,13.6255,15.4725
"4080",230,2017-08-17,13.5835,13.6076,15.4564
"4081",231,2017-08-18,13.87348148,13.588,15.4436
"4082",232,2017-08-19,13.8696875,13.5688,15.4323
"4083",233,2017-08-20,14.25796875,13.5526,15.4266
"4084",234,2017-08-21,14.77126667,13.5434,15.4321
"4085",235,2017-08-22,15.30693333,13.5405,15.4439
"4086",236,2017-08-23,15.25923333,13.5419,15.4601
"4087",237,2017-08-24,14.33451852,13.5468,15.487
"4088",238,2017-08-25,14.10380769,13.5574,15.5217
"4089",239,2017-08-26,14.27404545,13.5706,15.5613
"4090",240,2017-08-27,14.5242,13.5869,15.6021
"4091",241,2017-08-28,13.27593333,13.6043,15.6428
"4092",242,2017-08-29,14.28466667,13.6212,15.6772
"4093",243,2017-08-30,12.12873333,13.6368,15.7163
"4094",244,2017-08-31,12.7340625,13.6495,15.76
"4095",245,2017-09-01,13.42223529,13.6575,15.8041
"4096",246,2017-09-02,14.46970588,13.6602,15.8234
"4097",247,2017-09-03,14.69004348,13.6583,15.8279
"4098",248,2017-09-04,14.70559259,13.6517,15.8204
"4099",249,2017-09-05,15.83911538,13.6386,15.8019
"4100",250,2017-09-06,16.16607692,13.6213,15.7813
"4101",251,2017-09-07,16.12855556,13.6001,15.7582
"4102",252,2017-09-08,15.98455556,13.5776,15.7323
"4103",253,2017-09-09,15.70284615,13.5547,15.6998
"4104",254,2017-09-10,16.24159259,13.5335,15.6674
"4105",255,2017-09-11,17.18905556,13.5149,15.6355
"4106",256,2017-09-12,17.927,13.4999,15.6067
"4107",257,2017-09-13,17.45284211,13.4872,15.5835
"4108",258,2017-09-14,17.25231579,13.4773,15.5671
"4109",259,2017-09-15,14.77157692,13.4698,15.5579
"4110",260,2017-09-16,15.5935,13.4654,15.5496
"4111",261,2017-09-17,14.7901,13.4634,15.5361
"4112",262,2017-09-18,12.9535,13.4634,15.5229
"4113",263,2017-09-19,12.79878571,13.4646,15.5108
"4114",264,2017-09-20,12.73014815,13.4651,15.4968
"4115",265,2017-09-21,12.38273077,13.4619,15.4785
"4116",266,2017-09-22,11.90095833,13.4538,15.4595
"4117",267,2017-09-23,12.92595833,13.4421,15.435
"4118",268,2017-09-24,13.5808,13.4283,15.4088
"4119",269,2017-09-25,13.76714286,13.412,15.3766
"4120",270,2017-09-26,14.43525,13.3948,15.3444
"4121",271,2017-09-27,14.3157,13.3756,15.3122
"4122",272,2017-09-28,14.340375,13.3566,15.2819
"4123",273,2017-09-29,13.79666667,13.3382,15.259
"4124",274,2017-09-30,11.84490909,13.3197,15.2302
"4125",275,2017-10-01,11.58645,13.3016,15.1969
"4126",276,2017-10-02,11.47143478,13.2856,15.1607
"4127",277,2017-10-03,11.35981481,13.2732,15.1441
"4128",278,2017-10-04,11.87660714,13.263,15.1336
"4129",279,2017-10-05,12.38173077,13.2556,15.1285
"4130",280,2017-10-06,12.49311111,13.2518,15.1304
"4131",281,2017-10-07,12.64569231,13.2491,15.1328
"4132",282,2017-10-08,11.63537037,13.2475,15.1388
"4133",283,2017-10-09,11.98222222,13.2443,15.1459
"4134",284,2017-10-10,12.48068182,13.2405,15.1561
"4135",285,2017-10-11,12.47235294,13.2368,15.1698
"4136",286,2017-10-12,11.77373684,13.2338,15.1829
"4137",287,2017-10-13,11.49970833,13.2307,15.1875
"4138",288,2017-10-14,11.67908,13.2274,15.1865
"4139",289,2017-10-15,11.75703571,13.223,15.1791
"4140",290,2017-10-16,11.95446429,13.2177,15.1708
"4141",291,2017-10-17,11.97775862,13.2105,15.1614
"4142",292,2017-10-18,11.80907143,13.2016,15.1444
"4143",293,2017-10-19,12.089,13.1923,15.125
"4144",294,2017-10-20,12.32581818,13.1832,15.104
"4145",295,2017-10-21,12.52735,13.1748,15.0826
"4146",296,2017-10-22,12.8944,13.1665,15.0609
"4147",297,2017-10-23,12.6798,13.1579,15.0365
"4148",298,2017-10-24,13.14761538,13.1483,15.0155
"4149",299,2017-10-25,13.27566667,13.1365,14.9914
"4150",300,2017-10-26,13.497,13.123,14.9668
"4151",301,2017-10-27,NA,13.107,14.9401
"4152",302,2017-10-28,NA,13.0891,14.9106
"4153",303,2017-10-29,12.26057143,13.0699,14.8811
"4154",304,2017-10-30,12.4684,13.0486,14.8474
"4155",305,2017-10-31,11.7775,13.0253,14.8072
"4156",306,2017-11-01,12.16358333,13.0002,14.7626
"4157",307,2017-11-02,12.36592593,12.9735,14.7138
"4158",308,2017-11-03,12.74811111,12.9463,14.6595
"4159",309,2017-11-04,12.84144,12.9187,14.6041
"4160",310,2017-11-05,12.49726923,12.8896,14.5476
"4161",311,2017-11-06,12.84475,12.859,14.4909
"4162",312,2017-11-07,12.79317241,12.8278,14.4347
"4163",313,2017-11-08,12.714,12.7966,14.3773
"4164",314,2017-11-09,13.40584615,12.7661,14.3216
"4165",315,2017-11-10,13.79017391,12.7355,14.267
"4166",316,2017-11-11,13.8172,12.7054,14.2135
"4167",317,2017-11-12,13.75442105,12.675,14.1634
"4168",318,2017-11-13,13.666,12.6437,14.1223
"4169",319,2017-11-14,13.3746,12.6104,14.0868
"4170",320,2017-11-15,13.35954545,12.5768,14.0586
"4171",321,2017-11-16,13.47736364,12.5439,14.0309
"4172",322,2017-11-17,13.2885,12.5122,14.0034
"4173",323,2017-11-18,13.02255556,12.4813,13.9821
"4174",324,2017-11-19,13.04555556,12.4506,13.9631
"4175",325,2017-11-20,13.19770588,12.4204,13.9447
"4176",326,2017-11-21,13.3891875,12.3909,13.9268
"4177",327,2017-11-22,13.40457143,12.3625,13.9083
"4178",328,2017-11-23,13.57218182,12.3347,13.8886
"4179",329,2017-11-24,13.546,12.3086,13.8657
"4180",330,2017-11-25,NA,12.2841,13.8425
"4181",331,2017-11-26,13.68657143,12.2606,13.8196
"4182",332,2017-11-27,13.82309091,12.2387,13.7982
"4183",333,2017-11-28,13.35471429,12.2186,13.7796
"4184",334,2017-11-29,13.57423529,12.1998,13.7609
"4185",335,2017-11-30,13.66466667,12.1819,13.7447
"4186",336,2017-12-01,13.43956,12.1643,13.7332
"4187",337,2017-12-02,13.28586207,12.1471,13.7208
"4188",338,2017-12-03,12.69714815,12.1296,13.6985
"4189",339,2017-12-04,11.99171429,12.1108,13.6782
"4190",340,2017-12-05,11.76426667,12.0908,13.6563
"4191",341,2017-12-06,11.92696875,12.0705,13.6319
"4192",342,2017-12-07,11.95503226,12.0493,13.6071
"4193",343,2017-12-08,12.13940741,12.0272,13.5782
"4194",344,2017-12-09,11.95959091,12.0045,13.546
"4195",345,2017-12-10,12.14513333,11.9809,13.5111
"4196",346,2017-12-11,12.19641176,11.9568,13.4717
"4197",347,2017-12-12,12.62866667,11.9317,13.4315
"4198",348,2017-12-13,12.51466667,11.9058,13.3893
"4199",349,2017-12-14,13.08057895,11.88,13.3423
"4200",350,2017-12-15,13.12489474,11.8554,13.2936
"4201",351,2017-12-16,12.59573684,11.8315,13.244
"4202",352,2017-12-17,11.82378947,11.8077,13.1951
"4203",353,2017-12-18,11.95784211,11.7842,13.1469
"4204",354,2017-12-19,11.783,11.7613,13.0996
"4205",355,2017-12-20,12.05670588,11.7384,13.0529
"4206",356,2017-12-21,11.6510625,11.7153,13.006
"4207",357,2017-12-22,11.39417647,11.692,12.9599
"4208",358,2017-12-23,11.72153333,11.6684,12.9151
"4209",359,2017-12-24,11.67522222,11.6444,12.8717
"4210",360,2017-12-25,11.698,11.6197,12.8318
"4211",361,2017-12-26,11.66033333,11.5943,12.7928
"4212",362,2017-12-27,11.53882353,11.5685,12.754
"4213",363,2017-12-28,12.01494737,11.5427,12.7177
"4214",364,2017-12-29,11.69409524,11.5176,12.6824
"4215",365,2017-12-30,11.51091667,11.4932,12.6486
"4216",366,2017-12-31,11.68734375,11.47,12.6162
"4217",1,2018-01-01,12.18027586,11.4481,12.5855
"4218",2,2018-01-02,12.87283871,11.428,12.5603
"4219",3,2018-01-03,12.58332258,11.4098,12.5478
"4220",4,2018-01-04,12.79375,11.3939,12.5378
"4221",5,2018-01-05,12.98971875,11.3805,12.5325
"4222",6,2018-01-06,12.83251724,11.3697,12.5328
"4223",7,2018-01-07,12.57835,11.3617,12.5377
"4224",8,2018-01-08,12.36435294,11.3556,12.547
"4225",9,2018-01-09,12.38172222,11.3513,12.5599
"4226",10,2018-01-10,12.10089474,11.3486,12.5763
"4227",11,2018-01-11,12.292,11.3475,12.5971
"4228",12,2018-01-12,12.3668,11.348,12.6183
"4229",13,2018-01-13,12.14915789,11.3494,12.6406
"4230",14,2018-01-14,12.0447,11.3523,12.6644
"4231",15,2018-01-15,12.13713043,11.3565,12.6898
"4232",16,2018-01-16,12.19947619,11.3614,12.715
"4233",17,2018-01-17,12.62804348,11.3669,12.7391
"4234",18,2018-01-18,12.8048,11.3733,12.7586
"4235",19,2018-01-19,12.88434615,11.3807,12.7704
"4236",20,2018-01-20,12.60921739,11.3887,12.7815
"4237",21,2018-01-21,12.33319048,11.3973,12.7927
"4238",22,2018-01-22,12.296,11.4064,12.8031
"4239",23,2018-01-23,11.83507143,11.4166,12.8193
"4240",24,2018-01-24,11.8905,11.4282,12.8361
"4241",25,2018-01-25,12.328,11.4408,12.852
"4242",26,2018-01-26,12.0072,11.4538,12.8678
"4243",27,2018-01-27,11.88352381,11.4675,12.8837
"4244",28,2018-01-28,12.03703704,11.482,12.8989
"4245",29,2018-01-29,12.00693939,11.4961,12.9135
"4246",30,2018-01-30,11.98926667,11.5088,12.9264
"4247",31,2018-01-31,11.91259375,11.5201,12.9381
"4248",32,2018-02-01,11.95826667,11.5299,12.9482
"4249",33,2018-02-02,12.12690323,11.5379,12.955
"4250",34,2018-02-03,12.15106452,11.5436,12.9609
"4251",35,2018-02-04,12.48053571,11.5467,12.9687
"4252",36,2018-02-05,12.162,11.5475,12.9745
"4253",37,2018-02-06,11.95158824,11.546,12.9782
"4254",38,2018-02-07,12.16217647,11.5416,12.9776
"4255",39,2018-02-08,12.47664706,11.5344,12.9717
"4256",40,2018-02-09,12.48911111,11.5249,12.9648
"4257",41,2018-02-10,12.22217647,11.5145,12.9573
"4258",42,2018-02-11,11.09272222,11.5038,12.9502
"4259",43,2018-02-12,10.72919048,11.4934,12.9431
"4260",44,2018-02-13,10.69425,11.4835,12.937
"4261",45,2018-02-14,10.79620833,11.4749,12.9303
"4262",46,2018-02-15,10.59582609,11.4672,12.9236
"4263",47,2018-02-16,10.60734615,11.4604,12.9174
"4264",48,2018-02-17,10.80144,11.4545,12.9116
"4265",49,2018-02-18,10.90208333,11.4492,12.909
"4266",50,2018-02-19,10.17804762,11.4441,12.9133
"4267",51,2018-02-20,9.722142857,11.4396,12.9192
"4268",52,2018-02-21,9.794866667,11.4353,12.923
"4269",53,2018-02-22,9.828,11.4314,12.9253
"4270",54,2018-02-23,9.303333333,11.4271,12.9184
"4271",55,2018-02-24,9.344052632,11.4224,12.913
"4272",56,2018-02-25,9.3561,11.4172,12.9117
"4273",57,2018-02-26,9.611137931,11.4119,12.9058
"4274",58,2018-02-27,9.200032258,11.4057,12.8975
"4275",59,2018-02-28,9.482833333,11.3989,12.8879
"4276",61,2018-03-01,9.8039,11.388,12.8819
"4277",62,2018-03-02,9.782862069,11.3845,12.8797
"4278",63,2018-03-03,9.831103448,11.3813,12.8782
"4279",64,2018-03-04,10.00125926,11.3781,12.8786
"4280",65,2018-03-05,10.51872727,11.3754,12.8788
"4281",66,2018-03-06,10.36625,11.3728,12.8726
"4282",67,2018-03-07,10.56366667,11.3694,12.8623
"4283",68,2018-03-08,11.09528571,11.3657,12.8511
"4284",69,2018-03-09,11.27453846,11.3626,12.8393
"4285",70,2018-03-10,11.26875,11.3598,12.8267
"4286",71,2018-03-11,11.4795,11.3566,12.813
"4287",72,2018-03-12,11.70261538,11.3519,12.7957
"4288",73,2018-03-13,12.14652941,11.345,12.7744
"4289",74,2018-03-14,11.80947619,11.3361,12.7527
"4290",75,2018-03-15,11.845625,11.3247,12.7305
"4291",76,2018-03-16,11.85569565,11.3102,12.7071
"4292",77,2018-03-17,11.76475,11.2934,12.6817
"4293",78,2018-03-18,11.93454167,11.2742,12.6551
"4294",79,2018-03-19,12.09163636,11.2522,12.6263
"4295",80,2018-03-20,11.90311111,11.2278,12.5959
"4296",81,2018-03-21,11.79871429,11.2019,12.5632
"4297",82,2018-03-22,12.195,11.1751,12.53
"4298",83,2018-03-23,11.34994118,11.1472,12.4969
"4299",84,2018-03-24,11.84588235,11.1182,12.4636
"4300",85,2018-03-25,11.79975,11.0883,12.4351
"4301",86,2018-03-26,11.1063913,11.0569,12.4019
"4302",87,2018-03-27,10.74703704,11.0241,12.3611
"4303",88,2018-03-28,10.86860714,10.9915,12.327
"4304",89,2018-03-29,12.17710345,10.9601,12.2967
"4305",90,2018-03-30,12.30357692,10.9301,12.2688
"4306",91,2018-03-31,11.88057692,10.9002,12.2359
"4307",92,2018-04-01,11.99608333,10.8702,12.2038
"4308",93,2018-04-02,10.95090909,10.8403,12.1692
"4309",94,2018-04-03,10.28516667,10.8117,12.1345
"4310",95,2018-04-04,10.64736364,10.7841,12.0987
"4311",96,2018-04-05,11.149,10.7582,12.0607
"4312",97,2018-04-06,11.4236,10.7355,12.0286
"4313",98,2018-04-07,11.352,10.7157,12.0027
"4314",99,2018-04-08,NA,10.6959,11.9777
"4315",100,2018-04-09,NA,10.6749,11.947
"4316",101,2018-04-10,NA,10.6525,11.9174
"4317",102,2018-04-11,12.187,10.6309,11.893
"4318",103,2018-04-12,11.65786667,10.6093,11.8635
"4319",104,2018-04-13,11.15973684,10.5877,11.8361
"4320",105,2018-04-14,10.63836364,10.5669,11.8122
"4321",106,2018-04-15,10.25261905,10.5493,11.7948
"4322",107,2018-04-16,10.33657143,10.5337,11.7827
"4323",108,2018-04-17,10.2525,10.5184,11.7727
"4324",109,2018-04-18,10.11066667,10.5035,11.7606
"4325",110,2018-04-19,9.945142857,10.4912,11.7534
"4326",111,2018-04-20,9.456142857,10.4818,11.7511
"4327",112,2018-04-21,9.724875,10.475,11.7522
"4328",113,2018-04-22,9.695714286,10.4693,11.7501
"4329",114,2018-04-23,11.05878947,10.4655,11.7558
"4330",115,2018-04-24,10.99126316,10.4647,11.7669
"4331",116,2018-04-25,11.42390476,10.4651,11.7753
"4332",117,2018-04-26,12.5856087,10.4654,11.7852
"4333",118,2018-04-27,12.78504348,10.4667,11.7949
"4334",119,2018-04-28,12.79147826,10.4684,11.7924
"4335",120,2018-04-29,11.36625,10.4705,11.7882
"4336",121,2018-04-30,10.37413333,10.4708,11.7802
"4337",122,2018-05-01,10.25035714,10.4711,11.7704
"4338",123,2018-05-02,10.32808333,10.4719,11.7589
"4339",124,2018-05-03,10.50063636,10.4734,11.7509
"4340",125,2018-05-04,10.255,10.4739,11.743
"4341",126,2018-05-05,10.32625,10.4735,11.735
"4342",127,2018-05-06,NA,10.4723,11.7243
"4343",128,2018-05-07,NA,10.4711,11.7163
"4344",129,2018-05-08,NA,10.4704,11.7097
"4345",130,2018-05-09,10.907,10.4715,11.7039
"4346",131,2018-05-10,10.3448,10.476,11.7109
"4347",132,2018-05-11,9.624166667,10.485,11.7244
"4348",133,2018-05-12,10.55642857,10.4959,11.7372
"4349",134,2018-05-13,11.108375,10.5093,11.7616
"4350",135,2018-05-14,11.19805882,10.5257,11.7886
"4351",136,2018-05-15,12.162,10.5464,11.8221
"4352",137,2018-05-16,12.49161111,10.57,11.8582
"4353",138,2018-05-17,11.65877778,10.5966,11.8927
"4354",139,2018-05-18,10.7988125,10.6267,11.9335
"4355",140,2018-05-19,10.76194118,10.6595,11.9903
"4356",141,2018-05-20,10.501,10.6951,12.0462
"4357",142,2018-05-21,10.16814286,10.7313,12.1037
"4358",143,2018-05-22,10.1463125,10.7673,12.165
"4359",144,2018-05-23,11.14113333,10.8035,12.2283
"4360",145,2018-05-24,11.71993333,10.8373,12.2857
"4361",146,2018-05-25,12.0876875,10.8685,12.3476
"4362",147,2018-05-26,10.83894118,10.8963,12.4095
"4363",148,2018-05-27,11.27261111,10.9208,12.463
"4364",149,2018-05-28,11.683,10.942,12.5125
"4365",150,2018-05-29,10.76213333,10.9593,12.5669
"4366",151,2018-05-30,10.5488,10.9732,12.614
"4367",152,2018-05-31,10.3395,10.9848,12.6376
"4368",153,2018-06-01,9.937583333,10.9944,12.6574
"4369",154,2018-06-02,9.495333333,11.0024,12.6744
"4370",155,2018-06-03,9.761111111,11.0087,12.6859
"4371",156,2018-06-04,NA,11.0174,12.7041
"4372",157,2018-06-05,NA,11.0284,12.7258
"4373",158,2018-06-06,10.82583333,11.043,12.7591
"4374",159,2018-06-07,10.35145455,11.0601,12.8048
"4375",160,2018-06-08,9.517857143,11.08,12.8501
"4376",161,2018-06-09,10.60535294,11.1033,12.9096
"4377",162,2018-06-10,10.41422222,11.1287,12.9725
"4378",163,2018-06-11,9.90305,11.156,13.0365
"4379",164,2018-06-12,9.557285714,11.1854,13.1037
"4380",165,2018-06-13,9.559666667,11.2177,13.1688
"4381",166,2018-06-14,9.909208333,11.254,13.2363
"4382",167,2018-06-15,10.59783333,11.2897,13.2946
"4383",168,2018-06-16,10.06988889,11.3238,13.3444
