"","doy","t","temp","seas","thresh"
"1",161,2001-06-09,11.74,12.166,13.6107
"2",162,2001-06-10,11.75,12.2042,13.6657
"3",163,2001-06-11,10.84,12.2434,13.723
"4",164,2001-06-12,NA,12.2828,13.7816
"5",165,2001-06-13,NA,12.3224,13.8396
"6",166,2001-06-14,NA,12.3621,13.8969
"7",167,2001-06-15,12.44,12.4026,13.9526
"8",168,2001-06-16,11.36,12.443,14.0085
"9",169,2001-06-17,13.31,12.4823,14.0608
"10",170,2001-06-18,13,12.5207,14.107
"11",171,2001-06-19,12.35,12.5579,14.1478
"12",172,2001-06-20,12.47,12.5956,14.1913
"13",173,2001-06-21,14.23,12.6332,14.2357
"14",174,2001-06-22,12.29,12.6691,14.2764
"15",175,2001-06-23,11.25,12.7047,14.3154
"16",176,2001-06-24,11.71,12.7389,14.3538
"17",177,2001-06-25,11.94,12.7709,14.3876
"18",178,2001-06-26,11.91,12.8006,14.4186
"19",179,2001-06-27,12.49,12.8304,14.4502
"20",180,2001-06-28,13.08,12.8625,14.4885
"21",181,2001-06-29,14.2,12.8958,14.5295
"22",182,2001-06-30,12.79,12.9286,14.5699
"23",183,2001-07-01,13.07,12.9586,14.6066
"24",184,2001-07-02,12.82,12.9869,14.6411
"25",185,2001-07-03,12.77,13.0169,14.6788
"26",186,2001-07-04,13.67,13.0475,14.7196
"27",187,2001-07-05,11.65,13.0787,14.7557
"28",188,2001-07-06,11.54,13.1127,14.7917
"29",189,2001-07-07,11.17,13.1477,14.8293
"30",190,2001-07-08,11.42,13.1825,14.8614
"31",191,2001-07-09,12.88,13.216,14.8889
"32",192,2001-07-10,13.56,13.249,14.9182
"33",193,2001-07-11,14.62,13.283,14.9471
"34",194,2001-07-12,13.28,13.3172,14.9713
"35",195,2001-07-13,13.1,13.3517,14.9946
"36",196,2001-07-14,12.87,13.3831,15.0159
"37",197,2001-07-15,12.18,13.4113,15.033
"38",198,2001-07-16,11.02,13.4382,15.0506
"39",199,2001-07-17,11.4,13.4634,15.0712
"40",200,2001-07-18,11.65,13.4876,15.0933
"41",201,2001-07-19,12.7,13.5114,15.1169
"42",202,2001-07-20,12.88,13.5343,15.1391
"43",203,2001-07-21,11.7,13.5553,15.1582
"44",204,2001-07-22,11.59,13.5754,15.1789
"45",205,2001-07-23,11.12,13.5961,15.1995
"46",206,2001-07-24,13,13.6151,15.2206
"47",207,2001-07-25,14.42,13.6341,15.2421
"48",208,2001-07-26,14.7,13.6541,15.2668
"49",209,2001-07-27,14.52,13.6753,15.2906
"50",210,2001-07-28,13.36,13.6964,15.3108
"51",211,2001-07-29,12.84,13.7166,15.3244
"52",212,2001-07-30,13.47,13.735,15.338
"53",213,2001-07-31,12.8,13.7528,15.3498
"54",214,2001-08-01,11.54,13.7711,15.3616
"55",215,2001-08-02,13.34,13.7891,15.3745
"56",216,2001-08-03,13.17,13.8056,15.3857
"57",217,2001-08-04,13.4,13.8224,15.3976
"58",218,2001-08-05,13,13.8397,15.4148
"59",219,2001-08-06,12.21,13.8559,15.4348
"60",220,2001-08-07,11.63,13.8703,15.4544
"61",221,2001-08-08,11.66,13.8835,15.4746
"62",222,2001-08-09,13.88,13.8965,15.4938
"63",223,2001-08-10,15.52,13.9093,15.5113
"64",224,2001-08-11,14.38,13.9209,15.5274
"65",225,2001-08-12,13.85,13.9302,15.5457
"66",226,2001-08-13,13.89,13.9376,15.5607
"67",227,2001-08-14,14.29,13.9451,15.5736
"68",228,2001-08-15,13.36,13.9525,15.5863
"69",229,2001-08-16,13.08,13.9581,15.597
"70",230,2001-08-17,12.81,13.9626,15.6042
"71",231,2001-08-18,13.44,13.9675,15.611
"72",232,2001-08-19,11.92,13.9728,15.6177
"73",233,2001-08-20,11.92,13.9775,15.6231
"74",234,2001-08-21,12.38,13.9817,15.6257
"75",235,2001-08-22,12.06,13.9853,15.624
"76",236,2001-08-23,11.9,13.989,15.6223
"77",237,2001-08-24,12.49,13.9934,15.6196
"78",238,2001-08-25,12.53,13.9973,15.6158
"79",239,2001-08-26,12.56,14.0008,15.6111
"80",240,2001-08-27,12.3,14.0036,15.6058
"81",241,2001-08-28,12.27,14.0049,15.6035
"82",242,2001-08-29,12.93,14.0037,15.6013
"83",243,2001-08-30,12.41,14.0006,15.5961
"84",244,2001-08-31,14.21,13.9957,15.5893
"85",245,2001-09-01,13.97,13.9898,15.5829
"86",246,2001-09-02,13.42,13.9834,15.5762
"87",247,2001-09-03,13.22,13.9763,15.5691
"88",248,2001-09-04,11.78,13.9671,15.5583
"89",249,2001-09-05,12.58,13.9559,15.5435
"90",250,2001-09-06,11.88,13.9426,15.5255
"91",251,2001-09-07,12.72,13.9286,15.5049
"92",252,2001-09-08,13.95,13.9146,15.4835
"93",253,2001-09-09,13.82,13.9005,15.4622
"94",254,2001-09-10,14.11,13.8856,15.4401
"95",255,2001-09-11,14.22,13.8703,15.4187
"96",256,2001-09-12,14.37,13.8553,15.3979
"97",257,2001-09-13,14.16,13.8391,15.3786
"98",258,2001-09-14,13.7,13.8218,15.3617
"99",259,2001-09-15,13.26,13.8046,15.3445
"100",260,2001-09-16,13.43,13.7878,15.3255
"101",261,2001-09-17,12.95,13.7711,15.3062
"102",262,2001-09-18,12.11,13.754,15.2856
"103",263,2001-09-19,12.14,13.7358,15.2645
"104",264,2001-09-20,12.73,13.7176,15.2487
"105",265,2001-09-21,13.35,13.7,15.2375
"106",266,2001-09-22,13.23,13.6823,15.2289
"107",267,2001-09-23,13.41,13.6632,15.219
"108",268,2001-09-24,13.66,13.6445,15.2082
"109",269,2001-09-25,13.66,13.6261,15.1983
"110",270,2001-09-26,14.03,13.6079,15.1879
"111",271,2001-09-27,12.84,13.5907,15.1795
"112",272,2001-09-28,11.99,13.575,15.1715
"113",273,2001-09-29,11.69,13.5613,15.1649
"114",274,2001-09-30,12.68,13.5499,15.1579
"115",275,2001-10-01,13.57,13.5401,15.153
"116",276,2001-10-02,12.74,13.5305,15.1476
"117",277,2001-10-03,12.38,13.522,15.1442
"118",278,2001-10-04,13.01,13.5145,15.1387
"119",279,2001-10-05,13.23,13.5082,15.1328
"120",280,2001-10-06,12.72,13.5029,15.1192
"121",281,2001-10-07,13.19,13.4976,15.1035
"122",282,2001-10-08,12.9,13.492,15.0888
"123",283,2001-10-09,12.75,13.4854,15.0737
"124",284,2001-10-10,12.97,13.4767,15.0583
"125",285,2001-10-11,12.93,13.4666,15.0452
"126",286,2001-10-12,12.15,13.456,15.0323
"127",287,2001-10-13,12.8,13.4458,15.0204
"128",288,2001-10-14,13.3,13.4366,15.0097
"129",289,2001-10-15,13.5,13.4276,14.9999
"130",290,2001-10-16,13.33,13.4178,14.9899
"131",291,2001-10-17,13.13,13.4074,14.9815
"132",292,2001-10-18,12.82,13.3969,14.9682
"133",293,2001-10-19,12.93,13.3863,14.9528
"134",294,2001-10-20,13.04,13.3764,14.9318
"135",295,2001-10-21,13.17,13.3674,14.9069
"136",296,2001-10-22,12.64,13.3592,14.8809
"137",297,2001-10-23,12.79,13.3516,14.8562
"138",298,2001-10-24,12.29,13.3438,14.8317
"139",299,2001-10-25,11.67,13.3353,14.8057
"140",300,2001-10-26,12.54,13.3265,14.7793
"141",301,2001-10-27,13.01,13.3174,14.7523
"142",302,2001-10-28,13.18,13.308,14.7243
"143",303,2001-10-29,12.93,13.2985,14.7005
"144",304,2001-10-30,13.24,13.2883,14.678
"145",305,2001-10-31,13.1,13.277,14.6572
"146",306,2001-11-01,12.33,13.2649,14.6346
"147",307,2001-11-02,12.35,13.2518,14.612
"148",308,2001-11-03,12.53,13.2377,14.5867
"149",309,2001-11-04,12.89,13.2228,14.5629
"150",310,2001-11-05,13.03,13.2061,14.5389
"151",311,2001-11-06,12.96,13.1882,14.5229
"152",312,2001-11-07,12.58,13.1699,14.5101
"153",313,2001-11-08,12.59,13.151,14.498
"154",314,2001-11-09,12.6,13.1319,14.487
"155",315,2001-11-10,12.84,13.1133,14.4755
"156",316,2001-11-11,13.19,13.0948,14.4647
"157",317,2001-11-12,13.49,13.076,14.4546
"158",318,2001-11-13,13.26,13.0568,14.4424
"159",319,2001-11-14,13.4,13.0369,14.4272
"160",320,2001-11-15,13.44,13.0173,14.416
"161",321,2001-11-16,13.43,12.9997,14.4073
"162",322,2001-11-17,13.59,12.9836,14.3995
"163",323,2001-11-18,13.48,12.9683,14.3976
"164",324,2001-11-19,13.58,12.9537,14.3983
"165",325,2001-11-20,14.01,12.9393,14.4061
"166",326,2001-11-21,14.1,12.9248,14.4184
"167",327,2001-11-22,14.31,12.9102,14.4301
"168",328,2001-11-23,13.68,12.8955,14.4394
"169",329,2001-11-24,13.4,12.8815,14.4471
"170",330,2001-11-25,13.38,12.8679,14.4545
"171",331,2001-11-26,12.79,12.854,14.4594
"172",332,2001-11-27,12.45,12.8393,14.4613
"173",333,2001-11-28,12.78,12.8235,14.4604
"174",334,2001-11-29,13.39,12.807,14.4525
"175",335,2001-11-30,12.97,12.7899,14.4422
"176",336,2001-12-01,12.98,12.7727,14.4294
"177",337,2001-12-02,13.2,12.7554,14.4161
"178",338,2001-12-03,13.34,12.7386,14.4022
"179",339,2001-12-04,13.2,12.722,14.3883
"180",340,2001-12-05,13.07,12.705,14.3737
"181",341,2001-12-06,13.36,12.6882,14.3584
"182",342,2001-12-07,13.1,12.6717,14.3422
"183",343,2001-12-08,12.73,12.6552,14.3255
"184",344,2001-12-09,12.57,12.639,14.3071
"185",345,2001-12-10,11.41,12.6234,14.2867
"186",346,2001-12-11,10.33,12.6082,14.2649
"187",347,2001-12-12,10.58,12.5926,14.2255
"188",348,2001-12-13,10.76,12.5773,14.1812
"189",349,2001-12-14,10.81,12.5619,14.1375
"190",350,2001-12-15,9.76,12.5472,14.0973
"191",351,2001-12-16,9.94,12.5329,14.0531
"192",352,2001-12-17,11.18,12.5182,14.0077
"193",353,2001-12-18,11.18,12.5032,13.9622
"194",354,2001-12-19,11.08,12.4888,13.9168
"195",355,2001-12-20,11.5,12.475,13.8719
"196",356,2001-12-21,NA,12.4615,13.8266
"197",357,2001-12-22,11.2,12.4482,13.7806
"198",358,2001-12-23,11.44,12.4354,13.7381
"199",359,2001-12-24,11.11,12.4226,13.6963
"200",360,2001-12-25,11.26,12.4101,13.6583
"201",361,2001-12-26,11.44,12.3975,13.6238
"202",362,2001-12-27,11.44,12.3852,13.5926
"203",363,2001-12-28,11.44,12.3735,13.5667
"204",364,2001-12-29,11.46,12.3626,13.5453
"205",365,2001-12-30,11.75,12.3522,13.5268
"206",366,2001-12-31,11.55,12.3417,13.5091
"207",1,2002-01-01,11.59,12.3308,13.4914
"208",2,2002-01-02,11.82,12.3201,13.4734
"209",3,2002-01-03,11.88,12.3098,13.4559
"210",4,2002-01-04,11.62,12.2995,13.4385
"211",5,2002-01-05,11.55,12.2896,13.4208
"212",6,2002-01-06,11.75,12.2804,13.4039
"213",7,2002-01-07,11.75,12.2717,13.3872
"214",8,2002-01-08,11.92,12.2639,13.3705
"215",9,2002-01-09,12.06,12.257,13.3548
"216",10,2002-01-10,11.64,12.25,13.3408
"217",11,2002-01-11,11.76,12.2439,13.3285
"218",12,2002-01-12,11.8,12.2394,13.3332
"219",13,2002-01-13,11.79,12.2353,13.343
"220",14,2002-01-14,11.62,12.2318,13.3548
"221",15,2002-01-15,11.4,12.2284,13.3662
"222",16,2002-01-16,11.12,12.2246,13.3772
"223",17,2002-01-17,11.35,12.2207,13.387
"224",18,2002-01-18,11.44,12.2169,13.3952
"225",19,2002-01-19,NA,12.2127,13.402
"226",20,2002-01-20,10.67,12.2078,13.4044
"227",21,2002-01-21,10.82,12.2027,13.4062
"228",22,2002-01-22,10.6,12.1973,13.4068
"229",23,2002-01-23,10.37,12.1913,13.4038
"230",24,2002-01-24,10.2,12.1852,13.3994
"231",25,2002-01-25,10.34,12.1789,13.393
"232",26,2002-01-26,10.67,12.1722,13.3855
"233",27,2002-01-27,10.38,12.1656,13.3781
"234",28,2002-01-28,10.33,12.1589,13.3692
"235",29,2002-01-29,9.99,12.1518,13.3601
"236",30,2002-01-30,9.87,12.1439,13.3508
"237",31,2002-01-31,9.97,12.1357,13.3409
"238",32,2002-02-01,10.32,12.127,13.3314
"239",33,2002-02-02,10.32,12.1174,13.3222
"240",34,2002-02-03,10.23,12.1065,13.3131
"241",35,2002-02-04,10.38,12.0944,13.3051
"242",36,2002-02-05,10.24,12.0818,13.2979
"243",37,2002-02-06,10.37,12.0693,13.2923
"244",38,2002-02-07,10.83,12.0564,13.2882
"245",39,2002-02-08,10.5,12.0428,13.2848
"246",40,2002-02-09,10.32,12.0283,13.2804
"247",41,2002-02-10,10.59,12.0141,13.2761
"248",42,2002-02-11,10.68,11.9996,13.2723
"249",43,2002-02-12,10.75,11.9854,13.2677
"250",44,2002-02-13,10.6,11.972,13.2626
"251",45,2002-02-14,10.6,11.9598,13.257
"252",46,2002-02-15,11.01,11.9491,13.2529
"253",47,2002-02-16,11.22,11.9397,13.2468
"254",48,2002-02-17,10.91,11.9304,13.2402
"255",49,2002-02-18,11.07,11.9211,13.2345
"256",50,2002-02-19,11.22,11.912,13.23
"257",51,2002-02-20,11.22,11.903,13.2294
"258",52,2002-02-21,11.53,11.8942,13.2295
"259",53,2002-02-22,11.36,11.8859,13.2304
"260",54,2002-02-23,11.57,11.8775,13.2309
"261",55,2002-02-24,11.23,11.8683,13.2325
"262",56,2002-02-25,11.26,11.8585,13.2334
"263",57,2002-02-26,11.46,11.8484,13.2329
"264",58,2002-02-27,11.6,11.837,13.2318
"265",59,2002-02-28,11.7,11.8254,13.2311
"266",61,2002-03-01,11.58,11.8028,13.2275
"267",62,2002-03-02,11.64,11.7932,13.2275
"268",63,2002-03-03,11.25,11.784,13.2255
"269",64,2002-03-04,11.58,11.7746,13.2226
"270",65,2002-03-05,11.5,11.7655,13.2192
"271",66,2002-03-06,11.73,11.7568,13.2147
"272",67,2002-03-07,11.84,11.7478,13.2097
"273",68,2002-03-08,10.87,11.7381,13.2028
"274",69,2002-03-09,10.77,11.7288,13.1937
"275",70,2002-03-10,11.14,11.7201,13.1831
"276",71,2002-03-11,11.21,11.7118,13.173
"277",72,2002-03-12,11,11.7035,13.1629
"278",73,2002-03-13,10.66,11.6942,13.1512
"279",74,2002-03-14,10.37,11.6834,13.1378
"280",75,2002-03-15,10.22,11.6714,13.1237
"281",76,2002-03-16,9.88,11.6577,13.1093
"282",77,2002-03-17,9.56,11.6425,13.0896
"283",78,2002-03-18,9.45,11.6262,13.0714
"284",79,2002-03-19,9.6,11.6098,13.0549
"285",80,2002-03-20,9.93,11.5925,13.0392
"286",81,2002-03-21,10.29,11.5741,13.0225
"287",82,2002-03-22,10.37,11.5552,13.0033
"288",83,2002-03-23,10.6,11.5342,12.9807
"289",84,2002-03-24,10.45,11.5116,12.9584
"290",85,2002-03-25,10.14,11.4887,12.9371
"291",86,2002-03-26,10.37,11.4655,12.9158
"292",87,2002-03-27,10.89,11.442,12.8964
"293",88,2002-03-28,10.91,11.4191,12.8769
"294",89,2002-03-29,11.4,11.3968,12.856
"295",90,2002-03-30,11.54,11.3741,12.8345
"296",91,2002-03-31,11.4,11.3516,12.8111
"297",92,2002-04-01,11.35,11.3292,12.7882
"298",93,2002-04-02,11.44,11.3055,12.7621
"299",94,2002-04-03,11.6,11.2827,12.7383
"300",95,2002-04-04,11.84,11.2624,12.7169
"301",96,2002-04-05,11.84,11.2445,12.6968
"302",97,2002-04-06,12.04,11.2288,12.6767
"303",98,2002-04-07,11.07,11.215,12.655
"304",99,2002-04-08,11.22,11.2016,12.633
"305",100,2002-04-09,11.24,11.1888,12.6117
"306",101,2002-04-10,11.58,11.176,12.59
"307",102,2002-04-11,12.38,11.1639,12.5694
"308",103,2002-04-12,11.31,11.1523,12.5498
"309",104,2002-04-13,11.31,11.1429,12.5345
"310",105,2002-04-14,11.54,11.1358,12.5216
"311",106,2002-04-15,11.11,11.1294,12.5089
"312",107,2002-04-16,9.76,11.1236,12.4966
"313",108,2002-04-17,9.4,11.1193,12.4895
"314",109,2002-04-18,9.5,11.1169,12.4855
"315",110,2002-04-19,9.5,11.1167,12.4855
"316",111,2002-04-20,9.5,11.1188,12.4888
"317",112,2002-04-21,9.32,11.1244,12.4971
"318",113,2002-04-22,9.83,11.1317,12.5077
"319",114,2002-04-23,10.64,11.1419,12.5213
"320",115,2002-04-24,10.56,11.1548,12.5352
"321",116,2002-04-25,12,11.1689,12.5496
"322",117,2002-04-26,11.8,11.1862,12.5662
"323",118,2002-04-27,10.46,11.205,12.5835
"324",119,2002-04-28,10.31,11.2245,12.6026
"325",120,2002-04-29,10.71,11.2452,12.6239
"326",121,2002-04-30,10.79,11.2669,12.6461
"327",122,2002-05-01,10.66,11.2882,12.6687
"328",123,2002-05-02,10.71,11.308,12.6901
"329",124,2002-05-03,10.49,11.3284,12.7126
"330",125,2002-05-04,NA,11.3487,12.7347
"331",126,2002-05-05,NA,11.3678,12.755
"332",127,2002-05-06,NA,11.3857,12.774
"333",128,2002-05-07,11.59,11.401,12.7909
"334",129,2002-05-08,10.63,11.4153,12.8054
"335",130,2002-05-09,10.58,11.43,12.8203
"336",131,2002-05-10,10.76,11.4438,12.833
"337",132,2002-05-11,10.24,11.4575,12.8456
"338",133,2002-05-12,10.15,11.4721,12.8573
"339",134,2002-05-13,10.14,11.4891,12.8697
"340",135,2002-05-14,10.46,11.507,12.884
"341",136,2002-05-15,10.29,11.5251,12.9003
"342",137,2002-05-16,9.81,11.5446,12.9172
"343",138,2002-05-17,9.79,11.5658,12.9371
"344",139,2002-05-18,9.97,11.5873,12.9606
"345",140,2002-05-19,9.17,11.6088,12.9846
"346",141,2002-05-20,9.88,11.6292,13.0048
"347",142,2002-05-21,11.43,11.6498,13.0215
"348",143,2002-05-22,12.12,11.6703,13.0392
"349",144,2002-05-23,12.12,11.6911,13.0592
"350",145,2002-05-24,11.7,11.7124,13.0791
"351",146,2002-05-25,11.15,11.7346,13.1022
"352",147,2002-05-26,11.13,11.7574,13.128
"353",148,2002-05-27,11.56,11.7788,13.1517
"354",149,2002-05-28,11.41,11.7996,13.1735
"355",150,2002-05-29,11.6,11.8214,13.1961
"356",151,2002-05-30,11.36,11.8449,13.223
"357",152,2002-05-31,10.61,11.8715,13.2528
"358",153,2002-06-01,12.56,11.9007,13.2855
"359",154,2002-06-02,NA,11.9311,13.3184
"360",155,2002-06-03,NA,11.9623,13.3513
"361",156,2002-06-04,11.15,11.9937,13.3876
"362",157,2002-06-05,11.69,12.0247,13.4238
"363",158,2002-06-06,11.68,12.0566,13.4607
"364",159,2002-06-07,11.23,12.0911,13.5044
"365",160,2002-06-08,11.15,12.1278,13.5579
"366",161,2002-06-09,10.64,12.166,13.6107
"367",162,2002-06-10,10.48,12.2042,13.6657
"368",163,2002-06-11,10.58,12.2434,13.723
"369",164,2002-06-12,10.94,12.2828,13.7816
"370",165,2002-06-13,13.13,12.3224,13.8396
"371",166,2002-06-14,11.11,12.3621,13.8969
"372",167,2002-06-15,11.15,12.4026,13.9526
"373",168,2002-06-16,10.57,12.443,14.0085
"374",169,2002-06-17,11.21,12.4823,14.0608
"375",170,2002-06-18,12.26,12.5207,14.107
"376",171,2002-06-19,12.31,12.5579,14.1478
"377",172,2002-06-20,11.44,12.5956,14.1913
"378",173,2002-06-21,11.18,12.6332,14.2357
"379",174,2002-06-22,9.65,12.6691,14.2764
"380",175,2002-06-23,11.07,12.7047,14.3154
"381",176,2002-06-24,11.39,12.7389,14.3538
"382",177,2002-06-25,9.99,12.7709,14.3876
"383",178,2002-06-26,10.48,12.8006,14.4186
"384",179,2002-06-27,12.08,12.8304,14.4502
"385",180,2002-06-28,10.77,12.8625,14.4885
"386",181,2002-06-29,10.58,12.8958,14.5295
"387",182,2002-06-30,10.69,12.9286,14.5699
"388",183,2002-07-01,13.36,12.9586,14.6066
"389",184,2002-07-02,13.78,12.9869,14.6411
"390",185,2002-07-03,14.56,13.0169,14.6788
"391",186,2002-07-04,13.47,13.0475,14.7196
"392",187,2002-07-05,11.71,13.0787,14.7557
"393",188,2002-07-06,12.29,13.1127,14.7917
"394",189,2002-07-07,12.63,13.1477,14.8293
"395",190,2002-07-08,13.25,13.1825,14.8614
"396",191,2002-07-09,11.98,13.216,14.8889
"397",192,2002-07-10,11.94,13.249,14.9182
"398",193,2002-07-11,11.4,13.283,14.9471
"399",194,2002-07-12,12.17,13.3172,14.9713
"400",195,2002-07-13,14.16,13.3517,14.9946
"401",196,2002-07-14,12.57,13.3831,15.0159
"402",197,2002-07-15,11.43,13.4113,15.033
"403",198,2002-07-16,12.11,13.4382,15.0506
"404",199,2002-07-17,13.11,13.4634,15.0712
"405",200,2002-07-18,13.49,13.4876,15.0933
"406",201,2002-07-19,12.83,13.5114,15.1169
"407",202,2002-07-20,12.29,13.5343,15.1391
"408",203,2002-07-21,12.99,13.5553,15.1582
"409",204,2002-07-22,13.89,13.5754,15.1789
"410",205,2002-07-23,15.29,13.5961,15.1995
"411",206,2002-07-24,13.76,13.6151,15.2206
"412",207,2002-07-25,14.09,13.6341,15.2421
"413",208,2002-07-26,13.29,13.6541,15.2668
"414",209,2002-07-27,12.62,13.6753,15.2906
"415",210,2002-07-28,13.01,13.6964,15.3108
"416",211,2002-07-29,14.05,13.7166,15.3244
"417",212,2002-07-30,13.78,13.735,15.338
"418",213,2002-07-31,13.97,13.7528,15.3498
"419",214,2002-08-01,14.37,13.7711,15.3616
"420",215,2002-08-02,14.49,13.7891,15.3745
"421",216,2002-08-03,14.91,13.8056,15.3857
"422",217,2002-08-04,14.65,13.8224,15.3976
"423",218,2002-08-05,14.68,13.8397,15.4148
"424",219,2002-08-06,13.61,13.8559,15.4348
"425",220,2002-08-07,12.79,13.8703,15.4544
"426",221,2002-08-08,13.05,13.8835,15.4746
"427",222,2002-08-09,13.25,13.8965,15.4938
"428",223,2002-08-10,13.13,13.9093,15.5113
"429",224,2002-08-11,12.93,13.9209,15.5274
"430",225,2002-08-12,13.09,13.9302,15.5457
"431",226,2002-08-13,12.56,13.9376,15.5607
"432",227,2002-08-14,13.07,13.9451,15.5736
"433",228,2002-08-15,13.05,13.9525,15.5863
"434",229,2002-08-16,13.33,13.9581,15.597
"435",230,2002-08-17,13.93,13.9626,15.6042
"436",231,2002-08-18,14.43,13.9675,15.611
"437",232,2002-08-19,12.7,13.9728,15.6177
"438",233,2002-08-20,13.51,13.9775,15.6231
"439",234,2002-08-21,12.99,13.9817,15.6257
"440",235,2002-08-22,12.54,13.9853,15.624
"441",236,2002-08-23,12.78,13.989,15.6223
"442",237,2002-08-24,12.51,13.9934,15.6196
"443",238,2002-08-25,11.94,13.9973,15.6158
"444",239,2002-08-26,11.75,14.0008,15.6111
"445",240,2002-08-27,11.93,14.0036,15.6058
"446",241,2002-08-28,12.43,14.0049,15.6035
"447",242,2002-08-29,13.03,14.0037,15.6013
"448",243,2002-08-30,13.49,14.0006,15.5961
"449",244,2002-08-31,13.15,13.9957,15.5893
"450",245,2002-09-01,13.53,13.9898,15.5829
"451",246,2002-09-02,13.58,13.9834,15.5762
"452",247,2002-09-03,13.61,13.9763,15.5691
"453",248,2002-09-04,13.32,13.9671,15.5583
"454",249,2002-09-05,13.59,13.9559,15.5435
"455",250,2002-09-06,12.39,13.9426,15.5255
"456",251,2002-09-07,12.11,13.9286,15.5049
"457",252,2002-09-08,12.06,13.9146,15.4835
"458",253,2002-09-09,11.69,13.9005,15.4622
"459",254,2002-09-10,12.02,13.8856,15.4401
"460",255,2002-09-11,11.67,13.8703,15.4187
"461",256,2002-09-12,12.81,13.8553,15.3979
"462",257,2002-09-13,13.28,13.8391,15.3786
"463",258,2002-09-14,13.2,13.8218,15.3617
"464",259,2002-09-15,12.95,13.8046,15.3445
"465",260,2002-09-16,13.12,13.7878,15.3255
"466",261,2002-09-17,12.12,13.7711,15.3062
"467",262,2002-09-18,11.98,13.754,15.2856
"468",263,2002-09-19,12.45,13.7358,15.2645
"469",264,2002-09-20,13.38,13.7176,15.2487
"470",265,2002-09-21,13.66,13.7,15.2375
"471",266,2002-09-22,13.5,13.6823,15.2289
"472",267,2002-09-23,12.32,13.6632,15.219
"473",268,2002-09-24,11.58,13.6445,15.2082
"474",269,2002-09-25,11.24,13.6261,15.1983
"475",270,2002-09-26,12.92,13.6079,15.1879
"476",271,2002-09-27,13.34,13.5907,15.1795
"477",272,2002-09-28,13.35,13.575,15.1715
"478",273,2002-09-29,13.83,13.5613,15.1649
"479",274,2002-09-30,13.68,13.5499,15.1579
"480",275,2002-10-01,13.28,13.5401,15.153
"481",276,2002-10-02,12.61,13.5305,15.1476
"482",277,2002-10-03,11.73,13.522,15.1442
"483",278,2002-10-04,12.04,13.5145,15.1387
"484",279,2002-10-05,13.14,13.5082,15.1328
"485",280,2002-10-06,13.03,13.5029,15.1192
"486",281,2002-10-07,12.94,13.4976,15.1035
"487",282,2002-10-08,12.89,13.492,15.0888
"488",283,2002-10-09,13,13.4854,15.0737
"489",284,2002-10-10,13.29,13.4767,15.0583
"490",285,2002-10-11,13.69,13.4666,15.0452
"491",286,2002-10-12,13.3,13.456,15.0323
"492",287,2002-10-13,13.51,13.4458,15.0204
"493",288,2002-10-14,13.08,13.4366,15.0097
"494",289,2002-10-15,12.97,13.4276,14.9999
"495",290,2002-10-16,12.82,13.4178,14.9899
"496",291,2002-10-17,12.98,13.4074,14.9815
"497",292,2002-10-18,13.27,13.3969,14.9682
"498",293,2002-10-19,13.01,13.3863,14.9528
"499",294,2002-10-20,12.99,13.3764,14.9318
"500",295,2002-10-21,13.01,13.3674,14.9069
"501",296,2002-10-22,13.03,13.3592,14.8809
"502",297,2002-10-23,13.11,13.3516,14.8562
"503",298,2002-10-24,12.88,13.3438,14.8317
"504",299,2002-10-25,12.94,13.3353,14.8057
"505",300,2002-10-26,13.19,13.3265,14.7793
"506",301,2002-10-27,12.98,13.3174,14.7523
"507",302,2002-10-28,13.15,13.308,14.7243
"508",303,2002-10-29,13.28,13.2985,14.7005
"509",304,2002-10-30,12.93,13.2883,14.678
"510",305,2002-10-31,12.5,13.277,14.6572
"511",306,2002-11-01,12.33,13.2649,14.6346
"512",307,2002-11-02,12.62,13.2518,14.612
"513",308,2002-11-03,12.54,13.2377,14.5867
"514",309,2002-11-04,12.33,13.2228,14.5629
"515",310,2002-11-05,11.93,13.2061,14.5389
"516",311,2002-11-06,11.89,13.1882,14.5229
"517",312,2002-11-07,12.47,13.1699,14.5101
"518",313,2002-11-08,12.97,13.151,14.498
"519",314,2002-11-09,13.02,13.1319,14.487
"520",315,2002-11-10,13.3,13.1133,14.4755
"521",316,2002-11-11,13.22,13.0948,14.4647
"522",317,2002-11-12,13.04,13.076,14.4546
"523",318,2002-11-13,12.97,13.0568,14.4424
"524",319,2002-11-14,12.49,13.0369,14.4272
"525",320,2002-11-15,12.5,13.0173,14.416
"526",321,2002-11-16,12.66,12.9997,14.4073
"527",322,2002-11-17,12.5,12.9836,14.3995
"528",323,2002-11-18,12.47,12.9683,14.3976
"529",324,2002-11-19,12.6,12.9537,14.3983
"530",325,2002-11-20,12.58,12.9393,14.4061
"531",326,2002-11-21,12.65,12.9248,14.4184
"532",327,2002-11-22,12.74,12.9102,14.4301
"533",328,2002-11-23,12.65,12.8955,14.4394
"534",329,2002-11-24,12.36,12.8815,14.4471
"535",330,2002-11-25,12.47,12.8679,14.4545
"536",331,2002-11-26,12.46,12.854,14.4594
"537",332,2002-11-27,12.26,12.8393,14.4613
"538",333,2002-11-28,12.21,12.8235,14.4604
"539",334,2002-11-29,12.32,12.807,14.4525
"540",335,2002-11-30,12.8,12.7899,14.4422
"541",336,2002-12-01,12.68,12.7727,14.4294
"542",337,2002-12-02,12.49,12.7554,14.4161
"543",338,2002-12-03,12.25,12.7386,14.4022
"544",339,2002-12-04,12.36,12.722,14.3883
"545",340,2002-12-05,12.37,12.705,14.3737
"546",341,2002-12-06,13.12,12.6882,14.3584
"547",342,2002-12-07,12.93,12.6717,14.3422
"548",343,2002-12-08,12.94,12.6552,14.3255
"549",344,2002-12-09,12.52,12.639,14.3071
"550",345,2002-12-10,12.52,12.6234,14.2867
"551",346,2002-12-11,12.52,12.6082,14.2649
"552",347,2002-12-12,12.74,12.5926,14.2255
"553",348,2002-12-13,12.99,12.5773,14.1812
"554",349,2002-12-14,13.46,12.5619,14.1375
"555",350,2002-12-15,13.67,12.5472,14.0973
"556",351,2002-12-16,13.72,12.5329,14.0531
"557",352,2002-12-17,13.61,12.5182,14.0077
"558",353,2002-12-18,13.46,12.5032,13.9622
"559",354,2002-12-19,13.05,12.4888,13.9168
"560",355,2002-12-20,13.08,12.475,13.8719
"561",356,2002-12-21,13.14,12.4615,13.8266
"562",357,2002-12-22,12.89,12.4482,13.7806
"563",358,2002-12-23,12.82,12.4354,13.7381
"564",359,2002-12-24,12.92,12.4226,13.6963
"565",360,2002-12-25,12.68,12.4101,13.6583
"566",361,2002-12-26,12.6,12.3975,13.6238
"567",362,2002-12-27,12.68,12.3852,13.5926
"568",363,2002-12-28,12.83,12.3735,13.5667
"569",364,2002-12-29,12.68,12.3626,13.5453
"570",365,2002-12-30,12.7,12.3522,13.5268
"571",366,2002-12-31,12.7,12.3417,13.5091
"572",1,2003-01-01,12.69,12.3308,13.4914
"573",2,2003-01-02,12.69,12.3201,13.4734
"574",3,2003-01-03,12.6,12.3098,13.4559
"575",4,2003-01-04,12.84,12.2995,13.4385
"576",5,2003-01-05,13.02,12.2896,13.4208
"577",6,2003-01-06,12.95,12.2804,13.4039
"578",7,2003-01-07,13.06,12.2717,13.3872
"579",8,2003-01-08,12.99,12.2639,13.3705
"580",9,2003-01-09,12.99,12.257,13.3548
"581",10,2003-01-10,12.99,12.25,13.3408
"582",11,2003-01-11,12.99,12.2439,13.3285
"583",12,2003-01-12,12.99,12.2394,13.3332
"584",13,2003-01-13,12.99,12.2353,13.343
"585",14,2003-01-14,12.99,12.2318,13.3548
"586",15,2003-01-15,12.83,12.2284,13.3662
"587",16,2003-01-16,12.81,12.2246,13.3772
"588",17,2003-01-17,12.74,12.2207,13.387
"589",18,2003-01-18,12.71,12.2169,13.3952
"590",19,2003-01-19,12.83,12.2127,13.402
"591",20,2003-01-20,12.83,12.2078,13.4044
"592",21,2003-01-21,12.88,12.2027,13.4062
"593",22,2003-01-22,12.99,12.1973,13.4068
"594",23,2003-01-23,12.99,12.1913,13.4038
"595",24,2003-01-24,13.12,12.1852,13.3994
"596",25,2003-01-25,13.14,12.1789,13.393
"597",26,2003-01-26,13.3,12.1722,13.3855
"598",27,2003-01-27,13.2,12.1656,13.3781
"599",28,2003-01-28,12.87,12.1589,13.3692
"600",29,2003-01-29,12.81,12.1518,13.3601
"601",30,2003-01-30,12.86,12.1439,13.3508
"602",31,2003-01-31,13.03,12.1357,13.3409
"603",32,2003-02-01,12.78,12.127,13.3314
"604",33,2003-02-02,11.61,12.1174,13.3222
"605",34,2003-02-03,11.76,12.1065,13.3131
"606",35,2003-02-04,12.15,12.0944,13.3051
"607",36,2003-02-05,12.31,12.0818,13.2979
"608",37,2003-02-06,12.3,12.0693,13.2923
"609",38,2003-02-07,12.19,12.0564,13.2882
"610",39,2003-02-08,12.03,12.0428,13.2848
"611",40,2003-02-09,12.03,12.0283,13.2804
"612",41,2003-02-10,12.03,12.0141,13.2761
"613",42,2003-02-11,12.33,11.9996,13.2723
"614",43,2003-02-12,12.6,11.9854,13.2677
"615",44,2003-02-13,12.97,11.972,13.2626
"616",45,2003-02-14,12.97,11.9598,13.257
"617",46,2003-02-15,12.5,11.9491,13.2529
"618",47,2003-02-16,12.84,11.9397,13.2468
"619",48,2003-02-17,12.71,11.9304,13.2402
"620",49,2003-02-18,12.73,11.9211,13.2345
"621",50,2003-02-19,12.65,11.912,13.23
"622",51,2003-02-20,12.43,11.903,13.2294
"623",52,2003-02-21,12.07,11.8942,13.2295
"624",53,2003-02-22,12.47,11.8859,13.2304
"625",54,2003-02-23,12.59,11.8775,13.2309
"626",55,2003-02-24,12.6,11.8683,13.2325
"627",56,2003-02-25,12.66,11.8585,13.2334
"628",57,2003-02-26,12.34,11.8484,13.2329
"629",58,2003-02-27,12.02,11.837,13.2318
"630",59,2003-02-28,11.95,11.8254,13.2311
"631",61,2003-03-01,12.01,11.8028,13.2275
"632",62,2003-03-02,11.74,11.7932,13.2275
"633",63,2003-03-03,11.98,11.784,13.2255
"634",64,2003-03-04,11.68,11.7746,13.2226
"635",65,2003-03-05,11.87,11.7655,13.2192
"636",66,2003-03-06,11.72,11.7568,13.2147
"637",67,2003-03-07,11.88,11.7478,13.2097
"638",68,2003-03-08,11.43,11.7381,13.2028
"639",69,2003-03-09,11.57,11.7288,13.1937
"640",70,2003-03-10,11.41,11.7201,13.1831
"641",71,2003-03-11,11.26,11.7118,13.173
"642",72,2003-03-12,11.19,11.7035,13.1629
"643",73,2003-03-13,11.42,11.6942,13.1512
"644",74,2003-03-14,12.31,11.6834,13.1378
"645",75,2003-03-15,12.69,11.6714,13.1237
"646",76,2003-03-16,12.24,11.6577,13.1093
"647",77,2003-03-17,12.08,11.6425,13.0896
"648",78,2003-03-18,11.69,11.6262,13.0714
"649",79,2003-03-19,10.98,11.6098,13.0549
"650",80,2003-03-20,11.72,11.5925,13.0392
"651",81,2003-03-21,11.41,11.5741,13.0225
"652",82,2003-03-22,11.03,11.5552,13.0033
"653",83,2003-03-23,11.01,11.5342,12.9807
"654",84,2003-03-24,10.51,11.5116,12.9584
"655",85,2003-03-25,9.97,11.4887,12.9371
"656",86,2003-03-26,10.91,11.4655,12.9158
"657",87,2003-03-27,10.57,11.442,12.8964
"658",88,2003-03-28,9.64,11.4191,12.8769
"659",89,2003-03-29,10.58,11.3968,12.856
"660",90,2003-03-30,11.74,11.3741,12.8345
"661",91,2003-03-31,11.95,11.3516,12.8111
"662",92,2003-04-01,11.45,11.3292,12.7882
"663",93,2003-04-02,10.32,11.3055,12.7621
"664",94,2003-04-03,10.64,11.2827,12.7383
"665",95,2003-04-04,11.23,11.2624,12.7169
"666",96,2003-04-05,10.96,11.2445,12.6968
"667",97,2003-04-06,10.17,11.2288,12.6767
"668",98,2003-04-07,10.38,11.215,12.655
"669",99,2003-04-08,10.41,11.2016,12.633
"670",100,2003-04-09,10.06,11.1888,12.6117
"671",101,2003-04-10,10.1,11.176,12.59
"672",102,2003-04-11,10.86,11.1639,12.5694
"673",103,2003-04-12,10.32,11.1523,12.5498
"674",104,2003-04-13,11.28,11.1429,12.5345
"675",105,2003-04-14,11.88,11.1358,12.5216
"676",106,2003-04-15,11.76,11.1294,12.5089
"677",107,2003-04-16,11.32,11.1236,12.4966
"678",108,2003-04-17,11.96,11.1193,12.4895
"679",109,2003-04-18,11.8,11.1169,12.4855
"680",110,2003-04-19,10.85,11.1167,12.4855
"681",111,2003-04-20,10.9,11.1188,12.4888
"682",112,2003-04-21,10.72,11.1244,12.4971
"683",113,2003-04-22,10.46,11.1317,12.5077
"684",114,2003-04-23,10.32,11.1419,12.5213
"685",115,2003-04-24,10.68,11.1548,12.5352
"686",116,2003-04-25,10.92,11.1689,12.5496
"687",117,2003-04-26,11.43,11.1862,12.5662
"688",118,2003-04-27,11.32,11.205,12.5835
"689",119,2003-04-28,11.66,11.2245,12.6026
"690",120,2003-04-29,12.61,11.2452,12.6239
"691",121,2003-04-30,12.74,11.2669,12.6461
"692",122,2003-05-01,12.59,11.2882,12.6687
"693",123,2003-05-02,12.2,11.308,12.6901
"694",124,2003-05-03,12.37,11.3284,12.7126
"695",125,2003-05-04,12.93,11.3487,12.7347
"696",126,2003-05-05,11.82,11.3678,12.755
"697",127,2003-05-06,11.35,11.3857,12.774
"698",128,2003-05-07,11.32,11.401,12.7909
"699",129,2003-05-08,11.47,11.4153,12.8054
"700",130,2003-05-09,10.35,11.43,12.8203
"701",131,2003-05-10,NA,11.4438,12.833
"702",132,2003-05-11,NA,11.4575,12.8456
"703",133,2003-05-12,11.57,11.4721,12.8573
"704",134,2003-05-13,10.81,11.4891,12.8697
"705",135,2003-05-14,11.03,11.507,12.884
"706",136,2003-05-15,10.87,11.5251,12.9003
"707",137,2003-05-16,10.06,11.5446,12.9172
"708",138,2003-05-17,10.04,11.5658,12.9371
"709",139,2003-05-18,9.57,11.5873,12.9606
"710",140,2003-05-19,9.81,11.6088,12.9846
"711",141,2003-05-20,9.93,11.6292,13.0048
"712",142,2003-05-21,9.89,11.6498,13.0215
"713",143,2003-05-22,9.45,11.6703,13.0392
"714",144,2003-05-23,NA,11.6911,13.0592
"715",145,2003-05-24,11.9,11.7124,13.0791
"716",146,2003-05-25,10.97,11.7346,13.1022
"717",147,2003-05-26,9.67,11.7574,13.128
"718",148,2003-05-27,11.4,11.7788,13.1517
"719",149,2003-05-28,10.98,11.7996,13.1735
"720",150,2003-05-29,9.91,11.8214,13.1961
"721",151,2003-05-30,11.63,11.8449,13.223
"722",152,2003-05-31,10.75,11.8715,13.2528
"723",153,2003-06-01,10.05,11.9007,13.2855
"724",154,2003-06-02,10.09,11.9311,13.3184
"725",155,2003-06-03,10.11,11.9623,13.3513
"726",156,2003-06-04,11.77,11.9937,13.3876
"727",157,2003-06-05,12.27,12.0247,13.4238
"728",158,2003-06-06,12.51,12.0566,13.4607
"729",159,2003-06-07,NA,12.0911,13.5044
"730",160,2003-06-08,12.61,12.1278,13.5579
"731",161,2003-06-09,12.11,12.166,13.6107
"732",162,2003-06-10,11.42,12.2042,13.6657
"733",163,2003-06-11,13.65,12.2434,13.723
"734",164,2003-06-12,12.71,12.2828,13.7816
"735",165,2003-06-13,13.04,12.3224,13.8396
"736",166,2003-06-14,13.2,12.3621,13.8969
"737",167,2003-06-15,12.67,12.4026,13.9526
"738",168,2003-06-16,11.88,12.443,14.0085
"739",169,2003-06-17,12.1,12.4823,14.0608
"740",170,2003-06-18,11.8,12.5207,14.107
"741",171,2003-06-19,11.55,12.5579,14.1478
"742",172,2003-06-20,11.5,12.5956,14.1913
"743",173,2003-06-21,12.68,12.6332,14.2357
"744",174,2003-06-22,12.05,12.6691,14.2764
"745",175,2003-06-23,12.11,12.7047,14.3154
"746",176,2003-06-24,11.94,12.7389,14.3538
"747",177,2003-06-25,11.99,12.7709,14.3876
"748",178,2003-06-26,13.41,12.8006,14.4186
"749",179,2003-06-27,14.35,12.8304,14.4502
"750",180,2003-06-28,14.76,12.8625,14.4885
"751",181,2003-06-29,12.9,12.8958,14.5295
"752",182,2003-06-30,12.4,12.9286,14.5699
"753",183,2003-07-01,12.65,12.9586,14.6066
"754",184,2003-07-02,12.41,12.9869,14.6411
"755",185,2003-07-03,11.48,13.0169,14.6788
"756",186,2003-07-04,11.19,13.0475,14.7196
"757",187,2003-07-05,11.39,13.0787,14.7557
"758",188,2003-07-06,12.74,13.1127,14.7917
"759",189,2003-07-07,12.56,13.1477,14.8293
"760",190,2003-07-08,12.82,13.1825,14.8614
"761",191,2003-07-09,13.06,13.216,14.8889
"762",192,2003-07-10,12.35,13.249,14.9182
"763",193,2003-07-11,13.06,13.283,14.9471
"764",194,2003-07-12,12.18,13.3172,14.9713
"765",195,2003-07-13,12.39,13.3517,14.9946
"766",196,2003-07-14,11.71,13.3831,15.0159
"767",197,2003-07-15,11.36,13.4113,15.033
"768",198,2003-07-16,11.06,13.4382,15.0506
"769",199,2003-07-17,11.16,13.4634,15.0712
"770",200,2003-07-18,11.25,13.4876,15.0933
"771",201,2003-07-19,13.12,13.5114,15.1169
"772",202,2003-07-20,13.56,13.5343,15.1391
"773",203,2003-07-21,13.88,13.5553,15.1582
"774",204,2003-07-22,14.16,13.5754,15.1789
"775",205,2003-07-23,13.97,13.5961,15.1995
"776",206,2003-07-24,13.07,13.6151,15.2206
"777",207,2003-07-25,13.79,13.6341,15.2421
"778",208,2003-07-26,14.25,13.6541,15.2668
"779",209,2003-07-27,14.51,13.6753,15.2906
"780",210,2003-07-28,14.89,13.6964,15.3108
"781",211,2003-07-29,14.29,13.7166,15.3244
"782",212,2003-07-30,13.56,13.735,15.338
"783",213,2003-07-31,14.58,13.7528,15.3498
"784",214,2003-08-01,15.06,13.7711,15.3616
"785",215,2003-08-02,14.94,13.7891,15.3745
"786",216,2003-08-03,14.43,13.8056,15.3857
"787",217,2003-08-04,14.47,13.8224,15.3976
"788",218,2003-08-05,15.14,13.8397,15.4148
"789",219,2003-08-06,15.91,13.8559,15.4348
"790",220,2003-08-07,15.54,13.8703,15.4544
"791",221,2003-08-08,14.65,13.8835,15.4746
"792",222,2003-08-09,14.52,13.8965,15.4938
"793",223,2003-08-10,13.62,13.9093,15.5113
"794",224,2003-08-11,13.83,13.9209,15.5274
"795",225,2003-08-12,12.64,13.9302,15.5457
"796",226,2003-08-13,12.02,13.9376,15.5607
"797",227,2003-08-14,12.28,13.9451,15.5736
"798",228,2003-08-15,12.89,13.9525,15.5863
"799",229,2003-08-16,11.75,13.9581,15.597
"800",230,2003-08-17,12.12,13.9626,15.6042
"801",231,2003-08-18,13.21,13.9675,15.611
"802",232,2003-08-19,12.83,13.9728,15.6177
"803",233,2003-08-20,13.64,13.9775,15.6231
"804",234,2003-08-21,15.34,13.9817,15.6257
"805",235,2003-08-22,16.12,13.9853,15.624
"806",236,2003-08-23,15.04,13.989,15.6223
"807",237,2003-08-24,15.44,13.9934,15.6196
"808",238,2003-08-25,13.53,13.9973,15.6158
"809",239,2003-08-26,14.27,14.0008,15.6111
"810",240,2003-08-27,13.12,14.0036,15.6058
"811",241,2003-08-28,12.73,14.0049,15.6035
"812",242,2003-08-29,12.36,14.0037,15.6013
"813",243,2003-08-30,12.21,14.0006,15.5961
"814",244,2003-08-31,12.21,13.9957,15.5893
"815",245,2003-09-01,12.64,13.9898,15.5829
"816",246,2003-09-02,14.07,13.9834,15.5762
"817",247,2003-09-03,14.04,13.9763,15.5691
"818",248,2003-09-04,14.34,13.9671,15.5583
"819",249,2003-09-05,14.39,13.9559,15.5435
"820",250,2003-09-06,14.3,13.9426,15.5255
"821",251,2003-09-07,14.22,13.9286,15.5049
"822",252,2003-09-08,14.67,13.9146,15.4835
"823",253,2003-09-09,13.13,13.9005,15.4622
"824",254,2003-09-10,13.07,13.8856,15.4401
"825",255,2003-09-11,13,13.8703,15.4187
"826",256,2003-09-12,12.94,13.8553,15.3979
"827",257,2003-09-13,12.99,13.8391,15.3786
"828",258,2003-09-14,14.5,13.8218,15.3617
"829",259,2003-09-15,14.85,13.8046,15.3445
"830",260,2003-09-16,15.41,13.7878,15.3255
"831",261,2003-09-17,13.14,13.7711,15.3062
"832",262,2003-09-18,14.56,13.754,15.2856
"833",263,2003-09-19,14.88,13.7358,15.2645
"834",264,2003-09-20,14.61,13.7176,15.2487
"835",265,2003-09-21,13.58,13.7,15.2375
"836",266,2003-09-22,13.33,13.6823,15.2289
"837",267,2003-09-23,13.36,13.6632,15.219
"838",268,2003-09-24,14.09,13.6445,15.2082
"839",269,2003-09-25,13.92,13.6261,15.1983
"840",270,2003-09-26,14.05,13.6079,15.1879
"841",271,2003-09-27,13.92,13.5907,15.1795
"842",272,2003-09-28,13.45,13.575,15.1715
"843",273,2003-09-29,13.53,13.5613,15.1649
"844",274,2003-09-30,13.33,13.5499,15.1579
"845",275,2003-10-01,13.07,13.5401,15.153
"846",276,2003-10-02,13.04,13.5305,15.1476
"847",277,2003-10-03,11.89,13.522,15.1442
"848",278,2003-10-04,11.78,13.5145,15.1387
"849",279,2003-10-05,12.36,13.5082,15.1328
"850",280,2003-10-06,12.47,13.5029,15.1192
"851",281,2003-10-07,12.01,13.4976,15.1035
"852",282,2003-10-08,12.22,13.492,15.0888
"853",283,2003-10-09,11.64,13.4854,15.0737
"854",284,2003-10-10,11,13.4767,15.0583
"855",285,2003-10-11,10.94,13.4666,15.0452
"856",286,2003-10-12,11.19,13.456,15.0323
"857",287,2003-10-13,11.45,13.4458,15.0204
"858",288,2003-10-14,11.84,13.4366,15.0097
"859",289,2003-10-15,11.3,13.4276,14.9999
"860",290,2003-10-16,12.56,13.4178,14.9899
"861",291,2003-10-17,11.8,13.4074,14.9815
"862",292,2003-10-18,11.97,13.3969,14.9682
"863",293,2003-10-19,11.9,13.3863,14.9528
"864",294,2003-10-20,11.65,13.3764,14.9318
"865",295,2003-10-21,11.34,13.3674,14.9069
"866",296,2003-10-22,11.38,13.3592,14.8809
"867",297,2003-10-23,11.78,13.3516,14.8562
"868",298,2003-10-24,12.12,13.3438,14.8317
"869",299,2003-10-25,12.44,13.3353,14.8057
"870",300,2003-10-26,12.89,13.3265,14.7793
"871",301,2003-10-27,12.83,13.3174,14.7523
"872",302,2003-10-28,13.03,13.308,14.7243
"873",303,2003-10-29,12.66,13.2985,14.7005
"874",304,2003-10-30,12.67,13.2883,14.678
"875",305,2003-10-31,12.06,13.277,14.6572
"876",306,2003-11-01,12.43,13.2649,14.6346
"877",307,2003-11-02,12.52,13.2518,14.612
"878",308,2003-11-03,12.79,13.2377,14.5867
"879",309,2003-11-04,12.57,13.2228,14.5629
"880",310,2003-11-05,12.59,13.2061,14.5389
"881",311,2003-11-06,12.9,13.1882,14.5229
"882",312,2003-11-07,13.29,13.1699,14.5101
"883",313,2003-11-08,13.54,13.151,14.498
"884",314,2003-11-09,13.65,13.1319,14.487
"885",315,2003-11-10,13.77,13.1133,14.4755
"886",316,2003-11-11,13.66,13.0948,14.4647
"887",317,2003-11-12,13.96,13.076,14.4546
"888",318,2003-11-13,14.3,13.0568,14.4424
"889",319,2003-11-14,14.51,13.0369,14.4272
"890",320,2003-11-15,15.1,13.0173,14.416
"891",321,2003-11-16,15.4,12.9997,14.4073
"892",322,2003-11-17,14.69,12.9836,14.3995
"893",323,2003-11-18,14.26,12.9683,14.3976
"894",324,2003-11-19,14.6,12.9537,14.3983
"895",325,2003-11-20,14.5,12.9393,14.4061
"896",326,2003-11-21,12.83,12.9248,14.4184
"897",327,2003-11-22,11.14,12.9102,14.4301
"898",328,2003-11-23,11,12.8955,14.4394
"899",329,2003-11-24,12.19,12.8815,14.4471
"900",330,2003-11-25,11.76,12.8679,14.4545
"901",331,2003-11-26,11.6,12.854,14.4594
"902",332,2003-11-27,11.17,12.8393,14.4613
"903",333,2003-11-28,11.85,12.8235,14.4604
"904",334,2003-11-29,12.09,12.807,14.4525
"905",335,2003-11-30,12.07,12.7899,14.4422
"906",336,2003-12-01,12.12,12.7727,14.4294
"907",337,2003-12-02,12.47,12.7554,14.4161
"908",338,2003-12-03,12.65,12.7386,14.4022
"909",339,2003-12-04,12.71,12.722,14.3883
"910",340,2003-12-05,13.33,12.705,14.3737
"911",341,2003-12-06,13.57,12.6882,14.3584
"912",342,2003-12-07,13.71,12.6717,14.3422
"913",343,2003-12-08,13.06,12.6552,14.3255
"914",344,2003-12-09,12.46,12.639,14.3071
"915",345,2003-12-10,13.03,12.6234,14.2867
"916",346,2003-12-11,12.98,12.6082,14.2649
"917",347,2003-12-12,12.58,12.5926,14.2255
"918",348,2003-12-13,13.04,12.5773,14.1812
"919",349,2003-12-14,13.33,12.5619,14.1375
"920",350,2003-12-15,12.92,12.5472,14.0973
"921",351,2003-12-16,12.14,12.5329,14.0531
"922",352,2003-12-17,12.54,12.5182,14.0077
"923",353,2003-12-18,12.48,12.5032,13.9622
"924",354,2003-12-19,12.59,12.4888,13.9168
"925",355,2003-12-20,12.79,12.475,13.8719
"926",356,2003-12-21,12.86,12.4615,13.8266
"927",357,2003-12-22,12.79,12.4482,13.7806
"928",358,2003-12-23,12.63,12.4354,13.7381
"929",359,2003-12-24,12.76,12.4226,13.6963
"930",360,2003-12-25,12.45,12.4101,13.6583
"931",361,2003-12-26,12.11,12.3975,13.6238
"932",362,2003-12-27,12.06,12.3852,13.5926
"933",363,2003-12-28,11.81,12.3735,13.5667
"934",364,2003-12-29,11.68,12.3626,13.5453
"935",365,2003-12-30,12.14,12.3522,13.5268
"936",366,2003-12-31,12.14,12.3417,13.5091
"937",1,2004-01-01,12.13,12.3308,13.4914
"938",2,2004-01-02,11.98,12.3201,13.4734
"939",3,2004-01-03,11.61,12.3098,13.4559
"940",4,2004-01-04,11.43,12.2995,13.4385
"941",5,2004-01-05,11.46,12.2896,13.4208
"942",6,2004-01-06,11.42,12.2804,13.4039
"943",7,2004-01-07,11.73,12.2717,13.3872
"944",8,2004-01-08,12.08,12.2639,13.3705
"945",9,2004-01-09,12.24,12.257,13.3548
"946",10,2004-01-10,12.88,12.25,13.3408
"947",11,2004-01-11,12.88,12.2439,13.3285
"948",12,2004-01-12,12.88,12.2394,13.3332
"949",13,2004-01-13,12.89,12.2353,13.343
"950",14,2004-01-14,12.72,12.2318,13.3548
"951",15,2004-01-15,12.64,12.2284,13.3662
"952",16,2004-01-16,12.71,12.2246,13.3772
"953",17,2004-01-17,12.53,12.2207,13.387
"954",18,2004-01-18,12.59,12.2169,13.3952
"955",19,2004-01-19,12.49,12.2127,13.402
"956",20,2004-01-20,12.36,12.2078,13.4044
"957",21,2004-01-21,12.23,12.2027,13.4062
"958",22,2004-01-22,12.27,12.1973,13.4068
"959",23,2004-01-23,12.24,12.1913,13.4038
"960",24,2004-01-24,12.28,12.1852,13.3994
"961",25,2004-01-25,12.11,12.1789,13.393
"962",26,2004-01-26,11.59,12.1722,13.3855
"963",27,2004-01-27,11.62,12.1656,13.3781
"964",28,2004-01-28,11.88,12.1589,13.3692
"965",29,2004-01-29,11.87,12.1518,13.3601
"966",30,2004-01-30,11.87,12.1439,13.3508
"967",31,2004-01-31,11.44,12.1357,13.3409
"968",32,2004-02-01,11.11,12.127,13.3314
"969",33,2004-02-02,11.31,12.1174,13.3222
"970",34,2004-02-03,11.52,12.1065,13.3131
"971",35,2004-02-04,11.37,12.0944,13.3051
"972",36,2004-02-05,11.16,12.0818,13.2979
"973",37,2004-02-06,11.19,12.0693,13.2923
"974",38,2004-02-07,10.81,12.0564,13.2882
"975",39,2004-02-08,10.58,12.0428,13.2848
"976",40,2004-02-09,10.6,12.0283,13.2804
"977",41,2004-02-10,10.41,12.0141,13.2761
"978",42,2004-02-11,10.59,11.9996,13.2723
"979",43,2004-02-12,10.77,11.9854,13.2677
"980",44,2004-02-13,10.91,11.972,13.2626
"981",45,2004-02-14,11.05,11.9598,13.257
"982",46,2004-02-15,11.15,11.9491,13.2529
"983",47,2004-02-16,11.1,11.9397,13.2468
"984",48,2004-02-17,11.52,11.9304,13.2402
"985",49,2004-02-18,11.55,11.9211,13.2345
"986",50,2004-02-19,11.07,11.912,13.23
"987",51,2004-02-20,11.06,11.903,13.2294
"988",52,2004-02-21,11.18,11.8942,13.2295
"989",53,2004-02-22,11.44,11.8859,13.2304
"990",54,2004-02-23,11.54,11.8775,13.2309
"991",55,2004-02-24,11.81,11.8683,13.2325
"992",56,2004-02-25,12.04,11.8585,13.2334
"993",57,2004-02-26,11.99,11.8484,13.2329
"994",58,2004-02-27,11.84,11.837,13.2318
"995",59,2004-02-28,11.71,11.8254,13.2311
"996",60,2004-02-29,11.82,11.8137,13.2292
"997",61,2004-03-01,11.68,11.8028,13.2275
"998",62,2004-03-02,11.46,11.7932,13.2275
"999",63,2004-03-03,11.75,11.784,13.2255
"1000",64,2004-03-04,11.73,11.7746,13.2226
"1001",65,2004-03-05,11.32,11.7655,13.2192
"1002",66,2004-03-06,11.33,11.7568,13.2147
"1003",67,2004-03-07,11.86,11.7478,13.2097
"1004",68,2004-03-08,12.33,11.7381,13.2028
"1005",69,2004-03-09,12.69,11.7288,13.1937
"1006",70,2004-03-10,11.82,11.7201,13.1831
"1007",71,2004-03-11,11.12,11.7118,13.173
"1008",72,2004-03-12,11.53,11.7035,13.1629
"1009",73,2004-03-13,11.56,11.6942,13.1512
"1010",74,2004-03-14,12.27,11.6834,13.1378
"1011",75,2004-03-15,11.99,11.6714,13.1237
"1012",76,2004-03-16,11.91,11.6577,13.1093
"1013",77,2004-03-17,12.11,11.6425,13.0896
"1014",78,2004-03-18,12.12,11.6262,13.0714
"1015",79,2004-03-19,12.66,11.6098,13.0549
"1016",80,2004-03-20,12.26,11.5925,13.0392
"1017",81,2004-03-21,12.81,11.5741,13.0225
"1018",82,2004-03-22,12.93,11.5552,13.0033
"1019",83,2004-03-23,12.76,11.5342,12.9807
"1020",84,2004-03-24,11.7,11.5116,12.9584
"1021",85,2004-03-25,11.53,11.4887,12.9371
"1022",86,2004-03-26,11.5,11.4655,12.9158
"1023",87,2004-03-27,12.04,11.442,12.8964
"1024",88,2004-03-28,11.95,11.4191,12.8769
"1025",89,2004-03-29,11.94,11.3968,12.856
"1026",90,2004-03-30,11.54,11.3741,12.8345
"1027",91,2004-03-31,10.5,11.3516,12.8111
"1028",92,2004-04-01,10.06,11.3292,12.7882
"1029",93,2004-04-02,9.96,11.3055,12.7621
"1030",94,2004-04-03,10.39,11.2827,12.7383
"1031",95,2004-04-04,11.11,11.2624,12.7169
"1032",96,2004-04-05,10.99,11.2445,12.6968
"1033",97,2004-04-06,10.66,11.2288,12.6767
"1034",98,2004-04-07,10.14,11.215,12.655
"1035",99,2004-04-08,10.37,11.2016,12.633
"1036",100,2004-04-09,10.08,11.1888,12.6117
"1037",101,2004-04-10,10.77,11.176,12.59
"1038",102,2004-04-11,11.42,11.1639,12.5694
"1039",103,2004-04-12,11.11,11.1523,12.5498
"1040",104,2004-04-13,9.99,11.1429,12.5345
"1041",105,2004-04-14,10.45,11.1358,12.5216
"1042",106,2004-04-15,10.84,11.1294,12.5089
"1043",107,2004-04-16,10.57,11.1236,12.4966
"1044",108,2004-04-17,11.01,11.1193,12.4895
"1045",109,2004-04-18,11.05,11.1169,12.4855
"1046",110,2004-04-19,11.33,11.1167,12.4855
"1047",111,2004-04-20,11.42,11.1188,12.4888
"1048",112,2004-04-21,11.24,11.1244,12.4971
"1049",113,2004-04-22,11.37,11.1317,12.5077
"1050",114,2004-04-23,10.66,11.1419,12.5213
"1051",115,2004-04-24,11.14,11.1548,12.5352
"1052",116,2004-04-25,11.02,11.1689,12.5496
"1053",117,2004-04-26,11.33,11.1862,12.5662
"1054",118,2004-04-27,NA,11.205,12.5835
"1055",119,2004-04-28,NA,11.2245,12.6026
"1056",120,2004-04-29,NA,11.2452,12.6239
"1057",121,2004-04-30,NA,11.2669,12.6461
"1058",122,2004-05-01,14.04,11.2882,12.6687
"1059",123,2004-05-02,12.35,11.308,12.6901
"1060",124,2004-05-03,11.62,11.3284,12.7126
"1061",125,2004-05-04,10.8,11.3487,12.7347
"1062",126,2004-05-05,11.04,11.3678,12.755
"1063",127,2004-05-06,11.24,11.3857,12.774
"1064",128,2004-05-07,12.24,11.401,12.7909
"1065",129,2004-05-08,13.94,11.4153,12.8054
"1066",130,2004-05-09,12.54,11.43,12.8203
"1067",131,2004-05-10,11.02,11.4438,12.833
"1068",132,2004-05-11,10.18,11.4575,12.8456
"1069",133,2004-05-12,9.78,11.4721,12.8573
"1070",134,2004-05-13,11.92,11.4891,12.8697
"1071",135,2004-05-14,11.93,11.507,12.884
"1072",136,2004-05-15,12.09,11.5251,12.9003
"1073",137,2004-05-16,11.8,11.5446,12.9172
"1074",138,2004-05-17,11.89,11.5658,12.9371
"1075",139,2004-05-18,11.59,11.5873,12.9606
"1076",140,2004-05-19,12.26,11.6088,12.9846
"1077",141,2004-05-20,11.71,11.6292,13.0048
"1078",142,2004-05-21,10.28,11.6498,13.0215
"1079",143,2004-05-22,10.31,11.6703,13.0392
"1080",144,2004-05-23,10.59,11.6911,13.0592
"1081",145,2004-05-24,10.81,11.7124,13.0791
"1082",146,2004-05-25,10.56,11.7346,13.1022
"1083",147,2004-05-26,NA,11.7574,13.128
"1084",148,2004-05-27,NA,11.7788,13.1517
"1085",149,2004-05-28,NA,11.7996,13.1735
"1086",150,2004-05-29,13.31,11.8214,13.1961
"1087",151,2004-05-30,12.63,11.8449,13.223
"1088",152,2004-05-31,11.98,11.8715,13.2528
"1089",153,2004-06-01,11.93,11.9007,13.2855
"1090",154,2004-06-02,12.48,11.9311,13.3184
"1091",155,2004-06-03,12.08,11.9623,13.3513
"1092",156,2004-06-04,11.44,11.9937,13.3876
"1093",157,2004-06-05,11.67,12.0247,13.4238
"1094",158,2004-06-06,11.66,12.0566,13.4607
"1095",159,2004-06-07,10.8,12.0911,13.5044
"1096",160,2004-06-08,10.3,12.1278,13.5579
"1097",161,2004-06-09,10.33,12.166,13.6107
"1098",162,2004-06-10,11.15,12.2042,13.6657
"1099",163,2004-06-11,11.78,12.2434,13.723
"1100",164,2004-06-12,11.8,12.2828,13.7816
"1101",165,2004-06-13,12.21,12.3224,13.8396
"1102",166,2004-06-14,12.34,12.3621,13.8969
"1103",167,2004-06-15,10.77,12.4026,13.9526
"1104",168,2004-06-16,12.57,12.443,14.0085
"1105",169,2004-06-17,12.81,12.4823,14.0608
"1106",170,2004-06-18,12.55,12.5207,14.107
"1107",171,2004-06-19,13.91,12.5579,14.1478
"1108",172,2004-06-20,13.96,12.5956,14.1913
"1109",173,2004-06-21,12.79,12.6332,14.2357
"1110",174,2004-06-22,11.34,12.6691,14.2764
"1111",175,2004-06-23,10.78,12.7047,14.3154
"1112",176,2004-06-24,13.66,12.7389,14.3538
"1113",177,2004-06-25,13.82,12.7709,14.3876
"1114",178,2004-06-26,13.58,12.8006,14.4186
"1115",179,2004-06-27,12.95,12.8304,14.4502
"1116",180,2004-06-28,11.76,12.8625,14.4885
"1117",181,2004-06-29,12.79,12.8958,14.5295
"1118",182,2004-06-30,14.93,12.9286,14.5699
"1119",183,2004-07-01,14.45,12.9586,14.6066
"1120",184,2004-07-02,13.74,12.9869,14.6411
"1121",185,2004-07-03,12.41,13.0169,14.6788
"1122",186,2004-07-04,12.22,13.0475,14.7196
"1123",187,2004-07-05,13.18,13.0787,14.7557
"1124",188,2004-07-06,13.88,13.1127,14.7917
"1125",189,2004-07-07,13.57,13.1477,14.8293
"1126",190,2004-07-08,13.8,13.1825,14.8614
"1127",191,2004-07-09,14.21,13.216,14.8889
"1128",192,2004-07-10,15.29,13.249,14.9182
"1129",193,2004-07-11,15.32,13.283,14.9471
"1130",194,2004-07-12,13.26,13.3172,14.9713
"1131",195,2004-07-13,14.24,13.3517,14.9946
"1132",196,2004-07-14,13.98,13.3831,15.0159
"1133",197,2004-07-15,13.86,13.4113,15.033
"1134",198,2004-07-16,14.31,13.4382,15.0506
"1135",199,2004-07-17,13.75,13.4634,15.0712
"1136",200,2004-07-18,13.9,13.4876,15.0933
"1137",201,2004-07-19,12.29,13.5114,15.1169
"1138",202,2004-07-20,12.37,13.5343,15.1391
"1139",203,2004-07-21,11.44,13.5553,15.1582
"1140",204,2004-07-22,11.69,13.5754,15.1789
"1141",205,2004-07-23,14.38,13.5961,15.1995
"1142",206,2004-07-24,14.53,13.6151,15.2206
"1143",207,2004-07-25,14.26,13.6341,15.2421
"1144",208,2004-07-26,14.22,13.6541,15.2668
"1145",209,2004-07-27,14.15,13.6753,15.2906
"1146",210,2004-07-28,14.22,13.6964,15.3108
"1147",211,2004-07-29,15.71,13.7166,15.3244
"1148",212,2004-07-30,15.84,13.735,15.338
"1149",213,2004-07-31,15.77,13.7528,15.3498
"1150",214,2004-08-01,14.62,13.7711,15.3616
"1151",215,2004-08-02,13.81,13.7891,15.3745
"1152",216,2004-08-03,13.72,13.8056,15.3857
"1153",217,2004-08-04,13.22,13.8224,15.3976
"1154",218,2004-08-05,13.73,13.8397,15.4148
"1155",219,2004-08-06,14.1,13.8559,15.4348
"1156",220,2004-08-07,12.89,13.8703,15.4544
"1157",221,2004-08-08,12,13.8835,15.4746
"1158",222,2004-08-09,12.89,13.8965,15.4938
"1159",223,2004-08-10,13.9,13.9093,15.5113
"1160",224,2004-08-11,12.66,13.9209,15.5274
"1161",225,2004-08-12,12.37,13.9302,15.5457
"1162",226,2004-08-13,13.94,13.9376,15.5607
"1163",227,2004-08-14,14.66,13.9451,15.5736
"1164",228,2004-08-15,14.83,13.9525,15.5863
"1165",229,2004-08-16,14.01,13.9581,15.597
"1166",230,2004-08-17,14.07,13.9626,15.6042
"1167",231,2004-08-18,13.41,13.9675,15.611
"1168",232,2004-08-19,13.27,13.9728,15.6177
"1169",233,2004-08-20,15.03,13.9775,15.6231
"1170",234,2004-08-21,15.54,13.9817,15.6257
"1171",235,2004-08-22,15.35,13.9853,15.624
"1172",236,2004-08-23,14.77,13.989,15.6223
"1173",237,2004-08-24,14.13,13.9934,15.6196
"1174",238,2004-08-25,13.76,13.9973,15.6158
"1175",239,2004-08-26,14.54,14.0008,15.6111
"1176",240,2004-08-27,13.35,14.0036,15.6058
"1177",241,2004-08-28,13.96,14.0049,15.6035
"1178",242,2004-08-29,15.12,14.0037,15.6013
"1179",243,2004-08-30,15.39,14.0006,15.5961
"1180",244,2004-08-31,15.42,13.9957,15.5893
"1181",245,2004-09-01,14.06,13.9898,15.5829
"1182",246,2004-09-02,12.76,13.9834,15.5762
"1183",247,2004-09-03,12.84,13.9763,15.5691
"1184",248,2004-09-04,14.11,13.9671,15.5583
"1185",249,2004-09-05,14.69,13.9559,15.5435
"1186",250,2004-09-06,15.23,13.9426,15.5255
"1187",251,2004-09-07,14.57,13.9286,15.5049
"1188",252,2004-09-08,14.2,13.9146,15.4835
"1189",253,2004-09-09,14.16,13.9005,15.4622
"1190",254,2004-09-10,13.35,13.8856,15.4401
"1191",255,2004-09-11,13.68,13.8703,15.4187
"1192",256,2004-09-12,12.75,13.8553,15.3979
"1193",257,2004-09-13,12.35,13.8391,15.3786
"1194",258,2004-09-14,11.79,13.8218,15.3617
"1195",259,2004-09-15,11.75,13.8046,15.3445
"1196",260,2004-09-16,11.92,13.7878,15.3255
"1197",261,2004-09-17,12.28,13.7711,15.3062
"1198",262,2004-09-18,12.56,13.754,15.2856
"1199",263,2004-09-19,12.1,13.7358,15.2645
"1200",264,2004-09-20,12.32,13.7176,15.2487
"1201",265,2004-09-21,12.26,13.7,15.2375
"1202",266,2004-09-22,12.92,13.6823,15.2289
"1203",267,2004-09-23,13.12,13.6632,15.219
"1204",268,2004-09-24,12.84,13.6445,15.2082
"1205",269,2004-09-25,12.68,13.6261,15.1983
"1206",270,2004-09-26,12.08,13.6079,15.1879
"1207",271,2004-09-27,12.12,13.5907,15.1795
"1208",272,2004-09-28,11.96,13.575,15.1715
"1209",273,2004-09-29,13.05,13.5613,15.1649
"1210",274,2004-09-30,12.8,13.5499,15.1579
"1211",275,2004-10-01,12.43,13.5401,15.153
"1212",276,2004-10-02,13.02,13.5305,15.1476
"1213",277,2004-10-03,12.44,13.522,15.1442
"1214",278,2004-10-04,12.91,13.5145,15.1387
"1215",279,2004-10-05,12.24,13.5082,15.1328
"1216",280,2004-10-06,12.5,13.5029,15.1192
"1217",281,2004-10-07,12.64,13.4976,15.1035
"1218",282,2004-10-08,12.24,13.492,15.0888
"1219",283,2004-10-09,12.31,13.4854,15.0737
"1220",284,2004-10-10,11.32,13.4767,15.0583
"1221",285,2004-10-11,11.17,13.4666,15.0452
"1222",286,2004-10-12,12.17,13.456,15.0323
"1223",287,2004-10-13,12.23,13.4458,15.0204
"1224",288,2004-10-14,12.48,13.4366,15.0097
"1225",289,2004-10-15,12.21,13.4276,14.9999
"1226",290,2004-10-16,12.11,13.4178,14.9899
"1227",291,2004-10-17,12.56,13.4074,14.9815
"1228",292,2004-10-18,12.93,13.3969,14.9682
"1229",293,2004-10-19,13.37,13.3863,14.9528
"1230",294,2004-10-20,14.12,13.3764,14.9318
"1231",295,2004-10-21,14.15,13.3674,14.9069
"1232",296,2004-10-22,13.73,13.3592,14.8809
"1233",297,2004-10-23,14.05,13.3516,14.8562
"1234",298,2004-10-24,13.81,13.3438,14.8317
"1235",299,2004-10-25,13.43,13.3353,14.8057
"1236",300,2004-10-26,13.16,13.3265,14.7793
"1237",301,2004-10-27,13.29,13.3174,14.7523
"1238",302,2004-10-28,13.38,13.308,14.7243
"1239",303,2004-10-29,13.7,13.2985,14.7005
"1240",304,2004-10-30,13.71,13.2883,14.678
"1241",305,2004-10-31,13.45,13.277,14.6572
"1242",306,2004-11-01,13.41,13.2649,14.6346
"1243",307,2004-11-02,14.01,13.2518,14.612
"1244",308,2004-11-03,13.67,13.2377,14.5867
"1245",309,2004-11-04,13.07,13.2228,14.5629
"1246",310,2004-11-05,NA,13.2061,14.5389
"1247",311,2004-11-06,13.53,13.1882,14.5229
"1248",312,2004-11-07,13.84,13.1699,14.5101
"1249",313,2004-11-08,13.99,13.151,14.498
"1250",314,2004-11-09,13.84,13.1319,14.487
"1251",315,2004-11-10,13.84,13.1133,14.4755
"1252",316,2004-11-11,14.52,13.0948,14.4647
"1253",317,2004-11-12,14.58,13.076,14.4546
"1254",318,2004-11-13,14.14,13.0568,14.4424
"1255",319,2004-11-14,13.84,13.0369,14.4272
"1256",320,2004-11-15,13.91,13.0173,14.416
"1257",321,2004-11-16,14.1,12.9997,14.4073
"1258",322,2004-11-17,14.5,12.9836,14.3995
"1259",323,2004-11-18,14.6,12.9683,14.3976
"1260",324,2004-11-19,14.18,12.9537,14.3983
"1261",325,2004-11-20,13.37,12.9393,14.4061
"1262",326,2004-11-21,12.77,12.9248,14.4184
"1263",327,2004-11-22,12.61,12.9102,14.4301
"1264",328,2004-11-23,13.24,12.8955,14.4394
"1265",329,2004-11-24,12.99,12.8815,14.4471
"1266",330,2004-11-25,13.01,12.8679,14.4545
"1267",331,2004-11-26,13.06,12.854,14.4594
"1268",332,2004-11-27,12.94,12.8393,14.4613
"1269",333,2004-11-28,11.81,12.8235,14.4604
"1270",334,2004-11-29,11.58,12.807,14.4525
"1271",335,2004-11-30,12.18,12.7899,14.4422
"1272",336,2004-12-01,12.41,12.7727,14.4294
"1273",337,2004-12-02,12.43,12.7554,14.4161
"1274",338,2004-12-03,12.48,12.7386,14.4022
"1275",339,2004-12-04,NA,12.722,14.3883
"1276",340,2004-12-05,12.05,12.705,14.3737
"1277",341,2004-12-06,12.06,12.6882,14.3584
"1278",342,2004-12-07,12.21,12.6717,14.3422
"1279",343,2004-12-08,12.34,12.6552,14.3255
"1280",344,2004-12-09,12.58,12.639,14.3071
"1281",345,2004-12-10,12.54,12.6234,14.2867
"1282",346,2004-12-11,12.7,12.6082,14.2649
"1283",347,2004-12-12,12.9,12.5926,14.2255
"1284",348,2004-12-13,13.06,12.5773,14.1812
"1285",349,2004-12-14,13,12.5619,14.1375
"1286",350,2004-12-15,13.1,12.5472,14.0973
"1287",351,2004-12-16,13.06,12.5329,14.0531
"1288",352,2004-12-17,13.04,12.5182,14.0077
"1289",353,2004-12-18,12.81,12.5032,13.9622
"1290",354,2004-12-19,12.76,12.4888,13.9168
"1291",355,2004-12-20,12.67,12.475,13.8719
"1292",356,2004-12-21,12.49,12.4615,13.8266
"1293",357,2004-12-22,12.59,12.4482,13.7806
"1294",358,2004-12-23,12.59,12.4354,13.7381
"1295",359,2004-12-24,12.55,12.4226,13.6963
"1296",360,2004-12-25,12.5,12.4101,13.6583
"1297",361,2004-12-26,12.5,12.3975,13.6238
"1298",362,2004-12-27,12.52,12.3852,13.5926
"1299",363,2004-12-28,12.69,12.3735,13.5667
"1300",364,2004-12-29,12.41,12.3626,13.5453
"1301",365,2004-12-30,12.96,12.3522,13.5268
"1302",366,2004-12-31,13.23,12.3417,13.5091
"1303",1,2005-01-01,NA,12.3308,13.4914
"1304",2,2005-01-02,12.98,12.3201,13.4734
"1305",3,2005-01-03,12.55,12.3098,13.4559
"1306",4,2005-01-04,12.51,12.2995,13.4385
"1307",5,2005-01-05,12.61,12.2896,13.4208
"1308",6,2005-01-06,12.5,12.2804,13.4039
"1309",7,2005-01-07,12.15,12.2717,13.3872
"1310",8,2005-01-08,12.69,12.2639,13.3705
"1311",9,2005-01-09,13.03,12.257,13.3548
"1312",10,2005-01-10,13.1,12.25,13.3408
"1313",11,2005-01-11,12.86,12.2439,13.3285
"1314",12,2005-01-12,13.08,12.2394,13.3332
"1315",13,2005-01-13,12.84,12.2353,13.343
"1316",14,2005-01-14,12.65,12.2318,13.3548
"1317",15,2005-01-15,12.34,12.2284,13.3662
"1318",16,2005-01-16,12.65,12.2246,13.3772
"1319",17,2005-01-17,12.77,12.2207,13.387
"1320",18,2005-01-18,12.73,12.2169,13.3952
"1321",19,2005-01-19,12.92,12.2127,13.402
"1322",20,2005-01-20,12.92,12.2078,13.4044
"1323",21,2005-01-21,13.1,12.2027,13.4062
"1324",22,2005-01-22,13.19,12.1973,13.4068
"1325",23,2005-01-23,13.26,12.1913,13.4038
"1326",24,2005-01-24,13.25,12.1852,13.3994
"1327",25,2005-01-25,13.31,12.1789,13.393
"1328",26,2005-01-26,13.45,12.1722,13.3855
"1329",27,2005-01-27,13.5,12.1656,13.3781
"1330",28,2005-01-28,13.47,12.1589,13.3692
"1331",29,2005-01-29,13.4,12.1518,13.3601
"1332",30,2005-01-30,13.07,12.1439,13.3508
"1333",31,2005-01-31,13.2,12.1357,13.3409
"1334",32,2005-02-01,13.32,12.127,13.3314
"1335",33,2005-02-02,13.3,12.1174,13.3222
"1336",34,2005-02-03,13.18,12.1065,13.3131
"1337",35,2005-02-04,13.05,12.0944,13.3051
"1338",36,2005-02-05,13.14,12.0818,13.2979
"1339",37,2005-02-06,13.02,12.0693,13.2923
"1340",38,2005-02-07,12.94,12.0564,13.2882
"1341",39,2005-02-08,12.58,12.0428,13.2848
"1342",40,2005-02-09,12.66,12.0283,13.2804
"1343",41,2005-02-10,12.86,12.0141,13.2761
"1344",42,2005-02-11,12.82,11.9996,13.2723
"1345",43,2005-02-12,13.09,11.9854,13.2677
"1346",44,2005-02-13,13.05,11.972,13.2626
"1347",45,2005-02-14,12.96,11.9598,13.257
"1348",46,2005-02-15,12.96,11.9491,13.2529
"1349",47,2005-02-16,12.98,11.9397,13.2468
"1350",48,2005-02-17,13.12,11.9304,13.2402
"1351",49,2005-02-18,13.1,11.9211,13.2345
"1352",50,2005-02-19,13.18,11.912,13.23
"1353",51,2005-02-20,13.27,11.903,13.2294
"1354",52,2005-02-21,13.22,11.8942,13.2295
"1355",53,2005-02-22,13.31,11.8859,13.2304
"1356",54,2005-02-23,13.34,11.8775,13.2309
"1357",55,2005-02-24,13.38,11.8683,13.2325
"1358",56,2005-02-25,13.43,11.8585,13.2334
"1359",57,2005-02-26,13.43,11.8484,13.2329
"1360",58,2005-02-27,13.43,11.837,13.2318
"1361",59,2005-02-28,13.56,11.8254,13.2311
"1362",61,2005-03-01,13.58,11.8028,13.2275
"1363",62,2005-03-02,13.84,11.7932,13.2275
"1364",63,2005-03-03,13.59,11.784,13.2255
"1365",64,2005-03-04,13.62,11.7746,13.2226
"1366",65,2005-03-05,13.57,11.7655,13.2192
"1367",66,2005-03-06,13.46,11.7568,13.2147
"1368",67,2005-03-07,13.09,11.7478,13.2097
"1369",68,2005-03-08,13.09,11.7381,13.2028
"1370",69,2005-03-09,13.16,11.7288,13.1937
"1371",70,2005-03-10,13.19,11.7201,13.1831
"1372",71,2005-03-11,13.47,11.7118,13.173
"1373",72,2005-03-12,14.11,11.7035,13.1629
"1374",73,2005-03-13,14.01,11.6942,13.1512
"1375",74,2005-03-14,13.53,11.6834,13.1378
"1376",75,2005-03-15,13.23,11.6714,13.1237
"1377",76,2005-03-16,13.31,11.6577,13.1093
"1378",77,2005-03-17,13.22,11.6425,13.0896
"1379",78,2005-03-18,13.25,11.6262,13.0714
"1380",79,2005-03-19,13.38,11.6098,13.0549
"1381",80,2005-03-20,13.68,11.5925,13.0392
"1382",81,2005-03-21,13.53,11.5741,13.0225
"1383",82,2005-03-22,13.83,11.5552,13.0033
"1384",83,2005-03-23,13.37,11.5342,12.9807
"1385",84,2005-03-24,13.02,11.5116,12.9584
"1386",85,2005-03-25,13.02,11.4887,12.9371
"1387",86,2005-03-26,12.86,11.4655,12.9158
"1388",87,2005-03-27,13.03,11.442,12.8964
"1389",88,2005-03-28,12.96,11.4191,12.8769
"1390",89,2005-03-29,12.19,11.3968,12.856
"1391",90,2005-03-30,12.5,11.3741,12.8345
"1392",91,2005-03-31,11.94,11.3516,12.8111
"1393",92,2005-04-01,12.69,11.3292,12.7882
"1394",93,2005-04-02,12.28,11.3055,12.7621
"1395",94,2005-04-03,11.11,11.2827,12.7383
"1396",95,2005-04-04,11.63,11.2624,12.7169
"1397",96,2005-04-05,11.37,11.2445,12.6968
"1398",97,2005-04-06,12.16,11.2288,12.6767
"1399",98,2005-04-07,12.79,11.215,12.655
"1400",99,2005-04-08,12.07,11.2016,12.633
"1401",100,2005-04-09,11.66,11.1888,12.6117
"1402",101,2005-04-10,10.66,11.176,12.59
"1403",102,2005-04-11,10.93,11.1639,12.5694
"1404",103,2005-04-12,10.77,11.1523,12.5498
"1405",104,2005-04-13,10.43,11.1429,12.5345
"1406",105,2005-04-14,10.22,11.1358,12.5216
"1407",106,2005-04-15,9.44,11.1294,12.5089
"1408",107,2005-04-16,NA,11.1236,12.4966
"1409",108,2005-04-17,NA,11.1193,12.4895
"1410",109,2005-04-18,NA,11.1169,12.4855
"1411",110,2005-04-19,NA,11.1167,12.4855
"1412",111,2005-04-20,NA,11.1188,12.4888
"1413",112,2005-04-21,10.48,11.1244,12.4971
"1414",113,2005-04-22,10.7,11.1317,12.5077
"1415",114,2005-04-23,10.96,11.1419,12.5213
"1416",115,2005-04-24,12,11.1548,12.5352
"1417",116,2005-04-25,13.27,11.1689,12.5496
"1418",117,2005-04-26,11.27,11.1862,12.5662
"1419",118,2005-04-27,12.09,11.205,12.5835
"1420",119,2005-04-28,11.59,11.2245,12.6026
"1421",120,2005-04-29,12.38,11.2452,12.6239
"1422",121,2005-04-30,12.03,11.2669,12.6461
"1423",122,2005-05-01,11.52,11.2882,12.6687
"1424",123,2005-05-02,11.52,11.308,12.6901
"1425",124,2005-05-03,12.5,11.3284,12.7126
"1426",125,2005-05-04,12.43,11.3487,12.7347
"1427",126,2005-05-05,11.71,11.3678,12.755
"1428",127,2005-05-06,12.12,11.3857,12.774
"1429",128,2005-05-07,12.3,11.401,12.7909
"1430",129,2005-05-08,12.46,11.4153,12.8054
"1431",130,2005-05-09,12.64,11.43,12.8203
"1432",131,2005-05-10,12.4,11.4438,12.833
"1433",132,2005-05-11,12.43,11.4575,12.8456
"1434",133,2005-05-12,12.4,11.4721,12.8573
"1435",134,2005-05-13,12.12,11.4891,12.8697
"1436",135,2005-05-14,11.74,11.507,12.884
"1437",136,2005-05-15,NA,11.5251,12.9003
"1438",137,2005-05-16,NA,11.5446,12.9172
"1439",138,2005-05-17,NA,11.5658,12.9371
"1440",139,2005-05-18,NA,11.5873,12.9606
"1441",140,2005-05-19,13.54,11.6088,12.9846
"1442",141,2005-05-20,13.53,11.6292,13.0048
"1443",142,2005-05-21,12.39,11.6498,13.0215
"1444",143,2005-05-22,11.65,11.6703,13.0392
"1445",144,2005-05-23,10.86,11.6911,13.0592
"1446",145,2005-05-24,10.36,11.7124,13.0791
"1447",146,2005-05-25,12.38,11.7346,13.1022
"1448",147,2005-05-26,14.93,11.7574,13.128
"1449",148,2005-05-27,12.44,11.7788,13.1517
"1450",149,2005-05-28,10.97,11.7996,13.1735
"1451",150,2005-05-29,9.96,11.8214,13.1961
"1452",151,2005-05-30,9.88,11.8449,13.223
"1453",152,2005-05-31,11.62,11.8715,13.2528
"1454",153,2005-06-01,11.63,11.9007,13.2855
"1455",154,2005-06-02,12.15,11.9311,13.3184
"1456",155,2005-06-03,11.93,11.9623,13.3513
"1457",156,2005-06-04,12.06,11.9937,13.3876
"1458",157,2005-06-05,11.37,12.0247,13.4238
"1459",158,2005-06-06,11.44,12.0566,13.4607
"1460",159,2005-06-07,10.61,12.0911,13.5044
"1461",160,2005-06-08,10.22,12.1278,13.5579
"1462",161,2005-06-09,9.9,12.166,13.6107
"1463",162,2005-06-10,11.17,12.2042,13.6657
"1464",163,2005-06-11,10.51,12.2434,13.723
"1465",164,2005-06-12,10.03,12.2828,13.7816
"1466",165,2005-06-13,NA,12.3224,13.8396
"1467",166,2005-06-14,NA,12.3621,13.8969
"1468",167,2005-06-15,11.62,12.4026,13.9526
"1469",168,2005-06-16,13,12.443,14.0085
"1470",169,2005-06-17,11.26,12.4823,14.0608
"1471",170,2005-06-18,13.67,12.5207,14.107
"1472",171,2005-06-19,13.26,12.5579,14.1478
"1473",172,2005-06-20,12.92,12.5956,14.1913
"1474",173,2005-06-21,12.39,12.6332,14.2357
"1475",174,2005-06-22,12.13,12.6691,14.2764
"1476",175,2005-06-23,11.28,12.7047,14.3154
"1477",176,2005-06-24,11.8,12.7389,14.3538
"1478",177,2005-06-25,11.52,12.7709,14.3876
"1479",178,2005-06-26,12.17,12.8006,14.4186
"1480",179,2005-06-27,11.96,12.8304,14.4502
"1481",180,2005-06-28,12.08,12.8625,14.4885
"1482",181,2005-06-29,11.94,12.8958,14.5295
"1483",182,2005-06-30,12.21,12.9286,14.5699
"1484",183,2005-07-01,12.07,12.9586,14.6066
"1485",184,2005-07-02,13.6,12.9869,14.6411
"1486",185,2005-07-03,13.61,13.0169,14.6788
"1487",186,2005-07-04,13.89,13.0475,14.7196
"1488",187,2005-07-05,13.37,13.0787,14.7557
"1489",188,2005-07-06,13,13.1127,14.7917
"1490",189,2005-07-07,NA,13.1477,14.8293
"1491",190,2005-07-08,NA,13.1825,14.8614
"1492",191,2005-07-09,NA,13.216,14.8889
"1493",192,2005-07-10,NA,13.249,14.9182
"1494",193,2005-07-11,NA,13.283,14.9471
"1495",194,2005-07-12,NA,13.3172,14.9713
"1496",195,2005-07-13,NA,13.3517,14.9946
"1497",196,2005-07-14,NA,13.3831,15.0159
"1498",197,2005-07-15,NA,13.4113,15.033
"1499",198,2005-07-16,NA,13.4382,15.0506
"1500",199,2005-07-17,NA,13.4634,15.0712
"1501",200,2005-07-18,NA,13.4876,15.0933
"1502",201,2005-07-19,NA,13.5114,15.1169
"1503",202,2005-07-20,NA,13.5343,15.1391
"1504",203,2005-07-21,NA,13.5553,15.1582
"1505",204,2005-07-22,NA,13.5754,15.1789
"1506",205,2005-07-23,NA,13.5961,15.1995
"1507",206,2005-07-24,NA,13.6151,15.2206
"1508",207,2005-07-25,NA,13.6341,15.2421
"1509",208,2005-07-26,NA,13.6541,15.2668
"1510",209,2005-07-27,NA,13.6753,15.2906
"1511",210,2005-07-28,NA,13.6964,15.3108
"1512",211,2005-07-29,NA,13.7166,15.3244
"1513",212,2005-07-30,NA,13.735,15.338
"1514",213,2005-07-31,NA,13.7528,15.3498
"1515",214,2005-08-01,NA,13.7711,15.3616
"1516",215,2005-08-02,NA,13.7891,15.3745
"1517",216,2005-08-03,NA,13.8056,15.3857
"1518",217,2005-08-04,NA,13.8224,15.3976
"1519",218,2005-08-05,13.85,13.8397,15.4148
"1520",219,2005-08-06,12.64,13.8559,15.4348
"1521",220,2005-08-07,12.48,13.8703,15.4544
"1522",221,2005-08-08,12.78,13.8835,15.4746
"1523",222,2005-08-09,13.56,13.8965,15.4938
"1524",223,2005-08-10,14.43,13.9093,15.5113
"1525",224,2005-08-11,15.17,13.9209,15.5274
"1526",225,2005-08-12,14.13,13.9302,15.5457
"1527",226,2005-08-13,13.84,13.9376,15.5607
"1528",227,2005-08-14,13.6,13.9451,15.5736
"1529",228,2005-08-15,13.33,13.9525,15.5863
"1530",229,2005-08-16,14.59,13.9581,15.597
"1531",230,2005-08-17,13.95,13.9626,15.6042
"1532",231,2005-08-18,13.91,13.9675,15.611
"1533",232,2005-08-19,15.04,13.9728,15.6177
"1534",233,2005-08-20,14.63,13.9775,15.6231
"1535",234,2005-08-21,14.43,13.9817,15.6257
"1536",235,2005-08-22,13.31,13.9853,15.624
"1537",236,2005-08-23,12.7,13.989,15.6223
"1538",237,2005-08-24,14.52,13.9934,15.6196
"1539",238,2005-08-25,16.12,13.9973,15.6158
"1540",239,2005-08-26,15.68,14.0008,15.6111
"1541",240,2005-08-27,15.07,14.0036,15.6058
"1542",241,2005-08-28,14.01,14.0049,15.6035
"1543",242,2005-08-29,13.38,14.0037,15.6013
"1544",243,2005-08-30,13.63,14.0006,15.5961
"1545",244,2005-08-31,14.49,13.9957,15.5893
"1546",245,2005-09-01,14.03,13.9898,15.5829
"1547",246,2005-09-02,14.51,13.9834,15.5762
"1548",247,2005-09-03,14.5,13.9763,15.5691
"1549",248,2005-09-04,14.03,13.9671,15.5583
"1550",249,2005-09-05,13.61,13.9559,15.5435
"1551",250,2005-09-06,14.12,13.9426,15.5255
"1552",251,2005-09-07,13.04,13.9286,15.5049
"1553",252,2005-09-08,12.71,13.9146,15.4835
"1554",253,2005-09-09,13.47,13.9005,15.4622
"1555",254,2005-09-10,14.04,13.8856,15.4401
"1556",255,2005-09-11,13.95,13.8703,15.4187
"1557",256,2005-09-12,14.22,13.8553,15.3979
"1558",257,2005-09-13,14.17,13.8391,15.3786
"1559",258,2005-09-14,13.66,13.8218,15.3617
"1560",259,2005-09-15,13.35,13.8046,15.3445
"1561",260,2005-09-16,12.95,13.7878,15.3255
"1562",261,2005-09-17,13.68,13.7711,15.3062
"1563",262,2005-09-18,13.12,13.754,15.2856
"1564",263,2005-09-19,12.31,13.7358,15.2645
"1565",264,2005-09-20,12.04,13.7176,15.2487
"1566",265,2005-09-21,13.56,13.7,15.2375
"1567",266,2005-09-22,12.82,13.6823,15.2289
"1568",267,2005-09-23,12.46,13.6632,15.219
"1569",268,2005-09-24,11.86,13.6445,15.2082
"1570",269,2005-09-25,11.94,13.6261,15.1983
"1571",270,2005-09-26,12.54,13.6079,15.1879
"1572",271,2005-09-27,12.92,13.5907,15.1795
"1573",272,2005-09-28,13.64,13.575,15.1715
"1574",273,2005-09-29,12.15,13.5613,15.1649
"1575",274,2005-09-30,11.81,13.5499,15.1579
"1576",275,2005-10-01,12.21,13.5401,15.153
"1577",276,2005-10-02,12.02,13.5305,15.1476
"1578",277,2005-10-03,11.4,13.522,15.1442
"1579",278,2005-10-04,11.2,13.5145,15.1387
"1580",279,2005-10-05,10.88,13.5082,15.1328
"1581",280,2005-10-06,11.03,13.5029,15.1192
"1582",281,2005-10-07,11.28,13.4976,15.1035
"1583",282,2005-10-08,11.39,13.492,15.0888
"1584",283,2005-10-09,10.99,13.4854,15.0737
"1585",284,2005-10-10,11.3,13.4767,15.0583
"1586",285,2005-10-11,11.9,13.4666,15.0452
"1587",286,2005-10-12,12.05,13.456,15.0323
"1588",287,2005-10-13,11.42,13.4458,15.0204
"1589",288,2005-10-14,12.09,13.4366,15.0097
"1590",289,2005-10-15,11.51,13.4276,14.9999
"1591",290,2005-10-16,11.16,13.4178,14.9899
"1592",291,2005-10-17,11.11,13.4074,14.9815
"1593",292,2005-10-18,11.68,13.3969,14.9682
"1594",293,2005-10-19,12.06,13.3863,14.9528
"1595",294,2005-10-20,12.54,13.3764,14.9318
"1596",295,2005-10-21,11.97,13.3674,14.9069
"1597",296,2005-10-22,11.99,13.3592,14.8809
"1598",297,2005-10-23,12.14,13.3516,14.8562
"1599",298,2005-10-24,12.3,13.3438,14.8317
"1600",299,2005-10-25,13.11,13.3353,14.8057
"1601",300,2005-10-26,13.01,13.3265,14.7793
"1602",301,2005-10-27,12.29,13.3174,14.7523
"1603",302,2005-10-28,12.42,13.308,14.7243
"1604",303,2005-10-29,12.73,13.2985,14.7005
"1605",304,2005-10-30,11.87,13.2883,14.678
"1606",305,2005-10-31,11.85,13.277,14.6572
"1607",306,2005-11-01,11.98,13.2649,14.6346
"1608",307,2005-11-02,12,13.2518,14.612
"1609",308,2005-11-03,11.66,13.2377,14.5867
"1610",309,2005-11-04,12.26,13.2228,14.5629
"1611",310,2005-11-05,12.27,13.2061,14.5389
"1612",311,2005-11-06,12.09,13.1882,14.5229
"1613",312,2005-11-07,12.05,13.1699,14.5101
"1614",313,2005-11-08,12.55,13.151,14.498
"1615",314,2005-11-09,12.15,13.1319,14.487
"1616",315,2005-11-10,12.37,13.1133,14.4755
"1617",316,2005-11-11,12.52,13.0948,14.4647
"1618",317,2005-11-12,12.34,13.076,14.4546
"1619",318,2005-11-13,12.01,13.0568,14.4424
"1620",319,2005-11-14,12.06,13.0369,14.4272
"1621",320,2005-11-15,11.83,13.0173,14.416
"1622",321,2005-11-16,12.24,12.9997,14.4073
"1623",322,2005-11-17,12.63,12.9836,14.3995
"1624",323,2005-11-18,12.53,12.9683,14.3976
"1625",324,2005-11-19,12.53,12.9537,14.3983
"1626",325,2005-11-20,12.52,12.9393,14.4061
"1627",326,2005-11-21,12.67,12.9248,14.4184
"1628",327,2005-11-22,12.8,12.9102,14.4301
"1629",328,2005-11-23,NA,12.8955,14.4394
"1630",329,2005-11-24,12.13,12.8815,14.4471
"1631",330,2005-11-25,12.21,12.8679,14.4545
"1632",331,2005-11-26,11.91,12.854,14.4594
"1633",332,2005-11-27,11.3,12.8393,14.4613
"1634",333,2005-11-28,11.34,12.8235,14.4604
"1635",334,2005-11-29,11.71,12.807,14.4525
"1636",335,2005-11-30,12.09,12.7899,14.4422
"1637",336,2005-12-01,12.3,12.7727,14.4294
"1638",337,2005-12-02,12.03,12.7554,14.4161
"1639",338,2005-12-03,11.82,12.7386,14.4022
"1640",339,2005-12-04,11.59,12.722,14.3883
"1641",340,2005-12-05,12.02,12.705,14.3737
"1642",341,2005-12-06,12.2,12.6882,14.3584
"1643",342,2005-12-07,11.66,12.6717,14.3422
"1644",343,2005-12-08,11.74,12.6552,14.3255
"1645",344,2005-12-09,11.77,12.639,14.3071
"1646",345,2005-12-10,11.92,12.6234,14.2867
"1647",346,2005-12-11,12.1,12.6082,14.2649
"1648",347,2005-12-12,11.86,12.5926,14.2255
"1649",348,2005-12-13,11.77,12.5773,14.1812
"1650",349,2005-12-14,11.7,12.5619,14.1375
"1651",350,2005-12-15,11.77,12.5472,14.0973
"1652",351,2005-12-16,11.79,12.5329,14.0531
"1653",352,2005-12-17,11.78,12.5182,14.0077
"1654",353,2005-12-18,12.15,12.5032,13.9622
"1655",354,2005-12-19,12.41,12.4888,13.9168
"1656",355,2005-12-20,12.71,12.475,13.8719
"1657",356,2005-12-21,12.98,12.4615,13.8266
"1658",357,2005-12-22,NA,12.4482,13.7806
"1659",358,2005-12-23,13.07,12.4354,13.7381
"1660",359,2005-12-24,12.75,12.4226,13.6963
"1661",360,2005-12-25,13.06,12.4101,13.6583
"1662",361,2005-12-26,13.09,12.3975,13.6238
"1663",362,2005-12-27,12.98,12.3852,13.5926
"1664",363,2005-12-28,13.17,12.3735,13.5667
"1665",364,2005-12-29,12.79,12.3626,13.5453
"1666",365,2005-12-30,12.7,12.3522,13.5268
"1667",366,2005-12-31,13.18,12.3417,13.5091
"1668",1,2006-01-01,12.98,12.3308,13.4914
"1669",2,2006-01-02,13.08,12.3201,13.4734
"1670",3,2006-01-03,12.94,12.3098,13.4559
"1671",4,2006-01-04,13.12,12.2995,13.4385
"1672",5,2006-01-05,13.04,12.2896,13.4208
"1673",6,2006-01-06,12.97,12.2804,13.4039
"1674",7,2006-01-07,13.07,12.2717,13.3872
"1675",8,2006-01-08,12.77,12.2639,13.3705
"1676",9,2006-01-09,12.54,12.257,13.3548
"1677",10,2006-01-10,12.58,12.25,13.3408
"1678",11,2006-01-11,12.71,12.2439,13.3285
"1679",12,2006-01-12,12.52,12.2394,13.3332
"1680",13,2006-01-13,12.55,12.2353,13.343
"1681",14,2006-01-14,12.69,12.2318,13.3548
"1682",15,2006-01-15,12.21,12.2284,13.3662
"1683",16,2006-01-16,12.17,12.2246,13.3772
"1684",17,2006-01-17,12.4,12.2207,13.387
"1685",18,2006-01-18,12.77,12.2169,13.3952
"1686",19,2006-01-19,NA,12.2127,13.402
"1687",20,2006-01-20,11.86,12.2078,13.4044
"1688",21,2006-01-21,11.92,12.2027,13.4062
"1689",22,2006-01-22,12.01,12.1973,13.4068
"1690",23,2006-01-23,11.91,12.1913,13.4038
"1691",24,2006-01-24,11.97,12.1852,13.3994
"1692",25,2006-01-25,11.95,12.1789,13.393
"1693",26,2006-01-26,12.3,12.1722,13.3855
"1694",27,2006-01-27,11.68,12.1656,13.3781
"1695",28,2006-01-28,11.88,12.1589,13.3692
"1696",29,2006-01-29,12.07,12.1518,13.3601
"1697",30,2006-01-30,11.98,12.1439,13.3508
"1698",31,2006-01-31,11.64,12.1357,13.3409
"1699",32,2006-02-01,11.71,12.127,13.3314
"1700",33,2006-02-02,12.05,12.1174,13.3222
"1701",34,2006-02-03,11.91,12.1065,13.3131
"1702",35,2006-02-04,11.69,12.0944,13.3051
"1703",36,2006-02-05,11.39,12.0818,13.2979
"1704",37,2006-02-06,11.22,12.0693,13.2923
"1705",38,2006-02-07,11.6,12.0564,13.2882
"1706",39,2006-02-08,11.52,12.0428,13.2848
"1707",40,2006-02-09,11.53,12.0283,13.2804
"1708",41,2006-02-10,11.79,12.0141,13.2761
"1709",42,2006-02-11,11.16,11.9996,13.2723
"1710",43,2006-02-12,11,11.9854,13.2677
"1711",44,2006-02-13,11.22,11.972,13.2626
"1712",45,2006-02-14,11.18,11.9598,13.257
"1713",46,2006-02-15,10.7,11.9491,13.2529
"1714",47,2006-02-16,10.06,11.9397,13.2468
"1715",48,2006-02-17,10.14,11.9304,13.2402
"1716",49,2006-02-18,9.98,11.9211,13.2345
"1717",50,2006-02-19,10.06,11.912,13.23
"1718",51,2006-02-20,10.32,11.903,13.2294
"1719",52,2006-02-21,10.73,11.8942,13.2295
"1720",53,2006-02-22,10.62,11.8859,13.2304
"1721",54,2006-02-23,10.91,11.8775,13.2309
"1722",55,2006-02-24,10.86,11.8683,13.2325
"1723",56,2006-02-25,10.99,11.8585,13.2334
"1724",57,2006-02-26,11.39,11.8484,13.2329
"1725",58,2006-02-27,11.5,11.837,13.2318
"1726",59,2006-02-28,11.99,11.8254,13.2311
"1727",61,2006-03-01,12.13,11.8028,13.2275
"1728",62,2006-03-02,12.18,11.7932,13.2275
"1729",63,2006-03-03,12.35,11.784,13.2255
"1730",64,2006-03-04,12.06,11.7746,13.2226
"1731",65,2006-03-05,11.94,11.7655,13.2192
"1732",66,2006-03-06,12.11,11.7568,13.2147
"1733",67,2006-03-07,12.4,11.7478,13.2097
"1734",68,2006-03-08,11.88,11.7381,13.2028
"1735",69,2006-03-09,11.97,11.7288,13.1937
"1736",70,2006-03-10,11.14,11.7201,13.1831
"1737",71,2006-03-11,11.12,11.7118,13.173
"1738",72,2006-03-12,11.05,11.7035,13.1629
"1739",73,2006-03-13,11.21,11.6942,13.1512
"1740",74,2006-03-14,11.42,11.6834,13.1378
"1741",75,2006-03-15,11.67,11.6714,13.1237
"1742",76,2006-03-16,11.72,11.6577,13.1093
"1743",77,2006-03-17,11.62,11.6425,13.0896
"1744",78,2006-03-18,11.61,11.6262,13.0714
"1745",79,2006-03-19,10.89,11.6098,13.0549
"1746",80,2006-03-20,10.5,11.5925,13.0392
"1747",81,2006-03-21,10.21,11.5741,13.0225
"1748",82,2006-03-22,10.9,11.5552,13.0033
"1749",83,2006-03-23,11.11,11.5342,12.9807
"1750",84,2006-03-24,11.42,11.5116,12.9584
"1751",85,2006-03-25,11.75,11.4887,12.9371
"1752",86,2006-03-26,10.68,11.4655,12.9158
"1753",87,2006-03-27,11.2,11.442,12.8964
"1754",88,2006-03-28,11.28,11.4191,12.8769
"1755",89,2006-03-29,11.37,11.3968,12.856
"1756",90,2006-03-30,11.66,11.3741,12.8345
"1757",91,2006-03-31,11.86,11.3516,12.8111
"1758",92,2006-04-01,12.13,11.3292,12.7882
"1759",93,2006-04-02,12.1,11.3055,12.7621
"1760",94,2006-04-03,12.3,11.2827,12.7383
"1761",95,2006-04-04,12.11,11.2624,12.7169
"1762",96,2006-04-05,12.11,11.2445,12.6968
"1763",97,2006-04-06,11.72,11.2288,12.6767
"1764",98,2006-04-07,12.14,11.215,12.655
"1765",99,2006-04-08,12.21,11.2016,12.633
"1766",100,2006-04-09,12.5,11.1888,12.6117
"1767",101,2006-04-10,NA,11.176,12.59
"1768",102,2006-04-11,13.53,11.1639,12.5694
"1769",103,2006-04-12,13.03,11.1523,12.5498
"1770",104,2006-04-13,13.08,11.1429,12.5345
"1771",105,2006-04-14,13.52,11.1358,12.5216
"1772",106,2006-04-15,12.76,11.1294,12.5089
"1773",107,2006-04-16,12.83,11.1236,12.4966
"1774",108,2006-04-17,12.96,11.1193,12.4895
"1775",109,2006-04-18,12.51,11.1169,12.4855
"1776",110,2006-04-19,12.47,11.1167,12.4855
"1777",111,2006-04-20,12.3,11.1188,12.4888
"1778",112,2006-04-21,11.88,11.1244,12.4971
"1779",113,2006-04-22,11.58,11.1317,12.5077
"1780",114,2006-04-23,12.35,11.1419,12.5213
"1781",115,2006-04-24,13.28,11.1548,12.5352
"1782",116,2006-04-25,13.08,11.1689,12.5496
"1783",117,2006-04-26,11.97,11.1862,12.5662
"1784",118,2006-04-27,11.92,11.205,12.5835
"1785",119,2006-04-28,11.59,11.2245,12.6026
"1786",120,2006-04-29,12.56,11.2452,12.6239
"1787",121,2006-04-30,12.06,11.2669,12.6461
"1788",122,2006-05-01,11.78,11.2882,12.6687
"1789",123,2006-05-02,11.53,11.308,12.6901
"1790",124,2006-05-03,11.8,11.3284,12.7126
"1791",125,2006-05-04,12.13,11.3487,12.7347
"1792",126,2006-05-05,NA,11.3678,12.755
"1793",127,2006-05-06,NA,11.3857,12.774
"1794",128,2006-05-07,NA,11.401,12.7909
"1795",129,2006-05-08,11.7,11.4153,12.8054
"1796",130,2006-05-09,11.69,11.43,12.8203
"1797",131,2006-05-10,11.6,11.4438,12.833
"1798",132,2006-05-11,12.6,11.4575,12.8456
"1799",133,2006-05-12,11.66,11.4721,12.8573
"1800",134,2006-05-13,11.45,11.4891,12.8697
"1801",135,2006-05-14,11.29,11.507,12.884
"1802",136,2006-05-15,10.74,11.5251,12.9003
"1803",137,2006-05-16,11.6,11.5446,12.9172
"1804",138,2006-05-17,10.59,11.5658,12.9371
"1805",139,2006-05-18,10.95,11.5873,12.9606
"1806",140,2006-05-19,11.24,11.6088,12.9846
"1807",141,2006-05-20,10.85,11.6292,13.0048
"1808",142,2006-05-21,12.79,11.6498,13.0215
"1809",143,2006-05-22,12.65,11.6703,13.0392
"1810",144,2006-05-23,13.82,11.6911,13.0592
"1811",145,2006-05-24,14.66,11.7124,13.0791
"1812",146,2006-05-25,14.48,11.7346,13.1022
"1813",147,2006-05-26,12.7,11.7574,13.128
"1814",148,2006-05-27,11.83,11.7788,13.1517
"1815",149,2006-05-28,11.18,11.7996,13.1735
"1816",150,2006-05-29,11.19,11.8214,13.1961
"1817",151,2006-05-30,11.37,11.8449,13.223
"1818",152,2006-05-31,10.96,11.8715,13.2528
"1819",153,2006-06-01,10.77,11.9007,13.2855
"1820",154,2006-06-02,NA,11.9311,13.3184
"1821",155,2006-06-03,NA,11.9623,13.3513
"1822",156,2006-06-04,NA,11.9937,13.3876
"1823",157,2006-06-05,14.24,12.0247,13.4238
"1824",158,2006-06-06,12.01,12.0566,13.4607
"1825",159,2006-06-07,11.63,12.0911,13.5044
"1826",160,2006-06-08,12.14,12.1278,13.5579
"1827",161,2006-06-09,11.74,12.166,13.6107
"1828",162,2006-06-10,11.06,12.2042,13.6657
"1829",163,2006-06-11,11.48,12.2434,13.723
"1830",164,2006-06-12,11.99,12.2828,13.7816
"1831",165,2006-06-13,12.87,12.3224,13.8396
"1832",166,2006-06-14,13.59,12.3621,13.8969
"1833",167,2006-06-15,11.99,12.4026,13.9526
"1834",168,2006-06-16,10.65,12.443,14.0085
"1835",169,2006-06-17,11.45,12.4823,14.0608
"1836",170,2006-06-18,12.53,12.5207,14.107
"1837",171,2006-06-19,12.23,12.5579,14.1478
"1838",172,2006-06-20,11.25,12.5956,14.1913
"1839",173,2006-06-21,11.85,12.6332,14.2357
"1840",174,2006-06-22,12.08,12.6691,14.2764
"1841",175,2006-06-23,13.62,12.7047,14.3154
"1842",176,2006-06-24,14.56,12.7389,14.3538
"1843",177,2006-06-25,14.11,12.7709,14.3876
"1844",178,2006-06-26,13.64,12.8006,14.4186
"1845",179,2006-06-27,13.54,12.8304,14.4502
"1846",180,2006-06-28,13.92,12.8625,14.4885
"1847",181,2006-06-29,13.07,12.8958,14.5295
"1848",182,2006-06-30,12.23,12.9286,14.5699
"1849",183,2006-07-01,12.45,12.9586,14.6066
"1850",184,2006-07-02,12.88,12.9869,14.6411
"1851",185,2006-07-03,12.98,13.0169,14.6788
"1852",186,2006-07-04,12.93,13.0475,14.7196
"1853",187,2006-07-05,12.78,13.0787,14.7557
"1854",188,2006-07-06,12.64,13.1127,14.7917
"1855",189,2006-07-07,12.6,13.1477,14.8293
"1856",190,2006-07-08,11.98,13.1825,14.8614
"1857",191,2006-07-09,11.32,13.216,14.8889
"1858",192,2006-07-10,11.41,13.249,14.9182
"1859",193,2006-07-11,12.19,13.283,14.9471
"1860",194,2006-07-12,11.69,13.3172,14.9713
"1861",195,2006-07-13,11.39,13.3517,14.9946
"1862",196,2006-07-14,10.85,13.3831,15.0159
"1863",197,2006-07-15,11.39,13.4113,15.033
"1864",198,2006-07-16,12.17,13.4382,15.0506
"1865",199,2006-07-17,12.74,13.4634,15.0712
"1866",200,2006-07-18,13.7,13.4876,15.0933
"1867",201,2006-07-19,15.14,13.5114,15.1169
"1868",202,2006-07-20,15.36,13.5343,15.1391
"1869",203,2006-07-21,15.47,13.5553,15.1582
"1870",204,2006-07-22,14.26,13.5754,15.1789
"1871",205,2006-07-23,12.48,13.5961,15.1995
"1872",206,2006-07-24,12.84,13.6151,15.2206
"1873",207,2006-07-25,12.4,13.6341,15.2421
"1874",208,2006-07-26,14.21,13.6541,15.2668
"1875",209,2006-07-27,14.68,13.6753,15.2906
"1876",210,2006-07-28,15.14,13.6964,15.3108
"1877",211,2006-07-29,16.12,13.7166,15.3244
"1878",212,2006-07-30,16.06,13.735,15.338
"1879",213,2006-07-31,14.79,13.7528,15.3498
"1880",214,2006-08-01,13.01,13.7711,15.3616
"1881",215,2006-08-02,13.23,13.7891,15.3745
"1882",216,2006-08-03,13.47,13.8056,15.3857
"1883",217,2006-08-04,14.17,13.8224,15.3976
"1884",218,2006-08-05,16.34,13.8397,15.4148
"1885",219,2006-08-06,16.79,13.8559,15.4348
"1886",220,2006-08-07,15.66,13.8703,15.4544
"1887",221,2006-08-08,15.07,13.8835,15.4746
"1888",222,2006-08-09,14.45,13.8965,15.4938
"1889",223,2006-08-10,14.16,13.9093,15.5113
"1890",224,2006-08-11,13.97,13.9209,15.5274
"1891",225,2006-08-12,13.98,13.9302,15.5457
"1892",226,2006-08-13,15.03,13.9376,15.5607
"1893",227,2006-08-14,17,13.9451,15.5736
"1894",228,2006-08-15,15.79,13.9525,15.5863
"1895",229,2006-08-16,15.55,13.9581,15.597
"1896",230,2006-08-17,15.34,13.9626,15.6042
"1897",231,2006-08-18,15.59,13.9675,15.611
"1898",232,2006-08-19,15.96,13.9728,15.6177
"1899",233,2006-08-20,15.55,13.9775,15.6231
"1900",234,2006-08-21,14.62,13.9817,15.6257
"1901",235,2006-08-22,14.35,13.9853,15.624
"1902",236,2006-08-23,13.7,13.989,15.6223
"1903",237,2006-08-24,13.18,13.9934,15.6196
"1904",238,2006-08-25,13.32,13.9973,15.6158
"1905",239,2006-08-26,13.59,14.0008,15.6111
"1906",240,2006-08-27,14.33,14.0036,15.6058
"1907",241,2006-08-28,14.71,14.0049,15.6035
"1908",242,2006-08-29,14.03,14.0037,15.6013
"1909",243,2006-08-30,12.96,14.0006,15.5961
"1910",244,2006-08-31,13.22,13.9957,15.5893
"1911",245,2006-09-01,14.35,13.9898,15.5829
"1912",246,2006-09-02,15.21,13.9834,15.5762
"1913",247,2006-09-03,15.32,13.9763,15.5691
"1914",248,2006-09-04,14.13,13.9671,15.5583
"1915",249,2006-09-05,13.89,13.9559,15.5435
"1916",250,2006-09-06,12.81,13.9426,15.5255
"1917",251,2006-09-07,12.57,13.9286,15.5049
"1918",252,2006-09-08,12.93,13.9146,15.4835
"1919",253,2006-09-09,13.56,13.9005,15.4622
"1920",254,2006-09-10,12.88,13.8856,15.4401
"1921",255,2006-09-11,12.79,13.8703,15.4187
"1922",256,2006-09-12,12.73,13.8553,15.3979
"1923",257,2006-09-13,12.62,13.8391,15.3786
"1924",258,2006-09-14,12.96,13.8218,15.3617
"1925",259,2006-09-15,13.56,13.8046,15.3445
"1926",260,2006-09-16,13.56,13.7878,15.3255
"1927",261,2006-09-17,12.97,13.7711,15.3062
"1928",262,2006-09-18,12.85,13.754,15.2856
"1929",263,2006-09-19,12.8,13.7358,15.2645
"1930",264,2006-09-20,12.91,13.7176,15.2487
"1931",265,2006-09-21,12.91,13.7,15.2375
"1932",266,2006-09-22,13,13.6823,15.2289
"1933",267,2006-09-23,14.72,13.6632,15.219
"1934",268,2006-09-24,14.41,13.6445,15.2082
"1935",269,2006-09-25,15.06,13.6261,15.1983
"1936",270,2006-09-26,13.88,13.6079,15.1879
"1937",271,2006-09-27,14.42,13.5907,15.1795
"1938",272,2006-09-28,14.39,13.575,15.1715
"1939",273,2006-09-29,14.23,13.5613,15.1649
"1940",274,2006-09-30,14.73,13.5499,15.1579
"1941",275,2006-10-01,14.84,13.5401,15.153
"1942",276,2006-10-02,15.24,13.5305,15.1476
"1943",277,2006-10-03,15.18,13.522,15.1442
"1944",278,2006-10-04,15.26,13.5145,15.1387
"1945",279,2006-10-05,15.02,13.5082,15.1328
"1946",280,2006-10-06,14.64,13.5029,15.1192
"1947",281,2006-10-07,13.88,13.4976,15.1035
"1948",282,2006-10-08,14.02,13.492,15.0888
"1949",283,2006-10-09,13.92,13.4854,15.0737
"1950",284,2006-10-10,14.73,13.4767,15.0583
"1951",285,2006-10-11,14.96,13.4666,15.0452
"1952",286,2006-10-12,14.81,13.456,15.0323
"1953",287,2006-10-13,15.18,13.4458,15.0204
"1954",288,2006-10-14,14.75,13.4366,15.0097
"1955",289,2006-10-15,14.33,13.4276,14.9999
"1956",290,2006-10-16,13.8,13.4178,14.9899
"1957",291,2006-10-17,13.77,13.4074,14.9815
"1958",292,2006-10-18,13.2,13.3969,14.9682
"1959",293,2006-10-19,13.09,13.3863,14.9528
"1960",294,2006-10-20,13.21,13.3764,14.9318
"1961",295,2006-10-21,13.65,13.3674,14.9069
"1962",296,2006-10-22,13.8,13.3592,14.8809
"1963",297,2006-10-23,13.81,13.3516,14.8562
"1964",298,2006-10-24,13.62,13.3438,14.8317
"1965",299,2006-10-25,14.05,13.3353,14.8057
"1966",300,2006-10-26,14.2,13.3265,14.7793
"1967",301,2006-10-27,14.82,13.3174,14.7523
"1968",302,2006-10-28,14.91,13.308,14.7243
"1969",303,2006-10-29,14.55,13.2985,14.7005
"1970",304,2006-10-30,14.31,13.2883,14.678
"1971",305,2006-10-31,13.78,13.277,14.6572
"1972",306,2006-11-01,13.69,13.2649,14.6346
"1973",307,2006-11-02,13.93,13.2518,14.612
"1974",308,2006-11-03,14.99,13.2377,14.5867
"1975",309,2006-11-04,14.85,13.2228,14.5629
"1976",310,2006-11-05,14.28,13.2061,14.5389
"1977",311,2006-11-06,14.13,13.1882,14.5229
"1978",312,2006-11-07,14.05,13.1699,14.5101
"1979",313,2006-11-08,13.9,13.151,14.498
"1980",314,2006-11-09,13.09,13.1319,14.487
"1981",315,2006-11-10,12.66,13.1133,14.4755
"1982",316,2006-11-11,12.81,13.0948,14.4647
"1983",317,2006-11-12,12.55,13.076,14.4546
"1984",318,2006-11-13,12.53,13.0568,14.4424
"1985",319,2006-11-14,12.98,13.0369,14.4272
"1986",320,2006-11-15,12.12,13.0173,14.416
"1987",321,2006-11-16,12.41,12.9997,14.4073
"1988",322,2006-11-17,12.94,12.9836,14.3995
"1989",323,2006-11-18,13,12.9683,14.3976
"1990",324,2006-11-19,12.75,12.9537,14.3983
"1991",325,2006-11-20,12.55,12.9393,14.4061
"1992",326,2006-11-21,12.74,12.9248,14.4184
"1993",327,2006-11-22,12.77,12.9102,14.4301
"1994",328,2006-11-23,12.6,12.8955,14.4394
"1995",329,2006-11-24,12.21,12.8815,14.4471
"1996",330,2006-11-25,12.32,12.8679,14.4545
"1997",331,2006-11-26,12.18,12.854,14.4594
"1998",332,2006-11-27,12.53,12.8393,14.4613
"1999",333,2006-11-28,11.89,12.8235,14.4604
"2000",334,2006-11-29,11.44,12.807,14.4525
"2001",335,2006-11-30,11.31,12.7899,14.4422
"2002",336,2006-12-01,11.76,12.7727,14.4294
"2003",337,2006-12-02,NA,12.7554,14.4161
"2004",338,2006-12-03,12.08,12.7386,14.4022
"2005",339,2006-12-04,12.37,12.722,14.3883
"2006",340,2006-12-05,12.28,12.705,14.3737
"2007",341,2006-12-06,12.22,12.6882,14.3584
"2008",342,2006-12-07,12.26,12.6717,14.3422
"2009",343,2006-12-08,12.41,12.6552,14.3255
"2010",344,2006-12-09,13.22,12.639,14.3071
"2011",345,2006-12-10,13.37,12.6234,14.2867
"2012",346,2006-12-11,13.08,12.6082,14.2649
"2013",347,2006-12-12,13.27,12.5926,14.2255
"2014",348,2006-12-13,13.27,12.5773,14.1812
"2015",349,2006-12-14,13.37,12.5619,14.1375
"2016",350,2006-12-15,13.33,12.5472,14.0973
"2017",351,2006-12-16,12.74,12.5329,14.0531
"2018",352,2006-12-17,12.52,12.5182,14.0077
"2019",353,2006-12-18,11.96,12.5032,13.9622
"2020",354,2006-12-19,11.99,12.4888,13.9168
"2021",355,2006-12-20,12.08,12.475,13.8719
"2022",356,2006-12-21,12.5,12.4615,13.8266
"2023",357,2006-12-22,12.49,12.4482,13.7806
"2024",358,2006-12-23,12.35,12.4354,13.7381
"2025",359,2006-12-24,12.33,12.4226,13.6963
"2026",360,2006-12-25,12.51,12.4101,13.6583
"2027",361,2006-12-26,12.66,12.3975,13.6238
"2028",362,2006-12-27,12.73,12.3852,13.5926
"2029",363,2006-12-28,11.22,12.3735,13.5667
"2030",364,2006-12-29,10.75,12.3626,13.5453
"2031",365,2006-12-30,11.17,12.3522,13.5268
"2032",366,2006-12-31,11.64,12.3417,13.5091
"2033",1,2007-01-01,11.67,12.3308,13.4914
"2034",2,2007-01-02,11.86,12.3201,13.4734
"2035",3,2007-01-03,11.99,12.3098,13.4559
"2036",4,2007-01-04,12.44,12.2995,13.4385
"2037",5,2007-01-05,11.19,12.2896,13.4208
"2038",6,2007-01-06,10.47,12.2804,13.4039
"2039",7,2007-01-07,10.89,12.2717,13.3872
"2040",8,2007-01-08,11.04,12.2639,13.3705
"2041",9,2007-01-09,11.15,12.257,13.3548
"2042",10,2007-01-10,11.24,12.25,13.3408
"2043",11,2007-01-11,10.53,12.2439,13.3285
"2044",12,2007-01-12,9.93,12.2394,13.3332
"2045",13,2007-01-13,9.47,12.2353,13.343
"2046",14,2007-01-14,9.83,12.2318,13.3548
"2047",15,2007-01-15,10.04,12.2284,13.3662
"2048",16,2007-01-16,10.28,12.2246,13.3772
"2049",17,2007-01-17,10.24,12.2207,13.387
"2050",18,2007-01-18,10.24,12.2169,13.3952
"2051",19,2007-01-19,10.33,12.2127,13.402
"2052",20,2007-01-20,10.35,12.2078,13.4044
"2053",21,2007-01-21,10.37,12.2027,13.4062
"2054",22,2007-01-22,10.38,12.1973,13.4068
"2055",23,2007-01-23,10.55,12.1913,13.4038
"2056",24,2007-01-24,10.52,12.1852,13.3994
"2057",25,2007-01-25,10.68,12.1789,13.393
"2058",26,2007-01-26,10.74,12.1722,13.3855
"2059",27,2007-01-27,10.9,12.1656,13.3781
"2060",28,2007-01-28,11.54,12.1589,13.3692
"2061",29,2007-01-29,11.56,12.1518,13.3601
"2062",30,2007-01-30,11.48,12.1439,13.3508
"2063",31,2007-01-31,11.38,12.1357,13.3409
"2064",32,2007-02-01,11.36,12.127,13.3314
"2065",33,2007-02-02,11.08,12.1174,13.3222
"2066",34,2007-02-03,11.21,12.1065,13.3131
"2067",35,2007-02-04,11.36,12.0944,13.3051
"2068",36,2007-02-05,11.49,12.0818,13.2979
"2069",37,2007-02-06,11.43,12.0693,13.2923
"2070",38,2007-02-07,11.66,12.0564,13.2882
"2071",39,2007-02-08,11.82,12.0428,13.2848
"2072",40,2007-02-09,12.03,12.0283,13.2804
"2073",41,2007-02-10,12.11,12.0141,13.2761
"2074",42,2007-02-11,12.24,11.9996,13.2723
"2075",43,2007-02-12,12.01,11.9854,13.2677
"2076",44,2007-02-13,12.01,11.972,13.2626
"2077",45,2007-02-14,11.93,11.9598,13.257
"2078",46,2007-02-15,11.96,11.9491,13.2529
"2079",47,2007-02-16,11.96,11.9397,13.2468
"2080",48,2007-02-17,12.12,11.9304,13.2402
"2081",49,2007-02-18,12.28,11.9211,13.2345
"2082",50,2007-02-19,11.63,11.912,13.23
"2083",51,2007-02-20,11.51,11.903,13.2294
"2084",52,2007-02-21,11.1,11.8942,13.2295
"2085",53,2007-02-22,11.82,11.8859,13.2304
"2086",54,2007-02-23,11.81,11.8775,13.2309
"2087",55,2007-02-24,11.4,11.8683,13.2325
"2088",56,2007-02-25,11.53,11.8585,13.2334
"2089",57,2007-02-26,11.77,11.8484,13.2329
"2090",58,2007-02-27,11.37,11.837,13.2318
"2091",59,2007-02-28,11.26,11.8254,13.2311
"2092",61,2007-03-01,11.24,11.8028,13.2275
"2093",62,2007-03-02,11.15,11.7932,13.2275
"2094",63,2007-03-03,11.35,11.784,13.2255
"2095",64,2007-03-04,11.36,11.7746,13.2226
"2096",65,2007-03-05,11.84,11.7655,13.2192
"2097",66,2007-03-06,11.78,11.7568,13.2147
"2098",67,2007-03-07,11.69,11.7478,13.2097
"2099",68,2007-03-08,11.5,11.7381,13.2028
"2100",69,2007-03-09,10.84,11.7288,13.1937
"2101",70,2007-03-10,10.75,11.7201,13.1831
"2102",71,2007-03-11,10.95,11.7118,13.173
"2103",72,2007-03-12,11.02,11.7035,13.1629
"2104",73,2007-03-13,10.9,11.6942,13.1512
"2105",74,2007-03-14,10.36,11.6834,13.1378
"2106",75,2007-03-15,10.43,11.6714,13.1237
"2107",76,2007-03-16,10.8,11.6577,13.1093
"2108",77,2007-03-17,11.53,11.6425,13.0896
"2109",78,2007-03-18,11.17,11.6262,13.0714
"2110",79,2007-03-19,10.74,11.6098,13.0549
"2111",80,2007-03-20,10.74,11.5925,13.0392
"2112",81,2007-03-21,10.86,11.5741,13.0225
"2113",82,2007-03-22,10.42,11.5552,13.0033
"2114",83,2007-03-23,10.72,11.5342,12.9807
"2115",84,2007-03-24,10.66,11.5116,12.9584
"2116",85,2007-03-25,11.05,11.4887,12.9371
"2117",86,2007-03-26,10.86,11.4655,12.9158
"2118",87,2007-03-27,10.72,11.442,12.8964
"2119",88,2007-03-28,9.93,11.4191,12.8769
"2120",89,2007-03-29,9.59,11.3968,12.856
"2121",90,2007-03-30,10.22,11.3741,12.8345
"2122",91,2007-03-31,10.68,11.3516,12.8111
"2123",92,2007-04-01,11.27,11.3292,12.7882
"2124",93,2007-04-02,11.06,11.3055,12.7621
"2125",94,2007-04-03,10.56,11.2827,12.7383
"2126",95,2007-04-04,10.15,11.2624,12.7169
"2127",96,2007-04-05,10.13,11.2445,12.6968
"2128",97,2007-04-06,10.02,11.2288,12.6767
"2129",98,2007-04-07,10.09,11.215,12.655
"2130",99,2007-04-08,10.7,11.2016,12.633
"2131",100,2007-04-09,10.28,11.1888,12.6117
"2132",101,2007-04-10,10.39,11.176,12.59
"2133",102,2007-04-11,10.03,11.1639,12.5694
"2134",103,2007-04-12,9.76,11.1523,12.5498
"2135",104,2007-04-13,9.29,11.1429,12.5345
"2136",105,2007-04-14,9.9,11.1358,12.5216
"2137",106,2007-04-15,10.05,11.1294,12.5089
"2138",107,2007-04-16,9.93,11.1236,12.4966
"2139",108,2007-04-17,10.36,11.1193,12.4895
"2140",109,2007-04-18,10.17,11.1169,12.4855
"2141",110,2007-04-19,9.59,11.1167,12.4855
"2142",111,2007-04-20,9.37,11.1188,12.4888
"2143",112,2007-04-21,9.7,11.1244,12.4971
"2144",113,2007-04-22,9.78,11.1317,12.5077
"2145",114,2007-04-23,9.98,11.1419,12.5213
"2146",115,2007-04-24,10.05,11.1548,12.5352
"2147",116,2007-04-25,NA,11.1689,12.5496
"2148",117,2007-04-26,NA,11.1862,12.5662
"2149",118,2007-04-27,10.2,11.205,12.5835
"2150",119,2007-04-28,10.4,11.2245,12.6026
"2151",120,2007-04-29,10.21,11.2452,12.6239
"2152",121,2007-04-30,10.32,11.2669,12.6461
"2153",122,2007-05-01,10.78,11.2882,12.6687
"2154",123,2007-05-02,10.24,11.308,12.6901
"2155",124,2007-05-03,10.42,11.3284,12.7126
"2156",125,2007-05-04,9.69,11.3487,12.7347
"2157",126,2007-05-05,9.81,11.3678,12.755
"2158",127,2007-05-06,9.62,11.3857,12.774
"2159",128,2007-05-07,10.24,11.401,12.7909
"2160",129,2007-05-08,12.46,11.4153,12.8054
"2161",130,2007-05-09,12.01,11.43,12.8203
"2162",131,2007-05-10,NA,11.4438,12.833
"2163",132,2007-05-11,NA,11.4575,12.8456
"2164",133,2007-05-12,11.44,11.4721,12.8573
"2165",134,2007-05-13,12.36,11.4891,12.8697
"2166",135,2007-05-14,10.97,11.507,12.884
"2167",136,2007-05-15,10.82,11.5251,12.9003
"2168",137,2007-05-16,11.31,11.5446,12.9172
"2169",138,2007-05-17,10.85,11.5658,12.9371
"2170",139,2007-05-18,10.85,11.5873,12.9606
"2171",140,2007-05-19,10.76,11.6088,12.9846
"2172",141,2007-05-20,10.26,11.6292,13.0048
"2173",142,2007-05-21,10.38,11.6498,13.0215
"2174",143,2007-05-22,9.66,11.6703,13.0392
"2175",144,2007-05-23,NA,11.6911,13.0592
"2176",145,2007-05-24,NA,11.7124,13.0791
"2177",146,2007-05-25,13.26,11.7346,13.1022
"2178",147,2007-05-26,12.31,11.7574,13.128
"2179",148,2007-05-27,10.25,11.7788,13.1517
"2180",149,2007-05-28,10.97,11.7996,13.1735
"2181",150,2007-05-29,10.73,11.8214,13.1961
"2182",151,2007-05-30,11.54,11.8449,13.223
"2183",152,2007-05-31,11.63,11.8715,13.2528
"2184",153,2007-06-01,11.76,11.9007,13.2855
"2185",154,2007-06-02,11.11,11.9311,13.3184
"2186",155,2007-06-03,11.26,11.9623,13.3513
"2187",156,2007-06-04,11.35,11.9937,13.3876
"2188",157,2007-06-05,10.88,12.0247,13.4238
"2189",158,2007-06-06,10.8,12.0566,13.4607
"2190",159,2007-06-07,10.35,12.0911,13.5044
"2191",160,2007-06-08,12.51,12.1278,13.5579
"2192",161,2007-06-09,12.12,12.166,13.6107
"2193",162,2007-06-10,12.31,12.2042,13.6657
"2194",163,2007-06-11,12.59,12.2434,13.723
"2195",164,2007-06-12,11.42,12.2828,13.7816
"2196",165,2007-06-13,11.43,12.3224,13.8396
"2197",166,2007-06-14,11.99,12.3621,13.8969
"2198",167,2007-06-15,12.42,12.4026,13.9526
"2199",168,2007-06-16,13.55,12.443,14.0085
"2200",169,2007-06-17,10.98,12.4823,14.0608
"2201",170,2007-06-18,11.55,12.5207,14.107
"2202",171,2007-06-19,13.41,12.5579,14.1478
"2203",172,2007-06-20,13.97,12.5956,14.1913
"2204",173,2007-06-21,15.26,12.6332,14.2357
"2205",174,2007-06-22,14.64,12.6691,14.2764
"2206",175,2007-06-23,13.93,12.7047,14.3154
"2207",176,2007-06-24,13.33,12.7389,14.3538
"2208",177,2007-06-25,13.19,12.7709,14.3876
"2209",178,2007-06-26,12.51,12.8006,14.4186
"2210",179,2007-06-27,12.47,12.8304,14.4502
"2211",180,2007-06-28,13.02,12.8625,14.4885
"2212",181,2007-06-29,13.14,12.8958,14.5295
"2213",182,2007-06-30,12.22,12.9286,14.5699
"2214",183,2007-07-01,11.96,12.9586,14.6066
"2215",184,2007-07-02,11.98,12.9869,14.6411
"2216",185,2007-07-03,12.7,13.0169,14.6788
"2217",186,2007-07-04,10.57,13.0475,14.7196
"2218",187,2007-07-05,11.81,13.0787,14.7557
"2219",188,2007-07-06,13.43,13.1127,14.7917
"2220",189,2007-07-07,13.44,13.1477,14.8293
"2221",190,2007-07-08,11.94,13.1825,14.8614
"2222",191,2007-07-09,11.75,13.216,14.8889
"2223",192,2007-07-10,13.67,13.249,14.9182
"2224",193,2007-07-11,13.67,13.283,14.9471
"2225",194,2007-07-12,14.52,13.3172,14.9713
"2226",195,2007-07-13,14.73,13.3517,14.9946
"2227",196,2007-07-14,14.21,13.3831,15.0159
"2228",197,2007-07-15,14.54,13.4113,15.033
"2229",198,2007-07-16,14.14,13.4382,15.0506
"2230",199,2007-07-17,13.3,13.4634,15.0712
"2231",200,2007-07-18,13.95,13.4876,15.0933
"2232",201,2007-07-19,13.74,13.5114,15.1169
"2233",202,2007-07-20,NA,13.5343,15.1391
"2234",203,2007-07-21,NA,13.5553,15.1582
"2235",204,2007-07-22,NA,13.5754,15.1789
"2236",205,2007-07-23,NA,13.5961,15.1995
"2237",206,2007-07-24,NA,13.6151,15.2206
"2238",207,2007-07-25,NA,13.6341,15.2421
"2239",208,2007-07-26,NA,13.6541,15.2668
"2240",209,2007-07-27,NA,13.6753,15.2906
"2241",210,2007-07-28,NA,13.6964,15.3108
"2242",211,2007-07-29,NA,13.7166,15.3244
"2243",212,2007-07-30,NA,13.735,15.338
"2244",213,2007-07-31,13.13,13.7528,15.3498
"2245",214,2007-08-01,12.56,13.7711,15.3616
"2246",215,2007-08-02,13.55,13.7891,15.3745
"2247",216,2007-08-03,13.66,13.8056,15.3857
"2248",217,2007-08-04,12.42,13.8224,15.3976
"2249",218,2007-08-05,11.92,13.8397,15.4148
"2250",219,2007-08-06,12.84,13.8559,15.4348
"2251",220,2007-08-07,13.63,13.8703,15.4544
"2252",221,2007-08-08,13.63,13.8835,15.4746
"2253",222,2007-08-09,13.02,13.8965,15.4938
"2254",223,2007-08-10,12.2,13.9093,15.5113
"2255",224,2007-08-11,14.67,13.9209,15.5274
"2256",225,2007-08-12,13.6,13.9302,15.5457
"2257",226,2007-08-13,13.23,13.9376,15.5607
"2258",227,2007-08-14,13.28,13.9451,15.5736
"2259",228,2007-08-15,13,13.9525,15.5863
"2260",229,2007-08-16,13.65,13.9581,15.597
"2261",230,2007-08-17,13.1,13.9626,15.6042
"2262",231,2007-08-18,12.69,13.9675,15.611
"2263",232,2007-08-19,13.62,13.9728,15.6177
"2264",233,2007-08-20,14.04,13.9775,15.6231
"2265",234,2007-08-21,13.62,13.9817,15.6257
"2266",235,2007-08-22,13.1,13.9853,15.624
"2267",236,2007-08-23,13.08,13.989,15.6223
"2268",237,2007-08-24,14.3,13.9934,15.6196
"2269",238,2007-08-25,14.97,13.9973,15.6158
"2270",239,2007-08-26,14.76,14.0008,15.6111
"2271",240,2007-08-27,13.34,14.0036,15.6058
"2272",241,2007-08-28,13.91,14.0049,15.6035
"2273",242,2007-08-29,14.67,14.0037,15.6013
"2274",243,2007-08-30,15.23,14.0006,15.5961
"2275",244,2007-08-31,15.03,13.9957,15.5893
"2276",245,2007-09-01,13.85,13.9898,15.5829
"2277",246,2007-09-02,13.93,13.9834,15.5762
"2278",247,2007-09-03,14,13.9763,15.5691
"2279",248,2007-09-04,13.74,13.9671,15.5583
"2280",249,2007-09-05,13.32,13.9559,15.5435
"2281",250,2007-09-06,12.6,13.9426,15.5255
"2282",251,2007-09-07,13.44,13.9286,15.5049
"2283",252,2007-09-08,14.96,13.9146,15.4835
"2284",253,2007-09-09,15.22,13.9005,15.4622
"2285",254,2007-09-10,14.78,13.8856,15.4401
"2286",255,2007-09-11,14.96,13.8703,15.4187
"2287",256,2007-09-12,14.2,13.8553,15.3979
"2288",257,2007-09-13,14.37,13.8391,15.3786
"2289",258,2007-09-14,15.1,13.8218,15.3617
"2290",259,2007-09-15,14.78,13.8046,15.3445
"2291",260,2007-09-16,12.66,13.7878,15.3255
"2292",261,2007-09-17,13.12,13.7711,15.3062
"2293",262,2007-09-18,12.67,13.754,15.2856
"2294",263,2007-09-19,12.11,13.7358,15.2645
"2295",264,2007-09-20,11.73,13.7176,15.2487
"2296",265,2007-09-21,11.76,13.7,15.2375
"2297",266,2007-09-22,11.9,13.6823,15.2289
"2298",267,2007-09-23,13.5,13.6632,15.219
"2299",268,2007-09-24,13.48,13.6445,15.2082
"2300",269,2007-09-25,13.04,13.6261,15.1983
"2301",270,2007-09-26,13.25,13.6079,15.1879
"2302",271,2007-09-27,13.28,13.5907,15.1795
"2303",272,2007-09-28,13.56,13.575,15.1715
"2304",273,2007-09-29,13.39,13.5613,15.1649
"2305",274,2007-09-30,12.97,13.5499,15.1579
"2306",275,2007-10-01,13.18,13.5401,15.153
"2307",276,2007-10-02,13.21,13.5305,15.1476
"2308",277,2007-10-03,13.43,13.522,15.1442
"2309",278,2007-10-04,13.21,13.5145,15.1387
"2310",279,2007-10-05,12.09,13.5082,15.1328
"2311",280,2007-10-06,12.02,13.5029,15.1192
"2312",281,2007-10-07,11.83,13.4976,15.1035
"2313",282,2007-10-08,12.14,13.492,15.0888
"2314",283,2007-10-09,11.96,13.4854,15.0737
"2315",284,2007-10-10,12.35,13.4767,15.0583
"2316",285,2007-10-11,12.34,13.4666,15.0452
"2317",286,2007-10-12,12.34,13.456,15.0323
"2318",287,2007-10-13,12.93,13.4458,15.0204
"2319",288,2007-10-14,13.24,13.4366,15.0097
"2320",289,2007-10-15,12.99,13.4276,14.9999
"2321",290,2007-10-16,13.2,13.4178,14.9899
"2322",291,2007-10-17,13.64,13.4074,14.9815
"2323",292,2007-10-18,13.89,13.3969,14.9682
"2324",293,2007-10-19,14.25,13.3863,14.9528
"2325",294,2007-10-20,14.06,13.3764,14.9318
"2326",295,2007-10-21,13.16,13.3674,14.9069
"2327",296,2007-10-22,12.43,13.3592,14.8809
"2328",297,2007-10-23,13.12,13.3516,14.8562
"2329",298,2007-10-24,13.15,13.3438,14.8317
"2330",299,2007-10-25,12.34,13.3353,14.8057
"2331",300,2007-10-26,11.59,13.3265,14.7793
"2332",301,2007-10-27,12.21,13.3174,14.7523
"2333",302,2007-10-28,12.98,13.308,14.7243
"2334",303,2007-10-29,12.51,13.2985,14.7005
"2335",304,2007-10-30,12.15,13.2883,14.678
"2336",305,2007-10-31,12.11,13.277,14.6572
"2337",306,2007-11-01,12.28,13.2649,14.6346
"2338",307,2007-11-02,12.21,13.2518,14.612
"2339",308,2007-11-03,12.1,13.2377,14.5867
"2340",309,2007-11-04,12.09,13.2228,14.5629
"2341",310,2007-11-05,12.24,13.2061,14.5389
"2342",311,2007-11-06,12.22,13.1882,14.5229
"2343",312,2007-11-07,12.04,13.1699,14.5101
"2344",313,2007-11-08,12.01,13.151,14.498
"2345",314,2007-11-09,12.97,13.1319,14.487
"2346",315,2007-11-10,13.85,13.1133,14.4755
"2347",316,2007-11-11,13.69,13.0948,14.4647
"2348",317,2007-11-12,12.58,13.076,14.4546
"2349",318,2007-11-13,12.79,13.0568,14.4424
"2350",319,2007-11-14,12.9,13.0369,14.4272
"2351",320,2007-11-15,13.34,13.0173,14.416
"2352",321,2007-11-16,13.05,12.9997,14.4073
"2353",322,2007-11-17,12.85,12.9836,14.3995
"2354",323,2007-11-18,12.3,12.9683,14.3976
"2355",324,2007-11-19,11.67,12.9537,14.3983
"2356",325,2007-11-20,11.43,12.9393,14.4061
"2357",326,2007-11-21,10.89,12.9248,14.4184
"2358",327,2007-11-22,11.2,12.9102,14.4301
"2359",328,2007-11-23,11.45,12.8955,14.4394
"2360",329,2007-11-24,11.6,12.8815,14.4471
"2361",330,2007-11-25,11.6,12.8679,14.4545
"2362",331,2007-11-26,11.76,12.854,14.4594
"2363",332,2007-11-27,12.17,12.8393,14.4613
"2364",333,2007-11-28,11.35,12.8235,14.4604
"2365",334,2007-11-29,11.5,12.807,14.4525
"2366",335,2007-11-30,11.03,12.7899,14.4422
"2367",336,2007-12-01,10.39,12.7727,14.4294
"2368",337,2007-12-02,10.47,12.7554,14.4161
"2369",338,2007-12-03,10.74,12.7386,14.4022
"2370",339,2007-12-04,11.32,12.722,14.3883
"2371",340,2007-12-05,11.43,12.705,14.3737
"2372",341,2007-12-06,11.15,12.6882,14.3584
"2373",342,2007-12-07,11.14,12.6717,14.3422
"2374",343,2007-12-08,10.48,12.6552,14.3255
"2375",344,2007-12-09,10.2,12.639,14.3071
"2376",345,2007-12-10,10.37,12.6234,14.2867
"2377",346,2007-12-11,10.42,12.6082,14.2649
"2378",347,2007-12-12,11.01,12.5926,14.2255
"2379",348,2007-12-13,11.01,12.5773,14.1812
"2380",349,2007-12-14,10.75,12.5619,14.1375
"2381",350,2007-12-15,10.91,12.5472,14.0973
"2382",351,2007-12-16,10.36,12.5329,14.0531
"2383",352,2007-12-17,10.64,12.5182,14.0077
"2384",353,2007-12-18,10.85,12.5032,13.9622
"2385",354,2007-12-19,10.77,12.4888,13.9168
"2386",355,2007-12-20,10.85,12.475,13.8719
"2387",356,2007-12-21,10.57,12.4615,13.8266
"2388",357,2007-12-22,10.3,12.4482,13.7806
"2389",358,2007-12-23,10.61,12.4354,13.7381
"2390",359,2007-12-24,10.79,12.4226,13.6963
"2391",360,2007-12-25,10.74,12.4101,13.6583
"2392",361,2007-12-26,10.85,12.3975,13.6238
"2393",362,2007-12-27,10.47,12.3852,13.5926
"2394",363,2007-12-28,10.52,12.3735,13.5667
"2395",364,2007-12-29,10.55,12.3626,13.5453
"2396",365,2007-12-30,10.75,12.3522,13.5268
"2397",366,2007-12-31,10.34,12.3417,13.5091
"2398",1,2008-01-01,10.29,12.3308,13.4914
"2399",2,2008-01-02,10.55,12.3201,13.4734
"2400",3,2008-01-03,10.8,12.3098,13.4559
"2401",4,2008-01-04,11.03,12.2995,13.4385
"2402",5,2008-01-05,10.96,12.2896,13.4208
"2403",6,2008-01-06,10.73,12.2804,13.4039
"2404",7,2008-01-07,10.59,12.2717,13.3872
"2405",8,2008-01-08,10.84,12.2639,13.3705
"2406",9,2008-01-09,11.18,12.257,13.3548
"2407",10,2008-01-10,11.63,12.25,13.3408
"2408",11,2008-01-11,11.66,12.2439,13.3285
"2409",12,2008-01-12,11.7,12.2394,13.3332
"2410",13,2008-01-13,11.58,12.2353,13.343
"2411",14,2008-01-14,11.54,12.2318,13.3548
"2412",15,2008-01-15,11.37,12.2284,13.3662
"2413",16,2008-01-16,11.23,12.2246,13.3772
"2414",17,2008-01-17,11.08,12.2207,13.387
"2415",18,2008-01-18,11.02,12.2169,13.3952
"2416",19,2008-01-19,11.23,12.2127,13.402
"2417",20,2008-01-20,11.17,12.2078,13.4044
"2418",21,2008-01-21,11,12.2027,13.4062
"2419",22,2008-01-22,10.89,12.1973,13.4068
"2420",23,2008-01-23,10.84,12.1913,13.4038
"2421",24,2008-01-24,10.59,12.1852,13.3994
"2422",25,2008-01-25,10.47,12.1789,13.393
"2423",26,2008-01-26,10.84,12.1722,13.3855
"2424",27,2008-01-27,11.09,12.1656,13.3781
"2425",28,2008-01-28,11.05,12.1589,13.3692
"2426",29,2008-01-29,10.9,12.1518,13.3601
"2427",30,2008-01-30,10.89,12.1439,13.3508
"2428",31,2008-01-31,11,12.1357,13.3409
"2429",32,2008-02-01,10.91,12.127,13.3314
"2430",33,2008-02-02,10.86,12.1174,13.3222
"2431",34,2008-02-03,11,12.1065,13.3131
"2432",35,2008-02-04,10.92,12.0944,13.3051
"2433",36,2008-02-05,10.94,12.0818,13.2979
"2434",37,2008-02-06,11.17,12.0693,13.2923
"2435",38,2008-02-07,11.16,12.0564,13.2882
"2436",39,2008-02-08,11.17,12.0428,13.2848
"2437",40,2008-02-09,11.32,12.0283,13.2804
"2438",41,2008-02-10,11.48,12.0141,13.2761
"2439",42,2008-02-11,11.3,11.9996,13.2723
"2440",43,2008-02-12,11.17,11.9854,13.2677
"2441",44,2008-02-13,11.05,11.972,13.2626
"2442",45,2008-02-14,10.09,11.9598,13.257
"2443",46,2008-02-15,9.87,11.9491,13.2529
"2444",47,2008-02-16,10.51,11.9397,13.2468
"2445",48,2008-02-17,10.81,11.9304,13.2402
"2446",49,2008-02-18,10.81,11.9211,13.2345
"2447",50,2008-02-19,10.75,11.912,13.23
"2448",51,2008-02-20,10.92,11.903,13.2294
"2449",52,2008-02-21,10.89,11.8942,13.2295
"2450",53,2008-02-22,11.04,11.8859,13.2304
"2451",54,2008-02-23,10.99,11.8775,13.2309
"2452",55,2008-02-24,10.89,11.8683,13.2325
"2453",56,2008-02-25,11.22,11.8585,13.2334
"2454",57,2008-02-26,11.23,11.8484,13.2329
"2455",58,2008-02-27,11.4,11.837,13.2318
"2456",59,2008-02-28,11.37,11.8254,13.2311
"2457",60,2008-02-29,11.22,11.8137,13.2292
"2458",61,2008-03-01,11.15,11.8028,13.2275
"2459",62,2008-03-02,10.84,11.7932,13.2275
"2460",63,2008-03-03,10.64,11.784,13.2255
"2461",64,2008-03-04,10.97,11.7746,13.2226
"2462",65,2008-03-05,11.03,11.7655,13.2192
"2463",66,2008-03-06,10.94,11.7568,13.2147
"2464",67,2008-03-07,10.95,11.7478,13.2097
"2465",68,2008-03-08,11.25,11.7381,13.2028
"2466",69,2008-03-09,11,11.7288,13.1937
"2467",70,2008-03-10,11.01,11.7201,13.1831
"2468",71,2008-03-11,11.19,11.7118,13.173
"2469",72,2008-03-12,10.57,11.7035,13.1629
"2470",73,2008-03-13,10.22,11.6942,13.1512
"2471",74,2008-03-14,10.39,11.6834,13.1378
"2472",75,2008-03-15,10.26,11.6714,13.1237
"2473",76,2008-03-16,9.71,11.6577,13.1093
"2474",77,2008-03-17,9.19,11.6425,13.0896
"2475",78,2008-03-18,9.36,11.6262,13.0714
"2476",79,2008-03-19,9.87,11.6098,13.0549
"2477",80,2008-03-20,10.07,11.5925,13.0392
"2478",81,2008-03-21,9.91,11.5741,13.0225
"2479",82,2008-03-22,9.95,11.5552,13.0033
"2480",83,2008-03-23,9.74,11.5342,12.9807
"2481",84,2008-03-24,9.94,11.5116,12.9584
"2482",85,2008-03-25,10.13,11.4887,12.9371
"2483",86,2008-03-26,10.14,11.4655,12.9158
"2484",87,2008-03-27,9.45,11.442,12.8964
"2485",88,2008-03-28,9.14,11.4191,12.8769
"2486",89,2008-03-29,9.51,11.3968,12.856
"2487",90,2008-03-30,9.18,11.3741,12.8345
"2488",91,2008-03-31,8.82,11.3516,12.8111
"2489",92,2008-04-01,8.89,11.3292,12.7882
"2490",93,2008-04-02,10.12,11.3055,12.7621
"2491",94,2008-04-03,10.5,11.2827,12.7383
"2492",95,2008-04-04,10.55,11.2624,12.7169
"2493",96,2008-04-05,10.37,11.2445,12.6968
"2494",97,2008-04-06,9.92,11.2288,12.6767
"2495",98,2008-04-07,9.76,11.215,12.655
"2496",99,2008-04-08,9.56,11.2016,12.633
"2497",100,2008-04-09,9.42,11.1888,12.6117
"2498",101,2008-04-10,9.68,11.176,12.59
"2499",102,2008-04-11,9.42,11.1639,12.5694
"2500",103,2008-04-12,10.69,11.1523,12.5498
"2501",104,2008-04-13,10.34,11.1429,12.5345
"2502",105,2008-04-14,9.92,11.1358,12.5216
"2503",106,2008-04-15,8.98,11.1294,12.5089
"2504",107,2008-04-16,9.82,11.1236,12.4966
"2505",108,2008-04-17,9.87,11.1193,12.4895
"2506",109,2008-04-18,9.66,11.1169,12.4855
"2507",110,2008-04-19,9.9,11.1167,12.4855
"2508",111,2008-04-20,9.01,11.1188,12.4888
"2509",112,2008-04-21,9.29,11.1244,12.4971
"2510",113,2008-04-22,9.4,11.1317,12.5077
"2511",114,2008-04-23,9.52,11.1419,12.5213
"2512",115,2008-04-24,9.39,11.1548,12.5352
"2513",116,2008-04-25,9.46,11.1689,12.5496
"2514",117,2008-04-26,9.56,11.1862,12.5662
"2515",118,2008-04-27,9.34,11.205,12.5835
"2516",119,2008-04-28,NA,11.2245,12.6026
"2517",120,2008-04-29,NA,11.2452,12.6239
"2518",121,2008-04-30,NA,11.2669,12.6461
"2519",122,2008-05-01,9.7,11.2882,12.6687
"2520",123,2008-05-02,9.84,11.308,12.6901
"2521",124,2008-05-03,9.71,11.3284,12.7126
"2522",125,2008-05-04,10.06,11.3487,12.7347
"2523",126,2008-05-05,9.31,11.3678,12.755
"2524",127,2008-05-06,9.46,11.3857,12.774
"2525",128,2008-05-07,10.86,11.401,12.7909
"2526",129,2008-05-08,9.69,11.4153,12.8054
"2527",130,2008-05-09,9.61,11.43,12.8203
"2528",131,2008-05-10,9.31,11.4438,12.833
"2529",132,2008-05-11,9.76,11.4575,12.8456
"2530",133,2008-05-12,9.28,11.4721,12.8573
"2531",134,2008-05-13,10,11.4891,12.8697
"2532",135,2008-05-14,10.75,11.507,12.884
"2533",136,2008-05-15,11.38,11.5251,12.9003
"2534",137,2008-05-16,13.09,11.5446,12.9172
"2535",138,2008-05-17,12.14,11.5658,12.9371
"2536",139,2008-05-18,11.27,11.5873,12.9606
"2537",140,2008-05-19,10.31,11.6088,12.9846
"2538",141,2008-05-20,10.8,11.6292,13.0048
"2539",142,2008-05-21,11.55,11.6498,13.0215
"2540",143,2008-05-22,10.55,11.6703,13.0392
"2541",144,2008-05-23,9.96,11.6911,13.0592
"2542",145,2008-05-24,10.61,11.7124,13.0791
"2543",146,2008-05-25,11.52,11.7346,13.1022
"2544",147,2008-05-26,11.28,11.7574,13.128
"2545",148,2008-05-27,NA,11.7788,13.1517
"2546",149,2008-05-28,NA,11.7996,13.1735
"2547",150,2008-05-29,13.86,11.8214,13.1961
"2548",151,2008-05-30,13.16,11.8449,13.223
"2549",152,2008-05-31,11.94,11.8715,13.2528
"2550",153,2008-06-01,11.45,11.9007,13.2855
"2551",154,2008-06-02,11.71,11.9311,13.3184
"2552",155,2008-06-03,11.49,11.9623,13.3513
"2553",156,2008-06-04,11.42,11.9937,13.3876
"2554",157,2008-06-05,10.79,12.0247,13.4238
"2555",158,2008-06-06,10.87,12.0566,13.4607
"2556",159,2008-06-07,10.26,12.0911,13.5044
"2557",160,2008-06-08,10.29,12.1278,13.5579
"2558",161,2008-06-09,10.9,12.166,13.6107
"2559",162,2008-06-10,12.41,12.2042,13.6657
"2560",163,2008-06-11,11.57,12.2434,13.723
"2561",164,2008-06-12,11.86,12.2828,13.7816
"2562",165,2008-06-13,11.67,12.3224,13.8396
"2563",166,2008-06-14,13.46,12.3621,13.8969
"2564",167,2008-06-15,12.86,12.4026,13.9526
"2565",168,2008-06-16,13.03,12.443,14.0085
"2566",169,2008-06-17,11.61,12.4823,14.0608
"2567",170,2008-06-18,11.46,12.5207,14.107
"2568",171,2008-06-19,12.19,12.5579,14.1478
"2569",172,2008-06-20,12.42,12.5956,14.1913
"2570",173,2008-06-21,11.9,12.6332,14.2357
"2571",174,2008-06-22,12.67,12.6691,14.2764
"2572",175,2008-06-23,10.22,12.7047,14.3154
"2573",176,2008-06-24,10.93,12.7389,14.3538
"2574",177,2008-06-25,11.75,12.7709,14.3876
"2575",178,2008-06-26,11.06,12.8006,14.4186
"2576",179,2008-06-27,11.38,12.8304,14.4502
"2577",180,2008-06-28,13.18,12.8625,14.4885
"2578",181,2008-06-29,13.07,12.8958,14.5295
"2579",182,2008-06-30,13.2,12.9286,14.5699
"2580",183,2008-07-01,13.67,12.9586,14.6066
"2581",184,2008-07-02,13.23,12.9869,14.6411
"2582",185,2008-07-03,12.69,13.0169,14.6788
"2583",186,2008-07-04,12.85,13.0475,14.7196
"2584",187,2008-07-05,12.82,13.0787,14.7557
"2585",188,2008-07-06,12.56,13.1127,14.7917
"2586",189,2008-07-07,12.45,13.1477,14.8293
"2587",190,2008-07-08,13.88,13.1825,14.8614
"2588",191,2008-07-09,15.97,13.216,14.8889
"2589",192,2008-07-10,15.95,13.249,14.9182
"2590",193,2008-07-11,15.61,13.283,14.9471
"2591",194,2008-07-12,15.49,13.3172,14.9713
"2592",195,2008-07-13,15.47,13.3517,14.9946
"2593",196,2008-07-14,15.58,13.3831,15.0159
"2594",197,2008-07-15,15.65,13.4113,15.033
"2595",198,2008-07-16,15.01,13.4382,15.0506
"2596",199,2008-07-17,13.92,13.4634,15.0712
"2597",200,2008-07-18,13.93,13.4876,15.0933
"2598",201,2008-07-19,12.48,13.5114,15.1169
"2599",202,2008-07-20,12.15,13.5343,15.1391
"2600",203,2008-07-21,12.32,13.5553,15.1582
"2601",204,2008-07-22,12.38,13.5754,15.1789
"2602",205,2008-07-23,12.58,13.5961,15.1995
"2603",206,2008-07-24,12.57,13.6151,15.2206
"2604",207,2008-07-25,13.05,13.6341,15.2421
"2605",208,2008-07-26,13.25,13.6541,15.2668
"2606",209,2008-07-27,12.88,13.6753,15.2906
"2607",210,2008-07-28,12.72,13.6964,15.3108
"2608",211,2008-07-29,13.06,13.7166,15.3244
"2609",212,2008-07-30,13,13.735,15.338
"2610",213,2008-07-31,13.61,13.7528,15.3498
"2611",214,2008-08-01,12.8,13.7711,15.3616
"2612",215,2008-08-02,12.31,13.7891,15.3745
"2613",216,2008-08-03,12.76,13.8056,15.3857
"2614",217,2008-08-04,11.81,13.8224,15.3976
"2615",218,2008-08-05,12.34,13.8397,15.4148
"2616",219,2008-08-06,13.2,13.8559,15.4348
"2617",220,2008-08-07,12.63,13.8703,15.4544
"2618",221,2008-08-08,13.35,13.8835,15.4746
"2619",222,2008-08-09,13.87,13.8965,15.4938
"2620",223,2008-08-10,13.29,13.9093,15.5113
"2621",224,2008-08-11,12.66,13.9209,15.5274
"2622",225,2008-08-12,14.17,13.9302,15.5457
"2623",226,2008-08-13,13.28,13.9376,15.5607
"2624",227,2008-08-14,13.91,13.9451,15.5736
"2625",228,2008-08-15,12.89,13.9525,15.5863
"2626",229,2008-08-16,12.94,13.9581,15.597
"2627",230,2008-08-17,14.2,13.9626,15.6042
"2628",231,2008-08-18,14.88,13.9675,15.611
"2629",232,2008-08-19,14.44,13.9728,15.6177
"2630",233,2008-08-20,13.97,13.9775,15.6231
"2631",234,2008-08-21,14.05,13.9817,15.6257
"2632",235,2008-08-22,13.19,13.9853,15.624
"2633",236,2008-08-23,13.43,13.989,15.6223
"2634",237,2008-08-24,14.14,13.9934,15.6196
"2635",238,2008-08-25,14.57,13.9973,15.6158
"2636",239,2008-08-26,13.86,14.0008,15.6111
"2637",240,2008-08-27,12.63,14.0036,15.6058
"2638",241,2008-08-28,14.53,14.0049,15.6035
"2639",242,2008-08-29,15.8,14.0037,15.6013
"2640",243,2008-08-30,15.33,14.0006,15.5961
"2641",244,2008-08-31,13.84,13.9957,15.5893
"2642",245,2008-09-01,13.31,13.9898,15.5829
"2643",246,2008-09-02,13.63,13.9834,15.5762
"2644",247,2008-09-03,13.76,13.9763,15.5691
"2645",248,2008-09-04,14.22,13.9671,15.5583
"2646",249,2008-09-05,14.45,13.9559,15.5435
"2647",250,2008-09-06,15.26,13.9426,15.5255
"2648",251,2008-09-07,14.19,13.9286,15.5049
"2649",252,2008-09-08,14.08,13.9146,15.4835
"2650",253,2008-09-09,14.22,13.9005,15.4622
"2651",254,2008-09-10,14.36,13.8856,15.4401
"2652",255,2008-09-11,15.03,13.8703,15.4187
"2653",256,2008-09-12,14.77,13.8553,15.3979
"2654",257,2008-09-13,14.01,13.8391,15.3786
"2655",258,2008-09-14,14.28,13.8218,15.3617
"2656",259,2008-09-15,14.71,13.8046,15.3445
"2657",260,2008-09-16,14.35,13.7878,15.3255
"2658",261,2008-09-17,13.51,13.7711,15.3062
"2659",262,2008-09-18,14.09,13.754,15.2856
"2660",263,2008-09-19,15.17,13.7358,15.2645
"2661",264,2008-09-20,15.09,13.7176,15.2487
"2662",265,2008-09-21,14.48,13.7,15.2375
"2663",266,2008-09-22,14.26,13.6823,15.2289
"2664",267,2008-09-23,14.32,13.6632,15.219
"2665",268,2008-09-24,14.33,13.6445,15.2082
"2666",269,2008-09-25,14.01,13.6261,15.1983
"2667",270,2008-09-26,13.48,13.6079,15.1879
"2668",271,2008-09-27,13.35,13.5907,15.1795
"2669",272,2008-09-28,13.17,13.575,15.1715
"2670",273,2008-09-29,13.38,13.5613,15.1649
"2671",274,2008-09-30,13.74,13.5499,15.1579
"2672",275,2008-10-01,13.52,13.5401,15.153
"2673",276,2008-10-02,13.75,13.5305,15.1476
"2674",277,2008-10-03,13.47,13.522,15.1442
"2675",278,2008-10-04,14.97,13.5145,15.1387
"2676",279,2008-10-05,13.59,13.5082,15.1328
"2677",280,2008-10-06,14.07,13.5029,15.1192
"2678",281,2008-10-07,13.82,13.4976,15.1035
"2679",282,2008-10-08,13.47,13.492,15.0888
"2680",283,2008-10-09,13,13.4854,15.0737
"2681",284,2008-10-10,12.41,13.4767,15.0583
"2682",285,2008-10-11,11.37,13.4666,15.0452
"2683",286,2008-10-12,10.94,13.456,15.0323
"2684",287,2008-10-13,10.76,13.4458,15.0204
"2685",288,2008-10-14,11.76,13.4366,15.0097
"2686",289,2008-10-15,11.9,13.4276,14.9999
"2687",290,2008-10-16,11.89,13.4178,14.9899
"2688",291,2008-10-17,11.99,13.4074,14.9815
"2689",292,2008-10-18,12.43,13.3969,14.9682
"2690",293,2008-10-19,13.07,13.3863,14.9528
"2691",294,2008-10-20,12.46,13.3764,14.9318
"2692",295,2008-10-21,12.36,13.3674,14.9069
"2693",296,2008-10-22,12.18,13.3592,14.8809
"2694",297,2008-10-23,12.3,13.3516,14.8562
"2695",298,2008-10-24,12.63,13.3438,14.8317
"2696",299,2008-10-25,12.47,13.3353,14.8057
"2697",300,2008-10-26,12.66,13.3265,14.7793
"2698",301,2008-10-27,12.57,13.3174,14.7523
"2699",302,2008-10-28,12.12,13.308,14.7243
"2700",303,2008-10-29,12.17,13.2985,14.7005
"2701",304,2008-10-30,12.08,13.2883,14.678
"2702",305,2008-10-31,13.03,13.277,14.6572
"2703",306,2008-11-01,13.56,13.2649,14.6346
"2704",307,2008-11-02,13.74,13.2518,14.612
"2705",308,2008-11-03,13.87,13.2377,14.5867
"2706",309,2008-11-04,14.08,13.2228,14.5629
"2707",310,2008-11-05,14.04,13.2061,14.5389
"2708",311,2008-11-06,NA,13.1882,14.5229
"2709",312,2008-11-07,13.38,13.1699,14.5101
"2710",313,2008-11-08,13.46,13.151,14.498
"2711",314,2008-11-09,13.45,13.1319,14.487
"2712",315,2008-11-10,12.36,13.1133,14.4755
"2713",316,2008-11-11,12.17,13.0948,14.4647
"2714",317,2008-11-12,12.32,13.076,14.4546
"2715",318,2008-11-13,12.67,13.0568,14.4424
"2716",319,2008-11-14,12.72,13.0369,14.4272
"2717",320,2008-11-15,13.46,13.0173,14.416
"2718",321,2008-11-16,13.5,12.9997,14.4073
"2719",322,2008-11-17,13.43,12.9836,14.3995
"2720",323,2008-11-18,13.22,12.9683,14.3976
"2721",324,2008-11-19,12.65,12.9537,14.3983
"2722",325,2008-11-20,12.11,12.9393,14.4061
"2723",326,2008-11-21,11.73,12.9248,14.4184
"2724",327,2008-11-22,11.63,12.9102,14.4301
"2725",328,2008-11-23,11.74,12.8955,14.4394
"2726",329,2008-11-24,12.31,12.8815,14.4471
"2727",330,2008-11-25,12.69,12.8679,14.4545
"2728",331,2008-11-26,12.8,12.854,14.4594
"2729",332,2008-11-27,12.79,12.8393,14.4613
"2730",333,2008-11-28,12.44,12.8235,14.4604
"2731",334,2008-11-29,12.49,12.807,14.4525
"2732",335,2008-11-30,12.66,12.7899,14.4422
"2733",336,2008-12-01,12.85,12.7727,14.4294
"2734",337,2008-12-02,12.92,12.7554,14.4161
"2735",338,2008-12-03,12.77,12.7386,14.4022
"2736",339,2008-12-04,NA,12.722,14.3883
"2737",340,2008-12-05,12.49,12.705,14.3737
"2738",341,2008-12-06,12.46,12.6882,14.3584
"2739",342,2008-12-07,12.54,12.6717,14.3422
"2740",343,2008-12-08,12.5,12.6552,14.3255
"2741",344,2008-12-09,12.11,12.639,14.3071
"2742",345,2008-12-10,12.1,12.6234,14.2867
"2743",346,2008-12-11,12.32,12.6082,14.2649
"2744",347,2008-12-12,12.2,12.5926,14.2255
"2745",348,2008-12-13,11.7,12.5773,14.1812
"2746",349,2008-12-14,11.38,12.5619,14.1375
"2747",350,2008-12-15,11.35,12.5472,14.0973
"2748",351,2008-12-16,11.22,12.5329,14.0531
"2749",352,2008-12-17,10.93,12.5182,14.0077
"2750",353,2008-12-18,10.44,12.5032,13.9622
"2751",354,2008-12-19,10.9,12.4888,13.9168
"2752",355,2008-12-20,10.57,12.475,13.8719
"2753",356,2008-12-21,10.59,12.4615,13.8266
"2754",357,2008-12-22,11.12,12.4482,13.7806
"2755",358,2008-12-23,11.04,12.4354,13.7381
"2756",359,2008-12-24,10.99,12.4226,13.6963
"2757",360,2008-12-25,11.13,12.4101,13.6583
"2758",361,2008-12-26,10.95,12.3975,13.6238
"2759",362,2008-12-27,10.8,12.3852,13.5926
"2760",363,2008-12-28,10.97,12.3735,13.5667
"2761",364,2008-12-29,11.08,12.3626,13.5453
"2762",365,2008-12-30,11.17,12.3522,13.5268
"2763",366,2008-12-31,11.18,12.3417,13.5091
"2764",1,2009-01-01,11.05,12.3308,13.4914
"2765",2,2009-01-02,10.85,12.3201,13.4734
"2766",3,2009-01-03,10.6,12.3098,13.4559
"2767",4,2009-01-04,10.19,12.2995,13.4385
"2768",5,2009-01-05,10.37,12.2896,13.4208
"2769",6,2009-01-06,10.7,12.2804,13.4039
"2770",7,2009-01-07,10.75,12.2717,13.3872
"2771",8,2009-01-08,10.69,12.2639,13.3705
"2772",9,2009-01-09,10.57,12.257,13.3548
"2773",10,2009-01-10,10.68,12.25,13.3408
"2774",11,2009-01-11,10.71,12.2439,13.3285
"2775",12,2009-01-12,10.91,12.2394,13.3332
"2776",13,2009-01-13,11.2,12.2353,13.343
"2777",14,2009-01-14,11.23,12.2318,13.3548
"2778",15,2009-01-15,11.27,12.2284,13.3662
"2779",16,2009-01-16,11.03,12.2246,13.3772
"2780",17,2009-01-17,11.06,12.2207,13.387
"2781",18,2009-01-18,11.14,12.2169,13.3952
"2782",19,2009-01-19,11.43,12.2127,13.402
"2783",20,2009-01-20,11.41,12.2078,13.4044
"2784",21,2009-01-21,11.4,12.2027,13.4062
"2785",22,2009-01-22,11.44,12.1973,13.4068
"2786",23,2009-01-23,11.62,12.1913,13.4038
"2787",24,2009-01-24,11.61,12.1852,13.3994
"2788",25,2009-01-25,11.27,12.1789,13.393
"2789",26,2009-01-26,11.13,12.1722,13.3855
"2790",27,2009-01-27,10.97,12.1656,13.3781
"2791",28,2009-01-28,11.18,12.1589,13.3692
"2792",29,2009-01-29,11.28,12.1518,13.3601
"2793",30,2009-01-30,11.24,12.1439,13.3508
"2794",31,2009-01-31,11.41,12.1357,13.3409
"2795",32,2009-02-01,11.42,12.127,13.3314
"2796",33,2009-02-02,11.76,12.1174,13.3222
"2797",34,2009-02-03,11.67,12.1065,13.3131
"2798",35,2009-02-04,11.78,12.0944,13.3051
"2799",36,2009-02-05,11.82,12.0818,13.2979
"2800",37,2009-02-06,11.84,12.0693,13.2923
"2801",38,2009-02-07,11.9,12.0564,13.2882
"2802",39,2009-02-08,11.92,12.0428,13.2848
"2803",40,2009-02-09,11.76,12.0283,13.2804
"2804",41,2009-02-10,11.61,12.0141,13.2761
"2805",42,2009-02-11,11.73,11.9996,13.2723
"2806",43,2009-02-12,11.83,11.9854,13.2677
"2807",44,2009-02-13,11.92,11.972,13.2626
"2808",45,2009-02-14,11.78,11.9598,13.257
"2809",46,2009-02-15,11.54,11.9491,13.2529
"2810",47,2009-02-16,11.4,11.9397,13.2468
"2811",48,2009-02-17,11.72,11.9304,13.2402
"2812",49,2009-02-18,11.84,11.9211,13.2345
"2813",50,2009-02-19,11.79,11.912,13.23
"2814",51,2009-02-20,11.89,11.903,13.2294
"2815",52,2009-02-21,11.97,11.8942,13.2295
"2816",53,2009-02-22,12.11,11.8859,13.2304
"2817",54,2009-02-23,12.11,11.8775,13.2309
"2818",55,2009-02-24,12.22,11.8683,13.2325
"2819",56,2009-02-25,12.32,11.8585,13.2334
"2820",57,2009-02-26,12.51,11.8484,13.2329
"2821",58,2009-02-27,12.26,11.837,13.2318
"2822",59,2009-02-28,12.07,11.8254,13.2311
"2823",61,2009-03-01,12.21,11.8028,13.2275
"2824",62,2009-03-02,12.38,11.7932,13.2275
"2825",63,2009-03-03,12.5,11.784,13.2255
"2826",64,2009-03-04,12.56,11.7746,13.2226
"2827",65,2009-03-05,12.69,11.7655,13.2192
"2828",66,2009-03-06,12.58,11.7568,13.2147
"2829",67,2009-03-07,12.12,11.7478,13.2097
"2830",68,2009-03-08,12.17,11.7381,13.2028
"2831",69,2009-03-09,11.73,11.7288,13.1937
"2832",70,2009-03-10,11.32,11.7201,13.1831
"2833",71,2009-03-11,11.52,11.7118,13.173
"2834",72,2009-03-12,11.58,11.7035,13.1629
"2835",73,2009-03-13,11.73,11.6942,13.1512
"2836",74,2009-03-14,11.67,11.6834,13.1378
"2837",75,2009-03-15,10.8,11.6714,13.1237
"2838",76,2009-03-16,11.16,11.6577,13.1093
"2839",77,2009-03-17,11.15,11.6425,13.0896
"2840",78,2009-03-18,10.75,11.6262,13.0714
"2841",79,2009-03-19,10.83,11.6098,13.0549
"2842",80,2009-03-20,10.32,11.5925,13.0392
"2843",81,2009-03-21,10.17,11.5741,13.0225
"2844",82,2009-03-22,11.28,11.5552,13.0033
"2845",83,2009-03-23,9.58,11.5342,12.9807
"2846",84,2009-03-24,9.43,11.5116,12.9584
"2847",85,2009-03-25,10.01,11.4887,12.9371
"2848",86,2009-03-26,10.33,11.4655,12.9158
"2849",87,2009-03-27,10.38,11.442,12.8964
"2850",88,2009-03-28,10.55,11.4191,12.8769
"2851",89,2009-03-29,10.81,11.3968,12.856
"2852",90,2009-03-30,9.98,11.3741,12.8345
"2853",91,2009-03-31,9.63,11.3516,12.8111
"2854",92,2009-04-01,10.17,11.3292,12.7882
"2855",93,2009-04-02,9.87,11.3055,12.7621
"2856",94,2009-04-03,9.35,11.2827,12.7383
"2857",95,2009-04-04,8.62,11.2624,12.7169
"2858",96,2009-04-05,8.69,11.2445,12.6968
"2859",97,2009-04-06,9.91,11.2288,12.6767
"2860",98,2009-04-07,10.49,11.215,12.655
"2861",99,2009-04-08,10.28,11.2016,12.633
"2862",100,2009-04-09,10.89,11.1888,12.6117
"2863",101,2009-04-10,11.57,11.176,12.59
"2864",102,2009-04-11,10.97,11.1639,12.5694
"2865",103,2009-04-12,10.22,11.1523,12.5498
"2866",104,2009-04-13,10.56,11.1429,12.5345
"2867",105,2009-04-14,10.25,11.1358,12.5216
"2868",106,2009-04-15,9.49,11.1294,12.5089
"2869",107,2009-04-16,9.18,11.1236,12.4966
"2870",108,2009-04-17,NA,11.1193,12.4895
"2871",109,2009-04-18,NA,11.1169,12.4855
"2872",110,2009-04-19,NA,11.1167,12.4855
"2873",111,2009-04-20,NA,11.1188,12.4888
"2874",112,2009-04-21,11.97,11.1244,12.4971
"2875",113,2009-04-22,12.21,11.1317,12.5077
"2876",114,2009-04-23,11.08,11.1419,12.5213
"2877",115,2009-04-24,11.07,11.1548,12.5352
"2878",116,2009-04-25,10.66,11.1689,12.5496
"2879",117,2009-04-26,10.08,11.1862,12.5662
"2880",118,2009-04-27,9.7,11.205,12.5835
"2881",119,2009-04-28,9.04,11.2245,12.6026
"2882",120,2009-04-29,9.58,11.2452,12.6239
"2883",121,2009-04-30,9.62,11.2669,12.6461
"2884",122,2009-05-01,9.55,11.2882,12.6687
"2885",123,2009-05-02,9.73,11.308,12.6901
"2886",124,2009-05-03,10.48,11.3284,12.7126
"2887",125,2009-05-04,11.61,11.3487,12.7347
"2888",126,2009-05-05,11.89,11.3678,12.755
"2889",127,2009-05-06,12.59,11.3857,12.774
"2890",128,2009-05-07,12.51,11.401,12.7909
"2891",129,2009-05-08,11.4,11.4153,12.8054
"2892",130,2009-05-09,10.83,11.43,12.8203
"2893",131,2009-05-10,10.42,11.4438,12.833
"2894",132,2009-05-11,11.46,11.4575,12.8456
"2895",133,2009-05-12,11.25,11.4721,12.8573
"2896",134,2009-05-13,10.2,11.4891,12.8697
"2897",135,2009-05-14,10.17,11.507,12.884
"2898",136,2009-05-15,10.41,11.5251,12.9003
"2899",137,2009-05-16,NA,11.5446,12.9172
"2900",138,2009-05-17,NA,11.5658,12.9371
"2901",139,2009-05-18,NA,11.5873,12.9606
"2902",140,2009-05-19,13.45,11.6088,12.9846
"2903",141,2009-05-20,13.59,11.6292,13.0048
"2904",142,2009-05-21,11.23,11.6498,13.0215
"2905",143,2009-05-22,11.91,11.6703,13.0392
"2906",144,2009-05-23,11.83,11.6911,13.0592
"2907",145,2009-05-24,11.36,11.7124,13.0791
"2908",146,2009-05-25,11.11,11.7346,13.1022
"2909",147,2009-05-26,10.35,11.7574,13.128
"2910",148,2009-05-27,10.69,11.7788,13.1517
"2911",149,2009-05-28,11.87,11.7996,13.1735
"2912",150,2009-05-29,12.49,11.8214,13.1961
"2913",151,2009-05-30,NA,11.8449,13.223
"2914",152,2009-05-31,NA,11.8715,13.2528
"2915",153,2009-06-01,NA,11.9007,13.2855
"2916",154,2009-06-02,NA,11.9311,13.3184
"2917",155,2009-06-03,NA,11.9623,13.3513
"2918",156,2009-06-04,NA,11.9937,13.3876
"2919",157,2009-06-05,NA,12.0247,13.4238
"2920",158,2009-06-06,NA,12.0566,13.4607
"2921",159,2009-06-07,NA,12.0911,13.5044
"2922",160,2009-06-08,NA,12.1278,13.5579
"2923",161,2009-06-09,12.2,12.166,13.6107
"2924",162,2009-06-10,12.22,12.2042,13.6657
"2925",163,2009-06-11,13.53,12.2434,13.723
"2926",164,2009-06-12,12.56,12.2828,13.7816
"2927",165,2009-06-13,12.02,12.3224,13.8396
"2928",166,2009-06-14,NA,12.3621,13.8969
"2929",167,2009-06-15,14.2,12.4026,13.9526
"2930",168,2009-06-16,14.11,12.443,14.0085
"2931",169,2009-06-17,13.88,12.4823,14.0608
"2932",170,2009-06-18,13.38,12.5207,14.107
"2933",171,2009-06-19,13.67,12.5579,14.1478
"2934",172,2009-06-20,13.83,12.5956,14.1913
"2935",173,2009-06-21,12.12,12.6332,14.2357
"2936",174,2009-06-22,11.81,12.6691,14.2764
"2937",175,2009-06-23,11.77,12.7047,14.3154
"2938",176,2009-06-24,14.18,12.7389,14.3538
"2939",177,2009-06-25,14.97,12.7709,14.3876
"2940",178,2009-06-26,13.69,12.8006,14.4186
"2941",179,2009-06-27,12.26,12.8304,14.4502
"2942",180,2009-06-28,13.61,12.8625,14.4885
"2943",181,2009-06-29,13.99,12.8958,14.5295
"2944",182,2009-06-30,13.59,12.9286,14.5699
"2945",183,2009-07-01,14.51,12.9586,14.6066
"2946",184,2009-07-02,14.58,12.9869,14.6411
"2947",185,2009-07-03,14.86,13.0169,14.6788
"2948",186,2009-07-04,14.91,13.0475,14.7196
"2949",187,2009-07-05,15.12,13.0787,14.7557
"2950",188,2009-07-06,14.7,13.1127,14.7917
"2951",189,2009-07-07,13.66,13.1477,14.8293
"2952",190,2009-07-08,12.41,13.1825,14.8614
"2953",191,2009-07-09,12.75,13.216,14.8889
"2954",192,2009-07-10,11.83,13.249,14.9182
"2955",193,2009-07-11,11.47,13.283,14.9471
"2956",194,2009-07-12,12.1,13.3172,14.9713
"2957",195,2009-07-13,14.09,13.3517,14.9946
"2958",196,2009-07-14,13.76,13.3831,15.0159
"2959",197,2009-07-15,13.73,13.4113,15.033
"2960",198,2009-07-16,13.92,13.4382,15.0506
"2961",199,2009-07-17,13.08,13.4634,15.0712
"2962",200,2009-07-18,13.15,13.4876,15.0933
"2963",201,2009-07-19,12.63,13.5114,15.1169
"2964",202,2009-07-20,11.45,13.5343,15.1391
"2965",203,2009-07-21,12.74,13.5553,15.1582
"2966",204,2009-07-22,12.2,13.5754,15.1789
"2967",205,2009-07-23,11.83,13.5961,15.1995
"2968",206,2009-07-24,10.97,13.6151,15.2206
"2969",207,2009-07-25,10.88,13.6341,15.2421
"2970",208,2009-07-26,11.25,13.6541,15.2668
"2971",209,2009-07-27,11.85,13.6753,15.2906
"2972",210,2009-07-28,11.79,13.6964,15.3108
"2973",211,2009-07-29,12.66,13.7166,15.3244
"2974",212,2009-07-30,13.78,13.735,15.338
"2975",213,2009-07-31,13.12,13.7528,15.3498
"2976",214,2009-08-01,12.51,13.7711,15.3616
"2977",215,2009-08-02,13.55,13.7891,15.3745
"2978",216,2009-08-03,13.64,13.8056,15.3857
"2979",217,2009-08-04,13.14,13.8224,15.3976
"2980",218,2009-08-05,13.25,13.8397,15.4148
"2981",219,2009-08-06,13.51,13.8559,15.4348
"2982",220,2009-08-07,13.7,13.8703,15.4544
"2983",221,2009-08-08,13.37,13.8835,15.4746
"2984",222,2009-08-09,12.86,13.8965,15.4938
"2985",223,2009-08-10,12.7,13.9093,15.5113
"2986",224,2009-08-11,15.07,13.9209,15.5274
"2987",225,2009-08-12,14.92,13.9302,15.5457
"2988",226,2009-08-13,14.11,13.9376,15.5607
"2989",227,2009-08-14,13.6,13.9451,15.5736
"2990",228,2009-08-15,13.08,13.9525,15.5863
"2991",229,2009-08-16,13.11,13.9581,15.597
"2992",230,2009-08-17,13.08,13.9626,15.6042
"2993",231,2009-08-18,13.45,13.9675,15.611
"2994",232,2009-08-19,12.68,13.9728,15.6177
"2995",233,2009-08-20,14.24,13.9775,15.6231
"2996",234,2009-08-21,14.42,13.9817,15.6257
"2997",235,2009-08-22,13.14,13.9853,15.624
"2998",236,2009-08-23,13.75,13.989,15.6223
"2999",237,2009-08-24,13.67,13.9934,15.6196
"3000",238,2009-08-25,13.29,13.9973,15.6158
"3001",239,2009-08-26,13.46,14.0008,15.6111
"3002",240,2009-08-27,13.8,14.0036,15.6058
"3003",241,2009-08-28,13.55,14.0049,15.6035
"3004",242,2009-08-29,13.24,14.0037,15.6013
"3005",243,2009-08-30,13.34,14.0006,15.5961
"3006",244,2009-08-31,12.64,13.9957,15.5893
"3007",245,2009-09-01,13.5,13.9898,15.5829
"3008",246,2009-09-02,12.2,13.9834,15.5762
"3009",247,2009-09-03,12.27,13.9763,15.5691
"3010",248,2009-09-04,12.78,13.9671,15.5583
"3011",249,2009-09-05,12.13,13.9559,15.5435
"3012",250,2009-09-06,12.44,13.9426,15.5255
"3013",251,2009-09-07,11.81,13.9286,15.5049
"3014",252,2009-09-08,11.53,13.9146,15.4835
"3015",253,2009-09-09,13.89,13.9005,15.4622
"3016",254,2009-09-10,14.22,13.8856,15.4401
"3017",255,2009-09-11,13.14,13.8703,15.4187
"3018",256,2009-09-12,12.76,13.8553,15.3979
"3019",257,2009-09-13,12.85,13.8391,15.3786
"3020",258,2009-09-14,13.23,13.8218,15.3617
"3021",259,2009-09-15,13.47,13.8046,15.3445
"3022",260,2009-09-16,13.2,13.7878,15.3255
"3023",261,2009-09-17,12.5,13.7711,15.3062
"3024",262,2009-09-18,12.09,13.754,15.2856
"3025",263,2009-09-19,13.59,13.7358,15.2645
"3026",264,2009-09-20,13.06,13.7176,15.2487
"3027",265,2009-09-21,13.55,13.7,15.2375
"3028",266,2009-09-22,13.73,13.6823,15.2289
"3029",267,2009-09-23,13.07,13.6632,15.219
"3030",268,2009-09-24,12.53,13.6445,15.2082
"3031",269,2009-09-25,12.78,13.6261,15.1983
"3032",270,2009-09-26,12.88,13.6079,15.1879
"3033",271,2009-09-27,12.82,13.5907,15.1795
"3034",272,2009-09-28,13.49,13.575,15.1715
"3035",273,2009-09-29,13.54,13.5613,15.1649
"3036",274,2009-09-30,12.28,13.5499,15.1579
"3037",275,2009-10-01,11.65,13.5401,15.153
"3038",276,2009-10-02,12.43,13.5305,15.1476
"3039",277,2009-10-03,12.61,13.522,15.1442
"3040",278,2009-10-04,11.82,13.5145,15.1387
"3041",279,2009-10-05,11.21,13.5082,15.1328
"3042",280,2009-10-06,11.55,13.5029,15.1192
"3043",281,2009-10-07,11.93,13.4976,15.1035
"3044",282,2009-10-08,11.85,13.492,15.0888
"3045",283,2009-10-09,12.58,13.4854,15.0737
"3046",284,2009-10-10,12.64,13.4767,15.0583
"3047",285,2009-10-11,12.66,13.4666,15.0452
"3048",286,2009-10-12,12.68,13.456,15.0323
"3049",287,2009-10-13,12.97,13.4458,15.0204
"3050",288,2009-10-14,13.25,13.4366,15.0097
"3051",289,2009-10-15,13.79,13.4276,14.9999
"3052",290,2009-10-16,13.58,13.4178,14.9899
"3053",291,2009-10-17,13.78,13.4074,14.9815
"3054",292,2009-10-18,13.62,13.3969,14.9682
"3055",293,2009-10-19,13.22,13.3863,14.9528
"3056",294,2009-10-20,14.01,13.3764,14.9318
"3057",295,2009-10-21,13.96,13.3674,14.9069
"3058",296,2009-10-22,13.78,13.3592,14.8809
"3059",297,2009-10-23,14,13.3516,14.8562
"3060",298,2009-10-24,13.63,13.3438,14.8317
"3061",299,2009-10-25,13.82,13.3353,14.8057
"3062",300,2009-10-26,NA,13.3265,14.7793
"3063",301,2009-10-27,12.27,13.3174,14.7523
"3064",302,2009-10-28,10.79,13.308,14.7243
"3065",303,2009-10-29,10.34,13.2985,14.7005
"3066",304,2009-10-30,10.55,13.2883,14.678
"3067",305,2009-10-31,10.76,13.277,14.6572
"3068",306,2009-11-01,11.2,13.2649,14.6346
"3069",307,2009-11-02,11.65,13.2518,14.612
"3070",308,2009-11-03,12.15,13.2377,14.5867
"3071",309,2009-11-04,12.77,13.2228,14.5629
"3072",310,2009-11-05,12.74,13.2061,14.5389
"3073",311,2009-11-06,12.96,13.1882,14.5229
"3074",312,2009-11-07,12.88,13.1699,14.5101
"3075",313,2009-11-08,12.29,13.151,14.498
"3076",314,2009-11-09,12.26,13.1319,14.487
"3077",315,2009-11-10,12.2,13.1133,14.4755
"3078",316,2009-11-11,12.5,13.0948,14.4647
"3079",317,2009-11-12,12.11,13.076,14.4546
"3080",318,2009-11-13,11.56,13.0568,14.4424
"3081",319,2009-11-14,11.21,13.0369,14.4272
"3082",320,2009-11-15,11.11,13.0173,14.416
"3083",321,2009-11-16,11.41,12.9997,14.4073
"3084",322,2009-11-17,11.37,12.9836,14.3995
"3085",323,2009-11-18,11.58,12.9683,14.3976
"3086",324,2009-11-19,11.21,12.9537,14.3983
"3087",325,2009-11-20,11.22,12.9393,14.4061
"3088",326,2009-11-21,11.76,12.9248,14.4184
"3089",327,2009-11-22,11.51,12.9102,14.4301
"3090",328,2009-11-23,NA,12.8955,14.4394
"3091",329,2009-11-24,NA,12.8815,14.4471
"3092",330,2009-11-25,11.72,12.8679,14.4545
"3093",331,2009-11-26,11.75,12.854,14.4594
"3094",332,2009-11-27,11.81,12.8393,14.4613
"3095",333,2009-11-28,11.38,12.8235,14.4604
"3096",334,2009-11-29,10.76,12.807,14.4525
"3097",335,2009-11-30,10.87,12.7899,14.4422
"3098",336,2009-12-01,11.26,12.7727,14.4294
"3099",337,2009-12-02,11.43,12.7554,14.4161
"3100",338,2009-12-03,11.36,12.7386,14.4022
"3101",339,2009-12-04,11.41,12.722,14.3883
"3102",340,2009-12-05,11.43,12.705,14.3737
"3103",341,2009-12-06,11.28,12.6882,14.3584
"3104",342,2009-12-07,11.52,12.6717,14.3422
"3105",343,2009-12-08,10.71,12.6552,14.3255
"3106",344,2009-12-09,11.1,12.639,14.3071
"3107",345,2009-12-10,11.15,12.6234,14.2867
"3108",346,2009-12-11,11.37,12.6082,14.2649
"3109",347,2009-12-12,11.91,12.5926,14.2255
"3110",348,2009-12-13,11.79,12.5773,14.1812
"3111",349,2009-12-14,11.84,12.5619,14.1375
"3112",350,2009-12-15,11.91,12.5472,14.0973
"3113",351,2009-12-16,12.77,12.5329,14.0531
"3114",352,2009-12-17,12.94,12.5182,14.0077
"3115",353,2009-12-18,12.9,12.5032,13.9622
"3116",354,2009-12-19,12.93,12.4888,13.9168
"3117",355,2009-12-20,12.99,12.475,13.8719
"3118",356,2009-12-21,13.1,12.4615,13.8266
"3119",357,2009-12-22,NA,12.4482,13.7806
"3120",358,2009-12-23,11.84,12.4354,13.7381
"3121",359,2009-12-24,11.89,12.4226,13.6963
"3122",360,2009-12-25,11.91,12.4101,13.6583
"3123",361,2009-12-26,12.24,12.3975,13.6238
"3124",362,2009-12-27,12.5,12.3852,13.5926
"3125",363,2009-12-28,12.59,12.3735,13.5667
"3126",364,2009-12-29,12.38,12.3626,13.5453
"3127",365,2009-12-30,12.42,12.3522,13.5268
"3128",366,2009-12-31,12.42,12.3417,13.5091
"3129",1,2010-01-01,12.42,12.3308,13.4914
"3130",2,2010-01-02,12.56,12.3201,13.4734
"3131",3,2010-01-03,12.48,12.3098,13.4559
"3132",4,2010-01-04,12.41,12.2995,13.4385
"3133",5,2010-01-05,12.31,12.2896,13.4208
"3134",6,2010-01-06,12.19,12.2804,13.4039
"3135",7,2010-01-07,12.18,12.2717,13.3872
"3136",8,2010-01-08,12.28,12.2639,13.3705
"3137",9,2010-01-09,12.33,12.257,13.3548
"3138",10,2010-01-10,12.21,12.25,13.3408
"3139",11,2010-01-11,12.21,12.2439,13.3285
"3140",12,2010-01-12,12.67,12.2394,13.3332
"3141",13,2010-01-13,13.13,12.2353,13.343
"3142",14,2010-01-14,12.96,12.2318,13.3548
"3143",15,2010-01-15,12.86,12.2284,13.3662
"3144",16,2010-01-16,12.82,12.2246,13.3772
"3145",17,2010-01-17,12.75,12.2207,13.387
"3146",18,2010-01-18,12.72,12.2169,13.3952
"3147",19,2010-01-19,12.81,12.2127,13.402
"3148",20,2010-01-20,12.8,12.2078,13.4044
"3149",21,2010-01-21,12.66,12.2027,13.4062
"3150",22,2010-01-22,12.41,12.1973,13.4068
"3151",23,2010-01-23,12.64,12.1913,13.4038
"3152",24,2010-01-24,12.5,12.1852,13.3994
"3153",25,2010-01-25,12.39,12.1789,13.393
"3154",26,2010-01-26,12.5,12.1722,13.3855
"3155",27,2010-01-27,12.58,12.1656,13.3781
"3156",28,2010-01-28,12.78,12.1589,13.3692
"3157",29,2010-01-29,12.7,12.1518,13.3601
"3158",30,2010-01-30,12.76,12.1439,13.3508
"3159",31,2010-01-31,12.91,12.1357,13.3409
"3160",32,2010-02-01,13.03,12.127,13.3314
"3161",33,2010-02-02,12.95,12.1174,13.3222
"3162",34,2010-02-03,12.95,12.1065,13.3131
"3163",35,2010-02-04,13.11,12.0944,13.3051
"3164",36,2010-02-05,12.9,12.0818,13.2979
"3165",37,2010-02-06,12.96,12.0693,13.2923
"3166",38,2010-02-07,13.03,12.0564,13.2882
"3167",39,2010-02-08,13.16,12.0428,13.2848
"3168",40,2010-02-09,12.85,12.0283,13.2804
"3169",41,2010-02-10,12.72,12.0141,13.2761
"3170",42,2010-02-11,12.74,11.9996,13.2723
"3171",43,2010-02-12,12.95,11.9854,13.2677
"3172",44,2010-02-13,13.11,11.972,13.2626
"3173",45,2010-02-14,13.1,11.9598,13.257
"3174",46,2010-02-15,13.19,11.9491,13.2529
"3175",47,2010-02-16,13.23,11.9397,13.2468
"3176",48,2010-02-17,13.27,11.9304,13.2402
"3177",49,2010-02-18,13.13,11.9211,13.2345
"3178",50,2010-02-19,13.08,11.912,13.23
"3179",51,2010-02-20,13.17,11.903,13.2294
"3180",52,2010-02-21,12.83,11.8942,13.2295
"3181",53,2010-02-22,12.72,11.8859,13.2304
"3182",54,2010-02-23,12.91,11.8775,13.2309
"3183",55,2010-02-24,12.76,11.8683,13.2325
"3184",56,2010-02-25,12.88,11.8585,13.2334
"3185",57,2010-02-26,13.08,11.8484,13.2329
"3186",58,2010-02-27,13.11,11.837,13.2318
"3187",59,2010-02-28,13.17,11.8254,13.2311
"3188",61,2010-03-01,13.21,11.8028,13.2275
"3189",62,2010-03-02,13.2,11.7932,13.2275
"3190",63,2010-03-03,13.31,11.784,13.2255
"3191",64,2010-03-04,13.07,11.7746,13.2226
"3192",65,2010-03-05,12.94,11.7655,13.2192
"3193",66,2010-03-06,12.97,11.7568,13.2147
"3194",67,2010-03-07,13.02,11.7478,13.2097
"3195",68,2010-03-08,12.66,11.7381,13.2028
"3196",69,2010-03-09,11.89,11.7288,13.1937
"3197",70,2010-03-10,11.44,11.7201,13.1831
"3198",71,2010-03-11,11.29,11.7118,13.173
"3199",72,2010-03-12,11.95,11.7035,13.1629
"3200",73,2010-03-13,11.84,11.6942,13.1512
"3201",74,2010-03-14,11.79,11.6834,13.1378
"3202",75,2010-03-15,11.76,11.6714,13.1237
"3203",76,2010-03-16,12.15,11.6577,13.1093
"3204",77,2010-03-17,12.13,11.6425,13.0896
"3205",78,2010-03-18,11.83,11.6262,13.0714
"3206",79,2010-03-19,11.94,11.6098,13.0549
"3207",80,2010-03-20,12.83,11.5925,13.0392
"3208",81,2010-03-21,13.02,11.5741,13.0225
"3209",82,2010-03-22,12.49,11.5552,13.0033
"3210",83,2010-03-23,11.37,11.5342,12.9807
"3211",84,2010-03-24,11.22,11.5116,12.9584
"3212",85,2010-03-25,12.2,11.4887,12.9371
"3213",86,2010-03-26,11.58,11.4655,12.9158
"3214",87,2010-03-27,11.18,11.442,12.8964
"3215",88,2010-03-28,11.99,11.4191,12.8769
"3216",89,2010-03-29,12.2,11.3968,12.856
"3217",90,2010-03-30,12.56,11.3741,12.8345
"3218",91,2010-03-31,12.57,11.3516,12.8111
"3219",92,2010-04-01,11.81,11.3292,12.7882
"3220",93,2010-04-02,12.04,11.3055,12.7621
"3221",94,2010-04-03,11.88,11.2827,12.7383
"3222",95,2010-04-04,11.74,11.2624,12.7169
"3223",96,2010-04-05,11.62,11.2445,12.6968
"3224",97,2010-04-06,11.85,11.2288,12.6767
"3225",98,2010-04-07,NA,11.215,12.655
"3226",99,2010-04-08,NA,11.2016,12.633
"3227",100,2010-04-09,NA,11.1888,12.6117
"3228",101,2010-04-10,NA,11.176,12.59
"3229",102,2010-04-11,11.33,11.1639,12.5694
"3230",103,2010-04-12,12.05,11.1523,12.5498
"3231",104,2010-04-13,12.59,11.1429,12.5345
"3232",105,2010-04-14,12.61,11.1358,12.5216
"3233",106,2010-04-15,12.22,11.1294,12.5089
"3234",107,2010-04-16,12,11.1236,12.4966
"3235",108,2010-04-17,12.36,11.1193,12.4895
"3236",109,2010-04-18,11.76,11.1169,12.4855
"3237",110,2010-04-19,11.77,11.1167,12.4855
"3238",111,2010-04-20,12.57,11.1188,12.4888
"3239",112,2010-04-21,11.51,11.1244,12.4971
"3240",113,2010-04-22,10.31,11.1317,12.5077
"3241",114,2010-04-23,10.55,11.1419,12.5213
"3242",115,2010-04-24,11.66,11.1548,12.5352
"3243",116,2010-04-25,11.88,11.1689,12.5496
"3244",117,2010-04-26,11.78,11.1862,12.5662
"3245",118,2010-04-27,11.66,11.205,12.5835
"3246",119,2010-04-28,11.28,11.2245,12.6026
"3247",120,2010-04-29,11.22,11.2452,12.6239
"3248",121,2010-04-30,10.62,11.2669,12.6461
"3249",122,2010-05-01,10.36,11.2882,12.6687
"3250",123,2010-05-02,10.51,11.308,12.6901
"3251",124,2010-05-03,10.03,11.3284,12.7126
"3252",125,2010-05-04,10.91,11.3487,12.7347
"3253",126,2010-05-05,NA,11.3678,12.755
"3254",127,2010-05-06,NA,11.3857,12.774
"3255",128,2010-05-07,NA,11.401,12.7909
"3256",129,2010-05-08,NA,11.4153,12.8054
"3257",130,2010-05-09,11.33,11.43,12.8203
"3258",131,2010-05-10,10.23,11.4438,12.833
"3259",132,2010-05-11,10.51,11.4575,12.8456
"3260",133,2010-05-12,10.33,11.4721,12.8573
"3261",134,2010-05-13,10.36,11.4891,12.8697
"3262",135,2010-05-14,11.06,11.507,12.884
"3263",136,2010-05-15,11.19,11.5251,12.9003
"3264",137,2010-05-16,10.71,11.5446,12.9172
"3265",138,2010-05-17,10.54,11.5658,12.9371
"3266",139,2010-05-18,11.16,11.5873,12.9606
"3267",140,2010-05-19,10.84,11.6088,12.9846
"3268",141,2010-05-20,10.43,11.6292,13.0048
"3269",142,2010-05-21,11.73,11.6498,13.0215
"3270",143,2010-05-22,10.8,11.6703,13.0392
"3271",144,2010-05-23,10.56,11.6911,13.0592
"3272",145,2010-05-24,10.56,11.7124,13.0791
"3273",146,2010-05-25,10.28,11.7346,13.1022
"3274",147,2010-05-26,10.8,11.7574,13.128
"3275",148,2010-05-27,11.42,11.7788,13.1517
"3276",149,2010-05-28,11.74,11.7996,13.1735
"3277",150,2010-05-29,12.52,11.8214,13.1961
"3278",151,2010-05-30,11.33,11.8449,13.223
"3279",152,2010-05-31,11.64,11.8715,13.2528
"3280",153,2010-06-01,10.18,11.9007,13.2855
"3281",154,2010-06-02,10.03,11.9311,13.3184
"3282",155,2010-06-03,NA,11.9623,13.3513
"3283",156,2010-06-04,NA,11.9937,13.3876
"3284",157,2010-06-05,12.37,12.0247,13.4238
"3285",158,2010-06-06,12.18,12.0566,13.4607
"3286",159,2010-06-07,12.44,12.0911,13.5044
"3287",160,2010-06-08,11.79,12.1278,13.5579
"3288",161,2010-06-09,11.46,12.166,13.6107
"3289",162,2010-06-10,11.71,12.2042,13.6657
"3290",163,2010-06-11,10.75,12.2434,13.723
"3291",164,2010-06-12,10.45,12.2828,13.7816
"3292",165,2010-06-13,10.51,12.3224,13.8396
"3293",166,2010-06-14,13.16,12.3621,13.8969
"3294",167,2010-06-15,11.69,12.4026,13.9526
"3295",168,2010-06-16,10.09,12.443,14.0085
"3296",169,2010-06-17,10.37,12.4823,14.0608
"3297",170,2010-06-18,10.57,12.5207,14.107
"3298",171,2010-06-19,11.05,12.5579,14.1478
"3299",172,2010-06-20,11.54,12.5956,14.1913
"3300",173,2010-06-21,11.06,12.6332,14.2357
"3301",174,2010-06-22,10.25,12.6691,14.2764
"3302",175,2010-06-23,11.96,12.7047,14.3154
"3303",176,2010-06-24,12.1,12.7389,14.3538
"3304",177,2010-06-25,12.36,12.7709,14.3876
"3305",178,2010-06-26,11.17,12.8006,14.4186
"3306",179,2010-06-27,10.44,12.8304,14.4502
"3307",180,2010-06-28,10.36,12.8625,14.4885
"3308",181,2010-06-29,12.47,12.8958,14.5295
"3309",182,2010-06-30,12.14,12.9286,14.5699
"3310",183,2010-07-01,11.7,12.9586,14.6066
"3311",184,2010-07-02,12.51,12.9869,14.6411
"3312",185,2010-07-03,12.39,13.0169,14.6788
"3313",186,2010-07-04,12.4,13.0475,14.7196
"3314",187,2010-07-05,13.07,13.0787,14.7557
"3315",188,2010-07-06,13.3,13.1127,14.7917
"3316",189,2010-07-07,13.43,13.1477,14.8293
"3317",190,2010-07-08,12.85,13.1825,14.8614
"3318",191,2010-07-09,13.46,13.216,14.8889
"3319",192,2010-07-10,13.03,13.249,14.9182
"3320",193,2010-07-11,13.13,13.283,14.9471
"3321",194,2010-07-12,14.29,13.3172,14.9713
"3322",195,2010-07-13,14.25,13.3517,14.9946
"3323",196,2010-07-14,14.14,13.3831,15.0159
"3324",197,2010-07-15,13.39,13.4113,15.033
"3325",198,2010-07-16,12.8,13.4382,15.0506
"3326",199,2010-07-17,13.47,13.4634,15.0712
"3327",200,2010-07-18,13.71,13.4876,15.0933
"3328",201,2010-07-19,13.34,13.5114,15.1169
"3329",202,2010-07-20,11.86,13.5343,15.1391
"3330",203,2010-07-21,11.19,13.5553,15.1582
"3331",204,2010-07-22,12.5,13.5754,15.1789
"3332",205,2010-07-23,12.55,13.5961,15.1995
"3333",206,2010-07-24,12.95,13.6151,15.2206
"3334",207,2010-07-25,12.44,13.6341,15.2421
"3335",208,2010-07-26,12.33,13.6541,15.2668
"3336",209,2010-07-27,12,13.6753,15.2906
"3337",210,2010-07-28,14.05,13.6964,15.3108
"3338",211,2010-07-29,14.46,13.7166,15.3244
"3339",212,2010-07-30,13.34,13.735,15.338
"3340",213,2010-07-31,12.26,13.7528,15.3498
"3341",214,2010-08-01,12.86,13.7711,15.3616
"3342",215,2010-08-02,13.71,13.7891,15.3745
"3343",216,2010-08-03,13.42,13.8056,15.3857
"3344",217,2010-08-04,12.88,13.8224,15.3976
"3345",218,2010-08-05,12.65,13.8397,15.4148
"3346",219,2010-08-06,12.42,13.8559,15.4348
"3347",220,2010-08-07,11.53,13.8703,15.4544
"3348",221,2010-08-08,11.93,13.8835,15.4746
"3349",222,2010-08-09,12.99,13.8965,15.4938
"3350",223,2010-08-10,12.39,13.9093,15.5113
"3351",224,2010-08-11,13.61,13.9209,15.5274
"3352",225,2010-08-12,13.02,13.9302,15.5457
"3353",226,2010-08-13,13.06,13.9376,15.5607
"3354",227,2010-08-14,13.37,13.9451,15.5736
"3355",228,2010-08-15,13.94,13.9525,15.5863
"3356",229,2010-08-16,13.29,13.9581,15.597
"3357",230,2010-08-17,13.39,13.9626,15.6042
"3358",231,2010-08-18,13.64,13.9675,15.611
"3359",232,2010-08-19,13.64,13.9728,15.6177
"3360",233,2010-08-20,12.69,13.9775,15.6231
"3361",234,2010-08-21,11.78,13.9817,15.6257
"3362",235,2010-08-22,12.4,13.9853,15.624
"3363",236,2010-08-23,11.74,13.989,15.6223
"3364",237,2010-08-24,11.93,13.9934,15.6196
"3365",238,2010-08-25,11.95,13.9973,15.6158
"3366",239,2010-08-26,12.79,14.0008,15.6111
"3367",240,2010-08-27,11.7,14.0036,15.6058
"3368",241,2010-08-28,11.72,14.0049,15.6035
"3369",242,2010-08-29,11.66,14.0037,15.6013
"3370",243,2010-08-30,11.58,14.0006,15.5961
"3371",244,2010-08-31,12.19,13.9957,15.5893
"3372",245,2010-09-01,12.13,13.9898,15.5829
"3373",246,2010-09-02,12.83,13.9834,15.5762
"3374",247,2010-09-03,13.74,13.9763,15.5691
"3375",248,2010-09-04,13.58,13.9671,15.5583
"3376",249,2010-09-05,13.02,13.9559,15.5435
"3377",250,2010-09-06,12.12,13.9426,15.5255
"3378",251,2010-09-07,12.85,13.9286,15.5049
"3379",252,2010-09-08,13.77,13.9146,15.4835
"3380",253,2010-09-09,12.52,13.9005,15.4622
"3381",254,2010-09-10,11.86,13.8856,15.4401
"3382",255,2010-09-11,12.07,13.8703,15.4187
"3383",256,2010-09-12,12.28,13.8553,15.3979
"3384",257,2010-09-13,13.62,13.8391,15.3786
"3385",258,2010-09-14,13.74,13.8218,15.3617
"3386",259,2010-09-15,13.9,13.8046,15.3445
"3387",260,2010-09-16,13.73,13.7878,15.3255
"3388",261,2010-09-17,13.43,13.7711,15.3062
"3389",262,2010-09-18,12.64,13.754,15.2856
"3390",263,2010-09-19,12.95,13.7358,15.2645
"3391",264,2010-09-20,13.39,13.7176,15.2487
"3392",265,2010-09-21,12.39,13.7,15.2375
"3393",266,2010-09-22,11.3,13.6823,15.2289
"3394",267,2010-09-23,11.72,13.6632,15.219
"3395",268,2010-09-24,11.7,13.6445,15.2082
"3396",269,2010-09-25,11.23,13.6261,15.1983
"3397",270,2010-09-26,11.02,13.6079,15.1879
"3398",271,2010-09-27,10.84,13.5907,15.1795
"3399",272,2010-09-28,11.12,13.575,15.1715
"3400",273,2010-09-29,11.29,13.5613,15.1649
"3401",274,2010-09-30,12.42,13.5499,15.1579
"3402",275,2010-10-01,12.18,13.5401,15.153
"3403",276,2010-10-02,11.67,13.5305,15.1476
"3404",277,2010-10-03,10.85,13.522,15.1442
"3405",278,2010-10-04,11.26,13.5145,15.1387
"3406",279,2010-10-05,10.99,13.5082,15.1328
"3407",280,2010-10-06,11.45,13.5029,15.1192
"3408",281,2010-10-07,12.82,13.4976,15.1035
"3409",282,2010-10-08,NA,13.492,15.0888
"3410",283,2010-10-09,NA,13.4854,15.0737
"3411",284,2010-10-10,NA,13.4767,15.0583
"3412",285,2010-10-11,NA,13.4666,15.0452
"3413",286,2010-10-12,NA,13.456,15.0323
"3414",287,2010-10-13,NA,13.4458,15.0204
"3415",288,2010-10-14,NA,13.4366,15.0097
"3416",289,2010-10-15,NA,13.4276,14.9999
"3417",290,2010-10-16,NA,13.4178,14.9899
"3418",291,2010-10-17,NA,13.4074,14.9815
"3419",292,2010-10-18,NA,13.3969,14.9682
"3420",293,2010-10-19,NA,13.3863,14.9528
"3421",294,2010-10-20,NA,13.3764,14.9318
"3422",295,2010-10-21,NA,13.3674,14.9069
"3423",296,2010-10-22,NA,13.3592,14.8809
"3424",297,2010-10-23,NA,13.3516,14.8562
"3425",298,2010-10-24,NA,13.3438,14.8317
"3426",299,2010-10-25,NA,13.3353,14.8057
"3427",300,2010-10-26,NA,13.3265,14.7793
"3428",301,2010-10-27,NA,13.3174,14.7523
"3429",302,2010-10-28,NA,13.308,14.7243
"3430",303,2010-10-29,NA,13.2985,14.7005
"3431",304,2010-10-30,NA,13.2883,14.678
"3432",305,2010-10-31,NA,13.277,14.6572
"3433",306,2010-11-01,NA,13.2649,14.6346
"3434",307,2010-11-02,NA,13.2518,14.612
"3435",308,2010-11-03,NA,13.2377,14.5867
"3436",309,2010-11-04,NA,13.2228,14.5629
"3437",310,2010-11-05,NA,13.2061,14.5389
"3438",311,2010-11-06,NA,13.1882,14.5229
"3439",312,2010-11-07,NA,13.1699,14.5101
"3440",313,2010-11-08,NA,13.151,14.498
"3441",314,2010-11-09,NA,13.1319,14.487
"3442",315,2010-11-10,NA,13.1133,14.4755
"3443",316,2010-11-11,NA,13.0948,14.4647
"3444",317,2010-11-12,NA,13.076,14.4546
"3445",318,2010-11-13,NA,13.0568,14.4424
"3446",319,2010-11-14,NA,13.0369,14.4272
"3447",320,2010-11-15,NA,13.0173,14.416
"3448",321,2010-11-16,NA,12.9997,14.4073
"3449",322,2010-11-17,NA,12.9836,14.3995
"3450",323,2010-11-18,NA,12.9683,14.3976
"3451",324,2010-11-19,NA,12.9537,14.3983
"3452",325,2010-11-20,NA,12.9393,14.4061
"3453",326,2010-11-21,NA,12.9248,14.4184
"3454",327,2010-11-22,NA,12.9102,14.4301
"3455",328,2010-11-23,NA,12.8955,14.4394
"3456",329,2010-11-24,NA,12.8815,14.4471
"3457",330,2010-11-25,NA,12.8679,14.4545
"3458",331,2010-11-26,NA,12.854,14.4594
"3459",332,2010-11-27,NA,12.8393,14.4613
"3460",333,2010-11-28,NA,12.8235,14.4604
"3461",334,2010-11-29,NA,12.807,14.4525
"3462",335,2010-11-30,NA,12.7899,14.4422
"3463",336,2010-12-01,NA,12.7727,14.4294
"3464",337,2010-12-02,NA,12.7554,14.4161
"3465",338,2010-12-03,NA,12.7386,14.4022
"3466",339,2010-12-04,NA,12.722,14.3883
"3467",340,2010-12-05,NA,12.705,14.3737
"3468",341,2010-12-06,NA,12.6882,14.3584
"3469",342,2010-12-07,NA,12.6717,14.3422
"3470",343,2010-12-08,NA,12.6552,14.3255
"3471",344,2010-12-09,NA,12.639,14.3071
"3472",345,2010-12-10,NA,12.6234,14.2867
"3473",346,2010-12-11,NA,12.6082,14.2649
"3474",347,2010-12-12,NA,12.5926,14.2255
"3475",348,2010-12-13,NA,12.5773,14.1812
"3476",349,2010-12-14,NA,12.5619,14.1375
"3477",350,2010-12-15,NA,12.5472,14.0973
"3478",351,2010-12-16,NA,12.5329,14.0531
"3479",352,2010-12-17,NA,12.5182,14.0077
"3480",353,2010-12-18,NA,12.5032,13.9622
"3481",354,2010-12-19,NA,12.4888,13.9168
"3482",355,2010-12-20,NA,12.475,13.8719
"3483",356,2010-12-21,NA,12.4615,13.8266
"3484",357,2010-12-22,NA,12.4482,13.7806
"3485",358,2010-12-23,NA,12.4354,13.7381
"3486",359,2010-12-24,NA,12.4226,13.6963
"3487",360,2010-12-25,NA,12.4101,13.6583
"3488",361,2010-12-26,NA,12.3975,13.6238
"3489",362,2010-12-27,NA,12.3852,13.5926
"3490",363,2010-12-28,NA,12.3735,13.5667
"3491",364,2010-12-29,NA,12.3626,13.5453
"3492",365,2010-12-30,NA,12.3522,13.5268
"3493",366,2010-12-31,NA,12.3417,13.5091
"3494",1,2011-01-01,NA,12.3308,13.4914
"3495",2,2011-01-02,NA,12.3201,13.4734
"3496",3,2011-01-03,NA,12.3098,13.4559
"3497",4,2011-01-04,NA,12.2995,13.4385
"3498",5,2011-01-05,NA,12.2896,13.4208
"3499",6,2011-01-06,NA,12.2804,13.4039
"3500",7,2011-01-07,NA,12.2717,13.3872
"3501",8,2011-01-08,NA,12.2639,13.3705
"3502",9,2011-01-09,NA,12.257,13.3548
"3503",10,2011-01-10,NA,12.25,13.3408
"3504",11,2011-01-11,NA,12.2439,13.3285
"3505",12,2011-01-12,NA,12.2394,13.3332
"3506",13,2011-01-13,NA,12.2353,13.343
"3507",14,2011-01-14,NA,12.2318,13.3548
"3508",15,2011-01-15,NA,12.2284,13.3662
"3509",16,2011-01-16,NA,12.2246,13.3772
"3510",17,2011-01-17,NA,12.2207,13.387
"3511",18,2011-01-18,NA,12.2169,13.3952
"3512",19,2011-01-19,NA,12.2127,13.402
"3513",20,2011-01-20,NA,12.2078,13.4044
"3514",21,2011-01-21,NA,12.2027,13.4062
"3515",22,2011-01-22,NA,12.1973,13.4068
"3516",23,2011-01-23,NA,12.1913,13.4038
"3517",24,2011-01-24,NA,12.1852,13.3994
"3518",25,2011-01-25,NA,12.1789,13.393
"3519",26,2011-01-26,NA,12.1722,13.3855
"3520",27,2011-01-27,NA,12.1656,13.3781
"3521",28,2011-01-28,NA,12.1589,13.3692
"3522",29,2011-01-29,NA,12.1518,13.3601
"3523",30,2011-01-30,NA,12.1439,13.3508
"3524",31,2011-01-31,NA,12.1357,13.3409
"3525",32,2011-02-01,NA,12.127,13.3314
"3526",33,2011-02-02,NA,12.1174,13.3222
"3527",34,2011-02-03,NA,12.1065,13.3131
"3528",35,2011-02-04,NA,12.0944,13.3051
"3529",36,2011-02-05,NA,12.0818,13.2979
"3530",37,2011-02-06,NA,12.0693,13.2923
"3531",38,2011-02-07,NA,12.0564,13.2882
"3532",39,2011-02-08,NA,12.0428,13.2848
"3533",40,2011-02-09,NA,12.0283,13.2804
"3534",41,2011-02-10,NA,12.0141,13.2761
"3535",42,2011-02-11,NA,11.9996,13.2723
"3536",43,2011-02-12,NA,11.9854,13.2677
"3537",44,2011-02-13,NA,11.972,13.2626
"3538",45,2011-02-14,NA,11.9598,13.257
"3539",46,2011-02-15,NA,11.9491,13.2529
"3540",47,2011-02-16,NA,11.9397,13.2468
"3541",48,2011-02-17,NA,11.9304,13.2402
"3542",49,2011-02-18,NA,11.9211,13.2345
"3543",50,2011-02-19,NA,11.912,13.23
"3544",51,2011-02-20,NA,11.903,13.2294
"3545",52,2011-02-21,NA,11.8942,13.2295
"3546",53,2011-02-22,NA,11.8859,13.2304
"3547",54,2011-02-23,NA,11.8775,13.2309
"3548",55,2011-02-24,NA,11.8683,13.2325
"3549",56,2011-02-25,NA,11.8585,13.2334
"3550",57,2011-02-26,NA,11.8484,13.2329
"3551",58,2011-02-27,NA,11.837,13.2318
"3552",59,2011-02-28,NA,11.8254,13.2311
"3553",61,2011-03-01,NA,11.8028,13.2275
"3554",62,2011-03-02,NA,11.7932,13.2275
"3555",63,2011-03-03,NA,11.784,13.2255
"3556",64,2011-03-04,NA,11.7746,13.2226
"3557",65,2011-03-05,NA,11.7655,13.2192
"3558",66,2011-03-06,NA,11.7568,13.2147
"3559",67,2011-03-07,NA,11.7478,13.2097
"3560",68,2011-03-08,NA,11.7381,13.2028
"3561",69,2011-03-09,NA,11.7288,13.1937
"3562",70,2011-03-10,NA,11.7201,13.1831
"3563",71,2011-03-11,NA,11.7118,13.173
"3564",72,2011-03-12,NA,11.7035,13.1629
"3565",73,2011-03-13,NA,11.6942,13.1512
"3566",74,2011-03-14,NA,11.6834,13.1378
"3567",75,2011-03-15,NA,11.6714,13.1237
"3568",76,2011-03-16,NA,11.6577,13.1093
"3569",77,2011-03-17,NA,11.6425,13.0896
"3570",78,2011-03-18,11.29,11.6262,13.0714
"3571",79,2011-03-19,11.57,11.6098,13.0549
"3572",80,2011-03-20,11.59,11.5925,13.0392
"3573",81,2011-03-21,12.08,11.5741,13.0225
"3574",82,2011-03-22,12.07,11.5552,13.0033
"3575",83,2011-03-23,11.75,11.5342,12.9807
"3576",84,2011-03-24,11.94,11.5116,12.9584
"3577",85,2011-03-25,11.75,11.4887,12.9371
"3578",86,2011-03-26,12.14,11.4655,12.9158
"3579",87,2011-03-27,11.62,11.442,12.8964
"3580",88,2011-03-28,12.02,11.4191,12.8769
"3581",89,2011-03-29,11.56,11.3968,12.856
"3582",90,2011-03-30,11.38,11.3741,12.8345
"3583",91,2011-03-31,11.93,11.3516,12.8111
"3584",92,2011-04-01,12.7,11.3292,12.7882
"3585",93,2011-04-02,13,11.3055,12.7621
"3586",94,2011-04-03,11.16,11.2827,12.7383
"3587",95,2011-04-04,11.26,11.2624,12.7169
"3588",96,2011-04-05,11.78,11.2445,12.6968
"3589",97,2011-04-06,10.83,11.2288,12.6767
"3590",98,2011-04-07,10.1,11.215,12.655
"3591",99,2011-04-08,9.7,11.2016,12.633
"3592",100,2011-04-09,9.41,11.1888,12.6117
"3593",101,2011-04-10,10.05,11.176,12.59
"3594",102,2011-04-11,9.86,11.1639,12.5694
"3595",103,2011-04-12,9.69,11.1523,12.5498
"3596",104,2011-04-13,9.5,11.1429,12.5345
"3597",105,2011-04-14,9.76,11.1358,12.5216
"3598",106,2011-04-15,10.32,11.1294,12.5089
"3599",107,2011-04-16,10.46,11.1236,12.4966
"3600",108,2011-04-17,10.63,11.1193,12.4895
"3601",109,2011-04-18,10.6,11.1169,12.4855
"3602",110,2011-04-19,11.19,11.1167,12.4855
"3603",111,2011-04-20,11.33,11.1188,12.4888
"3604",112,2011-04-21,11.3,11.1244,12.4971
"3605",113,2011-04-22,10.07,11.1317,12.5077
"3606",114,2011-04-23,9.71,11.1419,12.5213
"3607",115,2011-04-24,10.75,11.1548,12.5352
"3608",116,2011-04-25,NA,11.1689,12.5496
"3609",117,2011-04-26,NA,11.1862,12.5662
"3610",118,2011-04-27,NA,11.205,12.5835
"3611",119,2011-04-28,10.9,11.2245,12.6026
"3612",120,2011-04-29,11.02,11.2452,12.6239
"3613",121,2011-04-30,10.34,11.2669,12.6461
"3614",122,2011-05-01,10.23,11.2882,12.6687
"3615",123,2011-05-02,10.35,11.308,12.6901
"3616",124,2011-05-03,11.07,11.3284,12.7126
"3617",125,2011-05-04,9.9,11.3487,12.7347
"3618",126,2011-05-05,10.26,11.3678,12.755
"3619",127,2011-05-06,9.83,11.3857,12.774
"3620",128,2011-05-07,10.39,11.401,12.7909
"3621",129,2011-05-08,9.56,11.4153,12.8054
"3622",130,2011-05-09,10.02,11.43,12.8203
"3623",131,2011-05-10,9.64,11.4438,12.833
"3624",132,2011-05-11,NA,11.4575,12.8456
"3625",133,2011-05-12,11.29,11.4721,12.8573
"3626",134,2011-05-13,12.13,11.4891,12.8697
"3627",135,2011-05-14,11.32,11.507,12.884
"3628",136,2011-05-15,11.08,11.5251,12.9003
"3629",137,2011-05-16,11.59,11.5446,12.9172
"3630",138,2011-05-17,11.93,11.5658,12.9371
"3631",139,2011-05-18,12.23,11.5873,12.9606
"3632",140,2011-05-19,11.22,11.6088,12.9846
"3633",141,2011-05-20,10.97,11.6292,13.0048
"3634",142,2011-05-21,11.41,11.6498,13.0215
"3635",143,2011-05-22,11.24,11.6703,13.0392
"3636",144,2011-05-23,10.58,11.6911,13.0592
"3637",145,2011-05-24,NA,11.7124,13.0791
"3638",146,2011-05-25,11.23,11.7346,13.1022
"3639",147,2011-05-26,11.9,11.7574,13.128
"3640",148,2011-05-27,12.81,11.7788,13.1517
"3641",149,2011-05-28,12.04,11.7996,13.1735
"3642",150,2011-05-29,10.53,11.8214,13.1961
"3643",151,2011-05-30,10.78,11.8449,13.223
"3644",152,2011-05-31,10.02,11.8715,13.2528
"3645",153,2011-06-01,10.83,11.9007,13.2855
"3646",154,2011-06-02,12.41,11.9311,13.3184
"3647",155,2011-06-03,12.95,11.9623,13.3513
"3648",156,2011-06-04,12.26,11.9937,13.3876
"3649",157,2011-06-05,12.67,12.0247,13.4238
"3650",158,2011-06-06,12.62,12.0566,13.4607
"3651",159,2011-06-07,13.03,12.0911,13.5044
"3652",160,2011-06-08,12.92,12.1278,13.5579
"3653",161,2011-06-09,12.89,12.166,13.6107
"3654",162,2011-06-10,13.12,12.2042,13.6657
"3655",163,2011-06-11,12.91,12.2434,13.723
"3656",164,2011-06-12,11.72,12.2828,13.7816
"3657",165,2011-06-13,11.94,12.3224,13.8396
"3658",166,2011-06-14,12.33,12.3621,13.8969
"3659",167,2011-06-15,11.5,12.4026,13.9526
"3660",168,2011-06-16,11.37,12.443,14.0085
"3661",169,2011-06-17,12.57,12.4823,14.0608
"3662",170,2011-06-18,13.41,12.5207,14.107
"3663",171,2011-06-19,13.72,12.5579,14.1478
"3664",172,2011-06-20,11.96,12.5956,14.1913
"3665",173,2011-06-21,13.64,12.6332,14.2357
"3666",174,2011-06-22,13.82,12.6691,14.2764
"3667",175,2011-06-23,13.34,12.7047,14.3154
"3668",176,2011-06-24,12.21,12.7389,14.3538
"3669",177,2011-06-25,12.05,12.7709,14.3876
"3670",178,2011-06-26,12.43,12.8006,14.4186
"3671",179,2011-06-27,12.81,12.8304,14.4502
"3672",180,2011-06-28,12.23,12.8625,14.4885
"3673",181,2011-06-29,11.13,12.8958,14.5295
"3674",182,2011-06-30,12.78,12.9286,14.5699
"3675",183,2011-07-01,12.22,12.9586,14.6066
"3676",184,2011-07-02,11.63,12.9869,14.6411
"3677",185,2011-07-03,10.78,13.0169,14.6788
"3678",186,2011-07-04,11.16,13.0475,14.7196
"3679",187,2011-07-05,12.11,13.0787,14.7557
"3680",188,2011-07-06,15.24,13.1127,14.7917
"3681",189,2011-07-07,13.41,13.1477,14.8293
"3682",190,2011-07-08,12.66,13.1825,14.8614
"3683",191,2011-07-09,12.68,13.216,14.8889
"3684",192,2011-07-10,12.58,13.249,14.9182
"3685",193,2011-07-11,12.35,13.283,14.9471
"3686",194,2011-07-12,12.39,13.3172,14.9713
"3687",195,2011-07-13,12.08,13.3517,14.9946
"3688",196,2011-07-14,12.02,13.3831,15.0159
"3689",197,2011-07-15,11.62,13.4113,15.033
"3690",198,2011-07-16,12.11,13.4382,15.0506
"3691",199,2011-07-17,12.01,13.4634,15.0712
"3692",200,2011-07-18,12.34,13.4876,15.0933
"3693",201,2011-07-19,12.53,13.5114,15.1169
"3694",202,2011-07-20,12.85,13.5343,15.1391
"3695",203,2011-07-21,12.25,13.5553,15.1582
"3696",204,2011-07-22,14.35,13.5754,15.1789
"3697",205,2011-07-23,14.96,13.5961,15.1995
"3698",206,2011-07-24,15.77,13.6151,15.2206
"3699",207,2011-07-25,15.47,13.6341,15.2421
"3700",208,2011-07-26,15.03,13.6541,15.2668
"3701",209,2011-07-27,12.77,13.6753,15.2906
"3702",210,2011-07-28,14.04,13.6964,15.3108
"3703",211,2011-07-29,15.63,13.7166,15.3244
"3704",212,2011-07-30,15.23,13.735,15.338
"3705",213,2011-07-31,14.79,13.7528,15.3498
"3706",214,2011-08-01,14.97,13.7711,15.3616
"3707",215,2011-08-02,14.68,13.7891,15.3745
"3708",216,2011-08-03,14.55,13.8056,15.3857
"3709",217,2011-08-04,14.35,13.8224,15.3976
"3710",218,2011-08-05,13.47,13.8397,15.4148
"3711",219,2011-08-06,13.7,13.8559,15.4348
"3712",220,2011-08-07,14.53,13.8703,15.4544
"3713",221,2011-08-08,14.65,13.8835,15.4746
"3714",222,2011-08-09,13.85,13.8965,15.4938
"3715",223,2011-08-10,12.84,13.9093,15.5113
"3716",224,2011-08-11,12.97,13.9209,15.5274
"3717",225,2011-08-12,14.93,13.9302,15.5457
"3718",226,2011-08-13,13.17,13.9376,15.5607
"3719",227,2011-08-14,12.28,13.9451,15.5736
"3720",228,2011-08-15,12.67,13.9525,15.5863
"3721",229,2011-08-16,12.63,13.9581,15.597
"3722",230,2011-08-17,12.87,13.9626,15.6042
"3723",231,2011-08-18,12.76,13.9675,15.611
"3724",232,2011-08-19,12.09,13.9728,15.6177
"3725",233,2011-08-20,12.97,13.9775,15.6231
"3726",234,2011-08-21,14.13,13.9817,15.6257
"3727",235,2011-08-22,14.29,13.9853,15.624
"3728",236,2011-08-23,13.95,13.989,15.6223
"3729",237,2011-08-24,13.18,13.9934,15.6196
"3730",238,2011-08-25,13.44,13.9973,15.6158
"3731",239,2011-08-26,13.63,14.0008,15.6111
"3732",240,2011-08-27,12.69,14.0036,15.6058
"3733",241,2011-08-28,12.6,14.0049,15.6035
"3734",242,2011-08-29,12.54,14.0037,15.6013
"3735",243,2011-08-30,12.34,14.0006,15.5961
"3736",244,2011-08-31,12.9,13.9957,15.5893
"3737",245,2011-09-01,13.29,13.9898,15.5829
"3738",246,2011-09-02,13.81,13.9834,15.5762
"3739",247,2011-09-03,14.03,13.9763,15.5691
"3740",248,2011-09-04,14.15,13.9671,15.5583
"3741",249,2011-09-05,13.81,13.9559,15.5435
"3742",250,2011-09-06,13.92,13.9426,15.5255
"3743",251,2011-09-07,13.48,13.9286,15.5049
"3744",252,2011-09-08,13.34,13.9146,15.4835
"3745",253,2011-09-09,12.97,13.9005,15.4622
"3746",254,2011-09-10,12.66,13.8856,15.4401
"3747",255,2011-09-11,13.37,13.8703,15.4187
"3748",256,2011-09-12,13.87,13.8553,15.3979
"3749",257,2011-09-13,12.88,13.8391,15.3786
"3750",258,2011-09-14,12.49,13.8218,15.3617
"3751",259,2011-09-15,13.02,13.8046,15.3445
"3752",260,2011-09-16,12.96,13.7878,15.3255
"3753",261,2011-09-17,13.47,13.7711,15.3062
"3754",262,2011-09-18,13.92,13.754,15.2856
"3755",263,2011-09-19,14.36,13.7358,15.2645
"3756",264,2011-09-20,14.22,13.7176,15.2487
"3757",265,2011-09-21,13.84,13.7,15.2375
"3758",266,2011-09-22,13.79,13.6823,15.2289
"3759",267,2011-09-23,13.48,13.6632,15.219
"3760",268,2011-09-24,13.76,13.6445,15.2082
"3761",269,2011-09-25,14.03,13.6261,15.1983
"3762",270,2011-09-26,13.58,13.6079,15.1879
"3763",271,2011-09-27,12.72,13.5907,15.1795
"3764",272,2011-09-28,12.58,13.575,15.1715
"3765",273,2011-09-29,13.84,13.5613,15.1649
"3766",274,2011-09-30,14.3,13.5499,15.1579
"3767",275,2011-10-01,14.83,13.5401,15.153
"3768",276,2011-10-02,15.11,13.5305,15.1476
"3769",277,2011-10-03,14.04,13.522,15.1442
"3770",278,2011-10-04,14.67,13.5145,15.1387
"3771",279,2011-10-05,14.77,13.5082,15.1328
"3772",280,2011-10-06,14.53,13.5029,15.1192
"3773",281,2011-10-07,14.35,13.4976,15.1035
"3774",282,2011-10-08,14.66,13.492,15.0888
"3775",283,2011-10-09,14.26,13.4854,15.0737
"3776",284,2011-10-10,14.33,13.4767,15.0583
"3777",285,2011-10-11,14.57,13.4666,15.0452
"3778",286,2011-10-12,13.99,13.456,15.0323
"3779",287,2011-10-13,13.72,13.4458,15.0204
"3780",288,2011-10-14,13.47,13.4366,15.0097
"3781",289,2011-10-15,14.54,13.4276,14.9999
"3782",290,2011-10-16,15.04,13.4178,14.9899
"3783",291,2011-10-17,14.65,13.4074,14.9815
"3784",292,2011-10-18,14.5,13.3969,14.9682
"3785",293,2011-10-19,14.69,13.3863,14.9528
"3786",294,2011-10-20,13.98,13.3764,14.9318
"3787",295,2011-10-21,12.88,13.3674,14.9069
"3788",296,2011-10-22,13.05,13.3592,14.8809
"3789",297,2011-10-23,13.97,13.3516,14.8562
"3790",298,2011-10-24,14.22,13.3438,14.8317
"3791",299,2011-10-25,13.94,13.3353,14.8057
"3792",300,2011-10-26,13.46,13.3265,14.7793
"3793",301,2011-10-27,12.59,13.3174,14.7523
"3794",302,2011-10-28,12.68,13.308,14.7243
"3795",303,2011-10-29,12.89,13.2985,14.7005
"3796",304,2011-10-30,12.89,13.2883,14.678
"3797",305,2011-10-31,12.88,13.277,14.6572
"3798",306,2011-11-01,12.84,13.2649,14.6346
"3799",307,2011-11-02,12.54,13.2518,14.612
"3800",308,2011-11-03,12.4,13.2377,14.5867
"3801",309,2011-11-04,11.52,13.2228,14.5629
"3802",310,2011-11-05,11.42,13.2061,14.5389
"3803",311,2011-11-06,11.53,13.1882,14.5229
"3804",312,2011-11-07,11.35,13.1699,14.5101
"3805",313,2011-11-08,11.18,13.151,14.498
"3806",314,2011-11-09,11.56,13.1319,14.487
"3807",315,2011-11-10,11.67,13.1133,14.4755
"3808",316,2011-11-11,11.93,13.0948,14.4647
"3809",317,2011-11-12,12.71,13.076,14.4546
"3810",318,2011-11-13,12.39,13.0568,14.4424
"3811",319,2011-11-14,12.26,13.0369,14.4272
"3812",320,2011-11-15,11.89,13.0173,14.416
"3813",321,2011-11-16,12.04,12.9997,14.4073
"3814",322,2011-11-17,12.48,12.9836,14.3995
"3815",323,2011-11-18,11.66,12.9683,14.3976
"3816",324,2011-11-19,11.46,12.9537,14.3983
"3817",325,2011-11-20,11.72,12.9393,14.4061
"3818",326,2011-11-21,12.21,12.9248,14.4184
"3819",327,2011-11-22,12.5,12.9102,14.4301
"3820",328,2011-11-23,12.58,12.8955,14.4394
"3821",329,2011-11-24,12.48,12.8815,14.4471
"3822",330,2011-11-25,12.2,12.8679,14.4545
"3823",331,2011-11-26,12.44,12.854,14.4594
"3824",332,2011-11-27,12.54,12.8393,14.4613
"3825",333,2011-11-28,12.56,12.8235,14.4604
"3826",334,2011-11-29,12.66,12.807,14.4525
"3827",335,2011-11-30,12.44,12.7899,14.4422
"3828",336,2011-12-01,11.5,12.7727,14.4294
"3829",337,2011-12-02,10.66,12.7554,14.4161
"3830",338,2011-12-03,11.05,12.7386,14.4022
"3831",339,2011-12-04,11.08,12.722,14.3883
"3832",340,2011-12-05,11.91,12.705,14.3737
"3833",341,2011-12-06,11.65,12.6882,14.3584
"3834",342,2011-12-07,11.52,12.6717,14.3422
"3835",343,2011-12-08,11.45,12.6552,14.3255
"3836",344,2011-12-09,11.57,12.639,14.3071
"3837",345,2011-12-10,11.53,12.6234,14.2867
"3838",346,2011-12-11,11.58,12.6082,14.2649
"3839",347,2011-12-12,11.51,12.5926,14.2255
"3840",348,2011-12-13,11.43,12.5773,14.1812
"3841",349,2011-12-14,11.66,12.5619,14.1375
"3842",350,2011-12-15,11.8,12.5472,14.0973
"3843",351,2011-12-16,11.35,12.5329,14.0531
"3844",352,2011-12-17,11.92,12.5182,14.0077
"3845",353,2011-12-18,12.09,12.5032,13.9622
"3846",354,2011-12-19,12.06,12.4888,13.9168
"3847",355,2011-12-20,11.9,12.475,13.8719
"3848",356,2011-12-21,11.95,12.4615,13.8266
"3849",357,2011-12-22,11.94,12.4482,13.7806
"3850",358,2011-12-23,11.91,12.4354,13.7381
"3851",359,2011-12-24,11.91,12.4226,13.6963
"3852",360,2011-12-25,11.86,12.4101,13.6583
"3853",361,2011-12-26,11.85,12.3975,13.6238
"3854",362,2011-12-27,11.76,12.3852,13.5926
"3855",363,2011-12-28,11.92,12.3735,13.5667
"3856",364,2011-12-29,12,12.3626,13.5453
"3857",365,2011-12-30,11.86,12.3522,13.5268
"3858",366,2011-12-31,11.75,12.3417,13.5091
"3859",1,2012-01-01,11.6,12.3308,13.4914
"3860",2,2012-01-02,11.78,12.3201,13.4734
"3861",3,2012-01-03,11.91,12.3098,13.4559
"3862",4,2012-01-04,11.76,12.2995,13.4385
"3863",5,2012-01-05,11.69,12.2896,13.4208
"3864",6,2012-01-06,11.46,12.2804,13.4039
"3865",7,2012-01-07,11.12,12.2717,13.3872
"3866",8,2012-01-08,11.07,12.2639,13.3705
"3867",9,2012-01-09,11.44,12.257,13.3548
"3868",10,2012-01-10,11.48,12.25,13.3408
"3869",11,2012-01-11,11.43,12.2439,13.3285
"3870",12,2012-01-12,11.53,12.2394,13.3332
"3871",13,2012-01-13,11.53,12.2353,13.343
"3872",14,2012-01-14,11.51,12.2318,13.3548
"3873",15,2012-01-15,11.91,12.2284,13.3662
"3874",16,2012-01-16,11.12,12.2246,13.3772
"3875",17,2012-01-17,10.51,12.2207,13.387
"3876",18,2012-01-18,10.48,12.2169,13.3952
"3877",19,2012-01-19,10.93,12.2127,13.402
"3878",20,2012-01-20,11.46,12.2078,13.4044
"3879",21,2012-01-21,12.07,12.2027,13.4062
"3880",22,2012-01-22,11.86,12.1973,13.4068
"3881",23,2012-01-23,11.93,12.1913,13.4038
"3882",24,2012-01-24,11.91,12.1852,13.3994
"3883",25,2012-01-25,12,12.1789,13.393
"3884",26,2012-01-26,12.1,12.1722,13.3855
"3885",27,2012-01-27,11.95,12.1656,13.3781
"3886",28,2012-01-28,11.53,12.1589,13.3692
"3887",29,2012-01-29,11.53,12.1518,13.3601
"3888",30,2012-01-30,11.56,12.1439,13.3508
"3889",31,2012-01-31,11.51,12.1357,13.3409
"3890",32,2012-02-01,11.16,12.127,13.3314
"3891",33,2012-02-02,11.21,12.1174,13.3222
"3892",34,2012-02-03,11.24,12.1065,13.3131
"3893",35,2012-02-04,11.41,12.0944,13.3051
"3894",36,2012-02-05,11.49,12.0818,13.2979
"3895",37,2012-02-06,11.67,12.0693,13.2923
"3896",38,2012-02-07,11.93,12.0564,13.2882
"3897",39,2012-02-08,11.87,12.0428,13.2848
"3898",40,2012-02-09,11.93,12.0283,13.2804
"3899",41,2012-02-10,11.88,12.0141,13.2761
"3900",42,2012-02-11,12.1,11.9996,13.2723
"3901",43,2012-02-12,11.94,11.9854,13.2677
"3902",44,2012-02-13,11.64,11.972,13.2626
"3903",45,2012-02-14,11.34,11.9598,13.257
"3904",46,2012-02-15,11.25,11.9491,13.2529
"3905",47,2012-02-16,10.82,11.9397,13.2468
"3906",48,2012-02-17,11,11.9304,13.2402
"3907",49,2012-02-18,11.26,11.9211,13.2345
"3908",50,2012-02-19,10.46,11.912,13.23
"3909",51,2012-02-20,10.45,11.903,13.2294
"3910",52,2012-02-21,10.47,11.8942,13.2295
"3911",53,2012-02-22,10.98,11.8859,13.2304
"3912",54,2012-02-23,10.88,11.8775,13.2309
"3913",55,2012-02-24,10.33,11.8683,13.2325
"3914",56,2012-02-25,10.54,11.8585,13.2334
"3915",57,2012-02-26,9.81,11.8484,13.2329
"3916",58,2012-02-27,9.32,11.837,13.2318
"3917",59,2012-02-28,9.19,11.8254,13.2311
"3918",60,2012-02-29,9.49,11.8137,13.2292
"3919",61,2012-03-01,9.79,11.8028,13.2275
"3920",62,2012-03-02,9.52,11.7932,13.2275
"3921",63,2012-03-03,10.03,11.784,13.2255
"3922",64,2012-03-04,10.22,11.7746,13.2226
"3923",65,2012-03-05,9.94,11.7655,13.2192
"3924",66,2012-03-06,9.67,11.7568,13.2147
"3925",67,2012-03-07,9.19,11.7478,13.2097
"3926",68,2012-03-08,9.43,11.7381,13.2028
"3927",69,2012-03-09,9.71,11.7288,13.1937
"3928",70,2012-03-10,9.87,11.7201,13.1831
"3929",71,2012-03-11,9.93,11.7118,13.173
"3930",72,2012-03-12,9.56,11.7035,13.1629
"3931",73,2012-03-13,9.9,11.6942,13.1512
"3932",74,2012-03-14,10.26,11.6834,13.1378
"3933",75,2012-03-15,10.5,11.6714,13.1237
"3934",76,2012-03-16,10.96,11.6577,13.1093
"3935",77,2012-03-17,10.87,11.6425,13.0896
"3936",78,2012-03-18,10.46,11.6262,13.0714
"3937",79,2012-03-19,9.76,11.6098,13.0549
"3938",80,2012-03-20,10.26,11.5925,13.0392
"3939",81,2012-03-21,10.76,11.5741,13.0225
"3940",82,2012-03-22,11.19,11.5552,13.0033
"3941",83,2012-03-23,10.73,11.5342,12.9807
"3942",84,2012-03-24,10.81,11.5116,12.9584
"3943",85,2012-03-25,10.42,11.4887,12.9371
"3944",86,2012-03-26,10.78,11.4655,12.9158
"3945",87,2012-03-27,10.85,11.442,12.8964
"3946",88,2012-03-28,11.13,11.4191,12.8769
"3947",89,2012-03-29,11.54,11.3968,12.856
"3948",90,2012-03-30,11.72,11.3741,12.8345
"3949",91,2012-03-31,11.62,11.3516,12.8111
"3950",92,2012-04-01,11.82,11.3292,12.7882
"3951",93,2012-04-02,10.43,11.3055,12.7621
"3952",94,2012-04-03,10.42,11.2827,12.7383
"3953",95,2012-04-04,10.78,11.2624,12.7169
"3954",96,2012-04-05,10.45,11.2445,12.6968
"3955",97,2012-04-06,10.1,11.2288,12.6767
"3956",98,2012-04-07,9.86,11.215,12.655
"3957",99,2012-04-08,9.57,11.2016,12.633
"3958",100,2012-04-09,10.04,11.1888,12.6117
"3959",101,2012-04-10,11,11.176,12.59
"3960",102,2012-04-11,11.36,11.1639,12.5694
"3961",103,2012-04-12,11.46,11.1523,12.5498
"3962",104,2012-04-13,11.78,11.1429,12.5345
"3963",105,2012-04-14,11.02,11.1358,12.5216
"3964",106,2012-04-15,NA,11.1294,12.5089
"3965",107,2012-04-16,10.48,11.1236,12.4966
"3966",108,2012-04-17,11.76,11.1193,12.4895
"3967",109,2012-04-18,11.45,11.1169,12.4855
"3968",110,2012-04-19,11.1,11.1167,12.4855
"3969",111,2012-04-20,10.81,11.1188,12.4888
"3970",112,2012-04-21,11.07,11.1244,12.4971
"3971",113,2012-04-22,10.06,11.1317,12.5077
"3972",114,2012-04-23,11.08,11.1419,12.5213
"3973",115,2012-04-24,11.84,11.1548,12.5352
"3974",116,2012-04-25,11.65,11.1689,12.5496
"3975",117,2012-04-26,13.04,11.1862,12.5662
"3976",118,2012-04-27,11.04,11.205,12.5835
"3977",119,2012-04-28,NA,11.2245,12.6026
"3978",120,2012-04-29,NA,11.2452,12.6239
"3979",121,2012-04-30,NA,11.2669,12.6461
"3980",122,2012-05-01,12.48,11.2882,12.6687
"3981",123,2012-05-02,11.09,11.308,12.6901
"3982",124,2012-05-03,10.76,11.3284,12.7126
"3983",125,2012-05-04,10.9,11.3487,12.7347
"3984",126,2012-05-05,11.13,11.3678,12.755
"3985",127,2012-05-06,10.22,11.3857,12.774
"3986",128,2012-05-07,10.25,11.401,12.7909
"3987",129,2012-05-08,10.42,11.4153,12.8054
"3988",130,2012-05-09,11.35,11.43,12.8203
"3989",131,2012-05-10,10.15,11.4438,12.833
"3990",132,2012-05-11,10.38,11.4575,12.8456
"3991",133,2012-05-12,11.66,11.4721,12.8573
"3992",134,2012-05-13,12.87,11.4891,12.8697
"3993",135,2012-05-14,13.33,11.507,12.884
"3994",136,2012-05-15,13.39,11.5251,12.9003
"3995",137,2012-05-16,12.78,11.5446,12.9172
"3996",138,2012-05-17,12.28,11.5658,12.9371
"3997",139,2012-05-18,11.77,11.5873,12.9606
"3998",140,2012-05-19,11.13,11.6088,12.9846
"3999",141,2012-05-20,11.22,11.6292,13.0048
"4000",142,2012-05-21,11.62,11.6498,13.0215
"4001",143,2012-05-22,11.4,11.6703,13.0392
"4002",144,2012-05-23,11.41,11.6911,13.0592
"4003",145,2012-05-24,10.72,11.7124,13.0791
"4004",146,2012-05-25,10.35,11.7346,13.1022
"4005",147,2012-05-26,9.38,11.7574,13.128
"4006",148,2012-05-27,NA,11.7788,13.1517
"4007",149,2012-05-28,12.65,11.7996,13.1735
"4008",150,2012-05-29,12.29,11.8214,13.1961
"4009",151,2012-05-30,11.29,11.8449,13.223
"4010",152,2012-05-31,11.06,11.8715,13.2528
"4011",153,2012-06-01,10.66,11.9007,13.2855
"4012",154,2012-06-02,10.84,11.9311,13.3184
"4013",155,2012-06-03,10.58,11.9623,13.3513
"4014",156,2012-06-04,10.64,11.9937,13.3876
"4015",157,2012-06-05,11.19,12.0247,13.4238
"4016",158,2012-06-06,10.61,12.0566,13.4607
"4017",159,2012-06-07,10.33,12.0911,13.5044
"4018",160,2012-06-08,10.45,12.1278,13.5579
"4019",161,2012-06-09,10.3,12.166,13.6107
"4020",162,2012-06-10,10.98,12.2042,13.6657
"4021",163,2012-06-11,11.25,12.2434,13.723
"4022",164,2012-06-12,12.01,12.2828,13.7816
"4023",165,2012-06-13,12.97,12.3224,13.8396
"4024",166,2012-06-14,10.86,12.3621,13.8969
"4025",167,2012-06-15,10.87,12.4026,13.9526
"4026",168,2012-06-16,12.25,12.443,14.0085
"4027",169,2012-06-17,12.18,12.4823,14.0608
"4028",170,2012-06-18,14.02,12.5207,14.107
"4029",171,2012-06-19,12.31,12.5579,14.1478
"4030",172,2012-06-20,12.84,12.5956,14.1913
"4031",173,2012-06-21,12.72,12.6332,14.2357
"4032",174,2012-06-22,12.22,12.6691,14.2764
"4033",175,2012-06-23,11.66,12.7047,14.3154
"4034",176,2012-06-24,12.41,12.7389,14.3538
"4035",177,2012-06-25,12.85,12.7709,14.3876
"4036",178,2012-06-26,13.62,12.8006,14.4186
"4037",179,2012-06-27,13.64,12.8304,14.4502
"4038",180,2012-06-28,13.35,12.8625,14.4885
"4039",181,2012-06-29,13.7,12.8958,14.5295
"4040",182,2012-06-30,13.67,12.9286,14.5699
"4041",183,2012-07-01,13.77,12.9586,14.6066
"4042",184,2012-07-02,14.58,12.9869,14.6411
"4043",185,2012-07-03,13.62,13.0169,14.6788
"4044",186,2012-07-04,12.19,13.0475,14.7196
"4045",187,2012-07-05,13.61,13.0787,14.7557
"4046",188,2012-07-06,12.94,13.1127,14.7917
"4047",189,2012-07-07,11.07,13.1477,14.8293
"4048",190,2012-07-08,11.7,13.1825,14.8614
"4049",191,2012-07-09,12.94,13.216,14.8889
"4050",192,2012-07-10,12.21,13.249,14.9182
"4051",193,2012-07-11,11.68,13.283,14.9471
"4052",194,2012-07-12,11.68,13.3172,14.9713
"4053",195,2012-07-13,11.66,13.3517,14.9946
"4054",196,2012-07-14,12.69,13.3831,15.0159
"4055",197,2012-07-15,11,13.4113,15.033
"4056",198,2012-07-16,12,13.4382,15.0506
"4057",199,2012-07-17,12.5,13.4634,15.0712
"4058",200,2012-07-18,13.37,13.4876,15.0933
"4059",201,2012-07-19,12.67,13.5114,15.1169
"4060",202,2012-07-20,12.36,13.5343,15.1391
"4061",203,2012-07-21,12.45,13.5553,15.1582
"4062",204,2012-07-22,12.47,13.5754,15.1789
"4063",205,2012-07-23,14.53,13.5961,15.1995
"4064",206,2012-07-24,15.43,13.6151,15.2206
"4065",207,2012-07-25,14.92,13.6341,15.2421
"4066",208,2012-07-26,15.26,13.6541,15.2668
"4067",209,2012-07-27,14.79,13.6753,15.2906
"4068",210,2012-07-28,14.04,13.6964,15.3108
"4069",211,2012-07-29,14.24,13.7166,15.3244
"4070",212,2012-07-30,12.73,13.735,15.338
"4071",213,2012-07-31,12.41,13.7528,15.3498
"4072",214,2012-08-01,13.14,13.7711,15.3616
"4073",215,2012-08-02,12.84,13.7891,15.3745
"4074",216,2012-08-03,12.58,13.8056,15.3857
"4075",217,2012-08-04,12.51,13.8224,15.3976
"4076",218,2012-08-05,12.59,13.8397,15.4148
"4077",219,2012-08-06,12.97,13.8559,15.4348
"4078",220,2012-08-07,13.62,13.8703,15.4544
"4079",221,2012-08-08,13.12,13.8835,15.4746
"4080",222,2012-08-09,12.75,13.8965,15.4938
"4081",223,2012-08-10,12.83,13.9093,15.5113
"4082",224,2012-08-11,12.44,13.9209,15.5274
"4083",225,2012-08-12,12.36,13.9302,15.5457
"4084",226,2012-08-13,11.97,13.9376,15.5607
"4085",227,2012-08-14,11.55,13.9451,15.5736
"4086",228,2012-08-15,13.16,13.9525,15.5863
"4087",229,2012-08-16,13.25,13.9581,15.597
"4088",230,2012-08-17,12.87,13.9626,15.6042
"4089",231,2012-08-18,12.89,13.9675,15.611
"4090",232,2012-08-19,12.85,13.9728,15.6177
"4091",233,2012-08-20,12.69,13.9775,15.6231
"4092",234,2012-08-21,12.5,13.9817,15.6257
"4093",235,2012-08-22,12.38,13.9853,15.624
"4094",236,2012-08-23,13.53,13.989,15.6223
"4095",237,2012-08-24,13.9,13.9934,15.6196
"4096",238,2012-08-25,13.87,13.9973,15.6158
"4097",239,2012-08-26,14,14.0008,15.6111
"4098",240,2012-08-27,13.79,14.0036,15.6058
"4099",241,2012-08-28,13.61,14.0049,15.6035
"4100",242,2012-08-29,13.88,14.0037,15.6013
"4101",243,2012-08-30,11.97,14.0006,15.5961
"4102",244,2012-08-31,13.15,13.9957,15.5893
"4103",245,2012-09-01,12.33,13.9898,15.5829
"4104",246,2012-09-02,11.98,13.9834,15.5762
"4105",247,2012-09-03,12.35,13.9763,15.5691
"4106",248,2012-09-04,13,13.9671,15.5583
"4107",249,2012-09-05,12.39,13.9559,15.5435
"4108",250,2012-09-06,13.58,13.9426,15.5255
"4109",251,2012-09-07,14.14,13.9286,15.5049
"4110",252,2012-09-08,14.2,13.9146,15.4835
"4111",253,2012-09-09,14.06,13.9005,15.4622
"4112",254,2012-09-10,13.75,13.8856,15.4401
"4113",255,2012-09-11,13.57,13.8703,15.4187
"4114",256,2012-09-12,15.21,13.8553,15.3979
"4115",257,2012-09-13,14.71,13.8391,15.3786
"4116",258,2012-09-14,13.52,13.8218,15.3617
"4117",259,2012-09-15,12.89,13.8046,15.3445
"4118",260,2012-09-16,12.46,13.7878,15.3255
"4119",261,2012-09-17,13.28,13.7711,15.3062
"4120",262,2012-09-18,13.48,13.754,15.2856
"4121",263,2012-09-19,12.95,13.7358,15.2645
"4122",264,2012-09-20,12.44,13.7176,15.2487
"4123",265,2012-09-21,12.77,13.7,15.2375
"4124",266,2012-09-22,13.06,13.6823,15.2289
"4125",267,2012-09-23,13.39,13.6632,15.219
"4126",268,2012-09-24,13.75,13.6445,15.2082
"4127",269,2012-09-25,13.86,13.6261,15.1983
"4128",270,2012-09-26,13.94,13.6079,15.1879
"4129",271,2012-09-27,13.82,13.5907,15.1795
"4130",272,2012-09-28,13.59,13.575,15.1715
"4131",273,2012-09-29,13.5,13.5613,15.1649
"4132",274,2012-09-30,12.97,13.5499,15.1579
"4133",275,2012-10-01,13.3,13.5401,15.153
"4134",276,2012-10-02,13.65,13.5305,15.1476
"4135",277,2012-10-03,13.89,13.522,15.1442
"4136",278,2012-10-04,14.08,13.5145,15.1387
"4137",279,2012-10-05,14.49,13.5082,15.1328
"4138",280,2012-10-06,14.18,13.5029,15.1192
"4139",281,2012-10-07,14.05,13.4976,15.1035
"4140",282,2012-10-08,13.85,13.492,15.0888
"4141",283,2012-10-09,13.77,13.4854,15.0737
"4142",284,2012-10-10,13.85,13.4767,15.0583
"4143",285,2012-10-11,13.57,13.4666,15.0452
"4144",286,2012-10-12,13.61,13.456,15.0323
"4145",287,2012-10-13,14.39,13.4458,15.0204
"4146",288,2012-10-14,14.2,13.4366,15.0097
"4147",289,2012-10-15,13.35,13.4276,14.9999
"4148",290,2012-10-16,13.17,13.4178,14.9899
"4149",291,2012-10-17,13.23,13.4074,14.9815
"4150",292,2012-10-18,13.42,13.3969,14.9682
"4151",293,2012-10-19,14.47,13.3863,14.9528
"4152",294,2012-10-20,14.17,13.3764,14.9318
"4153",295,2012-10-21,13.06,13.3674,14.9069
"4154",296,2012-10-22,12.6,13.3592,14.8809
"4155",297,2012-10-23,12.63,13.3516,14.8562
"4156",298,2012-10-24,13.27,13.3438,14.8317
"4157",299,2012-10-25,13.89,13.3353,14.8057
"4158",300,2012-10-26,14.2,13.3265,14.7793
"4159",301,2012-10-27,13.87,13.3174,14.7523
"4160",302,2012-10-28,13.63,13.308,14.7243
"4161",303,2012-10-29,13.3,13.2985,14.7005
"4162",304,2012-10-30,13.05,13.2883,14.678
"4163",305,2012-10-31,13.26,13.277,14.6572
"4164",306,2012-11-01,13.69,13.2649,14.6346
"4165",307,2012-11-02,13.76,13.2518,14.612
"4166",308,2012-11-03,13.91,13.2377,14.5867
"4167",309,2012-11-04,13.88,13.2228,14.5629
"4168",310,2012-11-05,14.04,13.2061,14.5389
"4169",311,2012-11-06,NA,13.1882,14.5229
"4170",312,2012-11-07,13.53,13.1699,14.5101
"4171",313,2012-11-08,13.17,13.151,14.498
"4172",314,2012-11-09,12.59,13.1319,14.487
"4173",315,2012-11-10,12.52,13.1133,14.4755
"4174",316,2012-11-11,12.36,13.0948,14.4647
"4175",317,2012-11-12,12.36,13.076,14.4546
"4176",318,2012-11-13,12.46,13.0568,14.4424
"4177",319,2012-11-14,12.68,13.0369,14.4272
"4178",320,2012-11-15,13.2,13.0173,14.416
"4179",321,2012-11-16,13.77,12.9997,14.4073
"4180",322,2012-11-17,14.25,12.9836,14.3995
"4181",323,2012-11-18,14.52,12.9683,14.3976
"4182",324,2012-11-19,14.37,12.9537,14.3983
"4183",325,2012-11-20,14.31,12.9393,14.4061
"4184",326,2012-11-21,14.41,12.9248,14.4184
"4185",327,2012-11-22,14.15,12.9102,14.4301
"4186",328,2012-11-23,13.77,12.8955,14.4394
"4187",329,2012-11-24,13.78,12.8815,14.4471
"4188",330,2012-11-25,13.74,12.8679,14.4545
"4189",331,2012-11-26,14.1,12.854,14.4594
"4190",332,2012-11-27,14.34,12.8393,14.4613
"4191",333,2012-11-28,14.12,12.8235,14.4604
"4192",334,2012-11-29,14.16,12.807,14.4525
"4193",335,2012-11-30,14.36,12.7899,14.4422
"4194",336,2012-12-01,14.69,12.7727,14.4294
"4195",337,2012-12-02,14.81,12.7554,14.4161
"4196",338,2012-12-03,14.6,12.7386,14.4022
"4197",339,2012-12-04,14.55,12.722,14.3883
"4198",340,2012-12-05,14.41,12.705,14.3737
"4199",341,2012-12-06,14.39,12.6882,14.3584
"4200",342,2012-12-07,13.9,12.6717,14.3422
"4201",343,2012-12-08,13.67,12.6552,14.3255
"4202",344,2012-12-09,13.65,12.639,14.3071
"4203",345,2012-12-10,13.8,12.6234,14.2867
"4204",346,2012-12-11,13.87,12.6082,14.2649
"4205",347,2012-12-12,13.75,12.5926,14.2255
"4206",348,2012-12-13,13.22,12.5773,14.1812
"4207",349,2012-12-14,13.05,12.5619,14.1375
"4208",350,2012-12-15,13.08,12.5472,14.0973
"4209",351,2012-12-16,13.01,12.5329,14.0531
"4210",352,2012-12-17,13.55,12.5182,14.0077
"4211",353,2012-12-18,13.22,12.5032,13.9622
"4212",354,2012-12-19,12.34,12.4888,13.9168
"4213",355,2012-12-20,12.31,12.475,13.8719
"4214",356,2012-12-21,12.54,12.4615,13.8266
"4215",357,2012-12-22,12.8,12.4482,13.7806
"4216",358,2012-12-23,12.77,12.4354,13.7381
"4217",359,2012-12-24,12.75,12.4226,13.6963
"4218",360,2012-12-25,12.63,12.4101,13.6583
"4219",361,2012-12-26,12.36,12.3975,13.6238
"4220",362,2012-12-27,12.63,12.3852,13.5926
"4221",363,2012-12-28,12.08,12.3735,13.5667
"4222",364,2012-12-29,12.12,12.3626,13.5453
"4223",365,2012-12-30,11.96,12.3522,13.5268
"4224",366,2012-12-31,11.93,12.3417,13.5091
"4225",1,2013-01-01,12.11,12.3308,13.4914
"4226",2,2013-01-02,11.86,12.3201,13.4734
"4227",3,2013-01-03,11.74,12.3098,13.4559
"4228",4,2013-01-04,11.83,12.2995,13.4385
"4229",5,2013-01-05,11.92,12.2896,13.4208
"4230",6,2013-01-06,12,12.2804,13.4039
"4231",7,2013-01-07,11.86,12.2717,13.3872
"4232",8,2013-01-08,11.79,12.2639,13.3705
"4233",9,2013-01-09,11.9,12.257,13.3548
"4234",10,2013-01-10,11.37,12.25,13.3408
"4235",11,2013-01-11,10.76,12.2439,13.3285
"4236",12,2013-01-12,10.34,12.2394,13.3332
"4237",13,2013-01-13,10.3,12.2353,13.343
"4238",14,2013-01-14,10.34,12.2318,13.3548
"4239",15,2013-01-15,10.48,12.2284,13.3662
"4240",16,2013-01-16,10.39,12.2246,13.3772
"4241",17,2013-01-17,10.4,12.2207,13.387
"4242",18,2013-01-18,10.5,12.2169,13.3952
"4243",19,2013-01-19,10.79,12.2127,13.402
"4244",20,2013-01-20,10.99,12.2078,13.4044
"4245",21,2013-01-21,10.64,12.2027,13.4062
"4246",22,2013-01-22,10.88,12.1973,13.4068
"4247",23,2013-01-23,10.88,12.1913,13.4038
"4248",24,2013-01-24,11.01,12.1852,13.3994
"4249",25,2013-01-25,11.17,12.1789,13.393
"4250",26,2013-01-26,11.33,12.1722,13.3855
"4251",27,2013-01-27,10.78,12.1656,13.3781
"4252",28,2013-01-28,10.69,12.1589,13.3692
"4253",29,2013-01-29,10.69,12.1518,13.3601
"4254",30,2013-01-30,10.68,12.1439,13.3508
"4255",31,2013-01-31,10.9,12.1357,13.3409
"4256",32,2013-02-01,11.12,12.127,13.3314
"4257",33,2013-02-02,11.52,12.1174,13.3222
"4258",34,2013-02-03,11.36,12.1065,13.3131
"4259",35,2013-02-04,10.88,12.0944,13.3051
"4260",36,2013-02-05,10.72,12.0818,13.2979
"4261",37,2013-02-06,10.56,12.0693,13.2923
"4262",38,2013-02-07,10.44,12.0564,13.2882
"4263",39,2013-02-08,10.46,12.0428,13.2848
"4264",40,2013-02-09,10.31,12.0283,13.2804
"4265",41,2013-02-10,10.64,12.0141,13.2761
"4266",42,2013-02-11,10.93,11.9996,13.2723
"4267",43,2013-02-12,11.16,11.9854,13.2677
"4268",44,2013-02-13,11.22,11.972,13.2626
"4269",45,2013-02-14,11.03,11.9598,13.257
"4270",46,2013-02-15,11.09,11.9491,13.2529
"4271",47,2013-02-16,11.09,11.9397,13.2468
"4272",48,2013-02-17,11.11,11.9304,13.2402
"4273",49,2013-02-18,10.78,11.9211,13.2345
"4274",50,2013-02-19,10.59,11.912,13.23
"4275",51,2013-02-20,10.16,11.903,13.2294
"4276",52,2013-02-21,10.32,11.8942,13.2295
"4277",53,2013-02-22,9.97,11.8859,13.2304
"4278",54,2013-02-23,10.3,11.8775,13.2309
"4279",55,2013-02-24,9.75,11.8683,13.2325
"4280",56,2013-02-25,9.93,11.8585,13.2334
"4281",57,2013-02-26,10.03,11.8484,13.2329
"4282",58,2013-02-27,10.29,11.837,13.2318
"4283",59,2013-02-28,10.59,11.8254,13.2311
"4284",61,2013-03-01,10.49,11.8028,13.2275
"4285",62,2013-03-02,10.21,11.7932,13.2275
"4286",63,2013-03-03,10.29,11.784,13.2255
"4287",64,2013-03-04,10.33,11.7746,13.2226
"4288",65,2013-03-05,9.82,11.7655,13.2192
"4289",66,2013-03-06,10.36,11.7568,13.2147
"4290",67,2013-03-07,10.58,11.7478,13.2097
"4291",68,2013-03-08,10.86,11.7381,13.2028
"4292",69,2013-03-09,10.75,11.7288,13.1937
"4293",70,2013-03-10,10.19,11.7201,13.1831
"4294",71,2013-03-11,10.42,11.7118,13.173
"4295",72,2013-03-12,10.73,11.7035,13.1629
"4296",73,2013-03-13,10.89,11.6942,13.1512
"4297",74,2013-03-14,10.67,11.6834,13.1378
"4298",75,2013-03-15,10.77,11.6714,13.1237
"4299",76,2013-03-16,10.56,11.6577,13.1093
"4300",77,2013-03-17,10.6,11.6425,13.0896
"4301",78,2013-03-18,10.2,11.6262,13.0714
"4302",79,2013-03-19,10.17,11.6098,13.0549
"4303",80,2013-03-20,10.65,11.5925,13.0392
"4304",81,2013-03-21,10.56,11.5741,13.0225
"4305",82,2013-03-22,9.78,11.5552,13.0033
"4306",83,2013-03-23,9.29,11.5342,12.9807
"4307",84,2013-03-24,9.33,11.5116,12.9584
"4308",85,2013-03-25,9.74,11.4887,12.9371
"4309",86,2013-03-26,9.96,11.4655,12.9158
"4310",87,2013-03-27,10.2,11.442,12.8964
"4311",88,2013-03-28,10.58,11.4191,12.8769
"4312",89,2013-03-29,11.6,11.3968,12.856
"4313",90,2013-03-30,11.76,11.3741,12.8345
"4314",91,2013-03-31,12.08,11.3516,12.8111
"4315",92,2013-04-01,12.04,11.3292,12.7882
"4316",93,2013-04-02,12.2,11.3055,12.7621
"4317",94,2013-04-03,11.51,11.2827,12.7383
"4318",95,2013-04-04,11.39,11.2624,12.7169
"4319",96,2013-04-05,11.42,11.2445,12.6968
"4320",97,2013-04-06,11.49,11.2288,12.6767
"4321",98,2013-04-07,11.46,11.215,12.655
"4322",99,2013-04-08,11.58,11.2016,12.633
"4323",100,2013-04-09,10.53,11.1888,12.6117
"4324",101,2013-04-10,9.83,11.176,12.59
"4325",102,2013-04-11,10.35,11.1639,12.5694
"4326",103,2013-04-12,10.03,11.1523,12.5498
"4327",104,2013-04-13,9.9,11.1429,12.5345
"4328",105,2013-04-14,9.99,11.1358,12.5216
"4329",106,2013-04-15,9.69,11.1294,12.5089
"4330",107,2013-04-16,9.38,11.1236,12.4966
"4331",108,2013-04-17,NA,11.1193,12.4895
"4332",109,2013-04-18,NA,11.1169,12.4855
"4333",110,2013-04-19,NA,11.1167,12.4855
"4334",111,2013-04-20,NA,11.1188,12.4888
"4335",112,2013-04-21,NA,11.1244,12.4971
"4336",113,2013-04-22,11.08,11.1317,12.5077
"4337",114,2013-04-23,12.91,11.1419,12.5213
"4338",115,2013-04-24,12.93,11.1548,12.5352
"4339",116,2013-04-25,12.78,11.1689,12.5496
"4340",117,2013-04-26,12.26,11.1862,12.5662
"4341",118,2013-04-27,11.54,11.205,12.5835
"4342",119,2013-04-28,10.8,11.2245,12.6026
"4343",120,2013-04-29,10.32,11.2452,12.6239
"4344",121,2013-04-30,10.98,11.2669,12.6461
"4345",122,2013-05-01,9.7,11.2882,12.6687
"4346",123,2013-05-02,12.82,11.308,12.6901
"4347",124,2013-05-03,13.72,11.3284,12.7126
"4348",125,2013-05-04,12.27,11.3487,12.7347
"4349",126,2013-05-05,12.11,11.3678,12.755
"4350",127,2013-05-06,12.89,11.3857,12.774
"4351",128,2013-05-07,13.15,11.401,12.7909
"4352",129,2013-05-08,12.86,11.4153,12.8054
"4353",130,2013-05-09,13.02,11.43,12.8203
"4354",131,2013-05-10,13.37,11.4438,12.833
"4355",132,2013-05-11,12.65,11.4575,12.8456
"4356",133,2013-05-12,12.08,11.4721,12.8573
"4357",134,2013-05-13,12.14,11.4891,12.8697
"4358",135,2013-05-14,11.95,11.507,12.884
"4359",136,2013-05-15,11.65,11.5251,12.9003
"4360",137,2013-05-16,NA,11.5446,12.9172
"4361",138,2013-05-17,NA,11.5658,12.9371
"4362",139,2013-05-18,NA,11.5873,12.9606
"4363",140,2013-05-19,12.55,11.6088,12.9846
"4364",141,2013-05-20,11.62,11.6292,13.0048
"4365",142,2013-05-21,12.61,11.6498,13.0215
"4366",143,2013-05-22,11.8,11.6703,13.0392
"4367",144,2013-05-23,10.48,11.6911,13.0592
"4368",145,2013-05-24,10.63,11.7124,13.0791
"4369",146,2013-05-25,10.22,11.7346,13.1022
"4370",147,2013-05-26,10.49,11.7574,13.128
"4371",148,2013-05-27,10.21,11.7788,13.1517
"4372",149,2013-05-28,9.91,11.7996,13.1735
"4373",150,2013-05-29,10.64,11.8214,13.1961
"4374",151,2013-05-30,10.63,11.8449,13.223
"4375",152,2013-05-31,12,11.8715,13.2528
"4376",153,2013-06-01,11.89,11.9007,13.2855
"4377",154,2013-06-02,11.73,11.9311,13.3184
"4378",155,2013-06-03,11.35,11.9623,13.3513
"4379",156,2013-06-04,13.02,11.9937,13.3876
"4380",157,2013-06-05,14.02,12.0247,13.4238
"4381",158,2013-06-06,11.92,12.0566,13.4607
"4382",159,2013-06-07,12.21,12.0911,13.5044
"4383",160,2013-06-08,11.22,12.1278,13.5579
"4384",161,2013-06-09,12.87,12.166,13.6107
"4385",162,2013-06-10,12.62,12.2042,13.6657
"4386",163,2013-06-11,13.97,12.2434,13.723
"4387",164,2013-06-12,13.18,12.2828,13.7816
"4388",165,2013-06-13,13.17,12.3224,13.8396
"4389",166,2013-06-14,12.01,12.3621,13.8969
"4390",167,2013-06-15,13.27,12.4026,13.9526
"4391",168,2013-06-16,13.43,12.443,14.0085
"4392",169,2013-06-17,13.57,12.4823,14.0608
"4393",170,2013-06-18,13.42,12.5207,14.107
"4394",171,2013-06-19,12.52,12.5579,14.1478
"4395",172,2013-06-20,12,12.5956,14.1913
"4396",173,2013-06-21,11.69,12.6332,14.2357
"4397",174,2013-06-22,11.7,12.6691,14.2764
"4398",175,2013-06-23,12.79,12.7047,14.3154
"4399",176,2013-06-24,13.17,12.7389,14.3538
"4400",177,2013-06-25,13.55,12.7709,14.3876
"4401",178,2013-06-26,13.65,12.8006,14.4186
"4402",179,2013-06-27,12.7,12.8304,14.4502
"4403",180,2013-06-28,11.57,12.8625,14.4885
"4404",181,2013-06-29,12.36,12.8958,14.5295
"4405",182,2013-06-30,13.48,12.9286,14.5699
"4406",183,2013-07-01,14.54,12.9586,14.6066
"4407",184,2013-07-02,14.72,12.9869,14.6411
"4408",185,2013-07-03,13.19,13.0169,14.6788
"4409",186,2013-07-04,12.1,13.0475,14.7196
"4410",187,2013-07-05,13.43,13.0787,14.7557
"4411",188,2013-07-06,11.33,13.1127,14.7917
"4412",189,2013-07-07,13.79,13.1477,14.8293
"4413",190,2013-07-08,14.56,13.1825,14.8614
"4414",191,2013-07-09,14.58,13.216,14.8889
"4415",192,2013-07-10,14.34,13.249,14.9182
"4416",193,2013-07-11,13.2,13.283,14.9471
"4417",194,2013-07-12,12.43,13.3172,14.9713
"4418",195,2013-07-13,12.62,13.3517,14.9946
"4419",196,2013-07-14,13.76,13.3831,15.0159
"4420",197,2013-07-15,13.58,13.4113,15.033
"4421",198,2013-07-16,13.37,13.4382,15.0506
"4422",199,2013-07-17,13.75,13.4634,15.0712
"4423",200,2013-07-18,13.85,13.4876,15.0933
"4424",201,2013-07-19,12.4,13.5114,15.1169
"4425",202,2013-07-20,12.02,13.5343,15.1391
"4426",203,2013-07-21,11.61,13.5553,15.1582
"4427",204,2013-07-22,14.85,13.5754,15.1789
"4428",205,2013-07-23,14.78,13.5961,15.1995
"4429",206,2013-07-24,14.16,13.6151,15.2206
"4430",207,2013-07-25,13.05,13.6341,15.2421
"4431",208,2013-07-26,12.5,13.6541,15.2668
"4432",209,2013-07-27,12.72,13.6753,15.2906
"4433",210,2013-07-28,14,13.6964,15.3108
"4434",211,2013-07-29,14.44,13.7166,15.3244
"4435",212,2013-07-30,15.21,13.735,15.338
"4436",213,2013-07-31,15.29,13.7528,15.3498
"4437",214,2013-08-01,14.37,13.7711,15.3616
"4438",215,2013-08-02,14.18,13.7891,15.3745
"4439",216,2013-08-03,13.01,13.8056,15.3857
"4440",217,2013-08-04,12.63,13.8224,15.3976
"4441",218,2013-08-05,13.85,13.8397,15.4148
"4442",219,2013-08-06,13.42,13.8559,15.4348
"4443",220,2013-08-07,13.27,13.8703,15.4544
"4444",221,2013-08-08,13.64,13.8835,15.4746
"4445",222,2013-08-09,13.27,13.8965,15.4938
"4446",223,2013-08-10,12.64,13.9093,15.5113
"4447",224,2013-08-11,12.66,13.9209,15.5274
"4448",225,2013-08-12,13.24,13.9302,15.5457
"4449",226,2013-08-13,13.74,13.9376,15.5607
"4450",227,2013-08-14,14.43,13.9451,15.5736
"4451",228,2013-08-15,15.37,13.9525,15.5863
"4452",229,2013-08-16,15.35,13.9581,15.597
"4453",230,2013-08-17,13.95,13.9626,15.6042
"4454",231,2013-08-18,13.65,13.9675,15.611
"4455",232,2013-08-19,13.64,13.9728,15.6177
"4456",233,2013-08-20,14.61,13.9775,15.6231
"4457",234,2013-08-21,14.98,13.9817,15.6257
"4458",235,2013-08-22,14.11,13.9853,15.624
"4459",236,2013-08-23,13.62,13.989,15.6223
"4460",237,2013-08-24,13.29,13.9934,15.6196
"4461",238,2013-08-25,14.96,13.9973,15.6158
"4462",239,2013-08-26,16.31,14.0008,15.6111
"4463",240,2013-08-27,14.66,14.0036,15.6058
"4464",241,2013-08-28,14.75,14.0049,15.6035
"4465",242,2013-08-29,14.74,14.0037,15.6013
"4466",243,2013-08-30,14.68,14.0006,15.5961
"4467",244,2013-08-31,14.09,13.9957,15.5893
"4468",245,2013-09-01,12.72,13.9898,15.5829
"4469",246,2013-09-02,15.47,13.9834,15.5762
"4470",247,2013-09-03,13.47,13.9763,15.5691
"4471",248,2013-09-04,12.24,13.9671,15.5583
"4472",249,2013-09-05,12.41,13.9559,15.5435
"4473",250,2013-09-06,12.23,13.9426,15.5255
"4474",251,2013-09-07,11.87,13.9286,15.5049
"4475",252,2013-09-08,13.99,13.9146,15.4835
"4476",253,2013-09-09,14.48,13.9005,15.4622
"4477",254,2013-09-10,13.66,13.8856,15.4401
"4478",255,2013-09-11,15.44,13.8703,15.4187
"4479",256,2013-09-12,15.33,13.8553,15.3979
"4480",257,2013-09-13,14.8,13.8391,15.3786
"4481",258,2013-09-14,14.3,13.8218,15.3617
"4482",259,2013-09-15,13.33,13.8046,15.3445
"4483",260,2013-09-16,13.03,13.7878,15.3255
"4484",261,2013-09-17,12.89,13.7711,15.3062
"4485",262,2013-09-18,12,13.754,15.2856
"4486",263,2013-09-19,11.94,13.7358,15.2645
"4487",264,2013-09-20,12.53,13.7176,15.2487
"4488",265,2013-09-21,13.57,13.7,15.2375
"4489",266,2013-09-22,13.23,13.6823,15.2289
"4490",267,2013-09-23,13.64,13.6632,15.219
"4491",268,2013-09-24,13.2,13.6445,15.2082
"4492",269,2013-09-25,12.88,13.6261,15.1983
"4493",270,2013-09-26,12.38,13.6079,15.1879
"4494",271,2013-09-27,12.17,13.5907,15.1795
"4495",272,2013-09-28,12.18,13.575,15.1715
"4496",273,2013-09-29,13.03,13.5613,15.1649
"4497",274,2013-09-30,12.74,13.5499,15.1579
"4498",275,2013-10-01,12.22,13.5401,15.153
"4499",276,2013-10-02,11.78,13.5305,15.1476
"4500",277,2013-10-03,11.37,13.522,15.1442
"4501",278,2013-10-04,10.84,13.5145,15.1387
"4502",279,2013-10-05,12.35,13.5082,15.1328
"4503",280,2013-10-06,13.08,13.5029,15.1192
"4504",281,2013-10-07,13.01,13.4976,15.1035
"4505",282,2013-10-08,12.23,13.492,15.0888
"4506",283,2013-10-09,11.99,13.4854,15.0737
"4507",284,2013-10-10,12.48,13.4767,15.0583
"4508",285,2013-10-11,13.59,13.4666,15.0452
"4509",286,2013-10-12,13.2,13.456,15.0323
"4510",287,2013-10-13,12.48,13.4458,15.0204
"4511",288,2013-10-14,11.95,13.4366,15.0097
"4512",289,2013-10-15,12.46,13.4276,14.9999
"4513",290,2013-10-16,12.65,13.4178,14.9899
"4514",291,2013-10-17,12.89,13.4074,14.9815
"4515",292,2013-10-18,12.93,13.3969,14.9682
"4516",293,2013-10-19,12.53,13.3863,14.9528
"4517",294,2013-10-20,12.15,13.3764,14.9318
"4518",295,2013-10-21,12.36,13.3674,14.9069
"4519",296,2013-10-22,12.4,13.3592,14.8809
"4520",297,2013-10-23,12.19,13.3516,14.8562
"4521",298,2013-10-24,12.32,13.3438,14.8317
"4522",299,2013-10-25,12.77,13.3353,14.8057
"4523",300,2013-10-26,NA,13.3265,14.7793
"4524",301,2013-10-27,NA,13.3174,14.7523
"4525",302,2013-10-28,12.58,13.308,14.7243
"4526",303,2013-10-29,11.95,13.2985,14.7005
"4527",304,2013-10-30,12.49,13.2883,14.678
"4528",305,2013-10-31,12.24,13.277,14.6572
"4529",306,2013-11-01,12.31,13.2649,14.6346
"4530",307,2013-11-02,12.31,13.2518,14.612
"4531",308,2013-11-03,12.15,13.2377,14.5867
"4532",309,2013-11-04,11.55,13.2228,14.5629
"4533",310,2013-11-05,11.58,13.2061,14.5389
"4534",311,2013-11-06,12.32,13.1882,14.5229
"4535",312,2013-11-07,12.61,13.1699,14.5101
"4536",313,2013-11-08,12.63,13.151,14.498
"4537",314,2013-11-09,12.47,13.1319,14.487
"4538",315,2013-11-10,12.66,13.1133,14.4755
"4539",316,2013-11-11,12.87,13.0948,14.4647
"4540",317,2013-11-12,12.76,13.076,14.4546
"4541",318,2013-11-13,12.39,13.0568,14.4424
"4542",319,2013-11-14,12.39,13.0369,14.4272
"4543",320,2013-11-15,12.18,13.0173,14.416
"4544",321,2013-11-16,11.83,12.9997,14.4073
"4545",322,2013-11-17,11.99,12.9836,14.3995
"4546",323,2013-11-18,11.94,12.9683,14.3976
"4547",324,2013-11-19,12.35,12.9537,14.3983
"4548",325,2013-11-20,12.85,12.9393,14.4061
"4549",326,2013-11-21,12.6,12.9248,14.4184
"4550",327,2013-11-22,12.39,12.9102,14.4301
"4551",328,2013-11-23,13.13,12.8955,14.4394
"4552",329,2013-11-24,NA,12.8815,14.4471
"4553",330,2013-11-25,12.33,12.8679,14.4545
"4554",331,2013-11-26,12.79,12.854,14.4594
"4555",332,2013-11-27,12.9,12.8393,14.4613
"4556",333,2013-11-28,13,12.8235,14.4604
"4557",334,2013-11-29,12.91,12.807,14.4525
"4558",335,2013-11-30,12.63,12.7899,14.4422
"4559",336,2013-12-01,12.61,12.7727,14.4294
"4560",337,2013-12-02,12.6,12.7554,14.4161
"4561",338,2013-12-03,12.45,12.7386,14.4022
"4562",339,2013-12-04,11.49,12.722,14.3883
"4563",340,2013-12-05,11.54,12.705,14.3737
"4564",341,2013-12-06,11.64,12.6882,14.3584
"4565",342,2013-12-07,11.81,12.6717,14.3422
"4566",343,2013-12-08,11.15,12.6552,14.3255
"4567",344,2013-12-09,10.61,12.639,14.3071
"4568",345,2013-12-10,11.13,12.6234,14.2867
"4569",346,2013-12-11,11.34,12.6082,14.2649
"4570",347,2013-12-12,11.41,12.5926,14.2255
"4571",348,2013-12-13,11.41,12.5773,14.1812
"4572",349,2013-12-14,11.6,12.5619,14.1375
"4573",350,2013-12-15,11.59,12.5472,14.0973
"4574",351,2013-12-16,11.76,12.5329,14.0531
"4575",352,2013-12-17,11.76,12.5182,14.0077
"4576",353,2013-12-18,11.83,12.5032,13.9622
"4577",354,2013-12-19,11.62,12.4888,13.9168
"4578",355,2013-12-20,11.35,12.475,13.8719
"4579",356,2013-12-21,11.42,12.4615,13.8266
"4580",357,2013-12-22,11.64,12.4482,13.7806
"4581",358,2013-12-23,12.21,12.4354,13.7381
"4582",359,2013-12-24,12.23,12.4226,13.6963
"4583",360,2013-12-25,12.13,12.4101,13.6583
"4584",361,2013-12-26,12.16,12.3975,13.6238
"4585",362,2013-12-27,12.12,12.3852,13.5926
"4586",363,2013-12-28,11.95,12.3735,13.5667
"4587",364,2013-12-29,12,12.3626,13.5453
"4588",365,2013-12-30,12.03,12.3522,13.5268
"4589",366,2013-12-31,12.03,12.3417,13.5091
"4590",1,2014-01-01,12.07,12.3308,13.4914
"4591",2,2014-01-02,12.1,12.3201,13.4734
"4592",3,2014-01-03,12.12,12.3098,13.4559
"4593",4,2014-01-04,12.21,12.2995,13.4385
"4594",5,2014-01-05,12.32,12.2896,13.4208
"4595",6,2014-01-06,12.13,12.2804,13.4039
"4596",7,2014-01-07,12.19,12.2717,13.3872
"4597",8,2014-01-08,12.23,12.2639,13.3705
"4598",9,2014-01-09,12.27,12.257,13.3548
"4599",10,2014-01-10,12.13,12.25,13.3408
"4600",11,2014-01-11,12.08,12.2439,13.3285
"4601",12,2014-01-12,11.98,12.2394,13.3332
"4602",13,2014-01-13,11.91,12.2353,13.343
"4603",14,2014-01-14,12,12.2318,13.3548
"4604",15,2014-01-15,12.06,12.2284,13.3662
"4605",16,2014-01-16,12.31,12.2246,13.3772
"4606",17,2014-01-17,12.29,12.2207,13.387
"4607",18,2014-01-18,12.34,12.2169,13.3952
"4608",19,2014-01-19,12.39,12.2127,13.402
"4609",20,2014-01-20,12.38,12.2078,13.4044
"4610",21,2014-01-21,12.3,12.2027,13.4062
"4611",22,2014-01-22,12.25,12.1973,13.4068
"4612",23,2014-01-23,12.19,12.1913,13.4038
"4613",24,2014-01-24,12.37,12.1852,13.3994
"4614",25,2014-01-25,12.57,12.1789,13.393
"4615",26,2014-01-26,12.55,12.1722,13.3855
"4616",27,2014-01-27,12.73,12.1656,13.3781
"4617",28,2014-01-28,12.79,12.1589,13.3692
"4618",29,2014-01-29,13.07,12.1518,13.3601
"4619",30,2014-01-30,13.13,12.1439,13.3508
"4620",31,2014-01-31,12.86,12.1357,13.3409
"4621",32,2014-02-01,12.45,12.127,13.3314
"4622",33,2014-02-02,12.17,12.1174,13.3222
"4623",34,2014-02-03,12.25,12.1065,13.3131
"4624",35,2014-02-04,12.03,12.0944,13.3051
"4625",36,2014-02-05,11.78,12.0818,13.2979
"4626",37,2014-02-06,12.11,12.0693,13.2923
"4627",38,2014-02-07,12.29,12.0564,13.2882
"4628",39,2014-02-08,12.46,12.0428,13.2848
"4629",40,2014-02-09,12.73,12.0283,13.2804
"4630",41,2014-02-10,12.81,12.0141,13.2761
"4631",42,2014-02-11,12.58,11.9996,13.2723
"4632",43,2014-02-12,12.55,11.9854,13.2677
"4633",44,2014-02-13,12.47,11.972,13.2626
"4634",45,2014-02-14,12.49,11.9598,13.257
"4635",46,2014-02-15,12.57,11.9491,13.2529
"4636",47,2014-02-16,12.81,11.9397,13.2468
"4637",48,2014-02-17,12.56,11.9304,13.2402
"4638",49,2014-02-18,12.1,11.9211,13.2345
"4639",50,2014-02-19,11.99,11.912,13.23
"4640",51,2014-02-20,11.55,11.903,13.2294
"4641",52,2014-02-21,11.41,11.8942,13.2295
"4642",53,2014-02-22,11.42,11.8859,13.2304
"4643",54,2014-02-23,11.22,11.8775,13.2309
"4644",55,2014-02-24,11.5,11.8683,13.2325
"4645",56,2014-02-25,11.87,11.8585,13.2334
"4646",57,2014-02-26,12.24,11.8484,13.2329
"4647",58,2014-02-27,12.49,11.837,13.2318
"4648",59,2014-02-28,12.97,11.8254,13.2311
"4649",61,2014-03-01,12.87,11.8028,13.2275
"4650",62,2014-03-02,12.76,11.7932,13.2275
"4651",63,2014-03-03,12.73,11.784,13.2255
"4652",64,2014-03-04,12.79,11.7746,13.2226
"4653",65,2014-03-05,12.99,11.7655,13.2192
"4654",66,2014-03-06,13.03,11.7568,13.2147
"4655",67,2014-03-07,12.75,11.7478,13.2097
"4656",68,2014-03-08,12.34,11.7381,13.2028
"4657",69,2014-03-09,12.45,11.7288,13.1937
"4658",70,2014-03-10,12.8,11.7201,13.1831
"4659",71,2014-03-11,12.08,11.7118,13.173
"4660",72,2014-03-12,12.41,11.7035,13.1629
"4661",73,2014-03-13,12.74,11.6942,13.1512
"4662",74,2014-03-14,12.31,11.6834,13.1378
"4663",75,2014-03-15,12.52,11.6714,13.1237
"4664",76,2014-03-16,12.66,11.6577,13.1093
"4665",77,2014-03-17,12.37,11.6425,13.0896
"4666",78,2014-03-18,12.03,11.6262,13.0714
"4667",79,2014-03-19,11.9,11.6098,13.0549
"4668",80,2014-03-20,12.12,11.5925,13.0392
"4669",81,2014-03-21,12.29,11.5741,13.0225
"4670",82,2014-03-22,11.64,11.5552,13.0033
"4671",83,2014-03-23,12.55,11.5342,12.9807
"4672",84,2014-03-24,12.13,11.5116,12.9584
"4673",85,2014-03-25,11.51,11.4887,12.9371
"4674",86,2014-03-26,11.41,11.4655,12.9158
"4675",87,2014-03-27,11.76,11.442,12.8964
"4676",88,2014-03-28,12.49,11.4191,12.8769
"4677",89,2014-03-29,13.32,11.3968,12.856
"4678",90,2014-03-30,13.32,11.3741,12.8345
"4679",91,2014-03-31,12.42,11.3516,12.8111
"4680",92,2014-04-01,12.42,11.3292,12.7882
"4681",93,2014-04-02,12.55,11.3055,12.7621
"4682",94,2014-04-03,13,11.2827,12.7383
"4683",95,2014-04-04,13.15,11.2624,12.7169
"4684",96,2014-04-05,12.17,11.2445,12.6968
"4685",97,2014-04-06,11.27,11.2288,12.6767
"4686",98,2014-04-07,NA,11.215,12.655
"4687",99,2014-04-08,NA,11.2016,12.633
"4688",100,2014-04-09,NA,11.1888,12.6117
"4689",101,2014-04-10,NA,11.176,12.59
"4690",102,2014-04-11,NA,11.1639,12.5694
"4691",103,2014-04-12,11.62,11.1523,12.5498
"4692",104,2014-04-13,11.85,11.1429,12.5345
"4693",105,2014-04-14,12.27,11.1358,12.5216
"4694",106,2014-04-15,11.69,11.1294,12.5089
"4695",107,2014-04-16,11.63,11.1236,12.4966
"4696",108,2014-04-17,11.54,11.1193,12.4895
"4697",109,2014-04-18,11.41,11.1169,12.4855
"4698",110,2014-04-19,11.06,11.1167,12.4855
"4699",111,2014-04-20,11.37,11.1188,12.4888
"4700",112,2014-04-21,10.87,11.1244,12.4971
"4701",113,2014-04-22,10.56,11.1317,12.5077
"4702",114,2014-04-23,10.08,11.1419,12.5213
"4703",115,2014-04-24,10.75,11.1548,12.5352
"4704",116,2014-04-25,10.77,11.1689,12.5496
"4705",117,2014-04-26,10.51,11.1862,12.5662
"4706",118,2014-04-27,10.27,11.205,12.5835
"4707",119,2014-04-28,10.65,11.2245,12.6026
"4708",120,2014-04-29,10.95,11.2452,12.6239
"4709",121,2014-04-30,11.08,11.2669,12.6461
"4710",122,2014-05-01,11.16,11.2882,12.6687
"4711",123,2014-05-02,11.71,11.308,12.6901
"4712",124,2014-05-03,11.22,11.3284,12.7126
"4713",125,2014-05-04,10.3,11.3487,12.7347
"4714",126,2014-05-05,NA,11.3678,12.755
"4715",127,2014-05-06,NA,11.3857,12.774
"4716",128,2014-05-07,NA,11.401,12.7909
"4717",129,2014-05-08,NA,11.4153,12.8054
"4718",130,2014-05-09,10.31,11.43,12.8203
"4719",131,2014-05-10,12.98,11.4438,12.833
"4720",132,2014-05-11,11.67,11.4575,12.8456
"4721",133,2014-05-12,11.15,11.4721,12.8573
"4722",134,2014-05-13,10.77,11.4891,12.8697
"4723",135,2014-05-14,11.93,11.507,12.884
"4724",136,2014-05-15,13.45,11.5251,12.9003
"4725",137,2014-05-16,11.9,11.5446,12.9172
"4726",138,2014-05-17,11.68,11.5658,12.9371
"4727",139,2014-05-18,11.37,11.5873,12.9606
"4728",140,2014-05-19,10.53,11.6088,12.9846
"4729",141,2014-05-20,9.88,11.6292,13.0048
"4730",142,2014-05-21,10.51,11.6498,13.0215
"4731",143,2014-05-22,11,11.6703,13.0392
"4732",144,2014-05-23,11.98,11.6911,13.0592
"4733",145,2014-05-24,13.67,11.7124,13.0791
"4734",146,2014-05-25,12.77,11.7346,13.1022
"4735",147,2014-05-26,12.75,11.7574,13.128
"4736",148,2014-05-27,12.52,11.7788,13.1517
"4737",149,2014-05-28,12.13,11.7996,13.1735
"4738",150,2014-05-29,11.58,11.8214,13.1961
"4739",151,2014-05-30,10.7,11.8449,13.223
"4740",152,2014-05-31,11.14,11.8715,13.2528
"4741",153,2014-06-01,10.34,11.9007,13.2855
"4742",154,2014-06-02,11.27,11.9311,13.3184
"4743",155,2014-06-03,11.72,11.9623,13.3513
"4744",156,2014-06-04,NA,11.9937,13.3876
"4745",157,2014-06-05,NA,12.0247,13.4238
"4746",158,2014-06-06,12.36,12.0566,13.4607
"4747",159,2014-06-07,13.17,12.0911,13.5044
"4748",160,2014-06-08,13.1,12.1278,13.5579
"4749",161,2014-06-09,12.94,12.166,13.6107
"4750",162,2014-06-10,14.4,12.2042,13.6657
"4751",163,2014-06-11,14.4,12.2434,13.723
"4752",164,2014-06-12,14.18,12.2828,13.7816
"4753",165,2014-06-13,14.67,12.3224,13.8396
"4754",166,2014-06-14,13,12.3621,13.8969
"4755",167,2014-06-15,12.77,12.4026,13.9526
"4756",168,2014-06-16,12.67,12.443,14.0085
"4757",169,2014-06-17,12.11,12.4823,14.0608
"4758",170,2014-06-18,12.07,12.5207,14.107
"4759",171,2014-06-19,13.75,12.5579,14.1478
"4760",172,2014-06-20,13.97,12.5956,14.1913
"4761",173,2014-06-21,13.49,12.6332,14.2357
"4762",174,2014-06-22,12.79,12.6691,14.2764
"4763",175,2014-06-23,12.62,12.7047,14.3154
"4764",176,2014-06-24,12.14,12.7389,14.3538
"4765",177,2014-06-25,12.74,12.7709,14.3876
"4766",178,2014-06-26,11.89,12.8006,14.4186
"4767",179,2014-06-27,11.71,12.8304,14.4502
"4768",180,2014-06-28,12.75,12.8625,14.4885
"4769",181,2014-06-29,12.35,12.8958,14.5295
"4770",182,2014-06-30,11,12.9286,14.5699
"4771",183,2014-07-01,13.58,12.9586,14.6066
"4772",184,2014-07-02,14.78,12.9869,14.6411
"4773",185,2014-07-03,11.68,13.0169,14.6788
"4774",186,2014-07-04,12.54,13.0475,14.7196
"4775",187,2014-07-05,13.01,13.0787,14.7557
"4776",188,2014-07-06,13.25,13.1127,14.7917
"4777",189,2014-07-07,12.93,13.1477,14.8293
"4778",190,2014-07-08,12.71,13.1825,14.8614
"4779",191,2014-07-09,13.41,13.216,14.8889
"4780",192,2014-07-10,14.6,13.249,14.9182
"4781",193,2014-07-11,15.18,13.283,14.9471
"4782",194,2014-07-12,16.09,13.3172,14.9713
"4783",195,2014-07-13,14.93,13.3517,14.9946
"4784",196,2014-07-14,13.13,13.3831,15.0159
"4785",197,2014-07-15,13.65,13.4113,15.033
"4786",198,2014-07-16,15.64,13.4382,15.0506
"4787",199,2014-07-17,16.32,13.4634,15.0712
"4788",200,2014-07-18,17.11,13.4876,15.0933
"4789",201,2014-07-19,17.14,13.5114,15.1169
"4790",202,2014-07-20,16.82,13.5343,15.1391
"4791",203,2014-07-21,17.07,13.5553,15.1582
"4792",204,2014-07-22,16.11,13.5754,15.1789
"4793",205,2014-07-23,17.57,13.5961,15.1995
"4794",206,2014-07-24,17.94,13.6151,15.2206
"4795",207,2014-07-25,14.86,13.6341,15.2421
"4796",208,2014-07-26,14.59,13.6541,15.2668
"4797",209,2014-07-27,16.27,13.6753,15.2906
"4798",210,2014-07-28,16.12,13.6964,15.3108
"4799",211,2014-07-29,16.39,13.7166,15.3244
"4800",212,2014-07-30,15.24,13.735,15.338
"4801",213,2014-07-31,14.99,13.7528,15.3498
"4802",214,2014-08-01,14.6,13.7711,15.3616
"4803",215,2014-08-02,15.19,13.7891,15.3745
"4804",216,2014-08-03,14.7,13.8056,15.3857
"4805",217,2014-08-04,15.37,13.8224,15.3976
"4806",218,2014-08-05,16.75,13.8397,15.4148
"4807",219,2014-08-06,16.99,13.8559,15.4348
"4808",220,2014-08-07,16.12,13.8703,15.4544
"4809",221,2014-08-08,15.51,13.8835,15.4746
"4810",222,2014-08-09,14.81,13.8965,15.4938
"4811",223,2014-08-10,14.95,13.9093,15.5113
"4812",224,2014-08-11,15.29,13.9209,15.5274
"4813",225,2014-08-12,16.66,13.9302,15.5457
"4814",226,2014-08-13,16.61,13.9376,15.5607
"4815",227,2014-08-14,14.91,13.9451,15.5736
"4816",228,2014-08-15,15.05,13.9525,15.5863
"4817",229,2014-08-16,16.58,13.9581,15.597
"4818",230,2014-08-17,16.05,13.9626,15.6042
"4819",231,2014-08-18,15.24,13.9675,15.611
"4820",232,2014-08-19,14.35,13.9728,15.6177
"4821",233,2014-08-20,14.96,13.9775,15.6231
"4822",234,2014-08-21,16.52,13.9817,15.6257
"4823",235,2014-08-22,17.41,13.9853,15.624
"4824",236,2014-08-23,16.56,13.989,15.6223
"4825",237,2014-08-24,16.52,13.9934,15.6196
"4826",238,2014-08-25,17.02,13.9973,15.6158
"4827",239,2014-08-26,16.8,14.0008,15.6111
"4828",240,2014-08-27,16.56,14.0036,15.6058
"4829",241,2014-08-28,15.96,14.0049,15.6035
"4830",242,2014-08-29,15.61,14.0037,15.6013
"4831",243,2014-08-30,16.03,14.0006,15.5961
"4832",244,2014-08-31,15.1,13.9957,15.5893
"4833",245,2014-09-01,14.65,13.9898,15.5829
"4834",246,2014-09-02,15.42,13.9834,15.5762
"4835",247,2014-09-03,15.92,13.9763,15.5691
"4836",248,2014-09-04,16.41,13.9671,15.5583
"4837",249,2014-09-05,16.25,13.9559,15.5435
"4838",250,2014-09-06,16.57,13.9426,15.5255
"4839",251,2014-09-07,16.99,13.9286,15.5049
"4840",252,2014-09-08,14.94,13.9146,15.4835
"4841",253,2014-09-09,14.81,13.9005,15.4622
"4842",254,2014-09-10,14.98,13.8856,15.4401
"4843",255,2014-09-11,15.11,13.8703,15.4187
"4844",256,2014-09-12,15.29,13.8553,15.3979
"4845",257,2014-09-13,15.73,13.8391,15.3786
"4846",258,2014-09-14,15.87,13.8218,15.3617
"4847",259,2014-09-15,15.61,13.8046,15.3445
"4848",260,2014-09-16,15.1,13.7878,15.3255
"4849",261,2014-09-17,15,13.7711,15.3062
"4850",262,2014-09-18,15.37,13.754,15.2856
"4851",263,2014-09-19,15.57,13.7358,15.2645
"4852",264,2014-09-20,15.92,13.7176,15.2487
"4853",265,2014-09-21,15.49,13.7,15.2375
"4854",266,2014-09-22,16,13.6823,15.2289
"4855",267,2014-09-23,15.65,13.6632,15.219
"4856",268,2014-09-24,16.02,13.6445,15.2082
"4857",269,2014-09-25,16.54,13.6261,15.1983
"4858",270,2014-09-26,16.23,13.6079,15.1879
"4859",271,2014-09-27,14.43,13.5907,15.1795
"4860",272,2014-09-28,14.72,13.575,15.1715
"4861",273,2014-09-29,16.29,13.5613,15.1649
"4862",274,2014-09-30,14.72,13.5499,15.1579
"4863",275,2014-10-01,14.54,13.5401,15.153
"4864",276,2014-10-02,15,13.5305,15.1476
"4865",277,2014-10-03,15.63,13.522,15.1442
"4866",278,2014-10-04,16.78,13.5145,15.1387
"4867",279,2014-10-05,15.53,13.5082,15.1328
"4868",280,2014-10-06,14.12,13.5029,15.1192
"4869",281,2014-10-07,13.57,13.4976,15.1035
"4870",282,2014-10-08,14.23,13.492,15.0888
"4871",283,2014-10-09,14.15,13.4854,15.0737
"4872",284,2014-10-10,14.31,13.4767,15.0583
"4873",285,2014-10-11,14.34,13.4666,15.0452
"4874",286,2014-10-12,14.22,13.456,15.0323
"4875",287,2014-10-13,15.32,13.4458,15.0204
"4876",288,2014-10-14,15.66,13.4366,15.0097
"4877",289,2014-10-15,16.31,13.4276,14.9999
"4878",290,2014-10-16,16.19,13.4178,14.9899
"4879",291,2014-10-17,15.8,13.4074,14.9815
"4880",292,2014-10-18,16.39,13.3969,14.9682
"4881",293,2014-10-19,16.65,13.3863,14.9528
"4882",294,2014-10-20,16.46,13.3764,14.9318
"4883",295,2014-10-21,16.41,13.3674,14.9069
"4884",296,2014-10-22,15.91,13.3592,14.8809
"4885",297,2014-10-23,16,13.3516,14.8562
"4886",298,2014-10-24,16.37,13.3438,14.8317
"4887",299,2014-10-25,17.16,13.3353,14.8057
"4888",300,2014-10-26,16.83,13.3265,14.7793
"4889",301,2014-10-27,15.3,13.3174,14.7523
"4890",302,2014-10-28,15.09,13.308,14.7243
"4891",303,2014-10-29,14.93,13.2985,14.7005
"4892",304,2014-10-30,15.58,13.2883,14.678
"4893",305,2014-10-31,15.96,13.277,14.6572
"4894",306,2014-11-01,15.74,13.2649,14.6346
"4895",307,2014-11-02,15.01,13.2518,14.612
"4896",308,2014-11-03,14.57,13.2377,14.5867
"4897",309,2014-11-04,14.79,13.2228,14.5629
"4898",310,2014-11-05,14.5,13.2061,14.5389
"4899",311,2014-11-06,14.35,13.1882,14.5229
"4900",312,2014-11-07,14.06,13.1699,14.5101
"4901",313,2014-11-08,13.94,13.151,14.498
"4902",314,2014-11-09,13.94,13.1319,14.487
"4903",315,2014-11-10,13.52,13.1133,14.4755
"4904",316,2014-11-11,14.56,13.0948,14.4647
"4905",317,2014-11-12,15.21,13.076,14.4546
"4906",318,2014-11-13,NA,13.0568,14.4424
"4907",319,2014-11-14,15.07,13.0369,14.4272
"4908",320,2014-11-15,14.41,13.0173,14.416
"4909",321,2014-11-16,14.13,12.9997,14.4073
"4910",322,2014-11-17,13.98,12.9836,14.3995
"4911",323,2014-11-18,14.29,12.9683,14.3976
"4912",324,2014-11-19,14.82,12.9537,14.3983
"4913",325,2014-11-20,14.92,12.9393,14.4061
"4914",326,2014-11-21,14.93,12.9248,14.4184
"4915",327,2014-11-22,15.14,12.9102,14.4301
"4916",328,2014-11-23,14.84,12.8955,14.4394
"4917",329,2014-11-24,14.82,12.8815,14.4471
"4918",330,2014-11-25,14.99,12.8679,14.4545
"4919",331,2014-11-26,15.15,12.854,14.4594
"4920",332,2014-11-27,15.45,12.8393,14.4613
"4921",333,2014-11-28,15.32,12.8235,14.4604
"4922",334,2014-11-29,15.26,12.807,14.4525
"4923",335,2014-11-30,15.3,12.7899,14.4422
"4924",336,2014-12-01,15.3,12.7727,14.4294
"4925",337,2014-12-02,15.31,12.7554,14.4161
"4926",338,2014-12-03,15.46,12.7386,14.4022
"4927",339,2014-12-04,15.42,12.722,14.3883
"4928",340,2014-12-05,15.22,12.705,14.3737
"4929",341,2014-12-06,15.68,12.6882,14.3584
"4930",342,2014-12-07,15.89,12.6717,14.3422
"4931",343,2014-12-08,16.15,12.6552,14.3255
"4932",344,2014-12-09,16.46,12.639,14.3071
"4933",345,2014-12-10,16.37,12.6234,14.2867
"4934",346,2014-12-11,16.33,12.6082,14.2649
"4935",347,2014-12-12,16.08,12.5926,14.2255
"4936",348,2014-12-13,15.64,12.5773,14.1812
"4937",349,2014-12-14,15.55,12.5619,14.1375
"4938",350,2014-12-15,15.63,12.5472,14.0973
"4939",351,2014-12-16,15.42,12.5329,14.0531
"4940",352,2014-12-17,15.21,12.5182,14.0077
"4941",353,2014-12-18,15.28,12.5032,13.9622
"4942",354,2014-12-19,15.25,12.4888,13.9168
"4943",355,2014-12-20,15.33,12.475,13.8719
"4944",356,2014-12-21,15.47,12.4615,13.8266
"4945",357,2014-12-22,15.47,12.4482,13.7806
"4946",358,2014-12-23,15.66,12.4354,13.7381
"4947",359,2014-12-24,15.62,12.4226,13.6963
"4948",360,2014-12-25,15.07,12.4101,13.6583
"4949",361,2014-12-26,14.71,12.3975,13.6238
"4950",362,2014-12-27,14.32,12.3852,13.5926
"4951",363,2014-12-28,14.52,12.3735,13.5667
"4952",364,2014-12-29,14.61,12.3626,13.5453
"4953",365,2014-12-30,13.93,12.3522,13.5268
"4954",366,2014-12-31,11.71,12.3417,13.5091
"4955",1,2015-01-01,13.05,12.3308,13.4914
"4956",2,2015-01-02,13.12,12.3201,13.4734
"4957",3,2015-01-03,13.24,12.3098,13.4559
"4958",4,2015-01-04,13.24,12.2995,13.4385
"4959",5,2015-01-05,13.34,12.2896,13.4208
"4960",6,2015-01-06,13.31,12.2804,13.4039
"4961",7,2015-01-07,13.41,12.2717,13.3872
"4962",8,2015-01-08,13.74,12.2639,13.3705
"4963",9,2015-01-09,13.91,12.257,13.3548
"4964",10,2015-01-10,13.83,12.25,13.3408
"4965",11,2015-01-11,13.7,12.2439,13.3285
"4966",12,2015-01-12,13.59,12.2394,13.3332
"4967",13,2015-01-13,13.57,12.2353,13.343
"4968",14,2015-01-14,13.67,12.2318,13.3548
"4969",15,2015-01-15,13.93,12.2284,13.3662
"4970",16,2015-01-16,13.98,12.2246,13.3772
"4971",17,2015-01-17,14.05,12.2207,13.387
"4972",18,2015-01-18,14.05,12.2169,13.3952
"4973",19,2015-01-19,14.2,12.2127,13.402
"4974",20,2015-01-20,14.05,12.2078,13.4044
"4975",21,2015-01-21,13.84,12.2027,13.4062
"4976",22,2015-01-22,13.86,12.1973,13.4068
"4977",23,2015-01-23,14.01,12.1913,13.4038
"4978",24,2015-01-24,14.06,12.1852,13.3994
"4979",25,2015-01-25,13.94,12.1789,13.393
"4980",26,2015-01-26,13.75,12.1722,13.3855
"4981",27,2015-01-27,13.85,12.1656,13.3781
"4982",28,2015-01-28,13.84,12.1589,13.3692
"4983",29,2015-01-29,13.86,12.1518,13.3601
"4984",30,2015-01-30,13.6,12.1439,13.3508
"4985",31,2015-01-31,13.37,12.1357,13.3409
"4986",32,2015-02-01,13.58,12.127,13.3314
"4987",33,2015-02-02,13.61,12.1174,13.3222
"4988",34,2015-02-03,13.68,12.1065,13.3131
"4989",35,2015-02-04,13.73,12.0944,13.3051
"4990",36,2015-02-05,13.75,12.0818,13.2979
"4991",37,2015-02-06,14.06,12.0693,13.2923
"4992",38,2015-02-07,14.5,12.0564,13.2882
"4993",39,2015-02-08,14.48,12.0428,13.2848
"4994",40,2015-02-09,14.56,12.0283,13.2804
"4995",41,2015-02-10,14.32,12.0141,13.2761
"4996",42,2015-02-11,14.29,11.9996,13.2723
"4997",43,2015-02-12,14.39,11.9854,13.2677
"4998",44,2015-02-13,14.52,11.972,13.2626
"4999",45,2015-02-14,14.46,11.9598,13.257
"5000",46,2015-02-15,14.38,11.9491,13.2529
"5001",47,2015-02-16,14.48,11.9397,13.2468
"5002",48,2015-02-17,14.4,11.9304,13.2402
"5003",49,2015-02-18,14.4,11.9211,13.2345
"5004",50,2015-02-19,14.45,11.912,13.23
"5005",51,2015-02-20,14.43,11.903,13.2294
"5006",52,2015-02-21,14.36,11.8942,13.2295
"5007",53,2015-02-22,14.53,11.8859,13.2304
"5008",54,2015-02-23,13.98,11.8775,13.2309
"5009",55,2015-02-24,13.9,11.8683,13.2325
"5010",56,2015-02-25,14.14,11.8585,13.2334
"5011",57,2015-02-26,13.93,11.8484,13.2329
"5012",58,2015-02-27,13.58,11.837,13.2318
"5013",59,2015-02-28,12.04,11.8254,13.2311
"5014",61,2015-03-01,12.22,11.8028,13.2275
"5015",62,2015-03-02,12.71,11.7932,13.2275
"5016",63,2015-03-03,12.75,11.784,13.2255
"5017",64,2015-03-04,12.93,11.7746,13.2226
"5018",65,2015-03-05,13.26,11.7655,13.2192
"5019",66,2015-03-06,13.36,11.7568,13.2147
"5020",67,2015-03-07,13.26,11.7478,13.2097
"5021",68,2015-03-08,12.94,11.7381,13.2028
"5022",69,2015-03-09,12.59,11.7288,13.1937
"5023",70,2015-03-10,12.12,11.7201,13.1831
"5024",71,2015-03-11,12.17,11.7118,13.173
"5025",72,2015-03-12,12.91,11.7035,13.1629
"5026",73,2015-03-13,12.85,11.6942,13.1512
"5027",74,2015-03-14,12.59,11.6834,13.1378
"5028",75,2015-03-15,12.89,11.6714,13.1237
"5029",76,2015-03-16,12.99,11.6577,13.1093
"5030",77,2015-03-17,12.91,11.6425,13.0896
"5031",78,2015-03-18,12.19,11.6262,13.0714
"5032",79,2015-03-19,11.98,11.6098,13.0549
"5033",80,2015-03-20,12.42,11.5925,13.0392
"5034",81,2015-03-21,12.52,11.5741,13.0225
"5035",82,2015-03-22,12.91,11.5552,13.0033
"5036",83,2015-03-23,12.97,11.5342,12.9807
"5037",84,2015-03-24,12.96,11.5116,12.9584
"5038",85,2015-03-25,11.99,11.4887,12.9371
"5039",86,2015-03-26,11.61,11.4655,12.9158
"5040",87,2015-03-27,11.62,11.442,12.8964
"5041",88,2015-03-28,10.92,11.4191,12.8769
"5042",89,2015-03-29,10.93,11.3968,12.856
"5043",90,2015-03-30,10.65,11.3741,12.8345
"5044",91,2015-03-31,10.59,11.3516,12.8111
"5045",92,2015-04-01,10.84,11.3292,12.7882
"5046",93,2015-04-02,10.57,11.3055,12.7621
"5047",94,2015-04-03,10.45,11.2827,12.7383
"5048",95,2015-04-04,10.64,11.2624,12.7169
"5049",96,2015-04-05,10.51,11.2445,12.6968
"5050",97,2015-04-06,10.36,11.2288,12.6767
"5051",98,2015-04-07,11.4,11.215,12.655
"5052",99,2015-04-08,12.05,11.2016,12.633
"5053",100,2015-04-09,12.18,11.1888,12.6117
"5054",101,2015-04-10,11.61,11.176,12.59
"5055",102,2015-04-11,11.01,11.1639,12.5694
"5056",103,2015-04-12,10.28,11.1523,12.5498
"5057",104,2015-04-13,10.22,11.1429,12.5345
"5058",105,2015-04-14,10.2,11.1358,12.5216
"5059",106,2015-04-15,10.39,11.1294,12.5089
"5060",107,2015-04-16,10.43,11.1236,12.4966
"5061",108,2015-04-17,11,11.1193,12.4895
"5062",109,2015-04-18,11.12,11.1169,12.4855
"5063",110,2015-04-19,11.1,11.1167,12.4855
"5064",111,2015-04-20,11.04,11.1188,12.4888
"5065",112,2015-04-21,11.47,11.1244,12.4971
"5066",113,2015-04-22,11.05,11.1317,12.5077
"5067",114,2015-04-23,10.99,11.1419,12.5213
"5068",115,2015-04-24,11.04,11.1548,12.5352
"5069",116,2015-04-25,NA,11.1689,12.5496
"5070",117,2015-04-26,NA,11.1862,12.5662
"5071",118,2015-04-27,NA,11.205,12.5835
"5072",119,2015-04-28,NA,11.2245,12.6026
"5073",120,2015-04-29,12.15,11.2452,12.6239
"5074",121,2015-04-30,11.02,11.2669,12.6461
"5075",122,2015-05-01,12.39,11.2882,12.6687
"5076",123,2015-05-02,13.16,11.308,12.6901
"5077",124,2015-05-03,13.48,11.3284,12.7126
"5078",125,2015-05-04,13.02,11.3487,12.7347
"5079",126,2015-05-05,11.86,11.3678,12.755
"5080",127,2015-05-06,10.94,11.3857,12.774
"5081",128,2015-05-07,10.81,11.401,12.7909
"5082",129,2015-05-08,11.95,11.4153,12.8054
"5083",130,2015-05-09,13.39,11.43,12.8203
"5084",131,2015-05-10,11.88,11.4438,12.833
"5085",132,2015-05-11,NA,11.4575,12.8456
"5086",133,2015-05-12,12.19,11.4721,12.8573
"5087",134,2015-05-13,12.07,11.4891,12.8697
"5088",135,2015-05-14,11.56,11.507,12.884
"5089",136,2015-05-15,11.6,11.5251,12.9003
"5090",137,2015-05-16,12.97,11.5446,12.9172
"5091",138,2015-05-17,11.2,11.5658,12.9371
"5092",139,2015-05-18,11.32,11.5873,12.9606
"5093",140,2015-05-19,11.53,11.6088,12.9846
"5094",141,2015-05-20,10.99,11.6292,13.0048
"5095",142,2015-05-21,11.03,11.6498,13.0215
"5096",143,2015-05-22,11.03,11.6703,13.0392
"5097",144,2015-05-23,11.9,11.6911,13.0592
"5098",145,2015-05-24,NA,11.7124,13.0791
"5099",146,2015-05-25,NA,11.7346,13.1022
"5100",147,2015-05-26,12.01,11.7574,13.128
"5101",148,2015-05-27,11.51,11.7788,13.1517
"5102",149,2015-05-28,12.13,11.7996,13.1735
"5103",150,2015-05-29,12.37,11.8214,13.1961
"5104",151,2015-05-30,12.38,11.8449,13.223
"5105",152,2015-05-31,11.83,11.8715,13.2528
"5106",153,2015-06-01,12.73,11.9007,13.2855
"5107",154,2015-06-02,14.18,11.9311,13.3184
"5108",155,2015-06-03,12.75,11.9623,13.3513
"5109",156,2015-06-04,11.65,11.9937,13.3876
"5110",157,2015-06-05,10.88,12.0247,13.4238
"5111",158,2015-06-06,13.2,12.0566,13.4607
"5112",159,2015-06-07,14.62,12.0911,13.5044
"5113",160,2015-06-08,13.54,12.1278,13.5579
"5114",161,2015-06-09,13,12.166,13.6107
"5115",162,2015-06-10,12.76,12.2042,13.6657
"5116",163,2015-06-11,13.18,12.2434,13.723
"5117",164,2015-06-12,12.23,12.2828,13.7816
"5118",165,2015-06-13,13.71,12.3224,13.8396
"5119",166,2015-06-14,15.54,12.3621,13.8969
"5120",167,2015-06-15,15.14,12.4026,13.9526
"5121",168,2015-06-16,13.43,12.443,14.0085
"5122",169,2015-06-17,12.41,12.4823,14.0608
"5123",170,2015-06-18,12.07,12.5207,14.107
"5124",171,2015-06-19,12.51,12.5579,14.1478
"5125",172,2015-06-20,12.05,12.5956,14.1913
"5126",173,2015-06-21,11.01,12.6332,14.2357
"5127",174,2015-06-22,13.32,12.6691,14.2764
"5128",175,2015-06-23,13.35,12.7047,14.3154
"5129",176,2015-06-24,13.24,12.7389,14.3538
"5130",177,2015-06-25,12.63,12.7709,14.3876
"5131",178,2015-06-26,13.54,12.8006,14.4186
"5132",179,2015-06-27,15.29,12.8304,14.4502
"5133",180,2015-06-28,16.04,12.8625,14.4885
"5134",181,2015-06-29,14.44,12.8958,14.5295
"5135",182,2015-06-30,13.4,12.9286,14.5699
"5136",183,2015-07-01,12.86,12.9586,14.6066
"5137",184,2015-07-02,13.92,12.9869,14.6411
"5138",185,2015-07-03,15.05,13.0169,14.6788
"5139",186,2015-07-04,14.75,13.0475,14.7196
"5140",187,2015-07-05,14.49,13.0787,14.7557
"5141",188,2015-07-06,14.75,13.1127,14.7917
"5142",189,2015-07-07,13.6,13.1477,14.8293
"5143",190,2015-07-08,13.9,13.1825,14.8614
"5144",191,2015-07-09,13.84,13.216,14.8889
"5145",192,2015-07-10,14.57,13.249,14.9182
"5146",193,2015-07-11,14.45,13.283,14.9471
"5147",194,2015-07-12,15.18,13.3172,14.9713
"5148",195,2015-07-13,15.17,13.3517,14.9946
"5149",196,2015-07-14,15.43,13.3831,15.0159
"5150",197,2015-07-15,12.85,13.4113,15.033
"5151",198,2015-07-16,13.61,13.4382,15.0506
"5152",199,2015-07-17,16.53,13.4634,15.0712
"5153",200,2015-07-18,16.63,13.4876,15.0933
"5154",201,2015-07-19,16.64,13.5114,15.1169
"5155",202,2015-07-20,16.37,13.5343,15.1391
"5156",203,2015-07-21,14.43,13.5553,15.1582
"5157",204,2015-07-22,14.81,13.5754,15.1789
"5158",205,2015-07-23,14.98,13.5961,15.1995
"5159",206,2015-07-24,14.88,13.6151,15.2206
"5160",207,2015-07-25,14.77,13.6341,15.2421
"5161",208,2015-07-26,14.86,13.6541,15.2668
"5162",209,2015-07-27,13.94,13.6753,15.2906
"5163",210,2015-07-28,14.21,13.6964,15.3108
"5164",211,2015-07-29,14.75,13.7166,15.3244
"5165",212,2015-07-30,16.96,13.735,15.338
"5166",213,2015-07-31,15.19,13.7528,15.3498
"5167",214,2015-08-01,14.35,13.7711,15.3616
"5168",215,2015-08-02,14.75,13.7891,15.3745
"5169",216,2015-08-03,14.23,13.8056,15.3857
"5170",217,2015-08-04,14.27,13.8224,15.3976
"5171",218,2015-08-05,14.76,13.8397,15.4148
"5172",219,2015-08-06,14.39,13.8559,15.4348
"5173",220,2015-08-07,14.55,13.8703,15.4544
"5174",221,2015-08-08,15.13,13.8835,15.4746
"5175",222,2015-08-09,15.92,13.8965,15.4938
"5176",223,2015-08-10,15.87,13.9093,15.5113
"5177",224,2015-08-11,14.99,13.9209,15.5274
"5178",225,2015-08-12,14.25,13.9302,15.5457
"5179",226,2015-08-13,14.98,13.9376,15.5607
"5180",227,2015-08-14,15.16,13.9451,15.5736
"5181",228,2015-08-15,14.42,13.9525,15.5863
"5182",229,2015-08-16,13.86,13.9581,15.597
"5183",230,2015-08-17,14.66,13.9626,15.6042
"5184",231,2015-08-18,16.9,13.9675,15.611
"5185",232,2015-08-19,17.95,13.9728,15.6177
"5186",233,2015-08-20,17.07,13.9775,15.6231
"5187",234,2015-08-21,16.14,13.9817,15.6257
"5188",235,2015-08-22,15.83,13.9853,15.624
"5189",236,2015-08-23,16.39,13.989,15.6223
"5190",237,2015-08-24,16.77,13.9934,15.6196
"5191",238,2015-08-25,16.46,13.9973,15.6158
"5192",239,2015-08-26,15.25,14.0008,15.6111
"5193",240,2015-08-27,15.56,14.0036,15.6058
"5194",241,2015-08-28,15.29,14.0049,15.6035
"5195",242,2015-08-29,14.6,14.0037,15.6013
"5196",243,2015-08-30,14.54,14.0006,15.5961
"5197",244,2015-08-31,13.36,13.9957,15.5893
"5198",245,2015-09-01,13.67,13.9898,15.5829
"5199",246,2015-09-02,15.23,13.9834,15.5762
"5200",247,2015-09-03,14.18,13.9763,15.5691
"5201",248,2015-09-04,13.75,13.9671,15.5583
"5202",249,2015-09-05,13.83,13.9559,15.5435
"5203",250,2015-09-06,13.43,13.9426,15.5255
"5204",251,2015-09-07,13.24,13.9286,15.5049
"5205",252,2015-09-08,14.12,13.9146,15.4835
"5206",253,2015-09-09,14.1,13.9005,15.4622
"5207",254,2015-09-10,14.22,13.8856,15.4401
"5208",255,2015-09-11,14.25,13.8703,15.4187
"5209",256,2015-09-12,14.19,13.8553,15.3979
"5210",257,2015-09-13,15.72,13.8391,15.3786
"5211",258,2015-09-14,15.26,13.8218,15.3617
"5212",259,2015-09-15,15.67,13.8046,15.3445
"5213",260,2015-09-16,14.92,13.7878,15.3255
"5214",261,2015-09-17,15.73,13.7711,15.3062
"5215",262,2015-09-18,15.13,13.754,15.2856
"5216",263,2015-09-19,15.33,13.7358,15.2645
"5217",264,2015-09-20,16.59,13.7176,15.2487
"5218",265,2015-09-21,17.44,13.7,15.2375
"5219",266,2015-09-22,17.39,13.6823,15.2289
"5220",267,2015-09-23,17.01,13.6632,15.219
"5221",268,2015-09-24,16.38,13.6445,15.2082
"5222",269,2015-09-25,15.7,13.6261,15.1983
"5223",270,2015-09-26,15.25,13.6079,15.1879
"5224",271,2015-09-27,14.84,13.5907,15.1795
"5225",272,2015-09-28,15.61,13.575,15.1715
"5226",273,2015-09-29,16.64,13.5613,15.1649
"5227",274,2015-09-30,15.93,13.5499,15.1579
"5228",275,2015-10-01,16.04,13.5401,15.153
"5229",276,2015-10-02,16.08,13.5305,15.1476
"5230",277,2015-10-03,15.34,13.522,15.1442
"5231",278,2015-10-04,15.37,13.5145,15.1387
"5232",279,2015-10-05,15.95,13.5082,15.1328
"5233",280,2015-10-06,15.87,13.5029,15.1192
"5234",281,2015-10-07,16.97,13.4976,15.1035
"5235",282,2015-10-08,16.23,13.492,15.0888
"5236",283,2015-10-09,15.2,13.4854,15.0737
"5237",284,2015-10-10,15.02,13.4767,15.0583
"5238",285,2015-10-11,15.31,13.4666,15.0452
"5239",286,2015-10-12,15.5,13.456,15.0323
"5240",287,2015-10-13,15.62,13.4458,15.0204
"5241",288,2015-10-14,16.41,13.4366,15.0097
"5242",289,2015-10-15,16.14,13.4276,14.9999
"5243",290,2015-10-16,15.84,13.4178,14.9899
"5244",291,2015-10-17,15.78,13.4074,14.9815
"5245",292,2015-10-18,16.39,13.3969,14.9682
"5246",293,2015-10-19,16.61,13.3863,14.9528
"5247",294,2015-10-20,16.17,13.3764,14.9318
"5248",295,2015-10-21,16.42,13.3674,14.9069
"5249",296,2015-10-22,15.8,13.3592,14.8809
"5250",297,2015-10-23,16.54,13.3516,14.8562
"5251",298,2015-10-24,16.4,13.3438,14.8317
"5252",299,2015-10-25,15.7,13.3353,14.8057
"5253",300,2015-10-26,14.91,13.3265,14.7793
"5254",301,2015-10-27,14.68,13.3174,14.7523
"5255",302,2015-10-28,15.28,13.308,14.7243
"5256",303,2015-10-29,15.45,13.2985,14.7005
"5257",304,2015-10-30,14.25,13.2883,14.678
"5258",305,2015-10-31,14.71,13.277,14.6572
"5259",306,2015-11-01,14.71,13.2649,14.6346
"5260",307,2015-11-02,14.48,13.2518,14.612
"5261",308,2015-11-03,13.72,13.2377,14.5867
"5262",309,2015-11-04,13.04,13.2228,14.5629
"5263",310,2015-11-05,12.66,13.2061,14.5389
"5264",311,2015-11-06,13.28,13.1882,14.5229
"5265",312,2015-11-07,13.7,13.1699,14.5101
"5266",313,2015-11-08,13.84,13.151,14.498
"5267",314,2015-11-09,14.16,13.1319,14.487
"5268",315,2015-11-10,14.47,13.1133,14.4755
"5269",316,2015-11-11,14.18,13.0948,14.4647
"5270",317,2015-11-12,14.61,13.076,14.4546
"5271",318,2015-11-13,14.62,13.0568,14.4424
"5272",319,2015-11-14,14.93,13.0369,14.4272
"5273",320,2015-11-15,14.86,13.0173,14.416
"5274",321,2015-11-16,13.09,12.9997,14.4073
"5275",322,2015-11-17,12.9,12.9836,14.3995
"5276",323,2015-11-18,12.84,12.9683,14.3976
"5277",324,2015-11-19,12.56,12.9537,14.3983
"5278",325,2015-11-20,13.1,12.9393,14.4061
"5279",326,2015-11-21,13.2,12.9248,14.4184
"5280",327,2015-11-22,13.31,12.9102,14.4301
"5281",328,2015-11-23,13.51,12.8955,14.4394
"5282",329,2015-11-24,13.23,12.8815,14.4471
"5283",330,2015-11-25,12.44,12.8679,14.4545
"5284",331,2015-11-26,12.11,12.854,14.4594
"5285",332,2015-11-27,12.79,12.8393,14.4613
"5286",333,2015-11-28,13.48,12.8235,14.4604
"5287",334,2015-11-29,13.82,12.807,14.4525
"5288",335,2015-11-30,13.93,12.7899,14.4422
"5289",336,2015-12-01,13.83,12.7727,14.4294
"5290",337,2015-12-02,13.19,12.7554,14.4161
"5291",338,2015-12-03,14.11,12.7386,14.4022
"5292",339,2015-12-04,14.82,12.722,14.3883
"5293",340,2015-12-05,14.79,12.705,14.3737
"5294",341,2015-12-06,14.66,12.6882,14.3584
"5295",342,2015-12-07,14.92,12.6717,14.3422
"5296",343,2015-12-08,14.19,12.6552,14.3255
"5297",344,2015-12-09,14.35,12.639,14.3071
"5298",345,2015-12-10,15.01,12.6234,14.2867
"5299",346,2015-12-11,14.81,12.6082,14.2649
"5300",347,2015-12-12,14.55,12.5926,14.2255
"5301",348,2015-12-13,14.17,12.5773,14.1812
"5302",349,2015-12-14,13.68,12.5619,14.1375
"5303",350,2015-12-15,13.25,12.5472,14.0973
"5304",351,2015-12-16,13.81,12.5329,14.0531
"5305",352,2015-12-17,13.72,12.5182,14.0077
"5306",353,2015-12-18,13.83,12.5032,13.9622
"5307",354,2015-12-19,13.97,12.4888,13.9168
"5308",355,2015-12-20,13.57,12.475,13.8719
"5309",356,2015-12-21,13.81,12.4615,13.8266
"5310",357,2015-12-22,14.06,12.4482,13.7806
"5311",358,2015-12-23,13.47,12.4354,13.7381
"5312",359,2015-12-24,12.81,12.4226,13.6963
"5313",360,2015-12-25,12.07,12.4101,13.6583
"5314",361,2015-12-26,12.38,12.3975,13.6238
"5315",362,2015-12-27,12.43,12.3852,13.5926
"5316",363,2015-12-28,12.74,12.3735,13.5667
"5317",364,2015-12-29,12.42,12.3626,13.5453
"5318",365,2015-12-30,12.37,12.3522,13.5268
"5319",366,2015-12-31,12.47,12.3417,13.5091
"5320",1,2016-01-01,11.97,12.3308,13.4914
"5321",2,2016-01-02,12.23,12.3201,13.4734
"5322",3,2016-01-03,12.45,12.3098,13.4559
"5323",4,2016-01-04,12.7,12.2995,13.4385
"5324",5,2016-01-05,12.8,12.2896,13.4208
"5325",6,2016-01-06,12.73,12.2804,13.4039
"5326",7,2016-01-07,13.02,12.2717,13.3872
"5327",8,2016-01-08,13.02,12.2639,13.3705
"5328",9,2016-01-09,13.15,12.257,13.3548
"5329",10,2016-01-10,13.42,12.25,13.3408
"5330",11,2016-01-11,13.58,12.2439,13.3285
"5331",12,2016-01-12,13.8,12.2394,13.3332
"5332",13,2016-01-13,13.76,12.2353,13.343
"5333",14,2016-01-14,13.53,12.2318,13.3548
"5334",15,2016-01-15,13.54,12.2284,13.3662
"5335",16,2016-01-16,13.67,12.2246,13.3772
"5336",17,2016-01-17,13.91,12.2207,13.387
"5337",18,2016-01-18,13.94,12.2169,13.3952
"5338",19,2016-01-19,13.91,12.2127,13.402
"5339",20,2016-01-20,13.73,12.2078,13.4044
"5340",21,2016-01-21,13.85,12.2027,13.4062
"5341",22,2016-01-22,13.97,12.1973,13.4068
"5342",23,2016-01-23,13.93,12.1913,13.4038
"5343",24,2016-01-24,13.79,12.1852,13.3994
"5344",25,2016-01-25,13.77,12.1789,13.393
"5345",26,2016-01-26,13.82,12.1722,13.3855
"5346",27,2016-01-27,13.9,12.1656,13.3781
"5347",28,2016-01-28,13.75,12.1589,13.3692
"5348",29,2016-01-29,13.92,12.1518,13.3601
"5349",30,2016-01-30,13.96,12.1439,13.3508
"5350",31,2016-01-31,13.64,12.1357,13.3409
"5351",32,2016-02-01,12.97,12.127,13.3314
"5352",33,2016-02-02,12.22,12.1174,13.3222
"5353",34,2016-02-03,12.28,12.1065,13.3131
"5354",35,2016-02-04,12.65,12.0944,13.3051
"5355",36,2016-02-05,12.72,12.0818,13.2979
"5356",37,2016-02-06,12.79,12.0693,13.2923
"5357",38,2016-02-07,12.89,12.0564,13.2882
"5358",39,2016-02-08,13,12.0428,13.2848
"5359",40,2016-02-09,13.28,12.0283,13.2804
"5360",41,2016-02-10,13.38,12.0141,13.2761
"5361",42,2016-02-11,13.34,11.9996,13.2723
"5362",43,2016-02-12,13.2,11.9854,13.2677
"5363",44,2016-02-13,12.96,11.972,13.2626
"5364",45,2016-02-14,12.5,11.9598,13.257
"5365",46,2016-02-15,12.29,11.9491,13.2529
"5366",47,2016-02-16,12.42,11.9397,13.2468
"5367",48,2016-02-17,12.8,11.9304,13.2402
"5368",49,2016-02-18,13.58,11.9211,13.2345
"5369",50,2016-02-19,12.94,11.912,13.23
"5370",51,2016-02-20,13.27,11.903,13.2294
"5371",52,2016-02-21,12.91,11.8942,13.2295
"5372",53,2016-02-22,12.91,11.8859,13.2304
"5373",54,2016-02-23,13.21,11.8775,13.2309
"5374",55,2016-02-24,13.2,11.8683,13.2325
"5375",56,2016-02-25,13.39,11.8585,13.2334
"5376",57,2016-02-26,13.29,11.8484,13.2329
"5377",58,2016-02-27,13.47,11.837,13.2318
"5378",59,2016-02-28,13.46,11.8254,13.2311
"5379",60,2016-02-29,12.99,11.8137,13.2292
"5380",61,2016-03-01,12.99,11.8028,13.2275
"5381",62,2016-03-02,13,11.7932,13.2275
"5382",63,2016-03-03,13.21,11.784,13.2255
"5383",64,2016-03-04,13.71,11.7746,13.2226
"5384",65,2016-03-05,13.92,11.7655,13.2192
"5385",66,2016-03-06,13.83,11.7568,13.2147
"5386",67,2016-03-07,14.04,11.7478,13.2097
"5387",68,2016-03-08,13.49,11.7381,13.2028
"5388",69,2016-03-09,13.41,11.7288,13.1937
"5389",70,2016-03-10,13.76,11.7201,13.1831
"5390",71,2016-03-11,13.98,11.7118,13.173
"5391",72,2016-03-12,13.88,11.7035,13.1629
"5392",73,2016-03-13,13.66,11.6942,13.1512
"5393",74,2016-03-14,13.85,11.6834,13.1378
"5394",75,2016-03-15,13.52,11.6714,13.1237
"5395",76,2016-03-16,13.3,11.6577,13.1093
"5396",77,2016-03-17,13.32,11.6425,13.0896
"5397",78,2016-03-18,13.35,11.6262,13.0714
"5398",79,2016-03-19,13.16,11.6098,13.0549
"5399",80,2016-03-20,13.28,11.5925,13.0392
"5400",81,2016-03-21,13.71,11.5741,13.0225
"5401",82,2016-03-22,13.62,11.5552,13.0033
"5402",83,2016-03-23,13.13,11.5342,12.9807
"5403",84,2016-03-24,12.98,11.5116,12.9584
"5404",85,2016-03-25,12.61,11.4887,12.9371
"5405",86,2016-03-26,12.13,11.4655,12.9158
"5406",87,2016-03-27,12.25,11.442,12.8964
"5407",88,2016-03-28,11.51,11.4191,12.8769
"5408",89,2016-03-29,10.42,11.3968,12.856
"5409",90,2016-03-30,10.53,11.3741,12.8345
"5410",91,2016-03-31,11.11,11.3516,12.8111
"5411",92,2016-04-01,10.72,11.3292,12.7882
"5412",93,2016-04-02,10.45,11.3055,12.7621
"5413",94,2016-04-03,10.64,11.2827,12.7383
"5414",95,2016-04-04,10.75,11.2624,12.7169
"5415",96,2016-04-05,10.77,11.2445,12.6968
"5416",97,2016-04-06,12.55,11.2288,12.6767
"5417",98,2016-04-07,12.56,11.215,12.655
"5418",99,2016-04-08,13.07,11.2016,12.633
"5419",100,2016-04-09,12.95,11.1888,12.6117
"5420",101,2016-04-10,12.74,11.176,12.59
"5421",102,2016-04-11,12.36,11.1639,12.5694
"5422",103,2016-04-12,12.49,11.1523,12.5498
"5423",104,2016-04-13,11.37,11.1429,12.5345
"5424",105,2016-04-14,11.57,11.1358,12.5216
"5425",106,2016-04-15,11.1,11.1294,12.5089
"5426",107,2016-04-16,NA,11.1236,12.4966
"5427",108,2016-04-17,12.37,11.1193,12.4895
"5428",109,2016-04-18,12.86,11.1169,12.4855
"5429",110,2016-04-19,13.99,11.1167,12.4855
"5430",111,2016-04-20,12.84,11.1188,12.4888
"5431",112,2016-04-21,13.32,11.1244,12.4971
"5432",113,2016-04-22,13.28,11.1317,12.5077
"5433",114,2016-04-23,13.73,11.1419,12.5213
"5434",115,2016-04-24,12.92,11.1548,12.5352
"5435",116,2016-04-25,11.45,11.1689,12.5496
"5436",117,2016-04-26,10.36,11.1862,12.5662
"5437",118,2016-04-27,10.37,11.205,12.5835
"5438",119,2016-04-28,10.52,11.2245,12.6026
"5439",120,2016-04-29,NA,11.2452,12.6239
"5440",121,2016-04-30,NA,11.2669,12.6461
"5441",122,2016-05-01,NA,11.2882,12.6687
"5442",123,2016-05-02,12.6,11.308,12.6901
"5443",124,2016-05-03,12.76,11.3284,12.7126
"5444",125,2016-05-04,11.04,11.3487,12.7347
"5445",126,2016-05-05,11.85,11.3678,12.755
"5446",127,2016-05-06,12.39,11.3857,12.774
"5447",128,2016-05-07,12.22,11.401,12.7909
"5448",129,2016-05-08,12.58,11.4153,12.8054
"5449",130,2016-05-09,12.93,11.43,12.8203
"5450",131,2016-05-10,12.44,11.4438,12.833
"5451",132,2016-05-11,12.55,11.4575,12.8456
"5452",133,2016-05-12,12.53,11.4721,12.8573
"5453",134,2016-05-13,NA,11.4891,12.8697
"5454",135,2016-05-14,13.79,11.507,12.884
"5455",136,2016-05-15,14.26,11.5251,12.9003
"5456",137,2016-05-16,13.93,11.5446,12.9172
"5457",138,2016-05-17,12.96,11.5658,12.9371
"5458",139,2016-05-18,13.87,11.5873,12.9606
"5459",140,2016-05-19,13.91,11.6088,12.9846
"5460",141,2016-05-20,12.55,11.6292,13.0048
"5461",142,2016-05-21,10.29,11.6498,13.0215
"5462",143,2016-05-22,11.36,11.6703,13.0392
"5463",144,2016-05-23,12.13,11.6911,13.0592
"5464",145,2016-05-24,12.07,11.7124,13.0791
"5465",146,2016-05-25,11.73,11.7346,13.1022
"5466",147,2016-05-26,11.49,11.7574,13.128
"5467",148,2016-05-27,10.9,11.7788,13.1517
"5468",149,2016-05-28,11.15,11.7996,13.1735
"5469",150,2016-05-29,NA,11.8214,13.1961
"5470",151,2016-05-30,13.55,11.8449,13.223
"5471",152,2016-05-31,13.94,11.8715,13.2528
"5472",153,2016-06-01,14.14,11.9007,13.2855
"5473",154,2016-06-02,14.45,11.9311,13.3184
"5474",155,2016-06-03,14.34,11.9623,13.3513
"5475",156,2016-06-04,12.85,11.9937,13.3876
"5476",157,2016-06-05,13.32,12.0247,13.4238
"5477",158,2016-06-06,14.12,12.0566,13.4607
"5478",159,2016-06-07,13.47,12.0911,13.5044
"5479",160,2016-06-08,13.59,12.1278,13.5579
"5480",161,2016-06-09,12.34,12.166,13.6107
"5481",162,2016-06-10,12.37,12.2042,13.6657
"5482",163,2016-06-11,13.83,12.2434,13.723
"5483",164,2016-06-12,14.04,12.2828,13.7816
"5484",165,2016-06-13,13.49,12.3224,13.8396
"5485",166,2016-06-14,14.64,12.3621,13.8969
"5486",167,2016-06-15,12.38,12.4026,13.9526
"5487",168,2016-06-16,10.86,12.443,14.0085
"5488",169,2016-06-17,12.09,12.4823,14.0608
"5489",170,2016-06-18,12.11,12.5207,14.107
"5490",171,2016-06-19,12.56,12.5579,14.1478
"5491",172,2016-06-20,13.27,12.5956,14.1913
"5492",173,2016-06-21,12.18,12.6332,14.2357
"5493",174,2016-06-22,11.97,12.6691,14.2764
"5494",175,2016-06-23,11.57,12.7047,14.3154
"5495",176,2016-06-24,11.81,12.7389,14.3538
"5496",177,2016-06-25,10.54,12.7709,14.3876
"5497",178,2016-06-26,10.93,12.8006,14.4186
"5498",179,2016-06-27,11.98,12.8304,14.4502
"5499",180,2016-06-28,12.42,12.8625,14.4885
"5500",181,2016-06-29,12.78,12.8958,14.5295
"5501",182,2016-06-30,12.68,12.9286,14.5699
"5502",183,2016-07-01,13.11,12.9586,14.6066
"5503",184,2016-07-02,12.81,12.9869,14.6411
"5504",185,2016-07-03,12.96,13.0169,14.6788
"5505",186,2016-07-04,13.61,13.0475,14.7196
"5506",187,2016-07-05,13.94,13.0787,14.7557
"5507",188,2016-07-06,13.05,13.1127,14.7917
"5508",189,2016-07-07,12.77,13.1477,14.8293
"5509",190,2016-07-08,12.53,13.1825,14.8614
"5510",191,2016-07-09,12.97,13.216,14.8889
"5511",192,2016-07-10,13.64,13.249,14.9182
"5512",193,2016-07-11,13.25,13.283,14.9471
"5513",194,2016-07-12,12.93,13.3172,14.9713
"5514",195,2016-07-13,12.92,13.3517,14.9946
"5515",196,2016-07-14,12.13,13.3831,15.0159
"5516",197,2016-07-15,12.33,13.4113,15.033
"5517",198,2016-07-16,13.02,13.4382,15.0506
"5518",199,2016-07-17,14.08,13.4634,15.0712
"5519",200,2016-07-18,13.7,13.4876,15.0933
"5520",201,2016-07-19,12.95,13.5114,15.1169
"5521",202,2016-07-20,12.93,13.5343,15.1391
"5522",203,2016-07-21,12.55,13.5553,15.1582
"5523",204,2016-07-22,12.65,13.5754,15.1789
"5524",205,2016-07-23,12.07,13.5961,15.1995
"5525",206,2016-07-24,11.93,13.6151,15.2206
"5526",207,2016-07-25,11.94,13.6341,15.2421
"5527",208,2016-07-26,13.46,13.6541,15.2668
"5528",209,2016-07-27,13.52,13.6753,15.2906
"5529",210,2016-07-28,12.74,13.6964,15.3108
"5530",211,2016-07-29,12.37,13.7166,15.3244
"5531",212,2016-07-30,12.42,13.735,15.338
"5532",213,2016-07-31,13.09,13.7528,15.3498
"5533",214,2016-08-01,13.76,13.7711,15.3616
"5534",215,2016-08-02,14.57,13.7891,15.3745
"5535",216,2016-08-03,14.21,13.8056,15.3857
"5536",217,2016-08-04,14.38,13.8224,15.3976
"5537",218,2016-08-05,13.66,13.8397,15.4148
"5538",219,2016-08-06,13.81,13.8559,15.4348
"5539",220,2016-08-07,14.04,13.8703,15.4544
"5540",221,2016-08-08,13.89,13.8835,15.4746
"5541",222,2016-08-09,13.27,13.8965,15.4938
"5542",223,2016-08-10,14.48,13.9093,15.5113
"5543",224,2016-08-11,15.76,13.9209,15.5274
"5544",225,2016-08-12,16.01,13.9302,15.5457
"5545",226,2016-08-13,15.62,13.9376,15.5607
"5546",227,2016-08-14,14.97,13.9451,15.5736
"5547",228,2016-08-15,14.34,13.9525,15.5863
"5548",229,2016-08-16,14.7,13.9581,15.597
"5549",230,2016-08-17,14.74,13.9626,15.6042
"5550",231,2016-08-18,14.56,13.9675,15.611
"5551",232,2016-08-19,15.02,13.9728,15.6177
"5552",233,2016-08-20,15.26,13.9775,15.6231
"5553",234,2016-08-21,14.65,13.9817,15.6257
"5554",235,2016-08-22,14.04,13.9853,15.624
"5555",236,2016-08-23,14.67,13.989,15.6223
"5556",237,2016-08-24,15.32,13.9934,15.6196
"5557",238,2016-08-25,14.85,13.9973,15.6158
"5558",239,2016-08-26,14.27,14.0008,15.6111
"5559",240,2016-08-27,14.1,14.0036,15.6058
"5560",241,2016-08-28,14.27,14.0049,15.6035
"5561",242,2016-08-29,14.94,14.0037,15.6013
"5562",243,2016-08-30,14.84,14.0006,15.5961
"5563",244,2016-08-31,13.88,13.9957,15.5893
"5564",245,2016-09-01,13.6,13.9898,15.5829
"5565",246,2016-09-02,12.83,13.9834,15.5762
"5566",247,2016-09-03,12.87,13.9763,15.5691
"5567",248,2016-09-04,12.81,13.9671,15.5583
"5568",249,2016-09-05,12.4,13.9559,15.5435
"5569",250,2016-09-06,13.12,13.9426,15.5255
"5570",251,2016-09-07,13.66,13.9286,15.5049
"5571",252,2016-09-08,14.92,13.9146,15.4835
"5572",253,2016-09-09,14.58,13.9005,15.4622
"5573",254,2016-09-10,14.38,13.8856,15.4401
"5574",255,2016-09-11,14.33,13.8703,15.4187
"5575",256,2016-09-12,14.15,13.8553,15.3979
"5576",257,2016-09-13,14.51,13.8391,15.3786
"5577",258,2016-09-14,14.33,13.8218,15.3617
"5578",259,2016-09-15,14.92,13.8046,15.3445
"5579",260,2016-09-16,14.09,13.7878,15.3255
"5580",261,2016-09-17,13.47,13.7711,15.3062
"5581",262,2016-09-18,13.34,13.754,15.2856
"5582",263,2016-09-19,13,13.7358,15.2645
"5583",264,2016-09-20,13.67,13.7176,15.2487
"5584",265,2016-09-21,14.25,13.7,15.2375
"5585",266,2016-09-22,14.06,13.6823,15.2289
"5586",267,2016-09-23,13.44,13.6632,15.219
"5587",268,2016-09-24,13.16,13.6445,15.2082
"5588",269,2016-09-25,12.97,13.6261,15.1983
"5589",270,2016-09-26,13.84,13.6079,15.1879
"5590",271,2016-09-27,14.74,13.5907,15.1795
"5591",272,2016-09-28,14.14,13.575,15.1715
"5592",273,2016-09-29,13.49,13.5613,15.1649
"5593",274,2016-09-30,12.75,13.5499,15.1579
"5594",275,2016-10-01,12.49,13.5401,15.153
"5595",276,2016-10-02,12.18,13.5305,15.1476
"5596",277,2016-10-03,12.38,13.522,15.1442
"5597",278,2016-10-04,13.52,13.5145,15.1387
"5598",279,2016-10-05,12.68,13.5082,15.1328
"5599",280,2016-10-06,12.18,13.5029,15.1192
"5600",281,2016-10-07,12.4,13.4976,15.1035
"5601",282,2016-10-08,13.4,13.492,15.0888
"5602",283,2016-10-09,13.51,13.4854,15.0737
"5603",284,2016-10-10,13.56,13.4767,15.0583
"5604",285,2016-10-11,13.93,13.4666,15.0452
"5605",286,2016-10-12,14.01,13.456,15.0323
"5606",287,2016-10-13,14,13.4458,15.0204
"5607",288,2016-10-14,14.23,13.4366,15.0097
"5608",289,2016-10-15,14.82,13.4276,14.9999
"5609",290,2016-10-16,14.96,13.4178,14.9899
"5610",291,2016-10-17,14.99,13.4074,14.9815
"5611",292,2016-10-18,14.84,13.3969,14.9682
"5612",293,2016-10-19,14.84,13.3863,14.9528
"5613",294,2016-10-20,14.79,13.3764,14.9318
"5614",295,2016-10-21,15,13.3674,14.9069
"5615",296,2016-10-22,13.83,13.3592,14.8809
"5616",297,2016-10-23,13.39,13.3516,14.8562
"5617",298,2016-10-24,13.94,13.3438,14.8317
"5618",299,2016-10-25,14.37,13.3353,14.8057
"5619",300,2016-10-26,14.35,13.3265,14.7793
"5620",301,2016-10-27,14.83,13.3174,14.7523
"5621",302,2016-10-28,15.19,13.308,14.7243
"5622",303,2016-10-29,14.67,13.2985,14.7005
"5623",304,2016-10-30,14.87,13.2883,14.678
"5624",305,2016-10-31,15.14,13.277,14.6572
"5625",306,2016-11-01,15.29,13.2649,14.6346
"5626",307,2016-11-02,14.88,13.2518,14.612
"5627",308,2016-11-03,15.14,13.2377,14.5867
"5628",309,2016-11-04,15.41,13.2228,14.5629
"5629",310,2016-11-05,15.16,13.2061,14.5389
"5630",311,2016-11-06,15.16,13.1882,14.5229
"5631",312,2016-11-07,NA,13.1699,14.5101
"5632",313,2016-11-08,15.18,13.151,14.498
"5633",314,2016-11-09,15.14,13.1319,14.487
"5634",315,2016-11-10,14.75,13.1133,14.4755
"5635",316,2016-11-11,14.56,13.0948,14.4647
"5636",317,2016-11-12,14.7,13.076,14.4546
"5637",318,2016-11-13,14.38,13.0568,14.4424
"5638",319,2016-11-14,13.92,13.0369,14.4272
"5639",320,2016-11-15,13.64,13.0173,14.416
"5640",321,2016-11-16,13.28,12.9997,14.4073
"5641",322,2016-11-17,12.81,12.9836,14.3995
"5642",323,2016-11-18,12.71,12.9683,14.3976
"5643",324,2016-11-19,13.2,12.9537,14.3983
"5644",325,2016-11-20,14.01,12.9393,14.4061
"5645",326,2016-11-21,13.82,12.9248,14.4184
"5646",327,2016-11-22,13.18,12.9102,14.4301
"5647",328,2016-11-23,13.16,12.8955,14.4394
"5648",329,2016-11-24,13.04,12.8815,14.4471
"5649",330,2016-11-25,12.8,12.8679,14.4545
"5650",331,2016-11-26,13.17,12.854,14.4594
"5651",332,2016-11-27,13.17,12.8393,14.4613
"5652",333,2016-11-28,12.88,12.8235,14.4604
"5653",334,2016-11-29,12.71,12.807,14.4525
"5654",335,2016-11-30,12.68,12.7899,14.4422
"5655",336,2016-12-01,12.69,12.7727,14.4294
"5656",337,2016-12-02,12.31,12.7554,14.4161
"5657",338,2016-12-03,12.28,12.7386,14.4022
"5658",339,2016-12-04,12.48,12.722,14.3883
"5659",340,2016-12-05,12.6,12.705,14.3737
"5660",341,2016-12-06,11.97,12.6882,14.3584
"5661",342,2016-12-07,11.54,12.6717,14.3422
"5662",343,2016-12-08,11.7,12.6552,14.3255
"5663",344,2016-12-09,12.28,12.639,14.3071
"5664",345,2016-12-10,12.55,12.6234,14.2867
"5665",346,2016-12-11,12.39,12.6082,14.2649
"5666",347,2016-12-12,12.1,12.5926,14.2255
"5667",348,2016-12-13,12.26,12.5773,14.1812
"5668",349,2016-12-14,12.49,12.5619,14.1375
"5669",350,2016-12-15,12.5,12.5472,14.0973
"5670",351,2016-12-16,12.4,12.5329,14.0531
"5671",352,2016-12-17,11.76,12.5182,14.0077
"5672",353,2016-12-18,11.51,12.5032,13.9622
"5673",354,2016-12-19,11.66,12.4888,13.9168
"5674",355,2016-12-20,11.94,12.475,13.8719
"5675",356,2016-12-21,12.18,12.4615,13.8266
"5676",357,2016-12-22,12.22,12.4482,13.7806
"5677",358,2016-12-23,12.36,12.4354,13.7381
"5678",359,2016-12-24,11.97,12.4226,13.6963
"5679",360,2016-12-25,11.72,12.4101,13.6583
"5680",361,2016-12-26,11.59,12.3975,13.6238
"5681",362,2016-12-27,11.8,12.3852,13.5926
"5682",363,2016-12-28,11.79,12.3735,13.5667
"5683",364,2016-12-29,11.89,12.3626,13.5453
"5684",365,2016-12-30,12,12.3522,13.5268
"5685",366,2016-12-31,11.94,12.3417,13.5091
"5686",1,2017-01-01,11.8,12.3308,13.4914
"5687",2,2017-01-02,11.71,12.3201,13.4734
"5688",3,2017-01-03,11.93,12.3098,13.4559
"5689",4,2017-01-04,11.82,12.2995,13.4385
"5690",5,2017-01-05,11.62,12.2896,13.4208
"5691",6,2017-01-06,11.29,12.2804,13.4039
"5692",7,2017-01-07,11.66,12.2717,13.3872
"5693",8,2017-01-08,11.92,12.2639,13.3705
"5694",9,2017-01-09,12.02,12.257,13.3548
"5695",10,2017-01-10,12.07,12.25,13.3408
"5696",11,2017-01-11,12.1,12.2439,13.3285
"5697",12,2017-01-12,11.91,12.2394,13.3332
"5698",13,2017-01-13,11.81,12.2353,13.343
"5699",14,2017-01-14,11.79,12.2318,13.3548
"5700",15,2017-01-15,11.94,12.2284,13.3662
"5701",16,2017-01-16,11.92,12.2246,13.3772
"5702",17,2017-01-17,11.72,12.2207,13.387
"5703",18,2017-01-18,11.77,12.2169,13.3952
"5704",19,2017-01-19,11.94,12.2127,13.402
"5705",20,2017-01-20,12.14,12.2078,13.4044
"5706",21,2017-01-21,12.29,12.2027,13.4062
"5707",22,2017-01-22,12.44,12.1973,13.4068
"5708",23,2017-01-23,12.15,12.1913,13.4038
"5709",24,2017-01-24,12.14,12.1852,13.3994
"5710",25,2017-01-25,11.97,12.1789,13.393
"5711",26,2017-01-26,12.1,12.1722,13.3855
"5712",27,2017-01-27,12.21,12.1656,13.3781
"5713",28,2017-01-28,12.3,12.1589,13.3692
"5714",29,2017-01-29,12.18,12.1518,13.3601
"5715",30,2017-01-30,12.27,12.1439,13.3508
"5716",31,2017-01-31,12.57,12.1357,13.3409
"5717",32,2017-02-01,12.37,12.127,13.3314
"5718",33,2017-02-02,12.43,12.1174,13.3222
"5719",34,2017-02-03,12.65,12.1065,13.3131
"5720",35,2017-02-04,12.77,12.0944,13.3051
"5721",36,2017-02-05,12.64,12.0818,13.2979
"5722",37,2017-02-06,12.85,12.0693,13.2923
"5723",38,2017-02-07,12.98,12.0564,13.2882
"5724",39,2017-02-08,12.96,12.0428,13.2848
"5725",40,2017-02-09,13,12.0283,13.2804
"5726",41,2017-02-10,13,12.0141,13.2761
"5727",42,2017-02-11,12.88,11.9996,13.2723
"5728",43,2017-02-12,12.86,11.9854,13.2677
"5729",44,2017-02-13,12.89,11.972,13.2626
"5730",45,2017-02-14,12.99,11.9598,13.257
"5731",46,2017-02-15,12.93,11.9491,13.2529
"5732",47,2017-02-16,12.96,11.9397,13.2468
"5733",48,2017-02-17,13.22,11.9304,13.2402
"5734",49,2017-02-18,13.28,11.9211,13.2345
"5735",50,2017-02-19,12.98,11.912,13.23
"5736",51,2017-02-20,12.99,11.903,13.2294
"5737",52,2017-02-21,13.16,11.8942,13.2295
"5738",53,2017-02-22,12.98,11.8859,13.2304
"5739",54,2017-02-23,12.66,11.8775,13.2309
"5740",55,2017-02-24,12.43,11.8683,13.2325
"5741",56,2017-02-25,12.37,11.8585,13.2334
"5742",57,2017-02-26,12.41,11.8484,13.2329
"5743",58,2017-02-27,12.65,11.837,13.2318
"5744",59,2017-02-28,12.43,11.8254,13.2311
"5745",61,2017-03-01,12.17,11.8028,13.2275
"5746",62,2017-03-02,12.21,11.7932,13.2275
"5747",63,2017-03-03,12.24,11.784,13.2255
"5748",64,2017-03-04,12.26,11.7746,13.2226
"5749",65,2017-03-05,12.5,11.7655,13.2192
"5750",66,2017-03-06,11.25,11.7568,13.2147
"5751",67,2017-03-07,11.92,11.7478,13.2097
"5752",68,2017-03-08,11.84,11.7381,13.2028
"5753",69,2017-03-09,11.75,11.7288,13.1937
"5754",70,2017-03-10,11.67,11.7201,13.1831
"5755",71,2017-03-11,11.72,11.7118,13.173
"5756",72,2017-03-12,11.65,11.7035,13.1629
"5757",73,2017-03-13,11.79,11.6942,13.1512
"5758",74,2017-03-14,12,11.6834,13.1378
"5759",75,2017-03-15,12.37,11.6714,13.1237
"5760",76,2017-03-16,12.09,11.6577,13.1093
"5761",77,2017-03-17,11.91,11.6425,13.0896
"5762",78,2017-03-18,11.89,11.6262,13.0714
"5763",79,2017-03-19,12.28,11.6098,13.0549
"5764",80,2017-03-20,NA,11.5925,13.0392
"5765",81,2017-03-21,12.98,11.5741,13.0225
"5766",82,2017-03-22,13.48,11.5552,13.0033
"5767",83,2017-03-23,12.52,11.5342,12.9807
"5768",84,2017-03-24,12.51,11.5116,12.9584
"5769",85,2017-03-25,13.02,11.4887,12.9371
"5770",86,2017-03-26,12.87,11.4655,12.9158
"5771",87,2017-03-27,12.9,11.442,12.8964
"5772",88,2017-03-28,12.12,11.4191,12.8769
"5773",89,2017-03-29,11.62,11.3968,12.856
"5774",90,2017-03-30,11.83,11.3741,12.8345
"5775",91,2017-03-31,10.68,11.3516,12.8111
"5776",92,2017-04-01,10.31,11.3292,12.7882
"5777",93,2017-04-02,10.62,11.3055,12.7621
"5778",94,2017-04-03,10.94,11.2827,12.7383
"5779",95,2017-04-04,10.44,11.2624,12.7169
"5780",96,2017-04-05,10.55,11.2445,12.6968
"5781",97,2017-04-06,11.19,11.2288,12.6767
"5782",98,2017-04-07,11.63,11.215,12.655
"5783",99,2017-04-08,12.1,11.2016,12.633
"5784",100,2017-04-09,11.76,11.1888,12.6117
"5785",101,2017-04-10,11.84,11.176,12.59
"5786",102,2017-04-11,12.44,11.1639,12.5694
"5787",103,2017-04-12,12.01,11.1523,12.5498
"5788",104,2017-04-13,12.33,11.1429,12.5345
"5789",105,2017-04-14,12.31,11.1358,12.5216
"5790",106,2017-04-15,11.06,11.1294,12.5089
"5791",107,2017-04-16,11.49,11.1236,12.4966
"5792",108,2017-04-17,11.34,11.1193,12.4895
"5793",109,2017-04-18,NA,11.1169,12.4855
"5794",110,2017-04-19,NA,11.1167,12.4855
"5795",111,2017-04-20,NA,11.1188,12.4888
"5796",112,2017-04-21,NA,11.1244,12.4971
"5797",113,2017-04-22,NA,11.1317,12.5077
"5798",114,2017-04-23,11.58,11.1419,12.5213
"5799",115,2017-04-24,11,11.1548,12.5352
"5800",116,2017-04-25,11.02,11.1689,12.5496
"5801",117,2017-04-26,11.02,11.1862,12.5662
"5802",118,2017-04-27,11.63,11.205,12.5835
"5803",119,2017-04-28,10.9,11.2245,12.6026
"5804",120,2017-04-29,10.09,11.2452,12.6239
"5805",121,2017-04-30,10.64,11.2669,12.6461
"5806",122,2017-05-01,11,11.2882,12.6687
"5807",123,2017-05-02,10.57,11.308,12.6901
"5808",124,2017-05-03,10.41,11.3284,12.7126
"5809",125,2017-05-04,12.46,11.3487,12.7347
"5810",126,2017-05-05,12.54,11.3678,12.755
"5811",127,2017-05-06,11.89,11.3857,12.774
"5812",128,2017-05-07,9.83,11.401,12.7909
"5813",129,2017-05-08,9.7,11.4153,12.8054
"5814",130,2017-05-09,10.93,11.43,12.8203
"5815",131,2017-05-10,12.14,11.4438,12.833
"5816",132,2017-05-11,12.51,11.4575,12.8456
"5817",133,2017-05-12,11.72,11.4721,12.8573
"5818",134,2017-05-13,11.51,11.4891,12.8697
"5819",135,2017-05-14,10.7,11.507,12.884
"5820",136,2017-05-15,10.04,11.5251,12.9003
"5821",137,2017-05-16,10.42,11.5446,12.9172
"5822",138,2017-05-17,NA,11.5658,12.9371
"5823",139,2017-05-18,NA,11.5873,12.9606
"5824",140,2017-05-19,NA,11.6088,12.9846
"5825",141,2017-05-20,12.13,11.6292,13.0048
"5826",142,2017-05-21,12.06,11.6498,13.0215
"5827",143,2017-05-22,11.78,11.6703,13.0392
"5828",144,2017-05-23,11.67,11.6911,13.0592
"5829",145,2017-05-24,11.59,11.7124,13.0791
"5830",146,2017-05-25,12.32,11.7346,13.1022
"5831",147,2017-05-26,12.89,11.7574,13.128
"5832",148,2017-05-27,12.9,11.7788,13.1517
"5833",149,2017-05-28,12.75,11.7996,13.1735
"5834",150,2017-05-29,12.42,11.8214,13.1961
"5835",151,2017-05-30,11.51,11.8449,13.223
"5836",152,2017-05-31,11.19,11.8715,13.2528
"5837",153,2017-06-01,12.52,11.9007,13.2855
"5838",154,2017-06-02,12.56,11.9311,13.3184
"5839",155,2017-06-03,12.28,11.9623,13.3513
"5840",156,2017-06-04,12.09,11.9937,13.3876
"5841",157,2017-06-05,11.89,12.0247,13.4238
"5842",158,2017-06-06,12.53,12.0566,13.4607
"5843",159,2017-06-07,11.82,12.0911,13.5044
"5844",160,2017-06-08,12.99,12.1278,13.5579
"5845",161,2017-06-09,12.28,12.166,13.6107
"5846",162,2017-06-10,12.17,12.2042,13.6657
"5847",163,2017-06-11,11.41,12.2434,13.723
"5848",164,2017-06-12,10.46,12.2828,13.7816
"5849",165,2017-06-13,10.66,12.3224,13.8396
"5850",166,2017-06-14,11.26,12.3621,13.8969
"5851",167,2017-06-15,11.67,12.4026,13.9526
"5852",168,2017-06-16,13.06,12.443,14.0085
"5853",169,2017-06-17,12.64,12.4823,14.0608
"5854",170,2017-06-18,12.06,12.5207,14.107
"5855",171,2017-06-19,14.23,12.5579,14.1478
"5856",172,2017-06-20,15.36,12.5956,14.1913
"5857",173,2017-06-21,13.19,12.6332,14.2357
"5858",174,2017-06-22,12.16,12.6691,14.2764
"5859",175,2017-06-23,14.94,12.7047,14.3154
"5860",176,2017-06-24,15.2,12.7389,14.3538
"5861",177,2017-06-25,13.53,12.7709,14.3876
"5862",178,2017-06-26,12.82,12.8006,14.4186
"5863",179,2017-06-27,13.32,12.8304,14.4502
"5864",180,2017-06-28,12.61,12.8625,14.4885
"5865",181,2017-06-29,12.25,12.8958,14.5295
"5866",182,2017-06-30,13.23,12.9286,14.5699
"5867",183,2017-07-01,13.04,12.9586,14.6066
"5868",184,2017-07-02,12.13,12.9869,14.6411
"5869",185,2017-07-03,11.17,13.0169,14.6788
"5870",186,2017-07-04,13.64,13.0475,14.7196
"5871",187,2017-07-05,14.25,13.0787,14.7557
"5872",188,2017-07-06,12.84,13.1127,14.7917
"5873",189,2017-07-07,12.36,13.1477,14.8293
"5874",190,2017-07-08,12.34,13.1825,14.8614
"5875",191,2017-07-09,12.04,13.216,14.8889
"5876",192,2017-07-10,12.15,13.249,14.9182
"5877",193,2017-07-11,12.3,13.283,14.9471
"5878",194,2017-07-12,14.02,13.3172,14.9713
"5879",195,2017-07-13,12.77,13.3517,14.9946
"5880",196,2017-07-14,11.99,13.3831,15.0159
"5881",197,2017-07-15,13.02,13.4113,15.033
"5882",198,2017-07-16,13.4,13.4382,15.0506
"5883",199,2017-07-17,13.81,13.4634,15.0712
"5884",200,2017-07-18,14.33,13.4876,15.0933
"5885",201,2017-07-19,14.31,13.5114,15.1169
"5886",202,2017-07-20,14.44,13.5343,15.1391
"5887",203,2017-07-21,13.29,13.5553,15.1582
"5888",204,2017-07-22,12.69,13.5754,15.1789
"5889",205,2017-07-23,14,13.5961,15.1995
"5890",206,2017-07-24,14.74,13.6151,15.2206
"5891",207,2017-07-25,14.94,13.6341,15.2421
"5892",208,2017-07-26,15.4,13.6541,15.2668
"5893",209,2017-07-27,14.55,13.6753,15.2906
"5894",210,2017-07-28,13.47,13.6964,15.3108
"5895",211,2017-07-29,13.55,13.7166,15.3244
"5896",212,2017-07-30,14.42,13.735,15.338
"5897",213,2017-07-31,14.85,13.7528,15.3498
"5898",214,2017-08-01,14.92,13.7711,15.3616
"5899",215,2017-08-02,14.25,13.7891,15.3745
"5900",216,2017-08-03,13.99,13.8056,15.3857
"5901",217,2017-08-04,13.66,13.8224,15.3976
"5902",218,2017-08-05,14.04,13.8397,15.4148
"5903",219,2017-08-06,14.91,13.8559,15.4348
"5904",220,2017-08-07,15.46,13.8703,15.4544
"5905",221,2017-08-08,15.14,13.8835,15.4746
"5906",222,2017-08-09,14.56,13.8965,15.4938
"5907",223,2017-08-10,14.57,13.9093,15.5113
"5908",224,2017-08-11,14.1,13.9209,15.5274
"5909",225,2017-08-12,13.98,13.9302,15.5457
"5910",226,2017-08-13,13.54,13.9376,15.5607
"5911",227,2017-08-14,13.26,13.9451,15.5736
"5912",228,2017-08-15,13.37,13.9525,15.5863
"5913",229,2017-08-16,13.54,13.9581,15.597
"5914",230,2017-08-17,13.78,13.9626,15.6042
"5915",231,2017-08-18,14.17,13.9675,15.611
"5916",232,2017-08-19,14.46,13.9728,15.6177
"5917",233,2017-08-20,14.73,13.9775,15.6231
"5918",234,2017-08-21,15.21,13.9817,15.6257
"5919",235,2017-08-22,15.86,13.9853,15.624
"5920",236,2017-08-23,15.63,13.989,15.6223
"5921",237,2017-08-24,14.89,13.9934,15.6196
"5922",238,2017-08-25,14.02,13.9973,15.6158
"5923",239,2017-08-26,13.61,14.0008,15.6111
"5924",240,2017-08-27,15.32,14.0036,15.6058
"5925",241,2017-08-28,14.83,14.0049,15.6035
"5926",242,2017-08-29,14.66,14.0037,15.6013
"5927",243,2017-08-30,14.52,14.0006,15.5961
"5928",244,2017-08-31,14.14,13.9957,15.5893
"5929",245,2017-09-01,13.61,13.9898,15.5829
"5930",246,2017-09-02,14.4,13.9834,15.5762
"5931",247,2017-09-03,15.39,13.9763,15.5691
"5932",248,2017-09-04,15.08,13.9671,15.5583
"5933",249,2017-09-05,15.78,13.9559,15.5435
"5934",250,2017-09-06,16.8,13.9426,15.5255
"5935",251,2017-09-07,16.75,13.9286,15.5049
"5936",252,2017-09-08,15.68,13.9146,15.4835
"5937",253,2017-09-09,15.01,13.9005,15.4622
"5938",254,2017-09-10,16.45,13.8856,15.4401
"5939",255,2017-09-11,17.35,13.8703,15.4187
"5940",256,2017-09-12,17.66,13.8553,15.3979
"5941",257,2017-09-13,17.73,13.8391,15.3786
"5942",258,2017-09-14,18.05,13.8218,15.3617
"5943",259,2017-09-15,18.11,13.8046,15.3445
"5944",260,2017-09-16,15.94,13.7878,15.3255
"5945",261,2017-09-17,15.44,13.7711,15.3062
"5946",262,2017-09-18,15.42,13.754,15.2856
"5947",263,2017-09-19,15.35,13.7358,15.2645
"5948",264,2017-09-20,13.97,13.7176,15.2487
"5949",265,2017-09-21,14.11,13.7,15.2375
"5950",266,2017-09-22,13.46,13.6823,15.2289
"5951",267,2017-09-23,13.26,13.6632,15.219
"5952",268,2017-09-24,13.66,13.6445,15.2082
"5953",269,2017-09-25,14.08,13.6261,15.1983
"5954",270,2017-09-26,14.04,13.6079,15.1879
"5955",271,2017-09-27,14.58,13.5907,15.1795
"5956",272,2017-09-28,14.97,13.575,15.1715
"5957",273,2017-09-29,15,13.5613,15.1649
"5958",274,2017-09-30,14.5,13.5499,15.1579
"5959",275,2017-10-01,12.75,13.5401,15.153
"5960",276,2017-10-02,12.73,13.5305,15.1476
"5961",277,2017-10-03,12.31,13.522,15.1442
"5962",278,2017-10-04,12.52,13.5145,15.1387
"5963",279,2017-10-05,13.56,13.5082,15.1328
"5964",280,2017-10-06,12.74,13.5029,15.1192
"5965",281,2017-10-07,12.53,13.4976,15.1035
"5966",282,2017-10-08,12.07,13.492,15.0888
"5967",283,2017-10-09,11.99,13.4854,15.0737
"5968",284,2017-10-10,13.39,13.4767,15.0583
"5969",285,2017-10-11,12.93,13.4666,15.0452
"5970",286,2017-10-12,12.62,13.456,15.0323
"5971",287,2017-10-13,12.06,13.4458,15.0204
"5972",288,2017-10-14,12,13.4366,15.0097
"5973",289,2017-10-15,12.09,13.4276,14.9999
"5974",290,2017-10-16,12.5,13.4178,14.9899
"5975",291,2017-10-17,13.16,13.4074,14.9815
"5976",292,2017-10-18,12.64,13.3969,14.9682
"5977",293,2017-10-19,12.21,13.3863,14.9528
"5978",294,2017-10-20,12.46,13.3764,14.9318
"5979",295,2017-10-21,12.47,13.3674,14.9069
"5980",296,2017-10-22,13.03,13.3592,14.8809
"5981",297,2017-10-23,12.37,13.3516,14.8562
"5982",298,2017-10-24,12.74,13.3438,14.8317
"5983",299,2017-10-25,12.72,13.3353,14.8057
"5984",300,2017-10-26,13,13.3265,14.7793
"5985",301,2017-10-27,NA,13.3174,14.7523
"5986",302,2017-10-28,NA,13.308,14.7243
"5987",303,2017-10-29,12.07,13.2985,14.7005
"5988",304,2017-10-30,12.12,13.2883,14.678
"5989",305,2017-10-31,12.18,13.277,14.6572
"5990",306,2017-11-01,12.92,13.2649,14.6346
"5991",307,2017-11-02,14.15,13.2518,14.612
"5992",308,2017-11-03,14.05,13.2377,14.5867
"5993",309,2017-11-04,13.89,13.2228,14.5629
"5994",310,2017-11-05,13.23,13.2061,14.5389
"5995",311,2017-11-06,13.09,13.1882,14.5229
"5996",312,2017-11-07,13.23,13.1699,14.5101
"5997",313,2017-11-08,13.36,13.151,14.498
"5998",314,2017-11-09,13.56,13.1319,14.487
"5999",315,2017-11-10,13.68,13.1133,14.4755
"6000",316,2017-11-11,13.62,13.0948,14.4647
"6001",317,2017-11-12,13.51,13.076,14.4546
"6002",318,2017-11-13,13.69,13.0568,14.4424
"6003",319,2017-11-14,13.74,13.0369,14.4272
"6004",320,2017-11-15,13.27,13.0173,14.416
"6005",321,2017-11-16,14.14,12.9997,14.4073
"6006",322,2017-11-17,14.32,12.9836,14.3995
"6007",323,2017-11-18,13.56,12.9683,14.3976
"6008",324,2017-11-19,13.63,12.9537,14.3983
"6009",325,2017-11-20,13.91,12.9393,14.4061
"6010",326,2017-11-21,14.43,12.9248,14.4184
"6011",327,2017-11-22,14.72,12.9102,14.4301
"6012",328,2017-11-23,14.67,12.8955,14.4394
"6013",329,2017-11-24,14.01,12.8815,14.4471
"6014",330,2017-11-25,NA,12.8679,14.4545
"6015",331,2017-11-26,14.55,12.854,14.4594
"6016",332,2017-11-27,14.32,12.8393,14.4613
"6017",333,2017-11-28,12.72,12.8235,14.4604
"6018",334,2017-11-29,12.67,12.807,14.4525
"6019",335,2017-11-30,12.86,12.7899,14.4422
"6020",336,2017-12-01,12.75,12.7727,14.4294
"6021",337,2017-12-02,12.72,12.7554,14.4161
"6022",338,2017-12-03,12.88,12.7386,14.4022
"6023",339,2017-12-04,12.01,12.722,14.3883
"6024",340,2017-12-05,11.72,12.705,14.3737
"6025",341,2017-12-06,12.19,12.6882,14.3584
"6026",342,2017-12-07,12.36,12.6717,14.3422
"6027",343,2017-12-08,12.39,12.6552,14.3255
"6028",344,2017-12-09,12.53,12.639,14.3071
"6029",345,2017-12-10,12.38,12.6234,14.2867
"6030",346,2017-12-11,12.41,12.6082,14.2649
"6031",347,2017-12-12,12.7,12.5926,14.2255
"6032",348,2017-12-13,12.65,12.5773,14.1812
"6033",349,2017-12-14,12.67,12.5619,14.1375
"6034",350,2017-12-15,12.79,12.5472,14.0973
"6035",351,2017-12-16,12.66,12.5329,14.0531
"6036",352,2017-12-17,12.25,12.5182,14.0077
"6037",353,2017-12-18,12.26,12.5032,13.9622
"6038",354,2017-12-19,12.42,12.4888,13.9168
"6039",355,2017-12-20,12.52,12.475,13.8719
"6040",356,2017-12-21,12.05,12.4615,13.8266
"6041",357,2017-12-22,12,12.4482,13.7806
"6042",358,2017-12-23,12.44,12.4354,13.7381
"6043",359,2017-12-24,NA,12.4226,13.6963
"6044",360,2017-12-25,12.15,12.4101,13.6583
"6045",361,2017-12-26,12.35,12.3975,13.6238
"6046",362,2017-12-27,12.17,12.3852,13.5926
"6047",363,2017-12-28,12.23,12.3735,13.5667
"6048",364,2017-12-29,12.26,12.3626,13.5453
"6049",365,2017-12-30,12.28,12.3522,13.5268
"6050",366,2017-12-31,12.59,12.3417,13.5091
"6051",1,2018-01-01,12.94,12.3308,13.4914
"6052",2,2018-01-02,13.13,12.3201,13.4734
"6053",3,2018-01-03,13.01,12.3098,13.4559
"6054",4,2018-01-04,13.01,12.2995,13.4385
"6055",5,2018-01-05,13.65,12.2896,13.4208
"6056",6,2018-01-06,13.77,12.2804,13.4039
"6057",7,2018-01-07,13.25,12.2717,13.3872
"6058",8,2018-01-08,13.14,12.2639,13.3705
"6059",9,2018-01-09,13.33,12.257,13.3548
"6060",10,2018-01-10,13.13,12.25,13.3408
"6061",11,2018-01-11,13.21,12.2439,13.3285
"6062",12,2018-01-12,13.3,12.2394,13.3332
"6063",13,2018-01-13,13.29,12.2353,13.343
"6064",14,2018-01-14,13.42,12.2318,13.3548
"6065",15,2018-01-15,13.64,12.2284,13.3662
"6066",16,2018-01-16,13.72,12.2246,13.3772
"6067",17,2018-01-17,13.6,12.2207,13.387
"6068",18,2018-01-18,13.51,12.2169,13.3952
"6069",19,2018-01-19,13.48,12.2127,13.402
"6070",20,2018-01-20,13,12.2078,13.4044
"6071",21,2018-01-21,12.74,12.2027,13.4062
"6072",22,2018-01-22,12.82,12.1973,13.4068
"6073",23,2018-01-23,12.53,12.1913,13.4038
"6074",24,2018-01-24,12.74,12.1852,13.3994
"6075",25,2018-01-25,12.71,12.1789,13.393
"6076",26,2018-01-26,12.69,12.1722,13.3855
"6077",27,2018-01-27,12.25,12.1656,13.3781
"6078",28,2018-01-28,12.41,12.1589,13.3692
"6079",29,2018-01-29,12.56,12.1518,13.3601
"6080",30,2018-01-30,12.5,12.1439,13.3508
"6081",31,2018-01-31,12.44,12.1357,13.3409
"6082",32,2018-02-01,12.44,12.127,13.3314
"6083",33,2018-02-02,12.56,12.1174,13.3222
"6084",34,2018-02-03,12.78,12.1065,13.3131
"6085",35,2018-02-04,12.72,12.0944,13.3051
"6086",36,2018-02-05,12.47,12.0818,13.2979
"6087",37,2018-02-06,12.35,12.0693,13.2923
"6088",38,2018-02-07,12.22,12.0564,13.2882
"6089",39,2018-02-08,12.61,12.0428,13.2848
"6090",40,2018-02-09,12.78,12.0283,13.2804
"6091",41,2018-02-10,12.42,12.0141,13.2761
"6092",42,2018-02-11,11.78,11.9996,13.2723
"6093",43,2018-02-12,11.47,11.9854,13.2677
"6094",44,2018-02-13,11.13,11.972,13.2626
"6095",45,2018-02-14,11.82,11.9598,13.257
"6096",46,2018-02-15,11.62,11.9491,13.2529
"6097",47,2018-02-16,11.67,11.9397,13.2468
"6098",48,2018-02-17,11.93,11.9304,13.2402
"6099",49,2018-02-18,11.97,11.9211,13.2345
"6100",50,2018-02-19,11.36,11.912,13.23
"6101",51,2018-02-20,10.59,11.903,13.2294
"6102",52,2018-02-21,10.5,11.8942,13.2295
"6103",53,2018-02-22,10.75,11.8859,13.2304
"6104",54,2018-02-23,10.19,11.8775,13.2309
"6105",55,2018-02-24,10.12,11.8683,13.2325
"6106",56,2018-02-25,10.2,11.8585,13.2334
"6107",57,2018-02-26,10.57,11.8484,13.2329
"6108",58,2018-02-27,10.21,11.837,13.2318
"6109",59,2018-02-28,10.23,11.8254,13.2311
"6110",61,2018-03-01,10.78,11.8028,13.2275
"6111",62,2018-03-02,10.77,11.7932,13.2275
"6112",63,2018-03-03,10.91,11.784,13.2255
"6113",64,2018-03-04,11.2,11.7746,13.2226
"6114",65,2018-03-05,11.25,11.7655,13.2192
"6115",66,2018-03-06,11.32,11.7568,13.2147
"6116",67,2018-03-07,11.57,11.7478,13.2097
"6117",68,2018-03-08,11.53,11.7381,13.2028
"6118",69,2018-03-09,11.76,11.7288,13.1937
"6119",70,2018-03-10,11.72,11.7201,13.1831
"6120",71,2018-03-11,11.51,11.7118,13.173
"6121",72,2018-03-12,11.76,11.7035,13.1629
"6122",73,2018-03-13,12.17,11.6942,13.1512
"6123",74,2018-03-14,12.04,11.6834,13.1378
"6124",75,2018-03-15,11.95,11.6714,13.1237
"6125",76,2018-03-16,12.25,11.6577,13.1093
"6126",77,2018-03-17,12.1,11.6425,13.0896
"6127",78,2018-03-18,12.12,11.6262,13.0714
"6128",79,2018-03-19,12.23,11.6098,13.0549
"6129",80,2018-03-20,12.41,11.5925,13.0392
"6130",81,2018-03-21,12.43,11.5741,13.0225
"6131",82,2018-03-22,12.78,11.5552,13.0033
"6132",83,2018-03-23,12.34,11.5342,12.9807
"6133",84,2018-03-24,12.74,11.5116,12.9584
"6134",85,2018-03-25,12.35,11.4887,12.9371
"6135",86,2018-03-26,12.1,11.4655,12.9158
"6136",87,2018-03-27,11.91,11.442,12.8964
"6137",88,2018-03-28,12.16,11.4191,12.8769
"6138",89,2018-03-29,12.65,11.3968,12.856
"6139",90,2018-03-30,12.9,11.3741,12.8345
"6140",91,2018-03-31,13.18,11.3516,12.8111
"6141",92,2018-04-01,12.82,11.3292,12.7882
"6142",93,2018-04-02,12.85,11.3055,12.7621
"6143",94,2018-04-03,11.88,11.2827,12.7383
"6144",95,2018-04-04,11.71,11.2624,12.7169
"6145",96,2018-04-05,11.9,11.2445,12.6968
"6146",97,2018-04-06,12.33,11.2288,12.6767
"6147",98,2018-04-07,NA,11.215,12.655
"6148",99,2018-04-08,NA,11.2016,12.633
"6149",100,2018-04-09,NA,11.1888,12.6117
"6150",101,2018-04-10,NA,11.176,12.59
"6151",102,2018-04-11,NA,11.1639,12.5694
"6152",103,2018-04-12,10.89,11.1523,12.5498
"6153",104,2018-04-13,10.91,11.1429,12.5345
"6154",105,2018-04-14,10.99,11.1358,12.5216
"6155",106,2018-04-15,10.96,11.1294,12.5089
"6156",107,2018-04-16,10.82,11.1236,12.4966
"6157",108,2018-04-17,10.74,11.1193,12.4895
"6158",109,2018-04-18,NA,11.1169,12.4855
"6159",110,2018-04-19,9.12,11.1167,12.4855
"6160",111,2018-04-20,10.36,11.1188,12.4888
"6161",112,2018-04-21,10.61,11.1244,12.4971
"6162",113,2018-04-22,11.57,11.1317,12.5077
"6163",114,2018-04-23,13.36,11.1419,12.5213
"6164",115,2018-04-24,11.73,11.1548,12.5352
"6165",116,2018-04-25,11.8,11.1689,12.5496
"6166",117,2018-04-26,11.85,11.1862,12.5662
"6167",118,2018-04-27,11.75,11.205,12.5835
"6168",119,2018-04-28,11.87,11.2245,12.6026
"6169",120,2018-04-29,11.98,11.2452,12.6239
"6170",121,2018-04-30,11.58,11.2669,12.6461
"6171",122,2018-05-01,10.94,11.2882,12.6687
"6172",123,2018-05-02,10.79,11.308,12.6901
"6173",124,2018-05-03,10.79,11.3284,12.7126
"6174",125,2018-05-04,11.56,11.3487,12.7347
"6175",126,2018-05-05,10.85,11.3678,12.755
"6176",127,2018-05-06,NA,11.3857,12.774
"6177",128,2018-05-07,NA,11.401,12.7909
"6178",129,2018-05-08,NA,11.4153,12.8054
"6179",130,2018-05-09,NA,11.43,12.8203
"6180",131,2018-05-10,NA,11.4438,12.833
"6181",132,2018-05-11,11.28,11.4575,12.8456
"6182",133,2018-05-12,10.81,11.4721,12.8573
"6183",134,2018-05-13,11.66,11.4891,12.8697
"6184",135,2018-05-14,12.79,11.507,12.884
"6185",136,2018-05-15,13.1,11.5251,12.9003
"6186",137,2018-05-16,12.46,11.5446,12.9172
"6187",138,2018-05-17,13.07,11.5658,12.9371
"6188",139,2018-05-18,11.68,11.5873,12.9606
"6189",140,2018-05-19,11.4,11.6088,12.9846
"6190",141,2018-05-20,10.73,11.6292,13.0048
"6191",142,2018-05-21,10.27,11.6498,13.0215
"6192",143,2018-05-22,10.64,11.6703,13.0392
"6193",144,2018-05-23,10.62,11.6911,13.0592
"6194",145,2018-05-24,11.58,11.7124,13.0791
"6195",146,2018-05-25,11.38,11.7346,13.1022
"6196",147,2018-05-26,11.92,11.7574,13.128
"6197",148,2018-05-27,11.7,11.7788,13.1517
"6198",149,2018-05-28,11.39,11.7996,13.1735
"6199",150,2018-05-29,12.83,11.8214,13.1961
"6200",151,2018-05-30,13.1,11.8449,13.223
"6201",152,2018-05-31,11.22,11.8715,13.2528
"6202",153,2018-06-01,10.97,11.9007,13.2855
"6203",154,2018-06-02,10.84,11.9311,13.3184
"6204",155,2018-06-03,10.47,11.9623,13.3513
"6205",156,2018-06-04,10.53,11.9937,13.3876
"6206",157,2018-06-05,NA,12.0247,13.4238
"6207",158,2018-06-06,NA,12.0566,13.4607
"6208",159,2018-06-07,10.49,12.0911,13.5044
"6209",160,2018-06-08,12.07,12.1278,13.5579
"6210",161,2018-06-09,12.17,12.166,13.6107
"6211",162,2018-06-10,11.56,12.2042,13.6657
"6212",163,2018-06-11,11.41,12.2434,13.723
"6213",164,2018-06-12,10.84,12.2828,13.7816
"6214",165,2018-06-13,10.75,12.3224,13.8396
"6215",166,2018-06-14,12.25,12.3621,13.8969
"6216",167,2018-06-15,12.21,12.4026,13.9526
"6217",168,2018-06-16,12.19,12.443,14.0085
"6218",169,2018-06-17,12.2,12.4823,14.0608
"6219",170,2018-06-18,13.19,12.5207,14.107
"6220",171,2018-06-19,12.82,12.5579,14.1478
"6221",172,2018-06-20,13.53,12.5956,14.1913
"6222",173,2018-06-21,12.94,12.6332,14.2357
"6223",174,2018-06-22,12.51,12.6691,14.2764
"6224",175,2018-06-23,11.77,12.7047,14.3154
"6225",176,2018-06-24,13.12,12.7389,14.3538
"6226",177,2018-06-25,14.16,12.7709,14.3876
"6227",178,2018-06-26,13.04,12.8006,14.4186
"6228",179,2018-06-27,11.8,12.8304,14.4502
"6229",180,2018-06-28,12.22,12.8625,14.4885
"6230",181,2018-06-29,12.76,12.8958,14.5295
"6231",182,2018-06-30,12.05,12.9286,14.5699
"6232",183,2018-07-01,13.56,12.9586,14.6066
"6233",184,2018-07-02,14.83,12.9869,14.6411
"6234",185,2018-07-03,15.25,13.0169,14.6788
"6235",186,2018-07-04,14.94,13.0475,14.7196
"6236",187,2018-07-05,14.73,13.0787,14.7557
"6237",188,2018-07-06,14.73,13.1127,14.7917
"6238",189,2018-07-07,14.51,13.1477,14.8293
"6239",190,2018-07-08,13.69,13.1825,14.8614
"6240",191,2018-07-09,13.84,13.216,14.8889
"6241",192,2018-07-10,14.59,13.249,14.9182
"6242",193,2018-07-11,14.26,13.283,14.9471
"6243",194,2018-07-12,14.63,13.3172,14.9713
"6244",195,2018-07-13,15,13.3517,14.9946
"6245",196,2018-07-14,14.63,13.3831,15.0159
"6246",197,2018-07-15,12.55,13.4113,15.033
"6247",198,2018-07-16,12.41,13.4382,15.0506
"6248",199,2018-07-17,12.69,13.4634,15.0712
"6249",200,2018-07-18,12.99,13.4876,15.0933
"6250",201,2018-07-19,14.49,13.5114,15.1169
"6251",202,2018-07-20,14.99,13.5343,15.1391
"6252",203,2018-07-21,15.97,13.5553,15.1582
"6253",204,2018-07-22,16.16,13.5754,15.1789
"6254",205,2018-07-23,15.5,13.5961,15.1995
"6255",206,2018-07-24,13.46,13.6151,15.2206
"6256",207,2018-07-25,12.86,13.6341,15.2421
"6257",208,2018-07-26,14.17,13.6541,15.2668
"6258",209,2018-07-27,13.76,13.6753,15.2906
"6259",210,2018-07-28,12.85,13.6964,15.3108
"6260",211,2018-07-29,12.43,13.7166,15.3244
"6261",212,2018-07-30,12.49,13.735,15.338
"6262",213,2018-07-31,12.3,13.7528,15.3498
"6263",214,2018-08-01,12.25,13.7711,15.3616
"6264",215,2018-08-02,13.32,13.7891,15.3745
"6265",216,2018-08-03,12.45,13.8056,15.3857
"6266",217,2018-08-04,13.1,13.8224,15.3976
"6267",218,2018-08-05,13.18,13.8397,15.4148
"6268",219,2018-08-06,13.09,13.8559,15.4348
"6269",220,2018-08-07,13.36,13.8703,15.4544
"6270",221,2018-08-08,11.79,13.8835,15.4746
"6271",222,2018-08-09,11.6,13.8965,15.4938
"6272",223,2018-08-10,11.97,13.9093,15.5113
"6273",224,2018-08-11,12.04,13.9209,15.5274
"6274",225,2018-08-12,13.49,13.9302,15.5457
"6275",226,2018-08-13,13.04,13.9376,15.5607
"6276",227,2018-08-14,12.7,13.9451,15.5736
"6277",228,2018-08-15,13.26,13.9525,15.5863
"6278",229,2018-08-16,13.55,13.9581,15.597
"6279",230,2018-08-17,13.43,13.9626,15.6042
"6280",231,2018-08-18,13.58,13.9675,15.611
"6281",232,2018-08-19,14.02,13.9728,15.6177
"6282",233,2018-08-20,14.59,13.9775,15.6231
"6283",234,2018-08-21,14.15,13.9817,15.6257
"6284",235,2018-08-22,14.25,13.9853,15.624
"6285",236,2018-08-23,14.9,13.989,15.6223
"6286",237,2018-08-24,14.99,13.9934,15.6196
"6287",238,2018-08-25,14.75,13.9973,15.6158
"6288",239,2018-08-26,14.41,14.0008,15.6111
"6289",240,2018-08-27,15.32,14.0036,15.6058
"6290",241,2018-08-28,15.29,14.0049,15.6035
"6291",242,2018-08-29,15.66,14.0037,15.6013
"6292",243,2018-08-30,16.49,14.0006,15.5961
"6293",244,2018-08-31,15.91,13.9957,15.5893
"6294",245,2018-09-01,14.53,13.9898,15.5829
"6295",246,2018-09-02,13.8,13.9834,15.5762
"6296",247,2018-09-03,14.52,13.9763,15.5691
"6297",248,2018-09-04,15.66,13.9671,15.5583
"6298",249,2018-09-05,16.08,13.9559,15.5435
"6299",250,2018-09-06,15.87,13.9426,15.5255
"6300",251,2018-09-07,14.7,13.9286,15.5049
"6301",252,2018-09-08,13.73,13.9146,15.4835
"6302",253,2018-09-09,13.55,13.9005,15.4622
"6303",254,2018-09-10,13.08,13.8856,15.4401
"6304",255,2018-09-11,13.16,13.8703,15.4187
"6305",256,2018-09-12,13.11,13.8553,15.3979
"6306",257,2018-09-13,12.88,13.8391,15.3786
"6307",258,2018-09-14,12.74,13.8218,15.3617
"6308",259,2018-09-15,12.64,13.8046,15.3445
"6309",260,2018-09-16,12.79,13.7878,15.3255
"6310",261,2018-09-17,12.9,13.7711,15.3062
"6311",262,2018-09-18,12.85,13.754,15.2856
"6312",263,2018-09-19,12.46,13.7358,15.2645
"6313",264,2018-09-20,12.88,13.7176,15.2487
"6314",265,2018-09-21,12.69,13.7,15.2375
"6315",266,2018-09-22,13.2,13.6823,15.2289
"6316",267,2018-09-23,13.33,13.6632,15.219
"6317",268,2018-09-24,12.54,13.6445,15.2082
"6318",269,2018-09-25,13.59,13.6261,15.1983
"6319",270,2018-09-26,14.21,13.6079,15.1879
"6320",271,2018-09-27,13.6,13.5907,15.1795
"6321",272,2018-09-28,13.7,13.575,15.1715
"6322",273,2018-09-29,14.38,13.5613,15.1649
"6323",274,2018-09-30,14.91,13.5499,15.1579
"6324",275,2018-10-01,14.42,13.5401,15.153
"6325",276,2018-10-02,14.59,13.5305,15.1476
"6326",277,2018-10-03,14.53,13.522,15.1442
"6327",278,2018-10-04,14.71,13.5145,15.1387
"6328",279,2018-10-05,15.02,13.5082,15.1328
"6329",280,2018-10-06,14.42,13.5029,15.1192
"6330",281,2018-10-07,13.81,13.4976,15.1035
"6331",282,2018-10-08,13.47,13.492,15.0888
"6332",283,2018-10-09,NA,13.4854,15.0737
"6333",284,2018-10-10,NA,13.4767,15.0583
"6334",285,2018-10-11,15.5,13.4666,15.0452
"6335",286,2018-10-12,15.18,13.456,15.0323
"6336",287,2018-10-13,14.98,13.4458,15.0204
"6337",288,2018-10-14,15.09,13.4366,15.0097
"6338",289,2018-10-15,15.48,13.4276,14.9999
"6339",290,2018-10-16,15.98,13.4178,14.9899
"6340",291,2018-10-17,15.89,13.4074,14.9815
"6341",292,2018-10-18,15.3,13.3969,14.9682
"6342",293,2018-10-19,14.91,13.3863,14.9528
"6343",294,2018-10-20,14.72,13.3764,14.9318
"6344",295,2018-10-21,14.47,13.3674,14.9069
"6345",296,2018-10-22,14.3,13.3592,14.8809
"6346",297,2018-10-23,14.22,13.3516,14.8562
"6347",298,2018-10-24,14.11,13.3438,14.8317
"6348",299,2018-10-25,14.02,13.3353,14.8057
"6349",300,2018-10-26,14.28,13.3265,14.7793
"6350",301,2018-10-27,13.97,13.3174,14.7523
"6351",302,2018-10-28,13.81,13.308,14.7243
"6352",303,2018-10-29,13.44,13.2985,14.7005
"6353",304,2018-10-30,12.92,13.2883,14.678
"6354",305,2018-10-31,12.82,13.277,14.6572
"6355",306,2018-11-01,12.91,13.2649,14.6346
"6356",307,2018-11-02,13.26,13.2518,14.612
"6357",308,2018-11-03,12.96,13.2377,14.5867
"6358",309,2018-11-04,12.55,13.2228,14.5629
"6359",310,2018-11-05,12.34,13.2061,14.5389
"6360",311,2018-11-06,12.31,13.1882,14.5229
"6361",312,2018-11-07,12.61,13.1699,14.5101
"6362",313,2018-11-08,12.51,13.151,14.498
"6363",314,2018-11-09,13.36,13.1319,14.487
"6364",315,2018-11-10,13.04,13.1133,14.4755
"6365",316,2018-11-11,13.04,13.0948,14.4647
"6366",317,2018-11-12,13.12,13.076,14.4546
"6367",318,2018-11-13,13.03,13.0568,14.4424
"6368",319,2018-11-14,NA,13.0369,14.4272
"6369",320,2018-11-15,NA,13.0173,14.416
"6370",321,2018-11-16,12.86,12.9997,14.4073
"6371",322,2018-11-17,13.23,12.9836,14.3995
"6372",323,2018-11-18,13.93,12.9683,14.3976
"6373",324,2018-11-19,14.12,12.9537,14.3983
"6374",325,2018-11-20,14.9,12.9393,14.4061
"6375",326,2018-11-21,15.64,12.9248,14.4184
"6376",327,2018-11-22,15.44,12.9102,14.4301
"6377",328,2018-11-23,15.32,12.8955,14.4394
"6378",329,2018-11-24,15.42,12.8815,14.4471
"6379",330,2018-11-25,15.17,12.8679,14.4545
"6380",331,2018-11-26,15.18,12.854,14.4594
"6381",332,2018-11-27,15.19,12.8393,14.4613
"6382",333,2018-11-28,16.42,12.8235,14.4604
"6383",334,2018-11-29,16.38,12.807,14.4525
"6384",335,2018-11-30,15.94,12.7899,14.4422
"6385",336,2018-12-01,14.57,12.7727,14.4294
"6386",337,2018-12-02,13.82,12.7554,14.4161
"6387",338,2018-12-03,13.81,12.7386,14.4022
"6388",339,2018-12-04,14.05,12.722,14.3883
"6389",340,2018-12-05,14.52,12.705,14.3737
"6390",341,2018-12-06,14.71,12.6882,14.3584
"6391",342,2018-12-07,14.98,12.6717,14.3422
"6392",343,2018-12-08,14.98,12.6552,14.3255
"6393",344,2018-12-09,14.82,12.639,14.3071
"6394",345,2018-12-10,14.69,12.6234,14.2867
"6395",346,2018-12-11,14.58,12.6082,14.2649
"6396",347,2018-12-12,14.69,12.5926,14.2255
"6397",348,2018-12-13,NA,12.5773,14.1812
"6398",349,2018-12-14,14.2,12.5619,14.1375
"6399",350,2018-12-15,14.48,12.5472,14.0973
"6400",351,2018-12-16,14.64,12.5329,14.0531
"6401",352,2018-12-17,14.69,12.5182,14.0077
"6402",353,2018-12-18,14.5,12.5032,13.9622
"6403",354,2018-12-19,14.58,12.4888,13.9168
"6404",355,2018-12-20,14.6,12.475,13.8719
"6405",356,2018-12-21,14.86,12.4615,13.8266
"6406",357,2018-12-22,14.84,12.4482,13.7806
"6407",358,2018-12-23,14.79,12.4354,13.7381
"6408",359,2018-12-24,14.71,12.4226,13.6963
"6409",360,2018-12-25,14.46,12.4101,13.6583
"6410",361,2018-12-26,13.61,12.3975,13.6238
"6411",362,2018-12-27,13.22,12.3852,13.5926
"6412",363,2018-12-28,12.37,12.3735,13.5667
"6413",364,2018-12-29,12.55,12.3626,13.5453
"6414",365,2018-12-30,12.91,12.3522,13.5268
"6415",366,2018-12-31,12.56,12.3417,13.5091
"6416",1,2019-01-01,11.35,12.3308,13.4914
"6417",2,2019-01-02,11.53,12.3201,13.4734
"6418",3,2019-01-03,12.02,12.3098,13.4559
"6419",4,2019-01-04,12.57,12.2995,13.4385
"6420",5,2019-01-05,12.56,12.2896,13.4208
"6421",6,2019-01-06,12.87,12.2804,13.4039
"6422",7,2019-01-07,12.58,12.2717,13.3872
"6423",8,2019-01-08,12.48,12.2639,13.3705
"6424",9,2019-01-09,12.97,12.257,13.3548
"6425",10,2019-01-10,13.52,12.25,13.3408
"6426",11,2019-01-11,NA,12.2439,13.3285
"6427",12,2019-01-12,13.38,12.2394,13.3332
"6428",13,2019-01-13,13.48,12.2353,13.343
"6429",14,2019-01-14,13.5,12.2318,13.3548
"6430",15,2019-01-15,13.34,12.2284,13.3662
"6431",16,2019-01-16,13.31,12.2246,13.3772
"6432",17,2019-01-17,13.4,12.2207,13.387
"6433",18,2019-01-18,13.48,12.2169,13.3952
"6434",19,2019-01-19,13.44,12.2127,13.402
"6435",20,2019-01-20,13.65,12.2078,13.4044
"6436",21,2019-01-21,13.3,12.2027,13.4062
"6437",22,2019-01-22,13.09,12.1973,13.4068
"6438",23,2019-01-23,13.05,12.1913,13.4038
"6439",24,2019-01-24,13.33,12.1852,13.3994
"6440",25,2019-01-25,13.34,12.1789,13.393
"6441",26,2019-01-26,13.18,12.1722,13.3855
"6442",27,2019-01-27,13.24,12.1656,13.3781
"6443",28,2019-01-28,13.34,12.1589,13.3692
"6444",29,2019-01-29,13.32,12.1518,13.3601
"6445",30,2019-01-30,13.33,12.1439,13.3508
"6446",31,2019-01-31,13.42,12.1357,13.3409
"6447",32,2019-02-01,13.4,12.127,13.3314
"6448",33,2019-02-02,13.49,12.1174,13.3222
"6449",34,2019-02-03,13.57,12.1065,13.3131
"6450",35,2019-02-04,13.34,12.0944,13.3051
"6451",36,2019-02-05,13.09,12.0818,13.2979
"6452",37,2019-02-06,13.14,12.0693,13.2923
"6453",38,2019-02-07,12.97,12.0564,13.2882
"6454",39,2019-02-08,13.08,12.0428,13.2848
"6455",40,2019-02-09,12.74,12.0283,13.2804
"6456",41,2019-02-10,12.75,12.0141,13.2761
"6457",42,2019-02-11,12.78,11.9996,13.2723
"6458",43,2019-02-12,12.69,11.9854,13.2677
"6459",44,2019-02-13,12.36,11.972,13.2626
"6460",45,2019-02-14,12.93,11.9598,13.257
"6461",46,2019-02-15,12.87,11.9491,13.2529
"6462",47,2019-02-16,13,11.9397,13.2468
"6463",48,2019-02-17,12.97,11.9304,13.2402
"6464",49,2019-02-18,12.74,11.9211,13.2345
"6465",50,2019-02-19,12.61,11.912,13.23
"6466",51,2019-02-20,12.57,11.903,13.2294
"6467",52,2019-02-21,12.48,11.8942,13.2295
"6468",53,2019-02-22,12.28,11.8859,13.2304
"6469",54,2019-02-23,12.13,11.8775,13.2309
"6470",55,2019-02-24,12.31,11.8683,13.2325
"6471",56,2019-02-25,12.48,11.8585,13.2334
"6472",57,2019-02-26,12.59,11.8484,13.2329
"6473",58,2019-02-27,12.69,11.837,13.2318
"6474",59,2019-02-28,12.71,11.8254,13.2311
"6475",61,2019-03-01,12.51,11.8028,13.2275
"6476",62,2019-03-02,12.7,11.7932,13.2275
"6477",63,2019-03-03,12.91,11.784,13.2255
"6478",64,2019-03-04,12.61,11.7746,13.2226
"6479",65,2019-03-05,12.53,11.7655,13.2192
"6480",66,2019-03-06,13.03,11.7568,13.2147
"6481",67,2019-03-07,13.02,11.7478,13.2097
"6482",68,2019-03-08,12.75,11.7381,13.2028
"6483",69,2019-03-09,12.61,11.7288,13.1937
"6484",70,2019-03-10,12.64,11.7201,13.1831
"6485",71,2019-03-11,12.69,11.7118,13.173
"6486",72,2019-03-12,12.8,11.7035,13.1629
"6487",73,2019-03-13,12.39,11.6942,13.1512
"6488",74,2019-03-14,11.74,11.6834,13.1378
"6489",75,2019-03-15,12.03,11.6714,13.1237
"6490",76,2019-03-16,12.33,11.6577,13.1093
"6491",77,2019-03-17,12.48,11.6425,13.0896
"6492",78,2019-03-18,12.36,11.6262,13.0714
"6493",79,2019-03-19,12.55,11.6098,13.0549
"6494",80,2019-03-20,12.94,11.5925,13.0392
"6495",81,2019-03-21,12.72,11.5741,13.0225
"6496",82,2019-03-22,13.13,11.5552,13.0033
"6497",83,2019-03-23,13.17,11.5342,12.9807
"6498",84,2019-03-24,12.73,11.5116,12.9584
"6499",85,2019-03-25,12.67,11.4887,12.9371
"6500",86,2019-03-26,13.15,11.4655,12.9158
"6501",87,2019-03-27,13.47,11.442,12.8964
"6502",88,2019-03-28,12.86,11.4191,12.8769
"6503",89,2019-03-29,13.05,11.3968,12.856
"6504",90,2019-03-30,12.48,11.3741,12.8345
"6505",91,2019-03-31,12.24,11.3516,12.8111
"6506",92,2019-04-01,12.32,11.3292,12.7882
"6507",93,2019-04-02,12.33,11.3055,12.7621
"6508",94,2019-04-03,12.47,11.2827,12.7383
"6509",95,2019-04-04,12.94,11.2624,12.7169
"6510",96,2019-04-05,13.32,11.2445,12.6968
"6511",97,2019-04-06,13.52,11.2288,12.6767
"6512",98,2019-04-07,13.62,11.215,12.655
"6513",99,2019-04-08,13.55,11.2016,12.633
"6514",100,2019-04-09,13.53,11.1888,12.6117
"6515",101,2019-04-10,11.94,11.176,12.59
"6516",102,2019-04-11,11.03,11.1639,12.5694
"6517",103,2019-04-12,10.64,11.1523,12.5498
"6518",104,2019-04-13,10.16,11.1429,12.5345
"6519",105,2019-04-14,NA,11.1358,12.5216
"6520",106,2019-04-15,10.42,11.1294,12.5089
"6521",107,2019-04-16,11.58,11.1236,12.4966
"6522",108,2019-04-17,10.95,11.1193,12.4895
"6523",109,2019-04-18,10.69,11.1169,12.4855
"6524",110,2019-04-19,10.59,11.1167,12.4855
"6525",111,2019-04-20,10.42,11.1188,12.4888
"6526",112,2019-04-21,10.87,11.1244,12.4971
"6527",113,2019-04-22,10.78,11.1317,12.5077
"6528",114,2019-04-23,10.63,11.1419,12.5213
"6529",115,2019-04-24,11.69,11.1548,12.5352
"6530",116,2019-04-25,11.7,11.1689,12.5496
"6531",117,2019-04-26,NA,11.1862,12.5662
"6532",118,2019-04-27,NA,11.205,12.5835
"6533",119,2019-04-28,NA,11.2245,12.6026
"6534",120,2019-04-29,NA,11.2452,12.6239
"6535",121,2019-04-30,NA,11.2669,12.6461
"6536",122,2019-05-01,13.46,11.2882,12.6687
"6537",123,2019-05-02,13.77,11.308,12.6901
"6538",124,2019-05-03,13.38,11.3284,12.7126
"6539",125,2019-05-04,13.38,11.3487,12.7347
"6540",126,2019-05-05,12.97,11.3678,12.755
"6541",127,2019-05-06,13.2,11.3857,12.774
"6542",128,2019-05-07,13.07,11.401,12.7909
"6543",129,2019-05-08,13.31,11.4153,12.8054
"6544",130,2019-05-09,13.65,11.43,12.8203
"6545",131,2019-05-10,13.56,11.4438,12.833
"6546",132,2019-05-11,13.14,11.4575,12.8456
"6547",133,2019-05-12,12.88,11.4721,12.8573
"6548",134,2019-05-13,13.63,11.4891,12.8697
"6549",135,2019-05-14,13.19,11.507,12.884
"6550",136,2019-05-15,12.65,11.5251,12.9003
"6551",137,2019-05-16,14.12,11.5446,12.9172
"6552",138,2019-05-17,14.52,11.5658,12.9371
"6553",139,2019-05-18,13.93,11.5873,12.9606
"6554",140,2019-05-19,13.3,11.6088,12.9846
"6555",141,2019-05-20,13.79,11.6292,13.0048
"6556",142,2019-05-21,13.49,11.6498,13.0215
"6557",143,2019-05-22,13.05,11.6703,13.0392
"6558",144,2019-05-23,11.99,11.6911,13.0592
"6559",145,2019-05-24,11.61,11.7124,13.0791
"6560",146,2019-05-25,NA,11.7346,13.1022
"6561",147,2019-05-26,NA,11.7574,13.128
"6562",148,2019-05-27,NA,11.7788,13.1517
"6563",149,2019-05-28,11.57,11.7996,13.1735
"6564",150,2019-05-29,12.23,11.8214,13.1961
"6565",151,2019-05-30,12,11.8449,13.223
"6566",152,2019-05-31,11.92,11.8715,13.2528
"6567",153,2019-06-01,11.54,11.9007,13.2855
"6568",154,2019-06-02,12.11,11.9311,13.3184
"6569",155,2019-06-03,14.74,11.9623,13.3513
"6570",156,2019-06-04,13.32,11.9937,13.3876
"6571",157,2019-06-05,12.43,12.0247,13.4238
"6572",158,2019-06-06,12.5,12.0566,13.4607
"6573",159,2019-06-07,11.43,12.0911,13.5044
"6574",160,2019-06-08,10.68,12.1278,13.5579
"6575",161,2019-06-09,10.82,12.166,13.6107
"6576",162,2019-06-10,13.25,12.2042,13.6657
"6577",163,2019-06-11,13.08,12.2434,13.723
"6578",164,2019-06-12,14.53,12.2828,13.7816
"6579",165,2019-06-13,15.38,12.3224,13.8396
"6580",166,2019-06-14,14.92,12.3621,13.8969
"6581",167,2019-06-15,13.07,12.4026,13.9526
"6582",168,2019-06-16,12.9,12.443,14.0085
"6583",169,2019-06-17,11.81,12.4823,14.0608
"6584",170,2019-06-18,12.85,12.5207,14.107
"6585",171,2019-06-19,14.24,12.5579,14.1478
"6586",172,2019-06-20,14.63,12.5956,14.1913
"6587",173,2019-06-21,13.95,12.6332,14.2357
"6588",174,2019-06-22,13.63,12.6691,14.2764
"6589",175,2019-06-23,NA,12.7047,14.3154
"6590",176,2019-06-24,NA,12.7389,14.3538
"6591",177,2019-06-25,15.57,12.7709,14.3876
"6592",178,2019-06-26,16.17,12.8006,14.4186
"6593",179,2019-06-27,14.57,12.8304,14.4502
"6594",180,2019-06-28,14.54,12.8625,14.4885
"6595",181,2019-06-29,13.41,12.8958,14.5295
"6596",182,2019-06-30,12.91,12.9286,14.5699
"6597",183,2019-07-01,14.58,12.9586,14.6066
"6598",184,2019-07-02,12.8,12.9869,14.6411
"6599",185,2019-07-03,12.01,13.0169,14.6788
"6600",186,2019-07-04,11.59,13.0475,14.7196
"6601",187,2019-07-05,11.39,13.0787,14.7557
"6602",188,2019-07-06,11.53,13.1127,14.7917
"6603",189,2019-07-07,11.92,13.1477,14.8293
"6604",190,2019-07-08,12.09,13.1825,14.8614
"6605",191,2019-07-09,12.27,13.216,14.8889
"6606",192,2019-07-10,12.16,13.249,14.9182
"6607",193,2019-07-11,12.84,13.283,14.9471
"6608",194,2019-07-12,13.03,13.3172,14.9713
"6609",195,2019-07-13,12.9,13.3517,14.9946
"6610",196,2019-07-14,12.77,13.3831,15.0159
"6611",197,2019-07-15,13.22,13.4113,15.033
"6612",198,2019-07-16,13.28,13.4382,15.0506
"6613",199,2019-07-17,11.58,13.4634,15.0712
"6614",200,2019-07-18,13.55,13.4876,15.0933
"6615",201,2019-07-19,14.36,13.5114,15.1169
"6616",202,2019-07-20,13.9,13.5343,15.1391
"6617",203,2019-07-21,14.52,13.5553,15.1582
"6618",204,2019-07-22,14.24,13.5754,15.1789
"6619",205,2019-07-23,15.48,13.5961,15.1995
"6620",206,2019-07-24,14.93,13.6151,15.2206
"6621",207,2019-07-25,14.51,13.6341,15.2421
"6622",208,2019-07-26,13.84,13.6541,15.2668
"6623",209,2019-07-27,13.99,13.6753,15.2906
"6624",210,2019-07-28,13.4,13.6964,15.3108
"6625",211,2019-07-29,13.68,13.7166,15.3244
"6626",212,2019-07-30,14.23,13.735,15.338
"6627",213,2019-07-31,12.67,13.7528,15.3498
"6628",214,2019-08-01,13.43,13.7711,15.3616
"6629",215,2019-08-02,15.36,13.7891,15.3745
"6630",216,2019-08-03,13.61,13.8056,15.3857
"6631",217,2019-08-04,13.62,13.8224,15.3976
"6632",218,2019-08-05,12.52,13.8397,15.4148
"6633",219,2019-08-06,13.28,13.8559,15.4348
"6634",220,2019-08-07,14.02,13.8703,15.4544
"6635",221,2019-08-08,13.96,13.8835,15.4746
"6636",222,2019-08-09,13.51,13.8965,15.4938
"6637",223,2019-08-10,13.97,13.9093,15.5113
"6638",224,2019-08-11,13.52,13.9209,15.5274
"6639",225,2019-08-12,14.21,13.9302,15.5457
"6640",226,2019-08-13,13,13.9376,15.5607
"6641",227,2019-08-14,13.32,13.9451,15.5736
"6642",228,2019-08-15,13.96,13.9525,15.5863
"6643",229,2019-08-16,13.71,13.9581,15.597
"6644",230,2019-08-17,14.81,13.9626,15.6042
"6645",231,2019-08-18,15.93,13.9675,15.611
"6646",232,2019-08-19,16.08,13.9728,15.6177
"6647",233,2019-08-20,15.11,13.9775,15.6231
"6648",234,2019-08-21,14.34,13.9817,15.6257
"6649",235,2019-08-22,13.04,13.9853,15.624
"6650",236,2019-08-23,14.1,13.989,15.6223
"6651",237,2019-08-24,15.95,13.9934,15.6196
"6652",238,2019-08-25,16.36,13.9973,15.6158
"6653",239,2019-08-26,15.29,14.0008,15.6111
"6654",240,2019-08-27,14.7,14.0036,15.6058
"6655",241,2019-08-28,14.16,14.0049,15.6035
"6656",242,2019-08-29,14.87,14.0037,15.6013
"6657",243,2019-08-30,15.12,14.0006,15.5961
"6658",244,2019-08-31,14.48,13.9957,15.5893
"6659",245,2019-09-01,14.23,13.9898,15.5829
"6660",246,2019-09-02,13.5,13.9834,15.5762
"6661",247,2019-09-03,14.16,13.9763,15.5691
"6662",248,2019-09-04,12.71,13.9671,15.5583
"6663",249,2019-09-05,13.25,13.9559,15.5435
"6664",250,2019-09-06,13.65,13.9426,15.5255
"6665",251,2019-09-07,14.07,13.9286,15.5049
"6666",252,2019-09-08,14.67,13.9146,15.4835
"6667",253,2019-09-09,13.67,13.9005,15.4622
"6668",254,2019-09-10,12.66,13.8856,15.4401
"6669",255,2019-09-11,12.77,13.8703,15.4187
"6670",256,2019-09-12,12.91,13.8553,15.3979
"6671",257,2019-09-13,13.19,13.8391,15.3786
"6672",258,2019-09-14,13.23,13.8218,15.3617
"6673",259,2019-09-15,12.39,13.8046,15.3445
"6674",260,2019-09-16,13.26,13.7878,15.3255
"6675",261,2019-09-17,13.51,13.7711,15.3062
"6676",262,2019-09-18,12.88,13.754,15.2856
"6677",263,2019-09-19,13.21,13.7358,15.2645
"6678",264,2019-09-20,12.73,13.7176,15.2487
"6679",265,2019-09-21,13.14,13.7,15.2375
"6680",266,2019-09-22,13.58,13.6823,15.2289
"6681",267,2019-09-23,13.3,13.6632,15.219
"6682",268,2019-09-24,12.83,13.6445,15.2082
"6683",269,2019-09-25,12.92,13.6261,15.1983
"6684",270,2019-09-26,14.06,13.6079,15.1879
"6685",271,2019-09-27,14.8,13.5907,15.1795
"6686",272,2019-09-28,14.83,13.575,15.1715
"6687",273,2019-09-29,13.49,13.5613,15.1649
"6688",274,2019-09-30,13.76,13.5499,15.1579
"6689",275,2019-10-01,13.74,13.5401,15.153
"6690",276,2019-10-02,13.63,13.5305,15.1476
"6691",277,2019-10-03,13.95,13.522,15.1442
"6692",278,2019-10-04,12.91,13.5145,15.1387
"6693",279,2019-10-05,12.77,13.5082,15.1328
"6694",280,2019-10-06,13.25,13.5029,15.1192
"6695",281,2019-10-07,13.51,13.4976,15.1035
"6696",282,2019-10-08,13.83,13.492,15.0888
"6697",283,2019-10-09,13.72,13.4854,15.0737
"6698",284,2019-10-10,12.37,13.4767,15.0583
"6699",285,2019-10-11,12.29,13.4666,15.0452
"6700",286,2019-10-12,13.25,13.456,15.0323
"6701",287,2019-10-13,13.5,13.4458,15.0204
"6702",288,2019-10-14,NA,13.4366,15.0097
"6703",289,2019-10-15,13.23,13.4276,14.9999
"6704",290,2019-10-16,13.17,13.4178,14.9899
"6705",291,2019-10-17,12.81,13.4074,14.9815
"6706",292,2019-10-18,12.45,13.3969,14.9682
"6707",293,2019-10-19,12.35,13.3863,14.9528
"6708",294,2019-10-20,12.55,13.3764,14.9318
"6709",295,2019-10-21,12.44,13.3674,14.9069
"6710",296,2019-10-22,13.01,13.3592,14.8809
"6711",297,2019-10-23,13.04,13.3516,14.8562
"6712",298,2019-10-24,12.82,13.3438,14.8317
"6713",299,2019-10-25,13.52,13.3353,14.8057
"6714",300,2019-10-26,13.82,13.3265,14.7793
"6715",301,2019-10-27,12.47,13.3174,14.7523
"6716",302,2019-10-28,11.79,13.308,14.7243
"6717",303,2019-10-29,12.42,13.2985,14.7005
"6718",304,2019-10-30,12.5,13.2883,14.678
"6719",305,2019-10-31,12.82,13.277,14.6572
"6720",306,2019-11-01,13.11,13.2649,14.6346
"6721",307,2019-11-02,13.2,13.2518,14.612
"6722",308,2019-11-03,13.35,13.2377,14.5867
"6723",309,2019-11-04,13.44,13.2228,14.5629
"6724",310,2019-11-05,13.26,13.2061,14.5389
"6725",311,2019-11-06,13.2,13.1882,14.5229
"6726",312,2019-11-07,13.31,13.1699,14.5101
"6727",313,2019-11-08,13.37,13.151,14.498
"6728",314,2019-11-09,13.97,13.1319,14.487
"6729",315,2019-11-10,13.61,13.1133,14.4755
"6730",316,2019-11-11,13.35,13.0948,14.4647
"6731",317,2019-11-12,13.39,13.076,14.4546
"6732",318,2019-11-13,13.18,13.0568,14.4424
"6733",319,2019-11-14,13.18,13.0369,14.4272
"6734",320,2019-11-15,13.81,13.0173,14.416
"6735",321,2019-11-16,13.08,12.9997,14.4073
"6736",322,2019-11-17,12.82,12.9836,14.3995
"6737",323,2019-11-18,12.95,12.9683,14.3976
"6738",324,2019-11-19,13.1,12.9537,14.3983
"6739",325,2019-11-20,12.46,12.9393,14.4061
"6740",326,2019-11-21,12.09,12.9248,14.4184
"6741",327,2019-11-22,12.27,12.9102,14.4301
"6742",328,2019-11-23,13.07,12.8955,14.4394
"6743",329,2019-11-24,13.29,12.8815,14.4471
"6744",330,2019-11-25,13.09,12.8679,14.4545
"6745",331,2019-11-26,12.26,12.854,14.4594
"6746",332,2019-11-27,11.88,12.8393,14.4613
"6747",333,2019-11-28,11.72,12.8235,14.4604
"6748",334,2019-11-29,12.18,12.807,14.4525
"6749",335,2019-11-30,11.57,12.7899,14.4422
"6750",336,2019-12-01,12.25,12.7727,14.4294
"6751",337,2019-12-02,12.55,12.7554,14.4161
"6752",338,2019-12-03,12.42,12.7386,14.4022
"6753",339,2019-12-04,12.44,12.722,14.3883
"6754",340,2019-12-05,12.69,12.705,14.3737
"6755",341,2019-12-06,12.74,12.6882,14.3584
"6756",342,2019-12-07,13.16,12.6717,14.3422
"6757",343,2019-12-08,13.59,12.6552,14.3255
"6758",344,2019-12-09,13.65,12.639,14.3071
"6759",345,2019-12-10,13.62,12.6234,14.2867
"6760",346,2019-12-11,13.65,12.6082,14.2649
"6761",347,2019-12-12,13.83,12.5926,14.2255
"6762",348,2019-12-13,13.96,12.5773,14.1812
"6763",349,2019-12-14,13.9,12.5619,14.1375
"6764",350,2019-12-15,13.41,12.5472,14.0973
"6765",351,2019-12-16,13.32,12.5329,14.0531
"6766",352,2019-12-17,13.01,12.5182,14.0077
"6767",353,2019-12-18,13.02,12.5032,13.9622
"6768",354,2019-12-19,13.28,12.4888,13.9168
"6769",355,2019-12-20,13.27,12.475,13.8719
"6770",356,2019-12-21,13.42,12.4615,13.8266
"6771",357,2019-12-22,13.34,12.4482,13.7806
"6772",358,2019-12-23,13.05,12.4354,13.7381
"6773",359,2019-12-24,13.03,12.4226,13.6963
"6774",360,2019-12-25,12.9,12.4101,13.6583
"6775",361,2019-12-26,12.79,12.3975,13.6238
"6776",362,2019-12-27,12.67,12.3852,13.5926
"6777",363,2019-12-28,12.62,12.3735,13.5667
"6778",364,2019-12-29,12.77,12.3626,13.5453
"6779",365,2019-12-30,12.82,12.3522,13.5268
"6780",366,2019-12-31,13.01,12.3417,13.5091
"6781",1,2020-01-01,NA,12.3308,13.4914
"6782",2,2020-01-02,12.94,12.3201,13.4734
"6783",3,2020-01-03,12.8,12.3098,13.4559
"6784",4,2020-01-04,12.82,12.2995,13.4385
"6785",5,2020-01-05,12.67,12.2896,13.4208
"6786",6,2020-01-06,12.46,12.2804,13.4039
"6787",7,2020-01-07,12.47,12.2717,13.3872
"6788",8,2020-01-08,12.46,12.2639,13.3705
"6789",9,2020-01-09,12.45,12.257,13.3548
"6790",10,2020-01-10,12,12.25,13.3408
"6791",11,2020-01-11,12.23,12.2439,13.3285
"6792",12,2020-01-12,12.04,12.2394,13.3332
"6793",13,2020-01-13,12.1,12.2353,13.343
"6794",14,2020-01-14,12.28,12.2318,13.3548
"6795",15,2020-01-15,12.14,12.2284,13.3662
"6796",16,2020-01-16,12.15,12.2246,13.3772
"6797",17,2020-01-17,12.01,12.2207,13.387
"6798",18,2020-01-18,12.13,12.2169,13.3952
"6799",19,2020-01-19,12.16,12.2127,13.402
"6800",20,2020-01-20,12.24,12.2078,13.4044
"6801",21,2020-01-21,12.38,12.2027,13.4062
"6802",22,2020-01-22,12.47,12.1973,13.4068
"6803",23,2020-01-23,12.44,12.1913,13.4038
"6804",24,2020-01-24,12.38,12.1852,13.3994
"6805",25,2020-01-25,12.48,12.1789,13.393
"6806",26,2020-01-26,12.62,12.1722,13.3855
"6807",27,2020-01-27,12.4,12.1656,13.3781
"6808",28,2020-01-28,12.39,12.1589,13.3692
"6809",29,2020-01-29,NA,12.1518,13.3601
"6810",30,2020-01-30,12.24,12.1439,13.3508
"6811",31,2020-01-31,12.21,12.1357,13.3409
"6812",32,2020-02-01,12.48,12.127,13.3314
"6813",33,2020-02-02,12.49,12.1174,13.3222
"6814",34,2020-02-03,11.1,12.1065,13.3131
"6815",35,2020-02-04,10.36,12.0944,13.3051
"6816",36,2020-02-05,10.61,12.0818,13.2979
"6817",37,2020-02-06,11.05,12.0693,13.2923
"6818",38,2020-02-07,11.46,12.0564,13.2882
"6819",39,2020-02-08,11.41,12.0428,13.2848
"6820",40,2020-02-09,11.07,12.0283,13.2804
"6821",41,2020-02-10,10.66,12.0141,13.2761
"6822",42,2020-02-11,10.84,11.9996,13.2723
"6823",43,2020-02-12,11.8,11.9854,13.2677
"6824",44,2020-02-13,12.11,11.972,13.2626
"6825",45,2020-02-14,11.85,11.9598,13.257
"6826",46,2020-02-15,11.83,11.9491,13.2529
"6827",47,2020-02-16,11.78,11.9397,13.2468
"6828",48,2020-02-17,11.51,11.9304,13.2402
"6829",49,2020-02-18,11.32,11.9211,13.2345
"6830",50,2020-02-19,11.66,11.912,13.23
"6831",51,2020-02-20,11.72,11.903,13.2294
"6832",52,2020-02-21,12.28,11.8942,13.2295
"6833",53,2020-02-22,12.41,11.8859,13.2304
"6834",54,2020-02-23,12.02,11.8775,13.2309
"6835",55,2020-02-24,11.8,11.8683,13.2325
"6836",56,2020-02-25,11.96,11.8585,13.2334
"6837",57,2020-02-26,12.16,11.8484,13.2329
"6838",58,2020-02-27,12.16,11.837,13.2318
"6839",59,2020-02-28,12.39,11.8254,13.2311
"6840",60,2020-02-29,12.06,11.8137,13.2292
"6841",61,2020-03-01,11.62,11.8028,13.2275
"6842",62,2020-03-02,11.14,11.7932,13.2275
"6843",63,2020-03-03,11.26,11.784,13.2255
"6844",64,2020-03-04,11.78,11.7746,13.2226
"6845",65,2020-03-05,12.48,11.7655,13.2192
"6846",66,2020-03-06,12.66,11.7568,13.2147
"6847",67,2020-03-07,12.68,11.7478,13.2097
"6848",68,2020-03-08,NA,11.7381,13.2028
"6849",69,2020-03-09,12.42,11.7288,13.1937
"6850",70,2020-03-10,12.72,11.7201,13.1831
"6851",71,2020-03-11,13.13,11.7118,13.173
"6852",72,2020-03-12,13.28,11.7035,13.1629
"6853",73,2020-03-13,13,11.6942,13.1512
"6854",74,2020-03-14,12.86,11.6834,13.1378
"6855",75,2020-03-15,12.76,11.6714,13.1237
"6856",76,2020-03-16,12.7,11.6577,13.1093
"6857",77,2020-03-17,13,11.6425,13.0896
"6858",78,2020-03-18,13.1,11.6262,13.0714
"6859",79,2020-03-19,13.08,11.6098,13.0549
"6860",80,2020-03-20,13.39,11.5925,13.0392
"6861",81,2020-03-21,13.4,11.5741,13.0225
"6862",82,2020-03-22,13.57,11.5552,13.0033
"6863",83,2020-03-23,13.74,11.5342,12.9807
"6864",84,2020-03-24,13.64,11.5116,12.9584
"6865",85,2020-03-25,13.54,11.4887,12.9371
"6866",86,2020-03-26,13.39,11.4655,12.9158
"6867",87,2020-03-27,13.42,11.442,12.8964
"6868",88,2020-03-28,13.44,11.4191,12.8769
"6869",89,2020-03-29,13.6,11.3968,12.856
"6870",90,2020-03-30,13.58,11.3741,12.8345
"6871",91,2020-03-31,13.87,11.3516,12.8111
"6872",92,2020-04-01,13.45,11.3292,12.7882
"6873",93,2020-04-02,11.99,11.3055,12.7621
"6874",94,2020-04-03,11.66,11.2827,12.7383
"6875",95,2020-04-04,11.43,11.2624,12.7169
"6876",96,2020-04-05,12.49,11.2445,12.6968
"6877",97,2020-04-06,12.74,11.2288,12.6767
"6878",98,2020-04-07,13.25,11.215,12.655
"6879",99,2020-04-08,13.21,11.2016,12.633
"6880",100,2020-04-09,12.79,11.1888,12.6117
"6881",101,2020-04-10,13,11.176,12.59
"6882",102,2020-04-11,13.4,11.1639,12.5694
"6883",103,2020-04-12,12.48,11.1523,12.5498
"6884",104,2020-04-13,12.4,11.1429,12.5345
"6885",105,2020-04-14,12.93,11.1358,12.5216
"6886",106,2020-04-15,13.37,11.1294,12.5089
"6887",107,2020-04-16,13.18,11.1236,12.4966
"6888",108,2020-04-17,NA,11.1193,12.4895
"6889",109,2020-04-18,NA,11.1169,12.4855
"6890",110,2020-04-19,13.24,11.1167,12.4855
"6891",111,2020-04-20,13.87,11.1188,12.4888
"6892",112,2020-04-21,13.4,11.1244,12.4971
"6893",113,2020-04-22,12.77,11.1317,12.5077
"6894",114,2020-04-23,12.42,11.1419,12.5213
"6895",115,2020-04-24,11.89,11.1548,12.5352
"6896",116,2020-04-25,12.39,11.1689,12.5496
"6897",117,2020-04-26,12.62,11.1862,12.5662
"6898",118,2020-04-27,11.91,11.205,12.5835
"6899",119,2020-04-28,11.52,11.2245,12.6026
"6900",120,2020-04-29,11.42,11.2452,12.6239
"6901",121,2020-04-30,10.89,11.2669,12.6461
"6902",122,2020-05-01,10.66,11.2882,12.6687
"6903",123,2020-05-02,10.72,11.308,12.6901
"6904",124,2020-05-03,12.1,11.3284,12.7126
"6905",125,2020-05-04,11.67,11.3487,12.7347
"6906",126,2020-05-05,11.25,11.3678,12.755
"6907",127,2020-05-06,11.83,11.3857,12.774
"6908",128,2020-05-07,11.51,11.401,12.7909
"6909",129,2020-05-08,11.85,11.4153,12.8054
"6910",130,2020-05-09,11.86,11.43,12.8203
"6911",131,2020-05-10,12.25,11.4438,12.833
"6912",132,2020-05-11,12.96,11.4575,12.8456
"6913",133,2020-05-12,12.59,11.4721,12.8573
"6914",134,2020-05-13,13.09,11.4891,12.8697
"6915",135,2020-05-14,NA,11.507,12.884
"6916",136,2020-05-15,NA,11.5251,12.9003
"6917",137,2020-05-16,14.4,11.5446,12.9172
"6918",138,2020-05-17,13.08,11.5658,12.9371
"6919",139,2020-05-18,13.08,11.5873,12.9606
"6920",140,2020-05-19,14.05,11.6088,12.9846
"6921",141,2020-05-20,14.74,11.6292,13.0048
"6922",142,2020-05-21,13.09,11.6498,13.0215
"6923",143,2020-05-22,12.94,11.6703,13.0392
"6924",144,2020-05-23,12.08,11.6911,13.0592
"6925",145,2020-05-24,11.86,11.7124,13.0791
"6926",146,2020-05-25,13.08,11.7346,13.1022
"6927",147,2020-05-26,12.61,11.7574,13.128
"6928",148,2020-05-27,12.46,11.7788,13.1517
"6929",149,2020-05-28,12.12,11.7996,13.1735
"6930",150,2020-05-29,12.69,11.8214,13.1961
"6931",151,2020-05-30,NA,11.8449,13.223
"6932",152,2020-05-31,14.67,11.8715,13.2528
"6933",153,2020-06-01,15.42,11.9007,13.2855
"6934",154,2020-06-02,14.76,11.9311,13.3184
"6935",155,2020-06-03,15.03,11.9623,13.3513
"6936",156,2020-06-04,14.7,11.9937,13.3876
"6937",157,2020-06-05,13.46,12.0247,13.4238
"6938",158,2020-06-06,13.85,12.0566,13.4607
"6939",159,2020-06-07,13.44,12.0911,13.5044
"6940",160,2020-06-08,12.03,12.1278,13.5579
"6941",161,2020-06-09,11.57,12.166,13.6107
"6942",162,2020-06-10,11.59,12.2042,13.6657
"6943",163,2020-06-11,11.4,12.2434,13.723
"6944",164,2020-06-12,NA,12.2828,13.7816
"6945",165,2020-06-13,12.79,12.3224,13.8396
"6946",166,2020-06-14,13.11,12.3621,13.8969
"6947",167,2020-06-15,13.52,12.4026,13.9526
"6948",168,2020-06-16,12.54,12.443,14.0085
"6949",169,2020-06-17,12.18,12.4823,14.0608
"6950",170,2020-06-18,11.53,12.5207,14.107
"6951",171,2020-06-19,11.66,12.5579,14.1478
"6952",172,2020-06-20,14.39,12.5956,14.1913
"6953",173,2020-06-21,14.77,12.6332,14.2357
"6954",174,2020-06-22,12.72,12.6691,14.2764
"6955",175,2020-06-23,13.78,12.7047,14.3154
"6956",176,2020-06-24,14.69,12.7389,14.3538
"6957",177,2020-06-25,13.9,12.7709,14.3876
"6958",178,2020-06-26,14.89,12.8006,14.4186
"6959",179,2020-06-27,15.46,12.8304,14.4502
"6960",180,2020-06-28,14.99,12.8625,14.4885
"6961",181,2020-06-29,14.25,12.8958,14.5295
"6962",182,2020-06-30,13.98,12.9286,14.5699
"6963",183,2020-07-01,14.5,12.9586,14.6066
"6964",184,2020-07-02,13.23,12.9869,14.6411
"6965",185,2020-07-03,14.73,13.0169,14.6788
"6966",186,2020-07-04,15.94,13.0475,14.7196
"6967",187,2020-07-05,14.4,13.0787,14.7557
"6968",188,2020-07-06,13.17,13.1127,14.7917
"6969",189,2020-07-07,12.95,13.1477,14.8293
"6970",190,2020-07-08,11.79,13.1825,14.8614
"6971",191,2020-07-09,12.23,13.216,14.8889
"6972",192,2020-07-10,13.19,13.249,14.9182
"6973",193,2020-07-11,13.37,13.283,14.9471
"6974",194,2020-07-12,13.42,13.3172,14.9713
"6975",195,2020-07-13,13.25,13.3517,14.9946
"6976",196,2020-07-14,11.63,13.3831,15.0159
"6977",197,2020-07-15,12.31,13.4113,15.033
"6978",198,2020-07-16,14.71,13.4382,15.0506
"6979",199,2020-07-17,16.51,13.4634,15.0712
"6980",200,2020-07-18,15.41,13.4876,15.0933
"6981",201,2020-07-19,15.38,13.5114,15.1169
"6982",202,2020-07-20,15.73,13.5343,15.1391
"6983",203,2020-07-21,15.11,13.5553,15.1582
"6984",204,2020-07-22,14.42,13.5754,15.1789
"6985",205,2020-07-23,14.99,13.5961,15.1995
"6986",206,2020-07-24,15.23,13.6151,15.2206
"6987",207,2020-07-25,13.28,13.6341,15.2421
"6988",208,2020-07-26,14.58,13.6541,15.2668
"6989",209,2020-07-27,15.44,13.6753,15.2906
"6990",210,2020-07-28,15.64,13.6964,15.3108
"6991",211,2020-07-29,15.41,13.7166,15.3244
"6992",212,2020-07-30,14.48,13.735,15.338
"6993",213,2020-07-31,14.48,13.7528,15.3498
"6994",214,2020-08-01,14.81,13.7711,15.3616
"6995",215,2020-08-02,13.97,13.7891,15.3745
"6996",216,2020-08-03,14.67,13.8056,15.3857
"6997",217,2020-08-04,14.44,13.8224,15.3976
"6998",218,2020-08-05,13.62,13.8397,15.4148
"6999",219,2020-08-06,12.29,13.8559,15.4348
"7000",220,2020-08-07,12.25,13.8703,15.4544
"7001",221,2020-08-08,13.6,13.8835,15.4746
"7002",222,2020-08-09,14.82,13.8965,15.4938
"7003",223,2020-08-10,15.18,13.9093,15.5113
"7004",224,2020-08-11,15.68,13.9209,15.5274
"7005",225,2020-08-12,15.26,13.9302,15.5457
"7006",226,2020-08-13,15.05,13.9376,15.5607
"7007",227,2020-08-14,15.09,13.9451,15.5736
"7008",228,2020-08-15,15.62,13.9525,15.5863
"7009",229,2020-08-16,15.88,13.9581,15.597
"7010",230,2020-08-17,14.5,13.9626,15.6042
"7011",231,2020-08-18,13.06,13.9675,15.611
"7012",232,2020-08-19,13.51,13.9728,15.6177
"7013",233,2020-08-20,13.19,13.9775,15.6231
"7014",234,2020-08-21,13.26,13.9817,15.6257
"7015",235,2020-08-22,12.36,13.9853,15.624
"7016",236,2020-08-23,12.44,13.989,15.6223
"7017",237,2020-08-24,13.39,13.9934,15.6196
"7018",238,2020-08-25,13.89,13.9973,15.6158
"7019",239,2020-08-26,13.27,14.0008,15.6111
"7020",240,2020-08-27,13.23,14.0036,15.6058
"7021",241,2020-08-28,11.97,14.0049,15.6035
"7022",242,2020-08-29,13.13,14.0037,15.6013
"7023",243,2020-08-30,14.06,14.0006,15.5961
"7024",244,2020-08-31,14.07,13.9957,15.5893
"7025",245,2020-09-01,14.18,13.9898,15.5829
"7026",246,2020-09-02,14.87,13.9834,15.5762
"7027",247,2020-09-03,14.63,13.9763,15.5691
"7028",248,2020-09-04,13.75,13.9671,15.5583
"7029",249,2020-09-05,13.34,13.9559,15.5435
"7030",250,2020-09-06,14.28,13.9426,15.5255
"7031",251,2020-09-07,14.74,13.9286,15.5049
"7032",252,2020-09-08,13.23,13.9146,15.4835
"7033",253,2020-09-09,12.84,13.9005,15.4622
"7034",254,2020-09-10,14.87,13.8856,15.4401
"7035",255,2020-09-11,15.3,13.8703,15.4187
"7036",256,2020-09-12,15.02,13.8553,15.3979
"7037",257,2020-09-13,13.69,13.8391,15.3786
"7038",258,2020-09-14,13.29,13.8218,15.3617
"7039",259,2020-09-15,13.12,13.8046,15.3445
"7040",260,2020-09-16,12.93,13.7878,15.3255
"7041",261,2020-09-17,13.56,13.7711,15.3062
"7042",262,2020-09-18,13.79,13.754,15.2856
"7043",263,2020-09-19,13.67,13.7358,15.2645
"7044",264,2020-09-20,13.16,13.7176,15.2487
"7045",265,2020-09-21,13.54,13.7,15.2375
"7046",266,2020-09-22,13.7,13.6823,15.2289
"7047",267,2020-09-23,14.22,13.6632,15.219
"7048",268,2020-09-24,13.88,13.6445,15.2082
"7049",269,2020-09-25,13.3,13.6261,15.1983
"7050",270,2020-09-26,12.8,13.6079,15.1879
"7051",271,2020-09-27,12.73,13.5907,15.1795
"7052",272,2020-09-28,13.99,13.575,15.1715
"7053",273,2020-09-29,14.47,13.5613,15.1649
"7054",274,2020-09-30,13.59,13.5499,15.1579
"7055",275,2020-10-01,12.96,13.5401,15.153
"7056",276,2020-10-02,13.63,13.5305,15.1476
"7057",277,2020-10-03,13.32,13.522,15.1442
"7058",278,2020-10-04,12.63,13.5145,15.1387
"7059",279,2020-10-05,13.1,13.5082,15.1328
"7060",280,2020-10-06,12.85,13.5029,15.1192
"7061",281,2020-10-07,13.09,13.4976,15.1035
"7062",282,2020-10-08,13.56,13.492,15.0888
"7063",283,2020-10-09,14.63,13.4854,15.0737
"7064",284,2020-10-10,14.62,13.4767,15.0583
"7065",285,2020-10-11,14.04,13.4666,15.0452
"7066",286,2020-10-12,13.48,13.456,15.0323
"7067",287,2020-10-13,13.03,13.4458,15.0204
"7068",288,2020-10-14,13,13.4366,15.0097
"7069",289,2020-10-15,12.75,13.4276,14.9999
"7070",290,2020-10-16,13.1,13.4178,14.9899
"7071",291,2020-10-17,14.01,13.4074,14.9815
"7072",292,2020-10-18,13.92,13.3969,14.9682
"7073",293,2020-10-19,14.36,13.3863,14.9528
"7074",294,2020-10-20,13.77,13.3764,14.9318
"7075",295,2020-10-21,14.38,13.3674,14.9069
"7076",296,2020-10-22,14.4,13.3592,14.8809
"7077",297,2020-10-23,14.87,13.3516,14.8562
"7078",298,2020-10-24,14.59,13.3438,14.8317
"7079",299,2020-10-25,14.85,13.3353,14.8057
"7080",300,2020-10-26,14.39,13.3265,14.7793
"7081",301,2020-10-27,14.78,13.3174,14.7523
"7082",302,2020-10-28,15,13.308,14.7243
"7083",303,2020-10-29,14.87,13.2985,14.7005
"7084",304,2020-10-30,14.43,13.2883,14.678
"7085",305,2020-10-31,14.08,13.277,14.6572
"7086",306,2020-11-01,13.66,13.2649,14.6346
"7087",307,2020-11-02,13.6,13.2518,14.612
"7088",308,2020-11-03,13.53,13.2377,14.5867
"7089",309,2020-11-04,13.42,13.2228,14.5629
"7090",310,2020-11-05,13.4,13.2061,14.5389
"7091",311,2020-11-06,13.09,13.1882,14.5229
"7092",312,2020-11-07,12.23,13.1699,14.5101
"7093",313,2020-11-08,11.8,13.151,14.498
"7094",314,2020-11-09,10.91,13.1319,14.487
"7095",315,2020-11-10,10.96,13.1133,14.4755
"7096",316,2020-11-11,11.91,13.0948,14.4647
"7097",317,2020-11-12,11.94,13.076,14.4546
"7098",318,2020-11-13,11.87,13.0568,14.4424
"7099",319,2020-11-14,11.95,13.0369,14.4272
"7100",320,2020-11-15,11.82,13.0173,14.416
"7101",321,2020-11-16,11.87,12.9997,14.4073
"7102",322,2020-11-17,12.86,12.9836,14.3995
"7103",323,2020-11-18,13.1,12.9683,14.3976
"7104",324,2020-11-19,13.12,12.9537,14.3983
"7105",325,2020-11-20,12.91,12.9393,14.4061
"7106",326,2020-11-21,12.69,12.9248,14.4184
"7107",327,2020-11-22,11.97,12.9102,14.4301
"7108",328,2020-11-23,12,12.8955,14.4394
"7109",329,2020-11-24,11.3,12.8815,14.4471
"7110",330,2020-11-25,11.34,12.8679,14.4545
"7111",331,2020-11-26,10.83,12.854,14.4594
"7112",332,2020-11-27,11.42,12.8393,14.4613
"7113",333,2020-11-28,11.5,12.8235,14.4604
"7114",334,2020-11-29,11.37,12.807,14.4525
"7115",335,2020-11-30,11.32,12.7899,14.4422
"7116",336,2020-12-01,11.12,12.7727,14.4294
"7117",337,2020-12-02,10.92,12.7554,14.4161
"7118",338,2020-12-03,11.02,12.7386,14.4022
"7119",339,2020-12-04,11.17,12.722,14.3883
"7120",340,2020-12-05,11.2,12.705,14.3737
"7121",341,2020-12-06,11.37,12.6882,14.3584
"7122",342,2020-12-07,11.11,12.6717,14.3422
"7123",343,2020-12-08,11.24,12.6552,14.3255
"7124",344,2020-12-09,11.22,12.639,14.3071
"7125",345,2020-12-10,11.09,12.6234,14.2867
"7126",346,2020-12-11,11.01,12.6082,14.2649
"7127",347,2020-12-12,11.22,12.5926,14.2255
"7128",348,2020-12-13,11.38,12.5773,14.1812
"7129",349,2020-12-14,11.37,12.5619,14.1375
"7130",350,2020-12-15,11.1,12.5472,14.0973
"7131",351,2020-12-16,11.15,12.5329,14.0531
"7132",352,2020-12-17,11.45,12.5182,14.0077
"7133",353,2020-12-18,11.21,12.5032,13.9622
"7134",354,2020-12-19,11.29,12.4888,13.9168
"7135",355,2020-12-20,11.18,12.475,13.8719
"7136",356,2020-12-21,11.04,12.4615,13.8266
"7137",357,2020-12-22,11.18,12.4482,13.7806
"7138",358,2020-12-23,11.02,12.4354,13.7381
"7139",359,2020-12-24,11.07,12.4226,13.6963
"7140",360,2020-12-25,11.11,12.4101,13.6583
"7141",361,2020-12-26,11.48,12.3975,13.6238
"7142",362,2020-12-27,11.39,12.3852,13.5926
"7143",363,2020-12-28,11.4,12.3735,13.5667
"7144",364,2020-12-29,11.33,12.3626,13.5453
"7145",365,2020-12-30,11.55,12.3522,13.5268
"7146",366,2020-12-31,11.94,12.3417,13.5091
"7147",1,2021-01-01,11.65,12.3308,13.4914
"7148",2,2021-01-02,12.03,12.3201,13.4734
"7149",3,2021-01-03,12.28,12.3098,13.4559
"7150",4,2021-01-04,12.3,12.2995,13.4385
"7151",5,2021-01-05,12.22,12.2896,13.4208
"7152",6,2021-01-06,12.11,12.2804,13.4039
"7153",7,2021-01-07,12.29,12.2717,13.3872
"7154",8,2021-01-08,12.26,12.2639,13.3705
"7155",9,2021-01-09,12.07,12.257,13.3548
"7156",10,2021-01-10,11.9,12.25,13.3408
"7157",11,2021-01-11,12.01,12.2439,13.3285
"7158",12,2021-01-12,11.86,12.2394,13.3332
"7159",13,2021-01-13,12.03,12.2353,13.343
"7160",14,2021-01-14,12.01,12.2318,13.3548
"7161",15,2021-01-15,11.92,12.2284,13.3662
"7162",16,2021-01-16,11.87,12.2246,13.3772
"7163",17,2021-01-17,11.78,12.2207,13.387
"7164",18,2021-01-18,11.7,12.2169,13.3952
"7165",19,2021-01-19,11.47,12.2127,13.402
"7166",20,2021-01-20,10.92,12.2078,13.4044
"7167",21,2021-01-21,11.3,12.2027,13.4062
"7168",22,2021-01-22,11.66,12.1973,13.4068
"7169",23,2021-01-23,11.45,12.1913,13.4038
"7170",24,2021-01-24,11.38,12.1852,13.3994
"7171",25,2021-01-25,11.01,12.1789,13.393
"7172",26,2021-01-26,10.14,12.1722,13.3855
"7173",27,2021-01-27,11.06,12.1656,13.3781
"7174",28,2021-01-28,11.28,12.1589,13.3692
"7175",29,2021-01-29,11.25,12.1518,13.3601
"7176",30,2021-01-30,11.43,12.1439,13.3508
"7177",31,2021-01-31,11.53,12.1357,13.3409
"7178",32,2021-02-01,11.66,12.127,13.3314
"7179",33,2021-02-02,11.69,12.1174,13.3222
"7180",34,2021-02-03,11.76,12.1065,13.3131
"7181",35,2021-02-04,11.64,12.0944,13.3051
"7182",36,2021-02-05,11.42,12.0818,13.2979
"7183",37,2021-02-06,11.58,12.0693,13.2923
"7184",38,2021-02-07,11.61,12.0564,13.2882
"7185",39,2021-02-08,11.59,12.0428,13.2848
"7186",40,2021-02-09,11.72,12.0283,13.2804
"7187",41,2021-02-10,11.7,12.0141,13.2761
"7188",42,2021-02-11,11.65,11.9996,13.2723
"7189",43,2021-02-12,11.68,11.9854,13.2677
"7190",44,2021-02-13,11.4,11.972,13.2626
"7191",45,2021-02-14,11.02,11.9598,13.257
"7192",46,2021-02-15,10.9,11.9491,13.2529
"7193",47,2021-02-16,11.14,11.9397,13.2468
"7194",48,2021-02-17,10.58,11.9304,13.2402
"7195",49,2021-02-18,10.56,11.9211,13.2345
"7196",50,2021-02-19,10.92,11.912,13.23
"7197",51,2021-02-20,10.84,11.903,13.2294
"7198",52,2021-02-21,10.36,11.8942,13.2295
"7199",53,2021-02-22,10.17,11.8859,13.2304
"7200",54,2021-02-23,10.49,11.8775,13.2309
"7201",55,2021-02-24,10.42,11.8683,13.2325
"7202",56,2021-02-25,10.01,11.8585,13.2334
"7203",57,2021-02-26,10.31,11.8484,13.2329
"7204",58,2021-02-27,9.93,11.837,13.2318
"7205",59,2021-02-28,9.74,11.8254,13.2311
"7206",61,2021-03-01,10.36,11.8028,13.2275
"7207",62,2021-03-02,10.78,11.7932,13.2275
"7208",63,2021-03-03,11.08,11.784,13.2255
"7209",64,2021-03-04,11.39,11.7746,13.2226
"7210",65,2021-03-05,11.68,11.7655,13.2192
"7211",66,2021-03-06,11.79,11.7568,13.2147
"7212",67,2021-03-07,NA,11.7478,13.2097
"7213",68,2021-03-08,9.9,11.7381,13.2028
"7214",69,2021-03-09,10.42,11.7288,13.1937
"7215",70,2021-03-10,10.97,11.7201,13.1831
"7216",71,2021-03-11,11.22,11.7118,13.173
"7217",72,2021-03-12,11.25,11.7035,13.1629
"7218",73,2021-03-13,11.38,11.6942,13.1512
"7219",74,2021-03-14,11.06,11.6834,13.1378
"7220",75,2021-03-15,10.8,11.6714,13.1237
"7221",76,2021-03-16,10.66,11.6577,13.1093
"7222",77,2021-03-17,10.32,11.6425,13.0896
"7223",78,2021-03-18,10.61,11.6262,13.0714
"7224",79,2021-03-19,10.74,11.6098,13.0549
"7225",80,2021-03-20,10.76,11.5925,13.0392
"7226",81,2021-03-21,10.54,11.5741,13.0225
"7227",82,2021-03-22,10.4,11.5552,13.0033
"7228",83,2021-03-23,10.2,11.5342,12.9807
"7229",84,2021-03-24,9.44,11.5116,12.9584
"7230",85,2021-03-25,10.27,11.4887,12.9371
"7231",86,2021-03-26,9.53,11.4655,12.9158
"7232",87,2021-03-27,10.27,11.442,12.8964
"7233",88,2021-03-28,11.09,11.4191,12.8769
"7234",89,2021-03-29,10.78,11.3968,12.856
"7235",90,2021-03-30,10.27,11.3741,12.8345
"7236",91,2021-03-31,10.21,11.3516,12.8111
"7237",92,2021-04-01,12.04,11.3292,12.7882
"7238",93,2021-04-02,11.15,11.3055,12.7621
"7239",94,2021-04-03,10.48,11.2827,12.7383
"7240",95,2021-04-04,10.51,11.2624,12.7169
"7241",96,2021-04-05,10.24,11.2445,12.6968
"7242",97,2021-04-06,9.94,11.2288,12.6767
"7243",98,2021-04-07,10.05,11.215,12.655
"7244",99,2021-04-08,10.21,11.2016,12.633
"7245",100,2021-04-09,10.29,11.1888,12.6117
"7246",101,2021-04-10,10.38,11.176,12.59
"7247",102,2021-04-11,10.28,11.1639,12.5694
"7248",103,2021-04-12,9.96,11.1523,12.5498
"7249",104,2021-04-13,10.16,11.1429,12.5345
"7250",105,2021-04-14,10.64,11.1358,12.5216
"7251",106,2021-04-15,10.93,11.1294,12.5089
"7252",107,2021-04-16,11.07,11.1236,12.4966
"7253",108,2021-04-17,10.68,11.1193,12.4895
"7254",109,2021-04-18,10.1,11.1169,12.4855
"7255",110,2021-04-19,10.6,11.1167,12.4855
"7256",111,2021-04-20,NA,11.1188,12.4888
"7257",112,2021-04-21,NA,11.1244,12.4971
"7258",113,2021-04-22,9.82,11.1317,12.5077
"7259",114,2021-04-23,9.9,11.1419,12.5213
"7260",115,2021-04-24,10.88,11.1548,12.5352
"7261",116,2021-04-25,11.71,11.1689,12.5496
"7262",117,2021-04-26,11.39,11.1862,12.5662
"7263",118,2021-04-27,11.89,11.205,12.5835
"7264",119,2021-04-28,11.21,11.2245,12.6026
"7265",120,2021-04-29,11.19,11.2452,12.6239
"7266",121,2021-04-30,11.24,11.2669,12.6461
"7267",122,2021-05-01,10.91,11.2882,12.6687
"7268",123,2021-05-02,10.74,11.308,12.6901
"7269",124,2021-05-03,9.89,11.3284,12.7126
"7270",125,2021-05-04,9.83,11.3487,12.7347
"7271",126,2021-05-05,NA,11.3678,12.755
"7272",127,2021-05-06,12.22,11.3857,12.774
"7273",128,2021-05-07,12.37,11.401,12.7909
"7274",129,2021-05-08,10.61,11.4153,12.8054
"7275",130,2021-05-09,10.53,11.43,12.8203
"7276",131,2021-05-10,10.61,11.4438,12.833
"7277",132,2021-05-11,13.08,11.4575,12.8456
"7278",133,2021-05-12,13.12,11.4721,12.8573
"7279",134,2021-05-13,12.51,11.4891,12.8697
"7280",135,2021-05-14,11.9,11.507,12.884
"7281",136,2021-05-15,10.91,11.5251,12.9003
"7282",137,2021-05-16,10.05,11.5446,12.9172
"7283",138,2021-05-17,11.2,11.5658,12.9371
"7284",139,2021-05-18,11.65,11.5873,12.9606
"7285",140,2021-05-19,NA,11.6088,12.9846
"7286",141,2021-05-20,NA,11.6292,13.0048
"7287",142,2021-05-21,11.13,11.6498,13.0215
"7288",143,2021-05-22,11,11.6703,13.0392
"7289",144,2021-05-23,10.76,11.6911,13.0592
"7290",145,2021-05-24,11.91,11.7124,13.0791
"7291",146,2021-05-25,11.55,11.7346,13.1022
"7292",147,2021-05-26,11.46,11.7574,13.128
"7293",148,2021-05-27,10.89,11.7788,13.1517
"7294",149,2021-05-28,11.29,11.7996,13.1735
"7295",150,2021-05-29,10.4,11.8214,13.1961
"7296",151,2021-05-30,10.41,11.8449,13.223
"7297",152,2021-05-31,9.8,11.8715,13.2528
"7298",153,2021-06-01,11.54,11.9007,13.2855
"7299",154,2021-06-02,14.35,11.9311,13.3184
"7300",155,2021-06-03,13.32,11.9623,13.3513
"7301",156,2021-06-04,12.37,11.9937,13.3876
"7302",157,2021-06-05,12.64,12.0247,13.4238
"7303",158,2021-06-06,12.57,12.0566,13.4607
"7304",159,2021-06-07,12.33,12.0911,13.5044
"7305",160,2021-06-08,12.27,12.1278,13.5579
"7306",161,2021-06-09,12,12.166,13.6107
"7307",162,2021-06-10,11.59,12.2042,13.6657
"7308",163,2021-06-11,12.46,12.2434,13.723
"7309",164,2021-06-12,12.25,12.2828,13.7816
"7310",165,2021-06-13,11.37,12.3224,13.8396
"7311",166,2021-06-14,11.01,12.3621,13.8969
"7312",167,2021-06-15,12.26,12.4026,13.9526
"7313",168,2021-06-16,11.19,12.443,14.0085
"7314",169,2021-06-17,12.67,12.4823,14.0608
"7315",170,2021-06-18,12.7,12.5207,14.107
"7316",171,2021-06-19,15.55,12.5579,14.1478
"7317",172,2021-06-20,15.95,12.5956,14.1913
"7318",173,2021-06-21,15.82,12.6332,14.2357
"7319",174,2021-06-22,13.78,12.6691,14.2764
"7320",175,2021-06-23,15.19,12.7047,14.3154
"7321",176,2021-06-24,14.83,12.7389,14.3538
"7322",177,2021-06-25,14.6,12.7709,14.3876
"7323",178,2021-06-26,14.41,12.8006,14.4186
"7324",179,2021-06-27,13.5,12.8304,14.4502
"7325",180,2021-06-28,12.79,12.8625,14.4885
"7326",181,2021-06-29,12.43,12.8958,14.5295
"7327",182,2021-06-30,12.71,12.9286,14.5699
"7328",183,2021-07-01,14.76,12.9586,14.6066
"7329",184,2021-07-02,13.81,12.9869,14.6411
"7330",185,2021-07-03,14.1,13.0169,14.6788
"7331",186,2021-07-04,13.03,13.0475,14.7196
"7332",187,2021-07-05,14.14,13.0787,14.7557
"7333",188,2021-07-06,13.64,13.1127,14.7917
"7334",189,2021-07-07,13.73,13.1477,14.8293
"7335",190,2021-07-08,12.89,13.1825,14.8614
"7336",191,2021-07-09,11.79,13.216,14.8889
"7337",192,2021-07-10,13.36,13.249,14.9182
"7338",193,2021-07-11,12.03,13.283,14.9471
"7339",194,2021-07-12,12.1,13.3172,14.9713
"7340",195,2021-07-13,12.01,13.3517,14.9946
"7341",196,2021-07-14,11.45,13.3831,15.0159
"7342",197,2021-07-15,13.36,13.4113,15.033
"7343",198,2021-07-16,12.31,13.4382,15.0506
"7344",199,2021-07-17,12.84,13.4634,15.0712
"7345",200,2021-07-18,13.88,13.4876,15.0933
"7346",201,2021-07-19,14.66,13.5114,15.1169
"7347",202,2021-07-20,14.27,13.5343,15.1391
"7348",203,2021-07-21,14.12,13.5553,15.1582
"7349",204,2021-07-22,13.6,13.5754,15.1789
"7350",205,2021-07-23,12.96,13.5961,15.1995
"7351",206,2021-07-24,13.41,13.6151,15.2206
"7352",207,2021-07-25,14.89,13.6341,15.2421
"7353",208,2021-07-26,14.93,13.6541,15.2668
"7354",209,2021-07-27,15.28,13.6753,15.2906
"7355",210,2021-07-28,15.24,13.6964,15.3108
"7356",211,2021-07-29,14.59,13.7166,15.3244
"7357",212,2021-07-30,14.94,13.735,15.338
"7358",213,2021-07-31,15.96,13.7528,15.3498
"7359",214,2021-08-01,16.27,13.7711,15.3616
"7360",215,2021-08-02,16.22,13.7891,15.3745
"7361",216,2021-08-03,16.05,13.8056,15.3857
"7362",217,2021-08-04,15.11,13.8224,15.3976
"7363",218,2021-08-05,14.64,13.8397,15.4148
"7364",219,2021-08-06,14.81,13.8559,15.4348
"7365",220,2021-08-07,13.32,13.8703,15.4544
"7366",221,2021-08-08,15.41,13.8835,15.4746
"7367",222,2021-08-09,16.3,13.8965,15.4938
"7368",223,2021-08-10,16.03,13.9093,15.5113
"7369",224,2021-08-11,16.09,13.9209,15.5274
"7370",225,2021-08-12,15.35,13.9302,15.5457
"7371",226,2021-08-13,13.21,13.9376,15.5607
"7372",227,2021-08-14,12.77,13.9451,15.5736
"7373",228,2021-08-15,13.43,13.9525,15.5863
"7374",229,2021-08-16,13.67,13.9581,15.597
"7375",230,2021-08-17,13.22,13.9626,15.6042
"7376",231,2021-08-18,13.22,13.9675,15.611
"7377",232,2021-08-19,13.79,13.9728,15.6177
"7378",233,2021-08-20,14.25,13.9775,15.6231
"7379",234,2021-08-21,14.88,13.9817,15.6257
"7380",235,2021-08-22,15.14,13.9853,15.624
"7381",236,2021-08-23,15.63,13.989,15.6223
"7382",237,2021-08-24,14.89,13.9934,15.6196
"7383",238,2021-08-25,15.18,13.9973,15.6158
"7384",239,2021-08-26,15.26,14.0008,15.6111
"7385",240,2021-08-27,15.14,14.0036,15.6058
"7386",241,2021-08-28,15.44,14.0049,15.6035
"7387",242,2021-08-29,16.29,14.0037,15.6013
"7388",243,2021-08-30,15.9,14.0006,15.5961
"7389",244,2021-08-31,15.85,13.9957,15.5893
"7390",245,2021-09-01,15.35,13.9898,15.5829
"7391",246,2021-09-02,15.45,13.9834,15.5762
"7392",247,2021-09-03,15.64,13.9763,15.5691
"7393",248,2021-09-04,16.45,13.9671,15.5583
"7394",249,2021-09-05,15.74,13.9559,15.5435
"7395",250,2021-09-06,14.74,13.9426,15.5255
"7396",251,2021-09-07,14.18,13.9286,15.5049
"7397",252,2021-09-08,14.55,13.9146,15.4835
"7398",253,2021-09-09,14.43,13.9005,15.4622
"7399",254,2021-09-10,13.87,13.8856,15.4401
"7400",255,2021-09-11,14.26,13.8703,15.4187
"7401",256,2021-09-12,14.46,13.8553,15.3979
"7402",257,2021-09-13,14.7,13.8391,15.3786
"7403",258,2021-09-14,14.18,13.8218,15.3617
"7404",259,2021-09-15,14.7,13.8046,15.3445
"7405",260,2021-09-16,15.32,13.7878,15.3255
"7406",261,2021-09-17,14.82,13.7711,15.3062
"7407",262,2021-09-18,15.33,13.754,15.2856
"7408",263,2021-09-19,15.34,13.7358,15.2645
"7409",264,2021-09-20,14.13,13.7176,15.2487
"7410",265,2021-09-21,14.02,13.7,15.2375
"7411",266,2021-09-22,15.15,13.6823,15.2289
"7412",267,2021-09-23,14.27,13.6632,15.219
"7413",268,2021-09-24,14.56,13.6445,15.2082
"7414",269,2021-09-25,15.04,13.6261,15.1983
"7415",270,2021-09-26,14.67,13.6079,15.1879
"7416",271,2021-09-27,14.24,13.5907,15.1795
"7417",272,2021-09-28,13.41,13.575,15.1715
"7418",273,2021-09-29,12.8,13.5613,15.1649
"7419",274,2021-09-30,12.51,13.5499,15.1579
"7420",275,2021-10-01,12.74,13.5401,15.153
"7421",276,2021-10-02,13.09,13.5305,15.1476
"7422",277,2021-10-03,13.19,13.522,15.1442
"7423",278,2021-10-04,13.23,13.5145,15.1387
"7424",279,2021-10-05,13.9,13.5082,15.1328
"7425",280,2021-10-06,14.37,13.5029,15.1192
"7426",281,2021-10-07,13.56,13.4976,15.1035
"7427",282,2021-10-08,NA,13.492,15.0888
"7428",283,2021-10-09,13.63,13.4854,15.0737
"7429",284,2021-10-10,13.29,13.4767,15.0583
"7430",285,2021-10-11,13.01,13.4666,15.0452
"7431",286,2021-10-12,11.75,13.456,15.0323
"7432",287,2021-10-13,11.65,13.4458,15.0204
"7433",288,2021-10-14,11.81,13.4366,15.0097
"7434",289,2021-10-15,11.8,13.4276,14.9999
"7435",290,2021-10-16,12.13,13.4178,14.9899
"7436",291,2021-10-17,12.46,13.4074,14.9815
"7437",292,2021-10-18,12.69,13.3969,14.9682
"7438",293,2021-10-19,11.9,13.3863,14.9528
"7439",294,2021-10-20,12.33,13.3764,14.9318
"7440",295,2021-10-21,13.57,13.3674,14.9069
"7441",296,2021-10-22,14.03,13.3592,14.8809
"7442",297,2021-10-23,13.31,13.3516,14.8562
"7443",298,2021-10-24,13.29,13.3438,14.8317
"7444",299,2021-10-25,13.96,13.3353,14.8057
"7445",300,2021-10-26,13.83,13.3265,14.7793
"7446",301,2021-10-27,14.34,13.3174,14.7523
"7447",302,2021-10-28,14.29,13.308,14.7243
"7448",303,2021-10-29,14.32,13.2985,14.7005
"7449",304,2021-10-30,13.89,13.2883,14.678
"7450",305,2021-10-31,13.66,13.277,14.6572
"7451",306,2021-11-01,13.85,13.2649,14.6346
"7452",307,2021-11-02,14.19,13.2518,14.612
"7453",308,2021-11-03,14.55,13.2377,14.5867
"7454",309,2021-11-04,14.58,13.2228,14.5629
"7455",310,2021-11-05,13.81,13.2061,14.5389
"7456",311,2021-11-06,13.6,13.1882,14.5229
"7457",312,2021-11-07,12.91,13.1699,14.5101
"7458",313,2021-11-08,12.35,13.151,14.498
"7459",314,2021-11-09,13.36,13.1319,14.487
"7460",315,2021-11-10,13.78,13.1133,14.4755
"7461",316,2021-11-11,13.4,13.0948,14.4647
"7462",317,2021-11-12,13.22,13.076,14.4546
"7463",318,2021-11-13,13.42,13.0568,14.4424
"7464",319,2021-11-14,13.03,13.0369,14.4272
"7465",320,2021-11-15,13.26,13.0173,14.416
"7466",321,2021-11-16,13.11,12.9997,14.4073
"7467",322,2021-11-17,12.48,12.9836,14.3995
"7468",323,2021-11-18,12.98,12.9683,14.3976
"7469",324,2021-11-19,13.42,12.9537,14.3983
"7470",325,2021-11-20,13.45,12.9393,14.4061
"7471",326,2021-11-21,13.13,12.9248,14.4184
"7472",327,2021-11-22,13.23,12.9102,14.4301
"7473",328,2021-11-23,13.19,12.8955,14.4394
"7474",329,2021-11-24,12.52,12.8815,14.4471
"7475",330,2021-11-25,12.82,12.8679,14.4545
"7476",331,2021-11-26,13.02,12.854,14.4594
"7477",332,2021-11-27,12.62,12.8393,14.4613
"7478",333,2021-11-28,12.78,12.8235,14.4604
"7479",334,2021-11-29,12.55,12.807,14.4525
"7480",335,2021-11-30,12.27,12.7899,14.4422
"7481",336,2021-12-01,12.39,12.7727,14.4294
"7482",337,2021-12-02,12.4,12.7554,14.4161
"7483",338,2021-12-03,13.04,12.7386,14.4022
"7484",339,2021-12-04,13.21,12.722,14.3883
"7485",340,2021-12-05,12.7,12.705,14.3737
"7486",341,2021-12-06,12.27,12.6882,14.3584
"7487",342,2021-12-07,12.47,12.6717,14.3422
"7488",343,2021-12-08,12.51,12.6552,14.3255
"7489",344,2021-12-09,12.42,12.639,14.3071
"7490",345,2021-12-10,11.81,12.6234,14.2867
"7491",346,2021-12-11,11.47,12.6082,14.2649
"7492",347,2021-12-12,11.92,12.5926,14.2255
"7493",348,2021-12-13,12.57,12.5773,14.1812
"7494",349,2021-12-14,12.78,12.5619,14.1375
"7495",350,2021-12-15,12.5,12.5472,14.0973
"7496",351,2021-12-16,12.54,12.5329,14.0531
"7497",352,2021-12-17,12.34,12.5182,14.0077
"7498",353,2021-12-18,12.23,12.5032,13.9622
"7499",354,2021-12-19,12.31,12.4888,13.9168
"7500",355,2021-12-20,12.25,12.475,13.8719
"7501",356,2021-12-21,12.1,12.4615,13.8266
"7502",357,2021-12-22,12.02,12.4482,13.7806
"7503",358,2021-12-23,12.23,12.4354,13.7381
"7504",359,2021-12-24,12.57,12.4226,13.6963
"7505",360,2021-12-25,NA,12.4101,13.6583
"7506",361,2021-12-26,11.91,12.3975,13.6238
"7507",362,2021-12-27,12.32,12.3852,13.5926
"7508",363,2021-12-28,12.13,12.3735,13.5667
"7509",364,2021-12-29,12.24,12.3626,13.5453
"7510",365,2021-12-30,12.11,12.3522,13.5268
"7511",366,2021-12-31,12.23,12.3417,13.5091
"7512",1,2022-01-01,12.05,12.3308,13.4914
"7513",2,2022-01-02,11.99,12.3201,13.4734
"7514",3,2022-01-03,12.06,12.3098,13.4559
"7515",4,2022-01-04,12.28,12.2995,13.4385
"7516",5,2022-01-05,12.24,12.2896,13.4208
"7517",6,2022-01-06,12.3,12.2804,13.4039
"7518",7,2022-01-07,12.27,12.2717,13.3872
"7519",8,2022-01-08,12.03,12.2639,13.3705
"7520",9,2022-01-09,11.98,12.257,13.3548
"7521",10,2022-01-10,12.01,12.25,13.3408
"7522",11,2022-01-11,12.01,12.2439,13.3285
"7523",12,2022-01-12,12.17,12.2394,13.3332
"7524",13,2022-01-13,12.15,12.2353,13.343
"7525",14,2022-01-14,12.03,12.2318,13.3548
"7526",15,2022-01-15,12.05,12.2284,13.3662
"7527",16,2022-01-16,12.2,12.2246,13.3772
"7528",17,2022-01-17,12.28,12.2207,13.387
"7529",18,2022-01-18,12.26,12.2169,13.3952
"7530",19,2022-01-19,12.22,12.2127,13.402
"7531",20,2022-01-20,12.34,12.2078,13.4044
"7532",21,2022-01-21,12.37,12.2027,13.4062
"7533",22,2022-01-22,12.5,12.1973,13.4068
"7534",23,2022-01-23,12.37,12.1913,13.4038
"7535",24,2022-01-24,12.26,12.1852,13.3994
"7536",25,2022-01-25,12.36,12.1789,13.393
"7537",26,2022-01-26,12.36,12.1722,13.3855
"7538",27,2022-01-27,12.58,12.1656,13.3781
"7539",28,2022-01-28,12.39,12.1589,13.3692
"7540",29,2022-01-29,12.39,12.1518,13.3601
"7541",30,2022-01-30,12.22,12.1439,13.3508
"7542",31,2022-01-31,12.26,12.1357,13.3409
"7543",32,2022-02-01,11.96,12.127,13.3314
"7544",33,2022-02-02,11.59,12.1174,13.3222
"7545",34,2022-02-03,11.52,12.1065,13.3131
"7546",35,2022-02-04,11.91,12.0944,13.3051
"7547",36,2022-02-05,12.04,12.0818,13.2979
"7548",37,2022-02-06,12.03,12.0693,13.2923
"7549",38,2022-02-07,11.9,12.0564,13.2882
"7550",39,2022-02-08,11.89,12.0428,13.2848
"7551",40,2022-02-09,11.77,12.0283,13.2804
"7552",41,2022-02-10,11.85,12.0141,13.2761
"7553",42,2022-02-11,12.01,11.9996,13.2723
"7554",43,2022-02-12,12.08,11.9854,13.2677
"7555",44,2022-02-13,12.03,11.972,13.2626
"7556",45,2022-02-14,12.03,11.9598,13.257
"7557",46,2022-02-15,11.75,11.9491,13.2529
"7558",47,2022-02-16,11.18,11.9397,13.2468
"7559",48,2022-02-17,11.29,11.9304,13.2402
"7560",49,2022-02-18,11.87,11.9211,13.2345
"7561",50,2022-02-19,12.15,11.912,13.23
"7562",51,2022-02-20,12.06,11.903,13.2294
"7563",52,2022-02-21,11.65,11.8942,13.2295
"7564",53,2022-02-22,10.76,11.8859,13.2304
"7565",54,2022-02-23,10.27,11.8775,13.2309
"7566",55,2022-02-24,10.1,11.8683,13.2325
"7567",56,2022-02-25,10.43,11.8585,13.2334
"7568",57,2022-02-26,10.63,11.8484,13.2329
"7569",58,2022-02-27,10.65,11.837,13.2318
"7570",59,2022-02-28,10.81,11.8254,13.2311
"7571",61,2022-03-01,10.84,11.8028,13.2275
"7572",62,2022-03-02,10.93,11.7932,13.2275
"7573",63,2022-03-03,10.93,11.784,13.2255
"7574",64,2022-03-04,10.97,11.7746,13.2226
"7575",65,2022-03-05,10.72,11.7655,13.2192
"7576",66,2022-03-06,10.19,11.7568,13.2147
"7577",67,2022-03-07,10.14,11.7478,13.2097
"7578",68,2022-03-08,10.2,11.7381,13.2028
"7579",69,2022-03-09,10.77,11.7288,13.1937
"7580",70,2022-03-10,10.78,11.7201,13.1831
"7581",71,2022-03-11,10.47,11.7118,13.173
"7582",72,2022-03-12,10.74,11.7035,13.1629
"7583",73,2022-03-13,10.9,11.6942,13.1512
"7584",74,2022-03-14,10.98,11.6834,13.1378
"7585",75,2022-03-15,11.25,11.6714,13.1237
"7586",76,2022-03-16,11.01,11.6577,13.1093
"7587",77,2022-03-17,10.44,11.6425,13.0896
"7588",78,2022-03-18,10.59,11.6262,13.0714
"7589",79,2022-03-19,10.95,11.6098,13.0549
"7590",80,2022-03-20,10.9,11.5925,13.0392
"7591",81,2022-03-21,10.69,11.5741,13.0225
"7592",82,2022-03-22,10.28,11.5552,13.0033
"7593",83,2022-03-23,10.93,11.5342,12.9807
"7594",84,2022-03-24,10.28,11.5116,12.9584
"7595",85,2022-03-25,10.53,11.4887,12.9371
"7596",86,2022-03-26,NA,11.4655,12.9158
"7597",87,2022-03-27,10.28,11.442,12.8964
"7598",88,2022-03-28,11.89,11.4191,12.8769
"7599",89,2022-03-29,11.11,11.3968,12.856
"7600",90,2022-03-30,10.9,11.3741,12.8345
"7601",91,2022-03-31,10.78,11.3516,12.8111
"7602",92,2022-04-01,10.81,11.3292,12.7882
"7603",93,2022-04-02,10.8,11.3055,12.7621
"7604",94,2022-04-03,10.96,11.2827,12.7383
"7605",95,2022-04-04,11.28,11.2624,12.7169
"7606",96,2022-04-05,10.76,11.2445,12.6968
"7607",97,2022-04-06,10.42,11.2288,12.6767
"7608",98,2022-04-07,11.1,11.215,12.655
"7609",99,2022-04-08,11.39,11.2016,12.633
"7610",100,2022-04-09,NA,11.1888,12.6117
"7611",101,2022-04-10,NA,11.176,12.59
"7612",102,2022-04-11,NA,11.1639,12.5694
"7613",103,2022-04-12,9.31,11.1523,12.5498
"7614",104,2022-04-13,9.15,11.1429,12.5345
"7615",105,2022-04-14,9.7,11.1358,12.5216
"7616",106,2022-04-15,9.87,11.1294,12.5089
"7617",107,2022-04-16,10.17,11.1236,12.4966
"7618",108,2022-04-17,10.44,11.1193,12.4895
"7619",109,2022-04-18,10.44,11.1169,12.4855
"7620",110,2022-04-19,10.48,11.1167,12.4855
"7621",111,2022-04-20,10.98,11.1188,12.4888
"7622",112,2022-04-21,11.95,11.1244,12.4971
"7623",113,2022-04-22,12.02,11.1317,12.5077
"7624",114,2022-04-23,10.73,11.1419,12.5213
"7625",115,2022-04-24,10.7,11.1548,12.5352
"7626",116,2022-04-25,10.17,11.1689,12.5496
"7627",117,2022-04-26,10.81,11.1862,12.5662
"7628",118,2022-04-27,10.8,11.205,12.5835
"7629",119,2022-04-28,10.57,11.2245,12.6026
"7630",120,2022-04-29,10.74,11.2452,12.6239
"7631",121,2022-04-30,10.54,11.2669,12.6461
"7632",122,2022-05-01,11.07,11.2882,12.6687
"7633",123,2022-05-02,10.27,11.308,12.6901
"7634",124,2022-05-03,10.06,11.3284,12.7126
"7635",125,2022-05-04,10.12,11.3487,12.7347
"7636",126,2022-05-05,9.69,11.3678,12.755
"7637",127,2022-05-06,10.63,11.3857,12.774
"7638",128,2022-05-07,10.96,11.401,12.7909
"7639",129,2022-05-08,NA,11.4153,12.8054
"7640",130,2022-05-09,NA,11.43,12.8203
"7641",131,2022-05-10,NA,11.4438,12.833
"7642",132,2022-05-11,NA,11.4575,12.8456
"7643",133,2022-05-12,10.98,11.4721,12.8573
"7644",134,2022-05-13,11.25,11.4891,12.8697
"7645",135,2022-05-14,11.74,11.507,12.884
"7646",136,2022-05-15,11.1,11.5251,12.9003
"7647",137,2022-05-16,11.17,11.5446,12.9172
"7648",138,2022-05-17,10.48,11.5658,12.9371
"7649",139,2022-05-18,10.27,11.5873,12.9606
"7650",140,2022-05-19,10.55,11.6088,12.9846
"7651",141,2022-05-20,10.41,11.6292,13.0048
"7652",142,2022-05-21,9.54,11.6498,13.0215
"7653",143,2022-05-22,9.66,11.6703,13.0392
"7654",144,2022-05-23,11.91,11.6911,13.0592
"7655",145,2022-05-24,12.42,11.7124,13.0791
"7656",146,2022-05-25,13.31,11.7346,13.1022
"7657",147,2022-05-26,13.15,11.7574,13.128
"7658",148,2022-05-27,12.26,11.7788,13.1517
"7659",149,2022-05-28,13.07,11.7996,13.1735
"7660",150,2022-05-29,11.54,11.8214,13.1961
"7661",151,2022-05-30,11.74,11.8449,13.223
"7662",152,2022-05-31,10.73,11.8715,13.2528
"7663",153,2022-06-01,10.75,11.9007,13.2855
"7664",154,2022-06-02,10.43,11.9311,13.3184
"7665",155,2022-06-03,10.66,11.9623,13.3513
"7666",156,2022-06-04,11.7,11.9937,13.3876
"7667",157,2022-06-05,11.78,12.0247,13.4238
"7668",158,2022-06-06,NA,12.0566,13.4607
"7669",159,2022-06-07,NA,12.0911,13.5044
"7670",160,2022-06-08,12.42,12.1278,13.5579
"7671",161,2022-06-09,13.22,12.166,13.6107
"7672",162,2022-06-10,11.61,12.2042,13.6657
"7673",163,2022-06-11,14.04,12.2434,13.723
"7674",164,2022-06-12,13.07,12.2828,13.7816
"7675",165,2022-06-13,13.38,12.3224,13.8396
"7676",166,2022-06-14,11.41,12.3621,13.8969
"7677",167,2022-06-15,11.08,12.4026,13.9526
"7678",168,2022-06-16,11.71,12.443,14.0085
"7679",169,2022-06-17,11.6,12.4823,14.0608
"7680",170,2022-06-18,9.92,12.5207,14.107
"7681",171,2022-06-19,10.41,12.5579,14.1478
"7682",172,2022-06-20,10.75,12.5956,14.1913
"7683",173,2022-06-21,11.68,12.6332,14.2357
"7684",174,2022-06-22,12.21,12.6691,14.2764
"7685",175,2022-06-23,12.65,12.7047,14.3154
"7686",176,2022-06-24,13.32,12.7389,14.3538
"7687",177,2022-06-25,12.82,12.7709,14.3876
"7688",178,2022-06-26,12.66,12.8006,14.4186
"7689",179,2022-06-27,12.42,12.8304,14.4502
"7690",180,2022-06-28,13.06,12.8625,14.4885
"7691",181,2022-06-29,13.38,12.8958,14.5295
"7692",182,2022-06-30,12.44,12.9286,14.5699
"7693",183,2022-07-01,12.54,12.9586,14.6066
"7694",184,2022-07-02,12.35,12.9869,14.6411
"7695",185,2022-07-03,11.85,13.0169,14.6788
"7696",186,2022-07-04,11.48,13.0475,14.7196
"7697",187,2022-07-05,14.51,13.0787,14.7557
"7698",188,2022-07-06,14.61,13.1127,14.7917
"7699",189,2022-07-07,14.13,13.1477,14.8293
"7700",190,2022-07-08,13.9,13.1825,14.8614
"7701",191,2022-07-09,13.9,13.216,14.8889
"7702",192,2022-07-10,13.95,13.249,14.9182
"7703",193,2022-07-11,13.97,13.283,14.9471
"7704",194,2022-07-12,15.07,13.3172,14.9713
"7705",195,2022-07-13,14.63,13.3517,14.9946
"7706",196,2022-07-14,15.01,13.3831,15.0159
"7707",197,2022-07-15,13.72,13.4113,15.033
"7708",198,2022-07-16,12.61,13.4382,15.0506
"7709",199,2022-07-17,12.31,13.4634,15.0712
"7710",200,2022-07-18,13.08,13.4876,15.0933
"7711",201,2022-07-19,13.45,13.5114,15.1169
"7712",202,2022-07-20,12.93,13.5343,15.1391
"7713",203,2022-07-21,12.96,13.5553,15.1582
"7714",204,2022-07-22,13.11,13.5754,15.1789
"7715",205,2022-07-23,13.16,13.5961,15.1995
"7716",206,2022-07-24,11.78,13.6151,15.2206
"7717",207,2022-07-25,11.59,13.6341,15.2421
"7718",208,2022-07-26,13.68,13.6541,15.2668
"7719",209,2022-07-27,15.42,13.6753,15.2906
"7720",210,2022-07-28,13.61,13.6964,15.3108
"7721",211,2022-07-29,12.32,13.7166,15.3244
"7722",212,2022-07-30,12.15,13.735,15.338
"7723",213,2022-07-31,12.87,13.7528,15.3498
"7724",214,2022-08-01,13.69,13.7711,15.3616
"7725",215,2022-08-02,13.43,13.7891,15.3745
"7726",216,2022-08-03,13.96,13.8056,15.3857
"7727",217,2022-08-04,15.59,13.8224,15.3976
"7728",218,2022-08-05,15.82,13.8397,15.4148
"7729",219,2022-08-06,15.82,13.8559,15.4348
"7730",220,2022-08-07,14.33,13.8703,15.4544
"7731",221,2022-08-08,15.18,13.8835,15.4746
"7732",222,2022-08-09,14.97,13.8965,15.4938
"7733",223,2022-08-10,14.45,13.9093,15.5113
"7734",224,2022-08-11,14.8,13.9209,15.5274
"7735",225,2022-08-12,13.97,13.9302,15.5457
"7736",226,2022-08-13,13.52,13.9376,15.5607
"7737",227,2022-08-14,13.32,13.9451,15.5736
"7738",228,2022-08-15,12.74,13.9525,15.5863
"7739",229,2022-08-16,12.72,13.9581,15.597
"7740",230,2022-08-17,14.47,13.9626,15.6042
"7741",231,2022-08-18,14.34,13.9675,15.611
"7742",232,2022-08-19,14.01,13.9728,15.6177
"7743",233,2022-08-20,12.75,13.9775,15.6231
"7744",234,2022-08-21,12.74,13.9817,15.6257
"7745",235,2022-08-22,15.18,13.9853,15.624
"7746",236,2022-08-23,15.58,13.989,15.6223
"7747",237,2022-08-24,12.08,13.9934,15.6196
"7748",238,2022-08-25,14.6,13.9973,15.6158
"7749",239,2022-08-26,14.2,14.0008,15.6111
"7750",240,2022-08-27,14.01,14.0036,15.6058
"7751",241,2022-08-28,13.87,14.0049,15.6035
"7752",242,2022-08-29,14.99,14.0037,15.6013
"7753",243,2022-08-30,15.79,14.0006,15.5961
"7754",244,2022-08-31,15.6,13.9957,15.5893
"7755",245,2022-09-01,13.71,13.9898,15.5829
"7756",246,2022-09-02,13.4,13.9834,15.5762
"7757",247,2022-09-03,13.6,13.9763,15.5691
"7758",248,2022-09-04,13.37,13.9671,15.5583
"7759",249,2022-09-05,13.17,13.9559,15.5435
"7760",250,2022-09-06,13.5,13.9426,15.5255
"7761",251,2022-09-07,14.61,13.9286,15.5049
"7762",252,2022-09-08,15.16,13.9146,15.4835
"7763",253,2022-09-09,13.35,13.9005,15.4622
"7764",254,2022-09-10,13.58,13.8856,15.4401
"7765",255,2022-09-11,14.53,13.8703,15.4187
"7766",256,2022-09-12,13.95,13.8553,15.3979
"7767",257,2022-09-13,13.66,13.8391,15.3786
"7768",258,2022-09-14,13.87,13.8218,15.3617
"7769",259,2022-09-15,14.48,13.8046,15.3445
"7770",260,2022-09-16,14.46,13.7878,15.3255
"7771",261,2022-09-17,14.23,13.7711,15.3062
"7772",262,2022-09-18,14.09,13.754,15.2856
"7773",263,2022-09-19,14.51,13.7358,15.2645
"7774",264,2022-09-20,15.37,13.7176,15.2487
"7775",265,2022-09-21,16.47,13.7,15.2375
"7776",266,2022-09-22,15.9,13.6823,15.2289
"7777",267,2022-09-23,15.25,13.6632,15.219
"7778",268,2022-09-24,14.78,13.6445,15.2082
"7779",269,2022-09-25,14.87,13.6261,15.1983
"7780",270,2022-09-26,15.28,13.6079,15.1879
"7781",271,2022-09-27,15.03,13.5907,15.1795
"7782",272,2022-09-28,14.65,13.575,15.1715
"7783",273,2022-09-29,13.37,13.5613,15.1649
"7784",274,2022-09-30,14.19,13.5499,15.1579
"7785",275,2022-10-01,14.84,13.5401,15.153
"7786",276,2022-10-02,15.59,13.5305,15.1476
"7787",277,2022-10-03,15.93,13.522,15.1442
"7788",278,2022-10-04,15.14,13.5145,15.1387
"7789",279,2022-10-05,13.49,13.5082,15.1328
"7790",280,2022-10-06,13.17,13.5029,15.1192
"7791",281,2022-10-07,13.28,13.4976,15.1035
"7792",282,2022-10-08,13.36,13.492,15.0888
"7793",283,2022-10-09,13.33,13.4854,15.0737
"7794",284,2022-10-10,12.82,13.4767,15.0583
"7795",285,2022-10-11,12.99,13.4666,15.0452
"7796",286,2022-10-12,13.9,13.456,15.0323
"7797",287,2022-10-13,14.83,13.4458,15.0204
"7798",288,2022-10-14,13.44,13.4366,15.0097
"7799",289,2022-10-15,14.09,13.4276,14.9999
"7800",290,2022-10-16,14.64,13.4178,14.9899
"7801",291,2022-10-17,15.4,13.4074,14.9815
"7802",292,2022-10-18,14.97,13.3969,14.9682
"7803",293,2022-10-19,14.62,13.3863,14.9528
"7804",294,2022-10-20,14.25,13.3764,14.9318
"7805",295,2022-10-21,13.28,13.3674,14.9069
"7806",296,2022-10-22,13.31,13.3592,14.8809
"7807",297,2022-10-23,12.82,13.3516,14.8562
"7808",298,2022-10-24,NA,13.3438,14.8317
"7809",299,2022-10-25,NA,13.3353,14.8057
"7810",300,2022-10-26,12.29,13.3265,14.7793
"7811",301,2022-10-27,11.9,13.3174,14.7523
"7812",302,2022-10-28,12.09,13.308,14.7243
"7813",303,2022-10-29,12.42,13.2985,14.7005
"7814",304,2022-10-30,12.24,13.2883,14.678
"7815",305,2022-10-31,12.02,13.277,14.6572
"7816",306,2022-11-01,12.42,13.2649,14.6346
"7817",307,2022-11-02,11.94,13.2518,14.612
"7818",308,2022-11-03,11.72,13.2377,14.5867
"7819",309,2022-11-04,11.34,13.2228,14.5629
"7820",310,2022-11-05,11.65,13.2061,14.5389
"7821",311,2022-11-06,11.73,13.1882,14.5229
"7822",312,2022-11-07,12.29,13.1699,14.5101
"7823",313,2022-11-08,12.57,13.151,14.498
"7824",314,2022-11-09,12.44,13.1319,14.487
"7825",315,2022-11-10,12.35,13.1133,14.4755
"7826",316,2022-11-11,12.69,13.0948,14.4647
"7827",317,2022-11-12,12.66,13.076,14.4546
"7828",318,2022-11-13,12.41,13.0568,14.4424
"7829",319,2022-11-14,12.24,13.0369,14.4272
"7830",320,2022-11-15,12.19,13.0173,14.416
"7831",321,2022-11-16,NA,12.9997,14.4073
"7832",322,2022-11-17,11.81,12.9836,14.3995
"7833",323,2022-11-18,11.76,12.9683,14.3976
"7834",324,2022-11-19,11.53,12.9537,14.3983
"7835",325,2022-11-20,11.69,12.9393,14.4061
"7836",326,2022-11-21,11.77,12.9248,14.4184
"7837",327,2022-11-22,11.66,12.9102,14.4301
"7838",328,2022-11-23,11.53,12.8955,14.4394
"7839",329,2022-11-24,11.6,12.8815,14.4471
"7840",330,2022-11-25,11.76,12.8679,14.4545
"7841",331,2022-11-26,11.79,12.854,14.4594
"7842",332,2022-11-27,11.6,12.8393,14.4613
"7843",333,2022-11-28,11.84,12.8235,14.4604
"7844",334,2022-11-29,11.26,12.807,14.4525
"7845",335,2022-11-30,11.03,12.7899,14.4422
"7846",336,2022-12-01,11.16,12.7727,14.4294
"7847",337,2022-12-02,10.93,12.7554,14.4161
"7848",338,2022-12-03,11.48,12.7386,14.4022
"7849",339,2022-12-04,11.48,12.722,14.3883
"7850",340,2022-12-05,11.68,12.705,14.3737
"7851",341,2022-12-06,11.72,12.6882,14.3584
"7852",342,2022-12-07,11.39,12.6717,14.3422
"7853",343,2022-12-08,11.39,12.6552,14.3255
"7854",344,2022-12-09,11.64,12.639,14.3071
"7855",345,2022-12-10,11.87,12.6234,14.2867
"7856",346,2022-12-11,11.95,12.6082,14.2649
"7857",347,2022-12-12,12.14,12.5926,14.2255
"7858",348,2022-12-13,12.06,12.5773,14.1812
"7859",349,2022-12-14,12.19,12.5619,14.1375
"7860",350,2022-12-15,NA,12.5472,14.0973
"7861",351,2022-12-16,11.54,12.5329,14.0531
"7862",352,2022-12-17,11.68,12.5182,14.0077
"7863",353,2022-12-18,11.74,12.5032,13.9622
"7864",354,2022-12-19,11.86,12.4888,13.9168
"7865",355,2022-12-20,12,12.475,13.8719
"7866",356,2022-12-21,12.09,12.4615,13.8266
"7867",357,2022-12-22,12.12,12.4482,13.7806
"7868",358,2022-12-23,12.23,12.4354,13.7381
"7869",359,2022-12-24,12.24,12.4226,13.6963
"7870",360,2022-12-25,12.23,12.4101,13.6583
"7871",361,2022-12-26,12.2,12.3975,13.6238
"7872",362,2022-12-27,12.58,12.3852,13.5926
"7873",363,2022-12-28,12.53,12.3735,13.5667
"7874",364,2022-12-29,12.36,12.3626,13.5453
"7875",365,2022-12-30,12.45,12.3522,13.5268
"7876",366,2022-12-31,12.58,12.3417,13.5091
"7877",1,2023-01-01,12.51,12.3308,13.4914
"7878",2,2023-01-02,11.95,12.3201,13.4734
"7879",3,2023-01-03,12.14,12.3098,13.4559
"7880",4,2023-01-04,12.2,12.2995,13.4385
"7881",5,2023-01-05,12.58,12.2896,13.4208
"7882",6,2023-01-06,12.61,12.2804,13.4039
"7883",7,2023-01-07,12.38,12.2717,13.3872
"7884",8,2023-01-08,12.56,12.2639,13.3705
"7885",9,2023-01-09,12.7,12.257,13.3548
"7886",10,2023-01-10,12.72,12.25,13.3408
"7887",11,2023-01-11,12.67,12.2439,13.3285
"7888",12,2023-01-12,NA,12.2394,13.3332
"7889",13,2023-01-13,12.74,12.2353,13.343
"7890",14,2023-01-14,12.86,12.2318,13.3548
"7891",15,2023-01-15,12.85,12.2284,13.3662
"7892",16,2023-01-16,12.52,12.2246,13.3772
"7893",17,2023-01-17,12.8,12.2207,13.387
"7894",18,2023-01-18,12.72,12.2169,13.3952
"7895",19,2023-01-19,12.75,12.2127,13.402
"7896",20,2023-01-20,12.48,12.2078,13.4044
"7897",21,2023-01-21,12.3,12.2027,13.4062
"7898",22,2023-01-22,12.67,12.1973,13.4068
"7899",23,2023-01-23,12.27,12.1913,13.4038
"7900",24,2023-01-24,12.35,12.1852,13.3994
"7901",25,2023-01-25,12.39,12.1789,13.393
"7902",26,2023-01-26,12.25,12.1722,13.3855
"7903",27,2023-01-27,12.18,12.1656,13.3781
"7904",28,2023-01-28,12.08,12.1589,13.3692
"7905",29,2023-01-29,11.94,12.1518,13.3601
"7906",30,2023-01-30,11.26,12.1439,13.3508
"7907",31,2023-01-31,11.56,12.1357,13.3409
"7908",32,2023-02-01,11.75,12.127,13.3314
"7909",33,2023-02-02,11.76,12.1174,13.3222
"7910",34,2023-02-03,12.02,12.1065,13.3131
"7911",35,2023-02-04,12.08,12.0944,13.3051
"7912",36,2023-02-05,11.92,12.0818,13.2979
"7913",37,2023-02-06,11.6,12.0693,13.2923
"7914",38,2023-02-07,11.59,12.0564,13.2882
"7915",39,2023-02-08,11.74,12.0428,13.2848
"7916",40,2023-02-09,11.92,12.0283,13.2804
"7917",41,2023-02-10,11.79,12.0141,13.2761
"7918",42,2023-02-11,11.72,11.9996,13.2723
"7919",43,2023-02-12,11.37,11.9854,13.2677
"7920",44,2023-02-13,11.5,11.972,13.2626
"7921",45,2023-02-14,10.91,11.9598,13.257
"7922",46,2023-02-15,9.7,11.9491,13.2529
"7923",47,2023-02-16,10.28,11.9397,13.2468
"7924",48,2023-02-17,10.42,11.9304,13.2402
"7925",49,2023-02-18,10.56,11.9211,13.2345
"7926",50,2023-02-19,10.6,11.912,13.23
"7927",51,2023-02-20,10.67,11.903,13.2294
"7928",52,2023-02-21,10.86,11.8942,13.2295
"7929",53,2023-02-22,9.92,11.8859,13.2304
"7930",54,2023-02-23,9.3,11.8775,13.2309
"7931",55,2023-02-24,9.5,11.8683,13.2325
"7932",56,2023-02-25,9.76,11.8585,13.2334
"7933",57,2023-02-26,10.22,11.8484,13.2329
"7934",58,2023-02-27,10.02,11.837,13.2318
"7935",59,2023-02-28,10.03,11.8254,13.2311
"7936",61,2023-03-01,9.82,11.8028,13.2275
"7937",62,2023-03-02,9.71,11.7932,13.2275
"7938",63,2023-03-03,9.97,11.784,13.2255
"7939",64,2023-03-04,9.94,11.7746,13.2226
"7940",65,2023-03-05,10.01,11.7655,13.2192
"7941",66,2023-03-06,10.03,11.7568,13.2147
"7942",67,2023-03-07,10.4,11.7478,13.2097
"7943",68,2023-03-08,10.64,11.7381,13.2028
"7944",69,2023-03-09,10.42,11.7288,13.1937
"7945",70,2023-03-10,10.47,11.7201,13.1831
"7946",71,2023-03-11,10.55,11.7118,13.173
"7947",72,2023-03-12,11.17,11.7035,13.1629
"7948",73,2023-03-13,11.09,11.6942,13.1512
"7949",74,2023-03-14,11.98,11.6834,13.1378
"7950",75,2023-03-15,11.07,11.6714,13.1237
"7951",76,2023-03-16,11.07,11.6577,13.1093
"7952",77,2023-03-17,11.22,11.6425,13.0896
"7953",78,2023-03-18,11.17,11.6262,13.0714
"7954",79,2023-03-19,12.13,11.6098,13.0549
"7955",80,2023-03-20,11.71,11.5925,13.0392
"7956",81,2023-03-21,11.45,11.5741,13.0225
"7957",82,2023-03-22,11.78,11.5552,13.0033
"7958",83,2023-03-23,12.08,11.5342,12.9807
"7959",84,2023-03-24,11.65,11.5116,12.9584
"7960",85,2023-03-25,11.27,11.4887,12.9371
"7961",86,2023-03-26,10.65,11.4655,12.9158
"7962",87,2023-03-27,10.5,11.442,12.8964
"7963",88,2023-03-28,11.15,11.4191,12.8769
"7964",89,2023-03-29,11.07,11.3968,12.856
"7965",90,2023-03-30,11.16,11.3741,12.8345
"7966",91,2023-03-31,11.07,11.3516,12.8111
"7967",92,2023-04-01,10.87,11.3292,12.7882
"7968",93,2023-04-02,11.1,11.3055,12.7621
"7969",94,2023-04-03,9.93,11.2827,12.7383
"7970",95,2023-04-04,9.71,11.2624,12.7169
"7971",96,2023-04-05,9.66,11.2445,12.6968
"7972",97,2023-04-06,9.86,11.2288,12.6767
"7973",98,2023-04-07,10.35,11.215,12.655
"7974",99,2023-04-08,10.73,11.2016,12.633
"7975",100,2023-04-09,10.41,11.1888,12.6117
"7976",101,2023-04-10,10.57,11.176,12.59
"7977",102,2023-04-11,10.22,11.1639,12.5694
"7978",103,2023-04-12,9.93,11.1523,12.5498
"7979",104,2023-04-13,9.2,11.1429,12.5345
"7980",105,2023-04-14,9.11,11.1358,12.5216
"7981",106,2023-04-15,9.03,11.1294,12.5089
"7982",107,2023-04-16,9.47,11.1236,12.4966
"7983",108,2023-04-17,9.75,11.1193,12.4895
"7984",109,2023-04-18,9.54,11.1169,12.4855
"7985",110,2023-04-19,9.57,11.1167,12.4855
"7986",111,2023-04-20,9.77,11.1188,12.4888
"7987",112,2023-04-21,9.86,11.1244,12.4971
"7988",113,2023-04-22,10.1,11.1317,12.5077
"7989",114,2023-04-23,10.43,11.1419,12.5213
"7990",115,2023-04-24,10.49,11.1548,12.5352
"7991",116,2023-04-25,9.99,11.1689,12.5496
"7992",117,2023-04-26,9.56,11.1862,12.5662
"7993",118,2023-04-27,NA,11.205,12.5835
"7994",119,2023-04-28,NA,11.2245,12.6026
"7995",120,2023-04-29,NA,11.2452,12.6239
"7996",121,2023-04-30,NA,11.2669,12.6461
"7997",122,2023-05-01,NA,11.2882,12.6687
"7998",123,2023-05-02,10.25,11.308,12.6901
"7999",124,2023-05-03,10.21,11.3284,12.7126
"8000",125,2023-05-04,10.92,11.3487,12.7347
"8001",126,2023-05-05,11.52,11.3678,12.755
"8002",127,2023-05-06,12.56,11.3857,12.774
"8003",128,2023-05-07,12.72,11.401,12.7909
"8004",129,2023-05-08,11.9,11.4153,12.8054
"8005",130,2023-05-09,12.99,11.43,12.8203
"8006",131,2023-05-10,11.97,11.4438,12.833
"8007",132,2023-05-11,11.37,11.4575,12.8456
"8008",133,2023-05-12,10.81,11.4721,12.8573
"8009",134,2023-05-13,10.43,11.4891,12.8697
"8010",135,2023-05-14,11.46,11.507,12.884
"8011",136,2023-05-15,11.84,11.5251,12.9003
"8012",137,2023-05-16,13.12,11.5446,12.9172
"8013",138,2023-05-17,11.98,11.5658,12.9371
"8014",139,2023-05-18,12.71,11.5873,12.9606
"8015",140,2023-05-19,11.53,11.6088,12.9846
"8016",141,2023-05-20,11.32,11.6292,13.0048
"8017",142,2023-05-21,11.5,11.6498,13.0215
"8018",143,2023-05-22,11.12,11.6703,13.0392
"8019",144,2023-05-23,11.51,11.6911,13.0592
"8020",145,2023-05-24,11.53,11.7124,13.0791
"8021",146,2023-05-25,12.35,11.7346,13.1022
"8022",147,2023-05-26,NA,11.7574,13.128
"8023",148,2023-05-27,NA,11.7788,13.1517
"8024",149,2023-05-28,NA,11.7996,13.1735
"8025",150,2023-05-29,11.19,11.8214,13.1961
"8026",151,2023-05-30,12.17,11.8449,13.223
"8027",152,2023-05-31,12.23,11.8715,13.2528
"8028",153,2023-06-01,11.99,11.9007,13.2855
"8029",154,2023-06-02,11.71,11.9311,13.3184
"8030",155,2023-06-03,11.95,11.9623,13.3513
"8031",156,2023-06-04,11.73,11.9937,13.3876
"8032",157,2023-06-05,11.82,12.0247,13.4238
"8033",158,2023-06-06,13.25,12.0566,13.4607
"8034",159,2023-06-07,12.76,12.0911,13.5044
"8035",160,2023-06-08,13.43,12.1278,13.5579
"8036",161,2023-06-09,13.76,12.166,13.6107
"8037",162,2023-06-10,12.86,12.2042,13.6657
"8038",163,2023-06-11,12.51,12.2434,13.723
"8039",164,2023-06-12,13.79,12.2828,13.7816
"8040",165,2023-06-13,14.11,12.3224,13.8396
"8041",166,2023-06-14,14.05,12.3621,13.8969
"8042",167,2023-06-15,14.78,12.4026,13.9526
"8043",168,2023-06-16,15.39,12.443,14.0085
"8044",169,2023-06-17,14.96,12.4823,14.0608
"8045",170,2023-06-18,14.92,12.5207,14.107
"8046",171,2023-06-19,15,12.5579,14.1478
"8047",172,2023-06-20,13.27,12.5956,14.1913
"8048",173,2023-06-21,12.4,12.6332,14.2357
"8049",174,2023-06-22,11.6,12.6691,14.2764
"8050",175,2023-06-23,12.27,12.7047,14.3154
"8051",176,2023-06-24,NA,12.7389,14.3538
"8052",177,2023-06-25,NA,12.7709,14.3876
"8053",178,2023-06-26,13.93,12.8006,14.4186
"8054",179,2023-06-27,13.68,12.8304,14.4502
"8055",180,2023-06-28,12.73,12.8625,14.4885
"8056",181,2023-06-29,12.56,12.8958,14.5295
"8057",182,2023-06-30,11.59,12.9286,14.5699
"8058",183,2023-07-01,11.84,12.9586,14.6066
"8059",184,2023-07-02,11.69,12.9869,14.6411
"8060",185,2023-07-03,13.81,13.0169,14.6788
"8061",186,2023-07-04,13.79,13.0475,14.7196
"8062",187,2023-07-05,13.59,13.0787,14.7557
"8063",188,2023-07-06,14.59,13.1127,14.7917
"8064",189,2023-07-07,13.7,13.1477,14.8293
"8065",190,2023-07-08,12.14,13.1825,14.8614
"8066",191,2023-07-09,13.01,13.216,14.8889
"8067",192,2023-07-10,12.95,13.249,14.9182
"8068",193,2023-07-11,12.86,13.283,14.9471
"8069",194,2023-07-12,12.32,13.3172,14.9713
"8070",195,2023-07-13,13.72,13.3517,14.9946
"8071",196,2023-07-14,13.93,13.3831,15.0159
"8072",197,2023-07-15,12.5,13.4113,15.033
"8073",198,2023-07-16,11.89,13.4382,15.0506
"8074",199,2023-07-17,12.81,13.4634,15.0712
"8075",200,2023-07-18,14.17,13.4876,15.0933
"8076",201,2023-07-19,13.31,13.5114,15.1169
"8077",202,2023-07-20,13.16,13.5343,15.1391
"8078",203,2023-07-21,12.09,13.5553,15.1582
"8079",204,2023-07-22,11.63,13.5754,15.1789
"8080",205,2023-07-23,14.08,13.5961,15.1995
"8081",206,2023-07-24,14.25,13.6151,15.2206
"8082",207,2023-07-25,13.61,13.6341,15.2421
"8083",208,2023-07-26,12.91,13.6541,15.2668
"8084",209,2023-07-27,12.64,13.6753,15.2906
"8085",210,2023-07-28,13.15,13.6964,15.3108
"8086",211,2023-07-29,12.94,13.7166,15.3244
"8087",212,2023-07-30,12.45,13.735,15.338
"8088",213,2023-07-31,13.41,13.7528,15.3498
"8089",214,2023-08-01,12.45,13.7711,15.3616
"8090",215,2023-08-02,13.17,13.7891,15.3745
"8091",216,2023-08-03,12.24,13.8056,15.3857
"8092",217,2023-08-04,12.14,13.8224,15.3976
"8093",218,2023-08-05,11.54,13.8397,15.4148
"8094",219,2023-08-06,11.68,13.8559,15.4348
"8095",220,2023-08-07,13.39,13.8703,15.4544
"8096",221,2023-08-08,15.04,13.8835,15.4746
"8097",222,2023-08-09,14.53,13.8965,15.4938
"8098",223,2023-08-10,14.29,13.9093,15.5113
"8099",224,2023-08-11,14.8,13.9209,15.5274
"8100",225,2023-08-12,14.31,13.9302,15.5457
"8101",226,2023-08-13,14.57,13.9376,15.5607
"8102",227,2023-08-14,14.86,13.9451,15.5736
"8103",228,2023-08-15,14.98,13.9525,15.5863
"8104",229,2023-08-16,15.25,13.9581,15.597
"8105",230,2023-08-17,14.89,13.9626,15.6042
"8106",231,2023-08-18,15.63,13.9675,15.611
"8107",232,2023-08-19,16.02,13.9728,15.6177
"8108",233,2023-08-20,16.74,13.9775,15.6231
"8109",234,2023-08-21,14.09,13.9817,15.6257
"8110",235,2023-08-22,17.37,13.9853,15.624
"8111",236,2023-08-23,15.81,13.989,15.6223
"8112",237,2023-08-24,16.28,13.9934,15.6196
"8113",238,2023-08-25,16.85,13.9973,15.6158
"8114",239,2023-08-26,17.24,14.0008,15.6111
"8115",240,2023-08-27,16.78,14.0036,15.6058
"8116",241,2023-08-28,16.17,14.0049,15.6035
"8117",242,2023-08-29,15.33,14.0037,15.6013
"8118",243,2023-08-30,15.57,14.0006,15.5961
"8119",244,2023-08-31,14.87,13.9957,15.5893
"8120",245,2023-09-01,14.87,13.9898,15.5829
"8121",246,2023-09-02,14.71,13.9834,15.5762
"8122",247,2023-09-03,14.36,13.9763,15.5691
"8123",248,2023-09-04,14.09,13.9671,15.5583
"8124",249,2023-09-05,13.06,13.9559,15.5435
"8125",250,2023-09-06,14.81,13.9426,15.5255
"8126",251,2023-09-07,15.72,13.9286,15.5049
"8127",252,2023-09-08,15.89,13.9146,15.4835
"8128",253,2023-09-09,15.2,13.9005,15.4622
"8129",254,2023-09-10,14.58,13.8856,15.4401
"8130",255,2023-09-11,13.57,13.8703,15.4187
"8131",256,2023-09-12,14.31,13.8553,15.3979
"8132",257,2023-09-13,13.21,13.8391,15.3786
"8133",258,2023-09-14,13.91,13.8218,15.3617
"8134",259,2023-09-15,15.4,13.8046,15.3445
"8135",260,2023-09-16,15.2,13.7878,15.3255
"8136",261,2023-09-17,15.45,13.7711,15.3062
"8137",262,2023-09-18,14.88,13.754,15.2856
"8138",263,2023-09-19,14.53,13.7358,15.2645
"8139",264,2023-09-20,14.25,13.7176,15.2487
"8140",265,2023-09-21,15.23,13.7,15.2375
"8141",266,2023-09-22,15.99,13.6823,15.2289
"8142",267,2023-09-23,16.34,13.6632,15.219
"8143",268,2023-09-24,16.56,13.6445,15.2082
"8144",269,2023-09-25,16.35,13.6261,15.1983
"8145",270,2023-09-26,15.74,13.6079,15.1879
"8146",271,2023-09-27,15.34,13.5907,15.1795
"8147",272,2023-09-28,13.88,13.575,15.1715
"8148",273,2023-09-29,12.98,13.5613,15.1649
"8149",274,2023-09-30,14.35,13.5499,15.1579
"8150",275,2023-10-01,13.22,13.5401,15.153
"8151",276,2023-10-02,13.56,13.5305,15.1476
"8152",277,2023-10-03,13.94,13.522,15.1442
"8153",278,2023-10-04,13.76,13.5145,15.1387
"8154",279,2023-10-05,14.77,13.5082,15.1328
"8155",280,2023-10-06,14.89,13.5029,15.1192
"8156",281,2023-10-07,14.87,13.4976,15.1035
"8157",282,2023-10-08,14.59,13.492,15.0888
"8158",283,2023-10-09,14.17,13.4854,15.0737
"8159",284,2023-10-10,15.1,13.4767,15.0583
"8160",285,2023-10-11,14.04,13.4666,15.0452
"8161",286,2023-10-12,13.33,13.456,15.0323
"8162",287,2023-10-13,13.4,13.4458,15.0204
"8163",288,2023-10-14,13.64,13.4366,15.0097
"8164",289,2023-10-15,14.35,13.4276,14.9999
"8165",290,2023-10-16,14.57,13.4178,14.9899
"8166",291,2023-10-17,13.66,13.4074,14.9815
"8167",292,2023-10-18,13.12,13.3969,14.9682
"8168",293,2023-10-19,13.56,13.3863,14.9528
"8169",294,2023-10-20,14.39,13.3764,14.9318
"8170",295,2023-10-21,14.36,13.3674,14.9069
"8171",296,2023-10-22,14.62,13.3592,14.8809
"8172",297,2023-10-23,14.31,13.3516,14.8562
"8173",298,2023-10-24,13.89,13.3438,14.8317
"8174",299,2023-10-25,13.57,13.3353,14.8057
"8175",300,2023-10-26,13.51,13.3265,14.7793
"8176",301,2023-10-27,13.12,13.3174,14.7523
"8177",302,2023-10-28,12.72,13.308,14.7243
"8178",303,2023-10-29,12.86,13.2985,14.7005
"8179",304,2023-10-30,13.39,13.2883,14.678
"8180",305,2023-10-31,13.8,13.277,14.6572
"8181",306,2023-11-01,13.52,13.2649,14.6346
"8182",307,2023-11-02,13.52,13.2518,14.612
"8183",308,2023-11-03,12.88,13.2377,14.5867
"8184",309,2023-11-04,13.42,13.2228,14.5629
"8185",310,2023-11-05,NA,13.2061,14.5389
"8186",311,2023-11-06,13.43,13.1882,14.5229
"8187",312,2023-11-07,13.48,13.1699,14.5101
"8188",313,2023-11-08,12.47,13.151,14.498
"8189",314,2023-11-09,12.69,13.1319,14.487
"8190",315,2023-11-10,13.05,13.1133,14.4755
"8191",316,2023-11-11,13.19,13.0948,14.4647
"8192",317,2023-11-12,13.21,13.076,14.4546
"8193",318,2023-11-13,13.63,13.0568,14.4424
"8194",319,2023-11-14,13.59,13.0369,14.4272
"8195",320,2023-11-15,NA,13.0173,14.416
"8196",321,2023-11-16,13.83,12.9997,14.4073
"8197",322,2023-11-17,14.06,12.9836,14.3995
"8198",323,2023-11-18,14.56,12.9683,14.3976
"8199",324,2023-11-19,14.54,12.9537,14.3983
"8200",325,2023-11-20,14.04,12.9393,14.4061
"8201",326,2023-11-21,13.7,12.9248,14.4184
"8202",327,2023-11-22,14,12.9102,14.4301
"8203",328,2023-11-23,14.54,12.8955,14.4394
"8204",329,2023-11-24,14.1,12.8815,14.4471
"8205",330,2023-11-25,14.16,12.8679,14.4545
"8206",331,2023-11-26,14.26,12.854,14.4594
"8207",332,2023-11-27,14.23,12.8393,14.4613
"8208",333,2023-11-28,14.17,12.8235,14.4604
"8209",334,2023-11-29,14.35,12.807,14.4525
"8210",335,2023-11-30,14.51,12.7899,14.4422
"8211",336,2023-12-01,14.08,12.7727,14.4294
"8212",337,2023-12-02,14.15,12.7554,14.4161
"8213",338,2023-12-03,14.34,12.7386,14.4022
"8214",339,2023-12-04,NA,12.722,14.3883
"8215",340,2023-12-05,14.12,12.705,14.3737
"8216",341,2023-12-06,14.14,12.6882,14.3584
"8217",342,2023-12-07,14.2,12.6717,14.3422
"8218",343,2023-12-08,13.92,12.6552,14.3255
"8219",344,2023-12-09,13.52,12.639,14.3071
"8220",345,2023-12-10,13.7,12.6234,14.2867
"8221",346,2023-12-11,13.76,12.6082,14.2649
"8222",347,2023-12-12,13.67,12.5926,14.2255
"8223",348,2023-12-13,13.38,12.5773,14.1812
"8224",349,2023-12-14,13.42,12.5619,14.1375
"8225",350,2023-12-15,13.68,12.5472,14.0973
"8226",351,2023-12-16,13.81,12.5329,14.0531
"8227",352,2023-12-17,13.83,12.5182,14.0077
"8228",353,2023-12-18,14.02,12.5032,13.9622
"8229",354,2023-12-19,14.07,12.4888,13.9168
"8230",355,2023-12-20,14.27,12.475,13.8719
"8231",356,2023-12-21,14.17,12.4615,13.8266
"8232",357,2023-12-22,14.1,12.4482,13.7806
"8233",358,2023-12-23,13.94,12.4354,13.7381
"8234",359,2023-12-24,13.84,12.4226,13.6963
"8235",360,2023-12-25,13.91,12.4101,13.6583
"8236",361,2023-12-26,13.87,12.3975,13.6238
"8237",362,2023-12-27,14.01,12.3852,13.5926
"8238",363,2023-12-28,14.4,12.3735,13.5667
"8239",364,2023-12-29,14.48,12.3626,13.5453
"8240",365,2023-12-30,14.44,12.3522,13.5268
"8241",366,2023-12-31,14.3,12.3417,13.5091
"8242",1,2024-01-01,NA,12.3308,13.4914
"8243",2,2024-01-02,14.07,12.3201,13.4734
"8244",3,2024-01-03,13.79,12.3098,13.4559
"8245",4,2024-01-04,13.86,12.2995,13.4385
"8246",5,2024-01-05,14.09,12.2896,13.4208
"8247",6,2024-01-06,13.93,12.2804,13.4039
"8248",7,2024-01-07,13.32,12.2717,13.3872
"8249",8,2024-01-08,13.14,12.2639,13.3705
"8250",9,2024-01-09,13.24,12.257,13.3548
"8251",10,2024-01-10,12.8,12.25,13.3408
"8252",11,2024-01-11,12.39,12.2439,13.3285
"8253",12,2024-01-12,11.9,12.2394,13.3332
"8254",13,2024-01-13,12.35,12.2353,13.343
"8255",14,2024-01-14,12.81,12.2318,13.3548
"8256",15,2024-01-15,12.76,12.2284,13.3662
"8257",16,2024-01-16,12.78,12.2246,13.3772
"8258",17,2024-01-17,12.78,12.2207,13.387
"8259",18,2024-01-18,12.6,12.2169,13.3952
"8260",19,2024-01-19,12.74,12.2127,13.402
"8261",20,2024-01-20,12.88,12.2078,13.4044
"8262",21,2024-01-21,12.91,12.2027,13.4062
"8263",22,2024-01-22,13.11,12.1973,13.4068
"8264",23,2024-01-23,13.11,12.1913,13.4038
"8265",24,2024-01-24,13.01,12.1852,13.3994
"8266",25,2024-01-25,13.05,12.1789,13.393
"8267",26,2024-01-26,13.39,12.1722,13.3855
"8268",27,2024-01-27,13.45,12.1656,13.3781
"8269",28,2024-01-28,13.59,12.1589,13.3692
"8270",29,2024-01-29,13.64,12.1518,13.3601
"8271",30,2024-01-30,NA,12.1439,13.3508
"8272",31,2024-01-31,13.81,12.1357,13.3409
"8273",32,2024-02-01,13.72,12.127,13.3314
"8274",33,2024-02-02,13.86,12.1174,13.3222
"8275",34,2024-02-03,13.48,12.1065,13.3131
"8276",35,2024-02-04,13.06,12.0944,13.3051
"8277",36,2024-02-05,13.2,12.0818,13.2979
"8278",37,2024-02-06,13.18,12.0693,13.2923
"8279",38,2024-02-07,13.11,12.0564,13.2882
"8280",39,2024-02-08,12.98,12.0428,13.2848
"8281",40,2024-02-09,12.97,12.0283,13.2804
"8282",41,2024-02-10,12.95,12.0141,13.2761
"8283",42,2024-02-11,13.07,11.9996,13.2723
"8284",43,2024-02-12,13.22,11.9854,13.2677
"8285",44,2024-02-13,13.23,11.972,13.2626
"8286",45,2024-02-14,13.19,11.9598,13.257
"8287",46,2024-02-15,13.14,11.9491,13.2529
"8288",47,2024-02-16,13.3,11.9397,13.2468
"8289",48,2024-02-17,13.2,11.9304,13.2402
"8290",49,2024-02-18,13.39,11.9211,13.2345
"8291",50,2024-02-19,13.39,11.912,13.23
"8292",51,2024-02-20,13.54,11.903,13.2294
"8293",52,2024-02-21,13.36,11.8942,13.2295
"8294",53,2024-02-22,13.47,11.8859,13.2304
"8295",54,2024-02-23,13.34,11.8775,13.2309
"8296",55,2024-02-24,13.51,11.8683,13.2325
"8297",56,2024-02-25,13.63,11.8585,13.2334
"8298",57,2024-02-26,13.68,11.8484,13.2329
"8299",58,2024-02-27,13.51,11.837,13.2318
"8300",59,2024-02-28,13.05,11.8254,13.2311
"8301",60,2024-02-29,12.98,11.8137,13.2292
"8302",61,2024-03-01,13.23,11.8028,13.2275
"8303",62,2024-03-02,13.38,11.7932,13.2275
"8304",63,2024-03-03,13.12,11.784,13.2255
"8305",64,2024-03-04,13.05,11.7746,13.2226
"8306",65,2024-03-05,13.35,11.7655,13.2192
"8307",66,2024-03-06,13.44,11.7568,13.2147
"8308",67,2024-03-07,13.15,11.7478,13.2097
"8309",68,2024-03-08,12.59,11.7381,13.2028
"8310",69,2024-03-09,12.72,11.7288,13.1937
"8311",70,2024-03-10,13.04,11.7201,13.1831
"8312",71,2024-03-11,13.14,11.7118,13.173
"8313",72,2024-03-12,13.27,11.7035,13.1629
"8314",73,2024-03-13,13.02,11.6942,13.1512
"8315",74,2024-03-14,12.1,11.6834,13.1378
"8316",75,2024-03-15,11.24,11.6714,13.1237
"8317",76,2024-03-16,12.27,11.6577,13.1093
"8318",77,2024-03-17,12.8,11.6425,13.0896
"8319",78,2024-03-18,12.2,11.6262,13.0714
"8320",79,2024-03-19,12.1,11.6098,13.0549
"8321",80,2024-03-20,11.18,11.5925,13.0392
"8322",81,2024-03-21,11.2,11.5741,13.0225
"8323",82,2024-03-22,12.1,11.5552,13.0033
"8324",83,2024-03-23,12.29,11.5342,12.9807
"8325",84,2024-03-24,11.88,11.5116,12.9584
"8326",85,2024-03-25,11.39,11.4887,12.9371
"8327",86,2024-03-26,11.32,11.4655,12.9158
"8328",87,2024-03-27,10.76,11.442,12.8964
"8329",88,2024-03-28,11.21,11.4191,12.8769
"8330",89,2024-03-29,11.85,11.3968,12.856
"8331",90,2024-03-30,12.43,11.3741,12.8345
"8332",91,2024-03-31,12.88,11.3516,12.8111
"8333",92,2024-04-01,13.05,11.3292,12.7882
"8334",93,2024-04-02,12.6,11.3055,12.7621
"8335",94,2024-04-03,12.44,11.2827,12.7383
"8336",95,2024-04-04,11.7,11.2624,12.7169
"8337",96,2024-04-05,11.39,11.2445,12.6968
"8338",97,2024-04-06,11.11,11.2288,12.6767
"8339",98,2024-04-07,11.45,11.215,12.655
"8340",99,2024-04-08,11.29,11.2016,12.633
"8341",100,2024-04-09,10.89,11.1888,12.6117
"8342",101,2024-04-10,11.18,11.176,12.59
"8343",102,2024-04-11,11.05,11.1639,12.5694
"8344",103,2024-04-12,11.2,11.1523,12.5498
"8345",104,2024-04-13,11.75,11.1429,12.5345
"8346",105,2024-04-14,11.55,11.1358,12.5216
"8347",106,2024-04-15,11.51,11.1294,12.5089
"8348",107,2024-04-16,11.39,11.1236,12.4966
"8349",108,2024-04-17,NA,11.1193,12.4895
"8350",109,2024-04-18,NA,11.1169,12.4855
"8351",110,2024-04-19,NA,11.1167,12.4855
"8352",111,2024-04-20,12,11.1188,12.4888
"8353",112,2024-04-21,12.63,11.1244,12.4971
"8354",113,2024-04-22,11.71,11.1317,12.5077
"8355",114,2024-04-23,11.61,11.1419,12.5213
"8356",115,2024-04-24,12.46,11.1548,12.5352
"8357",116,2024-04-25,12.81,11.1689,12.5496
"8358",117,2024-04-26,11.3,11.1862,12.5662
"8359",118,2024-04-27,11.54,11.205,12.5835
"8360",119,2024-04-28,10.78,11.2245,12.6026
"8361",120,2024-04-29,10.38,11.2452,12.6239
"8362",121,2024-04-30,10.37,11.2669,12.6461
"8363",122,2024-05-01,10.02,11.2882,12.6687
"8364",123,2024-05-02,9.77,11.308,12.6901
"8365",124,2024-05-03,9.63,11.3284,12.7126
"8366",125,2024-05-04,12.1,11.3487,12.7347
"8367",126,2024-05-05,11.32,11.3678,12.755
"8368",127,2024-05-06,10.97,11.3857,12.774
"8369",128,2024-05-07,10.76,11.401,12.7909
"8370",129,2024-05-08,10.27,11.4153,12.8054
"8371",130,2024-05-09,9.95,11.43,12.8203
"8372",131,2024-05-10,NA,11.4438,12.833
"8373",132,2024-05-11,NA,11.4575,12.8456
"8374",133,2024-05-12,12.95,11.4721,12.8573
"8375",134,2024-05-13,10.82,11.4891,12.8697
"8376",135,2024-05-14,10.48,11.507,12.884
"8377",136,2024-05-15,NA,11.5251,12.9003
"8378",137,2024-05-16,NA,11.5446,12.9172
"8379",138,2024-05-17,NA,11.5658,12.9371
"8380",139,2024-05-18,12.69,11.5873,12.9606
"8381",140,2024-05-19,12.47,11.6088,12.9846
"8382",141,2024-05-20,12.56,11.6292,13.0048
"8383",142,2024-05-21,11.59,11.6498,13.0215
"8384",143,2024-05-22,12.53,11.6703,13.0392
"8385",144,2024-05-23,11.99,11.6911,13.0592
"8386",145,2024-05-24,11.44,11.7124,13.0791
"8387",146,2024-05-25,10.41,11.7346,13.1022
"8388",147,2024-05-26,11.03,11.7574,13.128
"8389",148,2024-05-27,10.83,11.7788,13.1517
"8390",149,2024-05-28,10.91,11.7996,13.1735
"8391",150,2024-05-29,10.56,11.8214,13.1961
"8392",151,2024-05-30,10.13,11.8449,13.223
"8393",152,2024-05-31,11.91,11.8715,13.2528
"8394",153,2024-06-01,12.69,11.9007,13.2855
"8395",154,2024-06-02,12.75,11.9311,13.3184
"8396",155,2024-06-03,11.83,11.9623,13.3513
"8397",156,2024-06-04,11.1,11.9937,13.3876
"8398",157,2024-06-05,11.55,12.0247,13.4238
"8399",158,2024-06-06,11.43,12.0566,13.4607
"8400",159,2024-06-07,12.19,12.0911,13.5044
"8401",160,2024-06-08,14.5,12.1278,13.5579
"8402",161,2024-06-09,12.46,12.166,13.6107
"8403",162,2024-06-10,11.22,12.2042,13.6657
"8404",163,2024-06-11,10.63,12.2434,13.723
"8405",164,2024-06-12,11.58,12.2828,13.7816
"8406",165,2024-06-13,NA,12.3224,13.8396
"8407",166,2024-06-14,13.93,12.3621,13.8969
"8408",167,2024-06-15,12.66,12.4026,13.9526
"8409",168,2024-06-16,12.53,12.443,14.0085
"8410",169,2024-06-17,11.43,12.4823,14.0608
"8411",170,2024-06-18,11.19,12.5207,14.107
"8412",171,2024-06-19,11.84,12.5579,14.1478
"8413",172,2024-06-20,11.6,12.5956,14.1913
"8414",173,2024-06-21,11.55,12.6332,14.2357
"8415",174,2024-06-22,10.6,12.6691,14.2764
"8416",175,2024-06-23,10.49,12.7047,14.3154
"8417",176,2024-06-24,10.37,12.7389,14.3538
"8418",177,2024-06-25,9.79,12.7709,14.3876
"8419",178,2024-06-26,10.64,12.8006,14.4186
"8420",179,2024-06-27,11.04,12.8304,14.4502
"8421",180,2024-06-28,12.84,12.8625,14.4885
"8422",181,2024-06-29,13.64,12.8958,14.5295
"8423",182,2024-06-30,15.16,12.9286,14.5699
"8424",183,2024-07-01,14.69,12.9586,14.6066
"8425",184,2024-07-02,11.21,12.9869,14.6411
"8426",185,2024-07-03,14.93,13.0169,14.6788
"8427",186,2024-07-04,15.92,13.0475,14.7196
"8428",187,2024-07-05,15.74,13.0787,14.7557
"8429",188,2024-07-06,11.87,13.1127,14.7917
"8430",189,2024-07-07,11.21,13.1477,14.8293
"8431",190,2024-07-08,14.45,13.1825,14.8614
"8432",191,2024-07-09,12.77,13.216,14.8889
"8433",192,2024-07-10,12.05,13.249,14.9182
"8434",193,2024-07-11,12.12,13.283,14.9471
"8435",194,2024-07-12,12.73,13.3172,14.9713
"8436",195,2024-07-13,12.96,13.3517,14.9946
"8437",196,2024-07-14,14.29,13.3831,15.0159
"8438",197,2024-07-15,15.26,13.4113,15.033
"8439",198,2024-07-16,14.93,13.4382,15.0506
"8440",199,2024-07-17,14.73,13.4634,15.0712
"8441",200,2024-07-18,13.87,13.4876,15.0933
"8442",201,2024-07-19,14.07,13.5114,15.1169
"8443",202,2024-07-20,14.57,13.5343,15.1391
"8444",203,2024-07-21,14.1,13.5553,15.1582
"8445",204,2024-07-22,12.23,13.5754,15.1789
"8446",205,2024-07-23,12.61,13.5961,15.1995
"8447",206,2024-07-24,14.53,13.6151,15.2206
"8448",207,2024-07-25,14.44,13.6341,15.2421
"8449",208,2024-07-26,12.72,13.6541,15.2668
"8450",209,2024-07-27,12.73,13.6753,15.2906
"8451",210,2024-07-28,12.61,13.6964,15.3108
"8452",211,2024-07-29,12.87,13.7166,15.3244
"8453",212,2024-07-30,13.69,13.735,15.338
"8454",213,2024-07-31,13.71,13.7528,15.3498
"8455",214,2024-08-01,14.11,13.7711,15.3616
"8456",215,2024-08-02,12.96,13.7891,15.3745
"8457",216,2024-08-03,12.17,13.8056,15.3857
"8458",217,2024-08-04,11.31,13.8224,15.3976
"8459",218,2024-08-05,11.82,13.8397,15.4148
"8460",219,2024-08-06,11.71,13.8559,15.4348
"8461",220,2024-08-07,11.24,13.8703,15.4544
"8462",221,2024-08-08,12.59,13.8835,15.4746
"8463",222,2024-08-09,11.88,13.8965,15.4938
"8464",223,2024-08-10,12.24,13.9093,15.5113
"8465",224,2024-08-11,12.09,13.9209,15.5274
"8466",225,2024-08-12,12.35,13.9302,15.5457
"8467",226,2024-08-13,13,13.9376,15.5607
"8468",227,2024-08-14,13.3,13.9451,15.5736
"8469",228,2024-08-15,13.19,13.9525,15.5863
"8470",229,2024-08-16,12.86,13.9581,15.597
"8471",230,2024-08-17,14.17,13.9626,15.6042
"8472",231,2024-08-18,13.93,13.9675,15.611
"8473",232,2024-08-19,12.99,13.9728,15.6177
"8474",233,2024-08-20,12.25,13.9775,15.6231
"8475",234,2024-08-21,12.02,13.9817,15.6257
"8476",235,2024-08-22,11.34,13.9853,15.624
"8477",236,2024-08-23,12.28,13.989,15.6223
"8478",237,2024-08-24,14.07,13.9934,15.6196
"8479",238,2024-08-25,13.1,13.9973,15.6158
"8480",239,2024-08-26,13.31,14.0008,15.6111
"8481",240,2024-08-27,12.74,14.0036,15.6058
"8482",241,2024-08-28,13.29,14.0049,15.6035
"8483",242,2024-08-29,14.54,14.0037,15.6013
"8484",243,2024-08-30,15.29,14.0006,15.5961
"8485",244,2024-08-31,14.37,13.9957,15.5893
"8486",245,2024-09-01,13.64,13.9898,15.5829
"8487",246,2024-09-02,13.47,13.9834,15.5762
"8488",247,2024-09-03,12.99,13.9763,15.5691
"8489",248,2024-09-04,13.2,13.9671,15.5583
"8490",249,2024-09-05,14.74,13.9559,15.5435
"8491",250,2024-09-06,12.91,13.9426,15.5255
"8492",251,2024-09-07,12.62,13.9286,15.5049
"8493",252,2024-09-08,12.78,13.9146,15.4835
"8494",253,2024-09-09,13.88,13.9005,15.4622
"8495",254,2024-09-10,14.96,13.8856,15.4401
"8496",255,2024-09-11,13.99,13.8703,15.4187
"8497",256,2024-09-12,13.15,13.8553,15.3979
"8498",257,2024-09-13,12.42,13.8391,15.3786
"8499",258,2024-09-14,11.65,13.8218,15.3617
"8500",259,2024-09-15,12.33,13.8046,15.3445
"8501",260,2024-09-16,12.67,13.7878,15.3255
"8502",261,2024-09-17,12.05,13.7711,15.3062
"8503",262,2024-09-18,12.78,13.754,15.2856
"8504",263,2024-09-19,14.43,13.7358,15.2645
"8505",264,2024-09-20,13.46,13.7176,15.2487
"8506",265,2024-09-21,13.57,13.7,15.2375
"8507",266,2024-09-22,14.55,13.6823,15.2289
"8508",267,2024-09-23,14.32,13.6632,15.219
"8509",268,2024-09-24,14.02,13.6445,15.2082
"8510",269,2024-09-25,14.39,13.6261,15.1983
"8511",270,2024-09-26,14.47,13.6079,15.1879
"8512",271,2024-09-27,14.07,13.5907,15.1795
"8513",272,2024-09-28,13.58,13.575,15.1715
"8514",273,2024-09-29,14.06,13.5613,15.1649
"8515",274,2024-09-30,13.91,13.5499,15.1579
"8516",275,2024-10-01,13.88,13.5401,15.153
"8517",276,2024-10-02,14.46,13.5305,15.1476
"8518",277,2024-10-03,14.19,13.522,15.1442
"8519",278,2024-10-04,13.77,13.5145,15.1387
"8520",279,2024-10-05,14.29,13.5082,15.1328
"8521",280,2024-10-06,14.76,13.5029,15.1192
"8522",281,2024-10-07,14.54,13.4976,15.1035
"8523",282,2024-10-08,14.67,13.492,15.0888
"8524",283,2024-10-09,13.99,13.4854,15.0737
"8525",284,2024-10-10,15.02,13.4767,15.0583
"8526",285,2024-10-11,14.98,13.4666,15.0452
"8527",286,2024-10-12,15.02,13.456,15.0323
"8528",287,2024-10-13,14.84,13.4458,15.0204
"8529",288,2024-10-14,14.1,13.4366,15.0097
"8530",289,2024-10-15,13.01,13.4276,14.9999
"8531",290,2024-10-16,13.19,13.4178,14.9899
"8532",291,2024-10-17,12.58,13.4074,14.9815
"8533",292,2024-10-18,11.88,13.3969,14.9682
