"","doy","t","temp","seas","thresh"
"1",91,2000-03-31,11.06285714,11.6873,12.9741
"2",92,2000-04-01,11.98263158,11.6655,12.9484
"3",93,2000-04-02,12.33380952,11.6434,12.9235
"4",94,2000-04-03,12.33958333,11.6221,12.8996
"5",95,2000-04-04,12.57608696,11.6021,12.8795
"6",96,2000-04-05,11.55363636,11.5837,12.8636
"7",97,2000-04-06,11.51809524,11.5672,12.8489
"8",98,2000-04-07,11.513125,11.5516,12.8321
"9",99,2000-04-08,11.609375,11.5357,12.8156
"10",100,2000-04-09,11.12066667,11.5185,12.8025
"11",101,2000-04-10,10.65470588,11.5013,12.7943
"12",102,2000-04-11,10.46666667,11.4853,12.7834
"13",103,2000-04-12,11.1224,11.4705,12.7742
"14",104,2000-04-13,12.6356,11.4582,12.7686
"15",105,2000-04-14,12.7476,11.4479,12.764
"16",106,2000-04-15,12.148,11.4389,12.7625
"17",107,2000-04-16,12.93,11.4323,12.7633
"18",108,2000-04-17,13.17041667,11.4288,12.7671
"19",109,2000-04-18,12.97809524,11.4289,12.7723
"20",110,2000-04-19,13.01,11.4325,12.7796
"21",111,2000-04-20,13.12307692,11.4393,12.7872
"22",112,2000-04-21,12.69307692,11.4483,12.7956
"23",113,2000-04-22,12.12636364,11.4593,12.8064
"24",114,2000-04-23,11.77222222,11.4735,12.82
"25",115,2000-04-24,10.99,11.4891,12.8338
"26",116,2000-04-25,11.098,11.5065,12.8491
"27",117,2000-04-26,NA,11.5258,12.8643
"28",118,2000-04-27,NA,11.546,12.8799
"29",119,2000-04-28,10.4025,11.5659,12.8936
"30",120,2000-04-29,10.34,11.5852,12.9092
"31",121,2000-04-30,11.365,11.6044,12.923
"32",122,2000-05-01,11.40142857,11.624,12.9388
"33",123,2000-05-02,12.01631579,11.6447,12.9613
"34",124,2000-05-03,11.66217391,11.6653,12.9844
"35",125,2000-05-04,11.46227273,11.6851,13.007
"36",126,2000-05-05,11.3325,11.7044,13.0276
"37",127,2000-05-06,11.32478261,11.7235,13.045
"38",128,2000-05-07,11.31521739,11.7434,13.066
"39",129,2000-05-08,12.47409091,11.7649,13.0906
"40",130,2000-05-09,12.74083333,11.789,13.1171
"41",131,2000-05-10,11.50230769,11.8145,13.1436
"42",132,2000-05-11,10.61913043,11.8406,13.1681
"43",133,2000-05-12,10.87352941,11.868,13.2022
"44",134,2000-05-13,12.06333333,11.8959,13.235
"45",135,2000-05-14,12.14,11.9255,13.266
"46",136,2000-05-15,12.71411765,11.9566,13.2986
"47",137,2000-05-16,13.00529412,11.9894,13.3313
"48",138,2000-05-17,12.45882353,12.0223,13.3638
"49",139,2000-05-18,12.931875,12.054,13.3941
"50",140,2000-05-19,12.931875,12.0838,13.4229
"51",141,2000-05-20,12.74875,12.1115,13.4486
"52",142,2000-05-21,12.76866667,12.1396,13.4758
"53",143,2000-05-22,12.11583333,12.1675,13.5025
"54",144,2000-05-23,11.78375,12.195,13.5286
"55",145,2000-05-24,12.57,12.2235,13.5552
"56",146,2000-05-25,NA,12.2521,13.5834
"57",147,2000-05-26,12.7975,12.2806,13.6087
"58",148,2000-05-27,14.14666667,12.3105,13.6383
"59",149,2000-05-28,13.47571429,12.342,13.6661
"60",150,2000-05-29,13.15294118,12.3764,13.7007
"61",151,2000-05-30,12.56526316,12.4134,13.7409
"62",152,2000-05-31,12.26666667,12.4518,13.7828
"63",153,2000-06-01,11.51318182,12.4907,13.8242
"64",154,2000-06-02,10.92814815,12.5312,13.868
"65",155,2000-06-03,11.29724138,12.574,13.9114
"66",156,2000-06-04,12.18766667,12.619,13.9575
"67",157,2000-06-05,12.08172414,12.665,14.0027
"68",158,2000-06-06,12.39777778,12.711,14.048
"69",159,2000-06-07,12.42518519,12.7551,14.0893
"70",160,2000-06-08,12.51142857,12.7979,14.1301
"71",161,2000-06-09,12.86375,12.8386,14.1699
"72",162,2000-06-10,12.13166667,12.8797,14.2094
"73",163,2000-06-11,11.48722222,12.9224,14.2492
"74",164,2000-06-12,13.02526316,12.9665,14.2849
"75",165,2000-06-13,12.73894737,13.0127,14.3232
"76",166,2000-06-14,14.074,13.0582,14.3623
"77",167,2000-06-15,13.289,13.1016,14.3983
"78",168,2000-06-16,12.54619048,13.1444,14.4344
"79",169,2000-06-17,12.57388889,13.188,14.4712
"80",170,2000-06-18,13.68222222,13.2324,14.5088
"81",171,2000-06-19,13.17588235,13.2774,14.549
"82",172,2000-06-20,14.16357143,13.3232,14.5929
"83",173,2000-06-21,14.41333333,13.3688,14.6402
"84",174,2000-06-22,14.32733333,13.415,14.6887
"85",175,2000-06-23,14.46272727,13.4615,14.7374
"86",176,2000-06-24,15.35,13.5035,14.781
"87",177,2000-06-25,14.710625,13.5437,14.8216
"88",178,2000-06-26,13.96157895,13.5839,14.8667
"89",179,2000-06-27,13.99142857,13.6234,14.9075
"90",180,2000-06-28,13.86590909,13.662,14.9538
"91",181,2000-06-29,14.04333333,13.6991,14.9992
"92",182,2000-06-30,13.933,13.7346,15.0387
"93",183,2000-07-01,14.255,13.7694,15.0821
"94",184,2000-07-02,13.9769697,13.8037,15.1232
"95",185,2000-07-03,12.86903226,13.8362,15.1575
"96",186,2000-07-04,12.28333333,13.8664,15.1901
"97",187,2000-07-05,13.46,13.8965,15.2221
"98",188,2000-07-06,13.15482759,13.927,15.2585
"99",189,2000-07-07,13.61115385,13.9578,15.2948
"100",190,2000-07-08,13.70722222,13.9891,15.3355
"101",191,2000-07-09,13.7,14.0204,15.376
"102",192,2000-07-10,13.8135,14.0521,15.415
"103",193,2000-07-11,14.68238095,14.0834,15.4512
"104",194,2000-07-12,15.98454545,14.1139,15.4853
"105",195,2000-07-13,15.66681818,14.1409,15.5112
"106",196,2000-07-14,13.62909091,14.1652,15.5341
"107",197,2000-07-15,14.068,14.1888,15.5566
"108",198,2000-07-16,13.56708333,14.2131,15.5834
"109",199,2000-07-17,13.47782609,14.2366,15.6103
"110",200,2000-07-18,13.2426087,14.2577,15.6328
"111",201,2000-07-19,13.09363636,14.2775,15.6454
"112",202,2000-07-20,12.97421053,14.2962,15.655
"113",203,2000-07-21,13.35,14.3151,15.662
"114",204,2000-07-22,14.46285714,14.3341,15.6706
"115",205,2000-07-23,14.86117647,14.3524,15.6852
"116",206,2000-07-24,15.091,14.3711,15.7077
"117",207,2000-07-25,14.27272727,14.3917,15.7362
"118",208,2000-07-26,14.25208333,14.4141,15.7674
"119",209,2000-07-27,13.19041667,14.4365,15.7951
"120",210,2000-07-28,12.36285714,14.4586,15.8229
"121",211,2000-07-29,12.75457143,14.4808,15.8449
"122",212,2000-07-30,12.79472222,14.5022,15.863
"123",213,2000-07-31,12.626875,14.5232,15.8795
"124",214,2000-08-01,13.49454545,14.5429,15.8921
"125",215,2000-08-02,13.653,14.5599,15.9029
"126",216,2000-08-03,13.50592593,14.5749,15.9129
"127",217,2000-08-04,14.02821429,14.5888,15.9176
"128",218,2000-08-05,14.46826087,14.6007,15.92
"129",219,2000-08-06,15.184,14.6101,15.916
"130",220,2000-08-07,15.068,14.618,15.9088
"131",221,2000-08-08,13.88285714,14.6244,15.8993
"132",222,2000-08-09,14.46363636,14.6292,15.8906
"133",223,2000-08-10,14.225,14.6335,15.8835
"134",224,2000-08-11,12.57333333,14.6369,15.8794
"135",225,2000-08-12,13.1462963,14.6392,15.8772
"136",226,2000-08-13,13.72178571,14.6431,15.8809
"137",227,2000-08-14,13.31642857,14.6479,15.8893
"138",228,2000-08-15,NA,14.6515,15.8975
"139",229,2000-08-16,NA,14.6538,15.9049
"140",230,2000-08-17,13.3075,14.6557,15.9123
"141",231,2000-08-18,13.33227273,14.6571,15.9242
"142",232,2000-08-19,13.69809524,14.6578,15.9427
"143",233,2000-08-20,14.888125,14.6583,15.9615
"144",234,2000-08-21,13.79894737,14.6574,15.9773
"145",235,2000-08-22,13.15428571,14.6556,15.99
"146",236,2000-08-23,14.60173913,14.6535,15.9932
"147",237,2000-08-24,14.10416667,14.6493,15.9885
"148",238,2000-08-25,13.77769231,14.6441,15.9796
"149",239,2000-08-26,13.38030303,14.6377,15.9681
"150",240,2000-08-27,13.17371429,14.6294,15.955
"151",241,2000-08-28,13.66617647,14.6185,15.9389
"152",242,2000-08-29,13.64064516,14.6056,15.9227
"153",243,2000-08-30,14.20275862,14.5912,15.9055
"154",244,2000-08-31,13.51071429,14.5758,15.8883
"155",245,2000-09-01,13.482,14.5598,15.8694
"156",246,2000-09-02,14.38346154,14.5433,15.8517
"157",247,2000-09-03,14.61,14.5258,15.8262
"158",248,2000-09-04,13.75,14.5076,15.8059
"159",249,2000-09-05,13.28944444,14.488,15.7863
"160",250,2000-09-06,14.39789474,14.4682,15.7686
"161",251,2000-09-07,14.83157895,14.4479,15.7508
"162",252,2000-09-08,14.00857143,14.4277,15.7298
"163",253,2000-09-09,13.90851852,14.4076,15.7076
"164",254,2000-09-10,13.42518519,14.3872,15.6842
"165",255,2000-09-11,14.35777778,14.3669,15.6608
"166",256,2000-09-12,13.68814815,14.3454,15.6371
"167",257,2000-09-13,13.26961538,14.3219,15.6133
"168",258,2000-09-14,13.77916667,14.2976,15.5872
"169",259,2000-09-15,13.45166667,14.2726,15.5597
"170",260,2000-09-16,13.96409091,14.2469,15.529
"171",261,2000-09-17,14.01083333,14.2206,15.4952
"172",262,2000-09-18,14.78842105,14.1948,15.4595
"173",263,2000-09-19,14.871,14.1687,15.4269
"174",264,2000-09-20,14.70521739,14.1419,15.3957
"175",265,2000-09-21,14.16409091,14.1138,15.3663
"176",266,2000-09-22,15.30107143,14.083,15.3325
"177",267,2000-09-23,15.24875,14.051,15.2982
"178",268,2000-09-24,15.09424242,14.0186,15.2616
"179",269,2000-09-25,15.10393939,13.9846,15.2229
"180",270,2000-09-26,15.12787879,13.9503,15.1843
"181",271,2000-09-27,14.98766667,13.9172,15.1464
"182",272,2000-09-28,14.23964286,13.8863,15.1116
"183",273,2000-09-29,13.9184,13.8565,15.0781
"184",274,2000-09-30,13.96125,13.8279,15.0408
"185",275,2000-10-01,14.4084,13.7992,15.001
"186",276,2000-10-02,14.94294118,13.7711,14.9617
"187",277,2000-10-03,14.49470588,13.7456,14.9232
"188",278,2000-10-04,14.444375,13.7226,14.8929
"189",279,2000-10-05,14.89785714,13.7018,14.866
"190",280,2000-10-06,14.32357143,13.6836,14.8402
"191",281,2000-10-07,14.58809524,13.6662,14.8154
"192",282,2000-10-08,14.43636364,13.6487,14.7939
"193",283,2000-10-09,13.9208,13.6294,14.7711
"194",284,2000-10-10,13.95,13.6087,14.748
"195",285,2000-10-11,13.31576923,13.5869,14.7251
"196",286,2000-10-12,13.52962963,13.5657,14.7023
"197",287,2000-10-13,13.79111111,13.5461,14.6791
"198",288,2000-10-14,13.5008,13.5274,14.6559
"199",289,2000-10-15,13.18083333,13.5082,14.6317
"200",290,2000-10-16,13.90148148,13.4892,14.6075
"201",291,2000-10-17,13.46,13.4706,14.5842
"202",292,2000-10-18,14.29954545,13.452,14.564
"203",293,2000-10-19,14.25851852,13.4341,14.544
"204",294,2000-10-20,13.655,13.4179,14.5239
"205",295,2000-10-21,12.34966667,13.4031,14.5027
"206",296,2000-10-22,11.01666667,13.3902,14.483
"207",297,2000-10-23,11.80387097,13.3793,14.4657
"208",298,2000-10-24,12.38066667,13.3684,14.4511
"209",299,2000-10-25,12.71833333,13.358,14.438
"210",300,2000-10-26,12.79533333,13.3492,14.4271
"211",301,2000-10-27,12.87296296,13.3408,14.4174
"212",302,2000-10-28,12.2428,13.3322,14.4112
"213",303,2000-10-29,12.78833333,13.3231,14.405
"214",304,2000-10-30,13.174,13.3128,14.3974
"215",305,2000-10-31,13.98421053,13.3017,14.3945
"216",306,2000-11-01,14.19388889,13.2903,14.3942
"217",307,2000-11-02,14.37,13.2779,14.3938
"218",308,2000-11-03,14.11777778,13.2635,14.3927
"219",309,2000-11-04,13.39666667,13.2477,14.3912
"220",310,2000-11-05,13.15833333,13.2293,14.3859
"221",311,2000-11-06,12.22,13.2084,14.3801
"222",312,2000-11-07,11.00666667,13.186,14.3737
"223",313,2000-11-08,12.4925,13.1624,14.3626
"224",314,2000-11-09,11.06954545,13.1394,14.3501
"225",315,2000-11-10,11.18148148,13.1171,14.3322
"226",316,2000-11-11,11.38586207,13.0945,14.3103
"227",317,2000-11-12,11.70392857,13.0706,14.2854
"228",318,2000-11-13,11.23689655,13.0452,14.2586
"229",319,2000-11-14,11.769375,13.0187,14.2286
"230",320,2000-11-15,11.47028571,12.9922,14.1963
"231",321,2000-11-16,11.50742857,12.9663,14.169
"232",322,2000-11-17,11.34029412,12.9408,14.1425
"233",323,2000-11-18,10.99774194,12.9149,14.116
"234",324,2000-11-19,10.93230769,12.8884,14.0908
"235",325,2000-11-20,11.0056,12.8613,14.0655
"236",326,2000-11-21,11.08333333,12.8337,14.0403
"237",327,2000-11-22,11.3304,12.8057,14.0164
"238",328,2000-11-23,11.28384615,12.778,13.9916
"239",329,2000-11-24,11.15607143,12.7514,13.9699
"240",330,2000-11-25,11.06428571,12.7255,13.949
"241",331,2000-11-26,11.04192308,12.6997,13.9278
"242",332,2000-11-27,11.04269231,12.6741,13.907
"243",333,2000-11-28,11.17333333,12.6481,13.8808
"244",334,2000-11-29,11.38655172,12.6226,13.8502
"245",335,2000-11-30,11.2637037,12.5981,13.8185
"246",336,2000-12-01,11.31,12.5735,13.7867
"247",337,2000-12-02,11.02428571,12.5496,13.7538
"248",338,2000-12-03,10.89,12.5268,13.7201
"249",339,2000-12-04,10.89,12.5046,13.6854
"250",340,2000-12-05,11.099375,12.4826,13.6464
"251",341,2000-12-06,11.57166667,12.4617,13.606
"252",342,2000-12-07,12.003,12.4415,13.5653
"253",343,2000-12-08,11.84380952,12.4218,13.5229
"254",344,2000-12-09,10.71714286,12.4029,13.484
"255",345,2000-12-10,12.04333333,12.3846,13.4469
"256",346,2000-12-11,12.0565625,12.3671,13.4157
"257",347,2000-12-12,12.36147059,12.3506,13.3886
"258",348,2000-12-13,12.17857143,12.3348,13.3639
"259",349,2000-12-14,12.47513514,12.3191,13.3395
"260",350,2000-12-15,12.87777778,12.3042,13.3182
"261",351,2000-12-16,12.62771429,12.2897,13.2996
"262",352,2000-12-17,12.595,12.275,13.2764
"263",353,2000-12-18,12.14,12.2605,13.2525
"264",354,2000-12-19,12.14,12.2474,13.2303
"265",355,2000-12-20,12.14,12.2354,13.2092
"266",356,2000-12-21,12.03863636,12.2237,13.1891
"267",357,2000-12-22,12.20958333,12.2119,13.1705
"268",358,2000-12-23,12.18,12.2004,13.151
"269",359,2000-12-24,12.108,12.1886,13.1316
"270",360,2000-12-25,11.94133333,12.1767,13.1101
"271",361,2000-12-26,11.734,12.1647,13.0891
"272",362,2000-12-27,11.75,12.1525,13.0696
"273",363,2000-12-28,11.6725,12.14,13.051
"274",364,2000-12-29,11.67321429,12.1277,13.0349
"275",365,2000-12-30,11.67307692,12.1151,13.0235
"276",366,2000-12-31,11.58133333,12.1024,13.0133
"277",1,2001-01-01,11.68333333,12.0905,13.0033
"278",2,2001-01-02,12.05466667,12.0793,12.9941
"279",3,2001-01-03,11.91823529,12.0687,12.9855
"280",4,2001-01-04,11.6175,12.0591,12.9803
"281",5,2001-01-05,11.46181818,12.0506,12.9811
"282",6,2001-01-06,11.38,12.0434,12.9852
"283",7,2001-01-07,11.75705882,12.0377,12.9918
"284",8,2001-01-08,12.05916667,12.034,13.0008
"285",9,2001-01-09,11.90742857,12.0321,13.011
"286",10,2001-01-10,11.8425,12.0314,13.0236
"287",11,2001-01-11,11.81628571,12.0312,13.0368
"288",12,2001-01-12,11.69428571,12.0312,13.0503
"289",13,2001-01-13,11.93228571,12.0311,13.0636
"290",14,2001-01-14,12.07387097,12.0314,13.0774
"291",15,2001-01-15,11.82944444,12.0319,13.0898
"292",16,2001-01-16,11.47789474,12.0327,13.0996
"293",17,2001-01-17,11.36,12.0336,13.1059
"294",18,2001-01-18,11.31909091,12.0344,13.1121
"295",19,2001-01-19,11.7326087,12.0345,13.1165
"296",20,2001-01-20,11.67,12.0336,13.1187
"297",21,2001-01-21,11.75548387,12.0322,13.1197
"298",22,2001-01-22,11.91,12.0309,13.1188
"299",23,2001-01-23,11.88482759,12.0298,13.1175
"300",24,2001-01-24,11.67,12.0291,13.1163
"301",25,2001-01-25,11.60259259,12.0282,13.1153
"302",26,2001-01-26,11.4548,12.0273,13.1146
"303",27,2001-01-27,11.5368,12.0267,13.1131
"304",28,2001-01-28,11.49,12.0267,13.1128
"305",29,2001-01-29,11.52,12.0273,13.1139
"306",30,2001-01-30,11.50857143,12.0279,13.1152
"307",31,2001-01-31,11.21,12.0285,13.1183
"308",32,2001-02-01,11.21,12.0289,13.1209
"309",33,2001-02-02,11.22380952,12.0291,13.1244
"310",34,2001-02-03,11.49913043,12.0289,13.13
"311",35,2001-02-04,11.598,12.0282,13.1347
"312",36,2001-02-05,11.73121212,12.0277,13.1385
"313",37,2001-02-06,11.25027027,12.0272,13.1417
"314",38,2001-02-07,10.42735294,12.0258,13.1431
"315",39,2001-02-08,10.20787879,12.0231,13.1442
"316",40,2001-02-09,10.521875,12.0194,13.1452
"317",41,2001-02-10,10.55064516,12.0155,13.1462
"318",42,2001-02-11,10.72965517,12.0119,13.1472
"319",43,2001-02-12,10.75958333,12.0091,13.1482
"320",44,2001-02-13,10.65235294,12.0073,13.1502
"321",45,2001-02-14,10.70578947,12.0067,13.1525
"322",46,2001-02-15,10.8565,12.0069,13.1567
"323",47,2001-02-16,10.84,12.007,13.1633
"324",48,2001-02-17,10.94666667,12.0073,13.173
"325",49,2001-02-18,11.03875,12.008,13.1828
"326",50,2001-02-19,11.19888889,12.0088,13.1924
"327",51,2001-02-20,11.37111111,12.0103,13.2025
"328",52,2001-02-21,11.43384615,12.0124,13.2141
"329",53,2001-02-22,11.5176,12.015,13.23
"330",54,2001-02-23,11.54636364,12.0171,13.2468
"331",55,2001-02-24,11.43857143,12.0188,13.2634
"332",56,2001-02-25,11.63142857,12.02,13.279
"333",57,2001-02-26,11.67625,12.0208,13.2936
"334",58,2001-02-27,11.77,12.0207,13.3076
"335",59,2001-02-28,11.71230769,12.0199,13.3202
"336",61,2001-03-01,11.63764706,12.0195,13.3424
"337",62,2001-03-02,11.77,12.0203,13.3516
"338",63,2001-03-03,11.62,12.0203,13.3593
"339",64,2001-03-04,11.77,12.0195,13.3644
"340",65,2001-03-05,11.98535714,12.0183,13.368
"341",66,2001-03-06,12.19,12.017,13.3696
"342",67,2001-03-07,12.00818182,12.015,13.3691
"343",68,2001-03-08,11.95625,12.0126,13.368
"344",69,2001-03-09,11.94448276,12.011,13.3634
"345",70,2001-03-10,11.87448276,12.01,13.3576
"346",71,2001-03-11,11.99821429,12.0084,13.3512
"347",72,2001-03-12,12.4872,12.0057,13.3431
"348",73,2001-03-13,12.27,12.0007,13.3346
"349",74,2001-03-14,12.12571429,11.9943,13.3252
"350",75,2001-03-15,12.01823529,11.9864,13.3124
"351",76,2001-03-16,11.81705882,11.9763,13.298
"352",77,2001-03-17,11.473125,11.9639,13.282
"353",78,2001-03-18,11.49,11.9504,13.2661
"354",79,2001-03-19,11.76,11.9354,13.2503
"355",80,2001-03-20,12.28789474,11.9185,13.2335
"356",81,2001-03-21,12.8315,11.9005,13.2156
"357",82,2001-03-22,12.4945,11.8813,13.1955
"358",83,2001-03-23,12.9405,11.8609,13.1738
"359",84,2001-03-24,13.0335,11.8401,13.1479
"360",85,2001-03-25,12.57444444,11.8186,13.1214
"361",86,2001-03-26,11.69066667,11.7956,13.0948
"362",87,2001-03-27,11.655,11.7725,13.0707
"363",88,2001-03-28,11.55923077,11.7503,13.0468
"364",89,2001-03-29,11.10266667,11.729,13.0229
"365",90,2001-03-30,10.8425,11.708,12.998
"366",91,2001-03-31,11.51764706,11.6873,12.9741
"367",92,2001-04-01,10.88578947,11.6655,12.9484
"368",93,2001-04-02,9.990555556,11.6434,12.9235
"369",94,2001-04-03,9.313461538,11.6221,12.8996
"370",95,2001-04-04,9.537037037,11.6021,12.8795
"371",96,2001-04-05,9.727142857,11.5837,12.8636
"372",97,2001-04-06,9.876896552,11.5672,12.8489
"373",98,2001-04-07,10.20407407,11.5516,12.8321
"374",99,2001-04-08,10.12115385,11.5357,12.8156
"375",100,2001-04-09,10.52826087,11.5185,12.8025
"376",101,2001-04-10,10.16789474,11.5013,12.7943
"377",102,2001-04-11,9.715714286,11.4853,12.7834
"378",103,2001-04-12,9.423846154,11.4705,12.7742
"379",104,2001-04-13,9.422307692,11.4582,12.7686
"380",105,2001-04-14,9.34,11.4479,12.764
"381",106,2001-04-15,9.34,11.4389,12.7625
"382",107,2001-04-16,NA,11.4323,12.7633
"383",108,2001-04-17,NA,11.4288,12.7671
"384",109,2001-04-18,11.98,11.4289,12.7723
"385",110,2001-04-19,11.2475,11.4325,12.7796
"386",111,2001-04-20,10.644,11.4393,12.7872
"387",112,2001-04-21,11.2725,11.4483,12.7956
"388",113,2001-04-22,11.20692308,11.4593,12.8064
"389",114,2001-04-23,11.41533333,11.4735,12.82
"390",115,2001-04-24,10.79066667,11.4891,12.8338
"391",116,2001-04-25,10.514375,11.5065,12.8491
"392",117,2001-04-26,10.84882353,11.5258,12.8643
"393",118,2001-04-27,11.07823529,11.546,12.8799
"394",119,2001-04-28,10.983125,11.5659,12.8936
"395",120,2001-04-29,9.974666667,11.5852,12.9092
"396",121,2001-04-30,10.35863636,11.6044,12.923
"397",122,2001-05-01,10.57791667,11.624,12.9388
"398",123,2001-05-02,10.36608696,11.6447,12.9613
"399",124,2001-05-03,11.51695652,11.6653,12.9844
"400",125,2001-05-04,12.04125,11.6851,13.007
"401",126,2001-05-05,11.96272727,11.7044,13.0276
"402",127,2001-05-06,12.32708333,11.7235,13.045
"403",128,2001-05-07,13.36272727,11.7434,13.066
"404",129,2001-05-08,11.80166667,11.7649,13.0906
"405",130,2001-05-09,11.05,11.789,13.1171
"406",131,2001-05-10,12.465625,11.8145,13.1436
"407",132,2001-05-11,14.07714286,11.8406,13.1681
"408",133,2001-05-12,14.34555556,11.868,13.2022
"409",134,2001-05-13,13.765,11.8959,13.235
"410",135,2001-05-14,NA,11.9255,13.266
"411",136,2001-05-15,NA,11.9566,13.2986
"412",137,2001-05-16,12.29285714,11.9894,13.3313
"413",138,2001-05-17,12.49181818,12.0223,13.3638
"414",139,2001-05-18,12.18615385,12.054,13.3941
"415",140,2001-05-19,13.74357143,12.0838,13.4229
"416",141,2001-05-20,13.564375,12.1115,13.4486
"417",142,2001-05-21,13.59833333,12.1396,13.4758
"418",143,2001-05-22,13.65736842,12.1675,13.5025
"419",144,2001-05-23,12.25315789,12.195,13.5286
"420",145,2001-05-24,12.47368421,12.2235,13.5552
"421",146,2001-05-25,12.60681818,12.2521,13.5834
"422",147,2001-05-26,13.19391304,12.2806,13.6087
"423",148,2001-05-27,13.34791667,12.3105,13.6383
"424",149,2001-05-28,12.8232,12.342,13.6661
"425",150,2001-05-29,11.27730769,12.3764,13.7007
"426",151,2001-05-30,13.035,12.4134,13.7409
"427",152,2001-05-31,14.70588235,12.4518,13.7828
"428",153,2001-06-01,14.32277778,12.4907,13.8242
"429",154,2001-06-02,12.42473684,12.5312,13.868
"430",155,2001-06-03,11.4875,12.574,13.9114
"431",156,2001-06-04,12.67285714,12.619,13.9575
"432",157,2001-06-05,12.83666667,12.665,14.0027
"433",158,2001-06-06,12.861,12.711,14.048
"434",159,2001-06-07,12.90684211,12.7551,14.0893
"435",160,2001-06-08,12.14823529,12.7979,14.1301
"436",161,2001-06-09,11.79666667,12.8386,14.1699
"437",162,2001-06-10,11.11,12.8797,14.2094
"438",163,2001-06-11,10.42375,12.9224,14.2492
"439",164,2001-06-12,12.18,12.9665,14.2849
"440",165,2001-06-13,13.727,13.0127,14.3232
"441",166,2001-06-14,13.42230769,13.0582,14.3623
"442",167,2001-06-15,13.46866667,13.1016,14.3983
"443",168,2001-06-16,14.94294118,13.1444,14.4344
"444",169,2001-06-17,13.11842105,13.188,14.4712
"445",170,2001-06-18,13.66857143,13.2324,14.5088
"446",171,2001-06-19,13.53521739,13.2774,14.549
"447",172,2001-06-20,14.25166667,13.3232,14.5929
"448",173,2001-06-21,14.31321429,13.3688,14.6402
"449",174,2001-06-22,13.34766667,13.415,14.6887
"450",175,2001-06-23,13.15033333,13.4615,14.7374
"451",176,2001-06-24,13.171,13.5035,14.781
"452",177,2001-06-25,13.16857143,13.5437,14.8216
"453",178,2001-06-26,13.33357143,13.5839,14.8667
"454",179,2001-06-27,13.54185185,13.6234,14.9075
"455",180,2001-06-28,14.90368421,13.662,14.9538
"456",181,2001-06-29,13.1,13.6991,14.9992
"457",182,2001-06-30,14.69714286,13.7346,15.0387
"458",183,2001-07-01,14.685,13.7694,15.0821
"459",184,2001-07-02,13.85434783,13.8037,15.1232
"460",185,2001-07-03,14.77545455,13.8362,15.1575
"461",186,2001-07-04,13.12678571,13.8664,15.1901
"462",187,2001-07-05,12.65888889,13.8965,15.2221
"463",188,2001-07-06,13.45153846,13.927,15.2585
"464",189,2001-07-07,14.18375,13.9578,15.2948
"465",190,2001-07-08,14.98380952,13.9891,15.3355
"466",191,2001-07-09,15.05352941,14.0204,15.376
"467",192,2001-07-10,15.73533333,14.0521,15.415
"468",193,2001-07-11,16.002,14.0834,15.4512
"469",194,2001-07-12,15.02615385,14.1139,15.4853
"470",195,2001-07-13,14.1625,14.1409,15.5112
"471",196,2001-07-14,13.97111111,14.1652,15.5341
"472",197,2001-07-15,12.7447619,14.1888,15.5566
"473",198,2001-07-16,13.32565217,14.2131,15.5834
"474",199,2001-07-17,12.5936,14.2366,15.6103
"475",200,2001-07-18,14.2116,14.2577,15.6328
"476",201,2001-07-19,13.72,14.2775,15.6454
"477",202,2001-07-20,13.22705882,14.2962,15.655
"478",203,2001-07-21,12.675625,14.3151,15.662
"479",204,2001-07-22,13.0909375,14.3341,15.6706
"480",205,2001-07-23,14.14275862,14.3524,15.6852
"481",206,2001-07-24,14.79148148,14.3711,15.7077
"482",207,2001-07-25,14.86931034,14.3917,15.7362
"483",208,2001-07-26,15.32833333,14.4141,15.7674
"484",209,2001-07-27,15.164,14.4365,15.7951
"485",210,2001-07-28,14.20454545,14.4586,15.8229
"486",211,2001-07-29,15.20954545,14.4808,15.8449
"487",212,2001-07-30,13.1225,14.5022,15.863
"488",213,2001-07-31,13.1625,14.5232,15.8795
"489",214,2001-08-01,14.12870968,14.5429,15.8921
"490",215,2001-08-02,13.38375,14.5599,15.9029
"491",216,2001-08-03,14.03766667,14.5749,15.9129
"492",217,2001-08-04,14.01846154,14.5888,15.9176
"493",218,2001-08-05,13.314,14.6007,15.92
"494",219,2001-08-06,12.67136364,14.6101,15.916
"495",220,2001-08-07,12.727,14.618,15.9088
"496",221,2001-08-08,13.41882353,14.6244,15.8993
"497",222,2001-08-09,14.75692308,14.6292,15.8906
"498",223,2001-08-10,14.8,14.6335,15.8835
"499",224,2001-08-11,13.63111111,14.6369,15.8794
"500",225,2001-08-12,14.9255,14.6392,15.8772
"501",226,2001-08-13,14.2273913,14.6431,15.8809
"502",227,2001-08-14,12.97375,14.6479,15.8893
"503",228,2001-08-15,13.7972,14.6515,15.8975
"504",229,2001-08-16,13.6734375,14.6538,15.9049
"505",230,2001-08-17,13.49264706,14.6557,15.9123
"506",231,2001-08-18,13.28857143,14.6571,15.9242
"507",232,2001-08-19,13.27645161,14.6578,15.9427
"508",233,2001-08-20,12.677,14.6583,15.9615
"509",234,2001-08-21,12.67862069,14.6574,15.9773
"510",235,2001-08-22,12.40592593,14.6556,15.99
"511",236,2001-08-23,11.87166667,14.6535,15.9932
"512",237,2001-08-24,12.16473684,14.6493,15.9885
"513",238,2001-08-25,13.28761905,14.6441,15.9796
"514",239,2001-08-26,13.32818182,14.6377,15.9681
"515",240,2001-08-27,13.875,14.6294,15.955
"516",241,2001-08-28,13.47807692,14.6185,15.9389
"517",242,2001-08-29,13.22645161,14.6056,15.9227
"518",243,2001-08-30,14.12066667,14.5912,15.9055
"519",244,2001-08-31,13.50275862,14.5758,15.8883
"520",245,2001-09-01,13.76678571,14.5598,15.8694
"521",246,2001-09-02,13.50703704,14.5433,15.8517
"522",247,2001-09-03,12.94363636,14.5258,15.8262
"523",248,2001-09-04,13.16428571,14.5076,15.8059
"524",249,2001-09-05,13.31,14.488,15.7863
"525",250,2001-09-06,13.40833333,14.4682,15.7686
"526",251,2001-09-07,13.455625,14.4479,15.7508
"527",252,2001-09-08,13.49555556,14.4277,15.7298
"528",253,2001-09-09,13.565,14.4076,15.7076
"529",254,2001-09-10,13.66590909,14.3872,15.6842
"530",255,2001-09-11,14.58043478,14.3669,15.6608
"531",256,2001-09-12,14.13782609,14.3454,15.6371
"532",257,2001-09-13,13.63066667,14.3219,15.6133
"533",258,2001-09-14,13.30424242,14.2976,15.5872
"534",259,2001-09-15,13.11823529,14.2726,15.5597
"535",260,2001-09-16,14.04647059,14.2469,15.529
"536",261,2001-09-17,12.68677419,14.2206,15.4952
"537",262,2001-09-18,12.43931034,14.1948,15.4595
"538",263,2001-09-19,12.50535714,14.1687,15.4269
"539",264,2001-09-20,13.59653846,14.1419,15.3957
"540",265,2001-09-21,13.77285714,14.1138,15.3663
"541",266,2001-09-22,13.1547619,14.083,15.3325
"542",267,2001-09-23,13.841,14.051,15.2982
"543",268,2001-09-24,13.68,14.0186,15.2616
"544",269,2001-09-25,13.45541667,13.9846,15.2229
"545",270,2001-09-26,12.61142857,13.9503,15.1843
"546",271,2001-09-27,11.85785714,13.9172,15.1464
"547",272,2001-09-28,12.10407407,13.8863,15.1116
"548",273,2001-09-29,13.24814815,13.8565,15.0781
"549",274,2001-09-30,13.76083333,13.8279,15.0408
"550",275,2001-10-01,13.52333333,13.7992,15.001
"551",276,2001-10-02,12.73,13.7711,14.9617
"552",277,2001-10-03,12.6447619,13.7456,14.9232
"553",278,2001-10-04,13.475625,13.7226,14.8929
"554",279,2001-10-05,13.26111111,13.7018,14.866
"555",280,2001-10-06,12.91315789,13.6836,14.8402
"556",281,2001-10-07,13.6025,13.6662,14.8154
"557",282,2001-10-08,13.26590909,13.6487,14.7939
"558",283,2001-10-09,13.52478261,13.6294,14.7711
"559",284,2001-10-10,13.98333333,13.6087,14.748
"560",285,2001-10-11,12.82758621,13.5869,14.7251
"561",286,2001-10-12,13.53967742,13.5657,14.7023
"562",287,2001-10-13,13.4875,13.5461,14.6791
"563",288,2001-10-14,13.29580645,13.5274,14.6559
"564",289,2001-10-15,13.16322581,13.5082,14.6317
"565",290,2001-10-16,12.75741935,13.4892,14.6075
"566",291,2001-10-17,12.89689655,13.4706,14.5842
"567",292,2001-10-18,13.31535714,13.452,14.564
"568",293,2001-10-19,13.73892857,13.4341,14.544
"569",294,2001-10-20,13.80193548,13.4179,14.5239
"570",295,2001-10-21,13.43037037,13.4031,14.5027
"571",296,2001-10-22,13.4424,13.3902,14.483
"572",297,2001-10-23,13.46625,13.3793,14.4657
"573",298,2001-10-24,12.55045455,13.3684,14.4511
"574",299,2001-10-25,12.80631579,13.358,14.438
"575",300,2001-10-26,13.51777778,13.3492,14.4271
"576",301,2001-10-27,13.21045455,13.3408,14.4174
"577",302,2001-10-28,13.50842105,13.3322,14.4112
"578",303,2001-10-29,13.34631579,13.3231,14.405
"579",304,2001-10-30,13.4035,13.3128,14.3974
"580",305,2001-10-31,13.0552381,13.3017,14.3945
"581",306,2001-11-01,12.75333333,13.2903,14.3942
"582",307,2001-11-02,12.751,13.2779,14.3938
"583",308,2001-11-03,13.20409091,13.2635,14.3927
"584",309,2001-11-04,13.18565217,13.2477,14.3912
"585",310,2001-11-05,13.4175,13.2293,14.3859
"586",311,2001-11-06,13.3508,13.2084,14.3801
"587",312,2001-11-07,12.851875,13.186,14.3737
"588",313,2001-11-08,13.2962069,13.1624,14.3626
"589",314,2001-11-09,13.3975,13.1394,14.3501
"590",315,2001-11-10,13.37153846,13.1171,14.3322
"591",316,2001-11-11,13.50666667,13.0945,14.3103
"592",317,2001-11-12,13.55551724,13.0706,14.2854
"593",318,2001-11-13,13.55935484,13.0452,14.2586
"594",319,2001-11-14,13.72096774,13.0187,14.2286
"595",320,2001-11-15,13.72413793,12.9922,14.1963
"596",321,2001-11-16,13.99689655,12.9663,14.169
"597",322,2001-11-17,14.355,12.9408,14.1425
"598",323,2001-11-18,14.17212121,12.9149,14.116
"599",324,2001-11-19,14.04606061,12.8884,14.0908
"600",325,2001-11-20,14.44,12.8613,14.0655
"601",326,2001-11-21,14.32,12.8337,14.0403
"602",327,2001-11-22,14.37769231,12.8057,14.0164
"603",328,2001-11-23,13.62928571,12.778,13.9916
"604",329,2001-11-24,13.85,12.7514,13.9699
"605",330,2001-11-25,12.864375,12.7255,13.949
"606",331,2001-11-26,12.97647059,12.6997,13.9278
"607",332,2001-11-27,12.61,12.6741,13.907
"608",333,2001-11-28,13.22473684,12.6481,13.8808
"609",334,2001-11-29,13.54,12.6226,13.8502
"610",335,2001-11-30,13.17518519,12.5981,13.8185
"611",336,2001-12-01,13.23592593,12.5735,13.7867
"612",337,2001-12-02,13.3237931,12.5496,13.7538
"613",338,2001-12-03,13.35285714,12.5268,13.7201
"614",339,2001-12-04,13.15972222,12.5046,13.6854
"615",340,2001-12-05,12.96,12.4826,13.6464
"616",341,2001-12-06,13.27151515,12.4617,13.606
"617",342,2001-12-07,13.10038462,12.4415,13.5653
"618",343,2001-12-08,12.77882353,12.4218,13.5229
"619",344,2001-12-09,12.7755,12.4029,13.484
"620",345,2001-12-10,11.84,12.3846,13.4469
"621",346,2001-12-11,11.08333333,12.3671,13.4157
"622",347,2001-12-12,11.17896552,12.3506,13.3886
"623",348,2001-12-13,11.54121212,12.3348,13.3639
"624",349,2001-12-14,11.39483871,12.3191,13.3395
"625",350,2001-12-15,10.2665625,12.3042,13.3182
"626",351,2001-12-16,10.5,12.2897,13.2996
"627",352,2001-12-17,11.454,12.275,13.2764
"628",353,2001-12-18,11.30617647,12.2605,13.2525
"629",354,2001-12-19,11.13333333,12.2474,13.2303
"630",355,2001-12-20,11.60090909,12.2354,13.2092
"631",356,2001-12-21,11.57461538,12.2237,13.1891
"632",357,2001-12-22,11.39,12.2119,13.1705
"633",358,2001-12-23,11.39,12.2004,13.151
"634",359,2001-12-24,11.12333333,12.1886,13.1316
"635",360,2001-12-25,11.24,12.1767,13.1101
"636",361,2001-12-26,11.39,12.1647,13.0891
"637",362,2001-12-27,11.39,12.1525,13.0696
"638",363,2001-12-28,11.49285714,12.14,13.051
"639",364,2001-12-29,11.43,12.1277,13.0349
"640",365,2001-12-30,11.52090909,12.1151,13.0235
"641",366,2001-12-31,11.59114286,12.1024,13.0133
"642",1,2002-01-01,11.78916667,12.0905,13.0033
"643",2,2002-01-02,11.98694444,12.0793,12.9941
"644",3,2002-01-03,11.99171429,12.0687,12.9855
"645",4,2002-01-04,11.713,12.0591,12.9803
"646",5,2002-01-05,11.47888889,12.0506,12.9811
"647",6,2002-01-06,11.71,12.0434,12.9852
"648",7,2002-01-07,11.71,12.0377,12.9918
"649",8,2002-01-08,11.86,12.034,13.0008
"650",9,2002-01-09,12.02,12.0321,13.011
"651",10,2002-01-10,11.7428125,12.0314,13.0236
"652",11,2002-01-11,11.76571429,12.0312,13.0368
"653",12,2002-01-12,11.7521875,12.0312,13.0503
"654",13,2002-01-13,11.72757576,12.0311,13.0636
"655",14,2002-01-14,11.57580645,12.0314,13.0774
"656",15,2002-01-15,11.31903226,12.0319,13.0898
"657",16,2002-01-16,11.24,12.0327,13.0996
"658",17,2002-01-17,11.35916667,12.0336,13.1059
"659",18,2002-01-18,11.2875,12.0344,13.1121
"660",19,2002-01-19,11.13090909,12.0345,13.1165
"661",20,2002-01-20,10.93,12.0336,13.1187
"662",21,2002-01-21,10.88588235,12.0322,13.1197
"663",22,2002-01-22,10.825,12.0309,13.1188
"664",23,2002-01-23,10.4852381,12.0298,13.1175
"665",24,2002-01-24,10.14166667,12.0291,13.1163
"666",25,2002-01-25,10.2368,12.0282,13.1153
"667",26,2002-01-26,10.68294118,12.0273,13.1146
"668",27,2002-01-27,10.60171429,12.0267,13.1131
"669",28,2002-01-28,10.44272727,12.0267,13.1128
"670",29,2002-01-29,10.23848485,12.0273,13.1139
"671",30,2002-01-30,10.22333333,12.0279,13.1152
"672",31,2002-01-31,10.06,12.0285,13.1183
"673",32,2002-02-01,10.33862069,12.0289,13.1209
"674",33,2002-02-02,10.47807692,12.0291,13.1244
"675",34,2002-02-03,10.29473684,12.0289,13.13
"676",35,2002-02-04,10.5805,12.0282,13.1347
"677",36,2002-02-05,10.44272727,12.0277,13.1385
"678",37,2002-02-06,10.52565217,12.0272,13.1417
"679",38,2002-02-07,10.86444444,12.0258,13.1431
"680",39,2002-02-08,10.789375,12.0231,13.1442
"681",40,2002-02-09,10.67727273,12.0194,13.1452
"682",41,2002-02-10,10.94032258,12.0155,13.1462
"683",42,2002-02-11,10.86862069,12.0119,13.1472
"684",43,2002-02-12,10.79384615,12.0091,13.1482
"685",44,2002-02-13,10.6016,12.0073,13.1502
"686",45,2002-02-14,10.54095238,12.0067,13.1525
"687",46,2002-02-15,10.83764706,12.0069,13.1567
"688",47,2002-02-16,10.902,12.007,13.1633
"689",48,2002-02-17,10.79,12.0073,13.173
"690",49,2002-02-18,10.80066667,12.008,13.1828
"691",50,2002-02-19,11.02529412,12.0088,13.1924
"692",51,2002-02-20,11.11,12.0103,13.2025
"693",52,2002-02-21,11.30285714,12.0124,13.2141
"694",53,2002-02-22,11.26,12.015,13.23
"695",54,2002-02-23,11.41,12.0171,13.2468
"696",55,2002-02-24,11.1603125,12.0188,13.2634
"697",56,2002-02-25,11.19878788,12.02,13.279
"698",57,2002-02-26,11.47322581,12.0208,13.2936
"699",58,2002-02-27,11.61129032,12.0207,13.3076
"700",59,2002-02-28,11.54034483,12.0199,13.3202
"701",61,2002-03-01,11.52413793,12.0195,13.3424
"702",62,2002-03-02,11.62115385,12.0203,13.3516
"703",63,2002-03-03,11.326875,12.0203,13.3593
"704",64,2002-03-04,11.66705882,12.0195,13.3644
"705",65,2002-03-05,11.6205,12.0183,13.368
"706",66,2002-03-06,11.57714286,12.017,13.3696
"707",67,2002-03-07,11.88,12.015,13.3691
"708",68,2002-03-08,10.76538462,12.0126,13.368
"709",69,2002-03-09,11.00071429,12.011,13.3634
"710",70,2002-03-10,11.53153846,12.01,13.3576
"711",71,2002-03-11,11.4325,12.0084,13.3512
"712",72,2002-03-12,11.04521739,12.0057,13.3431
"713",73,2002-03-13,10.6247619,12.0007,13.3346
"714",74,2002-03-14,10.27789474,11.9943,13.3252
"715",75,2002-03-15,10.11133333,11.9864,13.3124
"716",76,2002-03-16,9.847777778,11.9763,13.298
"717",77,2002-03-17,9.71,11.9639,13.282
"718",78,2002-03-18,9.760833333,11.9504,13.2661
"719",79,2002-03-19,9.95,11.9354,13.2503
"720",80,2002-03-20,10.11,11.9185,13.2335
"721",81,2002-03-21,10.58105263,11.9005,13.2156
"722",82,2002-03-22,10.55578947,11.8813,13.1955
"723",83,2002-03-23,10.79,11.8609,13.1738
"724",84,2002-03-24,10.79333333,11.8401,13.1479
"725",85,2002-03-25,10.53793103,11.8186,13.1214
"726",86,2002-03-26,11.13866667,11.7956,13.0948
"727",87,2002-03-27,11.09266667,11.7725,13.0707
"728",88,2002-03-28,11.16172414,11.7503,13.0468
"729",89,2002-03-29,11.61259259,11.729,13.0229
"730",90,2002-03-30,11.61576923,11.708,12.998
"731",91,2002-03-31,11.75565217,11.6873,12.9741
"732",92,2002-04-01,11.66375,11.6655,12.9484
"733",93,2002-04-02,11.710625,11.6434,12.9235
"734",94,2002-04-03,11.57,11.6221,12.8996
"735",95,2002-04-04,11.72,11.6021,12.8795
"736",96,2002-04-05,12.03833333,11.5837,12.8636
"737",97,2002-04-06,12.17944444,11.5672,12.8489
"738",98,2002-04-07,11.75611111,11.5516,12.8321
"739",99,2002-04-08,11.32647059,11.5357,12.8156
"740",100,2002-04-09,11.51235294,11.5185,12.8025
"741",101,2002-04-10,12.12625,11.5013,12.7943
"742",102,2002-04-11,12.0525,11.4853,12.7834
"743",103,2002-04-12,12.29916667,11.4705,12.7742
"744",104,2002-04-13,12.11363636,11.4582,12.7686
"745",105,2002-04-14,11.49846154,11.4479,12.764
"746",106,2002-04-15,10.35357143,11.4389,12.7625
"747",107,2002-04-16,9.962,11.4323,12.7633
"748",108,2002-04-17,10.122,11.4288,12.7671
"749",109,2002-04-18,10.09571429,11.4289,12.7723
"750",110,2002-04-19,9.903333333,11.4325,12.7796
"751",111,2002-04-20,9.924666667,11.4393,12.7872
"752",112,2002-04-21,10.86888889,11.4483,12.7956
"753",113,2002-04-22,11.3547619,11.4593,12.8064
"754",114,2002-04-23,11.39695652,11.4735,12.82
"755",115,2002-04-24,12.426,11.4891,12.8338
"756",116,2002-04-25,12.06925926,11.5065,12.8491
"757",117,2002-04-26,10.45678571,11.5258,12.8643
"758",118,2002-04-27,10.958,11.546,12.8799
"759",119,2002-04-28,11.41333333,11.5659,12.8936
"760",120,2002-04-29,11.53727273,11.5852,12.9092
"761",121,2002-04-30,11.06,11.6044,12.923
"762",122,2002-05-01,10.78733333,11.624,12.9388
"763",123,2002-05-02,10.27076923,11.6447,12.9613
"764",124,2002-05-03,11.05428571,11.6653,12.9844
"765",125,2002-05-04,11.93,11.6851,13.007
"766",126,2002-05-05,11.88,11.7044,13.0276
"767",127,2002-05-06,12.065,11.7235,13.045
"768",128,2002-05-07,10.871,11.7434,13.066
"769",129,2002-05-08,12.24363636,11.7649,13.0906
"770",130,2002-05-09,11.49285714,11.789,13.1171
"771",131,2002-05-10,10.524,11.8145,13.1436
"772",132,2002-05-11,10.789375,11.8406,13.1681
"773",133,2002-05-12,10.56176471,11.868,13.2022
"774",134,2002-05-13,11.63,11.8959,13.235
"775",135,2002-05-14,11.31166667,11.9255,13.266
"776",136,2002-05-15,10.3,11.9566,13.2986
"777",137,2002-05-16,10.00470588,11.9894,13.3313
"778",138,2002-05-17,9.838666667,12.0223,13.3638
"779",139,2002-05-18,9.948571429,12.054,13.3941
"780",140,2002-05-19,10.2355,12.0838,13.4229
"781",141,2002-05-20,12.6,12.1115,13.4486
"782",142,2002-05-21,12.016,12.1396,13.4758
"783",143,2002-05-22,12.35411765,12.1675,13.5025
"784",144,2002-05-23,12.43888889,12.195,13.5286
"785",145,2002-05-24,12.0545,12.2235,13.5552
"786",146,2002-05-25,11.6288,12.2521,13.5834
"787",147,2002-05-26,12.64961538,12.2806,13.6087
"788",148,2002-05-27,12.90615385,12.3105,13.6383
"789",149,2002-05-28,12.88615385,12.342,13.6661
"790",150,2002-05-29,12.8068,12.3764,13.7007
"791",151,2002-05-30,11.40428571,12.4134,13.7409
"792",152,2002-05-31,11.54666667,12.4518,13.7828
"793",153,2002-06-01,13.203125,12.4907,13.8242
"794",154,2002-06-02,10.98333333,12.5312,13.868
"795",155,2002-06-03,11.87454545,12.574,13.9114
"796",156,2002-06-04,12.30083333,12.619,13.9575
"797",157,2002-06-05,13.43266667,12.665,14.0027
"798",158,2002-06-06,13.03117647,12.711,14.048
"799",159,2002-06-07,12.81888889,12.7551,14.0893
"800",160,2002-06-08,12.7935,12.7979,14.1301
"801",161,2002-06-09,10.70714286,12.8386,14.1699
"802",162,2002-06-10,11.99727273,12.8797,14.2094
"803",163,2002-06-11,12.12,12.9224,14.2492
"804",164,2002-06-12,13.555,12.9665,14.2849
"805",165,2002-06-13,12.03782609,13.0127,14.3232
"806",166,2002-06-14,11.90769231,13.0582,14.3623
"807",167,2002-06-15,11.38478261,13.1016,14.3983
"808",168,2002-06-16,11.62115385,13.1444,14.4344
"809",169,2002-06-17,12.32913043,13.188,14.4712
"810",170,2002-06-18,13.55352941,13.2324,14.5088
"811",171,2002-06-19,13.3575,13.2774,14.549
"812",172,2002-06-20,13.16095238,13.3232,14.5929
"813",173,2002-06-21,9.925,13.3688,14.6402
"814",174,2002-06-22,10.85434783,13.415,14.6887
"815",175,2002-06-23,11.42481481,13.4615,14.7374
"816",176,2002-06-24,11.66966667,13.5035,14.781
"817",177,2002-06-25,12.464,13.5437,14.8216
"818",178,2002-06-26,13.04933333,13.5839,14.8667
"819",179,2002-06-27,12.88321429,13.6234,14.9075
"820",180,2002-06-28,12.43652174,13.662,14.9538
"821",181,2002-06-29,12.41944444,13.6991,14.9992
"822",182,2002-06-30,13.00058824,13.7346,15.0387
"823",183,2002-07-01,14.83,13.7694,15.0821
"824",184,2002-07-02,14.315,13.8037,15.1232
"825",185,2002-07-03,14.21,13.8362,15.1575
"826",186,2002-07-04,13.28894737,13.8664,15.1901
"827",187,2002-07-05,13.85333333,13.8965,15.2221
"828",188,2002-07-06,13.63636364,13.927,15.2585
"829",189,2002-07-07,14.47434783,13.9578,15.2948
"830",190,2002-07-08,12.95291667,13.9891,15.3355
"831",191,2002-07-09,12.4716,14.0204,15.376
"832",192,2002-07-10,13.313,14.0521,15.415
"833",193,2002-07-11,14.20137931,14.0834,15.4512
"834",194,2002-07-12,14.477,14.1139,15.4853
"835",195,2002-07-13,13.69071429,14.1409,15.5112
"836",196,2002-07-14,13.37807692,14.1652,15.5341
"837",197,2002-07-15,13.1075,14.1888,15.5566
"838",198,2002-07-16,14.56368421,14.2131,15.5834
"839",199,2002-07-17,14.4905,14.2366,15.6103
"840",200,2002-07-18,15.05227273,14.2577,15.6328
"841",201,2002-07-19,13.35666667,14.2775,15.6454
"842",202,2002-07-20,14.4564,14.2962,15.655
"843",203,2002-07-21,14.35607143,14.3151,15.662
"844",204,2002-07-22,14.76030303,14.3341,15.6706
"845",205,2002-07-23,14.646,14.3524,15.6852
"846",206,2002-07-24,14.59,14.3711,15.7077
"847",207,2002-07-25,14.08931034,14.3917,15.7362
"848",208,2002-07-26,14.02230769,14.4141,15.7674
"849",209,2002-07-27,13.49869565,14.4365,15.7951
"850",210,2002-07-28,14.38764706,14.4586,15.8229
"851",211,2002-07-29,14.491875,14.4808,15.8449
"852",212,2002-07-30,13.955,14.5022,15.863
"853",213,2002-07-31,15.055,14.5232,15.8795
"854",214,2002-08-01,15.11789474,14.5429,15.8921
"855",215,2002-08-02,15.018,14.5599,15.9029
"856",216,2002-08-03,15.25478261,14.5749,15.9129
"857",217,2002-08-04,15.05291667,14.5888,15.9176
"858",218,2002-08-05,14.0268,14.6007,15.92
"859",219,2002-08-06,14.74571429,14.6101,15.916
"860",220,2002-08-07,14.47090909,14.618,15.9088
"861",221,2002-08-08,14.50625,14.6244,15.8993
"862",222,2002-08-09,14.54870968,14.6292,15.8906
"863",223,2002-08-10,14.955,14.6335,15.8835
"864",224,2002-08-11,13.995,14.6369,15.8794
"865",225,2002-08-12,13.88538462,14.6392,15.8772
"866",226,2002-08-13,13.18206897,14.6431,15.8809
"867",227,2002-08-14,14.882,14.6479,15.8893
"868",228,2002-08-15,14.65,14.6515,15.8975
"869",229,2002-08-16,14.98,14.6538,15.9049
"870",230,2002-08-17,14.88125,14.6557,15.9123
"871",231,2002-08-18,13.83133333,14.6571,15.9242
"872",232,2002-08-19,13.78393939,14.6578,15.9427
"873",233,2002-08-20,13.01294118,14.6583,15.9615
"874",234,2002-08-21,14.4659375,14.6574,15.9773
"875",235,2002-08-22,14.22433333,14.6556,15.99
"876",236,2002-08-23,12.97923077,14.6535,15.9932
"877",237,2002-08-24,12.78,14.6493,15.9885
"878",238,2002-08-25,12.9005,14.6441,15.9796
"879",239,2002-08-26,13.26666667,14.6377,15.9681
"880",240,2002-08-27,14.75666667,14.6294,15.955
"881",241,2002-08-28,14.03,14.6185,15.9389
"882",242,2002-08-29,13.97352941,14.6056,15.9227
"883",243,2002-08-30,14.24052632,14.5912,15.9055
"884",244,2002-08-31,13.69272727,14.5758,15.8883
"885",245,2002-09-01,14.04217391,14.5598,15.8694
"886",246,2002-09-02,15.70217391,14.5433,15.8517
"887",247,2002-09-03,15.03,14.5258,15.8262
"888",248,2002-09-04,13.985625,14.5076,15.8059
"889",249,2002-09-05,14.27151515,14.488,15.7863
"890",250,2002-09-06,13.6140625,14.4682,15.7686
"891",251,2002-09-07,12.463,14.4479,15.7508
"892",252,2002-09-08,12.39433333,14.4277,15.7298
"893",253,2002-09-09,12.55535714,14.4076,15.7076
"894",254,2002-09-10,12.79392857,14.3872,15.6842
"895",255,2002-09-11,12.93689655,14.3669,15.6608
"896",256,2002-09-12,13.93681818,14.3454,15.6371
"897",257,2002-09-13,13.6473913,14.3219,15.6133
"898",258,2002-09-14,14.3573913,14.2976,15.5872
"899",259,2002-09-15,14.335,14.2726,15.5597
"900",260,2002-09-16,13.24709677,14.2469,15.529
"901",261,2002-09-17,13.26129032,14.2206,15.4952
"902",262,2002-09-18,13.57774194,14.1948,15.4595
"903",263,2002-09-19,13.57172414,14.1687,15.4269
"904",264,2002-09-20,14.21111111,14.1419,15.3957
"905",265,2002-09-21,14.2264,14.1138,15.3663
"906",266,2002-09-22,13.02857143,14.083,15.3325
"907",267,2002-09-23,13.41882353,14.051,15.2982
"908",268,2002-09-24,13.02571429,14.0186,15.2616
"909",269,2002-09-25,13.034,13.9846,15.2229
"910",270,2002-09-26,12.69944444,13.9503,15.1843
"911",271,2002-09-27,13.79105263,13.9172,15.1464
"912",272,2002-09-28,14.30714286,13.8863,15.1116
"913",273,2002-09-29,14.10857143,13.8565,15.0781
"914",274,2002-09-30,13.621,13.8279,15.0408
"915",275,2002-10-01,13.0792,13.7992,15.001
"916",276,2002-10-02,12.16178571,13.7711,14.9617
"917",277,2002-10-03,13.09633333,13.7456,14.9232
"918",278,2002-10-04,13.48612903,13.7226,14.8929
"919",279,2002-10-05,13.46677419,13.7018,14.866
"920",280,2002-10-06,13.59266667,13.6836,14.8402
"921",281,2002-10-07,13.29033333,13.6662,14.8154
"922",282,2002-10-08,13.10428571,13.6487,14.7939
"923",283,2002-10-09,12.76966667,13.6294,14.7711
"924",284,2002-10-10,13.13612903,13.6087,14.748
"925",285,2002-10-11,13.95965517,13.5869,14.7251
"926",286,2002-10-12,13.36586207,13.5657,14.7023
"927",287,2002-10-13,13.42612903,13.5461,14.6791
"928",288,2002-10-14,13.55064516,13.5274,14.6559
"929",289,2002-10-15,13.49666667,13.5082,14.6317
"930",290,2002-10-16,13.49615385,13.4892,14.6075
"931",291,2002-10-17,13.6244,13.4706,14.5842
"932",292,2002-10-18,13.66565217,13.452,14.564
"933",293,2002-10-19,13.34227273,13.4341,14.544
"934",294,2002-10-20,13.3885,13.4179,14.5239
"935",295,2002-10-21,13.35,13.4031,14.5027
"936",296,2002-10-22,13.44764706,13.3902,14.483
"937",297,2002-10-23,13.43,13.3793,14.4657
"938",298,2002-10-24,12.993,13.3684,14.4511
"939",299,2002-10-25,13.19590909,13.358,14.438
"940",300,2002-10-26,13.26185185,13.3492,14.4271
"941",301,2002-10-27,13.3952,13.3408,14.4174
"942",302,2002-10-28,13.56571429,13.3322,14.4112
"943",303,2002-10-29,13.37625,13.3231,14.405
"944",304,2002-10-30,12.9564,13.3128,14.3974
"945",305,2002-10-31,12.50666667,13.3017,14.3945
"946",306,2002-11-01,12.93285714,13.2903,14.3942
"947",307,2002-11-02,12.79645161,13.2779,14.3938
"948",308,2002-11-03,12.88709677,13.2635,14.3927
"949",309,2002-11-04,12.54290323,13.2477,14.3912
"950",310,2002-11-05,12.215,13.2293,14.3859
"951",311,2002-11-06,12.2783871,13.2084,14.3801
"952",312,2002-11-07,12.82363636,13.186,14.3737
"953",313,2002-11-08,13.07428571,13.1624,14.3626
"954",314,2002-11-09,13.27837838,13.1394,14.3501
"955",315,2002-11-10,13.26030303,13.1171,14.3322
"956",316,2002-11-11,13.09517241,13.0945,14.3103
"957",317,2002-11-12,12.89894737,13.0706,14.2854
"958",318,2002-11-13,12.81,13.0452,14.2586
"959",319,2002-11-14,12.443125,13.0187,14.2286
"960",320,2002-11-15,12.49,12.9922,14.1963
"961",321,2002-11-16,12.82764706,12.9663,14.169
"962",322,2002-11-17,12.79941176,12.9408,14.1425
"963",323,2002-11-18,12.71222222,12.9149,14.116
"964",324,2002-11-19,12.65666667,12.8884,14.0908
"965",325,2002-11-20,12.70818182,12.8613,14.0655
"966",326,2002-11-21,12.88304348,12.8337,14.0403
"967",327,2002-11-22,12.75666667,12.8057,14.0164
"968",328,2002-11-23,12.81576923,12.778,13.9916
"969",329,2002-11-24,12.6444,12.7514,13.9699
"970",330,2002-11-25,12.63545455,12.7255,13.949
"971",331,2002-11-26,12.51034483,12.6997,13.9278
"972",332,2002-11-27,12.35090909,12.6741,13.907
"973",333,2002-11-28,12.22,12.6481,13.8808
"974",334,2002-11-29,12.34,12.6226,13.8502
"975",335,2002-11-30,12.34,12.5981,13.8185
"976",336,2002-12-01,12.39111111,12.5735,13.7867
"977",337,2002-12-02,12.6883871,12.5496,13.7538
"978",338,2002-12-03,12.60294118,12.5268,13.7201
"979",339,2002-12-04,12.6146875,12.5046,13.6854
"980",340,2002-12-05,12.85294118,12.4826,13.6464
"981",341,2002-12-06,13.04,12.4617,13.606
"982",342,2002-12-07,12.91289474,12.4415,13.5653
"983",343,2002-12-08,12.60675676,12.4218,13.5229
"984",344,2002-12-09,12.565,12.4029,13.484
"985",345,2002-12-10,13.0347619,12.3846,13.4469
"986",346,2002-12-11,12.96,12.3671,13.4157
"987",347,2002-12-12,13.12,12.3506,13.3886
"988",348,2002-12-13,13.43,12.3348,13.3639
"989",349,2002-12-14,13.78894737,12.3191,13.3395
"990",350,2002-12-15,13.73,12.3042,13.3182
"991",351,2002-12-16,13.70142857,12.2897,13.2996
"992",352,2002-12-17,13.6973913,12.275,13.2764
"993",353,2002-12-18,13.43625,12.2605,13.2525
"994",354,2002-12-19,13.20413793,12.2474,13.2303
"995",355,2002-12-20,13.281,12.2354,13.2092
"996",356,2002-12-21,13.30393939,12.2237,13.1891
"997",357,2002-12-22,13.06742857,12.2119,13.1705
"998",358,2002-12-23,13.08911765,12.2004,13.151
"999",359,2002-12-24,12.83090909,12.1886,13.1316
"1000",360,2002-12-25,12.53740741,12.1767,13.1101
"1001",361,2002-12-26,12.43705882,12.1647,13.0891
"1002",362,2002-12-27,13.06105263,12.1525,13.0696
"1003",363,2002-12-28,13.12,12.14,13.051
"1004",364,2002-12-29,12.85565217,12.1277,13.0349
"1005",365,2002-12-30,12.81,12.1151,13.0235
"1006",366,2002-12-31,12.67088235,12.1024,13.0133
"1007",1,2003-01-01,13.00888889,12.0905,13.0033
"1008",2,2003-01-02,12.95285714,12.0793,12.9941
"1009",3,2003-01-03,12.80027778,12.0687,12.9855
"1010",4,2003-01-04,12.79411765,12.0591,12.9803
"1011",5,2003-01-05,13.02588235,12.0506,12.9811
"1012",6,2003-01-06,13.025,12.0434,12.9852
"1013",7,2003-01-07,13.02153846,12.0377,12.9918
"1014",8,2003-01-08,12.96,12.034,13.0008
"1015",9,2003-01-09,13.12,12.0321,13.011
"1016",10,2003-01-10,13.12,12.0314,13.0236
"1017",11,2003-01-11,13.23842105,12.0312,13.0368
"1018",12,2003-01-12,13.12,12.0312,13.0503
"1019",13,2003-01-13,13.02545455,12.0311,13.0636
"1020",14,2003-01-14,12.96,12.0314,13.0774
"1021",15,2003-01-15,12.936,12.0319,13.0898
"1022",16,2003-01-16,12.84151515,12.0327,13.0996
"1023",17,2003-01-17,13.00612903,12.0336,13.1059
"1024",18,2003-01-18,12.9153125,12.0344,13.1121
"1025",19,2003-01-19,12.93515152,12.0345,13.1165
"1026",20,2003-01-20,13.005,12.0336,13.1187
"1027",21,2003-01-21,13.005,12.0322,13.1197
"1028",22,2003-01-22,13.11448276,12.0309,13.1188
"1029",23,2003-01-23,13.16565217,12.0298,13.1175
"1030",24,2003-01-24,13.25421053,12.0291,13.1163
"1031",25,2003-01-25,13.27,12.0282,13.1153
"1032",26,2003-01-26,13.41608696,12.0273,13.1146
"1033",27,2003-01-27,13.43,12.0267,13.1131
"1034",28,2003-01-28,13.2183871,12.0267,13.1128
"1035",29,2003-01-29,13.20611111,12.0273,13.1139
"1036",30,2003-01-30,13.21444444,12.0279,13.1152
"1037",31,2003-01-31,13.22545455,12.0285,13.1183
"1038",32,2003-02-01,12.9209375,12.0289,13.1209
"1039",33,2003-02-02,12.09166667,12.0291,13.1244
"1040",34,2003-02-03,12.13222222,12.0289,13.13
"1041",35,2003-02-04,12.515,12.0282,13.1347
"1042",36,2003-02-05,12.52666667,12.0277,13.1385
"1043",37,2003-02-06,12.07,12.0272,13.1417
"1044",38,2003-02-07,12.15928571,12.0258,13.1431
"1045",39,2003-02-08,12.03875,12.0231,13.1442
"1046",40,2003-02-09,12.16166667,12.0194,13.1452
"1047",41,2003-02-10,12.0495,12.0155,13.1462
"1048",42,2003-02-11,12.33,12.0119,13.1472
"1049",43,2003-02-12,12.79,12.0091,13.1482
"1050",44,2003-02-13,12.95666667,12.0073,13.1502
"1051",45,2003-02-14,12.86741935,12.0067,13.1525
"1052",46,2003-02-15,12.565,12.0069,13.1567
"1053",47,2003-02-16,12.73066667,12.007,13.1633
"1054",48,2003-02-17,12.79724138,12.0073,13.173
"1055",49,2003-02-18,12.78896552,12.008,13.1828
"1056",50,2003-02-19,12.82142857,12.0088,13.1924
"1057",51,2003-02-20,12.66730769,12.0103,13.2025
"1058",52,2003-02-21,12.4625,12.0124,13.2141
"1059",53,2003-02-22,12.85736842,12.015,13.23
"1060",54,2003-02-23,12.73681818,12.0171,13.2468
"1061",55,2003-02-24,13.01,12.0188,13.2634
"1062",56,2003-02-25,12.85,12.02,13.279
"1063",57,2003-02-26,12.595,12.0208,13.2936
"1064",58,2003-02-27,12.21848485,12.0207,13.3076
"1065",59,2003-02-28,12.15375,12.0199,13.3202
"1066",61,2003-03-01,12.16633333,12.0195,13.3424
"1067",62,2003-03-02,12.0304,12.0203,13.3516
"1068",63,2003-03-03,11.98434783,12.0203,13.3593
"1069",64,2003-03-04,11.77428571,12.0195,13.3644
"1070",65,2003-03-05,11.96470588,12.0183,13.368
"1071",66,2003-03-06,11.831,12.017,13.3696
"1072",67,2003-03-07,11.75090909,12.015,13.3691
"1073",68,2003-03-08,11.97076923,12.0126,13.368
"1074",69,2003-03-09,11.79571429,12.011,13.3634
"1075",70,2003-03-10,11.69,12.01,13.3576
"1076",71,2003-03-11,11.70944444,12.0084,13.3512
"1077",72,2003-03-12,11.79789474,12.0057,13.3431
"1078",73,2003-03-13,12.03578947,12.0007,13.3346
"1079",74,2003-03-14,12.48,11.9943,13.3252
"1080",75,2003-03-15,12.69769231,11.9864,13.3124
"1081",76,2003-03-16,12.56928571,11.9763,13.298
"1082",77,2003-03-17,12.49866667,11.9639,13.282
"1083",78,2003-03-18,11.43821429,11.9504,13.2661
"1084",79,2003-03-19,11.83888889,11.9354,13.2503
"1085",80,2003-03-20,12.1664,11.9185,13.2335
"1086",81,2003-03-21,11.32809524,11.9005,13.2156
"1087",82,2003-03-22,11.38705882,11.8813,13.1955
"1088",83,2003-03-23,11.65777778,11.8609,13.1738
"1089",84,2003-03-24,11.165,11.8401,13.1479
"1090",85,2003-03-25,10.705,11.8186,13.1214
"1091",86,2003-03-26,11.59518519,11.7956,13.0948
"1092",87,2003-03-27,10.50230769,11.7725,13.0707
"1093",88,2003-03-28,10.73153846,11.7503,13.0468
"1094",89,2003-03-29,11.995,11.729,13.0229
"1095",90,2003-03-30,12.30130435,11.708,12.998
"1096",91,2003-03-31,12.25818182,11.6873,12.9741
"1097",92,2003-04-01,11.32333333,11.6655,12.9484
"1098",93,2003-04-02,11.09,11.6434,12.9235
"1099",94,2003-04-03,11.59727273,11.6221,12.8996
"1100",95,2003-04-04,11.29666667,11.6021,12.8795
"1101",96,2003-04-05,10.80538462,11.5837,12.8636
"1102",97,2003-04-06,10.66153846,11.5672,12.8489
"1103",98,2003-04-07,10.69428571,11.5516,12.8321
"1104",99,2003-04-08,10.50846154,11.5357,12.8156
"1105",100,2003-04-09,10.14066667,11.5185,12.8025
"1106",101,2003-04-10,10.45846154,11.5013,12.7943
"1107",102,2003-04-11,11.55,11.4853,12.7834
"1108",103,2003-04-12,11.56444444,11.4705,12.7742
"1109",104,2003-04-13,12.16454545,11.4582,12.7686
"1110",105,2003-04-14,12.0904,11.4479,12.764
"1111",106,2003-04-15,11.55333333,11.4389,12.7625
"1112",107,2003-04-16,12.3837037,11.4323,12.7633
"1113",108,2003-04-17,12.57730769,11.4288,12.7671
"1114",109,2003-04-18,11.6848,11.4289,12.7723
"1115",110,2003-04-19,11.73590909,11.4325,12.7796
"1116",111,2003-04-20,11.63666667,11.4393,12.7872
"1117",112,2003-04-21,11.27875,11.4483,12.7956
"1118",113,2003-04-22,11.17176471,11.4593,12.8064
"1119",114,2003-04-23,10.85347826,11.4735,12.82
"1120",115,2003-04-24,11.45952381,11.4891,12.8338
"1121",116,2003-04-25,11.92117647,11.5065,12.8491
"1122",117,2003-04-26,12.84909091,11.5258,12.8643
"1123",118,2003-04-27,12.65,11.546,12.8799
"1124",119,2003-04-28,12.9225,11.5659,12.8936
"1125",120,2003-04-29,13.18923077,11.5852,12.9092
"1126",121,2003-04-30,12.96357143,11.6044,12.923
"1127",122,2003-05-01,12.33933333,11.624,12.9388
"1128",123,2003-05-02,12.65,11.6447,12.9613
"1129",124,2003-05-03,13.106,11.6653,12.9844
"1130",125,2003-05-04,12.560625,11.6851,13.007
"1131",126,2003-05-05,12.070625,11.7044,13.0276
"1132",127,2003-05-06,11.81071429,11.7235,13.045
"1133",128,2003-05-07,11.90727273,11.7434,13.066
"1134",129,2003-05-08,11.88,11.7649,13.0906
"1135",130,2003-05-09,NA,11.789,13.1171
"1136",131,2003-05-10,11.39555556,11.8145,13.1436
"1137",132,2003-05-11,11.98,11.8406,13.1681
"1138",133,2003-05-12,12.16266667,11.868,13.2022
"1139",134,2003-05-13,12.89823529,11.8959,13.235
"1140",135,2003-05-14,11.70782609,11.9255,13.266
"1141",136,2003-05-15,10.70384615,11.9566,13.2986
"1142",137,2003-05-16,9.940769231,11.9894,13.3313
"1143",138,2003-05-17,10.87222222,12.0223,13.3638
"1144",139,2003-05-18,11.17035714,12.054,13.3941
"1145",140,2003-05-19,11.3962963,12.0838,13.4229
"1146",141,2003-05-20,11.59083333,12.1115,13.4486
"1147",142,2003-05-21,11.06173913,12.1396,13.4758
"1148",143,2003-05-22,10.98636364,12.1675,13.5025
"1149",144,2003-05-23,12.74769231,12.195,13.5286
"1150",145,2003-05-24,13.15071429,12.2235,13.5552
"1151",146,2003-05-25,12.40285714,12.2521,13.5834
"1152",147,2003-05-26,11.80466667,12.2806,13.6087
"1153",148,2003-05-27,11.315625,12.3105,13.6383
"1154",149,2003-05-28,11.51411765,12.342,13.6661
"1155",150,2003-05-29,13.11111111,12.3764,13.7007
"1156",151,2003-05-30,10.786,12.4134,13.7409
"1157",152,2003-05-31,10.646,12.4518,13.7828
"1158",153,2003-06-01,10.83368421,12.4907,13.8242
"1159",154,2003-06-02,9.966666667,12.5312,13.868
"1160",155,2003-06-03,12.96846154,12.574,13.9114
"1161",156,2003-06-04,12.636875,12.619,13.9575
"1162",157,2003-06-05,13.075,12.665,14.0027
"1163",158,2003-06-06,13.26631579,12.711,14.048
"1164",159,2003-06-07,13.36583333,12.7551,14.0893
"1165",160,2003-06-08,12.51,12.7979,14.1301
"1166",161,2003-06-09,13.555,12.8386,14.1699
"1167",162,2003-06-10,13.291,12.8797,14.2094
"1168",163,2003-06-11,13.28,12.9224,14.2492
"1169",164,2003-06-12,13.09583333,12.9665,14.2849
"1170",165,2003-06-13,13.30964286,13.0127,14.3232
"1171",166,2003-06-14,13.14774194,13.0582,14.3623
"1172",167,2003-06-15,12.7396875,13.1016,14.3983
"1173",168,2003-06-16,12.85625,13.1444,14.4344
"1174",169,2003-06-17,13.12366667,13.188,14.4712
"1175",170,2003-06-18,12.1904,13.2324,14.5088
"1176",171,2003-06-19,11.71541667,13.2774,14.549
"1177",172,2003-06-20,11.80111111,13.3232,14.5929
"1178",173,2003-06-21,11.48466667,13.3688,14.6402
"1179",174,2003-06-22,13.61875,13.415,14.6887
"1180",175,2003-06-23,13.32176471,13.4615,14.7374
"1181",176,2003-06-24,14.15789474,13.5035,14.781
"1182",177,2003-06-25,13.584,13.5437,14.8216
"1183",178,2003-06-26,14.75190476,13.5839,14.8667
"1184",179,2003-06-27,15.10478261,13.6234,14.9075
"1185",180,2003-06-28,13.7273913,13.662,14.9538
"1186",181,2003-06-29,13.03826087,13.6991,14.9992
"1187",182,2003-06-30,13.50142857,13.7346,15.0387
"1188",183,2003-07-01,13.03095238,13.7694,15.0821
"1189",184,2003-07-02,12.84869565,13.8037,15.1232
"1190",185,2003-07-03,13.17583333,13.8362,15.1575
"1191",186,2003-07-04,13.50095238,13.8664,15.1901
"1192",187,2003-07-05,13.04916667,13.8965,15.2221
"1193",188,2003-07-06,13.98823529,13.927,15.2585
"1194",189,2003-07-07,13.5505,13.9578,15.2948
"1195",190,2003-07-08,13.40227273,13.9891,15.3355
"1196",191,2003-07-09,12.80916667,14.0204,15.376
"1197",192,2003-07-10,13.5764,14.0521,15.415
"1198",193,2003-07-11,12.61846154,14.0834,15.4512
"1199",194,2003-07-12,12.74058824,14.1139,15.4853
"1200",195,2003-07-13,12.90285714,14.1409,15.5112
"1201",196,2003-07-14,12.40125,14.1652,15.5341
"1202",197,2003-07-15,12.173,14.1888,15.5566
"1203",198,2003-07-16,11.86142857,14.2131,15.5834
"1204",199,2003-07-17,12.27416667,14.2366,15.6103
"1205",200,2003-07-18,12.46863636,14.2577,15.6328
"1206",201,2003-07-19,13.59214286,14.2775,15.6454
"1207",202,2003-07-20,14.105,14.2962,15.655
"1208",203,2003-07-21,13.98222222,14.3151,15.662
"1209",204,2003-07-22,15.044,14.3341,15.6706
"1210",205,2003-07-23,13.37666667,14.3524,15.6852
"1211",206,2003-07-24,14.05954545,14.3711,15.7077
"1212",207,2003-07-25,14.62086957,14.3917,15.7362
"1213",208,2003-07-26,14.53166667,14.4141,15.7674
"1214",209,2003-07-27,14.72916667,14.4365,15.7951
"1215",210,2003-07-28,14.372,14.4586,15.8229
"1216",211,2003-07-29,13.9775,14.4808,15.8449
"1217",212,2003-07-30,14.64071429,14.5022,15.863
"1218",213,2003-07-31,14.36,14.5232,15.8795
"1219",214,2003-08-01,NA,14.5429,15.8921
"1220",215,2003-08-02,NA,14.5599,15.9029
"1221",216,2003-08-03,NA,14.5749,15.9129
"1222",217,2003-08-04,NA,14.5888,15.9176
"1223",218,2003-08-05,NA,14.6007,15.92
"1224",219,2003-08-06,NA,14.6101,15.916
"1225",220,2003-08-07,NA,14.618,15.9088
"1226",221,2003-08-08,NA,14.6244,15.8993
"1227",222,2003-08-09,NA,14.6292,15.8906
"1228",223,2003-08-10,NA,14.6335,15.8835
"1229",224,2003-08-11,NA,14.6369,15.8794
"1230",225,2003-08-12,NA,14.6392,15.8772
"1231",226,2003-08-13,NA,14.6431,15.8809
"1232",227,2003-08-14,NA,14.6479,15.8893
"1233",228,2003-08-15,NA,14.6515,15.8975
"1234",229,2003-08-16,NA,14.6538,15.9049
"1235",230,2003-08-17,NA,14.6557,15.9123
"1236",231,2003-08-18,NA,14.6571,15.9242
"1237",232,2003-08-19,NA,14.6578,15.9427
"1238",233,2003-08-20,NA,14.6583,15.9615
"1239",234,2003-08-21,NA,14.6574,15.9773
"1240",235,2003-08-22,NA,14.6556,15.99
"1241",236,2003-08-23,NA,14.6535,15.9932
"1242",237,2003-08-24,NA,14.6493,15.9885
"1243",238,2003-08-25,NA,14.6441,15.9796
"1244",239,2003-08-26,NA,14.6377,15.9681
"1245",240,2003-08-27,NA,14.6294,15.955
"1246",241,2003-08-28,NA,14.6185,15.9389
"1247",242,2003-08-29,NA,14.6056,15.9227
"1248",243,2003-08-30,NA,14.5912,15.9055
"1249",244,2003-08-31,NA,14.5758,15.8883
"1250",245,2003-09-01,NA,14.5598,15.8694
"1251",246,2003-09-02,NA,14.5433,15.8517
"1252",247,2003-09-03,NA,14.5258,15.8262
"1253",248,2003-09-04,NA,14.5076,15.8059
"1254",249,2003-09-05,NA,14.488,15.7863
"1255",250,2003-09-06,NA,14.4682,15.7686
"1256",251,2003-09-07,NA,14.4479,15.7508
"1257",252,2003-09-08,NA,14.4277,15.7298
"1258",253,2003-09-09,NA,14.4076,15.7076
"1259",254,2003-09-10,NA,14.3872,15.6842
"1260",255,2003-09-11,NA,14.3669,15.6608
"1261",256,2003-09-12,NA,14.3454,15.6371
"1262",257,2003-09-13,NA,14.3219,15.6133
"1263",258,2003-09-14,NA,14.2976,15.5872
"1264",259,2003-09-15,NA,14.2726,15.5597
"1265",260,2003-09-16,NA,14.2469,15.529
"1266",261,2003-09-17,NA,14.2206,15.4952
"1267",262,2003-09-18,NA,14.1948,15.4595
"1268",263,2003-09-19,NA,14.1687,15.4269
"1269",264,2003-09-20,NA,14.1419,15.3957
"1270",265,2003-09-21,NA,14.1138,15.3663
"1271",266,2003-09-22,NA,14.083,15.3325
"1272",267,2003-09-23,NA,14.051,15.2982
"1273",268,2003-09-24,NA,14.0186,15.2616
"1274",269,2003-09-25,NA,13.9846,15.2229
"1275",270,2003-09-26,NA,13.9503,15.1843
"1276",271,2003-09-27,NA,13.9172,15.1464
"1277",272,2003-09-28,NA,13.8863,15.1116
"1278",273,2003-09-29,NA,13.8565,15.0781
"1279",274,2003-09-30,NA,13.8279,15.0408
"1280",275,2003-10-01,14.86958333,13.7992,15.001
"1281",276,2003-10-02,12.91708333,13.7711,14.9617
"1282",277,2003-10-03,12.418125,13.7456,14.9232
"1283",278,2003-10-04,13.19575758,13.7226,14.8929
"1284",279,2003-10-05,13.29354839,13.7018,14.866
"1285",280,2003-10-06,12.795,13.6836,14.8402
"1286",281,2003-10-07,13.16607143,13.6662,14.8154
"1287",282,2003-10-08,13.11962963,13.6487,14.7939
"1288",283,2003-10-09,12.55423077,13.6294,14.7711
"1289",284,2003-10-10,12.465,13.6087,14.748
"1290",285,2003-10-11,11.868,13.5869,14.7251
"1291",286,2003-10-12,12.34411765,13.5657,14.7023
"1292",287,2003-10-13,12.45666667,13.5461,14.6791
"1293",288,2003-10-14,11.86368421,13.5274,14.6559
"1294",289,2003-10-15,11.38428571,13.5082,14.6317
"1295",290,2003-10-16,12.855,13.4892,14.6075
"1296",291,2003-10-17,12.53727273,13.4706,14.5842
"1297",292,2003-10-18,12.109375,13.452,14.564
"1298",293,2003-10-19,11.48647059,13.4341,14.544
"1299",294,2003-10-20,11.39521739,13.4179,14.5239
"1300",295,2003-10-21,11.5728,13.4031,14.5027
"1301",296,2003-10-22,12,13.3902,14.483
"1302",297,2003-10-23,12.30517241,13.3793,14.4657
"1303",298,2003-10-24,12.13,13.3684,14.4511
"1304",299,2003-10-25,12.52206897,13.358,14.438
"1305",300,2003-10-26,12.68964286,13.3492,14.4271
"1306",301,2003-10-27,12.65482759,13.3408,14.4174
"1307",302,2003-10-28,12.6269697,13.3322,14.4112
"1308",303,2003-10-29,12.54457143,13.3231,14.405
"1309",304,2003-10-30,12.42971429,13.3128,14.3974
"1310",305,2003-10-31,12.26722222,13.3017,14.3945
"1311",306,2003-11-01,12.77548387,13.2903,14.3942
"1312",307,2003-11-02,12.52821429,13.2779,14.3938
"1313",308,2003-11-03,12.7136,13.2635,14.3927
"1314",309,2003-11-04,12.27863636,13.2477,14.3912
"1315",310,2003-11-05,12.523,13.2293,14.3859
"1316",311,2003-11-06,12.96722222,13.2084,14.3801
"1317",312,2003-11-07,13.10611111,13.186,14.3737
"1318",313,2003-11-08,13.22052632,13.1624,14.3626
"1319",314,2003-11-09,13.60368421,13.1394,14.3501
"1320",315,2003-11-10,13.5425,13.1171,14.3322
"1321",316,2003-11-11,13.69818182,13.0945,14.3103
"1322",317,2003-11-12,13.61416667,13.0706,14.2854
"1323",318,2003-11-13,13.806,13.0452,14.2586
"1324",319,2003-11-14,14.60692308,13.0187,14.2286
"1325",320,2003-11-15,14.81761905,12.9922,14.1963
"1326",321,2003-11-16,14.53,12.9663,14.169
"1327",322,2003-11-17,14.18666667,12.9408,14.1425
"1328",323,2003-11-18,13.63,12.9149,14.116
"1329",324,2003-11-19,13.849375,12.8884,14.0908
"1330",325,2003-11-20,13.66777778,12.8613,14.0655
"1331",326,2003-11-21,12.13961538,12.8337,14.0403
"1332",327,2003-11-22,11.5116129,12.8057,14.0164
"1333",328,2003-11-23,12.01939394,12.778,13.9916
"1334",329,2003-11-24,12.03818182,12.7514,13.9699
"1335",330,2003-11-25,11.94529412,12.7255,13.949
"1336",331,2003-11-26,11.60135135,12.6997,13.9278
"1337",332,2003-11-27,11.38825,12.6741,13.907
"1338",333,2003-11-28,12.12567568,12.6481,13.8808
"1339",334,2003-11-29,12.03857143,12.6226,13.8502
"1340",335,2003-11-30,12.024,12.5981,13.8185
"1341",336,2003-12-01,12.19,12.5735,13.7867
"1342",337,2003-12-02,12.34,12.5496,13.7538
"1343",338,2003-12-03,12.5,12.5268,13.7201
"1344",339,2003-12-04,12.84368421,12.5046,13.6854
"1345",340,2003-12-05,13.264,12.4826,13.6464
"1346",341,2003-12-06,13.58,12.4617,13.606
"1347",342,2003-12-07,13.74454545,12.4415,13.5653
"1348",343,2003-12-08,13.0236,12.4218,13.5229
"1349",344,2003-12-09,12.85666667,12.4029,13.484
"1350",345,2003-12-10,13.37666667,12.3846,13.4469
"1351",346,2003-12-11,13.4116129,12.3671,13.4157
"1352",347,2003-12-12,12.76967742,12.3506,13.3886
"1353",348,2003-12-13,13.159,12.3348,13.3639
"1354",349,2003-12-14,13.615,12.3191,13.3395
"1355",350,2003-12-15,12.85466667,12.3042,13.3182
"1356",351,2003-12-16,12.774375,12.2897,13.2996
"1357",352,2003-12-17,12.99722222,12.275,13.2764
"1358",353,2003-12-18,12.8975,12.2605,13.2525
"1359",354,2003-12-19,12.95272727,12.2474,13.2303
"1360",355,2003-12-20,13.14,12.2354,13.2092
"1361",356,2003-12-21,13.04457143,12.2237,13.1891
"1362",357,2003-12-22,12.93542857,12.2119,13.1705
"1363",358,2003-12-23,12.8475,12.2004,13.151
"1364",359,2003-12-24,12.94216216,12.1886,13.1316
"1365",360,2003-12-25,12.85675676,12.1767,13.1101
"1366",361,2003-12-26,12.48052632,12.1647,13.0891
"1367",362,2003-12-27,12.39852941,12.1525,13.0696
"1368",363,2003-12-28,12.22178571,12.14,13.051
"1369",364,2003-12-29,12.2375,12.1277,13.0349
"1370",365,2003-12-30,12.33222222,12.1151,13.0235
"1371",366,2003-12-31,12.22578947,12.1024,13.0133
"1372",1,2004-01-01,12.41,12.0905,13.0033
"1373",2,2004-01-02,12.49818182,12.0793,12.9941
"1374",3,2004-01-03,12.18130435,12.0687,12.9855
"1375",4,2004-01-04,12.07416667,12.0591,12.9803
"1376",5,2004-01-05,12.13266667,12.0506,12.9811
"1377",6,2004-01-06,12.08,12.0434,12.9852
"1378",7,2004-01-07,12.21866667,12.0377,12.9918
"1379",8,2004-01-08,12.44322581,12.034,13.0008
"1380",9,2004-01-09,12.46387097,12.0321,13.011
"1381",10,2004-01-10,12.689,12.0314,13.0236
"1382",11,2004-01-11,12.70407407,12.0312,13.0368
"1383",12,2004-01-12,12.67583333,12.0312,13.0503
"1384",13,2004-01-13,12.66,12.0311,13.0636
"1385",14,2004-01-14,12.5,12.0314,13.0774
"1386",15,2004-01-15,12.34,12.0319,13.0898
"1387",16,2004-01-16,12.51391304,12.0327,13.0996
"1388",17,2004-01-17,12.286,12.0336,13.1059
"1389",18,2004-01-18,12.34,12.0344,13.1121
"1390",19,2004-01-19,12.29945946,12.0345,13.1165
"1391",20,2004-01-20,12.28810811,12.0336,13.1187
"1392",21,2004-01-21,12.11628571,12.0322,13.1197
"1393",22,2004-01-22,12.02771429,12.0309,13.1188
"1394",23,2004-01-23,12.05088235,12.0298,13.1175
"1395",24,2004-01-24,12.15870968,12.0291,13.1163
"1396",25,2004-01-25,11.99285714,12.0282,13.1153
"1397",26,2004-01-26,11.50555556,12.0273,13.1146
"1398",27,2004-01-27,11.77,12.0267,13.1131
"1399",28,2004-01-28,11.72,12.0267,13.1128
"1400",29,2004-01-29,11.538,12.0273,13.1139
"1401",30,2004-01-30,11.68428571,12.0279,13.1152
"1402",31,2004-01-31,11.29409091,12.0285,13.1183
"1403",32,2004-02-01,10.95,12.0289,13.1209
"1404",33,2004-02-02,11.26,12.0291,13.1244
"1405",34,2004-02-03,11.31689655,12.0289,13.13
"1406",35,2004-02-04,11.14068966,12.0282,13.1347
"1407",36,2004-02-05,11.0662069,12.0277,13.1385
"1408",37,2004-02-06,11.40518519,12.0272,13.1417
"1409",38,2004-02-07,11.30481481,12.0258,13.1431
"1410",39,2004-02-08,10.9464,12.0231,13.1442
"1411",40,2004-02-09,11.2212,12.0194,13.1452
"1412",41,2004-02-10,11.37894737,12.0155,13.1462
"1413",42,2004-02-11,11.20625,12.0119,13.1472
"1414",43,2004-02-12,11.161,12.0091,13.1482
"1415",44,2004-02-13,11.22130435,12.0073,13.1502
"1416",45,2004-02-14,11.3072,12.0067,13.1525
"1417",46,2004-02-15,11.47846154,12.0069,13.1567
"1418",47,2004-02-16,11.585,12.007,13.1633
"1419",48,2004-02-17,11.80027778,12.0073,13.173
"1420",49,2004-02-18,11.87027778,12.008,13.1828
"1421",50,2004-02-19,11.4146875,12.0088,13.1924
"1422",51,2004-02-20,11.61166667,12.0103,13.2025
"1423",52,2004-02-21,11.7037931,12.0124,13.2141
"1424",53,2004-02-22,11.9112,12.015,13.23
"1425",54,2004-02-23,12.21190476,12.0171,13.2468
"1426",55,2004-02-24,12.21666667,12.0188,13.2634
"1427",56,2004-02-25,12.37142857,12.02,13.279
"1428",57,2004-02-26,12.325625,12.0208,13.2936
"1429",58,2004-02-27,12.17647059,12.0207,13.3076
"1430",59,2004-02-28,12.05526316,12.0199,13.3202
"1431",60,2004-02-29,12.034,12.0193,13.3315
"1432",61,2004-03-01,11.998,12.0195,13.3424
"1433",62,2004-03-02,11.7605,12.0203,13.3516
"1434",63,2004-03-03,11.598,12.0203,13.3593
"1435",64,2004-03-04,11.78791667,12.0195,13.3644
"1436",65,2004-03-05,11.5876,12.0183,13.368
"1437",66,2004-03-06,12.02038462,12.017,13.3696
"1438",67,2004-03-07,12.40083333,12.015,13.3691
"1439",68,2004-03-08,12.87291667,12.0126,13.368
"1440",69,2004-03-09,12.76695652,12.011,13.3634
"1441",70,2004-03-10,11.8875,12.01,13.3576
"1442",71,2004-03-11,11.83764706,12.0084,13.3512
"1443",72,2004-03-12,12.16578947,12.0057,13.3431
"1444",73,2004-03-13,11.36904762,12.0007,13.3346
"1445",74,2004-03-14,11.99875,11.9943,13.3252
"1446",75,2004-03-15,12.23892857,11.9864,13.3124
"1447",76,2004-03-16,12.16133333,11.9763,13.298
"1448",77,2004-03-17,12.57034483,11.9639,13.282
"1449",78,2004-03-18,12.65928571,11.9504,13.2661
"1450",79,2004-03-19,12.82357143,11.9354,13.2503
"1451",80,2004-03-20,12.7836,11.9185,13.2335
"1452",81,2004-03-21,13.43090909,11.9005,13.2156
"1453",82,2004-03-22,13.31352941,11.8813,13.1955
"1454",83,2004-03-23,12.48583333,11.8609,13.1738
"1455",84,2004-03-24,12.06230769,11.8401,13.1479
"1456",85,2004-03-25,12.25846154,11.8186,13.1214
"1457",86,2004-03-26,12.52538462,11.7956,13.0948
"1458",87,2004-03-27,12.59857143,11.7725,13.0707
"1459",88,2004-03-28,11.816,11.7503,13.0468
"1460",89,2004-03-29,12.23166667,11.729,13.0229
"1461",90,2004-03-30,11.34583333,11.708,12.998
"1462",91,2004-03-31,10.37333333,11.6873,12.9741
"1463",92,2004-04-01,10.376,11.6655,12.9484
"1464",93,2004-04-02,10.72842105,11.6434,12.9235
"1465",94,2004-04-03,11.27434783,11.6221,12.8996
"1466",95,2004-04-04,11.48958333,11.6021,12.8795
"1467",96,2004-04-05,10.74333333,11.5837,12.8636
"1468",97,2004-04-06,10.29454545,11.5672,12.8489
"1469",98,2004-04-07,10.619,11.5516,12.8321
"1470",99,2004-04-08,10.44222222,11.5357,12.8156
"1471",100,2004-04-09,10.75105263,11.5185,12.8025
"1472",101,2004-04-10,11.375,11.5013,12.7943
"1473",102,2004-04-11,11.955,11.4853,12.7834
"1474",103,2004-04-12,11.74478261,11.4705,12.7742
"1475",104,2004-04-13,10.9656,11.4582,12.7686
"1476",105,2004-04-14,10.53,11.4479,12.764
"1477",106,2004-04-15,10.6126087,11.4389,12.7625
"1478",107,2004-04-16,10.46863636,11.4323,12.7633
"1479",108,2004-04-17,10.60142857,11.4288,12.7671
"1480",109,2004-04-18,10.799375,11.4289,12.7723
"1481",110,2004-04-19,11.81,11.4325,12.7796
"1482",111,2004-04-20,12.68571429,11.4393,12.7872
"1483",112,2004-04-21,12.06571429,11.4483,12.7956
"1484",113,2004-04-22,11.95133333,11.4593,12.8064
"1485",114,2004-04-23,11.75866667,11.4735,12.82
"1486",115,2004-04-24,11.59384615,11.4891,12.8338
"1487",116,2004-04-25,11.51,11.5065,12.8491
"1488",117,2004-04-26,12.15818182,11.5258,12.8643
"1489",118,2004-04-27,NA,11.546,12.8799
"1490",119,2004-04-28,NA,11.5659,12.8936
"1491",120,2004-04-29,13.86,11.5852,12.9092
"1492",121,2004-04-30,14.532,11.6044,12.923
"1493",122,2004-05-01,13.19230769,11.624,12.9388
"1494",123,2004-05-02,12.72266667,11.6447,12.9613
"1495",124,2004-05-03,11.84058824,11.6653,12.9844
"1496",125,2004-05-04,11.90045455,11.6851,13.007
"1497",126,2004-05-05,11.83318182,11.7044,13.0276
"1498",127,2004-05-06,12.92,11.7235,13.045
"1499",128,2004-05-07,13.93478261,11.7434,13.066
"1500",129,2004-05-08,13.03190476,11.7649,13.0906
"1501",130,2004-05-09,11.96047619,11.789,13.1171
"1502",131,2004-05-10,11.22875,11.8145,13.1436
"1503",132,2004-05-11,10.3476,11.8406,13.1681
"1504",133,2004-05-12,10.82210526,11.868,13.2022
"1505",134,2004-05-13,12.16571429,11.8959,13.235
"1506",135,2004-05-14,12.522,11.9255,13.266
"1507",136,2004-05-15,12.0225,11.9566,13.2986
"1508",137,2004-05-16,11.76882353,11.9894,13.3313
"1509",138,2004-05-17,10.65111111,12.0223,13.3638
"1510",139,2004-05-18,10.92736842,12.054,13.3941
"1511",140,2004-05-19,10.045,12.0838,13.4229
"1512",141,2004-05-20,9.888888889,12.1115,13.4486
"1513",142,2004-05-21,10.65,12.1396,13.4758
"1514",143,2004-05-22,10.72888889,12.1675,13.5025
"1515",144,2004-05-23,10.419375,12.195,13.5286
"1516",145,2004-05-24,10.03444444,12.2235,13.5552
"1517",146,2004-05-25,11.03888889,12.2521,13.5834
"1518",147,2004-05-26,NA,12.2806,13.6087
"1519",148,2004-05-27,14.28,12.3105,13.6383
"1520",149,2004-05-28,13.14666667,12.342,13.6661
"1521",150,2004-05-29,12.341875,12.3764,13.7007
"1522",151,2004-05-30,12.54333333,12.4134,13.7409
"1523",152,2004-05-31,12.7945,12.4518,13.7828
"1524",153,2004-06-01,12.76045455,12.4907,13.8242
"1525",154,2004-06-02,12.35956522,12.5312,13.868
"1526",155,2004-06-03,11.49607143,12.574,13.9114
"1527",156,2004-06-04,11.26866667,12.619,13.9575
"1528",157,2004-06-05,12.14233333,12.665,14.0027
"1529",158,2004-06-06,11.57466667,12.711,14.048
"1530",159,2004-06-07,10.72884615,12.7551,14.0893
"1531",160,2004-06-08,10.55814815,12.7979,14.1301
"1532",161,2004-06-09,10.82761905,12.8386,14.1699
"1533",162,2004-06-10,11.85,12.8797,14.2094
"1534",163,2004-06-11,12.81277778,12.9224,14.2492
"1535",164,2004-06-12,13.18111111,12.9665,14.2849
"1536",165,2004-06-13,13.175,13.0127,14.3232
"1537",166,2004-06-14,12.0945,13.0582,14.3623
"1538",167,2004-06-15,13.28809524,13.1016,14.3983
"1539",168,2004-06-16,13.45857143,13.1444,14.4344
"1540",169,2004-06-17,13.0426087,13.188,14.4712
"1541",170,2004-06-18,14.02142857,13.2324,14.5088
"1542",171,2004-06-19,13.464,13.2774,14.549
"1543",172,2004-06-20,12.76,13.3232,14.5929
"1544",173,2004-06-21,12.35,13.3688,14.6402
"1545",174,2004-06-22,11.642,13.415,14.6887
"1546",175,2004-06-23,12.74666667,13.4615,14.7374
"1547",176,2004-06-24,14.92909091,13.5035,14.781
"1548",177,2004-06-25,14.242,13.5437,14.8216
"1549",178,2004-06-26,13.66277778,13.5839,14.8667
"1550",179,2004-06-27,13.9175,13.6234,14.9075
"1551",180,2004-06-28,14.24391304,13.662,14.9538
"1552",181,2004-06-29,15.3032,13.6991,14.9992
"1553",182,2004-06-30,14.91307692,13.7346,15.0387
"1554",183,2004-07-01,12.96882353,13.7694,15.0821
"1555",184,2004-07-02,13.84588235,13.8037,15.1232
"1556",185,2004-07-03,14.02272727,13.8362,15.1575
"1557",186,2004-07-04,13.7859375,13.8664,15.1901
"1558",187,2004-07-05,14.15931034,13.8965,15.2221
"1559",188,2004-07-06,13.96538462,13.927,15.2585
"1560",189,2004-07-07,13.71740741,13.9578,15.2948
"1561",190,2004-07-08,13.81882353,13.9891,15.3355
"1562",191,2004-07-09,15.49444444,14.0204,15.376
"1563",192,2004-07-10,15.4755,14.0521,15.415
"1564",193,2004-07-11,14.81666667,14.0834,15.4512
"1565",194,2004-07-12,14.84478261,14.1139,15.4853
"1566",195,2004-07-13,15.21833333,14.1409,15.5112
"1567",196,2004-07-14,14.48458333,14.1652,15.5341
"1568",197,2004-07-15,14.44291667,14.1888,15.5566
"1569",198,2004-07-16,13.85791667,14.2131,15.5834
"1570",199,2004-07-17,14.72434783,14.2366,15.6103
"1571",200,2004-07-18,13.82,14.2577,15.6328
"1572",201,2004-07-19,13.57142857,14.2775,15.6454
"1573",202,2004-07-20,13.1752381,14.2962,15.655
"1574",203,2004-07-21,13.32421053,14.3151,15.662
"1575",204,2004-07-22,14.34571429,14.3341,15.6706
"1576",205,2004-07-23,14.576875,14.3524,15.6852
"1577",206,2004-07-24,15.40631579,14.3711,15.7077
"1578",207,2004-07-25,15.365,14.3917,15.7362
"1579",208,2004-07-26,14.7912,14.4141,15.7674
"1580",209,2004-07-27,15.83814815,14.4365,15.7951
"1581",210,2004-07-28,16.42592593,14.4586,15.8229
"1582",211,2004-07-29,15.93117647,14.4808,15.8449
"1583",212,2004-07-30,15.89861111,14.5022,15.863
"1584",213,2004-07-31,15.45171429,14.5232,15.8795
"1585",214,2004-08-01,15.24096774,14.5429,15.8921
"1586",215,2004-08-02,14.06034483,14.5599,15.9029
"1587",216,2004-08-03,14.25777778,14.5749,15.9129
"1588",217,2004-08-04,14.1726087,14.5888,15.9176
"1589",218,2004-08-05,13.8872,14.6007,15.92
"1590",219,2004-08-06,16.13222222,14.6101,15.916
"1591",220,2004-08-07,14.873,14.618,15.9088
"1592",221,2004-08-08,15.24619048,14.6244,15.8993
"1593",222,2004-08-09,14.17347826,14.6292,15.8906
"1594",223,2004-08-10,14.59086957,14.6335,15.8835
"1595",224,2004-08-11,14.35583333,14.6369,15.8794
"1596",225,2004-08-12,15.78037037,14.6392,15.8772
"1597",226,2004-08-13,16.17535714,14.6431,15.8809
"1598",227,2004-08-14,14.92892857,14.6479,15.8893
"1599",228,2004-08-15,14.81777778,14.6515,15.8975
"1600",229,2004-08-16,15.0688,14.6538,15.9049
"1601",230,2004-08-17,14.9308,14.6557,15.9123
"1602",231,2004-08-18,14.615,14.6571,15.9242
"1603",232,2004-08-19,15.12,14.6578,15.9427
"1604",233,2004-08-20,16.07681818,14.6583,15.9615
"1605",234,2004-08-21,15.75842105,14.6574,15.9773
"1606",235,2004-08-22,14.47909091,14.6556,15.99
"1607",236,2004-08-23,15.34958333,14.6535,15.9932
"1608",237,2004-08-24,14.72407407,14.6493,15.9885
"1609",238,2004-08-25,14.73925926,14.6441,15.9796
"1610",239,2004-08-26,13.8569697,14.6377,15.9681
"1611",240,2004-08-27,15.28514286,14.6294,15.955
"1612",241,2004-08-28,14.71705882,14.6185,15.9389
"1613",242,2004-08-29,15.20941176,14.6056,15.9227
"1614",243,2004-08-30,14.85517241,14.5912,15.9055
"1615",244,2004-08-31,15.21428571,14.5758,15.8883
"1616",245,2004-09-01,14.8388,14.5598,15.8694
"1617",246,2004-09-02,14.32863636,14.5433,15.8517
"1618",247,2004-09-03,15.67117647,14.5258,15.8262
"1619",248,2004-09-04,16.73611111,14.5076,15.8059
"1620",249,2004-09-05,16.6185,14.488,15.7863
"1621",250,2004-09-06,15.811,14.4682,15.7686
"1622",251,2004-09-07,15.23952381,14.4479,15.7508
"1623",252,2004-09-08,14.87190476,14.4277,15.7298
"1624",253,2004-09-09,14.21,14.4076,15.7076
"1625",254,2004-09-10,15.67962963,14.3872,15.6842
"1626",255,2004-09-11,14.24333333,14.3669,15.6608
"1627",256,2004-09-12,14.54461538,14.3454,15.6371
"1628",257,2004-09-13,14.36037037,14.3219,15.6133
"1629",258,2004-09-14,13.07884615,14.2976,15.5872
"1630",259,2004-09-15,13.3425,14.2726,15.5597
"1631",260,2004-09-16,13.34954545,14.2469,15.529
"1632",261,2004-09-17,15.58318182,14.2206,15.4952
"1633",262,2004-09-18,15.089,14.1948,15.4595
"1634",263,2004-09-19,12.53304348,14.1687,15.4269
"1635",264,2004-09-20,13.178,14.1419,15.3957
"1636",265,2004-09-21,13.30038462,14.1138,15.3663
"1637",266,2004-09-22,14.47807692,14.083,15.3325
"1638",267,2004-09-23,13.37606061,14.051,15.2982
"1639",268,2004-09-24,13.321875,14.0186,15.2616
"1640",269,2004-09-25,13.515,13.9846,15.2229
"1641",270,2004-09-26,13.82129032,13.9503,15.1843
"1642",271,2004-09-27,13.92333333,13.9172,15.1464
"1643",272,2004-09-28,14.62178571,13.8863,15.1116
"1644",273,2004-09-29,14.1244,13.8565,15.0781
"1645",274,2004-09-30,13.27681818,13.8279,15.0408
"1646",275,2004-10-01,13.55954545,13.7992,15.001
"1647",276,2004-10-02,13.57166667,13.7711,14.9617
"1648",277,2004-10-03,13.3525,13.7456,14.9232
"1649",278,2004-10-04,13.7155,13.7226,14.8929
"1650",279,2004-10-05,13.45571429,13.7018,14.866
"1651",280,2004-10-06,14.42777778,13.6836,14.8402
"1652",281,2004-10-07,14.53928571,13.6662,14.8154
"1653",282,2004-10-08,13.97714286,13.6487,14.7939
"1654",283,2004-10-09,12.61,13.6294,14.7711
"1655",284,2004-10-10,12.2504,13.6087,14.748
"1656",285,2004-10-11,12.8148,13.5869,14.7251
"1657",286,2004-10-12,13.1536,13.5657,14.7023
"1658",287,2004-10-13,13.23153846,13.5461,14.6791
"1659",288,2004-10-14,13.25461538,13.5274,14.6559
"1660",289,2004-10-15,12.9424,13.5082,14.6317
"1661",290,2004-10-16,13.28666667,13.4892,14.6075
"1662",291,2004-10-17,14.33724138,13.4706,14.5842
"1663",292,2004-10-18,13.68,13.452,14.564
"1664",293,2004-10-19,14.13444444,13.4341,14.544
"1665",294,2004-10-20,14.395,13.4179,14.5239
"1666",295,2004-10-21,14.28090909,13.4031,14.5027
"1667",296,2004-10-22,14.32233333,13.3902,14.483
"1668",297,2004-10-23,14.3925,13.3793,14.4657
"1669",298,2004-10-24,14.48821429,13.3684,14.4511
"1670",299,2004-10-25,13.86769231,13.358,14.438
"1671",300,2004-10-26,14.14148148,13.3492,14.4271
"1672",301,2004-10-27,13.9684,13.3408,14.4174
"1673",302,2004-10-28,14.02833333,13.3322,14.4112
"1674",303,2004-10-29,14.21,13.3231,14.405
"1675",304,2004-10-30,14.2596,13.3128,14.3974
"1676",305,2004-10-31,14.30045455,13.3017,14.3945
"1677",306,2004-11-01,14.35304348,13.2903,14.3942
"1678",307,2004-11-02,15.04583333,13.2779,14.3938
"1679",308,2004-11-03,14.81652174,13.2635,14.3927
"1680",309,2004-11-04,14.27,13.2477,14.3912
"1681",310,2004-11-05,13.98,13.2293,14.3859
"1682",311,2004-11-06,14.22909091,13.2084,14.3801
"1683",312,2004-11-07,14.43,13.186,14.3737
"1684",313,2004-11-08,14.27,13.1624,14.3626
"1685",314,2004-11-09,14.27,13.1394,14.3501
"1686",315,2004-11-10,14.44954545,13.1171,14.3322
"1687",316,2004-11-11,14.74571429,13.0945,14.3103
"1688",317,2004-11-12,14.72933333,13.0706,14.2854
"1689",318,2004-11-13,14.42666667,13.0452,14.2586
"1690",319,2004-11-14,14.0971875,13.0187,14.2286
"1691",320,2004-11-15,14.22026316,12.9922,14.1963
"1692",321,2004-11-16,14.56461538,12.9663,14.169
"1693",322,2004-11-17,14.56710526,12.9408,14.1425
"1694",323,2004-11-18,14.51457143,12.9149,14.116
"1695",324,2004-11-19,14.37535714,12.8884,14.0908
"1696",325,2004-11-20,14.00590909,12.8613,14.0655
"1697",326,2004-11-21,12.99111111,12.8337,14.0403
"1698",327,2004-11-22,13.20611111,12.8057,14.0164
"1699",328,2004-11-23,13.6465,12.778,13.9916
"1700",329,2004-11-24,13.43,12.7514,13.9699
"1701",330,2004-11-25,13.42173913,12.7255,13.949
"1702",331,2004-11-26,13.24846154,12.6997,13.9278
"1703",332,2004-11-27,13.516,12.6741,13.907
"1704",333,2004-11-28,12.20724138,12.6481,13.8808
"1705",334,2004-11-29,12.16354839,12.6226,13.8502
"1706",335,2004-11-30,12.36074074,12.5981,13.8185
"1707",336,2004-12-01,12.78375,12.5735,13.7867
"1708",337,2004-12-02,12.8155,12.5496,13.7538
"1709",338,2004-12-03,12.32857143,12.5268,13.7201
"1710",339,2004-12-04,12.2,12.5046,13.6854
"1711",340,2004-12-05,12.24,12.4826,13.6464
"1712",341,2004-12-06,12.15529412,12.4617,13.606
"1713",342,2004-12-07,12.26368421,12.4415,13.5653
"1714",343,2004-12-08,12.39,12.4218,13.5229
"1715",344,2004-12-09,12.59173913,12.4029,13.484
"1716",345,2004-12-10,12.74636364,12.3846,13.4469
"1717",346,2004-12-11,12.82647059,12.3671,13.4157
"1718",347,2004-12-12,12.88222222,12.3506,13.3886
"1719",348,2004-12-13,12.91108108,12.3348,13.3639
"1720",349,2004-12-14,12.79128205,12.3191,13.3395
"1721",350,2004-12-15,12.95526316,12.3042,13.3182
"1722",351,2004-12-16,12.93342857,12.2897,13.2996
"1723",352,2004-12-17,12.9616129,12.275,13.2764
"1724",353,2004-12-18,12.71,12.2605,13.2525
"1725",354,2004-12-19,12.67631579,12.2474,13.2303
"1726",355,2004-12-20,12.55,12.2354,13.2092
"1727",356,2004-12-21,12.46619048,12.2237,13.1891
"1728",357,2004-12-22,12.55,12.2119,13.1705
"1729",358,2004-12-23,12.41086957,12.2004,13.151
"1730",359,2004-12-24,12.2634375,12.1886,13.1316
"1731",360,2004-12-25,12.21193548,12.1767,13.1101
"1732",361,2004-12-26,12.51,12.1647,13.0891
"1733",362,2004-12-27,12.50181818,12.1525,13.0696
"1734",363,2004-12-28,12.23030303,12.14,13.051
"1735",364,2004-12-29,12.43419355,12.1277,13.0349
"1736",365,2004-12-30,12.94714286,12.1151,13.0235
"1737",366,2004-12-31,13.18666667,12.1024,13.0133
"1738",1,2005-01-01,13.035,12.0905,13.0033
"1739",2,2005-01-02,12.81714286,12.0793,12.9941
"1740",3,2005-01-03,12.25705882,12.0687,12.9855
"1741",4,2005-01-04,12.542,12.0591,12.9803
"1742",5,2005-01-05,12.4873913,12.0506,12.9811
"1743",6,2005-01-06,12.2388,12.0434,12.9852
"1744",7,2005-01-07,12.48678571,12.0377,12.9918
"1745",8,2005-01-08,12.87763158,12.034,13.0008
"1746",9,2005-01-09,12.88405405,12.0321,13.011
"1747",10,2005-01-10,12.81944444,12.0314,13.0236
"1748",11,2005-01-11,12.70351351,12.0312,13.0368
"1749",12,2005-01-12,13.12794118,12.0312,13.0503
"1750",13,2005-01-13,12.80029412,12.0311,13.0636
"1751",14,2005-01-14,12.94,12.0314,13.0774
"1752",15,2005-01-15,12.64590909,12.0319,13.0898
"1753",16,2005-01-16,12.35842105,12.0327,13.0996
"1754",17,2005-01-17,12.478,12.0336,13.1059
"1755",18,2005-01-18,12.52818182,12.0344,13.1121
"1756",19,2005-01-19,12.72666667,12.0345,13.1165
"1757",20,2005-01-20,12.86666667,12.0336,13.1187
"1758",21,2005-01-21,13.02,12.0322,13.1197
"1759",22,2005-01-22,13.06090909,12.0309,13.1188
"1760",23,2005-01-23,13.18258065,12.0298,13.1175
"1761",24,2005-01-24,13.255,12.0291,13.1163
"1762",25,2005-01-25,13.31714286,12.0282,13.1153
"1763",26,2005-01-26,13.39923077,12.0273,13.1146
"1764",27,2005-01-27,13.32304348,12.0267,13.1131
"1765",28,2005-01-28,13.34956522,12.0267,13.1128
"1766",29,2005-01-29,13.35047619,12.0273,13.1139
"1767",30,2005-01-30,13.10076923,12.0279,13.1152
"1768",31,2005-01-31,13.26,12.0285,13.1183
"1769",32,2005-02-01,13.16263158,12.0289,13.1209
"1770",33,2005-02-02,12.88272727,12.0291,13.1244
"1771",34,2005-02-03,12.86,12.0289,13.13
"1772",35,2005-02-04,12.86,12.0282,13.1347
"1773",36,2005-02-05,13.12181818,12.0277,13.1385
"1774",37,2005-02-06,13.09432432,12.0272,13.1417
"1775",38,2005-02-07,13.03459459,12.0258,13.1431
"1776",39,2005-02-08,12.98647059,12.0231,13.1442
"1777",40,2005-02-09,13.11121212,12.0194,13.1452
"1778",41,2005-02-10,13.216,12.0155,13.1462
"1779",42,2005-02-11,13.30896552,12.0119,13.1472
"1780",43,2005-02-12,13.5408,12.0091,13.1482
"1781",44,2005-02-13,13.25,12.0073,13.1502
"1782",45,2005-02-14,13.19833333,12.0067,13.1525
"1783",46,2005-02-15,13.3025,12.0069,13.1567
"1784",47,2005-02-16,13.34,12.007,13.1633
"1785",48,2005-02-17,13.34,12.0073,13.173
"1786",49,2005-02-18,13.34,12.008,13.1828
"1787",50,2005-02-19,13.51333333,12.0088,13.1924
"1788",51,2005-02-20,13.5256,12.0103,13.2025
"1789",52,2005-02-21,13.532,12.0124,13.2141
"1790",53,2005-02-22,13.56,12.015,13.23
"1791",54,2005-02-23,13.67,12.0171,13.2468
"1792",55,2005-02-24,13.65272727,12.0188,13.2634
"1793",56,2005-02-25,13.70095238,12.02,13.279
"1794",57,2005-02-26,13.9185,12.0208,13.2936
"1795",58,2005-02-27,13.91461538,12.0207,13.3076
"1796",59,2005-02-28,13.81,12.0199,13.3202
"1797",61,2005-03-01,13.81176471,12.0195,13.3424
"1798",62,2005-03-02,14.07052632,12.0203,13.3516
"1799",63,2005-03-03,13.81,12.0203,13.3593
"1800",64,2005-03-04,13.9792,12.0195,13.3644
"1801",65,2005-03-05,13.66,12.0183,13.368
"1802",66,2005-03-06,13.85419355,12.017,13.3696
"1803",67,2005-03-07,13.79375,12.015,13.3691
"1804",68,2005-03-08,13.9509375,12.0126,13.368
"1805",69,2005-03-09,14.00290323,12.011,13.3634
"1806",70,2005-03-10,14.16071429,12.01,13.3576
"1807",71,2005-03-11,14.91807692,12.0084,13.3512
"1808",72,2005-03-12,15.1775,12.0057,13.3431
"1809",73,2005-03-13,14.48266667,12.0007,13.3346
"1810",74,2005-03-14,13.91266667,11.9943,13.3252
"1811",75,2005-03-15,14.11875,11.9864,13.3124
"1812",76,2005-03-16,14.33,11.9763,13.298
"1813",77,2005-03-17,14.04111111,11.9639,13.282
"1814",78,2005-03-18,13.96,11.9504,13.2661
"1815",79,2005-03-19,14.12,11.9354,13.2503
"1816",80,2005-03-20,14.14142857,11.9185,13.2335
"1817",81,2005-03-21,14.16285714,11.9005,13.2156
"1818",82,2005-03-22,14.48941176,11.8813,13.1955
"1819",83,2005-03-23,13.8085,11.8609,13.1738
"1820",84,2005-03-24,13.572,11.8401,13.1479
"1821",85,2005-03-25,13.46,11.8186,13.1214
"1822",86,2005-03-26,13.59,11.7956,13.0948
"1823",87,2005-03-27,13.87285714,11.7725,13.0707
"1824",88,2005-03-28,13.39666667,11.7503,13.0468
"1825",89,2005-03-29,13.03,11.729,13.0229
"1826",90,2005-03-30,12.88388889,11.708,12.998
"1827",91,2005-03-31,13.03,11.6873,12.9741
"1828",92,2005-04-01,13.46631579,11.6655,12.9484
"1829",93,2005-04-02,12.64227273,11.6434,12.9235
"1830",94,2005-04-03,11.9108,11.6221,12.8996
"1831",95,2005-04-04,12.57807692,11.6021,12.8795
"1832",96,2005-04-05,12.50592593,11.5837,12.8636
"1833",97,2005-04-06,12.91851852,11.5672,12.8489
"1834",98,2005-04-07,12.44230769,11.5516,12.8321
"1835",99,2005-04-08,11.7288,11.5357,12.8156
"1836",100,2005-04-09,11.27571429,11.5185,12.8025
"1837",101,2005-04-10,11.66933333,11.5013,12.7943
"1838",102,2005-04-11,11.30866667,11.4853,12.7834
"1839",103,2005-04-12,10.719375,11.4705,12.7742
"1840",104,2005-04-13,10.196,11.4582,12.7686
"1841",105,2005-04-14,9.72,11.4479,12.764
"1842",106,2005-04-15,9.497857143,11.4389,12.7625
"1843",107,2005-04-16,9.84,11.4323,12.7633
"1844",108,2005-04-17,NA,11.4288,12.7671
"1845",109,2005-04-18,NA,11.4289,12.7723
"1846",110,2005-04-19,10.16,11.4325,12.7796
"1847",111,2005-04-20,11.44875,11.4393,12.7872
"1848",112,2005-04-21,10.86,11.4483,12.7956
"1849",113,2005-04-22,11.96642857,11.4593,12.8064
"1850",114,2005-04-23,12.1725,11.4735,12.82
"1851",115,2005-04-24,12.36235294,11.4891,12.8338
"1852",116,2005-04-25,12.31764706,11.5065,12.8491
"1853",117,2005-04-26,12.26157895,11.5258,12.8643
"1854",118,2005-04-27,12.0465,11.546,12.8799
"1855",119,2005-04-28,12.5785,11.5659,12.8936
"1856",120,2005-04-29,12.20941176,11.5852,12.9092
"1857",121,2005-04-30,11.96411765,11.6044,12.923
"1858",122,2005-05-01,12.05708333,11.624,12.9388
"1859",123,2005-05-02,12.58428571,11.6447,12.9613
"1860",124,2005-05-03,12.72833333,11.6653,12.9844
"1861",125,2005-05-04,13.00866667,11.6851,13.007
"1862",126,2005-05-05,13.353125,11.7044,13.0276
"1863",127,2005-05-06,13.03722222,11.7235,13.045
"1864",128,2005-05-07,12.82263158,11.7434,13.066
"1865",129,2005-05-08,13.47111111,11.7649,13.0906
"1866",130,2005-05-09,13.34777778,11.789,13.1171
"1867",131,2005-05-10,13.09888889,11.8145,13.1436
"1868",132,2005-05-11,12.91823529,11.8406,13.1681
"1869",133,2005-05-12,12.40133333,11.868,13.2022
"1870",134,2005-05-13,12.272,11.8959,13.235
"1871",135,2005-05-14,11.902,11.9255,13.266
"1872",136,2005-05-15,NA,11.9566,13.2986
"1873",137,2005-05-16,NA,11.9894,13.3313
"1874",138,2005-05-17,12.085,12.0223,13.3638
"1875",139,2005-05-18,12.92181818,12.054,13.3941
"1876",140,2005-05-19,13.06692308,12.0838,13.4229
"1877",141,2005-05-20,12.220625,12.1115,13.4486
"1878",142,2005-05-21,12.20473684,12.1396,13.4758
"1879",143,2005-05-22,11.87666667,12.1675,13.5025
"1880",144,2005-05-23,11.58043478,12.195,13.5286
"1881",145,2005-05-24,12.84047619,12.2235,13.5552
"1882",146,2005-05-25,14.64863636,12.2521,13.5834
"1883",147,2005-05-26,14.2304,12.2806,13.6087
"1884",148,2005-05-27,12.182,12.3105,13.6383
"1885",149,2005-05-28,11.64826087,12.342,13.6661
"1886",150,2005-05-29,11.81692308,12.3764,13.7007
"1887",151,2005-05-30,12.0173913,12.4134,13.7409
"1888",152,2005-05-31,12.830625,12.4518,13.7828
"1889",153,2005-06-01,13.87,12.4907,13.8242
"1890",154,2005-06-02,13.34210526,12.5312,13.868
"1891",155,2005-06-03,13.4947619,12.574,13.9114
"1892",156,2005-06-04,13.15,12.619,13.9575
"1893",157,2005-06-05,11.14809524,12.665,14.0027
"1894",158,2005-06-06,10.69391304,12.711,14.048
"1895",159,2005-06-07,10.6445,12.7551,14.0893
"1896",160,2005-06-08,11.005,12.7979,14.1301
"1897",161,2005-06-09,11.22736842,12.8386,14.1699
"1898",162,2005-06-10,10.859375,12.8797,14.2094
"1899",163,2005-06-11,10.81,12.9224,14.2492
"1900",164,2005-06-12,10.35875,12.9665,14.2849
"1901",165,2005-06-13,NA,13.0127,14.3232
"1902",166,2005-06-14,12.77888889,13.0582,14.3623
"1903",167,2005-06-15,13.54076923,13.1016,14.3983
"1904",168,2005-06-16,13.74941176,13.1444,14.4344
"1905",169,2005-06-17,13.04,13.188,14.4712
"1906",170,2005-06-18,14.52727273,13.2324,14.5088
"1907",171,2005-06-19,13.76958333,13.2774,14.549
"1908",172,2005-06-20,12.6552,13.3232,14.5929
"1909",173,2005-06-21,12.08827586,13.3688,14.6402
"1910",174,2005-06-22,12.0690625,13.415,14.6887
"1911",175,2005-06-23,13.62193548,13.4615,14.7374
"1912",176,2005-06-24,14.06903226,13.5035,14.781
"1913",177,2005-06-25,13.70551724,13.5437,14.8216
"1914",178,2005-06-26,12.64125,13.5839,14.8667
"1915",179,2005-06-27,12.85896552,13.6234,14.9075
"1916",180,2005-06-28,11.97166667,13.662,14.9538
"1917",181,2005-06-29,13.44684211,13.6991,14.9992
"1918",182,2005-06-30,14.72952381,13.7346,15.0387
"1919",183,2005-07-01,15.36545455,13.7694,15.0821
"1920",184,2005-07-02,15.02173913,13.8037,15.1232
"1921",185,2005-07-03,14.78708333,13.8362,15.1575
"1922",186,2005-07-04,14.76791667,13.8664,15.1901
"1923",187,2005-07-05,13.94,13.8965,15.2221
"1924",188,2005-07-06,13.73428571,13.927,15.2585
"1925",189,2005-07-07,12.88043478,13.9578,15.2948
"1926",190,2005-07-08,12.71444444,13.9891,15.3355
"1927",191,2005-07-09,11.629375,14.0204,15.376
"1928",192,2005-07-10,12,14.0521,15.415
"1929",193,2005-07-11,13.20915385,14.0834,15.4512
"1930",194,2005-07-12,14.95209091,14.1139,15.4853
"1931",195,2005-07-13,15.0082,14.1409,15.5112
"1932",196,2005-07-14,15.67421053,14.1652,15.5341
"1933",197,2005-07-15,13.89604762,14.1888,15.5566
"1934",198,2005-07-16,13.34866667,14.2131,15.5834
"1935",199,2005-07-17,14.56757692,14.2366,15.6103
"1936",200,2005-07-18,13.84518519,14.2577,15.6328
"1937",201,2005-07-19,14.1511,14.2775,15.6454
"1938",202,2005-07-20,13.07247222,14.2962,15.655
"1939",203,2005-07-21,12.95484848,14.3151,15.662
"1940",204,2005-07-22,13.1921875,14.3341,15.6706
"1941",205,2005-07-23,12.53374194,14.3524,15.6852
"1942",206,2005-07-24,12.9775,14.3711,15.7077
"1943",207,2005-07-25,13.91473077,14.3917,15.7362
"1944",208,2005-07-26,12.75662963,14.4141,15.7674
"1945",209,2005-07-27,14.10975,14.4365,15.7951
"1946",210,2005-07-28,14.123,14.4586,15.8229
"1947",211,2005-07-29,13.73252174,14.4808,15.8449
"1948",212,2005-07-30,14.41983333,14.5022,15.863
"1949",213,2005-07-31,14.12532,14.5232,15.8795
"1950",214,2005-08-01,14.15153333,14.5429,15.8921
"1951",215,2005-08-02,14.6565,14.5599,15.9029
"1952",216,2005-08-03,14.98909677,14.5749,15.9129
"1953",217,2005-08-04,15.21310714,14.5888,15.9176
"1954",218,2005-08-05,14.55970833,14.6007,15.92
"1955",219,2005-08-06,12.93725,14.6101,15.916
"1956",220,2005-08-07,14.3608,14.618,15.9088
"1957",221,2005-08-08,15.31329412,14.6244,15.8993
"1958",222,2005-08-09,15.6205,14.6292,15.8906
"1959",223,2005-08-10,15.5816,14.6335,15.8835
"1960",224,2005-08-11,16.43721053,14.6369,15.8794
"1961",225,2005-08-12,15.12159091,14.6392,15.8772
"1962",226,2005-08-13,14.39812,14.6431,15.8809
"1963",227,2005-08-14,14.80766667,14.6479,15.8893
"1964",228,2005-08-15,15.3422963,14.6515,15.8975
"1965",229,2005-08-16,14.68359259,14.6538,15.9049
"1966",230,2005-08-17,14.8612,14.6557,15.9123
"1967",231,2005-08-18,14.97829412,14.6571,15.9242
"1968",232,2005-08-19,15.04625,14.6578,15.9427
"1969",233,2005-08-20,14.72023333,14.6583,15.9615
"1970",234,2005-08-21,14.89196429,14.6574,15.9773
"1971",235,2005-08-22,14.46996296,14.6556,15.99
"1972",236,2005-08-23,14.2822963,14.6535,15.9932
"1973",237,2005-08-24,15.05447619,14.6493,15.9885
"1974",238,2005-08-25,16.81719048,14.6441,15.9796
"1975",239,2005-08-26,15.95447826,14.6377,15.9681
"1976",240,2005-08-27,14.8435,14.6294,15.955
"1977",241,2005-08-28,13.76575,14.6185,15.9389
"1978",242,2005-08-29,13.65964286,14.6056,15.9227
"1979",243,2005-08-30,15.36803226,14.5912,15.9055
"1980",244,2005-08-31,14.67837931,14.5758,15.8883
"1981",245,2005-09-01,14.68103571,14.5598,15.8694
"1982",246,2005-09-02,15.15346154,14.5433,15.8517
"1983",247,2005-09-03,14.57679167,14.5258,15.8262
"1984",248,2005-09-04,14.79922727,14.5076,15.8059
"1985",249,2005-09-05,15.3148,14.488,15.7863
"1986",250,2005-09-06,15.1865625,14.4682,15.7686
"1987",251,2005-09-07,14.343125,14.4479,15.7508
"1988",252,2005-09-08,13.58294737,14.4277,15.7298
"1989",253,2005-09-09,14.95227273,14.4076,15.7076
"1990",254,2005-09-10,14.37904,14.3872,15.6842
"1991",255,2005-09-11,14.49574074,14.3669,15.6608
"1992",256,2005-09-12,14.44574074,14.3454,15.6371
"1993",257,2005-09-13,13.79738462,14.3219,15.6133
"1994",258,2005-09-14,13.316625,14.2976,15.5872
"1995",259,2005-09-15,13.07609091,14.2726,15.5597
"1996",260,2005-09-16,13.09078788,14.2469,15.529
"1997",261,2005-09-17,12.858625,14.2206,15.4952
"1998",262,2005-09-18,12.33132143,14.1948,15.4595
"1999",263,2005-09-19,13.17092857,14.1687,15.4269
"2000",264,2005-09-20,12.88326923,14.1419,15.3957
"2001",265,2005-09-21,13.42030769,14.1138,15.3663
"2002",266,2005-09-22,13.06695238,14.083,15.3325
"2003",267,2005-09-23,12.07472727,14.051,15.2982
"2004",268,2005-09-24,12.18495455,14.0186,15.2616
"2005",269,2005-09-25,12.41438095,13.9846,15.2229
"2006",270,2005-09-26,14.22279167,13.9503,15.1843
"2007",271,2005-09-27,13.8402,13.9172,15.1464
"2008",272,2005-09-28,12.70865385,13.8863,15.1116
"2009",273,2005-09-29,13.40332,13.8565,15.0781
"2010",274,2005-09-30,13.248875,13.8279,15.0408
"2011",275,2005-10-01,13.31917391,13.7992,15.001
"2012",276,2005-10-02,11.94547826,13.7711,14.9617
"2013",277,2005-10-03,12.31136364,13.7456,14.9232
"2014",278,2005-10-04,11.46626316,13.7226,14.8929
"2015",279,2005-10-05,11.37421053,13.7018,14.866
"2016",280,2005-10-06,11.75595,13.6836,14.8402
"2017",281,2005-10-07,11.78086957,13.6662,14.8154
"2018",282,2005-10-08,11.78408,13.6487,14.7939
"2019",283,2005-10-09,11.49196296,13.6294,14.7711
"2020",284,2005-10-10,12.82376923,13.6087,14.748
"2021",285,2005-10-11,12.6282,13.5869,14.7251
"2022",286,2005-10-12,12.48936667,13.5657,14.7023
"2023",287,2005-10-13,12.90796774,13.5461,14.6791
"2024",288,2005-10-14,12.12672414,13.5274,14.6559
"2025",289,2005-10-15,11.33689655,13.5082,14.6317
"2026",290,2005-10-16,11.32922581,13.4892,14.6075
"2027",291,2005-10-17,12.23421429,13.4706,14.5842
"2028",292,2005-10-18,12.54173077,13.452,14.564
"2029",293,2005-10-19,13.25716,13.4341,14.544
"2030",294,2005-10-20,12.78676667,13.4179,14.5239
"2031",295,2005-10-21,12.96265217,13.4031,14.5027
"2032",296,2005-10-22,12.69820833,13.3902,14.483
"2033",297,2005-10-23,13.30813636,13.3793,14.4657
"2034",298,2005-10-24,13.10254545,13.3684,14.4511
"2035",299,2005-10-25,13.30622222,13.358,14.438
"2036",300,2005-10-26,12.6902,13.3492,14.4271
"2037",301,2005-10-27,12.47090909,13.3408,14.4174
"2038",302,2005-10-28,12.60115385,13.3322,14.4112
"2039",303,2005-10-29,12.81715789,13.3231,14.405
"2040",304,2005-10-30,12.1521875,13.3128,14.3974
"2041",305,2005-10-31,12.12011111,13.3017,14.3945
"2042",306,2005-11-01,12.24742105,13.2903,14.3942
"2043",307,2005-11-02,12.26840909,13.2779,14.3938
"2044",308,2005-11-03,12.33286957,13.2635,14.3927
"2045",309,2005-11-04,12.83692,13.2477,14.3912
"2046",310,2005-11-05,12.55055556,13.2293,14.3859
"2047",311,2005-11-06,12.52471429,13.2084,14.3801
"2048",312,2005-11-07,12.43914286,13.186,14.3737
"2049",313,2005-11-08,12.59675758,13.1624,14.3626
"2050",314,2005-11-09,12.78013793,13.1394,14.3501
"2051",315,2005-11-10,13.03966667,13.1171,14.3322
"2052",316,2005-11-11,12.87482609,13.0945,14.3103
"2053",317,2005-11-12,12.706125,13.0706,14.2854
"2054",318,2005-11-13,12.43262963,13.0452,14.2586
"2055",319,2005-11-14,12.34153571,13.0187,14.2286
"2056",320,2005-11-15,12.56232258,12.9922,14.1963
"2057",321,2005-11-16,12.85196429,12.9663,14.169
"2058",322,2005-11-17,12.82516667,12.9408,14.1425
"2059",323,2005-11-18,12.93141176,12.9149,14.116
"2060",324,2005-11-19,12.97671429,12.8884,14.0908
"2061",325,2005-11-20,12.921,12.8613,14.0655
"2062",326,2005-11-21,12.8993,12.8337,14.0403
"2063",327,2005-11-22,13.15184211,12.8057,14.0164
"2064",328,2005-11-23,12.47972727,12.778,13.9916
"2065",329,2005-11-24,12.53430769,12.7514,13.9699
"2066",330,2005-11-25,12.60771429,12.7255,13.949
"2067",331,2005-11-26,12.35529412,12.6997,13.9278
"2068",332,2005-11-27,11.53877778,12.6741,13.907
"2069",333,2005-11-28,11.5862,12.6481,13.8808
"2070",334,2005-11-29,12.33045455,12.6226,13.8502
"2071",335,2005-11-30,12.36125926,12.5981,13.8185
"2072",336,2005-12-01,12.56415385,12.5735,13.7867
"2073",337,2005-12-02,NA,12.5496,13.7538
"2074",338,2005-12-03,NA,12.5268,13.7201
"2075",339,2005-12-04,NA,12.5046,13.6854
"2076",340,2005-12-05,NA,12.4826,13.6464
"2077",341,2005-12-06,NA,12.4617,13.606
"2078",342,2005-12-07,NA,12.4415,13.5653
"2079",343,2005-12-08,NA,12.4218,13.5229
"2080",344,2005-12-09,NA,12.4029,13.484
"2081",345,2005-12-10,NA,12.3846,13.4469
"2082",346,2005-12-11,NA,12.3671,13.4157
"2083",347,2005-12-12,NA,12.3506,13.3886
"2084",348,2005-12-13,NA,12.3348,13.3639
"2085",349,2005-12-14,NA,12.3191,13.3395
"2086",350,2005-12-15,NA,12.3042,13.3182
"2087",351,2005-12-16,NA,12.2897,13.2996
"2088",352,2005-12-17,NA,12.275,13.2764
"2089",353,2005-12-18,NA,12.2605,13.2525
"2090",354,2005-12-19,NA,12.2474,13.2303
"2091",355,2005-12-20,NA,12.2354,13.2092
"2092",356,2005-12-21,NA,12.2237,13.1891
"2093",357,2005-12-22,NA,12.2119,13.1705
"2094",358,2005-12-23,NA,12.2004,13.151
"2095",359,2005-12-24,NA,12.1886,13.1316
"2096",360,2005-12-25,NA,12.1767,13.1101
"2097",361,2005-12-26,NA,12.1647,13.0891
"2098",362,2005-12-27,NA,12.1525,13.0696
"2099",363,2005-12-28,NA,12.14,13.051
"2100",364,2005-12-29,NA,12.1277,13.0349
"2101",365,2005-12-30,NA,12.1151,13.0235
"2102",366,2005-12-31,NA,12.1024,13.0133
"2103",1,2006-01-01,NA,12.0905,13.0033
"2104",2,2006-01-02,NA,12.0793,12.9941
"2105",3,2006-01-03,NA,12.0687,12.9855
"2106",4,2006-01-04,NA,12.0591,12.9803
"2107",5,2006-01-05,NA,12.0506,12.9811
"2108",6,2006-01-06,NA,12.0434,12.9852
"2109",7,2006-01-07,NA,12.0377,12.9918
"2110",8,2006-01-08,NA,12.034,13.0008
"2111",9,2006-01-09,NA,12.0321,13.011
"2112",10,2006-01-10,NA,12.0314,13.0236
"2113",11,2006-01-11,NA,12.0312,13.0368
"2114",12,2006-01-12,NA,12.0312,13.0503
"2115",13,2006-01-13,NA,12.0311,13.0636
"2116",14,2006-01-14,NA,12.0314,13.0774
"2117",15,2006-01-15,NA,12.0319,13.0898
"2118",16,2006-01-16,NA,12.0327,13.0996
"2119",17,2006-01-17,NA,12.0336,13.1059
"2120",18,2006-01-18,NA,12.0344,13.1121
"2121",19,2006-01-19,NA,12.0345,13.1165
"2122",20,2006-01-20,NA,12.0336,13.1187
"2123",21,2006-01-21,NA,12.0322,13.1197
"2124",22,2006-01-22,NA,12.0309,13.1188
"2125",23,2006-01-23,NA,12.0298,13.1175
"2126",24,2006-01-24,NA,12.0291,13.1163
"2127",25,2006-01-25,NA,12.0282,13.1153
"2128",26,2006-01-26,NA,12.0273,13.1146
"2129",27,2006-01-27,NA,12.0267,13.1131
"2130",28,2006-01-28,NA,12.0267,13.1128
"2131",29,2006-01-29,NA,12.0273,13.1139
"2132",30,2006-01-30,NA,12.0279,13.1152
"2133",31,2006-01-31,NA,12.0285,13.1183
"2134",32,2006-02-01,NA,12.0289,13.1209
"2135",33,2006-02-02,NA,12.0291,13.1244
"2136",34,2006-02-03,NA,12.0289,13.13
"2137",35,2006-02-04,NA,12.0282,13.1347
"2138",36,2006-02-05,NA,12.0277,13.1385
"2139",37,2006-02-06,NA,12.0272,13.1417
"2140",38,2006-02-07,NA,12.0258,13.1431
"2141",39,2006-02-08,NA,12.0231,13.1442
"2142",40,2006-02-09,NA,12.0194,13.1452
"2143",41,2006-02-10,NA,12.0155,13.1462
"2144",42,2006-02-11,NA,12.0119,13.1472
"2145",43,2006-02-12,NA,12.0091,13.1482
"2146",44,2006-02-13,NA,12.0073,13.1502
"2147",45,2006-02-14,NA,12.0067,13.1525
"2148",46,2006-02-15,NA,12.0069,13.1567
"2149",47,2006-02-16,NA,12.007,13.1633
"2150",48,2006-02-17,NA,12.0073,13.173
"2151",49,2006-02-18,NA,12.008,13.1828
"2152",50,2006-02-19,NA,12.0088,13.1924
"2153",51,2006-02-20,NA,12.0103,13.2025
"2154",52,2006-02-21,NA,12.0124,13.2141
"2155",53,2006-02-22,NA,12.015,13.23
"2156",54,2006-02-23,NA,12.0171,13.2468
"2157",55,2006-02-24,NA,12.0188,13.2634
"2158",56,2006-02-25,NA,12.02,13.279
"2159",57,2006-02-26,NA,12.0208,13.2936
"2160",58,2006-02-27,NA,12.0207,13.3076
"2161",59,2006-02-28,NA,12.0199,13.3202
"2162",61,2006-03-01,NA,12.0195,13.3424
"2163",62,2006-03-02,NA,12.0203,13.3516
"2164",63,2006-03-03,NA,12.0203,13.3593
"2165",64,2006-03-04,NA,12.0195,13.3644
"2166",65,2006-03-05,NA,12.0183,13.368
"2167",66,2006-03-06,NA,12.017,13.3696
"2168",67,2006-03-07,NA,12.015,13.3691
"2169",68,2006-03-08,NA,12.0126,13.368
"2170",69,2006-03-09,NA,12.011,13.3634
"2171",70,2006-03-10,NA,12.01,13.3576
"2172",71,2006-03-11,NA,12.0084,13.3512
"2173",72,2006-03-12,NA,12.0057,13.3431
"2174",73,2006-03-13,NA,12.0007,13.3346
"2175",74,2006-03-14,NA,11.9943,13.3252
"2176",75,2006-03-15,NA,11.9864,13.3124
"2177",76,2006-03-16,NA,11.9763,13.298
"2178",77,2006-03-17,NA,11.9639,13.282
"2179",78,2006-03-18,NA,11.9504,13.2661
"2180",79,2006-03-19,NA,11.9354,13.2503
"2181",80,2006-03-20,NA,11.9185,13.2335
"2182",81,2006-03-21,NA,11.9005,13.2156
"2183",82,2006-03-22,NA,11.8813,13.1955
"2184",83,2006-03-23,NA,11.8609,13.1738
"2185",84,2006-03-24,NA,11.8401,13.1479
"2186",85,2006-03-25,NA,11.8186,13.1214
"2187",86,2006-03-26,NA,11.7956,13.0948
"2188",87,2006-03-27,NA,11.7725,13.0707
"2189",88,2006-03-28,NA,11.7503,13.0468
"2190",89,2006-03-29,NA,11.729,13.0229
"2191",90,2006-03-30,NA,11.708,12.998
"2192",91,2006-03-31,NA,11.6873,12.9741
"2193",92,2006-04-01,NA,11.6655,12.9484
"2194",93,2006-04-02,NA,11.6434,12.9235
"2195",94,2006-04-03,NA,11.6221,12.8996
"2196",95,2006-04-04,NA,11.6021,12.8795
"2197",96,2006-04-05,NA,11.5837,12.8636
"2198",97,2006-04-06,11.625,11.5672,12.8489
"2199",98,2006-04-07,11.94833333,11.5516,12.8321
"2200",99,2006-04-08,12.9795,11.5357,12.8156
"2201",100,2006-04-09,12.9315,11.5185,12.8025
"2202",101,2006-04-10,13.702,11.5013,12.7943
"2203",102,2006-04-11,12.9703,11.4853,12.7834
"2204",103,2006-04-12,13.10025,11.4705,12.7742
"2205",104,2006-04-13,13.37153333,11.4582,12.7686
"2206",105,2006-04-14,12.80742857,11.4479,12.764
"2207",106,2006-04-15,12.94375,11.4389,12.7625
"2208",107,2006-04-16,12.96916667,11.4323,12.7633
"2209",108,2006-04-17,12.72777778,11.4288,12.7671
"2210",109,2006-04-18,12.45652632,11.4289,12.7723
"2211",110,2006-04-19,12.340375,11.4325,12.7796
"2212",111,2006-04-20,12.33252941,11.4393,12.7872
"2213",112,2006-04-21,12.0796875,11.4483,12.7956
"2214",113,2006-04-22,12.5093,11.4593,12.8064
"2215",114,2006-04-23,13.36425,11.4735,12.82
"2216",115,2006-04-24,13.78730435,11.4891,12.8338
"2217",116,2006-04-25,12.40058333,11.5065,12.8491
"2218",117,2006-04-26,12.13972,11.5258,12.8643
"2219",118,2006-04-27,12.62452,11.546,12.8799
"2220",119,2006-04-28,13.67680952,11.5659,12.8936
"2221",120,2006-04-29,12.48055556,11.5852,12.9092
"2222",121,2006-04-30,12.09978947,11.6044,12.923
"2223",122,2006-05-01,12.00158824,11.624,12.9388
"2224",123,2006-05-02,12.1336,11.6447,12.9613
"2225",124,2006-05-03,13.43176923,11.6653,12.9844
"2226",125,2006-05-04,12.847125,11.6851,13.007
"2227",126,2006-05-05,NA,11.7044,13.0276
"2228",127,2006-05-06,11.916,11.7235,13.045
"2229",128,2006-05-07,12.0615,11.7434,13.066
"2230",129,2006-05-08,11.7511,11.7649,13.0906
"2231",130,2006-05-09,11.62492308,11.789,13.1171
"2232",131,2006-05-10,12.04506667,11.8145,13.1436
"2233",132,2006-05-11,11.71035294,11.8406,13.1681
"2234",133,2006-05-12,11.39442105,11.868,13.2022
"2235",134,2006-05-13,10.4988,11.8959,13.235
"2236",135,2006-05-14,11.5708,11.9255,13.266
"2237",136,2006-05-15,12.23409524,11.9566,13.2986
"2238",137,2006-05-16,11.22105,11.9894,13.3313
"2239",138,2006-05-17,10.68333333,12.0223,13.3638
"2240",139,2006-05-18,10.485,12.054,13.3941
"2241",140,2006-05-19,11.82968182,12.0838,13.4229
"2242",141,2006-05-20,13.61247059,12.1115,13.4486
"2243",142,2006-05-21,13.39257143,12.1396,13.4758
"2244",143,2006-05-22,14.391125,12.1675,13.5025
"2245",144,2006-05-23,14.47168421,12.195,13.5286
"2246",145,2006-05-24,14.09690476,12.2235,13.5552
"2247",146,2006-05-25,12.63042857,12.2521,13.5834
"2248",147,2006-05-26,11.6555,12.2806,13.6087
"2249",148,2006-05-27,11.29166667,12.3105,13.6383
"2250",149,2006-05-28,11.68138462,12.342,13.6661
"2251",150,2006-05-29,11.86478261,12.3764,13.7007
"2252",151,2006-05-30,11.06133333,12.4134,13.7409
"2253",152,2006-05-31,10.92838462,12.4518,13.7828
"2254",153,2006-06-01,10.9145,12.4907,13.8242
"2255",154,2006-06-02,NA,12.5312,13.868
"2256",155,2006-06-03,13.79733333,12.574,13.9114
"2257",156,2006-06-04,14.1803,12.619,13.9575
"2258",157,2006-06-05,12.76407692,12.665,14.0027
"2259",158,2006-06-06,12.339875,12.711,14.048
"2260",159,2006-06-07,12.48927778,12.7551,14.0893
"2261",160,2006-06-08,12.63261905,12.7979,14.1301
"2262",161,2006-06-09,12.00821739,12.8386,14.1699
"2263",162,2006-06-10,11.99191304,12.8797,14.2094
"2264",163,2006-06-11,12.88708,12.9224,14.2492
"2265",164,2006-06-12,13.49577273,12.9665,14.2849
"2266",165,2006-06-13,14.19328,13.0127,14.3232
"2267",166,2006-06-14,13.244,13.0582,14.3623
"2268",167,2006-06-15,12.47404,13.1016,14.3983
"2269",168,2006-06-16,12.9075,13.1444,14.4344
"2270",169,2006-06-17,13.15323077,13.188,14.4712
"2271",170,2006-06-18,14.77552941,13.2324,14.5088
"2272",171,2006-06-19,13.55173684,13.2774,14.549
"2273",172,2006-06-20,14.27942857,13.3232,14.5929
"2274",173,2006-06-21,14.79931818,13.3688,14.6402
"2275",174,2006-06-22,15.373875,13.415,14.6887
"2276",175,2006-06-23,14.81983333,13.4615,14.7374
"2277",176,2006-06-24,14.7781,13.5035,14.781
"2278",177,2006-06-25,13.54046875,13.5437,14.8216
"2279",178,2006-06-26,13.79489655,13.5839,14.8667
"2280",179,2006-06-27,13.9825,13.6234,14.9075
"2281",180,2006-06-28,14.16986957,13.662,14.9538
"2282",181,2006-06-29,14.24694118,13.6991,14.9992
"2283",182,2006-06-30,14.15158333,13.7346,15.0387
"2284",183,2006-07-01,14.95311111,13.7694,15.0821
"2285",184,2006-07-02,15.81533333,13.8037,15.1232
"2286",185,2006-07-03,16.40173333,13.8362,15.1575
"2287",186,2006-07-04,15.41938889,13.8664,15.1901
"2288",187,2006-07-05,15.03466667,13.8965,15.2221
"2289",188,2006-07-06,14.78434783,13.927,15.2585
"2290",189,2006-07-07,14.45476,13.9578,15.2948
"2291",190,2006-07-08,13.4885,13.9891,15.3355
"2292",191,2006-07-09,12.43196296,14.0204,15.376
"2293",192,2006-07-10,12.82567742,14.0521,15.415
"2294",193,2006-07-11,12.59193333,14.0834,15.4512
"2295",194,2006-07-12,13.4725,14.1139,15.4853
"2296",195,2006-07-13,12.91543333,14.1409,15.5112
"2297",196,2006-07-14,12.88576923,14.1652,15.5341
"2298",197,2006-07-15,13.21273077,14.1888,15.5566
"2299",198,2006-07-16,13.52975,14.2131,15.5834
"2300",199,2006-07-17,14.8186,14.2366,15.6103
"2301",200,2006-07-18,16.5183913,14.2577,15.6328
"2302",201,2006-07-19,16.32412,14.2775,15.6454
"2303",202,2006-07-20,15.63752,14.2962,15.655
"2304",203,2006-07-21,14.91353846,14.3151,15.662
"2305",204,2006-07-22,14.01571875,14.3341,15.6706
"2306",205,2006-07-23,14.28214706,14.3524,15.6852
"2307",206,2006-07-24,14.25321875,14.3711,15.7077
"2308",207,2006-07-25,15.14375,14.3917,15.7362
"2309",208,2006-07-26,16.42576923,14.4141,15.7674
"2310",209,2006-07-27,15.34704545,14.4365,15.7951
"2311",210,2006-07-28,16.14405556,14.4586,15.8229
"2312",211,2006-07-29,16.9984,14.4808,15.8449
"2313",212,2006-07-30,16.39061538,14.5022,15.863
"2314",213,2006-07-31,15.31406667,14.5232,15.8795
"2315",214,2006-08-01,15.69931579,14.5429,15.8921
"2316",215,2006-08-02,14.72228571,14.5599,15.9029
"2317",216,2006-08-03,15.870875,14.5749,15.9129
"2318",217,2006-08-04,16.72761538,14.5888,15.9176
"2319",218,2006-08-05,17.66837037,14.6007,15.92
"2320",219,2006-08-06,16.82581481,14.6101,15.916
"2321",220,2006-08-07,14.8756875,14.618,15.9088
"2322",221,2006-08-08,15.09969697,14.6244,15.8993
"2323",222,2006-08-09,15.18609677,14.6292,15.8906
"2324",223,2006-08-10,14.5831,14.6335,15.8835
"2325",224,2006-08-11,16.16824138,14.6369,15.8794
"2326",225,2006-08-12,15.78838462,14.6392,15.8772
"2327",226,2006-08-13,16.87496296,14.6431,15.8809
"2328",227,2006-08-14,18.3172381,14.6479,15.8893
"2329",228,2006-08-15,16.95721739,14.6515,15.8975
"2330",229,2006-08-16,15.88172,14.6538,15.9049
"2331",230,2006-08-17,16.40476923,14.6557,15.9123
"2332",231,2006-08-18,17.2545,14.6571,15.9242
"2333",232,2006-08-19,15.94966667,14.6578,15.9427
"2334",233,2006-08-20,15.05306061,14.6583,15.9615
"2335",234,2006-08-21,14.21415625,14.6574,15.9773
"2336",235,2006-08-22,14.09644828,14.6556,15.99
"2337",236,2006-08-23,14.15444444,14.6535,15.9932
"2338",237,2006-08-24,14.47675,14.6493,15.9885
"2339",238,2006-08-25,14.28235,14.6441,15.9796
"2340",239,2006-08-26,15.16726667,14.6377,15.9681
"2341",240,2006-08-27,15.58766667,14.6294,15.955
"2342",241,2006-08-28,14.86146667,14.6185,15.9389
"2343",242,2006-08-29,14.22966667,14.6056,15.9227
"2344",243,2006-08-30,14.30166667,14.5912,15.9055
"2345",244,2006-08-31,15.095125,14.5758,15.8883
"2346",245,2006-09-01,15.95784615,14.5598,15.8694
"2347",246,2006-09-02,15.69492593,14.5433,15.8517
"2348",247,2006-09-03,14.62232,14.5258,15.8262
"2349",248,2006-09-04,13.50776667,14.5076,15.8059
"2350",249,2006-09-05,13.76725806,14.488,15.7863
"2351",250,2006-09-06,13.64728125,14.4682,15.7686
"2352",251,2006-09-07,13.58793548,14.4479,15.7508
"2353",252,2006-09-08,14.411,14.4277,15.7298
"2354",253,2006-09-09,13.84206897,14.4076,15.7076
"2355",254,2006-09-10,13.45292308,14.3872,15.6842
"2356",255,2006-09-11,14.25582759,14.3669,15.6608
"2357",256,2006-09-12,14.367,14.3454,15.6371
"2358",257,2006-09-13,13.284875,14.3219,15.6133
"2359",258,2006-09-14,14.07636,14.2976,15.5872
"2360",259,2006-09-15,14.63270833,14.2726,15.5597
"2361",260,2006-09-16,13.41766667,14.2469,15.529
"2362",261,2006-09-17,13.4163871,14.2206,15.4952
"2363",262,2006-09-18,13.36806897,14.1948,15.4595
"2364",263,2006-09-19,14.13707407,14.1687,15.4269
"2365",264,2006-09-20,13.7112,14.1419,15.3957
"2366",265,2006-09-21,14.35434783,14.1138,15.3663
"2367",266,2006-09-22,15.28680952,14.083,15.3325
"2368",267,2006-09-23,14.84894118,14.051,15.2982
"2369",268,2006-09-24,14.8936,14.0186,15.2616
"2370",269,2006-09-25,14.68564706,13.9846,15.2229
"2371",270,2006-09-26,14.22015,13.9503,15.1843
"2372",271,2006-09-27,14.8362381,13.9172,15.1464
"2373",272,2006-09-28,14.74684,13.8863,15.1116
"2374",273,2006-09-29,14.92844444,13.8565,15.0781
"2375",274,2006-09-30,15.1902963,13.8279,15.0408
"2376",275,2006-10-01,15.255,13.7992,15.001
"2377",276,2006-10-02,15.53311111,13.7711,14.9617
"2378",277,2006-10-03,15.50241379,13.7456,14.9232
"2379",278,2006-10-04,15.11663333,13.7226,14.8929
"2380",279,2006-10-05,15.056,13.7018,14.866
"2381",280,2006-10-06,14.74363333,13.6836,14.8402
"2382",281,2006-10-07,14.70167857,13.6662,14.8154
"2383",282,2006-10-08,14.60935714,13.6487,14.7939
"2384",283,2006-10-09,14.85535714,13.6294,14.7711
"2385",284,2006-10-10,15.15078125,13.6087,14.748
"2386",285,2006-10-11,NA,13.5869,14.7251
"2387",286,2006-10-12,NA,13.5657,14.7023
"2388",287,2006-10-13,NA,13.5461,14.6791
"2389",288,2006-10-14,NA,13.5274,14.6559
"2390",289,2006-10-15,NA,13.5082,14.6317
"2391",290,2006-10-16,NA,13.4892,14.6075
"2392",291,2006-10-17,NA,13.4706,14.5842
"2393",292,2006-10-18,NA,13.452,14.564
"2394",293,2006-10-19,NA,13.4341,14.544
"2395",294,2006-10-20,NA,13.4179,14.5239
"2396",295,2006-10-21,NA,13.4031,14.5027
"2397",296,2006-10-22,NA,13.3902,14.483
"2398",297,2006-10-23,NA,13.3793,14.4657
"2399",298,2006-10-24,NA,13.3684,14.4511
"2400",299,2006-10-25,NA,13.358,14.438
"2401",300,2006-10-26,NA,13.3492,14.4271
"2402",301,2006-10-27,NA,13.3408,14.4174
"2403",302,2006-10-28,NA,13.3322,14.4112
"2404",303,2006-10-29,NA,13.3231,14.405
"2405",304,2006-10-30,NA,13.3128,14.3974
"2406",305,2006-10-31,NA,13.3017,14.3945
"2407",306,2006-11-01,NA,13.2903,14.3942
"2408",307,2006-11-02,NA,13.2779,14.3938
"2409",308,2006-11-03,NA,13.2635,14.3927
"2410",309,2006-11-04,NA,13.2477,14.3912
"2411",310,2006-11-05,NA,13.2293,14.3859
"2412",311,2006-11-06,NA,13.2084,14.3801
"2413",312,2006-11-07,NA,13.186,14.3737
"2414",313,2006-11-08,NA,13.1624,14.3626
"2415",314,2006-11-09,NA,13.1394,14.3501
"2416",315,2006-11-10,NA,13.1171,14.3322
"2417",316,2006-11-11,NA,13.0945,14.3103
"2418",317,2006-11-12,NA,13.0706,14.2854
"2419",318,2006-11-13,NA,13.0452,14.2586
"2420",319,2006-11-14,NA,13.0187,14.2286
"2421",320,2006-11-15,NA,12.9922,14.1963
"2422",321,2006-11-16,NA,12.9663,14.169
"2423",322,2006-11-17,NA,12.9408,14.1425
"2424",323,2006-11-18,NA,12.9149,14.116
"2425",324,2006-11-19,NA,12.8884,14.0908
"2426",325,2006-11-20,NA,12.8613,14.0655
"2427",326,2006-11-21,NA,12.8337,14.0403
"2428",327,2006-11-22,NA,12.8057,14.0164
"2429",328,2006-11-23,NA,12.778,13.9916
"2430",329,2006-11-24,NA,12.7514,13.9699
"2431",330,2006-11-25,NA,12.7255,13.949
"2432",331,2006-11-26,NA,12.6997,13.9278
"2433",332,2006-11-27,NA,12.6741,13.907
"2434",333,2006-11-28,NA,12.6481,13.8808
"2435",334,2006-11-29,NA,12.6226,13.8502
"2436",335,2006-11-30,NA,12.5981,13.8185
"2437",336,2006-12-01,NA,12.5735,13.7867
"2438",337,2006-12-02,NA,12.5496,13.7538
"2439",338,2006-12-03,NA,12.5268,13.7201
"2440",339,2006-12-04,NA,12.5046,13.6854
"2441",340,2006-12-05,12.0712,12.4826,13.6464
"2442",341,2006-12-06,12.11811429,12.4617,13.606
"2443",342,2006-12-07,12.20376316,12.4415,13.5653
"2444",343,2006-12-08,12.96410811,12.4218,13.5229
"2445",344,2006-12-09,13.33009091,12.4029,13.484
"2446",345,2006-12-10,13.19469231,12.3846,13.4469
"2447",346,2006-12-11,12.98,12.3671,13.4157
"2448",347,2006-12-12,13.076,12.3506,13.3886
"2449",348,2006-12-13,13.1794,12.3348,13.3639
"2450",349,2006-12-14,13.39166667,12.3191,13.3395
"2451",350,2006-12-15,13.3218,12.3042,13.3182
"2452",351,2006-12-16,12.83271429,12.2897,13.2996
"2453",352,2006-12-17,12.45943478,12.275,13.2764
"2454",353,2006-12-18,12.15264,12.2605,13.2525
"2455",354,2006-12-19,12.14748387,12.2474,13.2303
"2456",355,2006-12-20,12.23190323,12.2354,13.2092
"2457",356,2006-12-21,12.16817143,12.2237,13.1891
"2458",357,2006-12-22,12.57165714,12.2119,13.1705
"2459",358,2006-12-23,12.44888889,12.2004,13.151
"2460",359,2006-12-24,12.51193939,12.1886,13.1316
"2461",360,2006-12-25,12.75133333,12.1767,13.1101
"2462",361,2006-12-26,12.787,12.1647,13.0891
"2463",362,2006-12-27,12.83247368,12.1525,13.0696
"2464",363,2006-12-28,11.39838095,12.14,13.051
"2465",364,2006-12-29,11.03704348,12.1277,13.0349
"2466",365,2006-12-30,11.10768,12.1151,13.0235
"2467",366,2006-12-31,11.71290625,12.1024,13.0133
"2468",1,2007-01-01,11.61223684,12.0905,13.0033
"2469",2,2007-01-02,11.69151429,12.0793,12.9941
"2470",3,2007-01-03,11.80552778,12.0687,12.9855
"2471",4,2007-01-04,12.36185714,12.0591,12.9803
"2472",5,2007-01-05,11.49254545,12.0506,12.9811
"2473",6,2007-01-06,11.02222581,12.0434,12.9852
"2474",7,2007-01-07,11.23244444,12.0377,12.9918
"2475",8,2007-01-08,11.19013333,12.034,13.0008
"2476",9,2007-01-09,11.26615385,12.0321,13.011
"2477",10,2007-01-10,11.30133333,12.0314,13.0236
"2478",11,2007-01-11,10.69094118,12.0312,13.0368
"2479",12,2007-01-12,10.16566667,12.0312,13.0503
"2480",13,2007-01-13,9.566391304,12.0311,13.0636
"2481",14,2007-01-14,9.9254,12.0314,13.0774
"2482",15,2007-01-15,10.04848148,12.0319,13.0898
"2483",16,2007-01-16,10.04067742,12.0327,13.0996
"2484",17,2007-01-17,10.2142,12.0336,13.1059
"2485",18,2007-01-18,10.1855,12.0344,13.1121
"2486",19,2007-01-19,10.27972727,12.0345,13.1165
"2487",20,2007-01-20,10.61084375,12.0336,13.1187
"2488",21,2007-01-21,10.82146875,12.0322,13.1197
"2489",22,2007-01-22,10.73506667,12.0309,13.1188
"2490",23,2007-01-23,10.9418,12.0298,13.1175
"2491",24,2007-01-24,10.64052632,12.0291,13.1163
"2492",25,2007-01-25,10.8362,12.0282,13.1153
"2493",26,2007-01-26,10.75226087,12.0273,13.1146
"2494",27,2007-01-27,11.33372,12.0267,13.1131
"2495",28,2007-01-28,11.31138462,12.0267,13.1128
"2496",29,2007-01-29,11.69236111,12.0273,13.1139
"2497",30,2007-01-30,11.29672973,12.0279,13.1152
"2498",31,2007-01-31,11.32248571,12.0285,13.1183
"2499",32,2007-02-01,11.2118125,12.0289,13.1209
"2500",33,2007-02-02,11.3367931,12.0291,13.1244
"2501",34,2007-02-03,11.69325926,12.0289,13.13
"2502",35,2007-02-04,11.79070833,12.0282,13.1347
"2503",36,2007-02-05,11.93631579,12.0277,13.1385
"2504",37,2007-02-06,11.68672727,12.0272,13.1417
"2505",38,2007-02-07,11.86376923,12.0258,13.1431
"2506",39,2007-02-08,12.11,12.0231,13.1442
"2507",40,2007-02-09,12.1585,12.0194,13.1452
"2508",41,2007-02-10,12.21161905,12.0155,13.1462
"2509",42,2007-02-11,12.29591667,12.0119,13.1472
"2510",43,2007-02-12,11.92764,12.0091,13.1482
"2511",44,2007-02-13,12.04404,12.0073,13.1502
"2512",45,2007-02-14,11.85133333,12.0067,13.1525
"2513",46,2007-02-15,12.11623333,12.0069,13.1567
"2514",47,2007-02-16,12.2460625,12.007,13.1633
"2515",48,2007-02-17,12.55163333,12.0073,13.173
"2516",49,2007-02-18,12.38103333,12.008,13.1828
"2517",50,2007-02-19,11.92937931,12.0088,13.1924
"2518",51,2007-02-20,11.75792593,12.0103,13.2025
"2519",52,2007-02-21,12.24231579,12.0124,13.2141
"2520",53,2007-02-22,12.25805263,12.015,13.23
"2521",54,2007-02-23,11.88205,12.0171,13.2468
"2522",55,2007-02-24,11.45929167,12.0188,13.2634
"2523",56,2007-02-25,11.90824,12.02,13.279
"2524",57,2007-02-26,11.70527586,12.0208,13.2936
"2525",58,2007-02-27,11.528,12.0207,13.3076
"2526",59,2007-02-28,11.528,12.0199,13.3202
"2527",61,2007-03-01,11.47782759,12.0195,13.3424
"2528",62,2007-03-02,11.52365385,12.0203,13.3516
"2529",63,2007-03-03,11.648625,12.0203,13.3593
"2530",64,2007-03-04,12.31795,12.0195,13.3644
"2531",65,2007-03-05,12.552,12.0183,13.368
"2532",66,2007-03-06,11.69554545,12.017,13.3696
"2533",67,2007-03-07,11.53546154,12.015,13.3691
"2534",68,2007-03-08,11.26414286,12.0126,13.368
"2535",69,2007-03-09,11.10225,12.011,13.3634
"2536",70,2007-03-10,11.16729412,12.01,13.3576
"2537",71,2007-03-11,11.431,12.0084,13.3512
"2538",72,2007-03-12,11.54647619,12.0057,13.3431
"2539",73,2007-03-13,11.37557143,12.0007,13.3346
"2540",74,2007-03-14,10.7921,11.9943,13.3252
"2541",75,2007-03-15,10.74721739,11.9864,13.3124
"2542",76,2007-03-16,11.74651852,11.9763,13.298
"2543",77,2007-03-17,12.16535714,11.9639,13.282
"2544",78,2007-03-18,11.2905,11.9504,13.2661
"2545",79,2007-03-19,11.70011111,11.9354,13.2503
"2546",80,2007-03-20,11.35851852,11.9185,13.2335
"2547",81,2007-03-21,10.89664,11.9005,13.2156
"2548",82,2007-03-22,10.79688889,11.8813,13.1955
"2549",83,2007-03-23,11.08236842,11.8609,13.1738
"2550",84,2007-03-24,11.26668421,11.8401,13.1479
"2551",85,2007-03-25,12.11,11.8186,13.1214
"2552",86,2007-03-26,11.34335,11.7956,13.0948
"2553",87,2007-03-27,11.09630435,11.7725,13.0707
"2554",88,2007-03-28,10.17720833,11.7503,13.0468
"2555",89,2007-03-29,10.62554545,11.729,13.0229
"2556",90,2007-03-30,11.26084211,11.708,12.998
"2557",91,2007-03-31,11.45172222,11.6873,12.9741
"2558",92,2007-04-01,11.26833333,11.6655,12.9484
"2559",93,2007-04-02,11.07375,11.6434,12.9235
"2560",94,2007-04-03,10.74008333,11.6221,12.8996
"2561",95,2007-04-04,11.01115385,11.6021,12.8795
"2562",96,2007-04-05,10.75493333,11.5837,12.8636
"2563",97,2007-04-06,10.937375,11.5672,12.8489
"2564",98,2007-04-07,11.09864706,11.5516,12.8321
"2565",99,2007-04-08,11.022875,11.5357,12.8156
"2566",100,2007-04-09,10.497,11.5185,12.8025
"2567",101,2007-04-10,10.36852941,11.5013,12.7943
"2568",102,2007-04-11,10.08546154,11.4853,12.7834
"2569",103,2007-04-12,9.928909091,11.4705,12.7742
"2570",104,2007-04-13,9.95852381,11.4582,12.7686
"2571",105,2007-04-14,10.25413636,11.4479,12.764
"2572",106,2007-04-15,10.18338462,11.4389,12.7625
"2573",107,2007-04-16,10.15359259,11.4323,12.7633
"2574",108,2007-04-17,10.9867037,11.4288,12.7671
"2575",109,2007-04-18,10.25119231,11.4289,12.7723
"2576",110,2007-04-19,9.776125,11.4325,12.7796
"2577",111,2007-04-20,10.02105263,11.4393,12.7872
"2578",112,2007-04-21,10.2535,11.4483,12.7956
"2579",113,2007-04-22,10.7026,11.4593,12.8064
"2580",114,2007-04-23,10.42041176,11.4735,12.82
"2581",115,2007-04-24,10.666,11.4891,12.8338
"2582",116,2007-04-25,10.6698,11.5065,12.8491
"2583",117,2007-04-26,11.0023,11.5258,12.8643
"2584",118,2007-04-27,11.5668,11.546,12.8799
"2585",119,2007-04-28,10.96136364,11.5659,12.8936
"2586",120,2007-04-29,11.25728571,11.5852,12.9092
"2587",121,2007-04-30,11.53406667,11.6044,12.923
"2588",122,2007-05-01,12.091625,11.624,12.9388
"2589",123,2007-05-02,10.56888889,11.6447,12.9613
"2590",124,2007-05-03,10.21864706,11.6653,12.9844
"2591",125,2007-05-04,10.357,11.6851,13.007
"2592",126,2007-05-05,NA,11.7044,13.0276
"2593",127,2007-05-06,NA,11.7235,13.045
"2594",128,2007-05-07,NA,11.7434,13.066
"2595",129,2007-05-08,NA,11.7649,13.0906
"2596",130,2007-05-09,NA,11.789,13.1171
"2597",131,2007-05-10,NA,11.8145,13.1436
"2598",132,2007-05-11,NA,11.8406,13.1681
"2599",133,2007-05-12,NA,11.868,13.2022
"2600",134,2007-05-13,NA,11.8959,13.235
"2601",135,2007-05-14,NA,11.9255,13.266
"2602",136,2007-05-15,NA,11.9566,13.2986
"2603",137,2007-05-16,NA,11.9894,13.3313
"2604",138,2007-05-17,NA,12.0223,13.3638
"2605",139,2007-05-18,NA,12.054,13.3941
"2606",140,2007-05-19,NA,12.0838,13.4229
"2607",141,2007-05-20,NA,12.1115,13.4486
"2608",142,2007-05-21,NA,12.1396,13.4758
"2609",143,2007-05-22,NA,12.1675,13.5025
"2610",144,2007-05-23,NA,12.195,13.5286
"2611",145,2007-05-24,NA,12.2235,13.5552
"2612",146,2007-05-25,NA,12.2521,13.5834
"2613",147,2007-05-26,NA,12.2806,13.6087
"2614",148,2007-05-27,NA,12.3105,13.6383
"2615",149,2007-05-28,NA,12.342,13.6661
"2616",150,2007-05-29,NA,12.3764,13.7007
"2617",151,2007-05-30,NA,12.4134,13.7409
"2618",152,2007-05-31,NA,12.4518,13.7828
"2619",153,2007-06-01,NA,12.4907,13.8242
"2620",154,2007-06-02,NA,12.5312,13.868
"2621",155,2007-06-03,NA,12.574,13.9114
"2622",156,2007-06-04,NA,12.619,13.9575
"2623",157,2007-06-05,NA,12.665,14.0027
"2624",158,2007-06-06,NA,12.711,14.048
"2625",159,2007-06-07,NA,12.7551,14.0893
"2626",160,2007-06-08,12.979,12.7979,14.1301
"2627",161,2007-06-09,12.83483333,12.8386,14.1699
"2628",162,2007-06-10,13.95125,12.8797,14.2094
"2629",163,2007-06-11,12.87854545,12.9224,14.2492
"2630",164,2007-06-12,12.87483333,12.9665,14.2849
"2631",165,2007-06-13,13.683,13.0127,14.3232
"2632",166,2007-06-14,13.36646875,13.0582,14.3623
"2633",167,2007-06-15,14.75183871,13.1016,14.3983
"2634",168,2007-06-16,13.48034375,13.1444,14.4344
"2635",169,2007-06-17,13.46113793,13.188,14.4712
"2636",170,2007-06-18,13.47892308,13.2324,14.5088
"2637",171,2007-06-19,14.46052632,13.2774,14.549
"2638",172,2007-06-20,15.34714286,13.3232,14.5929
"2639",173,2007-06-21,15.83891667,13.3688,14.6402
"2640",174,2007-06-22,14.76985714,13.415,14.6887
"2641",175,2007-06-23,14.4030625,13.4615,14.7374
"2642",176,2007-06-24,14.53266667,13.5035,14.781
"2643",177,2007-06-25,14.21925,13.5437,14.8216
"2644",178,2007-06-26,13.60509091,13.5839,14.8667
"2645",179,2007-06-27,13.69191667,13.6234,14.9075
"2646",180,2007-06-28,13.96804,13.662,14.9538
"2647",181,2007-06-29,13.605,13.6991,14.9992
"2648",182,2007-06-30,11.67675,13.7346,15.0387
"2649",183,2007-07-01,11.91363636,13.7694,15.0821
"2650",184,2007-07-02,12.86708,13.8037,15.1232
"2651",185,2007-07-03,12.66784615,13.8362,15.1575
"2652",186,2007-07-04,13.07466667,13.8664,15.1901
"2653",187,2007-07-05,13.21434783,13.8965,15.2221
"2654",188,2007-07-06,14.90558824,13.927,15.2585
"2655",189,2007-07-07,13.83135,13.9578,15.2948
"2656",190,2007-07-08,12.75747826,13.9891,15.3355
"2657",191,2007-07-09,13.548375,14.0204,15.376
"2658",192,2007-07-10,13.73130769,14.0521,15.415
"2659",193,2007-07-11,15.85811111,14.0834,15.4512
"2660",194,2007-07-12,14.73015152,14.1139,15.4853
"2661",195,2007-07-13,15.26757143,14.1409,15.5112
"2662",196,2007-07-14,14.55057576,14.1652,15.5341
"2663",197,2007-07-15,15.1312,14.1888,15.5566
"2664",198,2007-07-16,14.51817857,14.2131,15.5834
"2665",199,2007-07-17,15.26058333,14.2366,15.6103
"2666",200,2007-07-18,15.28452632,14.2577,15.6328
"2667",201,2007-07-19,14.5939375,14.2775,15.6454
"2668",202,2007-07-20,16.21628571,14.2962,15.655
"2669",203,2007-07-21,15.83829412,14.3151,15.662
"2670",204,2007-07-22,15.9121,14.3341,15.6706
"2671",205,2007-07-23,16.03219048,14.3524,15.6852
"2672",206,2007-07-24,14.78025,14.3711,15.7077
"2673",207,2007-07-25,15.42328,14.3917,15.7362
"2674",208,2007-07-26,14.50938462,14.4141,15.7674
"2675",209,2007-07-27,14.53128,14.4365,15.7951
"2676",210,2007-07-28,13.44288889,14.4586,15.8229
"2677",211,2007-07-29,13.95437931,14.4808,15.8449
"2678",212,2007-07-30,13.934,14.5022,15.863
"2679",213,2007-07-31,13.012,14.5232,15.8795
"2680",214,2007-08-01,NA,14.5429,15.8921
"2681",215,2007-08-02,NA,14.5599,15.9029
"2682",216,2007-08-03,NA,14.5749,15.9129
"2683",217,2007-08-04,NA,14.5888,15.9176
"2684",218,2007-08-05,NA,14.6007,15.92
"2685",219,2007-08-06,NA,14.6101,15.916
"2686",220,2007-08-07,NA,14.618,15.9088
"2687",221,2007-08-08,NA,14.6244,15.8993
"2688",222,2007-08-09,NA,14.6292,15.8906
"2689",223,2007-08-10,NA,14.6335,15.8835
"2690",224,2007-08-11,NA,14.6369,15.8794
"2691",225,2007-08-12,NA,14.6392,15.8772
"2692",226,2007-08-13,NA,14.6431,15.8809
"2693",227,2007-08-14,NA,14.6479,15.8893
"2694",228,2007-08-15,NA,14.6515,15.8975
"2695",229,2007-08-16,NA,14.6538,15.9049
"2696",230,2007-08-17,NA,14.6557,15.9123
"2697",231,2007-08-18,NA,14.6571,15.9242
"2698",232,2007-08-19,NA,14.6578,15.9427
"2699",233,2007-08-20,NA,14.6583,15.9615
"2700",234,2007-08-21,NA,14.6574,15.9773
"2701",235,2007-08-22,NA,14.6556,15.99
"2702",236,2007-08-23,NA,14.6535,15.9932
"2703",237,2007-08-24,NA,14.6493,15.9885
"2704",238,2007-08-25,NA,14.6441,15.9796
"2705",239,2007-08-26,NA,14.6377,15.9681
"2706",240,2007-08-27,NA,14.6294,15.955
"2707",241,2007-08-28,NA,14.6185,15.9389
"2708",242,2007-08-29,NA,14.6056,15.9227
"2709",243,2007-08-30,NA,14.5912,15.9055
"2710",244,2007-08-31,NA,14.5758,15.8883
"2711",245,2007-09-01,NA,14.5598,15.8694
"2712",246,2007-09-02,NA,14.5433,15.8517
"2713",247,2007-09-03,NA,14.5258,15.8262
"2714",248,2007-09-04,NA,14.5076,15.8059
"2715",249,2007-09-05,NA,14.488,15.7863
"2716",250,2007-09-06,NA,14.4682,15.7686
"2717",251,2007-09-07,NA,14.4479,15.7508
"2718",252,2007-09-08,NA,14.4277,15.7298
"2719",253,2007-09-09,NA,14.4076,15.7076
"2720",254,2007-09-10,NA,14.3872,15.6842
"2721",255,2007-09-11,15.51407692,14.3669,15.6608
"2722",256,2007-09-12,15.90059091,14.3454,15.6371
"2723",257,2007-09-13,17.347,14.3219,15.6133
"2724",258,2007-09-14,18.18486667,14.2976,15.5872
"2725",259,2007-09-15,16.83023529,14.2726,15.5597
"2726",260,2007-09-16,15.00015789,14.2469,15.529
"2727",261,2007-09-17,14.53938095,14.2206,15.4952
"2728",262,2007-09-18,14.89552174,14.1948,15.4595
"2729",263,2007-09-19,13.437125,14.1687,15.4269
"2730",264,2007-09-20,13.30740909,14.1419,15.3957
"2731",265,2007-09-21,13.87435,14.1138,15.3663
"2732",266,2007-09-22,13.82065217,14.083,15.3325
"2733",267,2007-09-23,14.26111111,14.051,15.2982
"2734",268,2007-09-24,13.55344828,14.0186,15.2616
"2735",269,2007-09-25,13.32103448,13.9846,15.2229
"2736",270,2007-09-26,13.97906667,13.9503,15.1843
"2737",271,2007-09-27,14.60146429,13.9172,15.1464
"2738",272,2007-09-28,14.13628571,13.8863,15.1116
"2739",273,2007-09-29,14.12582143,13.8565,15.0781
"2740",274,2007-09-30,14.23322581,13.8279,15.0408
"2741",275,2007-10-01,14.42856,13.7992,15.001
"2742",276,2007-10-02,14.06373077,13.7711,14.9617
"2743",277,2007-10-03,13.87417241,13.7456,14.9232
"2744",278,2007-10-04,13.2823,13.7226,14.8929
"2745",279,2007-10-05,12.319,13.7018,14.866
"2746",280,2007-10-06,11.86,13.6836,14.8402
"2747",281,2007-10-07,12.73133333,13.6662,14.8154
"2748",282,2007-10-08,12.66624,13.6487,14.7939
"2749",283,2007-10-09,12.90233333,13.6294,14.7711
"2750",284,2007-10-10,13.0762,13.6087,14.748
"2751",285,2007-10-11,13.232375,13.5869,14.7251
"2752",286,2007-10-12,12.9905,13.5657,14.7023
"2753",287,2007-10-13,14.33026316,13.5461,14.6791
"2754",288,2007-10-14,14.07433333,13.5274,14.6559
"2755",289,2007-10-15,13.68872727,13.5082,14.6317
"2756",290,2007-10-16,13.91395833,13.4892,14.6075
"2757",291,2007-10-17,14.40261538,13.4706,14.5842
"2758",292,2007-10-18,15.116,13.452,14.564
"2759",293,2007-10-19,15.234375,13.4341,14.544
"2760",294,2007-10-20,13.56805556,13.4179,14.5239
"2761",295,2007-10-21,12.55219048,13.4031,14.5027
"2762",296,2007-10-22,13.36069565,13.3902,14.483
"2763",297,2007-10-23,13.34630769,13.3793,14.4657
"2764",298,2007-10-24,13.41465517,13.3684,14.4511
"2765",299,2007-10-25,12.4593871,13.358,14.438
"2766",300,2007-10-26,12.65353333,13.3492,14.4271
"2767",301,2007-10-27,13.21793548,13.3408,14.4174
"2768",302,2007-10-28,13.77659375,13.3322,14.4112
"2769",303,2007-10-29,12.87791667,13.3231,14.405
"2770",304,2007-10-30,12.80622222,13.3128,14.3974
"2771",305,2007-10-31,12.77714286,13.3017,14.3945
"2772",306,2007-11-01,12.88554839,13.2903,14.3942
"2773",307,2007-11-02,12.78174074,13.2779,14.3938
"2774",308,2007-11-03,12.03321053,13.2635,14.3927
"2775",309,2007-11-04,11.81253333,13.2477,14.3912
"2776",310,2007-11-05,12.291875,13.2293,14.3859
"2777",311,2007-11-06,11.99017647,13.2084,14.3801
"2778",312,2007-11-07,12.43822222,13.186,14.3737
"2779",313,2007-11-08,12.94921053,13.1624,14.3626
"2780",314,2007-11-09,13.9165,13.1394,14.3501
"2781",315,2007-11-10,13.82761905,13.1171,14.3322
"2782",316,2007-11-11,14.00856522,13.0945,14.3103
"2783",317,2007-11-12,13.0178,13.0706,14.2854
"2784",318,2007-11-13,13.16453846,13.0452,14.2586
"2785",319,2007-11-14,13.60838462,13.0187,14.2286
"2786",320,2007-11-15,14.13720833,12.9922,14.1963
"2787",321,2007-11-16,14.1755625,12.9663,14.169
"2788",322,2007-11-17,13.24615385,12.9408,14.1425
"2789",323,2007-11-18,12.15476923,12.9149,14.116
"2790",324,2007-11-19,11.625,12.8884,14.0908
"2791",325,2007-11-20,11.34455556,12.8613,14.0655
"2792",326,2007-11-21,11.2703,12.8337,14.0403
"2793",327,2007-11-22,11.70121429,12.8057,14.0164
"2794",328,2007-11-23,11.61038235,12.778,13.9916
"2795",329,2007-11-24,11.55621212,12.7514,13.9699
"2796",330,2007-11-25,11.83285714,12.7255,13.949
"2797",331,2007-11-26,11.86025714,12.6997,13.9278
"2798",332,2007-11-27,12.108475,12.6741,13.907
"2799",333,2007-11-28,11.71392105,12.6481,13.8808
"2800",334,2007-11-29,12.03539394,12.6226,13.8502
"2801",335,2007-11-30,11.44430769,12.5981,13.8185
"2802",336,2007-12-01,10.5138,12.5735,13.7867
"2803",337,2007-12-02,10.42617647,12.5496,13.7538
"2804",338,2007-12-03,11.041,12.5268,13.7201
"2805",339,2007-12-04,11.49226316,12.5046,13.6854
"2806",340,2007-12-05,11.58135,12.4826,13.6464
"2807",341,2007-12-06,11.1387619,12.4617,13.606
"2808",342,2007-12-07,11.24878261,12.4415,13.5653
"2809",343,2007-12-08,10.38141667,12.4218,13.5229
"2810",344,2007-12-09,10.75192593,12.4029,13.484
"2811",345,2007-12-10,10.89092857,12.3846,13.4469
"2812",346,2007-12-11,10.921,12.3671,13.4157
"2813",347,2007-12-12,10.40878125,12.3506,13.3886
"2814",348,2007-12-13,10.70516129,12.3348,13.3639
"2815",349,2007-12-14,11.05013333,12.3191,13.3395
"2816",350,2007-12-15,11.149,12.3042,13.3182
"2817",351,2007-12-16,10.53993333,12.2897,13.2996
"2818",352,2007-12-17,10.88955556,12.275,13.2764
"2819",353,2007-12-18,11.06555,12.2605,13.2525
"2820",354,2007-12-19,10.846,12.2474,13.2303
"2821",355,2007-12-20,11.10372,12.2354,13.2092
"2822",356,2007-12-21,11.035,12.2237,13.1891
"2823",357,2007-12-22,10.78926316,12.2119,13.1705
"2824",358,2007-12-23,11.21422222,12.2004,13.151
"2825",359,2007-12-24,11.68267568,12.1886,13.1316
"2826",360,2007-12-25,11.39561111,12.1767,13.1101
"2827",361,2007-12-26,11.48345714,12.1647,13.0891
"2828",362,2007-12-27,10.91837143,12.1525,13.0696
"2829",363,2007-12-28,10.79403333,12.14,13.051
"2830",364,2007-12-29,10.846,12.1277,13.0349
"2831",365,2007-12-30,11.0655,12.1151,13.0235
"2832",366,2007-12-31,10.57605882,12.1024,13.0133
"2833",1,2008-01-01,10.6412,12.0905,13.0033
"2834",2,2008-01-02,10.46390909,12.0793,12.9941
"2835",3,2008-01-03,11.11343478,12.0687,12.9855
"2836",4,2008-01-04,11.20888,12.0591,12.9803
"2837",5,2008-01-05,11.20242308,12.0506,12.9811
"2838",6,2008-01-06,10.95967742,12.0434,12.9852
"2839",7,2008-01-07,11.11923333,12.0377,12.9918
"2840",8,2008-01-08,11.24965517,12.034,13.0008
"2841",9,2008-01-09,11.30753333,12.0321,13.011
"2842",10,2008-01-10,11.64116667,12.0314,13.0236
"2843",11,2008-01-11,11.73816667,12.0312,13.0368
"2844",12,2008-01-12,11.76010714,12.0312,13.0503
"2845",13,2008-01-13,11.61206667,12.0311,13.0636
"2846",14,2008-01-14,NA,12.0314,13.0774
"2847",15,2008-01-15,NA,12.0319,13.0898
"2848",16,2008-01-16,NA,12.0327,13.0996
"2849",17,2008-01-17,NA,12.0336,13.1059
"2850",18,2008-01-18,NA,12.0344,13.1121
"2851",19,2008-01-19,NA,12.0345,13.1165
"2852",20,2008-01-20,NA,12.0336,13.1187
"2853",21,2008-01-21,NA,12.0322,13.1197
"2854",22,2008-01-22,NA,12.0309,13.1188
"2855",23,2008-01-23,NA,12.0298,13.1175
"2856",24,2008-01-24,NA,12.0291,13.1163
"2857",25,2008-01-25,NA,12.0282,13.1153
"2858",26,2008-01-26,NA,12.0273,13.1146
"2859",27,2008-01-27,NA,12.0267,13.1131
"2860",28,2008-01-28,NA,12.0267,13.1128
"2861",29,2008-01-29,NA,12.0273,13.1139
"2862",30,2008-01-30,NA,12.0279,13.1152
"2863",31,2008-01-31,NA,12.0285,13.1183
"2864",32,2008-02-01,NA,12.0289,13.1209
"2865",33,2008-02-02,NA,12.0291,13.1244
"2866",34,2008-02-03,NA,12.0289,13.13
"2867",35,2008-02-04,NA,12.0282,13.1347
"2868",36,2008-02-05,NA,12.0277,13.1385
"2869",37,2008-02-06,NA,12.0272,13.1417
"2870",38,2008-02-07,NA,12.0258,13.1431
"2871",39,2008-02-08,NA,12.0231,13.1442
"2872",40,2008-02-09,NA,12.0194,13.1452
"2873",41,2008-02-10,NA,12.0155,13.1462
"2874",42,2008-02-11,NA,12.0119,13.1472
"2875",43,2008-02-12,NA,12.0091,13.1482
"2876",44,2008-02-13,NA,12.0073,13.1502
"2877",45,2008-02-14,NA,12.0067,13.1525
"2878",46,2008-02-15,NA,12.0069,13.1567
"2879",47,2008-02-16,NA,12.007,13.1633
"2880",48,2008-02-17,NA,12.0073,13.173
"2881",49,2008-02-18,NA,12.008,13.1828
"2882",50,2008-02-19,NA,12.0088,13.1924
"2883",51,2008-02-20,NA,12.0103,13.2025
"2884",52,2008-02-21,NA,12.0124,13.2141
"2885",53,2008-02-22,NA,12.015,13.23
"2886",54,2008-02-23,NA,12.0171,13.2468
"2887",55,2008-02-24,NA,12.0188,13.2634
"2888",56,2008-02-25,NA,12.02,13.279
"2889",57,2008-02-26,NA,12.0208,13.2936
"2890",58,2008-02-27,NA,12.0207,13.3076
"2891",59,2008-02-28,NA,12.0199,13.3202
"2892",60,2008-02-29,NA,12.0193,13.3315
"2893",61,2008-03-01,NA,12.0195,13.3424
"2894",62,2008-03-02,NA,12.0203,13.3516
"2895",63,2008-03-03,NA,12.0203,13.3593
"2896",64,2008-03-04,NA,12.0195,13.3644
"2897",65,2008-03-05,NA,12.0183,13.368
"2898",66,2008-03-06,NA,12.017,13.3696
"2899",67,2008-03-07,NA,12.015,13.3691
"2900",68,2008-03-08,NA,12.0126,13.368
"2901",69,2008-03-09,NA,12.011,13.3634
"2902",70,2008-03-10,NA,12.01,13.3576
"2903",71,2008-03-11,NA,12.0084,13.3512
"2904",72,2008-03-12,NA,12.0057,13.3431
"2905",73,2008-03-13,NA,12.0007,13.3346
"2906",74,2008-03-14,NA,11.9943,13.3252
"2907",75,2008-03-15,NA,11.9864,13.3124
"2908",76,2008-03-16,NA,11.9763,13.298
"2909",77,2008-03-17,NA,11.9639,13.282
"2910",78,2008-03-18,NA,11.9504,13.2661
"2911",79,2008-03-19,NA,11.9354,13.2503
"2912",80,2008-03-20,NA,11.9185,13.2335
"2913",81,2008-03-21,NA,11.9005,13.2156
"2914",82,2008-03-22,NA,11.8813,13.1955
"2915",83,2008-03-23,NA,11.8609,13.1738
"2916",84,2008-03-24,NA,11.8401,13.1479
"2917",85,2008-03-25,NA,11.8186,13.1214
"2918",86,2008-03-26,NA,11.7956,13.0948
"2919",87,2008-03-27,NA,11.7725,13.0707
"2920",88,2008-03-28,NA,11.7503,13.0468
"2921",89,2008-03-29,NA,11.729,13.0229
"2922",90,2008-03-30,NA,11.708,12.998
"2923",91,2008-03-31,NA,11.6873,12.9741
"2924",92,2008-04-01,NA,11.6655,12.9484
"2925",93,2008-04-02,NA,11.6434,12.9235
"2926",94,2008-04-03,NA,11.6221,12.8996
"2927",95,2008-04-04,NA,11.6021,12.8795
"2928",96,2008-04-05,NA,11.5837,12.8636
"2929",97,2008-04-06,NA,11.5672,12.8489
"2930",98,2008-04-07,NA,11.5516,12.8321
"2931",99,2008-04-08,NA,11.5357,12.8156
"2932",100,2008-04-09,NA,11.5185,12.8025
"2933",101,2008-04-10,NA,11.5013,12.7943
"2934",102,2008-04-11,NA,11.4853,12.7834
"2935",103,2008-04-12,NA,11.4705,12.7742
"2936",104,2008-04-13,12.49728571,11.4582,12.7686
"2937",105,2008-04-14,10.70804545,11.4479,12.764
"2938",106,2008-04-15,9.612105263,11.4389,12.7625
"2939",107,2008-04-16,9.701555556,11.4323,12.7633
"2940",108,2008-04-17,10.18361538,11.4288,12.7671
"2941",109,2008-04-18,9.9295,11.4289,12.7723
"2942",110,2008-04-19,9.5116,11.4325,12.7796
"2943",111,2008-04-20,9.2870625,11.4393,12.7872
"2944",112,2008-04-21,9.261266667,11.4483,12.7956
"2945",113,2008-04-22,9.200375,11.4593,12.8064
"2946",114,2008-04-23,9.7549375,11.4735,12.82
"2947",115,2008-04-24,9.813666667,11.4891,12.8338
"2948",116,2008-04-25,9.895615385,11.5065,12.8491
"2949",117,2008-04-26,9.8464,11.5258,12.8643
"2950",118,2008-04-27,9.920888889,11.546,12.8799
"2951",119,2008-04-28,NA,11.5659,12.8936
"2952",120,2008-04-29,NA,11.5852,12.9092
"2953",121,2008-04-30,10.0505,11.6044,12.923
"2954",122,2008-05-01,10.04625,11.624,12.9388
"2955",123,2008-05-02,9.76775,11.6447,12.9613
"2956",124,2008-05-03,11.3065,11.6653,12.9844
"2957",125,2008-05-04,10.7773,11.6851,13.007
"2958",126,2008-05-05,10.59104,11.7044,13.0276
"2959",127,2008-05-06,11.09273077,11.7235,13.045
"2960",128,2008-05-07,10.6075,11.7434,13.066
"2961",129,2008-05-08,10.22141667,11.7649,13.0906
"2962",130,2008-05-09,9.882227273,11.789,13.1171
"2963",131,2008-05-10,10.53466667,11.8145,13.1436
"2964",132,2008-05-11,10.38092,11.8406,13.1681
"2965",133,2008-05-12,10.20064706,11.868,13.2022
"2966",134,2008-05-13,12.32561538,11.8959,13.235
"2967",135,2008-05-14,11.60421429,11.9255,13.266
"2968",136,2008-05-15,14.492375,11.9566,13.2986
"2969",137,2008-05-16,12.74129412,11.9894,13.3313
"2970",138,2008-05-17,11.70476471,12.0223,13.3638
"2971",139,2008-05-18,11.73766667,12.054,13.3941
"2972",140,2008-05-19,12.42536842,12.0838,13.4229
"2973",141,2008-05-20,12.5118,12.1115,13.4486
"2974",142,2008-05-21,11.29752632,12.1396,13.4758
"2975",143,2008-05-22,10.68872222,12.1675,13.5025
"2976",144,2008-05-23,11.42935294,12.195,13.5286
"2977",145,2008-05-24,11.92346154,12.2235,13.5552
"2978",146,2008-05-25,11.98875,12.2521,13.5834
"2979",147,2008-05-26,11.5472,12.2806,13.6087
"2980",148,2008-05-27,14.12014286,12.3105,13.6383
"2981",149,2008-05-28,14.42108333,12.342,13.6661
"2982",150,2008-05-29,14.15675,12.3764,13.7007
"2983",151,2008-05-30,13.04773684,12.4134,13.7409
"2984",152,2008-05-31,11.94209524,12.4518,13.7828
"2985",153,2008-06-01,11.72534783,12.4907,13.8242
"2986",154,2008-06-02,11.87045833,12.5312,13.868
"2987",155,2008-06-03,13.07193333,12.574,13.9114
"2988",156,2008-06-04,11.70041379,12.619,13.9575
"2989",157,2008-06-05,12.7597,12.665,14.0027
"2990",158,2008-06-06,12.00093103,12.711,14.048
"2991",159,2008-06-07,11.85962963,12.7551,14.0893
"2992",160,2008-06-08,12.11404167,12.7979,14.1301
"2993",161,2008-06-09,12.59475,12.8386,14.1699
"2994",162,2008-06-10,12.555,12.8797,14.2094
"2995",163,2008-06-11,13.78876471,12.9224,14.2492
"2996",164,2008-06-12,13.18327778,12.9665,14.2849
"2997",165,2008-06-13,13.9364,13.0127,14.3232
"2998",166,2008-06-14,13.12345,13.0582,14.3623
"2999",167,2008-06-15,13.25086364,13.1016,14.3983
"3000",168,2008-06-16,12.70290909,13.1444,14.4344
"3001",169,2008-06-17,12.51743478,13.188,14.4712
"3002",170,2008-06-18,12.49078261,13.2324,14.5088
"3003",171,2008-06-19,12.64175,13.2774,14.549
"3004",172,2008-06-20,12.73068421,13.3232,14.5929
"3005",173,2008-06-21,12.13264706,13.3688,14.6402
"3006",174,2008-06-22,11.48230769,13.415,14.6887
"3007",175,2008-06-23,12.768,13.4615,14.7374
"3008",176,2008-06-24,14.12971429,13.5035,14.781
"3009",177,2008-06-25,12.5356,13.5437,14.8216
"3010",178,2008-06-26,13.13678947,13.5839,14.8667
"3011",179,2008-06-27,13.53014286,13.6234,14.9075
"3012",180,2008-06-28,13.63770833,13.662,14.9538
"3013",181,2008-06-29,13.99734615,13.6991,14.9992
"3014",182,2008-06-30,14.03030769,13.7346,15.0387
"3015",183,2008-07-01,13.57819355,13.7694,15.0821
"3016",184,2008-07-02,13.82837143,13.8037,15.1232
"3017",185,2008-07-03,14.57559375,13.8362,15.1575
"3018",186,2008-07-04,14.47470968,13.8664,15.1901
"3019",187,2008-07-05,13.79058621,13.8965,15.2221
"3020",188,2008-07-06,13.77973077,13.927,15.2585
"3021",189,2008-07-07,13.69095833,13.9578,15.2948
"3022",190,2008-07-08,15.7239375,13.9891,15.3355
"3023",191,2008-07-09,17.34772222,14.0204,15.376
"3024",192,2008-07-10,16.25136842,14.0521,15.415
"3025",193,2008-07-11,14.25938095,14.0834,15.4512
"3026",194,2008-07-12,15.98195652,14.1139,15.4853
"3027",195,2008-07-13,16.58170833,14.1409,15.5112
"3028",196,2008-07-14,15.59516,14.1652,15.5341
"3029",197,2008-07-15,15.62825,14.1888,15.5566
"3030",198,2008-07-16,14.48066667,14.2131,15.5834
"3031",199,2008-07-17,14.47069565,14.2366,15.6103
"3032",200,2008-07-18,14.26626087,14.2577,15.6328
"3033",201,2008-07-19,14.71152174,14.2775,15.6454
"3034",202,2008-07-20,13.86630435,14.2962,15.655
"3035",203,2008-07-21,13.65222727,14.3151,15.662
"3036",204,2008-07-22,14.10685,14.3341,15.6706
"3037",205,2008-07-23,14.4750625,14.3524,15.6852
"3038",206,2008-07-24,14.89055,14.3711,15.7077
"3039",207,2008-07-25,15.35278261,14.3917,15.7362
"3040",208,2008-07-26,16.00764,14.4141,15.7674
"3041",209,2008-07-27,14.54548148,14.4365,15.7951
"3042",210,2008-07-28,15.27139286,14.4586,15.8229
"3043",211,2008-07-29,14.8382963,14.4808,15.8449
"3044",212,2008-07-30,14.35482353,14.5022,15.863
"3045",213,2008-07-31,13.93068571,14.5232,15.8795
"3046",214,2008-08-01,14.0523125,14.5429,15.8921
"3047",215,2008-08-02,13.95703333,14.5599,15.9029
"3048",216,2008-08-03,13.066,14.5749,15.9129
"3049",217,2008-08-04,14.13473913,14.5888,15.9176
"3050",218,2008-08-05,13.539,14.6007,15.92
"3051",219,2008-08-06,15.35535294,14.6101,15.916
"3052",220,2008-08-07,14.96547368,14.618,15.9088
"3053",221,2008-08-08,14.35738095,14.6244,15.8993
"3054",222,2008-08-09,14.48791304,14.6292,15.8906
"3055",223,2008-08-10,15.29,14.6335,15.8835
"3056",224,2008-08-11,14.60433333,14.6369,15.8794
"3057",225,2008-08-12,14.549,14.6392,15.8772
"3058",226,2008-08-13,14.38347826,14.6431,15.8809
"3059",227,2008-08-14,14.49388,14.6479,15.8893
"3060",228,2008-08-15,14.20103704,14.6515,15.8975
"3061",229,2008-08-16,14.58444444,14.6538,15.9049
"3062",230,2008-08-17,14.54257692,14.6557,15.9123
"3063",231,2008-08-18,14.67579167,14.6571,15.9242
"3064",232,2008-08-19,14.76341667,14.6578,15.9427
"3065",233,2008-08-20,14.99054545,14.6583,15.9615
"3066",234,2008-08-21,15.2441,14.6574,15.9773
"3067",235,2008-08-22,14.042,14.6556,15.99
"3068",236,2008-08-23,14.70084,14.6535,15.9932
"3069",237,2008-08-24,15.35648148,14.6493,15.9885
"3070",238,2008-08-25,15.40959259,14.6441,15.9796
"3071",239,2008-08-26,15.78653571,14.6377,15.9681
"3072",240,2008-08-27,15.81112121,14.6294,15.955
"3073",241,2008-08-28,16.08027273,14.6185,15.9389
"3074",242,2008-08-29,15.68390625,14.6056,15.9227
"3075",243,2008-08-30,15.12474194,14.5912,15.9055
"3076",244,2008-08-31,14.41725926,14.5758,15.8883
"3077",245,2008-09-01,15.00548,14.5598,15.8694
"3078",246,2008-09-02,14.93942857,14.5433,15.8517
"3079",247,2008-09-03,14.749,14.5258,15.8262
"3080",248,2008-09-04,14.95542105,14.5076,15.8059
"3081",249,2008-09-05,15.44794737,14.488,15.7863
"3082",250,2008-09-06,16.32336364,14.4682,15.7686
"3083",251,2008-09-07,15.13463636,14.4479,15.7508
"3084",252,2008-09-08,14.24790476,14.4277,15.7298
"3085",253,2008-09-09,15.43025,14.4076,15.7076
"3086",254,2008-09-10,15.28221053,14.3872,15.6842
"3087",255,2008-09-11,15.32804348,14.3669,15.6608
"3088",256,2008-09-12,14.2562,14.3454,15.6371
"3089",257,2008-09-13,14.83711538,14.3219,15.6133
"3090",258,2008-09-14,15.32462963,14.2976,15.5872
"3091",259,2008-09-15,15.14557143,14.2726,15.5597
"3092",260,2008-09-16,14.41720833,14.2469,15.529
"3093",261,2008-09-17,14.15656,14.2206,15.4952
"3094",262,2008-09-18,14.41342308,14.1948,15.4595
"3095",263,2008-09-19,15.32183333,14.1687,15.4269
"3096",264,2008-09-20,15.33172,14.1419,15.3957
"3097",265,2008-09-21,14.69023077,14.1138,15.3663
"3098",266,2008-09-22,15.06165385,14.083,15.3325
"3099",267,2008-09-23,15.08055172,14.051,15.2982
"3100",268,2008-09-24,14.32425,14.0186,15.2616
"3101",269,2008-09-25,14.25990323,13.9846,15.2229
"3102",270,2008-09-26,13.90770968,13.9503,15.1843
"3103",271,2008-09-27,13.67017241,13.9172,15.1464
"3104",272,2008-09-28,13.878,13.8863,15.1116
"3105",273,2008-09-29,14.24014815,13.8565,15.0781
"3106",274,2008-09-30,14.39595652,13.8279,15.0408
"3107",275,2008-10-01,14.3158,13.7992,15.001
"3108",276,2008-10-02,13.851,13.7711,14.9617
"3109",277,2008-10-03,14.43005,13.7456,14.9232
"3110",278,2008-10-04,15.74142857,13.7226,14.8929
"3111",279,2008-10-05,14.04672727,13.7018,14.866
"3112",280,2008-10-06,14.97175,13.6836,14.8402
"3113",281,2008-10-07,14.6786875,13.6662,14.8154
"3114",282,2008-10-08,14.493,13.6487,14.7939
"3115",283,2008-10-09,12.94086667,13.6294,14.7711
"3116",284,2008-10-10,11.8287,13.6087,14.748
"3117",285,2008-10-11,11.14768182,13.5869,14.7251
"3118",286,2008-10-12,10.927125,13.5657,14.7023
"3119",287,2008-10-13,12.23332143,13.5461,14.6791
"3120",288,2008-10-14,12.61006897,13.5274,14.6559
"3121",289,2008-10-15,12.62551852,13.5082,14.6317
"3122",290,2008-10-16,12.58933333,13.4892,14.6075
"3123",291,2008-10-17,12.77948387,13.4706,14.5842
"3124",292,2008-10-18,13.73681818,13.452,14.564
"3125",293,2008-10-19,14.06516667,13.4341,14.544
"3126",294,2008-10-20,13.55945161,13.4179,14.5239
"3127",295,2008-10-21,13.7116,13.4031,14.5027
"3128",296,2008-10-22,13.21658621,13.3902,14.483
"3129",297,2008-10-23,13.31896154,13.3793,14.4657
"3130",298,2008-10-24,13.12804167,13.3684,14.4511
"3131",299,2008-10-25,12.82665517,13.358,14.438
"3132",300,2008-10-26,13.294,13.3492,14.4271
"3133",301,2008-10-27,13.015625,13.3408,14.4174
"3134",302,2008-10-28,12.65370833,13.3322,14.4112
"3135",303,2008-10-29,12.95272727,13.3231,14.405
"3136",304,2008-10-30,12.99281818,13.3128,14.3974
"3137",305,2008-10-31,13.59930435,13.3017,14.3945
"3138",306,2008-11-01,13.758,13.2903,14.3942
"3139",307,2008-11-02,13.93,13.2779,14.3938
"3140",308,2008-11-03,13.76669565,13.2635,14.3927
"3141",309,2008-11-04,14.12817647,13.2477,14.3912
"3142",310,2008-11-05,14.517,13.2293,14.3859
"3143",311,2008-11-06,13.269,13.2084,14.3801
"3144",312,2008-11-07,13.726,13.186,14.3737
"3145",313,2008-11-08,13.6988,13.1624,14.3626
"3146",314,2008-11-09,13.55758824,13.1394,14.3501
"3147",315,2008-11-10,12.4104,13.1171,14.3322
"3148",316,2008-11-11,12.80107407,13.0945,14.3103
"3149",317,2008-11-12,13.02287097,13.0706,14.2854
"3150",318,2008-11-13,13.23986667,13.0452,14.2586
"3151",319,2008-11-14,13.41469697,13.0187,14.2286
"3152",320,2008-11-15,13.83194286,12.9922,14.1963
"3153",321,2008-11-16,13.90479487,12.9663,14.169
"3154",322,2008-11-17,14.05756757,12.9408,14.1425
"3155",323,2008-11-18,13.89591176,12.9149,14.116
"3156",324,2008-11-19,13.1202963,12.8884,14.0908
"3157",325,2008-11-20,11.98875,12.8613,14.0655
"3158",326,2008-11-21,12.06435294,12.8337,14.0403
"3159",327,2008-11-22,11.78666667,12.8057,14.0164
"3160",328,2008-11-23,11.9451,12.778,13.9916
"3161",329,2008-11-24,12.53085,12.7514,13.9699
"3162",330,2008-11-25,12.93145455,12.7255,13.949
"3163",331,2008-11-26,13.00057143,12.6997,13.9278
"3164",332,2008-11-27,12.87251852,12.6741,13.907
"3165",333,2008-11-28,12.76881481,12.6481,13.8808
"3166",334,2008-11-29,12.63866667,12.6226,13.8502
"3167",335,2008-11-30,12.73510714,12.5981,13.8185
"3168",336,2008-12-01,13.10956522,12.5735,13.7867
"3169",337,2008-12-02,13.04404762,12.5496,13.7538
"3170",338,2008-12-03,13.02255556,12.5268,13.7201
"3171",339,2008-12-04,12.594,12.5046,13.6854
"3172",340,2008-12-05,12.56628571,12.4826,13.6464
"3173",341,2008-12-06,12.4790625,12.4617,13.606
"3174",342,2008-12-07,12.53784211,12.4415,13.5653
"3175",343,2008-12-08,12.497,12.4218,13.5229
"3176",344,2008-12-09,12.07766667,12.4029,13.484
"3177",345,2008-12-10,11.99036667,12.3846,13.4469
"3178",346,2008-12-11,12.24736111,12.3671,13.4157
"3179",347,2008-12-12,12.218,12.3506,13.3886
"3180",348,2008-12-13,12.04708108,12.3348,13.3639
"3181",349,2008-12-14,11.6852973,12.3191,13.3395
"3182",350,2008-12-15,11.87405405,12.3042,13.3182
"3183",351,2008-12-16,11.73055882,12.2897,13.2996
"3184",352,2008-12-17,11.65229032,12.275,13.2764
"3185",353,2008-12-18,11.12331579,12.2605,13.2525
"3186",354,2008-12-19,11.21444444,12.2474,13.2303
"3187",355,2008-12-20,10.48925,12.2354,13.2092
"3188",356,2008-12-21,11.08559091,12.2237,13.1891
"3189",357,2008-12-22,11.14321739,12.2119,13.1705
"3190",358,2008-12-23,11.236,12.2004,13.151
"3191",359,2008-12-24,11.23610345,12.1886,13.1316
"3192",360,2008-12-25,11.324625,12.1767,13.1101
"3193",361,2008-12-26,11.04435484,12.1647,13.0891
"3194",362,2008-12-27,10.95275,12.1525,13.0696
"3195",363,2008-12-28,10.96596667,12.14,13.051
"3196",364,2008-12-29,11.2196,12.1277,13.0349
"3197",365,2008-12-30,11.3732069,12.1151,13.0235
"3198",366,2008-12-31,11.43407692,12.1024,13.0133
"3199",1,2009-01-01,11.207,12.0905,13.0033
"3200",2,2009-01-02,11.062,12.0793,12.9941
"3201",3,2009-01-03,10.87482353,12.0687,12.9855
"3202",4,2009-01-04,10.5481,12.0591,12.9803
"3203",5,2009-01-05,10.6973913,12.0506,12.9811
"3204",6,2009-01-06,10.80288,12.0434,12.9852
"3205",7,2009-01-07,10.93674074,12.0377,12.9918
"3206",8,2009-01-08,11.04674286,12.034,13.0008
"3207",9,2009-01-09,10.9695,12.0321,13.011
"3208",10,2009-01-10,10.96252778,12.0314,13.0236
"3209",11,2009-01-11,11.01383333,12.0312,13.0368
"3210",12,2009-01-12,11.29702857,12.0312,13.0503
"3211",13,2009-01-13,11.50939394,12.0311,13.0636
"3212",14,2009-01-14,11.53316667,12.0314,13.0774
"3213",15,2009-01-15,11.61538462,12.0319,13.0898
"3214",16,2009-01-16,11.04666667,12.0327,13.0996
"3215",17,2009-01-17,11.3144,12.0336,13.1059
"3216",18,2009-01-18,11.45871429,12.0344,13.1121
"3217",19,2009-01-19,11.49847826,12.0345,13.1165
"3218",20,2009-01-20,11.58054167,12.0336,13.1187
"3219",21,2009-01-21,11.6832,12.0322,13.1197
"3220",22,2009-01-22,11.53919231,12.0309,13.1188
"3221",23,2009-01-23,11.70906667,12.0298,13.1175
"3222",24,2009-01-24,11.68855172,12.0291,13.1163
"3223",25,2009-01-25,11.39982143,12.0282,13.1153
"3224",26,2009-01-26,11.35215385,12.0273,13.1146
"3225",27,2009-01-27,11.22816,12.0267,13.1131
"3226",28,2009-01-28,11.5002,12.0267,13.1128
"3227",29,2009-01-29,11.7905,12.0273,13.1139
"3228",30,2009-01-30,11.36842857,12.0279,13.1152
"3229",31,2009-01-31,11.455125,12.0285,13.1183
"3230",32,2009-02-01,11.53877778,12.0289,13.1209
"3231",33,2009-02-02,11.56327273,12.0291,13.1244
"3232",34,2009-02-03,11.71036,12.0289,13.13
"3233",35,2009-02-04,11.78915385,12.0282,13.1347
"3234",36,2009-02-05,12.01992857,12.0277,13.1385
"3235",37,2009-02-06,12.04625714,12.0272,13.1417
"3236",38,2009-02-07,12.08844444,12.0258,13.1431
"3237",39,2009-02-08,12.00191429,12.0231,13.1442
"3238",40,2009-02-09,11.86446875,12.0194,13.1452
"3239",41,2009-02-10,11.76893548,12.0155,13.1462
"3240",42,2009-02-11,11.89589655,12.0119,13.1472
"3241",43,2009-02-12,12.12469231,12.0091,13.1482
"3242",44,2009-02-13,11.8966,12.0073,13.1502
"3243",45,2009-02-14,11.8129375,12.0067,13.1525
"3244",46,2009-02-15,11.71661111,12.0069,13.1567
"3245",47,2009-02-16,11.819,12.007,13.1633
"3246",48,2009-02-17,11.86309091,12.0073,13.173
"3247",49,2009-02-18,11.87631818,12.008,13.1828
"3248",50,2009-02-19,11.85868182,12.0088,13.1924
"3249",51,2009-02-20,12.02685714,12.0103,13.2025
"3250",52,2009-02-21,12.04695,12.0124,13.2141
"3251",53,2009-02-22,12.12616667,12.015,13.23
"3252",54,2009-02-23,12.18679167,12.0171,13.2468
"3253",55,2009-02-24,12.39284,12.0188,13.2634
"3254",56,2009-02-25,12.54330435,12.02,13.279
"3255",57,2009-02-26,12.88726087,12.0208,13.2936
"3256",58,2009-02-27,12.5982381,12.0207,13.3076
"3257",59,2009-02-28,12.3403125,12.0199,13.3202
"3258",61,2009-03-01,12.41144444,12.0195,13.3424
"3259",62,2009-03-02,12.57847368,12.0203,13.3516
"3260",63,2009-03-03,12.787,12.0203,13.3593
"3261",64,2009-03-04,12.67769565,12.0195,13.3644
"3262",65,2009-03-05,12.69024,12.0183,13.368
"3263",66,2009-03-06,12.60444444,12.017,13.3696
"3264",67,2009-03-07,12.19090323,12.015,13.3691
"3265",68,2009-03-08,12.26503333,12.0126,13.368
"3266",69,2009-03-09,11.7705,12.011,13.3634
"3267",70,2009-03-10,11.69510345,12.01,13.3576
"3268",71,2009-03-11,11.87640741,12.0084,13.3512
"3269",72,2009-03-12,12.24884,12.0057,13.3431
"3270",73,2009-03-13,12.2156,12.0007,13.3346
"3271",74,2009-03-14,11.5704375,11.9943,13.3252
"3272",75,2009-03-15,11.2364375,11.9864,13.3124
"3273",76,2009-03-16,11.171,11.9763,13.298
"3274",77,2009-03-17,11.564375,11.9639,13.282
"3275",78,2009-03-18,11.04688235,11.9504,13.2661
"3276",79,2009-03-19,11.03486667,11.9354,13.2503
"3277",80,2009-03-20,10.61323077,11.9185,13.2335
"3278",81,2009-03-21,10.07116667,11.9005,13.2156
"3279",82,2009-03-22,12.11808333,11.8813,13.1955
"3280",83,2009-03-23,9.558705882,11.8609,13.1738
"3281",84,2009-03-24,10.16945,11.8401,13.1479
"3282",85,2009-03-25,10.925,11.8186,13.1214
"3283",86,2009-03-26,11.12963636,11.7956,13.0948
"3284",87,2009-03-27,11.27073684,11.7725,13.0707
"3285",88,2009-03-28,10.8914,11.7503,13.0468
"3286",89,2009-03-29,10.41458824,11.729,13.0229
"3287",90,2009-03-30,10.16605263,11.708,12.998
"3288",91,2009-03-31,10.046,11.6873,12.9741
"3289",92,2009-04-01,10.54738889,11.6655,12.9484
"3290",93,2009-04-02,9.6396,11.6434,12.9235
"3291",94,2009-04-03,9.60352381,11.6221,12.8996
"3292",95,2009-04-04,9.372208333,11.6021,12.8795
"3293",96,2009-04-05,9.852125,11.5837,12.8636
"3294",97,2009-04-06,10.4898,11.5672,12.8489
"3295",98,2009-04-07,10.54456,11.5516,12.8321
"3296",99,2009-04-08,11.762375,11.5357,12.8156
"3297",100,2009-04-09,11.64608696,11.5185,12.8025
"3298",101,2009-04-10,11.35306667,11.5013,12.7943
"3299",102,2009-04-11,10.9985,11.4853,12.7834
"3300",103,2009-04-12,11.1264375,11.4705,12.7742
"3301",104,2009-04-13,10.97606667,11.4582,12.7686
"3302",105,2009-04-14,10.31930769,11.4479,12.764
"3303",106,2009-04-15,9.767818182,11.4389,12.7625
"3304",107,2009-04-16,9.3536,11.4323,12.7633
"3305",108,2009-04-17,NA,11.4288,12.7671
"3306",109,2009-04-18,NA,11.4289,12.7723
"3307",110,2009-04-19,NA,11.4325,12.7796
"3308",111,2009-04-20,12.91071429,11.4393,12.7872
"3309",112,2009-04-21,12.57609091,11.4483,12.7956
"3310",113,2009-04-22,12.1585,11.4593,12.8064
"3311",114,2009-04-23,11.8008125,11.4735,12.82
"3312",115,2009-04-24,10.11389474,11.4891,12.8338
"3313",116,2009-04-25,9.849611111,11.5065,12.8491
"3314",117,2009-04-26,9.560210526,11.5258,12.8643
"3315",118,2009-04-27,9.75785,11.546,12.8799
"3316",119,2009-04-28,9.866210526,11.5659,12.8936
"3317",120,2009-04-29,9.547470588,11.5852,12.9092
"3318",121,2009-04-30,9.189066667,11.6044,12.923
"3319",122,2009-05-01,10.04991667,11.624,12.9388
"3320",123,2009-05-02,10.8408,11.6447,12.9613
"3321",124,2009-05-03,11.90214286,11.6653,12.9844
"3322",125,2009-05-04,11.916,11.6851,13.007
"3323",126,2009-05-05,12.32629412,11.7044,13.0276
"3324",127,2009-05-06,12.91152941,11.7235,13.045
"3325",128,2009-05-07,11.89557895,11.7434,13.066
"3326",129,2009-05-08,11.42515789,11.7649,13.0906
"3327",130,2009-05-09,11.05066667,11.789,13.1171
"3328",131,2009-05-10,11.33758824,11.8145,13.1436
"3329",132,2009-05-11,11.88570588,11.8406,13.1681
"3330",133,2009-05-12,10.84525,11.868,13.2022
"3331",134,2009-05-13,10.16730769,11.8959,13.235
"3332",135,2009-05-14,9.853875,11.9255,13.266
"3333",136,2009-05-15,10.5722,11.9566,13.2986
"3334",137,2009-05-16,NA,11.9894,13.3313
"3335",138,2009-05-17,14.613,12.0223,13.3638
"3336",139,2009-05-18,13.7403,12.054,13.3941
"3337",140,2009-05-19,12.91771429,12.0838,13.4229
"3338",141,2009-05-20,12.58223529,12.1115,13.4486
"3339",142,2009-05-21,13.07621053,12.1396,13.4758
"3340",143,2009-05-22,12.1007619,12.1675,13.5025
"3341",144,2009-05-23,11.62921739,12.195,13.5286
"3342",145,2009-05-24,11.31221739,12.2235,13.5552
"3343",146,2009-05-25,11.25703704,12.2521,13.5834
"3344",147,2009-05-26,11.95103704,12.2806,13.6087
"3345",148,2009-05-27,12.93657692,12.3105,13.6383
"3346",149,2009-05-28,13.33069565,12.342,13.6661
"3347",150,2009-05-29,13.8596,12.3764,13.7007
"3348",151,2009-05-30,13.38828,12.4134,13.7409
"3349",152,2009-05-31,12.690125,12.4518,13.7828
"3350",153,2009-06-01,12.70147059,12.4907,13.8242
"3351",154,2009-06-02,13.54736842,12.5312,13.868
"3352",155,2009-06-03,13.60555,12.574,13.9114
"3353",156,2009-06-04,13.07604762,12.619,13.9575
"3354",157,2009-06-05,13.00247619,12.665,14.0027
"3355",158,2009-06-06,13.31709091,12.711,14.048
"3356",159,2009-06-07,13.81527273,12.7551,14.0893
"3357",160,2009-06-08,13.31905263,12.7979,14.1301
"3358",161,2009-06-09,13.49338889,12.8386,14.1699
"3359",162,2009-06-10,13.69894118,12.8797,14.2094
"3360",163,2009-06-11,13.49341667,12.9224,14.2492
"3361",164,2009-06-12,13.028,12.9665,14.2849
"3362",165,2009-06-13,13.8044,13.0127,14.3232
"3363",166,2009-06-14,16.35322222,13.0582,14.3623
"3364",167,2009-06-15,14.55384615,13.1016,14.3983
"3365",168,2009-06-16,15.14170588,13.1444,14.4344
"3366",169,2009-06-17,15.7738,13.188,14.4712
"3367",170,2009-06-18,15.68572727,13.2324,14.5088
"3368",171,2009-06-19,16.16070833,13.2774,14.549
"3369",172,2009-06-20,12.66308,13.3232,14.5929
"3370",173,2009-06-21,11.81856,13.3688,14.6402
"3371",174,2009-06-22,14.1508125,13.415,14.6887
"3372",175,2009-06-23,15.71580645,13.4615,14.7374
"3373",176,2009-06-24,15.59406667,13.5035,14.781
"3374",177,2009-06-25,15.64624138,13.5437,14.8216
"3375",178,2009-06-26,13.10888462,13.5839,14.8667
"3376",179,2009-06-27,14.22848148,13.6234,14.9075
"3377",180,2009-06-28,14.36542105,13.662,14.9538
"3378",181,2009-06-29,15.02552632,13.6991,14.9992
"3379",182,2009-06-30,14.0882381,13.7346,15.0387
"3380",183,2009-07-01,14.55447826,13.7694,15.0821
"3381",184,2009-07-02,15.564,13.8037,15.1232
"3382",185,2009-07-03,15.40954167,13.8362,15.1575
"3383",186,2009-07-04,15.913,13.8664,15.1901
"3384",187,2009-07-05,14.87191667,13.8965,15.2221
"3385",188,2009-07-06,14.20707692,13.927,15.2585
"3386",189,2009-07-07,13.87081818,13.9578,15.2948
"3387",190,2009-07-08,12.95694444,13.9891,15.3355
"3388",191,2009-07-09,12.70833333,14.0204,15.376
"3389",192,2009-07-10,12.46011111,14.0521,15.415
"3390",193,2009-07-11,13.5915,14.0834,15.4512
"3391",194,2009-07-12,14.68407692,14.1139,15.4853
"3392",195,2009-07-13,15.90275,14.1409,15.5112
"3393",196,2009-07-14,15.30305556,14.1652,15.5341
"3394",197,2009-07-15,16.59061905,14.1888,15.5566
"3395",198,2009-07-16,15.80341667,14.2131,15.5834
"3396",199,2009-07-17,14.27361538,14.2366,15.6103
"3397",200,2009-07-18,13.02207407,14.2577,15.6328
"3398",201,2009-07-19,13.89638462,14.2775,15.6454
"3399",202,2009-07-20,13.89048485,14.2962,15.655
"3400",203,2009-07-21,13.19491176,14.3151,15.662
"3401",204,2009-07-22,13.23090625,14.3341,15.6706
"3402",205,2009-07-23,12.95458065,14.3524,15.6852
"3403",206,2009-07-24,12.21155172,14.3711,15.7077
"3404",207,2009-07-25,12.11876923,14.3917,15.7362
"3405",208,2009-07-26,11.96925,14.4141,15.7674
"3406",209,2009-07-27,12.5552,14.4365,15.7951
"3407",210,2009-07-28,14.83161905,14.4586,15.8229
"3408",211,2009-07-29,14.25443478,14.4808,15.8449
"3409",212,2009-07-30,14.52079167,14.5022,15.863
"3410",213,2009-07-31,14.08748,14.5232,15.8795
"3411",214,2009-08-01,15.11079167,14.5429,15.8921
"3412",215,2009-08-02,14.08496154,14.5599,15.9029
"3413",216,2009-08-03,14.588,14.5749,15.9129
"3414",217,2009-08-04,14.197,14.5888,15.9176
"3415",218,2009-08-05,14.5936,14.6007,15.92
"3416",219,2009-08-06,13.96830435,14.6101,15.916
"3417",220,2009-08-07,13.06240909,14.618,15.9088
"3418",221,2009-08-08,13.7652381,14.6244,15.8993
"3419",222,2009-08-09,14.47029412,14.6292,15.8906
"3420",223,2009-08-10,14.606875,14.6335,15.8835
"3421",224,2009-08-11,16.56257895,14.6369,15.8794
"3422",225,2009-08-12,16.15863636,14.6392,15.8772
"3423",226,2009-08-13,15.53816,14.6431,15.8809
"3424",227,2009-08-14,16.51161538,14.6479,15.8893
"3425",228,2009-08-15,16.28603704,14.6515,15.8975
"3426",229,2009-08-16,16.41569231,14.6538,15.9049
"3427",230,2009-08-17,14.99477419,14.6557,15.9123
"3428",231,2009-08-18,14.32261765,14.6571,15.9242
"3429",232,2009-08-19,15.43111765,14.6578,15.9427
"3430",233,2009-08-20,15.14577419,14.6583,15.9615
"3431",234,2009-08-21,14.1522,14.6574,15.9773
"3432",235,2009-08-22,14.39413793,14.6556,15.99
"3433",236,2009-08-23,14.53192,14.6535,15.9932
"3434",237,2009-08-24,14.56648148,14.6493,15.9885
"3435",238,2009-08-25,14.66733333,14.6441,15.9796
"3436",239,2009-08-26,14.18145455,14.6377,15.9681
"3437",240,2009-08-27,14.32108696,14.6294,15.955
"3438",241,2009-08-28,14.62108696,14.6185,15.9389
"3439",242,2009-08-29,14.46490909,14.6056,15.9227
"3440",243,2009-08-30,14.15195238,14.5912,15.9055
"3441",244,2009-08-31,14.9138,14.5758,15.8883
"3442",245,2009-09-01,14.078,14.5598,15.8694
"3443",246,2009-09-02,13.79564,14.5433,15.8517
"3444",247,2009-09-03,14.05048,14.5258,15.8262
"3445",248,2009-09-04,13.13633333,14.5076,15.8059
"3446",249,2009-09-05,14.29578261,14.488,15.7863
"3447",250,2009-09-06,14.08266667,14.4682,15.7686
"3448",251,2009-09-07,12.44031579,14.4479,15.7508
"3449",252,2009-09-08,13.74457895,14.4277,15.7298
"3450",253,2009-09-09,14.19771429,14.4076,15.7076
"3451",254,2009-09-10,14.86016667,14.3872,15.6842
"3452",255,2009-09-11,14.19276923,14.3669,15.6608
"3453",256,2009-09-12,13.38715385,14.3454,15.6371
"3454",257,2009-09-13,13.79,14.3219,15.6133
"3455",258,2009-09-14,14.1689,14.2976,15.5872
"3456",259,2009-09-15,13.74615625,14.2726,15.5597
"3457",260,2009-09-16,14.05559375,14.2469,15.529
"3458",261,2009-09-17,13.79845161,14.2206,15.4952
"3459",262,2009-09-18,14.18029032,14.1948,15.4595
"3460",263,2009-09-19,14.61157143,14.1687,15.4269
"3461",264,2009-09-20,13.75342308,14.1419,15.3957
"3462",265,2009-09-21,14.40196,14.1138,15.3663
"3463",266,2009-09-22,14.6548,14.083,15.3325
"3464",267,2009-09-23,13.74542857,14.051,15.2982
"3465",268,2009-09-24,14.15572727,14.0186,15.2616
"3466",269,2009-09-25,14.98661905,13.9846,15.2229
"3467",270,2009-09-26,14.34655556,13.9503,15.1843
"3468",271,2009-09-27,14.1576875,13.9172,15.1464
"3469",272,2009-09-28,14.50633333,13.8863,15.1116
"3470",273,2009-09-29,12.64419048,13.8565,15.0781
"3471",274,2009-09-30,12.02181818,13.8279,15.0408
"3472",275,2009-10-01,13.41631818,13.7992,15.001
"3473",276,2009-10-02,13.12617391,13.7711,14.9617
"3474",277,2009-10-03,12.55345833,13.7456,14.9232
"3475",278,2009-10-04,12.02091667,13.7226,14.8929
"3476",279,2009-10-05,11.89768182,13.7018,14.866
"3477",280,2009-10-06,12.30240909,13.6836,14.8402
"3478",281,2009-10-07,12.63917391,13.6662,14.8154
"3479",282,2009-10-08,13.39645833,13.6487,14.7939
"3480",283,2009-10-09,13.74930769,13.6294,14.7711
"3481",284,2009-10-10,13.3228,13.6087,14.748
"3482",285,2009-10-11,13.02359091,13.5869,14.7251
"3483",286,2009-10-12,13.11181481,13.5657,14.7023
"3484",287,2009-10-13,13.41696429,13.5461,14.6791
"3485",288,2009-10-14,13.75662069,13.5274,14.6559
"3486",289,2009-10-15,13.862,13.5082,14.6317
"3487",290,2009-10-16,14.18835714,13.4892,14.6075
"3488",291,2009-10-17,14.13703333,13.4706,14.5842
"3489",292,2009-10-18,14.09396552,13.452,14.564
"3490",293,2009-10-19,13.97511538,13.4341,14.544
"3491",294,2009-10-20,14.61646154,13.4179,14.5239
"3492",295,2009-10-21,14.15428571,13.4031,14.5027
"3493",296,2009-10-22,14.36468182,13.3902,14.483
"3494",297,2009-10-23,14.39852381,13.3793,14.4657
"3495",298,2009-10-24,14.78188235,13.3684,14.4511
"3496",299,2009-10-25,14.8328,13.358,14.438
"3497",300,2009-10-26,13.582,13.3492,14.4271
"3498",301,2009-10-27,12.54011111,13.3408,14.4174
"3499",302,2009-10-28,11.00866667,13.3322,14.4112
"3500",303,2009-10-29,10.67330769,13.3231,14.405
"3501",304,2009-10-30,11.053375,13.3128,14.3974
"3502",305,2009-10-31,11.425,13.3017,14.3945
"3503",306,2009-11-01,11.80634783,13.2903,14.3942
"3504",307,2009-11-02,12.3655,13.2779,14.3938
"3505",308,2009-11-03,12.90107407,13.2635,14.3927
"3506",309,2009-11-04,13.36857143,13.2477,14.3912
"3507",310,2009-11-05,12.79545455,13.2293,14.3859
"3508",311,2009-11-06,13.16072727,13.2084,14.3801
"3509",312,2009-11-07,12.94059375,13.186,14.3737
"3510",313,2009-11-08,12.69628125,13.1624,14.3626
"3511",314,2009-11-09,12.65221429,13.1394,14.3501
"3512",315,2009-11-10,12.57190909,13.1171,14.3322
"3513",316,2009-11-11,12.57117647,13.0945,14.3103
"3514",317,2009-11-12,12.72222222,13.0706,14.2854
"3515",318,2009-11-13,11.916,13.0452,14.2586
"3516",319,2009-11-14,11.819,13.0187,14.2286
"3517",320,2009-11-15,11.49658065,12.9922,14.1963
"3518",321,2009-11-16,11.62493333,12.9663,14.169
"3519",322,2009-11-17,11.94707143,12.9408,14.1425
"3520",323,2009-11-18,12.08393333,12.9149,14.116
"3521",324,2009-11-19,11.63381818,12.8884,14.0908
"3522",325,2009-11-20,12.03886667,12.8613,14.0655
"3523",326,2009-11-21,12.27145833,12.8337,14.0403
"3524",327,2009-11-22,12.2264,12.8057,14.0164
"3525",328,2009-11-23,11.819,12.778,13.9916
"3526",329,2009-11-24,11.8772,12.7514,13.9699
"3527",330,2009-11-25,11.86376923,12.7255,13.949
"3528",331,2009-11-26,11.8675,12.6997,13.9278
"3529",332,2009-11-27,11.91061111,12.6741,13.907
"3530",333,2009-11-28,11.4795,12.6481,13.8808
"3531",334,2009-11-29,10.90973913,12.6226,13.8502
"3532",335,2009-11-30,11.39726087,12.5981,13.8185
"3533",336,2009-12-01,11.5340625,12.5735,13.7867
"3534",337,2009-12-02,11.661375,12.5496,13.7538
"3535",338,2009-12-03,11.61912121,12.5268,13.7201
"3536",339,2009-12-04,11.5862,12.5046,13.6854
"3537",340,2009-12-05,11.63577778,12.4826,13.6464
"3538",341,2009-12-06,11.32773529,12.4617,13.606
"3539",342,2009-12-07,11.52153333,12.4415,13.5653
"3540",343,2009-12-08,11.12452381,12.4218,13.5229
"3541",344,2009-12-09,11.16952632,12.4029,13.484
"3542",345,2009-12-10,11.3242,12.3846,13.4469
"3543",346,2009-12-11,11.51036364,12.3671,13.4157
"3544",347,2009-12-12,11.68966667,12.3506,13.3886
"3545",348,2009-12-13,11.94275862,12.3348,13.3639
"3546",349,2009-12-14,11.85894118,12.3191,13.3395
"3547",350,2009-12-15,12.4216875,12.3042,13.3182
"3548",351,2009-12-16,12.76030303,12.2897,13.2996
"3549",352,2009-12-17,12.95253125,12.275,13.2764
"3550",353,2009-12-18,13.0326129,12.2605,13.2525
"3551",354,2009-12-19,13.06674194,12.2474,13.2303
"3552",355,2009-12-20,13.15026923,12.2354,13.2092
"3553",356,2009-12-21,13.15335,12.2237,13.1891
"3554",357,2009-12-22,12.69008333,12.2119,13.1705
"3555",358,2009-12-23,12.24857143,12.2004,13.151
"3556",359,2009-12-24,11.79475,12.1886,13.1316
"3557",360,2009-12-25,12.07426316,12.1767,13.1101
"3558",361,2009-12-26,11.99536364,12.1647,13.0891
"3559",362,2009-12-27,12.207,12.1525,13.0696
"3560",363,2009-12-28,12.304,12.14,13.051
"3561",364,2009-12-29,12.1585,12.1277,13.0349
"3562",365,2009-12-30,12.28513889,12.1151,13.0235
"3563",366,2009-12-31,12.30391429,12.1024,13.0133
"3564",1,2010-01-01,12.33162857,12.0905,13.0033
"3565",2,2010-01-02,12.35648571,12.0793,12.9941
"3566",3,2010-01-03,12.26557576,12.0687,12.9855
"3567",4,2010-01-04,12.38209375,12.0591,12.9803
"3568",5,2010-01-05,12.224,12.0506,12.9811
"3569",6,2010-01-06,12.1003,12.0434,12.9852
"3570",7,2010-01-07,12.14695238,12.0377,12.9918
"3571",8,2010-01-08,12.40504348,12.034,13.0008
"3572",9,2010-01-09,12.45092,12.0321,13.011
"3573",10,2010-01-10,12.401,12.0314,13.0236
"3574",11,2010-01-11,12.43636667,12.0312,13.0368
"3575",12,2010-01-12,12.6705,12.0312,13.0503
"3576",13,2010-01-13,12.86525,12.0311,13.0636
"3577",14,2010-01-14,12.74803333,12.0314,13.0774
"3578",15,2010-01-15,12.73341379,12.0319,13.0898
"3579",16,2010-01-16,12.75092593,12.0327,13.0996
"3580",17,2010-01-17,12.74036,12.0336,13.1059
"3581",18,2010-01-18,12.68186957,12.0344,13.1121
"3582",19,2010-01-19,12.88870588,12.0345,13.1165
"3583",20,2010-01-20,12.883,12.0336,13.1187
"3584",21,2010-01-21,12.7203125,12.0322,13.1197
"3585",22,2010-01-22,12.594,12.0309,13.1188
"3586",23,2010-01-23,12.603,12.0298,13.1175
"3587",24,2010-01-24,12.461,12.0291,13.1163
"3588",25,2010-01-25,12.401,12.0282,13.1153
"3589",26,2010-01-26,12.71525926,12.0273,13.1146
"3590",27,2010-01-27,12.62968571,12.0267,13.1131
"3591",28,2010-01-28,12.72502778,12.0267,13.1128
"3592",29,2010-01-29,12.76734286,12.0273,13.1139
"3593",30,2010-01-30,12.92139394,12.0279,13.1152
"3594",31,2010-01-31,12.9828125,12.0285,13.1183
"3595",32,2010-02-01,12.94851613,12.0289,13.1209
"3596",33,2010-02-02,12.93313793,12.0291,13.1244
"3597",34,2010-02-03,12.98827273,12.0289,13.13
"3598",35,2010-02-04,12.996,12.0282,13.1347
"3599",36,2010-02-05,12.98,12.0277,13.1385
"3600",37,2010-02-06,13.00504348,12.0272,13.1417
"3601",38,2010-02-07,13.056,12.0258,13.1431
"3602",39,2010-02-08,13.11817391,12.0231,13.1442
"3603",40,2010-02-09,12.92803571,12.0194,13.1452
"3604",41,2010-02-10,12.80331034,12.0155,13.1462
"3605",42,2010-02-11,12.89751852,12.0119,13.1472
"3606",43,2010-02-12,12.98322222,12.0091,13.1482
"3607",44,2010-02-13,13.14572,12.0073,13.1502
"3608",45,2010-02-14,13.156,12.0067,13.1525
"3609",46,2010-02-15,13.15077273,12.0069,13.1567
"3610",47,2010-02-16,13.24347368,12.007,13.1633
"3611",48,2010-02-17,13.33546154,12.0073,13.173
"3612",49,2010-02-18,13.33757143,12.008,13.1828
"3613",50,2010-02-19,13.287,12.0088,13.1924
"3614",51,2010-02-20,13.28921053,12.0103,13.2025
"3615",52,2010-02-21,12.97514286,12.0124,13.2141
"3616",53,2010-02-22,12.88329167,12.015,13.23
"3617",54,2010-02-23,12.85504167,12.0171,13.2468
"3618",55,2010-02-24,12.984,12.0188,13.2634
"3619",56,2010-02-25,13.08864516,12.02,13.279
"3620",57,2010-02-26,13.1756875,12.0208,13.2936
"3621",58,2010-02-27,13.251,12.0207,13.3076
"3622",59,2010-02-28,13.3009,12.0199,13.3202
"3623",61,2010-03-01,13.28758065,12.0195,13.3424
"3624",62,2010-03-02,13.317,12.0203,13.3516
"3625",63,2010-03-03,13.2534,12.0203,13.3593
"3626",64,2010-03-04,13.05905882,12.0195,13.3644
"3627",65,2010-03-05,12.95827778,12.0183,13.368
"3628",66,2010-03-06,12.84566667,12.017,13.3696
"3629",67,2010-03-07,13.0328,12.015,13.3691
"3630",68,2010-03-08,12.8734,12.0126,13.368
"3631",69,2010-03-09,12.207,12.011,13.3634
"3632",70,2010-03-10,11.85323529,12.01,13.3576
"3633",71,2010-03-11,12.03842105,12.0084,13.3512
"3634",72,2010-03-12,12.35705,12.0057,13.3431
"3635",73,2010-03-13,12.3136,12.0007,13.3346
"3636",74,2010-03-14,11.89290476,11.9943,13.3252
"3637",75,2010-03-15,12.458,11.9864,13.3124
"3638",76,2010-03-16,12.30352941,11.9763,13.298
"3639",77,2010-03-17,12.11808333,11.9639,13.282
"3640",78,2010-03-18,12.42735714,11.9504,13.2661
"3641",79,2010-03-19,12.9850625,11.9354,13.2503
"3642",80,2010-03-20,13.26311765,11.9185,13.2335
"3643",81,2010-03-21,13.1295,11.9005,13.2156
"3644",82,2010-03-22,12.41194118,11.8813,13.1955
"3645",83,2010-03-23,11.83285714,11.8609,13.1738
"3646",84,2010-03-24,12.08442105,11.8401,13.1479
"3647",85,2010-03-25,12.68182609,11.8186,13.1214
"3648",86,2010-03-26,12.18155556,11.7956,13.0948
"3649",87,2010-03-27,12.34364286,11.7725,13.0707
"3650",88,2010-03-28,12.62256667,11.7503,13.0468
"3651",89,2010-03-29,12.73344828,11.729,13.0229
"3652",90,2010-03-30,12.79411538,11.708,12.998
"3653",91,2010-03-31,12.24956,11.6873,12.9741
"3654",92,2010-04-01,12.49233333,11.6655,12.9484
"3655",93,2010-04-02,12.44041176,11.6434,12.9235
"3656",94,2010-04-03,12.2251875,11.6221,12.8996
"3657",95,2010-04-04,11.85364286,11.6021,12.8795
"3658",96,2010-04-05,12.1039375,11.5837,12.8636
"3659",97,2010-04-06,12.11,11.5672,12.8489
"3660",98,2010-04-07,11.722,11.5516,12.8321
"3661",99,2010-04-08,NA,11.5357,12.8156
"3662",100,2010-04-09,12.013,11.5185,12.8025
"3663",101,2010-04-10,12.3525,11.5013,12.7943
"3664",102,2010-04-11,12.69881818,11.4853,12.7834
"3665",103,2010-04-12,12.859,11.4705,12.7742
"3666",104,2010-04-13,12.3622,11.4582,12.7686
"3667",105,2010-04-14,12.449,11.4479,12.764
"3668",106,2010-04-15,12.3234,11.4389,12.7625
"3669",107,2010-04-16,12.34947059,11.4323,12.7633
"3670",108,2010-04-17,12.19605556,11.4288,12.7671
"3671",109,2010-04-18,12.29741176,11.4289,12.7723
"3672",110,2010-04-19,12.654,11.4325,12.7796
"3673",111,2010-04-20,12.69026667,11.4393,12.7872
"3674",112,2010-04-21,11.528,11.4483,12.7956
"3675",113,2010-04-22,11.12161111,11.4593,12.8064
"3676",114,2010-04-23,12.06236842,11.4735,12.82
"3677",115,2010-04-24,12.21142105,11.4891,12.8338
"3678",116,2010-04-25,12.87709091,11.5065,12.8491
"3679",117,2010-04-26,12.726125,11.5258,12.8643
"3680",118,2010-04-27,12.36532,11.546,12.8799
"3681",119,2010-04-28,11.84228,11.5659,12.8936
"3682",120,2010-04-29,11.05386957,11.5852,12.9092
"3683",121,2010-04-30,10.53666667,11.6044,12.923
"3684",122,2010-05-01,10.61576471,11.624,12.9388
"3685",123,2010-05-02,10.58085714,11.6447,12.9613
"3686",124,2010-05-03,10.0727,11.6653,12.9844
"3687",125,2010-05-04,10.7483,11.6851,13.007
"3688",126,2010-05-05,NA,11.7044,13.0276
"3689",127,2010-05-06,NA,11.7235,13.045
"3690",128,2010-05-07,11.6735,11.7434,13.066
"3691",129,2010-05-08,12.9508,11.7649,13.0906
"3692",130,2010-05-09,13.64615385,11.789,13.1171
"3693",131,2010-05-10,11.6056,11.8145,13.1436
"3694",132,2010-05-11,10.54194444,11.8406,13.1681
"3695",133,2010-05-12,11.10784211,11.868,13.2022
"3696",134,2010-05-13,11.77535,11.8959,13.235
"3697",135,2010-05-14,12.02755,11.9255,13.266
"3698",136,2010-05-15,11.6492,11.9566,13.2986
"3699",137,2010-05-16,11.267,11.9894,13.3313
"3700",138,2010-05-17,11.61317647,12.0223,13.3638
"3701",139,2010-05-18,11.951375,12.054,13.3941
"3702",140,2010-05-19,11.40595238,12.0838,13.4229
"3703",141,2010-05-20,11.40109524,12.1115,13.4486
"3704",142,2010-05-21,12.06473333,12.1396,13.4758
"3705",143,2010-05-22,11.10435294,12.1675,13.5025
"3706",144,2010-05-23,10.77,12.195,13.5286
"3707",145,2010-05-24,11.2167,12.2235,13.5552
"3708",146,2010-05-25,11.59266667,12.2521,13.5834
"3709",147,2010-05-26,13.006,12.2806,13.6087
"3710",148,2010-05-27,12.83479167,12.3105,13.6383
"3711",149,2010-05-28,13.06773913,12.342,13.6661
"3712",150,2010-05-29,12.74704545,12.3764,13.7007
"3713",151,2010-05-30,12.02423529,12.4134,13.7409
"3714",152,2010-05-31,11.72864286,12.4518,13.7828
"3715",153,2010-06-01,11.98528571,12.4907,13.8242
"3716",154,2010-06-02,10.69257143,12.5312,13.868
"3717",155,2010-06-03,13.365,12.574,13.9114
"3718",156,2010-06-04,12.7771,12.619,13.9575
"3719",157,2010-06-05,12.81653846,12.665,14.0027
"3720",158,2010-06-06,14.2714375,12.711,14.048
"3721",159,2010-06-07,13.47177778,12.7551,14.0893
"3722",160,2010-06-08,14.07545,12.7979,14.1301
"3723",161,2010-06-09,13.77685714,12.8386,14.1699
"3724",162,2010-06-10,11.0113913,12.8797,14.2094
"3725",163,2010-06-11,10.82958333,12.9224,14.2492
"3726",164,2010-06-12,11.75008696,12.9665,14.2849
"3727",165,2010-06-13,14.40873077,13.0127,14.3232
"3728",166,2010-06-14,12.97803571,13.0582,14.3623
"3729",167,2010-06-15,12.13657692,13.1016,14.3983
"3730",168,2010-06-16,12.12583333,13.1444,14.4344
"3731",169,2010-06-17,12.02115385,13.188,14.4712
"3732",170,2010-06-18,13.144,13.2324,14.5088
"3733",171,2010-06-19,11.99763158,13.2774,14.549
"3734",172,2010-06-20,11.05919048,13.3232,14.5929
"3735",173,2010-06-21,12.72895455,13.3688,14.6402
"3736",174,2010-06-22,13.61156522,13.415,14.6887
"3737",175,2010-06-23,13.64926087,13.4615,14.7374
"3738",176,2010-06-24,13.65369565,13.5035,14.781
"3739",177,2010-06-25,11.87251724,13.5437,14.8216
"3740",178,2010-06-26,11.28460714,13.5839,14.8667
"3741",179,2010-06-27,12.06092308,13.6234,14.9075
"3742",180,2010-06-28,13.88965217,13.662,14.9538
"3743",181,2010-06-29,13.71525,13.6991,14.9992
"3744",182,2010-06-30,13.22284615,13.7346,15.0387
"3745",183,2010-07-01,12.79264286,13.7694,15.0821
"3746",184,2010-07-02,14.30933333,13.8037,15.1232
"3747",185,2010-07-03,13.5704,13.8362,15.1575
"3748",186,2010-07-04,13.46670588,13.8664,15.1901
"3749",187,2010-07-05,13.50475,13.8965,15.2221
"3750",188,2010-07-06,12.57590909,13.927,15.2585
"3751",189,2010-07-07,13.68575,13.9578,15.2948
"3752",190,2010-07-08,14.37148,13.9891,15.3355
"3753",191,2010-07-09,14.45188,14.0204,15.376
"3754",192,2010-07-10,13.9027037,14.0521,15.415
"3755",193,2010-07-11,14.92412903,14.0834,15.4512
"3756",194,2010-07-12,14.79796774,14.1139,15.4853
"3757",195,2010-07-13,14.5485,14.1409,15.5112
"3758",196,2010-07-14,13.92767857,14.1652,15.5341
"3759",197,2010-07-15,14.16192308,14.1888,15.5566
"3760",198,2010-07-16,14.25055172,14.2131,15.5834
"3761",199,2010-07-17,14.01875,14.2366,15.6103
"3762",200,2010-07-18,13.70627273,14.2577,15.6328
"3763",201,2010-07-19,14.860125,14.2775,15.6454
"3764",202,2010-07-20,13.9612,14.2962,15.655
"3765",203,2010-07-21,14.35216,14.3151,15.662
"3766",204,2010-07-22,13.75795833,14.3341,15.6706
"3767",205,2010-07-23,14.54331034,14.3524,15.6852
"3768",206,2010-07-24,14.0346129,14.3711,15.7077
"3769",207,2010-07-25,12.63024138,14.3917,15.7362
"3770",208,2010-07-26,12.78272,14.4141,15.7674
"3771",209,2010-07-27,14.62109091,14.4365,15.7951
"3772",210,2010-07-28,15.03171429,14.4586,15.8229
"3773",211,2010-07-29,15.0778,14.4808,15.8449
"3774",212,2010-07-30,14.3382,14.5022,15.863
"3775",213,2010-07-31,15.0338,14.5232,15.8795
"3776",214,2010-08-01,14.47444444,14.5429,15.8921
"3777",215,2010-08-02,15.4112,14.5599,15.9029
"3778",216,2010-08-03,14.05886957,14.5749,15.9129
"3779",217,2010-08-04,14.3062,14.5888,15.9176
"3780",218,2010-08-05,13.96361538,14.6007,15.92
"3781",219,2010-08-06,13.14296154,14.6101,15.916
"3782",220,2010-08-07,13.50941667,14.618,15.9088
"3783",221,2010-08-08,14.38446875,14.6244,15.8993
"3784",222,2010-08-09,13.53724242,14.6292,15.8906
"3785",223,2010-08-10,14.98551613,14.6335,15.8835
"3786",224,2010-08-11,14.20963333,14.6369,15.8794
"3787",225,2010-08-12,14.13941379,14.6392,15.8772
"3788",226,2010-08-13,14.25396296,14.6431,15.8809
"3789",227,2010-08-14,14.07068966,14.6479,15.8893
"3790",228,2010-08-15,14.02459091,14.6515,15.8975
"3791",229,2010-08-16,13.50554167,14.6538,15.9049
"3792",230,2010-08-17,15.0235,14.6557,15.9123
"3793",231,2010-08-18,15.696125,14.6571,15.9242
"3794",232,2010-08-19,14.345375,14.6578,15.9427
"3795",233,2010-08-20,13.69786667,14.6583,15.9615
"3796",234,2010-08-21,12.57376667,14.6574,15.9773
"3797",235,2010-08-22,12.47944828,14.6556,15.99
"3798",236,2010-08-23,13.50755556,14.6535,15.9932
"3799",237,2010-08-24,12.89076,14.6493,15.9885
"3800",238,2010-08-25,13.66695455,14.6441,15.9796
"3801",239,2010-08-26,13.96895,14.6377,15.9681
"3802",240,2010-08-27,13.9470625,14.6294,15.955
"3803",241,2010-08-28,12.2973125,14.6185,15.9389
"3804",242,2010-08-29,12.40588889,14.6056,15.9227
"3805",243,2010-08-30,13.1482,14.5912,15.9055
"3806",244,2010-08-31,13.07604348,14.5758,15.8883
"3807",245,2010-09-01,13.93,14.5598,15.8694
"3808",246,2010-09-02,13.997625,14.5433,15.8517
"3809",247,2010-09-03,15.106875,14.5258,15.8262
"3810",248,2010-09-04,13.39430435,14.5076,15.8059
"3811",249,2010-09-05,13.55093548,14.488,15.7863
"3812",250,2010-09-06,14.46865625,14.4682,15.7686
"3813",251,2010-09-07,14.76906061,14.4479,15.7508
"3814",252,2010-09-08,14.44883871,14.4277,15.7298
"3815",253,2010-09-09,12.69582759,14.4076,15.7076
"3816",254,2010-09-10,12.60944828,14.3872,15.6842
"3817",255,2010-09-11,12.9722963,14.3669,15.6608
"3818",256,2010-09-12,13.84257143,14.3454,15.6371
"3819",257,2010-09-13,14.52113043,14.3219,15.6133
"3820",258,2010-09-14,14.38791304,14.2976,15.5872
"3821",259,2010-09-15,13.97254545,14.2726,15.5597
"3822",260,2010-09-16,15.287,14.2469,15.529
"3823",261,2010-09-17,14.60111538,14.2206,15.4952
"3824",262,2010-09-18,14.03425926,14.1948,15.4595
"3825",263,2010-09-19,14.51269231,14.1687,15.4269
"3826",264,2010-09-20,13.84584,14.1419,15.3957
"3827",265,2010-09-21,12.72616667,14.1138,15.3663
"3828",266,2010-09-22,11.92017391,14.083,15.3325
"3829",267,2010-09-23,11.41731818,14.051,15.2982
"3830",268,2010-09-24,11.85442105,14.0186,15.2616
"3831",269,2010-09-25,12.05852941,13.9846,15.2229
"3832",270,2010-09-26,11.73731579,13.9503,15.1843
"3833",271,2010-09-27,11.87235,13.9172,15.1464
"3834",272,2010-09-28,11.96009091,13.8863,15.1116
"3835",273,2010-09-29,12.32279167,13.8565,15.0781
"3836",274,2010-09-30,13.60166667,13.8279,15.0408
"3837",275,2010-10-01,12.63957143,13.7992,15.001
"3838",276,2010-10-02,12.96113636,13.7711,14.9617
"3839",277,2010-10-03,13.188,13.7456,14.9232
"3840",278,2010-10-04,12.2202069,13.7226,14.8929
"3841",279,2010-10-05,11.8857,13.7018,14.866
"3842",280,2010-10-06,13.25945161,13.6836,14.8402
"3843",281,2010-10-07,13.2111875,13.6662,14.8154
"3844",282,2010-10-08,13.3445,13.6487,14.7939
"3845",283,2010-10-09,13.0182,13.6294,14.7711
"3846",284,2010-10-10,12.88006667,13.6087,14.748
"3847",285,2010-10-11,13.29325806,13.5869,14.7251
"3848",286,2010-10-12,13.61578571,13.5657,14.7023
"3849",287,2010-10-13,14.4253913,13.5461,14.6791
"3850",288,2010-10-14,14.01234783,13.5274,14.6559
"3851",289,2010-10-15,13.66795,13.5082,14.6317
"3852",290,2010-10-16,14.10161111,13.4892,14.6075
"3853",291,2010-10-17,13.7736875,13.4706,14.5842
"3854",292,2010-10-18,13.742,13.452,14.564
"3855",293,2010-10-19,13.61285714,13.4341,14.544
"3856",294,2010-10-20,13.582,13.4179,14.5239
"3857",295,2010-10-21,13.55205882,13.4031,14.5027
"3858",296,2010-10-22,13.894,13.3902,14.483
"3859",297,2010-10-23,14.12363158,13.3793,14.4657
"3860",298,2010-10-24,14.22540909,13.3684,14.4511
"3861",299,2010-10-25,14.3546087,13.358,14.438
"3862",300,2010-10-26,13.92129167,13.3492,14.4271
"3863",301,2010-10-27,14.41308,13.3408,14.4174
"3864",302,2010-10-28,14.74825,13.3322,14.4112
"3865",303,2010-10-29,14.28235,13.3231,14.405
"3866",304,2010-10-30,14.30017391,13.3128,14.3974
"3867",305,2010-10-31,14.368,13.3017,14.3945
"3868",306,2010-11-01,14.03769565,13.2903,14.3942
"3869",307,2010-11-02,13.88292308,13.2779,14.3938
"3870",308,2010-11-03,13.65396429,13.2635,14.3927
"3871",309,2010-11-04,13.80567742,13.2477,14.3912
"3872",310,2010-11-05,14.04657576,13.2293,14.3859
"3873",311,2010-11-06,13.9573871,13.2084,14.3801
"3874",312,2010-11-07,13.8812,13.186,14.3737
"3875",313,2010-11-08,13.8279375,13.1624,14.3626
"3876",314,2010-11-09,13.37558824,13.1394,14.3501
"3877",315,2010-11-10,14.0431875,13.1171,14.3322
"3878",316,2010-11-11,13.227,13.0945,14.3103
"3879",317,2010-11-12,13.23665,13.0706,14.2854
"3880",318,2010-11-13,12.03945455,13.0452,14.2586
"3881",319,2010-11-14,12.51938462,13.0187,14.2286
"3882",320,2010-11-15,12.72464286,12.9922,14.1963
"3883",321,2010-11-16,12.70141176,12.9663,14.169
"3884",322,2010-11-17,12.207,12.9408,14.1425
"3885",323,2010-11-18,12.5988,12.9149,14.116
"3886",324,2010-11-19,12.84190476,12.8884,14.0908
"3887",325,2010-11-20,12.71640909,12.8613,14.0655
"3888",326,2010-11-21,12.3485,12.8337,14.0403
"3889",327,2010-11-22,12.31803846,12.8057,14.0164
"3890",328,2010-11-23,12.7255,12.778,13.9916
"3891",329,2010-11-24,11.982125,12.7514,13.9699
"3892",330,2010-11-25,11.67775758,12.7255,13.949
"3893",331,2010-11-26,11.76309375,12.6997,13.9278
"3894",332,2010-11-27,11.55614815,12.6741,13.907
"3895",333,2010-11-28,11.41944444,12.6481,13.8808
"3896",334,2010-11-29,11.09544444,12.6226,13.8502
"3897",335,2010-11-30,10.895,12.5981,13.8185
"3898",336,2010-12-01,10.71561905,12.5735,13.7867
"3899",337,2010-12-02,11.19826087,12.5496,13.7538
"3900",338,2010-12-03,11.33667742,12.5268,13.7201
"3901",339,2010-12-04,11.37528571,12.5046,13.6854
"3902",340,2010-12-05,11.491625,12.4826,13.6464
"3903",341,2010-12-06,11.66021212,12.4617,13.606
"3904",342,2010-12-07,11.81861765,12.4415,13.5653
"3905",343,2010-12-08,11.74197059,12.4218,13.5229
"3906",344,2010-12-09,12.034125,12.4029,13.484
"3907",345,2010-12-10,12.29242308,12.3846,13.4469
"3908",346,2010-12-11,12.31208333,12.3671,13.4157
"3909",347,2010-12-12,12.19207692,12.3506,13.3886
"3910",348,2010-12-13,12.41373333,12.3348,13.3639
"3911",349,2010-12-14,12.32555556,12.3191,13.3395
"3912",350,2010-12-15,12.56005,12.3042,13.3182
"3913",351,2010-12-16,12.10118182,12.2897,13.2996
"3914",352,2010-12-17,12.24495652,12.275,13.2764
"3915",353,2010-12-18,12.72225,12.2605,13.2525
"3916",354,2010-12-19,12.84167857,12.2474,13.2303
"3917",355,2010-12-20,12.48203125,12.2354,13.2092
"3918",356,2010-12-21,12.3039697,12.2237,13.1891
"3919",357,2010-12-22,12.48251515,12.2119,13.1705
"3920",358,2010-12-23,12.63867647,12.2004,13.151
"3921",359,2010-12-24,12.57361765,12.1886,13.1316
"3922",360,2010-12-25,12.35719355,12.1767,13.1101
"3923",361,2010-12-26,12.84919231,12.1647,13.0891
"3924",362,2010-12-27,12.29889474,12.1525,13.0696
"3925",363,2010-12-28,12.07766667,12.14,13.051
"3926",364,2010-12-29,12.07626087,12.1277,13.0349
"3927",365,2010-12-30,11.46204,12.1151,13.0235
"3928",366,2010-12-31,11.6832,12.1024,13.0133
"3929",1,2011-01-01,11.87991429,12.0905,13.0033
"3930",2,2011-01-02,12.02377778,12.0793,12.9941
"3931",3,2011-01-03,11.955375,12.0687,12.9855
"3932",4,2011-01-04,11.88559375,12.0591,12.9803
"3933",5,2011-01-05,11.96421875,12.0506,12.9811
"3934",6,2011-01-06,12.04610345,12.0434,12.9852
"3935",7,2011-01-07,12.25111538,12.0377,12.9918
"3936",8,2011-01-08,12.03316667,12.034,13.0008
"3937",9,2011-01-09,11.55038462,12.0321,13.011
"3938",10,2011-01-10,11.32066667,12.0314,13.0236
"3939",11,2011-01-11,11.17311765,12.0312,13.0368
"3940",12,2011-01-12,11.4019,12.0312,13.0503
"3941",13,2011-01-13,11.47257143,12.0311,13.0636
"3942",14,2011-01-14,11.65733333,12.0314,13.0774
"3943",15,2011-01-15,11.78408,12.0319,13.0898
"3944",16,2011-01-16,11.82646154,12.0327,13.0996
"3945",17,2011-01-17,11.903875,12.0336,13.1059
"3946",18,2011-01-18,11.81044118,12.0344,13.1121
"3947",19,2011-01-19,11.7491875,12.0345,13.1165
"3948",20,2011-01-20,11.68534375,12.0336,13.1187
"3949",21,2011-01-21,12.1065,12.0322,13.1197
"3950",22,2011-01-22,12.16236364,12.0309,13.1188
"3951",23,2011-01-23,12.149,12.0298,13.1175
"3952",24,2011-01-24,12.00704762,12.0291,13.1163
"3953",25,2011-01-25,11.67835,12.0282,13.1153
"3954",26,2011-01-26,11.62940909,12.0273,13.1146
"3955",27,2011-01-27,11.79879167,12.0267,13.1131
"3956",28,2011-01-28,12.02464,12.0267,13.1128
"3957",29,2011-01-29,11.55141379,12.0273,13.1139
"3958",30,2011-01-30,11.83663636,12.0279,13.1152
"3959",31,2011-01-31,11.48390909,12.0285,13.1183
"3960",32,2011-02-01,11.782625,12.0289,13.1209
"3961",33,2011-02-02,11.82875862,12.0291,13.1244
"3962",34,2011-02-03,12.03059259,12.0289,13.13
"3963",35,2011-02-04,12.03876923,12.0282,13.1347
"3964",36,2011-02-05,12.23995652,12.0277,13.1385
"3965",37,2011-02-06,12.32455556,12.0272,13.1417
"3966",38,2011-02-07,11.93092308,12.0258,13.1431
"3967",39,2011-02-08,11.6766,12.0231,13.1442
"3968",40,2011-02-09,10.87482353,12.0194,13.1452
"3969",41,2011-02-10,10.87173684,12.0155,13.1462
"3970",42,2011-02-11,10.91259091,12.0119,13.1472
"3971",43,2011-02-12,10.9563913,12.0091,13.1482
"3972",44,2011-02-13,11.04929167,12.0073,13.1502
"3973",45,2011-02-14,11.431,12.0067,13.1525
"3974",46,2011-02-15,11.76213793,12.0069,13.1567
"3975",47,2011-02-16,11.74321875,12.007,13.1633
"3976",48,2011-02-17,11.54857576,12.0073,13.173
"3977",49,2011-02-18,11.34622581,12.008,13.1828
"3978",50,2011-02-19,11.27716129,12.0088,13.1924
"3979",51,2011-02-20,11.68916667,12.0103,13.2025
"3980",52,2011-02-21,11.8857037,12.0124,13.2141
"3981",53,2011-02-22,11.41483333,12.015,13.23
"3982",54,2011-02-23,11.53877778,12.0171,13.2468
"3983",55,2011-02-24,11.48642857,12.0188,13.2634
"3984",56,2011-02-25,11.89491304,12.02,13.279
"3985",57,2011-02-26,11.36927273,12.0208,13.2936
"3986",58,2011-02-27,11.18566667,12.0207,13.3076
"3987",59,2011-02-28,11.27785714,12.0199,13.3202
"3988",61,2011-03-01,11.44151852,12.0195,13.3424
"3989",62,2011-03-02,11.8675,12.0203,13.3516
"3990",63,2011-03-03,12.31524,12.0203,13.3593
"3991",64,2011-03-04,12.43068182,12.0195,13.3644
"3992",65,2011-03-05,12.77195,12.0183,13.368
"3993",66,2011-03-06,12.346,12.017,13.3696
"3994",67,2011-03-07,11.71391667,12.015,13.3691
"3995",68,2011-03-08,11.41607692,12.0126,13.368
"3996",69,2011-03-09,11.50853333,12.011,13.3634
"3997",70,2011-03-10,11.819,12.01,13.3576
"3998",71,2011-03-11,12.2494375,12.0084,13.3512
"3999",72,2011-03-12,11.59947368,12.0057,13.3431
"4000",73,2011-03-13,11.86494737,12.0007,13.3346
"4001",74,2011-03-14,12.207,11.9943,13.3252
"4002",75,2011-03-15,12.08844444,11.9864,13.3124
"4003",76,2011-03-16,12.00553846,11.9763,13.298
"4004",77,2011-03-17,11.29853571,11.9639,13.282
"4005",78,2011-03-18,11.59913333,11.9504,13.2661
"4006",79,2011-03-19,11.7802,11.9354,13.2503
"4007",80,2011-03-20,12.30714286,11.9185,13.2335
"4008",81,2011-03-21,12.28228571,11.9005,13.2156
"4009",82,2011-03-22,12.10172,11.8813,13.1955
"4010",83,2011-03-23,11.92170588,11.8609,13.1738
"4011",84,2011-03-24,12.04723529,11.8401,13.1479
"4012",85,2011-03-25,11.819,11.8186,13.1214
"4013",86,2011-03-26,12.401,11.7956,13.0948
"4014",87,2011-03-27,11.7280625,11.7725,13.0707
"4015",88,2011-03-28,12.1294,11.7503,13.0468
"4016",89,2011-03-29,12.00278947,11.729,13.0229
"4017",90,2011-03-30,12.18368421,11.708,12.998
"4018",91,2011-03-31,13.13355556,11.6873,12.9741
"4019",92,2011-04-01,12.77411765,11.6655,12.9484
"4020",93,2011-04-02,11.45308333,11.6434,12.9235
"4021",94,2011-04-03,11.33046154,11.6221,12.8996
"4022",95,2011-04-04,11.59061538,11.6021,12.8795
"4023",96,2011-04-05,11.13335714,11.5837,12.8636
"4024",97,2011-04-06,10.27314286,11.5672,12.8489
"4025",98,2011-04-07,9.8458,11.5516,12.8321
"4026",99,2011-04-08,9.762285714,11.5357,12.8156
"4027",100,2011-04-09,10.04115385,11.5185,12.8025
"4028",101,2011-04-10,10.067,11.5013,12.7943
"4029",102,2011-04-11,9.920076923,11.4853,12.7834
"4030",103,2011-04-12,9.5682,11.4705,12.7742
"4031",104,2011-04-13,10.05866667,11.4582,12.7686
"4032",105,2011-04-14,10.15654545,11.4479,12.764
"4033",106,2011-04-15,10.84836,11.4389,12.7625
"4034",107,2011-04-16,11.43228571,11.4323,12.7633
"4035",108,2011-04-17,11.54389655,11.4288,12.7671
"4036",109,2011-04-18,12.11134615,11.4289,12.7723
"4037",110,2011-04-19,11.91207692,11.4325,12.7796
"4038",111,2011-04-20,10.86933333,11.4393,12.7872
"4039",112,2011-04-21,10.55826316,11.4483,12.7956
"4040",113,2011-04-22,9.6438,11.4593,12.8064
"4041",114,2011-04-23,10.17864286,11.4735,12.82
"4042",115,2011-04-24,11.90025,11.4891,12.8338
"4043",116,2011-04-25,11.94883333,11.5065,12.8491
"4044",117,2011-04-26,11.500625,11.5258,12.8643
"4045",118,2011-04-27,11.5256,11.546,12.8799
"4046",119,2011-04-28,11.52991667,11.5659,12.8936
"4047",120,2011-04-29,10.20923077,11.5852,12.9092
"4048",121,2011-04-30,10.33993333,11.6044,12.923
"4049",122,2011-05-01,11.2588125,11.624,12.9388
"4050",123,2011-05-02,10.90676471,11.6447,12.9613
"4051",124,2011-05-03,10.30088235,11.6653,12.9844
"4052",125,2011-05-04,11.0620625,11.6851,13.007
"4053",126,2011-05-05,10.64564706,11.7044,13.0276
"4054",127,2011-05-06,10.3844375,11.7235,13.045
"4055",128,2011-05-07,10.14053333,11.7434,13.066
"4056",129,2011-05-08,10.0013,11.7649,13.0906
"4057",130,2011-05-09,10.07691667,11.789,13.1171
"4058",131,2011-05-10,10.9431,11.8145,13.1436
"4059",132,2011-05-11,12.1485,11.8406,13.1681
"4060",133,2011-05-12,12.04153333,11.868,13.2022
"4061",134,2011-05-13,12.33461111,11.8959,13.235
"4062",135,2011-05-14,12.27389474,11.9255,13.266
"4063",136,2011-05-15,12.2241,11.9566,13.2986
"4064",137,2011-05-16,12.39607692,11.9894,13.3313
"4065",138,2011-05-17,12.53375,12.0223,13.3638
"4066",139,2011-05-18,11.84257692,12.054,13.3941
"4067",140,2011-05-19,11.27619231,12.0838,13.4229
"4068",141,2011-05-20,11.79978261,12.1115,13.4486
"4069",142,2011-05-21,11.98531579,12.1396,13.4758
"4070",143,2011-05-22,11.52638889,12.1675,13.5025
"4071",144,2011-05-23,11.54358333,12.195,13.5286
"4072",145,2011-05-24,11.33909091,12.2235,13.5552
"4073",146,2011-05-25,12.39866667,12.2521,13.5834
"4074",147,2011-05-26,13.15885714,12.2806,13.6087
"4075",148,2011-05-27,13.2416875,12.3105,13.6383
"4076",149,2011-05-28,10.81658824,12.342,13.6661
"4077",150,2011-05-29,10.54957895,12.3764,13.7007
"4078",151,2011-05-30,10.41173684,12.4134,13.7409
"4079",152,2011-05-31,11.80466667,12.4518,13.7828
"4080",153,2011-06-01,13.26336364,12.4907,13.8242
"4081",154,2011-06-02,13.18026316,12.5312,13.868
"4082",155,2011-06-03,12.90826316,12.574,13.9114
"4083",156,2011-06-04,12.73923529,12.619,13.9575
"4084",157,2011-06-05,13.00073684,12.665,14.0027
"4085",158,2011-06-06,13.85361111,12.711,14.048
"4086",159,2011-06-07,13.74069565,12.7551,14.0893
"4087",160,2011-06-08,13.795,12.7979,14.1301
"4088",161,2011-06-09,13.57094444,12.8386,14.1699
"4089",162,2011-06-10,13.26405,12.8797,14.2094
"4090",163,2011-06-11,12.67240909,12.9224,14.2492
"4091",164,2011-06-12,11.9996087,12.9665,14.2849
"4092",165,2011-06-13,13.19234783,13.0127,14.3232
"4093",166,2011-06-14,12.79939286,13.0582,14.3623
"4094",167,2011-06-15,13.23145161,13.1016,14.3983
"4095",168,2011-06-16,13.58628571,13.1444,14.4344
"4096",169,2011-06-17,13.96192857,13.188,14.4712
"4097",170,2011-06-18,13.82844,13.2324,14.5088
"4098",171,2011-06-19,13.8715,13.2774,14.549
"4099",172,2011-06-20,13.86331579,13.3232,14.5929
"4100",173,2011-06-21,15.111,13.3688,14.6402
"4101",174,2011-06-22,14.96835714,13.415,14.6887
"4102",175,2011-06-23,13.96,13.4615,14.7374
"4103",176,2011-06-24,13.70523529,13.5035,14.781
"4104",177,2011-06-25,13.38215789,13.5437,14.8216
"4105",178,2011-06-26,12.81840909,13.5839,14.8667
"4106",179,2011-06-27,13.29708696,13.6234,14.9075
"4107",180,2011-06-28,13.12152174,13.662,14.9538
"4108",181,2011-06-29,13.12921739,13.6991,14.9992
"4109",182,2011-06-30,12.68686957,13.7346,15.0387
"4110",183,2011-07-01,12.17019231,13.7694,15.0821
"4111",184,2011-07-02,11.74411538,13.8037,15.1232
"4112",185,2011-07-03,12.46533333,13.8362,15.1575
"4113",186,2011-07-04,13.11392,13.8664,15.1901
"4114",187,2011-07-05,14.26430435,13.8965,15.2221
"4115",188,2011-07-06,15.9295,13.927,15.2585
"4116",189,2011-07-07,14.89684211,13.9578,15.2948
"4117",190,2011-07-08,14.1857619,13.9891,15.3355
"4118",191,2011-07-09,13.40630435,14.0204,15.376
"4119",192,2011-07-10,13.81424,14.0521,15.415
"4120",193,2011-07-11,12.55252,14.0834,15.4512
"4121",194,2011-07-12,12.00168,14.1139,15.4853
"4122",195,2011-07-13,11.95703125,14.1409,15.5112
"4123",196,2011-07-14,12.1614375,14.1652,15.5341
"4124",197,2011-07-15,12.2028,14.1888,15.5566
"4125",198,2011-07-16,13.42760714,14.2131,15.5834
"4126",199,2011-07-17,14.33653846,14.2366,15.6103
"4127",200,2011-07-18,13.9802381,14.2577,15.6328
"4128",201,2011-07-19,14.03488889,14.2775,15.6454
"4129",202,2011-07-20,14.987,14.2962,15.655
"4130",203,2011-07-21,14.5694375,14.3151,15.662
"4131",204,2011-07-22,16.29621053,14.3341,15.6706
"4132",205,2011-07-23,16.58095,14.3524,15.6852
"4133",206,2011-07-24,17.26140909,14.3711,15.7077
"4134",207,2011-07-25,14.41026087,14.3917,15.7362
"4135",208,2011-07-26,15.44495833,14.4141,15.7674
"4136",209,2011-07-27,15.44045833,14.4365,15.7951
"4137",210,2011-07-28,15.93769565,14.4586,15.8229
"4138",211,2011-07-29,15.02810345,14.4808,15.8449
"4139",212,2011-07-30,15.37041935,14.5022,15.863
"4140",213,2011-07-31,14.84634483,14.5232,15.8795
"4141",214,2011-08-01,15.23542857,14.5429,15.8921
"4142",215,2011-08-02,14.926,14.5599,15.9029
"4143",216,2011-08-03,14.42869231,14.5749,15.9129
"4144",217,2011-08-04,14.62451852,14.5888,15.9176
"4145",218,2011-08-05,14.54769565,14.6007,15.92
"4146",219,2011-08-06,14.83320833,14.6101,15.916
"4147",220,2011-08-07,14.61608,14.618,15.9088
"4148",221,2011-08-08,14.7386,14.6244,15.8993
"4149",222,2011-08-09,14.88366667,14.6292,15.8906
"4150",223,2011-08-10,14.41232258,14.6335,15.8835
"4151",224,2011-08-11,15.6030625,14.6369,15.8794
"4152",225,2011-08-12,13.98283871,14.6392,15.8772
"4153",226,2011-08-13,13.87582759,14.6431,15.8809
"4154",227,2011-08-14,14.31534615,14.6479,15.8893
"4155",228,2011-08-15,14.37745833,14.6515,15.8975
"4156",229,2011-08-16,14.45010526,14.6538,15.9049
"4157",230,2011-08-17,14.51064706,14.6557,15.9123
"4158",231,2011-08-18,14.68873333,14.6571,15.9242
"4159",232,2011-08-19,14.14288235,14.6578,15.9427
"4160",233,2011-08-20,13.58995,14.6583,15.9615
"4161",234,2011-08-21,14.8012381,14.6574,15.9773
"4162",235,2011-08-22,14.72168182,14.6556,15.99
"4163",236,2011-08-23,13.82845455,14.6535,15.9932
"4164",237,2011-08-24,14.02577273,14.6493,15.9885
"4165",238,2011-08-25,14.67331818,14.6441,15.9796
"4166",239,2011-08-26,14.19421429,14.6377,15.9681
"4167",240,2011-08-27,13.7377,14.6294,15.955
"4168",241,2011-08-28,13.52906452,14.6185,15.9389
"4169",242,2011-08-29,13.42917241,14.6056,15.9227
"4170",243,2011-08-30,13.61317857,14.5912,15.9055
"4171",244,2011-08-31,13.46362963,14.5758,15.8883
"4172",245,2011-09-01,14.04568966,14.5598,15.8694
"4173",246,2011-09-02,13.85610345,14.5433,15.8517
"4174",247,2011-09-03,14.29273913,14.5258,15.8262
"4175",248,2011-09-04,14.47008333,14.5076,15.8059
"4176",249,2011-09-05,14.26754167,14.488,15.7863
"4177",250,2011-09-06,13.99492857,14.4682,15.7686
"4178",251,2011-09-07,13.87706452,14.4479,15.7508
"4179",252,2011-09-08,14.09464516,14.4277,15.7298
"4180",253,2011-09-09,13.12245161,14.4076,15.7076
"4181",254,2011-09-10,13.16706897,14.3872,15.6842
"4182",255,2011-09-11,13.91751852,14.3669,15.6608
"4183",256,2011-09-12,13.57926923,14.3454,15.6371
"4184",257,2011-09-13,13.18909524,14.3219,15.6133
"4185",258,2011-09-14,14.4465,14.2976,15.5872
"4186",259,2011-09-15,14.10323529,14.2726,15.5597
"4187",260,2011-09-16,13.96005556,14.2469,15.529
"4188",261,2011-09-17,13.93852632,14.2206,15.4952
"4189",262,2011-09-18,15.15095,14.1948,15.4595
"4190",263,2011-09-19,15.51828571,14.1687,15.4269
"4191",264,2011-09-20,15.00875,14.1419,15.3957
"4192",265,2011-09-21,14.82133333,14.1138,15.3663
"4193",266,2011-09-22,14.41194444,14.083,15.3325
"4194",267,2011-09-23,14.52416,14.051,15.2982
"4195",268,2011-09-24,14.31924138,14.0186,15.2616
"4196",269,2011-09-25,14.24845161,13.9846,15.2229
"4197",270,2011-09-26,13.8043871,13.9503,15.1843
"4198",271,2011-09-27,13.53241935,13.9172,15.1464
"4199",272,2011-09-28,13.85355172,13.8863,15.1116
"4200",273,2011-09-29,14.49848276,13.8565,15.0781
"4201",274,2011-09-30,14.27148387,13.8279,15.0408
"4202",275,2011-10-01,14.7884375,13.7992,15.001
"4203",276,2011-10-02,15.20634483,13.7711,14.9617
"4204",277,2011-10-03,14.41362963,13.7456,14.9232
"4205",278,2011-10-04,14.87182143,13.7226,14.8929
"4206",279,2011-10-05,15.14207407,13.7018,14.866
"4207",280,2011-10-06,14.31614815,13.6836,14.8402
"4208",281,2011-10-07,15.01726923,13.6662,14.8154
"4209",282,2011-10-08,14.93475,13.6487,14.7939
"4210",283,2011-10-09,14.65595652,13.6294,14.7711
"4211",284,2011-10-10,14.49256522,13.6087,14.748
"4212",285,2011-10-11,14.67245455,13.5869,14.7251
"4213",286,2011-10-12,14.17847059,13.5657,14.7023
"4214",287,2011-10-13,13.58844444,13.5461,14.6791
"4215",288,2011-10-14,13.96536842,13.5274,14.6559
"4216",289,2011-10-15,14.33285714,13.5082,14.6317
"4217",290,2011-10-16,14.21390476,13.4892,14.6075
"4218",291,2011-10-17,14.74545455,13.4706,14.5842
"4219",292,2011-10-18,14.66415789,13.452,14.564
"4220",293,2011-10-19,14.83866667,13.4341,14.544
"4221",294,2011-10-20,14.22236364,13.4179,14.5239
"4222",295,2011-10-21,13.6101,13.4031,14.5027
"4223",296,2011-10-22,14.068375,13.3902,14.483
"4224",297,2011-10-23,14.356,13.3793,14.4657
"4225",298,2011-10-24,14.48844828,13.3684,14.4511
"4226",299,2011-10-25,13.475375,13.358,14.438
"4227",300,2011-10-26,12.69372727,13.3492,14.4271
"4228",301,2011-10-27,12.73890323,13.3408,14.4174
"4229",302,2011-10-28,13.0828125,13.3322,14.4112
"4230",303,2011-10-29,13.25245455,13.3231,14.405
"4231",304,2011-10-30,13.29883333,13.3128,14.3974
"4232",305,2011-10-31,13.03915152,13.3017,14.3945
"4233",306,2011-11-01,12.94310345,13.2903,14.3942
"4234",307,2011-11-02,12.80092,13.2779,14.3938
"4235",308,2011-11-03,12.54035714,13.2635,14.3927
"4236",309,2011-11-04,11.73446667,13.2477,14.3912
"4237",310,2011-11-05,11.4430625,13.2293,14.3859
"4238",311,2011-11-06,11.84723529,13.2084,14.3801
"4239",312,2011-11-07,11.60522222,13.186,14.3737
"4240",313,2011-11-08,11.51988889,13.1624,14.3626
"4241",314,2011-11-09,11.62442105,13.1394,14.3501
"4242",315,2011-11-10,11.73305,13.1171,14.3322
"4243",316,2011-11-11,12.18936364,13.0945,14.3103
"4244",317,2011-11-12,12.72104545,13.0706,14.2854
"4245",318,2011-11-13,12.40308696,13.0452,14.2586
"4246",319,2011-11-14,12.47522727,13.0187,14.2286
"4247",320,2011-11-15,12.41918182,12.9922,14.1963
"4248",321,2011-11-16,12.3493913,12.9663,14.169
"4249",322,2011-11-17,12.2327,12.9408,14.1425
"4250",323,2011-11-18,11.70261538,12.9149,14.116
"4251",324,2011-11-19,11.568,12.8884,14.0908
"4252",325,2011-11-20,12.31473684,12.8613,14.0655
"4253",326,2011-11-21,12.26875,12.8337,14.0403
"4254",327,2011-11-22,12.26667857,12.8057,14.0164
"4255",328,2011-11-23,12.37033333,12.778,13.9916
"4256",329,2011-11-24,12.38702857,12.7514,13.9699
"4257",330,2011-11-25,12.39630303,12.7255,13.949
"4258",331,2011-11-26,12.89682353,12.6997,13.9278
"4259",332,2011-11-27,12.95279412,12.6741,13.907
"4260",333,2011-11-28,12.72675,12.6481,13.8808
"4261",334,2011-11-29,12.69739394,12.6226,13.8502
"4262",335,2011-11-30,12.59542857,12.5981,13.8185
"4263",336,2011-12-01,11.840625,12.5735,13.7867
"4264",337,2011-12-02,11.3790625,12.5496,13.7538
"4265",338,2011-12-03,11.24970588,12.5268,13.7201
"4266",339,2011-12-04,11.37894737,12.5046,13.6854
"4267",340,2011-12-05,11.52585,12.4826,13.6464
"4268",341,2011-12-06,11.27847619,12.4617,13.606
"4269",342,2011-12-07,10.95031818,12.4415,13.5653
"4270",343,2011-12-08,10.93252174,12.4218,13.5229
"4271",344,2011-12-09,11.12007407,12.4029,13.484
"4272",345,2011-12-10,11.32475,12.3846,13.4469
"4273",346,2011-12-11,11.36827586,12.3671,13.4157
"4274",347,2011-12-12,11.43886207,12.3506,13.3886
"4275",348,2011-12-13,11.33622581,12.3348,13.3639
"4276",349,2011-12-14,11.36636667,12.3191,13.3395
"4277",350,2011-12-15,11.53217857,12.3042,13.3182
"4278",351,2011-12-16,11.79355556,12.2897,13.2996
"4279",352,2011-12-17,11.88677778,12.275,13.2764
"4280",353,2011-12-18,12.01585,12.2605,13.2525
"4281",354,2011-12-19,12.10236364,12.2474,13.2303
"4282",355,2011-12-20,11.88616667,12.2354,13.2092
"4283",356,2011-12-21,11.72272,12.2237,13.1891
"4284",357,2011-12-22,11.89865714,12.2119,13.1705
"4285",358,2011-12-23,11.64118919,12.2004,13.151
"4286",359,2011-12-24,11.80031429,12.1886,13.1316
"4287",360,2011-12-25,11.7192,12.1767,13.1101
"4288",361,2011-12-26,11.73014706,12.1647,13.0891
"4289",362,2011-12-27,11.73290323,12.1525,13.0696
"4290",363,2011-12-28,11.88693548,12.14,13.051
"4291",364,2011-12-29,11.96870833,12.1277,13.0349
"4292",365,2011-12-30,11.8363125,12.1151,13.0235
"4293",366,2011-12-31,11.78311765,12.1024,13.0133
"4294",1,2012-01-01,11.62331579,12.0905,13.0033
"4295",2,2012-01-02,12.02533333,12.0793,12.9941
"4296",3,2012-01-03,11.82381818,12.0687,12.9855
"4297",4,2012-01-04,11.66273913,12.0591,12.9803
"4298",5,2012-01-05,11.62020833,12.0506,12.9811
"4299",6,2012-01-06,11.42675,12.0434,12.9852
"4300",7,2012-01-07,11.29626667,12.0377,12.9918
"4301",8,2012-01-08,11.22553333,12.034,13.0008
"4302",9,2012-01-09,11.28073333,12.0321,13.011
"4303",10,2012-01-10,11.3059,12.0314,13.0236
"4304",11,2012-01-11,11.34028125,12.0312,13.0368
"4305",12,2012-01-12,11.50545161,12.0312,13.0503
"4306",13,2012-01-13,11.54538462,12.0311,13.0636
"4307",14,2012-01-14,11.91922222,12.0314,13.0774
"4308",15,2012-01-15,11.83055,12.0319,13.0898
"4309",16,2012-01-16,11.18418182,12.0327,13.0996
"4310",17,2012-01-17,10.46225,12.0336,13.1059
"4311",18,2012-01-18,10.3634,12.0344,13.1121
"4312",19,2012-01-19,10.99290323,12.0345,13.1165
"4313",20,2012-01-20,11.53202778,12.0336,13.1187
"4314",21,2012-01-21,11.85572973,12.0322,13.1197
"4315",22,2012-01-22,11.58869697,12.0309,13.1188
"4316",23,2012-01-23,11.93078125,12.0298,13.1175
"4317",24,2012-01-24,11.63493548,12.0291,13.1163
"4318",25,2012-01-25,11.73603448,12.0282,13.1153
"4319",26,2012-01-26,11.9576,12.0273,13.1146
"4320",27,2012-01-27,11.780125,12.0267,13.1131
"4321",28,2012-01-28,11.4733125,12.0267,13.1128
"4322",29,2012-01-29,11.39717647,12.0273,13.1139
"4323",30,2012-01-30,11.53515789,12.0279,13.1152
"4324",31,2012-01-31,11.39195,12.0285,13.1183
"4325",32,2012-02-01,11.37109091,12.0289,13.1209
"4326",33,2012-02-02,11.24404545,12.0291,13.1244
"4327",34,2012-02-03,11.3203913,12.0289,13.13
"4328",35,2012-02-04,11.42077273,12.0282,13.1347
"4329",36,2012-02-05,11.60396552,12.0277,13.1385
"4330",37,2012-02-06,11.774,12.0272,13.1417
"4331",38,2012-02-07,11.69762069,12.0258,13.1431
"4332",39,2012-02-08,11.82396552,12.0231,13.1442
"4333",40,2012-02-09,11.78458621,12.0194,13.1452
"4334",41,2012-02-10,12.00206897,12.0155,13.1462
"4335",42,2012-02-11,12.21404167,12.0119,13.1472
"4336",43,2012-02-12,11.70452941,12.0091,13.1482
"4337",44,2012-02-13,11.58894737,12.0073,13.1502
"4338",45,2012-02-14,11.26104348,12.0067,13.1525
"4339",46,2012-02-15,11.27975,12.0069,13.1567
"4340",47,2012-02-16,10.84516667,12.007,13.1633
"4341",48,2012-02-17,11.35103226,12.0073,13.173
"4342",49,2012-02-18,11.44603125,12.008,13.1828
"4343",50,2012-02-19,10.74409677,12.0088,13.1924
"4344",51,2012-02-20,10.80767742,12.0103,13.2025
"4345",52,2012-02-21,11.11377778,12.0124,13.2141
"4346",53,2012-02-22,11.31469231,12.015,13.23
"4347",54,2012-02-23,10.77947826,12.0171,13.2468
"4348",55,2012-02-24,10.87236842,12.0188,13.2634
"4349",56,2012-02-25,10.48892308,12.02,13.279
"4350",57,2012-02-26,9.480928571,12.0208,13.2936
"4351",58,2012-02-27,9.308,12.0207,13.3076
"4352",59,2012-02-28,9.1449375,12.0199,13.3202
"4353",60,2012-02-29,9.9495,12.0193,13.3315
"4354",61,2012-03-01,9.680333333,12.0195,13.3424
"4355",62,2012-03-02,9.912315789,12.0203,13.3516
"4356",63,2012-03-03,10.08333333,12.0203,13.3593
"4357",64,2012-03-04,9.9415,12.0195,13.3644
"4358",65,2012-03-05,10.19656,12.0183,13.368
"4359",66,2012-03-06,9.739571429,12.017,13.3696
"4360",67,2012-03-07,9.098310345,12.015,13.3691
"4361",68,2012-03-08,9.826740741,12.0126,13.368
"4362",69,2012-03-09,10.29371429,12.011,13.3634
"4363",70,2012-03-10,10.03217857,12.01,13.3576
"4364",71,2012-03-11,9.89616,12.0084,13.3512
"4365",72,2012-03-12,9.934588235,12.0057,13.3431
"4366",73,2012-03-13,10.47955556,12.0007,13.3346
"4367",74,2012-03-14,10.5456,11.9943,13.3252
"4368",75,2012-03-15,10.80490476,11.9864,13.3124
"4369",76,2012-03-16,11.21691667,11.9763,13.298
"4370",77,2012-03-17,10.864,11.9639,13.282
"4371",78,2012-03-18,10.24474074,11.9504,13.2661
"4372",79,2012-03-19,10.03746154,11.9354,13.2503
"4373",80,2012-03-20,10.82748,11.9185,13.2335
"4374",81,2012-03-21,11.2655,11.9005,13.2156
"4375",82,2012-03-22,11.0873,11.8813,13.1955
"4376",83,2012-03-23,10.74341176,11.8609,13.1738
"4377",84,2012-03-24,10.69853846,11.8401,13.1479
"4378",85,2012-03-25,10.70053846,11.8186,13.1214
"4379",86,2012-03-26,10.91069231,11.7956,13.0948
"4380",87,2012-03-27,11.22184615,11.7725,13.0707
"4381",88,2012-03-28,11.33958333,11.7503,13.0468
"4382",89,2012-03-29,11.37,11.729,13.0229
"4383",90,2012-03-30,11.5585,11.708,12.998
"4384",91,2012-03-31,11.6299,11.6873,12.9741
"4385",92,2012-04-01,11.388125,11.6655,12.9484
"4386",93,2012-04-02,10.5875625,11.6434,12.9235
"4387",94,2012-04-03,10.86009091,11.6221,12.8996
"4388",95,2012-04-04,10.68225,11.6021,12.8795
"4389",96,2012-04-05,10.06774074,11.5837,12.8636
"4390",97,2012-04-06,10.01662069,11.5672,12.8489
"4391",98,2012-04-07,10.23811538,11.5516,12.8321
"4392",99,2012-04-08,10.50561538,11.5357,12.8156
"4393",100,2012-04-09,10.91566667,11.5185,12.8025
"4394",101,2012-04-10,11.07784211,11.5013,12.7943
"4395",102,2012-04-11,11.112625,11.4853,12.7834
"4396",103,2012-04-12,11.86029412,11.4705,12.7742
"4397",104,2012-04-13,12.23995455,11.4582,12.7686
"4398",105,2012-04-14,10.88731818,11.4479,12.764
"4399",106,2012-04-15,11.04178947,11.4389,12.7625
"4400",107,2012-04-16,11.9215,11.4323,12.7633
"4401",108,2012-04-17,11.48576923,11.4288,12.7671
"4402",109,2012-04-18,11.36438462,11.4289,12.7723
"4403",110,2012-04-19,12.10478571,11.4325,12.7796
"4404",111,2012-04-20,12.02046667,11.4393,12.7872
"4405",112,2012-04-21,11.35046667,11.4483,12.7956
"4406",113,2012-04-22,12.14328571,11.4593,12.8064
"4407",114,2012-04-23,12.17407143,11.4735,12.82
"4408",115,2012-04-24,13.24530769,11.4891,12.8338
"4409",116,2012-04-25,13.38125,11.5065,12.8491
"4410",117,2012-04-26,13.0613,11.5258,12.8643
"4411",118,2012-04-27,10.1318,11.546,12.8799
"4412",119,2012-04-28,10.075,11.5659,12.8936
"4413",120,2012-04-29,NA,11.5852,12.9092
"4414",121,2012-04-30,13.256875,11.6044,12.923
"4415",122,2012-05-01,11.94523077,11.624,12.9388
"4416",123,2012-05-02,11.1463125,11.6447,12.9613
"4417",124,2012-05-03,12.09544444,11.6653,12.9844
"4418",125,2012-05-04,11.16625,11.6851,13.007
"4419",126,2012-05-05,10.47107407,11.7044,13.0276
"4420",127,2012-05-06,11.33333333,11.7235,13.045
"4421",128,2012-05-07,11.89581481,11.7434,13.066
"4422",129,2012-05-08,12.142,11.7649,13.0906
"4423",130,2012-05-09,11.82492308,11.789,13.1171
"4424",131,2012-05-10,11.04027273,11.8145,13.1436
"4425",132,2012-05-11,11.68266667,11.8406,13.1681
"4426",133,2012-05-12,13.00738095,11.868,13.2022
"4427",134,2012-05-13,13.24457143,11.8959,13.235
"4428",135,2012-05-14,12.69566667,11.9255,13.266
"4429",136,2012-05-15,12.767375,11.9566,13.2986
"4430",137,2012-05-16,12.693625,11.9894,13.3313
"4431",138,2012-05-17,12.12225,12.0223,13.3638
"4432",139,2012-05-18,11.33066667,12.054,13.3941
"4433",140,2012-05-19,11.4985,12.0838,13.4229
"4434",141,2012-05-20,11.82842105,12.1115,13.4486
"4435",142,2012-05-21,11.99333333,12.1396,13.4758
"4436",143,2012-05-22,11.8796875,12.1675,13.5025
"4437",144,2012-05-23,10.92153333,12.195,13.5286
"4438",145,2012-05-24,10.48592308,12.2235,13.5552
"4439",146,2012-05-25,10.16155556,12.2521,13.5834
"4440",147,2012-05-26,9.262375,12.2806,13.6087
"4441",148,2012-05-27,11.676625,12.3105,13.6383
"4442",149,2012-05-28,12.71641667,12.342,13.6661
"4443",150,2012-05-29,12.07853333,12.3764,13.7007
"4444",151,2012-05-30,11.8865,12.4134,13.7409
"4445",152,2012-05-31,12.29919048,12.4518,13.7828
"4446",153,2012-06-01,12.91440909,12.4907,13.8242
"4447",154,2012-06-02,12.51854545,12.5312,13.868
"4448",155,2012-06-03,12.26937931,12.574,13.9114
"4449",156,2012-06-04,12.50543333,12.619,13.9575
"4450",157,2012-06-05,11.0074,12.665,14.0027
"4451",158,2012-06-06,10.69453571,12.711,14.048
"4452",159,2012-06-07,11.41603704,12.7551,14.0893
"4453",160,2012-06-08,11.679625,12.7979,14.1301
"4454",161,2012-06-09,11.67608333,12.8386,14.1699
"4455",162,2012-06-10,13.46686667,12.8797,14.2094
"4456",163,2012-06-11,12.9601875,12.9224,14.2492
"4457",164,2012-06-12,13.65111111,12.9665,14.2849
"4458",165,2012-06-13,11.47505556,13.0127,14.3232
"4459",166,2012-06-14,12.81510526,13.0582,14.3623
"4460",167,2012-06-15,13.2589,13.1016,14.3983
"4461",168,2012-06-16,14.26925,13.1444,14.4344
"4462",169,2012-06-17,14.46366667,13.188,14.4712
"4463",170,2012-06-18,13.16280952,13.2324,14.5088
"4464",171,2012-06-19,13.24235,13.2774,14.549
"4465",172,2012-06-20,13.40511111,13.3232,14.5929
"4466",173,2012-06-21,12.910375,13.3688,14.6402
"4467",174,2012-06-22,12.783,13.415,14.6887
"4468",175,2012-06-23,12.611,13.4615,14.7374
"4469",176,2012-06-24,12.17315,13.5035,14.781
"4470",177,2012-06-25,13.09466667,13.5437,14.8216
"4471",178,2012-06-26,13.28088889,13.5839,14.8667
"4472",179,2012-06-27,13.8772,13.6234,14.9075
"4473",180,2012-06-28,13.96486364,13.662,14.9538
"4474",181,2012-06-29,14.96741667,13.6991,14.9992
"4475",182,2012-06-30,14.233125,13.7346,15.0387
"4476",183,2012-07-01,13.50052,13.7694,15.0821
"4477",184,2012-07-02,12.39053125,13.8037,15.1232
"4478",185,2012-07-03,12.809125,13.8362,15.1575
"4479",186,2012-07-04,14.47963333,13.8664,15.1901
"4480",187,2012-07-05,13.56641379,13.8965,15.2221
"4481",188,2012-07-06,12.976,13.927,15.2585
"4482",189,2012-07-07,13.33525,13.9578,15.2948
"4483",190,2012-07-08,13.25708,13.9891,15.3355
"4484",191,2012-07-09,14.17970588,14.0204,15.376
"4485",192,2012-07-10,13.67927778,14.0521,15.415
"4486",193,2012-07-11,14.49425,14.0834,15.4512
"4487",194,2012-07-12,13.74919048,14.1139,15.4853
"4488",195,2012-07-13,13.88372727,14.1409,15.5112
"4489",196,2012-07-14,13.28195455,14.1652,15.5341
"4490",197,2012-07-15,13.25369565,14.1888,15.5566
"4491",198,2012-07-16,14.65747826,14.2131,15.5834
"4492",199,2012-07-17,13.67986364,14.2366,15.6103
"4493",200,2012-07-18,13.91812,14.2577,15.6328
"4494",201,2012-07-19,13.3828,14.2775,15.6454
"4495",202,2012-07-20,13.29456,14.2962,15.655
"4496",203,2012-07-21,13.88092,14.3151,15.662
"4497",204,2012-07-22,14.404625,14.3341,15.6706
"4498",205,2012-07-23,14.87547826,14.3524,15.6852
"4499",206,2012-07-24,14.36126316,14.3711,15.7077
"4500",207,2012-07-25,15.4076,14.3917,15.7362
"4501",208,2012-07-26,15.22247826,14.4141,15.7674
"4502",209,2012-07-27,14.98076,14.4365,15.7951
"4503",210,2012-07-28,13.83665385,14.4586,15.8229
"4504",211,2012-07-29,13.3536,14.4808,15.8449
"4505",212,2012-07-30,14.15906452,14.5022,15.863
"4506",213,2012-07-31,14.0460303,14.5232,15.8795
"4507",214,2012-08-01,13.99948485,14.5429,15.8921
"4508",215,2012-08-02,14.07124138,14.5599,15.9029
"4509",216,2012-08-03,13.87182759,14.5749,15.9129
"4510",217,2012-08-04,13.077,14.5888,15.9176
"4511",218,2012-08-05,13.3913913,14.6007,15.92
"4512",219,2012-08-06,13.6013913,14.6101,15.916
"4513",220,2012-08-07,13.73364706,14.618,15.9088
"4514",221,2012-08-08,14.71927778,14.6244,15.8993
"4515",222,2012-08-09,14.6355,14.6292,15.8906
"4516",223,2012-08-10,14.79780952,14.6335,15.8835
"4517",224,2012-08-11,14.70818182,14.6369,15.8794
"4518",225,2012-08-12,13.93963636,14.6392,15.8772
"4519",226,2012-08-13,14.14659091,14.6431,15.8809
"4520",227,2012-08-14,13.51904762,14.6479,15.8893
"4521",228,2012-08-15,14.06969231,14.6515,15.8975
"4522",229,2012-08-16,13.62689286,14.6538,15.9049
"4523",230,2012-08-17,13.81407143,14.6557,15.9123
"4524",231,2012-08-18,14.29051852,14.6571,15.9242
"4525",232,2012-08-19,14.29833333,14.6578,15.9427
"4526",233,2012-08-20,14.49326923,14.6583,15.9615
"4527",234,2012-08-21,14.32926923,14.6574,15.9773
"4528",235,2012-08-22,14.40685714,14.6556,15.99
"4529",236,2012-08-23,14.14131818,14.6535,15.9932
"4530",237,2012-08-24,14.40433333,14.6493,15.9885
"4531",238,2012-08-25,13.762875,14.6441,15.9796
"4532",239,2012-08-26,14.79404167,14.6377,15.9681
"4533",240,2012-08-27,13.6437,14.6294,15.955
"4534",241,2012-08-28,14.34697059,14.6185,15.9389
"4535",242,2012-08-29,13.486,14.6056,15.9227
"4536",243,2012-08-30,14.07648485,14.5912,15.9055
"4537",244,2012-08-31,12.97086207,14.5758,15.8883
"4538",245,2012-09-01,12.185,14.5598,15.8694
"4539",246,2012-09-02,12.13192,14.5433,15.8517
"4540",247,2012-09-03,12.13295,14.5258,15.8262
"4541",248,2012-09-04,12.6085,14.5076,15.8059
"4542",249,2012-09-05,12.89011111,14.488,15.7863
"4543",250,2012-09-06,14.20868421,14.4682,15.7686
"4544",251,2012-09-07,14.14305263,14.4479,15.7508
"4545",252,2012-09-08,13.59384211,14.4277,15.7298
"4546",253,2012-09-09,13.92242105,14.4076,15.7076
"4547",254,2012-09-10,15.199,14.3872,15.6842
"4548",255,2012-09-11,15.05823529,14.3669,15.6608
"4549",256,2012-09-12,14.93966667,14.3454,15.6371
"4550",257,2012-09-13,14.08292308,14.3219,15.6133
"4551",258,2012-09-14,13.99458621,14.2976,15.5872
"4552",259,2012-09-15,12.95623333,14.2726,15.5597
"4553",260,2012-09-16,14.05046429,14.2469,15.529
"4554",261,2012-09-17,13.38296429,14.2206,15.4952
"4555",262,2012-09-18,13.38303846,14.1948,15.4595
"4556",263,2012-09-19,12.9655,14.1687,15.4269
"4557",264,2012-09-20,13.02360714,14.1419,15.3957
"4558",265,2012-09-21,14.12826087,14.1138,15.3663
"4559",266,2012-09-22,13.62095652,14.083,15.3325
"4560",267,2012-09-23,13.94074074,14.051,15.2982
"4561",268,2012-09-24,13.858,14.0186,15.2616
"4562",269,2012-09-25,14.42976667,13.9846,15.2229
"4563",270,2012-09-26,14.36286667,13.9503,15.1843
"4564",271,2012-09-27,13.8924,13.9172,15.1464
"4565",272,2012-09-28,13.92751724,13.8863,15.1116
"4566",273,2012-09-29,13.68314286,13.8565,15.0781
"4567",274,2012-09-30,13.70192308,13.8279,15.0408
"4568",275,2012-10-01,13.82513636,13.7992,15.001
"4569",276,2012-10-02,14.0187,13.7711,14.9617
"4570",277,2012-10-03,13.87,13.7456,14.9232
"4571",278,2012-10-04,14.428,13.7226,14.8929
"4572",279,2012-10-05,14.34373684,13.7018,14.866
"4573",280,2012-10-06,14.14011765,13.6836,14.8402
"4574",281,2012-10-07,14.3932,13.6662,14.8154
"4575",282,2012-10-08,14.59663636,13.6487,14.7939
"4576",283,2012-10-09,14.74722222,13.6294,14.7711
"4577",284,2012-10-10,14.32544444,13.6087,14.748
"4578",285,2012-10-11,13.78078261,13.5869,14.7251
"4579",286,2012-10-12,14.2732,13.5657,14.7023
"4580",287,2012-10-13,14.44614286,13.5461,14.6791
"4581",288,2012-10-14,14.29116667,13.5274,14.6559
"4582",289,2012-10-15,13.87948387,13.5082,14.6317
"4583",290,2012-10-16,13.957,13.4892,14.6075
"4584",291,2012-10-17,13.9366,13.4706,14.5842
"4585",292,2012-10-18,14.7913125,13.452,14.564
"4586",293,2012-10-19,15.38475758,13.4341,14.544
"4587",294,2012-10-20,14.49821875,13.4179,14.5239
"4588",295,2012-10-21,13.17896667,13.4031,14.5027
"4589",296,2012-10-22,13.43964286,13.3902,14.483
"4590",297,2012-10-23,13.69377778,13.3793,14.4657
"4591",298,2012-10-24,13.64603846,13.3684,14.4511
"4592",299,2012-10-25,14.484,13.358,14.438
"4593",300,2012-10-26,14.0764,13.3492,14.4271
"4594",301,2012-10-27,14.19556,13.3408,14.4174
"4595",302,2012-10-28,14.08307692,13.3322,14.4112
"4596",303,2012-10-29,13.57941667,13.3231,14.405
"4597",304,2012-10-30,13.53086957,13.3128,14.3974
"4598",305,2012-10-31,13.75742857,13.3017,14.3945
"4599",306,2012-11-01,14.37285714,13.2903,14.3942
"4600",307,2012-11-02,14.39342857,13.2779,14.3938
"4601",308,2012-11-03,14.3564,13.2635,14.3927
"4602",309,2012-11-04,14.41494118,13.2477,14.3912
"4603",310,2012-11-05,14.6682,13.2293,14.3859
"4604",311,2012-11-06,13.9012,13.2084,14.3801
"4605",312,2012-11-07,13.97581818,13.186,14.3737
"4606",313,2012-11-08,13.60771429,13.1624,14.3626
"4607",314,2012-11-09,13.3185,13.1394,14.3501
"4608",315,2012-11-10,13.10311111,13.1171,14.3322
"4609",316,2012-11-11,12.37814286,13.0945,14.3103
"4610",317,2012-11-12,12.35125,13.0706,14.2854
"4611",318,2012-11-13,12.70529412,13.0452,14.2586
"4612",319,2012-11-14,12.8645,13.0187,14.2286
"4613",320,2012-11-15,12.93205882,12.9922,14.1963
"4614",321,2012-11-16,13.75015152,12.9663,14.169
"4615",322,2012-11-17,14.58758333,12.9408,14.1425
"4616",323,2012-11-18,14.62414706,12.9149,14.116
"4617",324,2012-11-19,14.41723333,12.8884,14.0908
"4618",325,2012-11-20,14.35217391,12.8613,14.0655
"4619",326,2012-11-21,14.55166667,12.8337,14.0403
"4620",327,2012-11-22,14.15,12.8057,14.0164
"4621",328,2012-11-23,13.80494737,12.778,13.9916
"4622",329,2012-11-24,13.79057143,12.7514,13.9699
"4623",330,2012-11-25,14.28838095,12.7255,13.949
"4624",331,2012-11-26,14.14382609,12.6997,13.9278
"4625",332,2012-11-27,14.33911538,12.6741,13.907
"4626",333,2012-11-28,14.24661538,12.6481,13.8808
"4627",334,2012-11-29,14.21124,12.6226,13.8502
"4628",335,2012-11-30,14.49669231,12.5981,13.8185
"4629",336,2012-12-01,14.79515385,12.5735,13.7867
"4630",337,2012-12-02,14.8976,12.5496,13.7538
"4631",338,2012-12-03,14.5143913,12.5268,13.7201
"4632",339,2012-12-04,14.47489474,12.5046,13.6854
"4633",340,2012-12-05,14.505,12.4826,13.6464
"4634",341,2012-12-06,14.4495,12.4617,13.606
"4635",342,2012-12-07,13.93378947,12.4415,13.5653
"4636",343,2012-12-08,13.7776,12.4218,13.5229
"4637",344,2012-12-09,13.80791304,12.4029,13.484
"4638",345,2012-12-10,13.87553846,12.3846,13.4469
"4639",346,2012-12-11,13.87282353,12.3671,13.4157
"4640",347,2012-12-12,13.75730556,12.3506,13.3886
"4641",348,2012-12-13,13.44294118,12.3348,13.3639
"4642",349,2012-12-14,13.335,12.3191,13.3395
"4643",350,2012-12-15,13.01597143,12.3042,13.3182
"4644",351,2012-12-16,13.10685714,12.2897,13.2996
"4645",352,2012-12-17,13.62745455,12.275,13.2764
"4646",353,2012-12-18,13.36242857,12.2605,13.2525
"4647",354,2012-12-19,12.59388889,12.2474,13.2303
"4648",355,2012-12-20,12.37068421,12.2354,13.2092
"4649",356,2012-12-21,12.6783,12.2237,13.1891
"4650",357,2012-12-22,12.96254545,12.2119,13.1705
"4651",358,2012-12-23,12.94290909,12.2004,13.151
"4652",359,2012-12-24,12.4453913,12.1886,13.1316
"4653",360,2012-12-25,12.31888,12.1767,13.1101
"4654",361,2012-12-26,12.34434483,12.1647,13.0891
"4655",362,2012-12-27,12.54775862,12.1525,13.0696
"4656",363,2012-12-28,12.31339286,12.14,13.051
"4657",364,2012-12-29,12.09210714,12.1277,13.0349
"4658",365,2012-12-30,11.98732143,12.1151,13.0235
"4659",366,2012-12-31,11.959,12.1024,13.0133
"4660",1,2013-01-01,12.02280769,12.0905,13.0033
"4661",2,2013-01-02,11.9605,12.0793,12.9941
"4662",3,2013-01-03,11.78,12.0687,12.9855
"4663",4,2013-01-04,11.88005263,12.0591,12.9803
"4664",5,2013-01-05,12.15038095,12.0506,12.9811
"4665",6,2013-01-06,12.11904348,12.0434,12.9852
"4666",7,2013-01-07,11.83970833,12.0377,12.9918
"4667",8,2013-01-08,11.94344828,12.034,13.0008
"4668",9,2013-01-09,11.8744,12.0321,13.011
"4669",10,2013-01-10,11.34962162,12.0314,13.0236
"4670",11,2013-01-11,10.76711765,12.0312,13.0368
"4671",12,2013-01-12,10.67158824,12.0312,13.0503
"4672",13,2013-01-13,10.60888235,12.0311,13.0636
"4673",14,2013-01-14,10.5123125,12.0314,13.0774
"4674",15,2013-01-15,10.71089655,12.0319,13.0898
"4675",16,2013-01-16,10.72965217,12.0327,13.0996
"4676",17,2013-01-17,10.74833333,12.0336,13.1059
"4677",18,2013-01-18,10.77655,12.0344,13.1121
"4678",19,2013-01-19,10.86771429,12.0345,13.1165
"4679",20,2013-01-20,10.7467619,12.0336,13.1187
"4680",21,2013-01-21,10.81082609,12.0322,13.1197
"4681",22,2013-01-22,10.89769565,12.0309,13.1188
"4682",23,2013-01-23,11.02065217,12.0298,13.1175
"4683",24,2013-01-24,11.30642308,12.0291,13.1163
"4684",25,2013-01-25,11.35237931,12.0282,13.1153
"4685",26,2013-01-26,11.27525,12.0273,13.1146
"4686",27,2013-01-27,11.047,12.0267,13.1131
"4687",28,2013-01-28,10.93788889,12.0267,13.1128
"4688",29,2013-01-29,10.91977778,12.0273,13.1139
"4689",30,2013-01-30,11.01924,12.0279,13.1152
"4690",31,2013-01-31,11.2714,12.0285,13.1183
"4691",32,2013-02-01,11.4339375,12.0289,13.1209
"4692",33,2013-02-02,11.6968,12.0291,13.1244
"4693",34,2013-02-03,11.57563636,12.0289,13.13
"4694",35,2013-02-04,11.13354167,12.0282,13.1347
"4695",36,2013-02-05,11.09825,12.0277,13.1385
"4696",37,2013-02-06,10.63441935,12.0272,13.1417
"4697",38,2013-02-07,10.66014706,12.0258,13.1431
"4698",39,2013-02-08,10.59508333,12.0231,13.1442
"4699",40,2013-02-09,10.5355,12.0194,13.1452
"4700",41,2013-02-10,10.76222581,12.0155,13.1462
"4701",42,2013-02-11,10.9196129,12.0119,13.1472
"4702",43,2013-02-12,11.16858621,12.0091,13.1482
"4703",44,2013-02-13,11.18229167,12.0073,13.1502
"4704",45,2013-02-14,11.03226667,12.0067,13.1525
"4705",46,2013-02-15,11.094625,12.0069,13.1567
"4706",47,2013-02-16,11.19016667,12.007,13.1633
"4707",48,2013-02-17,11.15610526,12.0073,13.173
"4708",49,2013-02-18,11.03921053,12.008,13.1828
"4709",50,2013-02-19,10.90347368,12.0088,13.1924
"4710",51,2013-02-20,10.586,12.0103,13.2025
"4711",52,2013-02-21,10.43594444,12.0124,13.2141
"4712",53,2013-02-22,10.29804762,12.015,13.23
"4713",54,2013-02-23,10.51346154,12.0171,13.2468
"4714",55,2013-02-24,10.23048148,12.0188,13.2634
"4715",56,2013-02-25,10.40953846,12.02,13.279
"4716",57,2013-02-26,10.62608333,12.0208,13.2936
"4717",58,2013-02-27,10.76875,12.0207,13.3076
"4718",59,2013-02-28,10.76156522,12.0199,13.3202
"4719",61,2013-03-01,10.42953333,12.0195,13.3424
"4720",62,2013-03-02,10.4320625,12.0203,13.3516
"4721",63,2013-03-03,10.34182353,12.0203,13.3593
"4722",64,2013-03-04,10.19766667,12.0195,13.3644
"4723",65,2013-03-05,10.29466667,12.0183,13.368
"4724",66,2013-03-06,10.97328571,12.017,13.3696
"4725",67,2013-03-07,10.93893103,12.015,13.3691
"4726",68,2013-03-08,11.1727,12.0126,13.368
"4727",69,2013-03-09,10.71422581,12.011,13.3634
"4728",70,2013-03-10,10.53556667,12.01,13.3576
"4729",71,2013-03-11,10.90535714,12.0084,13.3512
"4730",72,2013-03-12,11.05330769,12.0057,13.3431
"4731",73,2013-03-13,11.14279167,12.0007,13.3346
"4732",74,2013-03-14,11.05066667,11.9943,13.3252
"4733",75,2013-03-15,11.02728571,11.9864,13.3124
"4734",76,2013-03-16,11.13407692,11.9763,13.298
"4735",77,2013-03-17,10.95015385,11.9639,13.282
"4736",78,2013-03-18,10.51113333,11.9504,13.2661
"4737",79,2013-03-19,10.76815385,11.9354,13.2503
"4738",80,2013-03-20,11.17281818,11.9185,13.2335
"4739",81,2013-03-21,11.1801,11.9005,13.2156
"4740",82,2013-03-22,9.845090909,11.8813,13.1955
"4741",83,2013-03-23,10.06611765,11.8609,13.1738
"4742",84,2013-03-24,10.09275,11.8401,13.1479
"4743",85,2013-03-25,10.3173913,11.8186,13.1214
"4744",86,2013-03-26,10.799,11.7956,13.0948
"4745",87,2013-03-27,11.106625,11.7725,13.0707
"4746",88,2013-03-28,12.07491304,11.7503,13.0468
"4747",89,2013-03-29,12.4136087,11.729,13.0229
"4748",90,2013-03-30,12.37717647,11.708,12.998
"4749",91,2013-03-31,12.00525,11.6873,12.9741
"4750",92,2013-04-01,12.548625,11.6655,12.9484
"4751",93,2013-04-02,11.93811111,11.6434,12.9235
"4752",94,2013-04-03,11.302,11.6221,12.8996
"4753",95,2013-04-04,11.84621739,11.6021,12.8795
"4754",96,2013-04-05,12.211,11.5837,12.8636
"4755",97,2013-04-06,11.7615,11.5672,12.8489
"4756",98,2013-04-07,11.78566667,11.5516,12.8321
"4757",99,2013-04-08,10.87332,11.5357,12.8156
"4758",100,2013-04-09,10.24730435,11.5185,12.8025
"4759",101,2013-04-10,10.98338095,11.5013,12.7943
"4760",102,2013-04-11,10.405,11.4853,12.7834
"4761",103,2013-04-12,10.516,11.4705,12.7742
"4762",104,2013-04-13,10.516,11.4582,12.7686
"4763",105,2013-04-14,10.06466667,11.4479,12.764
"4764",106,2013-04-15,9.476,11.4389,12.7625
"4765",107,2013-04-16,9.63,11.4323,12.7633
"4766",108,2013-04-17,9.188,11.4288,12.7671
"4767",109,2013-04-18,NA,11.4289,12.7723
"4768",110,2013-04-19,NA,11.4325,12.7796
"4769",111,2013-04-20,11.2872,11.4393,12.7872
"4770",112,2013-04-21,12.32472727,11.4483,12.7956
"4771",113,2013-04-22,12.88769231,11.4593,12.8064
"4772",114,2013-04-23,13.6818,11.4735,12.82
"4773",115,2013-04-24,12.85895455,11.4891,12.8338
"4774",116,2013-04-25,12.43058333,11.5065,12.8491
"4775",117,2013-04-26,12.285,11.5258,12.8643
"4776",118,2013-04-27,11.41341667,11.546,12.8799
"4777",119,2013-04-28,11.29695833,11.5659,12.8936
"4778",120,2013-04-29,10.94745455,11.5852,12.9092
"4779",121,2013-04-30,11.3855,11.6044,12.923
"4780",122,2013-05-01,11.9938,11.624,12.9388
"4781",123,2013-05-02,13.62730435,11.6447,12.9613
"4782",124,2013-05-03,13.15266667,11.6653,12.9844
"4783",125,2013-05-04,12.1498,11.6851,13.007
"4784",126,2013-05-05,12.9964375,11.7044,13.0276
"4785",127,2013-05-06,13.32476471,11.7235,13.045
"4786",128,2013-05-07,13.22447059,11.7434,13.066
"4787",129,2013-05-08,13.10094118,11.7649,13.0906
"4788",130,2013-05-09,12.64447059,11.789,13.1171
"4789",131,2013-05-10,12.5801875,11.8145,13.1436
"4790",132,2013-05-11,12.76333333,11.8406,13.1681
"4791",133,2013-05-12,12.46785714,11.868,13.2022
"4792",134,2013-05-13,12.38208333,11.8959,13.235
"4793",135,2013-05-14,12.25225,11.9255,13.266
"4794",136,2013-05-15,12.34714286,11.9566,13.2986
"4795",137,2013-05-16,NA,11.9894,13.3313
"4796",138,2013-05-17,NA,12.0223,13.3638
"4797",139,2013-05-18,12.86077778,12.054,13.3941
"4798",140,2013-05-19,13.43069231,12.0838,13.4229
"4799",141,2013-05-20,13.1492,12.1115,13.4486
"4800",142,2013-05-21,12.15394444,12.1396,13.4758
"4801",143,2013-05-22,10.72255,12.1675,13.5025
"4802",144,2013-05-23,10.49709524,12.195,13.5286
"4803",145,2013-05-24,10.45288462,12.2235,13.5552
"4804",146,2013-05-25,10.94717857,12.2521,13.5834
"4805",147,2013-05-26,11.76075,12.2806,13.6087
"4806",148,2013-05-27,11.31003571,12.3105,13.6383
"4807",149,2013-05-28,11.6282963,12.342,13.6661
"4808",150,2013-05-29,11.74182609,12.3764,13.7007
"4809",151,2013-05-30,10.86535714,12.4134,13.7409
"4810",152,2013-05-31,12.59135,12.4518,13.7828
"4811",153,2013-06-01,13.46758824,12.4907,13.8242
"4812",154,2013-06-02,13.01015789,12.5312,13.868
"4813",155,2013-06-03,14.16115789,12.574,13.9114
"4814",156,2013-06-04,14.15436842,12.619,13.9575
"4815",157,2013-06-05,13.38655,12.665,14.0027
"4816",158,2013-06-06,12.4598,12.711,14.048
"4817",159,2013-06-07,12.7713,12.7551,14.0893
"4818",160,2013-06-08,13.18321053,12.7979,14.1301
"4819",161,2013-06-09,12.63982353,12.8386,14.1699
"4820",162,2013-06-10,13.474875,12.8797,14.2094
"4821",163,2013-06-11,13.575,12.9224,14.2492
"4822",164,2013-06-12,13.3122,12.9665,14.2849
"4823",165,2013-06-13,13.6476,13.0127,14.3232
"4824",166,2013-06-14,15.143,13.0582,14.3623
"4825",167,2013-06-15,13.80446154,13.1016,14.3983
"4826",168,2013-06-16,14.0648125,13.1444,14.4344
"4827",169,2013-06-17,15.70626316,13.188,14.4712
"4828",170,2013-06-18,12.71735,13.2324,14.5088
"4829",171,2013-06-19,11.99086364,13.2774,14.549
"4830",172,2013-06-20,11.9946087,13.3232,14.5929
"4831",173,2013-06-21,13.19726087,13.3688,14.6402
"4832",174,2013-06-22,13.65196774,13.415,14.6887
"4833",175,2013-06-23,14.44671875,13.4615,14.7374
"4834",176,2013-06-24,14.3845,13.5035,14.781
"4835",177,2013-06-25,14.2958,13.5437,14.8216
"4836",178,2013-06-26,14.15,13.5839,14.8667
"4837",179,2013-06-27,11.88908,13.6234,14.9075
"4838",180,2013-06-28,13.31207143,13.662,14.9538
"4839",181,2013-06-29,15.27421053,13.6991,14.9992
"4840",182,2013-06-30,15.32442105,13.7346,15.0387
"4841",183,2013-07-01,15.7192381,13.7694,15.0821
"4842",184,2013-07-02,16.68681818,13.8037,15.1232
"4843",185,2013-07-03,15.75831818,13.8362,15.1575
"4844",186,2013-07-04,15.922,13.8664,15.1901
"4845",187,2013-07-05,13.30559091,13.8965,15.2221
"4846",188,2013-07-06,14.85952381,13.927,15.2585
"4847",189,2013-07-07,15.09005,13.9578,15.2948
"4848",190,2013-07-08,15.22352381,13.9891,15.3355
"4849",191,2013-07-09,14.97128571,14.0204,15.376
"4850",192,2013-07-10,14.11452381,14.0521,15.415
"4851",193,2013-07-11,14.25395,14.0834,15.4512
"4852",194,2013-07-12,14.48505882,14.1139,15.4853
"4853",195,2013-07-13,15.10978571,14.1409,15.5112
"4854",196,2013-07-14,14.78658824,14.1652,15.5341
"4855",197,2013-07-15,14.204,14.1888,15.5566
"4856",198,2013-07-16,14.565,14.2131,15.5834
"4857",199,2013-07-17,14.26304167,14.2366,15.6103
"4858",200,2013-07-18,13.94272,14.2577,15.6328
"4859",201,2013-07-19,13.92544,14.2775,15.6454
"4860",202,2013-07-20,13.85873333,14.2962,15.655
"4861",203,2013-07-21,15.44351515,14.3151,15.662
"4862",204,2013-07-22,15.17771875,14.3341,15.6706
"4863",205,2013-07-23,14.92396774,14.3524,15.6852
"4864",206,2013-07-24,13.61036667,14.3711,15.7077
"4865",207,2013-07-25,12.73239286,14.3917,15.7362
"4866",208,2013-07-26,13.11673077,14.4141,15.7674
"4867",209,2013-07-27,13.88188889,14.4365,15.7951
"4868",210,2013-07-28,14.9513,14.4586,15.8229
"4869",211,2013-07-29,14.8242,14.4808,15.8449
"4870",212,2013-07-30,15.32977273,14.5022,15.863
"4871",213,2013-07-31,14.96081818,14.5232,15.8795
"4872",214,2013-08-01,14.42445455,14.5429,15.8921
"4873",215,2013-08-02,14.49471429,14.5599,15.9029
"4874",216,2013-08-03,14.68185714,14.5749,15.9129
"4875",217,2013-08-04,14.5108,14.5888,15.9176
"4876",218,2013-08-05,14.06365385,14.6007,15.92
"4877",219,2013-08-06,14.209,14.6101,15.916
"4878",220,2013-08-07,14.35333333,14.618,15.9088
"4879",221,2013-08-08,14.51933333,14.6244,15.8993
"4880",222,2013-08-09,14.09636364,14.6292,15.8906
"4881",223,2013-08-10,14.18845,14.6335,15.8835
"4882",224,2013-08-11,14.28695238,14.6369,15.8794
"4883",225,2013-08-12,15.57,14.6392,15.8772
"4884",226,2013-08-13,15.61863636,14.6431,15.8809
"4885",227,2013-08-14,16.55029167,14.6479,15.8893
"4886",228,2013-08-15,17.03095833,14.6515,15.8975
"4887",229,2013-08-16,16.12729167,14.6538,15.9049
"4888",230,2013-08-17,15.16603571,14.6557,15.9123
"4889",231,2013-08-18,15.20912121,14.6571,15.9242
"4890",232,2013-08-19,15.48338235,14.6578,15.9427
"4891",233,2013-08-20,14.77426471,14.6583,15.9615
"4892",234,2013-08-21,14.74363333,14.6574,15.9773
"4893",235,2013-08-22,14.40456667,14.6556,15.99
"4894",236,2013-08-23,14.21932143,14.6535,15.9932
"4895",237,2013-08-24,14.71869231,14.6493,15.9885
"4896",238,2013-08-25,15.50152,14.6441,15.9796
"4897",239,2013-08-26,16.21968421,14.6377,15.9681
"4898",240,2013-08-27,15.36235,14.6294,15.955
"4899",241,2013-08-28,16.73247368,14.6185,15.9389
"4900",242,2013-08-29,15.92089474,14.6056,15.9227
"4901",243,2013-08-30,15.24489474,14.5912,15.9055
"4902",244,2013-08-31,14.83411111,14.5758,15.8883
"4903",245,2013-09-01,15.2775,14.5598,15.8694
"4904",246,2013-09-02,15.3608,14.5433,15.8517
"4905",247,2013-09-03,13.06507692,14.5258,15.8262
"4906",248,2013-09-04,13.032,14.5076,15.8059
"4907",249,2013-09-05,12.71326923,14.488,15.7863
"4908",250,2013-09-06,13.32154167,14.4682,15.7686
"4909",251,2013-09-07,13.82812,14.4479,15.7508
"4910",252,2013-09-08,14.83563636,14.4277,15.7298
"4911",253,2013-09-09,15.2606,14.4076,15.7076
"4912",254,2013-09-10,15.01652381,14.3872,15.6842
"4913",255,2013-09-11,15.45254545,14.3669,15.6608
"4914",256,2013-09-12,15.78918182,14.3454,15.6371
"4915",257,2013-09-13,15.11718182,14.3219,15.6133
"4916",258,2013-09-14,14.69978571,14.2976,15.5872
"4917",259,2013-09-15,14.76606667,14.2726,15.5597
"4918",260,2013-09-16,14.85875,14.2469,15.529
"4919",261,2013-09-17,13.96678125,14.2206,15.4952
"4920",262,2013-09-18,13.42546875,14.1948,15.4595
"4921",263,2013-09-19,13.14843333,14.1687,15.4269
"4922",264,2013-09-20,13.57992593,14.1419,15.3957
"4923",265,2013-09-21,13.95765385,14.1138,15.3663
"4924",266,2013-09-22,14.19066667,14.083,15.3325
"4925",267,2013-09-23,13.702875,14.051,15.2982
"4926",268,2013-09-24,13.82194444,14.0186,15.2616
"4927",269,2013-09-25,12.72816667,13.9846,15.2229
"4928",270,2013-09-26,12.2888125,13.9503,15.1843
"4929",271,2013-09-27,13.60585714,13.9172,15.1464
"4930",272,2013-09-28,13.936,13.8863,15.1116
"4931",273,2013-09-29,13.2424375,13.8565,15.0781
"4932",274,2013-09-30,12.29066667,13.8279,15.0408
"4933",275,2013-10-01,11.69213043,13.7992,15.001
"4934",276,2013-10-02,11.40596,13.7711,14.9617
"4935",277,2013-10-03,12.04959259,13.7456,14.9232
"4936",278,2013-10-04,12.18742857,13.7226,14.8929
"4937",279,2013-10-05,13.80962963,13.7018,14.866
"4938",280,2013-10-06,13.61669231,13.6836,14.8402
"4939",281,2013-10-07,13.52319231,13.6662,14.8154
"4940",282,2013-10-08,13.04486207,13.6487,14.7939
"4941",283,2013-10-09,12.99422222,13.6294,14.7711
"4942",284,2013-10-10,12.98579167,13.6087,14.748
"4943",285,2013-10-11,13.81046154,13.5869,14.7251
"4944",286,2013-10-12,13.07731034,13.5657,14.7023
"4945",287,2013-10-13,12.98125,13.5461,14.6791
"4946",288,2013-10-14,13.13017241,13.5274,14.6559
"4947",289,2013-10-15,12.78375862,13.5082,14.6317
"4948",290,2013-10-16,12.86737931,13.4892,14.6075
"4949",291,2013-10-17,13.42122581,13.4706,14.5842
"4950",292,2013-10-18,12.8303,13.452,14.564
"4951",293,2013-10-19,12.49607692,13.4341,14.544
"4952",294,2013-10-20,12.54707692,13.4179,14.5239
"4953",295,2013-10-21,12.7516,13.4031,14.5027
"4954",296,2013-10-22,12.64552,13.3902,14.483
"4955",297,2013-10-23,12.45847368,13.3793,14.4657
"4956",298,2013-10-24,12.85847059,13.3684,14.4511
"4957",299,2013-10-25,13.62218182,13.358,14.438
"4958",300,2013-10-26,NA,13.3492,14.4271
"4959",301,2013-10-27,12.659,13.3408,14.4174
"4960",302,2013-10-28,12.6953,13.3322,14.4112
"4961",303,2013-10-29,11.97523077,13.3231,14.405
"4962",304,2013-10-30,11.9073125,13.3128,14.3974
"4963",305,2013-10-31,12.1295,13.3017,14.3945
"4964",306,2013-11-01,12.38168,13.2903,14.3942
"4965",307,2013-11-02,12.43768966,13.2779,14.3938
"4966",308,2013-11-03,12.2925,13.2635,14.3927
"4967",309,2013-11-04,11.95756667,13.2477,14.3912
"4968",310,2013-11-05,12.0333,13.2293,14.3859
"4969",311,2013-11-06,12.73672727,13.2084,14.3801
"4970",312,2013-11-07,12.72158824,13.186,14.3737
"4971",313,2013-11-08,12.76872727,13.1624,14.3626
"4972",314,2013-11-09,12.6741,13.1394,14.3501
"4973",315,2013-11-10,13.1195,13.1171,14.3322
"4974",316,2013-11-11,12.78468182,13.0945,14.3103
"4975",317,2013-11-12,12.81881818,13.0706,14.2854
"4976",318,2013-11-13,12.40296,13.0452,14.2586
"4977",319,2013-11-14,12.61592593,13.0187,14.2286
"4978",320,2013-11-15,12.42524138,12.9922,14.1963
"4979",321,2013-11-16,12.3298,12.9663,14.169
"4980",322,2013-11-17,12.17575,12.9408,14.1425
"4981",323,2013-11-18,12.13937037,12.9149,14.116
"4982",324,2013-11-19,12.72737037,12.8884,14.0908
"4983",325,2013-11-20,13.0717931,12.8613,14.0655
"4984",326,2013-11-21,12.77108,12.8337,14.0403
"4985",327,2013-11-22,12.48828571,12.8057,14.0164
"4986",328,2013-11-23,12.67253333,12.778,13.9916
"4987",329,2013-11-24,11.37022222,12.7514,13.9699
"4988",330,2013-11-25,12.22453846,12.7255,13.949
"4989",331,2013-11-26,12.3112,12.6997,13.9278
"4990",332,2013-11-27,12.65027778,12.6741,13.907
"4991",333,2013-11-28,12.9752,12.6481,13.8808
"4992",334,2013-11-29,12.598,12.6226,13.8502
"4993",335,2013-11-30,12.7613913,12.5981,13.8185
"4994",336,2013-12-01,12.5968125,12.5735,13.7867
"4995",337,2013-12-02,12.63870588,12.5496,13.7538
"4996",338,2013-12-03,12.44039394,12.5268,13.7201
"4997",339,2013-12-04,11.996,12.5046,13.6854
"4998",340,2013-12-05,11.70568571,12.4826,13.6464
"4999",341,2013-12-06,11.32213889,12.4617,13.606
"5000",342,2013-12-07,12.01252941,12.4415,13.5653
"5001",343,2013-12-08,11.34548276,12.4218,13.5229
"5002",344,2013-12-09,10.25321053,12.4029,13.484
"5003",345,2013-12-10,10.75294737,12.3846,13.4469
"5004",346,2013-12-11,11.12185714,12.3671,13.4157
"5005",347,2013-12-12,10.95527273,12.3506,13.3886
"5006",348,2013-12-13,11.22713043,12.3348,13.3639
"5007",349,2013-12-14,11.56903571,12.3191,13.3395
"5008",350,2013-12-15,11.43896774,12.3042,13.3182
"5009",351,2013-12-16,11.6027,12.2897,13.2996
"5010",352,2013-12-17,11.70596552,12.275,13.2764
"5011",353,2013-12-18,11.74660714,12.2605,13.2525
"5012",354,2013-12-19,11.60528571,12.2474,13.2303
"5013",355,2013-12-20,11.41685714,12.2354,13.2092
"5014",356,2013-12-21,11.35396154,12.2237,13.1891
"5015",357,2013-12-22,11.63357143,12.2119,13.1705
"5016",358,2013-12-23,12.23776923,12.2004,13.151
"5017",359,2013-12-24,12.1043125,12.1886,13.1316
"5018",360,2013-12-25,11.76283333,12.1767,13.1101
"5019",361,2013-12-26,11.8994,12.1647,13.0891
"5020",362,2013-12-27,11.977,12.1525,13.0696
"5021",363,2013-12-28,11.85479167,12.14,13.051
"5022",364,2013-12-29,11.85692,12.1277,13.0349
"5023",365,2013-12-30,11.92588571,12.1151,13.0235
"5024",366,2013-12-31,12.04619444,12.1024,13.0133
"5025",1,2014-01-01,11.9571875,12.0905,13.0033
"5026",2,2014-01-02,11.99806452,12.0793,12.9941
"5027",3,2014-01-03,12.06703125,12.0687,12.9855
"5028",4,2014-01-04,12.1586,12.0591,12.9803
"5029",5,2014-01-05,12.076,12.0506,12.9811
"5030",6,2014-01-06,11.94233333,12.0434,12.9852
"5031",7,2014-01-07,11.92727778,12.0377,12.9918
"5032",8,2014-01-08,11.95525,12.034,13.0008
"5033",9,2014-01-09,11.90428571,12.0321,13.011
"5034",10,2014-01-10,11.95642857,12.0314,13.0236
"5035",11,2014-01-11,12.04418182,12.0312,13.0368
"5036",12,2014-01-12,11.98145455,12.0312,13.0503
"5037",13,2014-01-13,11.92952174,12.0311,13.0636
"5038",14,2014-01-14,11.92090909,12.0314,13.0774
"5039",15,2014-01-15,11.92852381,12.0319,13.0898
"5040",16,2014-01-16,12.11185714,12.0327,13.0996
"5041",17,2014-01-17,12.20066667,12.0336,13.1059
"5042",18,2014-01-18,12.2167,12.0344,13.1121
"5043",19,2014-01-19,12.2335,12.0345,13.1165
"5044",20,2014-01-20,12.19911111,12.0336,13.1187
"5045",21,2014-01-21,12.10225,12.0322,13.1197
"5046",22,2014-01-22,11.977,12.0309,13.1188
"5047",23,2014-01-23,12.0845,12.0298,13.1175
"5048",24,2014-01-24,12.3643,12.0291,13.1163
"5049",25,2014-01-25,12.45118182,12.0282,13.1153
"5050",26,2014-01-26,12.54443478,12.0273,13.1146
"5051",27,2014-01-27,12.8,12.0267,13.1131
"5052",28,2014-01-28,12.88945833,12.0267,13.1128
"5053",29,2014-01-29,13.25915625,12.0273,13.1139
"5054",30,2014-01-30,13.09257576,12.0279,13.1152
"5055",31,2014-01-31,12.82625806,12.0285,13.1183
"5056",32,2014-02-01,12.48974194,12.0289,13.1209
"5057",33,2014-02-02,12.36433333,12.0291,13.1244
"5058",34,2014-02-03,12.59318519,12.0289,13.13
"5059",35,2014-02-04,12.3084375,12.0282,13.1347
"5060",36,2014-02-05,11.89410526,12.0277,13.1385
"5061",37,2014-02-06,12.04457895,12.0272,13.1417
"5062",38,2014-02-07,12.426,12.0258,13.1431
"5063",39,2014-02-08,12.6833,12.0231,13.1442
"5064",40,2014-02-09,12.74966667,12.0194,13.1452
"5065",41,2014-02-10,12.8182,12.0155,13.1462
"5066",42,2014-02-11,12.5845,12.0119,13.1472
"5067",43,2014-02-12,12.5733,12.0091,13.1482
"5068",44,2014-02-13,12.71140909,12.0073,13.1502
"5069",45,2014-02-14,12.8686,12.0067,13.1525
"5070",46,2014-02-15,12.75779167,12.0069,13.1567
"5071",47,2014-02-16,13.0253913,12.007,13.1633
"5072",48,2014-02-17,12.72109091,12.0073,13.173
"5073",49,2014-02-18,12.23373333,12.008,13.1828
"5074",50,2014-02-19,12.09838462,12.0088,13.1924
"5075",51,2014-02-20,11.679,12.0103,13.2025
"5076",52,2014-02-21,11.99183333,12.0124,13.2141
"5077",53,2014-02-22,11.79431579,12.015,13.23
"5078",54,2014-02-23,11.69166667,12.0171,13.2468
"5079",55,2014-02-24,11.65466667,12.0188,13.2634
"5080",56,2014-02-25,12.15890909,12.02,13.279
"5081",57,2014-02-26,12.56766667,12.0208,13.2936
"5082",58,2014-02-27,12.987375,12.0207,13.3076
"5083",59,2014-02-28,12.92605882,12.0199,13.3202
"5084",61,2014-03-01,12.68553333,12.0195,13.3424
"5085",62,2014-03-02,12.8214,12.0203,13.3516
"5086",63,2014-03-03,12.86781481,12.0203,13.3593
"5087",64,2014-03-04,13.11009091,12.0195,13.3644
"5088",65,2014-03-05,13.16207143,12.0183,13.368
"5089",66,2014-03-06,13.48433333,12.017,13.3696
"5090",67,2014-03-07,12.68116667,12.015,13.3691
"5091",68,2014-03-08,12.347625,12.0126,13.368
"5092",69,2014-03-09,12.72213333,12.011,13.3634
"5093",70,2014-03-10,12.8974,12.01,13.3576
"5094",71,2014-03-11,12.26586667,12.0084,13.3512
"5095",72,2014-03-12,12.54,12.0057,13.3431
"5096",73,2014-03-13,13.0532,12.0007,13.3346
"5097",74,2014-03-14,12.67709091,11.9943,13.3252
"5098",75,2014-03-15,12.91836,11.9864,13.3124
"5099",76,2014-03-16,12.77079167,11.9763,13.298
"5100",77,2014-03-17,12.10468182,11.9639,13.282
"5101",78,2014-03-18,12.10568421,11.9504,13.2661
"5102",79,2014-03-19,12.18964286,11.9354,13.2503
"5103",80,2014-03-20,12.22246667,11.9185,13.2335
"5104",81,2014-03-21,11.91053333,11.9005,13.2156
"5105",82,2014-03-22,12.316,11.8813,13.1955
"5106",83,2014-03-23,12.97531579,11.8609,13.1738
"5107",84,2014-03-24,12.00788889,11.8401,13.1479
"5108",85,2014-03-25,11.58317647,11.8186,13.1214
"5109",86,2014-03-26,12.00596,11.7956,13.0948
"5110",87,2014-03-27,12.2617931,11.7725,13.0707
"5111",88,2014-03-28,13.26063333,11.7503,13.0468
"5112",89,2014-03-29,13.76275,11.729,13.0229
"5113",90,2014-03-30,13.02013793,11.708,12.998
"5114",91,2014-03-31,12.61257692,11.6873,12.9741
"5115",92,2014-04-01,12.93277273,11.6655,12.9484
"5116",93,2014-04-02,13.1200625,11.6434,12.9235
"5117",94,2014-04-03,13.13807143,11.6221,12.8996
"5118",95,2014-04-04,13.425,11.6021,12.8795
"5119",96,2014-04-05,12.49246154,11.5837,12.8636
"5120",97,2014-04-06,11.331,11.5672,12.8489
"5121",98,2014-04-07,NA,11.5516,12.8321
"5122",99,2014-04-08,NA,11.5357,12.8156
"5123",100,2014-04-09,NA,11.5185,12.8025
"5124",101,2014-04-10,13.46116667,11.5013,12.7943
"5125",102,2014-04-11,12.47223077,11.4853,12.7834
"5126",103,2014-04-12,12.67805556,11.4705,12.7742
"5127",104,2014-04-13,12.53736842,11.4582,12.7686
"5128",105,2014-04-14,12.24457895,11.4479,12.764
"5129",106,2014-04-15,12.020875,11.4389,12.7625
"5130",107,2014-04-16,12.0993125,11.4323,12.7633
"5131",108,2014-04-17,11.7720625,11.4288,12.7671
"5132",109,2014-04-18,11.309,11.4289,12.7723
"5133",110,2014-04-19,11.17333333,11.4325,12.7796
"5134",111,2014-04-20,10.92761538,11.4393,12.7872
"5135",112,2014-04-21,10.7345,11.4483,12.7956
"5136",113,2014-04-22,10.82069231,11.4593,12.8064
"5137",114,2014-04-23,10.48215,11.4735,12.82
"5138",115,2014-04-24,10.70595455,11.4891,12.8338
"5139",116,2014-04-25,10.387625,11.5065,12.8491
"5140",117,2014-04-26,10.12713043,11.5258,12.8643
"5141",118,2014-04-27,10.58116667,11.546,12.8799
"5142",119,2014-04-28,10.77368182,11.5659,12.8936
"5143",120,2014-04-29,11.22888235,11.5852,12.9092
"5144",121,2014-04-30,12.45476471,11.6044,12.923
"5145",122,2014-05-01,12.1765625,11.624,12.9388
"5146",123,2014-05-02,11.58457143,11.6447,12.9613
"5147",124,2014-05-03,10.98625,11.6653,12.9844
"5148",125,2014-05-04,10.4916,11.6851,13.007
"5149",126,2014-05-05,10.4772,11.7044,13.0276
"5150",127,2014-05-06,NA,11.7235,13.045
"5151",128,2014-05-07,NA,11.7434,13.066
"5152",129,2014-05-08,12.41957143,11.7649,13.0906
"5153",130,2014-05-09,13.215,11.789,13.1171
"5154",131,2014-05-10,11.41053333,11.8145,13.1436
"5155",132,2014-05-11,11.1128125,11.8406,13.1681
"5156",133,2014-05-12,12.05205556,11.868,13.2022
"5157",134,2014-05-13,13.7104,11.8959,13.235
"5158",135,2014-05-14,13.26805,11.9255,13.266
"5159",136,2014-05-15,11.5455,11.9566,13.2986
"5160",137,2014-05-16,11.23422222,11.9894,13.3313
"5161",138,2014-05-17,11.69105882,12.0223,13.3638
"5162",139,2014-05-18,10.8164375,12.054,13.3941
"5163",140,2014-05-19,10.55066667,12.0838,13.4229
"5164",141,2014-05-20,10.92273913,12.1115,13.4486
"5165",142,2014-05-21,11.36842857,12.1396,13.4758
"5166",143,2014-05-22,14.1954,12.1675,13.5025
"5167",144,2014-05-23,13.76017647,12.195,13.5286
"5168",145,2014-05-24,12.72273684,12.2235,13.5552
"5169",146,2014-05-25,13.7992,12.2521,13.5834
"5170",147,2014-05-26,14.03028571,12.2806,13.6087
"5171",148,2014-05-27,12.7335,12.3105,13.6383
"5172",149,2014-05-28,12.5198,12.342,13.6661
"5173",150,2014-05-29,12.36568421,12.3764,13.7007
"5174",151,2014-05-30,11.55861111,12.4134,13.7409
"5175",152,2014-05-31,11.8165625,12.4518,13.7828
"5176",153,2014-06-01,11.96953846,12.4907,13.8242
"5177",154,2014-06-02,11.837625,12.5312,13.868
"5178",155,2014-06-03,12.22614286,12.574,13.9114
"5179",156,2014-06-04,NA,12.619,13.9575
"5180",157,2014-06-05,13.1245,12.665,14.0027
"5181",158,2014-06-06,14.14046154,12.711,14.048
"5182",159,2014-06-07,14.086,12.7551,14.0893
"5183",160,2014-06-08,13.79716667,12.7979,14.1301
"5184",161,2014-06-09,14.93935,12.8386,14.1699
"5185",162,2014-06-10,14.64090909,12.8797,14.2094
"5186",163,2014-06-11,13.82147826,12.9224,14.2492
"5187",164,2014-06-12,14.57373913,12.9665,14.2849
"5188",165,2014-06-13,13.82355,13.0127,14.3232
"5189",166,2014-06-14,13.3177,13.0582,14.3623
"5190",167,2014-06-15,13.29077273,13.1016,14.3983
"5191",168,2014-06-16,12.87132,13.1444,14.4344
"5192",169,2014-06-17,12.357,13.188,14.4712
"5193",170,2014-06-18,13.23042857,13.2324,14.5088
"5194",171,2014-06-19,14.85858824,13.2774,14.549
"5195",172,2014-06-20,14.25431579,13.3232,14.5929
"5196",173,2014-06-21,13.42895,13.3688,14.6402
"5197",174,2014-06-22,13.87485714,13.415,14.6887
"5198",175,2014-06-23,13.74254545,13.4615,14.7374
"5199",176,2014-06-24,13.41763636,13.5035,14.781
"5200",177,2014-06-25,14.02336364,13.5437,14.8216
"5201",178,2014-06-26,13.45868182,13.5839,14.8667
"5202",179,2014-06-27,12.9663,13.6234,14.9075
"5203",180,2014-06-28,12.76373684,13.662,14.9538
"5204",181,2014-06-29,11.58717647,13.6991,14.9992
"5205",182,2014-06-30,13.51407143,13.7346,15.0387
"5206",183,2014-07-01,14.6724,13.7694,15.0821
"5207",184,2014-07-02,14.38716667,13.8037,15.1232
"5208",185,2014-07-03,15.17766667,13.8362,15.1575
"5209",186,2014-07-04,14.45185714,13.8664,15.1901
"5210",187,2014-07-05,14.60523529,13.8965,15.2221
"5211",188,2014-07-06,14.1508,13.927,15.2585
"5212",189,2014-07-07,14.37733333,13.9578,15.2948
"5213",190,2014-07-08,15.00852174,13.9891,15.3355
"5214",191,2014-07-09,14.78225,14.0204,15.376
"5215",192,2014-07-10,15.18179167,14.0521,15.415
"5216",193,2014-07-11,16.16808333,14.0834,15.4512
"5217",194,2014-07-12,14.81396154,14.1139,15.4853
"5218",195,2014-07-13,14.18732143,14.1409,15.5112
"5219",196,2014-07-14,13.85275862,14.1652,15.5341
"5220",197,2014-07-15,15.17593103,14.1888,15.5566
"5221",198,2014-07-16,16.009,14.2131,15.5834
"5222",199,2014-07-17,16.02993103,14.2366,15.6103
"5223",200,2014-07-18,17.07225,14.2577,15.6328
"5224",201,2014-07-19,16.76466667,14.2775,15.6454
"5225",202,2014-07-20,16.28477273,14.2962,15.655
"5226",203,2014-07-21,16.59490909,14.3151,15.662
"5227",204,2014-07-22,18.02308696,14.3341,15.6706
"5228",205,2014-07-23,17.73252174,14.3524,15.6852
"5229",206,2014-07-24,15.65663636,14.3711,15.7077
"5230",207,2014-07-25,16.28072727,14.3917,15.7362
"5231",208,2014-07-26,16.67485,14.4141,15.7674
"5232",209,2014-07-27,16.72361111,14.4365,15.7951
"5233",210,2014-07-28,17.00490476,14.4586,15.8229
"5234",211,2014-07-29,16.06727273,14.4808,15.8449
"5235",212,2014-07-30,15.43933333,14.5022,15.863
"5236",213,2014-07-31,15.80382353,14.5232,15.8795
"5237",214,2014-08-01,15.94542857,14.5429,15.8921
"5238",215,2014-08-02,15.3525,14.5599,15.9029
"5239",216,2014-08-03,17.02426316,14.5749,15.9129
"5240",217,2014-08-04,16.53785714,14.5888,15.9176
"5241",218,2014-08-05,17.82673913,14.6007,15.92
"5242",219,2014-08-06,17.41016667,14.6101,15.916
"5243",220,2014-08-07,16.4058,14.618,15.9088
"5244",221,2014-08-08,15.58575,14.6244,15.8993
"5245",222,2014-08-09,15.40577419,14.6292,15.8906
"5246",223,2014-08-10,16.28753125,14.6335,15.8835
"5247",224,2014-08-11,16.59421875,14.6369,15.8794
"5248",225,2014-08-12,16.93365625,14.6392,15.8772
"5249",226,2014-08-13,16.32306667,14.6431,15.8809
"5250",227,2014-08-14,15.2717037,14.6479,15.8893
"5251",228,2014-08-15,16.36336667,14.6515,15.8975
"5252",229,2014-08-16,16.93114286,14.6538,15.9049
"5253",230,2014-08-17,16.32114286,14.6557,15.9123
"5254",231,2014-08-18,15.04127273,14.6571,15.9242
"5255",232,2014-08-19,15.07690909,14.6578,15.9427
"5256",233,2014-08-20,16.14857143,14.6583,15.9615
"5257",234,2014-08-21,17.78428571,14.6574,15.9773
"5258",235,2014-08-22,17.12842857,14.6556,15.99
"5259",236,2014-08-23,16.40534615,14.6535,15.9932
"5260",237,2014-08-24,17.55948148,14.6493,15.9885
"5261",238,2014-08-25,17.81933333,14.6441,15.9796
"5262",239,2014-08-26,17.37784,14.6377,15.9681
"5263",240,2014-08-27,16.63168,14.6294,15.955
"5264",241,2014-08-28,16.03090909,14.6185,15.9389
"5265",242,2014-08-29,15.73995238,14.6056,15.9227
"5266",243,2014-08-30,16.65770588,14.5912,15.9055
"5267",244,2014-08-31,17.31072222,14.5758,15.8883
"5268",245,2014-09-01,16.1389,14.5598,15.8694
"5269",246,2014-09-02,17.18695455,14.5433,15.8517
"5270",247,2014-09-03,16.86456522,14.5258,15.8262
"5271",248,2014-09-04,16.70340909,14.5076,15.8059
"5272",249,2014-09-05,17.98775,14.488,15.7863
"5273",250,2014-09-06,17.87634375,14.4682,15.7686
"5274",251,2014-09-07,16.55920588,14.4479,15.7508
"5275",252,2014-09-08,15.87871429,14.4277,15.7298
"5276",253,2014-09-09,15.40765625,14.4076,15.7076
"5277",254,2014-09-10,15.6866129,14.3872,15.6842
"5278",255,2014-09-11,16.08326667,14.3669,15.6608
"5279",256,2014-09-12,15.83085185,14.3454,15.6371
"5280",257,2014-09-13,15.61055556,14.3219,15.6133
"5281",258,2014-09-14,15.66085,14.2976,15.5872
"5282",259,2014-09-15,15.6214,14.2726,15.5597
"5283",260,2014-09-16,16.46161111,14.2469,15.529
"5284",261,2014-09-17,16.15041176,14.2206,15.4952
"5285",262,2014-09-18,16.86641176,14.1948,15.4595
"5286",263,2014-09-19,16.53034783,14.1687,15.4269
"5287",264,2014-09-20,16.13676,14.1419,15.3957
"5288",265,2014-09-21,15.93566667,14.1138,15.3663
"5289",266,2014-09-22,15.91435714,14.083,15.3325
"5290",267,2014-09-23,15.37767857,14.051,15.2982
"5291",268,2014-09-24,15.852,14.0186,15.2616
"5292",269,2014-09-25,15.7946,13.9846,15.2229
"5293",270,2014-09-26,15.68519048,13.9503,15.1843
"5294",271,2014-09-27,14.70447619,13.9172,15.1464
"5295",272,2014-09-28,14.56021053,13.8863,15.1116
"5296",273,2014-09-29,16.27994737,13.8565,15.0781
"5297",274,2014-09-30,15.6643,13.8279,15.0408
"5298",275,2014-10-01,15.2036,13.7992,15.001
"5299",276,2014-10-02,17.26583333,13.7711,14.9617
"5300",277,2014-10-03,17.23132,13.7456,14.9232
"5301",278,2014-10-04,16.20213333,13.7226,14.8929
"5302",279,2014-10-05,14.6665625,13.7018,14.866
"5303",280,2014-10-06,14.41187879,13.6836,14.8402
"5304",281,2014-10-07,14.748,13.6662,14.8154
"5305",282,2014-10-08,NA,13.6487,14.7939
"5306",283,2014-10-09,NA,13.6294,14.7711
"5307",284,2014-10-10,NA,13.6087,14.748
"5308",285,2014-10-11,NA,13.5869,14.7251
"5309",286,2014-10-12,NA,13.5657,14.7023
"5310",287,2014-10-13,NA,13.5461,14.6791
"5311",288,2014-10-14,NA,13.5274,14.6559
"5312",289,2014-10-15,NA,13.5082,14.6317
"5313",290,2014-10-16,NA,13.4892,14.6075
"5314",291,2014-10-17,NA,13.4706,14.5842
"5315",292,2014-10-18,NA,13.452,14.564
"5316",293,2014-10-19,NA,13.4341,14.544
"5317",294,2014-10-20,NA,13.4179,14.5239
"5318",295,2014-10-21,NA,13.4031,14.5027
"5319",296,2014-10-22,NA,13.3902,14.483
"5320",297,2014-10-23,NA,13.3793,14.4657
"5321",298,2014-10-24,NA,13.3684,14.4511
"5322",299,2014-10-25,NA,13.358,14.438
"5323",300,2014-10-26,NA,13.3492,14.4271
"5324",301,2014-10-27,NA,13.3408,14.4174
"5325",302,2014-10-28,NA,13.3322,14.4112
"5326",303,2014-10-29,NA,13.3231,14.405
"5327",304,2014-10-30,NA,13.3128,14.3974
"5328",305,2014-10-31,NA,13.3017,14.3945
"5329",306,2014-11-01,NA,13.2903,14.3942
"5330",307,2014-11-02,NA,13.2779,14.3938
"5331",308,2014-11-03,NA,13.2635,14.3927
"5332",309,2014-11-04,NA,13.2477,14.3912
"5333",310,2014-11-05,NA,13.2293,14.3859
"5334",311,2014-11-06,NA,13.2084,14.3801
"5335",312,2014-11-07,NA,13.186,14.3737
"5336",313,2014-11-08,NA,13.1624,14.3626
"5337",314,2014-11-09,NA,13.1394,14.3501
"5338",315,2014-11-10,NA,13.1171,14.3322
"5339",316,2014-11-11,NA,13.0945,14.3103
"5340",317,2014-11-12,NA,13.0706,14.2854
"5341",318,2014-11-13,NA,13.0452,14.2586
"5342",319,2014-11-14,NA,13.0187,14.2286
"5343",320,2014-11-15,NA,12.9922,14.1963
"5344",321,2014-11-16,NA,12.9663,14.169
"5345",322,2014-11-17,NA,12.9408,14.1425
"5346",323,2014-11-18,NA,12.9149,14.116
"5347",324,2014-11-19,NA,12.8884,14.0908
"5348",325,2014-11-20,NA,12.8613,14.0655
"5349",326,2014-11-21,NA,12.8337,14.0403
"5350",327,2014-11-22,NA,12.8057,14.0164
"5351",328,2014-11-23,NA,12.778,13.9916
"5352",329,2014-11-24,NA,12.7514,13.9699
"5353",330,2014-11-25,NA,12.7255,13.949
"5354",331,2014-11-26,NA,12.6997,13.9278
"5355",332,2014-11-27,NA,12.6741,13.907
"5356",333,2014-11-28,NA,12.6481,13.8808
"5357",334,2014-11-29,NA,12.6226,13.8502
"5358",335,2014-11-30,NA,12.5981,13.8185
"5359",336,2014-12-01,NA,12.5735,13.7867
"5360",337,2014-12-02,NA,12.5496,13.7538
"5361",338,2014-12-03,NA,12.5268,13.7201
"5362",339,2014-12-04,NA,12.5046,13.6854
"5363",340,2014-12-05,NA,12.4826,13.6464
"5364",341,2014-12-06,NA,12.4617,13.606
"5365",342,2014-12-07,NA,12.4415,13.5653
"5366",343,2014-12-08,NA,12.4218,13.5229
"5367",344,2014-12-09,NA,12.4029,13.484
"5368",345,2014-12-10,NA,12.3846,13.4469
"5369",346,2014-12-11,NA,12.3671,13.4157
"5370",347,2014-12-12,NA,12.3506,13.3886
"5371",348,2014-12-13,NA,12.3348,13.3639
"5372",349,2014-12-14,NA,12.3191,13.3395
"5373",350,2014-12-15,NA,12.3042,13.3182
"5374",351,2014-12-16,NA,12.2897,13.2996
"5375",352,2014-12-17,NA,12.275,13.2764
"5376",353,2014-12-18,NA,12.2605,13.2525
"5377",354,2014-12-19,NA,12.2474,13.2303
"5378",355,2014-12-20,NA,12.2354,13.2092
"5379",356,2014-12-21,NA,12.2237,13.1891
"5380",357,2014-12-22,NA,12.2119,13.1705
"5381",358,2014-12-23,NA,12.2004,13.151
"5382",359,2014-12-24,NA,12.1886,13.1316
"5383",360,2014-12-25,NA,12.1767,13.1101
"5384",361,2014-12-26,NA,12.1647,13.0891
"5385",362,2014-12-27,NA,12.1525,13.0696
"5386",363,2014-12-28,NA,12.14,13.051
"5387",364,2014-12-29,NA,12.1277,13.0349
"5388",365,2014-12-30,NA,12.1151,13.0235
"5389",366,2014-12-31,NA,12.1024,13.0133
"5390",1,2015-01-01,NA,12.0905,13.0033
"5391",2,2015-01-02,NA,12.0793,12.9941
"5392",3,2015-01-03,NA,12.0687,12.9855
"5393",4,2015-01-04,NA,12.0591,12.9803
"5394",5,2015-01-05,NA,12.0506,12.9811
"5395",6,2015-01-06,NA,12.0434,12.9852
"5396",7,2015-01-07,NA,12.0377,12.9918
"5397",8,2015-01-08,NA,12.034,13.0008
"5398",9,2015-01-09,NA,12.0321,13.011
"5399",10,2015-01-10,NA,12.0314,13.0236
"5400",11,2015-01-11,NA,12.0312,13.0368
"5401",12,2015-01-12,NA,12.0312,13.0503
"5402",13,2015-01-13,NA,12.0311,13.0636
"5403",14,2015-01-14,NA,12.0314,13.0774
"5404",15,2015-01-15,NA,12.0319,13.0898
"5405",16,2015-01-16,NA,12.0327,13.0996
"5406",17,2015-01-17,NA,12.0336,13.1059
"5407",18,2015-01-18,NA,12.0344,13.1121
"5408",19,2015-01-19,NA,12.0345,13.1165
"5409",20,2015-01-20,NA,12.0336,13.1187
"5410",21,2015-01-21,NA,12.0322,13.1197
"5411",22,2015-01-22,NA,12.0309,13.1188
"5412",23,2015-01-23,NA,12.0298,13.1175
"5413",24,2015-01-24,NA,12.0291,13.1163
"5414",25,2015-01-25,NA,12.0282,13.1153
"5415",26,2015-01-26,NA,12.0273,13.1146
"5416",27,2015-01-27,NA,12.0267,13.1131
"5417",28,2015-01-28,NA,12.0267,13.1128
"5418",29,2015-01-29,NA,12.0273,13.1139
"5419",30,2015-01-30,NA,12.0279,13.1152
"5420",31,2015-01-31,NA,12.0285,13.1183
"5421",32,2015-02-01,NA,12.0289,13.1209
"5422",33,2015-02-02,NA,12.0291,13.1244
"5423",34,2015-02-03,NA,12.0289,13.13
"5424",35,2015-02-04,NA,12.0282,13.1347
"5425",36,2015-02-05,NA,12.0277,13.1385
"5426",37,2015-02-06,NA,12.0272,13.1417
"5427",38,2015-02-07,NA,12.0258,13.1431
"5428",39,2015-02-08,NA,12.0231,13.1442
"5429",40,2015-02-09,NA,12.0194,13.1452
"5430",41,2015-02-10,NA,12.0155,13.1462
"5431",42,2015-02-11,NA,12.0119,13.1472
"5432",43,2015-02-12,NA,12.0091,13.1482
"5433",44,2015-02-13,NA,12.0073,13.1502
"5434",45,2015-02-14,NA,12.0067,13.1525
"5435",46,2015-02-15,NA,12.0069,13.1567
"5436",47,2015-02-16,NA,12.007,13.1633
"5437",48,2015-02-17,NA,12.0073,13.173
"5438",49,2015-02-18,NA,12.008,13.1828
"5439",50,2015-02-19,NA,12.0088,13.1924
"5440",51,2015-02-20,NA,12.0103,13.2025
"5441",52,2015-02-21,NA,12.0124,13.2141
"5442",53,2015-02-22,NA,12.015,13.23
"5443",54,2015-02-23,NA,12.0171,13.2468
"5444",55,2015-02-24,NA,12.0188,13.2634
"5445",56,2015-02-25,NA,12.02,13.279
"5446",57,2015-02-26,NA,12.0208,13.2936
"5447",58,2015-02-27,NA,12.0207,13.3076
"5448",59,2015-02-28,NA,12.0199,13.3202
"5449",61,2015-03-01,NA,12.0195,13.3424
"5450",62,2015-03-02,NA,12.0203,13.3516
"5451",63,2015-03-03,NA,12.0203,13.3593
"5452",64,2015-03-04,NA,12.0195,13.3644
"5453",65,2015-03-05,NA,12.0183,13.368
"5454",66,2015-03-06,NA,12.017,13.3696
"5455",67,2015-03-07,NA,12.015,13.3691
"5456",68,2015-03-08,NA,12.0126,13.368
"5457",69,2015-03-09,NA,12.011,13.3634
"5458",70,2015-03-10,NA,12.01,13.3576
"5459",71,2015-03-11,NA,12.0084,13.3512
"5460",72,2015-03-12,NA,12.0057,13.3431
"5461",73,2015-03-13,NA,12.0007,13.3346
"5462",74,2015-03-14,NA,11.9943,13.3252
"5463",75,2015-03-15,NA,11.9864,13.3124
"5464",76,2015-03-16,NA,11.9763,13.298
"5465",77,2015-03-17,NA,11.9639,13.282
"5466",78,2015-03-18,NA,11.9504,13.2661
"5467",79,2015-03-19,NA,11.9354,13.2503
"5468",80,2015-03-20,NA,11.9185,13.2335
"5469",81,2015-03-21,NA,11.9005,13.2156
"5470",82,2015-03-22,NA,11.8813,13.1955
"5471",83,2015-03-23,NA,11.8609,13.1738
"5472",84,2015-03-24,NA,11.8401,13.1479
"5473",85,2015-03-25,NA,11.8186,13.1214
"5474",86,2015-03-26,NA,11.7956,13.0948
"5475",87,2015-03-27,NA,11.7725,13.0707
"5476",88,2015-03-28,NA,11.7503,13.0468
"5477",89,2015-03-29,NA,11.729,13.0229
"5478",90,2015-03-30,NA,11.708,12.998
"5479",91,2015-03-31,NA,11.6873,12.9741
"5480",92,2015-04-01,NA,11.6655,12.9484
"5481",93,2015-04-02,NA,11.6434,12.9235
"5482",94,2015-04-03,NA,11.6221,12.8996
"5483",95,2015-04-04,NA,11.6021,12.8795
"5484",96,2015-04-05,NA,11.5837,12.8636
"5485",97,2015-04-06,NA,11.5672,12.8489
"5486",98,2015-04-07,NA,11.5516,12.8321
"5487",99,2015-04-08,NA,11.5357,12.8156
"5488",100,2015-04-09,NA,11.5185,12.8025
"5489",101,2015-04-10,NA,11.5013,12.7943
"5490",102,2015-04-11,NA,11.4853,12.7834
"5491",103,2015-04-12,NA,11.4705,12.7742
"5492",104,2015-04-13,NA,11.4582,12.7686
"5493",105,2015-04-14,NA,11.4479,12.764
"5494",106,2015-04-15,NA,11.4389,12.7625
"5495",107,2015-04-16,NA,11.4323,12.7633
"5496",108,2015-04-17,NA,11.4288,12.7671
"5497",109,2015-04-18,NA,11.4289,12.7723
"5498",110,2015-04-19,NA,11.4325,12.7796
"5499",111,2015-04-20,NA,11.4393,12.7872
"5500",112,2015-04-21,NA,11.4483,12.7956
"5501",113,2015-04-22,NA,11.4593,12.8064
"5502",114,2015-04-23,NA,11.4735,12.82
"5503",115,2015-04-24,NA,11.4891,12.8338
"5504",116,2015-04-25,NA,11.5065,12.8491
"5505",117,2015-04-26,NA,11.5258,12.8643
"5506",118,2015-04-27,NA,11.546,12.8799
"5507",119,2015-04-28,NA,11.5659,12.8936
"5508",120,2015-04-29,NA,11.5852,12.9092
"5509",121,2015-04-30,NA,11.6044,12.923
"5510",122,2015-05-01,NA,11.624,12.9388
"5511",123,2015-05-02,NA,11.6447,12.9613
"5512",124,2015-05-03,NA,11.6653,12.9844
"5513",125,2015-05-04,NA,11.6851,13.007
"5514",126,2015-05-05,NA,11.7044,13.0276
"5515",127,2015-05-06,NA,11.7235,13.045
"5516",128,2015-05-07,NA,11.7434,13.066
"5517",129,2015-05-08,NA,11.7649,13.0906
"5518",130,2015-05-09,NA,11.789,13.1171
"5519",131,2015-05-10,NA,11.8145,13.1436
"5520",132,2015-05-11,NA,11.8406,13.1681
"5521",133,2015-05-12,NA,11.868,13.2022
"5522",134,2015-05-13,NA,11.8959,13.235
"5523",135,2015-05-14,NA,11.9255,13.266
"5524",136,2015-05-15,NA,11.9566,13.2986
"5525",137,2015-05-16,NA,11.9894,13.3313
"5526",138,2015-05-17,NA,12.0223,13.3638
"5527",139,2015-05-18,NA,12.054,13.3941
"5528",140,2015-05-19,NA,12.0838,13.4229
"5529",141,2015-05-20,NA,12.1115,13.4486
"5530",142,2015-05-21,NA,12.1396,13.4758
"5531",143,2015-05-22,NA,12.1675,13.5025
"5532",144,2015-05-23,NA,12.195,13.5286
"5533",145,2015-05-24,NA,12.2235,13.5552
"5534",146,2015-05-25,NA,12.2521,13.5834
"5535",147,2015-05-26,NA,12.2806,13.6087
"5536",148,2015-05-27,NA,12.3105,13.6383
"5537",149,2015-05-28,NA,12.342,13.6661
"5538",150,2015-05-29,NA,12.3764,13.7007
"5539",151,2015-05-30,NA,12.4134,13.7409
"5540",152,2015-05-31,NA,12.4518,13.7828
"5541",153,2015-06-01,NA,12.4907,13.8242
"5542",154,2015-06-02,NA,12.5312,13.868
"5543",155,2015-06-03,NA,12.574,13.9114
"5544",156,2015-06-04,NA,12.619,13.9575
"5545",157,2015-06-05,NA,12.665,14.0027
"5546",158,2015-06-06,NA,12.711,14.048
"5547",159,2015-06-07,NA,12.7551,14.0893
"5548",160,2015-06-08,NA,12.7979,14.1301
"5549",161,2015-06-09,NA,12.8386,14.1699
"5550",162,2015-06-10,NA,12.8797,14.2094
"5551",163,2015-06-11,NA,12.9224,14.2492
"5552",164,2015-06-12,NA,12.9665,14.2849
"5553",165,2015-06-13,NA,13.0127,14.3232
"5554",166,2015-06-14,NA,13.0582,14.3623
"5555",167,2015-06-15,NA,13.1016,14.3983
"5556",168,2015-06-16,NA,13.1444,14.4344
"5557",169,2015-06-17,NA,13.188,14.4712
"5558",170,2015-06-18,NA,13.2324,14.5088
"5559",171,2015-06-19,NA,13.2774,14.549
"5560",172,2015-06-20,NA,13.3232,14.5929
"5561",173,2015-06-21,NA,13.3688,14.6402
"5562",174,2015-06-22,NA,13.415,14.6887
"5563",175,2015-06-23,NA,13.4615,14.7374
"5564",176,2015-06-24,NA,13.5035,14.781
"5565",177,2015-06-25,NA,13.5437,14.8216
"5566",178,2015-06-26,NA,13.5839,14.8667
"5567",179,2015-06-27,NA,13.6234,14.9075
"5568",180,2015-06-28,NA,13.662,14.9538
"5569",181,2015-06-29,NA,13.6991,14.9992
"5570",182,2015-06-30,NA,13.7346,15.0387
"5571",183,2015-07-01,NA,13.7694,15.0821
"5572",184,2015-07-02,NA,13.8037,15.1232
"5573",185,2015-07-03,NA,13.8362,15.1575
"5574",186,2015-07-04,NA,13.8664,15.1901
"5575",187,2015-07-05,NA,13.8965,15.2221
"5576",188,2015-07-06,NA,13.927,15.2585
"5577",189,2015-07-07,NA,13.9578,15.2948
"5578",190,2015-07-08,NA,13.9891,15.3355
"5579",191,2015-07-09,NA,14.0204,15.376
"5580",192,2015-07-10,NA,14.0521,15.415
"5581",193,2015-07-11,NA,14.0834,15.4512
"5582",194,2015-07-12,NA,14.1139,15.4853
"5583",195,2015-07-13,NA,14.1409,15.5112
"5584",196,2015-07-14,NA,14.1652,15.5341
"5585",197,2015-07-15,NA,14.1888,15.5566
"5586",198,2015-07-16,NA,14.2131,15.5834
"5587",199,2015-07-17,NA,14.2366,15.6103
"5588",200,2015-07-18,NA,14.2577,15.6328
"5589",201,2015-07-19,NA,14.2775,15.6454
"5590",202,2015-07-20,NA,14.2962,15.655
"5591",203,2015-07-21,NA,14.3151,15.662
"5592",204,2015-07-22,NA,14.3341,15.6706
"5593",205,2015-07-23,NA,14.3524,15.6852
"5594",206,2015-07-24,NA,14.3711,15.7077
"5595",207,2015-07-25,NA,14.3917,15.7362
"5596",208,2015-07-26,NA,14.4141,15.7674
"5597",209,2015-07-27,NA,14.4365,15.7951
"5598",210,2015-07-28,NA,14.4586,15.8229
"5599",211,2015-07-29,NA,14.4808,15.8449
"5600",212,2015-07-30,NA,14.5022,15.863
"5601",213,2015-07-31,NA,14.5232,15.8795
"5602",214,2015-08-01,NA,14.5429,15.8921
"5603",215,2015-08-02,NA,14.5599,15.9029
"5604",216,2015-08-03,NA,14.5749,15.9129
"5605",217,2015-08-04,NA,14.5888,15.9176
"5606",218,2015-08-05,NA,14.6007,15.92
"5607",219,2015-08-06,NA,14.6101,15.916
"5608",220,2015-08-07,NA,14.618,15.9088
"5609",221,2015-08-08,NA,14.6244,15.8993
"5610",222,2015-08-09,NA,14.6292,15.8906
"5611",223,2015-08-10,NA,14.6335,15.8835
"5612",224,2015-08-11,NA,14.6369,15.8794
"5613",225,2015-08-12,NA,14.6392,15.8772
"5614",226,2015-08-13,NA,14.6431,15.8809
"5615",227,2015-08-14,NA,14.6479,15.8893
"5616",228,2015-08-15,NA,14.6515,15.8975
"5617",229,2015-08-16,NA,14.6538,15.9049
"5618",230,2015-08-17,NA,14.6557,15.9123
"5619",231,2015-08-18,NA,14.6571,15.9242
"5620",232,2015-08-19,NA,14.6578,15.9427
"5621",233,2015-08-20,NA,14.6583,15.9615
"5622",234,2015-08-21,NA,14.6574,15.9773
"5623",235,2015-08-22,NA,14.6556,15.99
"5624",236,2015-08-23,NA,14.6535,15.9932
"5625",237,2015-08-24,NA,14.6493,15.9885
"5626",238,2015-08-25,NA,14.6441,15.9796
"5627",239,2015-08-26,NA,14.6377,15.9681
"5628",240,2015-08-27,NA,14.6294,15.955
"5629",241,2015-08-28,NA,14.6185,15.9389
"5630",242,2015-08-29,NA,14.6056,15.9227
"5631",243,2015-08-30,NA,14.5912,15.9055
"5632",244,2015-08-31,NA,14.5758,15.8883
"5633",245,2015-09-01,NA,14.5598,15.8694
"5634",246,2015-09-02,NA,14.5433,15.8517
"5635",247,2015-09-03,NA,14.5258,15.8262
"5636",248,2015-09-04,NA,14.5076,15.8059
"5637",249,2015-09-05,NA,14.488,15.7863
"5638",250,2015-09-06,NA,14.4682,15.7686
"5639",251,2015-09-07,NA,14.4479,15.7508
"5640",252,2015-09-08,NA,14.4277,15.7298
"5641",253,2015-09-09,NA,14.4076,15.7076
"5642",254,2015-09-10,NA,14.3872,15.6842
"5643",255,2015-09-11,NA,14.3669,15.6608
"5644",256,2015-09-12,NA,14.3454,15.6371
"5645",257,2015-09-13,NA,14.3219,15.6133
"5646",258,2015-09-14,NA,14.2976,15.5872
"5647",259,2015-09-15,NA,14.2726,15.5597
"5648",260,2015-09-16,NA,14.2469,15.529
"5649",261,2015-09-17,NA,14.2206,15.4952
"5650",262,2015-09-18,NA,14.1948,15.4595
"5651",263,2015-09-19,NA,14.1687,15.4269
"5652",264,2015-09-20,NA,14.1419,15.3957
"5653",265,2015-09-21,NA,14.1138,15.3663
"5654",266,2015-09-22,NA,14.083,15.3325
"5655",267,2015-09-23,NA,14.051,15.2982
"5656",268,2015-09-24,NA,14.0186,15.2616
"5657",269,2015-09-25,NA,13.9846,15.2229
"5658",270,2015-09-26,NA,13.9503,15.1843
"5659",271,2015-09-27,NA,13.9172,15.1464
"5660",272,2015-09-28,NA,13.8863,15.1116
"5661",273,2015-09-29,NA,13.8565,15.0781
"5662",274,2015-09-30,NA,13.8279,15.0408
"5663",275,2015-10-01,NA,13.7992,15.001
"5664",276,2015-10-02,NA,13.7711,14.9617
"5665",277,2015-10-03,NA,13.7456,14.9232
"5666",278,2015-10-04,NA,13.7226,14.8929
"5667",279,2015-10-05,NA,13.7018,14.866
"5668",280,2015-10-06,NA,13.6836,14.8402
"5669",281,2015-10-07,NA,13.6662,14.8154
"5670",282,2015-10-08,NA,13.6487,14.7939
"5671",283,2015-10-09,NA,13.6294,14.7711
"5672",284,2015-10-10,NA,13.6087,14.748
"5673",285,2015-10-11,NA,13.5869,14.7251
"5674",286,2015-10-12,NA,13.5657,14.7023
"5675",287,2015-10-13,NA,13.5461,14.6791
"5676",288,2015-10-14,NA,13.5274,14.6559
"5677",289,2015-10-15,NA,13.5082,14.6317
"5678",290,2015-10-16,NA,13.4892,14.6075
"5679",291,2015-10-17,NA,13.4706,14.5842
"5680",292,2015-10-18,NA,13.452,14.564
"5681",293,2015-10-19,NA,13.4341,14.544
"5682",294,2015-10-20,NA,13.4179,14.5239
"5683",295,2015-10-21,NA,13.4031,14.5027
"5684",296,2015-10-22,NA,13.3902,14.483
"5685",297,2015-10-23,NA,13.3793,14.4657
"5686",298,2015-10-24,NA,13.3684,14.4511
"5687",299,2015-10-25,NA,13.358,14.438
"5688",300,2015-10-26,NA,13.3492,14.4271
"5689",301,2015-10-27,NA,13.3408,14.4174
"5690",302,2015-10-28,NA,13.3322,14.4112
"5691",303,2015-10-29,NA,13.3231,14.405
"5692",304,2015-10-30,NA,13.3128,14.3974
"5693",305,2015-10-31,NA,13.3017,14.3945
"5694",306,2015-11-01,NA,13.2903,14.3942
"5695",307,2015-11-02,NA,13.2779,14.3938
"5696",308,2015-11-03,NA,13.2635,14.3927
"5697",309,2015-11-04,NA,13.2477,14.3912
"5698",310,2015-11-05,NA,13.2293,14.3859
"5699",311,2015-11-06,NA,13.2084,14.3801
"5700",312,2015-11-07,NA,13.186,14.3737
"5701",313,2015-11-08,NA,13.1624,14.3626
"5702",314,2015-11-09,NA,13.1394,14.3501
"5703",315,2015-11-10,NA,13.1171,14.3322
"5704",316,2015-11-11,NA,13.0945,14.3103
"5705",317,2015-11-12,14.6559,13.0706,14.2854
"5706",318,2015-11-13,14.89745,13.0452,14.2586
"5707",319,2015-11-14,15.384,13.0187,14.2286
"5708",320,2015-11-15,15.05519048,12.9922,14.1963
"5709",321,2015-11-16,12.83905,12.9663,14.169
"5710",322,2015-11-17,13.732,12.9408,14.1425
"5711",323,2015-11-18,13.53805882,12.9149,14.116
"5712",324,2015-11-19,13.3480625,12.8884,14.0908
"5713",325,2015-11-20,13.553,12.8613,14.0655
"5714",326,2015-11-21,13.21152632,12.8337,14.0403
"5715",327,2015-11-22,13.421,12.8057,14.0164
"5716",328,2015-11-23,13.42976923,12.778,13.9916
"5717",329,2015-11-24,12.93713793,12.7514,13.9699
"5718",330,2015-11-25,12.2783871,12.7255,13.949
"5719",331,2015-11-26,12.60675862,12.6997,13.9278
"5720",332,2015-11-27,13.0412963,12.6741,13.907
"5721",333,2015-11-28,13.28160714,12.6481,13.8808
"5722",334,2015-11-29,13.79192593,12.6226,13.8502
"5723",335,2015-11-30,13.57576,12.5981,13.8185
"5724",336,2015-12-01,13.2469,12.5735,13.7867
"5725",337,2015-12-02,13.12841667,12.5496,13.7538
"5726",338,2015-12-03,13.61457143,12.5268,13.7201
"5727",339,2015-12-04,14.5575,12.5046,13.6854
"5728",340,2015-12-05,14.25329412,12.4826,13.6464
"5729",341,2015-12-06,13.68494737,12.4617,13.606
"5730",342,2015-12-07,14.5218,12.4415,13.5653
"5731",343,2015-12-08,14.18435,12.4218,13.5229
"5732",344,2015-12-09,14.74472727,12.4029,13.484
"5733",345,2015-12-10,15.17159091,12.3846,13.4469
"5734",346,2015-12-11,14.88145455,12.3671,13.4157
"5735",347,2015-12-12,14.52273913,12.3506,13.3886
"5736",348,2015-12-13,14.29418182,12.3348,13.3639
"5737",349,2015-12-14,13.73209524,12.3191,13.3395
"5738",350,2015-12-15,14.15858333,12.3042,13.3182
"5739",351,2015-12-16,13.836625,12.2897,13.2996
"5740",352,2015-12-17,13.90828571,12.275,13.2764
"5741",353,2015-12-18,13.774,12.2605,13.2525
"5742",354,2015-12-19,13.97168421,12.2474,13.2303
"5743",355,2015-12-20,13.634,12.2354,13.2092
"5744",356,2015-12-21,13.53317391,12.2237,13.1891
"5745",357,2015-12-22,13.80686957,12.2119,13.1705
"5746",358,2015-12-23,13.211,12.2004,13.151
"5747",359,2015-12-24,12.888,12.1886,13.1316
"5748",360,2015-12-25,12.70248276,12.1767,13.1101
"5749",361,2015-12-26,12.65781481,12.1647,13.0891
"5750",362,2015-12-27,12.23022222,12.1525,13.0696
"5751",363,2015-12-28,12.36607143,12.14,13.051
"5752",364,2015-12-29,12.78932,12.1277,13.0349
"5753",365,2015-12-30,12.80405263,12.1151,13.0235
"5754",366,2015-12-31,12.73438462,12.1024,13.0133
"5755",1,2016-01-01,12.15535714,12.0905,13.0033
"5756",2,2016-01-02,12.43066667,12.0793,12.9941
"5757",3,2016-01-03,12.638,12.0687,12.9855
"5758",4,2016-01-04,12.67052632,12.0591,12.9803
"5759",5,2016-01-05,12.52919048,12.0506,12.9811
"5760",6,2016-01-06,12.89914286,12.0434,12.9852
"5761",7,2016-01-07,13.02590909,12.0377,12.9918
"5762",8,2016-01-08,13.03373913,12.034,13.0008
"5763",9,2016-01-09,13.07565217,12.0321,13.011
"5764",10,2016-01-10,13.02892308,12.0314,13.0236
"5765",11,2016-01-11,13.01057692,12.0312,13.0368
"5766",12,2016-01-12,13.30855556,12.0312,13.0503
"5767",13,2016-01-13,13.41314286,12.0311,13.0636
"5768",14,2016-01-14,13.30757143,12.0314,13.0774
"5769",15,2016-01-15,13.4312,12.0319,13.0898
"5770",16,2016-01-16,13.49566667,12.0327,13.0996
"5771",17,2016-01-17,13.70028571,12.0336,13.1059
"5772",18,2016-01-18,13.79363636,12.0344,13.1121
"5773",19,2016-01-19,13.95295652,12.0345,13.1165
"5774",20,2016-01-20,13.8246087,12.0336,13.1187
"5775",21,2016-01-21,13.75365217,12.0322,13.1197
"5776",22,2016-01-22,13.94333333,12.0309,13.1188
"5777",23,2016-01-23,13.8916,12.0298,13.1175
"5778",24,2016-01-24,13.78955556,12.0291,13.1163
"5779",25,2016-01-25,13.73319231,12.0282,13.1153
"5780",26,2016-01-26,13.84648,12.0273,13.1146
"5781",27,2016-01-27,13.72547826,12.0267,13.1131
"5782",28,2016-01-28,13.64058824,12.0267,13.1128
"5783",29,2016-01-29,13.88,12.0273,13.1139
"5784",30,2016-01-30,13.88753846,12.0279,13.1152
"5785",31,2016-01-31,13.5444,12.0285,13.1183
"5786",32,2016-02-01,12.79617647,12.0289,13.1209
"5787",33,2016-02-02,12.39136842,12.0291,13.1244
"5788",34,2016-02-03,12.32795,12.0289,13.13
"5789",35,2016-02-04,12.78995238,12.0282,13.1347
"5790",36,2016-02-05,12.85154545,12.0277,13.1385
"5791",37,2016-02-06,12.86359091,12.0272,13.1417
"5792",38,2016-02-07,12.99606897,12.0258,13.1431
"5793",39,2016-02-08,13.1975,12.0231,13.1442
"5794",40,2016-02-09,13.30244828,12.0194,13.1452
"5795",41,2016-02-10,13.37946667,12.0155,13.1462
"5796",42,2016-02-11,13.11335714,12.0119,13.1472
"5797",43,2016-02-12,12.90596,12.0091,13.1482
"5798",44,2016-02-13,12.78905882,12.0073,13.1502
"5799",45,2016-02-14,12.45610526,12.0067,13.1525
"5800",46,2016-02-15,12.59635,12.0069,13.1567
"5801",47,2016-02-16,13.33128571,12.007,13.1633
"5802",48,2016-02-17,13.33014286,12.0073,13.173
"5803",49,2016-02-18,13.38271429,12.008,13.1828
"5804",50,2016-02-19,12.94928,12.0088,13.1924
"5805",51,2016-02-20,13.21877778,12.0103,13.2025
"5806",52,2016-02-21,12.96789655,12.0124,13.2141
"5807",53,2016-02-22,13.28553846,12.015,13.23
"5808",54,2016-02-23,13.4522,12.0171,13.2468
"5809",55,2016-02-24,13.48486957,12.0188,13.2634
"5810",56,2016-02-25,13.6804,12.02,13.279
"5811",57,2016-02-26,13.5359,12.0208,13.2936
"5812",58,2016-02-27,13.3628,12.0207,13.3076
"5813",59,2016-02-28,13.31046154,12.0199,13.3202
"5814",60,2016-02-29,13.07876923,12.0193,13.3315
"5815",61,2016-03-01,12.96285714,12.0195,13.3424
"5816",62,2016-03-02,12.8956,12.0203,13.3516
"5817",63,2016-03-03,13.29935294,12.0203,13.3593
"5818",64,2016-03-04,13.72466667,12.0195,13.3644
"5819",65,2016-03-05,13.79484211,12.0183,13.368
"5820",66,2016-03-06,13.98955556,12.017,13.3696
"5821",67,2016-03-07,13.906,12.015,13.3691
"5822",68,2016-03-08,13.47096875,12.0126,13.368
"5823",69,2016-03-09,13.70593333,12.011,13.3634
"5824",70,2016-03-10,14.08771429,12.01,13.3576
"5825",71,2016-03-11,14.14511111,12.0084,13.3512
"5826",72,2016-03-12,13.62527273,12.0057,13.3431
"5827",73,2016-03-13,13.5892,12.0007,13.3346
"5828",74,2016-03-14,13.88733333,11.9943,13.3252
"5829",75,2016-03-15,13.63694737,11.9864,13.3124
"5830",76,2016-03-16,13.47988889,11.9763,13.298
"5831",77,2016-03-17,13.60670588,11.9639,13.282
"5832",78,2016-03-18,13.82942857,11.9504,13.2661
"5833",79,2016-03-19,13.70329167,11.9354,13.2503
"5834",80,2016-03-20,14.18784,11.9185,13.2335
"5835",81,2016-03-21,13.77156,11.9005,13.2156
"5836",82,2016-03-22,13.37104167,11.8813,13.1955
"5837",83,2016-03-23,13.06636364,11.8609,13.1738
"5838",84,2016-03-24,13.35047368,11.8401,13.1479
"5839",85,2016-03-25,12.75290909,11.8186,13.1214
"5840",86,2016-03-26,13.04827273,11.7956,13.0948
"5841",87,2016-03-27,12.761,11.7725,13.0707
"5842",88,2016-03-28,11.5225,11.7503,13.0468
"5843",89,2016-03-29,10.03936364,11.729,13.0229
"5844",90,2016-03-30,11.42875,11.708,12.998
"5845",91,2016-03-31,11.45409091,11.6873,12.9741
"5846",92,2016-04-01,10.94254545,11.6655,12.9484
"5847",93,2016-04-02,10.90153846,11.6434,12.9235
"5848",94,2016-04-03,11.61977273,11.6221,12.8996
"5849",95,2016-04-04,11.81873077,11.6021,12.8795
"5850",96,2016-04-05,12.31373333,11.5837,12.8636
"5851",97,2016-04-06,13.12406452,11.5672,12.8489
"5852",98,2016-04-07,13.36455172,11.5516,12.8321
"5853",99,2016-04-08,13.28622222,11.5357,12.8156
"5854",100,2016-04-09,13.27658333,11.5185,12.8025
"5855",101,2016-04-10,12.96782353,11.5013,12.7943
"5856",102,2016-04-11,12.6706875,11.4853,12.7834
"5857",103,2016-04-12,12.89393333,11.4705,12.7742
"5858",104,2016-04-13,11.7435625,11.4582,12.7686
"5859",105,2016-04-14,11.56866667,11.4479,12.764
"5860",106,2016-04-15,11.30173333,11.4389,12.7625
"5861",107,2016-04-16,11.7698125,11.4323,12.7633
"5862",108,2016-04-17,13.32717647,11.4288,12.7671
"5863",109,2016-04-18,13.2793125,11.4289,12.7723
"5864",110,2016-04-19,13.13635714,11.4325,12.7796
"5865",111,2016-04-20,13.36871429,11.4393,12.7872
"5866",112,2016-04-21,14.21913333,11.4483,12.7956
"5867",113,2016-04-22,13.09835714,11.4593,12.8064
"5868",114,2016-04-23,12.2585,11.4735,12.82
"5869",115,2016-04-24,11.61128571,11.4891,12.8338
"5870",116,2016-04-25,10.82128571,11.5065,12.8491
"5871",117,2016-04-26,10.5465,11.5258,12.8643
"5872",118,2016-04-27,10.746,11.546,12.8799
"5873",119,2016-04-28,10.705,11.5659,12.8936
"5874",120,2016-04-29,9.933111111,11.5852,12.9092
"5875",121,2016-04-30,10.1,11.6044,12.923
"5876",122,2016-05-01,12.931625,11.624,12.9388
"5877",123,2016-05-02,12.50729412,11.6447,12.9613
"5878",124,2016-05-03,11.58758333,11.6653,12.9844
"5879",125,2016-05-04,12.61008,11.6851,13.007
"5880",126,2016-05-05,12.50261538,11.7044,13.0276
"5881",127,2016-05-06,12.24615385,11.7235,13.045
"5882",128,2016-05-07,12.74466667,11.7434,13.066
"5883",129,2016-05-08,12.82668421,11.7649,13.0906
"5884",130,2016-05-09,12.35294118,11.789,13.1171
"5885",131,2016-05-10,12.2339375,11.8145,13.1436
"5886",132,2016-05-11,12.38658333,11.8406,13.1681
"5887",133,2016-05-12,13.21414286,11.868,13.2022
"5888",134,2016-05-13,13.89954545,11.8959,13.235
"5889",135,2016-05-14,14.29827273,11.9255,13.266
"5890",136,2016-05-15,14.22166667,11.9566,13.2986
"5891",137,2016-05-16,13.51635714,11.9894,13.3313
"5892",138,2016-05-17,14.0796,12.0223,13.3638
"5893",139,2016-05-18,15.148,12.054,13.3941
"5894",140,2016-05-19,12.75722222,12.0838,13.4229
"5895",141,2016-05-20,10.61811111,12.1115,13.4486
"5896",142,2016-05-21,11.78931579,12.1396,13.4758
"5897",143,2016-05-22,12.26041176,12.1675,13.5025
"5898",144,2016-05-23,12.10217647,12.195,13.5286
"5899",145,2016-05-24,11.684375,12.2235,13.5552
"5900",146,2016-05-25,11.67933333,12.2521,13.5834
"5901",147,2016-05-26,11.50958333,12.2806,13.6087
"5902",148,2016-05-27,11.1266,12.3105,13.6383
"5903",149,2016-05-28,11.9475,12.342,13.6661
"5904",150,2016-05-29,15.31609091,12.3764,13.7007
"5905",151,2016-05-30,15.01386667,12.4134,13.7409
"5906",152,2016-05-31,14.18223529,12.4518,13.7828
"5907",153,2016-06-01,14.38045,12.4907,13.8242
"5908",154,2016-06-02,14.05595238,12.5312,13.868
"5909",155,2016-06-03,13.91954545,12.574,13.9114
"5910",156,2016-06-04,14.58990909,12.619,13.9575
"5911",157,2016-06-05,14.32668421,12.665,14.0027
"5912",158,2016-06-06,14.06215789,12.711,14.048
"5913",159,2016-06-07,13.82210526,12.7551,14.0893
"5914",160,2016-06-08,13.71221053,12.7979,14.1301
"5915",161,2016-06-09,13.32323529,12.8386,14.1699
"5916",162,2016-06-10,13.02057143,12.8797,14.2094
"5917",163,2016-06-11,15.42358333,12.9224,14.2492
"5918",164,2016-06-12,14.21778571,12.9665,14.2849
"5919",165,2016-06-13,15.41846667,13.0127,14.3232
"5920",166,2016-06-14,12.41258824,13.0582,14.3623
"5921",167,2016-06-15,11.97827778,13.1016,14.3983
"5922",168,2016-06-16,12.32094737,13.1444,14.4344
"5923",169,2016-06-17,12.8652,13.188,14.4712
"5924",170,2016-06-18,13.52814286,13.2324,14.5088
"5925",171,2016-06-19,13.41814286,13.2774,14.549
"5926",172,2016-06-20,12.3876,13.3232,14.5929
"5927",173,2016-06-21,12.59047368,13.3688,14.6402
"5928",174,2016-06-22,11.92252632,13.415,14.6887
"5929",175,2016-06-23,11.97511765,13.4615,14.7374
"5930",176,2016-06-24,10.92676923,13.5035,14.781
"5931",177,2016-06-25,12.15994737,13.5437,14.8216
"5932",178,2016-06-26,12.4923913,13.5839,14.8667
"5933",179,2016-06-27,13.92576471,13.6234,14.9075
"5934",180,2016-06-28,14.17968421,13.662,14.9538
"5935",181,2016-06-29,13.64385714,13.6991,14.9992
"5936",182,2016-06-30,13.48309091,13.7346,15.0387
"5937",183,2016-07-01,13.90391304,13.7694,15.0821
"5938",184,2016-07-02,14.16465217,13.8037,15.1232
"5939",185,2016-07-03,14.06178261,13.8362,15.1575
"5940",186,2016-07-04,14.18720833,13.8664,15.1901
"5941",187,2016-07-05,13.7118,13.8965,15.2221
"5942",188,2016-07-06,13.09419231,13.927,15.2585
"5943",189,2016-07-07,13.02152,13.9578,15.2948
"5944",190,2016-07-08,13.6797619,13.9891,15.3355
"5945",191,2016-07-09,14.207,14.0204,15.376
"5946",192,2016-07-10,12.93692857,14.0521,15.415
"5947",193,2016-07-11,14.0185,14.0834,15.4512
"5948",194,2016-07-12,14.59935294,14.1139,15.4853
"5949",195,2016-07-13,14.90533333,14.1409,15.5112
"5950",196,2016-07-14,14.34095238,14.1652,15.5341
"5951",197,2016-07-15,13.75171429,14.1888,15.5566
"5952",198,2016-07-16,14.13245455,14.2131,15.5834
"5953",199,2016-07-17,14.28143478,14.2366,15.6103
"5954",200,2016-07-18,14.36822727,14.2577,15.6328
"5955",201,2016-07-19,12.87731818,14.2775,15.6454
"5956",202,2016-07-20,12.7435,14.2962,15.655
"5957",203,2016-07-21,13.22775,14.3151,15.662
"5958",204,2016-07-22,12.88911538,14.3341,15.6706
"5959",205,2016-07-23,12.8784,14.3524,15.6852
"5960",206,2016-07-24,13.15016667,14.3711,15.7077
"5961",207,2016-07-25,12.93162963,14.3917,15.7362
"5962",208,2016-07-26,14.0366,14.4141,15.7674
"5963",209,2016-07-27,13.26714286,14.4365,15.7951
"5964",210,2016-07-28,13.15308696,14.4586,15.8229
"5965",211,2016-07-29,12.83204167,14.4808,15.8449
"5966",212,2016-07-30,12.83629167,14.5022,15.863
"5967",213,2016-07-31,14.772875,14.5232,15.8795
"5968",214,2016-08-01,15.32566667,14.5429,15.8921
"5969",215,2016-08-02,14.66834483,14.5599,15.9029
"5970",216,2016-08-03,14.58474074,14.5749,15.9129
"5971",217,2016-08-04,14.56064286,14.5888,15.9176
"5972",218,2016-08-05,14.62630769,14.6007,15.92
"5973",219,2016-08-06,14.42109091,14.6101,15.916
"5974",220,2016-08-07,14.439,14.618,15.9088
"5975",221,2016-08-08,15.24314286,14.6244,15.8993
"5976",222,2016-08-09,15.4135625,14.6292,15.8906
"5977",223,2016-08-10,16.00317647,14.6335,15.8835
"5978",224,2016-08-11,16.48173684,14.6369,15.8794
"5979",225,2016-08-12,15.87047619,14.6392,15.8772
"5980",226,2016-08-13,14.39171429,14.6431,15.8809
"5981",227,2016-08-14,14.81609091,14.6479,15.8893
"5982",228,2016-08-15,15.725,14.6515,15.8975
"5983",229,2016-08-16,15.47327273,14.6538,15.9049
"5984",230,2016-08-17,14.71813333,14.6557,15.9123
"5985",231,2016-08-18,15.14766667,14.6571,15.9242
"5986",232,2016-08-19,15.21533333,14.6578,15.9427
"5987",233,2016-08-20,14.53572414,14.6583,15.9615
"5988",234,2016-08-21,14.35714286,14.6574,15.9773
"5989",235,2016-08-22,14.3322069,14.6556,15.99
"5990",236,2016-08-23,14.83744444,14.6535,15.9932
"5991",237,2016-08-24,15.5842381,14.6493,15.9885
"5992",238,2016-08-25,14.45063636,14.6441,15.9796
"5993",239,2016-08-26,14.44978261,14.6377,15.9681
"5994",240,2016-08-27,15.1966087,14.6294,15.955
"5995",241,2016-08-28,15.29192308,14.6185,15.9389
"5996",242,2016-08-29,14.34526667,14.6056,15.9227
"5997",243,2016-08-30,14.14341935,14.5912,15.9055
"5998",244,2016-08-31,14.164625,14.5758,15.8883
"5999",245,2016-09-01,14.07717241,14.5598,15.8694
"6000",246,2016-09-02,13.80089286,14.5433,15.8517
"6001",247,2016-09-03,14.02676923,14.5258,15.8262
"6002",248,2016-09-04,13.59433333,14.5076,15.8059
"6003",249,2016-09-05,13.7355,14.488,15.7863
"6004",250,2016-09-06,15.7224,14.4682,15.7686
"6005",251,2016-09-07,15.0494375,14.4479,15.7508
"6006",252,2016-09-08,15.733,14.4277,15.7298
"6007",253,2016-09-09,14.60664706,14.4076,15.7076
"6008",254,2016-09-10,14.80972222,14.3872,15.6842
"6009",255,2016-09-11,13.982,14.3669,15.6608
"6010",256,2016-09-12,14.626,14.3454,15.6371
"6011",257,2016-09-13,14.39623077,14.3219,15.6133
"6012",258,2016-09-14,15.0151,14.2976,15.5872
"6013",259,2016-09-15,14.47665625,14.2726,15.5597
"6014",260,2016-09-16,14.03046875,14.2469,15.529
"6015",261,2016-09-17,14.04203226,14.2206,15.4952
"6016",262,2016-09-18,13.82663333,14.1948,15.4595
"6017",263,2016-09-19,14.09589286,14.1687,15.4269
"6018",264,2016-09-20,15.02796552,14.1419,15.3957
"6019",265,2016-09-21,14.49946154,14.1138,15.3663
"6020",266,2016-09-22,13.86485714,14.083,15.3325
"6021",267,2016-09-23,13.3197619,14.051,15.2982
"6022",268,2016-09-24,14.5974,14.0186,15.2616
"6023",269,2016-09-25,14.67196154,13.9846,15.2229
"6024",270,2016-09-26,15.18768966,13.9503,15.1843
"6025",271,2016-09-27,14.5984,13.9172,15.1464
"6026",272,2016-09-28,13.5397,13.8863,15.1116
"6027",273,2016-09-29,13.20034483,13.8565,15.0781
"6028",274,2016-09-30,13.73413793,13.8279,15.0408
"6029",275,2016-10-01,13.67119231,13.7992,15.001
"6030",276,2016-10-02,12.74886957,13.7711,14.9617
"6031",277,2016-10-03,13.07294737,13.7456,14.9232
"6032",278,2016-10-04,13.817,13.7226,14.8929
"6033",279,2016-10-05,12.52188235,13.7018,14.866
"6034",280,2016-10-06,12.4988125,13.6836,14.8402
"6035",281,2016-10-07,13.74593333,13.6662,14.8154
"6036",282,2016-10-08,14.81278571,13.6487,14.7939
"6037",283,2016-10-09,14.78641667,13.6294,14.7711
"6038",284,2016-10-10,14.70992308,13.6087,14.748
"6039",285,2016-10-11,14.58663636,13.5869,14.7251
"6040",286,2016-10-12,14.54588889,13.5657,14.7023
"6041",287,2016-10-13,14.2223,13.5461,14.6791
"6042",288,2016-10-14,14.39642424,13.5274,14.6559
"6043",289,2016-10-15,14.73069697,13.5082,14.6317
"6044",290,2016-10-16,14.98083871,13.4892,14.6075
"6045",291,2016-10-17,15.01986207,13.4706,14.5842
"6046",292,2016-10-18,15.07114815,13.452,14.564
"6047",293,2016-10-19,14.9788,13.4341,14.544
"6048",294,2016-10-20,15.02710714,13.4179,14.5239
"6049",295,2016-10-21,15.022375,13.4031,14.5027
"6050",296,2016-10-22,14.1395,13.3902,14.483
"6051",297,2016-10-23,13.88828,13.3793,14.4657
"6052",298,2016-10-24,14.5386,13.3684,14.4511
"6053",299,2016-10-25,14.50116,13.358,14.438
"6054",300,2016-10-26,14.82588,13.3492,14.4271
"6055",301,2016-10-27,15.17596,13.3408,14.4174
"6056",302,2016-10-28,14.79808,13.3322,14.4112
"6057",303,2016-10-29,14.4956087,13.3231,14.405
"6058",304,2016-10-30,14.82555556,13.3128,14.3974
"6059",305,2016-10-31,14.96852632,13.3017,14.3945
"6060",306,2016-11-01,15.27310526,13.2903,14.3942
"6061",307,2016-11-02,15.00994737,13.2779,14.3938
"6062",308,2016-11-03,15.26026316,13.2635,14.3927
"6063",309,2016-11-04,15.51183333,13.2477,14.3912
"6064",310,2016-11-05,15.3464375,13.2293,14.3859
"6065",311,2016-11-06,15.40927273,13.2084,14.3801
"6066",312,2016-11-07,15.8075,13.186,14.3737
"6067",313,2016-11-08,15.33933333,13.1624,14.3626
"6068",314,2016-11-09,15.01277778,13.1394,14.3501
"6069",315,2016-11-10,14.42916667,13.1171,14.3322
"6070",316,2016-11-11,14.96948148,13.0945,14.3103
"6071",317,2016-11-12,14.9924,13.0706,14.2854
"6072",318,2016-11-13,14.3236129,13.0452,14.2586
"6073",319,2016-11-14,13.90522581,13.0187,14.2286
"6074",320,2016-11-15,13.8895,12.9922,14.1963
"6075",321,2016-11-16,13.29882143,12.9663,14.169
"6076",322,2016-11-17,12.67516129,12.9408,14.1425
"6077",323,2016-11-18,12.81055172,12.9149,14.116
"6078",324,2016-11-19,13.32493103,12.8884,14.0908
"6079",325,2016-11-20,13.77183333,12.8613,14.0655
"6080",326,2016-11-21,13.42517647,12.8337,14.0403
"6081",327,2016-11-22,13.1109375,12.8057,14.0164
"6082",328,2016-11-23,13.36288235,12.778,13.9916
"6083",329,2016-11-24,12.83633333,12.7514,13.9699
"6084",330,2016-11-25,12.76110526,12.7255,13.949
"6085",331,2016-11-26,12.9476,12.6997,13.9278
"6086",332,2016-11-27,13.13175,12.6741,13.907
"6087",333,2016-11-28,12.96914286,12.6481,13.8808
"6088",334,2016-11-29,12.77052381,12.6226,13.8502
"6089",335,2016-11-30,12.69259091,12.5981,13.8185
"6090",336,2016-12-01,12.7037619,12.5735,13.7867
"6091",337,2016-12-02,12.4207619,12.5496,13.7538
"6092",338,2016-12-03,12.3763,12.5268,13.7201
"6093",339,2016-12-04,12.58611765,12.5046,13.6854
"6094",340,2016-12-05,12.64090909,12.4826,13.6464
"6095",341,2016-12-06,12.2967,12.4617,13.606
"6096",342,2016-12-07,11.80207143,12.4415,13.5653
"6097",343,2016-12-08,12.15941176,12.4218,13.5229
"6098",344,2016-12-09,12.49384211,12.4029,13.484
"6099",345,2016-12-10,12.63436364,12.3846,13.4469
"6100",346,2016-12-11,12.47782609,12.3671,13.4157
"6101",347,2016-12-12,12.33603571,12.3506,13.3886
"6102",348,2016-12-13,12.29187097,12.3348,13.3639
"6103",349,2016-12-14,12.45951724,12.3191,13.3395
"6104",350,2016-12-15,12.46189655,12.3042,13.3182
"6105",351,2016-12-16,12.65186667,12.2897,13.2996
"6106",352,2016-12-17,11.90493333,12.275,13.2764
"6107",353,2016-12-18,12.11457143,12.2605,13.2525
"6108",354,2016-12-19,11.95813636,12.2474,13.2303
"6109",355,2016-12-20,11.8649375,12.2354,13.2092
"6110",356,2016-12-21,11.99111765,12.2237,13.1891
"6111",357,2016-12-22,12.05244444,12.2119,13.1705
"6112",358,2016-12-23,12.21647368,12.2004,13.151
"6113",359,2016-12-24,12.07385714,12.1886,13.1316
"6114",360,2016-12-25,11.81885714,12.1767,13.1101
"6115",361,2016-12-26,11.52528571,12.1647,13.0891
"6116",362,2016-12-27,11.74877273,12.1525,13.0696
"6117",363,2016-12-28,11.73865217,12.14,13.051
"6118",364,2016-12-29,11.815,12.1277,13.0349
"6119",365,2016-12-30,11.91304545,12.1151,13.0235
"6120",366,2016-12-31,11.94690476,12.1024,13.0133
"6121",1,2017-01-01,11.828,12.0905,13.0033
"6122",2,2017-01-02,11.72236364,12.0793,12.9941
"6123",3,2017-01-03,11.63522727,12.0687,12.9855
"6124",4,2017-01-04,11.67107692,12.0591,12.9803
"6125",5,2017-01-05,11.71423529,12.0506,12.9811
"6126",6,2017-01-06,11.347,12.0434,12.9852
"6127",7,2017-01-07,11.39759091,12.0377,12.9918
"6128",8,2017-01-08,11.878,12.034,13.0008
"6129",9,2017-01-09,11.90033333,12.0321,13.011
"6130",10,2017-01-10,12.09404167,12.0314,13.0236
"6131",11,2017-01-11,12.01246667,12.0312,13.0368
"6132",12,2017-01-12,11.83236667,12.0312,13.0503
"6133",13,2017-01-13,11.89155172,12.0311,13.0636
"6134",14,2017-01-14,11.79942857,12.0314,13.0774
"6135",15,2017-01-15,11.97437931,12.0319,13.0898
"6136",16,2017-01-16,11.88433333,12.0327,13.0996
"6137",17,2017-01-17,11.64133333,12.0336,13.1059
"6138",18,2017-01-18,11.6196,12.0344,13.1121
"6139",19,2017-01-19,11.889,12.0345,13.1165
"6140",20,2017-01-20,12.18016667,12.0336,13.1187
"6141",21,2017-01-21,12.29188889,12.0322,13.1197
"6142",22,2017-01-22,12.39375,12.0309,13.1188
"6143",23,2017-01-23,12.10271429,12.0298,13.1175
"6144",24,2017-01-24,12.029,12.0291,13.1163
"6145",25,2017-01-25,11.76213636,12.0282,13.1153
"6146",26,2017-01-26,11.74663636,12.0273,13.1146
"6147",27,2017-01-27,12.10572727,12.0267,13.1131
"6148",28,2017-01-28,11.95466667,12.0267,13.1128
"6149",29,2017-01-29,11.89729167,12.0273,13.1139
"6150",30,2017-01-30,12.1524,12.0279,13.1152
"6151",31,2017-01-31,12.27236,12.0285,13.1183
"6152",32,2017-02-01,12.01386957,12.0289,13.1209
"6153",33,2017-02-02,12.2808,12.0291,13.1244
"6154",34,2017-02-03,12.53388889,12.0289,13.13
"6155",35,2017-02-04,12.7954,12.0282,13.1347
"6156",36,2017-02-05,12.69372727,12.0277,13.1385
"6157",37,2017-02-06,12.85434783,12.0272,13.1417
"6158",38,2017-02-07,12.97634783,12.0258,13.1431
"6159",39,2017-02-08,13.0457931,12.0231,13.1442
"6160",40,2017-02-09,13.0175,12.0194,13.1452
"6161",41,2017-02-10,13.0353871,12.0155,13.1462
"6162",42,2017-02-11,12.81632143,12.0119,13.1472
"6163",43,2017-02-12,12.91882143,12.0091,13.1482
"6164",44,2017-02-13,12.72296154,12.0073,13.1502
"6165",45,2017-02-14,12.98522727,12.0067,13.1525
"6166",46,2017-02-15,12.84330769,12.0069,13.1567
"6167",47,2017-02-16,12.99569231,12.007,13.1633
"6168",48,2017-02-17,13.38214286,12.0073,13.173
"6169",49,2017-02-18,13.2666,12.008,13.1828
"6170",50,2017-02-19,12.9815,12.0088,13.1924
"6171",51,2017-02-20,13.05694118,12.0103,13.2025
"6172",52,2017-02-21,13.169,12.0124,13.2141
"6173",53,2017-02-22,12.98442105,12.015,13.23
"6174",54,2017-02-23,12.55131579,12.0171,13.2468
"6175",55,2017-02-24,12.36734783,12.0188,13.2634
"6176",56,2017-02-25,12.38325,12.02,13.279
"6177",57,2017-02-26,12.48521429,12.0208,13.2936
"6178",58,2017-02-27,12.73607143,12.0207,13.3076
"6179",59,2017-02-28,12.59066667,12.0199,13.3202
"6180",61,2017-03-01,12.60212,12.0195,13.3424
"6181",62,2017-03-02,12.58427778,12.0203,13.3516
"6182",63,2017-03-03,12.2998,12.0203,13.3593
"6183",64,2017-03-04,12.28289474,12.0195,13.3644
"6184",65,2017-03-05,12.687,12.0183,13.368
"6185",66,2017-03-06,11.41752381,12.017,13.3696
"6186",67,2017-03-07,11.8789,12.015,13.3691
"6187",68,2017-03-08,12.15452174,12.0126,13.368
"6188",69,2017-03-09,12.26075,12.011,13.3634
"6189",70,2017-03-10,11.76183333,12.01,13.3576
"6190",71,2017-03-11,12.0455,12.0084,13.3512
"6191",72,2017-03-12,12.20948148,12.0057,13.3431
"6192",73,2017-03-13,12.27592,12.0007,13.3346
"6193",74,2017-03-14,12.57309524,11.9943,13.3252
"6194",75,2017-03-15,12.12672727,11.9864,13.3124
"6195",76,2017-03-16,12.06727273,11.9763,13.298
"6196",77,2017-03-17,11.943,11.9639,13.282
"6197",78,2017-03-18,12.10376923,11.9504,13.2661
"6198",79,2017-03-19,12.68936364,11.9354,13.2503
"6199",80,2017-03-20,12.558,11.9185,13.2335
"6200",81,2017-03-21,13.1003,11.9005,13.2156
"6201",82,2017-03-22,13.668,11.8813,13.1955
"6202",83,2017-03-23,12.582,11.8609,13.1738
"6203",84,2017-03-24,12.98968421,11.8401,13.1479
"6204",85,2017-03-25,13.08536,11.8186,13.1214
"6205",86,2017-03-26,12.95240741,11.7956,13.0948
"6206",87,2017-03-27,12.84034483,11.7725,13.0707
"6207",88,2017-03-28,11.99411111,11.7503,13.0468
"6208",89,2017-03-29,12.5234,11.729,13.0229
"6209",90,2017-03-30,11.88954545,11.708,12.998
"6210",91,2017-03-31,10.58946667,11.6873,12.9741
"6211",92,2017-04-01,10.599,11.6655,12.9484
"6212",93,2017-04-02,11.5599375,11.6434,12.9235
"6213",94,2017-04-03,11.4815,11.6221,12.8996
"6214",95,2017-04-04,10.33611765,11.6021,12.8795
"6215",96,2017-04-05,11.2959,11.5837,12.8636
"6216",97,2017-04-06,11.9376087,11.5672,12.8489
"6217",98,2017-04-07,12.72756,11.5516,12.8321
"6218",99,2017-04-08,12.19972,11.5357,12.8156
"6219",100,2017-04-09,11.88395833,11.5185,12.8025
"6220",101,2017-04-10,11.79117391,11.5013,12.7943
"6221",102,2017-04-11,12.06252941,11.4853,12.7834
"6222",103,2017-04-12,12.61792857,11.4705,12.7742
"6223",104,2017-04-13,12.04564286,11.4582,12.7686
"6224",105,2017-04-14,11.43491667,11.4479,12.764
"6225",106,2017-04-15,11.34336364,11.4389,12.7625
"6226",107,2017-04-16,11.32933333,11.4323,12.7633
"6227",108,2017-04-17,11.8172,11.4288,12.7671
"6228",109,2017-04-18,12.485,11.4289,12.7723
"6229",110,2017-04-19,NA,11.4325,12.7796
"6230",111,2017-04-20,NA,11.4393,12.7872
"6231",112,2017-04-21,11.9432,11.4483,12.7956
"6232",113,2017-04-22,11.49464706,11.4593,12.8064
"6233",114,2017-04-23,11.15926087,11.4735,12.82
"6234",115,2017-04-24,10.95553846,11.4891,12.8338
"6235",116,2017-04-25,11.01266667,11.5065,12.8491
"6236",117,2017-04-26,11.08536,11.5258,12.8643
"6237",118,2017-04-27,10.74047826,11.546,12.8799
"6238",119,2017-04-28,10.56494118,11.5659,12.8936
"6239",120,2017-04-29,10.62035294,11.5852,12.9092
"6240",121,2017-04-30,10.8286875,11.6044,12.923
"6241",122,2017-05-01,10.71135714,11.624,12.9388
"6242",123,2017-05-02,10.69164706,11.6447,12.9613
"6243",124,2017-05-03,11.24635,11.6653,12.9844
"6244",125,2017-05-04,12.862375,11.6851,13.007
"6245",126,2017-05-05,12.25528571,11.7044,13.0276
"6246",127,2017-05-06,9.7684,11.7235,13.045
"6247",128,2017-05-07,10.5849375,11.7434,13.066
"6248",129,2017-05-08,11.3548125,11.7649,13.0906
"6249",130,2017-05-09,12.20770588,11.789,13.1171
"6250",131,2017-05-10,12.88429412,11.8145,13.1436
"6251",132,2017-05-11,12.847375,11.8406,13.1681
"6252",133,2017-05-12,11.6795,11.868,13.2022
"6253",134,2017-05-13,10.8192,11.8959,13.235
"6254",135,2017-05-14,10.29576923,11.9255,13.266
"6255",136,2017-05-15,10.16645455,11.9566,13.2986
"6256",137,2017-05-16,10.31488889,11.9894,13.3313
"6257",138,2017-05-17,11.58866667,12.0223,13.3638
"6258",139,2017-05-18,NA,12.054,13.3941
"6259",140,2017-05-19,13.01928571,12.0838,13.4229
"6260",141,2017-05-20,13.04953846,12.1115,13.4486
"6261",142,2017-05-21,13.05466667,12.1396,13.4758
"6262",143,2017-05-22,11.96472222,12.1675,13.5025
"6263",144,2017-05-23,12.7497,12.195,13.5286
"6264",145,2017-05-24,13.50290476,12.2235,13.5552
"6265",146,2017-05-25,12.71633333,12.2521,13.5834
"6266",147,2017-05-26,13.11368421,12.2806,13.6087
"6267",148,2017-05-27,13.09331579,12.3105,13.6383
"6268",149,2017-05-28,12.65822222,12.342,13.6661
"6269",150,2017-05-29,12.05277778,12.3764,13.7007
"6270",151,2017-05-30,11.62915,12.4134,13.7409
"6271",152,2017-05-31,12.34054167,12.4518,13.7828
"6272",153,2017-06-01,12.83016667,12.4907,13.8242
"6273",154,2017-06-02,12.74766667,12.5312,13.868
"6274",155,2017-06-03,12.930125,12.574,13.9114
"6275",156,2017-06-04,12.77476471,12.619,13.9575
"6276",157,2017-06-05,13.26931579,12.665,14.0027
"6277",158,2017-06-06,12.48631579,12.711,14.048
"6278",159,2017-06-07,14.4306,12.7551,14.0893
"6279",160,2017-06-08,13.1351,12.7979,14.1301
"6280",161,2017-06-09,12.71763158,12.8386,14.1699
"6281",162,2017-06-10,11.99005556,12.8797,14.2094
"6282",163,2017-06-11,11.06955556,12.9224,14.2492
"6283",164,2017-06-12,11.11358824,12.9665,14.2849
"6284",165,2017-06-13,11.17153333,13.0127,14.3232
"6285",166,2017-06-14,11.3821,13.0582,14.3623
"6286",167,2017-06-15,11.3236,13.1016,14.3983
"6287",168,2017-06-16,14.28155556,13.1444,14.4344
"6288",169,2017-06-17,13.97628571,13.188,14.4712
"6289",170,2017-06-18,15.49376471,13.2324,14.5088
"6290",171,2017-06-19,15.784,13.2774,14.549
"6291",172,2017-06-20,13.16268182,13.3232,14.5929
"6292",173,2017-06-21,14.52486957,13.3688,14.6402
"6293",174,2017-06-22,15.35647826,13.415,14.6887
"6294",175,2017-06-23,14.79404167,13.4615,14.7374
"6295",176,2017-06-24,13.36447619,13.5035,14.781
"6296",177,2017-06-25,13.61003846,13.5437,14.8216
"6297",178,2017-06-26,13.88408,13.5839,14.8667
"6298",179,2017-06-27,13.82357692,13.6234,14.9075
"6299",180,2017-06-28,13.553875,13.662,14.9538
"6300",181,2017-06-29,12.85177778,13.6991,14.9992
"6301",182,2017-06-30,13.54253333,13.7346,15.0387
"6302",183,2017-07-01,12.55058824,13.7694,15.0821
"6303",184,2017-07-02,13.51622222,13.8037,15.1232
"6304",185,2017-07-03,15.31168421,13.8362,15.1575
"6305",186,2017-07-04,14.42509524,13.8664,15.1901
"6306",187,2017-07-05,12.78166667,13.8965,15.2221
"6307",188,2017-07-06,12.75409091,13.927,15.2585
"6308",189,2017-07-07,13.05359091,13.9578,15.2948
"6309",190,2017-07-08,12.69654545,13.9891,15.3355
"6310",191,2017-07-09,13.50163158,14.0204,15.376
"6311",192,2017-07-10,12.92894737,14.0521,15.415
"6312",193,2017-07-11,13.356,14.0834,15.4512
"6313",194,2017-07-12,12.7812,14.1139,15.4853
"6314",195,2017-07-13,12.90738889,14.1409,15.5112
"6315",196,2017-07-14,13.1741,14.1652,15.5341
"6316",197,2017-07-15,14.4938,14.1888,15.5566
"6317",198,2017-07-16,15.21994444,14.2131,15.5834
"6318",199,2017-07-17,14.9203,14.2366,15.6103
"6319",200,2017-07-18,14.56704545,14.2577,15.6328
"6320",201,2017-07-19,14.75220833,14.2775,15.6454
"6321",202,2017-07-20,14.18395833,14.2962,15.655
"6322",203,2017-07-21,13.281,14.3151,15.662
"6323",204,2017-07-22,14.809,14.3341,15.6706
"6324",205,2017-07-23,15.10444828,14.3524,15.6852
"6325",206,2017-07-24,14.83836667,14.3711,15.7077
"6326",207,2017-07-25,14.48343333,14.3917,15.7362
"6327",208,2017-07-26,14.629,14.4141,15.7674
"6328",209,2017-07-27,14.22545833,14.4365,15.7951
"6329",210,2017-07-28,13.89180769,14.4586,15.8229
"6330",211,2017-07-29,14.91170588,14.4808,15.8449
"6331",212,2017-07-30,15.27966667,14.5022,15.863
"6332",213,2017-07-31,15.06663158,14.5232,15.8795
"6333",214,2017-08-01,14.4252381,14.5429,15.8921
"6334",215,2017-08-02,13.97342857,14.5599,15.9029
"6335",216,2017-08-03,14.28190909,14.5749,15.9129
"6336",217,2017-08-04,15.34736364,14.5888,15.9176
"6337",218,2017-08-05,15.21427273,14.6007,15.92
"6338",219,2017-08-06,14.74177273,14.6101,15.916
"6339",220,2017-08-07,14.1954,14.618,15.9088
"6340",221,2017-08-08,14.08104167,14.6244,15.8993
"6341",222,2017-08-09,13.89134615,14.6292,15.8906
"6342",223,2017-08-10,14.38392308,14.6335,15.8835
"6343",224,2017-08-11,14.39336,14.6369,15.8794
"6344",225,2017-08-12,14.66620833,14.6392,15.8772
"6345",226,2017-08-13,16.33588889,14.6431,15.8809
"6346",227,2017-08-14,15.8874,14.6479,15.8893
"6347",228,2017-08-15,14.68245455,14.6515,15.8975
"6348",229,2017-08-16,14.40308696,14.6538,15.9049
"6349",230,2017-08-17,16.136,14.6557,15.9123
"6350",231,2017-08-18,15.10595833,14.6571,15.9242
"6351",232,2017-08-19,14.19993548,14.6578,15.9427
"6352",233,2017-08-20,15.67546875,14.6583,15.9615
"6353",234,2017-08-21,15.51475,14.6574,15.9773
"6354",235,2017-08-22,15.95812903,14.6556,15.99
"6355",236,2017-08-23,15.2384,14.6535,15.9932
"6356",237,2017-08-24,14.87782143,14.6493,15.9885
"6357",238,2017-08-25,14.67347826,14.6441,15.9796
"6358",239,2017-08-26,14.92591667,14.6377,15.9681
"6359",240,2017-08-27,15.5480625,14.6294,15.955
"6360",241,2017-08-28,15.45164706,14.6185,15.9389
"6361",242,2017-08-29,14.97827778,14.6056,15.9227
"6362",243,2017-08-30,14.31105263,14.5912,15.9055
"6363",244,2017-08-31,15.091,14.5758,15.8883
"6364",245,2017-09-01,16.8044,14.5598,15.8694
"6365",246,2017-09-02,16.29245,14.5433,15.8517
"6366",247,2017-09-03,15.72086957,14.5258,15.8262
"6367",248,2017-09-04,14.81796429,14.5076,15.8059
"6368",249,2017-09-05,14.68286667,14.488,15.7863
"6369",250,2017-09-06,15.70275,14.4682,15.7686
"6370",251,2017-09-07,16.93125,14.4479,15.7508
"6371",252,2017-09-08,16.36411111,14.4277,15.7298
"6372",253,2017-09-09,16.74108,14.4076,15.7076
"6373",254,2017-09-10,17.52115385,14.3872,15.6842
"6374",255,2017-09-11,17.6481,14.3669,15.6608
"6375",256,2017-09-12,18.27471429,14.3454,15.6371
"6376",257,2017-09-13,17.94259091,14.3219,15.6133
"6377",258,2017-09-14,18.08413636,14.2976,15.5872
"6378",259,2017-09-15,16.39229167,14.2726,15.5597
"6379",260,2017-09-16,15.37113333,14.2469,15.529
"6380",261,2017-09-17,15.291875,14.2206,15.4952
"6381",262,2017-09-18,15.9665,14.1948,15.4595
"6382",263,2017-09-19,14.20866667,14.1687,15.4269
"6383",264,2017-09-20,14.3236,14.1419,15.3957
"6384",265,2017-09-21,14.20742857,14.1138,15.3663
"6385",266,2017-09-22,13.65792,14.083,15.3325
"6386",267,2017-09-23,13.74169565,14.051,15.2982
"6387",268,2017-09-24,13.73364706,14.0186,15.2616
"6388",269,2017-09-25,14.0964375,13.9846,15.2229
"6389",270,2017-09-26,14.1579375,13.9503,15.1843
"6390",271,2017-09-27,15.17307143,13.9172,15.1464
"6391",272,2017-09-28,15.72407692,13.8863,15.1116
"6392",273,2017-09-29,14.4435,13.8565,15.0781
"6393",274,2017-09-30,14.48753333,13.8279,15.0408
"6394",275,2017-10-01,14.51045455,13.7992,15.001
"6395",276,2017-10-02,13.72348148,13.7711,14.9617
"6396",277,2017-10-03,12.77366667,13.7456,14.9232
"6397",278,2017-10-04,13.78416129,13.7226,14.8929
"6398",279,2017-10-05,13.30475,13.7018,14.866
"6399",280,2017-10-06,13.13796429,13.6836,14.8402
"6400",281,2017-10-07,12.61377778,13.6662,14.8154
"6401",282,2017-10-08,12.10264,13.6487,14.7939
"6402",283,2017-10-09,12.83433333,13.6294,14.7711
"6403",284,2017-10-10,13.96381818,13.6087,14.748
"6404",285,2017-10-11,13.34157143,13.5869,14.7251
"6405",286,2017-10-12,12.9835,13.5657,14.7023
"6406",287,2017-10-13,12.65619231,13.5461,14.6791
"6407",288,2017-10-14,12.65265517,13.5274,14.6559
"6408",289,2017-10-15,13.2182,13.5082,14.6317
"6409",290,2017-10-16,13.36374194,13.4892,14.6075
"6410",291,2017-10-17,13.12773333,13.4706,14.5842
"6411",292,2017-10-18,12.53756667,13.452,14.564
"6412",293,2017-10-19,12.75246429,13.4341,14.544
"6413",294,2017-10-20,12.92515385,13.4179,14.5239
"6414",295,2017-10-21,12.5203,13.4031,14.5027
"6415",296,2017-10-22,12.74436842,13.3902,14.483
"6416",297,2017-10-23,12.86594444,13.3793,14.4657
"6417",298,2017-10-24,13.05441176,13.3684,14.4511
"6418",299,2017-10-25,13.7284,13.358,14.438
"6419",300,2017-10-26,13.62227273,13.3492,14.4271
"6420",301,2017-10-27,13.642,13.3408,14.4174
"6421",302,2017-10-28,NA,13.3322,14.4112
"6422",303,2017-10-29,12.37327273,13.3231,14.405
"6423",304,2017-10-30,12.60510526,13.3128,14.3974
"6424",305,2017-10-31,12.58966667,13.3017,14.3945
"6425",306,2017-11-01,13.08537037,13.2903,14.3942
"6426",307,2017-11-02,13.36421429,13.2779,14.3938
"6427",308,2017-11-03,13.66806667,13.2635,14.3927
"6428",309,2017-11-04,13.63758621,13.2477,14.3912
"6429",310,2017-11-05,13.16711111,13.2293,14.3859
"6430",311,2017-11-06,13.5012963,13.2084,14.3801
"6431",312,2017-11-07,13.56035714,13.186,14.3737
"6432",313,2017-11-08,13.61396154,13.1624,14.3626
"6433",314,2017-11-09,13.65307692,13.1394,14.3501
"6434",315,2017-11-10,13.71040741,13.1171,14.3322
"6435",316,2017-11-11,13.77769231,13.0945,14.3103
"6436",317,2017-11-12,13.70669565,13.0706,14.2854
"6437",318,2017-11-13,13.61133333,13.0452,14.2586
"6438",319,2017-11-14,13.75,13.0187,14.2286
"6439",320,2017-11-15,13.51909524,12.9922,14.1963
"6440",321,2017-11-16,14.53495,12.9663,14.169
"6441",322,2017-11-17,14.32795,12.9408,14.1425
"6442",323,2017-11-18,13.64390476,12.9149,14.116
"6443",324,2017-11-19,13.99495238,12.8884,14.0908
"6444",325,2017-11-20,14.32366667,12.8613,14.0655
"6445",326,2017-11-21,14.4393,12.8337,14.0403
"6446",327,2017-11-22,14.51152632,12.8057,14.0164
"6447",328,2017-11-23,15.00482353,12.778,13.9916
"6448",329,2017-11-24,14.94975,12.7514,13.9699
"6449",330,2017-11-25,NA,12.7255,13.949
"6450",331,2017-11-26,14.3045,12.6997,13.9278
"6451",332,2017-11-27,14.33,12.6741,13.907
"6452",333,2017-11-28,13.0355,12.6481,13.8808
"6453",334,2017-11-29,13.00933333,12.6226,13.8502
"6454",335,2017-11-30,13.111,12.5981,13.8185
"6455",336,2017-12-01,13.20772727,12.5735,13.7867
"6456",337,2017-12-02,13.13125,12.5496,13.7538
"6457",338,2017-12-03,13.01123333,12.5268,13.7201
"6458",339,2017-12-04,11.97333333,12.5046,13.6854
"6459",340,2017-12-05,12.03877778,12.4826,13.6464
"6460",341,2017-12-06,12.7343871,12.4617,13.606
"6461",342,2017-12-07,12.57203125,12.4415,13.5653
"6462",343,2017-12-08,12.60086667,12.4218,13.5229
"6463",344,2017-12-09,12.78407692,12.4029,13.484
"6464",345,2017-12-10,12.55235294,12.3846,13.4469
"6465",346,2017-12-11,12.88483333,12.3671,13.4157
"6466",347,2017-12-12,12.91347368,12.3506,13.3886
"6467",348,2017-12-13,12.7714,12.3348,13.3639
"6468",349,2017-12-14,12.78757143,12.3191,13.3395
"6469",350,2017-12-15,12.98659091,12.3042,13.3182
"6470",351,2017-12-16,12.89654545,12.2897,13.2996
"6471",352,2017-12-17,12.52586364,12.275,13.2764
"6472",353,2017-12-18,12.3805,12.2605,13.2525
"6473",354,2017-12-19,12.20519048,12.2474,13.2303
"6474",355,2017-12-20,12.938,12.2354,13.2092
"6475",356,2017-12-21,12.5167,12.2237,13.1891
"6476",357,2017-12-22,12.24188889,12.2119,13.1705
"6477",358,2017-12-23,12.80446154,12.2004,13.151
"6478",359,2017-12-24,12.32,12.1886,13.1316
"6479",360,2017-12-25,12.28754545,12.1767,13.1101
"6480",361,2017-12-26,12.44,12.1647,13.0891
"6481",362,2017-12-27,12.16821053,12.1525,13.0696
"6482",363,2017-12-28,12.3003,12.14,13.051
"6483",364,2017-12-29,12.26872727,12.1277,13.0349
"6484",365,2017-12-30,12.448,12.1151,13.0235
"6485",366,2017-12-31,12.94204,12.1024,13.0133
"6486",1,2018-01-01,12.91648387,12.0905,13.0033
"6487",2,2018-01-02,13.04806667,12.0793,12.9941
"6488",3,2018-01-03,12.77265517,12.0687,12.9855
"6489",4,2018-01-04,13.31893548,12.0591,12.9803
"6490",5,2018-01-05,13.86963636,12.0506,12.9811
"6491",6,2018-01-06,13.7556,12.0434,12.9852
"6492",7,2018-01-07,13.25590909,12.0377,12.9918
"6493",8,2018-01-08,13.24852941,12.034,13.0008
"6494",9,2018-01-09,13.42373684,12.0321,13.011
"6495",10,2018-01-10,13.26842857,12.0314,13.0236
"6496",11,2018-01-11,13.32671429,12.0312,13.0368
"6497",12,2018-01-12,13.48333333,12.0312,13.0503
"6498",13,2018-01-13,13.39881818,12.0311,13.0636
"6499",14,2018-01-14,13.50486364,12.0314,13.0774
"6500",15,2018-01-15,13.62672727,12.0319,13.0898
"6501",16,2018-01-16,13.80563636,12.0327,13.0996
"6502",17,2018-01-17,13.72054545,12.0336,13.1059
"6503",18,2018-01-18,13.55138095,12.0344,13.1121
"6504",19,2018-01-19,13.4166,12.0345,13.1165
"6505",20,2018-01-20,12.945,12.0336,13.1187
"6506",21,2018-01-21,12.61736842,12.0322,13.1197
"6507",22,2018-01-22,12.811,12.0309,13.1188
"6508",23,2018-01-23,12.90692308,12.0298,13.1175
"6509",24,2018-01-24,12.8969375,12.0291,13.1163
"6510",25,2018-01-25,12.93915,12.0282,13.1153
"6511",26,2018-01-26,12.89236364,12.0273,13.1146
"6512",27,2018-01-27,12.65121739,12.0267,13.1131
"6513",28,2018-01-28,12.60904167,12.0267,13.1128
"6514",29,2018-01-29,12.64085185,12.0273,13.1139
"6515",30,2018-01-30,12.56603125,12.0279,13.1152
"6516",31,2018-01-31,12.48296875,12.0285,13.1183
"6517",32,2018-02-01,12.4029,12.0289,13.1209
"6518",33,2018-02-02,12.56716667,12.0291,13.1244
"6519",34,2018-02-03,12.74989655,12.0289,13.13
"6520",35,2018-02-04,12.80664,12.0282,13.1347
"6521",36,2018-02-05,12.4066875,12.0277,13.1385
"6522",37,2018-02-06,12.25617647,12.0272,13.1417
"6523",38,2018-02-07,12.39,12.0258,13.1431
"6524",39,2018-02-08,12.84994444,12.0231,13.1442
"6525",40,2018-02-09,12.57455,12.0194,13.1452
"6526",41,2018-02-10,12.316,12.0155,13.1462
"6527",42,2018-02-11,11.6483,12.0119,13.1472
"6528",43,2018-02-12,11.641,12.0091,13.1482
"6529",44,2018-02-13,11.50615,12.0073,13.1502
"6530",45,2018-02-14,12.1404,12.0067,13.1525
"6531",46,2018-02-15,11.92433333,12.0069,13.1567
"6532",47,2018-02-16,11.98095652,12.007,13.1633
"6533",48,2018-02-17,12.13065217,12.0073,13.173
"6534",49,2018-02-18,12.15081818,12.008,13.1828
"6535",50,2018-02-19,11.30594737,12.0088,13.1924
"6536",51,2018-02-20,10.69125,12.0103,13.2025
"6537",52,2018-02-21,10.5803125,12.0124,13.2141
"6538",53,2018-02-22,10.78522222,12.015,13.23
"6539",54,2018-02-23,10.4525,12.0171,13.2468
"6540",55,2018-02-24,10.06509091,12.0188,13.2634
"6541",56,2018-02-25,10.24563636,12.02,13.279
"6542",57,2018-02-26,10.58181818,12.0208,13.2936
"6543",58,2018-02-27,10.3775,12.0207,13.3076
"6544",59,2018-02-28,10.43206061,12.0199,13.3202
"6545",61,2018-03-01,10.945375,12.0195,13.3424
"6546",62,2018-03-02,11.04244828,12.0203,13.3516
"6547",63,2018-03-03,11.24310714,12.0203,13.3593
"6548",64,2018-03-04,11.33246154,12.0195,13.3644
"6549",65,2018-03-05,11.43363158,12.0183,13.368
"6550",66,2018-03-06,11.07961538,12.017,13.3696
"6551",67,2018-03-07,11.3076875,12.015,13.3691
"6552",68,2018-03-08,11.861875,12.0126,13.368
"6553",69,2018-03-09,11.74266667,12.011,13.3634
"6554",70,2018-03-10,11.72578571,12.01,13.3576
"6555",71,2018-03-11,11.523,12.0084,13.3512
"6556",72,2018-03-12,11.70686667,12.0057,13.3431
"6557",73,2018-03-13,12.51205882,12.0007,13.3346
"6558",74,2018-03-14,12.27561111,11.9943,13.3252
"6559",75,2018-03-15,12.25491304,11.9864,13.3124
"6560",76,2018-03-16,12.43786957,11.9763,13.298
"6561",77,2018-03-17,12.27166667,11.9639,13.282
"6562",78,2018-03-18,12.3696087,11.9504,13.2661
"6563",79,2018-03-19,12.51609524,11.9354,13.2503
"6564",80,2018-03-20,12.543,11.9185,13.2335
"6565",81,2018-03-21,12.47985714,11.9005,13.2156
"6566",82,2018-03-22,12.775,11.8813,13.1955
"6567",83,2018-03-23,12.12478947,11.8609,13.1738
"6568",84,2018-03-24,12.26773684,11.8401,13.1479
"6569",85,2018-03-25,12.17842105,11.8186,13.1214
"6570",86,2018-03-26,11.912,11.7956,13.0948
"6571",87,2018-03-27,12.05488462,11.7725,13.0707
"6572",88,2018-03-28,12.63936667,11.7503,13.0468
"6573",89,2018-03-29,13.10114286,11.729,13.0229
"6574",90,2018-03-30,13.22007407,11.708,12.998
"6575",91,2018-03-31,13.08351852,11.6873,12.9741
"6576",92,2018-04-01,12.867125,11.6655,12.9484
"6577",93,2018-04-02,12.67542105,11.6434,12.9235
"6578",94,2018-04-03,12.11692857,11.6221,12.8996
"6579",95,2018-04-04,12.02730769,11.6021,12.8795
"6580",96,2018-04-05,12.07066667,11.5837,12.8636
"6581",97,2018-04-06,12.53323077,11.5672,12.8489
"6582",98,2018-04-07,13.302,11.5516,12.8321
"6583",99,2018-04-08,NA,11.5357,12.8156
"6584",100,2018-04-09,NA,11.5185,12.8025
"6585",101,2018-04-10,11.694,11.5013,12.7943
"6586",102,2018-04-11,11.68590909,11.4853,12.7834
"6587",103,2018-04-12,11.20084211,11.4705,12.7742
"6588",104,2018-04-13,10.83368182,11.4582,12.7686
"6589",105,2018-04-14,11.34322727,11.4479,12.764
"6590",106,2018-04-15,11.08709524,11.4389,12.7625
"6591",107,2018-04-16,11.1473,11.4323,12.7633
"6592",108,2018-04-17,11.128,11.4288,12.7671
"6593",109,2018-04-18,10.861125,11.4289,12.7723
"6594",110,2018-04-19,10.568,11.4325,12.7796
"6595",111,2018-04-20,10.3600625,11.4393,12.7872
"6596",112,2018-04-21,10.41689474,11.4483,12.7956
"6597",113,2018-04-22,10.69677778,11.4593,12.8064
"6598",114,2018-04-23,10.7679375,11.4735,12.82
"6599",115,2018-04-24,11.98781818,11.4891,12.8338
"6600",116,2018-04-25,11.71008333,11.5065,12.8491
"6601",117,2018-04-26,11.867,11.5258,12.8643
"6602",118,2018-04-27,11.86083333,11.546,12.8799
"6603",119,2018-04-28,11.80172727,11.5659,12.8936
"6604",120,2018-04-29,11.50582353,11.5852,12.9092
"6605",121,2018-04-30,10.78013333,11.6044,12.923
"6606",122,2018-05-01,10.67906667,11.624,12.9388
"6607",123,2018-05-02,11.01926667,11.6447,12.9613
"6608",124,2018-05-03,11.52235714,11.6653,12.9844
"6609",125,2018-05-04,11.65141667,11.6851,13.007
"6610",126,2018-05-05,10.937,11.7044,13.0276
"6611",127,2018-05-06,10.361,11.7235,13.045
"6612",128,2018-05-07,NA,11.7434,13.066
"6613",129,2018-05-08,NA,11.7649,13.0906
"6614",130,2018-05-09,13.1412,11.789,13.1171
"6615",131,2018-05-10,11.0436,11.8145,13.1436
"6616",132,2018-05-11,11.38676923,11.8406,13.1681
"6617",133,2018-05-12,12.3928125,11.868,13.2022
"6618",134,2018-05-13,12.62522222,11.8959,13.235
"6619",135,2018-05-14,13.80835294,11.9255,13.266
"6620",136,2018-05-15,13.04644444,11.9566,13.2986
"6621",137,2018-05-16,12.52126316,11.9894,13.3313
"6622",138,2018-05-17,11.67542105,12.0223,13.3638
"6623",139,2018-05-18,11.05333333,12.054,13.3941
"6624",140,2018-05-19,10.97729412,12.0838,13.4229
"6625",141,2018-05-20,10.89755556,12.1115,13.4486
"6626",142,2018-05-21,10.79791667,12.1396,13.4758
"6627",143,2018-05-22,11.39963636,12.1675,13.5025
"6628",144,2018-05-23,11.159,12.195,13.5286
"6629",145,2018-05-24,12.01394118,12.2235,13.5552
"6630",146,2018-05-25,12.58177778,12.2521,13.5834
"6631",147,2018-05-26,11.84311111,12.2806,13.6087
"6632",148,2018-05-27,11.88115789,12.3105,13.6383
"6633",149,2018-05-28,13.852,12.342,13.6661
"6634",150,2018-05-29,13.51211111,12.3764,13.7007
"6635",151,2018-05-30,12.116,12.4134,13.7409
"6636",152,2018-05-31,10.9835,12.4518,13.7828
"6637",153,2018-06-01,10.41058824,12.4907,13.8242
"6638",154,2018-06-02,10.66971429,12.5312,13.868
"6639",155,2018-06-03,10.90116667,12.574,13.9114
"6640",156,2018-06-04,10.68736364,12.619,13.9575
"6641",157,2018-06-05,NA,12.665,14.0027
"6642",158,2018-06-06,12.45283333,12.711,14.048
"6643",159,2018-06-07,11.57258333,12.7551,14.0893
"6644",160,2018-06-08,13.1892,12.7979,14.1301
"6645",161,2018-06-09,12.91233333,12.8386,14.1699
"6646",162,2018-06-10,12.08485,12.8797,14.2094
"6647",163,2018-06-11,11.239,12.9224,14.2492
"6648",164,2018-06-12,11.4377619,12.9665,14.2849
"6649",165,2018-06-13,12.6514,13.0127,14.3232
"6650",166,2018-06-14,12.08252381,13.0582,14.3623
"6651",167,2018-06-15,12.40065,13.1016,14.3983
"6652",168,2018-06-16,12.72528571,13.1444,14.4344
"6653",169,2018-06-17,13.34258333,13.188,14.4712
"6654",170,2018-06-18,13.19621429,13.2324,14.5088
"6655",171,2018-06-19,12.7902963,13.2774,14.549
"6656",172,2018-06-20,13.25644444,13.3232,14.5929
"6657",173,2018-06-21,12.97389474,13.3688,14.6402
"6658",174,2018-06-22,12.58865,13.415,14.6887
"6659",175,2018-06-23,13.24209524,13.4615,14.7374
"6660",176,2018-06-24,14.19028571,13.5035,14.781
"6661",177,2018-06-25,12.89786364,13.5437,14.8216
"6662",178,2018-06-26,12.7301,13.5839,14.8667
"6663",179,2018-06-27,13.457,13.6234,14.9075
"6664",180,2018-06-28,12.86505,13.662,14.9538
"6665",181,2018-06-29,12.74352632,13.6991,14.9992
"6666",182,2018-06-30,13.57311111,13.7346,15.0387
"6667",183,2018-07-01,14.47964706,13.7694,15.0821
"6668",184,2018-07-02,14.354,13.8037,15.1232
"6669",185,2018-07-03,13.99823077,13.8362,15.1575
"6670",186,2018-07-04,14.81516667,13.8664,15.1901
"6671",187,2018-07-05,14.85625,13.8965,15.2221
"6672",188,2018-07-06,14.917875,13.927,15.2585
"6673",189,2018-07-07,14.44715789,13.9578,15.2948
"6674",190,2018-07-08,14.85238095,13.9891,15.3355
"6675",191,2018-07-09,15.02908696,14.0204,15.376
"6676",192,2018-07-10,15.02354167,14.0521,15.415
"6677",193,2018-07-11,14.34156522,14.0834,15.4512
"6678",194,2018-07-12,14.96966667,14.1139,15.4853
"6679",195,2018-07-13,14.24625926,14.1409,15.5112
"6680",196,2018-07-14,12.97168966,14.1652,15.5341
"6681",197,2018-07-15,13.18855172,14.1888,15.5566
"6682",198,2018-07-16,13.08686207,14.2131,15.5834
"6683",199,2018-07-17,13.33077419,14.2366,15.6103
"6684",200,2018-07-18,14.22843333,14.2577,15.6328
"6685",201,2018-07-19,15.81421053,14.2775,15.6454
"6686",202,2018-07-20,16.72585714,14.2962,15.655
"6687",203,2018-07-21,16.734,14.3151,15.662
"6688",204,2018-07-22,15.73227273,14.3341,15.6706
"6689",205,2018-07-23,13.95768182,14.3524,15.6852
"6690",206,2018-07-24,13.67963636,14.3711,15.7077
"6691",207,2018-07-25,14.43472727,14.3917,15.7362
"6692",208,2018-07-26,14.3666,14.4141,15.7674
"6693",209,2018-07-27,13.9474,14.4365,15.7951
"6694",210,2018-07-28,13.30005263,14.4586,15.8229
"6695",211,2018-07-29,13.13211111,14.4808,15.8449
"6696",212,2018-07-30,12.93423529,14.5022,15.863
"6697",213,2018-07-31,13.3392,14.5232,15.8795
"6698",214,2018-08-01,13.49545455,14.5429,15.8921
"6699",215,2018-08-02,13.45445,14.5599,15.9029
"6700",216,2018-08-03,14.64425,14.5749,15.9129
"6701",217,2018-08-04,14.36005263,14.5888,15.9176
"6702",218,2018-08-05,14.48436364,14.6007,15.92
"6703",219,2018-08-06,14.17758333,14.6101,15.916
"6704",220,2018-08-07,12.847125,14.618,15.9088
"6705",221,2018-08-08,13.50304,14.6244,15.8993
"6706",222,2018-08-09,12.45329167,14.6292,15.8906
"6707",223,2018-08-10,12.45282759,14.6335,15.8835
"6708",224,2018-08-11,13.57919355,14.6369,15.8794
"6709",225,2018-08-12,13.563,14.6392,15.8772
"6710",226,2018-08-13,13.74954839,14.6431,15.8809
"6711",227,2018-08-14,13.9588,14.6479,15.8893
"6712",228,2018-08-15,14.2475625,14.6515,15.8975
"6713",229,2018-08-16,14.303,14.6538,15.9049
"6714",230,2018-08-17,14.22521053,14.6557,15.9123
"6715",231,2018-08-18,14.0788,14.6571,15.9242
"6716",232,2018-08-19,14.94152381,14.6578,15.9427
"6717",233,2018-08-20,14.76719048,14.6583,15.9615
"6718",234,2018-08-21,14.67931818,14.6574,15.9773
"6719",235,2018-08-22,15.51459091,14.6556,15.99
"6720",236,2018-08-23,15.17357143,14.6535,15.9932
"6721",237,2018-08-24,14.69394737,14.6493,15.9885
"6722",238,2018-08-25,14.371375,14.6441,15.9796
"6723",239,2018-08-26,15.05134615,14.6377,15.9681
"6724",240,2018-08-27,15.5778,14.6294,15.955
"6725",241,2018-08-28,15.76611538,14.6185,15.9389
"6726",242,2018-08-29,16.21904167,14.6056,15.9227
"6727",243,2018-08-30,16.37611538,14.5912,15.9055
"6728",244,2018-08-31,15.80289474,14.5758,15.8883
"6729",245,2018-09-01,15.50116667,14.5598,15.8694
"6730",246,2018-09-02,15.30965,14.5433,15.8517
"6731",247,2018-09-03,17.01263636,14.5258,15.8262
"6732",248,2018-09-04,16.45043478,14.5076,15.8059
"6733",249,2018-09-05,16.12245833,14.488,15.7863
"6734",250,2018-09-06,14.85946429,14.4682,15.7686
"6735",251,2018-09-07,14.14703125,14.4479,15.7508
"6736",252,2018-09-08,14.556875,14.4277,15.7298
"6737",253,2018-09-09,14.4175,14.4076,15.7076
"6738",254,2018-09-10,14.08751613,14.3872,15.6842
"6739",255,2018-09-11,14.9057931,14.3669,15.6608
"6740",256,2018-09-12,14.41185714,14.3454,15.6371
"6741",257,2018-09-13,13.42612903,14.3219,15.6133
"6742",258,2018-09-14,13.29109091,14.2976,15.5872
"6743",259,2018-09-15,13.067,14.2726,15.5597
"6744",260,2018-09-16,13.285,14.2469,15.529
"6745",261,2018-09-17,13.11823529,14.2206,15.4952
"6746",262,2018-09-18,13.55947059,14.1948,15.4595
"6747",263,2018-09-19,13.38988235,14.1687,15.4269
"6748",264,2018-09-20,13.98918182,14.1419,15.3957
"6749",265,2018-09-21,13.82591667,14.1138,15.3663
"6750",266,2018-09-22,13.54659259,14.083,15.3325
"6751",267,2018-09-23,13.32522222,14.051,15.2982
"6752",268,2018-09-24,14.08003846,14.0186,15.2616
"6753",269,2018-09-25,14.41381481,13.9846,15.2229
"6754",270,2018-09-26,13.95473077,13.9503,15.1843
"6755",271,2018-09-27,13.66095833,13.9172,15.1464
"6756",272,2018-09-28,13.66392308,13.8863,15.1116
"6757",273,2018-09-29,14.23805,13.8565,15.0781
"6758",274,2018-09-30,14.9607,13.8279,15.0408
"6759",275,2018-10-01,14.4447619,13.7992,15.001
"6760",276,2018-10-02,15.08271429,13.7711,14.9617
"6761",277,2018-10-03,15.3994,13.7456,14.9232
"6762",278,2018-10-04,15.17811111,13.7226,14.8929
"6763",279,2018-10-05,14.8476129,13.7018,14.866
"6764",280,2018-10-06,14.64121875,13.6836,14.8402
"6765",281,2018-10-07,14.05563636,13.6662,14.8154
"6766",282,2018-10-08,15.37056667,13.6487,14.7939
"6767",283,2018-10-09,15.32745161,13.6294,14.7711
"6768",284,2018-10-10,15.29157143,13.6087,14.748
"6769",285,2018-10-11,15.03468966,13.5869,14.7251
