"","doy","t","temp","seas","thresh"
"1",299,2005-10-25,12.3,13.7134,15.333
"2",300,2005-10-26,12.06,13.6977,15.3168
"3",301,2005-10-27,12.11,13.6802,15.2938
"4",302,2005-10-28,12.22,13.6598,15.2693
"5",303,2005-10-29,12.57,13.6371,15.2422
"6",304,2005-10-30,12.47,13.6126,15.2125
"7",305,2005-10-31,12.42,13.5887,15.1822
"8",306,2005-11-01,12.49,13.5668,15.1525
"9",307,2005-11-02,12.32,13.5458,15.1256
"10",308,2005-11-03,12.2,13.5238,15.0948
"11",309,2005-11-04,12.26,13.5011,15.0649
"12",310,2005-11-05,12.01,13.4782,15.0378
"13",311,2005-11-06,12.18,13.4565,15.0111
"14",312,2005-11-07,12.25,13.4364,14.9871
"15",313,2005-11-08,13.31,13.4188,14.9659
"16",314,2005-11-09,12.93,13.4041,14.9509
"17",315,2005-11-10,12.4,13.3918,14.9416
"18",316,2005-11-11,12.24,13.3802,14.9337
"19",317,2005-11-12,12.62,13.3681,14.9266
"20",318,2005-11-13,12.67,13.3558,14.9198
"21",319,2005-11-14,12.89,13.344,14.9196
"22",320,2005-11-15,12.86,13.3328,14.9184
"23",321,2005-11-16,13,13.3239,14.921
"24",322,2005-11-17,13.2,13.3164,14.9253
"25",323,2005-11-18,13.31,13.3092,14.9315
"26",324,2005-11-19,13.35,13.3017,14.9367
"27",325,2005-11-20,13.43,13.295,14.9454
"28",326,2005-11-21,13.48,13.2898,14.9518
"29",327,2005-11-22,13.29,13.2867,14.9612
"30",328,2005-11-23,NA,13.2855,14.9677
"31",329,2005-11-24,12.85,13.2862,14.974
"32",330,2005-11-25,12.69,13.2879,14.9789
"33",331,2005-11-26,12.46,13.2913,14.9891
"34",332,2005-11-27,11.47,13.2947,14.9975
"35",333,2005-11-28,11.71,13.2986,15.0056
"36",334,2005-11-29,12.21,13.3043,15.0141
"37",335,2005-11-30,12.64,13.312,15.0236
"38",336,2005-12-01,12.52,13.3195,15.0284
"39",337,2005-12-02,12.63,13.3259,15.0322
"40",338,2005-12-03,12.3,13.3313,15.0324
"41",339,2005-12-04,12.06,13.3361,15.0341
"42",340,2005-12-05,11.97,13.3398,15.0367
"43",341,2005-12-06,12.51,13.3423,15.0375
"44",342,2005-12-07,12.27,13.3431,15.0372
"45",343,2005-12-08,11.9,13.3422,15.0339
"46",344,2005-12-09,11.64,13.3395,15.0279
"47",345,2005-12-10,11.94,13.3345,15.015
"48",346,2005-12-11,11.94,13.3271,14.9977
"49",347,2005-12-12,11.87,13.3183,14.9797
"50",348,2005-12-13,12.44,13.3084,14.953
"51",349,2005-12-14,12.34,13.2975,14.9232
"52",350,2005-12-15,12.35,13.2854,14.882
"53",351,2005-12-16,12.82,13.2716,14.8395
"54",352,2005-12-17,12.63,13.2567,14.796
"55",353,2005-12-18,13.17,13.2409,14.7537
"56",354,2005-12-19,13.11,13.2246,14.7101
"57",355,2005-12-20,13.39,13.2081,14.6664
"58",356,2005-12-21,13.67,13.1907,14.6202
"59",357,2005-12-22,13.75,13.1725,14.575
"60",358,2005-12-23,13.61,13.1523,14.5292
"61",359,2005-12-24,13.54,13.1302,14.484
"62",360,2005-12-25,13.54,13.1065,14.4399
"63",361,2005-12-26,13.57,13.0822,14.3969
"64",362,2005-12-27,13.49,13.0576,14.3543
"65",363,2005-12-28,13.44,13.0332,14.3138
"66",364,2005-12-29,13.25,13.009,14.2735
"67",365,2005-12-30,13.33,12.9848,14.234
"68",366,2005-12-31,13.56,12.9605,14.1971
"69",1,2006-01-01,13.42,12.9365,14.1655
"70",2,2006-01-02,13.56,12.9131,14.1358
"71",3,2006-01-03,13.34,12.8909,14.1095
"72",4,2006-01-04,13.29,12.8702,14.0832
"73",5,2006-01-05,13.34,12.8507,14.0569
"74",6,2006-01-06,13.31,12.8321,14.0306
"75",7,2006-01-07,13.35,12.8146,14.004
"76",8,2006-01-08,12.98,12.7982,13.9782
"77",9,2006-01-09,12.79,12.7831,13.9517
"78",10,2006-01-10,12.61,12.7694,13.9268
"79",11,2006-01-11,12.49,12.757,13.9019
"80",12,2006-01-12,12.28,12.7458,13.8777
"81",13,2006-01-13,12.4,12.7355,13.8624
"82",14,2006-01-14,12.73,12.7257,13.8499
"83",15,2006-01-15,12.63,12.7162,13.8481
"84",16,2006-01-16,12.21,12.7069,13.8467
"85",17,2006-01-17,12.32,12.6976,13.8462
"86",18,2006-01-18,12.82,12.6889,13.8458
"87",19,2006-01-19,12.11,12.6806,13.8467
"88",20,2006-01-20,12.11,12.6728,13.8476
"89",21,2006-01-21,11.81,12.6653,13.8483
"90",22,2006-01-22,11.44,12.6583,13.8499
"91",23,2006-01-23,11.24,12.652,13.8493
"92",24,2006-01-24,11.72,12.6461,13.8448
"93",25,2006-01-25,11.84,12.6406,13.8386
"94",26,2006-01-26,12.26,12.6349,13.8322
"95",27,2006-01-27,11.57,12.629,13.8257
"96",28,2006-01-28,11.5,12.6232,13.8183
"97",29,2006-01-29,11.6,12.6164,13.8109
"98",30,2006-01-30,11.35,12.6083,13.8028
"99",31,2006-01-31,11.26,12.5986,13.7942
"100",32,2006-02-01,11.42,12.5874,13.7855
"101",33,2006-02-02,11.38,12.5743,13.7762
"102",34,2006-02-03,11.02,12.5593,13.7685
"103",35,2006-02-04,11.18,12.5427,13.7639
"104",36,2006-02-05,10.62,12.525,13.7608
"105",37,2006-02-06,10.64,12.5071,13.7585
"106",38,2006-02-07,11.09,12.4892,13.7566
"107",39,2006-02-08,11.31,12.4706,13.7547
"108",40,2006-02-09,11.44,12.4514,13.7534
"109",41,2006-02-10,11.54,12.4319,13.752
"110",42,2006-02-11,11.44,12.4127,13.7488
"111",43,2006-02-12,11.19,12.3937,13.7441
"112",44,2006-02-13,11.45,12.3755,13.7391
"113",45,2006-02-14,11.31,12.3582,13.7333
"114",46,2006-02-15,11.44,12.3423,13.7272
"115",47,2006-02-16,10.91,12.3275,13.7202
"116",48,2006-02-17,10.92,12.3126,13.7125
"117",49,2006-02-18,11.01,12.2966,13.7029
"118",50,2006-02-19,11.28,12.28,13.6929
"119",51,2006-02-20,11.35,12.2625,13.6826
"120",52,2006-02-21,11.2,12.2441,13.672
"121",53,2006-02-22,10.94,12.2244,13.6613
"122",54,2006-02-23,10.77,12.2035,13.6508
"123",55,2006-02-24,10.95,12.1812,13.6433
"124",56,2006-02-25,11.26,12.158,13.6359
"125",57,2006-02-26,11.35,12.1337,13.6282
"126",58,2006-02-27,11.54,12.1078,13.6196
"127",59,2006-02-28,12.06,12.0808,13.6122
"128",61,2006-03-01,12.35,12.0285,13.592
"129",62,2006-03-02,12.05,12.0039,13.5773
"130",63,2006-03-03,11.98,11.9805,13.56
"131",64,2006-03-04,11.78,11.9576,13.5392
"132",65,2006-03-05,11.82,11.9353,13.5147
"133",66,2006-03-06,12.21,11.9133,13.4848
"134",67,2006-03-07,12.3,11.8909,13.4534
"135",68,2006-03-08,11.86,11.8676,13.4208
"136",69,2006-03-09,11.4,11.8437,13.3882
"137",70,2006-03-10,10.18,11.8198,13.3521
"138",71,2006-03-11,10.4,11.7953,13.3142
"139",72,2006-03-12,9.89,11.7698,13.272
"140",73,2006-03-13,10.49,11.7431,13.2293
"141",74,2006-03-14,10.54,11.7147,13.1856
"142",75,2006-03-15,10.78,11.6847,13.1407
"143",76,2006-03-16,11.03,11.6531,13.094
"144",77,2006-03-17,10.95,11.6199,13.0475
"145",78,2006-03-18,10.9,11.5858,13.0013
"146",79,2006-03-19,10.24,11.5517,12.9561
"147",80,2006-03-20,10.23,11.5181,12.9128
"148",81,2006-03-21,9.86,11.4845,12.869
"149",82,2006-03-22,10.21,11.4511,12.8252
"150",83,2006-03-23,10.3,11.4181,12.7818
"151",84,2006-03-24,10.41,11.3856,12.7398
"152",85,2006-03-25,10.29,11.3545,12.7
"153",86,2006-03-26,10.34,11.3251,12.6615
"154",87,2006-03-27,10.39,11.2969,12.6238
"155",88,2006-03-28,11.17,11.2707,12.588
"156",89,2006-03-29,11.17,11.2469,12.5535
"157",90,2006-03-30,11.46,11.2248,12.518
"158",91,2006-03-31,11.69,11.2042,12.4839
"159",92,2006-04-01,11.78,11.1847,12.4593
"160",93,2006-04-02,11.97,11.1663,12.4365
"161",94,2006-04-03,12.1,11.1489,12.4125
"162",95,2006-04-04,12.1,11.1325,12.3875
"163",96,2006-04-05,12.23,11.1168,12.3669
"164",97,2006-04-06,12.01,11.1024,12.3462
"165",98,2006-04-07,12.18,11.0893,12.3246
"166",99,2006-04-08,12.99,11.0758,12.3011
"167",100,2006-04-09,12.94,11.0613,12.276
"168",101,2006-04-10,12.76,11.0462,12.2535
"169",102,2006-04-11,13.29,11.0305,12.2324
"170",103,2006-04-12,13.08,11.0149,12.2132
"171",104,2006-04-13,13.06,11,12.1988
"172",105,2006-04-14,13.24,10.9862,12.1867
"173",106,2006-04-15,13.4,10.9742,12.1761
"174",107,2006-04-16,13.29,10.9647,12.168
"175",108,2006-04-17,13.13,10.9567,12.1585
"176",109,2006-04-18,12.16,10.9501,12.1525
"177",110,2006-04-19,11.82,10.9464,12.1531
"178",111,2006-04-20,11.78,10.9453,12.1602
"179",112,2006-04-21,11.77,10.9469,12.17
"180",113,2006-04-22,11.92,10.9523,12.1848
"181",114,2006-04-23,11.7,10.9606,12.1997
"182",115,2006-04-24,12.09,10.9707,12.2146
"183",116,2006-04-25,12.44,10.9826,12.23
"184",117,2006-04-26,12.08,10.9955,12.2438
"185",118,2006-04-27,11.48,11.0085,12.2573
"186",119,2006-04-28,11.26,11.0218,12.2678
"187",120,2006-04-29,11.32,11.0359,12.2762
"188",121,2006-04-30,11.21,11.0502,12.2847
"189",122,2006-05-01,10.88,11.0642,12.2908
"190",123,2006-05-02,10.51,11.0767,12.2876
"191",124,2006-05-03,10.7,11.0872,12.2833
"192",125,2006-05-04,10.86,11.0961,12.2803
"193",126,2006-05-05,NA,11.1039,12.2792
"194",127,2006-05-06,NA,11.111,12.2756
"195",128,2006-05-07,11.62,11.1174,12.2745
"196",129,2006-05-08,10.88,11.124,12.2762
"197",130,2006-05-09,10.82,11.1322,12.2813
"198",131,2006-05-10,10.03,11.1417,12.2886
"199",132,2006-05-11,10.07,11.1522,12.2973
"200",133,2006-05-12,10.2,11.1646,12.3084
"201",134,2006-05-13,10.41,11.1789,12.3243
"202",135,2006-05-14,10.42,11.1954,12.3419
"203",136,2006-05-15,10.92,11.214,12.3606
"204",137,2006-05-16,11.48,11.2338,12.3799
"205",138,2006-05-17,10.86,11.2539,12.4003
"206",139,2006-05-18,10.25,11.2752,12.4252
"207",140,2006-05-19,10.43,11.2963,12.4469
"208",141,2006-05-20,10.65,11.3155,12.4643
"209",142,2006-05-21,11.99,11.3338,12.4774
"210",143,2006-05-22,11.3,11.3521,12.4907
"211",144,2006-05-23,12.43,11.3693,12.5024
"212",145,2006-05-24,13.49,11.3867,12.5173
"213",146,2006-05-25,12.19,11.4043,12.5361
"214",147,2006-05-26,12.26,11.4212,12.5547
"215",148,2006-05-27,11.37,11.4383,12.5735
"216",149,2006-05-28,10.23,11.4556,12.5934
"217",150,2006-05-29,10,11.4718,12.6178
"218",151,2006-05-30,10.42,11.4877,12.6442
"219",152,2006-05-31,10.15,11.5053,12.6759
"220",153,2006-06-01,10.03,11.5233,12.7084
"221",154,2006-06-02,10.3,11.5419,12.7416
"222",155,2006-06-03,NA,11.5618,12.7748
"223",156,2006-06-04,11.43,11.5832,12.81
"224",157,2006-06-05,11.07,11.6055,12.8449
"225",158,2006-06-06,10.68,11.6293,12.8765
"226",159,2006-06-07,10.39,11.6542,12.908
"227",160,2006-06-08,11.46,11.6797,12.9409
"228",161,2006-06-09,11.01,11.7063,12.9693
"229",162,2006-06-10,10.57,11.7347,12.9971
"230",163,2006-06-11,11.07,11.7635,13.0278
"231",164,2006-06-12,11.4,11.7935,13.0577
"232",165,2006-06-13,12.44,11.8236,13.0899
"233",166,2006-06-14,12.29,11.8531,13.12
"234",167,2006-06-15,11.23,11.882,13.1507
"235",168,2006-06-16,10.44,11.9111,13.1843
"236",169,2006-06-17,10.33,11.9394,13.2168
"237",170,2006-06-18,10.52,11.9663,13.2465
"238",171,2006-06-19,10.6,11.9938,13.2782
"239",172,2006-06-20,10.65,12.0229,13.3081
"240",173,2006-06-21,10.55,12.0531,13.3386
"241",174,2006-06-22,10.62,12.0839,13.3688
"242",175,2006-06-23,11.29,12.1155,13.4032
"243",176,2006-06-24,12.14,12.1472,13.4347
"244",177,2006-06-25,12.53,12.1788,13.4624
"245",178,2006-06-26,12.52,12.211,13.4892
"246",179,2006-06-27,12.54,12.2432,13.5163
"247",180,2006-06-28,12.73,12.2772,13.5463
"248",181,2006-06-29,12.3,12.3139,13.5752
"249",182,2006-06-30,12.02,12.3516,13.6042
"250",183,2006-07-01,11.26,12.3884,13.629
"251",184,2006-07-02,11.18,12.4248,13.6543
"252",185,2006-07-03,10.94,12.4606,13.6829
"253",186,2006-07-04,10.98,12.4957,13.7122
"254",187,2006-07-05,11.12,12.5306,13.7408
"255",188,2006-07-06,11.51,12.5663,13.7723
"256",189,2006-07-07,11.3,12.6023,13.808
"257",190,2006-07-08,10.94,12.6381,13.8499
"258",191,2006-07-09,10.69,12.6745,13.8901
"259",192,2006-07-10,11.08,12.7117,13.9345
"260",193,2006-07-11,11.35,12.7495,13.9827
"261",194,2006-07-12,12.35,12.789,14.0363
"262",195,2006-07-13,11.91,12.8287,14.0886
"263",196,2006-07-14,11.4,12.8693,14.1412
"264",197,2006-07-15,11.2,12.9093,14.1927
"265",198,2006-07-16,10.98,12.9492,14.2439
"266",199,2006-07-17,11.22,12.9884,14.2939
"267",200,2006-07-18,11.42,13.0272,14.3471
"268",201,2006-07-19,11.86,13.0661,14.4003
"269",202,2006-07-20,12.94,13.1034,14.4498
"270",203,2006-07-21,14.13,13.1377,14.4975
"271",204,2006-07-22,14.23,13.1691,14.5423
"272",205,2006-07-23,13.78,13.197,14.5835
"273",206,2006-07-24,13.58,13.2223,14.6175
"274",207,2006-07-25,13.2,13.2458,14.6454
"275",208,2006-07-26,13.83,13.2687,14.675
"276",209,2006-07-27,13.86,13.2906,14.7018
"277",210,2006-07-28,13.76,13.3118,14.7268
"278",211,2006-07-29,15.27,13.332,14.7497
"279",212,2006-07-30,14.89,13.3507,14.7735
"280",213,2006-07-31,15.14,13.3685,14.799
"281",214,2006-08-01,14.14,13.3858,14.8277
"282",215,2006-08-02,13.72,13.403,14.8617
"283",216,2006-08-03,14.22,13.4213,14.8984
"284",217,2006-08-04,14.51,13.4403,14.94
"285",218,2006-08-05,15.93,13.4608,14.9837
"286",219,2006-08-06,17.7,13.4821,15.0267
"287",220,2006-08-07,16.05,13.5037,15.0704
"288",221,2006-08-08,15.18,13.5251,15.1063
"289",222,2006-08-09,14.36,13.5449,15.1375
"290",223,2006-08-10,13.78,13.5618,15.1624
"291",224,2006-08-11,13.58,13.5755,15.1812
"292",225,2006-08-12,13.11,13.5863,15.1913
"293",226,2006-08-13,13.51,13.5951,15.2
"294",227,2006-08-14,14.35,13.6017,15.2016
"295",228,2006-08-15,14.99,13.6071,15.2016
"296",229,2006-08-16,13.87,13.6091,15.199
"297",230,2006-08-17,13.77,13.6081,15.1942
"298",231,2006-08-18,14.98,13.6057,15.1868
"299",232,2006-08-19,15.98,13.6024,15.1795
"300",233,2006-08-20,15.01,13.5997,15.1745
"301",234,2006-08-21,14.08,13.5993,15.1723
"302",235,2006-08-22,13.24,13.6016,15.1738
"303",236,2006-08-23,12.77,13.6068,15.1772
"304",237,2006-08-24,12.99,13.6139,15.1839
"305",238,2006-08-25,13.01,13.6227,15.2066
"306",239,2006-08-26,13.71,13.6324,15.2305
"307",240,2006-08-27,13.54,13.6437,15.2575
"308",241,2006-08-28,12.9,13.6555,15.284
"309",242,2006-08-29,12.4,13.6666,15.3084
"310",243,2006-08-30,11.85,13.6772,15.3304
"311",244,2006-08-31,12.13,13.6867,15.3444
"312",245,2006-09-01,14.11,13.695,15.3505
"313",246,2006-09-02,15.06,13.7025,15.3492
"314",247,2006-09-03,14.04,13.7093,15.3475
"315",248,2006-09-04,13.18,13.7151,15.3414
"316",249,2006-09-05,12.62,13.7187,15.3357
"317",250,2006-09-06,11.94,13.7201,15.3283
"318",251,2006-09-07,11.41,13.7191,15.3174
"319",252,2006-09-08,11.53,13.7172,15.3067
"320",253,2006-09-09,11.95,13.7162,15.3005
"321",254,2006-09-10,12.41,13.716,15.2998
"322",255,2006-09-11,12.58,13.7171,15.3014
"323",256,2006-09-12,12.47,13.7196,15.3029
"324",257,2006-09-13,12.45,13.7222,15.3047
"325",258,2006-09-14,12.63,13.7254,15.3115
"326",259,2006-09-15,13.26,13.7292,15.3161
"327",260,2006-09-16,13.62,13.7346,15.3203
"328",261,2006-09-17,13.42,13.7416,15.3229
"329",262,2006-09-18,13.44,13.7507,15.3265
"330",263,2006-09-19,13.33,13.7612,15.3307
"331",264,2006-09-20,13.96,13.7716,15.3351
"332",265,2006-09-21,14.01,13.7807,15.3402
"333",266,2006-09-22,13.51,13.7876,15.3423
"334",267,2006-09-23,14.19,13.7919,15.3443
"335",268,2006-09-24,14.62,13.7949,15.3445
"336",269,2006-09-25,14.91,13.7965,15.3335
"337",270,2006-09-26,15.08,13.7974,15.3258
"338",271,2006-09-27,15.03,13.7981,15.3196
"339",272,2006-09-28,14.7,13.7989,15.3175
"340",273,2006-09-29,14.41,13.7992,15.316
"341",274,2006-09-30,13.81,13.7986,15.315
"342",275,2006-10-01,13.62,13.7974,15.3195
"343",276,2006-10-02,13.79,13.7967,15.3267
"344",277,2006-10-03,13.92,13.7969,15.3384
"345",278,2006-10-04,14.93,13.7985,15.3464
"346",279,2006-10-05,14.6,13.8014,15.3534
"347",280,2006-10-06,14.28,13.8045,15.3592
"348",281,2006-10-07,13.58,13.8076,15.3665
"349",282,2006-10-08,13.33,13.81,15.3754
"350",283,2006-10-09,12.99,13.8108,15.385
"351",284,2006-10-10,13.92,13.8095,15.3912
"352",285,2006-10-11,14.43,13.8076,15.3959
"353",286,2006-10-12,15.52,13.806,15.4
"354",287,2006-10-13,14.94,13.8039,15.4041
"355",288,2006-10-14,15.1,13.8014,15.4031
"356",289,2006-10-15,14.66,13.7988,15.4015
"357",290,2006-10-16,14.11,13.7945,15.3998
"358",291,2006-10-17,13.5,13.7896,15.3966
"359",292,2006-10-18,13.36,13.7841,15.3931
"360",293,2006-10-19,13.32,13.7777,15.389
"361",294,2006-10-20,13.57,13.7694,15.3831
"362",295,2006-10-21,14.06,13.7599,15.3758
"363",296,2006-10-22,14.46,13.749,15.3635
"364",297,2006-10-23,14.23,13.7379,15.3538
"365",298,2006-10-24,14.05,13.7262,15.3441
"366",299,2006-10-25,14.66,13.7134,15.333
"367",300,2006-10-26,14.44,13.6977,15.3168
"368",301,2006-10-27,14.83,13.6802,15.2938
"369",302,2006-10-28,14.92,13.6598,15.2693
"370",303,2006-10-29,15.08,13.6371,15.2422
"371",304,2006-10-30,14.25,13.6126,15.2125
"372",305,2006-10-31,14.19,13.5887,15.1822
"373",306,2006-11-01,14.57,13.5668,15.1525
"374",307,2006-11-02,14.72,13.5458,15.1256
"375",308,2006-11-03,14.84,13.5238,15.0948
"376",309,2006-11-04,14.37,13.5011,15.0649
"377",310,2006-11-05,14.21,13.4782,15.0378
"378",311,2006-11-06,14.22,13.4565,15.0111
"379",312,2006-11-07,14.39,13.4364,14.9871
"380",313,2006-11-08,13.78,13.4188,14.9659
"381",314,2006-11-09,13.01,13.4041,14.9509
"382",315,2006-11-10,13.2,13.3918,14.9416
"383",316,2006-11-11,12.69,13.3802,14.9337
"384",317,2006-11-12,12.44,13.3681,14.9266
"385",318,2006-11-13,12.21,13.3558,14.9198
"386",319,2006-11-14,12.45,13.344,14.9196
"387",320,2006-11-15,12.08,13.3328,14.9184
"388",321,2006-11-16,12.31,13.3239,14.921
"389",322,2006-11-17,12.42,13.3164,14.9253
"390",323,2006-11-18,12.67,13.3092,14.9315
"391",324,2006-11-19,12.75,13.3017,14.9367
"392",325,2006-11-20,12.79,13.295,14.9454
"393",326,2006-11-21,12.91,13.2898,14.9518
"394",327,2006-11-22,13.22,13.2867,14.9612
"395",328,2006-11-23,12.98,13.2855,14.9677
"396",329,2006-11-24,12.85,13.2862,14.974
"397",330,2006-11-25,12.69,13.2879,14.9789
"398",331,2006-11-26,12.99,13.2913,14.9891
"399",332,2006-11-27,12.98,13.2947,14.9975
"400",333,2006-11-28,12.61,13.2986,15.0056
"401",334,2006-11-29,12.3,13.3043,15.0141
"402",335,2006-11-30,12.35,13.312,15.0236
"403",336,2006-12-01,12.48,13.3195,15.0284
"404",337,2006-12-02,12.34,13.3259,15.0322
"405",338,2006-12-03,12.82,13.3313,15.0324
"406",339,2006-12-04,12.6,13.3361,15.0341
"407",340,2006-12-05,12.62,13.3398,15.0367
"408",341,2006-12-06,12.61,13.3423,15.0375
"409",342,2006-12-07,12.87,13.3431,15.0372
"410",343,2006-12-08,12.94,13.3422,15.0339
"411",344,2006-12-09,13.1,13.3395,15.0279
"412",345,2006-12-10,13.19,13.3345,15.015
"413",346,2006-12-11,13.31,13.3271,14.9977
"414",347,2006-12-12,13.46,13.3183,14.9797
"415",348,2006-12-13,13.52,13.3084,14.953
"416",349,2006-12-14,13.47,13.2975,14.9232
"417",350,2006-12-15,13.37,13.2854,14.882
"418",351,2006-12-16,13.17,13.2716,14.8395
"419",352,2006-12-17,12.68,13.2567,14.796
"420",353,2006-12-18,12.65,13.2409,14.7537
"421",354,2006-12-19,12.88,13.2246,14.7101
"422",355,2006-12-20,12.58,13.2081,14.6664
"423",356,2006-12-21,12.32,13.1907,14.6202
"424",357,2006-12-22,12.43,13.1725,14.575
"425",358,2006-12-23,12.63,13.1523,14.5292
"426",359,2006-12-24,12.99,13.1302,14.484
"427",360,2006-12-25,13.03,13.1065,14.4399
"428",361,2006-12-26,12.72,13.0822,14.3969
"429",362,2006-12-27,13.18,13.0576,14.3543
"430",363,2006-12-28,12.26,13.0332,14.3138
"431",364,2006-12-29,11.99,13.009,14.2735
"432",365,2006-12-30,11.94,12.9848,14.234
"433",366,2006-12-31,12.11,12.9605,14.1971
"434",1,2007-01-01,12.32,12.9365,14.1655
"435",2,2007-01-02,12.53,12.9131,14.1358
"436",3,2007-01-03,12.61,12.8909,14.1095
"437",4,2007-01-04,12.28,12.8702,14.0832
"438",5,2007-01-05,11.62,12.8507,14.0569
"439",6,2007-01-06,11.72,12.8321,14.0306
"440",7,2007-01-07,12.37,12.8146,14.004
"441",8,2007-01-08,12.34,12.7982,13.9782
"442",9,2007-01-09,12.3,12.7831,13.9517
"443",10,2007-01-10,12.37,12.7694,13.9268
"444",11,2007-01-11,12.13,12.757,13.9019
"445",12,2007-01-12,11.58,12.7458,13.8777
"446",13,2007-01-13,11.09,12.7355,13.8624
"447",14,2007-01-14,11.24,12.7257,13.8499
"448",15,2007-01-15,11.3,12.7162,13.8481
"449",16,2007-01-16,11.27,12.7069,13.8467
"450",17,2007-01-17,11.16,12.6976,13.8462
"451",18,2007-01-18,11.92,12.6889,13.8458
"452",19,2007-01-19,11.92,12.6806,13.8467
"453",20,2007-01-20,11.7,12.6728,13.8476
"454",21,2007-01-21,11.7,12.6653,13.8483
"455",22,2007-01-22,12.06,12.6583,13.8499
"456",23,2007-01-23,12.28,12.652,13.8493
"457",24,2007-01-24,12.12,12.6461,13.8448
"458",25,2007-01-25,12.11,12.6406,13.8386
"459",26,2007-01-26,12.23,12.6349,13.8322
"460",27,2007-01-27,12.57,12.629,13.8257
"461",28,2007-01-28,12.53,12.6232,13.8183
"462",29,2007-01-29,12.8,12.6164,13.8109
"463",30,2007-01-30,12.82,12.6083,13.8028
"464",31,2007-01-31,12.81,12.5986,13.7942
"465",32,2007-02-01,12.72,12.5874,13.7855
"466",33,2007-02-02,12.72,12.5743,13.7762
"467",34,2007-02-03,12.8,12.5593,13.7685
"468",35,2007-02-04,12.99,12.5427,13.7639
"469",36,2007-02-05,13.07,12.525,13.7608
"470",37,2007-02-06,12.92,12.5071,13.7585
"471",38,2007-02-07,12.88,12.4892,13.7566
"472",39,2007-02-08,12.87,12.4706,13.7547
"473",40,2007-02-09,12.98,12.4514,13.7534
"474",41,2007-02-10,13.06,12.4319,13.752
"475",42,2007-02-11,13.25,12.4127,13.7488
"476",43,2007-02-12,12.89,12.3937,13.7441
"477",44,2007-02-13,13.05,12.3755,13.7391
"478",45,2007-02-14,12.55,12.3582,13.7333
"479",46,2007-02-15,12.34,12.3423,13.7272
"480",47,2007-02-16,12.43,12.3275,13.7202
"481",48,2007-02-17,12.8,12.3126,13.7125
"482",49,2007-02-18,12.54,12.2966,13.7029
"483",50,2007-02-19,12.2,12.28,13.6929
"484",51,2007-02-20,11.5,12.2625,13.6826
"485",52,2007-02-21,11.49,12.2441,13.672
"486",53,2007-02-22,11.96,12.2244,13.6613
"487",54,2007-02-23,12.19,12.2035,13.6508
"488",55,2007-02-24,11.67,12.1812,13.6433
"489",56,2007-02-25,11.83,12.158,13.6359
"490",57,2007-02-26,11.77,12.1337,13.6282
"491",58,2007-02-27,11.77,12.1078,13.6196
"492",59,2007-02-28,11.41,12.0808,13.6122
"493",61,2007-03-01,11.38,12.0285,13.592
"494",62,2007-03-02,11.34,12.0039,13.5773
"495",63,2007-03-03,11.28,11.9805,13.56
"496",64,2007-03-04,11.52,11.9576,13.5392
"497",65,2007-03-05,11.83,11.9353,13.5147
"498",66,2007-03-06,11.85,11.9133,13.4848
"499",67,2007-03-07,11.67,11.8909,13.4534
"500",68,2007-03-08,11.42,11.8676,13.4208
"501",69,2007-03-09,11.33,11.8437,13.3882
"502",70,2007-03-10,10.85,11.8198,13.3521
"503",71,2007-03-11,10.85,11.7953,13.3142
"504",72,2007-03-12,11.23,11.7698,13.272
"505",73,2007-03-13,11.53,11.7431,13.2293
"506",74,2007-03-14,11.29,11.7147,13.1856
"507",75,2007-03-15,11.13,11.6847,13.1407
"508",76,2007-03-16,11.95,11.6531,13.094
"509",77,2007-03-17,12.27,11.6199,13.0475
"510",78,2007-03-18,11.9,11.5858,13.0013
"511",79,2007-03-19,11.78,11.5517,12.9561
"512",80,2007-03-20,12.06,11.5181,12.9128
"513",81,2007-03-21,11.84,11.4845,12.869
"514",82,2007-03-22,11.01,11.4511,12.8252
"515",83,2007-03-23,11.07,11.4181,12.7818
"516",84,2007-03-24,11.01,11.3856,12.7398
"517",85,2007-03-25,11.33,11.3545,12.7
"518",86,2007-03-26,10.94,11.3251,12.6615
"519",87,2007-03-27,11.06,11.2969,12.6238
"520",88,2007-03-28,10.11,11.2707,12.588
"521",89,2007-03-29,10.22,11.2469,12.5535
"522",90,2007-03-30,10.33,11.2248,12.518
"523",91,2007-03-31,10.82,11.2042,12.4839
"524",92,2007-04-01,10.76,11.1847,12.4593
"525",93,2007-04-02,11.05,11.1663,12.4365
"526",94,2007-04-03,10.85,11.1489,12.4125
"527",95,2007-04-04,10.88,11.1325,12.3875
"528",96,2007-04-05,10.65,11.1168,12.3669
"529",97,2007-04-06,10.79,11.1024,12.3462
"530",98,2007-04-07,10.67,11.0893,12.3246
"531",99,2007-04-08,10.45,11.0758,12.3011
"532",100,2007-04-09,10.36,11.0613,12.276
"533",101,2007-04-10,10.52,11.0462,12.2535
"534",102,2007-04-11,10.02,11.0305,12.2324
"535",103,2007-04-12,9.88,11.0149,12.2132
"536",104,2007-04-13,9.74,11,12.1988
"537",105,2007-04-14,10.01,10.9862,12.1867
"538",106,2007-04-15,10.16,10.9742,12.1761
"539",107,2007-04-16,10.19,10.9647,12.168
"540",108,2007-04-17,10.36,10.9567,12.1585
"541",109,2007-04-18,10.61,10.9501,12.1525
"542",110,2007-04-19,10.12,10.9464,12.1531
"543",111,2007-04-20,9.31,10.9453,12.1602
"544",112,2007-04-21,9.65,10.9469,12.17
"545",113,2007-04-22,9.83,10.9523,12.1848
"546",114,2007-04-23,9.81,10.9606,12.1997
"547",115,2007-04-24,9.48,10.9707,12.2146
"548",116,2007-04-25,9.66,10.9826,12.23
"549",117,2007-04-26,10.28,10.9955,12.2438
"550",118,2007-04-27,9.95,11.0085,12.2573
"551",119,2007-04-28,9.7,11.0218,12.2678
"552",120,2007-04-29,9.69,11.0359,12.2762
"553",121,2007-04-30,9.98,11.0502,12.2847
"554",122,2007-05-01,9.96,11.0642,12.2908
"555",123,2007-05-02,10.62,11.0767,12.2876
"556",124,2007-05-03,10.9,11.0872,12.2833
"557",125,2007-05-04,10.79,11.0961,12.2803
"558",126,2007-05-05,10.89,11.1039,12.2792
"559",127,2007-05-06,10.32,11.111,12.2756
"560",128,2007-05-07,10.14,11.1174,12.2745
"561",129,2007-05-08,10.59,11.124,12.2762
"562",130,2007-05-09,10.83,11.1322,12.2813
"563",131,2007-05-10,10.45,11.1417,12.2886
"564",132,2007-05-11,11.14,11.1522,12.2973
"565",133,2007-05-12,10.82,11.1646,12.3084
"566",134,2007-05-13,11.34,11.1789,12.3243
"567",135,2007-05-14,10.94,11.1954,12.3419
"568",136,2007-05-15,10.89,11.214,12.3606
"569",137,2007-05-16,10.32,11.2338,12.3799
"570",138,2007-05-17,10.31,11.2539,12.4003
"571",139,2007-05-18,10.64,11.2752,12.4252
"572",140,2007-05-19,10.59,11.2963,12.4469
"573",141,2007-05-20,10.55,11.3155,12.4643
"574",142,2007-05-21,10.58,11.3338,12.4774
"575",143,2007-05-22,9.2,11.3521,12.4907
"576",144,2007-05-23,9.18,11.3693,12.5024
"577",145,2007-05-24,10.78,11.3867,12.5173
"578",146,2007-05-25,11.04,11.4043,12.5361
"579",147,2007-05-26,11.26,11.4212,12.5547
"580",148,2007-05-27,11.37,11.4383,12.5735
"581",149,2007-05-28,11.18,11.4556,12.5934
"582",150,2007-05-29,11,11.4718,12.6178
"583",151,2007-05-30,11.51,11.4877,12.6442
"584",152,2007-05-31,11.66,11.5053,12.6759
"585",153,2007-06-01,12.01,11.5233,12.7084
"586",154,2007-06-02,10.86,11.5419,12.7416
"587",155,2007-06-03,11.26,11.5618,12.7748
"588",156,2007-06-04,11.1,11.5832,12.81
"589",157,2007-06-05,10.56,11.6055,12.8449
"590",158,2007-06-06,10.81,11.6293,12.8765
"591",159,2007-06-07,11.14,11.6542,12.908
"592",160,2007-06-08,11.32,11.6797,12.9409
"593",161,2007-06-09,10.9,11.7063,12.9693
"594",162,2007-06-10,10.68,11.7347,12.9971
"595",163,2007-06-11,11.09,11.7635,13.0278
"596",164,2007-06-12,10.75,11.7935,13.0577
"597",165,2007-06-13,10.98,11.8236,13.0899
"598",166,2007-06-14,11.12,11.8531,13.12
"599",167,2007-06-15,11.26,11.882,13.1507
"600",168,2007-06-16,12.13,11.9111,13.1843
"601",169,2007-06-17,12.07,11.9394,13.2168
"602",170,2007-06-18,11.76,11.9663,13.2465
"603",171,2007-06-19,11.79,11.9938,13.2782
"604",172,2007-06-20,12.82,12.0229,13.3081
"605",173,2007-06-21,13.46,12.0531,13.3386
"606",174,2007-06-22,13.06,12.0839,13.3688
"607",175,2007-06-23,12.56,12.1155,13.4032
"608",176,2007-06-24,11.72,12.1472,13.4347
"609",177,2007-06-25,11.38,12.1788,13.4624
"610",178,2007-06-26,10.82,12.211,13.4892
"611",179,2007-06-27,10.96,12.2432,13.5163
"612",180,2007-06-28,11.59,12.2772,13.5463
"613",181,2007-06-29,11.72,12.3139,13.5752
"614",182,2007-06-30,11.36,12.3516,13.6042
"615",183,2007-07-01,11.29,12.3884,13.629
"616",184,2007-07-02,11,12.4248,13.6543
"617",185,2007-07-03,10.51,12.4606,13.6829
"618",186,2007-07-04,10.35,12.4957,13.7122
"619",187,2007-07-05,10.55,12.5306,13.7408
"620",188,2007-07-06,10.61,12.5663,13.7723
"621",189,2007-07-07,11.09,12.6023,13.808
"622",190,2007-07-08,11.14,12.6381,13.8499
"623",191,2007-07-09,11.23,12.6745,13.8901
"624",192,2007-07-10,11.62,12.7117,13.9345
"625",193,2007-07-11,12.96,12.7495,13.9827
"626",194,2007-07-12,14.57,12.789,14.0363
"627",195,2007-07-13,13.81,12.8287,14.0886
"628",196,2007-07-14,13.25,12.8693,14.1412
"629",197,2007-07-15,11.88,12.9093,14.1927
"630",198,2007-07-16,11.66,12.9492,14.2439
"631",199,2007-07-17,12.23,12.9884,14.2939
"632",200,2007-07-18,12.91,13.0272,14.3471
"633",201,2007-07-19,12.37,13.0661,14.4003
"634",202,2007-07-20,12.48,13.1034,14.4498
"635",203,2007-07-21,11.85,13.1377,14.4975
"636",204,2007-07-22,11.72,13.1691,14.5423
"637",205,2007-07-23,11.66,13.197,14.5835
"638",206,2007-07-24,11.26,13.2223,14.6175
"639",207,2007-07-25,11.75,13.2458,14.6454
"640",208,2007-07-26,11.55,13.2687,14.675
"641",209,2007-07-27,12.25,13.2906,14.7018
"642",210,2007-07-28,12.44,13.3118,14.7268
"643",211,2007-07-29,12.2,13.332,14.7497
"644",212,2007-07-30,12.26,13.3507,14.7735
"645",213,2007-07-31,11.58,13.3685,14.799
"646",214,2007-08-01,11.86,13.3858,14.8277
"647",215,2007-08-02,12.34,13.403,14.8617
"648",216,2007-08-03,13.04,13.4213,14.8984
"649",217,2007-08-04,12.59,13.4403,14.94
"650",218,2007-08-05,13.33,13.4608,14.9837
"651",219,2007-08-06,13.89,13.4821,15.0267
"652",220,2007-08-07,14.58,13.5037,15.0704
"653",221,2007-08-08,14.54,13.5251,15.1063
"654",222,2007-08-09,14.08,13.5449,15.1375
"655",223,2007-08-10,13.7,13.5618,15.1624
"656",224,2007-08-11,13.28,13.5755,15.1812
"657",225,2007-08-12,13.83,13.5863,15.1913
"658",226,2007-08-13,13,13.5951,15.2
"659",227,2007-08-14,12.93,13.6017,15.2016
"660",228,2007-08-15,12.15,13.6071,15.2016
"661",229,2007-08-16,11.82,13.6091,15.199
"662",230,2007-08-17,11.57,13.6081,15.1942
"663",231,2007-08-18,11.26,13.6057,15.1868
"664",232,2007-08-19,11.4,13.6024,15.1795
"665",233,2007-08-20,11.52,13.5997,15.1745
"666",234,2007-08-21,11.58,13.5993,15.1723
"667",235,2007-08-22,11.61,13.6016,15.1738
"668",236,2007-08-23,11.64,13.6068,15.1772
"669",237,2007-08-24,12.15,13.6139,15.1839
"670",238,2007-08-25,12.5,13.6227,15.2066
"671",239,2007-08-26,13.36,13.6324,15.2305
"672",240,2007-08-27,13.6,13.6437,15.2575
"673",241,2007-08-28,12.96,13.6555,15.284
"674",242,2007-08-29,13.28,13.6666,15.3084
"675",243,2007-08-30,13.28,13.6772,15.3304
"676",244,2007-08-31,13.08,13.6867,15.3444
"677",245,2007-09-01,12.96,13.695,15.3505
"678",246,2007-09-02,12.29,13.7025,15.3492
"679",247,2007-09-03,11.65,13.7093,15.3475
"680",248,2007-09-04,11.58,13.7151,15.3414
"681",249,2007-09-05,11.32,13.7187,15.3357
"682",250,2007-09-06,11.01,13.7201,15.3283
"683",251,2007-09-07,11.16,13.7191,15.3174
"684",252,2007-09-08,12.02,13.7172,15.3067
"685",253,2007-09-09,12.73,13.7162,15.3005
"686",254,2007-09-10,13.29,13.716,15.2998
"687",255,2007-09-11,14.65,13.7171,15.3014
"688",256,2007-09-12,14.57,13.7196,15.3029
"689",257,2007-09-13,14.35,13.7222,15.3047
"690",258,2007-09-14,13.57,13.7254,15.3115
"691",259,2007-09-15,13.18,13.7292,15.3161
"692",260,2007-09-16,12.95,13.7346,15.3203
"693",261,2007-09-17,11.64,13.7416,15.3229
"694",262,2007-09-18,12.27,13.7507,15.3265
"695",263,2007-09-19,12.4,13.7612,15.3307
"696",264,2007-09-20,12.51,13.7716,15.3351
"697",265,2007-09-21,12.54,13.7807,15.3402
"698",266,2007-09-22,13.12,13.7876,15.3423
"699",267,2007-09-23,13.53,13.7919,15.3443
"700",268,2007-09-24,13.73,13.7949,15.3445
"701",269,2007-09-25,14.13,13.7965,15.3335
"702",270,2007-09-26,14.11,13.7974,15.3258
"703",271,2007-09-27,13.9,13.7981,15.3196
"704",272,2007-09-28,13.66,13.7989,15.3175
"705",273,2007-09-29,13.05,13.7992,15.316
"706",274,2007-09-30,13.19,13.7986,15.315
"707",275,2007-10-01,13.17,13.7974,15.3195
"708",276,2007-10-02,13,13.7967,15.3267
"709",277,2007-10-03,12.93,13.7969,15.3384
"710",278,2007-10-04,12.3,13.7985,15.3464
"711",279,2007-10-05,12.34,13.8014,15.3534
"712",280,2007-10-06,11.83,13.8045,15.3592
"713",281,2007-10-07,11.92,13.8076,15.3665
"714",282,2007-10-08,13.02,13.81,15.3754
"715",283,2007-10-09,12.11,13.8108,15.385
"716",284,2007-10-10,12.6,13.8095,15.3912
"717",285,2007-10-11,12.24,13.8076,15.3959
"718",286,2007-10-12,12.43,13.806,15.4
"719",287,2007-10-13,12.85,13.8039,15.4041
"720",288,2007-10-14,12.84,13.8014,15.4031
"721",289,2007-10-15,12.86,13.7988,15.4015
"722",290,2007-10-16,12.82,13.7945,15.3998
"723",291,2007-10-17,12.81,13.7896,15.3966
"724",292,2007-10-18,12.15,13.7841,15.3931
"725",293,2007-10-19,12.27,13.7777,15.389
"726",294,2007-10-20,12.16,13.7694,15.3831
"727",295,2007-10-21,11.07,13.7599,15.3758
"728",296,2007-10-22,10.93,13.749,15.3635
"729",297,2007-10-23,11.26,13.7379,15.3538
"730",298,2007-10-24,11.58,13.7262,15.3441
"731",299,2007-10-25,11.68,13.7134,15.333
"732",300,2007-10-26,11.12,13.6977,15.3168
"733",301,2007-10-27,11.31,13.6802,15.2938
"734",302,2007-10-28,11.89,13.6598,15.2693
"735",303,2007-10-29,11.79,13.6371,15.2422
"736",304,2007-10-30,12.16,13.6126,15.2125
"737",305,2007-10-31,12.14,13.5887,15.1822
"738",306,2007-11-01,12.17,13.5668,15.1525
"739",307,2007-11-02,11.98,13.5458,15.1256
"740",308,2007-11-03,12.03,13.5238,15.0948
"741",309,2007-11-04,11.97,13.5011,15.0649
"742",310,2007-11-05,11.99,13.4782,15.0378
"743",311,2007-11-06,12.69,13.4565,15.0111
"744",312,2007-11-07,12.73,13.4364,14.9871
"745",313,2007-11-08,13.14,13.4188,14.9659
"746",314,2007-11-09,13.48,13.4041,14.9509
"747",315,2007-11-10,13.41,13.3918,14.9416
"748",316,2007-11-11,13.15,13.3802,14.9337
"749",317,2007-11-12,12.6,13.3681,14.9266
"750",318,2007-11-13,12.39,13.3558,14.9198
"751",319,2007-11-14,12.79,13.344,14.9196
"752",320,2007-11-15,13.58,13.3328,14.9184
"753",321,2007-11-16,13.17,13.3239,14.921
"754",322,2007-11-17,12.91,13.3164,14.9253
"755",323,2007-11-18,12.29,13.3092,14.9315
"756",324,2007-11-19,12.3,13.3017,14.9367
"757",325,2007-11-20,12.27,13.295,14.9454
"758",326,2007-11-21,11.75,13.2898,14.9518
"759",327,2007-11-22,11.91,13.2867,14.9612
"760",328,2007-11-23,11.58,13.2855,14.9677
"761",329,2007-11-24,11.6,13.2862,14.974
"762",330,2007-11-25,11.57,13.2879,14.9789
"763",331,2007-11-26,11.54,13.2913,14.9891
"764",332,2007-11-27,11.64,13.2947,14.9975
"765",333,2007-11-28,11.57,13.2986,15.0056
"766",334,2007-11-29,11.78,13.3043,15.0141
"767",335,2007-11-30,11.72,13.312,15.0236
"768",336,2007-12-01,11.35,13.3195,15.0284
"769",337,2007-12-02,11.28,13.3259,15.0322
"770",338,2007-12-03,11.44,13.3313,15.0324
"771",339,2007-12-04,11.64,13.3361,15.0341
"772",340,2007-12-05,11.63,13.3398,15.0367
"773",341,2007-12-06,11.53,13.3423,15.0375
"774",342,2007-12-07,11.73,13.3431,15.0372
"775",343,2007-12-08,11.38,13.3422,15.0339
"776",344,2007-12-09,10.72,13.3395,15.0279
"777",345,2007-12-10,10.96,13.3345,15.015
"778",346,2007-12-11,11.15,13.3271,14.9977
"779",347,2007-12-12,11.66,13.3183,14.9797
"780",348,2007-12-13,12.45,13.3084,14.953
"781",349,2007-12-14,12.58,13.2975,14.9232
"782",350,2007-12-15,12.28,13.2854,14.882
"783",351,2007-12-16,11.73,13.2716,14.8395
"784",352,2007-12-17,11.55,13.2567,14.796
"785",353,2007-12-18,11.72,13.2409,14.7537
"786",354,2007-12-19,12.43,13.2246,14.7101
"787",355,2007-12-20,12.27,13.2081,14.6664
"788",356,2007-12-21,11.94,13.1907,14.6202
"789",357,2007-12-22,11.77,13.1725,14.575
"790",358,2007-12-23,11.97,13.1523,14.5292
"791",359,2007-12-24,11.88,13.1302,14.484
"792",360,2007-12-25,11.61,13.1065,14.4399
"793",361,2007-12-26,11.46,13.0822,14.3969
"794",362,2007-12-27,10.83,13.0576,14.3543
"795",363,2007-12-28,10.73,13.0332,14.3138
"796",364,2007-12-29,10.91,13.009,14.2735
"797",365,2007-12-30,10.89,12.9848,14.234
"798",366,2007-12-31,10.98,12.9605,14.1971
"799",1,2008-01-01,11.73,12.9365,14.1655
"800",2,2008-01-02,11.83,12.9131,14.1358
"801",3,2008-01-03,12.01,12.8909,14.1095
"802",4,2008-01-04,12.13,12.8702,14.0832
"803",5,2008-01-05,12.1,12.8507,14.0569
"804",6,2008-01-06,12.16,12.8321,14.0306
"805",7,2008-01-07,12.04,12.8146,14.004
"806",8,2008-01-08,11.97,12.7982,13.9782
"807",9,2008-01-09,12.07,12.7831,13.9517
"808",10,2008-01-10,12.14,12.7694,13.9268
"809",11,2008-01-11,12.05,12.757,13.9019
"810",12,2008-01-12,12.01,12.7458,13.8777
"811",13,2008-01-13,12.06,12.7355,13.8624
"812",14,2008-01-14,11.72,12.7257,13.8499
"813",15,2008-01-15,11.69,12.7162,13.8481
"814",16,2008-01-16,11.49,12.7069,13.8467
"815",17,2008-01-17,11.33,12.6976,13.8462
"816",18,2008-01-18,11.36,12.6889,13.8458
"817",19,2008-01-19,11.57,12.6806,13.8467
"818",20,2008-01-20,11.44,12.6728,13.8476
"819",21,2008-01-21,11.23,12.6653,13.8483
"820",22,2008-01-22,11.71,12.6583,13.8499
"821",23,2008-01-23,11.55,12.652,13.8493
"822",24,2008-01-24,11.38,12.6461,13.8448
"823",25,2008-01-25,11.22,12.6406,13.8386
"824",26,2008-01-26,11.69,12.6349,13.8322
"825",27,2008-01-27,11.88,12.629,13.8257
"826",28,2008-01-28,11.86,12.6232,13.8183
"827",29,2008-01-29,12.01,12.6164,13.8109
"828",30,2008-01-30,12.03,12.6083,13.8028
"829",31,2008-01-31,11.94,12.5986,13.7942
"830",32,2008-02-01,11.92,12.5874,13.7855
"831",33,2008-02-02,11.84,12.5743,13.7762
"832",34,2008-02-03,11.98,12.5593,13.7685
"833",35,2008-02-04,11.51,12.5427,13.7639
"834",36,2008-02-05,11.25,12.525,13.7608
"835",37,2008-02-06,11.37,12.5071,13.7585
"836",38,2008-02-07,11.34,12.4892,13.7566
"837",39,2008-02-08,11.26,12.4706,13.7547
"838",40,2008-02-09,11.1,12.4514,13.7534
"839",41,2008-02-10,11.22,12.4319,13.752
"840",42,2008-02-11,11.21,12.4127,13.7488
"841",43,2008-02-12,11.07,12.3937,13.7441
"842",44,2008-02-13,11.04,12.3755,13.7391
"843",45,2008-02-14,11.04,12.3582,13.7333
"844",46,2008-02-15,10.96,12.3423,13.7272
"845",47,2008-02-16,11.39,12.3275,13.7202
"846",48,2008-02-17,11.3,12.3126,13.7125
"847",49,2008-02-18,11.38,12.2966,13.7029
"848",50,2008-02-19,11.59,12.28,13.6929
"849",51,2008-02-20,11.66,12.2625,13.6826
"850",52,2008-02-21,11.56,12.2441,13.672
"851",53,2008-02-22,11.64,12.2244,13.6613
"852",54,2008-02-23,11.55,12.2035,13.6508
"853",55,2008-02-24,11.58,12.1812,13.6433
"854",56,2008-02-25,12.01,12.158,13.6359
"855",57,2008-02-26,11.93,12.1337,13.6282
"856",58,2008-02-27,11.97,12.1078,13.6196
"857",59,2008-02-28,11.92,12.0808,13.6122
"858",60,2008-02-29,11.93,12.0542,13.6045
"859",61,2008-03-01,11.83,12.0285,13.592
"860",62,2008-03-02,11.33,12.0039,13.5773
"861",63,2008-03-03,11.15,11.9805,13.56
"862",64,2008-03-04,11.32,11.9576,13.5392
"863",65,2008-03-05,11.32,11.9353,13.5147
"864",66,2008-03-06,11.45,11.9133,13.4848
"865",67,2008-03-07,11.62,11.8909,13.4534
"866",68,2008-03-08,11.58,11.8676,13.4208
"867",69,2008-03-09,11.39,11.8437,13.3882
"868",70,2008-03-10,11.34,11.8198,13.3521
"869",71,2008-03-11,11.26,11.7953,13.3142
"870",72,2008-03-12,11.4,11.7698,13.272
"871",73,2008-03-13,10.89,11.7431,13.2293
"872",74,2008-03-14,10.45,11.7147,13.1856
"873",75,2008-03-15,10.27,11.6847,13.1407
"874",76,2008-03-16,10.1,11.6531,13.094
"875",77,2008-03-17,9.69,11.6199,13.0475
"876",78,2008-03-18,9.83,11.5858,13.0013
"877",79,2008-03-19,9.97,11.5517,12.9561
"878",80,2008-03-20,10.15,11.5181,12.9128
"879",81,2008-03-21,10.31,11.4845,12.869
"880",82,2008-03-22,10.06,11.4511,12.8252
"881",83,2008-03-23,10.17,11.4181,12.7818
"882",84,2008-03-24,10.09,11.3856,12.7398
"883",85,2008-03-25,10.25,11.3545,12.7
"884",86,2008-03-26,10.22,11.3251,12.6615
"885",87,2008-03-27,10.22,11.2969,12.6238
"886",88,2008-03-28,9.57,11.2707,12.588
"887",89,2008-03-29,9.68,11.2469,12.5535
"888",90,2008-03-30,9.97,11.2248,12.518
"889",91,2008-03-31,9.28,11.2042,12.4839
"890",92,2008-04-01,9.24,11.1847,12.4593
"891",93,2008-04-02,10.1,11.1663,12.4365
"892",94,2008-04-03,10.33,11.1489,12.4125
"893",95,2008-04-04,10.39,11.1325,12.3875
"894",96,2008-04-05,10.51,11.1168,12.3669
"895",97,2008-04-06,10.5,11.1024,12.3462
"896",98,2008-04-07,10.42,11.0893,12.3246
"897",99,2008-04-08,10.12,11.0758,12.3011
"898",100,2008-04-09,9.47,11.0613,12.276
"899",101,2008-04-10,9.57,11.0462,12.2535
"900",102,2008-04-11,8.98,11.0305,12.2324
"901",103,2008-04-12,9.7,11.0149,12.2132
"902",104,2008-04-13,10.05,11,12.1988
"903",105,2008-04-14,10.53,10.9862,12.1867
"904",106,2008-04-15,9.96,10.9742,12.1761
"905",107,2008-04-16,9.86,10.9647,12.168
"906",108,2008-04-17,9.47,10.9567,12.1585
"907",109,2008-04-18,9.86,10.9501,12.1525
"908",110,2008-04-19,9.59,10.9464,12.1531
"909",111,2008-04-20,10.11,10.9453,12.1602
"910",112,2008-04-21,10.06,10.9469,12.17
"911",113,2008-04-22,9.71,10.9523,12.1848
"912",114,2008-04-23,9.99,10.9606,12.1997
"913",115,2008-04-24,9.64,10.9707,12.2146
"914",116,2008-04-25,9.3,10.9826,12.23
"915",117,2008-04-26,9.78,10.9955,12.2438
"916",118,2008-04-27,10.18,11.0085,12.2573
"917",119,2008-04-28,9.31,11.0218,12.2678
"918",120,2008-04-29,NA,11.0359,12.2762
"919",121,2008-04-30,NA,11.0502,12.2847
"920",122,2008-05-01,10.03,11.0642,12.2908
"921",123,2008-05-02,9.02,11.0767,12.2876
"922",124,2008-05-03,9.44,11.0872,12.2833
"923",125,2008-05-04,9.66,11.0961,12.2803
"924",126,2008-05-05,8.99,11.1039,12.2792
"925",127,2008-05-06,9.72,11.111,12.2756
"926",128,2008-05-07,10.05,11.1174,12.2745
"927",129,2008-05-08,10.3,11.124,12.2762
"928",130,2008-05-09,10.1,11.1322,12.2813
"929",131,2008-05-10,9.56,11.1417,12.2886
"930",132,2008-05-11,9.9,11.1522,12.2973
"931",133,2008-05-12,9.42,11.1646,12.3084
"932",134,2008-05-13,10.53,11.1789,12.3243
"933",135,2008-05-14,9.98,11.1954,12.3419
"934",136,2008-05-15,10.47,11.214,12.3606
"935",137,2008-05-16,10.89,11.2338,12.3799
"936",138,2008-05-17,10.54,11.2539,12.4003
"937",139,2008-05-18,10.82,11.2752,12.4252
"938",140,2008-05-19,10.54,11.2963,12.4469
"939",141,2008-05-20,10.18,11.3155,12.4643
"940",142,2008-05-21,10.59,11.3338,12.4774
"941",143,2008-05-22,10.91,11.3521,12.4907
"942",144,2008-05-23,10.19,11.3693,12.5024
"943",145,2008-05-24,8.98,11.3867,12.5173
"944",146,2008-05-25,9.54,11.4043,12.5361
"945",147,2008-05-26,10.33,11.4212,12.5547
"946",148,2008-05-27,NA,11.4383,12.5735
"947",149,2008-05-28,12.88,11.4556,12.5934
"948",150,2008-05-29,12.47,11.4718,12.6178
"949",151,2008-05-30,12.34,11.4877,12.6442
"950",152,2008-05-31,12.22,11.5053,12.6759
"951",153,2008-06-01,11.99,11.5233,12.7084
"952",154,2008-06-02,11.44,11.5419,12.7416
"953",155,2008-06-03,10.97,11.5618,12.7748
"954",156,2008-06-04,10.98,11.5832,12.81
"955",157,2008-06-05,10.47,11.6055,12.8449
"956",158,2008-06-06,10.51,11.6293,12.8765
"957",159,2008-06-07,10.32,11.6542,12.908
"958",160,2008-06-08,9.11,11.6797,12.9409
"959",161,2008-06-09,9.26,11.7063,12.9693
"960",162,2008-06-10,10.26,11.7347,12.9971
"961",163,2008-06-11,10.75,11.7635,13.0278
"962",164,2008-06-12,10.57,11.7935,13.0577
"963",165,2008-06-13,11.14,11.8236,13.0899
"964",166,2008-06-14,11.81,11.8531,13.12
"965",167,2008-06-15,11.66,11.882,13.1507
"966",168,2008-06-16,11.3,11.9111,13.1843
"967",169,2008-06-17,11.08,11.9394,13.2168
"968",170,2008-06-18,10.51,11.9663,13.2465
"969",171,2008-06-19,10.72,11.9938,13.2782
"970",172,2008-06-20,11.16,12.0229,13.3081
"971",173,2008-06-21,11.34,12.0531,13.3386
"972",174,2008-06-22,12.46,12.0839,13.3688
"973",175,2008-06-23,11.63,12.1155,13.4032
"974",176,2008-06-24,10.94,12.1472,13.4347
"975",177,2008-06-25,11.17,12.1788,13.4624
"976",178,2008-06-26,11.21,12.211,13.4892
"977",179,2008-06-27,11.18,12.2432,13.5163
"978",180,2008-06-28,11.61,12.2772,13.5463
"979",181,2008-06-29,12.49,12.3139,13.5752
"980",182,2008-06-30,13.27,12.3516,13.6042
"981",183,2008-07-01,13.45,12.3884,13.629
"982",184,2008-07-02,12.91,12.4248,13.6543
"983",185,2008-07-03,11.66,12.4606,13.6829
"984",186,2008-07-04,11.42,12.4957,13.7122
"985",187,2008-07-05,11.04,12.5306,13.7408
"986",188,2008-07-06,10.76,12.5663,13.7723
"987",189,2008-07-07,10.81,12.6023,13.808
"988",190,2008-07-08,11.38,12.6381,13.8499
"989",191,2008-07-09,12.68,12.6745,13.8901
"990",192,2008-07-10,13.48,12.7117,13.9345
"991",193,2008-07-11,13.83,12.7495,13.9827
"992",194,2008-07-12,14.07,12.789,14.0363
"993",195,2008-07-13,15.07,12.8287,14.0886
"994",196,2008-07-14,15.49,12.8693,14.1412
"995",197,2008-07-15,15.15,12.9093,14.1927
"996",198,2008-07-16,15.17,12.9492,14.2439
"997",199,2008-07-17,14.17,12.9884,14.2939
"998",200,2008-07-18,13.72,13.0272,14.3471
"999",201,2008-07-19,12.29,13.0661,14.4003
"1000",202,2008-07-20,12.14,13.1034,14.4498
"1001",203,2008-07-21,12.51,13.1377,14.4975
"1002",204,2008-07-22,12.79,13.1691,14.5423
"1003",205,2008-07-23,11.38,13.197,14.5835
"1004",206,2008-07-24,12.26,13.2223,14.6175
"1005",207,2008-07-25,12.69,13.2458,14.6454
"1006",208,2008-07-26,12.83,13.2687,14.675
"1007",209,2008-07-27,13.3,13.2906,14.7018
"1008",210,2008-07-28,13.11,13.3118,14.7268
"1009",211,2008-07-29,13.42,13.332,14.7497
"1010",212,2008-07-30,13.75,13.3507,14.7735
"1011",213,2008-07-31,13.16,13.3685,14.799
"1012",214,2008-08-01,13.72,13.3858,14.8277
"1013",215,2008-08-02,13.43,13.403,14.8617
"1014",216,2008-08-03,12.94,13.4213,14.8984
"1015",217,2008-08-04,11.89,13.4403,14.94
"1016",218,2008-08-05,12.28,13.4608,14.9837
"1017",219,2008-08-06,13.17,13.4821,15.0267
"1018",220,2008-08-07,13.98,13.5037,15.0704
"1019",221,2008-08-08,14.11,13.5251,15.1063
"1020",222,2008-08-09,13.95,13.5449,15.1375
"1021",223,2008-08-10,13.83,13.5618,15.1624
"1022",224,2008-08-11,13.71,13.5755,15.1812
"1023",225,2008-08-12,14.17,13.5863,15.1913
"1024",226,2008-08-13,14.06,13.5951,15.2
"1025",227,2008-08-14,13.3,13.6017,15.2016
"1026",228,2008-08-15,14.12,13.6071,15.2016
"1027",229,2008-08-16,13.76,13.6091,15.199
"1028",230,2008-08-17,14.43,13.6081,15.1942
"1029",231,2008-08-18,14.44,13.6057,15.1868
"1030",232,2008-08-19,14.69,13.6024,15.1795
"1031",233,2008-08-20,13.86,13.5997,15.1745
"1032",234,2008-08-21,13.47,13.5993,15.1723
"1033",235,2008-08-22,13.45,13.6016,15.1738
"1034",236,2008-08-23,13.28,13.6068,15.1772
"1035",237,2008-08-24,13.97,13.6139,15.1839
"1036",238,2008-08-25,14.54,13.6227,15.2066
"1037",239,2008-08-26,14.09,13.6324,15.2305
"1038",240,2008-08-27,13.54,13.6437,15.2575
"1039",241,2008-08-28,13.75,13.6555,15.284
"1040",242,2008-08-29,14.75,13.6666,15.3084
"1041",243,2008-08-30,15.02,13.6772,15.3304
"1042",244,2008-08-31,13.54,13.6867,15.3444
"1043",245,2008-09-01,13.23,13.695,15.3505
"1044",246,2008-09-02,13.21,13.7025,15.3492
"1045",247,2008-09-03,13.51,13.7093,15.3475
"1046",248,2008-09-04,13.96,13.7151,15.3414
"1047",249,2008-09-05,14.16,13.7187,15.3357
"1048",250,2008-09-06,14.74,13.7201,15.3283
"1049",251,2008-09-07,15.63,13.7191,15.3174
"1050",252,2008-09-08,15.82,13.7172,15.3067
"1051",253,2008-09-09,16.23,13.7162,15.3005
"1052",254,2008-09-10,16.38,13.716,15.2998
"1053",255,2008-09-11,15.17,13.7171,15.3014
"1054",256,2008-09-12,14.49,13.7196,15.3029
"1055",257,2008-09-13,14.43,13.7222,15.3047
"1056",258,2008-09-14,15.31,13.7254,15.3115
"1057",259,2008-09-15,15.07,13.7292,15.3161
"1058",260,2008-09-16,14.1,13.7346,15.3203
"1059",261,2008-09-17,13.73,13.7416,15.3229
"1060",262,2008-09-18,13.61,13.7507,15.3265
"1061",263,2008-09-19,13.53,13.7612,15.3307
"1062",264,2008-09-20,13.41,13.7716,15.3351
"1063",265,2008-09-21,13.18,13.7807,15.3402
"1064",266,2008-09-22,13.22,13.7876,15.3423
"1065",267,2008-09-23,12.93,13.7919,15.3443
"1066",268,2008-09-24,13.34,13.7949,15.3445
"1067",269,2008-09-25,15.09,13.7965,15.3335
"1068",270,2008-09-26,14.14,13.7974,15.3258
"1069",271,2008-09-27,13.82,13.7981,15.3196
"1070",272,2008-09-28,13.88,13.7989,15.3175
"1071",273,2008-09-29,14.36,13.7992,15.316
"1072",274,2008-09-30,14.29,13.7986,15.315
"1073",275,2008-10-01,14.54,13.7974,15.3195
"1074",276,2008-10-02,13.53,13.7967,15.3267
"1075",277,2008-10-03,13.6,13.7969,15.3384
"1076",278,2008-10-04,15.32,13.7985,15.3464
"1077",279,2008-10-05,13.52,13.8014,15.3534
"1078",280,2008-10-06,14.21,13.8045,15.3592
"1079",281,2008-10-07,13.77,13.8076,15.3665
"1080",282,2008-10-08,13.67,13.81,15.3754
"1081",283,2008-10-09,13.44,13.8108,15.385
"1082",284,2008-10-10,12.48,13.8095,15.3912
"1083",285,2008-10-11,11.54,13.8076,15.3959
"1084",286,2008-10-12,11.33,13.806,15.4
"1085",287,2008-10-13,11.71,13.8039,15.4041
"1086",288,2008-10-14,11.91,13.8014,15.4031
"1087",289,2008-10-15,12.66,13.7988,15.4015
"1088",290,2008-10-16,11.94,13.7945,15.3998
"1089",291,2008-10-17,12.77,13.7896,15.3966
"1090",292,2008-10-18,14.23,13.7841,15.3931
"1091",293,2008-10-19,13.52,13.7777,15.389
"1092",294,2008-10-20,12.52,13.7694,15.3831
"1093",295,2008-10-21,12.54,13.7599,15.3758
"1094",296,2008-10-22,12.55,13.749,15.3635
"1095",297,2008-10-23,12.76,13.7379,15.3538
"1096",298,2008-10-24,13.3,13.7262,15.3441
"1097",299,2008-10-25,12.91,13.7134,15.333
"1098",300,2008-10-26,12.73,13.6977,15.3168
"1099",301,2008-10-27,12.31,13.6802,15.2938
"1100",302,2008-10-28,12.29,13.6598,15.2693
"1101",303,2008-10-29,12.55,13.6371,15.2422
"1102",304,2008-10-30,12.47,13.6126,15.2125
"1103",305,2008-10-31,13.32,13.5887,15.1822
"1104",306,2008-11-01,14.03,13.5668,15.1525
"1105",307,2008-11-02,15.05,13.5458,15.1256
"1106",308,2008-11-03,14.73,13.5238,15.0948
"1107",309,2008-11-04,14.99,13.5011,15.0649
"1108",310,2008-11-05,14.24,13.4782,15.0378
"1109",311,2008-11-06,NA,13.4565,15.0111
"1110",312,2008-11-07,14.11,13.4364,14.9871
"1111",313,2008-11-08,14.23,13.4188,14.9659
"1112",314,2008-11-09,13.82,13.4041,14.9509
"1113",315,2008-11-10,11.44,13.3918,14.9416
"1114",316,2008-11-11,11.62,13.3802,14.9337
"1115",317,2008-11-12,11.6,13.3681,14.9266
"1116",318,2008-11-13,11.92,13.3558,14.9198
"1117",319,2008-11-14,11.63,13.344,14.9196
"1118",320,2008-11-15,12.12,13.3328,14.9184
"1119",321,2008-11-16,14.45,13.3239,14.921
"1120",322,2008-11-17,14.93,13.3164,14.9253
"1121",323,2008-11-18,14.48,13.3092,14.9315
"1122",324,2008-11-19,13.64,13.3017,14.9367
"1123",325,2008-11-20,12.93,13.295,14.9454
"1124",326,2008-11-21,12.94,13.2898,14.9518
"1125",327,2008-11-22,12.72,13.2867,14.9612
"1126",328,2008-11-23,13.28,13.2855,14.9677
"1127",329,2008-11-24,13.4,13.2862,14.974
"1128",330,2008-11-25,13.9,13.2879,14.9789
"1129",331,2008-11-26,14.32,13.2913,14.9891
"1130",332,2008-11-27,14.09,13.2947,14.9975
"1131",333,2008-11-28,13.77,13.2986,15.0056
"1132",334,2008-11-29,13.76,13.3043,15.0141
"1133",335,2008-11-30,13.84,13.312,15.0236
"1134",336,2008-12-01,13.94,13.3195,15.0284
"1135",337,2008-12-02,13.87,13.3259,15.0322
"1136",338,2008-12-03,13.96,13.3313,15.0324
"1137",339,2008-12-04,13.92,13.3361,15.0341
"1138",340,2008-12-05,13.94,13.3398,15.0367
"1139",341,2008-12-06,14.12,13.3423,15.0375
"1140",342,2008-12-07,14.03,13.3431,15.0372
"1141",343,2008-12-08,13.98,13.3422,15.0339
"1142",344,2008-12-09,13.52,13.3395,15.0279
"1143",345,2008-12-10,13.57,13.3345,15.015
"1144",346,2008-12-11,13.5,13.3271,14.9977
"1145",347,2008-12-12,13.37,13.3183,14.9797
"1146",348,2008-12-13,13.34,13.3084,14.953
"1147",349,2008-12-14,12.15,13.2975,14.9232
"1148",350,2008-12-15,12.57,13.2854,14.882
"1149",351,2008-12-16,12.66,13.2716,14.8395
"1150",352,2008-12-17,12.73,13.2567,14.796
"1151",353,2008-12-18,12.39,13.2409,14.7537
"1152",354,2008-12-19,12.52,13.2246,14.7101
"1153",355,2008-12-20,12.47,13.2081,14.6664
"1154",356,2008-12-21,12.27,13.1907,14.6202
"1155",357,2008-12-22,12.31,13.1725,14.575
"1156",358,2008-12-23,11.77,13.1523,14.5292
"1157",359,2008-12-24,11.89,13.1302,14.484
"1158",360,2008-12-25,12.84,13.1065,14.4399
"1159",361,2008-12-26,12.14,13.0822,14.3969
"1160",362,2008-12-27,12.28,13.0576,14.3543
"1161",363,2008-12-28,12.38,13.0332,14.3138
"1162",364,2008-12-29,12.46,13.009,14.2735
"1163",365,2008-12-30,12.7,12.9848,14.234
"1164",366,2008-12-31,12.39,12.9605,14.1971
"1165",1,2009-01-01,12.64,12.9365,14.1655
"1166",2,2009-01-02,12.3,12.9131,14.1358
"1167",3,2009-01-03,12.27,12.8909,14.1095
"1168",4,2009-01-04,11.83,12.8702,14.0832
"1169",5,2009-01-05,11.92,12.8507,14.0569
"1170",6,2009-01-06,12,12.8321,14.0306
"1171",7,2009-01-07,11.68,12.8146,14.004
"1172",8,2009-01-08,11.55,12.7982,13.9782
"1173",9,2009-01-09,11.62,12.7831,13.9517
"1174",10,2009-01-10,11.49,12.7694,13.9268
"1175",11,2009-01-11,11.56,12.757,13.9019
"1176",12,2009-01-12,11.8,12.7458,13.8777
"1177",13,2009-01-13,12.02,12.7355,13.8624
"1178",14,2009-01-14,12.28,12.7257,13.8499
"1179",15,2009-01-15,12.27,12.7162,13.8481
"1180",16,2009-01-16,11.8,12.7069,13.8467
"1181",17,2009-01-17,11.75,12.6976,13.8462
"1182",18,2009-01-18,12.14,12.6889,13.8458
"1183",19,2009-01-19,12.11,12.6806,13.8467
"1184",20,2009-01-20,12.54,12.6728,13.8476
"1185",21,2009-01-21,12.53,12.6653,13.8483
"1186",22,2009-01-22,12.55,12.6583,13.8499
"1187",23,2009-01-23,12.71,12.652,13.8493
"1188",24,2009-01-24,13.01,12.6461,13.8448
"1189",25,2009-01-25,12.66,12.6406,13.8386
"1190",26,2009-01-26,12.05,12.6349,13.8322
"1191",27,2009-01-27,12.54,12.629,13.8257
"1192",28,2009-01-28,12.8,12.6232,13.8183
"1193",29,2009-01-29,12.88,12.6164,13.8109
"1194",30,2009-01-30,13.06,12.6083,13.8028
"1195",31,2009-01-31,12.76,12.5986,13.7942
"1196",32,2009-02-01,12.44,12.5874,13.7855
"1197",33,2009-02-02,12.36,12.5743,13.7762
"1198",34,2009-02-03,12.42,12.5593,13.7685
"1199",35,2009-02-04,12.34,12.5427,13.7639
"1200",36,2009-02-05,12.52,12.525,13.7608
"1201",37,2009-02-06,12.69,12.5071,13.7585
"1202",38,2009-02-07,12.81,12.4892,13.7566
"1203",39,2009-02-08,12.88,12.4706,13.7547
"1204",40,2009-02-09,12.77,12.4514,13.7534
"1205",41,2009-02-10,12.44,12.4319,13.752
"1206",42,2009-02-11,12.38,12.4127,13.7488
"1207",43,2009-02-12,12.36,12.3937,13.7441
"1208",44,2009-02-13,11.98,12.3755,13.7391
"1209",45,2009-02-14,11.81,12.3582,13.7333
"1210",46,2009-02-15,12.06,12.3423,13.7272
"1211",47,2009-02-16,11.95,12.3275,13.7202
"1212",48,2009-02-17,12.25,12.3126,13.7125
"1213",49,2009-02-18,12.28,12.2966,13.7029
"1214",50,2009-02-19,12.33,12.28,13.6929
"1215",51,2009-02-20,12.33,12.2625,13.6826
"1216",52,2009-02-21,12.22,12.2441,13.672
"1217",53,2009-02-22,12.3,12.2244,13.6613
"1218",54,2009-02-23,12.55,12.2035,13.6508
"1219",55,2009-02-24,12.73,12.1812,13.6433
"1220",56,2009-02-25,12.48,12.158,13.6359
"1221",57,2009-02-26,12.71,12.1337,13.6282
"1222",58,2009-02-27,12.49,12.1078,13.6196
"1223",59,2009-02-28,12.22,12.0808,13.6122
"1224",61,2009-03-01,12.46,12.0285,13.592
"1225",62,2009-03-02,12.36,12.0039,13.5773
"1226",63,2009-03-03,12.7,11.9805,13.56
"1227",64,2009-03-04,12.69,11.9576,13.5392
"1228",65,2009-03-05,12.54,11.9353,13.5147
"1229",66,2009-03-06,12.54,11.9133,13.4848
"1230",67,2009-03-07,12.01,11.8909,13.4534
"1231",68,2009-03-08,11.98,11.8676,13.4208
"1232",69,2009-03-09,11.71,11.8437,13.3882
"1233",70,2009-03-10,11.45,11.8198,13.3521
"1234",71,2009-03-11,11.26,11.7953,13.3142
"1235",72,2009-03-12,11.41,11.7698,13.272
"1236",73,2009-03-13,11.67,11.7431,13.2293
"1237",74,2009-03-14,11.54,11.7147,13.1856
"1238",75,2009-03-15,11.03,11.6847,13.1407
"1239",76,2009-03-16,11.14,11.6531,13.094
"1240",77,2009-03-17,11.23,11.6199,13.0475
"1241",78,2009-03-18,10.47,11.5858,13.0013
"1242",79,2009-03-19,10.78,11.5517,12.9561
"1243",80,2009-03-20,10.39,11.5181,12.9128
"1244",81,2009-03-21,10.19,11.4845,12.869
"1245",82,2009-03-22,10.88,11.4511,12.8252
"1246",83,2009-03-23,10.36,11.4181,12.7818
"1247",84,2009-03-24,10.48,11.3856,12.7398
"1248",85,2009-03-25,10.42,11.3545,12.7
"1249",86,2009-03-26,10.38,11.3251,12.6615
"1250",87,2009-03-27,10.31,11.2969,12.6238
"1251",88,2009-03-28,10.31,11.2707,12.588
"1252",89,2009-03-29,10.4,11.2469,12.5535
"1253",90,2009-03-30,10.51,11.2248,12.518
"1254",91,2009-03-31,10.09,11.2042,12.4839
"1255",92,2009-04-01,10.65,11.1847,12.4593
"1256",93,2009-04-02,10.35,11.1663,12.4365
"1257",94,2009-04-03,10.31,11.1489,12.4125
"1258",95,2009-04-04,9.79,11.1325,12.3875
"1259",96,2009-04-05,10.26,11.1168,12.3669
"1260",97,2009-04-06,10.8,11.1024,12.3462
"1261",98,2009-04-07,10.58,11.0893,12.3246
"1262",99,2009-04-08,10.93,11.0758,12.3011
"1263",100,2009-04-09,11.34,11.0613,12.276
"1264",101,2009-04-10,11.06,11.0462,12.2535
"1265",102,2009-04-11,11.89,11.0305,12.2324
"1266",103,2009-04-12,10.74,11.0149,12.2132
"1267",104,2009-04-13,10.34,11,12.1988
"1268",105,2009-04-14,10.68,10.9862,12.1867
"1269",106,2009-04-15,9.94,10.9742,12.1761
"1270",107,2009-04-16,9.62,10.9647,12.168
"1271",108,2009-04-17,NA,10.9567,12.1585
"1272",109,2009-04-18,NA,10.9501,12.1525
"1273",110,2009-04-19,NA,10.9464,12.1531
"1274",111,2009-04-20,NA,10.9453,12.1602
"1275",112,2009-04-21,11.05,10.9469,12.17
"1276",113,2009-04-22,10.98,10.9523,12.1848
"1277",114,2009-04-23,11.29,10.9606,12.1997
"1278",115,2009-04-24,10.93,10.9707,12.2146
"1279",116,2009-04-25,11.16,10.9826,12.23
"1280",117,2009-04-26,11.03,10.9955,12.2438
"1281",118,2009-04-27,10.58,11.0085,12.2573
"1282",119,2009-04-28,10.13,11.0218,12.2678
"1283",120,2009-04-29,10.39,11.0359,12.2762
"1284",121,2009-04-30,10.46,11.0502,12.2847
"1285",122,2009-05-01,10.01,11.0642,12.2908
"1286",123,2009-05-02,9.68,11.0767,12.2876
"1287",124,2009-05-03,10.43,11.0872,12.2833
"1288",125,2009-05-04,11.21,11.0961,12.2803
"1289",126,2009-05-05,11.26,11.1039,12.2792
"1290",127,2009-05-06,11.06,11.111,12.2756
"1291",128,2009-05-07,11.05,11.1174,12.2745
"1292",129,2009-05-08,11.24,11.124,12.2762
"1293",130,2009-05-09,10.4,11.1322,12.2813
"1294",131,2009-05-10,10.37,11.1417,12.2886
"1295",132,2009-05-11,10.31,11.1522,12.2973
"1296",133,2009-05-12,10.84,11.1646,12.3084
"1297",134,2009-05-13,10.76,11.1789,12.3243
"1298",135,2009-05-14,10.66,11.1954,12.3419
"1299",136,2009-05-15,10.73,11.214,12.3606
"1300",137,2009-05-16,NA,11.2338,12.3799
"1301",138,2009-05-17,NA,11.2539,12.4003
"1302",139,2009-05-18,NA,11.2752,12.4252
"1303",140,2009-05-19,11.91,11.2963,12.4469
"1304",141,2009-05-20,12.27,11.3155,12.4643
"1305",142,2009-05-21,11.37,11.3338,12.4774
"1306",143,2009-05-22,10.46,11.3521,12.4907
"1307",144,2009-05-23,10.6,11.3693,12.5024
"1308",145,2009-05-24,10.64,11.3867,12.5173
"1309",146,2009-05-25,10.89,11.4043,12.5361
"1310",147,2009-05-26,10.59,11.4212,12.5547
"1311",148,2009-05-27,10.79,11.4383,12.5735
"1312",149,2009-05-28,11.38,11.4556,12.5934
"1313",150,2009-05-29,11.99,11.4718,12.6178
"1314",151,2009-05-30,13.03,11.4877,12.6442
"1315",152,2009-05-31,13.1,11.5053,12.6759
"1316",153,2009-06-01,12.9,11.5233,12.7084
"1317",154,2009-06-02,12.7,11.5419,12.7416
"1318",155,2009-06-03,13.37,11.5618,12.7748
"1319",156,2009-06-04,13.66,11.5832,12.81
"1320",157,2009-06-05,14.31,11.6055,12.8449
"1321",158,2009-06-06,14.29,11.6293,12.8765
"1322",159,2009-06-07,14.13,11.6542,12.908
"1323",160,2009-06-08,14.24,11.6797,12.9409
"1324",161,2009-06-09,13.76,11.7063,12.9693
"1325",162,2009-06-10,13.56,11.7347,12.9971
"1326",163,2009-06-11,13.26,11.7635,13.0278
"1327",164,2009-06-12,13.24,11.7935,13.0577
"1328",165,2009-06-13,12.62,11.8236,13.0899
"1329",166,2009-06-14,15.19,11.8531,13.12
"1330",167,2009-06-15,14.34,11.882,13.1507
"1331",168,2009-06-16,13.77,11.9111,13.1843
"1332",169,2009-06-17,13.67,11.9394,13.2168
"1333",170,2009-06-18,13.7,11.9663,13.2465
"1334",171,2009-06-19,12.86,11.9938,13.2782
"1335",172,2009-06-20,12.97,12.0229,13.3081
"1336",173,2009-06-21,11.89,12.0531,13.3386
"1337",174,2009-06-22,11.98,12.0839,13.3688
"1338",175,2009-06-23,11.25,12.1155,13.4032
"1339",176,2009-06-24,11.37,12.1472,13.4347
"1340",177,2009-06-25,12.35,12.1788,13.4624
"1341",178,2009-06-26,12.09,12.211,13.4892
"1342",179,2009-06-27,11.6,12.2432,13.5163
"1343",180,2009-06-28,12.06,12.2772,13.5463
"1344",181,2009-06-29,12.7,12.3139,13.5752
"1345",182,2009-06-30,13.09,12.3516,13.6042
"1346",183,2009-07-01,13.79,12.3884,13.629
"1347",184,2009-07-02,15.35,12.4248,13.6543
"1348",185,2009-07-03,15.35,12.4606,13.6829
"1349",186,2009-07-04,15.16,12.4957,13.7122
"1350",187,2009-07-05,15.29,12.5306,13.7408
"1351",188,2009-07-06,14.55,12.5663,13.7723
"1352",189,2009-07-07,13.24,12.6023,13.808
"1353",190,2009-07-08,12.69,12.6381,13.8499
"1354",191,2009-07-09,11.62,12.6745,13.8901
"1355",192,2009-07-10,11.89,12.7117,13.9345
"1356",193,2009-07-11,11.67,12.7495,13.9827
"1357",194,2009-07-12,12.01,12.789,14.0363
"1358",195,2009-07-13,12.42,12.8287,14.0886
"1359",196,2009-07-14,12.63,12.8693,14.1412
"1360",197,2009-07-15,13.1,12.9093,14.1927
"1361",198,2009-07-16,13.64,12.9492,14.2439
"1362",199,2009-07-17,14.28,12.9884,14.2939
"1363",200,2009-07-18,14.24,13.0272,14.3471
"1364",201,2009-07-19,13.51,13.0661,14.4003
"1365",202,2009-07-20,13.11,13.1034,14.4498
"1366",203,2009-07-21,12.57,13.1377,14.4975
"1367",204,2009-07-22,12.35,13.1691,14.5423
"1368",205,2009-07-23,12.08,13.197,14.5835
"1369",206,2009-07-24,11.95,13.2223,14.6175
"1370",207,2009-07-25,11.85,13.2458,14.6454
"1371",208,2009-07-26,11.75,13.2687,14.675
"1372",209,2009-07-27,12.9,13.2906,14.7018
"1373",210,2009-07-28,12.51,13.3118,14.7268
"1374",211,2009-07-29,12.67,13.332,14.7497
"1375",212,2009-07-30,13.32,13.3507,14.7735
"1376",213,2009-07-31,13.59,13.3685,14.799
"1377",214,2009-08-01,13.51,13.3858,14.8277
"1378",215,2009-08-02,13.12,13.403,14.8617
"1379",216,2009-08-03,13.45,13.4213,14.8984
"1380",217,2009-08-04,13.47,13.4403,14.94
"1381",218,2009-08-05,13.07,13.4608,14.9837
"1382",219,2009-08-06,13.42,13.4821,15.0267
"1383",220,2009-08-07,13.89,13.5037,15.0704
"1384",221,2009-08-08,13.42,13.5251,15.1063
"1385",222,2009-08-09,12.5,13.5449,15.1375
"1386",223,2009-08-10,12.31,13.5618,15.1624
"1387",224,2009-08-11,13.18,13.5755,15.1812
"1388",225,2009-08-12,13.22,13.5863,15.1913
"1389",226,2009-08-13,13.66,13.5951,15.2
"1390",227,2009-08-14,13.14,13.6017,15.2016
"1391",228,2009-08-15,12.99,13.6071,15.2016
"1392",229,2009-08-16,13.05,13.6091,15.199
"1393",230,2009-08-17,14.3,13.6081,15.1942
"1394",231,2009-08-18,14.04,13.6057,15.1868
"1395",232,2009-08-19,13.97,13.6024,15.1795
"1396",233,2009-08-20,14.59,13.5997,15.1745
"1397",234,2009-08-21,13.48,13.5993,15.1723
"1398",235,2009-08-22,12.69,13.6016,15.1738
"1399",236,2009-08-23,12.57,13.6068,15.1772
"1400",237,2009-08-24,12.49,13.6139,15.1839
"1401",238,2009-08-25,12.77,13.6227,15.2066
"1402",239,2009-08-26,12.58,13.6324,15.2305
"1403",240,2009-08-27,12.4,13.6437,15.2575
"1404",241,2009-08-28,12.87,13.6555,15.284
"1405",242,2009-08-29,13.21,13.6666,15.3084
"1406",243,2009-08-30,12.61,13.6772,15.3304
"1407",244,2009-08-31,12.58,13.6867,15.3444
"1408",245,2009-09-01,12.01,13.695,15.3505
"1409",246,2009-09-02,12.21,13.7025,15.3492
"1410",247,2009-09-03,12.75,13.7093,15.3475
"1411",248,2009-09-04,12.84,13.7151,15.3414
"1412",249,2009-09-05,12.44,13.7187,15.3357
"1413",250,2009-09-06,12.56,13.7201,15.3283
"1414",251,2009-09-07,11.9,13.7191,15.3174
"1415",252,2009-09-08,11.78,13.7172,15.3067
"1416",253,2009-09-09,12.62,13.7162,15.3005
"1417",254,2009-09-10,13.19,13.716,15.2998
"1418",255,2009-09-11,12.68,13.7171,15.3014
"1419",256,2009-09-12,12.96,13.7196,15.3029
"1420",257,2009-09-13,13.56,13.7222,15.3047
"1421",258,2009-09-14,14.71,13.7254,15.3115
"1422",259,2009-09-15,14.37,13.7292,15.3161
"1423",260,2009-09-16,14.13,13.7346,15.3203
"1424",261,2009-09-17,12.58,13.7416,15.3229
"1425",262,2009-09-18,12.01,13.7507,15.3265
"1426",263,2009-09-19,12.79,13.7612,15.3307
"1427",264,2009-09-20,13.23,13.7716,15.3351
"1428",265,2009-09-21,13.5,13.7807,15.3402
"1429",266,2009-09-22,14.05,13.7876,15.3423
"1430",267,2009-09-23,13.6,13.7919,15.3443
"1431",268,2009-09-24,13.26,13.7949,15.3445
"1432",269,2009-09-25,12.81,13.7965,15.3335
"1433",270,2009-09-26,12.81,13.7974,15.3258
"1434",271,2009-09-27,12.61,13.7981,15.3196
"1435",272,2009-09-28,12.87,13.7989,15.3175
"1436",273,2009-09-29,13.65,13.7992,15.316
"1437",274,2009-09-30,13.31,13.7986,15.315
"1438",275,2009-10-01,12.73,13.7974,15.3195
"1439",276,2009-10-02,13.05,13.7967,15.3267
"1440",277,2009-10-03,13.16,13.7969,15.3384
"1441",278,2009-10-04,13.2,13.7985,15.3464
"1442",279,2009-10-05,11.6,13.8014,15.3534
"1443",280,2009-10-06,12.38,13.8045,15.3592
"1444",281,2009-10-07,13.14,13.8076,15.3665
"1445",282,2009-10-08,13.59,13.81,15.3754
"1446",283,2009-10-09,14.16,13.8108,15.385
"1447",284,2009-10-10,14.4,13.8095,15.3912
"1448",285,2009-10-11,14.01,13.8076,15.3959
"1449",286,2009-10-12,13.43,13.806,15.4
"1450",287,2009-10-13,13.73,13.8039,15.4041
"1451",288,2009-10-14,14.4,13.8014,15.4031
"1452",289,2009-10-15,14.04,13.7988,15.4015
"1453",290,2009-10-16,13.98,13.7945,15.3998
"1454",291,2009-10-17,14.08,13.7896,15.3966
"1455",292,2009-10-18,14.42,13.7841,15.3931
"1456",293,2009-10-19,14.87,13.7777,15.389
"1457",294,2009-10-20,15.05,13.7694,15.3831
"1458",295,2009-10-21,14.55,13.7599,15.3758
"1459",296,2009-10-22,14.33,13.749,15.3635
"1460",297,2009-10-23,14.35,13.7379,15.3538
"1461",298,2009-10-24,14.27,13.7262,15.3441
"1462",299,2009-10-25,13.69,13.7134,15.333
"1463",300,2009-10-26,14.18,13.6977,15.3168
"1464",301,2009-10-27,13.94,13.6802,15.2938
"1465",302,2009-10-28,11.99,13.6598,15.2693
"1466",303,2009-10-29,11.56,13.6371,15.2422
"1467",304,2009-10-30,11.86,13.6126,15.2125
"1468",305,2009-10-31,12.01,13.5887,15.1822
"1469",306,2009-11-01,12.4,13.5668,15.1525
"1470",307,2009-11-02,12.67,13.5458,15.1256
"1471",308,2009-11-03,12.8,13.5238,15.0948
"1472",309,2009-11-04,13,13.5011,15.0649
"1473",310,2009-11-05,13.2,13.4782,15.0378
"1474",311,2009-11-06,13.14,13.4565,15.0111
"1475",312,2009-11-07,12.63,13.4364,14.9871
"1476",313,2009-11-08,12.29,13.4188,14.9659
"1477",314,2009-11-09,12.29,13.4041,14.9509
"1478",315,2009-11-10,12.22,13.3918,14.9416
"1479",316,2009-11-11,12.6,13.3802,14.9337
"1480",317,2009-11-12,12.78,13.3681,14.9266
"1481",318,2009-11-13,12.36,13.3558,14.9198
"1482",319,2009-11-14,12.13,13.344,14.9196
"1483",320,2009-11-15,12.24,13.3328,14.9184
"1484",321,2009-11-16,12.35,13.3239,14.921
"1485",322,2009-11-17,12.54,13.3164,14.9253
"1486",323,2009-11-18,12.32,13.3092,14.9315
"1487",324,2009-11-19,12.23,13.3017,14.9367
"1488",325,2009-11-20,12.41,13.295,14.9454
"1489",326,2009-11-21,12.64,13.2898,14.9518
"1490",327,2009-11-22,12.76,13.2867,14.9612
"1491",328,2009-11-23,12.14,13.2855,14.9677
"1492",329,2009-11-24,12.11,13.2862,14.974
"1493",330,2009-11-25,12.3,13.2879,14.9789
"1494",331,2009-11-26,12.35,13.2913,14.9891
"1495",332,2009-11-27,12.75,13.2947,14.9975
"1496",333,2009-11-28,12.63,13.2986,15.0056
"1497",334,2009-11-29,12.36,13.3043,15.0141
"1498",335,2009-11-30,12.42,13.312,15.0236
"1499",336,2009-12-01,12.7,13.3195,15.0284
"1500",337,2009-12-02,12.57,13.3259,15.0322
"1501",338,2009-12-03,12.75,13.3313,15.0324
"1502",339,2009-12-04,12.74,13.3361,15.0341
"1503",340,2009-12-05,13.01,13.3398,15.0367
"1504",341,2009-12-06,13.35,13.3423,15.0375
"1505",342,2009-12-07,13.51,13.3431,15.0372
"1506",343,2009-12-08,12.29,13.3422,15.0339
"1507",344,2009-12-09,12.19,13.3395,15.0279
"1508",345,2009-12-10,12.62,13.3345,15.015
"1509",346,2009-12-11,12.65,13.3271,14.9977
"1510",347,2009-12-12,12.72,13.3183,14.9797
"1511",348,2009-12-13,13.2,13.3084,14.953
"1512",349,2009-12-14,13.19,13.2975,14.9232
"1513",350,2009-12-15,13.16,13.2854,14.882
"1514",351,2009-12-16,13.21,13.2716,14.8395
"1515",352,2009-12-17,13.26,13.2567,14.796
"1516",353,2009-12-18,13.3,13.2409,14.7537
"1517",354,2009-12-19,13.27,13.2246,14.7101
"1518",355,2009-12-20,13.57,13.2081,14.6664
"1519",356,2009-12-21,13.46,13.1907,14.6202
"1520",357,2009-12-22,NA,13.1725,14.575
"1521",358,2009-12-23,12.35,13.1523,14.5292
"1522",359,2009-12-24,12.45,13.1302,14.484
"1523",360,2009-12-25,12.84,13.1065,14.4399
"1524",361,2009-12-26,13.08,13.0822,14.3969
"1525",362,2009-12-27,13.17,13.0576,14.3543
"1526",363,2009-12-28,13.17,13.0332,14.3138
"1527",364,2009-12-29,13.1,13.009,14.2735
"1528",365,2009-12-30,13.09,12.9848,14.234
"1529",366,2009-12-31,13.08,12.9605,14.1971
"1530",1,2010-01-01,13.1,12.9365,14.1655
"1531",2,2010-01-02,13.03,12.9131,14.1358
"1532",3,2010-01-03,13.01,12.8909,14.1095
"1533",4,2010-01-04,13.21,12.8702,14.0832
"1534",5,2010-01-05,13.38,12.8507,14.0569
"1535",6,2010-01-06,13.12,12.8321,14.0306
"1536",7,2010-01-07,13.11,12.8146,14.004
"1537",8,2010-01-08,13.37,12.7982,13.9782
"1538",9,2010-01-09,13.4,12.7831,13.9517
"1539",10,2010-01-10,13.16,12.7694,13.9268
"1540",11,2010-01-11,13.19,12.757,13.9019
"1541",12,2010-01-12,13.4,12.7458,13.8777
"1542",13,2010-01-13,13.65,12.7355,13.8624
"1543",14,2010-01-14,13.42,12.7257,13.8499
"1544",15,2010-01-15,13.49,12.7162,13.8481
"1545",16,2010-01-16,13.51,12.7069,13.8467
"1546",17,2010-01-17,13.56,12.6976,13.8462
"1547",18,2010-01-18,13.53,12.6889,13.8458
"1548",19,2010-01-19,13.56,12.6806,13.8467
"1549",20,2010-01-20,13.56,12.6728,13.8476
"1550",21,2010-01-21,13.68,12.6653,13.8483
"1551",22,2010-01-22,13.59,12.6583,13.8499
"1552",23,2010-01-23,13.52,12.652,13.8493
"1553",24,2010-01-24,13.39,12.6461,13.8448
"1554",25,2010-01-25,13.46,12.6406,13.8386
"1555",26,2010-01-26,13.46,12.6349,13.8322
"1556",27,2010-01-27,13.6,12.629,13.8257
"1557",28,2010-01-28,13.65,12.6232,13.8183
"1558",29,2010-01-29,13.71,12.6164,13.8109
"1559",30,2010-01-30,13.86,12.6083,13.8028
"1560",31,2010-01-31,13.85,12.5986,13.7942
"1561",32,2010-02-01,13.8,12.5874,13.7855
"1562",33,2010-02-02,13.86,12.5743,13.7762
"1563",34,2010-02-03,13.69,12.5593,13.7685
"1564",35,2010-02-04,13.58,12.5427,13.7639
"1565",36,2010-02-05,13.58,12.525,13.7608
"1566",37,2010-02-06,13.65,12.5071,13.7585
"1567",38,2010-02-07,13.55,12.4892,13.7566
"1568",39,2010-02-08,13.27,12.4706,13.7547
"1569",40,2010-02-09,13.13,12.4514,13.7534
"1570",41,2010-02-10,12.88,12.4319,13.752
"1571",42,2010-02-11,12.89,12.4127,13.7488
"1572",43,2010-02-12,12.86,12.3937,13.7441
"1573",44,2010-02-13,12.8,12.3755,13.7391
"1574",45,2010-02-14,12.59,12.3582,13.7333
"1575",46,2010-02-15,12.39,12.3423,13.7272
"1576",47,2010-02-16,12.64,12.3275,13.7202
"1577",48,2010-02-17,12.7,12.3126,13.7125
"1578",49,2010-02-18,12.89,12.2966,13.7029
"1579",50,2010-02-19,12.87,12.28,13.6929
"1580",51,2010-02-20,12.88,12.2625,13.6826
"1581",52,2010-02-21,12.78,12.2441,13.672
"1582",53,2010-02-22,12.69,12.2244,13.6613
"1583",54,2010-02-23,13.17,12.2035,13.6508
"1584",55,2010-02-24,13.22,12.1812,13.6433
"1585",56,2010-02-25,12.95,12.158,13.6359
"1586",57,2010-02-26,13.2,12.1337,13.6282
"1587",58,2010-02-27,13.34,12.1078,13.6196
"1588",59,2010-02-28,13.64,12.0808,13.6122
"1589",61,2010-03-01,13.54,12.0285,13.592
"1590",62,2010-03-02,13.68,12.0039,13.5773
"1591",63,2010-03-03,13.48,11.9805,13.56
"1592",64,2010-03-04,13.16,11.9576,13.5392
"1593",65,2010-03-05,12.75,11.9353,13.5147
"1594",66,2010-03-06,12.65,11.9133,13.4848
"1595",67,2010-03-07,12.56,11.8909,13.4534
"1596",68,2010-03-08,12.21,11.8676,13.4208
"1597",69,2010-03-09,11.6,11.8437,13.3882
"1598",70,2010-03-10,10.52,11.8198,13.3521
"1599",71,2010-03-11,10.07,11.7953,13.3142
"1600",72,2010-03-12,10.3,11.7698,13.272
"1601",73,2010-03-13,10.53,11.7431,13.2293
"1602",74,2010-03-14,10.57,11.7147,13.1856
"1603",75,2010-03-15,10.64,11.6847,13.1407
"1604",76,2010-03-16,10.63,11.6531,13.094
"1605",77,2010-03-17,10.68,11.6199,13.0475
"1606",78,2010-03-18,10.54,11.5858,13.0013
"1607",79,2010-03-19,10.37,11.5517,12.9561
"1608",80,2010-03-20,12.17,11.5181,12.9128
"1609",81,2010-03-21,12.31,11.4845,12.869
"1610",82,2010-03-22,11.41,11.4511,12.8252
"1611",83,2010-03-23,10.93,11.4181,12.7818
"1612",84,2010-03-24,11.35,11.3856,12.7398
"1613",85,2010-03-25,11.09,11.3545,12.7
"1614",86,2010-03-26,10.58,11.3251,12.6615
"1615",87,2010-03-27,10.75,11.2969,12.6238
"1616",88,2010-03-28,11.16,11.2707,12.588
"1617",89,2010-03-29,11.31,11.2469,12.5535
"1618",90,2010-03-30,11.02,11.2248,12.518
"1619",91,2010-03-31,11.01,11.2042,12.4839
"1620",92,2010-04-01,10.85,11.1847,12.4593
"1621",93,2010-04-02,11.16,11.1663,12.4365
"1622",94,2010-04-03,10.72,11.1489,12.4125
"1623",95,2010-04-04,10.59,11.1325,12.3875
"1624",96,2010-04-05,11.53,11.1168,12.3669
"1625",97,2010-04-06,11.08,11.1024,12.3462
"1626",98,2010-04-07,11.16,11.0893,12.3246
"1627",99,2010-04-08,11.53,11.0758,12.3011
"1628",100,2010-04-09,11.12,11.0613,12.276
"1629",101,2010-04-10,11.8,11.0462,12.2535
"1630",102,2010-04-11,11.71,11.0305,12.2324
"1631",103,2010-04-12,12.09,11.0149,12.2132
"1632",104,2010-04-13,12.4,11,12.1988
"1633",105,2010-04-14,12.55,10.9862,12.1867
"1634",106,2010-04-15,12.64,10.9742,12.1761
"1635",107,2010-04-16,12.49,10.9647,12.168
"1636",108,2010-04-17,13.01,10.9567,12.1585
"1637",109,2010-04-18,12.65,10.9501,12.1525
"1638",110,2010-04-19,13.31,10.9464,12.1531
"1639",111,2010-04-20,13.99,10.9453,12.1602
"1640",112,2010-04-21,12.5,10.9469,12.17
"1641",113,2010-04-22,11.08,10.9523,12.1848
"1642",114,2010-04-23,10.95,10.9606,12.1997
"1643",115,2010-04-24,11.45,10.9707,12.2146
"1644",116,2010-04-25,12.01,10.9826,12.23
"1645",117,2010-04-26,12,10.9955,12.2438
"1646",118,2010-04-27,12.13,11.0085,12.2573
"1647",119,2010-04-28,11.4,11.0218,12.2678
"1648",120,2010-04-29,11.41,11.0359,12.2762
"1649",121,2010-04-30,11.09,11.0502,12.2847
"1650",122,2010-05-01,10.8,11.0642,12.2908
"1651",123,2010-05-02,10.6,11.0767,12.2876
"1652",124,2010-05-03,10.4,11.0872,12.2833
"1653",125,2010-05-04,10.94,11.0961,12.2803
"1654",126,2010-05-05,NA,11.1039,12.2792
"1655",127,2010-05-06,NA,11.111,12.2756
"1656",128,2010-05-07,NA,11.1174,12.2745
"1657",129,2010-05-08,11.02,11.124,12.2762
"1658",130,2010-05-09,11.09,11.1322,12.2813
"1659",131,2010-05-10,11.28,11.1417,12.2886
"1660",132,2010-05-11,10.8,11.1522,12.2973
"1661",133,2010-05-12,11,11.1646,12.3084
"1662",134,2010-05-13,10.83,11.1789,12.3243
"1663",135,2010-05-14,10.77,11.1954,12.3419
"1664",136,2010-05-15,10.94,11.214,12.3606
"1665",137,2010-05-16,10.8,11.2338,12.3799
"1666",138,2010-05-17,10.48,11.2539,12.4003
"1667",139,2010-05-18,10.8,11.2752,12.4252
"1668",140,2010-05-19,11.1,11.2963,12.4469
"1669",141,2010-05-20,11.94,11.3155,12.4643
"1670",142,2010-05-21,12.21,11.3338,12.4774
"1671",143,2010-05-22,11.91,11.3521,12.4907
"1672",144,2010-05-23,11.13,11.3693,12.5024
"1673",145,2010-05-24,10.47,11.3867,12.5173
"1674",146,2010-05-25,9.89,11.4043,12.5361
"1675",147,2010-05-26,10.13,11.4212,12.5547
"1676",148,2010-05-27,10.51,11.4383,12.5735
"1677",149,2010-05-28,11.03,11.4556,12.5934
"1678",150,2010-05-29,11.72,11.4718,12.6178
"1679",151,2010-05-30,10.91,11.4877,12.6442
"1680",152,2010-05-31,10.72,11.5053,12.6759
"1681",153,2010-06-01,10.59,11.5233,12.7084
"1682",154,2010-06-02,10.35,11.5419,12.7416
"1683",155,2010-06-03,NA,11.5618,12.7748
"1684",156,2010-06-04,11.62,11.5832,12.81
"1685",157,2010-06-05,11.5,11.6055,12.8449
"1686",158,2010-06-06,11.2,11.6293,12.8765
"1687",159,2010-06-07,11.6,11.6542,12.908
"1688",160,2010-06-08,11.37,11.6797,12.9409
"1689",161,2010-06-09,10.98,11.7063,12.9693
"1690",162,2010-06-10,11.29,11.7347,12.9971
"1691",163,2010-06-11,11.18,11.7635,13.0278
"1692",164,2010-06-12,10.37,11.7935,13.0577
"1693",165,2010-06-13,11.58,11.8236,13.0899
"1694",166,2010-06-14,11.83,11.8531,13.12
"1695",167,2010-06-15,11.48,11.882,13.1507
"1696",168,2010-06-16,10.99,11.9111,13.1843
"1697",169,2010-06-17,10.74,11.9394,13.2168
"1698",170,2010-06-18,11.17,11.9663,13.2465
"1699",171,2010-06-19,11.56,11.9938,13.2782
"1700",172,2010-06-20,11.91,12.0229,13.3081
"1701",173,2010-06-21,11.68,12.0531,13.3386
"1702",174,2010-06-22,10.72,12.0839,13.3688
"1703",175,2010-06-23,11.32,12.1155,13.4032
"1704",176,2010-06-24,11.34,12.1472,13.4347
"1705",177,2010-06-25,11.56,12.1788,13.4624
"1706",178,2010-06-26,11.45,12.211,13.4892
"1707",179,2010-06-27,11.55,12.2432,13.5163
"1708",180,2010-06-28,11.06,12.2772,13.5463
"1709",181,2010-06-29,11.87,12.3139,13.5752
"1710",182,2010-06-30,12.71,12.3516,13.6042
"1711",183,2010-07-01,11.62,12.3884,13.629
"1712",184,2010-07-02,11.57,12.4248,13.6543
"1713",185,2010-07-03,10.75,12.4606,13.6829
"1714",186,2010-07-04,10.99,12.4957,13.7122
"1715",187,2010-07-05,11.48,12.5306,13.7408
"1716",188,2010-07-06,12.05,12.5663,13.7723
"1717",189,2010-07-07,12.47,12.6023,13.808
"1718",190,2010-07-08,12.68,12.6381,13.8499
"1719",191,2010-07-09,12.81,12.6745,13.8901
"1720",192,2010-07-10,13.06,12.7117,13.9345
"1721",193,2010-07-11,12.77,12.7495,13.9827
"1722",194,2010-07-12,12.42,12.789,14.0363
"1723",195,2010-07-13,12.74,12.8287,14.0886
"1724",196,2010-07-14,12.02,12.8693,14.1412
"1725",197,2010-07-15,12.01,12.9093,14.1927
"1726",198,2010-07-16,11.67,12.9492,14.2439
"1727",199,2010-07-17,12.43,12.9884,14.2939
"1728",200,2010-07-18,12.13,13.0272,14.3471
"1729",201,2010-07-19,11.79,13.0661,14.4003
"1730",202,2010-07-20,11.59,13.1034,14.4498
"1731",203,2010-07-21,11.53,13.1377,14.4975
"1732",204,2010-07-22,12.32,13.1691,14.5423
"1733",205,2010-07-23,12.7,13.197,14.5835
"1734",206,2010-07-24,12.5,13.2223,14.6175
"1735",207,2010-07-25,12.62,13.2458,14.6454
"1736",208,2010-07-26,12.45,13.2687,14.675
"1737",209,2010-07-27,12.33,13.2906,14.7018
"1738",210,2010-07-28,13.33,13.3118,14.7268
"1739",211,2010-07-29,13.71,13.332,14.7497
"1740",212,2010-07-30,13.28,13.3507,14.7735
"1741",213,2010-07-31,13.03,13.3685,14.799
"1742",214,2010-08-01,14.02,13.3858,14.8277
"1743",215,2010-08-02,14.13,13.403,14.8617
"1744",216,2010-08-03,14.18,13.4213,14.8984
"1745",217,2010-08-04,13.37,13.4403,14.94
"1746",218,2010-08-05,13.17,13.4608,14.9837
"1747",219,2010-08-06,13.05,13.4821,15.0267
"1748",220,2010-08-07,12.83,13.5037,15.0704
"1749",221,2010-08-08,13.47,13.5251,15.1063
"1750",222,2010-08-09,13.61,13.5449,15.1375
"1751",223,2010-08-10,13.78,13.5618,15.1624
"1752",224,2010-08-11,13.17,13.5755,15.1812
"1753",225,2010-08-12,13.25,13.5863,15.1913
"1754",226,2010-08-13,13.07,13.5951,15.2
"1755",227,2010-08-14,12.96,13.6017,15.2016
"1756",228,2010-08-15,12.78,13.6071,15.2016
"1757",229,2010-08-16,12.58,13.6091,15.199
"1758",230,2010-08-17,12.52,13.6081,15.1942
"1759",231,2010-08-18,12.86,13.6057,15.1868
"1760",232,2010-08-19,12.97,13.6024,15.1795
"1761",233,2010-08-20,12.27,13.5997,15.1745
"1762",234,2010-08-21,12.17,13.5993,15.1723
"1763",235,2010-08-22,12,13.6016,15.1738
"1764",236,2010-08-23,12,13.6068,15.1772
"1765",237,2010-08-24,12.05,13.6139,15.1839
"1766",238,2010-08-25,12.71,13.6227,15.2066
"1767",239,2010-08-26,13.17,13.6324,15.2305
"1768",240,2010-08-27,12.5,13.6437,15.2575
"1769",241,2010-08-28,11.67,13.6555,15.284
"1770",242,2010-08-29,11.95,13.6666,15.3084
"1771",243,2010-08-30,11.57,13.6772,15.3304
"1772",244,2010-08-31,11.58,13.6867,15.3444
"1773",245,2010-09-01,12.32,13.695,15.3505
"1774",246,2010-09-02,12.1,13.7025,15.3492
"1775",247,2010-09-03,12.02,13.7093,15.3475
"1776",248,2010-09-04,12.15,13.7151,15.3414
"1777",249,2010-09-05,11.45,13.7187,15.3357
"1778",250,2010-09-06,11.22,13.7201,15.3283
"1779",251,2010-09-07,11.62,13.7191,15.3174
"1780",252,2010-09-08,11.73,13.7172,15.3067
"1781",253,2010-09-09,12.55,13.7162,15.3005
"1782",254,2010-09-10,11.9,13.716,15.2998
"1783",255,2010-09-11,12.31,13.7171,15.3014
"1784",256,2010-09-12,12.82,13.7196,15.3029
"1785",257,2010-09-13,13.43,13.7222,15.3047
"1786",258,2010-09-14,13.5,13.7254,15.3115
"1787",259,2010-09-15,12.97,13.7292,15.3161
"1788",260,2010-09-16,12.66,13.7346,15.3203
"1789",261,2010-09-17,12.35,13.7416,15.3229
"1790",262,2010-09-18,11.95,13.7507,15.3265
"1791",263,2010-09-19,12.14,13.7612,15.3307
"1792",264,2010-09-20,12.41,13.7716,15.3351
"1793",265,2010-09-21,11.93,13.7807,15.3402
"1794",266,2010-09-22,11.59,13.7876,15.3423
"1795",267,2010-09-23,12.03,13.7919,15.3443
"1796",268,2010-09-24,11.76,13.7949,15.3445
"1797",269,2010-09-25,11.26,13.7965,15.3335
"1798",270,2010-09-26,11.18,13.7974,15.3258
"1799",271,2010-09-27,11.17,13.7981,15.3196
"1800",272,2010-09-28,11.52,13.7989,15.3175
"1801",273,2010-09-29,12.05,13.7992,15.316
"1802",274,2010-09-30,12.58,13.7986,15.315
"1803",275,2010-10-01,12.58,13.7974,15.3195
"1804",276,2010-10-02,12.88,13.7967,15.3267
"1805",277,2010-10-03,12.75,13.7969,15.3384
"1806",278,2010-10-04,12.74,13.7985,15.3464
"1807",279,2010-10-05,12.17,13.8014,15.3534
"1808",280,2010-10-06,12.01,13.8045,15.3592
"1809",281,2010-10-07,12.43,13.8076,15.3665
"1810",282,2010-10-08,13.03,13.81,15.3754
"1811",283,2010-10-09,13.15,13.8108,15.385
"1812",284,2010-10-10,12.92,13.8095,15.3912
"1813",285,2010-10-11,12.04,13.8076,15.3959
"1814",286,2010-10-12,12.41,13.806,15.4
"1815",287,2010-10-13,13.04,13.8039,15.4041
"1816",288,2010-10-14,12.36,13.8014,15.4031
"1817",289,2010-10-15,12.62,13.7988,15.4015
"1818",290,2010-10-16,13.11,13.7945,15.3998
"1819",291,2010-10-17,13.83,13.7896,15.3966
"1820",292,2010-10-18,13.16,13.7841,15.3931
"1821",293,2010-10-19,13.24,13.7777,15.389
"1822",294,2010-10-20,13.07,13.7694,15.3831
"1823",295,2010-10-21,12.88,13.7599,15.3758
"1824",296,2010-10-22,13.38,13.749,15.3635
"1825",297,2010-10-23,13.72,13.7379,15.3538
"1826",298,2010-10-24,13.75,13.7262,15.3441
"1827",299,2010-10-25,13.99,13.7134,15.333
"1828",300,2010-10-26,13.02,13.6977,15.3168
"1829",301,2010-10-27,12.68,13.6802,15.2938
"1830",302,2010-10-28,13.03,13.6598,15.2693
"1831",303,2010-10-29,13.03,13.6371,15.2422
"1832",304,2010-10-30,13.36,13.6126,15.2125
"1833",305,2010-10-31,13.56,13.5887,15.1822
"1834",306,2010-11-01,13.6,13.5668,15.1525
"1835",307,2010-11-02,13.56,13.5458,15.1256
"1836",308,2010-11-03,12.98,13.5238,15.0948
"1837",309,2010-11-04,13.3,13.5011,15.0649
"1838",310,2010-11-05,13.62,13.4782,15.0378
"1839",311,2010-11-06,13.06,13.4565,15.0111
"1840",312,2010-11-07,13.81,13.4364,14.9871
"1841",313,2010-11-08,13.65,13.4188,14.9659
"1842",314,2010-11-09,11.94,13.4041,14.9509
"1843",315,2010-11-10,12.17,13.3918,14.9416
"1844",316,2010-11-11,12.05,13.3802,14.9337
"1845",317,2010-11-12,13.43,13.3681,14.9266
"1846",318,2010-11-13,12.08,13.3558,14.9198
"1847",319,2010-11-14,12.09,13.344,14.9196
"1848",320,2010-11-15,11.99,13.3328,14.9184
"1849",321,2010-11-16,12.21,13.3239,14.921
"1850",322,2010-11-17,12.62,13.3164,14.9253
"1851",323,2010-11-18,13.36,13.3092,14.9315
"1852",324,2010-11-19,13.22,13.3017,14.9367
"1853",325,2010-11-20,13.5,13.295,14.9454
"1854",326,2010-11-21,13.07,13.2898,14.9518
"1855",327,2010-11-22,12.75,13.2867,14.9612
"1856",328,2010-11-23,12.48,13.2855,14.9677
"1857",329,2010-11-24,12.08,13.2862,14.974
"1858",330,2010-11-25,12.33,13.2879,14.9789
"1859",331,2010-11-26,12.95,13.2913,14.9891
"1860",332,2010-11-27,12.38,13.2947,14.9975
"1861",333,2010-11-28,11.8,13.2986,15.0056
"1862",334,2010-11-29,10.86,13.3043,15.0141
"1863",335,2010-11-30,10.98,13.312,15.0236
"1864",336,2010-12-01,11.08,13.3195,15.0284
"1865",337,2010-12-02,11.07,13.3259,15.0322
"1866",338,2010-12-03,11.12,13.3313,15.0324
"1867",339,2010-12-04,11.48,13.3361,15.0341
"1868",340,2010-12-05,11.54,13.3398,15.0367
"1869",341,2010-12-06,12.14,13.3423,15.0375
"1870",342,2010-12-07,11.97,13.3431,15.0372
"1871",343,2010-12-08,12.05,13.3422,15.0339
"1872",344,2010-12-09,12.24,13.3395,15.0279
"1873",345,2010-12-10,12.21,13.3345,15.015
"1874",346,2010-12-11,12.16,13.3271,14.9977
"1875",347,2010-12-12,11.72,13.3183,14.9797
"1876",348,2010-12-13,11.51,13.3084,14.953
"1877",349,2010-12-14,11.64,13.2975,14.9232
"1878",350,2010-12-15,12.11,13.2854,14.882
"1879",351,2010-12-16,11.66,13.2716,14.8395
"1880",352,2010-12-17,11.71,13.2567,14.796
"1881",353,2010-12-18,12.18,13.2409,14.7537
"1882",354,2010-12-19,12.63,13.2246,14.7101
"1883",355,2010-12-20,12.71,13.2081,14.6664
"1884",356,2010-12-21,12.75,13.1907,14.6202
"1885",357,2010-12-22,12.94,13.1725,14.575
"1886",358,2010-12-23,13.05,13.1523,14.5292
"1887",359,2010-12-24,13.06,13.1302,14.484
"1888",360,2010-12-25,12.86,13.1065,14.4399
"1889",361,2010-12-26,12.86,13.0822,14.3969
"1890",362,2010-12-27,12.68,13.0576,14.3543
"1891",363,2010-12-28,12.6,13.0332,14.3138
"1892",364,2010-12-29,12.65,13.009,14.2735
"1893",365,2010-12-30,11.15,12.9848,14.234
"1894",366,2010-12-31,10.75,12.9605,14.1971
"1895",1,2011-01-01,10.66,12.9365,14.1655
"1896",2,2011-01-02,10.94,12.9131,14.1358
"1897",3,2011-01-03,11.3,12.8909,14.1095
"1898",4,2011-01-04,11.39,12.8702,14.0832
"1899",5,2011-01-05,11.5,12.8507,14.0569
"1900",6,2011-01-06,11.64,12.8321,14.0306
"1901",7,2011-01-07,11.65,12.8146,14.004
"1902",8,2011-01-08,11.59,12.7982,13.9782
"1903",9,2011-01-09,11.37,12.7831,13.9517
"1904",10,2011-01-10,11.28,12.7694,13.9268
"1905",11,2011-01-11,11.29,12.757,13.9019
"1906",12,2011-01-12,11.34,12.7458,13.8777
"1907",13,2011-01-13,11.74,12.7355,13.8624
"1908",14,2011-01-14,11.56,12.7257,13.8499
"1909",15,2011-01-15,11.43,12.7162,13.8481
"1910",16,2011-01-16,11.56,12.7069,13.8467
"1911",17,2011-01-17,11.48,12.6976,13.8462
"1912",18,2011-01-18,11.43,12.6889,13.8458
"1913",19,2011-01-19,11.39,12.6806,13.8467
"1914",20,2011-01-20,10.88,12.6728,13.8476
"1915",21,2011-01-21,11.18,12.6653,13.8483
"1916",22,2011-01-22,11.36,12.6583,13.8499
"1917",23,2011-01-23,11.47,12.652,13.8493
"1918",24,2011-01-24,11.42,12.6461,13.8448
"1919",25,2011-01-25,11.7,12.6406,13.8386
"1920",26,2011-01-26,11.78,12.6349,13.8322
"1921",27,2011-01-27,11.73,12.629,13.8257
"1922",28,2011-01-28,11.83,12.6232,13.8183
"1923",29,2011-01-29,11.41,12.6164,13.8109
"1924",30,2011-01-30,11.76,12.6083,13.8028
"1925",31,2011-01-31,11.32,12.5986,13.7942
"1926",32,2011-02-01,11.37,12.5874,13.7855
"1927",33,2011-02-02,11.76,12.5743,13.7762
"1928",34,2011-02-03,11.68,12.5593,13.7685
"1929",35,2011-02-04,11.96,12.5427,13.7639
"1930",36,2011-02-05,11.93,12.525,13.7608
"1931",37,2011-02-06,12.18,12.5071,13.7585
"1932",38,2011-02-07,12.2,12.4892,13.7566
"1933",39,2011-02-08,12.03,12.4706,13.7547
"1934",40,2011-02-09,11.23,12.4514,13.7534
"1935",41,2011-02-10,11.39,12.4319,13.752
"1936",42,2011-02-11,11.71,12.4127,13.7488
"1937",43,2011-02-12,11.97,12.3937,13.7441
"1938",44,2011-02-13,12,12.3755,13.7391
"1939",45,2011-02-14,12.15,12.3582,13.7333
"1940",46,2011-02-15,12.37,12.3423,13.7272
"1941",47,2011-02-16,12.6,12.3275,13.7202
"1942",48,2011-02-17,12.06,12.3126,13.7125
"1943",49,2011-02-18,12.17,12.2966,13.7029
"1944",50,2011-02-19,12.16,12.28,13.6929
"1945",51,2011-02-20,12.08,12.2625,13.6826
"1946",52,2011-02-21,12.28,12.2441,13.672
"1947",53,2011-02-22,12.04,12.2244,13.6613
"1948",54,2011-02-23,12.06,12.2035,13.6508
"1949",55,2011-02-24,11.66,12.1812,13.6433
"1950",56,2011-02-25,11.62,12.158,13.6359
"1951",57,2011-02-26,11.17,12.1337,13.6282
"1952",58,2011-02-27,11.14,12.1078,13.6196
"1953",59,2011-02-28,11.33,12.0808,13.6122
"1954",61,2011-03-01,11.49,12.0285,13.592
"1955",62,2011-03-02,11.85,12.0039,13.5773
"1956",63,2011-03-03,12.07,11.9805,13.56
"1957",64,2011-03-04,12.11,11.9576,13.5392
"1958",65,2011-03-05,12.11,11.9353,13.5147
"1959",66,2011-03-06,11.74,11.9133,13.4848
"1960",67,2011-03-07,11.42,11.8909,13.4534
"1961",68,2011-03-08,10.75,11.8676,13.4208
"1962",69,2011-03-09,10.37,11.8437,13.3882
"1963",70,2011-03-10,10.4,11.8198,13.3521
"1964",71,2011-03-11,10.19,11.7953,13.3142
"1965",72,2011-03-12,9.86,11.7698,13.272
"1966",73,2011-03-13,9.82,11.7431,13.2293
"1967",74,2011-03-14,9.8,11.7147,13.1856
"1968",75,2011-03-15,9.88,11.6847,13.1407
"1969",76,2011-03-16,9.99,11.6531,13.094
"1970",77,2011-03-17,9.93,11.6199,13.0475
"1971",78,2011-03-18,10.16,11.5858,13.0013
"1972",79,2011-03-19,10.04,11.5517,12.9561
"1973",80,2011-03-20,10.68,11.5181,12.9128
"1974",81,2011-03-21,11.01,11.4845,12.869
"1975",82,2011-03-22,11.17,11.4511,12.8252
"1976",83,2011-03-23,11.91,11.4181,12.7818
"1977",84,2011-03-24,11.88,11.3856,12.7398
"1978",85,2011-03-25,11.87,11.3545,12.7
"1979",86,2011-03-26,11.9,11.3251,12.6615
"1980",87,2011-03-27,11.62,11.2969,12.6238
"1981",88,2011-03-28,11.24,11.2707,12.588
"1982",89,2011-03-29,11.01,11.2469,12.5535
"1983",90,2011-03-30,11.02,11.2248,12.518
"1984",91,2011-03-31,11.14,11.2042,12.4839
"1985",92,2011-04-01,11.48,11.1847,12.4593
"1986",93,2011-04-02,11.37,11.1663,12.4365
"1987",94,2011-04-03,10.79,11.1489,12.4125
"1988",95,2011-04-04,10.73,11.1325,12.3875
"1989",96,2011-04-05,10.75,11.1168,12.3669
"1990",97,2011-04-06,11.29,11.1024,12.3462
"1991",98,2011-04-07,10.96,11.0893,12.3246
"1992",99,2011-04-08,9.8,11.0758,12.3011
"1993",100,2011-04-09,9.66,11.0613,12.276
"1994",101,2011-04-10,9.95,11.0462,12.2535
"1995",102,2011-04-11,9.83,11.0305,12.2324
"1996",103,2011-04-12,10.1,11.0149,12.2132
"1997",104,2011-04-13,9.68,11,12.1988
"1998",105,2011-04-14,9.71,10.9862,12.1867
"1999",106,2011-04-15,9.91,10.9742,12.1761
"2000",107,2011-04-16,9.96,10.9647,12.168
"2001",108,2011-04-17,10.09,10.9567,12.1585
"2002",109,2011-04-18,10.16,10.9501,12.1525
"2003",110,2011-04-19,9.85,10.9464,12.1531
"2004",111,2011-04-20,10.27,10.9453,12.1602
"2005",112,2011-04-21,10.8,10.9469,12.17
"2006",113,2011-04-22,10.15,10.9523,12.1848
"2007",114,2011-04-23,10.03,10.9606,12.1997
"2008",115,2011-04-24,10.21,10.9707,12.2146
"2009",116,2011-04-25,10.26,10.9826,12.23
"2010",117,2011-04-26,NA,10.9955,12.2438
"2011",118,2011-04-27,10.83,11.0085,12.2573
"2012",119,2011-04-28,10.73,11.0218,12.2678
"2013",120,2011-04-29,10.92,11.0359,12.2762
"2014",121,2011-04-30,10.52,11.0502,12.2847
"2015",122,2011-05-01,9.95,11.0642,12.2908
"2016",123,2011-05-02,10.98,11.0767,12.2876
"2017",124,2011-05-03,11.6,11.0872,12.2833
"2018",125,2011-05-04,10.57,11.0961,12.2803
"2019",126,2011-05-05,10.3,11.1039,12.2792
"2020",127,2011-05-06,10.51,11.111,12.2756
"2021",128,2011-05-07,11.59,11.1174,12.2745
"2022",129,2011-05-08,11.08,11.124,12.2762
"2023",130,2011-05-09,11.04,11.1322,12.2813
"2024",131,2011-05-10,9.5,11.1417,12.2886
"2025",132,2011-05-11,NA,11.1522,12.2973
"2026",133,2011-05-12,10.99,11.1646,12.3084
"2027",134,2011-05-13,11.62,11.1789,12.3243
"2028",135,2011-05-14,10.89,11.1954,12.3419
"2029",136,2011-05-15,9.86,11.214,12.3606
"2030",137,2011-05-16,11,11.2338,12.3799
"2031",138,2011-05-17,11.08,11.2539,12.4003
"2032",139,2011-05-18,11.48,11.2752,12.4252
"2033",140,2011-05-19,11.22,11.2963,12.4469
"2034",141,2011-05-20,10.46,11.3155,12.4643
"2035",142,2011-05-21,10.16,11.3338,12.4774
"2036",143,2011-05-22,10.37,11.3521,12.4907
"2037",144,2011-05-23,10.31,11.3693,12.5024
"2038",145,2011-05-24,NA,11.3867,12.5173
"2039",146,2011-05-25,10.64,11.4043,12.5361
"2040",147,2011-05-26,10.66,11.4212,12.5547
"2041",148,2011-05-27,10.69,11.4383,12.5735
"2042",149,2011-05-28,10.28,11.4556,12.5934
"2043",150,2011-05-29,10.34,11.4718,12.6178
"2044",151,2011-05-30,10.64,11.4877,12.6442
"2045",152,2011-05-31,9.72,11.5053,12.6759
"2046",153,2011-06-01,10.22,11.5233,12.7084
"2047",154,2011-06-02,10.33,11.5419,12.7416
"2048",155,2011-06-03,10.54,11.5618,12.7748
"2049",156,2011-06-04,9.97,11.5832,12.81
"2050",157,2011-06-05,10.3,11.6055,12.8449
"2051",158,2011-06-06,10.86,11.6293,12.8765
"2052",159,2011-06-07,11.8,11.6542,12.908
"2053",160,2011-06-08,11.28,11.6797,12.9409
"2054",161,2011-06-09,11.47,11.7063,12.9693
"2055",162,2011-06-10,11.44,11.7347,12.9971
"2056",163,2011-06-11,11.49,11.7635,13.0278
"2057",164,2011-06-12,11.23,11.7935,13.0577
"2058",165,2011-06-13,11.7,11.8236,13.0899
"2059",166,2011-06-14,10.96,11.8531,13.12
"2060",167,2011-06-15,10.82,11.882,13.1507
"2061",168,2011-06-16,10.86,11.9111,13.1843
"2062",169,2011-06-17,11.31,11.9394,13.2168
"2063",170,2011-06-18,11.49,11.9663,13.2465
"2064",171,2011-06-19,11.52,11.9938,13.2782
"2065",172,2011-06-20,11.24,12.0229,13.3081
"2066",173,2011-06-21,12.21,12.0531,13.3386
"2067",174,2011-06-22,12.12,12.0839,13.3688
"2068",175,2011-06-23,12.11,12.1155,13.4032
"2069",176,2011-06-24,11.95,12.1472,13.4347
"2070",177,2011-06-25,11.49,12.1788,13.4624
"2071",178,2011-06-26,11.75,12.211,13.4892
"2072",179,2011-06-27,11.75,12.2432,13.5163
"2073",180,2011-06-28,11.72,12.2772,13.5463
"2074",181,2011-06-29,11.86,12.3139,13.5752
"2075",182,2011-06-30,12.67,12.3516,13.6042
"2076",183,2011-07-01,11.58,12.3884,13.629
"2077",184,2011-07-02,11.34,12.4248,13.6543
"2078",185,2011-07-03,11.04,12.4606,13.6829
"2079",186,2011-07-04,11.74,12.4957,13.7122
"2080",187,2011-07-05,11.93,12.5306,13.7408
"2081",188,2011-07-06,12.31,12.5663,13.7723
"2082",189,2011-07-07,12.99,12.6023,13.808
"2083",190,2011-07-08,12.79,12.6381,13.8499
"2084",191,2011-07-09,12.69,12.6745,13.8901
"2085",192,2011-07-10,12.58,12.7117,13.9345
"2086",193,2011-07-11,12.52,12.7495,13.9827
"2087",194,2011-07-12,12.42,12.789,14.0363
"2088",195,2011-07-13,12.38,12.8287,14.0886
"2089",196,2011-07-14,12.57,12.8693,14.1412
"2090",197,2011-07-15,12.71,12.9093,14.1927
"2091",198,2011-07-16,12.83,12.9492,14.2439
"2092",199,2011-07-17,12.92,12.9884,14.2939
"2093",200,2011-07-18,12.84,13.0272,14.3471
"2094",201,2011-07-19,12.34,13.0661,14.4003
"2095",202,2011-07-20,11.67,13.1034,14.4498
"2096",203,2011-07-21,12.59,13.1377,14.4975
"2097",204,2011-07-22,13.99,13.1691,14.5423
"2098",205,2011-07-23,13.66,13.197,14.5835
"2099",206,2011-07-24,14,13.2223,14.6175
"2100",207,2011-07-25,13.72,13.2458,14.6454
"2101",208,2011-07-26,13.02,13.2687,14.675
"2102",209,2011-07-27,12.7,13.2906,14.7018
"2103",210,2011-07-28,12.19,13.3118,14.7268
"2104",211,2011-07-29,13.32,13.332,14.7497
"2105",212,2011-07-30,13.86,13.3507,14.7735
"2106",213,2011-07-31,14.51,13.3685,14.799
"2107",214,2011-08-01,14.8,13.3858,14.8277
"2108",215,2011-08-02,14.86,13.403,14.8617
"2109",216,2011-08-03,13.81,13.4213,14.8984
"2110",217,2011-08-04,13.27,13.4403,14.94
"2111",218,2011-08-05,12.67,13.4608,14.9837
"2112",219,2011-08-06,13.12,13.4821,15.0267
"2113",220,2011-08-07,12.8,13.5037,15.0704
"2114",221,2011-08-08,12.35,13.5251,15.1063
"2115",222,2011-08-09,12.1,13.5449,15.1375
"2116",223,2011-08-10,12.05,13.5618,15.1624
"2117",224,2011-08-11,12.14,13.5755,15.1812
"2118",225,2011-08-12,13.22,13.5863,15.1913
"2119",226,2011-08-13,13.54,13.5951,15.2
"2120",227,2011-08-14,14.01,13.6017,15.2016
"2121",228,2011-08-15,13.83,13.6071,15.2016
"2122",229,2011-08-16,13.02,13.6091,15.199
"2123",230,2011-08-17,12.55,13.6081,15.1942
"2124",231,2011-08-18,12.18,13.6057,15.1868
"2125",232,2011-08-19,11.67,13.6024,15.1795
"2126",233,2011-08-20,11.64,13.5997,15.1745
"2127",234,2011-08-21,12.63,13.5993,15.1723
"2128",235,2011-08-22,13.5,13.6016,15.1738
"2129",236,2011-08-23,13.59,13.6068,15.1772
"2130",237,2011-08-24,13.83,13.6139,15.1839
"2131",238,2011-08-25,13.91,13.6227,15.2066
"2132",239,2011-08-26,12.84,13.6324,15.2305
"2133",240,2011-08-27,12.25,13.6437,15.2575
"2134",241,2011-08-28,12.17,13.6555,15.284
"2135",242,2011-08-29,12.12,13.6666,15.3084
"2136",243,2011-08-30,11.23,13.6772,15.3304
"2137",244,2011-08-31,11.41,13.6867,15.3444
"2138",245,2011-09-01,11.53,13.695,15.3505
"2139",246,2011-09-02,11.85,13.7025,15.3492
"2140",247,2011-09-03,12.34,13.7093,15.3475
"2141",248,2011-09-04,12.5,13.7151,15.3414
"2142",249,2011-09-05,12.7,13.7187,15.3357
"2143",250,2011-09-06,12.96,13.7201,15.3283
"2144",251,2011-09-07,12.41,13.7191,15.3174
"2145",252,2011-09-08,12.34,13.7172,15.3067
"2146",253,2011-09-09,11.85,13.7162,15.3005
"2147",254,2011-09-10,11.97,13.716,15.2998
"2148",255,2011-09-11,14.25,13.7171,15.3014
"2149",256,2011-09-12,14.74,13.7196,15.3029
"2150",257,2011-09-13,13.24,13.7222,15.3047
"2151",258,2011-09-14,12.71,13.7254,15.3115
"2152",259,2011-09-15,12.74,13.7292,15.3161
"2153",260,2011-09-16,12.92,13.7346,15.3203
"2154",261,2011-09-17,13.29,13.7416,15.3229
"2155",262,2011-09-18,13.65,13.7507,15.3265
"2156",263,2011-09-19,13.91,13.7612,15.3307
"2157",264,2011-09-20,14.1,13.7716,15.3351
"2158",265,2011-09-21,14.27,13.7807,15.3402
"2159",266,2011-09-22,14.49,13.7876,15.3423
"2160",267,2011-09-23,14.14,13.7919,15.3443
"2161",268,2011-09-24,15.01,13.7949,15.3445
"2162",269,2011-09-25,15.85,13.7965,15.3335
"2163",270,2011-09-26,14.86,13.7974,15.3258
"2164",271,2011-09-27,13.81,13.7981,15.3196
"2165",272,2011-09-28,13.16,13.7989,15.3175
"2166",273,2011-09-29,13.75,13.7992,15.316
"2167",274,2011-09-30,14.07,13.7986,15.315
"2168",275,2011-10-01,15.16,13.7974,15.3195
"2169",276,2011-10-02,14.63,13.7967,15.3267
"2170",277,2011-10-03,14.91,13.7969,15.3384
"2171",278,2011-10-04,14.09,13.7985,15.3464
"2172",279,2011-10-05,13.83,13.8014,15.3534
"2173",280,2011-10-06,13.64,13.8045,15.3592
"2174",281,2011-10-07,13.41,13.8076,15.3665
"2175",282,2011-10-08,13.31,13.81,15.3754
"2176",283,2011-10-09,13.48,13.8108,15.385
"2177",284,2011-10-10,12.86,13.8095,15.3912
"2178",285,2011-10-11,12.6,13.8076,15.3959
"2179",286,2011-10-12,11.99,13.806,15.4
"2180",287,2011-10-13,12.18,13.8039,15.4041
"2181",288,2011-10-14,12.91,13.8014,15.4031
"2182",289,2011-10-15,14.21,13.7988,15.4015
"2183",290,2011-10-16,15.5,13.7945,15.3998
"2184",291,2011-10-17,14.73,13.7896,15.3966
"2185",292,2011-10-18,12.86,13.7841,15.3931
"2186",293,2011-10-19,13.21,13.7777,15.389
"2187",294,2011-10-20,12.63,13.7694,15.3831
"2188",295,2011-10-21,12.21,13.7599,15.3758
"2189",296,2011-10-22,12.13,13.749,15.3635
"2190",297,2011-10-23,12.53,13.7379,15.3538
"2191",298,2011-10-24,12.42,13.7262,15.3441
"2192",299,2011-10-25,12.71,13.7134,15.333
"2193",300,2011-10-26,12.86,13.6977,15.3168
"2194",301,2011-10-27,13.48,13.6802,15.2938
"2195",302,2011-10-28,13.13,13.6598,15.2693
"2196",303,2011-10-29,12.95,13.6371,15.2422
"2197",304,2011-10-30,12.81,13.6126,15.2125
"2198",305,2011-10-31,12.79,13.5887,15.1822
"2199",306,2011-11-01,12.71,13.5668,15.1525
"2200",307,2011-11-02,12.77,13.5458,15.1256
"2201",308,2011-11-03,12.97,13.5238,15.0948
"2202",309,2011-11-04,13.49,13.5011,15.0649
"2203",310,2011-11-05,11.72,13.4782,15.0378
"2204",311,2011-11-06,12.13,13.4565,15.0111
"2205",312,2011-11-07,11.92,13.4364,14.9871
"2206",313,2011-11-08,12.09,13.4188,14.9659
"2207",314,2011-11-09,12.19,13.4041,14.9509
"2208",315,2011-11-10,13.38,13.3918,14.9416
"2209",316,2011-11-11,13.97,13.3802,14.9337
"2210",317,2011-11-12,15.16,13.3681,14.9266
"2211",318,2011-11-13,14.66,13.3558,14.9198
"2212",319,2011-11-14,14.25,13.344,14.9196
"2213",320,2011-11-15,13.06,13.3328,14.9184
"2214",321,2011-11-16,12.86,13.3239,14.921
"2215",322,2011-11-17,13.26,13.3164,14.9253
"2216",323,2011-11-18,12.32,13.3092,14.9315
"2217",324,2011-11-19,12.08,13.3017,14.9367
"2218",325,2011-11-20,12.5,13.295,14.9454
"2219",326,2011-11-21,12.56,13.2898,14.9518
"2220",327,2011-11-22,12.84,13.2867,14.9612
"2221",328,2011-11-23,13.14,13.2855,14.9677
"2222",329,2011-11-24,13.51,13.2862,14.974
"2223",330,2011-11-25,13.45,13.2879,14.9789
"2224",331,2011-11-26,13.51,13.2913,14.9891
"2225",332,2011-11-27,13.29,13.2947,14.9975
"2226",333,2011-11-28,13.24,13.2986,15.0056
"2227",334,2011-11-29,12.84,13.3043,15.0141
"2228",335,2011-11-30,12.06,13.312,15.0236
"2229",336,2011-12-01,11.72,13.3195,15.0284
"2230",337,2011-12-02,11.03,13.3259,15.0322
"2231",338,2011-12-03,11.18,13.3313,15.0324
"2232",339,2011-12-04,11.4,13.3361,15.0341
"2233",340,2011-12-05,11.93,13.3398,15.0367
"2234",341,2011-12-06,12.25,13.3423,15.0375
"2235",342,2011-12-07,12.41,13.3431,15.0372
"2236",343,2011-12-08,12.46,13.3422,15.0339
"2237",344,2011-12-09,12.46,13.3395,15.0279
"2238",345,2011-12-10,12.42,13.3345,15.015
"2239",346,2011-12-11,12.56,13.3271,14.9977
"2240",347,2011-12-12,12.79,13.3183,14.9797
"2241",348,2011-12-13,13.08,13.3084,14.953
"2242",349,2011-12-14,12.97,13.2975,14.9232
"2243",350,2011-12-15,12.78,13.2854,14.882
"2244",351,2011-12-16,12.89,13.2716,14.8395
"2245",352,2011-12-17,13.06,13.2567,14.796
"2246",353,2011-12-18,13.29,13.2409,14.7537
"2247",354,2011-12-19,12.77,13.2246,14.7101
"2248",355,2011-12-20,12.82,13.2081,14.6664
"2249",356,2011-12-21,12.95,13.1907,14.6202
"2250",357,2011-12-22,12.87,13.1725,14.575
"2251",358,2011-12-23,12.81,13.1523,14.5292
"2252",359,2011-12-24,12.77,13.1302,14.484
"2253",360,2011-12-25,12.86,13.1065,14.4399
"2254",361,2011-12-26,12.73,13.0822,14.3969
"2255",362,2011-12-27,12.46,13.0576,14.3543
"2256",363,2011-12-28,12.73,13.0332,14.3138
"2257",364,2011-12-29,12.57,13.009,14.2735
"2258",365,2011-12-30,12.56,12.9848,14.234
"2259",366,2011-12-31,12.18,12.9605,14.1971
"2260",1,2012-01-01,12.55,12.9365,14.1655
"2261",2,2012-01-02,12.64,12.9131,14.1358
"2262",3,2012-01-03,12.28,12.8909,14.1095
"2263",4,2012-01-04,12.48,12.8702,14.0832
"2264",5,2012-01-05,12.28,12.8507,14.0569
"2265",6,2012-01-06,12.09,12.8321,14.0306
"2266",7,2012-01-07,11.55,12.8146,14.004
"2267",8,2012-01-08,11.75,12.7982,13.9782
"2268",9,2012-01-09,11.91,12.7831,13.9517
"2269",10,2012-01-10,11.71,12.7694,13.9268
"2270",11,2012-01-11,11.61,12.757,13.9019
"2271",12,2012-01-12,11.51,12.7458,13.8777
"2272",13,2012-01-13,12.06,12.7355,13.8624
"2273",14,2012-01-14,12.01,12.7257,13.8499
"2274",15,2012-01-15,12.15,12.7162,13.8481
"2275",16,2012-01-16,11.93,12.7069,13.8467
"2276",17,2012-01-17,12.17,12.6976,13.8462
"2277",18,2012-01-18,11.79,12.6889,13.8458
"2278",19,2012-01-19,11.71,12.6806,13.8467
"2279",20,2012-01-20,11.82,12.6728,13.8476
"2280",21,2012-01-21,12.27,12.6653,13.8483
"2281",22,2012-01-22,11.74,12.6583,13.8499
"2282",23,2012-01-23,11.98,12.652,13.8493
"2283",24,2012-01-24,11.91,12.6461,13.8448
"2284",25,2012-01-25,11.9,12.6406,13.8386
"2285",26,2012-01-26,11.98,12.6349,13.8322
"2286",27,2012-01-27,12.14,12.629,13.8257
"2287",28,2012-01-28,11.83,12.6232,13.8183
"2288",29,2012-01-29,11.76,12.6164,13.8109
"2289",30,2012-01-30,12.09,12.6083,13.8028
"2290",31,2012-01-31,12.08,12.5986,13.7942
"2291",32,2012-02-01,11.84,12.5874,13.7855
"2292",33,2012-02-02,11.27,12.5743,13.7762
"2293",34,2012-02-03,11.82,12.5593,13.7685
"2294",35,2012-02-04,11.96,12.5427,13.7639
"2295",36,2012-02-05,11.86,12.525,13.7608
"2296",37,2012-02-06,12.03,12.5071,13.7585
"2297",38,2012-02-07,12.43,12.4892,13.7566
"2298",39,2012-02-08,12.57,12.4706,13.7547
"2299",40,2012-02-09,12.64,12.4514,13.7534
"2300",41,2012-02-10,12.43,12.4319,13.752
"2301",42,2012-02-11,12.44,12.4127,13.7488
"2302",43,2012-02-12,12.09,12.3937,13.7441
"2303",44,2012-02-13,11.58,12.3755,13.7391
"2304",45,2012-02-14,11.06,12.3582,13.7333
"2305",46,2012-02-15,10.95,12.3423,13.7272
"2306",47,2012-02-16,10.37,12.3275,13.7202
"2307",48,2012-02-17,10.51,12.3126,13.7125
"2308",49,2012-02-18,10.45,12.2966,13.7029
"2309",50,2012-02-19,10.17,12.28,13.6929
"2310",51,2012-02-20,9.92,12.2625,13.6826
"2311",52,2012-02-21,10.03,12.2441,13.672
"2312",53,2012-02-22,10.21,12.2244,13.6613
"2313",54,2012-02-23,10.13,12.2035,13.6508
"2314",55,2012-02-24,10.17,12.1812,13.6433
"2315",56,2012-02-25,10.35,12.158,13.6359
"2316",57,2012-02-26,10.58,12.1337,13.6282
"2317",58,2012-02-27,10.61,12.1078,13.6196
"2318",59,2012-02-28,10.48,12.0808,13.6122
"2319",60,2012-02-29,10.12,12.0542,13.6045
"2320",61,2012-03-01,10.32,12.0285,13.592
"2321",62,2012-03-02,10.4,12.0039,13.5773
"2322",63,2012-03-03,10.05,11.9805,13.56
"2323",64,2012-03-04,10.18,11.9576,13.5392
"2324",65,2012-03-05,10.39,11.9353,13.5147
"2325",66,2012-03-06,10.64,11.9133,13.4848
"2326",67,2012-03-07,10.08,11.8909,13.4534
"2327",68,2012-03-08,9.74,11.8676,13.4208
"2328",69,2012-03-09,9.91,11.8437,13.3882
"2329",70,2012-03-10,10.11,11.8198,13.3521
"2330",71,2012-03-11,9.74,11.7953,13.3142
"2331",72,2012-03-12,9.72,11.7698,13.272
"2332",73,2012-03-13,10.09,11.7431,13.2293
"2333",74,2012-03-14,10.46,11.7147,13.1856
"2334",75,2012-03-15,10.55,11.6847,13.1407
"2335",76,2012-03-16,10.7,11.6531,13.094
"2336",77,2012-03-17,10.51,11.6199,13.0475
"2337",78,2012-03-18,10.34,11.5858,13.0013
"2338",79,2012-03-19,9.73,11.5517,12.9561
"2339",80,2012-03-20,10,11.5181,12.9128
"2340",81,2012-03-21,10.38,11.4845,12.869
"2341",82,2012-03-22,10.15,11.4511,12.8252
"2342",83,2012-03-23,10.34,11.4181,12.7818
"2343",84,2012-03-24,10.06,11.3856,12.7398
"2344",85,2012-03-25,10.05,11.3545,12.7
"2345",86,2012-03-26,11.09,11.3251,12.6615
"2346",87,2012-03-27,11.34,11.2969,12.6238
"2347",88,2012-03-28,11.66,11.2707,12.588
"2348",89,2012-03-29,11.39,11.2469,12.5535
"2349",90,2012-03-30,10.83,11.2248,12.518
"2350",91,2012-03-31,10.03,11.2042,12.4839
"2351",92,2012-04-01,10.44,11.1847,12.4593
"2352",93,2012-04-02,9.83,11.1663,12.4365
"2353",94,2012-04-03,10.17,11.1489,12.4125
"2354",95,2012-04-04,10.05,11.1325,12.3875
"2355",96,2012-04-05,9.89,11.1168,12.3669
"2356",97,2012-04-06,9.69,11.1024,12.3462
"2357",98,2012-04-07,9.42,11.0893,12.3246
"2358",99,2012-04-08,9.46,11.0758,12.3011
"2359",100,2012-04-09,9.62,11.0613,12.276
"2360",101,2012-04-10,10.05,11.0462,12.2535
"2361",102,2012-04-11,10.24,11.0305,12.2324
"2362",103,2012-04-12,10.49,11.0149,12.2132
"2363",104,2012-04-13,11.17,11,12.1988
"2364",105,2012-04-14,10.38,10.9862,12.1867
"2365",106,2012-04-15,10.01,10.9742,12.1761
"2366",107,2012-04-16,10.03,10.9647,12.168
"2367",108,2012-04-17,10.47,10.9567,12.1585
"2368",109,2012-04-18,10.24,10.9501,12.1525
"2369",110,2012-04-19,10.58,10.9464,12.1531
"2370",111,2012-04-20,10.43,10.9453,12.1602
"2371",112,2012-04-21,10.59,10.9469,12.17
"2372",113,2012-04-22,10.44,10.9523,12.1848
"2373",114,2012-04-23,11.23,10.9606,12.1997
"2374",115,2012-04-24,10.57,10.9707,12.2146
"2375",116,2012-04-25,10.68,10.9826,12.23
"2376",117,2012-04-26,11.16,10.9955,12.2438
"2377",118,2012-04-27,11.17,11.0085,12.2573
"2378",119,2012-04-28,10.07,11.0218,12.2678
"2379",120,2012-04-29,NA,11.0359,12.2762
"2380",121,2012-04-30,NA,11.0502,12.2847
"2381",122,2012-05-01,10.24,11.0642,12.2908
"2382",123,2012-05-02,10.76,11.0767,12.2876
"2383",124,2012-05-03,10.75,11.0872,12.2833
"2384",125,2012-05-04,10.5,11.0961,12.2803
"2385",126,2012-05-05,10.84,11.1039,12.2792
"2386",127,2012-05-06,10.28,11.111,12.2756
"2387",128,2012-05-07,10.08,11.1174,12.2745
"2388",129,2012-05-08,10.27,11.124,12.2762
"2389",130,2012-05-09,10.26,11.1322,12.2813
"2390",131,2012-05-10,10.63,11.1417,12.2886
"2391",132,2012-05-11,10.55,11.1522,12.2973
"2392",133,2012-05-12,11.04,11.1646,12.3084
"2393",134,2012-05-13,11.31,11.1789,12.3243
"2394",135,2012-05-14,12.31,11.1954,12.3419
"2395",136,2012-05-15,12.78,11.214,12.3606
"2396",137,2012-05-16,12.73,11.2338,12.3799
"2397",138,2012-05-17,12.08,11.2539,12.4003
"2398",139,2012-05-18,11.51,11.2752,12.4252
"2399",140,2012-05-19,10.77,11.2963,12.4469
"2400",141,2012-05-20,10.73,11.3155,12.4643
"2401",142,2012-05-21,10.89,11.3338,12.4774
"2402",143,2012-05-22,10.71,11.3521,12.4907
"2403",144,2012-05-23,11.18,11.3693,12.5024
"2404",145,2012-05-24,10.62,11.3867,12.5173
"2405",146,2012-05-25,10.44,11.4043,12.5361
"2406",147,2012-05-26,9.42,11.4212,12.5547
"2407",148,2012-05-27,9.24,11.4383,12.5735
"2408",149,2012-05-28,11.18,11.4556,12.5934
"2409",150,2012-05-29,10.89,11.4718,12.6178
"2410",151,2012-05-30,10.84,11.4877,12.6442
"2411",152,2012-05-31,10.68,11.5053,12.6759
"2412",153,2012-06-01,10.82,11.5233,12.7084
"2413",154,2012-06-02,10.08,11.5419,12.7416
"2414",155,2012-06-03,10.79,11.5618,12.7748
"2415",156,2012-06-04,10.15,11.5832,12.81
"2416",157,2012-06-05,10.79,11.6055,12.8449
"2417",158,2012-06-06,11.14,11.6293,12.8765
"2418",159,2012-06-07,10.92,11.6542,12.908
"2419",160,2012-06-08,10.78,11.6797,12.9409
"2420",161,2012-06-09,10.21,11.7063,12.9693
"2421",162,2012-06-10,10.06,11.7347,12.9971
"2422",163,2012-06-11,10.66,11.7635,13.0278
"2423",164,2012-06-12,11.2,11.7935,13.0577
"2424",165,2012-06-13,11.11,11.8236,13.0899
"2425",166,2012-06-14,10.6,11.8531,13.12
"2426",167,2012-06-15,10.67,11.882,13.1507
"2427",168,2012-06-16,11.61,11.9111,13.1843
"2428",169,2012-06-17,12.1,11.9394,13.2168
"2429",170,2012-06-18,13.55,11.9663,13.2465
"2430",171,2012-06-19,13.47,11.9938,13.2782
"2431",172,2012-06-20,14.2,12.0229,13.3081
"2432",173,2012-06-21,13.29,12.0531,13.3386
"2433",174,2012-06-22,13.5,12.0839,13.3688
"2434",175,2012-06-23,12.99,12.1155,13.4032
"2435",176,2012-06-24,12.37,12.1472,13.4347
"2436",177,2012-06-25,11.59,12.1788,13.4624
"2437",178,2012-06-26,11.72,12.211,13.4892
"2438",179,2012-06-27,11.96,12.2432,13.5163
"2439",180,2012-06-28,12.1,12.2772,13.5463
"2440",181,2012-06-29,12.41,12.3139,13.5752
"2441",182,2012-06-30,12.41,12.3516,13.6042
"2442",183,2012-07-01,12.48,12.3884,13.629
"2443",184,2012-07-02,13.05,12.4248,13.6543
"2444",185,2012-07-03,12.27,12.4606,13.6829
"2445",186,2012-07-04,11.7,12.4957,13.7122
"2446",187,2012-07-05,11.86,12.5306,13.7408
"2447",188,2012-07-06,13.15,12.5663,13.7723
"2448",189,2012-07-07,12.25,12.6023,13.808
"2449",190,2012-07-08,12.31,12.6381,13.8499
"2450",191,2012-07-09,12.82,12.6745,13.8901
"2451",192,2012-07-10,12.29,12.7117,13.9345
"2452",193,2012-07-11,11.91,12.7495,13.9827
"2453",194,2012-07-12,12.21,12.789,14.0363
"2454",195,2012-07-13,13.18,12.8287,14.0886
"2455",196,2012-07-14,13.23,12.8693,14.1412
"2456",197,2012-07-15,13.09,12.9093,14.1927
"2457",198,2012-07-16,12.93,12.9492,14.2439
"2458",199,2012-07-17,11.92,12.9884,14.2939
"2459",200,2012-07-18,12.65,13.0272,14.3471
"2460",201,2012-07-19,13,13.0661,14.4003
"2461",202,2012-07-20,12.57,13.1034,14.4498
"2462",203,2012-07-21,12.31,13.1377,14.4975
"2463",204,2012-07-22,12.11,13.1691,14.5423
"2464",205,2012-07-23,11.79,13.197,14.5835
"2465",206,2012-07-24,12.35,13.2223,14.6175
"2466",207,2012-07-25,13.01,13.2458,14.6454
"2467",208,2012-07-26,13.86,13.2687,14.675
"2468",209,2012-07-27,14.57,13.2906,14.7018
"2469",210,2012-07-28,14.43,13.3118,14.7268
"2470",211,2012-07-29,13.56,13.332,14.7497
"2471",212,2012-07-30,12.81,13.3507,14.7735
"2472",213,2012-07-31,11.96,13.3685,14.799
"2473",214,2012-08-01,12.26,13.3858,14.8277
"2474",215,2012-08-02,11.97,13.403,14.8617
"2475",216,2012-08-03,11.83,13.4213,14.8984
"2476",217,2012-08-04,12.16,13.4403,14.94
"2477",218,2012-08-05,12.89,13.4608,14.9837
"2478",219,2012-08-06,12.58,13.4821,15.0267
"2479",220,2012-08-07,12.31,13.5037,15.0704
"2480",221,2012-08-08,11.99,13.5251,15.1063
"2481",222,2012-08-09,12.04,13.5449,15.1375
"2482",223,2012-08-10,11.99,13.5618,15.1624
"2483",224,2012-08-11,12.19,13.5755,15.1812
"2484",225,2012-08-12,12.29,13.5863,15.1913
"2485",226,2012-08-13,13.06,13.5951,15.2
"2486",227,2012-08-14,12.58,13.6017,15.2016
"2487",228,2012-08-15,12.31,13.6071,15.2016
"2488",229,2012-08-16,12.3,13.6091,15.199
"2489",230,2012-08-17,12.35,13.6081,15.1942
"2490",231,2012-08-18,12.13,13.6057,15.1868
"2491",232,2012-08-19,12.61,13.6024,15.1795
"2492",233,2012-08-20,12,13.5997,15.1745
"2493",234,2012-08-21,12.35,13.5993,15.1723
"2494",235,2012-08-22,12.92,13.6016,15.1738
"2495",236,2012-08-23,13.67,13.6068,15.1772
"2496",237,2012-08-24,13.28,13.6139,15.1839
"2497",238,2012-08-25,13.39,13.6227,15.2066
"2498",239,2012-08-26,14.23,13.6324,15.2305
"2499",240,2012-08-27,14.65,13.6437,15.2575
"2500",241,2012-08-28,14.58,13.6555,15.284
"2501",242,2012-08-29,14.1,13.6666,15.3084
"2502",243,2012-08-30,12.75,13.6772,15.3304
"2503",244,2012-08-31,13.13,13.6867,15.3444
"2504",245,2012-09-01,13.42,13.695,15.3505
"2505",246,2012-09-02,13.36,13.7025,15.3492
"2506",247,2012-09-03,12.45,13.7093,15.3475
"2507",248,2012-09-04,12.9,13.7151,15.3414
"2508",249,2012-09-05,13.12,13.7187,15.3357
"2509",250,2012-09-06,13.74,13.7201,15.3283
"2510",251,2012-09-07,14.06,13.7191,15.3174
"2511",252,2012-09-08,14.19,13.7172,15.3067
"2512",253,2012-09-09,13.93,13.7162,15.3005
"2513",254,2012-09-10,13.51,13.716,15.2998
"2514",255,2012-09-11,13.13,13.7171,15.3014
"2515",256,2012-09-12,13.05,13.7196,15.3029
"2516",257,2012-09-13,14.21,13.7222,15.3047
"2517",258,2012-09-14,13.82,13.7254,15.3115
"2518",259,2012-09-15,13.69,13.7292,15.3161
"2519",260,2012-09-16,13.15,13.7346,15.3203
"2520",261,2012-09-17,13.07,13.7416,15.3229
"2521",262,2012-09-18,13.5,13.7507,15.3265
"2522",263,2012-09-19,12.71,13.7612,15.3307
"2523",264,2012-09-20,12.6,13.7716,15.3351
"2524",265,2012-09-21,12.53,13.7807,15.3402
"2525",266,2012-09-22,13.25,13.7876,15.3423
"2526",267,2012-09-23,13.82,13.7919,15.3443
"2527",268,2012-09-24,13.39,13.7949,15.3445
"2528",269,2012-09-25,13.18,13.7965,15.3335
"2529",270,2012-09-26,13.96,13.7974,15.3258
"2530",271,2012-09-27,13.19,13.7981,15.3196
"2531",272,2012-09-28,13.7,13.7989,15.3175
"2532",273,2012-09-29,13.95,13.7992,15.316
"2533",274,2012-09-30,13.73,13.7986,15.315
"2534",275,2012-10-01,13.85,13.7974,15.3195
"2535",276,2012-10-02,14.62,13.7967,15.3267
"2536",277,2012-10-03,14.53,13.7969,15.3384
"2537",278,2012-10-04,15.04,13.7985,15.3464
"2538",279,2012-10-05,15.17,13.8014,15.3534
"2539",280,2012-10-06,15.15,13.8045,15.3592
"2540",281,2012-10-07,14.55,13.8076,15.3665
"2541",282,2012-10-08,14.62,13.81,15.3754
"2542",283,2012-10-09,14.67,13.8108,15.385
"2543",284,2012-10-10,14.31,13.8095,15.3912
"2544",285,2012-10-11,15.83,13.8076,15.3959
"2545",286,2012-10-12,14.69,13.806,15.4
"2546",287,2012-10-13,13.75,13.8039,15.4041
"2547",288,2012-10-14,14.05,13.8014,15.4031
"2548",289,2012-10-15,13.61,13.7988,15.4015
"2549",290,2012-10-16,13.32,13.7945,15.3998
"2550",291,2012-10-17,13.27,13.7896,15.3966
"2551",292,2012-10-18,13.41,13.7841,15.3931
"2552",293,2012-10-19,14.56,13.7777,15.389
"2553",294,2012-10-20,14.67,13.7694,15.3831
"2554",295,2012-10-21,14.41,13.7599,15.3758
"2555",296,2012-10-22,14.36,13.749,15.3635
"2556",297,2012-10-23,14.73,13.7379,15.3538
"2557",298,2012-10-24,14.68,13.7262,15.3441
"2558",299,2012-10-25,14.89,13.7134,15.333
"2559",300,2012-10-26,14.19,13.6977,15.3168
"2560",301,2012-10-27,13.81,13.6802,15.2938
"2561",302,2012-10-28,13.78,13.6598,15.2693
"2562",303,2012-10-29,13.59,13.6371,15.2422
"2563",304,2012-10-30,13.54,13.6126,15.2125
"2564",305,2012-10-31,13.53,13.5887,15.1822
"2565",306,2012-11-01,13.35,13.5668,15.1525
"2566",307,2012-11-02,13.43,13.5458,15.1256
"2567",308,2012-11-03,13.52,13.5238,15.0948
"2568",309,2012-11-04,13.54,13.5011,15.0649
"2569",310,2012-11-05,13.78,13.4782,15.0378
"2570",311,2012-11-06,NA,13.4565,15.0111
"2571",312,2012-11-07,13.6,13.4364,14.9871
"2572",313,2012-11-08,13.65,13.4188,14.9659
"2573",314,2012-11-09,13.35,13.4041,14.9509
"2574",315,2012-11-10,12.81,13.3918,14.9416
"2575",316,2012-11-11,12.78,13.3802,14.9337
"2576",317,2012-11-12,12.72,13.3681,14.9266
"2577",318,2012-11-13,12.62,13.3558,14.9198
"2578",319,2012-11-14,12.6,13.344,14.9196
"2579",320,2012-11-15,12.63,13.3328,14.9184
"2580",321,2012-11-16,13.24,13.3239,14.921
"2581",322,2012-11-17,13.42,13.3164,14.9253
"2582",323,2012-11-18,13.3,13.3092,14.9315
"2583",324,2012-11-19,13.77,13.3017,14.9367
"2584",325,2012-11-20,14.24,13.295,14.9454
"2585",326,2012-11-21,14.38,13.2898,14.9518
"2586",327,2012-11-22,14.14,13.2867,14.9612
"2587",328,2012-11-23,13.93,13.2855,14.9677
"2588",329,2012-11-24,13.99,13.2862,14.974
"2589",330,2012-11-25,13.94,13.2879,14.9789
"2590",331,2012-11-26,13.37,13.2913,14.9891
"2591",332,2012-11-27,13.61,13.2947,14.9975
"2592",333,2012-11-28,14.23,13.2986,15.0056
"2593",334,2012-11-29,14.33,13.3043,15.0141
"2594",335,2012-11-30,14.55,13.312,15.0236
"2595",336,2012-12-01,14.77,13.3195,15.0284
"2596",337,2012-12-02,14.95,13.3259,15.0322
"2597",338,2012-12-03,14.96,13.3313,15.0324
"2598",339,2012-12-04,14.98,13.3361,15.0341
"2599",340,2012-12-05,14.82,13.3398,15.0367
"2600",341,2012-12-06,15.14,13.3423,15.0375
"2601",342,2012-12-07,14.11,13.3431,15.0372
"2602",343,2012-12-08,13.88,13.3422,15.0339
"2603",344,2012-12-09,14.14,13.3395,15.0279
"2604",345,2012-12-10,14.05,13.3345,15.015
"2605",346,2012-12-11,14.58,13.3271,14.9977
"2606",347,2012-12-12,14.67,13.3183,14.9797
"2607",348,2012-12-13,14.03,13.3084,14.953
"2608",349,2012-12-14,13.63,13.2975,14.9232
"2609",350,2012-12-15,13.44,13.2854,14.882
"2610",351,2012-12-16,13.38,13.2716,14.8395
"2611",352,2012-12-17,13.62,13.2567,14.796
"2612",353,2012-12-18,13.6,13.2409,14.7537
"2613",354,2012-12-19,12.43,13.2246,14.7101
"2614",355,2012-12-20,12.12,13.2081,14.6664
"2615",356,2012-12-21,12.58,13.1907,14.6202
"2616",357,2012-12-22,13.02,13.1725,14.575
"2617",358,2012-12-23,13.1,13.1523,14.5292
"2618",359,2012-12-24,13.32,13.1302,14.484
"2619",360,2012-12-25,13.2,13.1065,14.4399
"2620",361,2012-12-26,13.03,13.0822,14.3969
"2621",362,2012-12-27,12.63,13.0576,14.3543
"2622",363,2012-12-28,12.37,13.0332,14.3138
"2623",364,2012-12-29,12.39,13.009,14.2735
"2624",365,2012-12-30,12.49,12.9848,14.234
"2625",366,2012-12-31,12.53,12.9605,14.1971
"2626",1,2013-01-01,12.49,12.9365,14.1655
"2627",2,2013-01-02,12.71,12.9131,14.1358
"2628",3,2013-01-03,12.66,12.8909,14.1095
"2629",4,2013-01-04,12.36,12.8702,14.0832
"2630",5,2013-01-05,12.53,12.8507,14.0569
"2631",6,2013-01-06,12.78,12.8321,14.0306
"2632",7,2013-01-07,11.7,12.8146,14.004
"2633",8,2013-01-08,11.8,12.7982,13.9782
"2634",9,2013-01-09,12.09,12.7831,13.9517
"2635",10,2013-01-10,11.62,12.7694,13.9268
"2636",11,2013-01-11,10.96,12.757,13.9019
"2637",12,2013-01-12,10.67,12.7458,13.8777
"2638",13,2013-01-13,10.5,12.7355,13.8624
"2639",14,2013-01-14,10.49,12.7257,13.8499
"2640",15,2013-01-15,10.78,12.7162,13.8481
"2641",16,2013-01-16,10.83,12.7069,13.8467
"2642",17,2013-01-17,10.7,12.6976,13.8462
"2643",18,2013-01-18,10.86,12.6889,13.8458
"2644",19,2013-01-19,11.13,12.6806,13.8467
"2645",20,2013-01-20,11.51,12.6728,13.8476
"2646",21,2013-01-21,11.69,12.6653,13.8483
"2647",22,2013-01-22,11.94,12.6583,13.8499
"2648",23,2013-01-23,11.98,12.652,13.8493
"2649",24,2013-01-24,12.35,12.6461,13.8448
"2650",25,2013-01-25,12.31,12.6406,13.8386
"2651",26,2013-01-26,12.33,12.6349,13.8322
"2652",27,2013-01-27,11.38,12.629,13.8257
"2653",28,2013-01-28,11.13,12.6232,13.8183
"2654",29,2013-01-29,10.98,12.6164,13.8109
"2655",30,2013-01-30,11.25,12.6083,13.8028
"2656",31,2013-01-31,11.48,12.5986,13.7942
"2657",32,2013-02-01,11.56,12.5874,13.7855
"2658",33,2013-02-02,11.88,12.5743,13.7762
"2659",34,2013-02-03,11.52,12.5593,13.7685
"2660",35,2013-02-04,11.49,12.5427,13.7639
"2661",36,2013-02-05,11.51,12.525,13.7608
"2662",37,2013-02-06,11.11,12.5071,13.7585
"2663",38,2013-02-07,11.21,12.4892,13.7566
"2664",39,2013-02-08,10.94,12.4706,13.7547
"2665",40,2013-02-09,10.82,12.4514,13.7534
"2666",41,2013-02-10,10.88,12.4319,13.752
"2667",42,2013-02-11,11.3,12.4127,13.7488
"2668",43,2013-02-12,11.61,12.3937,13.7441
"2669",44,2013-02-13,11.74,12.3755,13.7391
"2670",45,2013-02-14,11.54,12.3582,13.7333
"2671",46,2013-02-15,11.43,12.3423,13.7272
"2672",47,2013-02-16,11.51,12.3275,13.7202
"2673",48,2013-02-17,11.92,12.3126,13.7125
"2674",49,2013-02-18,11.41,12.2966,13.7029
"2675",50,2013-02-19,11.19,12.28,13.6929
"2676",51,2013-02-20,10.66,12.2625,13.6826
"2677",52,2013-02-21,10.44,12.2441,13.672
"2678",53,2013-02-22,10.39,12.2244,13.6613
"2679",54,2013-02-23,10.66,12.2035,13.6508
"2680",55,2013-02-24,10.44,12.1812,13.6433
"2681",56,2013-02-25,10.46,12.158,13.6359
"2682",57,2013-02-26,10.86,12.1337,13.6282
"2683",58,2013-02-27,11.02,12.1078,13.6196
"2684",59,2013-02-28,11.09,12.0808,13.6122
"2685",61,2013-03-01,10.97,12.0285,13.592
"2686",62,2013-03-02,11.05,12.0039,13.5773
"2687",63,2013-03-03,11.12,11.9805,13.56
"2688",64,2013-03-04,11.09,11.9576,13.5392
"2689",65,2013-03-05,10.3,11.9353,13.5147
"2690",66,2013-03-06,11.22,11.9133,13.4848
"2691",67,2013-03-07,11.34,11.8909,13.4534
"2692",68,2013-03-08,11.35,11.8676,13.4208
"2693",69,2013-03-09,11.2,11.8437,13.3882
"2694",70,2013-03-10,10.24,11.8198,13.3521
"2695",71,2013-03-11,10.55,11.7953,13.3142
"2696",72,2013-03-12,10.68,11.7698,13.272
"2697",73,2013-03-13,10.79,11.7431,13.2293
"2698",74,2013-03-14,10.88,11.7147,13.1856
"2699",75,2013-03-15,10.47,11.6847,13.1407
"2700",76,2013-03-16,10.83,11.6531,13.094
"2701",77,2013-03-17,10.88,11.6199,13.0475
"2702",78,2013-03-18,10.02,11.5858,13.0013
"2703",79,2013-03-19,10.04,11.5517,12.9561
"2704",80,2013-03-20,10.24,11.5181,12.9128
"2705",81,2013-03-21,10.51,11.4845,12.869
"2706",82,2013-03-22,9.84,11.4511,12.8252
"2707",83,2013-03-23,9.72,11.4181,12.7818
"2708",84,2013-03-24,10.08,11.3856,12.7398
"2709",85,2013-03-25,10.33,11.3545,12.7
"2710",86,2013-03-26,10.29,11.3251,12.6615
"2711",87,2013-03-27,10.57,11.2969,12.6238
"2712",88,2013-03-28,10.74,11.2707,12.588
"2713",89,2013-03-29,11.2,11.2469,12.5535
"2714",90,2013-03-30,11.37,11.2248,12.518
"2715",91,2013-03-31,12.12,11.2042,12.4839
"2716",92,2013-04-01,11.62,11.1847,12.4593
"2717",93,2013-04-02,11.91,11.1663,12.4365
"2718",94,2013-04-03,11.44,11.1489,12.4125
"2719",95,2013-04-04,11.1,11.1325,12.3875
"2720",96,2013-04-05,11.27,11.1168,12.3669
"2721",97,2013-04-06,11.38,11.1024,12.3462
"2722",98,2013-04-07,11.13,11.0893,12.3246
"2723",99,2013-04-08,11.02,11.0758,12.3011
"2724",100,2013-04-09,10.55,11.0613,12.276
"2725",101,2013-04-10,9.13,11.0462,12.2535
"2726",102,2013-04-11,9.23,11.0305,12.2324
"2727",103,2013-04-12,10.11,11.0149,12.2132
"2728",104,2013-04-13,9.62,11,12.1988
"2729",105,2013-04-14,10.04,10.9862,12.1867
"2730",106,2013-04-15,10.44,10.9742,12.1761
"2731",107,2013-04-16,10.32,10.9647,12.168
"2732",108,2013-04-17,NA,10.9567,12.1585
"2733",109,2013-04-18,NA,10.9501,12.1525
"2734",110,2013-04-19,NA,10.9464,12.1531
"2735",111,2013-04-20,NA,10.9453,12.1602
"2736",112,2013-04-21,10.76,10.9469,12.17
"2737",113,2013-04-22,10.46,10.9523,12.1848
"2738",114,2013-04-23,10.36,10.9606,12.1997
"2739",115,2013-04-24,10.88,10.9707,12.2146
"2740",116,2013-04-25,11.29,10.9826,12.23
"2741",117,2013-04-26,12.27,10.9955,12.2438
"2742",118,2013-04-27,11.91,11.0085,12.2573
"2743",119,2013-04-28,10.86,11.0218,12.2678
"2744",120,2013-04-29,10.27,11.0359,12.2762
"2745",121,2013-04-30,10.32,11.0502,12.2847
"2746",122,2013-05-01,10.6,11.0642,12.2908
"2747",123,2013-05-02,11.17,11.0767,12.2876
"2748",124,2013-05-03,11.79,11.0872,12.2833
"2749",125,2013-05-04,13.34,11.0961,12.2803
"2750",126,2013-05-05,12.09,11.1039,12.2792
"2751",127,2013-05-06,12.46,11.111,12.2756
"2752",128,2013-05-07,13.24,11.1174,12.2745
"2753",129,2013-05-08,13.84,11.124,12.2762
"2754",130,2013-05-09,13.78,11.1322,12.2813
"2755",131,2013-05-10,13.45,11.1417,12.2886
"2756",132,2013-05-11,12.93,11.1522,12.2973
"2757",133,2013-05-12,12.22,11.1646,12.3084
"2758",134,2013-05-13,12.1,11.1789,12.3243
"2759",135,2013-05-14,11.23,11.1954,12.3419
"2760",136,2013-05-15,11.38,11.214,12.3606
"2761",137,2013-05-16,10.33,11.2338,12.3799
"2762",138,2013-05-17,NA,11.2539,12.4003
"2763",139,2013-05-18,NA,11.2752,12.4252
"2764",140,2013-05-19,11.82,11.2963,12.4469
"2765",141,2013-05-20,10.56,11.3155,12.4643
"2766",142,2013-05-21,10.97,11.3338,12.4774
"2767",143,2013-05-22,11.25,11.3521,12.4907
"2768",144,2013-05-23,11.19,11.3693,12.5024
"2769",145,2013-05-24,10.85,11.3867,12.5173
"2770",146,2013-05-25,10.22,11.4043,12.5361
"2771",147,2013-05-26,10.4,11.4212,12.5547
"2772",148,2013-05-27,10.9,11.4383,12.5735
"2773",149,2013-05-28,10.78,11.4556,12.5934
"2774",150,2013-05-29,11.05,11.4718,12.6178
"2775",151,2013-05-30,11.15,11.4877,12.6442
"2776",152,2013-05-31,10.82,11.5053,12.6759
"2777",153,2013-06-01,10.68,11.5233,12.7084
"2778",154,2013-06-02,10.73,11.5419,12.7416
"2779",155,2013-06-03,10.94,11.5618,12.7748
"2780",156,2013-06-04,11.89,11.5832,12.81
"2781",157,2013-06-05,12.54,11.6055,12.8449
"2782",158,2013-06-06,12.7,11.6293,12.8765
"2783",159,2013-06-07,11.48,11.6542,12.908
"2784",160,2013-06-08,10.83,11.6797,12.9409
"2785",161,2013-06-09,11.28,11.7063,12.9693
"2786",162,2013-06-10,11.3,11.7347,12.9971
"2787",163,2013-06-11,12.31,11.7635,13.0278
"2788",164,2013-06-12,11.62,11.7935,13.0577
"2789",165,2013-06-13,11.25,11.8236,13.0899
"2790",166,2013-06-14,11.24,11.8531,13.12
"2791",167,2013-06-15,11.07,11.882,13.1507
"2792",168,2013-06-16,11.73,11.9111,13.1843
"2793",169,2013-06-17,12.45,11.9394,13.2168
"2794",170,2013-06-18,12.08,11.9663,13.2465
"2795",171,2013-06-19,11.46,11.9938,13.2782
"2796",172,2013-06-20,11.27,12.0229,13.3081
"2797",173,2013-06-21,10.82,12.0531,13.3386
"2798",174,2013-06-22,10.76,12.0839,13.3688
"2799",175,2013-06-23,10.67,12.1155,13.4032
"2800",176,2013-06-24,10.68,12.1472,13.4347
"2801",177,2013-06-25,11.13,12.1788,13.4624
"2802",178,2013-06-26,11.85,12.211,13.4892
"2803",179,2013-06-27,11.83,12.2432,13.5163
"2804",180,2013-06-28,11.54,12.2772,13.5463
"2805",181,2013-06-29,12.06,12.3139,13.5752
"2806",182,2013-06-30,12.15,12.3516,13.6042
"2807",183,2013-07-01,11.99,12.3884,13.629
"2808",184,2013-07-02,12.59,12.4248,13.6543
"2809",185,2013-07-03,12.72,12.4606,13.6829
"2810",186,2013-07-04,12.83,12.4957,13.7122
"2811",187,2013-07-05,12.45,12.5306,13.7408
"2812",188,2013-07-06,12.6,12.5663,13.7723
"2813",189,2013-07-07,12.82,12.6023,13.808
"2814",190,2013-07-08,13.03,12.6381,13.8499
"2815",191,2013-07-09,13.55,12.6745,13.8901
"2816",192,2013-07-10,13.18,12.7117,13.9345
"2817",193,2013-07-11,13.34,12.7495,13.9827
"2818",194,2013-07-12,12.77,12.789,14.0363
"2819",195,2013-07-13,12.9,12.8287,14.0886
"2820",196,2013-07-14,13.12,12.8693,14.1412
"2821",197,2013-07-15,12.8,12.9093,14.1927
"2822",198,2013-07-16,13.38,12.9492,14.2439
"2823",199,2013-07-17,13.6,12.9884,14.2939
"2824",200,2013-07-18,13.18,13.0272,14.3471
"2825",201,2013-07-19,12.68,13.0661,14.4003
"2826",202,2013-07-20,11.39,13.1034,14.4498
"2827",203,2013-07-21,11.23,13.1377,14.4975
"2828",204,2013-07-22,11.52,13.1691,14.5423
"2829",205,2013-07-23,13.69,13.197,14.5835
"2830",206,2013-07-24,13.83,13.2223,14.6175
"2831",207,2013-07-25,13.41,13.2458,14.6454
"2832",208,2013-07-26,13.1,13.2687,14.675
"2833",209,2013-07-27,13.11,13.2906,14.7018
"2834",210,2013-07-28,13.47,13.3118,14.7268
"2835",211,2013-07-29,13.44,13.332,14.7497
"2836",212,2013-07-30,14.44,13.3507,14.7735
"2837",213,2013-07-31,14.22,13.3685,14.799
"2838",214,2013-08-01,14.12,13.3858,14.8277
"2839",215,2013-08-02,13.71,13.403,14.8617
"2840",216,2013-08-03,12.95,13.4213,14.8984
"2841",217,2013-08-04,12.57,13.4403,14.94
"2842",218,2013-08-05,13.12,13.4608,14.9837
"2843",219,2013-08-06,12.94,13.4821,15.0267
"2844",220,2013-08-07,13.09,13.5037,15.0704
"2845",221,2013-08-08,13.58,13.5251,15.1063
"2846",222,2013-08-09,13.6,13.5449,15.1375
"2847",223,2013-08-10,12.81,13.5618,15.1624
"2848",224,2013-08-11,12.83,13.5755,15.1812
"2849",225,2013-08-12,12.55,13.5863,15.1913
"2850",226,2013-08-13,12.74,13.5951,15.2
"2851",227,2013-08-14,12.82,13.6017,15.2016
"2852",228,2013-08-15,12.89,13.6071,15.2016
"2853",229,2013-08-16,13.11,13.6091,15.199
"2854",230,2013-08-17,13.61,13.6081,15.1942
"2855",231,2013-08-18,13.73,13.6057,15.1868
"2856",232,2013-08-19,12.53,13.6024,15.1795
"2857",233,2013-08-20,12.88,13.5997,15.1745
"2858",234,2013-08-21,13.05,13.5993,15.1723
"2859",235,2013-08-22,12.91,13.6016,15.1738
"2860",236,2013-08-23,13.34,13.6068,15.1772
"2861",237,2013-08-24,12.19,13.6139,15.1839
"2862",238,2013-08-25,13.23,13.6227,15.2066
"2863",239,2013-08-26,13.56,13.6324,15.2305
"2864",240,2013-08-27,13.14,13.6437,15.2575
"2865",241,2013-08-28,13.29,13.6555,15.284
"2866",242,2013-08-29,13.6,13.6666,15.3084
"2867",243,2013-08-30,13.7,13.6772,15.3304
"2868",244,2013-08-31,13.16,13.6867,15.3444
"2869",245,2013-09-01,12.69,13.695,15.3505
"2870",246,2013-09-02,13.72,13.7025,15.3492
"2871",247,2013-09-03,13.45,13.7093,15.3475
"2872",248,2013-09-04,13.7,13.7151,15.3414
"2873",249,2013-09-05,13.12,13.7187,15.3357
"2874",250,2013-09-06,12.54,13.7201,15.3283
"2875",251,2013-09-07,12.04,13.7191,15.3174
"2876",252,2013-09-08,12.33,13.7172,15.3067
"2877",253,2013-09-09,12.57,13.7162,15.3005
"2878",254,2013-09-10,12.91,13.716,15.2998
"2879",255,2013-09-11,13.59,13.7171,15.3014
"2880",256,2013-09-12,14.22,13.7196,15.3029
"2881",257,2013-09-13,13.98,13.7222,15.3047
"2882",258,2013-09-14,13.22,13.7254,15.3115
"2883",259,2013-09-15,12.43,13.7292,15.3161
"2884",260,2013-09-16,13,13.7346,15.3203
"2885",261,2013-09-17,14.04,13.7416,15.3229
"2886",262,2013-09-18,12.54,13.7507,15.3265
"2887",263,2013-09-19,11.53,13.7612,15.3307
"2888",264,2013-09-20,11.6,13.7716,15.3351
"2889",265,2013-09-21,11.72,13.7807,15.3402
"2890",266,2013-09-22,12.04,13.7876,15.3423
"2891",267,2013-09-23,12.01,13.7919,15.3443
"2892",268,2013-09-24,11.44,13.7949,15.3445
"2893",269,2013-09-25,11.84,13.7965,15.3335
"2894",270,2013-09-26,11.1,13.7974,15.3258
"2895",271,2013-09-27,11.64,13.7981,15.3196
"2896",272,2013-09-28,11.41,13.7989,15.3175
"2897",273,2013-09-29,11.82,13.7992,15.316
"2898",274,2013-09-30,11.66,13.7986,15.315
"2899",275,2013-10-01,11.84,13.7974,15.3195
"2900",276,2013-10-02,11.69,13.7967,15.3267
"2901",277,2013-10-03,11.9,13.7969,15.3384
"2902",278,2013-10-04,11.72,13.7985,15.3464
"2903",279,2013-10-05,11.81,13.8014,15.3534
"2904",280,2013-10-06,12.41,13.8045,15.3592
"2905",281,2013-10-07,12.84,13.8076,15.3665
"2906",282,2013-10-08,12.64,13.81,15.3754
"2907",283,2013-10-09,12.84,13.8108,15.385
"2908",284,2013-10-10,12.76,13.8095,15.3912
"2909",285,2013-10-11,13.23,13.8076,15.3959
"2910",286,2013-10-12,12.96,13.806,15.4
"2911",287,2013-10-13,12.92,13.8039,15.4041
"2912",288,2013-10-14,13.52,13.8014,15.4031
"2913",289,2013-10-15,14.05,13.7988,15.4015
"2914",290,2013-10-16,14.18,13.7945,15.3998
"2915",291,2013-10-17,14.16,13.7896,15.3966
"2916",292,2013-10-18,13.74,13.7841,15.3931
"2917",293,2013-10-19,13.75,13.7777,15.389
"2918",294,2013-10-20,13.57,13.7694,15.3831
"2919",295,2013-10-21,13.33,13.7599,15.3758
"2920",296,2013-10-22,13.22,13.749,15.3635
"2921",297,2013-10-23,13.22,13.7379,15.3538
"2922",298,2013-10-24,13.5,13.7262,15.3441
"2923",299,2013-10-25,14.17,13.7134,15.333
"2924",300,2013-10-26,13.5,13.6977,15.3168
"2925",301,2013-10-27,13.37,13.6802,15.2938
"2926",302,2013-10-28,12.87,13.6598,15.2693
"2927",303,2013-10-29,12.38,13.6371,15.2422
"2928",304,2013-10-30,13.13,13.6126,15.2125
"2929",305,2013-10-31,13.24,13.5887,15.1822
"2930",306,2013-11-01,13.14,13.5668,15.1525
"2931",307,2013-11-02,13.63,13.5458,15.1256
"2932",308,2013-11-03,13.3,13.5238,15.0948
"2933",309,2013-11-04,13.3,13.5011,15.0649
"2934",310,2013-11-05,12.89,13.4782,15.0378
"2935",311,2013-11-06,13.17,13.4565,15.0111
"2936",312,2013-11-07,13.36,13.4364,14.9871
"2937",313,2013-11-08,13.44,13.4188,14.9659
"2938",314,2013-11-09,13.09,13.4041,14.9509
"2939",315,2013-11-10,13.11,13.3918,14.9416
"2940",316,2013-11-11,12.99,13.3802,14.9337
"2941",317,2013-11-12,13.52,13.3681,14.9266
"2942",318,2013-11-13,12.94,13.3558,14.9198
"2943",319,2013-11-14,13.07,13.344,14.9196
"2944",320,2013-11-15,13.21,13.3328,14.9184
"2945",321,2013-11-16,11.44,13.3239,14.921
"2946",322,2013-11-17,11.75,13.3164,14.9253
"2947",323,2013-11-18,12.38,13.3092,14.9315
"2948",324,2013-11-19,12.48,13.3017,14.9367
"2949",325,2013-11-20,12.88,13.295,14.9454
"2950",326,2013-11-21,13.57,13.2898,14.9518
"2951",327,2013-11-22,13.51,13.2867,14.9612
"2952",328,2013-11-23,13.84,13.2855,14.9677
"2953",329,2013-11-24,NA,13.2862,14.974
"2954",330,2013-11-25,13.31,13.2879,14.9789
"2955",331,2013-11-26,13.56,13.2913,14.9891
"2956",332,2013-11-27,13.76,13.2947,14.9975
"2957",333,2013-11-28,13.87,13.2986,15.0056
"2958",334,2013-11-29,13.9,13.3043,15.0141
"2959",335,2013-11-30,13.65,13.312,15.0236
"2960",336,2013-12-01,13.72,13.3195,15.0284
"2961",337,2013-12-02,13.96,13.3259,15.0322
"2962",338,2013-12-03,14.03,13.3313,15.0324
"2963",339,2013-12-04,13.09,13.3361,15.0341
"2964",340,2013-12-05,12.64,13.3398,15.0367
"2965",341,2013-12-06,12.96,13.3423,15.0375
"2966",342,2013-12-07,12.89,13.3431,15.0372
"2967",343,2013-12-08,12.01,13.3422,15.0339
"2968",344,2013-12-09,11.38,13.3395,15.0279
"2969",345,2013-12-10,12.35,13.3345,15.015
"2970",346,2013-12-11,12.21,13.3271,14.9977
"2971",347,2013-12-12,12.04,13.3183,14.9797
"2972",348,2013-12-13,12.61,13.3084,14.953
"2973",349,2013-12-14,12.52,13.2975,14.9232
"2974",350,2013-12-15,12.39,13.2854,14.882
"2975",351,2013-12-16,12.6,13.2716,14.8395
"2976",352,2013-12-17,12.85,13.2567,14.796
"2977",353,2013-12-18,13.08,13.2409,14.7537
"2978",354,2013-12-19,12.7,13.2246,14.7101
"2979",355,2013-12-20,12.56,13.2081,14.6664
"2980",356,2013-12-21,12.56,13.1907,14.6202
"2981",357,2013-12-22,12.81,13.1725,14.575
"2982",358,2013-12-23,12.95,13.1523,14.5292
"2983",359,2013-12-24,12.75,13.1302,14.484
"2984",360,2013-12-25,12.73,13.1065,14.4399
"2985",361,2013-12-26,12.78,13.0822,14.3969
"2986",362,2013-12-27,12.83,13.0576,14.3543
"2987",363,2013-12-28,12.98,13.0332,14.3138
"2988",364,2013-12-29,13.03,13.009,14.2735
"2989",365,2013-12-30,13.16,12.9848,14.234
"2990",366,2013-12-31,13.35,12.9605,14.1971
"2991",1,2014-01-01,13.13,12.9365,14.1655
"2992",2,2014-01-02,13.38,12.9131,14.1358
"2993",3,2014-01-03,13.51,12.8909,14.1095
"2994",4,2014-01-04,13.76,12.8702,14.0832
"2995",5,2014-01-05,13.65,12.8507,14.0569
"2996",6,2014-01-06,13.67,12.8321,14.0306
"2997",7,2014-01-07,13.47,12.8146,14.004
"2998",8,2014-01-08,13.05,12.7982,13.9782
"2999",9,2014-01-09,12.58,12.7831,13.9517
"3000",10,2014-01-10,12.13,12.7694,13.9268
"3001",11,2014-01-11,12.61,12.757,13.9019
"3002",12,2014-01-12,12.51,12.7458,13.8777
"3003",13,2014-01-13,12.55,12.7355,13.8624
"3004",14,2014-01-14,12.89,12.7257,13.8499
"3005",15,2014-01-15,13.21,12.7162,13.8481
"3006",16,2014-01-16,13.8,12.7069,13.8467
"3007",17,2014-01-17,13.75,12.6976,13.8462
"3008",18,2014-01-18,13.79,12.6889,13.8458
"3009",19,2014-01-19,13.55,12.6806,13.8467
"3010",20,2014-01-20,13.5,12.6728,13.8476
"3011",21,2014-01-21,12.94,12.6653,13.8483
"3012",22,2014-01-22,13.04,12.6583,13.8499
"3013",23,2014-01-23,13.22,12.652,13.8493
"3014",24,2014-01-24,13.43,12.6461,13.8448
"3015",25,2014-01-25,13.46,12.6406,13.8386
"3016",26,2014-01-26,13.43,12.6349,13.8322
"3017",27,2014-01-27,13.65,12.629,13.8257
"3018",28,2014-01-28,13.42,12.6232,13.8183
"3019",29,2014-01-29,13.48,12.6164,13.8109
"3020",30,2014-01-30,13.37,12.6083,13.8028
"3021",31,2014-01-31,13.13,12.5986,13.7942
"3022",32,2014-02-01,12.62,12.5874,13.7855
"3023",33,2014-02-02,12.23,12.5743,13.7762
"3024",34,2014-02-03,12.57,12.5593,13.7685
"3025",35,2014-02-04,12.38,12.5427,13.7639
"3026",36,2014-02-05,12.18,12.525,13.7608
"3027",37,2014-02-06,12.17,12.5071,13.7585
"3028",38,2014-02-07,12.18,12.4892,13.7566
"3029",39,2014-02-08,12.24,12.4706,13.7547
"3030",40,2014-02-09,12.71,12.4514,13.7534
"3031",41,2014-02-10,13.03,12.4319,13.752
"3032",42,2014-02-11,12.6,12.4127,13.7488
"3033",43,2014-02-12,12.42,12.3937,13.7441
"3034",44,2014-02-13,12.05,12.3755,13.7391
"3035",45,2014-02-14,12.04,12.3582,13.7333
"3036",46,2014-02-15,11.95,12.3423,13.7272
"3037",47,2014-02-16,12.05,12.3275,13.7202
"3038",48,2014-02-17,11.83,12.3126,13.7125
"3039",49,2014-02-18,12,12.2966,13.7029
"3040",50,2014-02-19,11.94,12.28,13.6929
"3041",51,2014-02-20,11.24,12.2625,13.6826
"3042",52,2014-02-21,11.81,12.2441,13.672
"3043",53,2014-02-22,11.76,12.2244,13.6613
"3044",54,2014-02-23,11.96,12.2035,13.6508
"3045",55,2014-02-24,11.28,12.1812,13.6433
"3046",56,2014-02-25,12.11,12.158,13.6359
"3047",57,2014-02-26,12.58,12.1337,13.6282
"3048",58,2014-02-27,13.02,12.1078,13.6196
"3049",59,2014-02-28,13.17,12.0808,13.6122
"3050",61,2014-03-01,13.02,12.0285,13.592
"3051",62,2014-03-02,12.85,12.0039,13.5773
"3052",63,2014-03-03,12.94,11.9805,13.56
"3053",64,2014-03-04,13.06,11.9576,13.5392
"3054",65,2014-03-05,13.2,11.9353,13.5147
"3055",66,2014-03-06,13.05,11.9133,13.4848
"3056",67,2014-03-07,13.08,11.8909,13.4534
"3057",68,2014-03-08,12.59,11.8676,13.4208
"3058",69,2014-03-09,12.56,11.8437,13.3882
"3059",70,2014-03-10,12.86,11.8198,13.3521
"3060",71,2014-03-11,12.49,11.7953,13.3142
"3061",72,2014-03-12,12.24,11.7698,13.272
"3062",73,2014-03-13,12.5,11.7431,13.2293
"3063",74,2014-03-14,12.45,11.7147,13.1856
"3064",75,2014-03-15,12.29,11.6847,13.1407
"3065",76,2014-03-16,12.51,11.6531,13.094
"3066",77,2014-03-17,12.45,11.6199,13.0475
"3067",78,2014-03-18,11.47,11.5858,13.0013
"3068",79,2014-03-19,11.39,11.5517,12.9561
"3069",80,2014-03-20,11.61,11.5181,12.9128
"3070",81,2014-03-21,11.29,11.4845,12.869
"3071",82,2014-03-22,11.54,11.4511,12.8252
"3072",83,2014-03-23,11.58,11.4181,12.7818
"3073",84,2014-03-24,11.62,11.3856,12.7398
"3074",85,2014-03-25,11.69,11.3545,12.7
"3075",86,2014-03-26,11.86,11.3251,12.6615
"3076",87,2014-03-27,11.93,11.2969,12.6238
"3077",88,2014-03-28,12,11.2707,12.588
"3078",89,2014-03-29,12.03,11.2469,12.5535
"3079",90,2014-03-30,12.21,11.2248,12.518
"3080",91,2014-03-31,11.94,11.2042,12.4839
"3081",92,2014-04-01,12.38,11.1847,12.4593
"3082",93,2014-04-02,12.95,11.1663,12.4365
"3083",94,2014-04-03,11.46,11.1489,12.4125
"3084",95,2014-04-04,12.33,11.1325,12.3875
"3085",96,2014-04-05,11.55,11.1168,12.3669
"3086",97,2014-04-06,10.66,11.1024,12.3462
"3087",98,2014-04-07,NA,11.0893,12.3246
"3088",99,2014-04-08,NA,11.0758,12.3011
"3089",100,2014-04-09,NA,11.0613,12.276
"3090",101,2014-04-10,10.63,11.0462,12.2535
"3091",102,2014-04-11,10.97,11.0305,12.2324
"3092",103,2014-04-12,11.14,11.0149,12.2132
"3093",104,2014-04-13,11.6,11,12.1988
"3094",105,2014-04-14,11.52,10.9862,12.1867
"3095",106,2014-04-15,11.41,10.9742,12.1761
"3096",107,2014-04-16,11.29,10.9647,12.168
"3097",108,2014-04-17,10.56,10.9567,12.1585
"3098",109,2014-04-18,10.78,10.9501,12.1525
"3099",110,2014-04-19,10.93,10.9464,12.1531
"3100",111,2014-04-20,10.83,10.9453,12.1602
"3101",112,2014-04-21,11.04,10.9469,12.17
"3102",113,2014-04-22,11.29,10.9523,12.1848
"3103",114,2014-04-23,10.52,10.9606,12.1997
"3104",115,2014-04-24,10.65,10.9707,12.2146
"3105",116,2014-04-25,10.47,10.9826,12.23
"3106",117,2014-04-26,10.21,10.9955,12.2438
"3107",118,2014-04-27,10.37,11.0085,12.2573
"3108",119,2014-04-28,10.43,11.0218,12.2678
"3109",120,2014-04-29,10.37,11.0359,12.2762
"3110",121,2014-04-30,11.14,11.0502,12.2847
"3111",122,2014-05-01,12.02,11.0642,12.2908
"3112",123,2014-05-02,12.21,11.0767,12.2876
"3113",124,2014-05-03,12.31,11.0872,12.2833
"3114",125,2014-05-04,10.12,11.0961,12.2803
"3115",126,2014-05-05,10.13,11.1039,12.2792
"3116",127,2014-05-06,NA,11.111,12.2756
"3117",128,2014-05-07,NA,11.1174,12.2745
"3118",129,2014-05-08,NA,11.124,12.2762
"3119",130,2014-05-09,11.34,11.1322,12.2813
"3120",131,2014-05-10,11.35,11.1417,12.2886
"3121",132,2014-05-11,11.36,11.1522,12.2973
"3122",133,2014-05-12,10.1,11.1646,12.3084
"3123",134,2014-05-13,10.41,11.1789,12.3243
"3124",135,2014-05-14,11.61,11.1954,12.3419
"3125",136,2014-05-15,12.11,11.214,12.3606
"3126",137,2014-05-16,12.13,11.2338,12.3799
"3127",138,2014-05-17,10.86,11.2539,12.4003
"3128",139,2014-05-18,11.46,11.2752,12.4252
"3129",140,2014-05-19,10.95,11.2963,12.4469
"3130",141,2014-05-20,10.8,11.3155,12.4643
"3131",142,2014-05-21,11.03,11.3338,12.4774
"3132",143,2014-05-22,11.23,11.3521,12.4907
"3133",144,2014-05-23,11.95,11.3693,12.5024
"3134",145,2014-05-24,12.15,11.3867,12.5173
"3135",146,2014-05-25,11.86,11.4043,12.5361
"3136",147,2014-05-26,11.88,11.4212,12.5547
"3137",148,2014-05-27,12.37,11.4383,12.5735
"3138",149,2014-05-28,12.42,11.4556,12.5934
"3139",150,2014-05-29,11.86,11.4718,12.6178
"3140",151,2014-05-30,11.4,11.4877,12.6442
"3141",152,2014-05-31,11.59,11.5053,12.6759
"3142",153,2014-06-01,11.54,11.5233,12.7084
"3143",154,2014-06-02,11.01,11.5419,12.7416
"3144",155,2014-06-03,11.75,11.5618,12.7748
"3145",156,2014-06-04,NA,11.5832,12.81
"3146",157,2014-06-05,12.58,11.6055,12.8449
"3147",158,2014-06-06,12.53,11.6293,12.8765
"3148",159,2014-06-07,12.61,11.6542,12.908
"3149",160,2014-06-08,12.01,11.6797,12.9409
"3150",161,2014-06-09,11.7,11.7063,12.9693
"3151",162,2014-06-10,12.18,11.7347,12.9971
"3152",163,2014-06-11,13.68,11.7635,13.0278
"3153",164,2014-06-12,13.98,11.7935,13.0577
"3154",165,2014-06-13,13.33,11.8236,13.0899
"3155",166,2014-06-14,11.93,11.8531,13.12
"3156",167,2014-06-15,12.38,11.882,13.1507
"3157",168,2014-06-16,12.33,11.9111,13.1843
"3158",169,2014-06-17,12.38,11.9394,13.2168
"3159",170,2014-06-18,12.07,11.9663,13.2465
"3160",171,2014-06-19,12.73,11.9938,13.2782
"3161",172,2014-06-20,13.11,12.0229,13.3081
"3162",173,2014-06-21,12.68,12.0531,13.3386
"3163",174,2014-06-22,12.28,12.0839,13.3688
"3164",175,2014-06-23,12.36,12.1155,13.4032
"3165",176,2014-06-24,12.2,12.1472,13.4347
"3166",177,2014-06-25,12.45,12.1788,13.4624
"3167",178,2014-06-26,12.32,12.211,13.4892
"3168",179,2014-06-27,12.35,12.2432,13.5163
"3169",180,2014-06-28,12.4,12.2772,13.5463
"3170",181,2014-06-29,11.81,12.3139,13.5752
"3171",182,2014-06-30,11.24,12.3516,13.6042
"3172",183,2014-07-01,11.97,12.3884,13.629
"3173",184,2014-07-02,12.39,12.4248,13.6543
"3174",185,2014-07-03,13.64,12.4606,13.6829
"3175",186,2014-07-04,13.81,12.4957,13.7122
"3176",187,2014-07-05,14.13,12.5306,13.7408
"3177",188,2014-07-06,14.45,12.5663,13.7723
"3178",189,2014-07-07,14.35,12.6023,13.808
"3179",190,2014-07-08,13.68,12.6381,13.8499
"3180",191,2014-07-09,14.3,12.6745,13.8901
"3181",192,2014-07-10,16.34,12.7117,13.9345
"3182",193,2014-07-11,16.47,12.7495,13.9827
"3183",194,2014-07-12,16.6,12.789,14.0363
"3184",195,2014-07-13,15.44,12.8287,14.0886
"3185",196,2014-07-14,13.28,12.8693,14.1412
"3186",197,2014-07-15,13.75,12.9093,14.1927
"3187",198,2014-07-16,15.01,12.9492,14.2439
"3188",199,2014-07-17,15.25,12.9884,14.2939
"3189",200,2014-07-18,15.52,13.0272,14.3471
"3190",201,2014-07-19,15.52,13.0661,14.4003
"3191",202,2014-07-20,16.68,13.1034,14.4498
"3192",203,2014-07-21,17.13,13.1377,14.4975
"3193",204,2014-07-22,17.3,13.1691,14.5423
"3194",205,2014-07-23,16.86,13.197,14.5835
"3195",206,2014-07-24,16.69,13.2223,14.6175
"3196",207,2014-07-25,14.09,13.2458,14.6454
"3197",208,2014-07-26,13.37,13.2687,14.675
"3198",209,2014-07-27,14.24,13.2906,14.7018
"3199",210,2014-07-28,15.68,13.3118,14.7268
"3200",211,2014-07-29,16.12,13.332,14.7497
"3201",212,2014-07-30,15.73,13.3507,14.7735
"3202",213,2014-07-31,15.1,13.3685,14.799
"3203",214,2014-08-01,15.05,13.3858,14.8277
"3204",215,2014-08-02,14.67,13.403,14.8617
"3205",216,2014-08-03,15.28,13.4213,14.8984
"3206",217,2014-08-04,15.44,13.4403,14.94
"3207",218,2014-08-05,16.23,13.4608,14.9837
"3208",219,2014-08-06,16.25,13.4821,15.0267
"3209",220,2014-08-07,15.29,13.5037,15.0704
"3210",221,2014-08-08,15.07,13.5251,15.1063
"3211",222,2014-08-09,14.5,13.5449,15.1375
"3212",223,2014-08-10,14.93,13.5618,15.1624
"3213",224,2014-08-11,14.8,13.5755,15.1812
"3214",225,2014-08-12,14.58,13.5863,15.1913
"3215",226,2014-08-13,14.7,13.5951,15.2
"3216",227,2014-08-14,15.5,13.6017,15.2016
"3217",228,2014-08-15,15.84,13.6071,15.2016
"3218",229,2014-08-16,17.19,13.6091,15.199
"3219",230,2014-08-17,16.34,13.6081,15.1942
"3220",231,2014-08-18,15.27,13.6057,15.1868
"3221",232,2014-08-19,15,13.6024,15.1795
"3222",233,2014-08-20,16.58,13.5997,15.1745
"3223",234,2014-08-21,17.01,13.5993,15.1723
"3224",235,2014-08-22,16.42,13.6016,15.1738
"3225",236,2014-08-23,15.16,13.6068,15.1772
"3226",237,2014-08-24,15.83,13.6139,15.1839
"3227",238,2014-08-25,17.76,13.6227,15.2066
"3228",239,2014-08-26,17.71,13.6324,15.2305
"3229",240,2014-08-27,16.94,13.6437,15.2575
"3230",241,2014-08-28,15.57,13.6555,15.284
"3231",242,2014-08-29,14.68,13.6666,15.3084
"3232",243,2014-08-30,15.1,13.6772,15.3304
"3233",244,2014-08-31,14.12,13.6867,15.3444
"3234",245,2014-09-01,12.89,13.695,15.3505
"3235",246,2014-09-02,13.39,13.7025,15.3492
"3236",247,2014-09-03,13.74,13.7093,15.3475
"3237",248,2014-09-04,14.72,13.7151,15.3414
"3238",249,2014-09-05,14.67,13.7187,15.3357
"3239",250,2014-09-06,15.1,13.7201,15.3283
"3240",251,2014-09-07,14.8,13.7191,15.3174
"3241",252,2014-09-08,14.75,13.7172,15.3067
"3242",253,2014-09-09,14.55,13.7162,15.3005
"3243",254,2014-09-10,13.93,13.716,15.2998
"3244",255,2014-09-11,13.36,13.7171,15.3014
"3245",256,2014-09-12,13.61,13.7196,15.3029
"3246",257,2014-09-13,15.23,13.7222,15.3047
"3247",258,2014-09-14,16.47,13.7254,15.3115
"3248",259,2014-09-15,15.73,13.7292,15.3161
"3249",260,2014-09-16,15.67,13.7346,15.3203
"3250",261,2014-09-17,15.45,13.7416,15.3229
"3251",262,2014-09-18,14.74,13.7507,15.3265
"3252",263,2014-09-19,16.68,13.7612,15.3307
"3253",264,2014-09-20,16.53,13.7716,15.3351
"3254",265,2014-09-21,15.84,13.7807,15.3402
"3255",266,2014-09-22,14.95,13.7876,15.3423
"3256",267,2014-09-23,14.87,13.7919,15.3443
"3257",268,2014-09-24,15.31,13.7949,15.3445
"3258",269,2014-09-25,15.8,13.7965,15.3335
"3259",270,2014-09-26,15.4,13.7974,15.3258
"3260",271,2014-09-27,14.37,13.7981,15.3196
"3261",272,2014-09-28,14.88,13.7989,15.3175
"3262",273,2014-09-29,17.68,13.7992,15.316
"3263",274,2014-09-30,15.75,13.7986,15.315
"3264",275,2014-10-01,17.03,13.7974,15.3195
"3265",276,2014-10-02,17.65,13.7967,15.3267
"3266",277,2014-10-03,16.11,13.7969,15.3384
"3267",278,2014-10-04,14.93,13.7985,15.3464
"3268",279,2014-10-05,14.6,13.8014,15.3534
"3269",280,2014-10-06,14.83,13.8045,15.3592
"3270",281,2014-10-07,14.52,13.8076,15.3665
"3271",282,2014-10-08,14.91,13.81,15.3754
"3272",283,2014-10-09,15.6,13.8108,15.385
"3273",284,2014-10-10,15.8,13.8095,15.3912
"3274",285,2014-10-11,15.14,13.8076,15.3959
"3275",286,2014-10-12,15.54,13.806,15.4
"3276",287,2014-10-13,15.86,13.8039,15.4041
"3277",288,2014-10-14,16.97,13.8014,15.4031
"3278",289,2014-10-15,17.78,13.7988,15.4015
"3279",290,2014-10-16,16.85,13.7945,15.3998
"3280",291,2014-10-17,17.07,13.7896,15.3966
"3281",292,2014-10-18,18.2,13.7841,15.3931
"3282",293,2014-10-19,17.44,13.7777,15.389
"3283",294,2014-10-20,16.91,13.7694,15.3831
"3284",295,2014-10-21,16.17,13.7599,15.3758
"3285",296,2014-10-22,15.31,13.749,15.3635
"3286",297,2014-10-23,15.55,13.7379,15.3538
"3287",298,2014-10-24,15.4,13.7262,15.3441
"3288",299,2014-10-25,15.53,13.7134,15.333
"3289",300,2014-10-26,15.56,13.6977,15.3168
"3290",301,2014-10-27,14.45,13.6802,15.2938
"3291",302,2014-10-28,14.14,13.6598,15.2693
"3292",303,2014-10-29,14.45,13.6371,15.2422
"3293",304,2014-10-30,14.11,13.6126,15.2125
"3294",305,2014-10-31,14.99,13.5887,15.1822
"3295",306,2014-11-01,15.36,13.5668,15.1525
"3296",307,2014-11-02,15.62,13.5458,15.1256
"3297",308,2014-11-03,15.67,13.5238,15.0948
"3298",309,2014-11-04,16.08,13.5011,15.0649
"3299",310,2014-11-05,15.31,13.4782,15.0378
"3300",311,2014-11-06,15.43,13.4565,15.0111
"3301",312,2014-11-07,15.44,13.4364,14.9871
"3302",313,2014-11-08,15.31,13.4188,14.9659
"3303",314,2014-11-09,15.59,13.4041,14.9509
"3304",315,2014-11-10,15.24,13.3918,14.9416
"3305",316,2014-11-11,16.32,13.3802,14.9337
"3306",317,2014-11-12,16.33,13.3681,14.9266
"3307",318,2014-11-13,NA,13.3558,14.9198
"3308",319,2014-11-14,14.53,13.344,14.9196
"3309",320,2014-11-15,14.44,13.3328,14.9184
"3310",321,2014-11-16,14.16,13.3239,14.921
"3311",322,2014-11-17,14.39,13.3164,14.9253
"3312",323,2014-11-18,14.49,13.3092,14.9315
"3313",324,2014-11-19,14.63,13.3017,14.9367
"3314",325,2014-11-20,15.57,13.295,14.9454
"3315",326,2014-11-21,16.05,13.2898,14.9518
"3316",327,2014-11-22,15.88,13.2867,14.9612
"3317",328,2014-11-23,15.45,13.2855,14.9677
"3318",329,2014-11-24,15.78,13.2862,14.974
"3319",330,2014-11-25,15.83,13.2879,14.9789
"3320",331,2014-11-26,16.08,13.2913,14.9891
"3321",332,2014-11-27,16.29,13.2947,14.9975
"3322",333,2014-11-28,15.5,13.2986,15.0056
"3323",334,2014-11-29,14.9,13.3043,15.0141
"3324",335,2014-11-30,15.69,13.312,15.0236
"3325",336,2014-12-01,16.42,13.3195,15.0284
"3326",337,2014-12-02,16.33,13.3259,15.0322
"3327",338,2014-12-03,16.47,13.3313,15.0324
"3328",339,2014-12-04,16.56,13.3361,15.0341
"3329",340,2014-12-05,16.61,13.3398,15.0367
"3330",341,2014-12-06,16.88,13.3423,15.0375
"3331",342,2014-12-07,16.89,13.3431,15.0372
"3332",343,2014-12-08,17.19,13.3422,15.0339
"3333",344,2014-12-09,17.03,13.3395,15.0279
"3334",345,2014-12-10,16.85,13.3345,15.015
"3335",346,2014-12-11,16.93,13.3271,14.9977
"3336",347,2014-12-12,16.86,13.3183,14.9797
"3337",348,2014-12-13,16.92,13.3084,14.953
"3338",349,2014-12-14,16.93,13.2975,14.9232
"3339",350,2014-12-15,16.69,13.2854,14.882
"3340",351,2014-12-16,16.57,13.2716,14.8395
"3341",352,2014-12-17,16.76,13.2567,14.796
"3342",353,2014-12-18,16.72,13.2409,14.7537
"3343",354,2014-12-19,16.66,13.2246,14.7101
"3344",355,2014-12-20,16.66,13.2081,14.6664
"3345",356,2014-12-21,16.61,13.1907,14.6202
"3346",357,2014-12-22,16.42,13.1725,14.575
"3347",358,2014-12-23,16.58,13.1523,14.5292
"3348",359,2014-12-24,16.53,13.1302,14.484
"3349",360,2014-12-25,15.56,13.1065,14.4399
"3350",361,2014-12-26,14.81,13.0822,14.3969
"3351",362,2014-12-27,14.81,13.0576,14.3543
"3352",363,2014-12-28,14.96,13.0332,14.3138
"3353",364,2014-12-29,14.9,13.009,14.2735
"3354",365,2014-12-30,14.24,12.9848,14.234
"3355",366,2014-12-31,13.57,12.9605,14.1971
"3356",1,2015-01-01,14.32,12.9365,14.1655
"3357",2,2015-01-02,14.45,12.9131,14.1358
"3358",3,2015-01-03,14.36,12.8909,14.1095
"3359",4,2015-01-04,14.06,12.8702,14.0832
"3360",5,2015-01-05,14.02,12.8507,14.0569
"3361",6,2015-01-06,14.18,12.8321,14.0306
"3362",7,2015-01-07,14.37,12.8146,14.004
"3363",8,2015-01-08,14.33,12.7982,13.9782
"3364",9,2015-01-09,14.23,12.7831,13.9517
"3365",10,2015-01-10,14.37,12.7694,13.9268
"3366",11,2015-01-11,14.37,12.757,13.9019
"3367",12,2015-01-12,14.23,12.7458,13.8777
"3368",13,2015-01-13,14.31,12.7355,13.8624
"3369",14,2015-01-14,14.45,12.7257,13.8499
"3370",15,2015-01-15,14.74,12.7162,13.8481
"3371",16,2015-01-16,14.76,12.7069,13.8467
"3372",17,2015-01-17,14.41,12.6976,13.8462
"3373",18,2015-01-18,14.5,12.6889,13.8458
"3374",19,2015-01-19,14.82,12.6806,13.8467
"3375",20,2015-01-20,14.84,12.6728,13.8476
"3376",21,2015-01-21,14.68,12.6653,13.8483
"3377",22,2015-01-22,14.64,12.6583,13.8499
"3378",23,2015-01-23,14.91,12.652,13.8493
"3379",24,2015-01-24,14.75,12.6461,13.8448
"3380",25,2015-01-25,14.32,12.6406,13.8386
"3381",26,2015-01-26,14.47,12.6349,13.8322
"3382",27,2015-01-27,14.53,12.629,13.8257
"3383",28,2015-01-28,14.5,12.6232,13.8183
"3384",29,2015-01-29,14.69,12.6164,13.8109
"3385",30,2015-01-30,14.63,12.6083,13.8028
"3386",31,2015-01-31,14.36,12.5986,13.7942
"3387",32,2015-02-01,14.72,12.5874,13.7855
"3388",33,2015-02-02,14.56,12.5743,13.7762
"3389",34,2015-02-03,14.44,12.5593,13.7685
"3390",35,2015-02-04,14.72,12.5427,13.7639
"3391",36,2015-02-05,14.98,12.525,13.7608
"3392",37,2015-02-06,14.89,12.5071,13.7585
"3393",38,2015-02-07,15.18,12.4892,13.7566
"3394",39,2015-02-08,15.22,12.4706,13.7547
"3395",40,2015-02-09,15.32,12.4514,13.7534
"3396",41,2015-02-10,15.21,12.4319,13.752
"3397",42,2015-02-11,14.88,12.4127,13.7488
"3398",43,2015-02-12,14.78,12.3937,13.7441
"3399",44,2015-02-13,15.04,12.3755,13.7391
"3400",45,2015-02-14,15.17,12.3582,13.7333
"3401",46,2015-02-15,15.17,12.3423,13.7272
"3402",47,2015-02-16,15.04,12.3275,13.7202
"3403",48,2015-02-17,15.05,12.3126,13.7125
"3404",49,2015-02-18,14.72,12.2966,13.7029
"3405",50,2015-02-19,14.39,12.28,13.6929
"3406",51,2015-02-20,14.28,12.2625,13.6826
"3407",52,2015-02-21,14.58,12.2441,13.672
"3408",53,2015-02-22,14.64,12.2244,13.6613
"3409",54,2015-02-23,14.26,12.2035,13.6508
"3410",55,2015-02-24,14.16,12.1812,13.6433
"3411",56,2015-02-25,14.03,12.158,13.6359
"3412",57,2015-02-26,13.7,12.1337,13.6282
"3413",58,2015-02-27,13.97,12.1078,13.6196
"3414",59,2015-02-28,12.06,12.0808,13.6122
"3415",61,2015-03-01,12.03,12.0285,13.592
"3416",62,2015-03-02,12.78,12.0039,13.5773
"3417",63,2015-03-03,13.64,11.9805,13.56
"3418",64,2015-03-04,13.36,11.9576,13.5392
"3419",65,2015-03-05,14.02,11.9353,13.5147
"3420",66,2015-03-06,13.98,11.9133,13.4848
"3421",67,2015-03-07,13.96,11.8909,13.4534
"3422",68,2015-03-08,13.75,11.8676,13.4208
"3423",69,2015-03-09,13.26,11.8437,13.3882
"3424",70,2015-03-10,13.37,11.8198,13.3521
"3425",71,2015-03-11,13.1,11.7953,13.3142
"3426",72,2015-03-12,13.75,11.7698,13.272
"3427",73,2015-03-13,14.12,11.7431,13.2293
"3428",74,2015-03-14,13.75,11.7147,13.1856
"3429",75,2015-03-15,14.17,11.6847,13.1407
"3430",76,2015-03-16,14.66,11.6531,13.094
"3431",77,2015-03-17,14.25,11.6199,13.0475
"3432",78,2015-03-18,12.56,11.5858,13.0013
"3433",79,2015-03-19,12.01,11.5517,12.9561
"3434",80,2015-03-20,12.54,11.5181,12.9128
"3435",81,2015-03-21,12.53,11.4845,12.869
"3436",82,2015-03-22,12.35,11.4511,12.8252
"3437",83,2015-03-23,12.82,11.4181,12.7818
"3438",84,2015-03-24,12.54,11.3856,12.7398
"3439",85,2015-03-25,11.94,11.3545,12.7
"3440",86,2015-03-26,11.55,11.3251,12.6615
"3441",87,2015-03-27,11.92,11.2969,12.6238
"3442",88,2015-03-28,10.98,11.2707,12.588
"3443",89,2015-03-29,11.13,11.2469,12.5535
"3444",90,2015-03-30,10.95,11.2248,12.518
"3445",91,2015-03-31,11.47,11.2042,12.4839
"3446",92,2015-04-01,11.29,11.1847,12.4593
"3447",93,2015-04-02,10.79,11.1663,12.4365
"3448",94,2015-04-03,10.14,11.1489,12.4125
"3449",95,2015-04-04,10.39,11.1325,12.3875
"3450",96,2015-04-05,10.58,11.1168,12.3669
"3451",97,2015-04-06,10.61,11.1024,12.3462
"3452",98,2015-04-07,10.68,11.0893,12.3246
"3453",99,2015-04-08,11.16,11.0758,12.3011
"3454",100,2015-04-09,11.14,11.0613,12.276
"3455",101,2015-04-10,11.32,11.0462,12.2535
"3456",102,2015-04-11,11.13,11.0305,12.2324
"3457",103,2015-04-12,10.67,11.0149,12.2132
"3458",104,2015-04-13,10.42,11,12.1988
"3459",105,2015-04-14,10.53,10.9862,12.1867
"3460",106,2015-04-15,10.75,10.9742,12.1761
"3461",107,2015-04-16,10.63,10.9647,12.168
"3462",108,2015-04-17,10.75,10.9567,12.1585
"3463",109,2015-04-18,11.15,10.9501,12.1525
"3464",110,2015-04-19,11.14,10.9464,12.1531
"3465",111,2015-04-20,11.12,10.9453,12.1602
"3466",112,2015-04-21,11.37,10.9469,12.17
"3467",113,2015-04-22,11.1,10.9523,12.1848
"3468",114,2015-04-23,11.21,10.9606,12.1997
"3469",115,2015-04-24,10.97,10.9707,12.2146
"3470",116,2015-04-25,11.35,10.9826,12.23
"3471",117,2015-04-26,NA,10.9955,12.2438
"3472",118,2015-04-27,NA,11.0085,12.2573
"3473",119,2015-04-28,11.92,11.0218,12.2678
"3474",120,2015-04-29,11.18,11.0359,12.2762
"3475",121,2015-04-30,11.06,11.0502,12.2847
"3476",122,2015-05-01,10.85,11.0642,12.2908
"3477",123,2015-05-02,11.54,11.0767,12.2876
"3478",124,2015-05-03,11.98,11.0872,12.2833
"3479",125,2015-05-04,11.86,11.0961,12.2803
"3480",126,2015-05-05,11.32,11.1039,12.2792
"3481",127,2015-05-06,11.35,11.111,12.2756
"3482",128,2015-05-07,10.64,11.1174,12.2745
"3483",129,2015-05-08,10.64,11.124,12.2762
"3484",130,2015-05-09,11.58,11.1322,12.2813
"3485",131,2015-05-10,11.31,11.1417,12.2886
"3486",132,2015-05-11,10.67,11.1522,12.2973
"3487",133,2015-05-12,12.19,11.1646,12.3084
"3488",134,2015-05-13,11.56,11.1789,12.3243
"3489",135,2015-05-14,11.31,11.1954,12.3419
"3490",136,2015-05-15,11.11,11.214,12.3606
"3491",137,2015-05-16,11.71,11.2338,12.3799
"3492",138,2015-05-17,11.45,11.2539,12.4003
"3493",139,2015-05-18,11.14,11.2752,12.4252
"3494",140,2015-05-19,11.33,11.2963,12.4469
"3495",141,2015-05-20,11.38,11.3155,12.4643
"3496",142,2015-05-21,11.63,11.3338,12.4774
"3497",143,2015-05-22,11.7,11.3521,12.4907
"3498",144,2015-05-23,12.34,11.3693,12.5024
"3499",145,2015-05-24,NA,11.3867,12.5173
"3500",146,2015-05-25,NA,11.4043,12.5361
"3501",147,2015-05-26,12.69,11.4212,12.5547
"3502",148,2015-05-27,12.63,11.4383,12.5735
"3503",149,2015-05-28,12.25,11.4556,12.5934
"3504",150,2015-05-29,12.28,11.4718,12.6178
"3505",151,2015-05-30,11.82,11.4877,12.6442
"3506",152,2015-05-31,11.53,11.5053,12.6759
"3507",153,2015-06-01,11.73,11.5233,12.7084
"3508",154,2015-06-02,12.6,11.5419,12.7416
"3509",155,2015-06-03,11.9,11.5618,12.7748
"3510",156,2015-06-04,11.85,11.5832,12.81
"3511",157,2015-06-05,10.55,11.6055,12.8449
"3512",158,2015-06-06,11.07,11.6293,12.8765
"3513",159,2015-06-07,12.51,11.6542,12.908
"3514",160,2015-06-08,11.95,11.6797,12.9409
"3515",161,2015-06-09,12.51,11.7063,12.9693
"3516",162,2015-06-10,12.84,11.7347,12.9971
"3517",163,2015-06-11,13.66,11.7635,13.0278
"3518",164,2015-06-12,12.94,11.7935,13.0577
"3519",165,2015-06-13,12.84,11.8236,13.0899
"3520",166,2015-06-14,14.22,11.8531,13.12
"3521",167,2015-06-15,13.52,11.882,13.1507
"3522",168,2015-06-16,12.2,11.9111,13.1843
"3523",169,2015-06-17,11.67,11.9394,13.2168
"3524",170,2015-06-18,11.91,11.9663,13.2465
"3525",171,2015-06-19,11.82,11.9938,13.2782
"3526",172,2015-06-20,11.14,12.0229,13.3081
"3527",173,2015-06-21,11.3,12.0531,13.3386
"3528",174,2015-06-22,12.48,12.0839,13.3688
"3529",175,2015-06-23,12.77,12.1155,13.4032
"3530",176,2015-06-24,12.43,12.1472,13.4347
"3531",177,2015-06-25,12.31,12.1788,13.4624
"3532",178,2015-06-26,13.12,12.211,13.4892
"3533",179,2015-06-27,12.82,12.2432,13.5163
"3534",180,2015-06-28,13.44,12.2772,13.5463
"3535",181,2015-06-29,13.7,12.3139,13.5752
"3536",182,2015-06-30,12.72,12.3516,13.6042
"3537",183,2015-07-01,13.03,12.3884,13.629
"3538",184,2015-07-02,13.83,12.4248,13.6543
"3539",185,2015-07-03,13.03,12.4606,13.6829
"3540",186,2015-07-04,12.89,12.4957,13.7122
"3541",187,2015-07-05,13.56,12.5306,13.7408
"3542",188,2015-07-06,13.81,12.5663,13.7723
"3543",189,2015-07-07,13.33,12.6023,13.808
"3544",190,2015-07-08,14.27,12.6381,13.8499
"3545",191,2015-07-09,14.78,12.6745,13.8901
"3546",192,2015-07-10,15.39,12.7117,13.9345
"3547",193,2015-07-11,14.88,12.7495,13.9827
"3548",194,2015-07-12,15.2,12.789,14.0363
"3549",195,2015-07-13,15.61,12.8287,14.0886
"3550",196,2015-07-14,14.63,12.8693,14.1412
"3551",197,2015-07-15,13.03,12.9093,14.1927
"3552",198,2015-07-16,12.71,12.9492,14.2439
"3553",199,2015-07-17,13.63,12.9884,14.2939
"3554",200,2015-07-18,12.72,13.0272,14.3471
"3555",201,2015-07-19,14.61,13.0661,14.4003
"3556",202,2015-07-20,16.31,13.1034,14.4498
"3557",203,2015-07-21,16.27,13.1377,14.4975
"3558",204,2015-07-22,15.51,13.1691,14.5423
"3559",205,2015-07-23,15.8,13.197,14.5835
"3560",206,2015-07-24,15.2,13.2223,14.6175
"3561",207,2015-07-25,15.06,13.2458,14.6454
"3562",208,2015-07-26,14.84,13.2687,14.675
"3563",209,2015-07-27,14.43,13.2906,14.7018
"3564",210,2015-07-28,14.36,13.3118,14.7268
"3565",211,2015-07-29,14.49,13.332,14.7497
"3566",212,2015-07-30,15.54,13.3507,14.7735
"3567",213,2015-07-31,15.65,13.3685,14.799
"3568",214,2015-08-01,16.72,13.3858,14.8277
"3569",215,2015-08-02,16.55,13.403,14.8617
"3570",216,2015-08-03,15.63,13.4213,14.8984
"3571",217,2015-08-04,15.17,13.4403,14.94
"3572",218,2015-08-05,14.88,13.4608,14.9837
"3573",219,2015-08-06,14.22,13.4821,15.0267
"3574",220,2015-08-07,14.45,13.5037,15.0704
"3575",221,2015-08-08,15.65,13.5251,15.1063
"3576",222,2015-08-09,15.37,13.5449,15.1375
"3577",223,2015-08-10,15.42,13.5618,15.1624
"3578",224,2015-08-11,15.57,13.5755,15.1812
"3579",225,2015-08-12,15.73,13.5863,15.1913
"3580",226,2015-08-13,15.77,13.5951,15.2
"3581",227,2015-08-14,14.85,13.6017,15.2016
"3582",228,2015-08-15,13.93,13.6071,15.2016
"3583",229,2015-08-16,13.86,13.6091,15.199
"3584",230,2015-08-17,13.9,13.6081,15.1942
"3585",231,2015-08-18,14.6,13.6057,15.1868
"3586",232,2015-08-19,15.59,13.6024,15.1795
"3587",233,2015-08-20,15.53,13.5997,15.1745
"3588",234,2015-08-21,15.12,13.5993,15.1723
"3589",235,2015-08-22,15.44,13.6016,15.1738
"3590",236,2015-08-23,15.93,13.6068,15.1772
"3591",237,2015-08-24,16.21,13.6139,15.1839
"3592",238,2015-08-25,15.64,13.6227,15.2066
"3593",239,2015-08-26,14.74,13.6324,15.2305
"3594",240,2015-08-27,14.87,13.6437,15.2575
"3595",241,2015-08-28,15.1,13.6555,15.284
"3596",242,2015-08-29,15.04,13.6666,15.3084
"3597",243,2015-08-30,15.5,13.6772,15.3304
"3598",244,2015-08-31,14.34,13.6867,15.3444
"3599",245,2015-09-01,13.96,13.695,15.3505
"3600",246,2015-09-02,14.34,13.7025,15.3492
"3601",247,2015-09-03,14.7,13.7093,15.3475
"3602",248,2015-09-04,14.57,13.7151,15.3414
"3603",249,2015-09-05,14.5,13.7187,15.3357
"3604",250,2015-09-06,14.85,13.7201,15.3283
"3605",251,2015-09-07,14.85,13.7191,15.3174
"3606",252,2015-09-08,15.53,13.7172,15.3067
"3607",253,2015-09-09,16.6,13.7162,15.3005
"3608",254,2015-09-10,17.21,13.716,15.2998
"3609",255,2015-09-11,16.99,13.7171,15.3014
"3610",256,2015-09-12,16.85,13.7196,15.3029
"3611",257,2015-09-13,16.91,13.7222,15.3047
"3612",258,2015-09-14,17.25,13.7254,15.3115
"3613",259,2015-09-15,18.34,13.7292,15.3161
"3614",260,2015-09-16,17.21,13.7346,15.3203
"3615",261,2015-09-17,16.59,13.7416,15.3229
"3616",262,2015-09-18,16.22,13.7507,15.3265
"3617",263,2015-09-19,16.07,13.7612,15.3307
"3618",264,2015-09-20,18.74,13.7716,15.3351
"3619",265,2015-09-21,18.6,13.7807,15.3402
"3620",266,2015-09-22,18.57,13.7876,15.3423
"3621",267,2015-09-23,18.38,13.7919,15.3443
"3622",268,2015-09-24,18.37,13.7949,15.3445
"3623",269,2015-09-25,17.38,13.7965,15.3335
"3624",270,2015-09-26,18.86,13.7974,15.3258
"3625",271,2015-09-27,17.28,13.7981,15.3196
"3626",272,2015-09-28,16.97,13.7989,15.3175
"3627",273,2015-09-29,17.23,13.7992,15.316
"3628",274,2015-09-30,17.1,13.7986,15.315
"3629",275,2015-10-01,17.02,13.7974,15.3195
"3630",276,2015-10-02,16.21,13.7967,15.3267
"3631",277,2015-10-03,14.71,13.7969,15.3384
"3632",278,2015-10-04,15.64,13.7985,15.3464
"3633",279,2015-10-05,16.27,13.8014,15.3534
"3634",280,2015-10-06,16.36,13.8045,15.3592
"3635",281,2015-10-07,17.15,13.8076,15.3665
"3636",282,2015-10-08,16.61,13.81,15.3754
"3637",283,2015-10-09,16.76,13.8108,15.385
"3638",284,2015-10-10,16.32,13.8095,15.3912
"3639",285,2015-10-11,15.63,13.8076,15.3959
"3640",286,2015-10-12,15.29,13.806,15.4
"3641",287,2015-10-13,15.61,13.8039,15.4041
"3642",288,2015-10-14,16.99,13.8014,15.4031
"3643",289,2015-10-15,18.11,13.7988,15.4015
"3644",290,2015-10-16,18.41,13.7945,15.3998
"3645",291,2015-10-17,17.77,13.7896,15.3966
"3646",292,2015-10-18,16.62,13.7841,15.3931
"3647",293,2015-10-19,16.12,13.7777,15.389
"3648",294,2015-10-20,16.43,13.7694,15.3831
"3649",295,2015-10-21,16.26,13.7599,15.3758
"3650",296,2015-10-22,16.01,13.749,15.3635
"3651",297,2015-10-23,15.68,13.7379,15.3538
"3652",298,2015-10-24,15.86,13.7262,15.3441
"3653",299,2015-10-25,16.43,13.7134,15.333
"3654",300,2015-10-26,15.54,13.6977,15.3168
"3655",301,2015-10-27,17.39,13.6802,15.2938
"3656",302,2015-10-28,18.47,13.6598,15.2693
"3657",303,2015-10-29,15.75,13.6371,15.2422
"3658",304,2015-10-30,14.81,13.6126,15.2125
"3659",305,2015-10-31,17.36,13.5887,15.1822
"3660",306,2015-11-01,16.64,13.5668,15.1525
"3661",307,2015-11-02,14.62,13.5458,15.1256
"3662",308,2015-11-03,14.37,13.5238,15.0948
"3663",309,2015-11-04,14.25,13.5011,15.0649
"3664",310,2015-11-05,14.24,13.4782,15.0378
"3665",311,2015-11-06,15.12,13.4565,15.0111
"3666",312,2015-11-07,15.29,13.4364,14.9871
"3667",313,2015-11-08,15.95,13.4188,14.9659
"3668",314,2015-11-09,14.65,13.4041,14.9509
"3669",315,2015-11-10,14.78,13.3918,14.9416
"3670",316,2015-11-11,15.56,13.3802,14.9337
"3671",317,2015-11-12,15.47,13.3681,14.9266
"3672",318,2015-11-13,15.36,13.3558,14.9198
"3673",319,2015-11-14,15.24,13.344,14.9196
"3674",320,2015-11-15,14.69,13.3328,14.9184
"3675",321,2015-11-16,13.58,13.3239,14.921
"3676",322,2015-11-17,13.08,13.3164,14.9253
"3677",323,2015-11-18,13.35,13.3092,14.9315
"3678",324,2015-11-19,13.31,13.3017,14.9367
"3679",325,2015-11-20,13.59,13.295,14.9454
"3680",326,2015-11-21,13.86,13.2898,14.9518
"3681",327,2015-11-22,14.72,13.2867,14.9612
"3682",328,2015-11-23,14.79,13.2855,14.9677
"3683",329,2015-11-24,14.75,13.2862,14.974
"3684",330,2015-11-25,14.34,13.2879,14.9789
"3685",331,2015-11-26,14.07,13.2913,14.9891
"3686",332,2015-11-27,14.77,13.2947,14.9975
"3687",333,2015-11-28,14.98,13.2986,15.0056
"3688",334,2015-11-29,15.1,13.3043,15.0141
"3689",335,2015-11-30,15.18,13.312,15.0236
"3690",336,2015-12-01,15.44,13.3195,15.0284
"3691",337,2015-12-02,15.75,13.3259,15.0322
"3692",338,2015-12-03,15.6,13.3313,15.0324
"3693",339,2015-12-04,15.67,13.3361,15.0341
"3694",340,2015-12-05,16.52,13.3398,15.0367
"3695",341,2015-12-06,16.41,13.3423,15.0375
"3696",342,2015-12-07,16.37,13.3431,15.0372
"3697",343,2015-12-08,16.14,13.3422,15.0339
"3698",344,2015-12-09,16.22,13.3395,15.0279
"3699",345,2015-12-10,15.94,13.3345,15.015
"3700",346,2015-12-11,15.79,13.3271,14.9977
"3701",347,2015-12-12,15.55,13.3183,14.9797
"3702",348,2015-12-13,15.34,13.3084,14.953
"3703",349,2015-12-14,14.65,13.2975,14.9232
"3704",350,2015-12-15,14.63,13.2854,14.882
"3705",351,2015-12-16,14.98,13.2716,14.8395
"3706",352,2015-12-17,15.16,13.2567,14.796
"3707",353,2015-12-18,15.24,13.2409,14.7537
"3708",354,2015-12-19,15.09,13.2246,14.7101
"3709",355,2015-12-20,14.41,13.2081,14.6664
"3710",356,2015-12-21,14.36,13.1907,14.6202
"3711",357,2015-12-22,14.71,13.1725,14.575
"3712",358,2015-12-23,14.11,13.1523,14.5292
"3713",359,2015-12-24,13.37,13.1302,14.484
"3714",360,2015-12-25,12.97,13.1065,14.4399
"3715",361,2015-12-26,13.17,13.0822,14.3969
"3716",362,2015-12-27,13.36,13.0576,14.3543
"3717",363,2015-12-28,13.41,13.0332,14.3138
"3718",364,2015-12-29,13.19,13.009,14.2735
"3719",365,2015-12-30,13.23,12.9848,14.234
"3720",366,2015-12-31,13.18,12.9605,14.1971
"3721",1,2016-01-01,13.13,12.9365,14.1655
"3722",2,2016-01-02,13.51,12.9131,14.1358
"3723",3,2016-01-03,13.62,12.8909,14.1095
"3724",4,2016-01-04,13.73,12.8702,14.0832
"3725",5,2016-01-05,14.06,12.8507,14.0569
"3726",6,2016-01-06,13.83,12.8321,14.0306
"3727",7,2016-01-07,13.83,12.8146,14.004
"3728",8,2016-01-08,13.71,12.7982,13.9782
"3729",9,2016-01-09,13.64,12.7831,13.9517
"3730",10,2016-01-10,13.84,12.7694,13.9268
"3731",11,2016-01-11,13.74,12.757,13.9019
"3732",12,2016-01-12,13.79,12.7458,13.8777
"3733",13,2016-01-13,13.86,12.7355,13.8624
"3734",14,2016-01-14,13.85,12.7257,13.8499
"3735",15,2016-01-15,13.75,12.7162,13.8481
"3736",16,2016-01-16,13.68,12.7069,13.8467
"3737",17,2016-01-17,13.78,12.6976,13.8462
"3738",18,2016-01-18,13.89,12.6889,13.8458
"3739",19,2016-01-19,13.87,12.6806,13.8467
"3740",20,2016-01-20,13.91,12.6728,13.8476
"3741",21,2016-01-21,13.89,12.6653,13.8483
"3742",22,2016-01-22,13.99,12.6583,13.8499
"3743",23,2016-01-23,14.02,12.652,13.8493
"3744",24,2016-01-24,13.87,12.6461,13.8448
"3745",25,2016-01-25,13.75,12.6406,13.8386
"3746",26,2016-01-26,13.78,12.6349,13.8322
"3747",27,2016-01-27,13.77,12.629,13.8257
"3748",28,2016-01-28,13.75,12.6232,13.8183
"3749",29,2016-01-29,13.58,12.6164,13.8109
"3750",30,2016-01-30,13.37,12.6083,13.8028
"3751",31,2016-01-31,13.01,12.5986,13.7942
"3752",32,2016-02-01,12.97,12.5874,13.7855
"3753",33,2016-02-02,11.4,12.5743,13.7762
"3754",34,2016-02-03,11.35,12.5593,13.7685
"3755",35,2016-02-04,11.71,12.5427,13.7639
"3756",36,2016-02-05,11.74,12.525,13.7608
"3757",37,2016-02-06,11.69,12.5071,13.7585
"3758",38,2016-02-07,12.49,12.4892,13.7566
"3759",39,2016-02-08,12.97,12.4706,13.7547
"3760",40,2016-02-09,12.81,12.4514,13.7534
"3761",41,2016-02-10,13.07,12.4319,13.752
"3762",42,2016-02-11,13.29,12.4127,13.7488
"3763",43,2016-02-12,13.2,12.3937,13.7441
"3764",44,2016-02-13,13.09,12.3755,13.7391
"3765",45,2016-02-14,12.99,12.3582,13.7333
"3766",46,2016-02-15,13.13,12.3423,13.7272
"3767",47,2016-02-16,13.39,12.3275,13.7202
"3768",48,2016-02-17,13.27,12.3126,13.7125
"3769",49,2016-02-18,13.76,12.2966,13.7029
"3770",50,2016-02-19,13.8,12.28,13.6929
"3771",51,2016-02-20,13.91,12.2625,13.6826
"3772",52,2016-02-21,13.85,12.2441,13.672
"3773",53,2016-02-22,13.6,12.2244,13.6613
"3774",54,2016-02-23,13.93,12.2035,13.6508
"3775",55,2016-02-24,13.83,12.1812,13.6433
"3776",56,2016-02-25,13.83,12.158,13.6359
"3777",57,2016-02-26,14,12.1337,13.6282
"3778",58,2016-02-27,13.98,12.1078,13.6196
"3779",59,2016-02-28,13.94,12.0808,13.6122
"3780",60,2016-02-29,13.54,12.0542,13.6045
"3781",61,2016-03-01,13.55,12.0285,13.592
"3782",62,2016-03-02,13.75,12.0039,13.5773
"3783",63,2016-03-03,13.75,11.9805,13.56
"3784",64,2016-03-04,13.79,11.9576,13.5392
"3785",65,2016-03-05,14.15,11.9353,13.5147
"3786",66,2016-03-06,14.26,11.9133,13.4848
"3787",67,2016-03-07,14.1,11.8909,13.4534
"3788",68,2016-03-08,13.17,11.8676,13.4208
"3789",69,2016-03-09,13.33,11.8437,13.3882
"3790",70,2016-03-10,13.32,11.8198,13.3521
"3791",71,2016-03-11,13.58,11.7953,13.3142
"3792",72,2016-03-12,13.47,11.7698,13.272
"3793",73,2016-03-13,13.26,11.7431,13.2293
"3794",74,2016-03-14,13.37,11.7147,13.1856
"3795",75,2016-03-15,12.92,11.6847,13.1407
"3796",76,2016-03-16,12.85,11.6531,13.094
"3797",77,2016-03-17,12.83,11.6199,13.0475
"3798",78,2016-03-18,13.19,11.5858,13.0013
"3799",79,2016-03-19,13.35,11.5517,12.9561
"3800",80,2016-03-20,12.96,11.5181,12.9128
"3801",81,2016-03-21,13.09,11.4845,12.869
"3802",82,2016-03-22,12.83,11.4511,12.8252
"3803",83,2016-03-23,12.48,11.4181,12.7818
"3804",84,2016-03-24,11.71,11.3856,12.7398
"3805",85,2016-03-25,12.39,11.3545,12.7
"3806",86,2016-03-26,12.16,11.3251,12.6615
"3807",87,2016-03-27,11.51,11.2969,12.6238
"3808",88,2016-03-28,11.35,11.2707,12.588
"3809",89,2016-03-29,10.07,11.2469,12.5535
"3810",90,2016-03-30,9.98,11.2248,12.518
"3811",91,2016-03-31,11.08,11.2042,12.4839
"3812",92,2016-04-01,10.48,11.1847,12.4593
"3813",93,2016-04-02,10.25,11.1663,12.4365
"3814",94,2016-04-03,10.48,11.1489,12.4125
"3815",95,2016-04-04,10.57,11.1325,12.3875
"3816",96,2016-04-05,10.69,11.1168,12.3669
"3817",97,2016-04-06,10.8,11.1024,12.3462
"3818",98,2016-04-07,11.25,11.0893,12.3246
"3819",99,2016-04-08,11.4,11.0758,12.3011
"3820",100,2016-04-09,11.48,11.0613,12.276
"3821",101,2016-04-10,11.61,11.0462,12.2535
"3822",102,2016-04-11,11.54,11.0305,12.2324
"3823",103,2016-04-12,12.55,11.0149,12.2132
"3824",104,2016-04-13,11.34,11,12.1988
"3825",105,2016-04-14,11.71,10.9862,12.1867
"3826",106,2016-04-15,10.95,10.9742,12.1761
"3827",107,2016-04-16,10.6,10.9647,12.168
"3828",108,2016-04-17,10.78,10.9567,12.1585
"3829",109,2016-04-18,11.03,10.9501,12.1525
"3830",110,2016-04-19,11.45,10.9464,12.1531
"3831",111,2016-04-20,11.61,10.9453,12.1602
"3832",112,2016-04-21,12.97,10.9469,12.17
"3833",113,2016-04-22,13.49,10.9523,12.1848
"3834",114,2016-04-23,14.38,10.9606,12.1997
"3835",115,2016-04-24,12.82,10.9707,12.2146
"3836",116,2016-04-25,12.29,10.9826,12.23
"3837",117,2016-04-26,11.06,10.9955,12.2438
"3838",118,2016-04-27,10.48,11.0085,12.2573
"3839",119,2016-04-28,10.34,11.0218,12.2678
"3840",120,2016-04-29,10.01,11.0359,12.2762
"3841",121,2016-04-30,10.58,11.0502,12.2847
"3842",122,2016-05-01,10.17,11.0642,12.2908
"3843",123,2016-05-02,10.71,11.0767,12.2876
"3844",124,2016-05-03,11.07,11.0872,12.2833
"3845",125,2016-05-04,11.29,11.0961,12.2803
"3846",126,2016-05-05,11.67,11.1039,12.2792
"3847",127,2016-05-06,13.91,11.111,12.2756
"3848",128,2016-05-07,13.3,11.1174,12.2745
"3849",129,2016-05-08,13.69,11.124,12.2762
"3850",130,2016-05-09,13.85,11.1322,12.2813
"3851",131,2016-05-10,12.31,11.1417,12.2886
"3852",132,2016-05-11,13.24,11.1522,12.2973
"3853",133,2016-05-12,13.95,11.1646,12.3084
"3854",134,2016-05-13,13.13,11.1789,12.3243
"3855",135,2016-05-14,13.71,11.1954,12.3419
"3856",136,2016-05-15,13.4,11.214,12.3606
"3857",137,2016-05-16,13.01,11.2338,12.3799
"3858",138,2016-05-17,11.54,11.2539,12.4003
"3859",139,2016-05-18,12.45,11.2752,12.4252
"3860",140,2016-05-19,13.94,11.2963,12.4469
"3861",141,2016-05-20,13.19,11.3155,12.4643
"3862",142,2016-05-21,10.77,11.3338,12.4774
"3863",143,2016-05-22,11.58,11.3521,12.4907
"3864",144,2016-05-23,12.05,11.3693,12.5024
"3865",145,2016-05-24,12.37,11.3867,12.5173
"3866",146,2016-05-25,13.44,11.4043,12.5361
"3867",147,2016-05-26,12.56,11.4212,12.5547
"3868",148,2016-05-27,12.11,11.4383,12.5735
"3869",149,2016-05-28,12.08,11.4556,12.5934
"3870",150,2016-05-29,12.24,11.4718,12.6178
"3871",151,2016-05-30,12.52,11.4877,12.6442
"3872",152,2016-05-31,12.65,11.5053,12.6759
"3873",153,2016-06-01,11.89,11.5233,12.7084
"3874",154,2016-06-02,11.95,11.5419,12.7416
"3875",155,2016-06-03,12.06,11.5618,12.7748
"3876",156,2016-06-04,12.04,11.5832,12.81
"3877",157,2016-06-05,12.41,11.6055,12.8449
"3878",158,2016-06-06,13.03,11.6293,12.8765
"3879",159,2016-06-07,12.7,11.6542,12.908
"3880",160,2016-06-08,12.7,11.6797,12.9409
"3881",161,2016-06-09,12.59,11.7063,12.9693
"3882",162,2016-06-10,11.05,11.7347,12.9971
"3883",163,2016-06-11,11.31,11.7635,13.0278
"3884",164,2016-06-12,11.33,11.7935,13.0577
"3885",165,2016-06-13,11.82,11.8236,13.0899
"3886",166,2016-06-14,12.69,11.8531,13.12
"3887",167,2016-06-15,12.71,11.882,13.1507
"3888",168,2016-06-16,11.64,11.9111,13.1843
"3889",169,2016-06-17,11.33,11.9394,13.2168
"3890",170,2016-06-18,11.48,11.9663,13.2465
"3891",171,2016-06-19,12.47,11.9938,13.2782
"3892",172,2016-06-20,12.66,12.0229,13.3081
"3893",173,2016-06-21,11.78,12.0531,13.3386
"3894",174,2016-06-22,11.19,12.0839,13.3688
"3895",175,2016-06-23,10.58,12.1155,13.4032
"3896",176,2016-06-24,11.31,12.1472,13.4347
"3897",177,2016-06-25,10.46,12.1788,13.4624
"3898",178,2016-06-26,10.79,12.211,13.4892
"3899",179,2016-06-27,11.13,12.2432,13.5163
"3900",180,2016-06-28,11.21,12.2772,13.5463
"3901",181,2016-06-29,11.74,12.3139,13.5752
"3902",182,2016-06-30,11.86,12.3516,13.6042
"3903",183,2016-07-01,11.46,12.3884,13.629
"3904",184,2016-07-02,12.66,12.4248,13.6543
"3905",185,2016-07-03,11.94,12.4606,13.6829
"3906",186,2016-07-04,12.19,12.4957,13.7122
"3907",187,2016-07-05,13.37,12.5306,13.7408
"3908",188,2016-07-06,13.33,12.5663,13.7723
"3909",189,2016-07-07,12.3,12.6023,13.808
"3910",190,2016-07-08,12.52,12.6381,13.8499
"3911",191,2016-07-09,12.88,12.6745,13.8901
"3912",192,2016-07-10,12.88,12.7117,13.9345
"3913",193,2016-07-11,12.08,12.7495,13.9827
"3914",194,2016-07-12,11.8,12.789,14.0363
"3915",195,2016-07-13,12.11,12.8287,14.0886
"3916",196,2016-07-14,12.07,12.8693,14.1412
"3917",197,2016-07-15,12.05,12.9093,14.1927
"3918",198,2016-07-16,12.48,12.9492,14.2439
"3919",199,2016-07-17,13.41,12.9884,14.2939
"3920",200,2016-07-18,13.1,13.0272,14.3471
"3921",201,2016-07-19,13.53,13.0661,14.4003
"3922",202,2016-07-20,13.17,13.1034,14.4498
"3923",203,2016-07-21,12.67,13.1377,14.4975
"3924",204,2016-07-22,12.26,13.1691,14.5423
"3925",205,2016-07-23,11.21,13.197,14.5835
"3926",206,2016-07-24,11.01,13.2223,14.6175
"3927",207,2016-07-25,11.17,13.2458,14.6454
"3928",208,2016-07-26,11.93,13.2687,14.675
"3929",209,2016-07-27,12.22,13.2906,14.7018
"3930",210,2016-07-28,12.47,13.3118,14.7268
"3931",211,2016-07-29,13.23,13.332,14.7497
"3932",212,2016-07-30,13.83,13.3507,14.7735
"3933",213,2016-07-31,13.48,13.3685,14.799
"3934",214,2016-08-01,15.18,13.3858,14.8277
"3935",215,2016-08-02,14.88,13.403,14.8617
"3936",216,2016-08-03,15.12,13.4213,14.8984
"3937",217,2016-08-04,14.08,13.4403,14.94
"3938",218,2016-08-05,13.18,13.4608,14.9837
"3939",219,2016-08-06,13.23,13.4821,15.0267
"3940",220,2016-08-07,13.75,13.5037,15.0704
"3941",221,2016-08-08,13.76,13.5251,15.1063
"3942",222,2016-08-09,13.09,13.5449,15.1375
"3943",223,2016-08-10,12.96,13.5618,15.1624
"3944",224,2016-08-11,13.46,13.5755,15.1812
"3945",225,2016-08-12,14.24,13.5863,15.1913
"3946",226,2016-08-13,13.95,13.5951,15.2
"3947",227,2016-08-14,13.7,13.6017,15.2016
"3948",228,2016-08-15,13.5,13.6071,15.2016
"3949",229,2016-08-16,12.81,13.6091,15.199
"3950",230,2016-08-17,12.52,13.6081,15.1942
"3951",231,2016-08-18,12.54,13.6057,15.1868
"3952",232,2016-08-19,12.83,13.6024,15.1795
"3953",233,2016-08-20,13.39,13.5997,15.1745
"3954",234,2016-08-21,13.64,13.5993,15.1723
"3955",235,2016-08-22,13.66,13.6016,15.1738
"3956",236,2016-08-23,13.81,13.6068,15.1772
"3957",237,2016-08-24,14.08,13.6139,15.1839
"3958",238,2016-08-25,13.63,13.6227,15.2066
"3959",239,2016-08-26,13.69,13.6324,15.2305
"3960",240,2016-08-27,13.34,13.6437,15.2575
"3961",241,2016-08-28,14.26,13.6555,15.284
"3962",242,2016-08-29,15.05,13.6666,15.3084
"3963",243,2016-08-30,13.48,13.6772,15.3304
"3964",244,2016-08-31,12.82,13.6867,15.3444
"3965",245,2016-09-01,12.57,13.695,15.3505
"3966",246,2016-09-02,12.17,13.7025,15.3492
"3967",247,2016-09-03,12.43,13.7093,15.3475
"3968",248,2016-09-04,12.91,13.7151,15.3414
"3969",249,2016-09-05,12.31,13.7187,15.3357
"3970",250,2016-09-06,12.9,13.7201,15.3283
"3971",251,2016-09-07,13.15,13.7191,15.3174
"3972",252,2016-09-08,14.33,13.7172,15.3067
"3973",253,2016-09-09,14.44,13.7162,15.3005
"3974",254,2016-09-10,14.33,13.716,15.2998
"3975",255,2016-09-11,14.32,13.7171,15.3014
"3976",256,2016-09-12,14.95,13.7196,15.3029
"3977",257,2016-09-13,14.23,13.7222,15.3047
"3978",258,2016-09-14,14.76,13.7254,15.3115
"3979",259,2016-09-15,14.41,13.7292,15.3161
"3980",260,2016-09-16,13.78,13.7346,15.3203
"3981",261,2016-09-17,13.54,13.7416,15.3229
"3982",262,2016-09-18,13.58,13.7507,15.3265
"3983",263,2016-09-19,13.77,13.7612,15.3307
"3984",264,2016-09-20,14.58,13.7716,15.3351
"3985",265,2016-09-21,14.23,13.7807,15.3402
"3986",266,2016-09-22,14,13.7876,15.3423
"3987",267,2016-09-23,12.76,13.7919,15.3443
"3988",268,2016-09-24,12.4,13.7949,15.3445
"3989",269,2016-09-25,12.48,13.7965,15.3335
"3990",270,2016-09-26,12.88,13.7974,15.3258
"3991",271,2016-09-27,13.74,13.7981,15.3196
"3992",272,2016-09-28,13.54,13.7989,15.3175
"3993",273,2016-09-29,13.92,13.7992,15.316
"3994",274,2016-09-30,14.13,13.7986,15.315
"3995",275,2016-10-01,12.98,13.7974,15.3195
"3996",276,2016-10-02,12.52,13.7967,15.3267
"3997",277,2016-10-03,12.36,13.7969,15.3384
"3998",278,2016-10-04,13.63,13.7985,15.3464
"3999",279,2016-10-05,12.66,13.8014,15.3534
"4000",280,2016-10-06,12.42,13.8045,15.3592
"4001",281,2016-10-07,15.17,13.8076,15.3665
"4002",282,2016-10-08,15.84,13.81,15.3754
"4003",283,2016-10-09,15.28,13.8108,15.385
"4004",284,2016-10-10,14.74,13.8095,15.3912
"4005",285,2016-10-11,13.22,13.8076,15.3959
"4006",286,2016-10-12,13.23,13.806,15.4
"4007",287,2016-10-13,13.25,13.8039,15.4041
"4008",288,2016-10-14,13.84,13.8014,15.4031
"4009",289,2016-10-15,14.19,13.7988,15.4015
"4010",290,2016-10-16,14.13,13.7945,15.3998
"4011",291,2016-10-17,15.13,13.7896,15.3966
"4012",292,2016-10-18,14.58,13.7841,15.3931
"4013",293,2016-10-19,14.1,13.7777,15.389
"4014",294,2016-10-20,14,13.7694,15.3831
"4015",295,2016-10-21,14.48,13.7599,15.3758
"4016",296,2016-10-22,13.86,13.749,15.3635
"4017",297,2016-10-23,13.81,13.7379,15.3538
"4018",298,2016-10-24,14.45,13.7262,15.3441
"4019",299,2016-10-25,15.51,13.7134,15.333
"4020",300,2016-10-26,15.63,13.6977,15.3168
"4021",301,2016-10-27,15.38,13.6802,15.2938
"4022",302,2016-10-28,14.57,13.6598,15.2693
"4023",303,2016-10-29,14.49,13.6371,15.2422
"4024",304,2016-10-30,15.14,13.6126,15.2125
"4025",305,2016-10-31,14.97,13.5887,15.1822
"4026",306,2016-11-01,14.7,13.5668,15.1525
"4027",307,2016-11-02,14.6,13.5458,15.1256
"4028",308,2016-11-03,15.05,13.5238,15.0948
"4029",309,2016-11-04,15.25,13.5011,15.0649
"4030",310,2016-11-05,14.27,13.4782,15.0378
"4031",311,2016-11-06,14.21,13.4565,15.0111
"4032",312,2016-11-07,14.69,13.4364,14.9871
"4033",313,2016-11-08,14.29,13.4188,14.9659
"4034",314,2016-11-09,14.14,13.4041,14.9509
"4035",315,2016-11-10,14.42,13.3918,14.9416
"4036",316,2016-11-11,14.35,13.3802,14.9337
"4037",317,2016-11-12,14.78,13.3681,14.9266
"4038",318,2016-11-13,15.01,13.3558,14.9198
"4039",319,2016-11-14,14.34,13.344,14.9196
"4040",320,2016-11-15,13.91,13.3328,14.9184
"4041",321,2016-11-16,13.05,13.3239,14.921
"4042",322,2016-11-17,12.67,13.3164,14.9253
"4043",323,2016-11-18,12.49,13.3092,14.9315
"4044",324,2016-11-19,12.86,13.3017,14.9367
"4045",325,2016-11-20,12.95,13.295,14.9454
"4046",326,2016-11-21,13.66,13.2898,14.9518
"4047",327,2016-11-22,13.43,13.2867,14.9612
"4048",328,2016-11-23,13.36,13.2855,14.9677
"4049",329,2016-11-24,13.3,13.2862,14.974
"4050",330,2016-11-25,12.92,13.2879,14.9789
"4051",331,2016-11-26,13.29,13.2913,14.9891
"4052",332,2016-11-27,13.53,13.2947,14.9975
"4053",333,2016-11-28,13.17,13.2986,15.0056
"4054",334,2016-11-29,13.13,13.3043,15.0141
"4055",335,2016-11-30,13.27,13.312,15.0236
"4056",336,2016-12-01,13.26,13.3195,15.0284
"4057",337,2016-12-02,12.98,13.3259,15.0322
"4058",338,2016-12-03,13.16,13.3313,15.0324
"4059",339,2016-12-04,13.34,13.3361,15.0341
"4060",340,2016-12-05,12.99,13.3398,15.0367
"4061",341,2016-12-06,12.59,13.3423,15.0375
"4062",342,2016-12-07,11.74,13.3431,15.0372
"4063",343,2016-12-08,12.22,13.3422,15.0339
"4064",344,2016-12-09,12.94,13.3395,15.0279
"4065",345,2016-12-10,13.25,13.3345,15.015
"4066",346,2016-12-11,13.38,13.3271,14.9977
"4067",347,2016-12-12,12.98,13.3183,14.9797
"4068",348,2016-12-13,12.84,13.3084,14.953
"4069",349,2016-12-14,13.19,13.2975,14.9232
"4070",350,2016-12-15,13.35,13.2854,14.882
"4071",351,2016-12-16,13.55,13.2716,14.8395
"4072",352,2016-12-17,12.04,13.2567,14.796
"4073",353,2016-12-18,11.9,13.2409,14.7537
"4074",354,2016-12-19,12.18,13.2246,14.7101
"4075",355,2016-12-20,12.36,13.2081,14.6664
"4076",356,2016-12-21,12.55,13.1907,14.6202
"4077",357,2016-12-22,12.35,13.1725,14.575
"4078",358,2016-12-23,12.5,13.1523,14.5292
"4079",359,2016-12-24,12.19,13.1302,14.484
"4080",360,2016-12-25,11.72,13.1065,14.4399
"4081",361,2016-12-26,11.74,13.0822,14.3969
"4082",362,2016-12-27,11.87,13.0576,14.3543
"4083",363,2016-12-28,12.07,13.0332,14.3138
"4084",364,2016-12-29,12.47,13.009,14.2735
"4085",365,2016-12-30,12.32,12.9848,14.234
"4086",366,2016-12-31,12.25,12.9605,14.1971
"4087",1,2017-01-01,12.35,12.9365,14.1655
"4088",2,2017-01-02,12.26,12.9131,14.1358
"4089",3,2017-01-03,12.41,12.8909,14.1095
"4090",4,2017-01-04,12.58,12.8702,14.0832
"4091",5,2017-01-05,12.56,12.8507,14.0569
"4092",6,2017-01-06,12.41,12.8321,14.0306
"4093",7,2017-01-07,12.67,12.8146,14.004
"4094",8,2017-01-08,12.68,12.7982,13.9782
"4095",9,2017-01-09,12.92,12.7831,13.9517
"4096",10,2017-01-10,13.02,12.7694,13.9268
"4097",11,2017-01-11,13.12,12.757,13.9019
"4098",12,2017-01-12,13.13,12.7458,13.8777
"4099",13,2017-01-13,12.9,12.7355,13.8624
"4100",14,2017-01-14,12.84,12.7257,13.8499
"4101",15,2017-01-15,12.82,12.7162,13.8481
"4102",16,2017-01-16,12.8,12.7069,13.8467
"4103",17,2017-01-17,12.76,12.6976,13.8462
"4104",18,2017-01-18,12.79,12.6889,13.8458
"4105",19,2017-01-19,12.93,12.6806,13.8467
"4106",20,2017-01-20,13.13,12.6728,13.8476
"4107",21,2017-01-21,13.02,12.6653,13.8483
"4108",22,2017-01-22,12.85,12.6583,13.8499
"4109",23,2017-01-23,12.97,12.652,13.8493
"4110",24,2017-01-24,12.8,12.6461,13.8448
"4111",25,2017-01-25,12.79,12.6406,13.8386
"4112",26,2017-01-26,12.77,12.6349,13.8322
"4113",27,2017-01-27,12.74,12.629,13.8257
"4114",28,2017-01-28,12.73,12.6232,13.8183
"4115",29,2017-01-29,12.75,12.6164,13.8109
"4116",30,2017-01-30,12.74,12.6083,13.8028
"4117",31,2017-01-31,12.8,12.5986,13.7942
"4118",32,2017-02-01,12.87,12.5874,13.7855
"4119",33,2017-02-02,12.84,12.5743,13.7762
"4120",34,2017-02-03,12.97,12.5593,13.7685
"4121",35,2017-02-04,13.04,12.5427,13.7639
"4122",36,2017-02-05,12.99,12.525,13.7608
"4123",37,2017-02-06,13.17,12.5071,13.7585
"4124",38,2017-02-07,13.28,12.4892,13.7566
"4125",39,2017-02-08,13.23,12.4706,13.7547
"4126",40,2017-02-09,13.35,12.4514,13.7534
"4127",41,2017-02-10,13.41,12.4319,13.752
"4128",42,2017-02-11,13.29,12.4127,13.7488
"4129",43,2017-02-12,13.02,12.3937,13.7441
"4130",44,2017-02-13,12.91,12.3755,13.7391
"4131",45,2017-02-14,12.92,12.3582,13.7333
"4132",46,2017-02-15,12.77,12.3423,13.7272
"4133",47,2017-02-16,12.79,12.3275,13.7202
"4134",48,2017-02-17,12.89,12.3126,13.7125
"4135",49,2017-02-18,12.99,12.2966,13.7029
"4136",50,2017-02-19,11.89,12.28,13.6929
"4137",51,2017-02-20,12.25,12.2625,13.6826
"4138",52,2017-02-21,12.78,12.2441,13.672
"4139",53,2017-02-22,12.96,12.2244,13.6613
"4140",54,2017-02-23,12.43,12.2035,13.6508
"4141",55,2017-02-24,12.21,12.1812,13.6433
"4142",56,2017-02-25,12.09,12.158,13.6359
"4143",57,2017-02-26,12.19,12.1337,13.6282
"4144",58,2017-02-27,12.34,12.1078,13.6196
"4145",59,2017-02-28,12.17,12.0808,13.6122
"4146",61,2017-03-01,12.01,12.0285,13.592
"4147",62,2017-03-02,12.06,12.0039,13.5773
"4148",63,2017-03-03,11.91,11.9805,13.56
"4149",64,2017-03-04,12.05,11.9576,13.5392
"4150",65,2017-03-05,12.45,11.9353,13.5147
"4151",66,2017-03-06,11.25,11.9133,13.4848
"4152",67,2017-03-07,11.64,11.8909,13.4534
"4153",68,2017-03-08,11.84,11.8676,13.4208
"4154",69,2017-03-09,12.27,11.8437,13.3882
"4155",70,2017-03-10,13.71,11.8198,13.3521
"4156",71,2017-03-11,12.72,11.7953,13.3142
"4157",72,2017-03-12,12.48,11.7698,13.272
"4158",73,2017-03-13,12.26,11.7431,13.2293
"4159",74,2017-03-14,12.2,11.7147,13.1856
"4160",75,2017-03-15,13.17,11.6847,13.1407
"4161",76,2017-03-16,12.56,11.6531,13.094
"4162",77,2017-03-17,12.05,11.6199,13.0475
"4163",78,2017-03-18,12.45,11.5858,13.0013
"4164",79,2017-03-19,12.63,11.5517,12.9561
"4165",80,2017-03-20,11.59,11.5181,12.9128
"4166",81,2017-03-21,12.9,11.4845,12.869
"4167",82,2017-03-22,12.43,11.4511,12.8252
"4168",83,2017-03-23,11.91,11.4181,12.7818
"4169",84,2017-03-24,11.75,11.3856,12.7398
"4170",85,2017-03-25,12.35,11.3545,12.7
"4171",86,2017-03-26,11.77,11.3251,12.6615
"4172",87,2017-03-27,11.66,11.2969,12.6238
"4173",88,2017-03-28,11.23,11.2707,12.588
"4174",89,2017-03-29,10.93,11.2469,12.5535
"4175",90,2017-03-30,11,11.2248,12.518
"4176",91,2017-03-31,10.75,11.2042,12.4839
"4177",92,2017-04-01,9.81,11.1847,12.4593
"4178",93,2017-04-02,10.15,11.1663,12.4365
"4179",94,2017-04-03,10.36,11.1489,12.4125
"4180",95,2017-04-04,10.11,11.1325,12.3875
"4181",96,2017-04-05,10.86,11.1168,12.3669
"4182",97,2017-04-06,11.44,11.1024,12.3462
"4183",98,2017-04-07,12.05,11.0893,12.3246
"4184",99,2017-04-08,12.31,11.0758,12.3011
"4185",100,2017-04-09,11.67,11.0613,12.276
"4186",101,2017-04-10,11.52,11.0462,12.2535
"4187",102,2017-04-11,11.07,11.0305,12.2324
"4188",103,2017-04-12,11.25,11.0149,12.2132
"4189",104,2017-04-13,12.7,11,12.1988
"4190",105,2017-04-14,11.87,10.9862,12.1867
"4191",106,2017-04-15,11,10.9742,12.1761
"4192",107,2017-04-16,11.33,10.9647,12.168
"4193",108,2017-04-17,12.26,10.9567,12.1585
"4194",109,2017-04-18,12.05,10.9501,12.1525
"4195",110,2017-04-19,NA,10.9464,12.1531
"4196",111,2017-04-20,NA,10.9453,12.1602
"4197",112,2017-04-21,10.37,10.9469,12.17
"4198",113,2017-04-22,10.68,10.9523,12.1848
"4199",114,2017-04-23,11.02,10.9606,12.1997
"4200",115,2017-04-24,10.21,10.9707,12.2146
"4201",116,2017-04-25,10.02,10.9826,12.23
"4202",117,2017-04-26,10.09,10.9955,12.2438
"4203",118,2017-04-27,10.46,11.0085,12.2573
"4204",119,2017-04-28,10.39,11.0218,12.2678
"4205",120,2017-04-29,9.61,11.0359,12.2762
"4206",121,2017-04-30,9.75,11.0502,12.2847
"4207",122,2017-05-01,10.4,11.0642,12.2908
"4208",123,2017-05-02,11.34,11.0767,12.2876
"4209",124,2017-05-03,10.4,11.0872,12.2833
"4210",125,2017-05-04,10.66,11.0961,12.2803
"4211",126,2017-05-05,13.03,11.1039,12.2792
"4212",127,2017-05-06,12.65,11.111,12.2756
"4213",128,2017-05-07,10.7,11.1174,12.2745
"4214",129,2017-05-08,9.78,11.124,12.2762
"4215",130,2017-05-09,10.32,11.1322,12.2813
"4216",131,2017-05-10,11.12,11.1417,12.2886
"4217",132,2017-05-11,11.18,11.1522,12.2973
"4218",133,2017-05-12,11.75,11.1646,12.3084
"4219",134,2017-05-13,11.24,11.1789,12.3243
"4220",135,2017-05-14,10.49,11.1954,12.3419
"4221",136,2017-05-15,10.16,11.214,12.3606
"4222",137,2017-05-16,10.02,11.2338,12.3799
"4223",138,2017-05-17,10.37,11.2539,12.4003
"4224",139,2017-05-18,NA,11.2752,12.4252
"4225",140,2017-05-19,NA,11.2963,12.4469
"4226",141,2017-05-20,10.53,11.3155,12.4643
"4227",142,2017-05-21,10.82,11.3338,12.4774
"4228",143,2017-05-22,11.76,11.3521,12.4907
"4229",144,2017-05-23,11.56,11.3693,12.5024
"4230",145,2017-05-24,11.66,11.3867,12.5173
"4231",146,2017-05-25,11.23,11.4043,12.5361
"4232",147,2017-05-26,11.7,11.4212,12.5547
"4233",148,2017-05-27,12.76,11.4383,12.5735
"4234",149,2017-05-28,12.27,11.4556,12.5934
"4235",150,2017-05-29,11.53,11.4718,12.6178
"4236",151,2017-05-30,10.46,11.4877,12.6442
"4237",152,2017-05-31,10.48,11.5053,12.6759
"4238",153,2017-06-01,11.51,11.5233,12.7084
"4239",154,2017-06-02,11.49,11.5419,12.7416
"4240",155,2017-06-03,11.59,11.5618,12.7748
"4241",156,2017-06-04,11.37,11.5832,12.81
"4242",157,2017-06-05,11.4,11.6055,12.8449
"4243",158,2017-06-06,10.58,11.6293,12.8765
"4244",159,2017-06-07,10.98,11.6542,12.908
"4245",160,2017-06-08,11.32,11.6797,12.9409
"4246",161,2017-06-09,12.04,11.7063,12.9693
"4247",162,2017-06-10,13,11.7347,12.9971
"4248",163,2017-06-11,12.74,11.7635,13.0278
"4249",164,2017-06-12,11.61,11.7935,13.0577
"4250",165,2017-06-13,11.39,11.8236,13.0899
"4251",166,2017-06-14,10.41,11.8531,13.12
"4252",167,2017-06-15,10.49,11.882,13.1507
"4253",168,2017-06-16,11.46,11.9111,13.1843
"4254",169,2017-06-17,11.46,11.9394,13.2168
"4255",170,2017-06-18,10.9,11.9663,13.2465
"4256",171,2017-06-19,11.67,11.9938,13.2782
"4257",172,2017-06-20,13.1,12.0229,13.3081
"4258",173,2017-06-21,11.73,12.0531,13.3386
"4259",174,2017-06-22,11.41,12.0839,13.3688
"4260",175,2017-06-23,12.04,12.1155,13.4032
"4261",176,2017-06-24,12.86,12.1472,13.4347
"4262",177,2017-06-25,12.66,12.1788,13.4624
"4263",178,2017-06-26,12.31,12.211,13.4892
"4264",179,2017-06-27,12.49,12.2432,13.5163
"4265",180,2017-06-28,12.3,12.2772,13.5463
"4266",181,2017-06-29,11.39,12.3139,13.5752
"4267",182,2017-06-30,11.93,12.3516,13.6042
"4268",183,2017-07-01,11.69,12.3884,13.629
"4269",184,2017-07-02,10.94,12.4248,13.6543
"4270",185,2017-07-03,11.03,12.4606,13.6829
"4271",186,2017-07-04,11.6,12.4957,13.7122
"4272",187,2017-07-05,12.31,12.5306,13.7408
"4273",188,2017-07-06,12.57,12.5663,13.7723
"4274",189,2017-07-07,12.46,12.6023,13.808
"4275",190,2017-07-08,12.08,12.6381,13.8499
"4276",191,2017-07-09,12.57,12.6745,13.8901
"4277",192,2017-07-10,11.88,12.7117,13.9345
"4278",193,2017-07-11,13.29,12.7495,13.9827
"4279",194,2017-07-12,13.19,12.789,14.0363
"4280",195,2017-07-13,13.37,12.8287,14.0886
"4281",196,2017-07-14,13.73,12.8693,14.1412
"4282",197,2017-07-15,13.27,12.9093,14.1927
"4283",198,2017-07-16,13.18,12.9492,14.2439
"4284",199,2017-07-17,13.07,12.9884,14.2939
"4285",200,2017-07-18,13.27,13.0272,14.3471
"4286",201,2017-07-19,13.74,13.0661,14.4003
"4287",202,2017-07-20,12.63,13.1034,14.4498
"4288",203,2017-07-21,12.86,13.1377,14.4975
"4289",204,2017-07-22,12.56,13.1691,14.5423
"4290",205,2017-07-23,12.09,13.197,14.5835
"4291",206,2017-07-24,12.23,13.2223,14.6175
"4292",207,2017-07-25,13.09,13.2458,14.6454
"4293",208,2017-07-26,15.05,13.2687,14.675
"4294",209,2017-07-27,14.6,13.2906,14.7018
"4295",210,2017-07-28,12.86,13.3118,14.7268
"4296",211,2017-07-29,13.16,13.332,14.7497
"4297",212,2017-07-30,13.52,13.3507,14.7735
"4298",213,2017-07-31,13.9,13.3685,14.799
"4299",214,2017-08-01,14.03,13.3858,14.8277
"4300",215,2017-08-02,13.62,13.403,14.8617
"4301",216,2017-08-03,12.52,13.4213,14.8984
"4302",217,2017-08-04,13.79,13.4403,14.94
"4303",218,2017-08-05,15.35,13.4608,14.9837
"4304",219,2017-08-06,15.21,13.4821,15.0267
"4305",220,2017-08-07,15.27,13.5037,15.0704
"4306",221,2017-08-08,14.61,13.5251,15.1063
"4307",222,2017-08-09,14.1,13.5449,15.1375
"4308",223,2017-08-10,13.56,13.5618,15.1624
"4309",224,2017-08-11,13.27,13.5755,15.1812
"4310",225,2017-08-12,12.66,13.5863,15.1913
"4311",226,2017-08-13,12.51,13.5951,15.2
"4312",227,2017-08-14,13.28,13.6017,15.2016
"4313",228,2017-08-15,13.2,13.6071,15.2016
"4314",229,2017-08-16,13.6,13.6091,15.199
"4315",230,2017-08-17,14.01,13.6081,15.1942
"4316",231,2017-08-18,13.63,13.6057,15.1868
"4317",232,2017-08-19,13.39,13.6024,15.1795
"4318",233,2017-08-20,13.63,13.5997,15.1745
"4319",234,2017-08-21,14.09,13.5993,15.1723
"4320",235,2017-08-22,14.85,13.6016,15.1738
"4321",236,2017-08-23,14.76,13.6068,15.1772
"4322",237,2017-08-24,14.31,13.6139,15.1839
"4323",238,2017-08-25,13.74,13.6227,15.2066
"4324",239,2017-08-26,13.22,13.6324,15.2305
"4325",240,2017-08-27,14.5,13.6437,15.2575
"4326",241,2017-08-28,14.79,13.6555,15.284
"4327",242,2017-08-29,14.07,13.6666,15.3084
"4328",243,2017-08-30,13.68,13.6772,15.3304
"4329",244,2017-08-31,13.46,13.6867,15.3444
"4330",245,2017-09-01,12.65,13.695,15.3505
"4331",246,2017-09-02,13.21,13.7025,15.3492
"4332",247,2017-09-03,13.93,13.7093,15.3475
"4333",248,2017-09-04,14.94,13.7151,15.3414
"4334",249,2017-09-05,15.31,13.7187,15.3357
"4335",250,2017-09-06,16.64,13.7201,15.3283
"4336",251,2017-09-07,16.16,13.7191,15.3174
"4337",252,2017-09-08,14.83,13.7172,15.3067
"4338",253,2017-09-09,14.91,13.7162,15.3005
"4339",254,2017-09-10,14.87,13.716,15.2998
"4340",255,2017-09-11,14.45,13.7171,15.3014
"4341",256,2017-09-12,14.68,13.7196,15.3029
"4342",257,2017-09-13,16.01,13.7222,15.3047
"4343",258,2017-09-14,16.31,13.7254,15.3115
"4344",259,2017-09-15,15.66,13.7292,15.3161
"4345",260,2017-09-16,15.07,13.7346,15.3203
"4346",261,2017-09-17,14.62,13.7416,15.3229
"4347",262,2017-09-18,14.29,13.7507,15.3265
"4348",263,2017-09-19,14.54,13.7612,15.3307
"4349",264,2017-09-20,13.09,13.7716,15.3351
"4350",265,2017-09-21,12.86,13.7807,15.3402
"4351",266,2017-09-22,12.37,13.7876,15.3423
"4352",267,2017-09-23,12.58,13.7919,15.3443
"4353",268,2017-09-24,12.64,13.7949,15.3445
"4354",269,2017-09-25,12.94,13.7965,15.3335
"4355",270,2017-09-26,13.32,13.7974,15.3258
"4356",271,2017-09-27,14.38,13.7981,15.3196
"4357",272,2017-09-28,14.65,13.7989,15.3175
"4358",273,2017-09-29,14.43,13.7992,15.316
"4359",274,2017-09-30,13.71,13.7986,15.315
"4360",275,2017-10-01,12.64,13.7974,15.3195
"4361",276,2017-10-02,12.37,13.7967,15.3267
"4362",277,2017-10-03,12.47,13.7969,15.3384
"4363",278,2017-10-04,12.63,13.7985,15.3464
"4364",279,2017-10-05,13.15,13.8014,15.3534
"4365",280,2017-10-06,13.53,13.8045,15.3592
"4366",281,2017-10-07,13.09,13.8076,15.3665
"4367",282,2017-10-08,12.56,13.81,15.3754
"4368",283,2017-10-09,12.87,13.8108,15.385
"4369",284,2017-10-10,13.13,13.8095,15.3912
"4370",285,2017-10-11,13.43,13.8076,15.3959
"4371",286,2017-10-12,13.94,13.806,15.4
"4372",287,2017-10-13,13.44,13.8039,15.4041
"4373",288,2017-10-14,13.48,13.8014,15.4031
"4374",289,2017-10-15,13.57,13.7988,15.4015
"4375",290,2017-10-16,14.29,13.7945,15.3998
"4376",291,2017-10-17,14.99,13.7896,15.3966
"4377",292,2017-10-18,13.87,13.7841,15.3931
"4378",293,2017-10-19,12.94,13.7777,15.389
"4379",294,2017-10-20,13.1,13.7694,15.3831
"4380",295,2017-10-21,12.39,13.7599,15.3758
"4381",296,2017-10-22,12.41,13.749,15.3635
"4382",297,2017-10-23,13.98,13.7379,15.3538
"4383",298,2017-10-24,13.96,13.7262,15.3441
"4384",299,2017-10-25,13.82,13.7134,15.333
"4385",300,2017-10-26,15.67,13.6977,15.3168
"4386",301,2017-10-27,15.14,13.6802,15.2938
"4387",302,2017-10-28,NA,13.6598,15.2693
"4388",303,2017-10-29,12.53,13.6371,15.2422
"4389",304,2017-10-30,13.43,13.6126,15.2125
"4390",305,2017-10-31,13.39,13.5887,15.1822
"4391",306,2017-11-01,13.42,13.5668,15.1525
"4392",307,2017-11-02,12.88,13.5458,15.1256
"4393",308,2017-11-03,13.41,13.5238,15.0948
"4394",309,2017-11-04,17.28,13.5011,15.0649
"4395",310,2017-11-05,NA,13.4782,15.0378
"4396",311,2017-11-06,NA,13.4565,15.0111
"4397",312,2017-11-07,NA,13.4364,14.9871
"4398",313,2017-11-08,NA,13.4188,14.9659
"4399",314,2017-11-09,NA,13.4041,14.9509
"4400",315,2017-11-10,NA,13.3918,14.9416
"4401",316,2017-11-11,NA,13.3802,14.9337
"4402",317,2017-11-12,NA,13.3681,14.9266
"4403",318,2017-11-13,NA,13.3558,14.9198
"4404",319,2017-11-14,NA,13.344,14.9196
"4405",320,2017-11-15,NA,13.3328,14.9184
"4406",321,2017-11-16,NA,13.3239,14.921
"4407",322,2017-11-17,NA,13.3164,14.9253
"4408",323,2017-11-18,NA,13.3092,14.9315
"4409",324,2017-11-19,NA,13.3017,14.9367
"4410",325,2017-11-20,NA,13.295,14.9454
"4411",326,2017-11-21,NA,13.2898,14.9518
"4412",327,2017-11-22,NA,13.2867,14.9612
"4413",328,2017-11-23,NA,13.2855,14.9677
"4414",329,2017-11-24,NA,13.2862,14.974
"4415",330,2017-11-25,NA,13.2879,14.9789
"4416",331,2017-11-26,NA,13.2913,14.9891
"4417",332,2017-11-27,NA,13.2947,14.9975
"4418",333,2017-11-28,NA,13.2986,15.0056
"4419",334,2017-11-29,NA,13.3043,15.0141
"4420",335,2017-11-30,NA,13.312,15.0236
"4421",336,2017-12-01,NA,13.3195,15.0284
"4422",337,2017-12-02,NA,13.3259,15.0322
"4423",338,2017-12-03,NA,13.3313,15.0324
"4424",339,2017-12-04,NA,13.3361,15.0341
"4425",340,2017-12-05,NA,13.3398,15.0367
"4426",341,2017-12-06,NA,13.3423,15.0375
"4427",342,2017-12-07,NA,13.3431,15.0372
"4428",343,2017-12-08,NA,13.3422,15.0339
"4429",344,2017-12-09,NA,13.3395,15.0279
"4430",345,2017-12-10,NA,13.3345,15.015
"4431",346,2017-12-11,NA,13.3271,14.9977
"4432",347,2017-12-12,NA,13.3183,14.9797
"4433",348,2017-12-13,NA,13.3084,14.953
"4434",349,2017-12-14,NA,13.2975,14.9232
"4435",350,2017-12-15,NA,13.2854,14.882
"4436",351,2017-12-16,NA,13.2716,14.8395
"4437",352,2017-12-17,NA,13.2567,14.796
"4438",353,2017-12-18,NA,13.2409,14.7537
"4439",354,2017-12-19,NA,13.2246,14.7101
"4440",355,2017-12-20,NA,13.2081,14.6664
"4441",356,2017-12-21,NA,13.1907,14.6202
"4442",357,2017-12-22,NA,13.1725,14.575
"4443",358,2017-12-23,NA,13.1523,14.5292
"4444",359,2017-12-24,NA,13.1302,14.484
"4445",360,2017-12-25,NA,13.1065,14.4399
"4446",361,2017-12-26,NA,13.0822,14.3969
"4447",362,2017-12-27,NA,13.0576,14.3543
"4448",363,2017-12-28,NA,13.0332,14.3138
"4449",364,2017-12-29,NA,13.009,14.2735
"4450",365,2017-12-30,NA,12.9848,14.234
"4451",366,2017-12-31,NA,12.9605,14.1971
"4452",1,2018-01-01,NA,12.9365,14.1655
"4453",2,2018-01-02,NA,12.9131,14.1358
"4454",3,2018-01-03,NA,12.8909,14.1095
"4455",4,2018-01-04,NA,12.8702,14.0832
"4456",5,2018-01-05,NA,12.8507,14.0569
"4457",6,2018-01-06,NA,12.8321,14.0306
"4458",7,2018-01-07,NA,12.8146,14.004
"4459",8,2018-01-08,NA,12.7982,13.9782
"4460",9,2018-01-09,NA,12.7831,13.9517
"4461",10,2018-01-10,NA,12.7694,13.9268
"4462",11,2018-01-11,NA,12.757,13.9019
"4463",12,2018-01-12,NA,12.7458,13.8777
"4464",13,2018-01-13,NA,12.7355,13.8624
"4465",14,2018-01-14,NA,12.7257,13.8499
"4466",15,2018-01-15,NA,12.7162,13.8481
"4467",16,2018-01-16,NA,12.7069,13.8467
"4468",17,2018-01-17,NA,12.6976,13.8462
"4469",18,2018-01-18,NA,12.6889,13.8458
"4470",19,2018-01-19,NA,12.6806,13.8467
"4471",20,2018-01-20,NA,12.6728,13.8476
"4472",21,2018-01-21,NA,12.6653,13.8483
"4473",22,2018-01-22,NA,12.6583,13.8499
"4474",23,2018-01-23,NA,12.652,13.8493
"4475",24,2018-01-24,NA,12.6461,13.8448
"4476",25,2018-01-25,NA,12.6406,13.8386
"4477",26,2018-01-26,NA,12.6349,13.8322
"4478",27,2018-01-27,NA,12.629,13.8257
"4479",28,2018-01-28,NA,12.6232,13.8183
"4480",29,2018-01-29,NA,12.6164,13.8109
"4481",30,2018-01-30,NA,12.6083,13.8028
"4482",31,2018-01-31,NA,12.5986,13.7942
"4483",32,2018-02-01,NA,12.5874,13.7855
"4484",33,2018-02-02,NA,12.5743,13.7762
"4485",34,2018-02-03,NA,12.5593,13.7685
"4486",35,2018-02-04,NA,12.5427,13.7639
"4487",36,2018-02-05,NA,12.525,13.7608
"4488",37,2018-02-06,NA,12.5071,13.7585
"4489",38,2018-02-07,NA,12.4892,13.7566
"4490",39,2018-02-08,NA,12.4706,13.7547
"4491",40,2018-02-09,NA,12.4514,13.7534
"4492",41,2018-02-10,NA,12.4319,13.752
"4493",42,2018-02-11,NA,12.4127,13.7488
"4494",43,2018-02-12,NA,12.3937,13.7441
"4495",44,2018-02-13,NA,12.3755,13.7391
"4496",45,2018-02-14,NA,12.3582,13.7333
"4497",46,2018-02-15,NA,12.3423,13.7272
"4498",47,2018-02-16,NA,12.3275,13.7202
"4499",48,2018-02-17,NA,12.3126,13.7125
"4500",49,2018-02-18,NA,12.2966,13.7029
"4501",50,2018-02-19,NA,12.28,13.6929
"4502",51,2018-02-20,NA,12.2625,13.6826
"4503",52,2018-02-21,NA,12.2441,13.672
"4504",53,2018-02-22,NA,12.2244,13.6613
"4505",54,2018-02-23,NA,12.2035,13.6508
"4506",55,2018-02-24,NA,12.1812,13.6433
"4507",56,2018-02-25,NA,12.158,13.6359
"4508",57,2018-02-26,NA,12.1337,13.6282
"4509",58,2018-02-27,NA,12.1078,13.6196
"4510",59,2018-02-28,NA,12.0808,13.6122
"4511",61,2018-03-01,NA,12.0285,13.592
"4512",62,2018-03-02,NA,12.0039,13.5773
"4513",63,2018-03-03,NA,11.9805,13.56
"4514",64,2018-03-04,NA,11.9576,13.5392
"4515",65,2018-03-05,NA,11.9353,13.5147
"4516",66,2018-03-06,NA,11.9133,13.4848
"4517",67,2018-03-07,NA,11.8909,13.4534
"4518",68,2018-03-08,NA,11.8676,13.4208
"4519",69,2018-03-09,NA,11.8437,13.3882
"4520",70,2018-03-10,NA,11.8198,13.3521
"4521",71,2018-03-11,NA,11.7953,13.3142
"4522",72,2018-03-12,NA,11.7698,13.272
"4523",73,2018-03-13,NA,11.7431,13.2293
"4524",74,2018-03-14,NA,11.7147,13.1856
"4525",75,2018-03-15,NA,11.6847,13.1407
"4526",76,2018-03-16,NA,11.6531,13.094
"4527",77,2018-03-17,NA,11.6199,13.0475
"4528",78,2018-03-18,NA,11.5858,13.0013
"4529",79,2018-03-19,NA,11.5517,12.9561
"4530",80,2018-03-20,NA,11.5181,12.9128
"4531",81,2018-03-21,NA,11.4845,12.869
"4532",82,2018-03-22,NA,11.4511,12.8252
"4533",83,2018-03-23,NA,11.4181,12.7818
"4534",84,2018-03-24,NA,11.3856,12.7398
"4535",85,2018-03-25,NA,11.3545,12.7
"4536",86,2018-03-26,NA,11.3251,12.6615
"4537",87,2018-03-27,NA,11.2969,12.6238
"4538",88,2018-03-28,NA,11.2707,12.588
"4539",89,2018-03-29,NA,11.2469,12.5535
"4540",90,2018-03-30,NA,11.2248,12.518
"4541",91,2018-03-31,NA,11.2042,12.4839
"4542",92,2018-04-01,NA,11.1847,12.4593
"4543",93,2018-04-02,NA,11.1663,12.4365
"4544",94,2018-04-03,NA,11.1489,12.4125
"4545",95,2018-04-04,NA,11.1325,12.3875
"4546",96,2018-04-05,NA,11.1168,12.3669
"4547",97,2018-04-06,NA,11.1024,12.3462
"4548",98,2018-04-07,NA,11.0893,12.3246
"4549",99,2018-04-08,NA,11.0758,12.3011
"4550",100,2018-04-09,NA,11.0613,12.276
"4551",101,2018-04-10,NA,11.0462,12.2535
"4552",102,2018-04-11,NA,11.0305,12.2324
"4553",103,2018-04-12,NA,11.0149,12.2132
"4554",104,2018-04-13,NA,11,12.1988
"4555",105,2018-04-14,NA,10.9862,12.1867
"4556",106,2018-04-15,NA,10.9742,12.1761
"4557",107,2018-04-16,NA,10.9647,12.168
"4558",108,2018-04-17,NA,10.9567,12.1585
"4559",109,2018-04-18,NA,10.9501,12.1525
"4560",110,2018-04-19,NA,10.9464,12.1531
"4561",111,2018-04-20,NA,10.9453,12.1602
"4562",112,2018-04-21,NA,10.9469,12.17
"4563",113,2018-04-22,NA,10.9523,12.1848
"4564",114,2018-04-23,NA,10.9606,12.1997
"4565",115,2018-04-24,NA,10.9707,12.2146
"4566",116,2018-04-25,NA,10.9826,12.23
"4567",117,2018-04-26,NA,10.9955,12.2438
"4568",118,2018-04-27,NA,11.0085,12.2573
"4569",119,2018-04-28,NA,11.0218,12.2678
"4570",120,2018-04-29,NA,11.0359,12.2762
"4571",121,2018-04-30,NA,11.0502,12.2847
"4572",122,2018-05-01,NA,11.0642,12.2908
"4573",123,2018-05-02,NA,11.0767,12.2876
"4574",124,2018-05-03,NA,11.0872,12.2833
"4575",125,2018-05-04,NA,11.0961,12.2803
"4576",126,2018-05-05,NA,11.1039,12.2792
"4577",127,2018-05-06,NA,11.111,12.2756
"4578",128,2018-05-07,NA,11.1174,12.2745
"4579",129,2018-05-08,NA,11.124,12.2762
"4580",130,2018-05-09,NA,11.1322,12.2813
"4581",131,2018-05-10,NA,11.1417,12.2886
"4582",132,2018-05-11,NA,11.1522,12.2973
"4583",133,2018-05-12,NA,11.1646,12.3084
"4584",134,2018-05-13,NA,11.1789,12.3243
"4585",135,2018-05-14,NA,11.1954,12.3419
"4586",136,2018-05-15,NA,11.214,12.3606
"4587",137,2018-05-16,NA,11.2338,12.3799
"4588",138,2018-05-17,NA,11.2539,12.4003
"4589",139,2018-05-18,NA,11.2752,12.4252
"4590",140,2018-05-19,NA,11.2963,12.4469
"4591",141,2018-05-20,NA,11.3155,12.4643
"4592",142,2018-05-21,NA,11.3338,12.4774
"4593",143,2018-05-22,NA,11.3521,12.4907
"4594",144,2018-05-23,NA,11.3693,12.5024
"4595",145,2018-05-24,NA,11.3867,12.5173
"4596",146,2018-05-25,NA,11.4043,12.5361
"4597",147,2018-05-26,NA,11.4212,12.5547
"4598",148,2018-05-27,NA,11.4383,12.5735
"4599",149,2018-05-28,NA,11.4556,12.5934
"4600",150,2018-05-29,NA,11.4718,12.6178
"4601",151,2018-05-30,NA,11.4877,12.6442
"4602",152,2018-05-31,NA,11.5053,12.6759
"4603",153,2018-06-01,NA,11.5233,12.7084
"4604",154,2018-06-02,NA,11.5419,12.7416
"4605",155,2018-06-03,NA,11.5618,12.7748
"4606",156,2018-06-04,NA,11.5832,12.81
"4607",157,2018-06-05,NA,11.6055,12.8449
"4608",158,2018-06-06,NA,11.6293,12.8765
"4609",159,2018-06-07,NA,11.6542,12.908
"4610",160,2018-06-08,NA,11.6797,12.9409
"4611",161,2018-06-09,NA,11.7063,12.9693
"4612",162,2018-06-10,NA,11.7347,12.9971
"4613",163,2018-06-11,NA,11.7635,13.0278
"4614",164,2018-06-12,NA,11.7935,13.0577
"4615",165,2018-06-13,NA,11.8236,13.0899
"4616",166,2018-06-14,NA,11.8531,13.12
"4617",167,2018-06-15,NA,11.882,13.1507
"4618",168,2018-06-16,NA,11.9111,13.1843
"4619",169,2018-06-17,NA,11.9394,13.2168
"4620",170,2018-06-18,NA,11.9663,13.2465
"4621",171,2018-06-19,NA,11.9938,13.2782
"4622",172,2018-06-20,NA,12.0229,13.3081
"4623",173,2018-06-21,NA,12.0531,13.3386
"4624",174,2018-06-22,NA,12.0839,13.3688
"4625",175,2018-06-23,NA,12.1155,13.4032
"4626",176,2018-06-24,NA,12.1472,13.4347
"4627",177,2018-06-25,NA,12.1788,13.4624
"4628",178,2018-06-26,NA,12.211,13.4892
"4629",179,2018-06-27,NA,12.2432,13.5163
"4630",180,2018-06-28,NA,12.2772,13.5463
"4631",181,2018-06-29,NA,12.3139,13.5752
"4632",182,2018-06-30,NA,12.3516,13.6042
"4633",183,2018-07-01,NA,12.3884,13.629
"4634",184,2018-07-02,NA,12.4248,13.6543
"4635",185,2018-07-03,NA,12.4606,13.6829
"4636",186,2018-07-04,NA,12.4957,13.7122
"4637",187,2018-07-05,NA,12.5306,13.7408
"4638",188,2018-07-06,NA,12.5663,13.7723
"4639",189,2018-07-07,NA,12.6023,13.808
"4640",190,2018-07-08,NA,12.6381,13.8499
"4641",191,2018-07-09,NA,12.6745,13.8901
"4642",192,2018-07-10,NA,12.7117,13.9345
"4643",193,2018-07-11,NA,12.7495,13.9827
"4644",194,2018-07-12,NA,12.789,14.0363
"4645",195,2018-07-13,NA,12.8287,14.0886
"4646",196,2018-07-14,NA,12.8693,14.1412
"4647",197,2018-07-15,NA,12.9093,14.1927
"4648",198,2018-07-16,NA,12.9492,14.2439
"4649",199,2018-07-17,NA,12.9884,14.2939
"4650",200,2018-07-18,NA,13.0272,14.3471
"4651",201,2018-07-19,NA,13.0661,14.4003
"4652",202,2018-07-20,NA,13.1034,14.4498
"4653",203,2018-07-21,NA,13.1377,14.4975
"4654",204,2018-07-22,NA,13.1691,14.5423
"4655",205,2018-07-23,NA,13.197,14.5835
"4656",206,2018-07-24,NA,13.2223,14.6175
"4657",207,2018-07-25,NA,13.2458,14.6454
"4658",208,2018-07-26,NA,13.2687,14.675
"4659",209,2018-07-27,NA,13.2906,14.7018
"4660",210,2018-07-28,NA,13.3118,14.7268
"4661",211,2018-07-29,NA,13.332,14.7497
"4662",212,2018-07-30,NA,13.3507,14.7735
"4663",213,2018-07-31,NA,13.3685,14.799
"4664",214,2018-08-01,NA,13.3858,14.8277
"4665",215,2018-08-02,NA,13.403,14.8617
"4666",216,2018-08-03,NA,13.4213,14.8984
"4667",217,2018-08-04,NA,13.4403,14.94
"4668",218,2018-08-05,NA,13.4608,14.9837
"4669",219,2018-08-06,NA,13.4821,15.0267
"4670",220,2018-08-07,NA,13.5037,15.0704
"4671",221,2018-08-08,NA,13.5251,15.1063
"4672",222,2018-08-09,NA,13.5449,15.1375
"4673",223,2018-08-10,NA,13.5618,15.1624
"4674",224,2018-08-11,NA,13.5755,15.1812
"4675",225,2018-08-12,NA,13.5863,15.1913
"4676",226,2018-08-13,NA,13.5951,15.2
"4677",227,2018-08-14,NA,13.6017,15.2016
"4678",228,2018-08-15,NA,13.6071,15.2016
"4679",229,2018-08-16,NA,13.6091,15.199
"4680",230,2018-08-17,NA,13.6081,15.1942
"4681",231,2018-08-18,NA,13.6057,15.1868
"4682",232,2018-08-19,NA,13.6024,15.1795
"4683",233,2018-08-20,NA,13.5997,15.1745
"4684",234,2018-08-21,NA,13.5993,15.1723
"4685",235,2018-08-22,NA,13.6016,15.1738
"4686",236,2018-08-23,NA,13.6068,15.1772
"4687",237,2018-08-24,NA,13.6139,15.1839
"4688",238,2018-08-25,NA,13.6227,15.2066
"4689",239,2018-08-26,NA,13.6324,15.2305
"4690",240,2018-08-27,NA,13.6437,15.2575
"4691",241,2018-08-28,NA,13.6555,15.284
"4692",242,2018-08-29,NA,13.6666,15.3084
"4693",243,2018-08-30,NA,13.6772,15.3304
"4694",244,2018-08-31,NA,13.6867,15.3444
"4695",245,2018-09-01,NA,13.695,15.3505
"4696",246,2018-09-02,NA,13.7025,15.3492
"4697",247,2018-09-03,NA,13.7093,15.3475
"4698",248,2018-09-04,NA,13.7151,15.3414
"4699",249,2018-09-05,NA,13.7187,15.3357
"4700",250,2018-09-06,NA,13.7201,15.3283
"4701",251,2018-09-07,NA,13.7191,15.3174
"4702",252,2018-09-08,NA,13.7172,15.3067
"4703",253,2018-09-09,NA,13.7162,15.3005
"4704",254,2018-09-10,NA,13.716,15.2998
"4705",255,2018-09-11,NA,13.7171,15.3014
"4706",256,2018-09-12,NA,13.7196,15.3029
"4707",257,2018-09-13,NA,13.7222,15.3047
"4708",258,2018-09-14,NA,13.7254,15.3115
"4709",259,2018-09-15,NA,13.7292,15.3161
"4710",260,2018-09-16,NA,13.7346,15.3203
"4711",261,2018-09-17,NA,13.7416,15.3229
"4712",262,2018-09-18,NA,13.7507,15.3265
"4713",263,2018-09-19,NA,13.7612,15.3307
"4714",264,2018-09-20,NA,13.7716,15.3351
"4715",265,2018-09-21,NA,13.7807,15.3402
"4716",266,2018-09-22,NA,13.7876,15.3423
"4717",267,2018-09-23,NA,13.7919,15.3443
"4718",268,2018-09-24,NA,13.7949,15.3445
"4719",269,2018-09-25,NA,13.7965,15.3335
"4720",270,2018-09-26,NA,13.7974,15.3258
"4721",271,2018-09-27,NA,13.7981,15.3196
"4722",272,2018-09-28,NA,13.7989,15.3175
"4723",273,2018-09-29,NA,13.7992,15.316
"4724",274,2018-09-30,NA,13.7986,15.315
"4725",275,2018-10-01,NA,13.7974,15.3195
"4726",276,2018-10-02,NA,13.7967,15.3267
"4727",277,2018-10-03,NA,13.7969,15.3384
"4728",278,2018-10-04,NA,13.7985,15.3464
"4729",279,2018-10-05,NA,13.8014,15.3534
"4730",280,2018-10-06,NA,13.8045,15.3592
"4731",281,2018-10-07,NA,13.8076,15.3665
"4732",282,2018-10-08,NA,13.81,15.3754
"4733",283,2018-10-09,NA,13.8108,15.385
"4734",284,2018-10-10,NA,13.8095,15.3912
"4735",285,2018-10-11,NA,13.8076,15.3959
"4736",286,2018-10-12,NA,13.806,15.4
"4737",287,2018-10-13,NA,13.8039,15.4041
"4738",288,2018-10-14,NA,13.8014,15.4031
"4739",289,2018-10-15,NA,13.7988,15.4015
"4740",290,2018-10-16,NA,13.7945,15.3998
"4741",291,2018-10-17,NA,13.7896,15.3966
"4742",292,2018-10-18,NA,13.7841,15.3931
"4743",293,2018-10-19,NA,13.7777,15.389
"4744",294,2018-10-20,NA,13.7694,15.3831
"4745",295,2018-10-21,NA,13.7599,15.3758
"4746",296,2018-10-22,NA,13.749,15.3635
"4747",297,2018-10-23,NA,13.7379,15.3538
"4748",298,2018-10-24,NA,13.7262,15.3441
"4749",299,2018-10-25,NA,13.7134,15.333
"4750",300,2018-10-26,NA,13.6977,15.3168
"4751",301,2018-10-27,NA,13.6802,15.2938
"4752",302,2018-10-28,NA,13.6598,15.2693
"4753",303,2018-10-29,NA,13.6371,15.2422
"4754",304,2018-10-30,NA,13.6126,15.2125
"4755",305,2018-10-31,NA,13.5887,15.1822
"4756",306,2018-11-01,NA,13.5668,15.1525
"4757",307,2018-11-02,NA,13.5458,15.1256
"4758",308,2018-11-03,NA,13.5238,15.0948
"4759",309,2018-11-04,NA,13.5011,15.0649
"4760",310,2018-11-05,NA,13.4782,15.0378
"4761",311,2018-11-06,NA,13.4565,15.0111
"4762",312,2018-11-07,NA,13.4364,14.9871
"4763",313,2018-11-08,NA,13.4188,14.9659
"4764",314,2018-11-09,NA,13.4041,14.9509
"4765",315,2018-11-10,NA,13.3918,14.9416
"4766",316,2018-11-11,NA,13.3802,14.9337
"4767",317,2018-11-12,NA,13.3681,14.9266
"4768",318,2018-11-13,NA,13.3558,14.9198
"4769",319,2018-11-14,NA,13.344,14.9196
"4770",320,2018-11-15,NA,13.3328,14.9184
"4771",321,2018-11-16,NA,13.3239,14.921
"4772",322,2018-11-17,NA,13.3164,14.9253
"4773",323,2018-11-18,NA,13.3092,14.9315
"4774",324,2018-11-19,NA,13.3017,14.9367
"4775",325,2018-11-20,NA,13.295,14.9454
"4776",326,2018-11-21,NA,13.2898,14.9518
"4777",327,2018-11-22,NA,13.2867,14.9612
"4778",328,2018-11-23,NA,13.2855,14.9677
"4779",329,2018-11-24,NA,13.2862,14.974
"4780",330,2018-11-25,16.03,13.2879,14.9789
"4781",331,2018-11-26,15.92,13.2913,14.9891
"4782",332,2018-11-27,16.3,13.2947,14.9975
"4783",333,2018-11-28,16.44,13.2986,15.0056
"4784",334,2018-11-29,16.55,13.3043,15.0141
"4785",335,2018-11-30,15.98,13.312,15.0236
"4786",336,2018-12-01,13.45,13.3195,15.0284
"4787",337,2018-12-02,12.39,13.3259,15.0322
"4788",338,2018-12-03,12.95,13.3313,15.0324
"4789",339,2018-12-04,13.53,13.3361,15.0341
"4790",340,2018-12-05,14.91,13.3398,15.0367
"4791",341,2018-12-06,14.25,13.3423,15.0375
"4792",342,2018-12-07,14.64,13.3431,15.0372
"4793",343,2018-12-08,14.48,13.3422,15.0339
"4794",344,2018-12-09,14.69,13.3395,15.0279
"4795",345,2018-12-10,15.03,13.3345,15.015
"4796",346,2018-12-11,14.92,13.3271,14.9977
"4797",347,2018-12-12,14.83,13.3183,14.9797
"4798",348,2018-12-13,15.18,13.3084,14.953
"4799",349,2018-12-14,15.25,13.2975,14.9232
"4800",350,2018-12-15,15.12,13.2854,14.882
"4801",351,2018-12-16,14.7,13.2716,14.8395
"4802",352,2018-12-17,14.81,13.2567,14.796
"4803",353,2018-12-18,14.54,13.2409,14.7537
"4804",354,2018-12-19,14.49,13.2246,14.7101
"4805",355,2018-12-20,14.44,13.2081,14.6664
"4806",356,2018-12-21,14.64,13.1907,14.6202
"4807",357,2018-12-22,14.6,13.1725,14.575
"4808",358,2018-12-23,14.62,13.1523,14.5292
"4809",359,2018-12-24,14.81,13.1302,14.484
"4810",360,2018-12-25,14.59,13.1065,14.4399
"4811",361,2018-12-26,13.76,13.0822,14.3969
"4812",362,2018-12-27,13.44,13.0576,14.3543
"4813",363,2018-12-28,12.82,13.0332,14.3138
"4814",364,2018-12-29,12.63,13.009,14.2735
"4815",365,2018-12-30,13.3,12.9848,14.234
"4816",366,2018-12-31,12.77,12.9605,14.1971
"4817",1,2019-01-01,12.2,12.9365,14.1655
"4818",2,2019-01-02,12.48,12.9131,14.1358
"4819",3,2019-01-03,12.6,12.8909,14.1095
"4820",4,2019-01-04,12.78,12.8702,14.0832
"4821",5,2019-01-05,12.98,12.8507,14.0569
"4822",6,2019-01-06,12.76,12.8321,14.0306
"4823",7,2019-01-07,12.9,12.8146,14.004
"4824",8,2019-01-08,13.03,12.7982,13.9782
"4825",9,2019-01-09,13.11,12.7831,13.9517
"4826",10,2019-01-10,13.52,12.7694,13.9268
"4827",11,2019-01-11,13.61,12.757,13.9019
"4828",12,2019-01-12,13.39,12.7458,13.8777
"4829",13,2019-01-13,14.05,12.7355,13.8624
"4830",14,2019-01-14,13.82,12.7257,13.8499
"4831",15,2019-01-15,13.81,12.7162,13.8481
"4832",16,2019-01-16,14,12.7069,13.8467
"4833",17,2019-01-17,14.13,12.6976,13.8462
"4834",18,2019-01-18,14.25,12.6889,13.8458
"4835",19,2019-01-19,14.24,12.6806,13.8467
"4836",20,2019-01-20,14.24,12.6728,13.8476
"4837",21,2019-01-21,14.06,12.6653,13.8483
"4838",22,2019-01-22,14.04,12.6583,13.8499
"4839",23,2019-01-23,13.9,12.652,13.8493
"4840",24,2019-01-24,13.91,12.6461,13.8448
"4841",25,2019-01-25,13.84,12.6406,13.8386
"4842",26,2019-01-26,13.78,12.6349,13.8322
"4843",27,2019-01-27,13.78,12.629,13.8257
"4844",28,2019-01-28,13.85,12.6232,13.8183
"4845",29,2019-01-29,13.79,12.6164,13.8109
"4846",30,2019-01-30,13.63,12.6083,13.8028
"4847",31,2019-01-31,13.72,12.5986,13.7942
"4848",32,2019-02-01,13.91,12.5874,13.7855
"4849",33,2019-02-02,13.97,12.5743,13.7762
"4850",34,2019-02-03,14.17,12.5593,13.7685
"4851",35,2019-02-04,14.12,12.5427,13.7639
"4852",36,2019-02-05,13.89,12.525,13.7608
"4853",37,2019-02-06,13.86,12.5071,13.7585
"4854",38,2019-02-07,13.63,12.4892,13.7566
"4855",39,2019-02-08,13.6,12.4706,13.7547
"4856",40,2019-02-09,13.71,12.4514,13.7534
"4857",41,2019-02-10,13.8,12.4319,13.752
"4858",42,2019-02-11,13.45,12.4127,13.7488
"4859",43,2019-02-12,13.26,12.3937,13.7441
"4860",44,2019-02-13,13.21,12.3755,13.7391
"4861",45,2019-02-14,13.38,12.3582,13.7333
"4862",46,2019-02-15,13.54,12.3423,13.7272
"4863",47,2019-02-16,13.52,12.3275,13.7202
"4864",48,2019-02-17,13.4,12.3126,13.7125
"4865",49,2019-02-18,12.85,12.2966,13.7029
"4866",50,2019-02-19,12.69,12.28,13.6929
"4867",51,2019-02-20,12.61,12.2625,13.6826
"4868",52,2019-02-21,12.24,12.2441,13.672
"4869",53,2019-02-22,12.07,12.2244,13.6613
"4870",54,2019-02-23,12.18,12.2035,13.6508
"4871",55,2019-02-24,12.28,12.1812,13.6433
"4872",56,2019-02-25,12.22,12.158,13.6359
"4873",57,2019-02-26,12.13,12.1337,13.6282
"4874",58,2019-02-27,12.55,12.1078,13.6196
"4875",59,2019-02-28,12.31,12.0808,13.6122
"4876",61,2019-03-01,12.38,12.0285,13.592
"4877",62,2019-03-02,12.66,12.0039,13.5773
"4878",63,2019-03-03,12.97,11.9805,13.56
"4879",64,2019-03-04,12.86,11.9576,13.5392
"4880",65,2019-03-05,12.76,11.9353,13.5147
"4881",66,2019-03-06,13.01,11.9133,13.4848
"4882",67,2019-03-07,13.16,11.8909,13.4534
"4883",68,2019-03-08,13.12,11.8676,13.4208
"4884",69,2019-03-09,12.71,11.8437,13.3882
"4885",70,2019-03-10,12.56,11.8198,13.3521
"4886",71,2019-03-11,12.72,11.7953,13.3142
"4887",72,2019-03-12,12.53,11.7698,13.272
"4888",73,2019-03-13,11.79,11.7431,13.2293
"4889",74,2019-03-14,10.87,11.7147,13.1856
"4890",75,2019-03-15,10.8,11.6847,13.1407
"4891",76,2019-03-16,11.19,11.6531,13.094
"4892",77,2019-03-17,11.41,11.6199,13.0475
"4893",78,2019-03-18,11.63,11.5858,13.0013
"4894",79,2019-03-19,12.07,11.5517,12.9561
"4895",80,2019-03-20,12.55,11.5181,12.9128
"4896",81,2019-03-21,12.65,11.4845,12.869
"4897",82,2019-03-22,12.96,11.4511,12.8252
"4898",83,2019-03-23,13.05,11.4181,12.7818
"4899",84,2019-03-24,12.55,11.3856,12.7398
"4900",85,2019-03-25,12.7,11.3545,12.7
"4901",86,2019-03-26,13.01,11.3251,12.6615
"4902",87,2019-03-27,13,11.2969,12.6238
"4903",88,2019-03-28,13.56,11.2707,12.588
"4904",89,2019-03-29,13.27,11.2469,12.5535
"4905",90,2019-03-30,12.26,11.2248,12.518
"4906",91,2019-03-31,12.31,11.2042,12.4839
"4907",92,2019-04-01,12.52,11.1847,12.4593
"4908",93,2019-04-02,12.42,11.1663,12.4365
"4909",94,2019-04-03,12.71,11.1489,12.4125
"4910",95,2019-04-04,12.59,11.1325,12.3875
"4911",96,2019-04-05,13.1,11.1168,12.3669
"4912",97,2019-04-06,14.2,11.1024,12.3462
"4913",98,2019-04-07,13.41,11.0893,12.3246
"4914",99,2019-04-08,12.52,11.0758,12.3011
"4915",100,2019-04-09,12.24,11.0613,12.276
"4916",101,2019-04-10,12.23,11.0462,12.2535
"4917",102,2019-04-11,10.45,11.0305,12.2324
"4918",103,2019-04-12,10.4,11.0149,12.2132
"4919",104,2019-04-13,9.7,11,12.1988
"4920",105,2019-04-14,9.65,10.9862,12.1867
"4921",106,2019-04-15,10.23,10.9742,12.1761
"4922",107,2019-04-16,10.77,10.9647,12.168
"4923",108,2019-04-17,10.85,10.9567,12.1585
"4924",109,2019-04-18,10.85,10.9501,12.1525
"4925",110,2019-04-19,11.03,10.9464,12.1531
"4926",111,2019-04-20,11.22,10.9453,12.1602
"4927",112,2019-04-21,11.77,10.9469,12.17
"4928",113,2019-04-22,11.29,10.9523,12.1848
"4929",114,2019-04-23,10.5,10.9606,12.1997
"4930",115,2019-04-24,11.46,10.9707,12.2146
"4931",116,2019-04-25,11.52,10.9826,12.23
"4932",117,2019-04-26,11.98,10.9955,12.2438
"4933",118,2019-04-27,NA,11.0085,12.2573
"4934",119,2019-04-28,NA,11.0218,12.2678
"4935",120,2019-04-29,NA,11.0359,12.2762
"4936",121,2019-04-30,13.09,11.0502,12.2847
"4937",122,2019-05-01,12.7,11.0642,12.2908
"4938",123,2019-05-02,13.55,11.0767,12.2876
"4939",124,2019-05-03,13.79,11.0872,12.2833
"4940",125,2019-05-04,13.06,11.0961,12.2803
"4941",126,2019-05-05,12.92,11.1039,12.2792
"4942",127,2019-05-06,12.48,11.111,12.2756
"4943",128,2019-05-07,12.44,11.1174,12.2745
"4944",129,2019-05-08,12.64,11.124,12.2762
"4945",130,2019-05-09,13.69,11.1322,12.2813
"4946",131,2019-05-10,13.87,11.1417,12.2886
"4947",132,2019-05-11,13.27,11.1522,12.2973
"4948",133,2019-05-12,12.52,11.1646,12.3084
"4949",134,2019-05-13,12.49,11.1789,12.3243
"4950",135,2019-05-14,12.49,11.1954,12.3419
"4951",136,2019-05-15,11.77,11.214,12.3606
"4952",137,2019-05-16,11.88,11.2338,12.3799
"4953",138,2019-05-17,12.01,11.2539,12.4003
"4954",139,2019-05-18,12.43,11.2752,12.4252
"4955",140,2019-05-19,11.66,11.2963,12.4469
"4956",141,2019-05-20,11.42,11.3155,12.4643
"4957",142,2019-05-21,11.88,11.3338,12.4774
"4958",143,2019-05-22,11.71,11.3521,12.4907
"4959",144,2019-05-23,10.62,11.3693,12.5024
"4960",145,2019-05-24,10.31,11.3867,12.5173
"4961",146,2019-05-25,10.87,11.4043,12.5361
"4962",147,2019-05-26,NA,11.4212,12.5547
"4963",148,2019-05-27,NA,11.4383,12.5735
"4964",149,2019-05-28,12.03,11.4556,12.5934
"4965",150,2019-05-29,11.79,11.4718,12.6178
"4966",151,2019-05-30,10.64,11.4877,12.6442
"4967",152,2019-05-31,10.74,11.5053,12.6759
"4968",153,2019-06-01,10.71,11.5233,12.7084
"4969",154,2019-06-02,10.83,11.5419,12.7416
"4970",155,2019-06-03,11.45,11.5618,12.7748
"4971",156,2019-06-04,11.82,11.5832,12.81
"4972",157,2019-06-05,11.37,11.6055,12.8449
"4973",158,2019-06-06,11.62,11.6293,12.8765
"4974",159,2019-06-07,12.39,11.6542,12.908
"4975",160,2019-06-08,10.12,11.6797,12.9409
"4976",161,2019-06-09,10.66,11.7063,12.9693
"4977",162,2019-06-10,11.62,11.7347,12.9971
"4978",163,2019-06-11,12.65,11.7635,13.0278
"4979",164,2019-06-12,12.8,11.7935,13.0577
"4980",165,2019-06-13,13.3,11.8236,13.0899
"4981",166,2019-06-14,13.17,11.8531,13.12
"4982",167,2019-06-15,12.45,11.882,13.1507
"4983",168,2019-06-16,12.68,11.9111,13.1843
"4984",169,2019-06-17,11.74,11.9394,13.2168
"4985",170,2019-06-18,11.58,11.9663,13.2465
"4986",171,2019-06-19,12.02,11.9938,13.2782
"4987",172,2019-06-20,12.42,12.0229,13.3081
"4988",173,2019-06-21,11.95,12.0531,13.3386
"4989",174,2019-06-22,12.44,12.0839,13.3688
"4990",175,2019-06-23,12.72,12.1155,13.4032
"4991",176,2019-06-24,14.65,12.1472,13.4347
"4992",177,2019-06-25,14.57,12.1788,13.4624
"4993",178,2019-06-26,13.76,12.211,13.4892
"4994",179,2019-06-27,15.19,12.2432,13.5163
"4995",180,2019-06-28,13.6,12.2772,13.5463
"4996",181,2019-06-29,12.82,12.3139,13.5752
"4997",182,2019-06-30,12.8,12.3516,13.6042
"4998",183,2019-07-01,12.9,12.3884,13.629
"4999",184,2019-07-02,12.76,12.4248,13.6543
"5000",185,2019-07-03,12.64,12.4606,13.6829
"5001",186,2019-07-04,11.49,12.4957,13.7122
"5002",187,2019-07-05,11.97,12.5306,13.7408
"5003",188,2019-07-06,12.45,12.5663,13.7723
"5004",189,2019-07-07,11.28,12.6023,13.808
"5005",190,2019-07-08,12.26,12.6381,13.8499
"5006",191,2019-07-09,12.8,12.6745,13.8901
"5007",192,2019-07-10,13.19,12.7117,13.9345
"5008",193,2019-07-11,13.58,12.7495,13.9827
"5009",194,2019-07-12,13.25,12.789,14.0363
"5010",195,2019-07-13,12.47,12.8287,14.0886
"5011",196,2019-07-14,11.8,12.8693,14.1412
"5012",197,2019-07-15,11.99,12.9093,14.1927
"5013",198,2019-07-16,12.63,12.9492,14.2439
"5014",199,2019-07-17,12.21,12.9884,14.2939
"5015",200,2019-07-18,11.11,13.0272,14.3471
"5016",201,2019-07-19,12.16,13.0661,14.4003
"5017",202,2019-07-20,11.83,13.1034,14.4498
"5018",203,2019-07-21,12.98,13.1377,14.4975
"5019",204,2019-07-22,12.87,13.1691,14.5423
"5020",205,2019-07-23,13.1,13.197,14.5835
"5021",206,2019-07-24,13.32,13.2223,14.6175
"5022",207,2019-07-25,13.45,13.2458,14.6454
"5023",208,2019-07-26,13.32,13.2687,14.675
"5024",209,2019-07-27,12.92,13.2906,14.7018
"5025",210,2019-07-28,11.86,13.3118,14.7268
"5026",211,2019-07-29,11.88,13.332,14.7497
"5027",212,2019-07-30,12.48,13.3507,14.7735
"5028",213,2019-07-31,12.57,13.3685,14.799
"5029",214,2019-08-01,12.43,13.3858,14.8277
"5030",215,2019-08-02,12.67,13.403,14.8617
"5031",216,2019-08-03,12.31,13.4213,14.8984
"5032",217,2019-08-04,12.3,13.4403,14.94
"5033",218,2019-08-05,12.47,13.4608,14.9837
"5034",219,2019-08-06,12.7,13.4821,15.0267
"5035",220,2019-08-07,12.95,13.5037,15.0704
"5036",221,2019-08-08,13.44,13.5251,15.1063
"5037",222,2019-08-09,13.89,13.5449,15.1375
"5038",223,2019-08-10,14.36,13.5618,15.1624
"5039",224,2019-08-11,14.2,13.5755,15.1812
"5040",225,2019-08-12,13.61,13.5863,15.1913
"5041",226,2019-08-13,13.09,13.5951,15.2
"5042",227,2019-08-14,13.45,13.6017,15.2016
"5043",228,2019-08-15,13.49,13.6071,15.2016
"5044",229,2019-08-16,13.08,13.6091,15.199
"5045",230,2019-08-17,14.44,13.6081,15.1942
"5046",231,2019-08-18,15.8,13.6057,15.1868
"5047",232,2019-08-19,15.8,13.6024,15.1795
"5048",233,2019-08-20,14.57,13.5997,15.1745
"5049",234,2019-08-21,13.29,13.5993,15.1723
"5050",235,2019-08-22,12.06,13.6016,15.1738
"5051",236,2019-08-23,12.49,13.6068,15.1772
"5052",237,2019-08-24,13.44,13.6139,15.1839
"5053",238,2019-08-25,13.53,13.6227,15.2066
"5054",239,2019-08-26,13.41,13.6324,15.2305
"5055",240,2019-08-27,13.25,13.6437,15.2575
"5056",241,2019-08-28,13.65,13.6555,15.284
"5057",242,2019-08-29,14.61,13.6666,15.3084
"5058",243,2019-08-30,14.96,13.6772,15.3304
"5059",244,2019-08-31,14.02,13.6867,15.3444
"5060",245,2019-09-01,14.15,13.695,15.3505
"5061",246,2019-09-02,13.6,13.7025,15.3492
"5062",247,2019-09-03,13.33,13.7093,15.3475
"5063",248,2019-09-04,12.96,13.7151,15.3414
"5064",249,2019-09-05,12.98,13.7187,15.3357
"5065",250,2019-09-06,13.35,13.7201,15.3283
"5066",251,2019-09-07,13.64,13.7191,15.3174
"5067",252,2019-09-08,13.54,13.7172,15.3067
"5068",253,2019-09-09,12.59,13.7162,15.3005
"5069",254,2019-09-10,12.2,13.716,15.2998
"5070",255,2019-09-11,11.9,13.7171,15.3014
"5071",256,2019-09-12,12.32,13.7196,15.3029
"5072",257,2019-09-13,12.68,13.7222,15.3047
"5073",258,2019-09-14,13.57,13.7254,15.3115
"5074",259,2019-09-15,13.8,13.7292,15.3161
"5075",260,2019-09-16,14.53,13.7346,15.3203
"5076",261,2019-09-17,14.38,13.7416,15.3229
"5077",262,2019-09-18,13.96,13.7507,15.3265
"5078",263,2019-09-19,12.99,13.7612,15.3307
"5079",264,2019-09-20,12.17,13.7716,15.3351
"5080",265,2019-09-21,12.74,13.7807,15.3402
"5081",266,2019-09-22,13,13.7876,15.3423
"5082",267,2019-09-23,13.03,13.7919,15.3443
"5083",268,2019-09-24,12.58,13.7949,15.3445
"5084",269,2019-09-25,12.84,13.7965,15.3335
"5085",270,2019-09-26,13.31,13.7974,15.3258
"5086",271,2019-09-27,13.5,13.7981,15.3196
"5087",272,2019-09-28,13.96,13.7989,15.3175
"5088",273,2019-09-29,12.88,13.7992,15.316
"5089",274,2019-09-30,12.84,13.7986,15.315
"5090",275,2019-10-01,12.54,13.7974,15.3195
"5091",276,2019-10-02,13.92,13.7967,15.3267
"5092",277,2019-10-03,13.51,13.7969,15.3384
"5093",278,2019-10-04,12.53,13.7985,15.3464
"5094",279,2019-10-05,13.79,13.8014,15.3534
"5095",280,2019-10-06,13.39,13.8045,15.3592
"5096",281,2019-10-07,13.43,13.8076,15.3665
"5097",282,2019-10-08,12.95,13.81,15.3754
"5098",283,2019-10-09,12.63,13.8108,15.385
"5099",284,2019-10-10,12.44,13.8095,15.3912
"5100",285,2019-10-11,12.25,13.8076,15.3959
"5101",286,2019-10-12,12.93,13.806,15.4
"5102",287,2019-10-13,13.5,13.8039,15.4041
"5103",288,2019-10-14,13.45,13.8014,15.4031
"5104",289,2019-10-15,13.25,13.7988,15.4015
"5105",290,2019-10-16,12.65,13.7945,15.3998
"5106",291,2019-10-17,12.6,13.7896,15.3966
"5107",292,2019-10-18,12.29,13.7841,15.3931
"5108",293,2019-10-19,11.65,13.7777,15.389
"5109",294,2019-10-20,11.74,13.7694,15.3831
"5110",295,2019-10-21,11.66,13.7599,15.3758
"5111",296,2019-10-22,11.78,13.749,15.3635
"5112",297,2019-10-23,12.08,13.7379,15.3538
"5113",298,2019-10-24,12.51,13.7262,15.3441
"5114",299,2019-10-25,14.03,13.7134,15.333
"5115",300,2019-10-26,14.16,13.6977,15.3168
"5116",301,2019-10-27,13.26,13.6802,15.2938
"5117",302,2019-10-28,12.97,13.6598,15.2693
"5118",303,2019-10-29,NA,13.6371,15.2422
"5119",304,2019-10-30,13.29,13.6126,15.2125
"5120",305,2019-10-31,13.17,13.5887,15.1822
"5121",306,2019-11-01,13.47,13.5668,15.1525
"5122",307,2019-11-02,13.94,13.5458,15.1256
"5123",308,2019-11-03,14.88,13.5238,15.0948
"5124",309,2019-11-04,14.52,13.5011,15.0649
"5125",310,2019-11-05,14.8,13.4782,15.0378
"5126",311,2019-11-06,14.66,13.4565,15.0111
"5127",312,2019-11-07,14.86,13.4364,14.9871
"5128",313,2019-11-08,15.02,13.4188,14.9659
"5129",314,2019-11-09,14.7,13.4041,14.9509
"5130",315,2019-11-10,13.97,13.3918,14.9416
"5131",316,2019-11-11,13.78,13.3802,14.9337
"5132",317,2019-11-12,14.77,13.3681,14.9266
"5133",318,2019-11-13,14.97,13.3558,14.9198
"5134",319,2019-11-14,15.19,13.344,14.9196
"5135",320,2019-11-15,15.49,13.3328,14.9184
"5136",321,2019-11-16,14.87,13.3239,14.921
"5137",322,2019-11-17,15.08,13.3164,14.9253
"5138",323,2019-11-18,14.85,13.3092,14.9315
"5139",324,2019-11-19,14.71,13.3017,14.9367
"5140",325,2019-11-20,12.74,13.295,14.9454
"5141",326,2019-11-21,12.76,13.2898,14.9518
"5142",327,2019-11-22,13.2,13.2867,14.9612
"5143",328,2019-11-23,13.4,13.2855,14.9677
"5144",329,2019-11-24,13.62,13.2862,14.974
"5145",330,2019-11-25,13.88,13.2879,14.9789
"5146",331,2019-11-26,13.46,13.2913,14.9891
"5147",332,2019-11-27,12.99,13.2947,14.9975
"5148",333,2019-11-28,13.31,13.2986,15.0056
"5149",334,2019-11-29,13.86,13.3043,15.0141
"5150",335,2019-11-30,13.51,13.312,15.0236
"5151",336,2019-12-01,13.29,13.3195,15.0284
"5152",337,2019-12-02,13.74,13.3259,15.0322
"5153",338,2019-12-03,13.69,13.3313,15.0324
"5154",339,2019-12-04,13.91,13.3361,15.0341
"5155",340,2019-12-05,14.15,13.3398,15.0367
"5156",341,2019-12-06,14.09,13.3423,15.0375
"5157",342,2019-12-07,14.36,13.3431,15.0372
"5158",343,2019-12-08,14.4,13.3422,15.0339
"5159",344,2019-12-09,14.36,13.3395,15.0279
"5160",345,2019-12-10,14.35,13.3345,15.015
"5161",346,2019-12-11,14.38,13.3271,14.9977
"5162",347,2019-12-12,14.68,13.3183,14.9797
"5163",348,2019-12-13,14.62,13.3084,14.953
"5164",349,2019-12-14,14.57,13.2975,14.9232
"5165",350,2019-12-15,13.32,13.2854,14.882
"5166",351,2019-12-16,12.91,13.2716,14.8395
"5167",352,2019-12-17,13.26,13.2567,14.796
"5168",353,2019-12-18,13.73,13.2409,14.7537
"5169",354,2019-12-19,13.9,13.2246,14.7101
"5170",355,2019-12-20,13.6,13.2081,14.6664
"5171",356,2019-12-21,13.64,13.1907,14.6202
"5172",357,2019-12-22,14.02,13.1725,14.575
"5173",358,2019-12-23,14.2,13.1523,14.5292
"5174",359,2019-12-24,13.81,13.1302,14.484
"5175",360,2019-12-25,13.8,13.1065,14.4399
"5176",361,2019-12-26,13.89,13.0822,14.3969
"5177",362,2019-12-27,13.76,13.0576,14.3543
"5178",363,2019-12-28,13.83,13.0332,14.3138
"5179",364,2019-12-29,13.6,13.009,14.2735
"5180",365,2019-12-30,13.81,12.9848,14.234
"5181",366,2019-12-31,13.86,12.9605,14.1971
"5182",1,2020-01-01,13.66,12.9365,14.1655
"5183",2,2020-01-02,13.69,12.9131,14.1358
"5184",3,2020-01-03,13.55,12.8909,14.1095
"5185",4,2020-01-04,13.57,12.8702,14.0832
"5186",5,2020-01-05,13.35,12.8507,14.0569
"5187",6,2020-01-06,13.11,12.8321,14.0306
"5188",7,2020-01-07,13.23,12.8146,14.004
"5189",8,2020-01-08,13.14,12.7982,13.9782
"5190",9,2020-01-09,12.92,12.7831,13.9517
"5191",10,2020-01-10,12.96,12.7694,13.9268
"5192",11,2020-01-11,12.97,12.757,13.9019
"5193",12,2020-01-12,12.95,12.7458,13.8777
"5194",13,2020-01-13,12.94,12.7355,13.8624
"5195",14,2020-01-14,12.71,12.7257,13.8499
"5196",15,2020-01-15,12.52,12.7162,13.8481
"5197",16,2020-01-16,12.41,12.7069,13.8467
"5198",17,2020-01-17,12.44,12.6976,13.8462
"5199",18,2020-01-18,12.58,12.6889,13.8458
"5200",19,2020-01-19,12.44,12.6806,13.8467
"5201",20,2020-01-20,12.75,12.6728,13.8476
"5202",21,2020-01-21,12.95,12.6653,13.8483
"5203",22,2020-01-22,13.01,12.6583,13.8499
"5204",23,2020-01-23,12.87,12.652,13.8493
"5205",24,2020-01-24,12.89,12.6461,13.8448
"5206",25,2020-01-25,12.92,12.6406,13.8386
"5207",26,2020-01-26,12.97,12.6349,13.8322
"5208",27,2020-01-27,12.6,12.629,13.8257
"5209",28,2020-01-28,12.68,12.6232,13.8183
"5210",29,2020-01-29,12.58,12.6164,13.8109
"5211",30,2020-01-30,12.45,12.6083,13.8028
"5212",31,2020-01-31,12.61,12.5986,13.7942
"5213",32,2020-02-01,12.75,12.5874,13.7855
"5214",33,2020-02-02,12.86,12.5743,13.7762
"5215",34,2020-02-03,12.36,12.5593,13.7685
"5216",35,2020-02-04,11.34,12.5427,13.7639
"5217",36,2020-02-05,11.31,12.525,13.7608
"5218",37,2020-02-06,12.02,12.5071,13.7585
"5219",38,2020-02-07,11.88,12.4892,13.7566
"5220",39,2020-02-08,12,12.4706,13.7547
"5221",40,2020-02-09,12.1,12.4514,13.7534
"5222",41,2020-02-10,12.09,12.4319,13.752
"5223",42,2020-02-11,12.72,12.4127,13.7488
"5224",43,2020-02-12,12.8,12.3937,13.7441
"5225",44,2020-02-13,12.71,12.3755,13.7391
"5226",45,2020-02-14,12.82,12.3582,13.7333
"5227",46,2020-02-15,12.65,12.3423,13.7272
"5228",47,2020-02-16,12.7,12.3275,13.7202
"5229",48,2020-02-17,12.7,12.3126,13.7125
"5230",49,2020-02-18,12.42,12.2966,13.7029
"5231",50,2020-02-19,12.35,12.28,13.6929
"5232",51,2020-02-20,12.45,12.2625,13.6826
"5233",52,2020-02-21,12.47,12.2441,13.672
"5234",53,2020-02-22,12.8,12.2244,13.6613
"5235",54,2020-02-23,12.78,12.2035,13.6508
"5236",55,2020-02-24,12.77,12.1812,13.6433
"5237",56,2020-02-25,12.72,12.158,13.6359
"5238",57,2020-02-26,12.83,12.1337,13.6282
"5239",58,2020-02-27,12.95,12.1078,13.6196
"5240",59,2020-02-28,13.01,12.0808,13.6122
"5241",60,2020-02-29,13.2,12.0542,13.6045
"5242",61,2020-03-01,13.16,12.0285,13.592
"5243",62,2020-03-02,12.27,12.0039,13.5773
"5244",63,2020-03-03,12.36,11.9805,13.56
"5245",64,2020-03-04,12.64,11.9576,13.5392
"5246",65,2020-03-05,12.95,11.9353,13.5147
"5247",66,2020-03-06,12.85,11.9133,13.4848
"5248",67,2020-03-07,13.03,11.8909,13.4534
"5249",68,2020-03-08,13.4,11.8676,13.4208
"5250",69,2020-03-09,13.56,11.8437,13.3882
"5251",70,2020-03-10,13.66,11.8198,13.3521
"5252",71,2020-03-11,13.52,11.7953,13.3142
"5253",72,2020-03-12,13.57,11.7698,13.272
"5254",73,2020-03-13,13.11,11.7431,13.2293
"5255",74,2020-03-14,13.42,11.7147,13.1856
"5256",75,2020-03-15,13.59,11.6847,13.1407
"5257",76,2020-03-16,13.71,11.6531,13.094
"5258",77,2020-03-17,13.63,11.6199,13.0475
"5259",78,2020-03-18,13.57,11.5858,13.0013
"5260",79,2020-03-19,13.68,11.5517,12.9561
"5261",80,2020-03-20,13.75,11.5181,12.9128
"5262",81,2020-03-21,14.1,11.4845,12.869
"5263",82,2020-03-22,14.22,11.4511,12.8252
"5264",83,2020-03-23,14.33,11.4181,12.7818
"5265",84,2020-03-24,14.33,11.3856,12.7398
"5266",85,2020-03-25,14.29,11.3545,12.7
"5267",86,2020-03-26,14.21,11.3251,12.6615
"5268",87,2020-03-27,13.77,11.2969,12.6238
"5269",88,2020-03-28,13.6,11.2707,12.588
"5270",89,2020-03-29,13.6,11.2469,12.5535
"5271",90,2020-03-30,13.56,11.2248,12.518
"5272",91,2020-03-31,13.07,11.2042,12.4839
"5273",92,2020-04-01,12.29,11.1847,12.4593
"5274",93,2020-04-02,10.88,11.1663,12.4365
"5275",94,2020-04-03,10.75,11.1489,12.4125
"5276",95,2020-04-04,10.2,11.1325,12.3875
"5277",96,2020-04-05,10.8,11.1168,12.3669
"5278",97,2020-04-06,10.84,11.1024,12.3462
"5279",98,2020-04-07,11.34,11.0893,12.3246
"5280",99,2020-04-08,11.37,11.0758,12.3011
"5281",100,2020-04-09,11.62,11.0613,12.276
"5282",101,2020-04-10,11.75,11.0462,12.2535
"5283",102,2020-04-11,12.04,11.0305,12.2324
"5284",103,2020-04-12,12.08,11.0149,12.2132
"5285",104,2020-04-13,11.75,11,12.1988
"5286",105,2020-04-14,11.58,10.9862,12.1867
"5287",106,2020-04-15,11.6,10.9742,12.1761
"5288",107,2020-04-16,11.7,10.9647,12.168
"5289",108,2020-04-17,11.94,10.9567,12.1585
"5290",109,2020-04-18,12.18,10.9501,12.1525
"5291",110,2020-04-19,12.09,10.9464,12.1531
"5292",111,2020-04-20,12.51,10.9453,12.1602
"5293",112,2020-04-21,12.53,10.9469,12.17
"5294",113,2020-04-22,12.18,10.9523,12.1848
"5295",114,2020-04-23,12.11,10.9606,12.1997
"5296",115,2020-04-24,10.91,10.9707,12.2146
"5297",116,2020-04-25,10.3,10.9826,12.23
"5298",117,2020-04-26,10.46,10.9955,12.2438
"5299",118,2020-04-27,10.44,11.0085,12.2573
"5300",119,2020-04-28,10,11.0218,12.2678
"5301",120,2020-04-29,9.92,11.0359,12.2762
"5302",121,2020-04-30,10.08,11.0502,12.2847
"5303",122,2020-05-01,10,11.0642,12.2908
"5304",123,2020-05-02,9.8,11.0767,12.2876
"5305",124,2020-05-03,10.01,11.0872,12.2833
"5306",125,2020-05-04,10.36,11.0961,12.2803
"5307",126,2020-05-05,10.23,11.1039,12.2792
"5308",127,2020-05-06,10.72,11.111,12.2756
"5309",128,2020-05-07,10.19,11.1174,12.2745
"5310",129,2020-05-08,10.43,11.124,12.2762
"5311",130,2020-05-09,10.81,11.1322,12.2813
"5312",131,2020-05-10,11.38,11.1417,12.2886
"5313",132,2020-05-11,12.31,11.1522,12.2973
"5314",133,2020-05-12,12.89,11.1646,12.3084
"5315",134,2020-05-13,12.59,11.1789,12.3243
"5316",135,2020-05-14,12.59,11.1954,12.3419
"5317",136,2020-05-15,13.33,11.214,12.3606
"5318",137,2020-05-16,12.32,11.2338,12.3799
"5319",138,2020-05-17,11.85,11.2539,12.4003
"5320",139,2020-05-18,11.46,11.2752,12.4252
"5321",140,2020-05-19,11.56,11.2963,12.4469
"5322",141,2020-05-20,13.52,11.3155,12.4643
"5323",142,2020-05-21,12.03,11.3338,12.4774
"5324",143,2020-05-22,11.47,11.3521,12.4907
"5325",144,2020-05-23,11.16,11.3693,12.5024
"5326",145,2020-05-24,10.18,11.3867,12.5173
"5327",146,2020-05-25,10.87,11.4043,12.5361
"5328",147,2020-05-26,10.78,11.4212,12.5547
"5329",148,2020-05-27,11.2,11.4383,12.5735
"5330",149,2020-05-28,11.45,11.4556,12.5934
"5331",150,2020-05-29,12.25,11.4718,12.6178
"5332",151,2020-05-30,12.77,11.4877,12.6442
"5333",152,2020-05-31,12.31,11.5053,12.6759
"5334",153,2020-06-01,13.01,11.5233,12.7084
"5335",154,2020-06-02,13.06,11.5419,12.7416
"5336",155,2020-06-03,12.91,11.5618,12.7748
"5337",156,2020-06-04,13.1,11.5832,12.81
"5338",157,2020-06-05,12.26,11.6055,12.8449
"5339",158,2020-06-06,12.48,11.6293,12.8765
"5340",159,2020-06-07,13.24,11.6542,12.908
"5341",160,2020-06-08,11.92,11.6797,12.9409
"5342",161,2020-06-09,10.18,11.7063,12.9693
"5343",162,2020-06-10,10.56,11.7347,12.9971
"5344",163,2020-06-11,10.6,11.7635,13.0278
"5345",164,2020-06-12,11.85,11.7935,13.0577
"5346",165,2020-06-13,11.44,11.8236,13.0899
"5347",166,2020-06-14,11.39,11.8531,13.12
"5348",167,2020-06-15,11.78,11.882,13.1507
"5349",168,2020-06-16,11.66,11.9111,13.1843
"5350",169,2020-06-17,11.52,11.9394,13.2168
"5351",170,2020-06-18,10.6,11.9663,13.2465
"5352",171,2020-06-19,11.05,11.9938,13.2782
"5353",172,2020-06-20,11.74,12.0229,13.3081
"5354",173,2020-06-21,12.38,12.0531,13.3386
"5355",174,2020-06-22,12.42,12.0839,13.3688
"5356",175,2020-06-23,12.31,12.1155,13.4032
"5357",176,2020-06-24,12.92,12.1472,13.4347
"5358",177,2020-06-25,12.49,12.1788,13.4624
"5359",178,2020-06-26,12.52,12.211,13.4892
"5360",179,2020-06-27,13.28,12.2432,13.5163
"5361",180,2020-06-28,13.62,12.2772,13.5463
"5362",181,2020-06-29,13.36,12.3139,13.5752
"5363",182,2020-06-30,13.62,12.3516,13.6042
"5364",183,2020-07-01,13.5,12.3884,13.629
"5365",184,2020-07-02,13.51,12.4248,13.6543
"5366",185,2020-07-03,13.42,12.4606,13.6829
"5367",186,2020-07-04,13.7,12.4957,13.7122
"5368",187,2020-07-05,13.12,12.5306,13.7408
"5369",188,2020-07-06,13.53,12.5663,13.7723
"5370",189,2020-07-07,12.72,12.6023,13.808
"5371",190,2020-07-08,10.97,12.6381,13.8499
"5372",191,2020-07-09,11.14,12.6745,13.8901
"5373",192,2020-07-10,11.65,12.7117,13.9345
"5374",193,2020-07-11,12.65,12.7495,13.9827
"5375",194,2020-07-12,12.96,12.789,14.0363
"5376",195,2020-07-13,12.74,12.8287,14.0886
"5377",196,2020-07-14,12.31,12.8693,14.1412
"5378",197,2020-07-15,12.22,12.9093,14.1927
"5379",198,2020-07-16,13.6,12.9492,14.2439
"5380",199,2020-07-17,13.2,12.9884,14.2939
"5381",200,2020-07-18,14.01,13.0272,14.3471
"5382",201,2020-07-19,13.19,13.0661,14.4003
"5383",202,2020-07-20,13.86,13.1034,14.4498
"5384",203,2020-07-21,14.06,13.1377,14.4975
"5385",204,2020-07-22,12.92,13.1691,14.5423
"5386",205,2020-07-23,13.02,13.197,14.5835
"5387",206,2020-07-24,13.54,13.2223,14.6175
"5388",207,2020-07-25,13.11,13.2458,14.6454
"5389",208,2020-07-26,13.16,13.2687,14.675
"5390",209,2020-07-27,13.92,13.2906,14.7018
"5391",210,2020-07-28,14.47,13.3118,14.7268
"5392",211,2020-07-29,14.48,13.332,14.7497
"5393",212,2020-07-30,14.33,13.3507,14.7735
"5394",213,2020-07-31,14.03,13.3685,14.799
"5395",214,2020-08-01,13.23,13.3858,14.8277
"5396",215,2020-08-02,12.33,13.403,14.8617
"5397",216,2020-08-03,11.85,13.4213,14.8984
"5398",217,2020-08-04,12.32,13.4403,14.94
"5399",218,2020-08-05,11.5,13.4608,14.9837
"5400",219,2020-08-06,11.98,13.4821,15.0267
"5401",220,2020-08-07,11.88,13.5037,15.0704
"5402",221,2020-08-08,11.77,13.5251,15.1063
"5403",222,2020-08-09,12.64,13.5449,15.1375
"5404",223,2020-08-10,12.8,13.5618,15.1624
"5405",224,2020-08-11,13.05,13.5755,15.1812
"5406",225,2020-08-12,13.08,13.5863,15.1913
"5407",226,2020-08-13,12.75,13.5951,15.2
"5408",227,2020-08-14,12.4,13.6017,15.2016
"5409",228,2020-08-15,12.46,13.6071,15.2016
"5410",229,2020-08-16,14.21,13.6091,15.199
"5411",230,2020-08-17,13.54,13.6081,15.1942
"5412",231,2020-08-18,13.49,13.6057,15.1868
"5413",232,2020-08-19,12.7,13.6024,15.1795
"5414",233,2020-08-20,12.3,13.5997,15.1745
"5415",234,2020-08-21,12.21,13.5993,15.1723
"5416",235,2020-08-22,11.96,13.6016,15.1738
"5417",236,2020-08-23,12.37,13.6068,15.1772
"5418",237,2020-08-24,12.91,13.6139,15.1839
"5419",238,2020-08-25,13.74,13.6227,15.2066
"5420",239,2020-08-26,13.97,13.6324,15.2305
"5421",240,2020-08-27,13.65,13.6437,15.2575
"5422",241,2020-08-28,13.22,13.6555,15.284
"5423",242,2020-08-29,13.29,13.6666,15.3084
"5424",243,2020-08-30,13.91,13.6772,15.3304
"5425",244,2020-08-31,14.08,13.6867,15.3444
"5426",245,2020-09-01,13.97,13.695,15.3505
"5427",246,2020-09-02,15.22,13.7025,15.3492
"5428",247,2020-09-03,14.13,13.7093,15.3475
"5429",248,2020-09-04,12.89,13.7151,15.3414
"5430",249,2020-09-05,12.39,13.7187,15.3357
"5431",250,2020-09-06,12.73,13.7201,15.3283
"5432",251,2020-09-07,12.78,13.7191,15.3174
"5433",252,2020-09-08,12.42,13.7172,15.3067
"5434",253,2020-09-09,12.85,13.7162,15.3005
"5435",254,2020-09-10,13.09,13.716,15.2998
"5436",255,2020-09-11,13.15,13.7171,15.3014
"5437",256,2020-09-12,13.23,13.7196,15.3029
"5438",257,2020-09-13,13.36,13.7222,15.3047
"5439",258,2020-09-14,13.7,13.7254,15.3115
"5440",259,2020-09-15,13.79,13.7292,15.3161
"5441",260,2020-09-16,13.83,13.7346,15.3203
"5442",261,2020-09-17,13.82,13.7416,15.3229
"5443",262,2020-09-18,13.88,13.7507,15.3265
"5444",263,2020-09-19,13.84,13.7612,15.3307
"5445",264,2020-09-20,13.48,13.7716,15.3351
"5446",265,2020-09-21,13.23,13.7807,15.3402
"5447",266,2020-09-22,13.47,13.7876,15.3423
"5448",267,2020-09-23,14.08,13.7919,15.3443
"5449",268,2020-09-24,13.84,13.7949,15.3445
"5450",269,2020-09-25,12.84,13.7965,15.3335
"5451",270,2020-09-26,12.5,13.7974,15.3258
"5452",271,2020-09-27,12.26,13.7981,15.3196
"5453",272,2020-09-28,13.07,13.7989,15.3175
"5454",273,2020-09-29,13.22,13.7992,15.316
"5455",274,2020-09-30,13.3,13.7986,15.315
"5456",275,2020-10-01,13.03,13.7974,15.3195
"5457",276,2020-10-02,13.13,13.7967,15.3267
"5458",277,2020-10-03,13.56,13.7969,15.3384
"5459",278,2020-10-04,12.98,13.7985,15.3464
"5460",279,2020-10-05,14.14,13.8014,15.3534
"5461",280,2020-10-06,13.37,13.8045,15.3592
"5462",281,2020-10-07,13.19,13.8076,15.3665
"5463",282,2020-10-08,13.84,13.81,15.3754
"5464",283,2020-10-09,14.36,13.8108,15.385
"5465",284,2020-10-10,14.35,13.8095,15.3912
"5466",285,2020-10-11,14.41,13.8076,15.3959
"5467",286,2020-10-12,13.94,13.806,15.4
"5468",287,2020-10-13,13.86,13.8039,15.4041
"5469",288,2020-10-14,14.14,13.8014,15.4031
"5470",289,2020-10-15,14.61,13.7988,15.4015
"5471",290,2020-10-16,15.37,13.7945,15.3998
"5472",291,2020-10-17,15.82,13.7896,15.3966
"5473",292,2020-10-18,16.44,13.7841,15.3931
"5474",293,2020-10-19,14.88,13.7777,15.389
"5475",294,2020-10-20,13.76,13.7694,15.3831
"5476",295,2020-10-21,13.88,13.7599,15.3758
"5477",296,2020-10-22,15.34,13.749,15.3635
"5478",297,2020-10-23,15.7,13.7379,15.3538
"5479",298,2020-10-24,15.03,13.7262,15.3441
"5480",299,2020-10-25,15.17,13.7134,15.333
"5481",300,2020-10-26,14.59,13.6977,15.3168
"5482",301,2020-10-27,15.44,13.6802,15.2938
"5483",302,2020-10-28,16.71,13.6598,15.2693
"5484",303,2020-10-29,16.95,13.6371,15.2422
"5485",304,2020-10-30,15.74,13.6126,15.2125
"5486",305,2020-10-31,14.79,13.5887,15.1822
"5487",306,2020-11-01,14.55,13.5668,15.1525
"5488",307,2020-11-02,14.19,13.5458,15.1256
"5489",308,2020-11-03,14.08,13.5238,15.0948
"5490",309,2020-11-04,13.83,13.5011,15.0649
"5491",310,2020-11-05,14.23,13.4782,15.0378
"5492",311,2020-11-06,13.97,13.4565,15.0111
"5493",312,2020-11-07,12.39,13.4364,14.9871
"5494",313,2020-11-08,12.25,13.4188,14.9659
"5495",314,2020-11-09,11.31,13.4041,14.9509
"5496",315,2020-11-10,11.22,13.3918,14.9416
"5497",316,2020-11-11,11.38,13.3802,14.9337
"5498",317,2020-11-12,11.75,13.3681,14.9266
"5499",318,2020-11-13,12.5,13.3558,14.9198
"5500",319,2020-11-14,13.32,13.344,14.9196
"5501",320,2020-11-15,13.52,13.3328,14.9184
"5502",321,2020-11-16,13.37,13.3239,14.921
"5503",322,2020-11-17,13.19,13.3164,14.9253
"5504",323,2020-11-18,12.04,13.3092,14.9315
"5505",324,2020-11-19,12.3,13.3017,14.9367
"5506",325,2020-11-20,11.74,13.295,14.9454
"5507",326,2020-11-21,12.18,13.2898,14.9518
"5508",327,2020-11-22,11.78,13.2867,14.9612
"5509",328,2020-11-23,11.85,13.2855,14.9677
"5510",329,2020-11-24,11.48,13.2862,14.974
"5511",330,2020-11-25,11.35,13.2879,14.9789
"5512",331,2020-11-26,11.32,13.2913,14.9891
"5513",332,2020-11-27,11.33,13.2947,14.9975
"5514",333,2020-11-28,11.77,13.2986,15.0056
"5515",334,2020-11-29,11.42,13.3043,15.0141
"5516",335,2020-11-30,11.46,13.312,15.0236
"5517",336,2020-12-01,11.66,13.3195,15.0284
"5518",337,2020-12-02,11.66,13.3259,15.0322
"5519",338,2020-12-03,11.65,13.3313,15.0324
"5520",339,2020-12-04,11.78,13.3361,15.0341
"5521",340,2020-12-05,11.97,13.3398,15.0367
"5522",341,2020-12-06,12.09,13.3423,15.0375
"5523",342,2020-12-07,11.64,13.3431,15.0372
"5524",343,2020-12-08,11.78,13.3422,15.0339
"5525",344,2020-12-09,11.81,13.3395,15.0279
"5526",345,2020-12-10,11.83,13.3345,15.015
"5527",346,2020-12-11,12.11,13.3271,14.9977
"5528",347,2020-12-12,12.19,13.3183,14.9797
"5529",348,2020-12-13,12.3,13.3084,14.953
"5530",349,2020-12-14,12.46,13.2975,14.9232
"5531",350,2020-12-15,12.13,13.2854,14.882
"5532",351,2020-12-16,12.15,13.2716,14.8395
"5533",352,2020-12-17,12.33,13.2567,14.796
"5534",353,2020-12-18,11.5,13.2409,14.7537
"5535",354,2020-12-19,12.19,13.2246,14.7101
"5536",355,2020-12-20,11.69,13.2081,14.6664
"5537",356,2020-12-21,11.57,13.1907,14.6202
"5538",357,2020-12-22,11.77,13.1725,14.575
"5539",358,2020-12-23,12.11,13.1523,14.5292
"5540",359,2020-12-24,11.91,13.1302,14.484
"5541",360,2020-12-25,11.9,13.1065,14.4399
"5542",361,2020-12-26,12.26,13.0822,14.3969
"5543",362,2020-12-27,12.13,13.0576,14.3543
"5544",363,2020-12-28,12.5,13.0332,14.3138
"5545",364,2020-12-29,12.4,13.009,14.2735
"5546",365,2020-12-30,12.31,12.9848,14.234
"5547",366,2020-12-31,12.29,12.9605,14.1971
"5548",1,2021-01-01,12.15,12.9365,14.1655
"5549",2,2021-01-02,12.13,12.9131,14.1358
"5550",3,2021-01-03,12.27,12.8909,14.1095
"5551",4,2021-01-04,12.09,12.8702,14.0832
"5552",5,2021-01-05,12.26,12.8507,14.0569
"5553",6,2021-01-06,12.1,12.8321,14.0306
"5554",7,2021-01-07,11.9,12.8146,14.004
"5555",8,2021-01-08,12.05,12.7982,13.9782
"5556",9,2021-01-09,12.16,12.7831,13.9517
"5557",10,2021-01-10,12.32,12.7694,13.9268
"5558",11,2021-01-11,12.55,12.757,13.9019
"5559",12,2021-01-12,12.28,12.7458,13.8777
"5560",13,2021-01-13,12.83,12.7355,13.8624
"5561",14,2021-01-14,12.8,12.7257,13.8499
"5562",15,2021-01-15,12.73,12.7162,13.8481
"5563",16,2021-01-16,12.62,12.7069,13.8467
"5564",17,2021-01-17,12.18,12.6976,13.8462
"5565",18,2021-01-18,11.79,12.6889,13.8458
"5566",19,2021-01-19,12.01,12.6806,13.8467
"5567",20,2021-01-20,11.54,12.6728,13.8476
"5568",21,2021-01-21,11.7,12.6653,13.8483
"5569",22,2021-01-22,12.02,12.6583,13.8499
"5570",23,2021-01-23,12.16,12.652,13.8493
"5571",24,2021-01-24,12.1,12.6461,13.8448
"5572",25,2021-01-25,11.87,12.6406,13.8386
"5573",26,2021-01-26,10.76,12.6349,13.8322
"5574",27,2021-01-27,11.39,12.629,13.8257
"5575",28,2021-01-28,11.81,12.6232,13.8183
"5576",29,2021-01-29,12.53,12.6164,13.8109
"5577",30,2021-01-30,12.55,12.6083,13.8028
"5578",31,2021-01-31,12.61,12.5986,13.7942
"5579",32,2021-02-01,12.58,12.5874,13.7855
"5580",33,2021-02-02,12.51,12.5743,13.7762
"5581",34,2021-02-03,12.35,12.5593,13.7685
"5582",35,2021-02-04,12.16,12.5427,13.7639
"5583",36,2021-02-05,12.15,12.525,13.7608
"5584",37,2021-02-06,12,12.5071,13.7585
"5585",38,2021-02-07,12.13,12.4892,13.7566
"5586",39,2021-02-08,11.93,12.4706,13.7547
"5587",40,2021-02-09,12.22,12.4514,13.7534
"5588",41,2021-02-10,12.35,12.4319,13.752
"5589",42,2021-02-11,12.06,12.4127,13.7488
"5590",43,2021-02-12,11.81,12.3937,13.7441
"5591",44,2021-02-13,11.29,12.3755,13.7391
"5592",45,2021-02-14,11.28,12.3582,13.7333
"5593",46,2021-02-15,10.89,12.3423,13.7272
"5594",47,2021-02-16,10.63,12.3275,13.7202
"5595",48,2021-02-17,10.64,12.3126,13.7125
"5596",49,2021-02-18,9.91,12.2966,13.7029
"5597",50,2021-02-19,10.72,12.28,13.6929
"5598",51,2021-02-20,11.5,12.2625,13.6826
"5599",52,2021-02-21,10.47,12.2441,13.672
"5600",53,2021-02-22,10.36,12.2244,13.6613
"5601",54,2021-02-23,11.18,12.2035,13.6508
"5602",55,2021-02-24,11.31,12.1812,13.6433
"5603",56,2021-02-25,11.11,12.158,13.6359
"5604",57,2021-02-26,11.18,12.1337,13.6282
"5605",58,2021-02-27,11.1,12.1078,13.6196
"5606",59,2021-02-28,10.48,12.0808,13.6122
"5607",61,2021-03-01,10.86,12.0285,13.592
"5608",62,2021-03-02,11.51,12.0039,13.5773
"5609",63,2021-03-03,11.59,11.9805,13.56
"5610",64,2021-03-04,11.19,11.9576,13.5392
"5611",65,2021-03-05,10.98,11.9353,13.5147
"5612",66,2021-03-06,11.01,11.9133,13.4848
"5613",67,2021-03-07,10.95,11.8909,13.4534
"5614",68,2021-03-08,10.87,11.8676,13.4208
"5615",69,2021-03-09,10.63,11.8437,13.3882
"5616",70,2021-03-10,11.53,11.8198,13.3521
"5617",71,2021-03-11,11.26,11.7953,13.3142
"5618",72,2021-03-12,11.37,11.7698,13.272
"5619",73,2021-03-13,11.81,11.7431,13.2293
"5620",74,2021-03-14,11.71,11.7147,13.1856
"5621",75,2021-03-15,11.46,11.6847,13.1407
"5622",76,2021-03-16,10.96,11.6531,13.094
"5623",77,2021-03-17,10.51,11.6199,13.0475
"5624",78,2021-03-18,10.62,11.5858,13.0013
"5625",79,2021-03-19,11.01,11.5517,12.9561
"5626",80,2021-03-20,11,11.5181,12.9128
"5627",81,2021-03-21,11,11.4845,12.869
"5628",82,2021-03-22,10.64,11.4511,12.8252
"5629",83,2021-03-23,10.52,11.4181,12.7818
"5630",84,2021-03-24,9.58,11.3856,12.7398
"5631",85,2021-03-25,10.17,11.3545,12.7
"5632",86,2021-03-26,10.09,11.3251,12.6615
"5633",87,2021-03-27,10.73,11.2969,12.6238
"5634",88,2021-03-28,11.26,11.2707,12.588
"5635",89,2021-03-29,11.34,11.2469,12.5535
"5636",90,2021-03-30,11.17,11.2248,12.518
"5637",91,2021-03-31,11.52,11.2042,12.4839
"5638",92,2021-04-01,12.17,11.1847,12.4593
"5639",93,2021-04-02,12.19,11.1663,12.4365
"5640",94,2021-04-03,12.13,11.1489,12.4125
"5641",95,2021-04-04,11.72,11.1325,12.3875
"5642",96,2021-04-05,11.01,11.1168,12.3669
"5643",97,2021-04-06,10.28,11.1024,12.3462
"5644",98,2021-04-07,10.58,11.0893,12.3246
"5645",99,2021-04-08,10.9,11.0758,12.3011
"5646",100,2021-04-09,10.48,11.0613,12.276
"5647",101,2021-04-10,10.44,11.0462,12.2535
"5648",102,2021-04-11,9.72,11.0305,12.2324
"5649",103,2021-04-12,9.81,11.0149,12.2132
"5650",104,2021-04-13,9.91,11,12.1988
"5651",105,2021-04-14,9.73,10.9862,12.1867
"5652",106,2021-04-15,10.17,10.9742,12.1761
"5653",107,2021-04-16,10.7,10.9647,12.168
"5654",108,2021-04-17,10.72,10.9567,12.1585
"5655",109,2021-04-18,10.17,10.9501,12.1525
"5656",110,2021-04-19,10.19,10.9464,12.1531
"5657",111,2021-04-20,10.29,10.9453,12.1602
"5658",112,2021-04-21,10.18,10.9469,12.17
"5659",113,2021-04-22,10.6,10.9523,12.1848
"5660",114,2021-04-23,10.54,10.9606,12.1997
"5661",115,2021-04-24,10.72,10.9707,12.2146
"5662",116,2021-04-25,10.25,10.9826,12.23
"5663",117,2021-04-26,10.54,10.9955,12.2438
"5664",118,2021-04-27,11.08,11.0085,12.2573
"5665",119,2021-04-28,10.7,11.0218,12.2678
"5666",120,2021-04-29,10.78,11.0359,12.2762
"5667",121,2021-04-30,10.62,11.0502,12.2847
"5668",122,2021-05-01,10.34,11.0642,12.2908
"5669",123,2021-05-02,11.07,11.0767,12.2876
"5670",124,2021-05-03,9.9,11.0872,12.2833
"5671",125,2021-05-04,9.38,11.0961,12.2803
"5672",126,2021-05-05,9.74,11.1039,12.2792
"5673",127,2021-05-06,11.37,11.111,12.2756
"5674",128,2021-05-07,11.41,11.1174,12.2745
"5675",129,2021-05-08,11.36,11.124,12.2762
"5676",130,2021-05-09,10.51,11.1322,12.2813
"5677",131,2021-05-10,10.96,11.1417,12.2886
"5678",132,2021-05-11,11.42,11.1522,12.2973
"5679",133,2021-05-12,11.78,11.1646,12.3084
"5680",134,2021-05-13,12.17,11.1789,12.3243
"5681",135,2021-05-14,12.14,11.1954,12.3419
"5682",136,2021-05-15,11.96,11.214,12.3606
"5683",137,2021-05-16,11.05,11.2338,12.3799
"5684",138,2021-05-17,11.61,11.2539,12.4003
"5685",139,2021-05-18,12.2,11.2752,12.4252
"5686",140,2021-05-19,12.64,11.2963,12.4469
"5687",141,2021-05-20,NA,11.3155,12.4643
"5688",142,2021-05-21,11.67,11.3338,12.4774
"5689",143,2021-05-22,10.55,11.3521,12.4907
"5690",144,2021-05-23,10.14,11.3693,12.5024
"5691",145,2021-05-24,10.79,11.3867,12.5173
"5692",146,2021-05-25,10.93,11.4043,12.5361
"5693",147,2021-05-26,11.52,11.4212,12.5547
"5694",148,2021-05-27,10.71,11.4383,12.5735
"5695",149,2021-05-28,11.36,11.4556,12.5934
"5696",150,2021-05-29,10.73,11.4718,12.6178
"5697",151,2021-05-30,10.25,11.4877,12.6442
"5698",152,2021-05-31,10.09,11.5053,12.6759
"5699",153,2021-06-01,10.56,11.5233,12.7084
"5700",154,2021-06-02,11.29,11.5419,12.7416
"5701",155,2021-06-03,11.61,11.5618,12.7748
"5702",156,2021-06-04,12,11.5832,12.81
"5703",157,2021-06-05,11.75,11.6055,12.8449
"5704",158,2021-06-06,12.2,11.6293,12.8765
"5705",159,2021-06-07,11.93,11.6542,12.908
"5706",160,2021-06-08,12.7,11.6797,12.9409
"5707",161,2021-06-09,12.45,11.7063,12.9693
"5708",162,2021-06-10,12.72,11.7347,12.9971
"5709",163,2021-06-11,12.53,11.7635,13.0278
"5710",164,2021-06-12,12.07,11.7935,13.0577
"5711",165,2021-06-13,11.3,11.8236,13.0899
"5712",166,2021-06-14,11.06,11.8531,13.12
"5713",167,2021-06-15,11.23,11.882,13.1507
"5714",168,2021-06-16,10.47,11.9111,13.1843
"5715",169,2021-06-17,10.53,11.9394,13.2168
"5716",170,2021-06-18,11.05,11.9663,13.2465
"5717",171,2021-06-19,11.59,11.9938,13.2782
"5718",172,2021-06-20,12.23,12.0229,13.3081
"5719",173,2021-06-21,12.77,12.0531,13.3386
"5720",174,2021-06-22,13.23,12.0839,13.3688
"5721",175,2021-06-23,13.96,12.1155,13.4032
"5722",176,2021-06-24,14.27,12.1472,13.4347
"5723",177,2021-06-25,15.07,12.1788,13.4624
"5724",178,2021-06-26,14.58,12.211,13.4892
"5725",179,2021-06-27,12.92,12.2432,13.5163
"5726",180,2021-06-28,11.96,12.2772,13.5463
"5727",181,2021-06-29,11.36,12.3139,13.5752
"5728",182,2021-06-30,12.03,12.3516,13.6042
"5729",183,2021-07-01,12.7,12.3884,13.629
"5730",184,2021-07-02,13.2,12.4248,13.6543
"5731",185,2021-07-03,13.42,12.4606,13.6829
"5732",186,2021-07-04,13.99,12.4957,13.7122
"5733",187,2021-07-05,14.08,12.5306,13.7408
"5734",188,2021-07-06,14.08,12.5663,13.7723
"5735",189,2021-07-07,12.9,12.6023,13.808
"5736",190,2021-07-08,12.72,12.6381,13.8499
"5737",191,2021-07-09,12.28,12.6745,13.8901
"5738",192,2021-07-10,12.92,12.7117,13.9345
"5739",193,2021-07-11,13.48,12.7495,13.9827
"5740",194,2021-07-12,13.82,12.789,14.0363
"5741",195,2021-07-13,13.88,12.8287,14.0886
"5742",196,2021-07-14,13.76,12.8693,14.1412
"5743",197,2021-07-15,13.22,12.9093,14.1927
"5744",198,2021-07-16,13.56,12.9492,14.2439
"5745",199,2021-07-17,13.97,12.9884,14.2939
"5746",200,2021-07-18,14.19,13.0272,14.3471
"5747",201,2021-07-19,14.14,13.0661,14.4003
"5748",202,2021-07-20,14.21,13.1034,14.4498
"5749",203,2021-07-21,13.4,13.1377,14.4975
"5750",204,2021-07-22,13.74,13.1691,14.5423
"5751",205,2021-07-23,12.49,13.197,14.5835
"5752",206,2021-07-24,12.67,13.2223,14.6175
"5753",207,2021-07-25,12.99,13.2458,14.6454
"5754",208,2021-07-26,13.26,13.2687,14.675
"5755",209,2021-07-27,14,13.2906,14.7018
"5756",210,2021-07-28,14.5,13.3118,14.7268
"5757",211,2021-07-29,14.12,13.332,14.7497
"5758",212,2021-07-30,14.94,13.3507,14.7735
"5759",213,2021-07-31,15.64,13.3685,14.799
"5760",214,2021-08-01,15.94,13.3858,14.8277
"5761",215,2021-08-02,15.83,13.403,14.8617
"5762",216,2021-08-03,15.56,13.4213,14.8984
"5763",217,2021-08-04,14.44,13.4403,14.94
"5764",218,2021-08-05,13.52,13.4608,14.9837
"5765",219,2021-08-06,12.84,13.4821,15.0267
"5766",220,2021-08-07,11.73,13.5037,15.0704
"5767",221,2021-08-08,12.52,13.5251,15.1063
"5768",222,2021-08-09,13.24,13.5449,15.1375
"5769",223,2021-08-10,13.22,13.5618,15.1624
"5770",224,2021-08-11,13.04,13.5755,15.1812
"5771",225,2021-08-12,13.79,13.5863,15.1913
"5772",226,2021-08-13,14.14,13.5951,15.2
"5773",227,2021-08-14,15.92,13.6017,15.2016
"5774",228,2021-08-15,14.74,13.6071,15.2016
"5775",229,2021-08-16,13.39,13.6091,15.199
"5776",230,2021-08-17,13.47,13.6081,15.1942
"5777",231,2021-08-18,13.92,13.6057,15.1868
"5778",232,2021-08-19,14.22,13.6024,15.1795
"5779",233,2021-08-20,14.07,13.5997,15.1745
"5780",234,2021-08-21,14.41,13.5993,15.1723
"5781",235,2021-08-22,14.71,13.6016,15.1738
"5782",236,2021-08-23,15.11,13.6068,15.1772
"5783",237,2021-08-24,14.54,13.6139,15.1839
"5784",238,2021-08-25,15.2,13.6227,15.2066
"5785",239,2021-08-26,15.27,13.6324,15.2305
"5786",240,2021-08-27,14.61,13.6437,15.2575
"5787",241,2021-08-28,15.43,13.6555,15.284
"5788",242,2021-08-29,15.27,13.6666,15.3084
"5789",243,2021-08-30,14.93,13.6772,15.3304
"5790",244,2021-08-31,15.75,13.6867,15.3444
"5791",245,2021-09-01,15.96,13.695,15.3505
"5792",246,2021-09-02,15.91,13.7025,15.3492
"5793",247,2021-09-03,16.52,13.7093,15.3475
"5794",248,2021-09-04,16.54,13.7151,15.3414
"5795",249,2021-09-05,16.16,13.7187,15.3357
"5796",250,2021-09-06,16.27,13.7201,15.3283
"5797",251,2021-09-07,16.34,13.7191,15.3174
"5798",252,2021-09-08,17.26,13.7172,15.3067
"5799",253,2021-09-09,17.12,13.7162,15.3005
"5800",254,2021-09-10,16.7,13.716,15.2998
"5801",255,2021-09-11,16.16,13.7171,15.3014
"5802",256,2021-09-12,14.77,13.7196,15.3029
"5803",257,2021-09-13,14.2,13.7222,15.3047
"5804",258,2021-09-14,13.04,13.7254,15.3115
"5805",259,2021-09-15,14.23,13.7292,15.3161
"5806",260,2021-09-16,13.53,13.7346,15.3203
"5807",261,2021-09-17,13.42,13.7416,15.3229
"5808",262,2021-09-18,14.07,13.7507,15.3265
"5809",263,2021-09-19,14.95,13.7612,15.3307
"5810",264,2021-09-20,13.06,13.7716,15.3351
"5811",265,2021-09-21,13.13,13.7807,15.3402
"5812",266,2021-09-22,13.12,13.7876,15.3423
"5813",267,2021-09-23,13.12,13.7919,15.3443
"5814",268,2021-09-24,13.13,13.7949,15.3445
"5815",269,2021-09-25,13.86,13.7965,15.3335
"5816",270,2021-09-26,13.9,13.7974,15.3258
"5817",271,2021-09-27,13.3,13.7981,15.3196
"5818",272,2021-09-28,12.95,13.7989,15.3175
"5819",273,2021-09-29,12.78,13.7992,15.316
"5820",274,2021-09-30,12.78,13.7986,15.315
"5821",275,2021-10-01,12.89,13.7974,15.3195
"5822",276,2021-10-02,13.12,13.7967,15.3267
"5823",277,2021-10-03,13.33,13.7969,15.3384
"5824",278,2021-10-04,12.93,13.7985,15.3464
"5825",279,2021-10-05,13.95,13.8014,15.3534
"5826",280,2021-10-06,13.45,13.8045,15.3592
"5827",281,2021-10-07,13.11,13.8076,15.3665
"5828",282,2021-10-08,13.36,13.81,15.3754
"5829",283,2021-10-09,13.13,13.8108,15.385
"5830",284,2021-10-10,13.23,13.8095,15.3912
"5831",285,2021-10-11,13.35,13.8076,15.3959
"5832",286,2021-10-12,12.1,13.806,15.4
"5833",287,2021-10-13,12.05,13.8039,15.4041
"5834",288,2021-10-14,11.67,13.8014,15.4031
"5835",289,2021-10-15,11.81,13.7988,15.4015
"5836",290,2021-10-16,12.72,13.7945,15.3998
"5837",291,2021-10-17,13.77,13.7896,15.3966
"5838",292,2021-10-18,13.85,13.7841,15.3931
"5839",293,2021-10-19,12.2,13.7777,15.389
"5840",294,2021-10-20,12.01,13.7694,15.3831
"5841",295,2021-10-21,12.45,13.7599,15.3758
"5842",296,2021-10-22,12.89,13.749,15.3635
"5843",297,2021-10-23,13.12,13.7379,15.3538
"5844",298,2021-10-24,14.24,13.7262,15.3441
"5845",299,2021-10-25,14.54,13.7134,15.333
"5846",300,2021-10-26,13.71,13.6977,15.3168
"5847",301,2021-10-27,13.47,13.6802,15.2938
"5848",302,2021-10-28,13.63,13.6598,15.2693
"5849",303,2021-10-29,13.55,13.6371,15.2422
"5850",304,2021-10-30,13.17,13.6126,15.2125
"5851",305,2021-10-31,12.95,13.5887,15.1822
"5852",306,2021-11-01,13.05,13.5668,15.1525
"5853",307,2021-11-02,12.97,13.5458,15.1256
"5854",308,2021-11-03,13.02,13.5238,15.0948
"5855",309,2021-11-04,13.11,13.5011,15.0649
"5856",310,2021-11-05,12.43,13.4782,15.0378
"5857",311,2021-11-06,NA,13.4565,15.0111
"5858",312,2021-11-07,NA,13.4364,14.9871
"5859",313,2021-11-08,NA,13.4188,14.9659
"5860",314,2021-11-09,NA,13.4041,14.9509
"5861",315,2021-11-10,NA,13.3918,14.9416
"5862",316,2021-11-11,NA,13.3802,14.9337
"5863",317,2021-11-12,NA,13.3681,14.9266
"5864",318,2021-11-13,NA,13.3558,14.9198
"5865",319,2021-11-14,NA,13.344,14.9196
"5866",320,2021-11-15,NA,13.3328,14.9184
"5867",321,2021-11-16,NA,13.3239,14.921
"5868",322,2021-11-17,NA,13.3164,14.9253
"5869",323,2021-11-18,NA,13.3092,14.9315
"5870",324,2021-11-19,NA,13.3017,14.9367
"5871",325,2021-11-20,NA,13.295,14.9454
"5872",326,2021-11-21,NA,13.2898,14.9518
"5873",327,2021-11-22,NA,13.2867,14.9612
"5874",328,2021-11-23,NA,13.2855,14.9677
"5875",329,2021-11-24,NA,13.2862,14.974
"5876",330,2021-11-25,NA,13.2879,14.9789
"5877",331,2021-11-26,NA,13.2913,14.9891
"5878",332,2021-11-27,NA,13.2947,14.9975
"5879",333,2021-11-28,NA,13.2986,15.0056
"5880",334,2021-11-29,NA,13.3043,15.0141
"5881",335,2021-11-30,NA,13.312,15.0236
"5882",336,2021-12-01,NA,13.3195,15.0284
"5883",337,2021-12-02,NA,13.3259,15.0322
"5884",338,2021-12-03,NA,13.3313,15.0324
"5885",339,2021-12-04,NA,13.3361,15.0341
"5886",340,2021-12-05,NA,13.3398,15.0367
"5887",341,2021-12-06,NA,13.3423,15.0375
"5888",342,2021-12-07,NA,13.3431,15.0372
"5889",343,2021-12-08,NA,13.3422,15.0339
"5890",344,2021-12-09,NA,13.3395,15.0279
"5891",345,2021-12-10,NA,13.3345,15.015
"5892",346,2021-12-11,NA,13.3271,14.9977
"5893",347,2021-12-12,NA,13.3183,14.9797
"5894",348,2021-12-13,NA,13.3084,14.953
"5895",349,2021-12-14,NA,13.2975,14.9232
"5896",350,2021-12-15,NA,13.2854,14.882
"5897",351,2021-12-16,NA,13.2716,14.8395
"5898",352,2021-12-17,NA,13.2567,14.796
"5899",353,2021-12-18,NA,13.2409,14.7537
"5900",354,2021-12-19,NA,13.2246,14.7101
"5901",355,2021-12-20,NA,13.2081,14.6664
"5902",356,2021-12-21,NA,13.1907,14.6202
"5903",357,2021-12-22,NA,13.1725,14.575
"5904",358,2021-12-23,NA,13.1523,14.5292
"5905",359,2021-12-24,NA,13.1302,14.484
"5906",360,2021-12-25,NA,13.1065,14.4399
"5907",361,2021-12-26,NA,13.0822,14.3969
"5908",362,2021-12-27,NA,13.0576,14.3543
"5909",363,2021-12-28,NA,13.0332,14.3138
"5910",364,2021-12-29,NA,13.009,14.2735
"5911",365,2021-12-30,NA,12.9848,14.234
"5912",366,2021-12-31,NA,12.9605,14.1971
"5913",1,2022-01-01,NA,12.9365,14.1655
"5914",2,2022-01-02,NA,12.9131,14.1358
"5915",3,2022-01-03,NA,12.8909,14.1095
"5916",4,2022-01-04,NA,12.8702,14.0832
"5917",5,2022-01-05,NA,12.8507,14.0569
"5918",6,2022-01-06,NA,12.8321,14.0306
"5919",7,2022-01-07,NA,12.8146,14.004
"5920",8,2022-01-08,NA,12.7982,13.9782
"5921",9,2022-01-09,NA,12.7831,13.9517
"5922",10,2022-01-10,NA,12.7694,13.9268
"5923",11,2022-01-11,NA,12.757,13.9019
"5924",12,2022-01-12,NA,12.7458,13.8777
"5925",13,2022-01-13,NA,12.7355,13.8624
"5926",14,2022-01-14,NA,12.7257,13.8499
"5927",15,2022-01-15,NA,12.7162,13.8481
"5928",16,2022-01-16,NA,12.7069,13.8467
"5929",17,2022-01-17,NA,12.6976,13.8462
"5930",18,2022-01-18,NA,12.6889,13.8458
"5931",19,2022-01-19,NA,12.6806,13.8467
"5932",20,2022-01-20,NA,12.6728,13.8476
"5933",21,2022-01-21,NA,12.6653,13.8483
"5934",22,2022-01-22,NA,12.6583,13.8499
"5935",23,2022-01-23,NA,12.652,13.8493
"5936",24,2022-01-24,NA,12.6461,13.8448
"5937",25,2022-01-25,NA,12.6406,13.8386
"5938",26,2022-01-26,NA,12.6349,13.8322
"5939",27,2022-01-27,NA,12.629,13.8257
"5940",28,2022-01-28,NA,12.6232,13.8183
"5941",29,2022-01-29,NA,12.6164,13.8109
"5942",30,2022-01-30,NA,12.6083,13.8028
"5943",31,2022-01-31,NA,12.5986,13.7942
"5944",32,2022-02-01,NA,12.5874,13.7855
"5945",33,2022-02-02,NA,12.5743,13.7762
"5946",34,2022-02-03,NA,12.5593,13.7685
"5947",35,2022-02-04,NA,12.5427,13.7639
"5948",36,2022-02-05,NA,12.525,13.7608
"5949",37,2022-02-06,NA,12.5071,13.7585
"5950",38,2022-02-07,NA,12.4892,13.7566
"5951",39,2022-02-08,NA,12.4706,13.7547
"5952",40,2022-02-09,NA,12.4514,13.7534
"5953",41,2022-02-10,NA,12.4319,13.752
"5954",42,2022-02-11,NA,12.4127,13.7488
"5955",43,2022-02-12,NA,12.3937,13.7441
"5956",44,2022-02-13,NA,12.3755,13.7391
"5957",45,2022-02-14,NA,12.3582,13.7333
"5958",46,2022-02-15,NA,12.3423,13.7272
"5959",47,2022-02-16,NA,12.3275,13.7202
"5960",48,2022-02-17,NA,12.3126,13.7125
"5961",49,2022-02-18,NA,12.2966,13.7029
"5962",50,2022-02-19,NA,12.28,13.6929
"5963",51,2022-02-20,NA,12.2625,13.6826
"5964",52,2022-02-21,NA,12.2441,13.672
"5965",53,2022-02-22,NA,12.2244,13.6613
"5966",54,2022-02-23,NA,12.2035,13.6508
"5967",55,2022-02-24,NA,12.1812,13.6433
"5968",56,2022-02-25,NA,12.158,13.6359
"5969",57,2022-02-26,NA,12.1337,13.6282
"5970",58,2022-02-27,NA,12.1078,13.6196
"5971",59,2022-02-28,NA,12.0808,13.6122
"5972",61,2022-03-01,NA,12.0285,13.592
"5973",62,2022-03-02,NA,12.0039,13.5773
"5974",63,2022-03-03,NA,11.9805,13.56
"5975",64,2022-03-04,NA,11.9576,13.5392
"5976",65,2022-03-05,NA,11.9353,13.5147
"5977",66,2022-03-06,NA,11.9133,13.4848
"5978",67,2022-03-07,NA,11.8909,13.4534
"5979",68,2022-03-08,NA,11.8676,13.4208
"5980",69,2022-03-09,NA,11.8437,13.3882
"5981",70,2022-03-10,NA,11.8198,13.3521
"5982",71,2022-03-11,NA,11.7953,13.3142
"5983",72,2022-03-12,NA,11.7698,13.272
"5984",73,2022-03-13,NA,11.7431,13.2293
"5985",74,2022-03-14,NA,11.7147,13.1856
"5986",75,2022-03-15,NA,11.6847,13.1407
"5987",76,2022-03-16,NA,11.6531,13.094
"5988",77,2022-03-17,NA,11.6199,13.0475
"5989",78,2022-03-18,NA,11.5858,13.0013
"5990",79,2022-03-19,NA,11.5517,12.9561
"5991",80,2022-03-20,NA,11.5181,12.9128
"5992",81,2022-03-21,NA,11.4845,12.869
"5993",82,2022-03-22,NA,11.4511,12.8252
"5994",83,2022-03-23,NA,11.4181,12.7818
"5995",84,2022-03-24,NA,11.3856,12.7398
"5996",85,2022-03-25,NA,11.3545,12.7
"5997",86,2022-03-26,NA,11.3251,12.6615
"5998",87,2022-03-27,NA,11.2969,12.6238
"5999",88,2022-03-28,NA,11.2707,12.588
"6000",89,2022-03-29,NA,11.2469,12.5535
"6001",90,2022-03-30,NA,11.2248,12.518
"6002",91,2022-03-31,NA,11.2042,12.4839
"6003",92,2022-04-01,NA,11.1847,12.4593
"6004",93,2022-04-02,NA,11.1663,12.4365
"6005",94,2022-04-03,NA,11.1489,12.4125
"6006",95,2022-04-04,NA,11.1325,12.3875
"6007",96,2022-04-05,NA,11.1168,12.3669
"6008",97,2022-04-06,NA,11.1024,12.3462
"6009",98,2022-04-07,NA,11.0893,12.3246
"6010",99,2022-04-08,NA,11.0758,12.3011
"6011",100,2022-04-09,NA,11.0613,12.276
"6012",101,2022-04-10,NA,11.0462,12.2535
"6013",102,2022-04-11,NA,11.0305,12.2324
"6014",103,2022-04-12,NA,11.0149,12.2132
"6015",104,2022-04-13,NA,11,12.1988
"6016",105,2022-04-14,NA,10.9862,12.1867
"6017",106,2022-04-15,NA,10.9742,12.1761
"6018",107,2022-04-16,NA,10.9647,12.168
"6019",108,2022-04-17,NA,10.9567,12.1585
"6020",109,2022-04-18,NA,10.9501,12.1525
"6021",110,2022-04-19,NA,10.9464,12.1531
"6022",111,2022-04-20,NA,10.9453,12.1602
"6023",112,2022-04-21,NA,10.9469,12.17
"6024",113,2022-04-22,NA,10.9523,12.1848
"6025",114,2022-04-23,NA,10.9606,12.1997
"6026",115,2022-04-24,NA,10.9707,12.2146
"6027",116,2022-04-25,NA,10.9826,12.23
"6028",117,2022-04-26,NA,10.9955,12.2438
"6029",118,2022-04-27,NA,11.0085,12.2573
"6030",119,2022-04-28,NA,11.0218,12.2678
"6031",120,2022-04-29,NA,11.0359,12.2762
"6032",121,2022-04-30,NA,11.0502,12.2847
"6033",122,2022-05-01,NA,11.0642,12.2908
"6034",123,2022-05-02,NA,11.0767,12.2876
"6035",124,2022-05-03,NA,11.0872,12.2833
"6036",125,2022-05-04,NA,11.0961,12.2803
"6037",126,2022-05-05,NA,11.1039,12.2792
"6038",127,2022-05-06,NA,11.111,12.2756
"6039",128,2022-05-07,NA,11.1174,12.2745
"6040",129,2022-05-08,NA,11.124,12.2762
"6041",130,2022-05-09,NA,11.1322,12.2813
"6042",131,2022-05-10,NA,11.1417,12.2886
"6043",132,2022-05-11,NA,11.1522,12.2973
"6044",133,2022-05-12,NA,11.1646,12.3084
"6045",134,2022-05-13,NA,11.1789,12.3243
"6046",135,2022-05-14,NA,11.1954,12.3419
"6047",136,2022-05-15,NA,11.214,12.3606
"6048",137,2022-05-16,NA,11.2338,12.3799
"6049",138,2022-05-17,NA,11.2539,12.4003
"6050",139,2022-05-18,NA,11.2752,12.4252
"6051",140,2022-05-19,NA,11.2963,12.4469
"6052",141,2022-05-20,NA,11.3155,12.4643
"6053",142,2022-05-21,NA,11.3338,12.4774
"6054",143,2022-05-22,NA,11.3521,12.4907
"6055",144,2022-05-23,NA,11.3693,12.5024
"6056",145,2022-05-24,NA,11.3867,12.5173
"6057",146,2022-05-25,NA,11.4043,12.5361
"6058",147,2022-05-26,NA,11.4212,12.5547
"6059",148,2022-05-27,NA,11.4383,12.5735
"6060",149,2022-05-28,NA,11.4556,12.5934
"6061",150,2022-05-29,NA,11.4718,12.6178
"6062",151,2022-05-30,NA,11.4877,12.6442
"6063",152,2022-05-31,NA,11.5053,12.6759
"6064",153,2022-06-01,NA,11.5233,12.7084
"6065",154,2022-06-02,NA,11.5419,12.7416
"6066",155,2022-06-03,NA,11.5618,12.7748
"6067",156,2022-06-04,NA,11.5832,12.81
"6068",157,2022-06-05,NA,11.6055,12.8449
"6069",158,2022-06-06,NA,11.6293,12.8765
"6070",159,2022-06-07,NA,11.6542,12.908
"6071",160,2022-06-08,NA,11.6797,12.9409
"6072",161,2022-06-09,NA,11.7063,12.9693
"6073",162,2022-06-10,NA,11.7347,12.9971
"6074",163,2022-06-11,NA,11.7635,13.0278
"6075",164,2022-06-12,NA,11.7935,13.0577
"6076",165,2022-06-13,NA,11.8236,13.0899
"6077",166,2022-06-14,NA,11.8531,13.12
"6078",167,2022-06-15,NA,11.882,13.1507
"6079",168,2022-06-16,NA,11.9111,13.1843
"6080",169,2022-06-17,NA,11.9394,13.2168
"6081",170,2022-06-18,NA,11.9663,13.2465
"6082",171,2022-06-19,NA,11.9938,13.2782
"6083",172,2022-06-20,NA,12.0229,13.3081
"6084",173,2022-06-21,NA,12.0531,13.3386
"6085",174,2022-06-22,NA,12.0839,13.3688
"6086",175,2022-06-23,NA,12.1155,13.4032
"6087",176,2022-06-24,NA,12.1472,13.4347
"6088",177,2022-06-25,NA,12.1788,13.4624
"6089",178,2022-06-26,NA,12.211,13.4892
"6090",179,2022-06-27,NA,12.2432,13.5163
"6091",180,2022-06-28,NA,12.2772,13.5463
"6092",181,2022-06-29,NA,12.3139,13.5752
"6093",182,2022-06-30,NA,12.3516,13.6042
"6094",183,2022-07-01,NA,12.3884,13.629
"6095",184,2022-07-02,NA,12.4248,13.6543
"6096",185,2022-07-03,NA,12.4606,13.6829
"6097",186,2022-07-04,NA,12.4957,13.7122
"6098",187,2022-07-05,NA,12.5306,13.7408
"6099",188,2022-07-06,NA,12.5663,13.7723
"6100",189,2022-07-07,NA,12.6023,13.808
"6101",190,2022-07-08,NA,12.6381,13.8499
"6102",191,2022-07-09,NA,12.6745,13.8901
"6103",192,2022-07-10,NA,12.7117,13.9345
"6104",193,2022-07-11,NA,12.7495,13.9827
"6105",194,2022-07-12,NA,12.789,14.0363
"6106",195,2022-07-13,NA,12.8287,14.0886
"6107",196,2022-07-14,NA,12.8693,14.1412
"6108",197,2022-07-15,NA,12.9093,14.1927
"6109",198,2022-07-16,NA,12.9492,14.2439
"6110",199,2022-07-17,NA,12.9884,14.2939
"6111",200,2022-07-18,NA,13.0272,14.3471
"6112",201,2022-07-19,NA,13.0661,14.4003
"6113",202,2022-07-20,NA,13.1034,14.4498
"6114",203,2022-07-21,NA,13.1377,14.4975
"6115",204,2022-07-22,NA,13.1691,14.5423
"6116",205,2022-07-23,NA,13.197,14.5835
"6117",206,2022-07-24,NA,13.2223,14.6175
"6118",207,2022-07-25,NA,13.2458,14.6454
"6119",208,2022-07-26,NA,13.2687,14.675
"6120",209,2022-07-27,NA,13.2906,14.7018
"6121",210,2022-07-28,NA,13.3118,14.7268
"6122",211,2022-07-29,NA,13.332,14.7497
"6123",212,2022-07-30,NA,13.3507,14.7735
"6124",213,2022-07-31,NA,13.3685,14.799
"6125",214,2022-08-01,NA,13.3858,14.8277
"6126",215,2022-08-02,NA,13.403,14.8617
"6127",216,2022-08-03,NA,13.4213,14.8984
"6128",217,2022-08-04,NA,13.4403,14.94
"6129",218,2022-08-05,NA,13.4608,14.9837
"6130",219,2022-08-06,NA,13.4821,15.0267
"6131",220,2022-08-07,NA,13.5037,15.0704
"6132",221,2022-08-08,NA,13.5251,15.1063
"6133",222,2022-08-09,NA,13.5449,15.1375
"6134",223,2022-08-10,NA,13.5618,15.1624
"6135",224,2022-08-11,NA,13.5755,15.1812
"6136",225,2022-08-12,NA,13.5863,15.1913
"6137",226,2022-08-13,NA,13.5951,15.2
"6138",227,2022-08-14,NA,13.6017,15.2016
"6139",228,2022-08-15,NA,13.6071,15.2016
"6140",229,2022-08-16,NA,13.6091,15.199
"6141",230,2022-08-17,NA,13.6081,15.1942
"6142",231,2022-08-18,NA,13.6057,15.1868
"6143",232,2022-08-19,NA,13.6024,15.1795
"6144",233,2022-08-20,NA,13.5997,15.1745
"6145",234,2022-08-21,NA,13.5993,15.1723
"6146",235,2022-08-22,NA,13.6016,15.1738
"6147",236,2022-08-23,NA,13.6068,15.1772
"6148",237,2022-08-24,NA,13.6139,15.1839
"6149",238,2022-08-25,NA,13.6227,15.2066
"6150",239,2022-08-26,NA,13.6324,15.2305
"6151",240,2022-08-27,NA,13.6437,15.2575
"6152",241,2022-08-28,NA,13.6555,15.284
"6153",242,2022-08-29,NA,13.6666,15.3084
"6154",243,2022-08-30,NA,13.6772,15.3304
"6155",244,2022-08-31,NA,13.6867,15.3444
"6156",245,2022-09-01,NA,13.695,15.3505
"6157",246,2022-09-02,NA,13.7025,15.3492
"6158",247,2022-09-03,NA,13.7093,15.3475
"6159",248,2022-09-04,NA,13.7151,15.3414
"6160",249,2022-09-05,NA,13.7187,15.3357
"6161",250,2022-09-06,NA,13.7201,15.3283
"6162",251,2022-09-07,NA,13.7191,15.3174
"6163",252,2022-09-08,NA,13.7172,15.3067
"6164",253,2022-09-09,NA,13.7162,15.3005
"6165",254,2022-09-10,NA,13.716,15.2998
"6166",255,2022-09-11,NA,13.7171,15.3014
"6167",256,2022-09-12,NA,13.7196,15.3029
"6168",257,2022-09-13,NA,13.7222,15.3047
"6169",258,2022-09-14,NA,13.7254,15.3115
"6170",259,2022-09-15,NA,13.7292,15.3161
"6171",260,2022-09-16,NA,13.7346,15.3203
"6172",261,2022-09-17,NA,13.7416,15.3229
"6173",262,2022-09-18,NA,13.7507,15.3265
"6174",263,2022-09-19,NA,13.7612,15.3307
"6175",264,2022-09-20,NA,13.7716,15.3351
"6176",265,2022-09-21,NA,13.7807,15.3402
"6177",266,2022-09-22,NA,13.7876,15.3423
"6178",267,2022-09-23,NA,13.7919,15.3443
"6179",268,2022-09-24,NA,13.7949,15.3445
"6180",269,2022-09-25,NA,13.7965,15.3335
"6181",270,2022-09-26,NA,13.7974,15.3258
"6182",271,2022-09-27,NA,13.7981,15.3196
"6183",272,2022-09-28,NA,13.7989,15.3175
"6184",273,2022-09-29,NA,13.7992,15.316
"6185",274,2022-09-30,NA,13.7986,15.315
"6186",275,2022-10-01,NA,13.7974,15.3195
"6187",276,2022-10-02,NA,13.7967,15.3267
"6188",277,2022-10-03,NA,13.7969,15.3384
"6189",278,2022-10-04,NA,13.7985,15.3464
"6190",279,2022-10-05,NA,13.8014,15.3534
"6191",280,2022-10-06,NA,13.8045,15.3592
"6192",281,2022-10-07,NA,13.8076,15.3665
"6193",282,2022-10-08,NA,13.81,15.3754
"6194",283,2022-10-09,NA,13.8108,15.385
"6195",284,2022-10-10,NA,13.8095,15.3912
"6196",285,2022-10-11,NA,13.8076,15.3959
"6197",286,2022-10-12,NA,13.806,15.4
"6198",287,2022-10-13,NA,13.8039,15.4041
"6199",288,2022-10-14,NA,13.8014,15.4031
"6200",289,2022-10-15,NA,13.7988,15.4015
"6201",290,2022-10-16,NA,13.7945,15.3998
"6202",291,2022-10-17,NA,13.7896,15.3966
"6203",292,2022-10-18,NA,13.7841,15.3931
"6204",293,2022-10-19,NA,13.7777,15.389
"6205",294,2022-10-20,NA,13.7694,15.3831
"6206",295,2022-10-21,NA,13.7599,15.3758
"6207",296,2022-10-22,NA,13.749,15.3635
"6208",297,2022-10-23,NA,13.7379,15.3538
"6209",298,2022-10-24,NA,13.7262,15.3441
"6210",299,2022-10-25,NA,13.7134,15.333
"6211",300,2022-10-26,NA,13.6977,15.3168
"6212",301,2022-10-27,NA,13.6802,15.2938
"6213",302,2022-10-28,NA,13.6598,15.2693
"6214",303,2022-10-29,NA,13.6371,15.2422
"6215",304,2022-10-30,NA,13.6126,15.2125
"6216",305,2022-10-31,NA,13.5887,15.1822
"6217",306,2022-11-01,NA,13.5668,15.1525
"6218",307,2022-11-02,NA,13.5458,15.1256
"6219",308,2022-11-03,NA,13.5238,15.0948
"6220",309,2022-11-04,NA,13.5011,15.0649
"6221",310,2022-11-05,NA,13.4782,15.0378
"6222",311,2022-11-06,NA,13.4565,15.0111
"6223",312,2022-11-07,NA,13.4364,14.9871
"6224",313,2022-11-08,NA,13.4188,14.9659
"6225",314,2022-11-09,11.53,13.4041,14.9509
"6226",315,2022-11-10,11.54,13.3918,14.9416
"6227",316,2022-11-11,11.96,13.3802,14.9337
"6228",317,2022-11-12,12.34,13.3681,14.9266
"6229",318,2022-11-13,11.61,13.3558,14.9198
"6230",319,2022-11-14,11.81,13.344,14.9196
"6231",320,2022-11-15,11.86,13.3328,14.9184
"6232",321,2022-11-16,NA,13.3239,14.921
"6233",322,2022-11-17,11.41,13.3164,14.9253
"6234",323,2022-11-18,11.41,13.3092,14.9315
"6235",324,2022-11-19,11.3,13.3017,14.9367
"6236",325,2022-11-20,11.51,13.295,14.9454
"6237",326,2022-11-21,11.66,13.2898,14.9518
"6238",327,2022-11-22,11.53,13.2867,14.9612
"6239",328,2022-11-23,11.58,13.2855,14.9677
"6240",329,2022-11-24,11.94,13.2862,14.974
"6241",330,2022-11-25,12.12,13.2879,14.9789
"6242",331,2022-11-26,11.94,13.2913,14.9891
"6243",332,2022-11-27,11.88,13.2947,14.9975
"6244",333,2022-11-28,12.14,13.2986,15.0056
"6245",334,2022-11-29,12.02,13.3043,15.0141
"6246",335,2022-11-30,12.48,13.312,15.0236
"6247",336,2022-12-01,12.37,13.3195,15.0284
"6248",337,2022-12-02,12.59,13.3259,15.0322
"6249",338,2022-12-03,12.99,13.3313,15.0324
"6250",339,2022-12-04,13.27,13.3361,15.0341
"6251",340,2022-12-05,13.27,13.3398,15.0367
"6252",341,2022-12-06,13.19,13.3423,15.0375
"6253",342,2022-12-07,12.94,13.3431,15.0372
"6254",343,2022-12-08,12.92,13.3422,15.0339
"6255",344,2022-12-09,13,13.3395,15.0279
"6256",345,2022-12-10,13.24,13.3345,15.015
"6257",346,2022-12-11,13.34,13.3271,14.9977
"6258",347,2022-12-12,13.44,13.3183,14.9797
"6259",348,2022-12-13,13.47,13.3084,14.953
"6260",349,2022-12-14,13.36,13.2975,14.9232
"6261",350,2022-12-15,13.11,13.2854,14.882
"6262",351,2022-12-16,13.15,13.2716,14.8395
"6263",352,2022-12-17,13.16,13.2567,14.796
"6264",353,2022-12-18,12.95,13.2409,14.7537
"6265",354,2022-12-19,12.96,13.2246,14.7101
"6266",355,2022-12-20,12.91,13.2081,14.6664
"6267",356,2022-12-21,13.05,13.1907,14.6202
"6268",357,2022-12-22,12.98,13.1725,14.575
"6269",358,2022-12-23,12.9,13.1523,14.5292
"6270",359,2022-12-24,12.71,13.1302,14.484
"6271",360,2022-12-25,12.44,13.1065,14.4399
"6272",361,2022-12-26,12.77,13.0822,14.3969
"6273",362,2022-12-27,12.63,13.0576,14.3543
"6274",363,2022-12-28,12.64,13.0332,14.3138
"6275",364,2022-12-29,12.68,13.009,14.2735
"6276",365,2022-12-30,12.63,12.9848,14.234
"6277",366,2022-12-31,12.87,12.9605,14.1971
"6278",1,2023-01-01,12.93,12.9365,14.1655
"6279",2,2023-01-02,11.76,12.9131,14.1358
"6280",3,2023-01-03,12.33,12.8909,14.1095
"6281",4,2023-01-04,12.76,12.8702,14.0832
"6282",5,2023-01-05,12.79,12.8507,14.0569
"6283",6,2023-01-06,13.02,12.8321,14.0306
"6284",7,2023-01-07,12.98,12.8146,14.004
"6285",8,2023-01-08,13.04,12.7982,13.9782
"6286",9,2023-01-09,13.15,12.7831,13.9517
"6287",10,2023-01-10,13.16,12.7694,13.9268
"6288",11,2023-01-11,13.18,12.757,13.9019
"6289",12,2023-01-12,13.33,12.7458,13.8777
"6290",13,2023-01-13,13.33,12.7355,13.8624
"6291",14,2023-01-14,13.44,12.7257,13.8499
"6292",15,2023-01-15,13.46,12.7162,13.8481
"6293",16,2023-01-16,13.33,12.7069,13.8467
"6294",17,2023-01-17,13.34,12.6976,13.8462
"6295",18,2023-01-18,13.26,12.6889,13.8458
"6296",19,2023-01-19,13.18,12.6806,13.8467
"6297",20,2023-01-20,13.07,12.6728,13.8476
"6298",21,2023-01-21,12.73,12.6653,13.8483
"6299",22,2023-01-22,12.73,12.6583,13.8499
"6300",23,2023-01-23,12.47,12.652,13.8493
"6301",24,2023-01-24,12.58,12.6461,13.8448
"6302",25,2023-01-25,12.75,12.6406,13.8386
"6303",26,2023-01-26,12.8,12.6349,13.8322
"6304",27,2023-01-27,12.45,12.629,13.8257
"6305",28,2023-01-28,12.11,12.6232,13.8183
"6306",29,2023-01-29,12.09,12.6164,13.8109
"6307",30,2023-01-30,11.74,12.6083,13.8028
"6308",31,2023-01-31,11.7,12.5986,13.7942
"6309",32,2023-02-01,11.62,12.5874,13.7855
"6310",33,2023-02-02,11.67,12.5743,13.7762
"6311",34,2023-02-03,11.89,12.5593,13.7685
"6312",35,2023-02-04,12.45,12.5427,13.7639
"6313",36,2023-02-05,12.69,12.525,13.7608
"6314",37,2023-02-06,12.09,12.5071,13.7585
"6315",38,2023-02-07,12.2,12.4892,13.7566
"6316",39,2023-02-08,12.18,12.4706,13.7547
"6317",40,2023-02-09,12.41,12.4514,13.7534
"6318",41,2023-02-10,12.44,12.4319,13.752
"6319",42,2023-02-11,12.39,12.4127,13.7488
"6320",43,2023-02-12,11.51,12.3937,13.7441
"6321",44,2023-02-13,11.28,12.3755,13.7391
"6322",45,2023-02-14,11.77,12.3582,13.7333
"6323",46,2023-02-15,10.43,12.3423,13.7272
"6324",47,2023-02-16,10.14,12.3275,13.7202
"6325",48,2023-02-17,10.42,12.3126,13.7125
"6326",49,2023-02-18,10.63,12.2966,13.7029
"6327",50,2023-02-19,11.28,12.28,13.6929
"6328",51,2023-02-20,11.17,12.2625,13.6826
"6329",52,2023-02-21,11.32,12.2441,13.672
"6330",53,2023-02-22,11.12,12.2244,13.6613
"6331",54,2023-02-23,10.03,12.2035,13.6508
"6332",55,2023-02-24,10.27,12.1812,13.6433
"6333",56,2023-02-25,10.28,12.158,13.6359
"6334",57,2023-02-26,10.38,12.1337,13.6282
"6335",58,2023-02-27,10.52,12.1078,13.6196
"6336",59,2023-02-28,10.55,12.0808,13.6122
"6337",61,2023-03-01,10.66,12.0285,13.592
"6338",62,2023-03-02,10.43,12.0039,13.5773
"6339",63,2023-03-03,10.34,11.9805,13.56
"6340",64,2023-03-04,10.45,11.9576,13.5392
"6341",65,2023-03-05,10.7,11.9353,13.5147
"6342",66,2023-03-06,10.74,11.9133,13.4848
"6343",67,2023-03-07,10.83,11.8909,13.4534
"6344",68,2023-03-08,10.71,11.8676,13.4208
"6345",69,2023-03-09,10.85,11.8437,13.3882
"6346",70,2023-03-10,11.03,11.8198,13.3521
"6347",71,2023-03-11,11.33,11.7953,13.3142
"6348",72,2023-03-12,11.77,11.7698,13.272
"6349",73,2023-03-13,12.05,11.7431,13.2293
"6350",74,2023-03-14,12.02,11.7147,13.1856
"6351",75,2023-03-15,12,11.6847,13.1407
"6352",76,2023-03-16,11.64,11.6531,13.094
"6353",77,2023-03-17,11.59,11.6199,13.0475
"6354",78,2023-03-18,11.68,11.5858,13.0013
"6355",79,2023-03-19,12.13,11.5517,12.9561
"6356",80,2023-03-20,12.07,11.5181,12.9128
"6357",81,2023-03-21,12.06,11.4845,12.869
"6358",82,2023-03-22,12.09,11.4511,12.8252
"6359",83,2023-03-23,12.09,11.4181,12.7818
"6360",84,2023-03-24,11.55,11.3856,12.7398
"6361",85,2023-03-25,11.08,11.3545,12.7
"6362",86,2023-03-26,10.35,11.3251,12.6615
"6363",87,2023-03-27,9.86,11.2969,12.6238
"6364",88,2023-03-28,10.39,11.2707,12.588
"6365",89,2023-03-29,10.25,11.2469,12.5535
"6366",90,2023-03-30,10.44,11.2248,12.518
"6367",91,2023-03-31,10.28,11.2042,12.4839
"6368",92,2023-04-01,10.63,11.1847,12.4593
"6369",93,2023-04-02,10.5,11.1663,12.4365
"6370",94,2023-04-03,10.4,11.1489,12.4125
"6371",95,2023-04-04,9.8,11.1325,12.3875
"6372",96,2023-04-05,9.5,11.1168,12.3669
"6373",97,2023-04-06,9.76,11.1024,12.3462
"6374",98,2023-04-07,10.29,11.0893,12.3246
"6375",99,2023-04-08,9.64,11.0758,12.3011
"6376",100,2023-04-09,10.4,11.0613,12.276
"6377",101,2023-04-10,10.34,11.0462,12.2535
"6378",102,2023-04-11,10.5,11.0305,12.2324
"6379",103,2023-04-12,10.35,11.0149,12.2132
"6380",104,2023-04-13,9.8,11,12.1988
"6381",105,2023-04-14,9.6,10.9862,12.1867
"6382",106,2023-04-15,9.51,10.9742,12.1761
"6383",107,2023-04-16,10.23,10.9647,12.168
"6384",108,2023-04-17,10.21,10.9567,12.1585
"6385",109,2023-04-18,10.36,10.9501,12.1525
"6386",110,2023-04-19,10.28,10.9464,12.1531
"6387",111,2023-04-20,9.99,10.9453,12.1602
"6388",112,2023-04-21,10.42,10.9469,12.17
"6389",113,2023-04-22,10.92,10.9523,12.1848
"6390",114,2023-04-23,10.91,10.9606,12.1997
"6391",115,2023-04-24,10.93,10.9707,12.2146
"6392",116,2023-04-25,10.17,10.9826,12.23
"6393",117,2023-04-26,9.6,10.9955,12.2438
"6394",118,2023-04-27,NA,11.0085,12.2573
"6395",119,2023-04-28,NA,11.0218,12.2678
"6396",120,2023-04-29,NA,11.0359,12.2762
"6397",121,2023-04-30,NA,11.0502,12.2847
"6398",122,2023-05-01,11.67,11.0642,12.2908
"6399",123,2023-05-02,10.25,11.0767,12.2876
"6400",124,2023-05-03,11.22,11.0872,12.2833
"6401",125,2023-05-04,11.45,11.0961,12.2803
"6402",126,2023-05-05,12.23,11.1039,12.2792
"6403",127,2023-05-06,11.47,11.111,12.2756
"6404",128,2023-05-07,11.36,11.1174,12.2745
"6405",129,2023-05-08,11.48,11.124,12.2762
"6406",130,2023-05-09,11.34,11.1322,12.2813
"6407",131,2023-05-10,11.24,11.1417,12.2886
"6408",132,2023-05-11,11.36,11.1522,12.2973
"6409",133,2023-05-12,10.91,11.1646,12.3084
"6410",134,2023-05-13,10.77,11.1789,12.3243
"6411",135,2023-05-14,10.78,11.1954,12.3419
"6412",136,2023-05-15,10.83,11.214,12.3606
"6413",137,2023-05-16,11.22,11.2338,12.3799
"6414",138,2023-05-17,11.48,11.2539,12.4003
"6415",139,2023-05-18,11.48,11.2752,12.4252
"6416",140,2023-05-19,11.33,11.2963,12.4469
"6417",141,2023-05-20,11.48,11.3155,12.4643
"6418",142,2023-05-21,11.99,11.3338,12.4774
"6419",143,2023-05-22,10.85,11.3521,12.4907
"6420",144,2023-05-23,10.69,11.3693,12.5024
"6421",145,2023-05-24,11.22,11.3867,12.5173
"6422",146,2023-05-25,11.27,11.4043,12.5361
"6423",147,2023-05-26,11.57,11.4212,12.5547
"6424",148,2023-05-27,NA,11.4383,12.5735
"6425",149,2023-05-28,NA,11.4556,12.5934
"6426",150,2023-05-29,12.12,11.4718,12.6178
"6427",151,2023-05-30,13.03,11.4877,12.6442
"6428",152,2023-05-31,13.12,11.5053,12.6759
"6429",153,2023-06-01,12.58,11.5233,12.7084
"6430",154,2023-06-02,12.28,11.5419,12.7416
"6431",155,2023-06-03,12.61,11.5618,12.7748
"6432",156,2023-06-04,12.43,11.5832,12.81
"6433",157,2023-06-05,11.99,11.6055,12.8449
"6434",158,2023-06-06,12.84,11.6293,12.8765
"6435",159,2023-06-07,12.92,11.6542,12.908
"6436",160,2023-06-08,13.6,11.6797,12.9409
"6437",161,2023-06-09,13.22,11.7063,12.9693
"6438",162,2023-06-10,13.13,11.7347,12.9971
"6439",163,2023-06-11,13.24,11.7635,13.0278
"6440",164,2023-06-12,13.59,11.7935,13.0577
"6441",165,2023-06-13,15.31,11.8236,13.0899
"6442",166,2023-06-14,14.71,11.8531,13.12
"6443",167,2023-06-15,13.61,11.882,13.1507
"6444",168,2023-06-16,15.37,11.9111,13.1843
"6445",169,2023-06-17,14.79,11.9394,13.2168
"6446",170,2023-06-18,13.98,11.9663,13.2465
"6447",171,2023-06-19,13.78,11.9938,13.2782
"6448",172,2023-06-20,13.53,12.0229,13.3081
"6449",173,2023-06-21,11.65,12.0531,13.3386
"6450",174,2023-06-22,11.18,12.0839,13.3688
"6451",175,2023-06-23,11.49,12.1155,13.4032
"6452",176,2023-06-24,12.54,12.1472,13.4347
"6453",177,2023-06-25,13.04,12.1788,13.4624
"6454",178,2023-06-26,12.69,12.211,13.4892
"6455",179,2023-06-27,12.26,12.2432,13.5163
"6456",180,2023-06-28,12,12.2772,13.5463
"6457",181,2023-06-29,12.16,12.3139,13.5752
"6458",182,2023-06-30,12.22,12.3516,13.6042
"6459",183,2023-07-01,12.58,12.3884,13.629
"6460",184,2023-07-02,12.13,12.4248,13.6543
"6461",185,2023-07-03,13.07,12.4606,13.6829
"6462",186,2023-07-04,12.63,12.4957,13.7122
"6463",187,2023-07-05,13.09,12.5306,13.7408
"6464",188,2023-07-06,13.78,12.5663,13.7723
"6465",189,2023-07-07,13.74,12.6023,13.808
"6466",190,2023-07-08,12.93,12.6381,13.8499
"6467",191,2023-07-09,12.55,12.6745,13.8901
"6468",192,2023-07-10,12.57,12.7117,13.9345
"6469",193,2023-07-11,12.57,12.7495,13.9827
"6470",194,2023-07-12,12.64,12.789,14.0363
"6471",195,2023-07-13,12.37,12.8287,14.0886
"6472",196,2023-07-14,13.14,12.8693,14.1412
"6473",197,2023-07-15,12.86,12.9093,14.1927
"6474",198,2023-07-16,11.52,12.9492,14.2439
"6475",199,2023-07-17,12.53,12.9884,14.2939
"6476",200,2023-07-18,12.42,13.0272,14.3471
"6477",201,2023-07-19,13.08,13.0661,14.4003
"6478",202,2023-07-20,12.29,13.1034,14.4498
"6479",203,2023-07-21,11.78,13.1377,14.4975
"6480",204,2023-07-22,11.8,13.1691,14.5423
"6481",205,2023-07-23,12.47,13.197,14.5835
"6482",206,2023-07-24,13.22,13.2223,14.6175
"6483",207,2023-07-25,13.18,13.2458,14.6454
"6484",208,2023-07-26,12.86,13.2687,14.675
"6485",209,2023-07-27,12.76,13.2906,14.7018
"6486",210,2023-07-28,12.92,13.3118,14.7268
"6487",211,2023-07-29,12.89,13.332,14.7497
"6488",212,2023-07-30,12.91,13.3507,14.7735
"6489",213,2023-07-31,12.46,13.3685,14.799
"6490",214,2023-08-01,11.75,13.3858,14.8277
"6491",215,2023-08-02,12.41,13.403,14.8617
"6492",216,2023-08-03,12.99,13.4213,14.8984
"6493",217,2023-08-04,12.73,13.4403,14.94
"6494",218,2023-08-05,12.06,13.4608,14.9837
"6495",219,2023-08-06,11.52,13.4821,15.0267
"6496",220,2023-08-07,11.83,13.5037,15.0704
"6497",221,2023-08-08,12.54,13.5251,15.1063
"6498",222,2023-08-09,13.65,13.5449,15.1375
"6499",223,2023-08-10,14.39,13.5618,15.1624
"6500",224,2023-08-11,14.9,13.5755,15.1812
"6501",225,2023-08-12,14.17,13.5863,15.1913
"6502",226,2023-08-13,15.29,13.5951,15.2
"6503",227,2023-08-14,13.95,13.6017,15.2016
"6504",228,2023-08-15,15.84,13.6071,15.2016
"6505",229,2023-08-16,14.35,13.6091,15.199
"6506",230,2023-08-17,15.94,13.6081,15.1942
"6507",231,2023-08-18,15.95,13.6057,15.1868
"6508",232,2023-08-19,15.83,13.6024,15.1795
"6509",233,2023-08-20,15.36,13.5997,15.1745
"6510",234,2023-08-21,14.93,13.5993,15.1723
"6511",235,2023-08-22,15.91,13.6016,15.1738
"6512",236,2023-08-23,15.54,13.6068,15.1772
"6513",237,2023-08-24,16.62,13.6139,15.1839
"6514",238,2023-08-25,17.76,13.6227,15.2066
"6515",239,2023-08-26,17.66,13.6324,15.2305
"6516",240,2023-08-27,16.44,13.6437,15.2575
"6517",241,2023-08-28,14.92,13.6555,15.284
"6518",242,2023-08-29,13.72,13.6666,15.3084
"6519",243,2023-08-30,12.82,13.6772,15.3304
"6520",244,2023-08-31,12.72,13.6867,15.3444
"6521",245,2023-09-01,13.45,13.695,15.3505
"6522",246,2023-09-02,14.07,13.7025,15.3492
"6523",247,2023-09-03,14.26,13.7093,15.3475
"6524",248,2023-09-04,14.44,13.7151,15.3414
"6525",249,2023-09-05,14.23,13.7187,15.3357
"6526",250,2023-09-06,14.11,13.7201,15.3283
"6527",251,2023-09-07,14.95,13.7191,15.3174
"6528",252,2023-09-08,14.97,13.7172,15.3067
"6529",253,2023-09-09,14.67,13.7162,15.3005
"6530",254,2023-09-10,14.65,13.716,15.2998
"6531",255,2023-09-11,14.17,13.7171,15.3014
"6532",256,2023-09-12,13.58,13.7196,15.3029
"6533",257,2023-09-13,13.47,13.7222,15.3047
"6534",258,2023-09-14,13.57,13.7254,15.3115
"6535",259,2023-09-15,13.79,13.7292,15.3161
"6536",260,2023-09-16,14.49,13.7346,15.3203
"6537",261,2023-09-17,15.13,13.7416,15.3229
"6538",262,2023-09-18,14.9,13.7507,15.3265
"6539",263,2023-09-19,14.57,13.7612,15.3307
"6540",264,2023-09-20,14.06,13.7716,15.3351
"6541",265,2023-09-21,14.44,13.7807,15.3402
"6542",266,2023-09-22,15.25,13.7876,15.3423
"6543",267,2023-09-23,15.36,13.7919,15.3443
"6544",268,2023-09-24,16.01,13.7949,15.3445
"6545",269,2023-09-25,15.79,13.7965,15.3335
"6546",270,2023-09-26,15.21,13.7974,15.3258
"6547",271,2023-09-27,13.85,13.7981,15.3196
"6548",272,2023-09-28,13.04,13.7989,15.3175
"6549",273,2023-09-29,12.58,13.7992,15.316
"6550",274,2023-09-30,12.84,13.7986,15.315
"6551",275,2023-10-01,13.13,13.7974,15.3195
"6552",276,2023-10-02,13.66,13.7967,15.3267
"6553",277,2023-10-03,14.91,13.7969,15.3384
"6554",278,2023-10-04,15.53,13.7985,15.3464
"6555",279,2023-10-05,15.19,13.8014,15.3534
"6556",280,2023-10-06,14.63,13.8045,15.3592
"6557",281,2023-10-07,14.49,13.8076,15.3665
"6558",282,2023-10-08,14.22,13.81,15.3754
"6559",283,2023-10-09,15.48,13.8108,15.385
"6560",284,2023-10-10,15.83,13.8095,15.3912
"6561",285,2023-10-11,14.53,13.8076,15.3959
"6562",286,2023-10-12,12.95,13.806,15.4
"6563",287,2023-10-13,12.95,13.8039,15.4041
"6564",288,2023-10-14,13.8,13.8014,15.4031
"6565",289,2023-10-15,13.58,13.7988,15.4015
"6566",290,2023-10-16,13.26,13.7945,15.3998
"6567",291,2023-10-17,13.2,13.7896,15.3966
"6568",292,2023-10-18,13.52,13.7841,15.3931
"6569",293,2023-10-19,13.85,13.7777,15.389
"6570",294,2023-10-20,13.99,13.7694,15.3831
"6571",295,2023-10-21,13.73,13.7599,15.3758
"6572",296,2023-10-22,13.95,13.749,15.3635
"6573",297,2023-10-23,13.95,13.7379,15.3538
"6574",298,2023-10-24,13.97,13.7262,15.3441
"6575",299,2023-10-25,13.54,13.7134,15.333
"6576",300,2023-10-26,14.19,13.6977,15.3168
"6577",301,2023-10-27,13.7,13.6802,15.2938
"6578",302,2023-10-28,13.08,13.6598,15.2693
"6579",303,2023-10-29,12.89,13.6371,15.2422
"6580",304,2023-10-30,13.38,13.6126,15.2125
"6581",305,2023-10-31,14.14,13.5887,15.1822
"6582",306,2023-11-01,14.62,13.5668,15.1525
"6583",307,2023-11-02,14.44,13.5458,15.1256
"6584",308,2023-11-03,13.5,13.5238,15.0948
"6585",309,2023-11-04,14.29,13.5011,15.0649
"6586",310,2023-11-05,13.72,13.4782,15.0378
"6587",311,2023-11-06,13.49,13.4565,15.0111
"6588",312,2023-11-07,13.28,13.4364,14.9871
"6589",313,2023-11-08,12.98,13.4188,14.9659
"6590",314,2023-11-09,13.17,13.4041,14.9509
"6591",315,2023-11-10,13.12,13.3918,14.9416
"6592",316,2023-11-11,13.35,13.3802,14.9337
"6593",317,2023-11-12,13.31,13.3681,14.9266
"6594",318,2023-11-13,14.03,13.3558,14.9198
"6595",319,2023-11-14,14.13,13.344,14.9196
"6596",320,2023-11-15,NA,13.3328,14.9184
"6597",321,2023-11-16,NA,13.3239,14.921
"6598",322,2023-11-17,NA,13.3164,14.9253
"6599",323,2023-11-18,NA,13.3092,14.9315
"6600",324,2023-11-19,NA,13.3017,14.9367
"6601",325,2023-11-20,14.93,13.295,14.9454
"6602",326,2023-11-21,14.87,13.2898,14.9518
"6603",327,2023-11-22,15.04,13.2867,14.9612
"6604",328,2023-11-23,15.17,13.2855,14.9677
"6605",329,2023-11-24,15.16,13.2862,14.974
"6606",330,2023-11-25,15.16,13.2879,14.9789
"6607",331,2023-11-26,15.22,13.2913,14.9891
"6608",332,2023-11-27,15.09,13.2947,14.9975
"6609",333,2023-11-28,15.11,13.2986,15.0056
"6610",334,2023-11-29,15.16,13.3043,15.0141
"6611",335,2023-11-30,15.24,13.312,15.0236
"6612",336,2023-12-01,14.27,13.3195,15.0284
"6613",337,2023-12-02,14.85,13.3259,15.0322
"6614",338,2023-12-03,14.61,13.3313,15.0324
"6615",339,2023-12-04,14.37,13.3361,15.0341
"6616",340,2023-12-05,14.56,13.3398,15.0367
"6617",341,2023-12-06,14.84,13.3423,15.0375
"6618",342,2023-12-07,15.04,13.3431,15.0372
"6619",343,2023-12-08,13.88,13.3422,15.0339
"6620",344,2023-12-09,13.39,13.3395,15.0279
"6621",345,2023-12-10,13.39,13.3345,15.015
"6622",346,2023-12-11,13.86,13.3271,14.9977
"6623",347,2023-12-12,14.13,13.3183,14.9797
"6624",348,2023-12-13,14.2,13.3084,14.953
"6625",349,2023-12-14,14.27,13.2975,14.9232
"6626",350,2023-12-15,14.37,13.2854,14.882
"6627",351,2023-12-16,14.4,13.2716,14.8395
"6628",352,2023-12-17,14.09,13.2567,14.796
"6629",353,2023-12-18,14.36,13.2409,14.7537
"6630",354,2023-12-19,14.49,13.2246,14.7101
"6631",355,2023-12-20,14.69,13.2081,14.6664
"6632",356,2023-12-21,14.62,13.1907,14.6202
"6633",357,2023-12-22,14.85,13.1725,14.575
"6634",358,2023-12-23,14.77,13.1523,14.5292
"6635",359,2023-12-24,15.06,13.1302,14.484
"6636",360,2023-12-25,15.34,13.1065,14.4399
"6637",361,2023-12-26,15.31,13.0822,14.3969
"6638",362,2023-12-27,15.4,13.0576,14.3543
"6639",363,2023-12-28,15.86,13.0332,14.3138
"6640",364,2023-12-29,15.92,13.009,14.2735
"6641",365,2023-12-30,16.03,12.9848,14.234
"6642",366,2023-12-31,15.85,12.9605,14.1971
"6643",1,2024-01-01,15.74,12.9365,14.1655
"6644",2,2024-01-02,15.76,12.9131,14.1358
"6645",3,2024-01-03,15.66,12.8909,14.1095
"6646",4,2024-01-04,14.62,12.8702,14.0832
"6647",5,2024-01-05,14.35,12.8507,14.0569
"6648",6,2024-01-06,14.49,12.8321,14.0306
"6649",7,2024-01-07,14.01,12.8146,14.004
"6650",8,2024-01-08,13.5,12.7982,13.9782
"6651",9,2024-01-09,13.35,12.7831,13.9517
"6652",10,2024-01-10,13.31,12.7694,13.9268
"6653",11,2024-01-11,12.68,12.757,13.9019
"6654",12,2024-01-12,12.04,12.7458,13.8777
"6655",13,2024-01-13,12,12.7355,13.8624
"6656",14,2024-01-14,12.33,12.7257,13.8499
"6657",15,2024-01-15,12.8,12.7162,13.8481
"6658",16,2024-01-16,12.94,12.7069,13.8467
"6659",17,2024-01-17,12.93,12.6976,13.8462
"6660",18,2024-01-18,12.52,12.6889,13.8458
"6661",19,2024-01-19,13.55,12.6806,13.8467
"6662",20,2024-01-20,13.39,12.6728,13.8476
"6663",21,2024-01-21,12.66,12.6653,13.8483
"6664",22,2024-01-22,13.16,12.6583,13.8499
"6665",23,2024-01-23,13.17,12.652,13.8493
"6666",24,2024-01-24,13.08,12.6461,13.8448
"6667",25,2024-01-25,13.44,12.6406,13.8386
"6668",26,2024-01-26,13.18,12.6349,13.8322
"6669",27,2024-01-27,13.28,12.629,13.8257
"6670",28,2024-01-28,13.73,12.6232,13.8183
"6671",29,2024-01-29,14.14,12.6164,13.8109
"6672",30,2024-01-30,14.1,12.6083,13.8028
"6673",31,2024-01-31,13.69,12.5986,13.7942
"6674",32,2024-02-01,14,12.5874,13.7855
"6675",33,2024-02-02,14.01,12.5743,13.7762
"6676",34,2024-02-03,13.89,12.5593,13.7685
"6677",35,2024-02-04,13.64,12.5427,13.7639
"6678",36,2024-02-05,13.81,12.525,13.7608
"6679",37,2024-02-06,13.87,12.5071,13.7585
"6680",38,2024-02-07,13.74,12.4892,13.7566
"6681",39,2024-02-08,13.61,12.4706,13.7547
"6682",40,2024-02-09,13.56,12.4514,13.7534
"6683",41,2024-02-10,13.52,12.4319,13.752
"6684",42,2024-02-11,13.57,12.4127,13.7488
"6685",43,2024-02-12,13.6,12.3937,13.7441
"6686",44,2024-02-13,13.59,12.3755,13.7391
"6687",45,2024-02-14,13.63,12.3582,13.7333
"6688",46,2024-02-15,13.66,12.3423,13.7272
"6689",47,2024-02-16,13.45,12.3275,13.7202
"6690",48,2024-02-17,13.53,12.3126,13.7125
"6691",49,2024-02-18,13.68,12.2966,13.7029
"6692",50,2024-02-19,13.83,12.28,13.6929
"6693",51,2024-02-20,13.93,12.2625,13.6826
"6694",52,2024-02-21,14,12.2441,13.672
"6695",53,2024-02-22,13.92,12.2244,13.6613
"6696",54,2024-02-23,13.76,12.2035,13.6508
"6697",55,2024-02-24,13.89,12.1812,13.6433
"6698",56,2024-02-25,13.99,12.158,13.6359
"6699",57,2024-02-26,14.25,12.1337,13.6282
"6700",58,2024-02-27,13.96,12.1078,13.6196
"6701",59,2024-02-28,13.66,12.0808,13.6122
"6702",60,2024-02-29,13.62,12.0542,13.6045
"6703",61,2024-03-01,13.94,12.0285,13.592
"6704",62,2024-03-02,14.07,12.0039,13.5773
"6705",63,2024-03-03,13.83,11.9805,13.56
"6706",64,2024-03-04,13.85,11.9576,13.5392
"6707",65,2024-03-05,13.43,11.9353,13.5147
"6708",66,2024-03-06,13.61,11.9133,13.4848
"6709",67,2024-03-07,13.49,11.8909,13.4534
"6710",68,2024-03-08,12.84,11.8676,13.4208
"6711",69,2024-03-09,12.83,11.8437,13.3882
"6712",70,2024-03-10,12.66,11.8198,13.3521
"6713",71,2024-03-11,12.62,11.7953,13.3142
"6714",72,2024-03-12,12.91,11.7698,13.272
"6715",73,2024-03-13,12.21,11.7431,13.2293
"6716",74,2024-03-14,12.12,11.7147,13.1856
"6717",75,2024-03-15,11.93,11.6847,13.1407
"6718",76,2024-03-16,12.55,11.6531,13.094
"6719",77,2024-03-17,12.46,11.6199,13.0475
"6720",78,2024-03-18,12.03,11.5858,13.0013
"6721",79,2024-03-19,11.8,11.5517,12.9561
"6722",80,2024-03-20,11.74,11.5181,12.9128
"6723",81,2024-03-21,11.82,11.4845,12.869
"6724",82,2024-03-22,11.86,11.4511,12.8252
"6725",83,2024-03-23,12.05,11.4181,12.7818
"6726",84,2024-03-24,12.01,11.3856,12.7398
"6727",85,2024-03-25,11.62,11.3545,12.7
"6728",86,2024-03-26,11.34,11.3251,12.6615
"6729",87,2024-03-27,11.34,11.2969,12.6238
"6730",88,2024-03-28,10.98,11.2707,12.588
"6731",89,2024-03-29,11.14,11.2469,12.5535
"6732",90,2024-03-30,12.62,11.2248,12.518
"6733",91,2024-03-31,12.02,11.2042,12.4839
"6734",92,2024-04-01,12.1,11.1847,12.4593
"6735",93,2024-04-02,12.22,11.1663,12.4365
"6736",94,2024-04-03,12.18,11.1489,12.4125
"6737",95,2024-04-04,11.85,11.1325,12.3875
"6738",96,2024-04-05,11.3,11.1168,12.3669
"6739",97,2024-04-06,10.93,11.1024,12.3462
"6740",98,2024-04-07,11.08,11.0893,12.3246
"6741",99,2024-04-08,11.16,11.0758,12.3011
"6742",100,2024-04-09,10.55,11.0613,12.276
"6743",101,2024-04-10,10.83,11.0462,12.2535
"6744",102,2024-04-11,11,11.0305,12.2324
"6745",103,2024-04-12,10.96,11.0149,12.2132
"6746",104,2024-04-13,12.69,11,12.1988
"6747",105,2024-04-14,12.08,10.9862,12.1867
"6748",106,2024-04-15,12.62,10.9742,12.1761
"6749",107,2024-04-16,12.05,10.9647,12.168
"6750",108,2024-04-17,11.48,10.9567,12.1585
"6751",109,2024-04-18,11.76,10.9501,12.1525
"6752",110,2024-04-19,11.9,10.9464,12.1531
"6753",111,2024-04-20,12.3,10.9453,12.1602
"6754",112,2024-04-21,12.04,10.9469,12.17
"6755",113,2024-04-22,11.85,10.9523,12.1848
"6756",114,2024-04-23,11.5,10.9606,12.1997
"6757",115,2024-04-24,12.33,10.9707,12.2146
"6758",116,2024-04-25,12.53,10.9826,12.23
"6759",117,2024-04-26,12.76,10.9955,12.2438
"6760",118,2024-04-27,11.84,11.0085,12.2573
"6761",119,2024-04-28,11.37,11.0218,12.2678
"6762",120,2024-04-29,10.99,11.0359,12.2762
"6763",121,2024-04-30,9.99,11.0502,12.2847
"6764",122,2024-05-01,9.42,11.0642,12.2908
"6765",123,2024-05-02,9.27,11.0767,12.2876
"6766",124,2024-05-03,10.12,11.0872,12.2833
"6767",125,2024-05-04,10.13,11.0961,12.2803
"6768",126,2024-05-05,10.51,11.1039,12.2792
"6769",127,2024-05-06,10.69,11.111,12.2756
"6770",128,2024-05-07,10.81,11.1174,12.2745
"6771",129,2024-05-08,10.14,11.124,12.2762
"6772",130,2024-05-09,10.58,11.1322,12.2813
"6773",131,2024-05-10,10.76,11.1417,12.2886
"6774",132,2024-05-11,10.86,11.1522,12.2973
"6775",133,2024-05-12,12.15,11.1646,12.3084
"6776",134,2024-05-13,11.66,11.1789,12.3243
"6777",135,2024-05-14,11.3,11.1954,12.3419
"6778",136,2024-05-15,NA,11.214,12.3606
"6779",137,2024-05-16,NA,11.2338,12.3799
"6780",138,2024-05-17,13.2,11.2539,12.4003
"6781",139,2024-05-18,11.63,11.2752,12.4252
"6782",140,2024-05-19,12.07,11.2963,12.4469
"6783",141,2024-05-20,11.65,11.3155,12.4643
"6784",142,2024-05-21,11.13,11.3338,12.4774
"6785",143,2024-05-22,11.31,11.3521,12.4907
"6786",144,2024-05-23,11.11,11.3693,12.5024
"6787",145,2024-05-24,11.13,11.3867,12.5173
"6788",146,2024-05-25,11.43,11.4043,12.5361
"6789",147,2024-05-26,11.59,11.4212,12.5547
"6790",148,2024-05-27,11,11.4383,12.5735
"6791",149,2024-05-28,10.6,11.4556,12.5934
"6792",150,2024-05-29,10.4,11.4718,12.6178
"6793",151,2024-05-30,10.16,11.4877,12.6442
"6794",152,2024-05-31,11.03,11.5053,12.6759
"6795",153,2024-06-01,11.01,11.5233,12.7084
"6796",154,2024-06-02,11.6,11.5419,12.7416
"6797",155,2024-06-03,11.57,11.5618,12.7748
"6798",156,2024-06-04,11.67,11.5832,12.81
"6799",157,2024-06-05,10.6,11.6055,12.8449
"6800",158,2024-06-06,11.09,11.6293,12.8765
"6801",159,2024-06-07,11.32,11.6542,12.908
"6802",160,2024-06-08,11.63,11.6797,12.9409
"6803",161,2024-06-09,12.28,11.7063,12.9693
"6804",162,2024-06-10,12.52,11.7347,12.9971
"6805",163,2024-06-11,11.49,11.7635,13.0278
"6806",164,2024-06-12,11.68,11.7935,13.0577
"6807",165,2024-06-13,NA,11.8236,13.0899
"6808",166,2024-06-14,12.22,11.8531,13.12
"6809",167,2024-06-15,11.78,11.882,13.1507
"6810",168,2024-06-16,11.96,11.9111,13.1843
"6811",169,2024-06-17,11.34,11.9394,13.2168
"6812",170,2024-06-18,10.59,11.9663,13.2465
"6813",171,2024-06-19,10.14,11.9938,13.2782
"6814",172,2024-06-20,10.96,12.0229,13.3081
"6815",173,2024-06-21,11.16,12.0531,13.3386
"6816",174,2024-06-22,11.01,12.0839,13.3688
"6817",175,2024-06-23,10.98,12.1155,13.4032
"6818",176,2024-06-24,10.98,12.1472,13.4347
"6819",177,2024-06-25,10.77,12.1788,13.4624
"6820",178,2024-06-26,11.46,12.211,13.4892
"6821",179,2024-06-27,11.21,12.2432,13.5163
"6822",180,2024-06-28,11.23,12.2772,13.5463
"6823",181,2024-06-29,11.07,12.3139,13.5752
"6824",182,2024-06-30,11.42,12.3516,13.6042
"6825",183,2024-07-01,12.21,12.3884,13.629
"6826",184,2024-07-02,11.1,12.4248,13.6543
"6827",185,2024-07-03,11.26,12.4606,13.6829
"6828",186,2024-07-04,12.57,12.4957,13.7122
"6829",187,2024-07-05,12.72,12.5306,13.7408
"6830",188,2024-07-06,11.56,12.5663,13.7723
"6831",189,2024-07-07,10.96,12.6023,13.808
"6832",190,2024-07-08,11.73,12.6381,13.8499
"6833",191,2024-07-09,11.84,12.6745,13.8901
"6834",192,2024-07-10,11.72,12.7117,13.9345
"6835",193,2024-07-11,11.66,12.7495,13.9827
"6836",194,2024-07-12,11.75,12.789,14.0363
"6837",195,2024-07-13,12.36,12.8287,14.0886
"6838",196,2024-07-14,13.16,12.8693,14.1412
"6839",197,2024-07-15,13.7,12.9093,14.1927
"6840",198,2024-07-16,14.03,12.9492,14.2439
"6841",199,2024-07-17,13.31,12.9884,14.2939
"6842",200,2024-07-18,12.78,13.0272,14.3471
"6843",201,2024-07-19,12.7,13.0661,14.4003
"6844",202,2024-07-20,13.01,13.1034,14.4498
"6845",203,2024-07-21,13.2,13.1377,14.4975
"6846",204,2024-07-22,12.48,13.1691,14.5423
"6847",205,2024-07-23,11.82,13.197,14.5835
"6848",206,2024-07-24,12.34,13.2223,14.6175
"6849",207,2024-07-25,12.91,13.2458,14.6454
"6850",208,2024-07-26,12.52,13.2687,14.675
"6851",209,2024-07-27,12.81,13.2906,14.7018
"6852",210,2024-07-28,12.96,13.3118,14.7268
"6853",211,2024-07-29,13.09,13.332,14.7497
"6854",212,2024-07-30,13.05,13.3507,14.7735
"6855",213,2024-07-31,13.16,13.3685,14.799
"6856",214,2024-08-01,12.93,13.3858,14.8277
"6857",215,2024-08-02,12.78,13.403,14.8617
"6858",216,2024-08-03,12.07,13.4213,14.8984
"6859",217,2024-08-04,12.24,13.4403,14.94
"6860",218,2024-08-05,11.66,13.4608,14.9837
"6861",219,2024-08-06,11.6,13.4821,15.0267
"6862",220,2024-08-07,11.69,13.5037,15.0704
"6863",221,2024-08-08,12.68,13.5251,15.1063
"6864",222,2024-08-09,12.67,13.5449,15.1375
"6865",223,2024-08-10,12.1,13.5618,15.1624
"6866",224,2024-08-11,12.02,13.5755,15.1812
"6867",225,2024-08-12,12,13.5863,15.1913
"6868",226,2024-08-13,12.58,13.5951,15.2
"6869",227,2024-08-14,12.57,13.6017,15.2016
"6870",228,2024-08-15,12.4,13.6071,15.2016
"6871",229,2024-08-16,12.19,13.6091,15.199
"6872",230,2024-08-17,12.14,13.6081,15.1942
"6873",231,2024-08-18,13.48,13.6057,15.1868
"6874",232,2024-08-19,13.11,13.6024,15.1795
"6875",233,2024-08-20,13.14,13.5997,15.1745
"6876",234,2024-08-21,12.98,13.5993,15.1723
"6877",235,2024-08-22,12.38,13.6016,15.1738
"6878",236,2024-08-23,12.96,13.6068,15.1772
"6879",237,2024-08-24,12.29,13.6139,15.1839
"6880",238,2024-08-25,12.85,13.6227,15.2066
"6881",239,2024-08-26,13.23,13.6324,15.2305
"6882",240,2024-08-27,12.97,13.6437,15.2575
"6883",241,2024-08-28,12.88,13.6555,15.284
"6884",242,2024-08-29,13,13.6666,15.3084
"6885",243,2024-08-30,13.45,13.6772,15.3304
"6886",244,2024-08-31,13.37,13.6867,15.3444
"6887",245,2024-09-01,13.74,13.695,15.3505
"6888",246,2024-09-02,13.53,13.7025,15.3492
"6889",247,2024-09-03,13.23,13.7093,15.3475
"6890",248,2024-09-04,13.16,13.7151,15.3414
"6891",249,2024-09-05,13.51,13.7187,15.3357
"6892",250,2024-09-06,12.74,13.7201,15.3283
"6893",251,2024-09-07,12.54,13.7191,15.3174
"6894",252,2024-09-08,12.91,13.7172,15.3067
"6895",253,2024-09-09,13.46,13.7162,15.3005
"6896",254,2024-09-10,14.13,13.716,15.2998
"6897",255,2024-09-11,13.02,13.7171,15.3014
"6898",256,2024-09-12,13.1,13.7196,15.3029
"6899",257,2024-09-13,12.82,13.7222,15.3047
"6900",258,2024-09-14,12.54,13.7254,15.3115
"6901",259,2024-09-15,12.37,13.7292,15.3161
"6902",260,2024-09-16,12.7,13.7346,15.3203
"6903",261,2024-09-17,12.82,13.7416,15.3229
"6904",262,2024-09-18,13,13.7507,15.3265
"6905",263,2024-09-19,13.37,13.7612,15.3307
"6906",264,2024-09-20,12.84,13.7716,15.3351
"6907",265,2024-09-21,12.82,13.7807,15.3402
"6908",266,2024-09-22,13.12,13.7876,15.3423
"6909",267,2024-09-23,13.33,13.7919,15.3443
"6910",268,2024-09-24,13.37,13.7949,15.3445
"6911",269,2024-09-25,13.45,13.7965,15.3335
"6912",270,2024-09-26,13.26,13.7974,15.3258
"6913",271,2024-09-27,13.48,13.7981,15.3196
"6914",272,2024-09-28,13.79,13.7989,15.3175
"6915",273,2024-09-29,14.48,13.7992,15.316
"6916",274,2024-09-30,14.11,13.7986,15.315
"6917",275,2024-10-01,14.16,13.7974,15.3195
"6918",276,2024-10-02,15.1,13.7967,15.3267
"6919",277,2024-10-03,14.7,13.7969,15.3384
"6920",278,2024-10-04,14.91,13.7985,15.3464
"6921",279,2024-10-05,15.02,13.8014,15.3534
"6922",280,2024-10-06,15.08,13.8045,15.3592
"6923",281,2024-10-07,14.86,13.8076,15.3665
"6924",282,2024-10-08,14.9,13.81,15.3754
"6925",283,2024-10-09,14.92,13.8108,15.385
"6926",284,2024-10-10,15,13.8095,15.3912
"6927",285,2024-10-11,15.27,13.8076,15.3959
"6928",286,2024-10-12,15.63,13.806,15.4
"6929",287,2024-10-13,14.7,13.8039,15.4041
"6930",288,2024-10-14,14.04,13.8014,15.4031
"6931",289,2024-10-15,13.35,13.7988,15.4015
"6932",290,2024-10-16,13.1,13.7945,15.3998
"6933",291,2024-10-17,13.13,13.7896,15.3966
"6934",292,2024-10-18,12.54,13.7841,15.3931
"6935",293,2024-10-19,13.43,13.7777,15.389
"6936",294,2024-10-20,14.55,13.7694,15.3831
"6937",295,2024-10-21,14.63,13.7599,15.3758
"6938",296,2024-10-22,13.61,13.749,15.3635
"6939",297,2024-10-23,12.52,13.7379,15.3538
"6940",298,2024-10-24,12.64,13.7262,15.3441
"6941",299,2024-10-25,12.81,13.7134,15.333
"6942",300,2024-10-26,13.46,13.6977,15.3168
"6943",301,2024-10-27,12.92,13.6802,15.2938
"6944",302,2024-10-28,12.69,13.6598,15.2693
"6945",303,2024-10-29,12.06,13.6371,15.2422
"6946",304,2024-10-30,11.82,13.6126,15.2125
"6947",305,2024-10-31,11.62,13.5887,15.1822
"6948",306,2024-11-01,11.61,13.5668,15.1525
"6949",307,2024-11-02,11.6,13.5458,15.1256
"6950",308,2024-11-03,11.1,13.5238,15.0948
"6951",309,2024-11-04,11.27,13.5011,15.0649
"6952",310,2024-11-05,11.6,13.4782,15.0378
"6953",311,2024-11-06,11.84,13.4565,15.0111
"6954",312,2024-11-07,12.17,13.4364,14.9871
"6955",313,2024-11-08,12.86,13.4188,14.9659
"6956",314,2024-11-09,12.67,13.4041,14.9509
"6957",315,2024-11-10,12.38,13.3918,14.9416
"6958",316,2024-11-11,12.39,13.3802,14.9337
"6959",317,2024-11-12,12.83,13.3681,14.9266
