"","doy","t","temp","seas","thresh"
"1",234,1997-08-21,17.2,10.6078,12.9313
"2",235,1997-08-22,17.26,10.6486,13.0067
"3",236,1997-08-23,17.3,10.6854,13.0688
"4",237,1997-08-24,17.43,10.7191,13.1258
"5",238,1997-08-25,17.27,10.7494,13.1709
"6",239,1997-08-26,17.41,10.7763,13.2129
"7",240,1997-08-27,16.72,10.8002,13.2522
"8",241,1997-08-28,16.37,10.8222,13.2872
"9",242,1997-08-29,16.92,10.844,13.3258
"10",243,1997-08-30,17.09,10.866,13.3667
"11",244,1997-08-31,17.09,10.8889,13.4105
"12",245,1997-09-01,17.14,10.9122,13.4556
"13",246,1997-09-02,16.97,10.936,13.4997
"14",247,1997-09-03,16.95,10.96,13.5405
"15",248,1997-09-04,16.81,10.9841,13.5856
"16",249,1997-09-05,16.73,11.0079,13.6205
"17",250,1997-09-06,16.56,11.0301,13.6507
"18",251,1997-09-07,16.46,11.0498,13.6683
"19",252,1997-09-08,16.02,11.0661,13.6727
"20",253,1997-09-09,15.31,11.079,13.6738
"21",254,1997-09-10,14.85,11.0884,13.6724
"22",255,1997-09-11,14.99,11.0953,13.6711
"23",256,1997-09-12,14.83,11.101,13.6722
"24",257,1997-09-13,14.78,11.1063,13.6729
"25",258,1997-09-14,14.82,11.1102,13.6724
"26",259,1997-09-15,14.88,11.1122,13.6712
"27",260,1997-09-16,14.88,11.113,13.6724
"28",261,1997-09-17,14.86,11.1139,13.6728
"29",262,1997-09-18,14.7,11.1162,13.6758
"30",263,1997-09-19,14.67,11.1202,13.68
"31",264,1997-09-20,14.22,11.1261,13.6828
"32",265,1997-09-21,13.78,11.1347,13.6823
"33",266,1997-09-22,12.97,11.1454,13.6812
"34",267,1997-09-23,12.72,11.158,13.6781
"35",268,1997-09-24,11.9,11.1717,13.6731
"36",269,1997-09-25,12.06,11.1876,13.6699
"37",270,1997-09-26,11.57,11.2065,13.6687
"38",271,1997-09-27,11.42,11.2269,13.6649
"39",272,1997-09-28,11.52,11.248,13.6589
"40",273,1997-09-29,11.77,11.2688,13.6519
"41",274,1997-09-30,12.01,11.2888,13.6449
"42",275,1997-10-01,12.46,11.3079,13.6349
"43",276,1997-10-02,13.17,11.3253,13.6226
"44",277,1997-10-03,13.57,11.3414,13.6053
"45",278,1997-10-04,13.74,11.3562,13.5843
"46",279,1997-10-05,13.77,11.3699,13.5618
"47",280,1997-10-06,13.7,11.3826,13.5395
"48",281,1997-10-07,13.73,11.3937,13.519
"49",282,1997-10-08,13.78,11.4049,13.5023
"50",283,1997-10-09,13.78,11.4173,13.4882
"51",284,1997-10-10,13.41,11.431,13.4733
"52",285,1997-10-11,13,11.4458,13.4525
"53",286,1997-10-12,12.74,11.4602,13.4299
"54",287,1997-10-13,12.68,11.4743,13.4095
"55",288,1997-10-14,12.46,11.4875,13.3892
"56",289,1997-10-15,12.3,11.5007,13.3693
"57",290,1997-10-16,12.25,11.5141,13.3479
"58",291,1997-10-17,12.26,11.5271,13.3218
"59",292,1997-10-18,12.43,11.5392,13.2926
"60",293,1997-10-19,11.98,11.5496,13.2597
"61",294,1997-10-20,11.98,11.5576,13.2241
"62",295,1997-10-21,12,11.564,13.1884
"63",296,1997-10-22,11.91,11.5691,13.156
"64",297,1997-10-23,12.96,11.5738,13.1249
"65",298,1997-10-24,13.18,11.5779,13.0959
"66",299,1997-10-25,13.12,11.5815,13.0693
"67",300,1997-10-26,13.22,11.5842,13.0426
"68",301,1997-10-27,13.04,11.5858,13.0155
"69",302,1997-10-28,12.96,11.5873,12.9897
"70",303,1997-10-29,12.83,11.5889,12.9682
"71",304,1997-10-30,12.8,11.5912,12.9492
"72",305,1997-10-31,12.95,11.594,12.934
"73",306,1997-11-01,13.22,11.5966,12.9185
"74",307,1997-11-02,13.2,11.5985,12.8996
"75",308,1997-11-03,13.04,11.5996,12.8798
"76",309,1997-11-04,13,11.5998,12.8584
"77",310,1997-11-05,12.59,11.599,12.8356
"78",311,1997-11-06,12.33,11.5978,12.8127
"79",312,1997-11-07,12.64,11.5959,12.7879
"80",313,1997-11-08,12.82,11.5925,12.7609
"81",314,1997-11-09,12.5,11.5871,12.7318
"82",315,1997-11-10,12.4,11.5797,12.7034
"83",316,1997-11-11,12.51,11.5702,12.6775
"84",317,1997-11-12,12.32,11.5592,12.6525
"85",318,1997-11-13,12.32,11.5467,12.6267
"86",319,1997-11-14,12.04,11.533,12.5974
"87",320,1997-11-15,11.6,11.5179,12.5654
"88",321,1997-11-16,11.76,11.5015,12.5325
"89",322,1997-11-17,12.04,11.4832,12.5007
"90",323,1997-11-18,11.97,11.4632,12.4704
"91",324,1997-11-19,12.23,11.442,12.4436
"92",325,1997-11-20,12.42,11.4196,12.4185
"93",326,1997-11-21,12.27,11.3959,12.3943
"94",327,1997-11-22,11.93,11.3708,12.3692
"95",328,1997-11-23,11.9,11.3437,12.342
"96",329,1997-11-24,12.28,11.3147,12.313
"97",330,1997-11-25,11.45,11.2842,12.2834
"98",331,1997-11-26,12.21,11.2522,12.253
"99",332,1997-11-27,12.04,11.2182,12.2205
"100",333,1997-11-28,11.86,11.1823,12.1866
"101",334,1997-11-29,11.62,11.1446,12.1496
"102",335,1997-11-30,11.36,11.1053,12.1111
"103",336,1997-12-01,11.61,11.0649,12.0705
"104",337,1997-12-02,11.82,11.0236,12.0305
"105",338,1997-12-03,11.88,10.9819,11.9922
"106",339,1997-12-04,11.87,10.9403,11.9533
"107",340,1997-12-05,11.72,10.8989,11.9177
"108",341,1997-12-06,12.29,10.8577,11.8842
"109",342,1997-12-07,11.89,10.817,11.8526
"110",343,1997-12-08,11.4,10.7774,11.824
"111",344,1997-12-09,11.43,10.7392,11.7977
"112",345,1997-12-10,11.8,10.7025,11.7739
"113",346,1997-12-11,11.93,10.6674,11.7511
"114",347,1997-12-12,11.78,10.6335,11.7296
"115",348,1997-12-13,11.38,10.601,11.7085
"116",349,1997-12-14,11.48,10.5699,11.6877
"117",350,1997-12-15,11.66,10.5403,11.671
"118",351,1997-12-16,11.82,10.5123,11.6578
"119",352,1997-12-17,11.66,10.4858,11.6463
"120",353,1997-12-18,11.85,10.4607,11.6355
"121",354,1997-12-19,11.85,10.437,11.6249
"122",355,1997-12-20,12.01,10.4142,11.6146
"123",356,1997-12-21,12.15,10.3925,11.6047
"124",357,1997-12-22,12.11,10.3716,11.5947
"125",358,1997-12-23,12.14,10.3516,11.5836
"126",359,1997-12-24,12.02,10.333,11.5735
"127",360,1997-12-25,12.07,10.3153,11.5574
"128",361,1997-12-26,12.21,10.2978,11.5405
"129",362,1997-12-27,12.16,10.2806,11.5227
"130",363,1997-12-28,12.3,10.2639,11.5042
"131",364,1997-12-29,12.34,10.2479,11.4846
"132",365,1997-12-30,12.26,10.2326,11.4656
"133",366,1997-12-31,12.33,10.2178,11.447
"134",1,1998-01-01,12.41,10.2036,11.4263
"135",2,1998-01-02,12.41,10.1901,11.4062
"136",3,1998-01-03,12.3,10.1775,11.3869
"137",4,1998-01-04,12.29,10.1652,11.3691
"138",5,1998-01-05,12.41,10.1538,11.3525
"139",6,1998-01-06,12.46,10.1433,11.337
"140",7,1998-01-07,12.31,10.1338,11.3233
"141",8,1998-01-08,12.33,10.125,11.3114
"142",9,1998-01-09,12.48,10.1165,11.3009
"143",10,1998-01-10,12.42,10.1083,11.2911
"144",11,1998-01-11,12.31,10.1003,11.2821
"145",12,1998-01-12,12.21,10.0931,11.2742
"146",13,1998-01-13,12,10.0866,11.2682
"147",14,1998-01-14,12,10.0805,11.2646
"148",15,1998-01-15,12.05,10.0747,11.2603
"149",16,1998-01-16,12.21,10.069,11.2553
"150",17,1998-01-17,12.3,10.0636,11.2493
"151",18,1998-01-18,12.22,10.0587,11.2431
"152",19,1998-01-19,12.23,10.0542,11.2344
"153",20,1998-01-20,12.06,10.05,11.2223
"154",21,1998-01-21,12.13,10.0465,11.2106
"155",22,1998-01-22,12.11,10.0434,11.1993
"156",23,1998-01-23,12.14,10.0405,11.1898
"157",24,1998-01-24,11.98,10.0378,11.1808
"158",25,1998-01-25,12.14,10.0354,11.1784
"159",26,1998-01-26,11.99,10.0335,11.1765
"160",27,1998-01-27,12.01,10.0324,11.1762
"161",28,1998-01-28,11.93,10.0318,11.1764
"162",29,1998-01-29,12.01,10.031,11.1771
"163",30,1998-01-30,11.81,10.0301,11.1782
"164",31,1998-01-31,11.94,10.0292,11.1797
"165",32,1998-02-01,11.91,10.0282,11.1816
"166",33,1998-02-02,11.95,10.027,11.1827
"167",34,1998-02-03,11.76,10.0256,11.1833
"168",35,1998-02-04,11.73,10.0237,11.1838
"169",36,1998-02-05,11.52,10.0213,11.1832
"170",37,1998-02-06,11.55,10.0181,11.1822
"171",38,1998-02-07,11.52,10.014,11.1787
"172",39,1998-02-08,11.32,10.0092,11.173
"173",40,1998-02-09,11.21,10.0042,11.1668
"174",41,1998-02-10,11.29,9.999,11.1611
"175",42,1998-02-11,11.24,9.9935,11.1543
"176",43,1998-02-12,11.69,9.9878,11.1466
"177",44,1998-02-13,11.83,9.9818,11.1374
"178",45,1998-02-14,11.91,9.9756,11.1264
"179",46,1998-02-15,11.92,9.9693,11.1156
"180",47,1998-02-16,12.11,9.963,11.1047
"181",48,1998-02-17,11.82,9.9568,11.0949
"182",49,1998-02-18,11.58,9.9509,11.087
"183",50,1998-02-19,11.75,9.9455,11.0823
"184",51,1998-02-20,12.08,9.9405,11.0812
"185",52,1998-02-21,12.29,9.936,11.0801
"186",53,1998-02-22,12.33,9.9322,11.0792
"187",54,1998-02-23,12.36,9.9291,11.0784
"188",55,1998-02-24,12.51,9.9268,11.0777
"189",56,1998-02-25,12.48,9.9251,11.0789
"190",57,1998-02-26,12.23,9.9244,11.0825
"191",58,1998-02-27,12.21,9.9245,11.086
"192",59,1998-02-28,12.14,9.9257,11.091
"193",61,1998-03-01,12.04,9.9316,11.1015
"194",62,1998-03-02,11.61,9.9358,11.1067
"195",63,1998-03-03,11.35,9.9407,11.1125
"196",64,1998-03-04,11.37,9.9461,11.1191
"197",65,1998-03-05,10.92,9.9522,11.1267
"198",66,1998-03-06,10.83,9.9588,11.1325
"199",67,1998-03-07,11.35,9.9658,11.1358
"200",68,1998-03-08,11.33,9.9736,11.1392
"201",69,1998-03-09,11.61,9.9818,11.1425
"202",70,1998-03-10,11.84,9.99,11.1462
"203",71,1998-03-11,11.55,9.9981,11.1495
"204",72,1998-03-12,11.52,10.006,11.1518
"205",73,1998-03-13,11.6,10.0136,11.1536
"206",74,1998-03-14,11.65,10.0207,11.1551
"207",75,1998-03-15,11.73,10.0274,11.1565
"208",76,1998-03-16,11.57,10.0336,11.1558
"209",77,1998-03-17,11.75,10.0396,11.1545
"210",78,1998-03-18,11.83,10.046,11.1532
"211",79,1998-03-19,12.11,10.0524,11.1504
"212",80,1998-03-20,12.08,10.0592,11.1473
"213",81,1998-03-21,12.02,10.0665,11.1435
"214",82,1998-03-22,11.9,10.0743,11.1404
"215",83,1998-03-23,11.9,10.0826,11.1375
"216",84,1998-03-24,12.15,10.0918,11.1357
"217",85,1998-03-25,11.76,10.1019,11.1342
"218",86,1998-03-26,10.81,10.1126,11.1325
"219",87,1998-03-27,10.67,10.1239,11.1301
"220",88,1998-03-28,11.76,10.1357,11.1271
"221",89,1998-03-29,NA,10.1474,11.126
"222",90,1998-03-30,NA,10.1592,11.1281
"223",91,1998-03-31,NA,10.1711,11.1322
"224",92,1998-04-01,NA,10.1827,11.1385
"225",93,1998-04-02,NA,10.1937,11.1444
"226",94,1998-04-03,NA,10.2033,11.1485
"227",95,1998-04-04,NA,10.2114,11.1519
"228",96,1998-04-05,NA,10.2185,11.1542
"229",97,1998-04-06,NA,10.2254,11.1585
"230",98,1998-04-07,NA,10.2326,11.1668
"231",99,1998-04-08,NA,10.2401,11.1761
"232",100,1998-04-09,NA,10.2481,11.1867
"233",101,1998-04-10,NA,10.2563,11.1987
"234",102,1998-04-11,NA,10.2645,11.2113
"235",103,1998-04-12,NA,10.2733,11.2247
"236",104,1998-04-13,NA,10.2836,11.2391
"237",105,1998-04-14,NA,10.2961,11.2549
"238",106,1998-04-15,NA,10.3111,11.2714
"239",107,1998-04-16,NA,10.3285,11.291
"240",108,1998-04-17,NA,10.3477,11.3139
"241",109,1998-04-18,NA,10.3679,11.3373
"242",110,1998-04-19,NA,10.3882,11.3643
"243",111,1998-04-20,NA,10.4078,11.3935
"244",112,1998-04-21,NA,10.426,11.4255
"245",113,1998-04-22,NA,10.4427,11.4589
"246",114,1998-04-23,NA,10.4574,11.4956
"247",115,1998-04-24,NA,10.4708,11.5356
"248",116,1998-04-25,NA,10.4827,11.576
"249",117,1998-04-26,NA,10.4939,11.6201
"250",118,1998-04-27,NA,10.5046,11.6646
"251",119,1998-04-28,NA,10.5149,11.7129
"252",120,1998-04-29,NA,10.5248,11.7629
"253",121,1998-04-30,NA,10.5346,11.81
"254",122,1998-05-01,NA,10.5444,11.8551
"255",123,1998-05-02,NA,10.5545,11.8975
"256",124,1998-05-03,NA,10.5659,11.9399
"257",125,1998-05-04,NA,10.5793,11.9839
"258",126,1998-05-05,NA,10.5933,12.0276
"259",127,1998-05-06,NA,10.6078,12.0702
"260",128,1998-05-07,NA,10.6227,12.1111
"261",129,1998-05-08,NA,10.6372,12.1495
"262",130,1998-05-09,NA,10.6506,12.1849
"263",131,1998-05-10,NA,10.6631,12.219
"264",132,1998-05-11,NA,10.6754,12.2525
"265",133,1998-05-12,NA,10.6884,12.2885
"266",134,1998-05-13,NA,10.7018,12.329
"267",135,1998-05-14,NA,10.7145,12.3712
"268",136,1998-05-15,NA,10.726,12.4122
"269",137,1998-05-16,NA,10.737,12.453
"270",138,1998-05-17,NA,10.7482,12.4958
"271",139,1998-05-18,NA,10.7591,12.5407
"272",140,1998-05-19,NA,10.7704,12.5882
"273",141,1998-05-20,NA,10.7833,12.6387
"274",142,1998-05-21,NA,10.7988,12.6892
"275",143,1998-05-22,NA,10.8167,12.7384
"276",144,1998-05-23,NA,10.8368,12.7851
"277",145,1998-05-24,NA,10.8595,12.8304
"278",146,1998-05-25,NA,10.885,12.8718
"279",147,1998-05-26,NA,10.9131,12.9133
"280",148,1998-05-27,NA,10.9418,12.9516
"281",149,1998-05-28,NA,10.9701,12.9901
"282",150,1998-05-29,NA,10.9974,13.0248
"283",151,1998-05-30,NA,11.0233,13.0555
"284",152,1998-05-31,NA,11.047,13.0853
"285",153,1998-06-01,NA,11.067,13.1138
"286",154,1998-06-02,NA,11.0839,13.1419
"287",155,1998-06-03,NA,11.097,13.1705
"288",156,1998-06-04,NA,11.1061,13.1987
"289",157,1998-06-05,NA,11.1117,13.2266
"290",158,1998-06-06,NA,11.1136,13.2538
"291",159,1998-06-07,NA,11.1127,13.2802
"292",160,1998-06-08,NA,11.1102,13.3056
"293",161,1998-06-09,NA,11.1081,13.3331
"294",162,1998-06-10,NA,11.1065,13.3616
"295",163,1998-06-11,NA,11.1059,13.3895
"296",164,1998-06-12,NA,11.1054,13.4178
"297",165,1998-06-13,NA,11.1043,13.4407
"298",166,1998-06-14,NA,11.1026,13.4616
"299",167,1998-06-15,NA,11.0995,13.4802
"300",168,1998-06-16,NA,11.0939,13.4984
"301",169,1998-06-17,NA,11.0858,13.5135
"302",170,1998-06-18,NA,11.076,13.5263
"303",171,1998-06-19,NA,11.0635,13.5378
"304",172,1998-06-20,NA,11.046,13.5396
"305",173,1998-06-21,NA,11.0228,13.5298
"306",174,1998-06-22,NA,10.9936,13.5043
"307",175,1998-06-23,NA,10.9611,13.4781
"308",176,1998-06-24,NA,10.9254,13.4507
"309",177,1998-06-25,NA,10.8856,13.4231
"310",178,1998-06-26,NA,10.8429,13.414
"311",179,1998-06-27,NA,10.7991,13.4134
"312",180,1998-06-28,NA,10.7552,13.4025
"313",181,1998-06-29,NA,10.7105,13.3878
"314",182,1998-06-30,NA,10.6662,13.3735
"315",183,1998-07-01,NA,10.6236,13.3663
"316",184,1998-07-02,NA,10.5836,13.3631
"317",185,1998-07-03,NA,10.5456,13.3571
"318",186,1998-07-04,NA,10.5077,13.335
"319",187,1998-07-05,NA,10.4704,13.2992
"320",188,1998-07-06,NA,10.4355,13.2602
"321",189,1998-07-07,NA,10.4026,13.2127
"322",190,1998-07-08,NA,10.3696,13.1664
"323",191,1998-07-09,NA,10.3359,13.1183
"324",192,1998-07-10,NA,10.3,13.0609
"325",193,1998-07-11,NA,10.2615,12.984
"326",194,1998-07-12,NA,10.2197,12.8985
"327",195,1998-07-13,NA,10.1754,12.8093
"328",196,1998-07-14,NA,10.1302,12.7209
"329",197,1998-07-15,NA,10.0854,12.6326
"330",198,1998-07-16,NA,10.042,12.5452
"331",199,1998-07-17,NA,10.0004,12.4567
"332",200,1998-07-18,NA,9.9617,12.37
"333",201,1998-07-19,NA,9.9257,12.2816
"334",202,1998-07-20,NA,9.8933,12.1945
"335",203,1998-07-21,NA,9.8668,12.1186
"336",204,1998-07-22,NA,9.8465,12.0565
"337",205,1998-07-23,NA,9.8334,12.0225
"338",206,1998-07-24,NA,9.8252,11.9939
"339",207,1998-07-25,NA,9.8209,11.9747
"340",208,1998-07-26,NA,9.8204,11.9585
"341",209,1998-07-27,NA,9.8228,11.9284
"342",210,1998-07-28,NA,9.8265,11.8936
"343",211,1998-07-29,NA,9.8306,11.8635
"344",212,1998-07-30,NA,9.8364,11.8341
"345",213,1998-07-31,NA,9.8428,11.8047
"346",214,1998-08-01,NA,9.8505,11.7705
"347",215,1998-08-02,NA,9.8595,11.74
"348",216,1998-08-03,NA,9.8698,11.7185
"349",217,1998-08-04,NA,9.8837,11.7086
"350",218,1998-08-05,NA,9.9008,11.7205
"351",219,1998-08-06,NA,9.9215,11.7383
"352",220,1998-08-07,NA,9.9463,11.7741
"353",221,1998-08-08,NA,9.976,11.821
"354",222,1998-08-09,NA,10.0101,11.8744
"355",223,1998-08-10,NA,10.0494,11.9415
"356",224,1998-08-11,NA,10.0934,12.0277
"357",225,1998-08-12,NA,10.1417,12.1178
"358",226,1998-08-13,NA,10.1924,12.2086
"359",227,1998-08-14,NA,10.2448,12.2992
"360",228,1998-08-15,NA,10.2987,12.3911
"361",229,1998-08-16,NA,10.3539,12.4844
"362",230,1998-08-17,NA,10.4092,12.581
"363",231,1998-08-18,NA,10.4626,12.6733
"364",232,1998-08-19,NA,10.5141,12.7636
"365",233,1998-08-20,NA,10.563,12.8508
"366",234,1998-08-21,NA,10.6078,12.9313
"367",235,1998-08-22,NA,10.6486,13.0067
"368",236,1998-08-23,NA,10.6854,13.0688
"369",237,1998-08-24,NA,10.7191,13.1258
"370",238,1998-08-25,NA,10.7494,13.1709
"371",239,1998-08-26,NA,10.7763,13.2129
"372",240,1998-08-27,NA,10.8002,13.2522
"373",241,1998-08-28,NA,10.8222,13.2872
"374",242,1998-08-29,NA,10.844,13.3258
"375",243,1998-08-30,NA,10.866,13.3667
"376",244,1998-08-31,NA,10.8889,13.4105
"377",245,1998-09-01,NA,10.9122,13.4556
"378",246,1998-09-02,NA,10.936,13.4997
"379",247,1998-09-03,NA,10.96,13.5405
"380",248,1998-09-04,NA,10.9841,13.5856
"381",249,1998-09-05,NA,11.0079,13.6205
"382",250,1998-09-06,NA,11.0301,13.6507
"383",251,1998-09-07,NA,11.0498,13.6683
"384",252,1998-09-08,NA,11.0661,13.6727
"385",253,1998-09-09,NA,11.079,13.6738
"386",254,1998-09-10,NA,11.0884,13.6724
"387",255,1998-09-11,NA,11.0953,13.6711
"388",256,1998-09-12,NA,11.101,13.6722
"389",257,1998-09-13,NA,11.1063,13.6729
"390",258,1998-09-14,NA,11.1102,13.6724
"391",259,1998-09-15,NA,11.1122,13.6712
"392",260,1998-09-16,NA,11.113,13.6724
"393",261,1998-09-17,NA,11.1139,13.6728
"394",262,1998-09-18,NA,11.1162,13.6758
"395",263,1998-09-19,NA,11.1202,13.68
"396",264,1998-09-20,NA,11.1261,13.6828
"397",265,1998-09-21,NA,11.1347,13.6823
"398",266,1998-09-22,NA,11.1454,13.6812
"399",267,1998-09-23,NA,11.158,13.6781
"400",268,1998-09-24,NA,11.1717,13.6731
"401",269,1998-09-25,NA,11.1876,13.6699
"402",270,1998-09-26,NA,11.2065,13.6687
"403",271,1998-09-27,NA,11.2269,13.6649
"404",272,1998-09-28,NA,11.248,13.6589
"405",273,1998-09-29,NA,11.2688,13.6519
"406",274,1998-09-30,NA,11.2888,13.6449
"407",275,1998-10-01,NA,11.3079,13.6349
"408",276,1998-10-02,NA,11.3253,13.6226
"409",277,1998-10-03,NA,11.3414,13.6053
"410",278,1998-10-04,NA,11.3562,13.5843
"411",279,1998-10-05,NA,11.3699,13.5618
"412",280,1998-10-06,NA,11.3826,13.5395
"413",281,1998-10-07,NA,11.3937,13.519
"414",282,1998-10-08,NA,11.4049,13.5023
"415",283,1998-10-09,NA,11.4173,13.4882
"416",284,1998-10-10,NA,11.431,13.4733
"417",285,1998-10-11,NA,11.4458,13.4525
"418",286,1998-10-12,NA,11.4602,13.4299
"419",287,1998-10-13,NA,11.4743,13.4095
"420",288,1998-10-14,NA,11.4875,13.3892
"421",289,1998-10-15,NA,11.5007,13.3693
"422",290,1998-10-16,NA,11.5141,13.3479
"423",291,1998-10-17,NA,11.5271,13.3218
"424",292,1998-10-18,NA,11.5392,13.2926
"425",293,1998-10-19,NA,11.5496,13.2597
"426",294,1998-10-20,NA,11.5576,13.2241
"427",295,1998-10-21,NA,11.564,13.1884
"428",296,1998-10-22,NA,11.5691,13.156
"429",297,1998-10-23,NA,11.5738,13.1249
"430",298,1998-10-24,NA,11.5779,13.0959
"431",299,1998-10-25,NA,11.5815,13.0693
"432",300,1998-10-26,NA,11.5842,13.0426
"433",301,1998-10-27,NA,11.5858,13.0155
"434",302,1998-10-28,NA,11.5873,12.9897
"435",303,1998-10-29,NA,11.5889,12.9682
"436",304,1998-10-30,NA,11.5912,12.9492
"437",305,1998-10-31,NA,11.594,12.934
"438",306,1998-11-01,NA,11.5966,12.9185
"439",307,1998-11-02,NA,11.5985,12.8996
"440",308,1998-11-03,NA,11.5996,12.8798
"441",309,1998-11-04,NA,11.5998,12.8584
"442",310,1998-11-05,NA,11.599,12.8356
"443",311,1998-11-06,NA,11.5978,12.8127
"444",312,1998-11-07,NA,11.5959,12.7879
"445",313,1998-11-08,NA,11.5925,12.7609
"446",314,1998-11-09,NA,11.5871,12.7318
"447",315,1998-11-10,NA,11.5797,12.7034
"448",316,1998-11-11,NA,11.5702,12.6775
"449",317,1998-11-12,NA,11.5592,12.6525
"450",318,1998-11-13,NA,11.5467,12.6267
"451",319,1998-11-14,NA,11.533,12.5974
"452",320,1998-11-15,NA,11.5179,12.5654
"453",321,1998-11-16,NA,11.5015,12.5325
"454",322,1998-11-17,NA,11.4832,12.5007
"455",323,1998-11-18,NA,11.4632,12.4704
"456",324,1998-11-19,NA,11.442,12.4436
"457",325,1998-11-20,NA,11.4196,12.4185
"458",326,1998-11-21,NA,11.3959,12.3943
"459",327,1998-11-22,NA,11.3708,12.3692
"460",328,1998-11-23,NA,11.3437,12.342
"461",329,1998-11-24,NA,11.3147,12.313
"462",330,1998-11-25,NA,11.2842,12.2834
"463",331,1998-11-26,NA,11.2522,12.253
"464",332,1998-11-27,NA,11.2182,12.2205
"465",333,1998-11-28,NA,11.1823,12.1866
"466",334,1998-11-29,NA,11.1446,12.1496
"467",335,1998-11-30,NA,11.1053,12.1111
"468",336,1998-12-01,NA,11.0649,12.0705
"469",337,1998-12-02,NA,11.0236,12.0305
"470",338,1998-12-03,NA,10.9819,11.9922
"471",339,1998-12-04,NA,10.9403,11.9533
"472",340,1998-12-05,NA,10.8989,11.9177
"473",341,1998-12-06,NA,10.8577,11.8842
"474",342,1998-12-07,NA,10.817,11.8526
"475",343,1998-12-08,NA,10.7774,11.824
"476",344,1998-12-09,NA,10.7392,11.7977
"477",345,1998-12-10,NA,10.7025,11.7739
"478",346,1998-12-11,NA,10.6674,11.7511
"479",347,1998-12-12,NA,10.6335,11.7296
"480",348,1998-12-13,NA,10.601,11.7085
"481",349,1998-12-14,NA,10.5699,11.6877
"482",350,1998-12-15,NA,10.5403,11.671
"483",351,1998-12-16,NA,10.5123,11.6578
"484",352,1998-12-17,NA,10.4858,11.6463
"485",353,1998-12-18,NA,10.4607,11.6355
"486",354,1998-12-19,NA,10.437,11.6249
"487",355,1998-12-20,NA,10.4142,11.6146
"488",356,1998-12-21,NA,10.3925,11.6047
"489",357,1998-12-22,NA,10.3716,11.5947
"490",358,1998-12-23,NA,10.3516,11.5836
"491",359,1998-12-24,NA,10.333,11.5735
"492",360,1998-12-25,NA,10.3153,11.5574
"493",361,1998-12-26,NA,10.2978,11.5405
"494",362,1998-12-27,NA,10.2806,11.5227
"495",363,1998-12-28,NA,10.2639,11.5042
"496",364,1998-12-29,NA,10.2479,11.4846
"497",365,1998-12-30,NA,10.2326,11.4656
"498",366,1998-12-31,NA,10.2178,11.447
"499",1,1999-01-01,NA,10.2036,11.4263
"500",2,1999-01-02,NA,10.1901,11.4062
"501",3,1999-01-03,NA,10.1775,11.3869
"502",4,1999-01-04,NA,10.1652,11.3691
"503",5,1999-01-05,NA,10.1538,11.3525
"504",6,1999-01-06,NA,10.1433,11.337
"505",7,1999-01-07,NA,10.1338,11.3233
"506",8,1999-01-08,NA,10.125,11.3114
"507",9,1999-01-09,NA,10.1165,11.3009
"508",10,1999-01-10,NA,10.1083,11.2911
"509",11,1999-01-11,NA,10.1003,11.2821
"510",12,1999-01-12,NA,10.0931,11.2742
"511",13,1999-01-13,NA,10.0866,11.2682
"512",14,1999-01-14,NA,10.0805,11.2646
"513",15,1999-01-15,NA,10.0747,11.2603
"514",16,1999-01-16,NA,10.069,11.2553
"515",17,1999-01-17,NA,10.0636,11.2493
"516",18,1999-01-18,NA,10.0587,11.2431
"517",19,1999-01-19,NA,10.0542,11.2344
"518",20,1999-01-20,NA,10.05,11.2223
"519",21,1999-01-21,NA,10.0465,11.2106
"520",22,1999-01-22,NA,10.0434,11.1993
"521",23,1999-01-23,NA,10.0405,11.1898
"522",24,1999-01-24,NA,10.0378,11.1808
"523",25,1999-01-25,NA,10.0354,11.1784
"524",26,1999-01-26,NA,10.0335,11.1765
"525",27,1999-01-27,NA,10.0324,11.1762
"526",28,1999-01-28,NA,10.0318,11.1764
"527",29,1999-01-29,NA,10.031,11.1771
"528",30,1999-01-30,NA,10.0301,11.1782
"529",31,1999-01-31,NA,10.0292,11.1797
"530",32,1999-02-01,NA,10.0282,11.1816
"531",33,1999-02-02,NA,10.027,11.1827
"532",34,1999-02-03,NA,10.0256,11.1833
"533",35,1999-02-04,NA,10.0237,11.1838
"534",36,1999-02-05,NA,10.0213,11.1832
"535",37,1999-02-06,NA,10.0181,11.1822
"536",38,1999-02-07,NA,10.014,11.1787
"537",39,1999-02-08,NA,10.0092,11.173
"538",40,1999-02-09,NA,10.0042,11.1668
"539",41,1999-02-10,NA,9.999,11.1611
"540",42,1999-02-11,NA,9.9935,11.1543
"541",43,1999-02-12,NA,9.9878,11.1466
"542",44,1999-02-13,NA,9.9818,11.1374
"543",45,1999-02-14,NA,9.9756,11.1264
"544",46,1999-02-15,NA,9.9693,11.1156
"545",47,1999-02-16,NA,9.963,11.1047
"546",48,1999-02-17,NA,9.9568,11.0949
"547",49,1999-02-18,NA,9.9509,11.087
"548",50,1999-02-19,NA,9.9455,11.0823
"549",51,1999-02-20,NA,9.9405,11.0812
"550",52,1999-02-21,NA,9.936,11.0801
"551",53,1999-02-22,NA,9.9322,11.0792
"552",54,1999-02-23,NA,9.9291,11.0784
"553",55,1999-02-24,NA,9.9268,11.0777
"554",56,1999-02-25,NA,9.9251,11.0789
"555",57,1999-02-26,NA,9.9244,11.0825
"556",58,1999-02-27,NA,9.9245,11.086
"557",59,1999-02-28,NA,9.9257,11.091
"558",61,1999-03-01,NA,9.9316,11.1015
"559",62,1999-03-02,NA,9.9358,11.1067
"560",63,1999-03-03,NA,9.9407,11.1125
"561",64,1999-03-04,NA,9.9461,11.1191
"562",65,1999-03-05,NA,9.9522,11.1267
"563",66,1999-03-06,NA,9.9588,11.1325
"564",67,1999-03-07,NA,9.9658,11.1358
"565",68,1999-03-08,NA,9.9736,11.1392
"566",69,1999-03-09,NA,9.9818,11.1425
"567",70,1999-03-10,NA,9.99,11.1462
"568",71,1999-03-11,NA,9.9981,11.1495
"569",72,1999-03-12,NA,10.006,11.1518
"570",73,1999-03-13,NA,10.0136,11.1536
"571",74,1999-03-14,NA,10.0207,11.1551
"572",75,1999-03-15,NA,10.0274,11.1565
"573",76,1999-03-16,NA,10.0336,11.1558
"574",77,1999-03-17,NA,10.0396,11.1545
"575",78,1999-03-18,NA,10.046,11.1532
"576",79,1999-03-19,NA,10.0524,11.1504
"577",80,1999-03-20,NA,10.0592,11.1473
"578",81,1999-03-21,NA,10.0665,11.1435
"579",82,1999-03-22,NA,10.0743,11.1404
"580",83,1999-03-23,NA,10.0826,11.1375
"581",84,1999-03-24,NA,10.0918,11.1357
"582",85,1999-03-25,NA,10.1019,11.1342
"583",86,1999-03-26,NA,10.1126,11.1325
"584",87,1999-03-27,NA,10.1239,11.1301
"585",88,1999-03-28,NA,10.1357,11.1271
"586",89,1999-03-29,NA,10.1474,11.126
"587",90,1999-03-30,NA,10.1592,11.1281
"588",91,1999-03-31,NA,10.1711,11.1322
"589",92,1999-04-01,NA,10.1827,11.1385
"590",93,1999-04-02,NA,10.1937,11.1444
"591",94,1999-04-03,NA,10.2033,11.1485
"592",95,1999-04-04,NA,10.2114,11.1519
"593",96,1999-04-05,NA,10.2185,11.1542
"594",97,1999-04-06,NA,10.2254,11.1585
"595",98,1999-04-07,NA,10.2326,11.1668
"596",99,1999-04-08,NA,10.2401,11.1761
"597",100,1999-04-09,NA,10.2481,11.1867
"598",101,1999-04-10,NA,10.2563,11.1987
"599",102,1999-04-11,NA,10.2645,11.2113
"600",103,1999-04-12,NA,10.2733,11.2247
"601",104,1999-04-13,NA,10.2836,11.2391
"602",105,1999-04-14,NA,10.2961,11.2549
"603",106,1999-04-15,NA,10.3111,11.2714
"604",107,1999-04-16,NA,10.3285,11.291
"605",108,1999-04-17,NA,10.3477,11.3139
"606",109,1999-04-18,9.95,10.3679,11.3373
"607",110,1999-04-19,9.75,10.3882,11.3643
"608",111,1999-04-20,9.81,10.4078,11.3935
"609",112,1999-04-21,10.12,10.426,11.4255
"610",113,1999-04-22,10.17,10.4427,11.4589
"611",114,1999-04-23,9.54,10.4574,11.4956
"612",115,1999-04-24,9.04,10.4708,11.5356
"613",116,1999-04-25,8.77,10.4827,11.576
"614",117,1999-04-26,8.79,10.4939,11.6201
"615",118,1999-04-27,9.26,10.5046,11.6646
"616",119,1999-04-28,9.42,10.5149,11.7129
"617",120,1999-04-29,9.24,10.5248,11.7629
"618",121,1999-04-30,8.96,10.5346,11.81
"619",122,1999-05-01,9.2,10.5444,11.8551
"620",123,1999-05-02,10.1,10.5545,11.8975
"621",124,1999-05-03,10.11,10.5659,11.9399
"622",125,1999-05-04,10.12,10.5793,11.9839
"623",126,1999-05-05,9.94,10.5933,12.0276
"624",127,1999-05-06,10.56,10.6078,12.0702
"625",128,1999-05-07,10.94,10.6227,12.1111
"626",129,1999-05-08,10.91,10.6372,12.1495
"627",130,1999-05-09,10.73,10.6506,12.1849
"628",131,1999-05-10,10.85,10.6631,12.219
"629",132,1999-05-11,11.36,10.6754,12.2525
"630",133,1999-05-12,11.16,10.6884,12.2885
"631",134,1999-05-13,11.07,10.7018,12.329
"632",135,1999-05-14,10.98,10.7145,12.3712
"633",136,1999-05-15,11.25,10.726,12.4122
"634",137,1999-05-16,11.67,10.737,12.453
"635",138,1999-05-17,11.79,10.7482,12.4958
"636",139,1999-05-18,11.75,10.7591,12.5407
"637",140,1999-05-19,11.56,10.7704,12.5882
"638",141,1999-05-20,11.66,10.7833,12.6387
"639",142,1999-05-21,11.87,10.7988,12.6892
"640",143,1999-05-22,11.78,10.8167,12.7384
"641",144,1999-05-23,9.9,10.8368,12.7851
"642",145,1999-05-24,9.44,10.8595,12.8304
"643",146,1999-05-25,10.43,10.885,12.8718
"644",147,1999-05-26,8.81,10.9131,12.9133
"645",148,1999-05-27,8.53,10.9418,12.9516
"646",149,1999-05-28,7.91,10.9701,12.9901
"647",150,1999-05-29,7.6,10.9974,13.0248
"648",151,1999-05-30,7.77,11.0233,13.0555
"649",152,1999-05-31,7.77,11.047,13.0853
"650",153,1999-06-01,8.15,11.067,13.1138
"651",154,1999-06-02,8.1,11.0839,13.1419
"652",155,1999-06-03,8.31,11.097,13.1705
"653",156,1999-06-04,8.37,11.1061,13.1987
"654",157,1999-06-05,9.22,11.1117,13.2266
"655",158,1999-06-06,9.31,11.1136,13.2538
"656",159,1999-06-07,9.41,11.1127,13.2802
"657",160,1999-06-08,10.05,11.1102,13.3056
"658",161,1999-06-09,10.57,11.1081,13.3331
"659",162,1999-06-10,10.58,11.1065,13.3616
"660",163,1999-06-11,10.75,11.1059,13.3895
"661",164,1999-06-12,11.14,11.1054,13.4178
"662",165,1999-06-13,11.37,11.1043,13.4407
"663",166,1999-06-14,11.09,11.1026,13.4616
"664",167,1999-06-15,11.24,11.0995,13.4802
"665",168,1999-06-16,11.87,11.0939,13.4984
"666",169,1999-06-17,12.57,11.0858,13.5135
"667",170,1999-06-18,12.15,11.076,13.5263
"668",171,1999-06-19,11.23,11.0635,13.5378
"669",172,1999-06-20,10.83,11.046,13.5396
"670",173,1999-06-21,10.56,11.0228,13.5298
"671",174,1999-06-22,10.38,10.9936,13.5043
"672",175,1999-06-23,10.09,10.9611,13.4781
"673",176,1999-06-24,10.39,10.9254,13.4507
"674",177,1999-06-25,10.84,10.8856,13.4231
"675",178,1999-06-26,9.78,10.8429,13.414
"676",179,1999-06-27,9.27,10.7991,13.4134
"677",180,1999-06-28,9.38,10.7552,13.4025
"678",181,1999-06-29,9.01,10.7105,13.3878
"679",182,1999-06-30,9.18,10.6662,13.3735
"680",183,1999-07-01,10.61,10.6236,13.3663
"681",184,1999-07-02,10.04,10.5836,13.3631
"682",185,1999-07-03,10.26,10.5456,13.3571
"683",186,1999-07-04,11.68,10.5077,13.335
"684",187,1999-07-05,10.78,10.4704,13.2992
"685",188,1999-07-06,10.19,10.4355,13.2602
"686",189,1999-07-07,10.56,10.4026,13.2127
"687",190,1999-07-08,11.67,10.3696,13.1664
"688",191,1999-07-09,9.21,10.3359,13.1183
"689",192,1999-07-10,9.32,10.3,13.0609
"690",193,1999-07-11,9.16,10.2615,12.984
"691",194,1999-07-12,9.15,10.2197,12.8985
"692",195,1999-07-13,8.57,10.1754,12.8093
"693",196,1999-07-14,NA,10.1302,12.7209
"694",197,1999-07-15,NA,10.0854,12.6326
"695",198,1999-07-16,NA,10.042,12.5452
"696",199,1999-07-17,NA,10.0004,12.4567
"697",200,1999-07-18,NA,9.9617,12.37
"698",201,1999-07-19,NA,9.9257,12.2816
"699",202,1999-07-20,NA,9.8933,12.1945
"700",203,1999-07-21,NA,9.8668,12.1186
"701",204,1999-07-22,NA,9.8465,12.0565
"702",205,1999-07-23,NA,9.8334,12.0225
"703",206,1999-07-24,NA,9.8252,11.9939
"704",207,1999-07-25,NA,9.8209,11.9747
"705",208,1999-07-26,NA,9.8204,11.9585
"706",209,1999-07-27,NA,9.8228,11.9284
"707",210,1999-07-28,NA,9.8265,11.8936
"708",211,1999-07-29,NA,9.8306,11.8635
"709",212,1999-07-30,NA,9.8364,11.8341
"710",213,1999-07-31,NA,9.8428,11.8047
"711",214,1999-08-01,NA,9.8505,11.7705
"712",215,1999-08-02,NA,9.8595,11.74
"713",216,1999-08-03,NA,9.8698,11.7185
"714",217,1999-08-04,NA,9.8837,11.7086
"715",218,1999-08-05,NA,9.9008,11.7205
"716",219,1999-08-06,NA,9.9215,11.7383
"717",220,1999-08-07,NA,9.9463,11.7741
"718",221,1999-08-08,NA,9.976,11.821
"719",222,1999-08-09,NA,10.0101,11.8744
"720",223,1999-08-10,NA,10.0494,11.9415
"721",224,1999-08-11,NA,10.0934,12.0277
"722",225,1999-08-12,NA,10.1417,12.1178
"723",226,1999-08-13,NA,10.1924,12.2086
"724",227,1999-08-14,NA,10.2448,12.2992
"725",228,1999-08-15,NA,10.2987,12.3911
"726",229,1999-08-16,NA,10.3539,12.4844
"727",230,1999-08-17,NA,10.4092,12.581
"728",231,1999-08-18,NA,10.4626,12.6733
"729",232,1999-08-19,NA,10.5141,12.7636
"730",233,1999-08-20,NA,10.563,12.8508
"731",234,1999-08-21,NA,10.6078,12.9313
"732",235,1999-08-22,NA,10.6486,13.0067
"733",236,1999-08-23,NA,10.6854,13.0688
"734",237,1999-08-24,NA,10.7191,13.1258
"735",238,1999-08-25,NA,10.7494,13.1709
"736",239,1999-08-26,NA,10.7763,13.2129
"737",240,1999-08-27,NA,10.8002,13.2522
"738",241,1999-08-28,NA,10.8222,13.2872
"739",242,1999-08-29,NA,10.844,13.3258
"740",243,1999-08-30,NA,10.866,13.3667
"741",244,1999-08-31,NA,10.8889,13.4105
"742",245,1999-09-01,NA,10.9122,13.4556
"743",246,1999-09-02,NA,10.936,13.4997
"744",247,1999-09-03,NA,10.96,13.5405
"745",248,1999-09-04,NA,10.9841,13.5856
"746",249,1999-09-05,NA,11.0079,13.6205
"747",250,1999-09-06,NA,11.0301,13.6507
"748",251,1999-09-07,NA,11.0498,13.6683
"749",252,1999-09-08,9.33,11.0661,13.6727
"750",253,1999-09-09,10.55,11.079,13.6738
"751",254,1999-09-10,10.35,11.0884,13.6724
"752",255,1999-09-11,9.49,11.0953,13.6711
"753",256,1999-09-12,8.95,11.101,13.6722
"754",257,1999-09-13,9.24,11.1063,13.6729
"755",258,1999-09-14,9.73,11.1102,13.6724
"756",259,1999-09-15,9.71,11.1122,13.6712
"757",260,1999-09-16,9.79,11.113,13.6724
"758",261,1999-09-17,9.78,11.1139,13.6728
"759",262,1999-09-18,9.14,11.1162,13.6758
"760",263,1999-09-19,9.13,11.1202,13.68
"761",264,1999-09-20,9.23,11.1261,13.6828
"762",265,1999-09-21,8.9,11.1347,13.6823
"763",266,1999-09-22,9.24,11.1454,13.6812
"764",267,1999-09-23,9.09,11.158,13.6781
"765",268,1999-09-24,9.3,11.1717,13.6731
"766",269,1999-09-25,9.9,11.1876,13.6699
"767",270,1999-09-26,9.93,11.2065,13.6687
"768",271,1999-09-27,10,11.2269,13.6649
"769",272,1999-09-28,9.29,11.248,13.6589
"770",273,1999-09-29,9.26,11.2688,13.6519
"771",274,1999-09-30,8.87,11.2888,13.6449
"772",275,1999-10-01,8.6,11.3079,13.6349
"773",276,1999-10-02,8.32,11.3253,13.6226
"774",277,1999-10-03,8.35,11.3414,13.6053
"775",278,1999-10-04,8.43,11.3562,13.5843
"776",279,1999-10-05,8.97,11.3699,13.5618
"777",280,1999-10-06,9.67,11.3826,13.5395
"778",281,1999-10-07,9.96,11.3937,13.519
"779",282,1999-10-08,10.9,11.4049,13.5023
"780",283,1999-10-09,10.65,11.4173,13.4882
"781",284,1999-10-10,10.53,11.431,13.4733
"782",285,1999-10-11,10.51,11.4458,13.4525
"783",286,1999-10-12,10.57,11.4602,13.4299
"784",287,1999-10-13,10.87,11.4743,13.4095
"785",288,1999-10-14,10.42,11.4875,13.3892
"786",289,1999-10-15,9.77,11.5007,13.3693
"787",290,1999-10-16,8.99,11.5141,13.3479
"788",291,1999-10-17,8.5,11.5271,13.3218
"789",292,1999-10-18,8.54,11.5392,13.2926
"790",293,1999-10-19,8.5,11.5496,13.2597
"791",294,1999-10-20,9.04,11.5576,13.2241
"792",295,1999-10-21,9.09,11.564,13.1884
"793",296,1999-10-22,9,11.5691,13.156
"794",297,1999-10-23,9.27,11.5738,13.1249
"795",298,1999-10-24,9.55,11.5779,13.0959
"796",299,1999-10-25,9.46,11.5815,13.0693
"797",300,1999-10-26,9.76,11.5842,13.0426
"798",301,1999-10-27,9.42,11.5858,13.0155
"799",302,1999-10-28,9.68,11.5873,12.9897
"800",303,1999-10-29,9.98,11.5889,12.9682
"801",304,1999-10-30,9.98,11.5912,12.9492
"802",305,1999-10-31,10.09,11.594,12.934
"803",306,1999-11-01,10.01,11.5966,12.9185
"804",307,1999-11-02,9.9,11.5985,12.8996
"805",308,1999-11-03,9.94,11.5996,12.8798
"806",309,1999-11-04,9.97,11.5998,12.8584
"807",310,1999-11-05,9.97,11.599,12.8356
"808",311,1999-11-06,10.17,11.5978,12.8127
"809",312,1999-11-07,10.41,11.5959,12.7879
"810",313,1999-11-08,10.62,11.5925,12.7609
"811",314,1999-11-09,10.76,11.5871,12.7318
"812",315,1999-11-10,10.98,11.5797,12.7034
"813",316,1999-11-11,11.04,11.5702,12.6775
"814",317,1999-11-12,11.34,11.5592,12.6525
"815",318,1999-11-13,11.47,11.5467,12.6267
"816",319,1999-11-14,11.47,11.533,12.5974
"817",320,1999-11-15,11.66,11.5179,12.5654
"818",321,1999-11-16,11.87,11.5015,12.5325
"819",322,1999-11-17,11.66,11.4832,12.5007
"820",323,1999-11-18,11.53,11.4632,12.4704
"821",324,1999-11-19,11.42,11.442,12.4436
"822",325,1999-11-20,11.41,11.4196,12.4185
"823",326,1999-11-21,11.25,11.3959,12.3943
"824",327,1999-11-22,11.23,11.3708,12.3692
"825",328,1999-11-23,11.09,11.3437,12.342
"826",329,1999-11-24,11.04,11.3147,12.313
"827",330,1999-11-25,11.06,11.2842,12.2834
"828",331,1999-11-26,11.17,11.2522,12.253
"829",332,1999-11-27,10.99,11.2182,12.2205
"830",333,1999-11-28,11.01,11.1823,12.1866
"831",334,1999-11-29,11.02,11.1446,12.1496
"832",335,1999-11-30,11.09,11.1053,12.1111
"833",336,1999-12-01,11,11.0649,12.0705
"834",337,1999-12-02,10.99,11.0236,12.0305
"835",338,1999-12-03,11.2,10.9819,11.9922
"836",339,1999-12-04,11.05,10.9403,11.9533
"837",340,1999-12-05,10.89,10.8989,11.9177
"838",341,1999-12-06,10.98,10.8577,11.8842
"839",342,1999-12-07,10.94,10.817,11.8526
"840",343,1999-12-08,10.76,10.7774,11.824
"841",344,1999-12-09,10.66,10.7392,11.7977
"842",345,1999-12-10,10.63,10.7025,11.7739
"843",346,1999-12-11,10.56,10.6674,11.7511
"844",347,1999-12-12,10.65,10.6335,11.7296
"845",348,1999-12-13,10.64,10.601,11.7085
"846",349,1999-12-14,10.48,10.5699,11.6877
"847",350,1999-12-15,10.52,10.5403,11.671
"848",351,1999-12-16,10.66,10.5123,11.6578
"849",352,1999-12-17,10.84,10.4858,11.6463
"850",353,1999-12-18,10.87,10.4607,11.6355
"851",354,1999-12-19,10.83,10.437,11.6249
"852",355,1999-12-20,10.74,10.4142,11.6146
"853",356,1999-12-21,10.72,10.3925,11.6047
"854",357,1999-12-22,10.63,10.3716,11.5947
"855",358,1999-12-23,10.49,10.3516,11.5836
"856",359,1999-12-24,10.33,10.333,11.5735
"857",360,1999-12-25,10.36,10.3153,11.5574
"858",361,1999-12-26,10.23,10.2978,11.5405
"859",362,1999-12-27,10.19,10.2806,11.5227
"860",363,1999-12-28,10.19,10.2639,11.5042
"861",364,1999-12-29,10.15,10.2479,11.4846
"862",365,1999-12-30,10.2,10.2326,11.4656
"863",366,1999-12-31,10.08,10.2178,11.447
"864",1,2000-01-01,9.78,10.2036,11.4263
"865",2,2000-01-02,9.6,10.1901,11.4062
"866",3,2000-01-03,9.72,10.1775,11.3869
"867",4,2000-01-04,9.73,10.1652,11.3691
"868",5,2000-01-05,9.67,10.1538,11.3525
"869",6,2000-01-06,9.8,10.1433,11.337
"870",7,2000-01-07,9.66,10.1338,11.3233
"871",8,2000-01-08,9.52,10.125,11.3114
"872",9,2000-01-09,9.74,10.1165,11.3009
"873",10,2000-01-10,9.73,10.1083,11.2911
"874",11,2000-01-11,9.65,10.1003,11.2821
"875",12,2000-01-12,9.34,10.0931,11.2742
"876",13,2000-01-13,9.33,10.0866,11.2682
"877",14,2000-01-14,9.15,10.0805,11.2646
"878",15,2000-01-15,9.12,10.0747,11.2603
"879",16,2000-01-16,9.24,10.069,11.2553
"880",17,2000-01-17,9.22,10.0636,11.2493
"881",18,2000-01-18,9.28,10.0587,11.2431
"882",19,2000-01-19,9.22,10.0542,11.2344
"883",20,2000-01-20,9.35,10.05,11.2223
"884",21,2000-01-21,9.17,10.0465,11.2106
"885",22,2000-01-22,9.2,10.0434,11.1993
"886",23,2000-01-23,9.26,10.0405,11.1898
"887",24,2000-01-24,9.26,10.0378,11.1808
"888",25,2000-01-25,9.2,10.0354,11.1784
"889",26,2000-01-26,9.28,10.0335,11.1765
"890",27,2000-01-27,9.55,10.0324,11.1762
"891",28,2000-01-28,9.43,10.0318,11.1764
"892",29,2000-01-29,9.08,10.031,11.1771
"893",30,2000-01-30,8.91,10.0301,11.1782
"894",31,2000-01-31,9.1,10.0292,11.1797
"895",32,2000-02-01,9.51,10.0282,11.1816
"896",33,2000-02-02,9.56,10.027,11.1827
"897",34,2000-02-03,9.58,10.0256,11.1833
"898",35,2000-02-04,9.61,10.0237,11.1838
"899",36,2000-02-05,9.61,10.0213,11.1832
"900",37,2000-02-06,9.71,10.0181,11.1822
"901",38,2000-02-07,9.84,10.014,11.1787
"902",39,2000-02-08,9.94,10.0092,11.173
"903",40,2000-02-09,9.95,10.0042,11.1668
"904",41,2000-02-10,9.97,9.999,11.1611
"905",42,2000-02-11,9.83,9.9935,11.1543
"906",43,2000-02-12,9.85,9.9878,11.1466
"907",44,2000-02-13,9.95,9.9818,11.1374
"908",45,2000-02-14,9.86,9.9756,11.1264
"909",46,2000-02-15,9.84,9.9693,11.1156
"910",47,2000-02-16,9.88,9.963,11.1047
"911",48,2000-02-17,9.84,9.9568,11.0949
"912",49,2000-02-18,9.92,9.9509,11.087
"913",50,2000-02-19,9.89,9.9455,11.0823
"914",51,2000-02-20,9.81,9.9405,11.0812
"915",52,2000-02-21,9.85,9.936,11.0801
"916",53,2000-02-22,9.93,9.9322,11.0792
"917",54,2000-02-23,10.04,9.9291,11.0784
"918",55,2000-02-24,10.07,9.9268,11.0777
"919",56,2000-02-25,10.01,9.9251,11.0789
"920",57,2000-02-26,10.1,9.9244,11.0825
"921",58,2000-02-27,10.26,9.9245,11.086
"922",59,2000-02-28,10.37,9.9257,11.091
"923",60,2000-02-29,10.29,9.9281,11.0962
"924",61,2000-03-01,10.39,9.9316,11.1015
"925",62,2000-03-02,10.27,9.9358,11.1067
"926",63,2000-03-03,10.45,9.9407,11.1125
"927",64,2000-03-04,10.4,9.9461,11.1191
"928",65,2000-03-05,10.27,9.9522,11.1267
"929",66,2000-03-06,10.13,9.9588,11.1325
"930",67,2000-03-07,9.99,9.9658,11.1358
"931",68,2000-03-08,10.12,9.9736,11.1392
"932",69,2000-03-09,10.36,9.9818,11.1425
"933",70,2000-03-10,10.39,9.99,11.1462
"934",71,2000-03-11,10.3,9.9981,11.1495
"935",72,2000-03-12,10.34,10.006,11.1518
"936",73,2000-03-13,10.45,10.0136,11.1536
"937",74,2000-03-14,10.43,10.0207,11.1551
"938",75,2000-03-15,10.43,10.0274,11.1565
"939",76,2000-03-16,10.33,10.0336,11.1558
"940",77,2000-03-17,10.3,10.0396,11.1545
"941",78,2000-03-18,10.25,10.046,11.1532
"942",79,2000-03-19,10.21,10.0524,11.1504
"943",80,2000-03-20,10.25,10.0592,11.1473
"944",81,2000-03-21,10.29,10.0665,11.1435
"945",82,2000-03-22,10.35,10.0743,11.1404
"946",83,2000-03-23,10.12,10.0826,11.1375
"947",84,2000-03-24,10.08,10.0918,11.1357
"948",85,2000-03-25,10.12,10.1019,11.1342
"949",86,2000-03-26,10.12,10.1126,11.1325
"950",87,2000-03-27,10.43,10.1239,11.1301
"951",88,2000-03-28,10.37,10.1357,11.1271
"952",89,2000-03-29,10.2,10.1474,11.126
"953",90,2000-03-30,9.84,10.1592,11.1281
"954",91,2000-03-31,9.5,10.1711,11.1322
"955",92,2000-04-01,9.1,10.1827,11.1385
"956",93,2000-04-02,8.86,10.1937,11.1444
"957",94,2000-04-03,8.63,10.2033,11.1485
"958",95,2000-04-04,8.77,10.2114,11.1519
"959",96,2000-04-05,8.99,10.2185,11.1542
"960",97,2000-04-06,9.07,10.2254,11.1585
"961",98,2000-04-07,8.97,10.2326,11.1668
"962",99,2000-04-08,9.24,10.2401,11.1761
"963",100,2000-04-09,9.38,10.2481,11.1867
"964",101,2000-04-10,9.69,10.2563,11.1987
"965",102,2000-04-11,10.06,10.2645,11.2113
"966",103,2000-04-12,10.46,10.2733,11.2247
"967",104,2000-04-13,10.76,10.2836,11.2391
"968",105,2000-04-14,10.86,10.2961,11.2549
"969",106,2000-04-15,11,10.3111,11.2714
"970",107,2000-04-16,10.95,10.3285,11.291
"971",108,2000-04-17,10.96,10.3477,11.3139
"972",109,2000-04-18,11,10.3679,11.3373
"973",110,2000-04-19,11.05,10.3882,11.3643
"974",111,2000-04-20,11.27,10.4078,11.3935
"975",112,2000-04-21,11.9,10.426,11.4255
"976",113,2000-04-22,11.87,10.4427,11.4589
"977",114,2000-04-23,11.61,10.4574,11.4956
"978",115,2000-04-24,11.37,10.4708,11.5356
"979",116,2000-04-25,11.33,10.4827,11.576
"980",117,2000-04-26,11.32,10.4939,11.6201
"981",118,2000-04-27,11.77,10.5046,11.6646
"982",119,2000-04-28,11.62,10.5149,11.7129
"983",120,2000-04-29,11.57,10.5248,11.7629
"984",121,2000-04-30,11.82,10.5346,11.81
"985",122,2000-05-01,12.1,10.5444,11.8551
"986",123,2000-05-02,12.2,10.5545,11.8975
"987",124,2000-05-03,12.4,10.5659,11.9399
"988",125,2000-05-04,12.33,10.5793,11.9839
"989",126,2000-05-05,12.42,10.5933,12.0276
"990",127,2000-05-06,12.68,10.6078,12.0702
"991",128,2000-05-07,12.47,10.6227,12.1111
"992",129,2000-05-08,12.3,10.6372,12.1495
"993",130,2000-05-09,12.55,10.6506,12.1849
"994",131,2000-05-10,12.43,10.6631,12.219
"995",132,2000-05-11,12.24,10.6754,12.2525
"996",133,2000-05-12,12.15,10.6884,12.2885
"997",134,2000-05-13,12.08,10.7018,12.329
"998",135,2000-05-14,12.23,10.7145,12.3712
"999",136,2000-05-15,12.81,10.726,12.4122
"1000",137,2000-05-16,12.93,10.737,12.453
"1001",138,2000-05-17,12.77,10.7482,12.4958
"1002",139,2000-05-18,12.72,10.7591,12.5407
"1003",140,2000-05-19,13.02,10.7704,12.5882
"1004",141,2000-05-20,12.77,10.7833,12.6387
"1005",142,2000-05-21,12.42,10.7988,12.6892
"1006",143,2000-05-22,12.34,10.8167,12.7384
"1007",144,2000-05-23,11.81,10.8368,12.7851
"1008",145,2000-05-24,10.73,10.8595,12.8304
"1009",146,2000-05-25,9.63,10.885,12.8718
"1010",147,2000-05-26,9.9,10.9131,12.9133
"1011",148,2000-05-27,10.46,10.9418,12.9516
"1012",149,2000-05-28,11.08,10.9701,12.9901
"1013",150,2000-05-29,11.75,10.9974,13.0248
"1014",151,2000-05-30,11.59,11.0233,13.0555
"1015",152,2000-05-31,10.84,11.047,13.0853
"1016",153,2000-06-01,10.18,11.067,13.1138
"1017",154,2000-06-02,8.83,11.0839,13.1419
"1018",155,2000-06-03,9.48,11.097,13.1705
"1019",156,2000-06-04,10.69,11.1061,13.1987
"1020",157,2000-06-05,10.39,11.1117,13.2266
"1021",158,2000-06-06,11.24,11.1136,13.2538
"1022",159,2000-06-07,12.02,11.1127,13.2802
"1023",160,2000-06-08,11.68,11.1102,13.3056
"1024",161,2000-06-09,11.45,11.1081,13.3331
"1025",162,2000-06-10,12.78,11.1065,13.3616
"1026",163,2000-06-11,12.9,11.1059,13.3895
"1027",164,2000-06-12,12.66,11.1054,13.4178
"1028",165,2000-06-13,12.49,11.1043,13.4407
"1029",166,2000-06-14,12.54,11.1026,13.4616
"1030",167,2000-06-15,12.38,11.0995,13.4802
"1031",168,2000-06-16,11.38,11.0939,13.4984
"1032",169,2000-06-17,9.19,11.0858,13.5135
"1033",170,2000-06-18,8.69,11.076,13.5263
"1034",171,2000-06-19,9.6,11.0635,13.5378
"1035",172,2000-06-20,9.31,11.046,13.5396
"1036",173,2000-06-21,8.68,11.0228,13.5298
"1037",174,2000-06-22,7.95,10.9936,13.5043
"1038",175,2000-06-23,7.74,10.9611,13.4781
"1039",176,2000-06-24,7.83,10.9254,13.4507
"1040",177,2000-06-25,8.13,10.8856,13.4231
"1041",178,2000-06-26,8.11,10.8429,13.414
"1042",179,2000-06-27,7.98,10.7991,13.4134
"1043",180,2000-06-28,8.5,10.7552,13.4025
"1044",181,2000-06-29,8.45,10.7105,13.3878
"1045",182,2000-06-30,8.4,10.6662,13.3735
"1046",183,2000-07-01,9.44,10.6236,13.3663
"1047",184,2000-07-02,9.32,10.5836,13.3631
"1048",185,2000-07-03,9.55,10.5456,13.3571
"1049",186,2000-07-04,9.61,10.5077,13.335
"1050",187,2000-07-05,10.78,10.4704,13.2992
"1051",188,2000-07-06,10.36,10.4355,13.2602
"1052",189,2000-07-07,10.83,10.4026,13.2127
"1053",190,2000-07-08,9.32,10.3696,13.1664
"1054",191,2000-07-09,9.51,10.3359,13.1183
"1055",192,2000-07-10,9.66,10.3,13.0609
"1056",193,2000-07-11,9.18,10.2615,12.984
"1057",194,2000-07-12,8.78,10.2197,12.8985
"1058",195,2000-07-13,9.27,10.1754,12.8093
"1059",196,2000-07-14,8.93,10.1302,12.7209
"1060",197,2000-07-15,8.9,10.0854,12.6326
"1061",198,2000-07-16,8.61,10.042,12.5452
"1062",199,2000-07-17,9.32,10.0004,12.4567
"1063",200,2000-07-18,8.75,9.9617,12.37
"1064",201,2000-07-19,9.21,9.9257,12.2816
"1065",202,2000-07-20,9.36,9.8933,12.1945
"1066",203,2000-07-21,8.85,9.8668,12.1186
"1067",204,2000-07-22,8.92,9.8465,12.0565
"1068",205,2000-07-23,9.38,9.8334,12.0225
"1069",206,2000-07-24,9.47,9.8252,11.9939
"1070",207,2000-07-25,9.59,9.8209,11.9747
"1071",208,2000-07-26,9.84,9.8204,11.9585
"1072",209,2000-07-27,10.38,9.8228,11.9284
"1073",210,2000-07-28,11.15,9.8265,11.8936
"1074",211,2000-07-29,12.81,9.8306,11.8635
"1075",212,2000-07-30,10.8,9.8364,11.8341
"1076",213,2000-07-31,9.35,9.8428,11.8047
"1077",214,2000-08-01,9.6,9.8505,11.7705
"1078",215,2000-08-02,9.01,9.8595,11.74
"1079",216,2000-08-03,8.52,9.8698,11.7185
"1080",217,2000-08-04,8.61,9.8837,11.7086
"1081",218,2000-08-05,8.46,9.9008,11.7205
"1082",219,2000-08-06,8.69,9.9215,11.7383
"1083",220,2000-08-07,9,9.9463,11.7741
"1084",221,2000-08-08,8.95,9.976,11.821
"1085",222,2000-08-09,9.14,10.0101,11.8744
"1086",223,2000-08-10,8.77,10.0494,11.9415
"1087",224,2000-08-11,8.63,10.0934,12.0277
"1088",225,2000-08-12,9.14,10.1417,12.1178
"1089",226,2000-08-13,9.4,10.1924,12.2086
"1090",227,2000-08-14,9.84,10.2448,12.2992
"1091",228,2000-08-15,9.69,10.2987,12.3911
"1092",229,2000-08-16,9.64,10.3539,12.4844
"1093",230,2000-08-17,9.65,10.4092,12.581
"1094",231,2000-08-18,9.39,10.4626,12.6733
"1095",232,2000-08-19,10.45,10.5141,12.7636
"1096",233,2000-08-20,10.58,10.563,12.8508
"1097",234,2000-08-21,10.99,10.6078,12.9313
"1098",235,2000-08-22,10.07,10.6486,13.0067
"1099",236,2000-08-23,9.49,10.6854,13.0688
"1100",237,2000-08-24,9.32,10.7191,13.1258
"1101",238,2000-08-25,9.81,10.7494,13.1709
"1102",239,2000-08-26,10.25,10.7763,13.2129
"1103",240,2000-08-27,9.82,10.8002,13.2522
"1104",241,2000-08-28,9.39,10.8222,13.2872
"1105",242,2000-08-29,8.64,10.844,13.3258
"1106",243,2000-08-30,8.39,10.866,13.3667
"1107",244,2000-08-31,8.43,10.8889,13.4105
"1108",245,2000-09-01,9.06,10.9122,13.4556
"1109",246,2000-09-02,9.45,10.936,13.4997
"1110",247,2000-09-03,10.3,10.96,13.5405
"1111",248,2000-09-04,10.23,10.9841,13.5856
"1112",249,2000-09-05,10.66,11.0079,13.6205
"1113",250,2000-09-06,11.58,11.0301,13.6507
"1114",251,2000-09-07,11.86,11.0498,13.6683
"1115",252,2000-09-08,11.64,11.0661,13.6727
"1116",253,2000-09-09,11.8,11.079,13.6738
"1117",254,2000-09-10,11.96,11.0884,13.6724
"1118",255,2000-09-11,12.53,11.0953,13.6711
"1119",256,2000-09-12,12.1,11.101,13.6722
"1120",257,2000-09-13,12.11,11.1063,13.6729
"1121",258,2000-09-14,11.38,11.1102,13.6724
"1122",259,2000-09-15,12.24,11.1122,13.6712
"1123",260,2000-09-16,12.01,11.113,13.6724
"1124",261,2000-09-17,11.57,11.1139,13.6728
"1125",262,2000-09-18,11.04,11.1162,13.6758
"1126",263,2000-09-19,10.48,11.1202,13.68
"1127",264,2000-09-20,9.48,11.1261,13.6828
"1128",265,2000-09-21,8.65,11.1347,13.6823
"1129",266,2000-09-22,8.78,11.1454,13.6812
"1130",267,2000-09-23,8.76,11.158,13.6781
"1131",268,2000-09-24,9.16,11.1717,13.6731
"1132",269,2000-09-25,9.77,11.1876,13.6699
"1133",270,2000-09-26,9.77,11.2065,13.6687
"1134",271,2000-09-27,10.45,11.2269,13.6649
"1135",272,2000-09-28,10.92,11.248,13.6589
"1136",273,2000-09-29,10.9,11.2688,13.6519
"1137",274,2000-09-30,10.63,11.2888,13.6449
"1138",275,2000-10-01,11.78,11.3079,13.6349
"1139",276,2000-10-02,11.08,11.3253,13.6226
"1140",277,2000-10-03,10.83,11.3414,13.6053
"1141",278,2000-10-04,9.45,11.3562,13.5843
"1142",279,2000-10-05,8.76,11.3699,13.5618
"1143",280,2000-10-06,9.2,11.3826,13.5395
"1144",281,2000-10-07,9.65,11.3937,13.519
"1145",282,2000-10-08,9.94,11.4049,13.5023
"1146",283,2000-10-09,9.68,11.4173,13.4882
"1147",284,2000-10-10,9.18,11.431,13.4733
"1148",285,2000-10-11,9.49,11.4458,13.4525
"1149",286,2000-10-12,9.83,11.4602,13.4299
"1150",287,2000-10-13,10.24,11.4743,13.4095
"1151",288,2000-10-14,10.58,11.4875,13.3892
"1152",289,2000-10-15,10.56,11.5007,13.3693
"1153",290,2000-10-16,10.99,11.5141,13.3479
"1154",291,2000-10-17,11.3,11.5271,13.3218
"1155",292,2000-10-18,11.28,11.5392,13.2926
"1156",293,2000-10-19,11.23,11.5496,13.2597
"1157",294,2000-10-20,11.42,11.5576,13.2241
"1158",295,2000-10-21,11.53,11.564,13.1884
"1159",296,2000-10-22,11.55,11.5691,13.156
"1160",297,2000-10-23,11.46,11.5738,13.1249
"1161",298,2000-10-24,11.22,11.5779,13.0959
"1162",299,2000-10-25,11.21,11.5815,13.0693
"1163",300,2000-10-26,11.25,11.5842,13.0426
"1164",301,2000-10-27,11.05,11.5858,13.0155
"1165",302,2000-10-28,10.9,11.5873,12.9897
"1166",303,2000-10-29,11.38,11.5889,12.9682
"1167",304,2000-10-30,11.42,11.5912,12.9492
"1168",305,2000-10-31,11.44,11.594,12.934
"1169",306,2000-11-01,11.42,11.5966,12.9185
"1170",307,2000-11-02,11.44,11.5985,12.8996
"1171",308,2000-11-03,11.51,11.5996,12.8798
"1172",309,2000-11-04,11.52,11.5998,12.8584
"1173",310,2000-11-05,11.49,11.599,12.8356
"1174",311,2000-11-06,11.38,11.5978,12.8127
"1175",312,2000-11-07,11.35,11.5959,12.7879
"1176",313,2000-11-08,11.18,11.5925,12.7609
"1177",314,2000-11-09,10.92,11.5871,12.7318
"1178",315,2000-11-10,10.73,11.5797,12.7034
"1179",316,2000-11-11,10.58,11.5702,12.6775
"1180",317,2000-11-12,10.51,11.5592,12.6525
"1181",318,2000-11-13,10.56,11.5467,12.6267
"1182",319,2000-11-14,10.51,11.533,12.5974
"1183",320,2000-11-15,10.47,11.5179,12.5654
"1184",321,2000-11-16,10.44,11.5015,12.5325
"1185",322,2000-11-17,10.32,11.4832,12.5007
"1186",323,2000-11-18,10.08,11.4632,12.4704
"1187",324,2000-11-19,9.99,11.442,12.4436
"1188",325,2000-11-20,10,11.4196,12.4185
"1189",326,2000-11-21,10.07,11.3959,12.3943
"1190",327,2000-11-22,10.08,11.3708,12.3692
"1191",328,2000-11-23,10.07,11.3437,12.342
"1192",329,2000-11-24,10.31,11.3147,12.313
"1193",330,2000-11-25,10.36,11.2842,12.2834
"1194",331,2000-11-26,10.42,11.2522,12.253
"1195",332,2000-11-27,10.39,11.2182,12.2205
"1196",333,2000-11-28,10.27,11.1823,12.1866
"1197",334,2000-11-29,10.31,11.1446,12.1496
"1198",335,2000-11-30,10.28,11.1053,12.1111
"1199",336,2000-12-01,10.19,11.0649,12.0705
"1200",337,2000-12-02,10.23,11.0236,12.0305
"1201",338,2000-12-03,10.21,10.9819,11.9922
"1202",339,2000-12-04,10.14,10.9403,11.9533
"1203",340,2000-12-05,10.04,10.8989,11.9177
"1204",341,2000-12-06,10,10.8577,11.8842
"1205",342,2000-12-07,9.9,10.817,11.8526
"1206",343,2000-12-08,9.8,10.7774,11.824
"1207",344,2000-12-09,9.78,10.7392,11.7977
"1208",345,2000-12-10,9.68,10.7025,11.7739
"1209",346,2000-12-11,9.73,10.6674,11.7511
"1210",347,2000-12-12,9.65,10.6335,11.7296
"1211",348,2000-12-13,9.52,10.601,11.7085
"1212",349,2000-12-14,9.54,10.5699,11.6877
"1213",350,2000-12-15,9.96,10.5403,11.671
"1214",351,2000-12-16,10.17,10.5123,11.6578
"1215",352,2000-12-17,10.03,10.4858,11.6463
"1216",353,2000-12-18,10.05,10.4607,11.6355
"1217",354,2000-12-19,10.07,10.437,11.6249
"1218",355,2000-12-20,10.03,10.4142,11.6146
"1219",356,2000-12-21,9.66,10.3925,11.6047
"1220",357,2000-12-22,9.86,10.3716,11.5947
"1221",358,2000-12-23,10.2,10.3516,11.5836
"1222",359,2000-12-24,10.22,10.333,11.5735
"1223",360,2000-12-25,10.22,10.3153,11.5574
"1224",361,2000-12-26,10.11,10.2978,11.5405
"1225",362,2000-12-27,10.09,10.2806,11.5227
"1226",363,2000-12-28,10.07,10.2639,11.5042
"1227",364,2000-12-29,10,10.2479,11.4846
"1228",365,2000-12-30,9.97,10.2326,11.4656
"1229",366,2000-12-31,10.14,10.2178,11.447
"1230",1,2001-01-01,10.13,10.2036,11.4263
"1231",2,2001-01-02,10.18,10.1901,11.4062
"1232",3,2001-01-03,10.12,10.1775,11.3869
"1233",4,2001-01-04,10.25,10.1652,11.3691
"1234",5,2001-01-05,10.39,10.1538,11.3525
"1235",6,2001-01-06,10.36,10.1433,11.337
"1236",7,2001-01-07,10.23,10.1338,11.3233
"1237",8,2001-01-08,10.17,10.125,11.3114
"1238",9,2001-01-09,10.15,10.1165,11.3009
"1239",10,2001-01-10,10.17,10.1083,11.2911
"1240",11,2001-01-11,10.14,10.1003,11.2821
"1241",12,2001-01-12,10.11,10.0931,11.2742
"1242",13,2001-01-13,10.03,10.0866,11.2682
"1243",14,2001-01-14,9.97,10.0805,11.2646
"1244",15,2001-01-15,10.09,10.0747,11.2603
"1245",16,2001-01-16,9.95,10.069,11.2553
"1246",17,2001-01-17,9.9,10.0636,11.2493
"1247",18,2001-01-18,9.78,10.0587,11.2431
"1248",19,2001-01-19,9.48,10.0542,11.2344
"1249",20,2001-01-20,9.5,10.05,11.2223
"1250",21,2001-01-21,9.62,10.0465,11.2106
"1251",22,2001-01-22,9.75,10.0434,11.1993
"1252",23,2001-01-23,9.75,10.0405,11.1898
"1253",24,2001-01-24,9.75,10.0378,11.1808
"1254",25,2001-01-25,9.73,10.0354,11.1784
"1255",26,2001-01-26,9.74,10.0335,11.1765
"1256",27,2001-01-27,9.65,10.0324,11.1762
"1257",28,2001-01-28,9.68,10.0318,11.1764
"1258",29,2001-01-29,9.53,10.031,11.1771
"1259",30,2001-01-30,9.45,10.0301,11.1782
"1260",31,2001-01-31,9.39,10.0292,11.1797
"1261",32,2001-02-01,9.47,10.0282,11.1816
"1262",33,2001-02-02,9.45,10.027,11.1827
"1263",34,2001-02-03,9.53,10.0256,11.1833
"1264",35,2001-02-04,9.58,10.0237,11.1838
"1265",36,2001-02-05,9.61,10.0213,11.1832
"1266",37,2001-02-06,9.45,10.0181,11.1822
"1267",38,2001-02-07,9.55,10.014,11.1787
"1268",39,2001-02-08,9.51,10.0092,11.173
"1269",40,2001-02-09,9.25,10.0042,11.1668
"1270",41,2001-02-10,9.3,9.999,11.1611
"1271",42,2001-02-11,9.19,9.9935,11.1543
"1272",43,2001-02-12,9.07,9.9878,11.1466
"1273",44,2001-02-13,9.09,9.9818,11.1374
"1274",45,2001-02-14,9.17,9.9756,11.1264
"1275",46,2001-02-15,9.15,9.9693,11.1156
"1276",47,2001-02-16,9.08,9.963,11.1047
"1277",48,2001-02-17,9.07,9.9568,11.0949
"1278",49,2001-02-18,9.09,9.9509,11.087
"1279",50,2001-02-19,9.11,9.9455,11.0823
"1280",51,2001-02-20,9.2,9.9405,11.0812
"1281",52,2001-02-21,9.33,9.936,11.0801
"1282",53,2001-02-22,9.35,9.9322,11.0792
"1283",54,2001-02-23,9.39,9.9291,11.0784
"1284",55,2001-02-24,9.43,9.9268,11.0777
"1285",56,2001-02-25,9.5,9.9251,11.0789
"1286",57,2001-02-26,9.44,9.9244,11.0825
"1287",58,2001-02-27,9.57,9.9245,11.086
"1288",59,2001-02-28,9.49,9.9257,11.091
"1289",61,2001-03-01,9.5,9.9316,11.1015
"1290",62,2001-03-02,9.45,9.9358,11.1067
"1291",63,2001-03-03,9.48,9.9407,11.1125
"1292",64,2001-03-04,9.39,9.9461,11.1191
"1293",65,2001-03-05,9.43,9.9522,11.1267
"1294",66,2001-03-06,9.56,9.9588,11.1325
"1295",67,2001-03-07,9.65,9.9658,11.1358
"1296",68,2001-03-08,9.7,9.9736,11.1392
"1297",69,2001-03-09,9.62,9.9818,11.1425
"1298",70,2001-03-10,9.62,9.99,11.1462
"1299",71,2001-03-11,9.59,9.9981,11.1495
"1300",72,2001-03-12,9.59,10.006,11.1518
"1301",73,2001-03-13,9.56,10.0136,11.1536
"1302",74,2001-03-14,9.65,10.0207,11.1551
"1303",75,2001-03-15,9.74,10.0274,11.1565
"1304",76,2001-03-16,9.55,10.0336,11.1558
"1305",77,2001-03-17,9.49,10.0396,11.1545
"1306",78,2001-03-18,9.6,10.046,11.1532
"1307",79,2001-03-19,9.69,10.0524,11.1504
"1308",80,2001-03-20,9.69,10.0592,11.1473
"1309",81,2001-03-21,9.45,10.0665,11.1435
"1310",82,2001-03-22,9.03,10.0743,11.1404
"1311",83,2001-03-23,9.56,10.0826,11.1375
"1312",84,2001-03-24,9.9,10.0918,11.1357
"1313",85,2001-03-25,9.99,10.1019,11.1342
"1314",86,2001-03-26,10.02,10.1126,11.1325
"1315",87,2001-03-27,9.9,10.1239,11.1301
"1316",88,2001-03-28,9.88,10.1357,11.1271
"1317",89,2001-03-29,9.95,10.1474,11.126
"1318",90,2001-03-30,10.12,10.1592,11.1281
"1319",91,2001-03-31,10.26,10.1711,11.1322
"1320",92,2001-04-01,10.25,10.1827,11.1385
"1321",93,2001-04-02,10.23,10.1937,11.1444
"1322",94,2001-04-03,10.04,10.2033,11.1485
"1323",95,2001-04-04,9.89,10.2114,11.1519
"1324",96,2001-04-05,9.98,10.2185,11.1542
"1325",97,2001-04-06,9.77,10.2254,11.1585
"1326",98,2001-04-07,9.77,10.2326,11.1668
"1327",99,2001-04-08,9.76,10.2401,11.1761
"1328",100,2001-04-09,9.75,10.2481,11.1867
"1329",101,2001-04-10,9.82,10.2563,11.1987
"1330",102,2001-04-11,9.76,10.2645,11.2113
"1331",103,2001-04-12,9.93,10.2733,11.2247
"1332",104,2001-04-13,9.61,10.2836,11.2391
"1333",105,2001-04-14,9.54,10.2961,11.2549
"1334",106,2001-04-15,9.6,10.3111,11.2714
"1335",107,2001-04-16,9.68,10.3285,11.291
"1336",108,2001-04-17,9.92,10.3477,11.3139
"1337",109,2001-04-18,10.35,10.3679,11.3373
"1338",110,2001-04-19,10.5,10.3882,11.3643
"1339",111,2001-04-20,10.85,10.4078,11.3935
"1340",112,2001-04-21,10.47,10.426,11.4255
"1341",113,2001-04-22,10.36,10.4427,11.4589
"1342",114,2001-04-23,10.41,10.4574,11.4956
"1343",115,2001-04-24,10.54,10.4708,11.5356
"1344",116,2001-04-25,10.68,10.4827,11.576
"1345",117,2001-04-26,10.49,10.4939,11.6201
"1346",118,2001-04-27,10.5,10.5046,11.6646
"1347",119,2001-04-28,10.88,10.5149,11.7129
"1348",120,2001-04-29,11.06,10.5248,11.7629
"1349",121,2001-04-30,11,10.5346,11.81
"1350",122,2001-05-01,10.97,10.5444,11.8551
"1351",123,2001-05-02,10.66,10.5545,11.8975
"1352",124,2001-05-03,10.43,10.5659,11.9399
"1353",125,2001-05-04,10.15,10.5793,11.9839
"1354",126,2001-05-05,10.7,10.5933,12.0276
"1355",127,2001-05-06,10.44,10.6078,12.0702
"1356",128,2001-05-07,9.93,10.6227,12.1111
"1357",129,2001-05-08,9.77,10.6372,12.1495
"1358",130,2001-05-09,9.15,10.6506,12.1849
"1359",131,2001-05-10,8.47,10.6631,12.219
"1360",132,2001-05-11,8.45,10.6754,12.2525
"1361",133,2001-05-12,8.72,10.6884,12.2885
"1362",134,2001-05-13,9.7,10.7018,12.329
"1363",135,2001-05-14,10.29,10.7145,12.3712
"1364",136,2001-05-15,10.83,10.726,12.4122
"1365",137,2001-05-16,10.83,10.737,12.453
"1366",138,2001-05-17,11.03,10.7482,12.4958
"1367",139,2001-05-18,10.9,10.7591,12.5407
"1368",140,2001-05-19,10.68,10.7704,12.5882
"1369",141,2001-05-20,9.83,10.7833,12.6387
"1370",142,2001-05-21,8.78,10.7988,12.6892
"1371",143,2001-05-22,9.23,10.8167,12.7384
"1372",144,2001-05-23,10.64,10.8368,12.7851
"1373",145,2001-05-24,11.2,10.8595,12.8304
"1374",146,2001-05-25,9.52,10.885,12.8718
"1375",147,2001-05-26,8.64,10.9131,12.9133
"1376",148,2001-05-27,8.8,10.9418,12.9516
"1377",149,2001-05-28,9.19,10.9701,12.9901
"1378",150,2001-05-29,9.29,10.9974,13.0248
"1379",151,2001-05-30,9.97,11.0233,13.0555
"1380",152,2001-05-31,10.87,11.047,13.0853
"1381",153,2001-06-01,10.27,11.067,13.1138
"1382",154,2001-06-02,10.15,11.0839,13.1419
"1383",155,2001-06-03,9.91,11.097,13.1705
"1384",156,2001-06-04,10.13,11.1061,13.1987
"1385",157,2001-06-05,10.63,11.1117,13.2266
"1386",158,2001-06-06,12.61,11.1136,13.2538
"1387",159,2001-06-07,12.31,11.1127,13.2802
"1388",160,2001-06-08,12.02,11.1102,13.3056
"1389",161,2001-06-09,13.62,11.1081,13.3331
"1390",162,2001-06-10,13.72,11.1065,13.3616
"1391",163,2001-06-11,13.92,11.1059,13.3895
"1392",164,2001-06-12,13.48,11.1054,13.4178
"1393",165,2001-06-13,13.16,11.1043,13.4407
"1394",166,2001-06-14,13.46,11.1026,13.4616
"1395",167,2001-06-15,12.02,11.0995,13.4802
"1396",168,2001-06-16,9.81,11.0939,13.4984
"1397",169,2001-06-17,8.97,11.0858,13.5135
"1398",170,2001-06-18,8.61,11.076,13.5263
"1399",171,2001-06-19,8.64,11.0635,13.5378
"1400",172,2001-06-20,8.64,11.046,13.5396
"1401",173,2001-06-21,8.52,11.0228,13.5298
"1402",174,2001-06-22,8.75,10.9936,13.5043
"1403",175,2001-06-23,8.91,10.9611,13.4781
"1404",176,2001-06-24,9.47,10.9254,13.4507
"1405",177,2001-06-25,10.78,10.8856,13.4231
"1406",178,2001-06-26,9.94,10.8429,13.414
"1407",179,2001-06-27,9.97,10.7991,13.4134
"1408",180,2001-06-28,12.39,10.7552,13.4025
"1409",181,2001-06-29,12.9,10.7105,13.3878
"1410",182,2001-06-30,11.73,10.6662,13.3735
"1411",183,2001-07-01,11.33,10.6236,13.3663
"1412",184,2001-07-02,11.21,10.5836,13.3631
"1413",185,2001-07-03,10.63,10.5456,13.3571
"1414",186,2001-07-04,9.81,10.5077,13.335
"1415",187,2001-07-05,9.11,10.4704,13.2992
"1416",188,2001-07-06,8.54,10.4355,13.2602
"1417",189,2001-07-07,8.36,10.4026,13.2127
"1418",190,2001-07-08,8.6,10.3696,13.1664
"1419",191,2001-07-09,8.58,10.3359,13.1183
"1420",192,2001-07-10,8.55,10.3,13.0609
"1421",193,2001-07-11,8.27,10.2615,12.984
"1422",194,2001-07-12,8.18,10.2197,12.8985
"1423",195,2001-07-13,8.22,10.1754,12.8093
"1424",196,2001-07-14,8.17,10.1302,12.7209
"1425",197,2001-07-15,8.03,10.0854,12.6326
"1426",198,2001-07-16,8.86,10.042,12.5452
"1427",199,2001-07-17,9.24,10.0004,12.4567
"1428",200,2001-07-18,10.6,9.9617,12.37
"1429",201,2001-07-19,9.95,9.9257,12.2816
"1430",202,2001-07-20,9.44,9.8933,12.1945
"1431",203,2001-07-21,9.46,9.8668,12.1186
"1432",204,2001-07-22,9.49,9.8465,12.0565
"1433",205,2001-07-23,9.14,9.8334,12.0225
"1434",206,2001-07-24,8.64,9.8252,11.9939
"1435",207,2001-07-25,8.57,9.8209,11.9747
"1436",208,2001-07-26,8.28,9.8204,11.9585
"1437",209,2001-07-27,8.15,9.8228,11.9284
"1438",210,2001-07-28,8.55,9.8265,11.8936
"1439",211,2001-07-29,8.91,9.8306,11.8635
"1440",212,2001-07-30,9.01,9.8364,11.8341
"1441",213,2001-07-31,9.03,9.8428,11.8047
"1442",214,2001-08-01,9.22,9.8505,11.7705
"1443",215,2001-08-02,10,9.8595,11.74
"1444",216,2001-08-03,11.08,9.8698,11.7185
"1445",217,2001-08-04,12.64,9.8837,11.7086
"1446",218,2001-08-05,13.77,9.9008,11.7205
"1447",219,2001-08-06,14.36,9.9215,11.7383
"1448",220,2001-08-07,13.28,9.9463,11.7741
"1449",221,2001-08-08,10.63,9.976,11.821
"1450",222,2001-08-09,8.42,10.0101,11.8744
"1451",223,2001-08-10,9.29,10.0494,11.9415
"1452",224,2001-08-11,9.72,10.0934,12.0277
"1453",225,2001-08-12,10.16,10.1417,12.1178
"1454",226,2001-08-13,10.38,10.1924,12.2086
"1455",227,2001-08-14,9.98,10.2448,12.2992
"1456",228,2001-08-15,9.43,10.2987,12.3911
"1457",229,2001-08-16,9.88,10.3539,12.4844
"1458",230,2001-08-17,10.23,10.4092,12.581
"1459",231,2001-08-18,10.2,10.4626,12.6733
"1460",232,2001-08-19,10.08,10.5141,12.7636
"1461",233,2001-08-20,9.76,10.563,12.8508
"1462",234,2001-08-21,9.74,10.6078,12.9313
"1463",235,2001-08-22,9.97,10.6486,13.0067
"1464",236,2001-08-23,11.2,10.6854,13.0688
"1465",237,2001-08-24,12.23,10.7191,13.1258
"1466",238,2001-08-25,12.92,10.7494,13.1709
"1467",239,2001-08-26,13.47,10.7763,13.2129
"1468",240,2001-08-27,14.29,10.8002,13.2522
"1469",241,2001-08-28,13.96,10.8222,13.2872
"1470",242,2001-08-29,13.26,10.844,13.3258
"1471",243,2001-08-30,12.42,10.866,13.3667
"1472",244,2001-08-31,12.84,10.8889,13.4105
"1473",245,2001-09-01,12.58,10.9122,13.4556
"1474",246,2001-09-02,12.83,10.936,13.4997
"1475",247,2001-09-03,12.65,10.96,13.5405
"1476",248,2001-09-04,12.48,10.9841,13.5856
"1477",249,2001-09-05,11.07,11.0079,13.6205
"1478",250,2001-09-06,11.28,11.0301,13.6507
"1479",251,2001-09-07,10.92,11.0498,13.6683
"1480",252,2001-09-08,9.76,11.0661,13.6727
"1481",253,2001-09-09,8.65,11.079,13.6738
"1482",254,2001-09-10,9.07,11.0884,13.6724
"1483",255,2001-09-11,9.12,11.0953,13.6711
"1484",256,2001-09-12,8.31,11.101,13.6722
"1485",257,2001-09-13,8.49,11.1063,13.6729
"1486",258,2001-09-14,8.72,11.1102,13.6724
"1487",259,2001-09-15,8.75,11.1122,13.6712
"1488",260,2001-09-16,8.5,11.113,13.6724
"1489",261,2001-09-17,8.56,11.1139,13.6728
"1490",262,2001-09-18,8.77,11.1162,13.6758
"1491",263,2001-09-19,8.66,11.1202,13.68
"1492",264,2001-09-20,8.56,11.1261,13.6828
"1493",265,2001-09-21,8.64,11.1347,13.6823
"1494",266,2001-09-22,8.73,11.1454,13.6812
"1495",267,2001-09-23,8.98,11.158,13.6781
"1496",268,2001-09-24,9.36,11.1717,13.6731
"1497",269,2001-09-25,9.48,11.1876,13.6699
"1498",270,2001-09-26,9.6,11.2065,13.6687
"1499",271,2001-09-27,9.81,11.2269,13.6649
"1500",272,2001-09-28,10.12,11.248,13.6589
"1501",273,2001-09-29,10.62,11.2688,13.6519
"1502",274,2001-09-30,10.33,11.2888,13.6449
"1503",275,2001-10-01,10.23,11.3079,13.6349
"1504",276,2001-10-02,10.24,11.3253,13.6226
"1505",277,2001-10-03,9.72,11.3414,13.6053
"1506",278,2001-10-04,9.23,11.3562,13.5843
"1507",279,2001-10-05,9.64,11.3699,13.5618
"1508",280,2001-10-06,9.62,11.3826,13.5395
"1509",281,2001-10-07,9.44,11.3937,13.519
"1510",282,2001-10-08,9.65,11.4049,13.5023
"1511",283,2001-10-09,10,11.4173,13.4882
"1512",284,2001-10-10,10.05,11.431,13.4733
"1513",285,2001-10-11,10.34,11.4458,13.4525
"1514",286,2001-10-12,10.7,11.4602,13.4299
"1515",287,2001-10-13,10.89,11.4743,13.4095
"1516",288,2001-10-14,11,11.4875,13.3892
"1517",289,2001-10-15,10.96,11.5007,13.3693
"1518",290,2001-10-16,10.95,11.5141,13.3479
"1519",291,2001-10-17,10.79,11.5271,13.3218
"1520",292,2001-10-18,10.27,11.5392,13.2926
"1521",293,2001-10-19,9.74,11.5496,13.2597
"1522",294,2001-10-20,9.45,11.5576,13.2241
"1523",295,2001-10-21,8.98,11.564,13.1884
"1524",296,2001-10-22,9.1,11.5691,13.156
"1525",297,2001-10-23,9.7,11.5738,13.1249
"1526",298,2001-10-24,9.74,11.5779,13.0959
"1527",299,2001-10-25,9.77,11.5815,13.0693
"1528",300,2001-10-26,10.03,11.5842,13.0426
"1529",301,2001-10-27,10.16,11.5858,13.0155
"1530",302,2001-10-28,9.77,11.5873,12.9897
"1531",303,2001-10-29,9.76,11.5889,12.9682
"1532",304,2001-10-30,10.02,11.5912,12.9492
"1533",305,2001-10-31,10.52,11.594,12.934
"1534",306,2001-11-01,10.41,11.5966,12.9185
"1535",307,2001-11-02,10.57,11.5985,12.8996
"1536",308,2001-11-03,10.54,11.5996,12.8798
"1537",309,2001-11-04,10.54,11.5998,12.8584
"1538",310,2001-11-05,10.71,11.599,12.8356
"1539",311,2001-11-06,10.63,11.5978,12.8127
"1540",312,2001-11-07,10.55,11.5959,12.7879
"1541",313,2001-11-08,10.53,11.5925,12.7609
"1542",314,2001-11-09,10.44,11.5871,12.7318
"1543",315,2001-11-10,10.49,11.5797,12.7034
"1544",316,2001-11-11,10.56,11.5702,12.6775
"1545",317,2001-11-12,10.56,11.5592,12.6525
"1546",318,2001-11-13,10.75,11.5467,12.6267
"1547",319,2001-11-14,11.16,11.533,12.5974
"1548",320,2001-11-15,11.27,11.5179,12.5654
"1549",321,2001-11-16,11.08,11.5015,12.5325
"1550",322,2001-11-17,10.99,11.4832,12.5007
"1551",323,2001-11-18,10.83,11.4632,12.4704
"1552",324,2001-11-19,10.86,11.442,12.4436
"1553",325,2001-11-20,11.41,11.4196,12.4185
"1554",326,2001-11-21,11.72,11.3959,12.3943
"1555",327,2001-11-22,11.82,11.3708,12.3692
"1556",328,2001-11-23,11.8,11.3437,12.342
"1557",329,2001-11-24,11.6,11.3147,12.313
"1558",330,2001-11-25,11.43,11.2842,12.2834
"1559",331,2001-11-26,11.21,11.2522,12.253
"1560",332,2001-11-27,10.79,11.2182,12.2205
"1561",333,2001-11-28,10.7,11.1823,12.1866
"1562",334,2001-11-29,11.1,11.1446,12.1496
"1563",335,2001-11-30,11.29,11.1053,12.1111
"1564",336,2001-12-01,10.91,11.0649,12.0705
"1565",337,2001-12-02,11.1,11.0236,12.0305
"1566",338,2001-12-03,10.86,10.9819,11.9922
"1567",339,2001-12-04,10.77,10.9403,11.9533
"1568",340,2001-12-05,10.62,10.8989,11.9177
"1569",341,2001-12-06,10.68,10.8577,11.8842
"1570",342,2001-12-07,10.74,10.817,11.8526
"1571",343,2001-12-08,10.62,10.7774,11.824
"1572",344,2001-12-09,10.47,10.7392,11.7977
"1573",345,2001-12-10,10.79,10.7025,11.7739
"1574",346,2001-12-11,10.91,10.6674,11.7511
"1575",347,2001-12-12,10.85,10.6335,11.7296
"1576",348,2001-12-13,10.69,10.601,11.7085
"1577",349,2001-12-14,10.44,10.5699,11.6877
"1578",350,2001-12-15,10.51,10.5403,11.671
"1579",351,2001-12-16,10.52,10.5123,11.6578
"1580",352,2001-12-17,10.47,10.4858,11.6463
"1581",353,2001-12-18,10.37,10.4607,11.6355
"1582",354,2001-12-19,10.55,10.437,11.6249
"1583",355,2001-12-20,10.42,10.4142,11.6146
"1584",356,2001-12-21,10.25,10.3925,11.6047
"1585",357,2001-12-22,10.24,10.3716,11.5947
"1586",358,2001-12-23,10.36,10.3516,11.5836
"1587",359,2001-12-24,10.2,10.333,11.5735
"1588",360,2001-12-25,9.83,10.3153,11.5574
"1589",361,2001-12-26,9.79,10.2978,11.5405
"1590",362,2001-12-27,9.92,10.2806,11.5227
"1591",363,2001-12-28,10.02,10.2639,11.5042
"1592",364,2001-12-29,10.1,10.2479,11.4846
"1593",365,2001-12-30,9.99,10.2326,11.4656
"1594",366,2001-12-31,9.91,10.2178,11.447
"1595",1,2002-01-01,10.17,10.2036,11.4263
"1596",2,2002-01-02,10.38,10.1901,11.4062
"1597",3,2002-01-03,10.3,10.1775,11.3869
"1598",4,2002-01-04,10.32,10.1652,11.3691
"1599",5,2002-01-05,10.34,10.1538,11.3525
"1600",6,2002-01-06,10.53,10.1433,11.337
"1601",7,2002-01-07,10.84,10.1338,11.3233
"1602",8,2002-01-08,10.96,10.125,11.3114
"1603",9,2002-01-09,10.86,10.1165,11.3009
"1604",10,2002-01-10,10.66,10.1083,11.2911
"1605",11,2002-01-11,10.7,10.1003,11.2821
"1606",12,2002-01-12,10.59,10.0931,11.2742
"1607",13,2002-01-13,10.56,10.0866,11.2682
"1608",14,2002-01-14,10.46,10.0805,11.2646
"1609",15,2002-01-15,10.24,10.0747,11.2603
"1610",16,2002-01-16,9.93,10.069,11.2553
"1611",17,2002-01-17,9.92,10.0636,11.2493
"1612",18,2002-01-18,10.01,10.0587,11.2431
"1613",19,2002-01-19,9.72,10.0542,11.2344
"1614",20,2002-01-20,9.86,10.05,11.2223
"1615",21,2002-01-21,9.75,10.0465,11.2106
"1616",22,2002-01-22,9.53,10.0434,11.1993
"1617",23,2002-01-23,9.55,10.0405,11.1898
"1618",24,2002-01-24,9.35,10.0378,11.1808
"1619",25,2002-01-25,9.53,10.0354,11.1784
"1620",26,2002-01-26,9.37,10.0335,11.1765
"1621",27,2002-01-27,9.11,10.0324,11.1762
"1622",28,2002-01-28,8.94,10.0318,11.1764
"1623",29,2002-01-29,8.64,10.031,11.1771
"1624",30,2002-01-30,8.27,10.0301,11.1782
"1625",31,2002-01-31,8.42,10.0292,11.1797
"1626",32,2002-02-01,9.08,10.0282,11.1816
"1627",33,2002-02-02,9.04,10.027,11.1827
"1628",34,2002-02-03,9.11,10.0256,11.1833
"1629",35,2002-02-04,9.05,10.0237,11.1838
"1630",36,2002-02-05,9.1,10.0213,11.1832
"1631",37,2002-02-06,9.27,10.0181,11.1822
"1632",38,2002-02-07,9.42,10.014,11.1787
"1633",39,2002-02-08,9.37,10.0092,11.173
"1634",40,2002-02-09,9.32,10.0042,11.1668
"1635",41,2002-02-10,9.33,9.999,11.1611
"1636",42,2002-02-11,9.31,9.9935,11.1543
"1637",43,2002-02-12,9.29,9.9878,11.1466
"1638",44,2002-02-13,9.31,9.9818,11.1374
"1639",45,2002-02-14,9.51,9.9756,11.1264
"1640",46,2002-02-15,9.64,9.9693,11.1156
"1641",47,2002-02-16,9.74,9.963,11.1047
"1642",48,2002-02-17,9.71,9.9568,11.0949
"1643",49,2002-02-18,9.69,9.9509,11.087
"1644",50,2002-02-19,9.69,9.9455,11.0823
"1645",51,2002-02-20,9.61,9.9405,11.0812
"1646",52,2002-02-21,9.92,9.936,11.0801
"1647",53,2002-02-22,10.12,9.9322,11.0792
"1648",54,2002-02-23,10.22,9.9291,11.0784
"1649",55,2002-02-24,10.04,9.9268,11.0777
"1650",56,2002-02-25,9.86,9.9251,11.0789
"1651",57,2002-02-26,9.89,9.9244,11.0825
"1652",58,2002-02-27,9.77,9.9245,11.086
"1653",59,2002-02-28,9.52,9.9257,11.091
"1654",61,2002-03-01,9.28,9.9316,11.1015
"1655",62,2002-03-02,9.4,9.9358,11.1067
"1656",63,2002-03-03,9.67,9.9407,11.1125
"1657",64,2002-03-04,9.77,9.9461,11.1191
"1658",65,2002-03-05,9.69,9.9522,11.1267
"1659",66,2002-03-06,9.57,9.9588,11.1325
"1660",67,2002-03-07,9.42,9.9658,11.1358
"1661",68,2002-03-08,9.21,9.9736,11.1392
"1662",69,2002-03-09,9.18,9.9818,11.1425
"1663",70,2002-03-10,9,9.99,11.1462
"1664",71,2002-03-11,9.27,9.9981,11.1495
"1665",72,2002-03-12,9.35,10.006,11.1518
"1666",73,2002-03-13,9.35,10.0136,11.1536
"1667",74,2002-03-14,9.33,10.0207,11.1551
"1668",75,2002-03-15,9.25,10.0274,11.1565
"1669",76,2002-03-16,9.02,10.0336,11.1558
"1670",77,2002-03-17,8.78,10.0396,11.1545
"1671",78,2002-03-18,9.08,10.046,11.1532
"1672",79,2002-03-19,8.82,10.0524,11.1504
"1673",80,2002-03-20,9.03,10.0592,11.1473
"1674",81,2002-03-21,9.12,10.0665,11.1435
"1675",82,2002-03-22,9.21,10.0743,11.1404
"1676",83,2002-03-23,9.17,10.0826,11.1375
"1677",84,2002-03-24,9.46,10.0918,11.1357
"1678",85,2002-03-25,9.37,10.1019,11.1342
"1679",86,2002-03-26,9.41,10.1126,11.1325
"1680",87,2002-03-27,9.2,10.1239,11.1301
"1681",88,2002-03-28,9.31,10.1357,11.1271
"1682",89,2002-03-29,9.35,10.1474,11.126
"1683",90,2002-03-30,9.33,10.1592,11.1281
"1684",91,2002-03-31,9.17,10.1711,11.1322
"1685",92,2002-04-01,9.23,10.1827,11.1385
"1686",93,2002-04-02,9.05,10.1937,11.1444
"1687",94,2002-04-03,8.77,10.2033,11.1485
"1688",95,2002-04-04,8.8,10.2114,11.1519
"1689",96,2002-04-05,8.94,10.2185,11.1542
"1690",97,2002-04-06,9.38,10.2254,11.1585
"1691",98,2002-04-07,9.76,10.2326,11.1668
"1692",99,2002-04-08,9.76,10.2401,11.1761
"1693",100,2002-04-09,9.92,10.2481,11.1867
"1694",101,2002-04-10,10,10.2563,11.1987
"1695",102,2002-04-11,10.08,10.2645,11.2113
"1696",103,2002-04-12,10.16,10.2733,11.2247
"1697",104,2002-04-13,10.38,10.2836,11.2391
"1698",105,2002-04-14,10.6,10.2961,11.2549
"1699",106,2002-04-15,10.3,10.3111,11.2714
"1700",107,2002-04-16,10.16,10.3285,11.291
"1701",108,2002-04-17,10.17,10.3477,11.3139
"1702",109,2002-04-18,10.24,10.3679,11.3373
"1703",110,2002-04-19,10.17,10.3882,11.3643
"1704",111,2002-04-20,9.81,10.4078,11.3935
"1705",112,2002-04-21,9.87,10.426,11.4255
"1706",113,2002-04-22,9.65,10.4427,11.4589
"1707",114,2002-04-23,8.94,10.4574,11.4956
"1708",115,2002-04-24,8.5,10.4708,11.5356
"1709",116,2002-04-25,8.4,10.4827,11.576
"1710",117,2002-04-26,8.15,10.4939,11.6201
"1711",118,2002-04-27,8.12,10.5046,11.6646
"1712",119,2002-04-28,8.4,10.5149,11.7129
"1713",120,2002-04-29,8.67,10.5248,11.7629
"1714",121,2002-04-30,8.56,10.5346,11.81
"1715",122,2002-05-01,8.39,10.5444,11.8551
"1716",123,2002-05-02,9,10.5545,11.8975
"1717",124,2002-05-03,9.25,10.5659,11.9399
"1718",125,2002-05-04,8.83,10.5793,11.9839
"1719",126,2002-05-05,9.57,10.5933,12.0276
"1720",127,2002-05-06,9.87,10.6078,12.0702
"1721",128,2002-05-07,9.42,10.6227,12.1111
"1722",129,2002-05-08,9.3,10.6372,12.1495
"1723",130,2002-05-09,8.76,10.6506,12.1849
"1724",131,2002-05-10,8.69,10.6631,12.219
"1725",132,2002-05-11,8.63,10.6754,12.2525
"1726",133,2002-05-12,8.51,10.6884,12.2885
"1727",134,2002-05-13,9.46,10.7018,12.329
"1728",135,2002-05-14,10.15,10.7145,12.3712
"1729",136,2002-05-15,8.79,10.726,12.4122
"1730",137,2002-05-16,8.36,10.737,12.453
"1731",138,2002-05-17,8.98,10.7482,12.4958
"1732",139,2002-05-18,9.32,10.7591,12.5407
"1733",140,2002-05-19,9.26,10.7704,12.5882
"1734",141,2002-05-20,9.43,10.7833,12.6387
"1735",142,2002-05-21,10.67,10.7988,12.6892
"1736",143,2002-05-22,11.72,10.8167,12.7384
"1737",144,2002-05-23,11.95,10.8368,12.7851
"1738",145,2002-05-24,10.76,10.8595,12.8304
"1739",146,2002-05-25,10.57,10.885,12.8718
"1740",147,2002-05-26,10.94,10.9131,12.9133
"1741",148,2002-05-27,11.44,10.9418,12.9516
"1742",149,2002-05-28,11.46,10.9701,12.9901
"1743",150,2002-05-29,12.11,10.9974,13.0248
"1744",151,2002-05-30,12.14,11.0233,13.0555
"1745",152,2002-05-31,12.07,11.047,13.0853
"1746",153,2002-06-01,11.8,11.067,13.1138
"1747",154,2002-06-02,10.04,11.0839,13.1419
"1748",155,2002-06-03,9.62,11.097,13.1705
"1749",156,2002-06-04,10.23,11.1061,13.1987
"1750",157,2002-06-05,11.93,11.1117,13.2266
"1751",158,2002-06-06,11.62,11.1136,13.2538
"1752",159,2002-06-07,9.95,11.1127,13.2802
"1753",160,2002-06-08,8.99,11.1102,13.3056
"1754",161,2002-06-09,8.53,11.1081,13.3331
"1755",162,2002-06-10,9.03,11.1065,13.3616
"1756",163,2002-06-11,9.11,11.1059,13.3895
"1757",164,2002-06-12,8.97,11.1054,13.4178
"1758",165,2002-06-13,9.42,11.1043,13.4407
"1759",166,2002-06-14,10.72,11.1026,13.4616
"1760",167,2002-06-15,12.73,11.0995,13.4802
"1761",168,2002-06-16,11.87,11.0939,13.4984
"1762",169,2002-06-17,12.95,11.0858,13.5135
"1763",170,2002-06-18,13.43,11.076,13.5263
"1764",171,2002-06-19,13.5,11.0635,13.5378
"1765",172,2002-06-20,12.56,11.046,13.5396
"1766",173,2002-06-21,10.97,11.0228,13.5298
"1767",174,2002-06-22,11.32,10.9936,13.5043
"1768",175,2002-06-23,11.88,10.9611,13.4781
"1769",176,2002-06-24,11.3,10.9254,13.4507
"1770",177,2002-06-25,10.15,10.8856,13.4231
"1771",178,2002-06-26,10.37,10.8429,13.414
"1772",179,2002-06-27,11,10.7991,13.4134
"1773",180,2002-06-28,12.76,10.7552,13.4025
"1774",181,2002-06-29,12.77,10.7105,13.3878
"1775",182,2002-06-30,13.5,10.6662,13.3735
"1776",183,2002-07-01,13.15,10.6236,13.3663
"1777",184,2002-07-02,11.89,10.5836,13.3631
"1778",185,2002-07-03,9.28,10.5456,13.3571
"1779",186,2002-07-04,10.05,10.5077,13.335
"1780",187,2002-07-05,10.73,10.4704,13.2992
"1781",188,2002-07-06,9.39,10.4355,13.2602
"1782",189,2002-07-07,10.03,10.4026,13.2127
"1783",190,2002-07-08,11.55,10.3696,13.1664
"1784",191,2002-07-09,12.73,10.3359,13.1183
"1785",192,2002-07-10,10.38,10.3,13.0609
"1786",193,2002-07-11,9.21,10.2615,12.984
"1787",194,2002-07-12,8.33,10.2197,12.8985
"1788",195,2002-07-13,7.98,10.1754,12.8093
"1789",196,2002-07-14,8.38,10.1302,12.7209
"1790",197,2002-07-15,8.59,10.0854,12.6326
"1791",198,2002-07-16,8.32,10.042,12.5452
"1792",199,2002-07-17,8.87,10.0004,12.4567
"1793",200,2002-07-18,9.59,9.9617,12.37
"1794",201,2002-07-19,9.17,9.9257,12.2816
"1795",202,2002-07-20,9.15,9.8933,12.1945
"1796",203,2002-07-21,8.5,9.8668,12.1186
"1797",204,2002-07-22,8.2,9.8465,12.0565
"1798",205,2002-07-23,8.77,9.8334,12.0225
"1799",206,2002-07-24,10.11,9.8252,11.9939
"1800",207,2002-07-25,11.37,9.8209,11.9747
"1801",208,2002-07-26,10.75,9.8204,11.9585
"1802",209,2002-07-27,9.91,9.8228,11.9284
"1803",210,2002-07-28,9.85,9.8265,11.8936
"1804",211,2002-07-29,9.2,9.8306,11.8635
"1805",212,2002-07-30,8.32,9.8364,11.8341
"1806",213,2002-07-31,8.12,9.8428,11.8047
"1807",214,2002-08-01,8.3,9.8505,11.7705
"1808",215,2002-08-02,7.76,9.8595,11.74
"1809",216,2002-08-03,8.18,9.8698,11.7185
"1810",217,2002-08-04,8.92,9.8837,11.7086
"1811",218,2002-08-05,9.42,9.9008,11.7205
"1812",219,2002-08-06,10.36,9.9215,11.7383
"1813",220,2002-08-07,11.14,9.9463,11.7741
"1814",221,2002-08-08,9.69,9.976,11.821
"1815",222,2002-08-09,9.41,10.0101,11.8744
"1816",223,2002-08-10,8.53,10.0494,11.9415
"1817",224,2002-08-11,8.08,10.0934,12.0277
"1818",225,2002-08-12,8.07,10.1417,12.1178
"1819",226,2002-08-13,8.13,10.1924,12.2086
"1820",227,2002-08-14,8.13,10.2448,12.2992
"1821",228,2002-08-15,8.23,10.2987,12.3911
"1822",229,2002-08-16,8.49,10.3539,12.4844
"1823",230,2002-08-17,8.58,10.4092,12.581
"1824",231,2002-08-18,8.53,10.4626,12.6733
"1825",232,2002-08-19,8.6,10.5141,12.7636
"1826",233,2002-08-20,9.11,10.563,12.8508
"1827",234,2002-08-21,9.5,10.6078,12.9313
"1828",235,2002-08-22,9.19,10.6486,13.0067
"1829",236,2002-08-23,8.57,10.6854,13.0688
"1830",237,2002-08-24,8.93,10.7191,13.1258
"1831",238,2002-08-25,9.1,10.7494,13.1709
"1832",239,2002-08-26,9.2,10.7763,13.2129
"1833",240,2002-08-27,9.19,10.8002,13.2522
"1834",241,2002-08-28,8.84,10.8222,13.2872
"1835",242,2002-08-29,8.41,10.844,13.3258
"1836",243,2002-08-30,8.41,10.866,13.3667
"1837",244,2002-08-31,8.61,10.8889,13.4105
"1838",245,2002-09-01,8.4,10.9122,13.4556
"1839",246,2002-09-02,8.66,10.936,13.4997
"1840",247,2002-09-03,8.93,10.96,13.5405
"1841",248,2002-09-04,9,10.9841,13.5856
"1842",249,2002-09-05,9.05,11.0079,13.6205
"1843",250,2002-09-06,9.58,11.0301,13.6507
"1844",251,2002-09-07,10.46,11.0498,13.6683
"1845",252,2002-09-08,11.53,11.0661,13.6727
"1846",253,2002-09-09,11.1,11.079,13.6738
"1847",254,2002-09-10,10.4,11.0884,13.6724
"1848",255,2002-09-11,9.51,11.0953,13.6711
"1849",256,2002-09-12,9.31,11.101,13.6722
"1850",257,2002-09-13,8.71,11.1063,13.6729
"1851",258,2002-09-14,8.95,11.1102,13.6724
"1852",259,2002-09-15,9.43,11.1122,13.6712
"1853",260,2002-09-16,9.87,11.113,13.6724
"1854",261,2002-09-17,10.17,11.1139,13.6728
"1855",262,2002-09-18,10.85,11.1162,13.6758
"1856",263,2002-09-19,10.54,11.1202,13.68
"1857",264,2002-09-20,10,11.1261,13.6828
"1858",265,2002-09-21,8.95,11.1347,13.6823
"1859",266,2002-09-22,8.8,11.1454,13.6812
"1860",267,2002-09-23,8.84,11.158,13.6781
"1861",268,2002-09-24,8.97,11.1717,13.6731
"1862",269,2002-09-25,8.58,11.1876,13.6699
"1863",270,2002-09-26,8.25,11.2065,13.6687
"1864",271,2002-09-27,8.45,11.2269,13.6649
"1865",272,2002-09-28,8.38,11.248,13.6589
"1866",273,2002-09-29,8.61,11.2688,13.6519
"1867",274,2002-09-30,8.92,11.2888,13.6449
"1868",275,2002-10-01,8.89,11.3079,13.6349
"1869",276,2002-10-02,8.92,11.3253,13.6226
"1870",277,2002-10-03,9.15,11.3414,13.6053
"1871",278,2002-10-04,9.13,11.3562,13.5843
"1872",279,2002-10-05,9.21,11.3699,13.5618
"1873",280,2002-10-06,9.43,11.3826,13.5395
"1874",281,2002-10-07,8.95,11.3937,13.519
"1875",282,2002-10-08,8.33,11.4049,13.5023
"1876",283,2002-10-09,8.14,11.4173,13.4882
"1877",284,2002-10-10,8.18,11.431,13.4733
"1878",285,2002-10-11,8.24,11.4458,13.4525
"1879",286,2002-10-12,8.2,11.4602,13.4299
"1880",287,2002-10-13,8.29,11.4743,13.4095
"1881",288,2002-10-14,8.32,11.4875,13.3892
"1882",289,2002-10-15,8.42,11.5007,13.3693
"1883",290,2002-10-16,8.61,11.5141,13.3479
"1884",291,2002-10-17,8.67,11.5271,13.3218
"1885",292,2002-10-18,8.67,11.5392,13.2926
"1886",293,2002-10-19,9.12,11.5496,13.2597
"1887",294,2002-10-20,9.29,11.5576,13.2241
"1888",295,2002-10-21,9.56,11.564,13.1884
"1889",296,2002-10-22,9.26,11.5691,13.156
"1890",297,2002-10-23,8.94,11.5738,13.1249
"1891",298,2002-10-24,9.06,11.5779,13.0959
"1892",299,2002-10-25,9.24,11.5815,13.0693
"1893",300,2002-10-26,9.03,11.5842,13.0426
"1894",301,2002-10-27,9.02,11.5858,13.0155
"1895",302,2002-10-28,9.21,11.5873,12.9897
"1896",303,2002-10-29,9.47,11.5889,12.9682
"1897",304,2002-10-30,9.34,11.5912,12.9492
"1898",305,2002-10-31,8.7,11.594,12.934
"1899",306,2002-11-01,8.31,11.5966,12.9185
"1900",307,2002-11-02,8.26,11.5985,12.8996
"1901",308,2002-11-03,8.08,11.5996,12.8798
"1902",309,2002-11-04,8.28,11.5998,12.8584
"1903",310,2002-11-05,8.2,11.599,12.8356
"1904",311,2002-11-06,8.63,11.5978,12.8127
"1905",312,2002-11-07,9.03,11.5959,12.7879
"1906",313,2002-11-08,9.23,11.5925,12.7609
"1907",314,2002-11-09,10.72,11.5871,12.7318
"1908",315,2002-11-10,12.17,11.5797,12.7034
"1909",316,2002-11-11,12.89,11.5702,12.6775
"1910",317,2002-11-12,12.99,11.5592,12.6525
"1911",318,2002-11-13,13.29,11.5467,12.6267
"1912",319,2002-11-14,13.42,11.533,12.5974
"1913",320,2002-11-15,13.3,11.5179,12.5654
"1914",321,2002-11-16,13.16,11.5015,12.5325
"1915",322,2002-11-17,13.07,11.4832,12.5007
"1916",323,2002-11-18,12.94,11.4632,12.4704
"1917",324,2002-11-19,12.95,11.442,12.4436
"1918",325,2002-11-20,12.94,11.4196,12.4185
"1919",326,2002-11-21,12.9,11.3959,12.3943
"1920",327,2002-11-22,12.88,11.3708,12.3692
"1921",328,2002-11-23,12.82,11.3437,12.342
"1922",329,2002-11-24,12.73,11.3147,12.313
"1923",330,2002-11-25,12.6,11.2842,12.2834
"1924",331,2002-11-26,12.34,11.2522,12.253
"1925",332,2002-11-27,12.2,11.2182,12.2205
"1926",333,2002-11-28,12.18,11.1823,12.1866
"1927",334,2002-11-29,12.18,11.1446,12.1496
"1928",335,2002-11-30,12.21,11.1053,12.1111
"1929",336,2002-12-01,12.21,11.0649,12.0705
"1930",337,2002-12-02,12.15,11.0236,12.0305
"1931",338,2002-12-03,11.89,10.9819,11.9922
"1932",339,2002-12-04,11.64,10.9403,11.9533
"1933",340,2002-12-05,11.7,10.8989,11.9177
"1934",341,2002-12-06,11.7,10.8577,11.8842
"1935",342,2002-12-07,11.64,10.817,11.8526
"1936",343,2002-12-08,11.67,10.7774,11.824
"1937",344,2002-12-09,11.61,10.7392,11.7977
"1938",345,2002-12-10,11.45,10.7025,11.7739
"1939",346,2002-12-11,11.42,10.6674,11.7511
"1940",347,2002-12-12,11.79,10.6335,11.7296
"1941",348,2002-12-13,11.76,10.601,11.7085
"1942",349,2002-12-14,11.48,10.5699,11.6877
"1943",350,2002-12-15,11.93,10.5403,11.671
"1944",351,2002-12-16,12.31,10.5123,11.6578
"1945",352,2002-12-17,12.27,10.4858,11.6463
"1946",353,2002-12-18,12.12,10.4607,11.6355
"1947",354,2002-12-19,12.17,10.437,11.6249
"1948",355,2002-12-20,11.98,10.4142,11.6146
"1949",356,2002-12-21,11.88,10.3925,11.6047
"1950",357,2002-12-22,12,10.3716,11.5947
"1951",358,2002-12-23,11.84,10.3516,11.5836
"1952",359,2002-12-24,11.38,10.333,11.5735
"1953",360,2002-12-25,11.42,10.3153,11.5574
"1954",361,2002-12-26,11.7,10.2978,11.5405
"1955",362,2002-12-27,11.79,10.2806,11.5227
"1956",363,2002-12-28,11.7,10.2639,11.5042
"1957",364,2002-12-29,11.51,10.2479,11.4846
"1958",365,2002-12-30,11.55,10.2326,11.4656
"1959",366,2002-12-31,11.72,10.2178,11.447
"1960",1,2003-01-01,11.53,10.2036,11.4263
"1961",2,2003-01-02,11.33,10.1901,11.4062
"1962",3,2003-01-03,11.52,10.1775,11.3869
"1963",4,2003-01-04,11.61,10.1652,11.3691
"1964",5,2003-01-05,11.44,10.1538,11.3525
"1965",6,2003-01-06,11.16,10.1433,11.337
"1966",7,2003-01-07,11.14,10.1338,11.3233
"1967",8,2003-01-08,11.15,10.125,11.3114
"1968",9,2003-01-09,11.1,10.1165,11.3009
"1969",10,2003-01-10,11.06,10.1083,11.2911
"1970",11,2003-01-11,10.98,10.1003,11.2821
"1971",12,2003-01-12,11,10.0931,11.2742
"1972",13,2003-01-13,11.16,10.0866,11.2682
"1973",14,2003-01-14,11,10.0805,11.2646
"1974",15,2003-01-15,10.99,10.0747,11.2603
"1975",16,2003-01-16,10.96,10.069,11.2553
"1976",17,2003-01-17,10.97,10.0636,11.2493
"1977",18,2003-01-18,10.93,10.0587,11.2431
"1978",19,2003-01-19,10.94,10.0542,11.2344
"1979",20,2003-01-20,10.98,10.05,11.2223
"1980",21,2003-01-21,10.96,10.0465,11.2106
"1981",22,2003-01-22,11.06,10.0434,11.1993
"1982",23,2003-01-23,11.23,10.0405,11.1898
"1983",24,2003-01-24,11.26,10.0378,11.1808
"1984",25,2003-01-25,11.3,10.0354,11.1784
"1985",26,2003-01-26,11.48,10.0335,11.1765
"1986",27,2003-01-27,11.46,10.0324,11.1762
"1987",28,2003-01-28,11.52,10.0318,11.1764
"1988",29,2003-01-29,11.44,10.031,11.1771
"1989",30,2003-01-30,11.45,10.0301,11.1782
"1990",31,2003-01-31,11.55,10.0292,11.1797
"1991",32,2003-02-01,11.46,10.0282,11.1816
"1992",33,2003-02-02,11.47,10.027,11.1827
"1993",34,2003-02-03,11.46,10.0256,11.1833
"1994",35,2003-02-04,11.38,10.0237,11.1838
"1995",36,2003-02-05,11.16,10.0213,11.1832
"1996",37,2003-02-06,11.26,10.0181,11.1822
"1997",38,2003-02-07,11.14,10.014,11.1787
"1998",39,2003-02-08,11.05,10.0092,11.173
"1999",40,2003-02-09,11.06,10.0042,11.1668
"2000",41,2003-02-10,10.94,9.999,11.1611
"2001",42,2003-02-11,11.06,9.9935,11.1543
"2002",43,2003-02-12,11.03,9.9878,11.1466
"2003",44,2003-02-13,10.92,9.9818,11.1374
"2004",45,2003-02-14,10.69,9.9756,11.1264
"2005",46,2003-02-15,10.81,9.9693,11.1156
"2006",47,2003-02-16,10.81,9.963,11.1047
"2007",48,2003-02-17,10.79,9.9568,11.0949
"2008",49,2003-02-18,10.63,9.9509,11.087
"2009",50,2003-02-19,10.64,9.9455,11.0823
"2010",51,2003-02-20,10.69,9.9405,11.0812
"2011",52,2003-02-21,10.75,9.936,11.0801
"2012",53,2003-02-22,10.8,9.9322,11.0792
"2013",54,2003-02-23,10.81,9.9291,11.0784
"2014",55,2003-02-24,10.66,9.9268,11.0777
"2015",56,2003-02-25,10.52,9.9251,11.0789
"2016",57,2003-02-26,10.52,9.9244,11.0825
"2017",58,2003-02-27,10.48,9.9245,11.086
"2018",59,2003-02-28,10.47,9.9257,11.091
"2019",61,2003-03-01,10.41,9.9316,11.1015
"2020",62,2003-03-02,10.42,9.9358,11.1067
"2021",63,2003-03-03,10.34,9.9407,11.1125
"2022",64,2003-03-04,10.35,9.9461,11.1191
"2023",65,2003-03-05,10.34,9.9522,11.1267
"2024",66,2003-03-06,10.22,9.9588,11.1325
"2025",67,2003-03-07,10.21,9.9658,11.1358
"2026",68,2003-03-08,10.22,9.9736,11.1392
"2027",69,2003-03-09,10.26,9.9818,11.1425
"2028",70,2003-03-10,10.42,9.99,11.1462
"2029",71,2003-03-11,10.55,9.9981,11.1495
"2030",72,2003-03-12,10.6,10.006,11.1518
"2031",73,2003-03-13,10.78,10.0136,11.1536
"2032",74,2003-03-14,10.82,10.0207,11.1551
"2033",75,2003-03-15,10.84,10.0274,11.1565
"2034",76,2003-03-16,10.9,10.0336,11.1558
"2035",77,2003-03-17,10.91,10.0396,11.1545
"2036",78,2003-03-18,10.93,10.046,11.1532
"2037",79,2003-03-19,10.93,10.0524,11.1504
"2038",80,2003-03-20,10.91,10.0592,11.1473
"2039",81,2003-03-21,10.95,10.0665,11.1435
"2040",82,2003-03-22,10.95,10.0743,11.1404
"2041",83,2003-03-23,10.97,10.0826,11.1375
"2042",84,2003-03-24,10.79,10.0918,11.1357
"2043",85,2003-03-25,10.81,10.1019,11.1342
"2044",86,2003-03-26,10.84,10.1126,11.1325
"2045",87,2003-03-27,10.92,10.1239,11.1301
"2046",88,2003-03-28,11.05,10.1357,11.1271
"2047",89,2003-03-29,11.21,10.1474,11.126
"2048",90,2003-03-30,11.34,10.1592,11.1281
"2049",91,2003-03-31,11.54,10.1711,11.1322
"2050",92,2003-04-01,11.37,10.1827,11.1385
"2051",93,2003-04-02,11.1,10.1937,11.1444
"2052",94,2003-04-03,10.95,10.2033,11.1485
"2053",95,2003-04-04,10.97,10.2114,11.1519
"2054",96,2003-04-05,10.94,10.2185,11.1542
"2055",97,2003-04-06,10.74,10.2254,11.1585
"2056",98,2003-04-07,10.84,10.2326,11.1668
"2057",99,2003-04-08,10.94,10.2401,11.1761
"2058",100,2003-04-09,11.03,10.2481,11.1867
"2059",101,2003-04-10,11.07,10.2563,11.1987
"2060",102,2003-04-11,11.52,10.2645,11.2113
"2061",103,2003-04-12,11.4,10.2733,11.2247
"2062",104,2003-04-13,11.47,10.2836,11.2391
"2063",105,2003-04-14,11.57,10.2961,11.2549
"2064",106,2003-04-15,11.45,10.3111,11.2714
"2065",107,2003-04-16,11.52,10.3285,11.291
"2066",108,2003-04-17,11.76,10.3477,11.3139
"2067",109,2003-04-18,11.64,10.3679,11.3373
"2068",110,2003-04-19,11.93,10.3882,11.3643
"2069",111,2003-04-20,11.93,10.4078,11.3935
"2070",112,2003-04-21,11.62,10.426,11.4255
"2071",113,2003-04-22,11.18,10.4427,11.4589
"2072",114,2003-04-23,10.89,10.4574,11.4956
"2073",115,2003-04-24,10.92,10.4708,11.5356
"2074",116,2003-04-25,11.17,10.4827,11.576
"2075",117,2003-04-26,11.18,10.4939,11.6201
"2076",118,2003-04-27,11.32,10.5046,11.6646
"2077",119,2003-04-28,11.4,10.5149,11.7129
"2078",120,2003-04-29,11.6,10.5248,11.7629
"2079",121,2003-04-30,11.86,10.5346,11.81
"2080",122,2003-05-01,12.29,10.5444,11.8551
"2081",123,2003-05-02,11.73,10.5545,11.8975
"2082",124,2003-05-03,10.87,10.5659,11.9399
"2083",125,2003-05-04,11.04,10.5793,11.9839
"2084",126,2003-05-05,11.42,10.5933,12.0276
"2085",127,2003-05-06,11.76,10.6078,12.0702
"2086",128,2003-05-07,11.74,10.6227,12.1111
"2087",129,2003-05-08,11.53,10.6372,12.1495
"2088",130,2003-05-09,11.39,10.6506,12.1849
"2089",131,2003-05-10,11.36,10.6631,12.219
"2090",132,2003-05-11,11.35,10.6754,12.2525
"2091",133,2003-05-12,11.16,10.6884,12.2885
"2092",134,2003-05-13,10.77,10.7018,12.329
"2093",135,2003-05-14,10.61,10.7145,12.3712
"2094",136,2003-05-15,10.5,10.726,12.4122
"2095",137,2003-05-16,10.64,10.737,12.453
"2096",138,2003-05-17,10.81,10.7482,12.4958
"2097",139,2003-05-18,10.97,10.7591,12.5407
"2098",140,2003-05-19,10.88,10.7704,12.5882
"2099",141,2003-05-20,10.8,10.7833,12.6387
"2100",142,2003-05-21,10.95,10.7988,12.6892
"2101",143,2003-05-22,11.15,10.8167,12.7384
"2102",144,2003-05-23,11.6,10.8368,12.7851
"2103",145,2003-05-24,11.47,10.8595,12.8304
"2104",146,2003-05-25,12.25,10.885,12.8718
"2105",147,2003-05-26,12.63,10.9131,12.9133
"2106",148,2003-05-27,13.27,10.9418,12.9516
"2107",149,2003-05-28,13.37,10.9701,12.9901
"2108",150,2003-05-29,12.32,10.9974,13.0248
"2109",151,2003-05-30,10.41,11.0233,13.0555
"2110",152,2003-05-31,10.3,11.047,13.0853
"2111",153,2003-06-01,10.57,11.067,13.1138
"2112",154,2003-06-02,9.26,11.0839,13.1419
"2113",155,2003-06-03,9.38,11.097,13.1705
"2114",156,2003-06-04,8.57,11.1061,13.1987
"2115",157,2003-06-05,8.22,11.1117,13.2266
"2116",158,2003-06-06,8.67,11.1136,13.2538
"2117",159,2003-06-07,10.1,11.1127,13.2802
"2118",160,2003-06-08,11.66,11.1102,13.3056
"2119",161,2003-06-09,10.59,11.1081,13.3331
"2120",162,2003-06-10,10.15,11.1065,13.3616
"2121",163,2003-06-11,10.14,11.1059,13.3895
"2122",164,2003-06-12,10.69,11.1054,13.4178
"2123",165,2003-06-13,11.84,11.1043,13.4407
"2124",166,2003-06-14,12.82,11.1026,13.4616
"2125",167,2003-06-15,13.22,11.0995,13.4802
"2126",168,2003-06-16,12.42,11.0939,13.4984
"2127",169,2003-06-17,12.04,11.0858,13.5135
"2128",170,2003-06-18,11.33,11.076,13.5263
"2129",171,2003-06-19,10.34,11.0635,13.5378
"2130",172,2003-06-20,9.75,11.046,13.5396
"2131",173,2003-06-21,9.69,11.0228,13.5298
"2132",174,2003-06-22,9.89,10.9936,13.5043
"2133",175,2003-06-23,10.07,10.9611,13.4781
"2134",176,2003-06-24,9.88,10.9254,13.4507
"2135",177,2003-06-25,9.07,10.8856,13.4231
"2136",178,2003-06-26,8.47,10.8429,13.414
"2137",179,2003-06-27,8.12,10.7991,13.4134
"2138",180,2003-06-28,7.87,10.7552,13.4025
"2139",181,2003-06-29,8.07,10.7105,13.3878
"2140",182,2003-06-30,8.73,10.6662,13.3735
"2141",183,2003-07-01,9.14,10.6236,13.3663
"2142",184,2003-07-02,9.33,10.5836,13.3631
"2143",185,2003-07-03,9.7,10.5456,13.3571
"2144",186,2003-07-04,9.62,10.5077,13.335
"2145",187,2003-07-05,9.23,10.4704,13.2992
"2146",188,2003-07-06,8.9,10.4355,13.2602
"2147",189,2003-07-07,8.53,10.4026,13.2127
"2148",190,2003-07-08,9.59,10.3696,13.1664
"2149",191,2003-07-09,10.69,10.3359,13.1183
"2150",192,2003-07-10,10.5,10.3,13.0609
"2151",193,2003-07-11,12.47,10.2615,12.984
"2152",194,2003-07-12,12.69,10.2197,12.8985
"2153",195,2003-07-13,14.25,10.1754,12.8093
"2154",196,2003-07-14,14.72,10.1302,12.7209
"2155",197,2003-07-15,14.08,10.0854,12.6326
"2156",198,2003-07-16,14.35,10.042,12.5452
"2157",199,2003-07-17,13.61,10.0004,12.4567
"2158",200,2003-07-18,12.11,9.9617,12.37
"2159",201,2003-07-19,11.42,9.9257,12.2816
"2160",202,2003-07-20,11.76,9.8933,12.1945
"2161",203,2003-07-21,10.98,9.8668,12.1186
"2162",204,2003-07-22,9.39,9.8465,12.0565
"2163",205,2003-07-23,8.41,9.8334,12.0225
"2164",206,2003-07-24,8.37,9.8252,11.9939
"2165",207,2003-07-25,7.9,9.8209,11.9747
"2166",208,2003-07-26,8.23,9.8204,11.9585
"2167",209,2003-07-27,8.38,9.8228,11.9284
"2168",210,2003-07-28,7.95,9.8265,11.8936
"2169",211,2003-07-29,8.26,9.8306,11.8635
"2170",212,2003-07-30,8.62,9.8364,11.8341
"2171",213,2003-07-31,8.92,9.8428,11.8047
"2172",214,2003-08-01,8.77,9.8505,11.7705
"2173",215,2003-08-02,8.45,9.8595,11.74
"2174",216,2003-08-03,8.45,9.8698,11.7185
"2175",217,2003-08-04,8.64,9.8837,11.7086
"2176",218,2003-08-05,8.86,9.9008,11.7205
"2177",219,2003-08-06,9.88,9.9215,11.7383
"2178",220,2003-08-07,11.54,9.9463,11.7741
"2179",221,2003-08-08,11.1,9.976,11.821
"2180",222,2003-08-09,11.65,10.0101,11.8744
"2181",223,2003-08-10,12.53,10.0494,11.9415
"2182",224,2003-08-11,13.67,10.0934,12.0277
"2183",225,2003-08-12,14.09,10.1417,12.1178
"2184",226,2003-08-13,14.19,10.1924,12.2086
"2185",227,2003-08-14,11.39,10.2448,12.2992
"2186",228,2003-08-15,11.69,10.2987,12.3911
"2187",229,2003-08-16,13.19,10.3539,12.4844
"2188",230,2003-08-17,12.32,10.4092,12.581
"2189",231,2003-08-18,10.95,10.4626,12.6733
"2190",232,2003-08-19,9.59,10.5141,12.7636
"2191",233,2003-08-20,9.03,10.563,12.8508
"2192",234,2003-08-21,8.8,10.6078,12.9313
"2193",235,2003-08-22,9.43,10.6486,13.0067
"2194",236,2003-08-23,10.18,10.6854,13.0688
"2195",237,2003-08-24,10.13,10.7191,13.1258
"2196",238,2003-08-25,9.78,10.7494,13.1709
"2197",239,2003-08-26,9.83,10.7763,13.2129
"2198",240,2003-08-27,10.17,10.8002,13.2522
"2199",241,2003-08-28,9.84,10.8222,13.2872
"2200",242,2003-08-29,9.03,10.844,13.3258
"2201",243,2003-08-30,8.69,10.866,13.3667
"2202",244,2003-08-31,8.59,10.8889,13.4105
"2203",245,2003-09-01,8.86,10.9122,13.4556
"2204",246,2003-09-02,8.29,10.936,13.4997
"2205",247,2003-09-03,8.3,10.96,13.5405
"2206",248,2003-09-04,8.73,10.9841,13.5856
"2207",249,2003-09-05,9.36,11.0079,13.6205
"2208",250,2003-09-06,10,11.0301,13.6507
"2209",251,2003-09-07,10.26,11.0498,13.6683
"2210",252,2003-09-08,10.58,11.0661,13.6727
"2211",253,2003-09-09,10.93,11.079,13.6738
"2212",254,2003-09-10,11.88,11.0884,13.6724
"2213",255,2003-09-11,12.77,11.0953,13.6711
"2214",256,2003-09-12,13.31,11.101,13.6722
"2215",257,2003-09-13,13.47,11.1063,13.6729
"2216",258,2003-09-14,11.25,11.1102,13.6724
"2217",259,2003-09-15,8.87,11.1122,13.6712
"2218",260,2003-09-16,10.62,11.113,13.6724
"2219",261,2003-09-17,11.02,11.1139,13.6728
"2220",262,2003-09-18,11.57,11.1162,13.6758
"2221",263,2003-09-19,11.75,11.1202,13.68
"2222",264,2003-09-20,11.11,11.1261,13.6828
"2223",265,2003-09-21,10.55,11.1347,13.6823
"2224",266,2003-09-22,9.04,11.1454,13.6812
"2225",267,2003-09-23,8.26,11.158,13.6781
"2226",268,2003-09-24,8.15,11.1717,13.6731
"2227",269,2003-09-25,8.55,11.1876,13.6699
"2228",270,2003-09-26,8.9,11.2065,13.6687
"2229",271,2003-09-27,8.75,11.2269,13.6649
"2230",272,2003-09-28,8.95,11.248,13.6589
"2231",273,2003-09-29,9.33,11.2688,13.6519
"2232",274,2003-09-30,9.9,11.2888,13.6449
"2233",275,2003-10-01,9.87,11.3079,13.6349
"2234",276,2003-10-02,10.06,11.3253,13.6226
"2235",277,2003-10-03,9.79,11.3414,13.6053
"2236",278,2003-10-04,9.44,11.3562,13.5843
"2237",279,2003-10-05,9.6,11.3699,13.5618
"2238",280,2003-10-06,9.69,11.3826,13.5395
"2239",281,2003-10-07,10.07,11.3937,13.519
"2240",282,2003-10-08,10.31,11.4049,13.5023
"2241",283,2003-10-09,10.91,11.4173,13.4882
"2242",284,2003-10-10,11.19,11.431,13.4733
"2243",285,2003-10-11,11.39,11.4458,13.4525
"2244",286,2003-10-12,11.3,11.4602,13.4299
"2245",287,2003-10-13,11.38,11.4743,13.4095
"2246",288,2003-10-14,11.53,11.4875,13.3892
"2247",289,2003-10-15,11.67,11.5007,13.3693
"2248",290,2003-10-16,12.13,11.5141,13.3479
"2249",291,2003-10-17,12.71,11.5271,13.3218
"2250",292,2003-10-18,13.01,11.5392,13.2926
"2251",293,2003-10-19,13.33,11.5496,13.2597
"2252",294,2003-10-20,13.54,11.5576,13.2241
"2253",295,2003-10-21,13.7,11.564,13.1884
"2254",296,2003-10-22,13.47,11.5691,13.156
"2255",297,2003-10-23,13.49,11.5738,13.1249
"2256",298,2003-10-24,13.19,11.5779,13.0959
"2257",299,2003-10-25,12.96,11.5815,13.0693
"2258",300,2003-10-26,12.83,11.5842,13.0426
"2259",301,2003-10-27,12.92,11.5858,13.0155
"2260",302,2003-10-28,13,11.5873,12.9897
"2261",303,2003-10-29,12.64,11.5889,12.9682
"2262",304,2003-10-30,11.71,11.5912,12.9492
"2263",305,2003-10-31,11.17,11.594,12.934
"2264",306,2003-11-01,10.37,11.5966,12.9185
"2265",307,2003-11-02,10.7,11.5985,12.8996
"2266",308,2003-11-03,11.3,11.5996,12.8798
"2267",309,2003-11-04,11.23,11.5998,12.8584
"2268",310,2003-11-05,10.97,11.599,12.8356
"2269",311,2003-11-06,10.84,11.5978,12.8127
"2270",312,2003-11-07,10.6,11.5959,12.7879
"2271",313,2003-11-08,11.23,11.5925,12.7609
"2272",314,2003-11-09,11.38,11.5871,12.7318
"2273",315,2003-11-10,11.22,11.5797,12.7034
"2274",316,2003-11-11,11.23,11.5702,12.6775
"2275",317,2003-11-12,11.18,11.5592,12.6525
"2276",318,2003-11-13,10.9,11.5467,12.6267
"2277",319,2003-11-14,10.95,11.533,12.5974
"2278",320,2003-11-15,11.2,11.5179,12.5654
"2279",321,2003-11-16,11.36,11.5015,12.5325
"2280",322,2003-11-17,11.69,11.4832,12.5007
"2281",323,2003-11-18,11.96,11.4632,12.4704
"2282",324,2003-11-19,12.15,11.442,12.4436
"2283",325,2003-11-20,12.03,11.4196,12.4185
"2284",326,2003-11-21,11.91,11.3959,12.3943
"2285",327,2003-11-22,11.95,11.3708,12.3692
"2286",328,2003-11-23,11.88,11.3437,12.342
"2287",329,2003-11-24,11.54,11.3147,12.313
"2288",330,2003-11-25,11.42,11.2842,12.2834
"2289",331,2003-11-26,11.22,11.2522,12.253
"2290",332,2003-11-27,11.25,11.2182,12.2205
"2291",333,2003-11-28,11.32,11.1823,12.1866
"2292",334,2003-11-29,11.53,11.1446,12.1496
"2293",335,2003-11-30,11.63,11.1053,12.1111
"2294",336,2003-12-01,11.72,11.0649,12.0705
"2295",337,2003-12-02,11.7,11.0236,12.0305
"2296",338,2003-12-03,11.67,10.9819,11.9922
"2297",339,2003-12-04,11.76,10.9403,11.9533
"2298",340,2003-12-05,11.67,10.8989,11.9177
"2299",341,2003-12-06,11.56,10.8577,11.8842
"2300",342,2003-12-07,11.44,10.817,11.8526
"2301",343,2003-12-08,11.4,10.7774,11.824
"2302",344,2003-12-09,11.28,10.7392,11.7977
"2303",345,2003-12-10,11.24,10.7025,11.7739
"2304",346,2003-12-11,11.03,10.6674,11.7511
"2305",347,2003-12-12,11.09,10.6335,11.7296
"2306",348,2003-12-13,11.2,10.601,11.7085
"2307",349,2003-12-14,11.01,10.5699,11.6877
"2308",350,2003-12-15,10.91,10.5403,11.671
"2309",351,2003-12-16,10.66,10.5123,11.6578
"2310",352,2003-12-17,10.71,10.4858,11.6463
"2311",353,2003-12-18,10.57,10.4607,11.6355
"2312",354,2003-12-19,10.47,10.437,11.6249
"2313",355,2003-12-20,10.45,10.4142,11.6146
"2314",356,2003-12-21,10.6,10.3925,11.6047
"2315",357,2003-12-22,10.66,10.3716,11.5947
"2316",358,2003-12-23,10.59,10.3516,11.5836
"2317",359,2003-12-24,10.5,10.333,11.5735
"2318",360,2003-12-25,10.58,10.3153,11.5574
"2319",361,2003-12-26,10.57,10.2978,11.5405
"2320",362,2003-12-27,10.22,10.2806,11.5227
"2321",363,2003-12-28,10.24,10.2639,11.5042
"2322",364,2003-12-29,10.37,10.2479,11.4846
"2323",365,2003-12-30,10.51,10.2326,11.4656
"2324",366,2003-12-31,10.19,10.2178,11.447
"2325",1,2004-01-01,9.6,10.2036,11.4263
"2326",2,2004-01-02,9.49,10.1901,11.4062
"2327",3,2004-01-03,9.25,10.1775,11.3869
"2328",4,2004-01-04,9.82,10.1652,11.3691
"2329",5,2004-01-05,10.03,10.1538,11.3525
"2330",6,2004-01-06,9.14,10.1433,11.337
"2331",7,2004-01-07,8.48,10.1338,11.3233
"2332",8,2004-01-08,9.6,10.125,11.3114
"2333",9,2004-01-09,9.87,10.1165,11.3009
"2334",10,2004-01-10,9.72,10.1083,11.2911
"2335",11,2004-01-11,9.84,10.1003,11.2821
"2336",12,2004-01-12,9.71,10.0931,11.2742
"2337",13,2004-01-13,9.76,10.0866,11.2682
"2338",14,2004-01-14,9.93,10.0805,11.2646
"2339",15,2004-01-15,10.15,10.0747,11.2603
"2340",16,2004-01-16,10.27,10.069,11.2553
"2341",17,2004-01-17,10.36,10.0636,11.2493
"2342",18,2004-01-18,10.4,10.0587,11.2431
"2343",19,2004-01-19,10.41,10.0542,11.2344
"2344",20,2004-01-20,10.29,10.05,11.2223
"2345",21,2004-01-21,10.19,10.0465,11.2106
"2346",22,2004-01-22,10.1,10.0434,11.1993
"2347",23,2004-01-23,10.01,10.0405,11.1898
"2348",24,2004-01-24,10.06,10.0378,11.1808
"2349",25,2004-01-25,10.07,10.0354,11.1784
"2350",26,2004-01-26,10.13,10.0335,11.1765
"2351",27,2004-01-27,10.05,10.0324,11.1762
"2352",28,2004-01-28,9.91,10.0318,11.1764
"2353",29,2004-01-29,9.98,10.031,11.1771
"2354",30,2004-01-30,10.07,10.0301,11.1782
"2355",31,2004-01-31,10.02,10.0292,11.1797
"2356",32,2004-02-01,9.98,10.0282,11.1816
"2357",33,2004-02-02,10.16,10.027,11.1827
"2358",34,2004-02-03,10.12,10.0256,11.1833
"2359",35,2004-02-04,10.13,10.0237,11.1838
"2360",36,2004-02-05,10.15,10.0213,11.1832
"2361",37,2004-02-06,10.03,10.0181,11.1822
"2362",38,2004-02-07,10.22,10.014,11.1787
"2363",39,2004-02-08,10.25,10.0092,11.173
"2364",40,2004-02-09,10.17,10.0042,11.1668
"2365",41,2004-02-10,10.12,9.999,11.1611
"2366",42,2004-02-11,10.11,9.9935,11.1543
"2367",43,2004-02-12,10.16,9.9878,11.1466
"2368",44,2004-02-13,9.95,9.9818,11.1374
"2369",45,2004-02-14,9.96,9.9756,11.1264
"2370",46,2004-02-15,10.05,9.9693,11.1156
"2371",47,2004-02-16,10.11,9.963,11.1047
"2372",48,2004-02-17,10.07,9.9568,11.0949
"2373",49,2004-02-18,10.24,9.9509,11.087
"2374",50,2004-02-19,10.24,9.9455,11.0823
"2375",51,2004-02-20,10.24,9.9405,11.0812
"2376",52,2004-02-21,10.2,9.936,11.0801
"2377",53,2004-02-22,10.16,9.9322,11.0792
"2378",54,2004-02-23,10.19,9.9291,11.0784
"2379",55,2004-02-24,10.2,9.9268,11.0777
"2380",56,2004-02-25,10.24,9.9251,11.0789
"2381",57,2004-02-26,10.27,9.9244,11.0825
"2382",58,2004-02-27,10.38,9.9245,11.086
"2383",59,2004-02-28,10.41,9.9257,11.091
"2384",60,2004-02-29,10.44,9.9281,11.0962
"2385",61,2004-03-01,10.36,9.9316,11.1015
"2386",62,2004-03-02,10.41,9.9358,11.1067
"2387",63,2004-03-03,10.38,9.9407,11.1125
"2388",64,2004-03-04,10.13,9.9461,11.1191
"2389",65,2004-03-05,10.18,9.9522,11.1267
"2390",66,2004-03-06,10.09,9.9588,11.1325
"2391",67,2004-03-07,10.3,9.9658,11.1358
"2392",68,2004-03-08,10.37,9.9736,11.1392
"2393",69,2004-03-09,10.41,9.9818,11.1425
"2394",70,2004-03-10,10.19,9.99,11.1462
"2395",71,2004-03-11,10.11,9.9981,11.1495
"2396",72,2004-03-12,10.14,10.006,11.1518
"2397",73,2004-03-13,10.38,10.0136,11.1536
"2398",74,2004-03-14,10.46,10.0207,11.1551
"2399",75,2004-03-15,10.52,10.0274,11.1565
"2400",76,2004-03-16,10.5,10.0336,11.1558
"2401",77,2004-03-17,10.38,10.0396,11.1545
"2402",78,2004-03-18,10.6,10.046,11.1532
"2403",79,2004-03-19,10.49,10.0524,11.1504
"2404",80,2004-03-20,10.42,10.0592,11.1473
"2405",81,2004-03-21,10.48,10.0665,11.1435
"2406",82,2004-03-22,10.7,10.0743,11.1404
"2407",83,2004-03-23,10.52,10.0826,11.1375
"2408",84,2004-03-24,10.62,10.0918,11.1357
"2409",85,2004-03-25,10.82,10.1019,11.1342
"2410",86,2004-03-26,10.76,10.1126,11.1325
"2411",87,2004-03-27,10.73,10.1239,11.1301
"2412",88,2004-03-28,10.75,10.1357,11.1271
"2413",89,2004-03-29,10.91,10.1474,11.126
"2414",90,2004-03-30,11.2,10.1592,11.1281
"2415",91,2004-03-31,10.88,10.1711,11.1322
"2416",92,2004-04-01,10.9,10.1827,11.1385
"2417",93,2004-04-02,10.52,10.1937,11.1444
"2418",94,2004-04-03,10.38,10.2033,11.1485
"2419",95,2004-04-04,10.73,10.2114,11.1519
"2420",96,2004-04-05,10.08,10.2185,11.1542
"2421",97,2004-04-06,9.69,10.2254,11.1585
"2422",98,2004-04-07,10.08,10.2326,11.1668
"2423",99,2004-04-08,10.28,10.2401,11.1761
"2424",100,2004-04-09,9.9,10.2481,11.1867
"2425",101,2004-04-10,9.86,10.2563,11.1987
"2426",102,2004-04-11,9.69,10.2645,11.2113
"2427",103,2004-04-12,10.21,10.2733,11.2247
"2428",104,2004-04-13,10.6,10.2836,11.2391
"2429",105,2004-04-14,10.94,10.2961,11.2549
"2430",106,2004-04-15,10.97,10.3111,11.2714
"2431",107,2004-04-16,11.03,10.3285,11.291
"2432",108,2004-04-17,11.14,10.3477,11.3139
"2433",109,2004-04-18,11.4,10.3679,11.3373
"2434",110,2004-04-19,11.36,10.3882,11.3643
"2435",111,2004-04-20,11.17,10.4078,11.3935
"2436",112,2004-04-21,11.09,10.426,11.4255
"2437",113,2004-04-22,11.19,10.4427,11.4589
"2438",114,2004-04-23,11.18,10.4574,11.4956
"2439",115,2004-04-24,11.15,10.4708,11.5356
"2440",116,2004-04-25,10.89,10.4827,11.576
"2441",117,2004-04-26,10.84,10.4939,11.6201
"2442",118,2004-04-27,11.16,10.5046,11.6646
"2443",119,2004-04-28,10.64,10.5149,11.7129
"2444",120,2004-04-29,10.2,10.5248,11.7629
"2445",121,2004-04-30,10.22,10.5346,11.81
"2446",122,2004-05-01,10.91,10.5444,11.8551
"2447",123,2004-05-02,12.03,10.5545,11.8975
"2448",124,2004-05-03,12.12,10.5659,11.9399
"2449",125,2004-05-04,12.72,10.5793,11.9839
"2450",126,2004-05-05,13.13,10.5933,12.0276
"2451",127,2004-05-06,12.73,10.6078,12.0702
"2452",128,2004-05-07,12.59,10.6227,12.1111
"2453",129,2004-05-08,13.85,10.6372,12.1495
"2454",130,2004-05-09,13.82,10.6506,12.1849
"2455",131,2004-05-10,13.78,10.6631,12.219
"2456",132,2004-05-11,13.4,10.6754,12.2525
"2457",133,2004-05-12,12.88,10.6884,12.2885
"2458",134,2004-05-13,12.61,10.7018,12.329
"2459",135,2004-05-14,12.36,10.7145,12.3712
"2460",136,2004-05-15,12.23,10.726,12.4122
"2461",137,2004-05-16,12.48,10.737,12.453
"2462",138,2004-05-17,11.87,10.7482,12.4958
"2463",139,2004-05-18,10.74,10.7591,12.5407
"2464",140,2004-05-19,10.58,10.7704,12.5882
"2465",141,2004-05-20,10.38,10.7833,12.6387
"2466",142,2004-05-21,10.33,10.7988,12.6892
"2467",143,2004-05-22,11.53,10.8167,12.7384
"2468",144,2004-05-23,12.68,10.8368,12.7851
"2469",145,2004-05-24,12.43,10.8595,12.8304
"2470",146,2004-05-25,11.47,10.885,12.8718
"2471",147,2004-05-26,11.21,10.9131,12.9133
"2472",148,2004-05-27,11.86,10.9418,12.9516
"2473",149,2004-05-28,13.11,10.9701,12.9901
"2474",150,2004-05-29,12.73,10.9974,13.0248
"2475",151,2004-05-30,13.32,11.0233,13.0555
"2476",152,2004-05-31,13.1,11.047,13.0853
"2477",153,2004-06-01,13.52,11.067,13.1138
"2478",154,2004-06-02,12.85,11.0839,13.1419
"2479",155,2004-06-03,10.56,11.097,13.1705
"2480",156,2004-06-04,10.18,11.1061,13.1987
"2481",157,2004-06-05,11.46,11.1117,13.2266
"2482",158,2004-06-06,12.99,11.1136,13.2538
"2483",159,2004-06-07,13.51,11.1127,13.2802
"2484",160,2004-06-08,13.95,11.1102,13.3056
"2485",161,2004-06-09,13.27,11.1081,13.3331
"2486",162,2004-06-10,12.72,11.1065,13.3616
"2487",163,2004-06-11,11.81,11.1059,13.3895
"2488",164,2004-06-12,12.47,11.1054,13.4178
"2489",165,2004-06-13,13.58,11.1043,13.4407
"2490",166,2004-06-14,13.6,11.1026,13.4616
"2491",167,2004-06-15,13.23,11.0995,13.4802
"2492",168,2004-06-16,9.96,11.0939,13.4984
"2493",169,2004-06-17,8.44,11.0858,13.5135
"2494",170,2004-06-18,9.29,11.076,13.5263
"2495",171,2004-06-19,10.16,11.0635,13.5378
"2496",172,2004-06-20,10.41,11.046,13.5396
"2497",173,2004-06-21,11.26,11.0228,13.5298
"2498",174,2004-06-22,11.34,10.9936,13.5043
"2499",175,2004-06-23,11.09,10.9611,13.4781
"2500",176,2004-06-24,11.63,10.9254,13.4507
"2501",177,2004-06-25,12.12,10.8856,13.4231
"2502",178,2004-06-26,12.41,10.8429,13.414
"2503",179,2004-06-27,13.34,10.7991,13.4134
"2504",180,2004-06-28,11.28,10.7552,13.4025
"2505",181,2004-06-29,8.91,10.7105,13.3878
"2506",182,2004-06-30,8.58,10.6662,13.3735
"2507",183,2004-07-01,9.21,10.6236,13.3663
"2508",184,2004-07-02,10.11,10.5836,13.3631
"2509",185,2004-07-03,10.43,10.5456,13.3571
"2510",186,2004-07-04,9.68,10.5077,13.335
"2511",187,2004-07-05,9.51,10.4704,13.2992
"2512",188,2004-07-06,9.12,10.4355,13.2602
"2513",189,2004-07-07,9.33,10.4026,13.2127
"2514",190,2004-07-08,9.39,10.3696,13.1664
"2515",191,2004-07-09,9.2,10.3359,13.1183
"2516",192,2004-07-10,9.74,10.3,13.0609
"2517",193,2004-07-11,10.05,10.2615,12.984
"2518",194,2004-07-12,9.53,10.2197,12.8985
"2519",195,2004-07-13,11.57,10.1754,12.8093
"2520",196,2004-07-14,11.57,10.1302,12.7209
"2521",197,2004-07-15,11.84,10.0854,12.6326
"2522",198,2004-07-16,12.82,10.042,12.5452
"2523",199,2004-07-17,12.03,10.0004,12.4567
"2524",200,2004-07-18,13.17,9.9617,12.37
"2525",201,2004-07-19,14.43,9.9257,12.2816
"2526",202,2004-07-20,15.43,9.8933,12.1945
"2527",203,2004-07-21,14.19,9.8668,12.1186
"2528",204,2004-07-22,10.67,9.8465,12.0565
"2529",205,2004-07-23,9.42,9.8334,12.0225
"2530",206,2004-07-24,9.93,9.8252,11.9939
"2531",207,2004-07-25,9.5,9.8209,11.9747
"2532",208,2004-07-26,8.95,9.8204,11.9585
"2533",209,2004-07-27,8.91,9.8228,11.9284
"2534",210,2004-07-28,8.83,9.8265,11.8936
"2535",211,2004-07-29,8.72,9.8306,11.8635
"2536",212,2004-07-30,9.1,9.8364,11.8341
"2537",213,2004-07-31,8.93,9.8428,11.8047
"2538",214,2004-08-01,8.9,9.8505,11.7705
"2539",215,2004-08-02,9.03,9.8595,11.74
"2540",216,2004-08-03,10.01,9.8698,11.7185
"2541",217,2004-08-04,10.47,9.8837,11.7086
"2542",218,2004-08-05,10.47,9.9008,11.7205
"2543",219,2004-08-06,12.19,9.9215,11.7383
"2544",220,2004-08-07,13.68,9.9463,11.7741
"2545",221,2004-08-08,14.07,9.976,11.821
"2546",222,2004-08-09,13.8,10.0101,11.8744
"2547",223,2004-08-10,13.73,10.0494,11.9415
"2548",224,2004-08-11,12.98,10.0934,12.0277
"2549",225,2004-08-12,10.56,10.1417,12.1178
"2550",226,2004-08-13,9.55,10.1924,12.2086
"2551",227,2004-08-14,9.46,10.2448,12.2992
"2552",228,2004-08-15,10.08,10.2987,12.3911
"2553",229,2004-08-16,10.55,10.3539,12.4844
"2554",230,2004-08-17,10.85,10.4092,12.581
"2555",231,2004-08-18,10.95,10.4626,12.6733
"2556",232,2004-08-19,9.8,10.5141,12.7636
"2557",233,2004-08-20,8.75,10.563,12.8508
"2558",234,2004-08-21,9.25,10.6078,12.9313
"2559",235,2004-08-22,9.88,10.6486,13.0067
"2560",236,2004-08-23,10.98,10.6854,13.0688
"2561",237,2004-08-24,12.38,10.7191,13.1258
"2562",238,2004-08-25,13.51,10.7494,13.1709
"2563",239,2004-08-26,13.62,10.7763,13.2129
"2564",240,2004-08-27,14.38,10.8002,13.2522
"2565",241,2004-08-28,15.09,10.8222,13.2872
"2566",242,2004-08-29,14.51,10.844,13.3258
"2567",243,2004-08-30,14.09,10.866,13.3667
"2568",244,2004-08-31,12.07,10.8889,13.4105
"2569",245,2004-09-01,12.03,10.9122,13.4556
"2570",246,2004-09-02,11.78,10.936,13.4997
"2571",247,2004-09-03,11.11,10.96,13.5405
"2572",248,2004-09-04,11.11,10.9841,13.5856
"2573",249,2004-09-05,10.57,11.0079,13.6205
"2574",250,2004-09-06,9.92,11.0301,13.6507
"2575",251,2004-09-07,9.65,11.0498,13.6683
"2576",252,2004-09-08,10.01,11.0661,13.6727
"2577",253,2004-09-09,10.23,11.079,13.6738
"2578",254,2004-09-10,10,11.0884,13.6724
"2579",255,2004-09-11,10.74,11.0953,13.6711
"2580",256,2004-09-12,10.96,11.101,13.6722
"2581",257,2004-09-13,12.52,11.1063,13.6729
"2582",258,2004-09-14,12.9,11.1102,13.6724
"2583",259,2004-09-15,13.76,11.1122,13.6712
"2584",260,2004-09-16,14.17,11.113,13.6724
"2585",261,2004-09-17,14.95,11.1139,13.6728
"2586",262,2004-09-18,15.09,11.1162,13.6758
"2587",263,2004-09-19,14.74,11.1202,13.68
"2588",264,2004-09-20,14.68,11.1261,13.6828
"2589",265,2004-09-21,15.21,11.1347,13.6823
"2590",266,2004-09-22,14.94,11.1454,13.6812
"2591",267,2004-09-23,14.8,11.158,13.6781
"2592",268,2004-09-24,14.29,11.1717,13.6731
"2593",269,2004-09-25,13.53,11.1876,13.6699
"2594",270,2004-09-26,12.7,11.2065,13.6687
"2595",271,2004-09-27,11.8,11.2269,13.6649
"2596",272,2004-09-28,10.44,11.248,13.6589
"2597",273,2004-09-29,9.51,11.2688,13.6519
"2598",274,2004-09-30,9.52,11.2888,13.6449
"2599",275,2004-10-01,9.6,11.3079,13.6349
"2600",276,2004-10-02,9.89,11.3253,13.6226
"2601",277,2004-10-03,10.01,11.3414,13.6053
"2602",278,2004-10-04,9.74,11.3562,13.5843
"2603",279,2004-10-05,9.33,11.3699,13.5618
"2604",280,2004-10-06,9.92,11.3826,13.5395
"2605",281,2004-10-07,10.4,11.3937,13.519
"2606",282,2004-10-08,10.86,11.4049,13.5023
"2607",283,2004-10-09,11.32,11.4173,13.4882
"2608",284,2004-10-10,11.52,11.431,13.4733
"2609",285,2004-10-11,11.72,11.4458,13.4525
"2610",286,2004-10-12,11.72,11.4602,13.4299
"2611",287,2004-10-13,11.04,11.4743,13.4095
"2612",288,2004-10-14,10.96,11.4875,13.3892
"2613",289,2004-10-15,10.06,11.5007,13.3693
"2614",290,2004-10-16,9.76,11.5141,13.3479
"2615",291,2004-10-17,10.12,11.5271,13.3218
"2616",292,2004-10-18,10.96,11.5392,13.2926
"2617",293,2004-10-19,11.17,11.5496,13.2597
"2618",294,2004-10-20,11.28,11.5576,13.2241
"2619",295,2004-10-21,11.49,11.564,13.1884
"2620",296,2004-10-22,11.61,11.5691,13.156
"2621",297,2004-10-23,11.68,11.5738,13.1249
"2622",298,2004-10-24,11.7,11.5779,13.0959
"2623",299,2004-10-25,11.68,11.5815,13.0693
"2624",300,2004-10-26,11.52,11.5842,13.0426
"2625",301,2004-10-27,11.53,11.5858,13.0155
"2626",302,2004-10-28,11.6,11.5873,12.9897
"2627",303,2004-10-29,11.59,11.5889,12.9682
"2628",304,2004-10-30,11.81,11.5912,12.9492
"2629",305,2004-10-31,11.82,11.594,12.934
"2630",306,2004-11-01,11.77,11.5966,12.9185
"2631",307,2004-11-02,12.02,11.5985,12.8996
"2632",308,2004-11-03,12,11.5996,12.8798
"2633",309,2004-11-04,11.77,11.5998,12.8584
"2634",310,2004-11-05,10.85,11.599,12.8356
"2635",311,2004-11-06,10.58,11.5978,12.8127
"2636",312,2004-11-07,10.64,11.5959,12.7879
"2637",313,2004-11-08,10.7,11.5925,12.7609
"2638",314,2004-11-09,10.73,11.5871,12.7318
"2639",315,2004-11-10,11.28,11.5797,12.7034
"2640",316,2004-11-11,11.52,11.5702,12.6775
"2641",317,2004-11-12,11.42,11.5592,12.6525
"2642",318,2004-11-13,11.37,11.5467,12.6267
"2643",319,2004-11-14,11.1,11.533,12.5974
"2644",320,2004-11-15,11.32,11.5179,12.5654
"2645",321,2004-11-16,11.43,11.5015,12.5325
"2646",322,2004-11-17,11.5,11.4832,12.5007
"2647",323,2004-11-18,11.5,11.4632,12.4704
"2648",324,2004-11-19,11.44,11.442,12.4436
"2649",325,2004-11-20,11.23,11.4196,12.4185
"2650",326,2004-11-21,10.7,11.3959,12.3943
"2651",327,2004-11-22,10.11,11.3708,12.3692
"2652",328,2004-11-23,10.42,11.3437,12.342
"2653",329,2004-11-24,10.64,11.3147,12.313
"2654",330,2004-11-25,10.98,11.2842,12.2834
"2655",331,2004-11-26,10.97,11.2522,12.253
"2656",332,2004-11-27,10.86,11.2182,12.2205
"2657",333,2004-11-28,10.46,11.1823,12.1866
"2658",334,2004-11-29,10.18,11.1446,12.1496
"2659",335,2004-11-30,10.1,11.1053,12.1111
"2660",336,2004-12-01,10.18,11.0649,12.0705
"2661",337,2004-12-02,10.08,11.0236,12.0305
"2662",338,2004-12-03,9.91,10.9819,11.9922
"2663",339,2004-12-04,9.72,10.9403,11.9533
"2664",340,2004-12-05,9.74,10.8989,11.9177
"2665",341,2004-12-06,9.78,10.8577,11.8842
"2666",342,2004-12-07,9.98,10.817,11.8526
"2667",343,2004-12-08,9.86,10.7774,11.824
"2668",344,2004-12-09,10.09,10.7392,11.7977
"2669",345,2004-12-10,10.37,10.7025,11.7739
"2670",346,2004-12-11,10.48,10.6674,11.7511
"2671",347,2004-12-12,10.26,10.6335,11.7296
"2672",348,2004-12-13,10.15,10.601,11.7085
"2673",349,2004-12-14,10.33,10.5699,11.6877
"2674",350,2004-12-15,10.32,10.5403,11.671
"2675",351,2004-12-16,10.28,10.5123,11.6578
"2676",352,2004-12-17,10.36,10.4858,11.6463
"2677",353,2004-12-18,10.42,10.4607,11.6355
"2678",354,2004-12-19,10.44,10.437,11.6249
"2679",355,2004-12-20,10.39,10.4142,11.6146
"2680",356,2004-12-21,10.29,10.3925,11.6047
"2681",357,2004-12-22,10.09,10.3716,11.5947
"2682",358,2004-12-23,9.92,10.3516,11.5836
"2683",359,2004-12-24,9.99,10.333,11.5735
"2684",360,2004-12-25,9.97,10.3153,11.5574
"2685",361,2004-12-26,9.94,10.2978,11.5405
"2686",362,2004-12-27,9.83,10.2806,11.5227
"2687",363,2004-12-28,9.83,10.2639,11.5042
"2688",364,2004-12-29,9.78,10.2479,11.4846
"2689",365,2004-12-30,9.76,10.2326,11.4656
"2690",366,2004-12-31,9.77,10.2178,11.447
"2691",1,2005-01-01,9.7,10.2036,11.4263
"2692",2,2005-01-02,9.83,10.1901,11.4062
"2693",3,2005-01-03,9.75,10.1775,11.3869
"2694",4,2005-01-04,9.57,10.1652,11.3691
"2695",5,2005-01-05,9.57,10.1538,11.3525
"2696",6,2005-01-06,9.67,10.1433,11.337
"2697",7,2005-01-07,9.38,10.1338,11.3233
"2698",8,2005-01-08,9.02,10.125,11.3114
"2699",9,2005-01-09,9.1,10.1165,11.3009
"2700",10,2005-01-10,9.14,10.1083,11.2911
"2701",11,2005-01-11,9.01,10.1003,11.2821
"2702",12,2005-01-12,8.88,10.0931,11.2742
"2703",13,2005-01-13,8.84,10.0866,11.2682
"2704",14,2005-01-14,8.84,10.0805,11.2646
"2705",15,2005-01-15,8.87,10.0747,11.2603
"2706",16,2005-01-16,8.92,10.069,11.2553
"2707",17,2005-01-17,9.21,10.0636,11.2493
"2708",18,2005-01-18,9.62,10.0587,11.2431
"2709",19,2005-01-19,9.96,10.0542,11.2344
"2710",20,2005-01-20,10.16,10.05,11.2223
"2711",21,2005-01-21,10.1,10.0465,11.2106
"2712",22,2005-01-22,10.08,10.0434,11.1993
"2713",23,2005-01-23,10.14,10.0405,11.1898
"2714",24,2005-01-24,10.3,10.0378,11.1808
"2715",25,2005-01-25,10.39,10.0354,11.1784
"2716",26,2005-01-26,10.47,10.0335,11.1765
"2717",27,2005-01-27,10.65,10.0324,11.1762
"2718",28,2005-01-28,10.6,10.0318,11.1764
"2719",29,2005-01-29,10.74,10.031,11.1771
"2720",30,2005-01-30,10.85,10.0301,11.1782
"2721",31,2005-01-31,10.93,10.0292,11.1797
"2722",32,2005-02-01,10.87,10.0282,11.1816
"2723",33,2005-02-02,10.79,10.027,11.1827
"2724",34,2005-02-03,10.77,10.0256,11.1833
"2725",35,2005-02-04,10.74,10.0237,11.1838
"2726",36,2005-02-05,10.68,10.0213,11.1832
"2727",37,2005-02-06,10.62,10.0181,11.1822
"2728",38,2005-02-07,10.43,10.014,11.1787
"2729",39,2005-02-08,10.41,10.0092,11.173
"2730",40,2005-02-09,10.31,10.0042,11.1668
"2731",41,2005-02-10,10.31,9.999,11.1611
"2732",42,2005-02-11,10.27,9.9935,11.1543
"2733",43,2005-02-12,10.28,9.9878,11.1466
"2734",44,2005-02-13,10.22,9.9818,11.1374
"2735",45,2005-02-14,10.23,9.9756,11.1264
"2736",46,2005-02-15,10.2,9.9693,11.1156
"2737",47,2005-02-16,10.15,9.963,11.1047
"2738",48,2005-02-17,10.01,9.9568,11.0949
"2739",49,2005-02-18,9.98,9.9509,11.087
"2740",50,2005-02-19,10.01,9.9455,11.0823
"2741",51,2005-02-20,10,9.9405,11.0812
"2742",52,2005-02-21,10.08,9.936,11.0801
"2743",53,2005-02-22,10.11,9.9322,11.0792
"2744",54,2005-02-23,10.16,9.9291,11.0784
"2745",55,2005-02-24,10.26,9.9268,11.0777
"2746",56,2005-02-25,10.29,9.9251,11.0789
"2747",57,2005-02-26,10.3,9.9244,11.0825
"2748",58,2005-02-27,10.4,9.9245,11.086
"2749",59,2005-02-28,10.49,9.9257,11.091
"2750",61,2005-03-01,10.62,9.9316,11.1015
"2751",62,2005-03-02,10.75,9.9358,11.1067
"2752",63,2005-03-03,10.9,9.9407,11.1125
"2753",64,2005-03-04,11.03,9.9461,11.1191
"2754",65,2005-03-05,11.12,9.9522,11.1267
"2755",66,2005-03-06,11.12,9.9588,11.1325
"2756",67,2005-03-07,11,9.9658,11.1358
"2757",68,2005-03-08,11.14,9.9736,11.1392
"2758",69,2005-03-09,11.68,9.9818,11.1425
"2759",70,2005-03-10,11.85,9.99,11.1462
"2760",71,2005-03-11,11.78,9.9981,11.1495
"2761",72,2005-03-12,11.22,10.006,11.1518
"2762",73,2005-03-13,10.78,10.0136,11.1536
"2763",74,2005-03-14,10.76,10.0207,11.1551
"2764",75,2005-03-15,11.3,10.0274,11.1565
"2765",76,2005-03-16,11.43,10.0336,11.1558
"2766",77,2005-03-17,11.13,10.0396,11.1545
"2767",78,2005-03-18,11.16,10.046,11.1532
"2768",79,2005-03-19,11.09,10.0524,11.1504
"2769",80,2005-03-20,11.21,10.0592,11.1473
"2770",81,2005-03-21,11.11,10.0665,11.1435
"2771",82,2005-03-22,11.05,10.0743,11.1404
"2772",83,2005-03-23,10.99,10.0826,11.1375
"2773",84,2005-03-24,10.99,10.0918,11.1357
"2774",85,2005-03-25,11.08,10.1019,11.1342
"2775",86,2005-03-26,11.15,10.1126,11.1325
"2776",87,2005-03-27,11.18,10.1239,11.1301
"2777",88,2005-03-28,11.13,10.1357,11.1271
"2778",89,2005-03-29,11.01,10.1474,11.126
"2779",90,2005-03-30,11.11,10.1592,11.1281
"2780",91,2005-03-31,11.26,10.1711,11.1322
"2781",92,2005-04-01,11.36,10.1827,11.1385
"2782",93,2005-04-02,11.56,10.1937,11.1444
"2783",94,2005-04-03,11.56,10.2033,11.1485
"2784",95,2005-04-04,11.51,10.2114,11.1519
"2785",96,2005-04-05,11.67,10.2185,11.1542
"2786",97,2005-04-06,11.62,10.2254,11.1585
"2787",98,2005-04-07,11.77,10.2326,11.1668
"2788",99,2005-04-08,11.73,10.2401,11.1761
"2789",100,2005-04-09,11.67,10.2481,11.1867
"2790",101,2005-04-10,11.65,10.2563,11.1987
"2791",102,2005-04-11,11.57,10.2645,11.2113
"2792",103,2005-04-12,11.53,10.2733,11.2247
"2793",104,2005-04-13,11.53,10.2836,11.2391
"2794",105,2005-04-14,11.54,10.2961,11.2549
"2795",106,2005-04-15,11.56,10.3111,11.2714
"2796",107,2005-04-16,11.62,10.3285,11.291
"2797",108,2005-04-17,11.78,10.3477,11.3139
"2798",109,2005-04-18,11.81,10.3679,11.3373
"2799",110,2005-04-19,11.71,10.3882,11.3643
"2800",111,2005-04-20,11.28,10.4078,11.3935
"2801",112,2005-04-21,10.88,10.426,11.4255
"2802",113,2005-04-22,11.03,10.4427,11.4589
"2803",114,2005-04-23,11.15,10.4574,11.4956
"2804",115,2005-04-24,11.37,10.4708,11.5356
"2805",116,2005-04-25,11.63,10.4827,11.576
"2806",117,2005-04-26,11.78,10.4939,11.6201
"2807",118,2005-04-27,11.65,10.5046,11.6646
"2808",119,2005-04-28,11.34,10.5149,11.7129
"2809",120,2005-04-29,11.53,10.5248,11.7629
"2810",121,2005-04-30,11.71,10.5346,11.81
"2811",122,2005-05-01,11.89,10.5444,11.8551
"2812",123,2005-05-02,11.97,10.5545,11.8975
"2813",124,2005-05-03,11.98,10.5659,11.9399
"2814",125,2005-05-04,12.33,10.5793,11.9839
"2815",126,2005-05-05,12.56,10.5933,12.0276
"2816",127,2005-05-06,12.52,10.6078,12.0702
"2817",128,2005-05-07,12.86,10.6227,12.1111
"2818",129,2005-05-08,13.02,10.6372,12.1495
"2819",130,2005-05-09,13.28,10.6506,12.1849
"2820",131,2005-05-10,13.07,10.6631,12.219
"2821",132,2005-05-11,12.89,10.6754,12.2525
"2822",133,2005-05-12,13.07,10.6884,12.2885
"2823",134,2005-05-13,13.2,10.7018,12.329
"2824",135,2005-05-14,13.36,10.7145,12.3712
"2825",136,2005-05-15,14.04,10.726,12.4122
"2826",137,2005-05-16,14.09,10.737,12.453
"2827",138,2005-05-17,14.31,10.7482,12.4958
"2828",139,2005-05-18,14.35,10.7591,12.5407
"2829",140,2005-05-19,14.36,10.7704,12.5882
"2830",141,2005-05-20,14.3,10.7833,12.6387
"2831",142,2005-05-21,14.29,10.7988,12.6892
"2832",143,2005-05-22,13.97,10.8167,12.7384
"2833",144,2005-05-23,14,10.8368,12.7851
"2834",145,2005-05-24,13.97,10.8595,12.8304
"2835",146,2005-05-25,13.21,10.885,12.8718
"2836",147,2005-05-26,13.01,10.9131,12.9133
"2837",148,2005-05-27,13.75,10.9418,12.9516
"2838",149,2005-05-28,14.23,10.9701,12.9901
"2839",150,2005-05-29,13.98,10.9974,13.0248
"2840",151,2005-05-30,14.09,11.0233,13.0555
"2841",152,2005-05-31,14.08,11.047,13.0853
"2842",153,2005-06-01,13.95,11.067,13.1138
"2843",154,2005-06-02,13.47,11.0839,13.1419
"2844",155,2005-06-03,12.3,11.097,13.1705
"2845",156,2005-06-04,12.56,11.1061,13.1987
"2846",157,2005-06-05,12.26,11.1117,13.2266
"2847",158,2005-06-06,13.61,11.1136,13.2538
"2848",159,2005-06-07,13.84,11.1127,13.2802
"2849",160,2005-06-08,14,11.1102,13.3056
"2850",161,2005-06-09,14.03,11.1081,13.3331
"2851",162,2005-06-10,14,11.1065,13.3616
"2852",163,2005-06-11,14.26,11.1059,13.3895
"2853",164,2005-06-12,13.2,11.1054,13.4178
"2854",165,2005-06-13,13.5,11.1043,13.4407
"2855",166,2005-06-14,13,11.1026,13.4616
"2856",167,2005-06-15,12.12,11.0995,13.4802
"2857",168,2005-06-16,12.49,11.0939,13.4984
"2858",169,2005-06-17,14.17,11.0858,13.5135
"2859",170,2005-06-18,14.72,11.076,13.5263
"2860",171,2005-06-19,15.02,11.0635,13.5378
"2861",172,2005-06-20,15.03,11.046,13.5396
"2862",173,2005-06-21,15.76,11.0228,13.5298
"2863",174,2005-06-22,15.77,10.9936,13.5043
"2864",175,2005-06-23,15.35,10.9611,13.4781
"2865",176,2005-06-24,13.38,10.9254,13.4507
"2866",177,2005-06-25,10.53,10.8856,13.4231
"2867",178,2005-06-26,10.7,10.8429,13.414
"2868",179,2005-06-27,11.58,10.7991,13.4134
"2869",180,2005-06-28,11.73,10.7552,13.4025
"2870",181,2005-06-29,11.57,10.7105,13.3878
"2871",182,2005-06-30,10.77,10.6662,13.3735
"2872",183,2005-07-01,10.1,10.6236,13.3663
"2873",184,2005-07-02,10.17,10.5836,13.3631
"2874",185,2005-07-03,11.02,10.5456,13.3571
"2875",186,2005-07-04,10.88,10.5077,13.335
"2876",187,2005-07-05,11.09,10.4704,13.2992
"2877",188,2005-07-06,13.8,10.4355,13.2602
"2878",189,2005-07-07,14.7,10.4026,13.2127
"2879",190,2005-07-08,15.55,10.3696,13.1664
"2880",191,2005-07-09,16.02,10.3359,13.1183
"2881",192,2005-07-10,16.26,10.3,13.0609
"2882",193,2005-07-11,16.25,10.2615,12.984
"2883",194,2005-07-12,16.2,10.2197,12.8985
"2884",195,2005-07-13,16.76,10.1754,12.8093
"2885",196,2005-07-14,14.59,10.1302,12.7209
"2886",197,2005-07-15,9.61,10.0854,12.6326
"2887",198,2005-07-16,9.19,10.042,12.5452
"2888",199,2005-07-17,9.25,10.0004,12.4567
"2889",200,2005-07-18,9.28,9.9617,12.37
"2890",201,2005-07-19,9.18,9.9257,12.2816
"2891",202,2005-07-20,9.19,9.8933,12.1945
"2892",203,2005-07-21,8.87,9.8668,12.1186
"2893",204,2005-07-22,8.99,9.8465,12.0565
"2894",205,2005-07-23,9.77,9.8334,12.0225
"2895",206,2005-07-24,9.19,9.8252,11.9939
"2896",207,2005-07-25,8.94,9.8209,11.9747
"2897",208,2005-07-26,8.99,9.8204,11.9585
"2898",209,2005-07-27,8.77,9.8228,11.9284
"2899",210,2005-07-28,8.18,9.8265,11.8936
"2900",211,2005-07-29,8.1,9.8306,11.8635
"2901",212,2005-07-30,8.44,9.8364,11.8341
"2902",213,2005-07-31,9.12,9.8428,11.8047
"2903",214,2005-08-01,9.2,9.8505,11.7705
"2904",215,2005-08-02,8.66,9.8595,11.74
"2905",216,2005-08-03,8.15,9.8698,11.7185
"2906",217,2005-08-04,8.13,9.8837,11.7086
"2907",218,2005-08-05,8.18,9.9008,11.7205
"2908",219,2005-08-06,8.08,9.9215,11.7383
"2909",220,2005-08-07,8.55,9.9463,11.7741
"2910",221,2005-08-08,8.39,9.976,11.821
"2911",222,2005-08-09,8.29,10.0101,11.8744
"2912",223,2005-08-10,8.34,10.0494,11.9415
"2913",224,2005-08-11,8.71,10.0934,12.0277
"2914",225,2005-08-12,8.98,10.1417,12.1178
"2915",226,2005-08-13,8.99,10.1924,12.2086
"2916",227,2005-08-14,8.42,10.2448,12.2992
"2917",228,2005-08-15,7.96,10.2987,12.3911
"2918",229,2005-08-16,8.3,10.3539,12.4844
"2919",230,2005-08-17,8.75,10.4092,12.581
"2920",231,2005-08-18,9.16,10.4626,12.6733
"2921",232,2005-08-19,9.38,10.5141,12.7636
"2922",233,2005-08-20,9.79,10.563,12.8508
"2923",234,2005-08-21,9.86,10.6078,12.9313
"2924",235,2005-08-22,9.78,10.6486,13.0067
"2925",236,2005-08-23,9.24,10.6854,13.0688
"2926",237,2005-08-24,9.29,10.7191,13.1258
"2927",238,2005-08-25,8.89,10.7494,13.1709
"2928",239,2005-08-26,10.09,10.7763,13.2129
"2929",240,2005-08-27,9.65,10.8002,13.2522
"2930",241,2005-08-28,10.17,10.8222,13.2872
"2931",242,2005-08-29,11.41,10.844,13.3258
"2932",243,2005-08-30,12.1,10.866,13.3667
"2933",244,2005-08-31,10.61,10.8889,13.4105
"2934",245,2005-09-01,9.64,10.9122,13.4556
"2935",246,2005-09-02,8.56,10.936,13.4997
"2936",247,2005-09-03,9.2,10.96,13.5405
"2937",248,2005-09-04,9.78,10.9841,13.5856
"2938",249,2005-09-05,9.98,11.0079,13.6205
"2939",250,2005-09-06,10.12,11.0301,13.6507
"2940",251,2005-09-07,9.68,11.0498,13.6683
"2941",252,2005-09-08,9.29,11.0661,13.6727
"2942",253,2005-09-09,8.65,11.079,13.6738
"2943",254,2005-09-10,8.85,11.0884,13.6724
"2944",255,2005-09-11,8.97,11.0953,13.6711
"2945",256,2005-09-12,9.01,11.101,13.6722
"2946",257,2005-09-13,9.43,11.1063,13.6729
"2947",258,2005-09-14,9.41,11.1102,13.6724
"2948",259,2005-09-15,9.38,11.1122,13.6712
"2949",260,2005-09-16,9.51,11.113,13.6724
"2950",261,2005-09-17,9.48,11.1139,13.6728
"2951",262,2005-09-18,10.25,11.1162,13.6758
"2952",263,2005-09-19,10.08,11.1202,13.68
"2953",264,2005-09-20,9.67,11.1261,13.6828
"2954",265,2005-09-21,9.06,11.1347,13.6823
"2955",266,2005-09-22,8.6,11.1454,13.6812
"2956",267,2005-09-23,8.34,11.158,13.6781
"2957",268,2005-09-24,8.32,11.1717,13.6731
"2958",269,2005-09-25,8.43,11.1876,13.6699
"2959",270,2005-09-26,8.51,11.2065,13.6687
"2960",271,2005-09-27,8.28,11.2269,13.6649
"2961",272,2005-09-28,8.2,11.248,13.6589
"2962",273,2005-09-29,8.28,11.2688,13.6519
"2963",274,2005-09-30,8.87,11.2888,13.6449
"2964",275,2005-10-01,9.14,11.3079,13.6349
"2965",276,2005-10-02,9.25,11.3253,13.6226
"2966",277,2005-10-03,9.32,11.3414,13.6053
"2967",278,2005-10-04,9.72,11.3562,13.5843
"2968",279,2005-10-05,10.29,11.3699,13.5618
"2969",280,2005-10-06,10.56,11.3826,13.5395
"2970",281,2005-10-07,10.83,11.3937,13.519
"2971",282,2005-10-08,10.89,11.4049,13.5023
"2972",283,2005-10-09,11.18,11.4173,13.4882
"2973",284,2005-10-10,11.56,11.431,13.4733
"2974",285,2005-10-11,11.67,11.4458,13.4525
"2975",286,2005-10-12,11.38,11.4602,13.4299
"2976",287,2005-10-13,11.01,11.4743,13.4095
"2977",288,2005-10-14,11.03,11.4875,13.3892
"2978",289,2005-10-15,11.52,11.5007,13.3693
"2979",290,2005-10-16,11.94,11.5141,13.3479
"2980",291,2005-10-17,11.95,11.5271,13.3218
"2981",292,2005-10-18,11.91,11.5392,13.2926
"2982",293,2005-10-19,12.06,11.5496,13.2597
"2983",294,2005-10-20,12.35,11.5576,13.2241
"2984",295,2005-10-21,12.42,11.564,13.1884
"2985",296,2005-10-22,12.41,11.5691,13.156
"2986",297,2005-10-23,12.34,11.5738,13.1249
"2987",298,2005-10-24,12.21,11.5779,13.0959
"2988",299,2005-10-25,12.03,11.5815,13.0693
"2989",300,2005-10-26,12.14,11.5842,13.0426
"2990",301,2005-10-27,12.3,11.5858,13.0155
"2991",302,2005-10-28,12.33,11.5873,12.9897
"2992",303,2005-10-29,12.36,11.5889,12.9682
"2993",304,2005-10-30,12.34,11.5912,12.9492
"2994",305,2005-10-31,12.36,11.594,12.934
"2995",306,2005-11-01,12.39,11.5966,12.9185
"2996",307,2005-11-02,12.37,11.5985,12.8996
"2997",308,2005-11-03,12.24,11.5996,12.8798
"2998",309,2005-11-04,12.04,11.5998,12.8584
"2999",310,2005-11-05,11.9,11.599,12.8356
"3000",311,2005-11-06,11.87,11.5978,12.8127
"3001",312,2005-11-07,11.81,11.5959,12.7879
"3002",313,2005-11-08,11.78,11.5925,12.7609
"3003",314,2005-11-09,11.73,11.5871,12.7318
"3004",315,2005-11-10,11.69,11.5797,12.7034
"3005",316,2005-11-11,11.6,11.5702,12.6775
"3006",317,2005-11-12,11.54,11.5592,12.6525
"3007",318,2005-11-13,11.59,11.5467,12.6267
"3008",319,2005-11-14,11.54,11.533,12.5974
"3009",320,2005-11-15,11.48,11.5179,12.5654
"3010",321,2005-11-16,11.45,11.5015,12.5325
"3011",322,2005-11-17,11.35,11.4832,12.5007
"3012",323,2005-11-18,11.34,11.4632,12.4704
"3013",324,2005-11-19,11.38,11.442,12.4436
"3014",325,2005-11-20,11.41,11.4196,12.4185
"3015",326,2005-11-21,11.33,11.3959,12.3943
"3016",327,2005-11-22,11.23,11.3708,12.3692
"3017",328,2005-11-23,11.14,11.3437,12.342
"3018",329,2005-11-24,11.09,11.3147,12.313
"3019",330,2005-11-25,11.15,11.2842,12.2834
"3020",331,2005-11-26,11.16,11.2522,12.253
"3021",332,2005-11-27,10.96,11.2182,12.2205
"3022",333,2005-11-28,10.74,11.1823,12.1866
"3023",334,2005-11-29,10.47,11.1446,12.1496
"3024",335,2005-11-30,10.5,11.1053,12.1111
"3025",336,2005-12-01,10.56,11.0649,12.0705
"3026",337,2005-12-02,10.23,11.0236,12.0305
"3027",338,2005-12-03,10.09,10.9819,11.9922
"3028",339,2005-12-04,10.45,10.9403,11.9533
"3029",340,2005-12-05,10.36,10.8989,11.9177
"3030",341,2005-12-06,10.32,10.8577,11.8842
"3031",342,2005-12-07,10.3,10.817,11.8526
"3032",343,2005-12-08,10.2,10.7774,11.824
"3033",344,2005-12-09,10.14,10.7392,11.7977
"3034",345,2005-12-10,10.09,10.7025,11.7739
"3035",346,2005-12-11,10.21,10.6674,11.7511
"3036",347,2005-12-12,9.88,10.6335,11.7296
"3037",348,2005-12-13,9.77,10.601,11.7085
"3038",349,2005-12-14,9.88,10.5699,11.6877
"3039",350,2005-12-15,9.8,10.5403,11.671
"3040",351,2005-12-16,9.61,10.5123,11.6578
"3041",352,2005-12-17,9.39,10.4858,11.6463
"3042",353,2005-12-18,9.21,10.4607,11.6355
"3043",354,2005-12-19,9.15,10.437,11.6249
"3044",355,2005-12-20,9.24,10.4142,11.6146
"3045",356,2005-12-21,10.2,10.3925,11.6047
"3046",357,2005-12-22,10.57,10.3716,11.5947
"3047",358,2005-12-23,10.69,10.3516,11.5836
"3048",359,2005-12-24,10.96,10.333,11.5735
"3049",360,2005-12-25,11.12,10.3153,11.5574
"3050",361,2005-12-26,11.13,10.2978,11.5405
"3051",362,2005-12-27,11.26,10.2806,11.5227
"3052",363,2005-12-28,11.36,10.2639,11.5042
"3053",364,2005-12-29,11.46,10.2479,11.4846
"3054",365,2005-12-30,11.47,10.2326,11.4656
"3055",366,2005-12-31,11.56,10.2178,11.447
"3056",1,2006-01-01,11.56,10.2036,11.4263
"3057",2,2006-01-02,11.65,10.1901,11.4062
"3058",3,2006-01-03,11.49,10.1775,11.3869
"3059",4,2006-01-04,11.66,10.1652,11.3691
"3060",5,2006-01-05,11.64,10.1538,11.3525
"3061",6,2006-01-06,11.81,10.1433,11.337
"3062",7,2006-01-07,11.84,10.1338,11.3233
"3063",8,2006-01-08,11.69,10.125,11.3114
"3064",9,2006-01-09,11.68,10.1165,11.3009
"3065",10,2006-01-10,11.81,10.1083,11.2911
"3066",11,2006-01-11,11.81,10.1003,11.2821
"3067",12,2006-01-12,11.7,10.0931,11.2742
"3068",13,2006-01-13,11.66,10.0866,11.2682
"3069",14,2006-01-14,11.51,10.0805,11.2646
"3070",15,2006-01-15,11.2,10.0747,11.2603
"3071",16,2006-01-16,10.96,10.069,11.2553
"3072",17,2006-01-17,11.31,10.0636,11.2493
"3073",18,2006-01-18,11.39,10.0587,11.2431
"3074",19,2006-01-19,11.45,10.0542,11.2344
"3075",20,2006-01-20,11.23,10.05,11.2223
"3076",21,2006-01-21,11.09,10.0465,11.2106
"3077",22,2006-01-22,11.04,10.0434,11.1993
"3078",23,2006-01-23,11.11,10.0405,11.1898
"3079",24,2006-01-24,11.4,10.0378,11.1808
"3080",25,2006-01-25,11.27,10.0354,11.1784
"3081",26,2006-01-26,10.94,10.0335,11.1765
"3082",27,2006-01-27,10.87,10.0324,11.1762
"3083",28,2006-01-28,10.8,10.0318,11.1764
"3084",29,2006-01-29,10.68,10.031,11.1771
"3085",30,2006-01-30,10.79,10.0301,11.1782
"3086",31,2006-01-31,10.7,10.0292,11.1797
"3087",32,2006-02-01,10.75,10.0282,11.1816
"3088",33,2006-02-02,10.84,10.027,11.1827
"3089",34,2006-02-03,10.88,10.0256,11.1833
"3090",35,2006-02-04,11,10.0237,11.1838
"3091",36,2006-02-05,10.85,10.0213,11.1832
"3092",37,2006-02-06,10.75,10.0181,11.1822
"3093",38,2006-02-07,10.72,10.014,11.1787
"3094",39,2006-02-08,10.72,10.0092,11.173
"3095",40,2006-02-09,10.82,10.0042,11.1668
"3096",41,2006-02-10,10.75,9.999,11.1611
"3097",42,2006-02-11,10.51,9.9935,11.1543
"3098",43,2006-02-12,10.67,9.9878,11.1466
"3099",44,2006-02-13,10.67,9.9818,11.1374
"3100",45,2006-02-14,10.44,9.9756,11.1264
"3101",46,2006-02-15,10.25,9.9693,11.1156
"3102",47,2006-02-16,10.09,9.963,11.1047
"3103",48,2006-02-17,9.82,9.9568,11.0949
"3104",49,2006-02-18,9.31,9.9509,11.087
"3105",50,2006-02-19,9.38,9.9455,11.0823
"3106",51,2006-02-20,9.45,9.9405,11.0812
"3107",52,2006-02-21,9.56,9.936,11.0801
"3108",53,2006-02-22,9.67,9.9322,11.0792
"3109",54,2006-02-23,9.74,9.9291,11.0784
"3110",55,2006-02-24,9.66,9.9268,11.0777
"3111",56,2006-02-25,9.54,9.9251,11.0789
"3112",57,2006-02-26,9.22,9.9244,11.0825
"3113",58,2006-02-27,9.21,9.9245,11.086
"3114",59,2006-02-28,9.24,9.9257,11.091
"3115",61,2006-03-01,9.26,9.9316,11.1015
"3116",62,2006-03-02,9.48,9.9358,11.1067
"3117",63,2006-03-03,9.76,9.9407,11.1125
"3118",64,2006-03-04,9.79,9.9461,11.1191
"3119",65,2006-03-05,9.77,9.9522,11.1267
"3120",66,2006-03-06,9.88,9.9588,11.1325
"3121",67,2006-03-07,9.8,9.9658,11.1358
"3122",68,2006-03-08,9.75,9.9736,11.1392
"3123",69,2006-03-09,9.71,9.9818,11.1425
"3124",70,2006-03-10,9.74,9.99,11.1462
"3125",71,2006-03-11,9.6,9.9981,11.1495
"3126",72,2006-03-12,9.45,10.006,11.1518
"3127",73,2006-03-13,9.62,10.0136,11.1536
"3128",74,2006-03-14,9.41,10.0207,11.1551
"3129",75,2006-03-15,9.44,10.0274,11.1565
"3130",76,2006-03-16,9.48,10.0336,11.1558
"3131",77,2006-03-17,9.5,10.0396,11.1545
"3132",78,2006-03-18,9.66,10.046,11.1532
"3133",79,2006-03-19,9.97,10.0524,11.1504
"3134",80,2006-03-20,10.02,10.0592,11.1473
"3135",81,2006-03-21,9.8,10.0665,11.1435
"3136",82,2006-03-22,9.8,10.0743,11.1404
"3137",83,2006-03-23,9.9,10.0826,11.1375
"3138",84,2006-03-24,9.99,10.0918,11.1357
"3139",85,2006-03-25,10.05,10.1019,11.1342
"3140",86,2006-03-26,9.95,10.1126,11.1325
"3141",87,2006-03-27,10.01,10.1239,11.1301
"3142",88,2006-03-28,10.11,10.1357,11.1271
"3143",89,2006-03-29,10.19,10.1474,11.126
"3144",90,2006-03-30,10.19,10.1592,11.1281
"3145",91,2006-03-31,10.25,10.1711,11.1322
"3146",92,2006-04-01,10.44,10.1827,11.1385
"3147",93,2006-04-02,10.5,10.1937,11.1444
"3148",94,2006-04-03,10.51,10.2033,11.1485
"3149",95,2006-04-04,10.59,10.2114,11.1519
"3150",96,2006-04-05,10.6,10.2185,11.1542
"3151",97,2006-04-06,10.75,10.2254,11.1585
"3152",98,2006-04-07,10.9,10.2326,11.1668
"3153",99,2006-04-08,10.97,10.2401,11.1761
"3154",100,2006-04-09,11.12,10.2481,11.1867
"3155",101,2006-04-10,11.35,10.2563,11.1987
"3156",102,2006-04-11,11.53,10.2645,11.2113
"3157",103,2006-04-12,11.49,10.2733,11.2247
"3158",104,2006-04-13,11.27,10.2836,11.2391
"3159",105,2006-04-14,11.09,10.2961,11.2549
"3160",106,2006-04-15,11.03,10.3111,11.2714
"3161",107,2006-04-16,10.92,10.3285,11.291
"3162",108,2006-04-17,10.93,10.3477,11.3139
"3163",109,2006-04-18,11.16,10.3679,11.3373
"3164",110,2006-04-19,11.28,10.3882,11.3643
"3165",111,2006-04-20,11.54,10.4078,11.3935
"3166",112,2006-04-21,11.54,10.426,11.4255
"3167",113,2006-04-22,10.7,10.4427,11.4589
"3168",114,2006-04-23,10.19,10.4574,11.4956
"3169",115,2006-04-24,10.4,10.4708,11.5356
"3170",116,2006-04-25,11.26,10.4827,11.576
"3171",117,2006-04-26,11.55,10.4939,11.6201
"3172",118,2006-04-27,11.27,10.5046,11.6646
"3173",119,2006-04-28,10.92,10.5149,11.7129
"3174",120,2006-04-29,10.36,10.5248,11.7629
"3175",121,2006-04-30,9.86,10.5346,11.81
"3176",122,2006-05-01,9.64,10.5444,11.8551
"3177",123,2006-05-02,9.35,10.5545,11.8975
"3178",124,2006-05-03,8.89,10.5659,11.9399
"3179",125,2006-05-04,8.68,10.5793,11.9839
"3180",126,2006-05-05,9,10.5933,12.0276
"3181",127,2006-05-06,9.26,10.6078,12.0702
"3182",128,2006-05-07,10.22,10.6227,12.1111
"3183",129,2006-05-08,10.78,10.6372,12.1495
"3184",130,2006-05-09,9.67,10.6506,12.1849
"3185",131,2006-05-10,9.25,10.6631,12.219
"3186",132,2006-05-11,9.13,10.6754,12.2525
"3187",133,2006-05-12,9.02,10.6884,12.2885
"3188",134,2006-05-13,8.78,10.7018,12.329
"3189",135,2006-05-14,9,10.7145,12.3712
"3190",136,2006-05-15,9.47,10.726,12.4122
"3191",137,2006-05-16,11.19,10.737,12.453
"3192",138,2006-05-17,11.13,10.7482,12.4958
"3193",139,2006-05-18,9.8,10.7591,12.5407
"3194",140,2006-05-19,9.62,10.7704,12.5882
"3195",141,2006-05-20,9.88,10.7833,12.6387
"3196",142,2006-05-21,9.56,10.7988,12.6892
"3197",143,2006-05-22,9.94,10.8167,12.7384
"3198",144,2006-05-23,11.64,10.8368,12.7851
"3199",145,2006-05-24,12.33,10.8595,12.8304
"3200",146,2006-05-25,12.46,10.885,12.8718
"3201",147,2006-05-26,12.47,10.9131,12.9133
"3202",148,2006-05-27,12.55,10.9418,12.9516
"3203",149,2006-05-28,12.55,10.9701,12.9901
"3204",150,2006-05-29,12.78,10.9974,13.0248
"3205",151,2006-05-30,13.48,11.0233,13.0555
"3206",152,2006-05-31,13.68,11.047,13.0853
"3207",153,2006-06-01,13.73,11.067,13.1138
"3208",154,2006-06-02,13.93,11.0839,13.1419
"3209",155,2006-06-03,14.4,11.097,13.1705
"3210",156,2006-06-04,14.28,11.1061,13.1987
"3211",157,2006-06-05,14.37,11.1117,13.2266
"3212",158,2006-06-06,14.32,11.1136,13.2538
"3213",159,2006-06-07,13.61,11.1127,13.2802
"3214",160,2006-06-08,12.59,11.1102,13.3056
"3215",161,2006-06-09,11.34,11.1081,13.3331
"3216",162,2006-06-10,11.1,11.1065,13.3616
"3217",163,2006-06-11,10.92,11.1059,13.3895
"3218",164,2006-06-12,10.65,11.1054,13.4178
"3219",165,2006-06-13,11.12,11.1043,13.4407
"3220",166,2006-06-14,13.37,11.1026,13.4616
"3221",167,2006-06-15,14.27,11.0995,13.4802
"3222",168,2006-06-16,14.97,11.0939,13.4984
"3223",169,2006-06-17,14.17,11.0858,13.5135
"3224",170,2006-06-18,13.29,11.076,13.5263
"3225",171,2006-06-19,11.75,11.0635,13.5378
"3226",172,2006-06-20,10.01,11.046,13.5396
"3227",173,2006-06-21,9.22,11.0228,13.5298
"3228",174,2006-06-22,9.26,10.9936,13.5043
"3229",175,2006-06-23,9.19,10.9611,13.4781
"3230",176,2006-06-24,8.84,10.9254,13.4507
"3231",177,2006-06-25,8.43,10.8856,13.4231
"3232",178,2006-06-26,8.31,10.8429,13.414
"3233",179,2006-06-27,8.46,10.7991,13.4134
"3234",180,2006-06-28,8.53,10.7552,13.4025
"3235",181,2006-06-29,8.59,10.7105,13.3878
"3236",182,2006-06-30,8.3,10.6662,13.3735
"3237",183,2006-07-01,8.9,10.6236,13.3663
"3238",184,2006-07-02,9.49,10.5836,13.3631
"3239",185,2006-07-03,9.3,10.5456,13.3571
"3240",186,2006-07-04,9.75,10.5077,13.335
"3241",187,2006-07-05,9.82,10.4704,13.2992
"3242",188,2006-07-06,10.4,10.4355,13.2602
"3243",189,2006-07-07,10.47,10.4026,13.2127
"3244",190,2006-07-08,10.48,10.3696,13.1664
"3245",191,2006-07-09,9.93,10.3359,13.1183
"3246",192,2006-07-10,9.78,10.3,13.0609
"3247",193,2006-07-11,9.87,10.2615,12.984
"3248",194,2006-07-12,10.27,10.2197,12.8985
"3249",195,2006-07-13,11.24,10.1754,12.8093
"3250",196,2006-07-14,10.64,10.1302,12.7209
"3251",197,2006-07-15,11.22,10.0854,12.6326
"3252",198,2006-07-16,10.99,10.042,12.5452
"3253",199,2006-07-17,10.12,10.0004,12.4567
"3254",200,2006-07-18,9.53,9.9617,12.37
"3255",201,2006-07-19,9.03,9.9257,12.2816
"3256",202,2006-07-20,9.29,9.8933,12.1945
"3257",203,2006-07-21,8.99,9.8668,12.1186
"3258",204,2006-07-22,8.71,9.8465,12.0565
"3259",205,2006-07-23,8.95,9.8334,12.0225
"3260",206,2006-07-24,8.98,9.8252,11.9939
"3261",207,2006-07-25,9.06,9.8209,11.9747
"3262",208,2006-07-26,8.95,9.8204,11.9585
"3263",209,2006-07-27,9.05,9.8228,11.9284
"3264",210,2006-07-28,8.35,9.8265,11.8936
"3265",211,2006-07-29,8.44,9.8306,11.8635
"3266",212,2006-07-30,9.18,9.8364,11.8341
"3267",213,2006-07-31,10.36,9.8428,11.8047
"3268",214,2006-08-01,9.38,9.8505,11.7705
"3269",215,2006-08-02,9.46,9.8595,11.74
"3270",216,2006-08-03,9.22,9.8698,11.7185
"3271",217,2006-08-04,9.05,9.8837,11.7086
"3272",218,2006-08-05,8.89,9.9008,11.7205
"3273",219,2006-08-06,8.43,9.9215,11.7383
"3274",220,2006-08-07,8.59,9.9463,11.7741
"3275",221,2006-08-08,8.96,9.976,11.821
"3276",222,2006-08-09,9.55,10.0101,11.8744
"3277",223,2006-08-10,NA,10.0494,11.9415
"3278",224,2006-08-11,NA,10.0934,12.0277
"3279",225,2006-08-12,NA,10.1417,12.1178
"3280",226,2006-08-13,NA,10.1924,12.2086
"3281",227,2006-08-14,NA,10.2448,12.2992
"3282",228,2006-08-15,NA,10.2987,12.3911
"3283",229,2006-08-16,NA,10.3539,12.4844
"3284",230,2006-08-17,NA,10.4092,12.581
"3285",231,2006-08-18,NA,10.4626,12.6733
"3286",232,2006-08-19,NA,10.5141,12.7636
"3287",233,2006-08-20,NA,10.563,12.8508
"3288",234,2006-08-21,NA,10.6078,12.9313
"3289",235,2006-08-22,NA,10.6486,13.0067
"3290",236,2006-08-23,NA,10.6854,13.0688
"3291",237,2006-08-24,NA,10.7191,13.1258
"3292",238,2006-08-25,NA,10.7494,13.1709
"3293",239,2006-08-26,NA,10.7763,13.2129
"3294",240,2006-08-27,NA,10.8002,13.2522
"3295",241,2006-08-28,NA,10.8222,13.2872
"3296",242,2006-08-29,NA,10.844,13.3258
"3297",243,2006-08-30,NA,10.866,13.3667
"3298",244,2006-08-31,NA,10.8889,13.4105
"3299",245,2006-09-01,NA,10.9122,13.4556
"3300",246,2006-09-02,NA,10.936,13.4997
"3301",247,2006-09-03,NA,10.96,13.5405
"3302",248,2006-09-04,NA,10.9841,13.5856
"3303",249,2006-09-05,NA,11.0079,13.6205
"3304",250,2006-09-06,NA,11.0301,13.6507
"3305",251,2006-09-07,NA,11.0498,13.6683
"3306",252,2006-09-08,NA,11.0661,13.6727
"3307",253,2006-09-09,NA,11.079,13.6738
"3308",254,2006-09-10,NA,11.0884,13.6724
"3309",255,2006-09-11,NA,11.0953,13.6711
"3310",256,2006-09-12,NA,11.101,13.6722
"3311",257,2006-09-13,NA,11.1063,13.6729
"3312",258,2006-09-14,NA,11.1102,13.6724
"3313",259,2006-09-15,NA,11.1122,13.6712
"3314",260,2006-09-16,NA,11.113,13.6724
"3315",261,2006-09-17,NA,11.1139,13.6728
"3316",262,2006-09-18,NA,11.1162,13.6758
"3317",263,2006-09-19,NA,11.1202,13.68
"3318",264,2006-09-20,NA,11.1261,13.6828
"3319",265,2006-09-21,NA,11.1347,13.6823
"3320",266,2006-09-22,NA,11.1454,13.6812
"3321",267,2006-09-23,NA,11.158,13.6781
"3322",268,2006-09-24,NA,11.1717,13.6731
"3323",269,2006-09-25,NA,11.1876,13.6699
"3324",270,2006-09-26,NA,11.2065,13.6687
"3325",271,2006-09-27,NA,11.2269,13.6649
"3326",272,2006-09-28,NA,11.248,13.6589
"3327",273,2006-09-29,NA,11.2688,13.6519
"3328",274,2006-09-30,NA,11.2888,13.6449
"3329",275,2006-10-01,NA,11.3079,13.6349
"3330",276,2006-10-02,NA,11.3253,13.6226
"3331",277,2006-10-03,NA,11.3414,13.6053
"3332",278,2006-10-04,NA,11.3562,13.5843
"3333",279,2006-10-05,NA,11.3699,13.5618
"3334",280,2006-10-06,NA,11.3826,13.5395
"3335",281,2006-10-07,NA,11.3937,13.519
"3336",282,2006-10-08,NA,11.4049,13.5023
"3337",283,2006-10-09,NA,11.4173,13.4882
"3338",284,2006-10-10,NA,11.431,13.4733
"3339",285,2006-10-11,NA,11.4458,13.4525
"3340",286,2006-10-12,NA,11.4602,13.4299
"3341",287,2006-10-13,NA,11.4743,13.4095
"3342",288,2006-10-14,NA,11.4875,13.3892
"3343",289,2006-10-15,NA,11.5007,13.3693
"3344",290,2006-10-16,NA,11.5141,13.3479
"3345",291,2006-10-17,NA,11.5271,13.3218
"3346",292,2006-10-18,NA,11.5392,13.2926
"3347",293,2006-10-19,NA,11.5496,13.2597
"3348",294,2006-10-20,NA,11.5576,13.2241
"3349",295,2006-10-21,NA,11.564,13.1884
"3350",296,2006-10-22,NA,11.5691,13.156
"3351",297,2006-10-23,NA,11.5738,13.1249
"3352",298,2006-10-24,NA,11.5779,13.0959
"3353",299,2006-10-25,NA,11.5815,13.0693
"3354",300,2006-10-26,NA,11.5842,13.0426
"3355",301,2006-10-27,NA,11.5858,13.0155
"3356",302,2006-10-28,NA,11.5873,12.9897
"3357",303,2006-10-29,NA,11.5889,12.9682
"3358",304,2006-10-30,NA,11.5912,12.9492
"3359",305,2006-10-31,NA,11.594,12.934
"3360",306,2006-11-01,NA,11.5966,12.9185
"3361",307,2006-11-02,NA,11.5985,12.8996
"3362",308,2006-11-03,NA,11.5996,12.8798
"3363",309,2006-11-04,NA,11.5998,12.8584
"3364",310,2006-11-05,NA,11.599,12.8356
"3365",311,2006-11-06,11.14,11.5978,12.8127
"3366",312,2006-11-07,11.42,11.5959,12.7879
"3367",313,2006-11-08,11.34,11.5925,12.7609
"3368",314,2006-11-09,11.33,11.5871,12.7318
"3369",315,2006-11-10,11.22,11.5797,12.7034
"3370",316,2006-11-11,11.13,11.5702,12.6775
"3371",317,2006-11-12,11.32,11.5592,12.6525
"3372",318,2006-11-13,11.56,11.5467,12.6267
"3373",319,2006-11-14,11.81,11.533,12.5974
"3374",320,2006-11-15,11.75,11.5179,12.5654
"3375",321,2006-11-16,12.01,11.5015,12.5325
"3376",322,2006-11-17,12.05,11.4832,12.5007
"3377",323,2006-11-18,11.86,11.4632,12.4704
"3378",324,2006-11-19,11.7,11.442,12.4436
"3379",325,2006-11-20,11.82,11.4196,12.4185
"3380",326,2006-11-21,11.83,11.3959,12.3943
"3381",327,2006-11-22,11.78,11.3708,12.3692
"3382",328,2006-11-23,11.5,11.3437,12.342
"3383",329,2006-11-24,11.43,11.3147,12.313
"3384",330,2006-11-25,11.42,11.2842,12.2834
"3385",331,2006-11-26,11.25,11.2522,12.253
"3386",332,2006-11-27,11.38,11.2182,12.2205
"3387",333,2006-11-28,11.06,11.1823,12.1866
"3388",334,2006-11-29,11.26,11.1446,12.1496
"3389",335,2006-11-30,10.69,11.1053,12.1111
"3390",336,2006-12-01,10.39,11.0649,12.0705
"3391",337,2006-12-02,10.39,11.0236,12.0305
"3392",338,2006-12-03,10.43,10.9819,11.9922
"3393",339,2006-12-04,10.38,10.9403,11.9533
"3394",340,2006-12-05,10.35,10.8989,11.9177
"3395",341,2006-12-06,10.49,10.8577,11.8842
"3396",342,2006-12-07,10.48,10.817,11.8526
"3397",343,2006-12-08,10.7,10.7774,11.824
"3398",344,2006-12-09,10.68,10.7392,11.7977
"3399",345,2006-12-10,10.61,10.7025,11.7739
"3400",346,2006-12-11,11.01,10.6674,11.7511
"3401",347,2006-12-12,11.15,10.6335,11.7296
"3402",348,2006-12-13,11.15,10.601,11.7085
"3403",349,2006-12-14,11.21,10.5699,11.6877
"3404",350,2006-12-15,11.3,10.5403,11.671
"3405",351,2006-12-16,10.92,10.5123,11.6578
"3406",352,2006-12-17,10.49,10.4858,11.6463
"3407",353,2006-12-18,10.24,10.4607,11.6355
"3408",354,2006-12-19,10.11,10.437,11.6249
"3409",355,2006-12-20,10.01,10.4142,11.6146
"3410",356,2006-12-21,10.29,10.3925,11.6047
"3411",357,2006-12-22,10.49,10.3716,11.5947
"3412",358,2006-12-23,10.02,10.3516,11.5836
"3413",359,2006-12-24,10.38,10.333,11.5735
"3414",360,2006-12-25,10.57,10.3153,11.5574
"3415",361,2006-12-26,10.76,10.2978,11.5405
"3416",362,2006-12-27,10.6,10.2806,11.5227
"3417",363,2006-12-28,10.65,10.2639,11.5042
"3418",364,2006-12-29,10.62,10.2479,11.4846
"3419",365,2006-12-30,10.54,10.2326,11.4656
"3420",366,2006-12-31,10.13,10.2178,11.447
"3421",1,2007-01-01,9.81,10.2036,11.4263
"3422",2,2007-01-02,9.99,10.1901,11.4062
"3423",3,2007-01-03,10.3,10.1775,11.3869
"3424",4,2007-01-04,10.24,10.1652,11.3691
"3425",5,2007-01-05,10.21,10.1538,11.3525
"3426",6,2007-01-06,9.9,10.1433,11.337
"3427",7,2007-01-07,9.97,10.1338,11.3233
"3428",8,2007-01-08,10.02,10.125,11.3114
"3429",9,2007-01-09,10.03,10.1165,11.3009
"3430",10,2007-01-10,9.73,10.1083,11.2911
"3431",11,2007-01-11,9.64,10.1003,11.2821
"3432",12,2007-01-12,9.72,10.0931,11.2742
"3433",13,2007-01-13,9.45,10.0866,11.2682
"3434",14,2007-01-14,9.38,10.0805,11.2646
"3435",15,2007-01-15,9.12,10.0747,11.2603
"3436",16,2007-01-16,9.05,10.069,11.2553
"3437",17,2007-01-17,8.43,10.0636,11.2493
"3438",18,2007-01-18,8.44,10.0587,11.2431
"3439",19,2007-01-19,8.79,10.0542,11.2344
"3440",20,2007-01-20,8.64,10.05,11.2223
"3441",21,2007-01-21,9.23,10.0465,11.2106
"3442",22,2007-01-22,8.96,10.0434,11.1993
"3443",23,2007-01-23,9.09,10.0405,11.1898
"3444",24,2007-01-24,8.92,10.0378,11.1808
"3445",25,2007-01-25,8.72,10.0354,11.1784
"3446",26,2007-01-26,8.89,10.0335,11.1765
"3447",27,2007-01-27,9.08,10.0324,11.1762
"3448",28,2007-01-28,9.05,10.0318,11.1764
"3449",29,2007-01-29,9.05,10.031,11.1771
"3450",30,2007-01-30,9.28,10.0301,11.1782
"3451",31,2007-01-31,9.26,10.0292,11.1797
"3452",32,2007-02-01,9.23,10.0282,11.1816
"3453",33,2007-02-02,9.1,10.027,11.1827
"3454",34,2007-02-03,8.85,10.0256,11.1833
"3455",35,2007-02-04,8.83,10.0237,11.1838
"3456",36,2007-02-05,8.93,10.0213,11.1832
"3457",37,2007-02-06,8.98,10.0181,11.1822
"3458",38,2007-02-07,9.16,10.014,11.1787
"3459",39,2007-02-08,9.15,10.0092,11.173
"3460",40,2007-02-09,9.22,10.0042,11.1668
"3461",41,2007-02-10,9.37,9.999,11.1611
"3462",42,2007-02-11,9.46,9.9935,11.1543
"3463",43,2007-02-12,9.55,9.9878,11.1466
"3464",44,2007-02-13,9.57,9.9818,11.1374
"3465",45,2007-02-14,9.61,9.9756,11.1264
"3466",46,2007-02-15,9.67,9.9693,11.1156
"3467",47,2007-02-16,9.76,9.963,11.1047
"3468",48,2007-02-17,9.77,9.9568,11.0949
"3469",49,2007-02-18,9.84,9.9509,11.087
"3470",50,2007-02-19,9.87,9.9455,11.0823
"3471",51,2007-02-20,9.9,9.9405,11.0812
"3472",52,2007-02-21,9.9,9.936,11.0801
"3473",53,2007-02-22,9.83,9.9322,11.0792
"3474",54,2007-02-23,9.77,9.9291,11.0784
"3475",55,2007-02-24,9.72,9.9268,11.0777
"3476",56,2007-02-25,9.71,9.9251,11.0789
"3477",57,2007-02-26,9.63,9.9244,11.0825
"3478",58,2007-02-27,9.42,9.9245,11.086
"3479",59,2007-02-28,9.32,9.9257,11.091
"3480",61,2007-03-01,9.25,9.9316,11.1015
"3481",62,2007-03-02,9.16,9.9358,11.1067
"3482",63,2007-03-03,9.25,9.9407,11.1125
"3483",64,2007-03-04,9.47,9.9461,11.1191
"3484",65,2007-03-05,9.83,9.9522,11.1267
"3485",66,2007-03-06,10.04,9.9588,11.1325
"3486",67,2007-03-07,10.13,9.9658,11.1358
"3487",68,2007-03-08,10.27,9.9736,11.1392
"3488",69,2007-03-09,10.21,9.9818,11.1425
"3489",70,2007-03-10,10.22,9.99,11.1462
"3490",71,2007-03-11,10.34,9.9981,11.1495
"3491",72,2007-03-12,10.44,10.006,11.1518
"3492",73,2007-03-13,10.29,10.0136,11.1536
"3493",74,2007-03-14,10.26,10.0207,11.1551
"3494",75,2007-03-15,10.11,10.0274,11.1565
"3495",76,2007-03-16,10.14,10.0336,11.1558
"3496",77,2007-03-17,10.18,10.0396,11.1545
"3497",78,2007-03-18,10.49,10.046,11.1532
"3498",79,2007-03-19,10.67,10.0524,11.1504
"3499",80,2007-03-20,10.57,10.0592,11.1473
"3500",81,2007-03-21,10.36,10.0665,11.1435
"3501",82,2007-03-22,10.42,10.0743,11.1404
"3502",83,2007-03-23,10.37,10.0826,11.1375
"3503",84,2007-03-24,10.31,10.0918,11.1357
"3504",85,2007-03-25,10.49,10.1019,11.1342
"3505",86,2007-03-26,10.58,10.1126,11.1325
"3506",87,2007-03-27,10.52,10.1239,11.1301
"3507",88,2007-03-28,10.04,10.1357,11.1271
"3508",89,2007-03-29,9.8,10.1474,11.126
"3509",90,2007-03-30,9.73,10.1592,11.1281
"3510",91,2007-03-31,10.03,10.1711,11.1322
"3511",92,2007-04-01,10.14,10.1827,11.1385
"3512",93,2007-04-02,10.05,10.1937,11.1444
"3513",94,2007-04-03,9.75,10.2033,11.1485
"3514",95,2007-04-04,9.87,10.2114,11.1519
"3515",96,2007-04-05,10.11,10.2185,11.1542
"3516",97,2007-04-06,10.63,10.2254,11.1585
"3517",98,2007-04-07,11.1,10.2326,11.1668
"3518",99,2007-04-08,11.06,10.2401,11.1761
"3519",100,2007-04-09,11.03,10.2481,11.1867
"3520",101,2007-04-10,10.97,10.2563,11.1987
"3521",102,2007-04-11,11.01,10.2645,11.2113
"3522",103,2007-04-12,10.84,10.2733,11.2247
"3523",104,2007-04-13,10.64,10.2836,11.2391
"3524",105,2007-04-14,10.75,10.2961,11.2549
"3525",106,2007-04-15,10.48,10.3111,11.2714
"3526",107,2007-04-16,10.29,10.3285,11.291
"3527",108,2007-04-17,10.1,10.3477,11.3139
"3528",109,2007-04-18,10.25,10.3679,11.3373
"3529",110,2007-04-19,10.17,10.3882,11.3643
"3530",111,2007-04-20,10.1,10.4078,11.3935
"3531",112,2007-04-21,9.93,10.426,11.4255
"3532",113,2007-04-22,10.19,10.4427,11.4589
"3533",114,2007-04-23,10.63,10.4574,11.4956
"3534",115,2007-04-24,10.88,10.4708,11.5356
"3535",116,2007-04-25,11.15,10.4827,11.576
"3536",117,2007-04-26,11.3,10.4939,11.6201
"3537",118,2007-04-27,11.47,10.5046,11.6646
"3538",119,2007-04-28,11.51,10.5149,11.7129
"3539",120,2007-04-29,10.38,10.5248,11.7629
"3540",121,2007-04-30,9.25,10.5346,11.81
"3541",122,2007-05-01,9.17,10.5444,11.8551
"3542",123,2007-05-02,9.79,10.5545,11.8975
"3543",124,2007-05-03,10.38,10.5659,11.9399
"3544",125,2007-05-04,10.55,10.5793,11.9839
"3545",126,2007-05-05,10.66,10.5933,12.0276
"3546",127,2007-05-06,11.06,10.6078,12.0702
"3547",128,2007-05-07,11.22,10.6227,12.1111
"3548",129,2007-05-08,10.77,10.6372,12.1495
"3549",130,2007-05-09,9.26,10.6506,12.1849
"3550",131,2007-05-10,8.6,10.6631,12.219
"3551",132,2007-05-11,8.31,10.6754,12.2525
"3552",133,2007-05-12,8.16,10.6884,12.2885
"3553",134,2007-05-13,7.97,10.7018,12.329
"3554",135,2007-05-14,8.74,10.7145,12.3712
"3555",136,2007-05-15,8.58,10.726,12.4122
"3556",137,2007-05-16,9.35,10.737,12.453
"3557",138,2007-05-17,9.07,10.7482,12.4958
"3558",139,2007-05-18,9.11,10.7591,12.5407
"3559",140,2007-05-19,9.22,10.7704,12.5882
"3560",141,2007-05-20,9.91,10.7833,12.6387
"3561",142,2007-05-21,11.1,10.7988,12.6892
"3562",143,2007-05-22,10.99,10.8167,12.7384
"3563",144,2007-05-23,10.76,10.8368,12.7851
"3564",145,2007-05-24,10.52,10.8595,12.8304
"3565",146,2007-05-25,10.23,10.885,12.8718
"3566",147,2007-05-26,10.6,10.9131,12.9133
"3567",148,2007-05-27,9.96,10.9418,12.9516
"3568",149,2007-05-28,9.36,10.9701,12.9901
"3569",150,2007-05-29,8.91,10.9974,13.0248
"3570",151,2007-05-30,8.79,11.0233,13.0555
"3571",152,2007-05-31,8.92,11.047,13.0853
"3572",153,2007-06-01,8.72,11.067,13.1138
"3573",154,2007-06-02,8.71,11.0839,13.1419
"3574",155,2007-06-03,8.63,11.097,13.1705
"3575",156,2007-06-04,9.43,11.1061,13.1987
"3576",157,2007-06-05,10.76,11.1117,13.2266
"3577",158,2007-06-06,11.08,11.1136,13.2538
"3578",159,2007-06-07,11.79,11.1127,13.2802
"3579",160,2007-06-08,11.29,11.1102,13.3056
"3580",161,2007-06-09,10.25,11.1081,13.3331
"3581",162,2007-06-10,10.67,11.1065,13.3616
"3582",163,2007-06-11,10.87,11.1059,13.3895
"3583",164,2007-06-12,11.12,11.1054,13.4178
"3584",165,2007-06-13,12.29,11.1043,13.4407
"3585",166,2007-06-14,12.29,11.1026,13.4616
"3586",167,2007-06-15,12.2,11.0995,13.4802
"3587",168,2007-06-16,11.13,11.0939,13.4984
"3588",169,2007-06-17,10.04,11.0858,13.5135
"3589",170,2007-06-18,9.52,11.076,13.5263
"3590",171,2007-06-19,8.94,11.0635,13.5378
"3591",172,2007-06-20,9.2,11.046,13.5396
"3592",173,2007-06-21,10.32,11.0228,13.5298
"3593",174,2007-06-22,11.25,10.9936,13.5043
"3594",175,2007-06-23,11.96,10.9611,13.4781
"3595",176,2007-06-24,13.4,10.9254,13.4507
"3596",177,2007-06-25,13.83,10.8856,13.4231
"3597",178,2007-06-26,13.99,10.8429,13.414
"3598",179,2007-06-27,12.82,10.7991,13.4134
"3599",180,2007-06-28,11.23,10.7552,13.4025
"3600",181,2007-06-29,13.69,10.7105,13.3878
"3601",182,2007-06-30,14.18,10.6662,13.3735
"3602",183,2007-07-01,14.49,10.6236,13.3663
"3603",184,2007-07-02,15.78,10.5836,13.3631
"3604",185,2007-07-03,16.14,10.5456,13.3571
"3605",186,2007-07-04,15.54,10.5077,13.335
"3606",187,2007-07-05,12.34,10.4704,13.2992
"3607",188,2007-07-06,9.21,10.4355,13.2602
"3608",189,2007-07-07,8.28,10.4026,13.2127
"3609",190,2007-07-08,8.49,10.3696,13.1664
"3610",191,2007-07-09,8.47,10.3359,13.1183
"3611",192,2007-07-10,8.39,10.3,13.0609
"3612",193,2007-07-11,8.83,10.2615,12.984
"3613",194,2007-07-12,9.8,10.2197,12.8985
"3614",195,2007-07-13,12.02,10.1754,12.8093
"3615",196,2007-07-14,12.46,10.1302,12.7209
"3616",197,2007-07-15,13.89,10.0854,12.6326
"3617",198,2007-07-16,14.48,10.042,12.5452
"3618",199,2007-07-17,14.4,10.0004,12.4567
"3619",200,2007-07-18,15.03,9.9617,12.37
"3620",201,2007-07-19,15.63,9.9257,12.2816
"3621",202,2007-07-20,16.61,9.8933,12.1945
"3622",203,2007-07-21,16.94,9.8668,12.1186
"3623",204,2007-07-22,16.82,9.8465,12.0565
"3624",205,2007-07-23,16.57,9.8334,12.0225
"3625",206,2007-07-24,16.07,9.8252,11.9939
"3626",207,2007-07-25,14.93,9.8209,11.9747
"3627",208,2007-07-26,11.63,9.8204,11.9585
"3628",209,2007-07-27,12.02,9.8228,11.9284
"3629",210,2007-07-28,12.33,9.8265,11.8936
"3630",211,2007-07-29,12.52,9.8306,11.8635
"3631",212,2007-07-30,9.84,9.8364,11.8341
"3632",213,2007-07-31,9.45,9.8428,11.8047
"3633",214,2007-08-01,8.76,9.8505,11.7705
"3634",215,2007-08-02,8.36,9.8595,11.74
"3635",216,2007-08-03,8.3,9.8698,11.7185
"3636",217,2007-08-04,8.88,9.8837,11.7086
"3637",218,2007-08-05,8.91,9.9008,11.7205
"3638",219,2007-08-06,8.98,9.9215,11.7383
"3639",220,2007-08-07,9.93,9.9463,11.7741
"3640",221,2007-08-08,10.28,9.976,11.821
"3641",222,2007-08-09,10.41,10.0101,11.8744
"3642",223,2007-08-10,9.9,10.0494,11.9415
"3643",224,2007-08-11,9.85,10.0934,12.0277
"3644",225,2007-08-12,9.86,10.1417,12.1178
"3645",226,2007-08-13,9.99,10.1924,12.2086
"3646",227,2007-08-14,10.84,10.2448,12.2992
"3647",228,2007-08-15,11.11,10.2987,12.3911
"3648",229,2007-08-16,11.98,10.3539,12.4844
"3649",230,2007-08-17,13.62,10.4092,12.581
"3650",231,2007-08-18,15.28,10.4626,12.6733
"3651",232,2007-08-19,16.15,10.5141,12.7636
"3652",233,2007-08-20,16.28,10.563,12.8508
"3653",234,2007-08-21,16.2,10.6078,12.9313
"3654",235,2007-08-22,16.15,10.6486,13.0067
"3655",236,2007-08-23,15.37,10.6854,13.0688
"3656",237,2007-08-24,12.27,10.7191,13.1258
"3657",238,2007-08-25,8.94,10.7494,13.1709
"3658",239,2007-08-26,10.25,10.7763,13.2129
"3659",240,2007-08-27,10.19,10.8002,13.2522
"3660",241,2007-08-28,9.44,10.8222,13.2872
"3661",242,2007-08-29,9.49,10.844,13.3258
"3662",243,2007-08-30,9.74,10.866,13.3667
"3663",244,2007-08-31,9.42,10.8889,13.4105
"3664",245,2007-09-01,9.61,10.9122,13.4556
"3665",246,2007-09-02,10,10.936,13.4997
"3666",247,2007-09-03,11.26,10.96,13.5405
"3667",248,2007-09-04,13.11,10.9841,13.5856
"3668",249,2007-09-05,12.4,11.0079,13.6205
"3669",250,2007-09-06,10.44,11.0301,13.6507
"3670",251,2007-09-07,9.21,11.0498,13.6683
"3671",252,2007-09-08,8.92,11.0661,13.6727
"3672",253,2007-09-09,8.76,11.079,13.6738
"3673",254,2007-09-10,8.6,11.0884,13.6724
"3674",255,2007-09-11,9.35,11.0953,13.6711
"3675",256,2007-09-12,10.21,11.101,13.6722
"3676",257,2007-09-13,10.48,11.1063,13.6729
"3677",258,2007-09-14,10.66,11.1102,13.6724
"3678",259,2007-09-15,10.2,11.1122,13.6712
"3679",260,2007-09-16,10.39,11.113,13.6724
"3680",261,2007-09-17,11.05,11.1139,13.6728
"3681",262,2007-09-18,10.77,11.1162,13.6758
"3682",263,2007-09-19,10.37,11.1202,13.68
"3683",264,2007-09-20,9.79,11.1261,13.6828
"3684",265,2007-09-21,9.21,11.1347,13.6823
"3685",266,2007-09-22,9.21,11.1454,13.6812
"3686",267,2007-09-23,9,11.158,13.6781
"3687",268,2007-09-24,9.21,11.1717,13.6731
"3688",269,2007-09-25,9.29,11.1876,13.6699
"3689",270,2007-09-26,9.12,11.2065,13.6687
"3690",271,2007-09-27,8.79,11.2269,13.6649
"3691",272,2007-09-28,8.83,11.248,13.6589
"3692",273,2007-09-29,9.31,11.2688,13.6519
"3693",274,2007-09-30,9.52,11.2888,13.6449
"3694",275,2007-10-01,9.86,11.3079,13.6349
"3695",276,2007-10-02,10.15,11.3253,13.6226
"3696",277,2007-10-03,10.36,11.3414,13.6053
"3697",278,2007-10-04,10.56,11.3562,13.5843
"3698",279,2007-10-05,10.6,11.3699,13.5618
"3699",280,2007-10-06,10.57,11.3826,13.5395
"3700",281,2007-10-07,10.64,11.3937,13.519
"3701",282,2007-10-08,10.79,11.4049,13.5023
"3702",283,2007-10-09,10.84,11.4173,13.4882
"3703",284,2007-10-10,11.13,11.431,13.4733
"3704",285,2007-10-11,11.38,11.4458,13.4525
"3705",286,2007-10-12,11.62,11.4602,13.4299
"3706",287,2007-10-13,11.84,11.4743,13.4095
"3707",288,2007-10-14,11.85,11.4875,13.3892
"3708",289,2007-10-15,11.83,11.5007,13.3693
"3709",290,2007-10-16,11.86,11.5141,13.3479
"3710",291,2007-10-17,11.9,11.5271,13.3218
"3711",292,2007-10-18,12.03,11.5392,13.2926
"3712",293,2007-10-19,12.16,11.5496,13.2597
"3713",294,2007-10-20,12.28,11.5576,13.2241
"3714",295,2007-10-21,12.17,11.564,13.1884
"3715",296,2007-10-22,12.16,11.5691,13.156
"3716",297,2007-10-23,12.16,11.5738,13.1249
"3717",298,2007-10-24,12.3,11.5779,13.0959
"3718",299,2007-10-25,12.05,11.5815,13.0693
"3719",300,2007-10-26,11.12,11.5842,13.0426
"3720",301,2007-10-27,9.78,11.5858,13.0155
"3721",302,2007-10-28,11.08,11.5873,12.9897
"3722",303,2007-10-29,11.36,11.5889,12.9682
"3723",304,2007-10-30,10.61,11.5912,12.9492
"3724",305,2007-10-31,9.92,11.594,12.934
"3725",306,2007-11-01,9.79,11.5966,12.9185
"3726",307,2007-11-02,9.6,11.5985,12.8996
"3727",308,2007-11-03,9.25,11.5996,12.8798
"3728",309,2007-11-04,9.27,11.5998,12.8584
"3729",310,2007-11-05,8.99,11.599,12.8356
"3730",311,2007-11-06,8.88,11.5978,12.8127
"3731",312,2007-11-07,8.89,11.5959,12.7879
"3732",313,2007-11-08,8.98,11.5925,12.7609
"3733",314,2007-11-09,9.67,11.5871,12.7318
"3734",315,2007-11-10,10.37,11.5797,12.7034
"3735",316,2007-11-11,10.54,11.5702,12.6775
"3736",317,2007-11-12,10.5,11.5592,12.6525
"3737",318,2007-11-13,10.64,11.5467,12.6267
"3738",319,2007-11-14,10.62,11.533,12.5974
"3739",320,2007-11-15,10.65,11.5179,12.5654
"3740",321,2007-11-16,10.77,11.5015,12.5325
"3741",322,2007-11-17,10.74,11.4832,12.5007
"3742",323,2007-11-18,10.56,11.4632,12.4704
"3743",324,2007-11-19,10.38,11.442,12.4436
"3744",325,2007-11-20,10.19,11.4196,12.4185
"3745",326,2007-11-21,10.17,11.3959,12.3943
"3746",327,2007-11-22,10.11,11.3708,12.3692
"3747",328,2007-11-23,9.87,11.3437,12.342
"3748",329,2007-11-24,9.65,11.3147,12.313
"3749",330,2007-11-25,9.56,11.2842,12.2834
"3750",331,2007-11-26,9.51,11.2522,12.253
"3751",332,2007-11-27,9.38,11.2182,12.2205
"3752",333,2007-11-28,9.55,11.1823,12.1866
"3753",334,2007-11-29,9.48,11.1446,12.1496
"3754",335,2007-11-30,9.37,11.1053,12.1111
"3755",336,2007-12-01,9.31,11.0649,12.0705
"3756",337,2007-12-02,9.11,11.0236,12.0305
"3757",338,2007-12-03,9.63,10.9819,11.9922
"3758",339,2007-12-04,10.12,10.9403,11.9533
"3759",340,2007-12-05,10.04,10.8989,11.9177
"3760",341,2007-12-06,10.12,10.8577,11.8842
"3761",342,2007-12-07,10,10.817,11.8526
"3762",343,2007-12-08,9.82,10.7774,11.824
"3763",344,2007-12-09,9.65,10.7392,11.7977
"3764",345,2007-12-10,9.42,10.7025,11.7739
"3765",346,2007-12-11,9.31,10.6674,11.7511
"3766",347,2007-12-12,9.24,10.6335,11.7296
"3767",348,2007-12-13,9.11,10.601,11.7085
"3768",349,2007-12-14,9.13,10.5699,11.6877
"3769",350,2007-12-15,8.97,10.5403,11.671
"3770",351,2007-12-16,9.06,10.5123,11.6578
"3771",352,2007-12-17,9.03,10.4858,11.6463
"3772",353,2007-12-18,9.24,10.4607,11.6355
"3773",354,2007-12-19,9.12,10.437,11.6249
"3774",355,2007-12-20,8.98,10.4142,11.6146
"3775",356,2007-12-21,9.03,10.3925,11.6047
"3776",357,2007-12-22,8.67,10.3716,11.5947
"3777",358,2007-12-23,8.88,10.3516,11.5836
"3778",359,2007-12-24,8.8,10.333,11.5735
"3779",360,2007-12-25,8.8,10.3153,11.5574
"3780",361,2007-12-26,8.61,10.2978,11.5405
"3781",362,2007-12-27,8.96,10.2806,11.5227
"3782",363,2007-12-28,8.47,10.2639,11.5042
"3783",364,2007-12-29,8.56,10.2479,11.4846
"3784",365,2007-12-30,8.49,10.2326,11.4656
"3785",366,2007-12-31,8.62,10.2178,11.447
"3786",1,2008-01-01,8.43,10.2036,11.4263
"3787",2,2008-01-02,8.27,10.1901,11.4062
"3788",3,2008-01-03,8.57,10.1775,11.3869
"3789",4,2008-01-04,8.8,10.1652,11.3691
"3790",5,2008-01-05,8.76,10.1538,11.3525
"3791",6,2008-01-06,8.72,10.1433,11.337
"3792",7,2008-01-07,8.67,10.1338,11.3233
"3793",8,2008-01-08,8.42,10.125,11.3114
"3794",9,2008-01-09,8.52,10.1165,11.3009
"3795",10,2008-01-10,8.68,10.1083,11.2911
"3796",11,2008-01-11,8.75,10.1003,11.2821
"3797",12,2008-01-12,8.9,10.0931,11.2742
"3798",13,2008-01-13,8.9,10.0866,11.2682
"3799",14,2008-01-14,8.85,10.0805,11.2646
"3800",15,2008-01-15,8.64,10.0747,11.2603
"3801",16,2008-01-16,8.97,10.069,11.2553
"3802",17,2008-01-17,8.96,10.0636,11.2493
"3803",18,2008-01-18,8.82,10.0587,11.2431
"3804",19,2008-01-19,8.57,10.0542,11.2344
"3805",20,2008-01-20,8.39,10.05,11.2223
"3806",21,2008-01-21,8.79,10.0465,11.2106
"3807",22,2008-01-22,8.79,10.0434,11.1993
"3808",23,2008-01-23,8.56,10.0405,11.1898
"3809",24,2008-01-24,8.18,10.0378,11.1808
"3810",25,2008-01-25,8.1,10.0354,11.1784
"3811",26,2008-01-26,8.12,10.0335,11.1765
"3812",27,2008-01-27,8.05,10.0324,11.1762
"3813",28,2008-01-28,7.88,10.0318,11.1764
"3814",29,2008-01-29,7.76,10.031,11.1771
"3815",30,2008-01-30,7.96,10.0301,11.1782
"3816",31,2008-01-31,8.04,10.0292,11.1797
"3817",32,2008-02-01,7.93,10.0282,11.1816
"3818",33,2008-02-02,7.91,10.027,11.1827
"3819",34,2008-02-03,7.85,10.0256,11.1833
"3820",35,2008-02-04,7.95,10.0237,11.1838
"3821",36,2008-02-05,7.82,10.0213,11.1832
"3822",37,2008-02-06,7.74,10.0181,11.1822
"3823",38,2008-02-07,7.83,10.014,11.1787
"3824",39,2008-02-08,7.97,10.0092,11.173
"3825",40,2008-02-09,8.15,10.0042,11.1668
"3826",41,2008-02-10,8.27,9.999,11.1611
"3827",42,2008-02-11,8.3,9.9935,11.1543
"3828",43,2008-02-12,8.33,9.9878,11.1466
"3829",44,2008-02-13,8.32,9.9818,11.1374
"3830",45,2008-02-14,8.26,9.9756,11.1264
"3831",46,2008-02-15,8.25,9.9693,11.1156
"3832",47,2008-02-16,8.28,9.963,11.1047
"3833",48,2008-02-17,8.25,9.9568,11.0949
"3834",49,2008-02-18,8.31,9.9509,11.087
"3835",50,2008-02-19,8.31,9.9455,11.0823
"3836",51,2008-02-20,8.34,9.9405,11.0812
"3837",52,2008-02-21,8.42,9.936,11.0801
"3838",53,2008-02-22,8.42,9.9322,11.0792
"3839",54,2008-02-23,8.35,9.9291,11.0784
"3840",55,2008-02-24,8.38,9.9268,11.0777
"3841",56,2008-02-25,8.59,9.9251,11.0789
"3842",57,2008-02-26,8.59,9.9244,11.0825
"3843",58,2008-02-27,8.6,9.9245,11.086
"3844",59,2008-02-28,8.66,9.9257,11.091
"3845",60,2008-02-29,8.6,9.9281,11.0962
"3846",61,2008-03-01,8.61,9.9316,11.1015
"3847",62,2008-03-02,8.68,9.9358,11.1067
"3848",63,2008-03-03,8.59,9.9407,11.1125
"3849",64,2008-03-04,8.49,9.9461,11.1191
"3850",65,2008-03-05,8.44,9.9522,11.1267
"3851",66,2008-03-06,8.49,9.9588,11.1325
"3852",67,2008-03-07,8.57,9.9658,11.1358
"3853",68,2008-03-08,8.56,9.9736,11.1392
"3854",69,2008-03-09,8.57,9.9818,11.1425
"3855",70,2008-03-10,8.67,9.99,11.1462
"3856",71,2008-03-11,8.85,9.9981,11.1495
"3857",72,2008-03-12,8.91,10.006,11.1518
"3858",73,2008-03-13,8.91,10.0136,11.1536
"3859",74,2008-03-14,9.02,10.0207,11.1551
"3860",75,2008-03-15,9.05,10.0274,11.1565
"3861",76,2008-03-16,8.87,10.0336,11.1558
"3862",77,2008-03-17,8.74,10.0396,11.1545
"3863",78,2008-03-18,8.9,10.046,11.1532
"3864",79,2008-03-19,8.89,10.0524,11.1504
"3865",80,2008-03-20,8.92,10.0592,11.1473
"3866",81,2008-03-21,8.92,10.0665,11.1435
"3867",82,2008-03-22,9.05,10.0743,11.1404
"3868",83,2008-03-23,9.19,10.0826,11.1375
"3869",84,2008-03-24,9.04,10.0918,11.1357
"3870",85,2008-03-25,9.11,10.1019,11.1342
"3871",86,2008-03-26,9.03,10.1126,11.1325
"3872",87,2008-03-27,8.98,10.1239,11.1301
"3873",88,2008-03-28,8.98,10.1357,11.1271
"3874",89,2008-03-29,8.79,10.1474,11.126
"3875",90,2008-03-30,8.7,10.1592,11.1281
"3876",91,2008-03-31,8.87,10.1711,11.1322
"3877",92,2008-04-01,8.77,10.1827,11.1385
"3878",93,2008-04-02,8.55,10.1937,11.1444
"3879",94,2008-04-03,8.4,10.2033,11.1485
"3880",95,2008-04-04,8.47,10.2114,11.1519
"3881",96,2008-04-05,8.59,10.2185,11.1542
"3882",97,2008-04-06,8.64,10.2254,11.1585
"3883",98,2008-04-07,8.76,10.2326,11.1668
"3884",99,2008-04-08,8.92,10.2401,11.1761
"3885",100,2008-04-09,9.16,10.2481,11.1867
"3886",101,2008-04-10,9.29,10.2563,11.1987
"3887",102,2008-04-11,9.31,10.2645,11.2113
"3888",103,2008-04-12,9.43,10.2733,11.2247
"3889",104,2008-04-13,9.63,10.2836,11.2391
"3890",105,2008-04-14,9.06,10.2961,11.2549
"3891",106,2008-04-15,8.89,10.3111,11.2714
"3892",107,2008-04-16,9.09,10.3285,11.291
"3893",108,2008-04-17,9.16,10.3477,11.3139
"3894",109,2008-04-18,8.59,10.3679,11.3373
"3895",110,2008-04-19,8.22,10.3882,11.3643
"3896",111,2008-04-20,8.11,10.4078,11.3935
"3897",112,2008-04-21,8.41,10.426,11.4255
"3898",113,2008-04-22,8.51,10.4427,11.4589
"3899",114,2008-04-23,8.61,10.4574,11.4956
"3900",115,2008-04-24,8.64,10.4708,11.5356
"3901",116,2008-04-25,9.02,10.4827,11.576
"3902",117,2008-04-26,9.15,10.4939,11.6201
"3903",118,2008-04-27,9.1,10.5046,11.6646
"3904",119,2008-04-28,9.61,10.5149,11.7129
"3905",120,2008-04-29,9.76,10.5248,11.7629
"3906",121,2008-04-30,9.77,10.5346,11.81
"3907",122,2008-05-01,9.72,10.5444,11.8551
"3908",123,2008-05-02,9.94,10.5545,11.8975
"3909",124,2008-05-03,10,10.5659,11.9399
"3910",125,2008-05-04,9.14,10.5793,11.9839
"3911",126,2008-05-05,8.55,10.5933,12.0276
"3912",127,2008-05-06,8.46,10.6078,12.0702
"3913",128,2008-05-07,8.42,10.6227,12.1111
"3914",129,2008-05-08,8.23,10.6372,12.1495
"3915",130,2008-05-09,8.5,10.6506,12.1849
"3916",131,2008-05-10,8.91,10.6631,12.219
"3917",132,2008-05-11,9.21,10.6754,12.2525
"3918",133,2008-05-12,9.03,10.6884,12.2885
"3919",134,2008-05-13,9.3,10.7018,12.329
"3920",135,2008-05-14,10.08,10.7145,12.3712
"3921",136,2008-05-15,9.97,10.726,12.4122
"3922",137,2008-05-16,8.84,10.737,12.453
"3923",138,2008-05-17,9.09,10.7482,12.4958
"3924",139,2008-05-18,10.18,10.7591,12.5407
"3925",140,2008-05-19,10.38,10.7704,12.5882
"3926",141,2008-05-20,10.93,10.7833,12.6387
"3927",142,2008-05-21,10.93,10.7988,12.6892
"3928",143,2008-05-22,9.58,10.8167,12.7384
"3929",144,2008-05-23,8.62,10.8368,12.7851
"3930",145,2008-05-24,8.17,10.8595,12.8304
"3931",146,2008-05-25,8.91,10.885,12.8718
"3932",147,2008-05-26,8.78,10.9131,12.9133
"3933",148,2008-05-27,8.78,10.9418,12.9516
"3934",149,2008-05-28,8.8,10.9701,12.9901
"3935",150,2008-05-29,8.85,10.9974,13.0248
"3936",151,2008-05-30,9.67,11.0233,13.0555
"3937",152,2008-05-31,9.4,11.047,13.0853
"3938",153,2008-06-01,9.51,11.067,13.1138
"3939",154,2008-06-02,9.69,11.0839,13.1419
"3940",155,2008-06-03,10.51,11.097,13.1705
"3941",156,2008-06-04,11.4,11.1061,13.1987
"3942",157,2008-06-05,11.25,11.1117,13.2266
"3943",158,2008-06-06,11.84,11.1136,13.2538
"3944",159,2008-06-07,11.19,11.1127,13.2802
"3945",160,2008-06-08,10.76,11.1102,13.3056
"3946",161,2008-06-09,11.2,11.1081,13.3331
"3947",162,2008-06-10,11.17,11.1065,13.3616
"3948",163,2008-06-11,10.09,11.1059,13.3895
"3949",164,2008-06-12,9.86,11.1054,13.4178
"3950",165,2008-06-13,9.44,11.1043,13.4407
"3951",166,2008-06-14,7.9,11.1026,13.4616
"3952",167,2008-06-15,7.71,11.0995,13.4802
"3953",168,2008-06-16,7.53,11.0939,13.4984
"3954",169,2008-06-17,7.99,11.0858,13.5135
"3955",170,2008-06-18,8.35,11.076,13.5263
"3956",171,2008-06-19,9.07,11.0635,13.5378
"3957",172,2008-06-20,9.56,11.046,13.5396
"3958",173,2008-06-21,9.78,11.0228,13.5298
"3959",174,2008-06-22,10.35,10.9936,13.5043
"3960",175,2008-06-23,9.12,10.9611,13.4781
"3961",176,2008-06-24,8.97,10.9254,13.4507
"3962",177,2008-06-25,8.62,10.8856,13.4231
"3963",178,2008-06-26,8.15,10.8429,13.414
"3964",179,2008-06-27,8.55,10.7991,13.4134
"3965",180,2008-06-28,8.13,10.7552,13.4025
"3966",181,2008-06-29,8.78,10.7105,13.3878
"3967",182,2008-06-30,9.38,10.6662,13.3735
"3968",183,2008-07-01,10.23,10.6236,13.3663
"3969",184,2008-07-02,11.07,10.5836,13.3631
"3970",185,2008-07-03,12.27,10.5456,13.3571
"3971",186,2008-07-04,13.41,10.5077,13.335
"3972",187,2008-07-05,14.1,10.4704,13.2992
"3973",188,2008-07-06,14.12,10.4355,13.2602
"3974",189,2008-07-07,11.42,10.4026,13.2127
"3975",190,2008-07-08,8.55,10.3696,13.1664
"3976",191,2008-07-09,8.18,10.3359,13.1183
"3977",192,2008-07-10,8.16,10.3,13.0609
"3978",193,2008-07-11,8.03,10.2615,12.984
"3979",194,2008-07-12,8,10.2197,12.8985
"3980",195,2008-07-13,7.87,10.1754,12.8093
"3981",196,2008-07-14,7.67,10.1302,12.7209
"3982",197,2008-07-15,7.51,10.0854,12.6326
"3983",198,2008-07-16,8.03,10.042,12.5452
"3984",199,2008-07-17,8.15,10.0004,12.4567
"3985",200,2008-07-18,8.09,9.9617,12.37
"3986",201,2008-07-19,8.39,9.9257,12.2816
"3987",202,2008-07-20,8.43,9.8933,12.1945
"3988",203,2008-07-21,8.2,9.8668,12.1186
"3989",204,2008-07-22,8.47,9.8465,12.0565
"3990",205,2008-07-23,8.9,9.8334,12.0225
"3991",206,2008-07-24,8.89,9.8252,11.9939
"3992",207,2008-07-25,8.8,9.8209,11.9747
"3993",208,2008-07-26,9.45,9.8204,11.9585
"3994",209,2008-07-27,9.52,9.8228,11.9284
"3995",210,2008-07-28,9.14,9.8265,11.8936
"3996",211,2008-07-29,9.54,9.8306,11.8635
"3997",212,2008-07-30,10.1,9.8364,11.8341
"3998",213,2008-07-31,10.42,9.8428,11.8047
"3999",214,2008-08-01,10.57,9.8505,11.7705
"4000",215,2008-08-02,11.72,9.8595,11.74
"4001",216,2008-08-03,10.53,9.8698,11.7185
"4002",217,2008-08-04,8.93,9.8837,11.7086
"4003",218,2008-08-05,8.55,9.9008,11.7205
"4004",219,2008-08-06,8.91,9.9215,11.7383
"4005",220,2008-08-07,9.16,9.9463,11.7741
"4006",221,2008-08-08,9.62,9.976,11.821
"4007",222,2008-08-09,10.29,10.0101,11.8744
"4008",223,2008-08-10,10.74,10.0494,11.9415
"4009",224,2008-08-11,11.67,10.0934,12.0277
"4010",225,2008-08-12,11.69,10.1417,12.1178
"4011",226,2008-08-13,11.08,10.1924,12.2086
"4012",227,2008-08-14,10.19,10.2448,12.2992
"4013",228,2008-08-15,9.24,10.2987,12.3911
"4014",229,2008-08-16,8.69,10.3539,12.4844
"4015",230,2008-08-17,9.18,10.4092,12.581
"4016",231,2008-08-18,10.21,10.4626,12.6733
"4017",232,2008-08-19,11.39,10.5141,12.7636
"4018",233,2008-08-20,11.97,10.563,12.8508
"4019",234,2008-08-21,12.15,10.6078,12.9313
"4020",235,2008-08-22,12.89,10.6486,13.0067
"4021",236,2008-08-23,13.3,10.6854,13.0688
"4022",237,2008-08-24,13.2,10.7191,13.1258
"4023",238,2008-08-25,14.01,10.7494,13.1709
"4024",239,2008-08-26,14.3,10.7763,13.2129
"4025",240,2008-08-27,13.99,10.8002,13.2522
"4026",241,2008-08-28,14.08,10.8222,13.2872
"4027",242,2008-08-29,13.55,10.844,13.3258
"4028",243,2008-08-30,12.13,10.866,13.3667
"4029",244,2008-08-31,11.21,10.8889,13.4105
"4030",245,2008-09-01,11.74,10.9122,13.4556
"4031",246,2008-09-02,11.57,10.936,13.4997
"4032",247,2008-09-03,10.87,10.96,13.5405
"4033",248,2008-09-04,9.77,10.9841,13.5856
"4034",249,2008-09-05,9.09,11.0079,13.6205
"4035",250,2008-09-06,8.62,11.0301,13.6507
"4036",251,2008-09-07,8.43,11.0498,13.6683
"4037",252,2008-09-08,8.22,11.0661,13.6727
"4038",253,2008-09-09,8.68,11.079,13.6738
"4039",254,2008-09-10,8.58,11.0884,13.6724
"4040",255,2008-09-11,8.4,11.0953,13.6711
"4041",256,2008-09-12,8.66,11.101,13.6722
"4042",257,2008-09-13,8.32,11.1063,13.6729
"4043",258,2008-09-14,8.26,11.1102,13.6724
"4044",259,2008-09-15,8.67,11.1122,13.6712
"4045",260,2008-09-16,9.7,11.113,13.6724
"4046",261,2008-09-17,9.7,11.1139,13.6728
"4047",262,2008-09-18,9.94,11.1162,13.6758
"4048",263,2008-09-19,10.06,11.1202,13.68
"4049",264,2008-09-20,10.12,11.1261,13.6828
"4050",265,2008-09-21,10.99,11.1347,13.6823
"4051",266,2008-09-22,10.67,11.1454,13.6812
"4052",267,2008-09-23,10.63,11.158,13.6781
"4053",268,2008-09-24,10.61,11.1717,13.6731
"4054",269,2008-09-25,10.55,11.1876,13.6699
"4055",270,2008-09-26,10.91,11.2065,13.6687
"4056",271,2008-09-27,11.01,11.2269,13.6649
"4057",272,2008-09-28,10.85,11.248,13.6589
"4058",273,2008-09-29,10.83,11.2688,13.6519
"4059",274,2008-09-30,11.34,11.2888,13.6449
"4060",275,2008-10-01,11.57,11.3079,13.6349
"4061",276,2008-10-02,11.7,11.3253,13.6226
"4062",277,2008-10-03,11.99,11.3414,13.6053
"4063",278,2008-10-04,12.17,11.3562,13.5843
"4064",279,2008-10-05,12.41,11.3699,13.5618
"4065",280,2008-10-06,12.62,11.3826,13.5395
"4066",281,2008-10-07,12.85,11.3937,13.519
"4067",282,2008-10-08,12.81,11.4049,13.5023
"4068",283,2008-10-09,12.61,11.4173,13.4882
"4069",284,2008-10-10,12.1,11.431,13.4733
"4070",285,2008-10-11,11.94,11.4458,13.4525
"4071",286,2008-10-12,11.86,11.4602,13.4299
"4072",287,2008-10-13,12.08,11.4743,13.4095
"4073",288,2008-10-14,11.97,11.4875,13.3892
"4074",289,2008-10-15,11.34,11.5007,13.3693
"4075",290,2008-10-16,11.31,11.5141,13.3479
"4076",291,2008-10-17,11.71,11.5271,13.3218
"4077",292,2008-10-18,11.65,11.5392,13.2926
"4078",293,2008-10-19,10.19,11.5496,13.2597
"4079",294,2008-10-20,10.16,11.5576,13.2241
"4080",295,2008-10-21,10.98,11.564,13.1884
"4081",296,2008-10-22,10.93,11.5691,13.156
"4082",297,2008-10-23,10.96,11.5738,13.1249
"4083",298,2008-10-24,10.15,11.5779,13.0959
"4084",299,2008-10-25,9.72,11.5815,13.0693
"4085",300,2008-10-26,9.32,11.5842,13.0426
"4086",301,2008-10-27,9.32,11.5858,13.0155
"4087",302,2008-10-28,9.95,11.5873,12.9897
"4088",303,2008-10-29,10.41,11.5889,12.9682
"4089",304,2008-10-30,10.37,11.5912,12.9492
"4090",305,2008-10-31,10.42,11.594,12.934
"4091",306,2008-11-01,10.74,11.5966,12.9185
"4092",307,2008-11-02,11.23,11.5985,12.8996
"4093",308,2008-11-03,11.46,11.5996,12.8798
"4094",309,2008-11-04,11.05,11.5998,12.8584
"4095",310,2008-11-05,11.08,11.599,12.8356
"4096",311,2008-11-06,11.25,11.5978,12.8127
"4097",312,2008-11-07,11.42,11.5959,12.7879
"4098",313,2008-11-08,11.65,11.5925,12.7609
"4099",314,2008-11-09,12.26,11.5871,12.7318
"4100",315,2008-11-10,12.46,11.5797,12.7034
"4101",316,2008-11-11,12.45,11.5702,12.6775
"4102",317,2008-11-12,12.68,11.5592,12.6525
"4103",318,2008-11-13,12.74,11.5467,12.6267
"4104",319,2008-11-14,12.59,11.533,12.5974
"4105",320,2008-11-15,12.59,11.5179,12.5654
"4106",321,2008-11-16,12.54,11.5015,12.5325
"4107",322,2008-11-17,12.46,11.4832,12.5007
"4108",323,2008-11-18,12.46,11.4632,12.4704
"4109",324,2008-11-19,12.43,11.442,12.4436
"4110",325,2008-11-20,12.29,11.4196,12.4185
"4111",326,2008-11-21,12.13,11.3959,12.3943
"4112",327,2008-11-22,12.09,11.3708,12.3692
"4113",328,2008-11-23,11.93,11.3437,12.342
"4114",329,2008-11-24,11.79,11.3147,12.313
"4115",330,2008-11-25,11.77,11.2842,12.2834
"4116",331,2008-11-26,11.68,11.2522,12.253
"4117",332,2008-11-27,11.73,11.2182,12.2205
"4118",333,2008-11-28,11.67,11.1823,12.1866
"4119",334,2008-11-29,11.71,11.1446,12.1496
"4120",335,2008-11-30,11.74,11.1053,12.1111
"4121",336,2008-12-01,11.71,11.0649,12.0705
"4122",337,2008-12-02,11.66,11.0236,12.0305
"4123",338,2008-12-03,11.66,10.9819,11.9922
"4124",339,2008-12-04,11.58,10.9403,11.9533
"4125",340,2008-12-05,11.43,10.8989,11.9177
"4126",341,2008-12-06,11.37,10.8577,11.8842
"4127",342,2008-12-07,11.35,10.817,11.8526
"4128",343,2008-12-08,11.25,10.7774,11.824
"4129",344,2008-12-09,11.22,10.7392,11.7977
"4130",345,2008-12-10,11.19,10.7025,11.7739
"4131",346,2008-12-11,11.3,10.6674,11.7511
"4132",347,2008-12-12,10.92,10.6335,11.7296
"4133",348,2008-12-13,10.57,10.601,11.7085
"4134",349,2008-12-14,10.18,10.5699,11.6877
"4135",350,2008-12-15,9.81,10.5403,11.671
"4136",351,2008-12-16,9.4,10.5123,11.6578
"4137",352,2008-12-17,9.27,10.4858,11.6463
"4138",353,2008-12-18,9.04,10.4607,11.6355
"4139",354,2008-12-19,8.77,10.437,11.6249
"4140",355,2008-12-20,8.88,10.4142,11.6146
"4141",356,2008-12-21,9.12,10.3925,11.6047
"4142",357,2008-12-22,8.96,10.3716,11.5947
"4143",358,2008-12-23,9,10.3516,11.5836
"4144",359,2008-12-24,8.89,10.333,11.5735
"4145",360,2008-12-25,8.64,10.3153,11.5574
"4146",361,2008-12-26,8.75,10.2978,11.5405
"4147",362,2008-12-27,9.1,10.2806,11.5227
"4148",363,2008-12-28,9.27,10.2639,11.5042
"4149",364,2008-12-29,9.14,10.2479,11.4846
"4150",365,2008-12-30,8.99,10.2326,11.4656
"4151",366,2008-12-31,8.88,10.2178,11.447
"4152",1,2009-01-01,8.91,10.2036,11.4263
"4153",2,2009-01-02,9.11,10.1901,11.4062
"4154",3,2009-01-03,9.08,10.1775,11.3869
"4155",4,2009-01-04,8.92,10.1652,11.3691
"4156",5,2009-01-05,8.93,10.1538,11.3525
"4157",6,2009-01-06,9.23,10.1433,11.337
"4158",7,2009-01-07,9.31,10.1338,11.3233
"4159",8,2009-01-08,9.49,10.125,11.3114
"4160",9,2009-01-09,9.51,10.1165,11.3009
"4161",10,2009-01-10,9.18,10.1083,11.2911
"4162",11,2009-01-11,9.15,10.1003,11.2821
"4163",12,2009-01-12,9.29,10.0931,11.2742
"4164",13,2009-01-13,9.37,10.0866,11.2682
"4165",14,2009-01-14,9.35,10.0805,11.2646
"4166",15,2009-01-15,9.21,10.0747,11.2603
"4167",16,2009-01-16,9.13,10.069,11.2553
"4168",17,2009-01-17,9.08,10.0636,11.2493
"4169",18,2009-01-18,9.16,10.0587,11.2431
"4170",19,2009-01-19,9.03,10.0542,11.2344
"4171",20,2009-01-20,8.98,10.05,11.2223
"4172",21,2009-01-21,9,10.0465,11.2106
"4173",22,2009-01-22,9.01,10.0434,11.1993
"4174",23,2009-01-23,9.04,10.0405,11.1898
"4175",24,2009-01-24,9.13,10.0378,11.1808
"4176",25,2009-01-25,9,10.0354,11.1784
"4177",26,2009-01-26,8.97,10.0335,11.1765
"4178",27,2009-01-27,8.76,10.0324,11.1762
"4179",28,2009-01-28,8.62,10.0318,11.1764
"4180",29,2009-01-29,8.67,10.031,11.1771
"4181",30,2009-01-30,8.68,10.0301,11.1782
"4182",31,2009-01-31,8.73,10.0292,11.1797
"4183",32,2009-02-01,8.68,10.0282,11.1816
"4184",33,2009-02-02,8.69,10.027,11.1827
"4185",34,2009-02-03,8.72,10.0256,11.1833
"4186",35,2009-02-04,8.7,10.0237,11.1838
"4187",36,2009-02-05,8.73,10.0213,11.1832
"4188",37,2009-02-06,8.71,10.0181,11.1822
"4189",38,2009-02-07,8.89,10.014,11.1787
"4190",39,2009-02-08,8.88,10.0092,11.173
"4191",40,2009-02-09,8.65,10.0042,11.1668
"4192",41,2009-02-10,8.44,9.999,11.1611
"4193",42,2009-02-11,8.34,9.9935,11.1543
"4194",43,2009-02-12,8.36,9.9878,11.1466
"4195",44,2009-02-13,8.34,9.9818,11.1374
"4196",45,2009-02-14,8.36,9.9756,11.1264
"4197",46,2009-02-15,8.44,9.9693,11.1156
"4198",47,2009-02-16,8.52,9.963,11.1047
"4199",48,2009-02-17,8.57,9.9568,11.0949
"4200",49,2009-02-18,8.61,9.9509,11.087
"4201",50,2009-02-19,8.67,9.9455,11.0823
"4202",51,2009-02-20,8.63,9.9405,11.0812
"4203",52,2009-02-21,8.76,9.936,11.0801
"4204",53,2009-02-22,8.75,9.9322,11.0792
"4205",54,2009-02-23,8.89,9.9291,11.0784
"4206",55,2009-02-24,9.13,9.9268,11.0777
"4207",56,2009-02-25,9.18,9.9251,11.0789
"4208",57,2009-02-26,9.01,9.9244,11.0825
"4209",58,2009-02-27,8.97,9.9245,11.086
"4210",59,2009-02-28,8.89,9.9257,11.091
"4211",61,2009-03-01,9.02,9.9316,11.1015
"4212",62,2009-03-02,9.24,9.9358,11.1067
"4213",63,2009-03-03,9.46,9.9407,11.1125
"4214",64,2009-03-04,9.49,9.9461,11.1191
"4215",65,2009-03-05,9.54,9.9522,11.1267
"4216",66,2009-03-06,9.43,9.9588,11.1325
"4217",67,2009-03-07,9.58,9.9658,11.1358
"4218",68,2009-03-08,9.33,9.9736,11.1392
"4219",69,2009-03-09,9.27,9.9818,11.1425
"4220",70,2009-03-10,8.98,9.99,11.1462
"4221",71,2009-03-11,9.02,9.9981,11.1495
"4222",72,2009-03-12,9.17,10.006,11.1518
"4223",73,2009-03-13,9.21,10.0136,11.1536
"4224",74,2009-03-14,9.17,10.0207,11.1551
"4225",75,2009-03-15,9.15,10.0274,11.1565
"4226",76,2009-03-16,9.24,10.0336,11.1558
"4227",77,2009-03-17,9.37,10.0396,11.1545
"4228",78,2009-03-18,9.52,10.046,11.1532
"4229",79,2009-03-19,9.75,10.0524,11.1504
"4230",80,2009-03-20,9.8,10.0592,11.1473
"4231",81,2009-03-21,9.73,10.0665,11.1435
"4232",82,2009-03-22,9.78,10.0743,11.1404
"4233",83,2009-03-23,9.49,10.0826,11.1375
"4234",84,2009-03-24,9.43,10.0918,11.1357
"4235",85,2009-03-25,9.53,10.1019,11.1342
"4236",86,2009-03-26,9.63,10.1126,11.1325
"4237",87,2009-03-27,9.77,10.1239,11.1301
"4238",88,2009-03-28,9.67,10.1357,11.1271
"4239",89,2009-03-29,9.27,10.1474,11.126
"4240",90,2009-03-30,9.1,10.1592,11.1281
"4241",91,2009-03-31,9.43,10.1711,11.1322
"4242",92,2009-04-01,9.26,10.1827,11.1385
"4243",93,2009-04-02,9.31,10.1937,11.1444
"4244",94,2009-04-03,9.16,10.2033,11.1485
"4245",95,2009-04-04,9.03,10.2114,11.1519
"4246",96,2009-04-05,8.98,10.2185,11.1542
"4247",97,2009-04-06,9.1,10.2254,11.1585
"4248",98,2009-04-07,9.09,10.2326,11.1668
"4249",99,2009-04-08,9.06,10.2401,11.1761
"4250",100,2009-04-09,9.19,10.2481,11.1867
"4251",101,2009-04-10,9.39,10.2563,11.1987
"4252",102,2009-04-11,9.78,10.2645,11.2113
"4253",103,2009-04-12,9.83,10.2733,11.2247
"4254",104,2009-04-13,9.85,10.2836,11.2391
"4255",105,2009-04-14,9.78,10.2961,11.2549
"4256",106,2009-04-15,9.84,10.3111,11.2714
"4257",107,2009-04-16,9.73,10.3285,11.291
"4258",108,2009-04-17,9.9,10.3477,11.3139
"4259",109,2009-04-18,10.02,10.3679,11.3373
"4260",110,2009-04-19,9.98,10.3882,11.3643
"4261",111,2009-04-20,9.93,10.4078,11.3935
"4262",112,2009-04-21,9.14,10.426,11.4255
"4263",113,2009-04-22,8.54,10.4427,11.4589
"4264",114,2009-04-23,8.13,10.4574,11.4956
"4265",115,2009-04-24,8.28,10.4708,11.5356
"4266",116,2009-04-25,8.33,10.4827,11.576
"4267",117,2009-04-26,8.13,10.4939,11.6201
"4268",118,2009-04-27,8.23,10.5046,11.6646
"4269",119,2009-04-28,8.35,10.5149,11.7129
"4270",120,2009-04-29,8.58,10.5248,11.7629
"4271",121,2009-04-30,8.73,10.5346,11.81
"4272",122,2009-05-01,9.05,10.5444,11.8551
"4273",123,2009-05-02,9.56,10.5545,11.8975
"4274",124,2009-05-03,10.54,10.5659,11.9399
"4275",125,2009-05-04,10.68,10.5793,11.9839
"4276",126,2009-05-05,10.6,10.5933,12.0276
"4277",127,2009-05-06,10.86,10.6078,12.0702
"4278",128,2009-05-07,10.95,10.6227,12.1111
"4279",129,2009-05-08,10.72,10.6372,12.1495
"4280",130,2009-05-09,10.42,10.6506,12.1849
"4281",131,2009-05-10,10.14,10.6631,12.219
"4282",132,2009-05-11,10.07,10.6754,12.2525
"4283",133,2009-05-12,10.61,10.6884,12.2885
"4284",134,2009-05-13,10.71,10.7018,12.329
"4285",135,2009-05-14,10.75,10.7145,12.3712
"4286",136,2009-05-15,10.77,10.726,12.4122
"4287",137,2009-05-16,11.05,10.737,12.453
"4288",138,2009-05-17,10.98,10.7482,12.4958
"4289",139,2009-05-18,10.85,10.7591,12.5407
"4290",140,2009-05-19,10.89,10.7704,12.5882
"4291",141,2009-05-20,10.92,10.7833,12.6387
"4292",142,2009-05-21,9.4,10.7988,12.6892
"4293",143,2009-05-22,8.41,10.8167,12.7384
"4294",144,2009-05-23,7.83,10.8368,12.7851
"4295",145,2009-05-24,7.46,10.8595,12.8304
"4296",146,2009-05-25,7.83,10.885,12.8718
"4297",147,2009-05-26,8.57,10.9131,12.9133
"4298",148,2009-05-27,9.22,10.9418,12.9516
"4299",149,2009-05-28,8.96,10.9701,12.9901
"4300",150,2009-05-29,8.71,10.9974,13.0248
"4301",151,2009-05-30,8.41,11.0233,13.0555
"4302",152,2009-05-31,8.18,11.047,13.0853
"4303",153,2009-06-01,8.93,11.067,13.1138
"4304",154,2009-06-02,9.16,11.0839,13.1419
"4305",155,2009-06-03,9.92,11.097,13.1705
"4306",156,2009-06-04,11.12,11.1061,13.1987
"4307",157,2009-06-05,12.6,11.1117,13.2266
"4308",158,2009-06-06,12.75,11.1136,13.2538
"4309",159,2009-06-07,13.04,11.1127,13.2802
"4310",160,2009-06-08,13.48,11.1102,13.3056
"4311",161,2009-06-09,13.46,11.1081,13.3331
"4312",162,2009-06-10,13.72,11.1065,13.3616
"4313",163,2009-06-11,13.35,11.1059,13.3895
"4314",164,2009-06-12,11.77,11.1054,13.4178
"4315",165,2009-06-13,10.25,11.1043,13.4407
"4316",166,2009-06-14,10.16,11.1026,13.4616
"4317",167,2009-06-15,10.65,11.0995,13.4802
"4318",168,2009-06-16,11.43,11.0939,13.4984
"4319",169,2009-06-17,12.64,11.0858,13.5135
"4320",170,2009-06-18,12.82,11.076,13.5263
"4321",171,2009-06-19,13.39,11.0635,13.5378
"4322",172,2009-06-20,11.76,11.046,13.5396
"4323",173,2009-06-21,10.18,11.0228,13.5298
"4324",174,2009-06-22,9.77,10.9936,13.5043
"4325",175,2009-06-23,9.45,10.9611,13.4781
"4326",176,2009-06-24,9.58,10.9254,13.4507
"4327",177,2009-06-25,10.32,10.8856,13.4231
"4328",178,2009-06-26,9.64,10.8429,13.414
"4329",179,2009-06-27,8.79,10.7991,13.4134
"4330",180,2009-06-28,8.59,10.7552,13.4025
"4331",181,2009-06-29,8.65,10.7105,13.3878
"4332",182,2009-06-30,8.18,10.6662,13.3735
"4333",183,2009-07-01,8.35,10.6236,13.3663
"4334",184,2009-07-02,8.5,10.5836,13.3631
"4335",185,2009-07-03,8.15,10.5456,13.3571
"4336",186,2009-07-04,8.05,10.5077,13.335
"4337",187,2009-07-05,8.58,10.4704,13.2992
"4338",188,2009-07-06,8.96,10.4355,13.2602
"4339",189,2009-07-07,9.68,10.4026,13.2127
"4340",190,2009-07-08,11.97,10.3696,13.1664
"4341",191,2009-07-09,12.23,10.3359,13.1183
"4342",192,2009-07-10,11.66,10.3,13.0609
"4343",193,2009-07-11,11.65,10.2615,12.984
"4344",194,2009-07-12,12.07,10.2197,12.8985
"4345",195,2009-07-13,11.9,10.1754,12.8093
"4346",196,2009-07-14,12.1,10.1302,12.7209
"4347",197,2009-07-15,10.31,10.0854,12.6326
"4348",198,2009-07-16,9.15,10.042,12.5452
"4349",199,2009-07-17,9.17,10.0004,12.4567
"4350",200,2009-07-18,8.84,9.9617,12.37
"4351",201,2009-07-19,8.76,9.9257,12.2816
"4352",202,2009-07-20,8.7,9.8933,12.1945
"4353",203,2009-07-21,8.2,9.8668,12.1186
"4354",204,2009-07-22,8.65,9.8465,12.0565
"4355",205,2009-07-23,8.6,9.8334,12.0225
"4356",206,2009-07-24,8.32,9.8252,11.9939
"4357",207,2009-07-25,8.28,9.8209,11.9747
"4358",208,2009-07-26,8.31,9.8204,11.9585
"4359",209,2009-07-27,8.26,9.8228,11.9284
"4360",210,2009-07-28,8.42,9.8265,11.8936
"4361",211,2009-07-29,9.2,9.8306,11.8635
"4362",212,2009-07-30,9.38,9.8364,11.8341
"4363",213,2009-07-31,9.65,9.8428,11.8047
"4364",214,2009-08-01,9.22,9.8505,11.7705
"4365",215,2009-08-02,9.22,9.8595,11.74
"4366",216,2009-08-03,9.23,9.8698,11.7185
"4367",217,2009-08-04,9.08,9.8837,11.7086
"4368",218,2009-08-05,10.21,9.9008,11.7205
"4369",219,2009-08-06,10.48,9.9215,11.7383
"4370",220,2009-08-07,12.14,9.9463,11.7741
"4371",221,2009-08-08,13.64,9.976,11.821
"4372",222,2009-08-09,13.64,10.0101,11.8744
"4373",223,2009-08-10,13.11,10.0494,11.9415
"4374",224,2009-08-11,14.45,10.0934,12.0277
"4375",225,2009-08-12,14.47,10.1417,12.1178
"4376",226,2009-08-13,14.6,10.1924,12.2086
"4377",227,2009-08-14,15.01,10.2448,12.2992
"4378",228,2009-08-15,12.86,10.2987,12.3911
"4379",229,2009-08-16,10.23,10.3539,12.4844
"4380",230,2009-08-17,9.69,10.4092,12.581
"4381",231,2009-08-18,8.84,10.4626,12.6733
"4382",232,2009-08-19,8.34,10.5141,12.7636
"4383",233,2009-08-20,8.58,10.563,12.8508
"4384",234,2009-08-21,9.35,10.6078,12.9313
"4385",235,2009-08-22,9.64,10.6486,13.0067
"4386",236,2009-08-23,9.58,10.6854,13.0688
"4387",237,2009-08-24,9.3,10.7191,13.1258
"4388",238,2009-08-25,9.68,10.7494,13.1709
"4389",239,2009-08-26,9.49,10.7763,13.2129
"4390",240,2009-08-27,10.22,10.8002,13.2522
"4391",241,2009-08-28,10.55,10.8222,13.2872
"4392",242,2009-08-29,10.66,10.844,13.3258
"4393",243,2009-08-30,10.21,10.866,13.3667
"4394",244,2009-08-31,9.28,10.8889,13.4105
"4395",245,2009-09-01,8.9,10.9122,13.4556
"4396",246,2009-09-02,9.21,10.936,13.4997
"4397",247,2009-09-03,10.55,10.96,13.5405
"4398",248,2009-09-04,11.3,10.9841,13.5856
"4399",249,2009-09-05,12.03,11.0079,13.6205
"4400",250,2009-09-06,11.77,11.0301,13.6507
"4401",251,2009-09-07,12.58,11.0498,13.6683
"4402",252,2009-09-08,13.01,11.0661,13.6727
"4403",253,2009-09-09,13.51,11.079,13.6738
"4404",254,2009-09-10,13.98,11.0884,13.6724
"4405",255,2009-09-11,13.24,11.0953,13.6711
"4406",256,2009-09-12,13.3,11.101,13.6722
"4407",257,2009-09-13,13.58,11.1063,13.6729
"4408",258,2009-09-14,14,11.1102,13.6724
"4409",259,2009-09-15,14.53,11.1122,13.6712
"4410",260,2009-09-16,14.78,11.113,13.6724
"4411",261,2009-09-17,15.04,11.1139,13.6728
"4412",262,2009-09-18,15.23,11.1162,13.6758
"4413",263,2009-09-19,15.39,11.1202,13.68
"4414",264,2009-09-20,15.02,11.1261,13.6828
"4415",265,2009-09-21,14.06,11.1347,13.6823
"4416",266,2009-09-22,13.98,11.1454,13.6812
"4417",267,2009-09-23,15.24,11.158,13.6781
"4418",268,2009-09-24,12.73,11.1717,13.6731
"4419",269,2009-09-25,9.79,11.1876,13.6699
"4420",270,2009-09-26,9.35,11.2065,13.6687
"4421",271,2009-09-27,8.98,11.2269,13.6649
"4422",272,2009-09-28,8.87,11.248,13.6589
"4423",273,2009-09-29,9.56,11.2688,13.6519
"4424",274,2009-09-30,9.84,11.2888,13.6449
"4425",275,2009-10-01,10.13,11.3079,13.6349
"4426",276,2009-10-02,10.61,11.3253,13.6226
"4427",277,2009-10-03,10.27,11.3414,13.6053
"4428",278,2009-10-04,10.35,11.3562,13.5843
"4429",279,2009-10-05,10.41,11.3699,13.5618
"4430",280,2009-10-06,10.61,11.3826,13.5395
"4431",281,2009-10-07,10.39,11.3937,13.519
"4432",282,2009-10-08,10.02,11.4049,13.5023
"4433",283,2009-10-09,9.88,11.4173,13.4882
"4434",284,2009-10-10,9.81,11.431,13.4733
"4435",285,2009-10-11,9.84,11.4458,13.4525
"4436",286,2009-10-12,9.73,11.4602,13.4299
"4437",287,2009-10-13,10.04,11.4743,13.4095
"4438",288,2009-10-14,9.81,11.4875,13.3892
"4439",289,2009-10-15,10.65,11.5007,13.3693
"4440",290,2009-10-16,11.46,11.5141,13.3479
"4441",291,2009-10-17,11.95,11.5271,13.3218
"4442",292,2009-10-18,11.97,11.5392,13.2926
"4443",293,2009-10-19,12.68,11.5496,13.2597
"4444",294,2009-10-20,12.01,11.5576,13.2241
"4445",295,2009-10-21,12.15,11.564,13.1884
"4446",296,2009-10-22,12.6,11.5691,13.156
"4447",297,2009-10-23,12.66,11.5738,13.1249
"4448",298,2009-10-24,12.7,11.5779,13.0959
"4449",299,2009-10-25,12.6,11.5815,13.0693
"4450",300,2009-10-26,12.62,11.5842,13.0426
"4451",301,2009-10-27,12.48,11.5858,13.0155
"4452",302,2009-10-28,11.77,11.5873,12.9897
"4453",303,2009-10-29,11.31,11.5889,12.9682
"4454",304,2009-10-30,12.15,11.5912,12.9492
"4455",305,2009-10-31,12.44,11.594,12.934
"4456",306,2009-11-01,12.15,11.5966,12.9185
"4457",307,2009-11-02,12.06,11.5985,12.8996
"4458",308,2009-11-03,11.88,11.5996,12.8798
"4459",309,2009-11-04,11.91,11.5998,12.8584
"4460",310,2009-11-05,11.95,11.599,12.8356
"4461",311,2009-11-06,12.03,11.5978,12.8127
"4462",312,2009-11-07,12.02,11.5959,12.7879
"4463",313,2009-11-08,11.97,11.5925,12.7609
"4464",314,2009-11-09,12.03,11.5871,12.7318
"4465",315,2009-11-10,11.99,11.5797,12.7034
"4466",316,2009-11-11,11.92,11.5702,12.6775
"4467",317,2009-11-12,11.86,11.5592,12.6525
"4468",318,2009-11-13,11.74,11.5467,12.6267
"4469",319,2009-11-14,11.5,11.533,12.5974
"4470",320,2009-11-15,11.6,11.5179,12.5654
"4471",321,2009-11-16,11.59,11.5015,12.5325
"4472",322,2009-11-17,11.49,11.4832,12.5007
"4473",323,2009-11-18,11.33,11.4632,12.4704
"4474",324,2009-11-19,11.14,11.442,12.4436
"4475",325,2009-11-20,11.11,11.4196,12.4185
"4476",326,2009-11-21,10.95,11.3959,12.3943
"4477",327,2009-11-22,10.84,11.3708,12.3692
"4478",328,2009-11-23,10.96,11.3437,12.342
"4479",329,2009-11-24,11,11.3147,12.313
"4480",330,2009-11-25,11.04,11.2842,12.2834
"4481",331,2009-11-26,11.04,11.2522,12.253
"4482",332,2009-11-27,11.1,11.2182,12.2205
"4483",333,2009-11-28,11.06,11.1823,12.1866
"4484",334,2009-11-29,11.03,11.1446,12.1496
"4485",335,2009-11-30,10.95,11.1053,12.1111
"4486",336,2009-12-01,10.84,11.0649,12.0705
"4487",337,2009-12-02,10.76,11.0236,12.0305
"4488",338,2009-12-03,10.4,10.9819,11.9922
"4489",339,2009-12-04,10.4,10.9403,11.9533
"4490",340,2009-12-05,10.42,10.8989,11.9177
"4491",341,2009-12-06,10.44,10.8577,11.8842
"4492",342,2009-12-07,10.09,10.817,11.8526
"4493",343,2009-12-08,9.79,10.7774,11.824
"4494",344,2009-12-09,9.73,10.7392,11.7977
"4495",345,2009-12-10,9.4,10.7025,11.7739
"4496",346,2009-12-11,9.24,10.6674,11.7511
"4497",347,2009-12-12,9.23,10.6335,11.7296
"4498",348,2009-12-13,9.14,10.601,11.7085
"4499",349,2009-12-14,9.04,10.5699,11.6877
"4500",350,2009-12-15,9.17,10.5403,11.671
"4501",351,2009-12-16,9.64,10.5123,11.6578
"4502",352,2009-12-17,9.86,10.4858,11.6463
"4503",353,2009-12-18,9.89,10.4607,11.6355
"4504",354,2009-12-19,9.98,10.437,11.6249
"4505",355,2009-12-20,10.09,10.4142,11.6146
"4506",356,2009-12-21,10.1,10.3925,11.6047
"4507",357,2009-12-22,9.86,10.3716,11.5947
"4508",358,2009-12-23,9.92,10.3516,11.5836
"4509",359,2009-12-24,9.86,10.333,11.5735
"4510",360,2009-12-25,9.73,10.3153,11.5574
"4511",361,2009-12-26,9.27,10.2978,11.5405
"4512",362,2009-12-27,9.06,10.2806,11.5227
"4513",363,2009-12-28,8.99,10.2639,11.5042
"4514",364,2009-12-29,9,10.2479,11.4846
"4515",365,2009-12-30,9.07,10.2326,11.4656
"4516",366,2009-12-31,9.1,10.2178,11.447
"4517",1,2010-01-01,9.39,10.2036,11.4263
"4518",2,2010-01-02,9.64,10.1901,11.4062
"4519",3,2010-01-03,9.72,10.1775,11.3869
"4520",4,2010-01-04,9.79,10.1652,11.3691
"4521",5,2010-01-05,9.96,10.1538,11.3525
"4522",6,2010-01-06,10.14,10.1433,11.337
"4523",7,2010-01-07,9.97,10.1338,11.3233
"4524",8,2010-01-08,9.9,10.125,11.3114
"4525",9,2010-01-09,9.96,10.1165,11.3009
"4526",10,2010-01-10,10.12,10.1083,11.2911
"4527",11,2010-01-11,10.23,10.1003,11.2821
"4528",12,2010-01-12,10.45,10.0931,11.2742
"4529",13,2010-01-13,10.46,10.0866,11.2682
"4530",14,2010-01-14,10.51,10.0805,11.2646
"4531",15,2010-01-15,10.49,10.0747,11.2603
"4532",16,2010-01-16,10.65,10.069,11.2553
"4533",17,2010-01-17,10.69,10.0636,11.2493
"4534",18,2010-01-18,10.81,10.0587,11.2431
"4535",19,2010-01-19,10.77,10.0542,11.2344
"4536",20,2010-01-20,10.78,10.05,11.2223
"4537",21,2010-01-21,10.71,10.0465,11.2106
"4538",22,2010-01-22,10.65,10.0434,11.1993
"4539",23,2010-01-23,10.62,10.0405,11.1898
"4540",24,2010-01-24,10.48,10.0378,11.1808
"4541",25,2010-01-25,10.59,10.0354,11.1784
"4542",26,2010-01-26,10.69,10.0335,11.1765
"4543",27,2010-01-27,10.57,10.0324,11.1762
"4544",28,2010-01-28,10.47,10.0318,11.1764
"4545",29,2010-01-29,10.55,10.031,11.1771
"4546",30,2010-01-30,10.62,10.0301,11.1782
"4547",31,2010-01-31,10.69,10.0292,11.1797
"4548",32,2010-02-01,10.62,10.0282,11.1816
"4549",33,2010-02-02,10.55,10.027,11.1827
"4550",34,2010-02-03,10.59,10.0256,11.1833
"4551",35,2010-02-04,10.62,10.0237,11.1838
"4552",36,2010-02-05,10.67,10.0213,11.1832
"4553",37,2010-02-06,10.76,10.0181,11.1822
"4554",38,2010-02-07,10.79,10.014,11.1787
"4555",39,2010-02-08,10.87,10.0092,11.173
"4556",40,2010-02-09,10.87,10.0042,11.1668
"4557",41,2010-02-10,10.83,9.999,11.1611
"4558",42,2010-02-11,10.7,9.9935,11.1543
"4559",43,2010-02-12,10.83,9.9878,11.1466
"4560",44,2010-02-13,10.89,9.9818,11.1374
"4561",45,2010-02-14,11,9.9756,11.1264
"4562",46,2010-02-15,11.01,9.9693,11.1156
"4563",47,2010-02-16,11.15,9.963,11.1047
"4564",48,2010-02-17,11.03,9.9568,11.0949
"4565",49,2010-02-18,10.96,9.9509,11.087
"4566",50,2010-02-19,10.99,9.9455,11.0823
"4567",51,2010-02-20,10.96,9.9405,11.0812
"4568",52,2010-02-21,10.86,9.936,11.0801
"4569",53,2010-02-22,10.84,9.9322,11.0792
"4570",54,2010-02-23,10.78,9.9291,11.0784
"4571",55,2010-02-24,10.7,9.9268,11.0777
"4572",56,2010-02-25,10.72,9.9251,11.0789
"4573",57,2010-02-26,10.82,9.9244,11.0825
"4574",58,2010-02-27,10.79,9.9245,11.086
"4575",59,2010-02-28,10.99,9.9257,11.091
"4576",61,2010-03-01,11.18,9.9316,11.1015
"4577",62,2010-03-02,11.24,9.9358,11.1067
"4578",63,2010-03-03,11.23,9.9407,11.1125
"4579",64,2010-03-04,11.18,9.9461,11.1191
"4580",65,2010-03-05,11.28,9.9522,11.1267
"4581",66,2010-03-06,11.24,9.9588,11.1325
"4582",67,2010-03-07,11.24,9.9658,11.1358
"4583",68,2010-03-08,11.04,9.9736,11.1392
"4584",69,2010-03-09,10.79,9.9818,11.1425
"4585",70,2010-03-10,10.7,9.99,11.1462
"4586",71,2010-03-11,10.61,9.9981,11.1495
"4587",72,2010-03-12,10.69,10.006,11.1518
"4588",73,2010-03-13,10.62,10.0136,11.1536
"4589",74,2010-03-14,10.57,10.0207,11.1551
"4590",75,2010-03-15,10.62,10.0274,11.1565
"4591",76,2010-03-16,10.64,10.0336,11.1558
"4592",77,2010-03-17,10.69,10.0396,11.1545
"4593",78,2010-03-18,10.69,10.046,11.1532
"4594",79,2010-03-19,10.8,10.0524,11.1504
"4595",80,2010-03-20,10.71,10.0592,11.1473
"4596",81,2010-03-21,10.92,10.0665,11.1435
"4597",82,2010-03-22,11.03,10.0743,11.1404
"4598",83,2010-03-23,11.11,10.0826,11.1375
"4599",84,2010-03-24,11.03,10.0918,11.1357
"4600",85,2010-03-25,11.14,10.1019,11.1342
"4601",86,2010-03-26,11.06,10.1126,11.1325
"4602",87,2010-03-27,11.04,10.1239,11.1301
"4603",88,2010-03-28,11.21,10.1357,11.1271
"4604",89,2010-03-29,11.11,10.1474,11.126
"4605",90,2010-03-30,10.93,10.1592,11.1281
"4606",91,2010-03-31,10.8,10.1711,11.1322
"4607",92,2010-04-01,10.77,10.1827,11.1385
"4608",93,2010-04-02,10.75,10.1937,11.1444
"4609",94,2010-04-03,10.65,10.2033,11.1485
"4610",95,2010-04-04,10.54,10.2114,11.1519
"4611",96,2010-04-05,10.47,10.2185,11.1542
"4612",97,2010-04-06,10.42,10.2254,11.1585
"4613",98,2010-04-07,10.56,10.2326,11.1668
"4614",99,2010-04-08,10.63,10.2401,11.1761
"4615",100,2010-04-09,10.59,10.2481,11.1867
"4616",101,2010-04-10,10.49,10.2563,11.1987
"4617",102,2010-04-11,10.73,10.2645,11.2113
"4618",103,2010-04-12,10.96,10.2733,11.2247
"4619",104,2010-04-13,11.12,10.2836,11.2391
"4620",105,2010-04-14,10.85,10.2961,11.2549
"4621",106,2010-04-15,11,10.3111,11.2714
"4622",107,2010-04-16,10.86,10.3285,11.291
"4623",108,2010-04-17,11.42,10.3477,11.3139
"4624",109,2010-04-18,11.65,10.3679,11.3373
"4625",110,2010-04-19,11.8,10.3882,11.3643
"4626",111,2010-04-20,11.95,10.4078,11.3935
"4627",112,2010-04-21,11.48,10.426,11.4255
"4628",113,2010-04-22,10.43,10.4427,11.4589
"4629",114,2010-04-23,10.05,10.4574,11.4956
"4630",115,2010-04-24,10.1,10.4708,11.5356
"4631",116,2010-04-25,10.46,10.4827,11.576
"4632",117,2010-04-26,10.58,10.4939,11.6201
"4633",118,2010-04-27,10.88,10.5046,11.6646
"4634",119,2010-04-28,11.12,10.5149,11.7129
"4635",120,2010-04-29,11.22,10.5248,11.7629
"4636",121,2010-04-30,11.23,10.5346,11.81
"4637",122,2010-05-01,11.3,10.5444,11.8551
"4638",123,2010-05-02,11.44,10.5545,11.8975
"4639",124,2010-05-03,11.56,10.5659,11.9399
"4640",125,2010-05-04,11.44,10.5793,11.9839
"4641",126,2010-05-05,11.27,10.5933,12.0276
"4642",127,2010-05-06,11.31,10.6078,12.0702
"4643",128,2010-05-07,11.11,10.6227,12.1111
"4644",129,2010-05-08,10.86,10.6372,12.1495
"4645",130,2010-05-09,10.74,10.6506,12.1849
"4646",131,2010-05-10,11.09,10.6631,12.219
"4647",132,2010-05-11,10.57,10.6754,12.2525
"4648",133,2010-05-12,10.18,10.6884,12.2885
"4649",134,2010-05-13,10.1,10.7018,12.329
"4650",135,2010-05-14,9.77,10.7145,12.3712
"4651",136,2010-05-15,9.83,10.726,12.4122
"4652",137,2010-05-16,9.54,10.737,12.453
"4653",138,2010-05-17,10.51,10.7482,12.4958
"4654",139,2010-05-18,11.27,10.7591,12.5407
"4655",140,2010-05-19,12.2,10.7704,12.5882
"4656",141,2010-05-20,12.09,10.7833,12.6387
"4657",142,2010-05-21,12.17,10.7988,12.6892
"4658",143,2010-05-22,12.1,10.8167,12.7384
"4659",144,2010-05-23,12.3,10.8368,12.7851
"4660",145,2010-05-24,12.25,10.8595,12.8304
"4661",146,2010-05-25,12.19,10.885,12.8718
"4662",147,2010-05-26,12.38,10.9131,12.9133
"4663",148,2010-05-27,12.68,10.9418,12.9516
"4664",149,2010-05-28,12.51,10.9701,12.9901
"4665",150,2010-05-29,12.34,10.9974,13.0248
"4666",151,2010-05-30,12.44,11.0233,13.0555
"4667",152,2010-05-31,12.54,11.047,13.0853
"4668",153,2010-06-01,12.66,11.067,13.1138
"4669",154,2010-06-02,12.9,11.0839,13.1419
"4670",155,2010-06-03,12.87,11.097,13.1705
"4671",156,2010-06-04,12.87,11.1061,13.1987
"4672",157,2010-06-05,12.97,11.1117,13.2266
"4673",158,2010-06-06,13.33,11.1136,13.2538
"4674",159,2010-06-07,13.66,11.1127,13.2802
"4675",160,2010-06-08,13.74,11.1102,13.3056
"4676",161,2010-06-09,13.88,11.1081,13.3331
"4677",162,2010-06-10,13.81,11.1065,13.3616
"4678",163,2010-06-11,13.68,11.1059,13.3895
"4679",164,2010-06-12,13.32,11.1054,13.4178
"4680",165,2010-06-13,11.78,11.1043,13.4407
"4681",166,2010-06-14,9.62,11.1026,13.4616
"4682",167,2010-06-15,9.16,11.0995,13.4802
"4683",168,2010-06-16,9.9,11.0939,13.4984
"4684",169,2010-06-17,9.63,11.0858,13.5135
"4685",170,2010-06-18,9.56,11.076,13.5263
"4686",171,2010-06-19,10.35,11.0635,13.5378
"4687",172,2010-06-20,10.43,11.046,13.5396
"4688",173,2010-06-21,9.57,11.0228,13.5298
"4689",174,2010-06-22,11.06,10.9936,13.5043
"4690",175,2010-06-23,9.98,10.9611,13.4781
"4691",176,2010-06-24,9.94,10.9254,13.4507
"4692",177,2010-06-25,9.1,10.8856,13.4231
"4693",178,2010-06-26,8.77,10.8429,13.414
"4694",179,2010-06-27,9.82,10.7991,13.4134
"4695",180,2010-06-28,10.48,10.7552,13.4025
"4696",181,2010-06-29,11.28,10.7105,13.3878
"4697",182,2010-06-30,11.49,10.6662,13.3735
"4698",183,2010-07-01,11.21,10.6236,13.3663
"4699",184,2010-07-02,12.52,10.5836,13.3631
"4700",185,2010-07-03,12.14,10.5456,13.3571
"4701",186,2010-07-04,10.63,10.5077,13.335
"4702",187,2010-07-05,9.63,10.4704,13.2992
"4703",188,2010-07-06,8.76,10.4355,13.2602
"4704",189,2010-07-07,7.87,10.4026,13.2127
"4705",190,2010-07-08,8.51,10.3696,13.1664
"4706",191,2010-07-09,9.42,10.3359,13.1183
"4707",192,2010-07-10,8.98,10.3,13.0609
"4708",193,2010-07-11,8.96,10.2615,12.984
"4709",194,2010-07-12,8.65,10.2197,12.8985
"4710",195,2010-07-13,8.77,10.1754,12.8093
"4711",196,2010-07-14,8.7,10.1302,12.7209
"4712",197,2010-07-15,8.38,10.0854,12.6326
"4713",198,2010-07-16,7.9,10.042,12.5452
"4714",199,2010-07-17,7.92,10.0004,12.4567
"4715",200,2010-07-18,7.92,9.9617,12.37
"4716",201,2010-07-19,7.64,9.9257,12.2816
"4717",202,2010-07-20,7.91,9.8933,12.1945
"4718",203,2010-07-21,7.52,9.8668,12.1186
"4719",204,2010-07-22,7.69,9.8465,12.0565
"4720",205,2010-07-23,7.9,9.8334,12.0225
"4721",206,2010-07-24,7.66,9.8252,11.9939
"4722",207,2010-07-25,7.48,9.8209,11.9747
"4723",208,2010-07-26,7.56,9.8204,11.9585
"4724",209,2010-07-27,7.77,9.8228,11.9284
"4725",210,2010-07-28,7.79,9.8265,11.8936
"4726",211,2010-07-29,7.84,9.8306,11.8635
"4727",212,2010-07-30,8.01,9.8364,11.8341
"4728",213,2010-07-31,8.62,9.8428,11.8047
"4729",214,2010-08-01,9.12,9.8505,11.7705
"4730",215,2010-08-02,9.03,9.8595,11.74
"4731",216,2010-08-03,9.36,9.8698,11.7185
"4732",217,2010-08-04,9.09,9.8837,11.7086
"4733",218,2010-08-05,8.64,9.9008,11.7205
"4734",219,2010-08-06,8.66,9.9215,11.7383
"4735",220,2010-08-07,9.08,9.9463,11.7741
"4736",221,2010-08-08,8.94,9.976,11.821
"4737",222,2010-08-09,8.37,10.0101,11.8744
"4738",223,2010-08-10,8.68,10.0494,11.9415
"4739",224,2010-08-11,8.55,10.0934,12.0277
"4740",225,2010-08-12,8.36,10.1417,12.1178
"4741",226,2010-08-13,8.41,10.1924,12.2086
"4742",227,2010-08-14,9.34,10.2448,12.2992
"4743",228,2010-08-15,9.55,10.2987,12.3911
"4744",229,2010-08-16,10.57,10.3539,12.4844
"4745",230,2010-08-17,9.62,10.4092,12.581
"4746",231,2010-08-18,9.53,10.4626,12.6733
"4747",232,2010-08-19,9.99,10.5141,12.7636
"4748",233,2010-08-20,9.44,10.563,12.8508
"4749",234,2010-08-21,8.69,10.6078,12.9313
"4750",235,2010-08-22,8.67,10.6486,13.0067
"4751",236,2010-08-23,8.93,10.6854,13.0688
"4752",237,2010-08-24,8.67,10.7191,13.1258
"4753",238,2010-08-25,8.49,10.7494,13.1709
"4754",239,2010-08-26,8.4,10.7763,13.2129
"4755",240,2010-08-27,9.07,10.8002,13.2522
"4756",241,2010-08-28,8.25,10.8222,13.2872
"4757",242,2010-08-29,8.11,10.844,13.3258
"4758",243,2010-08-30,8.96,10.866,13.3667
"4759",244,2010-08-31,8.74,10.8889,13.4105
"4760",245,2010-09-01,9.29,10.9122,13.4556
"4761",246,2010-09-02,9.43,10.936,13.4997
"4762",247,2010-09-03,9.22,10.96,13.5405
"4763",248,2010-09-04,9.34,10.9841,13.5856
"4764",249,2010-09-05,9.26,11.0079,13.6205
"4765",250,2010-09-06,9.31,11.0301,13.6507
"4766",251,2010-09-07,8.86,11.0498,13.6683
"4767",252,2010-09-08,9.94,11.0661,13.6727
"4768",253,2010-09-09,9.7,11.079,13.6738
"4769",254,2010-09-10,10.44,11.0884,13.6724
"4770",255,2010-09-11,9.53,11.0953,13.6711
"4771",256,2010-09-12,9.65,11.101,13.6722
"4772",257,2010-09-13,9.23,11.1063,13.6729
"4773",258,2010-09-14,9.33,11.1102,13.6724
"4774",259,2010-09-15,9.48,11.1122,13.6712
"4775",260,2010-09-16,10.43,11.113,13.6724
"4776",261,2010-09-17,11,11.1139,13.6728
"4777",262,2010-09-18,11.7,11.1162,13.6758
"4778",263,2010-09-19,12.25,11.1202,13.68
"4779",264,2010-09-20,12.74,11.1261,13.6828
"4780",265,2010-09-21,13.03,11.1347,13.6823
"4781",266,2010-09-22,12.24,11.1454,13.6812
"4782",267,2010-09-23,12.53,11.158,13.6781
"4783",268,2010-09-24,12.98,11.1717,13.6731
"4784",269,2010-09-25,13.34,11.1876,13.6699
"4785",270,2010-09-26,13.56,11.2065,13.6687
"4786",271,2010-09-27,13.78,11.2269,13.6649
"4787",272,2010-09-28,13.77,11.248,13.6589
"4788",273,2010-09-29,13.31,11.2688,13.6519
"4789",274,2010-09-30,11.12,11.2888,13.6449
"4790",275,2010-10-01,11.55,11.3079,13.6349
"4791",276,2010-10-02,11.63,11.3253,13.6226
"4792",277,2010-10-03,11.31,11.3414,13.6053
"4793",278,2010-10-04,10.89,11.3562,13.5843
"4794",279,2010-10-05,10.28,11.3699,13.5618
"4795",280,2010-10-06,9.95,11.3826,13.5395
"4796",281,2010-10-07,9.94,11.3937,13.519
"4797",282,2010-10-08,10.74,11.4049,13.5023
"4798",283,2010-10-09,12.21,11.4173,13.4882
"4799",284,2010-10-10,12.86,11.431,13.4733
"4800",285,2010-10-11,13.01,11.4458,13.4525
"4801",286,2010-10-12,13.2,11.4602,13.4299
"4802",287,2010-10-13,12.97,11.4743,13.4095
"4803",288,2010-10-14,13.02,11.4875,13.3892
"4804",289,2010-10-15,12.91,11.5007,13.3693
"4805",290,2010-10-16,11.99,11.5141,13.3479
"4806",291,2010-10-17,10.92,11.5271,13.3218
"4807",292,2010-10-18,10.36,11.5392,13.2926
"4808",293,2010-10-19,10.07,11.5496,13.2597
"4809",294,2010-10-20,9.79,11.5576,13.2241
"4810",295,2010-10-21,10.33,11.564,13.1884
"4811",296,2010-10-22,11.32,11.5691,13.156
"4812",297,2010-10-23,11.98,11.5738,13.1249
"4813",298,2010-10-24,12.51,11.5779,13.0959
"4814",299,2010-10-25,12.79,11.5815,13.0693
"4815",300,2010-10-26,12.71,11.5842,13.0426
"4816",301,2010-10-27,12.63,11.5858,13.0155
"4817",302,2010-10-28,12.55,11.5873,12.9897
"4818",303,2010-10-29,12.56,11.5889,12.9682
"4819",304,2010-10-30,12.58,11.5912,12.9492
"4820",305,2010-10-31,12.49,11.594,12.934
"4821",306,2010-11-01,12.55,11.5966,12.9185
"4822",307,2010-11-02,12.4,11.5985,12.8996
"4823",308,2010-11-03,12.34,11.5996,12.8798
"4824",309,2010-11-04,12.39,11.5998,12.8584
"4825",310,2010-11-05,12.33,11.599,12.8356
"4826",311,2010-11-06,12.17,11.5978,12.8127
"4827",312,2010-11-07,12.3,11.5959,12.7879
"4828",313,2010-11-08,12.29,11.5925,12.7609
"4829",314,2010-11-09,12.1,11.5871,12.7318
"4830",315,2010-11-10,12.05,11.5797,12.7034
"4831",316,2010-11-11,12.08,11.5702,12.6775
"4832",317,2010-11-12,11.93,11.5592,12.6525
"4833",318,2010-11-13,11.88,11.5467,12.6267
"4834",319,2010-11-14,11.95,11.533,12.5974
"4835",320,2010-11-15,12.03,11.5179,12.5654
"4836",321,2010-11-16,12.05,11.5015,12.5325
"4837",322,2010-11-17,11.88,11.4832,12.5007
"4838",323,2010-11-18,11.69,11.4632,12.4704
"4839",324,2010-11-19,11.63,11.442,12.4436
"4840",325,2010-11-20,11.55,11.4196,12.4185
"4841",326,2010-11-21,11.34,11.3959,12.3943
"4842",327,2010-11-22,10.97,11.3708,12.3692
"4843",328,2010-11-23,10.51,11.3437,12.342
"4844",329,2010-11-24,11.01,11.3147,12.313
"4845",330,2010-11-25,10.73,11.2842,12.2834
"4846",331,2010-11-26,10.56,11.2522,12.253
"4847",332,2010-11-27,10.33,11.2182,12.2205
"4848",333,2010-11-28,10.27,11.1823,12.1866
"4849",334,2010-11-29,10.5,11.1446,12.1496
"4850",335,2010-11-30,9.87,11.1053,12.1111
"4851",336,2010-12-01,10.1,11.0649,12.0705
"4852",337,2010-12-02,10.44,11.0236,12.0305
"4853",338,2010-12-03,10.05,10.9819,11.9922
"4854",339,2010-12-04,10.04,10.9403,11.9533
"4855",340,2010-12-05,10.24,10.8989,11.9177
"4856",341,2010-12-06,10.19,10.8577,11.8842
"4857",342,2010-12-07,10.02,10.817,11.8526
"4858",343,2010-12-08,10.4,10.7774,11.824
"4859",344,2010-12-09,10.6,10.7392,11.7977
"4860",345,2010-12-10,10.52,10.7025,11.7739
"4861",346,2010-12-11,10.44,10.6674,11.7511
"4862",347,2010-12-12,10.72,10.6335,11.7296
"4863",348,2010-12-13,10.96,10.601,11.7085
"4864",349,2010-12-14,11.03,10.5699,11.6877
"4865",350,2010-12-15,10.97,10.5403,11.671
"4866",351,2010-12-16,10.83,10.5123,11.6578
"4867",352,2010-12-17,10.71,10.4858,11.6463
"4868",353,2010-12-18,10.65,10.4607,11.6355
"4869",354,2010-12-19,10.54,10.437,11.6249
"4870",355,2010-12-20,10.44,10.4142,11.6146
"4871",356,2010-12-21,10.36,10.3925,11.6047
"4872",357,2010-12-22,10.33,10.3716,11.5947
"4873",358,2010-12-23,10.24,10.3516,11.5836
"4874",359,2010-12-24,10.42,10.333,11.5735
"4875",360,2010-12-25,10.47,10.3153,11.5574
"4876",361,2010-12-26,10.31,10.2978,11.5405
"4877",362,2010-12-27,10.09,10.2806,11.5227
"4878",363,2010-12-28,10.35,10.2639,11.5042
"4879",364,2010-12-29,10.27,10.2479,11.4846
"4880",365,2010-12-30,10.34,10.2326,11.4656
"4881",366,2010-12-31,10.59,10.2178,11.447
"4882",1,2011-01-01,10.21,10.2036,11.4263
"4883",2,2011-01-02,9.71,10.1901,11.4062
"4884",3,2011-01-03,9.35,10.1775,11.3869
"4885",4,2011-01-04,9.45,10.1652,11.3691
"4886",5,2011-01-05,9.46,10.1538,11.3525
"4887",6,2011-01-06,9.32,10.1433,11.337
"4888",7,2011-01-07,9.34,10.1338,11.3233
"4889",8,2011-01-08,9.32,10.125,11.3114
"4890",9,2011-01-09,9.27,10.1165,11.3009
"4891",10,2011-01-10,9.09,10.1083,11.2911
"4892",11,2011-01-11,9,10.1003,11.2821
"4893",12,2011-01-12,8.88,10.0931,11.2742
"4894",13,2011-01-13,9.27,10.0866,11.2682
"4895",14,2011-01-14,9.65,10.0805,11.2646
"4896",15,2011-01-15,9.74,10.0747,11.2603
"4897",16,2011-01-16,10,10.069,11.2553
"4898",17,2011-01-17,10.36,10.0636,11.2493
"4899",18,2011-01-18,10.27,10.0587,11.2431
"4900",19,2011-01-19,10.2,10.0542,11.2344
"4901",20,2011-01-20,10.09,10.05,11.2223
"4902",21,2011-01-21,10.16,10.0465,11.2106
"4903",22,2011-01-22,10.19,10.0434,11.1993
"4904",23,2011-01-23,10.14,10.0405,11.1898
"4905",24,2011-01-24,10.16,10.0378,11.1808
"4906",25,2011-01-25,10.18,10.0354,11.1784
"4907",26,2011-01-26,10.23,10.0335,11.1765
"4908",27,2011-01-27,10.24,10.0324,11.1762
"4909",28,2011-01-28,10.06,10.0318,11.1764
"4910",29,2011-01-29,10.07,10.031,11.1771
"4911",30,2011-01-30,10.14,10.0301,11.1782
"4912",31,2011-01-31,10.26,10.0292,11.1797
"4913",32,2011-02-01,10.17,10.0282,11.1816
"4914",33,2011-02-02,9.98,10.027,11.1827
"4915",34,2011-02-03,9.84,10.0256,11.1833
"4916",35,2011-02-04,9.87,10.0237,11.1838
"4917",36,2011-02-05,9.89,10.0213,11.1832
"4918",37,2011-02-06,9.92,10.0181,11.1822
"4919",38,2011-02-07,9.85,10.014,11.1787
"4920",39,2011-02-08,9.63,10.0092,11.173
"4921",40,2011-02-09,9.35,10.0042,11.1668
"4922",41,2011-02-10,9.3,9.999,11.1611
"4923",42,2011-02-11,9.36,9.9935,11.1543
"4924",43,2011-02-12,9.55,9.9878,11.1466
"4925",44,2011-02-13,9.61,9.9818,11.1374
"4926",45,2011-02-14,9.68,9.9756,11.1264
"4927",46,2011-02-15,9.61,9.9693,11.1156
"4928",47,2011-02-16,9.45,9.963,11.1047
"4929",48,2011-02-17,9.28,9.9568,11.0949
"4930",49,2011-02-18,9.17,9.9509,11.087
"4931",50,2011-02-19,9.15,9.9455,11.0823
"4932",51,2011-02-20,9.35,9.9405,11.0812
"4933",52,2011-02-21,9.29,9.936,11.0801
"4934",53,2011-02-22,9.19,9.9322,11.0792
"4935",54,2011-02-23,9.1,9.9291,11.0784
"4936",55,2011-02-24,8.87,9.9268,11.0777
"4937",56,2011-02-25,9,9.9251,11.0789
"4938",57,2011-02-26,9.04,9.9244,11.0825
"4939",58,2011-02-27,8.79,9.9245,11.086
"4940",59,2011-02-28,8.55,9.9257,11.091
"4941",61,2011-03-01,8.62,9.9316,11.1015
"4942",62,2011-03-02,8.79,9.9358,11.1067
"4943",63,2011-03-03,8.83,9.9407,11.1125
"4944",64,2011-03-04,8.9,9.9461,11.1191
"4945",65,2011-03-05,9.02,9.9522,11.1267
"4946",66,2011-03-06,9.16,9.9588,11.1325
"4947",67,2011-03-07,9.14,9.9658,11.1358
"4948",68,2011-03-08,9.17,9.9736,11.1392
"4949",69,2011-03-09,9.44,9.9818,11.1425
"4950",70,2011-03-10,9.62,9.99,11.1462
"4951",71,2011-03-11,9.57,9.9981,11.1495
"4952",72,2011-03-12,9.66,10.006,11.1518
"4953",73,2011-03-13,9.77,10.0136,11.1536
"4954",74,2011-03-14,9.79,10.0207,11.1551
"4955",75,2011-03-15,9.86,10.0274,11.1565
"4956",76,2011-03-16,9.83,10.0336,11.1558
"4957",77,2011-03-17,9.77,10.0396,11.1545
"4958",78,2011-03-18,9.77,10.046,11.1532
"4959",79,2011-03-19,9.87,10.0524,11.1504
"4960",80,2011-03-20,9.84,10.0592,11.1473
"4961",81,2011-03-21,9.83,10.0665,11.1435
"4962",82,2011-03-22,9.8,10.0743,11.1404
"4963",83,2011-03-23,9.83,10.0826,11.1375
"4964",84,2011-03-24,9.82,10.0918,11.1357
"4965",85,2011-03-25,9.83,10.1019,11.1342
"4966",86,2011-03-26,9.96,10.1126,11.1325
"4967",87,2011-03-27,9.94,10.1239,11.1301
"4968",88,2011-03-28,9.91,10.1357,11.1271
"4969",89,2011-03-29,9.97,10.1474,11.126
"4970",90,2011-03-30,10.03,10.1592,11.1281
"4971",91,2011-03-31,10.16,10.1711,11.1322
"4972",92,2011-04-01,10.25,10.1827,11.1385
"4973",93,2011-04-02,10.29,10.1937,11.1444
"4974",94,2011-04-03,10.11,10.2033,11.1485
"4975",95,2011-04-04,10.05,10.2114,11.1519
"4976",96,2011-04-05,10.1,10.2185,11.1542
"4977",97,2011-04-06,10.15,10.2254,11.1585
"4978",98,2011-04-07,10.1,10.2326,11.1668
"4979",99,2011-04-08,10.1,10.2401,11.1761
"4980",100,2011-04-09,10.07,10.2481,11.1867
"4981",101,2011-04-10,10.16,10.2563,11.1987
"4982",102,2011-04-11,10.27,10.2645,11.2113
"4983",103,2011-04-12,10.23,10.2733,11.2247
"4984",104,2011-04-13,10.25,10.2836,11.2391
"4985",105,2011-04-14,10.38,10.2961,11.2549
"4986",106,2011-04-15,10.41,10.3111,11.2714
"4987",107,2011-04-16,10.42,10.3285,11.291
"4988",108,2011-04-17,10.25,10.3477,11.3139
"4989",109,2011-04-18,10.28,10.3679,11.3373
"4990",110,2011-04-19,10.47,10.3882,11.3643
"4991",111,2011-04-20,10.18,10.4078,11.3935
"4992",112,2011-04-21,10.11,10.426,11.4255
"4993",113,2011-04-22,10.04,10.4427,11.4589
"4994",114,2011-04-23,10.03,10.4574,11.4956
"4995",115,2011-04-24,10.21,10.4708,11.5356
"4996",116,2011-04-25,10.49,10.4827,11.576
"4997",117,2011-04-26,10.59,10.4939,11.6201
"4998",118,2011-04-27,10.62,10.5046,11.6646
"4999",119,2011-04-28,10.61,10.5149,11.7129
"5000",120,2011-04-29,10.54,10.5248,11.7629
"5001",121,2011-04-30,10.64,10.5346,11.81
"5002",122,2011-05-01,10.78,10.5444,11.8551
"5003",123,2011-05-02,10.41,10.5545,11.8975
"5004",124,2011-05-03,10.44,10.5659,11.9399
"5005",125,2011-05-04,10.16,10.5793,11.9839
"5006",126,2011-05-05,9.81,10.5933,12.0276
"5007",127,2011-05-06,9.81,10.6078,12.0702
"5008",128,2011-05-07,10.54,10.6227,12.1111
"5009",129,2011-05-08,11,10.6372,12.1495
"5010",130,2011-05-09,10.76,10.6506,12.1849
"5011",131,2011-05-10,10.03,10.6631,12.219
"5012",132,2011-05-11,10.02,10.6754,12.2525
"5013",133,2011-05-12,10.73,10.6884,12.2885
"5014",134,2011-05-13,11.04,10.7018,12.329
"5015",135,2011-05-14,10.46,10.7145,12.3712
"5016",136,2011-05-15,9.93,10.726,12.4122
"5017",137,2011-05-16,11.33,10.737,12.453
"5018",138,2011-05-17,11.53,10.7482,12.4958
"5019",139,2011-05-18,11,10.7591,12.5407
"5020",140,2011-05-19,9.83,10.7704,12.5882
"5021",141,2011-05-20,9.39,10.7833,12.6387
"5022",142,2011-05-21,9.63,10.7988,12.6892
"5023",143,2011-05-22,9.37,10.8167,12.7384
"5024",144,2011-05-23,9.4,10.8368,12.7851
"5025",145,2011-05-24,9.46,10.8595,12.8304
"5026",146,2011-05-25,10.97,10.885,12.8718
"5027",147,2011-05-26,12.86,10.9131,12.9133
"5028",148,2011-05-27,12.52,10.9418,12.9516
"5029",149,2011-05-28,12.45,10.9701,12.9901
"5030",150,2011-05-29,12.1,10.9974,13.0248
"5031",151,2011-05-30,12.04,11.0233,13.0555
"5032",152,2011-05-31,12.59,11.047,13.0853
"5033",153,2011-06-01,13.15,11.067,13.1138
"5034",154,2011-06-02,13.45,11.0839,13.1419
"5035",155,2011-06-03,13.58,11.097,13.1705
"5036",156,2011-06-04,12.93,11.1061,13.1987
"5037",157,2011-06-05,12.82,11.1117,13.2266
"5038",158,2011-06-06,13.67,11.1136,13.2538
"5039",159,2011-06-07,13.2,11.1127,13.2802
"5040",160,2011-06-08,12.32,11.1102,13.3056
"5041",161,2011-06-09,12.06,11.1081,13.3331
"5042",162,2011-06-10,12.1,11.1065,13.3616
"5043",163,2011-06-11,11.13,11.1059,13.3895
"5044",164,2011-06-12,10.27,11.1054,13.4178
"5045",165,2011-06-13,10.6,11.1043,13.4407
"5046",166,2011-06-14,11.85,11.1026,13.4616
"5047",167,2011-06-15,11.01,11.0995,13.4802
"5048",168,2011-06-16,10,11.0939,13.4984
"5049",169,2011-06-17,10.11,11.0858,13.5135
"5050",170,2011-06-18,10.53,11.076,13.5263
"5051",171,2011-06-19,10.97,11.0635,13.5378
"5052",172,2011-06-20,11.72,11.046,13.5396
"5053",173,2011-06-21,11.35,11.0228,13.5298
"5054",174,2011-06-22,10.66,10.9936,13.5043
"5055",175,2011-06-23,9.74,10.9611,13.4781
"5056",176,2011-06-24,10.01,10.9254,13.4507
"5057",177,2011-06-25,9.41,10.8856,13.4231
"5058",178,2011-06-26,8.92,10.8429,13.414
"5059",179,2011-06-27,9.44,10.7991,13.4134
"5060",180,2011-06-28,10.56,10.7552,13.4025
"5061",181,2011-06-29,14.21,10.7105,13.3878
"5062",182,2011-06-30,14.16,10.6662,13.3735
"5063",183,2011-07-01,12.53,10.6236,13.3663
"5064",184,2011-07-02,10.41,10.5836,13.3631
"5065",185,2011-07-03,11.09,10.5456,13.3571
"5066",186,2011-07-04,9.79,10.5077,13.335
"5067",187,2011-07-05,9.02,10.4704,13.2992
"5068",188,2011-07-06,8.74,10.4355,13.2602
"5069",189,2011-07-07,8,10.4026,13.2127
"5070",190,2011-07-08,8.01,10.3696,13.1664
"5071",191,2011-07-09,8.33,10.3359,13.1183
"5072",192,2011-07-10,8.64,10.3,13.0609
"5073",193,2011-07-11,9.81,10.2615,12.984
"5074",194,2011-07-12,9.66,10.2197,12.8985
"5075",195,2011-07-13,14.85,10.1754,12.8093
"5076",196,2011-07-14,15.7,10.1302,12.7209
"5077",197,2011-07-15,16.28,10.0854,12.6326
"5078",198,2011-07-16,15.72,10.042,12.5452
"5079",199,2011-07-17,15.84,10.0004,12.4567
"5080",200,2011-07-18,15.95,9.9617,12.37
"5081",201,2011-07-19,13.3,9.9257,12.2816
"5082",202,2011-07-20,12.05,9.8933,12.1945
"5083",203,2011-07-21,13.82,9.8668,12.1186
"5084",204,2011-07-22,14.08,9.8465,12.0565
"5085",205,2011-07-23,11.49,9.8334,12.0225
"5086",206,2011-07-24,9.46,9.8252,11.9939
"5087",207,2011-07-25,9.37,9.8209,11.9747
"5088",208,2011-07-26,10.13,9.8204,11.9585
"5089",209,2011-07-27,9.45,9.8228,11.9284
"5090",210,2011-07-28,8.97,9.8265,11.8936
"5091",211,2011-07-29,8.78,9.8306,11.8635
"5092",212,2011-07-30,8.02,9.8364,11.8341
"5093",213,2011-07-31,8.13,9.8428,11.8047
"5094",214,2011-08-01,8.09,9.8505,11.7705
"5095",215,2011-08-02,8.33,9.8595,11.74
"5096",216,2011-08-03,9.25,9.8698,11.7185
"5097",217,2011-08-04,8.84,9.8837,11.7086
"5098",218,2011-08-05,9.3,9.9008,11.7205
"5099",219,2011-08-06,9.03,9.9215,11.7383
"5100",220,2011-08-07,8.61,9.9463,11.7741
"5101",221,2011-08-08,8.91,9.976,11.821
"5102",222,2011-08-09,9.76,10.0101,11.8744
"5103",223,2011-08-10,9.58,10.0494,11.9415
"5104",224,2011-08-11,9.65,10.0934,12.0277
"5105",225,2011-08-12,9.34,10.1417,12.1178
"5106",226,2011-08-13,9.3,10.1924,12.2086
"5107",227,2011-08-14,9.94,10.2448,12.2992
"5108",228,2011-08-15,10.24,10.2987,12.3911
"5109",229,2011-08-16,10.23,10.3539,12.4844
"5110",230,2011-08-17,9.08,10.4092,12.581
"5111",231,2011-08-18,8.49,10.4626,12.6733
"5112",232,2011-08-19,8.29,10.5141,12.7636
"5113",233,2011-08-20,8.18,10.563,12.8508
"5114",234,2011-08-21,8.24,10.6078,12.9313
"5115",235,2011-08-22,8.9,10.6486,13.0067
"5116",236,2011-08-23,9.57,10.6854,13.0688
"5117",237,2011-08-24,9.51,10.7191,13.1258
"5118",238,2011-08-25,9.77,10.7494,13.1709
"5119",239,2011-08-26,9.05,10.7763,13.2129
"5120",240,2011-08-27,8.77,10.8002,13.2522
"5121",241,2011-08-28,8.75,10.8222,13.2872
"5122",242,2011-08-29,9.41,10.844,13.3258
"5123",243,2011-08-30,9.15,10.866,13.3667
"5124",244,2011-08-31,9.16,10.8889,13.4105
"5125",245,2011-09-01,9.43,10.9122,13.4556
"5126",246,2011-09-02,8.97,10.936,13.4997
"5127",247,2011-09-03,8.47,10.96,13.5405
"5128",248,2011-09-04,8.43,10.9841,13.5856
"5129",249,2011-09-05,9,11.0079,13.6205
"5130",250,2011-09-06,9.11,11.0301,13.6507
"5131",251,2011-09-07,8.7,11.0498,13.6683
"5132",252,2011-09-08,8.89,11.0661,13.6727
"5133",253,2011-09-09,8.79,11.079,13.6738
"5134",254,2011-09-10,8.36,11.0884,13.6724
"5135",255,2011-09-11,8.16,11.0953,13.6711
"5136",256,2011-09-12,8.57,11.101,13.6722
"5137",257,2011-09-13,9.32,11.1063,13.6729
"5138",258,2011-09-14,9.58,11.1102,13.6724
"5139",259,2011-09-15,9.53,11.1122,13.6712
"5140",260,2011-09-16,9.67,11.113,13.6724
"5141",261,2011-09-17,9.63,11.1139,13.6728
"5142",262,2011-09-18,10.74,11.1162,13.6758
"5143",263,2011-09-19,11.06,11.1202,13.68
"5144",264,2011-09-20,10.74,11.1261,13.6828
"5145",265,2011-09-21,10.97,11.1347,13.6823
"5146",266,2011-09-22,10.84,11.1454,13.6812
"5147",267,2011-09-23,11.46,11.158,13.6781
"5148",268,2011-09-24,12.35,11.1717,13.6731
"5149",269,2011-09-25,12.36,11.1876,13.6699
"5150",270,2011-09-26,13.55,11.2065,13.6687
"5151",271,2011-09-27,13.51,11.2269,13.6649
"5152",272,2011-09-28,13.49,11.248,13.6589
"5153",273,2011-09-29,13.76,11.2688,13.6519
"5154",274,2011-09-30,13.96,11.2888,13.6449
"5155",275,2011-10-01,13.93,11.3079,13.6349
"5156",276,2011-10-02,13.54,11.3253,13.6226
"5157",277,2011-10-03,13.99,11.3414,13.6053
"5158",278,2011-10-04,14.38,11.3562,13.5843
"5159",279,2011-10-05,14.29,11.3699,13.5618
"5160",280,2011-10-06,14.42,11.3826,13.5395
"5161",281,2011-10-07,14.86,11.3937,13.519
"5162",282,2011-10-08,14.89,11.4049,13.5023
"5163",283,2011-10-09,15.01,11.4173,13.4882
"5164",284,2011-10-10,14.99,11.431,13.4733
"5165",285,2011-10-11,15.04,11.4458,13.4525
"5166",286,2011-10-12,15.03,11.4602,13.4299
"5167",287,2011-10-13,15.09,11.4743,13.4095
"5168",288,2011-10-14,14.92,11.4875,13.3892
"5169",289,2011-10-15,14.79,11.5007,13.3693
"5170",290,2011-10-16,14.47,11.5141,13.3479
"5171",291,2011-10-17,13.75,11.5271,13.3218
"5172",292,2011-10-18,13.25,11.5392,13.2926
"5173",293,2011-10-19,13.72,11.5496,13.2597
"5174",294,2011-10-20,13.31,11.5576,13.2241
"5175",295,2011-10-21,13.45,11.564,13.1884
"5176",296,2011-10-22,13.88,11.5691,13.156
"5177",297,2011-10-23,14.04,11.5738,13.1249
"5178",298,2011-10-24,13.48,11.5779,13.0959
"5179",299,2011-10-25,11.82,11.5815,13.0693
"5180",300,2011-10-26,10.54,11.5842,13.0426
"5181",301,2011-10-27,11.03,11.5858,13.0155
"5182",302,2011-10-28,10.81,11.5873,12.9897
"5183",303,2011-10-29,11.63,11.5889,12.9682
"5184",304,2011-10-30,12.81,11.5912,12.9492
"5185",305,2011-10-31,12.38,11.594,12.934
"5186",306,2011-11-01,11.29,11.5966,12.9185
"5187",307,2011-11-02,11.03,11.5985,12.8996
"5188",308,2011-11-03,11.62,11.5996,12.8798
"5189",309,2011-11-04,11.59,11.5998,12.8584
"5190",310,2011-11-05,11.43,11.599,12.8356
"5191",311,2011-11-06,11.55,11.5978,12.8127
"5192",312,2011-11-07,11.41,11.5959,12.7879
"5193",313,2011-11-08,11.47,11.5925,12.7609
"5194",314,2011-11-09,11.58,11.5871,12.7318
"5195",315,2011-11-10,11.55,11.5797,12.7034
"5196",316,2011-11-11,11.64,11.5702,12.6775
"5197",317,2011-11-12,11.49,11.5592,12.6525
"5198",318,2011-11-13,11.49,11.5467,12.6267
"5199",319,2011-11-14,11.56,11.533,12.5974
"5200",320,2011-11-15,11.34,11.5179,12.5654
"5201",321,2011-11-16,11.18,11.5015,12.5325
"5202",322,2011-11-17,11.19,11.4832,12.5007
"5203",323,2011-11-18,11.24,11.4632,12.4704
"5204",324,2011-11-19,11.11,11.442,12.4436
"5205",325,2011-11-20,11.21,11.4196,12.4185
"5206",326,2011-11-21,11.09,11.3959,12.3943
"5207",327,2011-11-22,10.73,11.3708,12.3692
"5208",328,2011-11-23,10.87,11.3437,12.342
"5209",329,2011-11-24,10.79,11.3147,12.313
"5210",330,2011-11-25,10.87,11.2842,12.2834
"5211",331,2011-11-26,10.98,11.2522,12.253
"5212",332,2011-11-27,10.91,11.2182,12.2205
"5213",333,2011-11-28,10.73,11.1823,12.1866
"5214",334,2011-11-29,10.78,11.1446,12.1496
"5215",335,2011-11-30,10.76,11.1053,12.1111
"5216",336,2011-12-01,10.77,11.0649,12.0705
"5217",337,2011-12-02,10.54,11.0236,12.0305
"5218",338,2011-12-03,9.96,10.9819,11.9922
"5219",339,2011-12-04,9.79,10.9403,11.9533
"5220",340,2011-12-05,10.06,10.8989,11.9177
"5221",341,2011-12-06,10.07,10.8577,11.8842
"5222",342,2011-12-07,9.96,10.817,11.8526
"5223",343,2011-12-08,9.95,10.7774,11.824
"5224",344,2011-12-09,9.76,10.7392,11.7977
"5225",345,2011-12-10,9.66,10.7025,11.7739
"5226",346,2011-12-11,9.66,10.6674,11.7511
"5227",347,2011-12-12,9.43,10.6335,11.7296
"5228",348,2011-12-13,9.19,10.601,11.7085
"5229",349,2011-12-14,9.17,10.5699,11.6877
"5230",350,2011-12-15,9.22,10.5403,11.671
"5231",351,2011-12-16,9.26,10.5123,11.6578
"5232",352,2011-12-17,9.23,10.4858,11.6463
"5233",353,2011-12-18,9.34,10.4607,11.6355
"5234",354,2011-12-19,9.23,10.437,11.6249
"5235",355,2011-12-20,9.13,10.4142,11.6146
"5236",356,2011-12-21,9.04,10.3925,11.6047
"5237",357,2011-12-22,8.73,10.3716,11.5947
"5238",358,2011-12-23,8.96,10.3516,11.5836
"5239",359,2011-12-24,9.21,10.333,11.5735
"5240",360,2011-12-25,9.27,10.3153,11.5574
"5241",361,2011-12-26,9.2,10.2978,11.5405
"5242",362,2011-12-27,9.13,10.2806,11.5227
"5243",363,2011-12-28,9.27,10.2639,11.5042
"5244",364,2011-12-29,9.46,10.2479,11.4846
"5245",365,2011-12-30,9.59,10.2326,11.4656
"5246",366,2011-12-31,9.47,10.2178,11.447
"5247",1,2012-01-01,9.44,10.2036,11.4263
"5248",2,2012-01-02,9.25,10.1901,11.4062
"5249",3,2012-01-03,9.16,10.1775,11.3869
"5250",4,2012-01-04,9.31,10.1652,11.3691
"5251",5,2012-01-05,9.43,10.1538,11.3525
"5252",6,2012-01-06,9.35,10.1433,11.337
"5253",7,2012-01-07,9.21,10.1338,11.3233
"5254",8,2012-01-08,9.24,10.125,11.3114
"5255",9,2012-01-09,9.24,10.1165,11.3009
"5256",10,2012-01-10,9.25,10.1083,11.2911
"5257",11,2012-01-11,9.03,10.1003,11.2821
"5258",12,2012-01-12,8.79,10.0931,11.2742
"5259",13,2012-01-13,8.83,10.0866,11.2682
"5260",14,2012-01-14,8.66,10.0805,11.2646
"5261",15,2012-01-15,8.48,10.0747,11.2603
"5262",16,2012-01-16,8.57,10.069,11.2553
"5263",17,2012-01-17,8.53,10.0636,11.2493
"5264",18,2012-01-18,8.36,10.0587,11.2431
"5265",19,2012-01-19,8.54,10.0542,11.2344
"5266",20,2012-01-20,8.89,10.05,11.2223
"5267",21,2012-01-21,9.1,10.0465,11.2106
"5268",22,2012-01-22,9.08,10.0434,11.1993
"5269",23,2012-01-23,9.17,10.0405,11.1898
"5270",24,2012-01-24,9.12,10.0378,11.1808
"5271",25,2012-01-25,9.28,10.0354,11.1784
"5272",26,2012-01-26,9.37,10.0335,11.1765
"5273",27,2012-01-27,9.26,10.0324,11.1762
"5274",28,2012-01-28,9.15,10.0318,11.1764
"5275",29,2012-01-29,9.17,10.031,11.1771
"5276",30,2012-01-30,9.21,10.0301,11.1782
"5277",31,2012-01-31,9.24,10.0292,11.1797
"5278",32,2012-02-01,9.23,10.0282,11.1816
"5279",33,2012-02-02,9.23,10.027,11.1827
"5280",34,2012-02-03,9.3,10.0256,11.1833
"5281",35,2012-02-04,9.31,10.0237,11.1838
"5282",36,2012-02-05,9.26,10.0213,11.1832
"5283",37,2012-02-06,9.22,10.0181,11.1822
"5284",38,2012-02-07,9.18,10.014,11.1787
"5285",39,2012-02-08,9.15,10.0092,11.173
"5286",40,2012-02-09,9.31,10.0042,11.1668
"5287",41,2012-02-10,9.42,9.999,11.1611
"5288",42,2012-02-11,9.35,9.9935,11.1543
"5289",43,2012-02-12,9.34,9.9878,11.1466
"5290",44,2012-02-13,9.26,9.9818,11.1374
"5291",45,2012-02-14,9.22,9.9756,11.1264
"5292",46,2012-02-15,9.1,9.9693,11.1156
"5293",47,2012-02-16,9.06,9.963,11.1047
"5294",48,2012-02-17,8.97,9.9568,11.0949
"5295",49,2012-02-18,9.03,9.9509,11.087
"5296",50,2012-02-19,9.03,9.9455,11.0823
"5297",51,2012-02-20,9.06,9.9405,11.0812
"5298",52,2012-02-21,9.12,9.936,11.0801
"5299",53,2012-02-22,9.14,9.9322,11.0792
"5300",54,2012-02-23,9.08,9.9291,11.0784
"5301",55,2012-02-24,9.16,9.9268,11.0777
"5302",56,2012-02-25,9.18,9.9251,11.0789
"5303",57,2012-02-26,8.99,9.9244,11.0825
"5304",58,2012-02-27,8.85,9.9245,11.086
"5305",59,2012-02-28,8.82,9.9257,11.091
"5306",60,2012-02-29,8.79,9.9281,11.0962
"5307",61,2012-03-01,8.82,9.9316,11.1015
"5308",62,2012-03-02,8.89,9.9358,11.1067
"5309",63,2012-03-03,8.93,9.9407,11.1125
"5310",64,2012-03-04,8.96,9.9461,11.1191
"5311",65,2012-03-05,8.99,9.9522,11.1267
"5312",66,2012-03-06,8.86,9.9588,11.1325
"5313",67,2012-03-07,8.85,9.9658,11.1358
"5314",68,2012-03-08,8.87,9.9736,11.1392
"5315",69,2012-03-09,8.91,9.9818,11.1425
"5316",70,2012-03-10,9.03,9.99,11.1462
"5317",71,2012-03-11,9.15,9.9981,11.1495
"5318",72,2012-03-12,9.14,10.006,11.1518
"5319",73,2012-03-13,9.08,10.0136,11.1536
"5320",74,2012-03-14,9.04,10.0207,11.1551
"5321",75,2012-03-15,9.06,10.0274,11.1565
"5322",76,2012-03-16,9.01,10.0336,11.1558
"5323",77,2012-03-17,8.96,10.0396,11.1545
"5324",78,2012-03-18,8.96,10.046,11.1532
"5325",79,2012-03-19,8.96,10.0524,11.1504
"5326",80,2012-03-20,8.85,10.0592,11.1473
"5327",81,2012-03-21,8.82,10.0665,11.1435
"5328",82,2012-03-22,8.79,10.0743,11.1404
"5329",83,2012-03-23,8.87,10.0826,11.1375
"5330",84,2012-03-24,8.96,10.0918,11.1357
"5331",85,2012-03-25,8.92,10.1019,11.1342
"5332",86,2012-03-26,8.79,10.1126,11.1325
"5333",87,2012-03-27,8.7,10.1239,11.1301
"5334",88,2012-03-28,8.68,10.1357,11.1271
"5335",89,2012-03-29,8.68,10.1474,11.126
"5336",90,2012-03-30,8.59,10.1592,11.1281
"5337",91,2012-03-31,8.61,10.1711,11.1322
"5338",92,2012-04-01,8.71,10.1827,11.1385
"5339",93,2012-04-02,8.78,10.1937,11.1444
"5340",94,2012-04-03,8.92,10.2033,11.1485
"5341",95,2012-04-04,9.04,10.2114,11.1519
"5342",96,2012-04-05,8.94,10.2185,11.1542
"5343",97,2012-04-06,9.13,10.2254,11.1585
"5344",98,2012-04-07,10.1,10.2326,11.1668
"5345",99,2012-04-08,10.54,10.2401,11.1761
"5346",100,2012-04-09,10.64,10.2481,11.1867
"5347",101,2012-04-10,10.61,10.2563,11.1987
"5348",102,2012-04-11,10.71,10.2645,11.2113
"5349",103,2012-04-12,10.81,10.2733,11.2247
"5350",104,2012-04-13,10.64,10.2836,11.2391
"5351",105,2012-04-14,10.73,10.2961,11.2549
"5352",106,2012-04-15,11.02,10.3111,11.2714
"5353",107,2012-04-16,11.17,10.3285,11.291
"5354",108,2012-04-17,10.69,10.3477,11.3139
"5355",109,2012-04-18,10.74,10.3679,11.3373
"5356",110,2012-04-19,10.74,10.3882,11.3643
"5357",111,2012-04-20,10.85,10.4078,11.3935
"5358",112,2012-04-21,10.76,10.426,11.4255
"5359",113,2012-04-22,11.12,10.4427,11.4589
"5360",114,2012-04-23,11.06,10.4574,11.4956
"5361",115,2012-04-24,10.52,10.4708,11.5356
"5362",116,2012-04-25,10.89,10.4827,11.576
"5363",117,2012-04-26,11.21,10.4939,11.6201
"5364",118,2012-04-27,11.4,10.5046,11.6646
"5365",119,2012-04-28,11.52,10.5149,11.7129
"5366",120,2012-04-29,11.64,10.5248,11.7629
"5367",121,2012-04-30,11.61,10.5346,11.81
"5368",122,2012-05-01,11.55,10.5444,11.8551
"5369",123,2012-05-02,11.5,10.5545,11.8975
"5370",124,2012-05-03,11.44,10.5659,11.9399
"5371",125,2012-05-04,11.48,10.5793,11.9839
"5372",126,2012-05-05,11.61,10.5933,12.0276
"5373",127,2012-05-06,11.69,10.6078,12.0702
"5374",128,2012-05-07,11.24,10.6227,12.1111
"5375",129,2012-05-08,10.67,10.6372,12.1495
"5376",130,2012-05-09,9.7,10.6506,12.1849
"5377",131,2012-05-10,8.8,10.6631,12.219
"5378",132,2012-05-11,8.46,10.6754,12.2525
"5379",133,2012-05-12,8.4,10.6884,12.2885
"5380",134,2012-05-13,9.12,10.7018,12.329
"5381",135,2012-05-14,9.1,10.7145,12.3712
"5382",136,2012-05-15,9.78,10.726,12.4122
"5383",137,2012-05-16,9.47,10.737,12.453
"5384",138,2012-05-17,8.82,10.7482,12.4958
"5385",139,2012-05-18,8.71,10.7591,12.5407
"5386",140,2012-05-19,8.59,10.7704,12.5882
"5387",141,2012-05-20,9.27,10.7833,12.6387
"5388",142,2012-05-21,10.23,10.7988,12.6892
"5389",143,2012-05-22,10.59,10.8167,12.7384
"5390",144,2012-05-23,10.76,10.8368,12.7851
"5391",145,2012-05-24,11.15,10.8595,12.8304
"5392",146,2012-05-25,10.87,10.885,12.8718
"5393",147,2012-05-26,10.57,10.9131,12.9133
"5394",148,2012-05-27,10.95,10.9418,12.9516
"5395",149,2012-05-28,11.99,10.9701,12.9901
"5396",150,2012-05-29,11.66,10.9974,13.0248
"5397",151,2012-05-30,11.76,11.0233,13.0555
"5398",152,2012-05-31,12.36,11.047,13.0853
"5399",153,2012-06-01,13.26,11.067,13.1138
"5400",154,2012-06-02,12.7,11.0839,13.1419
"5401",155,2012-06-03,12.05,11.097,13.1705
"5402",156,2012-06-04,11.34,11.1061,13.1987
"5403",157,2012-06-05,10.59,11.1117,13.2266
"5404",158,2012-06-06,10.65,11.1136,13.2538
"5405",159,2012-06-07,11.76,11.1127,13.2802
"5406",160,2012-06-08,11.97,11.1102,13.3056
"5407",161,2012-06-09,12.16,11.1081,13.3331
"5408",162,2012-06-10,12.5,11.1065,13.3616
"5409",163,2012-06-11,12.51,11.1059,13.3895
"5410",164,2012-06-12,13.12,11.1054,13.4178
"5411",165,2012-06-13,13.12,11.1043,13.4407
"5412",166,2012-06-14,10.84,11.1026,13.4616
"5413",167,2012-06-15,10.51,11.0995,13.4802
"5414",168,2012-06-16,10.99,11.0939,13.4984
"5415",169,2012-06-17,11.77,11.0858,13.5135
"5416",170,2012-06-18,11.58,11.076,13.5263
"5417",171,2012-06-19,11.35,11.0635,13.5378
"5418",172,2012-06-20,11.35,11.046,13.5396
"5419",173,2012-06-21,10.34,11.0228,13.5298
"5420",174,2012-06-22,11.88,10.9936,13.5043
"5421",175,2012-06-23,12.62,10.9611,13.4781
"5422",176,2012-06-24,13.86,10.9254,13.4507
"5423",177,2012-06-25,13.41,10.8856,13.4231
"5424",178,2012-06-26,14.32,10.8429,13.414
"5425",179,2012-06-27,14.43,10.7991,13.4134
"5426",180,2012-06-28,14.46,10.7552,13.4025
"5427",181,2012-06-29,15.18,10.7105,13.3878
"5428",182,2012-06-30,15.09,10.6662,13.3735
"5429",183,2012-07-01,15.65,10.6236,13.3663
"5430",184,2012-07-02,13.99,10.5836,13.3631
"5431",185,2012-07-03,15.15,10.5456,13.3571
"5432",186,2012-07-04,14.18,10.5077,13.335
"5433",187,2012-07-05,11.8,10.4704,13.2992
"5434",188,2012-07-06,10.22,10.4355,13.2602
"5435",189,2012-07-07,8.76,10.4026,13.2127
"5436",190,2012-07-08,8.31,10.3696,13.1664
"5437",191,2012-07-09,8.35,10.3359,13.1183
"5438",192,2012-07-10,8.71,10.3,13.0609
"5439",193,2012-07-11,8.78,10.2615,12.984
"5440",194,2012-07-12,8.61,10.2197,12.8985
"5441",195,2012-07-13,8.48,10.1754,12.8093
"5442",196,2012-07-14,8.88,10.1302,12.7209
"5443",197,2012-07-15,9.37,10.0854,12.6326
"5444",198,2012-07-16,9.49,10.042,12.5452
"5445",199,2012-07-17,10.05,10.0004,12.4567
"5446",200,2012-07-18,10.69,9.9617,12.37
"5447",201,2012-07-19,12.06,9.9257,12.2816
"5448",202,2012-07-20,12.48,9.8933,12.1945
"5449",203,2012-07-21,15.03,9.8668,12.1186
"5450",204,2012-07-22,13.5,9.8465,12.0565
"5451",205,2012-07-23,12.69,9.8334,12.0225
"5452",206,2012-07-24,9.81,9.8252,11.9939
"5453",207,2012-07-25,8.49,9.8209,11.9747
"5454",208,2012-07-26,8.94,9.8204,11.9585
"5455",209,2012-07-27,10.1,9.8228,11.9284
"5456",210,2012-07-28,10.75,9.8265,11.8936
"5457",211,2012-07-29,10.7,9.8306,11.8635
"5458",212,2012-07-30,9.81,9.8364,11.8341
"5459",213,2012-07-31,9.39,9.8428,11.8047
"5460",214,2012-08-01,9.37,9.8505,11.7705
"5461",215,2012-08-02,9.14,9.8595,11.74
"5462",216,2012-08-03,8.71,9.8698,11.7185
"5463",217,2012-08-04,8.51,9.8837,11.7086
"5464",218,2012-08-05,9.21,9.9008,11.7205
"5465",219,2012-08-06,9.91,9.9215,11.7383
"5466",220,2012-08-07,11.09,9.9463,11.7741
"5467",221,2012-08-08,12.32,9.976,11.821
"5468",222,2012-08-09,12.57,10.0101,11.8744
"5469",223,2012-08-10,10.91,10.0494,11.9415
"5470",224,2012-08-11,9.31,10.0934,12.0277
"5471",225,2012-08-12,8.13,10.1417,12.1178
"5472",226,2012-08-13,8.03,10.1924,12.2086
"5473",227,2012-08-14,8.24,10.2448,12.2992
"5474",228,2012-08-15,8.23,10.2987,12.3911
"5475",229,2012-08-16,8.66,10.3539,12.4844
"5476",230,2012-08-17,8.94,10.4092,12.581
"5477",231,2012-08-18,9.85,10.4626,12.6733
"5478",232,2012-08-19,10.86,10.5141,12.7636
"5479",233,2012-08-20,11.08,10.563,12.8508
"5480",234,2012-08-21,11.68,10.6078,12.9313
"5481",235,2012-08-22,10.96,10.6486,13.0067
"5482",236,2012-08-23,9.84,10.6854,13.0688
"5483",237,2012-08-24,9.19,10.7191,13.1258
"5484",238,2012-08-25,9.04,10.7494,13.1709
"5485",239,2012-08-26,9.77,10.7763,13.2129
"5486",240,2012-08-27,9.66,10.8002,13.2522
"5487",241,2012-08-28,11.12,10.8222,13.2872
"5488",242,2012-08-29,11.86,10.844,13.3258
"5489",243,2012-08-30,13.1,10.866,13.3667
"5490",244,2012-08-31,11.14,10.8889,13.4105
"5491",245,2012-09-01,10.2,10.9122,13.4556
"5492",246,2012-09-02,10.23,10.936,13.4997
"5493",247,2012-09-03,9.71,10.96,13.5405
"5494",248,2012-09-04,8.74,10.9841,13.5856
"5495",249,2012-09-05,8.42,11.0079,13.6205
"5496",250,2012-09-06,8.35,11.0301,13.6507
"5497",251,2012-09-07,8.53,11.0498,13.6683
"5498",252,2012-09-08,9.32,11.0661,13.6727
"5499",253,2012-09-09,9.9,11.079,13.6738
"5500",254,2012-09-10,11.48,11.0884,13.6724
"5501",255,2012-09-11,9.72,11.0953,13.6711
"5502",256,2012-09-12,8.97,11.101,13.6722
"5503",257,2012-09-13,8.36,11.1063,13.6729
"5504",258,2012-09-14,8.84,11.1102,13.6724
"5505",259,2012-09-15,9.18,11.1122,13.6712
"5506",260,2012-09-16,9.13,11.113,13.6724
"5507",261,2012-09-17,8.92,11.1139,13.6728
"5508",262,2012-09-18,9.32,11.1162,13.6758
"5509",263,2012-09-19,9.36,11.1202,13.68
"5510",264,2012-09-20,9.36,11.1261,13.6828
"5511",265,2012-09-21,9.91,11.1347,13.6823
"5512",266,2012-09-22,10.28,11.1454,13.6812
"5513",267,2012-09-23,10.3,11.158,13.6781
"5514",268,2012-09-24,9.99,11.1717,13.6731
"5515",269,2012-09-25,9.79,11.1876,13.6699
"5516",270,2012-09-26,9.32,11.2065,13.6687
"5517",271,2012-09-27,9.1,11.2269,13.6649
"5518",272,2012-09-28,9.18,11.248,13.6589
"5519",273,2012-09-29,9.26,11.2688,13.6519
"5520",274,2012-09-30,8.82,11.2888,13.6449
"5521",275,2012-10-01,8.74,11.3079,13.6349
"5522",276,2012-10-02,9.06,11.3253,13.6226
"5523",277,2012-10-03,8.57,11.3414,13.6053
"5524",278,2012-10-04,8.33,11.3562,13.5843
"5525",279,2012-10-05,8.28,11.3699,13.5618
"5526",280,2012-10-06,8.7,11.3826,13.5395
"5527",281,2012-10-07,9.02,11.3937,13.519
"5528",282,2012-10-08,9.01,11.4049,13.5023
"5529",283,2012-10-09,9.26,11.4173,13.4882
"5530",284,2012-10-10,9.3,11.431,13.4733
"5531",285,2012-10-11,9.18,11.4458,13.4525
"5532",286,2012-10-12,9.27,11.4602,13.4299
"5533",287,2012-10-13,9.75,11.4743,13.4095
"5534",288,2012-10-14,10.08,11.4875,13.3892
"5535",289,2012-10-15,10.68,11.5007,13.3693
"5536",290,2012-10-16,11.27,11.5141,13.3479
"5537",291,2012-10-17,10.88,11.5271,13.3218
"5538",292,2012-10-18,10.71,11.5392,13.2926
"5539",293,2012-10-19,10.99,11.5496,13.2597
"5540",294,2012-10-20,11.31,11.5576,13.2241
"5541",295,2012-10-21,11.51,11.564,13.1884
"5542",296,2012-10-22,11.65,11.5691,13.156
"5543",297,2012-10-23,11.93,11.5738,13.1249
"5544",298,2012-10-24,11.85,11.5779,13.0959
"5545",299,2012-10-25,11.76,11.5815,13.0693
"5546",300,2012-10-26,11.73,11.5842,13.0426
"5547",301,2012-10-27,11.77,11.5858,13.0155
"5548",302,2012-10-28,11.83,11.5873,12.9897
"5549",303,2012-10-29,11.94,11.5889,12.9682
"5550",304,2012-10-30,11.97,11.5912,12.9492
"5551",305,2012-10-31,12.17,11.594,12.934
"5552",306,2012-11-01,12.15,11.5966,12.9185
"5553",307,2012-11-02,12.15,11.5985,12.8996
"5554",308,2012-11-03,12.27,11.5996,12.8798
"5555",309,2012-11-04,12.43,11.5998,12.8584
"5556",310,2012-11-05,12.58,11.599,12.8356
"5557",311,2012-11-06,12.42,11.5978,12.8127
"5558",312,2012-11-07,12.53,11.5959,12.7879
"5559",313,2012-11-08,12.35,11.5925,12.7609
"5560",314,2012-11-09,12.25,11.5871,12.7318
"5561",315,2012-11-10,12.08,11.5797,12.7034
"5562",316,2012-11-11,11.85,11.5702,12.6775
"5563",317,2012-11-12,11.58,11.5592,12.6525
"5564",318,2012-11-13,11.89,11.5467,12.6267
"5565",319,2012-11-14,11.94,11.533,12.5974
"5566",320,2012-11-15,11.91,11.5179,12.5654
"5567",321,2012-11-16,11.8,11.5015,12.5325
"5568",322,2012-11-17,11.96,11.4832,12.5007
"5569",323,2012-11-18,12.16,11.4632,12.4704
"5570",324,2012-11-19,12.25,11.442,12.4436
"5571",325,2012-11-20,12.8,11.4196,12.4185
"5572",326,2012-11-21,12.64,11.3959,12.3943
"5573",327,2012-11-22,12.58,11.3708,12.3692
"5574",328,2012-11-23,12.28,11.3437,12.342
"5575",329,2012-11-24,12.23,11.3147,12.313
"5576",330,2012-11-25,12.26,11.2842,12.2834
"5577",331,2012-11-26,12.24,11.2522,12.253
"5578",332,2012-11-27,11.72,11.2182,12.2205
"5579",333,2012-11-28,11.56,11.1823,12.1866
"5580",334,2012-11-29,11.89,11.1446,12.1496
"5581",335,2012-11-30,12.26,11.1053,12.1111
"5582",336,2012-12-01,12.08,11.0649,12.0705
"5583",337,2012-12-02,12,11.0236,12.0305
"5584",338,2012-12-03,11.99,10.9819,11.9922
"5585",339,2012-12-04,12.14,10.9403,11.9533
"5586",340,2012-12-05,12.15,10.8989,11.9177
"5587",341,2012-12-06,12.01,10.8577,11.8842
"5588",342,2012-12-07,11.64,10.817,11.8526
"5589",343,2012-12-08,11.94,10.7774,11.824
"5590",344,2012-12-09,11.85,10.7392,11.7977
"5591",345,2012-12-10,11.31,10.7025,11.7739
"5592",346,2012-12-11,11.39,10.6674,11.7511
"5593",347,2012-12-12,11.41,10.6335,11.7296
"5594",348,2012-12-13,11.48,10.601,11.7085
"5595",349,2012-12-14,11.47,10.5699,11.6877
"5596",350,2012-12-15,11.64,10.5403,11.671
"5597",351,2012-12-16,11,10.5123,11.6578
"5598",352,2012-12-17,10.98,10.4858,11.6463
"5599",353,2012-12-18,11.14,10.4607,11.6355
"5600",354,2012-12-19,10.98,10.437,11.6249
"5601",355,2012-12-20,10.78,10.4142,11.6146
"5602",356,2012-12-21,11.17,10.3925,11.6047
"5603",357,2012-12-22,10.93,10.3716,11.5947
"5604",358,2012-12-23,10.78,10.3516,11.5836
"5605",359,2012-12-24,10.73,10.333,11.5735
"5606",360,2012-12-25,10.43,10.3153,11.5574
"5607",361,2012-12-26,10.47,10.2978,11.5405
"5608",362,2012-12-27,10.88,10.2806,11.5227
"5609",363,2012-12-28,10.19,10.2639,11.5042
"5610",364,2012-12-29,10.02,10.2479,11.4846
"5611",365,2012-12-30,10.07,10.2326,11.4656
"5612",366,2012-12-31,9.97,10.2178,11.447
"5613",1,2013-01-01,10.07,10.2036,11.4263
"5614",2,2013-01-02,9.93,10.1901,11.4062
"5615",3,2013-01-03,9.87,10.1775,11.3869
"5616",4,2013-01-04,9.89,10.1652,11.3691
"5617",5,2013-01-05,10.46,10.1538,11.3525
"5618",6,2013-01-06,10.11,10.1433,11.337
"5619",7,2013-01-07,9.99,10.1338,11.3233
"5620",8,2013-01-08,10.24,10.125,11.3114
"5621",9,2013-01-09,10.28,10.1165,11.3009
"5622",10,2013-01-10,10.31,10.1083,11.2911
"5623",11,2013-01-11,10.38,10.1003,11.2821
"5624",12,2013-01-12,10.31,10.0931,11.2742
"5625",13,2013-01-13,9.89,10.0866,11.2682
"5626",14,2013-01-14,9.7,10.0805,11.2646
"5627",15,2013-01-15,9.76,10.0747,11.2603
"5628",16,2013-01-16,9.68,10.069,11.2553
"5629",17,2013-01-17,9.35,10.0636,11.2493
"5630",18,2013-01-18,9.52,10.0587,11.2431
"5631",19,2013-01-19,9.61,10.0542,11.2344
"5632",20,2013-01-20,9.7,10.05,11.2223
"5633",21,2013-01-21,9.65,10.0465,11.2106
"5634",22,2013-01-22,9.62,10.0434,11.1993
"5635",23,2013-01-23,9.55,10.0405,11.1898
"5636",24,2013-01-24,9.56,10.0378,11.1808
"5637",25,2013-01-25,9.54,10.0354,11.1784
"5638",26,2013-01-26,9.47,10.0335,11.1765
"5639",27,2013-01-27,9.45,10.0324,11.1762
"5640",28,2013-01-28,9.28,10.0318,11.1764
"5641",29,2013-01-29,9.29,10.031,11.1771
"5642",30,2013-01-30,9.48,10.0301,11.1782
"5643",31,2013-01-31,9.57,10.0292,11.1797
"5644",32,2013-02-01,9.67,10.0282,11.1816
"5645",33,2013-02-02,9.56,10.027,11.1827
"5646",34,2013-02-03,9.65,10.0256,11.1833
"5647",35,2013-02-04,9.66,10.0237,11.1838
"5648",36,2013-02-05,9.67,10.0213,11.1832
"5649",37,2013-02-06,9.69,10.0181,11.1822
"5650",38,2013-02-07,9.64,10.014,11.1787
"5651",39,2013-02-08,9.51,10.0092,11.173
"5652",40,2013-02-09,9.51,10.0042,11.1668
"5653",41,2013-02-10,9.59,9.999,11.1611
"5654",42,2013-02-11,9.63,9.9935,11.1543
"5655",43,2013-02-12,9.68,9.9878,11.1466
"5656",44,2013-02-13,9.73,9.9818,11.1374
"5657",45,2013-02-14,9.76,9.9756,11.1264
"5658",46,2013-02-15,9.8,9.9693,11.1156
"5659",47,2013-02-16,9.76,9.963,11.1047
"5660",48,2013-02-17,9.65,9.9568,11.0949
"5661",49,2013-02-18,9.51,9.9509,11.087
"5662",50,2013-02-19,9.4,9.9455,11.0823
"5663",51,2013-02-20,9.4,9.9405,11.0812
"5664",52,2013-02-21,9.25,9.936,11.0801
"5665",53,2013-02-22,9.26,9.9322,11.0792
"5666",54,2013-02-23,9.2,9.9291,11.0784
"5667",55,2013-02-24,9.16,9.9268,11.0777
"5668",56,2013-02-25,9.14,9.9251,11.0789
"5669",57,2013-02-26,9.03,9.9244,11.0825
"5670",58,2013-02-27,9.03,9.9245,11.086
"5671",59,2013-02-28,9.08,9.9257,11.091
"5672",61,2013-03-01,9.17,9.9316,11.1015
"5673",62,2013-03-02,9.32,9.9358,11.1067
"5674",63,2013-03-03,9.21,9.9407,11.1125
"5675",64,2013-03-04,9.12,9.9461,11.1191
"5676",65,2013-03-05,9.21,9.9522,11.1267
"5677",66,2013-03-06,9.13,9.9588,11.1325
"5678",67,2013-03-07,9.13,9.9658,11.1358
"5679",68,2013-03-08,9.21,9.9736,11.1392
"5680",69,2013-03-09,9.2,9.9818,11.1425
"5681",70,2013-03-10,9.15,9.99,11.1462
"5682",71,2013-03-11,9.2,9.9981,11.1495
"5683",72,2013-03-12,9.35,10.006,11.1518
"5684",73,2013-03-13,9.45,10.0136,11.1536
"5685",74,2013-03-14,9.48,10.0207,11.1551
"5686",75,2013-03-15,9.65,10.0274,11.1565
"5687",76,2013-03-16,9.86,10.0336,11.1558
"5688",77,2013-03-17,9.77,10.0396,11.1545
"5689",78,2013-03-18,9.63,10.046,11.1532
"5690",79,2013-03-19,9.45,10.0524,11.1504
"5691",80,2013-03-20,9.51,10.0592,11.1473
"5692",81,2013-03-21,9.5,10.0665,11.1435
"5693",82,2013-03-22,9.26,10.0743,11.1404
"5694",83,2013-03-23,9.25,10.0826,11.1375
"5695",84,2013-03-24,9.29,10.0918,11.1357
"5696",85,2013-03-25,9.38,10.1019,11.1342
"5697",86,2013-03-26,9.43,10.1126,11.1325
"5698",87,2013-03-27,9.61,10.1239,11.1301
"5699",88,2013-03-28,9.8,10.1357,11.1271
"5700",89,2013-03-29,9.87,10.1474,11.126
"5701",90,2013-03-30,9.59,10.1592,11.1281
"5702",91,2013-03-31,9.55,10.1711,11.1322
"5703",92,2013-04-01,9.78,10.1827,11.1385
"5704",93,2013-04-02,9.97,10.1937,11.1444
"5705",94,2013-04-03,10.22,10.2033,11.1485
"5706",95,2013-04-04,10.42,10.2114,11.1519
"5707",96,2013-04-05,10.19,10.2185,11.1542
"5708",97,2013-04-06,10.59,10.2254,11.1585
"5709",98,2013-04-07,10.57,10.2326,11.1668
"5710",99,2013-04-08,10.41,10.2401,11.1761
"5711",100,2013-04-09,10.27,10.2481,11.1867
"5712",101,2013-04-10,10.42,10.2563,11.1987
"5713",102,2013-04-11,10.49,10.2645,11.2113
"5714",103,2013-04-12,10.49,10.2733,11.2247
"5715",104,2013-04-13,10.29,10.2836,11.2391
"5716",105,2013-04-14,10.23,10.2961,11.2549
"5717",106,2013-04-15,10.07,10.3111,11.2714
"5718",107,2013-04-16,10.1,10.3285,11.291
"5719",108,2013-04-17,9.9,10.3477,11.3139
"5720",109,2013-04-18,10.26,10.3679,11.3373
"5721",110,2013-04-19,10.82,10.3882,11.3643
"5722",111,2013-04-20,10.7,10.4078,11.3935
"5723",112,2013-04-21,10.99,10.426,11.4255
"5724",113,2013-04-22,11.01,10.4427,11.4589
"5725",114,2013-04-23,9.63,10.4574,11.4956
"5726",115,2013-04-24,8.88,10.4708,11.5356
"5727",116,2013-04-25,8.57,10.4827,11.576
"5728",117,2013-04-26,8.52,10.4939,11.6201
"5729",118,2013-04-27,8.86,10.5046,11.6646
"5730",119,2013-04-28,9.34,10.5149,11.7129
"5731",120,2013-04-29,9.6,10.5248,11.7629
"5732",121,2013-04-30,9.09,10.5346,11.81
"5733",122,2013-05-01,8.26,10.5444,11.8551
"5734",123,2013-05-02,8.19,10.5545,11.8975
"5735",124,2013-05-03,7.83,10.5659,11.9399
"5736",125,2013-05-04,7.85,10.5793,11.9839
"5737",126,2013-05-05,7.85,10.5933,12.0276
"5738",127,2013-05-06,8.36,10.6078,12.0702
"5739",128,2013-05-07,9.63,10.6227,12.1111
"5740",129,2013-05-08,9.9,10.6372,12.1495
"5741",130,2013-05-09,10.5,10.6506,12.1849
"5742",131,2013-05-10,10.26,10.6631,12.219
"5743",132,2013-05-11,10.53,10.6754,12.2525
"5744",133,2013-05-12,11.23,10.6884,12.2885
"5745",134,2013-05-13,11.89,10.7018,12.329
"5746",135,2013-05-14,11.73,10.7145,12.3712
"5747",136,2013-05-15,11.31,10.726,12.4122
"5748",137,2013-05-16,11.69,10.737,12.453
"5749",138,2013-05-17,11.9,10.7482,12.4958
"5750",139,2013-05-18,12.55,10.7591,12.5407
"5751",140,2013-05-19,12.82,10.7704,12.5882
"5752",141,2013-05-20,11.59,10.7833,12.6387
"5753",142,2013-05-21,10.67,10.7988,12.6892
"5754",143,2013-05-22,9.2,10.8167,12.7384
"5755",144,2013-05-23,9.54,10.8368,12.7851
"5756",145,2013-05-24,10.46,10.8595,12.8304
"5757",146,2013-05-25,11.01,10.885,12.8718
"5758",147,2013-05-26,12.19,10.9131,12.9133
"5759",148,2013-05-27,12.43,10.9418,12.9516
"5760",149,2013-05-28,12.34,10.9701,12.9901
"5761",150,2013-05-29,12.6,10.9974,13.0248
"5762",151,2013-05-30,12.79,11.0233,13.0555
"5763",152,2013-05-31,12.87,11.047,13.0853
"5764",153,2013-06-01,12.4,11.067,13.1138
"5765",154,2013-06-02,12.97,11.0839,13.1419
"5766",155,2013-06-03,11.72,11.097,13.1705
"5767",156,2013-06-04,10.76,11.1061,13.1987
"5768",157,2013-06-05,8.33,11.1117,13.2266
"5769",158,2013-06-06,8.57,11.1136,13.2538
"5770",159,2013-06-07,8.53,11.1127,13.2802
"5771",160,2013-06-08,8.76,11.1102,13.3056
"5772",161,2013-06-09,8.51,11.1081,13.3331
"5773",162,2013-06-10,7.99,11.1065,13.3616
"5774",163,2013-06-11,7.9,11.1059,13.3895
"5775",164,2013-06-12,8.6,11.1054,13.4178
"5776",165,2013-06-13,9.36,11.1043,13.4407
"5777",166,2013-06-14,9.75,11.1026,13.4616
"5778",167,2013-06-15,9.04,11.0995,13.4802
"5779",168,2013-06-16,12.02,11.0939,13.4984
"5780",169,2013-06-17,12.92,11.0858,13.5135
"5781",170,2013-06-18,14.24,11.076,13.5263
"5782",171,2013-06-19,13.64,11.0635,13.5378
"5783",172,2013-06-20,14.1,11.046,13.5396
"5784",173,2013-06-21,15.11,11.0228,13.5298
"5785",174,2013-06-22,14.79,10.9936,13.5043
"5786",175,2013-06-23,15.37,10.9611,13.4781
"5787",176,2013-06-24,15.59,10.9254,13.4507
"5788",177,2013-06-25,15.34,10.8856,13.4231
"5789",178,2013-06-26,15.34,10.8429,13.414
"5790",179,2013-06-27,15.58,10.7991,13.4134
"5791",180,2013-06-28,15.94,10.7552,13.4025
"5792",181,2013-06-29,16.46,10.7105,13.3878
"5793",182,2013-06-30,15.2,10.6662,13.3735
"5794",183,2013-07-01,15.15,10.6236,13.3663
"5795",184,2013-07-02,14.17,10.5836,13.3631
"5796",185,2013-07-03,12.25,10.5456,13.3571
"5797",186,2013-07-04,9.98,10.5077,13.335
"5798",187,2013-07-05,9.28,10.4704,13.2992
"5799",188,2013-07-06,9.15,10.4355,13.2602
"5800",189,2013-07-07,8.76,10.4026,13.2127
"5801",190,2013-07-08,8.8,10.3696,13.1664
"5802",191,2013-07-09,8.8,10.3359,13.1183
"5803",192,2013-07-10,8.35,10.3,13.0609
"5804",193,2013-07-11,8.02,10.2615,12.984
"5805",194,2013-07-12,8.27,10.2197,12.8985
"5806",195,2013-07-13,8.19,10.1754,12.8093
"5807",196,2013-07-14,8.43,10.1302,12.7209
"5808",197,2013-07-15,8.11,10.0854,12.6326
"5809",198,2013-07-16,7.89,10.042,12.5452
"5810",199,2013-07-17,8.7,10.0004,12.4567
"5811",200,2013-07-18,9.63,9.9617,12.37
"5812",201,2013-07-19,8.45,9.9257,12.2816
"5813",202,2013-07-20,8.27,9.8933,12.1945
"5814",203,2013-07-21,8.36,9.8668,12.1186
"5815",204,2013-07-22,8.2,9.8465,12.0565
"5816",205,2013-07-23,8.07,9.8334,12.0225
"5817",206,2013-07-24,7.67,9.8252,11.9939
"5818",207,2013-07-25,7.64,9.8209,11.9747
"5819",208,2013-07-26,8.22,9.8204,11.9585
"5820",209,2013-07-27,7.99,9.8228,11.9284
"5821",210,2013-07-28,7.82,9.8265,11.8936
"5822",211,2013-07-29,7.64,9.8306,11.8635
"5823",212,2013-07-30,8.18,9.8364,11.8341
"5824",213,2013-07-31,8.6,9.8428,11.8047
"5825",214,2013-08-01,9.57,9.8505,11.7705
"5826",215,2013-08-02,10.06,9.8595,11.74
"5827",216,2013-08-03,11,9.8698,11.7185
"5828",217,2013-08-04,10.2,9.8837,11.7086
"5829",218,2013-08-05,8.73,9.9008,11.7205
"5830",219,2013-08-06,7.95,9.9215,11.7383
"5831",220,2013-08-07,7.88,9.9463,11.7741
"5832",221,2013-08-08,8.45,9.976,11.821
"5833",222,2013-08-09,8.3,10.0101,11.8744
"5834",223,2013-08-10,8.49,10.0494,11.9415
"5835",224,2013-08-11,8.84,10.0934,12.0277
"5836",225,2013-08-12,9.27,10.1417,12.1178
"5837",226,2013-08-13,9.33,10.1924,12.2086
"5838",227,2013-08-14,9.55,10.2448,12.2992
"5839",228,2013-08-15,10.47,10.2987,12.3911
"5840",229,2013-08-16,10.95,10.3539,12.4844
"5841",230,2013-08-17,12.53,10.4092,12.581
"5842",231,2013-08-18,11.95,10.4626,12.6733
"5843",232,2013-08-19,10.71,10.5141,12.7636
"5844",233,2013-08-20,9.79,10.563,12.8508
"5845",234,2013-08-21,8.88,10.6078,12.9313
"5846",235,2013-08-22,8.61,10.6486,13.0067
"5847",236,2013-08-23,9.1,10.6854,13.0688
"5848",237,2013-08-24,9.74,10.7191,13.1258
"5849",238,2013-08-25,9.99,10.7494,13.1709
"5850",239,2013-08-26,10.44,10.7763,13.2129
"5851",240,2013-08-27,10.85,10.8002,13.2522
"5852",241,2013-08-28,11.55,10.8222,13.2872
"5853",242,2013-08-29,12.06,10.844,13.3258
"5854",243,2013-08-30,12.62,10.866,13.3667
"5855",244,2013-08-31,12.55,10.8889,13.4105
"5856",245,2013-09-01,13.28,10.9122,13.4556
"5857",246,2013-09-02,13.65,10.936,13.4997
"5858",247,2013-09-03,14.49,10.96,13.5405
"5859",248,2013-09-04,15.17,10.9841,13.5856
"5860",249,2013-09-05,15.64,11.0079,13.6205
"5861",250,2013-09-06,15.71,11.0301,13.6507
"5862",251,2013-09-07,15.9,11.0498,13.6683
"5863",252,2013-09-08,15.5,11.0661,13.6727
"5864",253,2013-09-09,12.71,11.079,13.6738
"5865",254,2013-09-10,10.19,11.0884,13.6724
"5866",255,2013-09-11,10.35,11.0953,13.6711
"5867",256,2013-09-12,11.67,11.101,13.6722
"5868",257,2013-09-13,11.98,11.1063,13.6729
"5869",258,2013-09-14,12.15,11.1102,13.6724
"5870",259,2013-09-15,12.24,11.1122,13.6712
"5871",260,2013-09-16,13.94,11.113,13.6724
"5872",261,2013-09-17,13.58,11.1139,13.6728
"5873",262,2013-09-18,13.12,11.1162,13.6758
"5874",263,2013-09-19,12.61,11.1202,13.68
"5875",264,2013-09-20,12.71,11.1261,13.6828
"5876",265,2013-09-21,14.36,11.1347,13.6823
"5877",266,2013-09-22,14.69,11.1454,13.6812
"5878",267,2013-09-23,14.94,11.158,13.6781
"5879",268,2013-09-24,15,11.1717,13.6731
"5880",269,2013-09-25,14.73,11.1876,13.6699
"5881",270,2013-09-26,14.63,11.2065,13.6687
"5882",271,2013-09-27,14.52,11.2269,13.6649
"5883",272,2013-09-28,14.58,11.248,13.6589
"5884",273,2013-09-29,14.65,11.2688,13.6519
"5885",274,2013-09-30,14.76,11.2888,13.6449
"5886",275,2013-10-01,14.86,11.3079,13.6349
"5887",276,2013-10-02,14.87,11.3253,13.6226
"5888",277,2013-10-03,14.87,11.3414,13.6053
"5889",278,2013-10-04,14.8,11.3562,13.5843
"5890",279,2013-10-05,14.53,11.3699,13.5618
"5891",280,2013-10-06,14.47,11.3826,13.5395
"5892",281,2013-10-07,14.62,11.3937,13.519
"5893",282,2013-10-08,14.51,11.4049,13.5023
"5894",283,2013-10-09,13.89,11.4173,13.4882
"5895",284,2013-10-10,13.71,11.431,13.4733
"5896",285,2013-10-11,NA,11.4458,13.4525
"5897",286,2013-10-12,NA,11.4602,13.4299
"5898",287,2013-10-13,NA,11.4743,13.4095
"5899",288,2013-10-14,NA,11.4875,13.3892
"5900",289,2013-10-15,NA,11.5007,13.3693
"5901",290,2013-10-16,NA,11.5141,13.3479
"5902",291,2013-10-17,NA,11.5271,13.3218
"5903",292,2013-10-18,NA,11.5392,13.2926
"5904",293,2013-10-19,NA,11.5496,13.2597
"5905",294,2013-10-20,NA,11.5576,13.2241
"5906",295,2013-10-21,NA,11.564,13.1884
"5907",296,2013-10-22,NA,11.5691,13.156
"5908",297,2013-10-23,NA,11.5738,13.1249
"5909",298,2013-10-24,NA,11.5779,13.0959
"5910",299,2013-10-25,NA,11.5815,13.0693
"5911",300,2013-10-26,NA,11.5842,13.0426
"5912",301,2013-10-27,NA,11.5858,13.0155
"5913",302,2013-10-28,NA,11.5873,12.9897
"5914",303,2013-10-29,NA,11.5889,12.9682
"5915",304,2013-10-30,NA,11.5912,12.9492
"5916",305,2013-10-31,NA,11.594,12.934
"5917",306,2013-11-01,NA,11.5966,12.9185
"5918",307,2013-11-02,NA,11.5985,12.8996
"5919",308,2013-11-03,NA,11.5996,12.8798
"5920",309,2013-11-04,NA,11.5998,12.8584
"5921",310,2013-11-05,NA,11.599,12.8356
"5922",311,2013-11-06,NA,11.5978,12.8127
"5923",312,2013-11-07,NA,11.5959,12.7879
"5924",313,2013-11-08,NA,11.5925,12.7609
"5925",314,2013-11-09,NA,11.5871,12.7318
"5926",315,2013-11-10,NA,11.5797,12.7034
"5927",316,2013-11-11,NA,11.5702,12.6775
"5928",317,2013-11-12,NA,11.5592,12.6525
"5929",318,2013-11-13,NA,11.5467,12.6267
"5930",319,2013-11-14,NA,11.533,12.5974
"5931",320,2013-11-15,NA,11.5179,12.5654
"5932",321,2013-11-16,NA,11.5015,12.5325
"5933",322,2013-11-17,NA,11.4832,12.5007
"5934",323,2013-11-18,NA,11.4632,12.4704
"5935",324,2013-11-19,NA,11.442,12.4436
"5936",325,2013-11-20,NA,11.4196,12.4185
"5937",326,2013-11-21,NA,11.3959,12.3943
"5938",327,2013-11-22,NA,11.3708,12.3692
"5939",328,2013-11-23,NA,11.3437,12.342
"5940",329,2013-11-24,NA,11.3147,12.313
"5941",330,2013-11-25,NA,11.2842,12.2834
"5942",331,2013-11-26,NA,11.2522,12.253
"5943",332,2013-11-27,NA,11.2182,12.2205
"5944",333,2013-11-28,NA,11.1823,12.1866
"5945",334,2013-11-29,NA,11.1446,12.1496
"5946",335,2013-11-30,NA,11.1053,12.1111
"5947",336,2013-12-01,NA,11.0649,12.0705
"5948",337,2013-12-02,NA,11.0236,12.0305
"5949",338,2013-12-03,NA,10.9819,11.9922
"5950",339,2013-12-04,10.08,10.9403,11.9533
"5951",340,2013-12-05,9.74,10.8989,11.9177
"5952",341,2013-12-06,9.3,10.8577,11.8842
"5953",342,2013-12-07,9.15,10.817,11.8526
"5954",343,2013-12-08,9.03,10.7774,11.824
"5955",344,2013-12-09,8.69,10.7392,11.7977
"5956",345,2013-12-10,8.77,10.7025,11.7739
"5957",346,2013-12-11,8.75,10.6674,11.7511
"5958",347,2013-12-12,8.75,10.6335,11.7296
"5959",348,2013-12-13,8.64,10.601,11.7085
"5960",349,2013-12-14,8.93,10.5699,11.6877
"5961",350,2013-12-15,9.06,10.5403,11.671
"5962",351,2013-12-16,9.24,10.5123,11.6578
"5963",352,2013-12-17,9,10.4858,11.6463
"5964",353,2013-12-18,8.99,10.4607,11.6355
"5965",354,2013-12-19,8.84,10.437,11.6249
"5966",355,2013-12-20,8.76,10.4142,11.6146
"5967",356,2013-12-21,8.78,10.3925,11.6047
"5968",357,2013-12-22,8.95,10.3716,11.5947
"5969",358,2013-12-23,8.88,10.3516,11.5836
"5970",359,2013-12-24,8.85,10.333,11.5735
"5971",360,2013-12-25,8.79,10.3153,11.5574
"5972",361,2013-12-26,8.69,10.2978,11.5405
"5973",362,2013-12-27,8.7,10.2806,11.5227
"5974",363,2013-12-28,8.79,10.2639,11.5042
"5975",364,2013-12-29,8.69,10.2479,11.4846
"5976",365,2013-12-30,8.61,10.2326,11.4656
"5977",366,2013-12-31,8.67,10.2178,11.447
"5978",1,2014-01-01,8.72,10.2036,11.4263
"5979",2,2014-01-02,8.71,10.1901,11.4062
"5980",3,2014-01-03,8.75,10.1775,11.3869
"5981",4,2014-01-04,8.55,10.1652,11.3691
"5982",5,2014-01-05,8.5,10.1538,11.3525
"5983",6,2014-01-06,8.55,10.1433,11.337
"5984",7,2014-01-07,8.63,10.1338,11.3233
"5985",8,2014-01-08,8.84,10.125,11.3114
"5986",9,2014-01-09,8.8,10.1165,11.3009
"5987",10,2014-01-10,8.78,10.1083,11.2911
"5988",11,2014-01-11,8.91,10.1003,11.2821
"5989",12,2014-01-12,8.83,10.0931,11.2742
"5990",13,2014-01-13,8.86,10.0866,11.2682
"5991",14,2014-01-14,8.84,10.0805,11.2646
"5992",15,2014-01-15,8.79,10.0747,11.2603
"5993",16,2014-01-16,8.72,10.069,11.2553
"5994",17,2014-01-17,8.68,10.0636,11.2493
"5995",18,2014-01-18,8.78,10.0587,11.2431
"5996",19,2014-01-19,8.87,10.0542,11.2344
"5997",20,2014-01-20,8.83,10.05,11.2223
"5998",21,2014-01-21,8.75,10.0465,11.2106
"5999",22,2014-01-22,8.8,10.0434,11.1993
"6000",23,2014-01-23,8.85,10.0405,11.1898
"6001",24,2014-01-24,8.84,10.0378,11.1808
"6002",25,2014-01-25,8.87,10.0354,11.1784
"6003",26,2014-01-26,8.87,10.0335,11.1765
"6004",27,2014-01-27,8.88,10.0324,11.1762
"6005",28,2014-01-28,8.87,10.0318,11.1764
"6006",29,2014-01-29,9.07,10.031,11.1771
"6007",30,2014-01-30,9.1,10.0301,11.1782
"6008",31,2014-01-31,9.07,10.0292,11.1797
"6009",32,2014-02-01,9.16,10.0282,11.1816
"6010",33,2014-02-02,NA,10.027,11.1827
"6011",34,2014-02-03,NA,10.0256,11.1833
"6012",35,2014-02-04,NA,10.0237,11.1838
"6013",36,2014-02-05,NA,10.0213,11.1832
"6014",37,2014-02-06,NA,10.0181,11.1822
"6015",38,2014-02-07,NA,10.014,11.1787
"6016",39,2014-02-08,NA,10.0092,11.173
"6017",40,2014-02-09,NA,10.0042,11.1668
"6018",41,2014-02-10,NA,9.999,11.1611
"6019",42,2014-02-11,NA,9.9935,11.1543
"6020",43,2014-02-12,NA,9.9878,11.1466
"6021",44,2014-02-13,NA,9.9818,11.1374
"6022",45,2014-02-14,NA,9.9756,11.1264
"6023",46,2014-02-15,NA,9.9693,11.1156
"6024",47,2014-02-16,NA,9.963,11.1047
"6025",48,2014-02-17,NA,9.9568,11.0949
"6026",49,2014-02-18,NA,9.9509,11.087
"6027",50,2014-02-19,NA,9.9455,11.0823
"6028",51,2014-02-20,NA,9.9405,11.0812
"6029",52,2014-02-21,NA,9.936,11.0801
"6030",53,2014-02-22,NA,9.9322,11.0792
"6031",54,2014-02-23,NA,9.9291,11.0784
"6032",55,2014-02-24,NA,9.9268,11.0777
"6033",56,2014-02-25,NA,9.9251,11.0789
"6034",57,2014-02-26,NA,9.9244,11.0825
"6035",58,2014-02-27,NA,9.9245,11.086
"6036",59,2014-02-28,NA,9.9257,11.091
"6037",61,2014-03-01,NA,9.9316,11.1015
"6038",62,2014-03-02,NA,9.9358,11.1067
"6039",63,2014-03-03,NA,9.9407,11.1125
"6040",64,2014-03-04,NA,9.9461,11.1191
"6041",65,2014-03-05,NA,9.9522,11.1267
"6042",66,2014-03-06,NA,9.9588,11.1325
"6043",67,2014-03-07,NA,9.9658,11.1358
"6044",68,2014-03-08,NA,9.9736,11.1392
"6045",69,2014-03-09,NA,9.9818,11.1425
"6046",70,2014-03-10,NA,9.99,11.1462
"6047",71,2014-03-11,NA,9.9981,11.1495
"6048",72,2014-03-12,NA,10.006,11.1518
"6049",73,2014-03-13,NA,10.0136,11.1536
"6050",74,2014-03-14,NA,10.0207,11.1551
"6051",75,2014-03-15,NA,10.0274,11.1565
"6052",76,2014-03-16,NA,10.0336,11.1558
"6053",77,2014-03-17,NA,10.0396,11.1545
"6054",78,2014-03-18,NA,10.046,11.1532
"6055",79,2014-03-19,NA,10.0524,11.1504
"6056",80,2014-03-20,NA,10.0592,11.1473
"6057",81,2014-03-21,NA,10.0665,11.1435
"6058",82,2014-03-22,NA,10.0743,11.1404
"6059",83,2014-03-23,NA,10.0826,11.1375
"6060",84,2014-03-24,NA,10.0918,11.1357
"6061",85,2014-03-25,NA,10.1019,11.1342
"6062",86,2014-03-26,NA,10.1126,11.1325
"6063",87,2014-03-27,NA,10.1239,11.1301
"6064",88,2014-03-28,NA,10.1357,11.1271
"6065",89,2014-03-29,NA,10.1474,11.126
"6066",90,2014-03-30,NA,10.1592,11.1281
"6067",91,2014-03-31,NA,10.1711,11.1322
"6068",92,2014-04-01,NA,10.1827,11.1385
"6069",93,2014-04-02,NA,10.1937,11.1444
"6070",94,2014-04-03,NA,10.2033,11.1485
"6071",95,2014-04-04,NA,10.2114,11.1519
"6072",96,2014-04-05,NA,10.2185,11.1542
"6073",97,2014-04-06,NA,10.2254,11.1585
"6074",98,2014-04-07,NA,10.2326,11.1668
"6075",99,2014-04-08,NA,10.2401,11.1761
"6076",100,2014-04-09,NA,10.2481,11.1867
"6077",101,2014-04-10,NA,10.2563,11.1987
"6078",102,2014-04-11,NA,10.2645,11.2113
"6079",103,2014-04-12,NA,10.2733,11.2247
"6080",104,2014-04-13,NA,10.2836,11.2391
"6081",105,2014-04-14,NA,10.2961,11.2549
"6082",106,2014-04-15,NA,10.3111,11.2714
"6083",107,2014-04-16,NA,10.3285,11.291
"6084",108,2014-04-17,NA,10.3477,11.3139
"6085",109,2014-04-18,NA,10.3679,11.3373
"6086",110,2014-04-19,NA,10.3882,11.3643
"6087",111,2014-04-20,NA,10.4078,11.3935
"6088",112,2014-04-21,NA,10.426,11.4255
"6089",113,2014-04-22,NA,10.4427,11.4589
"6090",114,2014-04-23,NA,10.4574,11.4956
"6091",115,2014-04-24,NA,10.4708,11.5356
"6092",116,2014-04-25,NA,10.4827,11.576
"6093",117,2014-04-26,NA,10.4939,11.6201
"6094",118,2014-04-27,NA,10.5046,11.6646
"6095",119,2014-04-28,NA,10.5149,11.7129
"6096",120,2014-04-29,NA,10.5248,11.7629
"6097",121,2014-04-30,NA,10.5346,11.81
"6098",122,2014-05-01,NA,10.5444,11.8551
"6099",123,2014-05-02,NA,10.5545,11.8975
"6100",124,2014-05-03,NA,10.5659,11.9399
"6101",125,2014-05-04,NA,10.5793,11.9839
"6102",126,2014-05-05,NA,10.5933,12.0276
"6103",127,2014-05-06,NA,10.6078,12.0702
"6104",128,2014-05-07,NA,10.6227,12.1111
"6105",129,2014-05-08,NA,10.6372,12.1495
"6106",130,2014-05-09,NA,10.6506,12.1849
"6107",131,2014-05-10,NA,10.6631,12.219
"6108",132,2014-05-11,NA,10.6754,12.2525
"6109",133,2014-05-12,NA,10.6884,12.2885
"6110",134,2014-05-13,NA,10.7018,12.329
"6111",135,2014-05-14,12.8,10.7145,12.3712
"6112",136,2014-05-15,12.94,10.726,12.4122
"6113",137,2014-05-16,13.48,10.737,12.453
"6114",138,2014-05-17,14.49,10.7482,12.4958
"6115",139,2014-05-18,14.47,10.7591,12.5407
"6116",140,2014-05-19,14.62,10.7704,12.5882
"6117",141,2014-05-20,14.55,10.7833,12.6387
"6118",142,2014-05-21,12.73,10.7988,12.6892
"6119",143,2014-05-22,10.81,10.8167,12.7384
"6120",144,2014-05-23,10.41,10.8368,12.7851
"6121",145,2014-05-24,9.71,10.8595,12.8304
"6122",146,2014-05-25,10.36,10.885,12.8718
"6123",147,2014-05-26,11.03,10.9131,12.9133
"6124",148,2014-05-27,12.3,10.9418,12.9516
"6125",149,2014-05-28,12.11,10.9701,12.9901
"6126",150,2014-05-29,12.43,10.9974,13.0248
"6127",151,2014-05-30,10.85,11.0233,13.0555
"6128",152,2014-05-31,9.72,11.047,13.0853
"6129",153,2014-06-01,9.42,11.067,13.1138
"6130",154,2014-06-02,9.6,11.0839,13.1419
"6131",155,2014-06-03,9.27,11.097,13.1705
"6132",156,2014-06-04,9.51,11.1061,13.1987
"6133",157,2014-06-05,9.34,11.1117,13.2266
"6134",158,2014-06-06,8.87,11.1136,13.2538
"6135",159,2014-06-07,8.99,11.1127,13.2802
"6136",160,2014-06-08,8.87,11.1102,13.3056
"6137",161,2014-06-09,8.81,11.1081,13.3331
"6138",162,2014-06-10,8.82,11.1065,13.3616
"6139",163,2014-06-11,8.87,11.1059,13.3895
"6140",164,2014-06-12,9.3,11.1054,13.4178
"6141",165,2014-06-13,10.34,11.1043,13.4407
"6142",166,2014-06-14,11.03,11.1026,13.4616
"6143",167,2014-06-15,11.46,11.0995,13.4802
"6144",168,2014-06-16,11.24,11.0939,13.4984
"6145",169,2014-06-17,11.88,11.0858,13.5135
"6146",170,2014-06-18,11.27,11.076,13.5263
"6147",171,2014-06-19,11.5,11.0635,13.5378
"6148",172,2014-06-20,12.09,11.046,13.5396
"6149",173,2014-06-21,11.58,11.0228,13.5298
"6150",174,2014-06-22,10.15,10.9936,13.5043
"6151",175,2014-06-23,10.09,10.9611,13.4781
"6152",176,2014-06-24,11.04,10.9254,13.4507
"6153",177,2014-06-25,11.32,10.8856,13.4231
"6154",178,2014-06-26,11.54,10.8429,13.414
"6155",179,2014-06-27,11.92,10.7991,13.4134
"6156",180,2014-06-28,12.22,10.7552,13.4025
"6157",181,2014-06-29,13.42,10.7105,13.3878
"6158",182,2014-06-30,13.56,10.6662,13.3735
"6159",183,2014-07-01,13.32,10.6236,13.3663
"6160",184,2014-07-02,13.63,10.5836,13.3631
"6161",185,2014-07-03,12.05,10.5456,13.3571
"6162",186,2014-07-04,10.58,10.5077,13.335
"6163",187,2014-07-05,9.88,10.4704,13.2992
"6164",188,2014-07-06,10.92,10.4355,13.2602
"6165",189,2014-07-07,10.26,10.4026,13.2127
"6166",190,2014-07-08,9.81,10.3696,13.1664
"6167",191,2014-07-09,9.12,10.3359,13.1183
"6168",192,2014-07-10,9.14,10.3,13.0609
"6169",193,2014-07-11,8.91,10.2615,12.984
"6170",194,2014-07-12,9.09,10.2197,12.8985
"6171",195,2014-07-13,9.33,10.1754,12.8093
"6172",196,2014-07-14,9.4,10.1302,12.7209
"6173",197,2014-07-15,9.27,10.0854,12.6326
"6174",198,2014-07-16,8.83,10.042,12.5452
"6175",199,2014-07-17,8.79,10.0004,12.4567
"6176",200,2014-07-18,8.61,9.9617,12.37
"6177",201,2014-07-19,8.69,9.9257,12.2816
"6178",202,2014-07-20,8.93,9.8933,12.1945
"6179",203,2014-07-21,8.84,9.8668,12.1186
"6180",204,2014-07-22,9.12,9.8465,12.0565
"6181",205,2014-07-23,10.62,9.8334,12.0225
"6182",206,2014-07-24,11.62,9.8252,11.9939
"6183",207,2014-07-25,12.54,9.8209,11.9747
"6184",208,2014-07-26,11.64,9.8204,11.9585
"6185",209,2014-07-27,10.28,9.8228,11.9284
"6186",210,2014-07-28,8.52,9.8265,11.8936
"6187",211,2014-07-29,8.31,9.8306,11.8635
"6188",212,2014-07-30,8.19,9.8364,11.8341
"6189",213,2014-07-31,8.62,9.8428,11.8047
"6190",214,2014-08-01,8.67,9.8505,11.7705
"6191",215,2014-08-02,8.66,9.8595,11.74
"6192",216,2014-08-03,8.97,9.8698,11.7185
"6193",217,2014-08-04,9,9.8837,11.7086
"6194",218,2014-08-05,8.86,9.9008,11.7205
"6195",219,2014-08-06,9.47,9.9215,11.7383
"6196",220,2014-08-07,9.25,9.9463,11.7741
"6197",221,2014-08-08,9.14,9.976,11.821
"6198",222,2014-08-09,9.33,10.0101,11.8744
"6199",223,2014-08-10,NA,10.0494,11.9415
"6200",224,2014-08-11,NA,10.0934,12.0277
"6201",225,2014-08-12,NA,10.1417,12.1178
"6202",226,2014-08-13,NA,10.1924,12.2086
"6203",227,2014-08-14,NA,10.2448,12.2992
"6204",228,2014-08-15,NA,10.2987,12.3911
"6205",229,2014-08-16,NA,10.3539,12.4844
"6206",230,2014-08-17,NA,10.4092,12.581
"6207",231,2014-08-18,NA,10.4626,12.6733
"6208",232,2014-08-19,NA,10.5141,12.7636
"6209",233,2014-08-20,NA,10.563,12.8508
"6210",234,2014-08-21,NA,10.6078,12.9313
"6211",235,2014-08-22,NA,10.6486,13.0067
"6212",236,2014-08-23,NA,10.6854,13.0688
"6213",237,2014-08-24,NA,10.7191,13.1258
"6214",238,2014-08-25,NA,10.7494,13.1709
"6215",239,2014-08-26,NA,10.7763,13.2129
"6216",240,2014-08-27,NA,10.8002,13.2522
"6217",241,2014-08-28,NA,10.8222,13.2872
"6218",242,2014-08-29,NA,10.844,13.3258
"6219",243,2014-08-30,NA,10.866,13.3667
"6220",244,2014-08-31,NA,10.8889,13.4105
"6221",245,2014-09-01,NA,10.9122,13.4556
"6222",246,2014-09-02,NA,10.936,13.4997
"6223",247,2014-09-03,NA,10.96,13.5405
"6224",248,2014-09-04,NA,10.9841,13.5856
"6225",249,2014-09-05,NA,11.0079,13.6205
"6226",250,2014-09-06,NA,11.0301,13.6507
"6227",251,2014-09-07,NA,11.0498,13.6683
"6228",252,2014-09-08,NA,11.0661,13.6727
"6229",253,2014-09-09,NA,11.079,13.6738
"6230",254,2014-09-10,NA,11.0884,13.6724
"6231",255,2014-09-11,NA,11.0953,13.6711
"6232",256,2014-09-12,NA,11.101,13.6722
"6233",257,2014-09-13,NA,11.1063,13.6729
"6234",258,2014-09-14,NA,11.1102,13.6724
"6235",259,2014-09-15,NA,11.1122,13.6712
"6236",260,2014-09-16,NA,11.113,13.6724
"6237",261,2014-09-17,NA,11.1139,13.6728
"6238",262,2014-09-18,NA,11.1162,13.6758
"6239",263,2014-09-19,NA,11.1202,13.68
"6240",264,2014-09-20,NA,11.1261,13.6828
"6241",265,2014-09-21,NA,11.1347,13.6823
"6242",266,2014-09-22,NA,11.1454,13.6812
"6243",267,2014-09-23,NA,11.158,13.6781
"6244",268,2014-09-24,NA,11.1717,13.6731
"6245",269,2014-09-25,NA,11.1876,13.6699
"6246",270,2014-09-26,NA,11.2065,13.6687
"6247",271,2014-09-27,NA,11.2269,13.6649
"6248",272,2014-09-28,NA,11.248,13.6589
"6249",273,2014-09-29,NA,11.2688,13.6519
"6250",274,2014-09-30,NA,11.2888,13.6449
"6251",275,2014-10-01,NA,11.3079,13.6349
"6252",276,2014-10-02,NA,11.3253,13.6226
"6253",277,2014-10-03,NA,11.3414,13.6053
"6254",278,2014-10-04,NA,11.3562,13.5843
"6255",279,2014-10-05,NA,11.3699,13.5618
"6256",280,2014-10-06,NA,11.3826,13.5395
"6257",281,2014-10-07,NA,11.3937,13.519
"6258",282,2014-10-08,NA,11.4049,13.5023
"6259",283,2014-10-09,NA,11.4173,13.4882
"6260",284,2014-10-10,NA,11.431,13.4733
"6261",285,2014-10-11,NA,11.4458,13.4525
"6262",286,2014-10-12,NA,11.4602,13.4299
"6263",287,2014-10-13,NA,11.4743,13.4095
"6264",288,2014-10-14,NA,11.4875,13.3892
"6265",289,2014-10-15,NA,11.5007,13.3693
"6266",290,2014-10-16,NA,11.5141,13.3479
"6267",291,2014-10-17,NA,11.5271,13.3218
"6268",292,2014-10-18,NA,11.5392,13.2926
"6269",293,2014-10-19,NA,11.5496,13.2597
"6270",294,2014-10-20,NA,11.5576,13.2241
"6271",295,2014-10-21,NA,11.564,13.1884
"6272",296,2014-10-22,NA,11.5691,13.156
"6273",297,2014-10-23,NA,11.5738,13.1249
"6274",298,2014-10-24,NA,11.5779,13.0959
"6275",299,2014-10-25,NA,11.5815,13.0693
"6276",300,2014-10-26,NA,11.5842,13.0426
"6277",301,2014-10-27,NA,11.5858,13.0155
"6278",302,2014-10-28,NA,11.5873,12.9897
"6279",303,2014-10-29,NA,11.5889,12.9682
"6280",304,2014-10-30,NA,11.5912,12.9492
"6281",305,2014-10-31,NA,11.594,12.934
"6282",306,2014-11-01,NA,11.5966,12.9185
"6283",307,2014-11-02,NA,11.5985,12.8996
"6284",308,2014-11-03,NA,11.5996,12.8798
"6285",309,2014-11-04,NA,11.5998,12.8584
"6286",310,2014-11-05,NA,11.599,12.8356
"6287",311,2014-11-06,NA,11.5978,12.8127
"6288",312,2014-11-07,NA,11.5959,12.7879
"6289",313,2014-11-08,NA,11.5925,12.7609
"6290",314,2014-11-09,NA,11.5871,12.7318
"6291",315,2014-11-10,NA,11.5797,12.7034
"6292",316,2014-11-11,NA,11.5702,12.6775
"6293",317,2014-11-12,NA,11.5592,12.6525
"6294",318,2014-11-13,NA,11.5467,12.6267
"6295",319,2014-11-14,NA,11.533,12.5974
"6296",320,2014-11-15,NA,11.5179,12.5654
"6297",321,2014-11-16,NA,11.5015,12.5325
"6298",322,2014-11-17,NA,11.4832,12.5007
"6299",323,2014-11-18,NA,11.4632,12.4704
"6300",324,2014-11-19,NA,11.442,12.4436
"6301",325,2014-11-20,NA,11.4196,12.4185
"6302",326,2014-11-21,NA,11.3959,12.3943
"6303",327,2014-11-22,NA,11.3708,12.3692
"6304",328,2014-11-23,NA,11.3437,12.342
"6305",329,2014-11-24,NA,11.3147,12.313
"6306",330,2014-11-25,NA,11.2842,12.2834
"6307",331,2014-11-26,NA,11.2522,12.253
"6308",332,2014-11-27,NA,11.2182,12.2205
"6309",333,2014-11-28,NA,11.1823,12.1866
"6310",334,2014-11-29,NA,11.1446,12.1496
"6311",335,2014-11-30,NA,11.1053,12.1111
"6312",336,2014-12-01,NA,11.0649,12.0705
"6313",337,2014-12-02,NA,11.0236,12.0305
"6314",338,2014-12-03,NA,10.9819,11.9922
"6315",339,2014-12-04,NA,10.9403,11.9533
"6316",340,2014-12-05,NA,10.8989,11.9177
"6317",341,2014-12-06,NA,10.8577,11.8842
"6318",342,2014-12-07,NA,10.817,11.8526
"6319",343,2014-12-08,NA,10.7774,11.824
"6320",344,2014-12-09,NA,10.7392,11.7977
"6321",345,2014-12-10,NA,10.7025,11.7739
"6322",346,2014-12-11,NA,10.6674,11.7511
"6323",347,2014-12-12,NA,10.6335,11.7296
"6324",348,2014-12-13,NA,10.601,11.7085
"6325",349,2014-12-14,NA,10.5699,11.6877
"6326",350,2014-12-15,NA,10.5403,11.671
"6327",351,2014-12-16,NA,10.5123,11.6578
"6328",352,2014-12-17,NA,10.4858,11.6463
"6329",353,2014-12-18,NA,10.4607,11.6355
"6330",354,2014-12-19,NA,10.437,11.6249
"6331",355,2014-12-20,NA,10.4142,11.6146
"6332",356,2014-12-21,NA,10.3925,11.6047
"6333",357,2014-12-22,NA,10.3716,11.5947
"6334",358,2014-12-23,NA,10.3516,11.5836
"6335",359,2014-12-24,NA,10.333,11.5735
"6336",360,2014-12-25,NA,10.3153,11.5574
"6337",361,2014-12-26,NA,10.2978,11.5405
"6338",362,2014-12-27,NA,10.2806,11.5227
"6339",363,2014-12-28,NA,10.2639,11.5042
"6340",364,2014-12-29,NA,10.2479,11.4846
"6341",365,2014-12-30,NA,10.2326,11.4656
"6342",366,2014-12-31,NA,10.2178,11.447
"6343",1,2015-01-01,NA,10.2036,11.4263
"6344",2,2015-01-02,NA,10.1901,11.4062
"6345",3,2015-01-03,NA,10.1775,11.3869
"6346",4,2015-01-04,NA,10.1652,11.3691
"6347",5,2015-01-05,NA,10.1538,11.3525
"6348",6,2015-01-06,NA,10.1433,11.337
"6349",7,2015-01-07,NA,10.1338,11.3233
"6350",8,2015-01-08,NA,10.125,11.3114
"6351",9,2015-01-09,NA,10.1165,11.3009
"6352",10,2015-01-10,NA,10.1083,11.2911
"6353",11,2015-01-11,NA,10.1003,11.2821
"6354",12,2015-01-12,NA,10.0931,11.2742
"6355",13,2015-01-13,NA,10.0866,11.2682
"6356",14,2015-01-14,NA,10.0805,11.2646
"6357",15,2015-01-15,NA,10.0747,11.2603
"6358",16,2015-01-16,NA,10.069,11.2553
"6359",17,2015-01-17,NA,10.0636,11.2493
"6360",18,2015-01-18,NA,10.0587,11.2431
"6361",19,2015-01-19,NA,10.0542,11.2344
"6362",20,2015-01-20,NA,10.05,11.2223
"6363",21,2015-01-21,NA,10.0465,11.2106
"6364",22,2015-01-22,NA,10.0434,11.1993
"6365",23,2015-01-23,NA,10.0405,11.1898
"6366",24,2015-01-24,NA,10.0378,11.1808
"6367",25,2015-01-25,NA,10.0354,11.1784
"6368",26,2015-01-26,NA,10.0335,11.1765
"6369",27,2015-01-27,NA,10.0324,11.1762
"6370",28,2015-01-28,NA,10.0318,11.1764
"6371",29,2015-01-29,NA,10.031,11.1771
"6372",30,2015-01-30,NA,10.0301,11.1782
"6373",31,2015-01-31,NA,10.0292,11.1797
"6374",32,2015-02-01,NA,10.0282,11.1816
"6375",33,2015-02-02,NA,10.027,11.1827
"6376",34,2015-02-03,NA,10.0256,11.1833
"6377",35,2015-02-04,NA,10.0237,11.1838
"6378",36,2015-02-05,NA,10.0213,11.1832
"6379",37,2015-02-06,NA,10.0181,11.1822
"6380",38,2015-02-07,NA,10.014,11.1787
"6381",39,2015-02-08,NA,10.0092,11.173
"6382",40,2015-02-09,NA,10.0042,11.1668
"6383",41,2015-02-10,NA,9.999,11.1611
"6384",42,2015-02-11,NA,9.9935,11.1543
"6385",43,2015-02-12,NA,9.9878,11.1466
"6386",44,2015-02-13,NA,9.9818,11.1374
"6387",45,2015-02-14,NA,9.9756,11.1264
"6388",46,2015-02-15,NA,9.9693,11.1156
"6389",47,2015-02-16,NA,9.963,11.1047
"6390",48,2015-02-17,NA,9.9568,11.0949
"6391",49,2015-02-18,NA,9.9509,11.087
"6392",50,2015-02-19,NA,9.9455,11.0823
"6393",51,2015-02-20,NA,9.9405,11.0812
"6394",52,2015-02-21,NA,9.936,11.0801
"6395",53,2015-02-22,NA,9.9322,11.0792
"6396",54,2015-02-23,NA,9.9291,11.0784
"6397",55,2015-02-24,NA,9.9268,11.0777
"6398",56,2015-02-25,NA,9.9251,11.0789
"6399",57,2015-02-26,NA,9.9244,11.0825
"6400",58,2015-02-27,NA,9.9245,11.086
"6401",59,2015-02-28,NA,9.9257,11.091
"6402",61,2015-03-01,NA,9.9316,11.1015
"6403",62,2015-03-02,NA,9.9358,11.1067
"6404",63,2015-03-03,NA,9.9407,11.1125
"6405",64,2015-03-04,NA,9.9461,11.1191
"6406",65,2015-03-05,NA,9.9522,11.1267
"6407",66,2015-03-06,NA,9.9588,11.1325
"6408",67,2015-03-07,NA,9.9658,11.1358
"6409",68,2015-03-08,NA,9.9736,11.1392
"6410",69,2015-03-09,NA,9.9818,11.1425
"6411",70,2015-03-10,NA,9.99,11.1462
"6412",71,2015-03-11,NA,9.9981,11.1495
"6413",72,2015-03-12,NA,10.006,11.1518
"6414",73,2015-03-13,NA,10.0136,11.1536
"6415",74,2015-03-14,NA,10.0207,11.1551
"6416",75,2015-03-15,NA,10.0274,11.1565
"6417",76,2015-03-16,NA,10.0336,11.1558
"6418",77,2015-03-17,NA,10.0396,11.1545
"6419",78,2015-03-18,NA,10.046,11.1532
"6420",79,2015-03-19,NA,10.0524,11.1504
"6421",80,2015-03-20,NA,10.0592,11.1473
"6422",81,2015-03-21,NA,10.0665,11.1435
"6423",82,2015-03-22,NA,10.0743,11.1404
"6424",83,2015-03-23,NA,10.0826,11.1375
"6425",84,2015-03-24,NA,10.0918,11.1357
"6426",85,2015-03-25,NA,10.1019,11.1342
"6427",86,2015-03-26,NA,10.1126,11.1325
"6428",87,2015-03-27,NA,10.1239,11.1301
"6429",88,2015-03-28,NA,10.1357,11.1271
"6430",89,2015-03-29,NA,10.1474,11.126
"6431",90,2015-03-30,NA,10.1592,11.1281
"6432",91,2015-03-31,NA,10.1711,11.1322
"6433",92,2015-04-01,NA,10.1827,11.1385
"6434",93,2015-04-02,NA,10.1937,11.1444
"6435",94,2015-04-03,NA,10.2033,11.1485
"6436",95,2015-04-04,NA,10.2114,11.1519
"6437",96,2015-04-05,NA,10.2185,11.1542
"6438",97,2015-04-06,NA,10.2254,11.1585
"6439",98,2015-04-07,NA,10.2326,11.1668
"6440",99,2015-04-08,NA,10.2401,11.1761
"6441",100,2015-04-09,NA,10.2481,11.1867
"6442",101,2015-04-10,NA,10.2563,11.1987
"6443",102,2015-04-11,NA,10.2645,11.2113
"6444",103,2015-04-12,NA,10.2733,11.2247
"6445",104,2015-04-13,NA,10.2836,11.2391
"6446",105,2015-04-14,NA,10.2961,11.2549
"6447",106,2015-04-15,NA,10.3111,11.2714
"6448",107,2015-04-16,NA,10.3285,11.291
"6449",108,2015-04-17,NA,10.3477,11.3139
"6450",109,2015-04-18,NA,10.3679,11.3373
"6451",110,2015-04-19,NA,10.3882,11.3643
"6452",111,2015-04-20,NA,10.4078,11.3935
"6453",112,2015-04-21,NA,10.426,11.4255
"6454",113,2015-04-22,NA,10.4427,11.4589
"6455",114,2015-04-23,NA,10.4574,11.4956
"6456",115,2015-04-24,NA,10.4708,11.5356
"6457",116,2015-04-25,NA,10.4827,11.576
"6458",117,2015-04-26,NA,10.4939,11.6201
"6459",118,2015-04-27,NA,10.5046,11.6646
"6460",119,2015-04-28,NA,10.5149,11.7129
"6461",120,2015-04-29,NA,10.5248,11.7629
"6462",121,2015-04-30,NA,10.5346,11.81
"6463",122,2015-05-01,NA,10.5444,11.8551
"6464",123,2015-05-02,NA,10.5545,11.8975
"6465",124,2015-05-03,NA,10.5659,11.9399
"6466",125,2015-05-04,NA,10.5793,11.9839
"6467",126,2015-05-05,NA,10.5933,12.0276
"6468",127,2015-05-06,NA,10.6078,12.0702
"6469",128,2015-05-07,NA,10.6227,12.1111
"6470",129,2015-05-08,NA,10.6372,12.1495
"6471",130,2015-05-09,NA,10.6506,12.1849
"6472",131,2015-05-10,NA,10.6631,12.219
"6473",132,2015-05-11,NA,10.6754,12.2525
"6474",133,2015-05-12,NA,10.6884,12.2885
"6475",134,2015-05-13,NA,10.7018,12.329
"6476",135,2015-05-14,NA,10.7145,12.3712
"6477",136,2015-05-15,NA,10.726,12.4122
"6478",137,2015-05-16,NA,10.737,12.453
"6479",138,2015-05-17,NA,10.7482,12.4958
"6480",139,2015-05-18,NA,10.7591,12.5407
"6481",140,2015-05-19,NA,10.7704,12.5882
"6482",141,2015-05-20,NA,10.7833,12.6387
"6483",142,2015-05-21,NA,10.7988,12.6892
"6484",143,2015-05-22,NA,10.8167,12.7384
"6485",144,2015-05-23,NA,10.8368,12.7851
"6486",145,2015-05-24,NA,10.8595,12.8304
"6487",146,2015-05-25,NA,10.885,12.8718
"6488",147,2015-05-26,NA,10.9131,12.9133
"6489",148,2015-05-27,NA,10.9418,12.9516
"6490",149,2015-05-28,NA,10.9701,12.9901
"6491",150,2015-05-29,NA,10.9974,13.0248
"6492",151,2015-05-30,NA,11.0233,13.0555
"6493",152,2015-05-31,NA,11.047,13.0853
"6494",153,2015-06-01,NA,11.067,13.1138
"6495",154,2015-06-02,NA,11.0839,13.1419
"6496",155,2015-06-03,NA,11.097,13.1705
"6497",156,2015-06-04,NA,11.1061,13.1987
"6498",157,2015-06-05,NA,11.1117,13.2266
"6499",158,2015-06-06,NA,11.1136,13.2538
"6500",159,2015-06-07,NA,11.1127,13.2802
"6501",160,2015-06-08,NA,11.1102,13.3056
"6502",161,2015-06-09,NA,11.1081,13.3331
"6503",162,2015-06-10,NA,11.1065,13.3616
"6504",163,2015-06-11,NA,11.1059,13.3895
"6505",164,2015-06-12,NA,11.1054,13.4178
"6506",165,2015-06-13,NA,11.1043,13.4407
"6507",166,2015-06-14,NA,11.1026,13.4616
"6508",167,2015-06-15,NA,11.0995,13.4802
"6509",168,2015-06-16,NA,11.0939,13.4984
"6510",169,2015-06-17,NA,11.0858,13.5135
"6511",170,2015-06-18,NA,11.076,13.5263
"6512",171,2015-06-19,NA,11.0635,13.5378
"6513",172,2015-06-20,NA,11.046,13.5396
"6514",173,2015-06-21,NA,11.0228,13.5298
"6515",174,2015-06-22,NA,10.9936,13.5043
"6516",175,2015-06-23,NA,10.9611,13.4781
"6517",176,2015-06-24,NA,10.9254,13.4507
"6518",177,2015-06-25,NA,10.8856,13.4231
"6519",178,2015-06-26,NA,10.8429,13.414
"6520",179,2015-06-27,NA,10.7991,13.4134
"6521",180,2015-06-28,NA,10.7552,13.4025
"6522",181,2015-06-29,NA,10.7105,13.3878
"6523",182,2015-06-30,NA,10.6662,13.3735
"6524",183,2015-07-01,NA,10.6236,13.3663
"6525",184,2015-07-02,8.8,10.5836,13.3631
"6526",185,2015-07-03,8.7,10.5456,13.3571
"6527",186,2015-07-04,8.8,10.5077,13.335
"6528",187,2015-07-05,9.3,10.4704,13.2992
"6529",188,2015-07-06,11.51,10.4355,13.2602
"6530",189,2015-07-07,12.22,10.4026,13.2127
"6531",190,2015-07-08,11.9,10.3696,13.1664
"6532",191,2015-07-09,12.14,10.3359,13.1183
"6533",192,2015-07-10,13.21,10.3,13.0609
"6534",193,2015-07-11,13.66,10.2615,12.984
"6535",194,2015-07-12,13.88,10.2197,12.8985
"6536",195,2015-07-13,14.5,10.1754,12.8093
"6537",196,2015-07-14,13.86,10.1302,12.7209
"6538",197,2015-07-15,11.29,10.0854,12.6326
"6539",198,2015-07-16,11.33,10.042,12.5452
"6540",199,2015-07-17,10.85,10.0004,12.4567
"6541",200,2015-07-18,10.37,9.9617,12.37
"6542",201,2015-07-19,10.72,9.9257,12.2816
"6543",202,2015-07-20,13.39,9.8933,12.1945
"6544",203,2015-07-21,12.42,9.8668,12.1186
"6545",204,2015-07-22,10.42,9.8465,12.0565
"6546",205,2015-07-23,10.06,9.8334,12.0225
"6547",206,2015-07-24,10.93,9.8252,11.9939
"6548",207,2015-07-25,11.89,9.8209,11.9747
"6549",208,2015-07-26,12.57,9.8204,11.9585
"6550",209,2015-07-27,12.33,9.8228,11.9284
"6551",210,2015-07-28,11.14,9.8265,11.8936
"6552",211,2015-07-29,9.62,9.8306,11.8635
"6553",212,2015-07-30,9.16,9.8364,11.8341
"6554",213,2015-07-31,8.95,9.8428,11.8047
"6555",214,2015-08-01,9.06,9.8505,11.7705
"6556",215,2015-08-02,8.85,9.8595,11.74
"6557",216,2015-08-03,9.19,9.8698,11.7185
"6558",217,2015-08-04,9.45,9.8837,11.7086
"6559",218,2015-08-05,9.57,9.9008,11.7205
"6560",219,2015-08-06,9.65,9.9215,11.7383
"6561",220,2015-08-07,9.69,9.9463,11.7741
"6562",221,2015-08-08,9.6,9.976,11.821
"6563",222,2015-08-09,11.27,10.0101,11.8744
"6564",223,2015-08-10,10.79,10.0494,11.9415
"6565",224,2015-08-11,10.78,10.0934,12.0277
"6566",225,2015-08-12,12.13,10.1417,12.1178
"6567",226,2015-08-13,12.96,10.1924,12.2086
"6568",227,2015-08-14,13.53,10.2448,12.2992
"6569",228,2015-08-15,14,10.2987,12.3911
"6570",229,2015-08-16,12.58,10.3539,12.4844
"6571",230,2015-08-17,9.88,10.4092,12.581
"6572",231,2015-08-18,9.19,10.4626,12.6733
"6573",232,2015-08-19,9.38,10.5141,12.7636
"6574",233,2015-08-20,10.47,10.563,12.8508
"6575",234,2015-08-21,10.63,10.6078,12.9313
"6576",235,2015-08-22,10.24,10.6486,13.0067
"6577",236,2015-08-23,9.77,10.6854,13.0688
"6578",237,2015-08-24,9.85,10.7191,13.1258
"6579",238,2015-08-25,9.96,10.7494,13.1709
"6580",239,2015-08-26,9.99,10.7763,13.2129
"6581",240,2015-08-27,10.43,10.8002,13.2522
"6582",241,2015-08-28,11.51,10.8222,13.2872
"6583",242,2015-08-29,11.3,10.844,13.3258
"6584",243,2015-08-30,12.27,10.866,13.3667
"6585",244,2015-08-31,13.25,10.8889,13.4105
"6586",245,2015-09-01,13.41,10.9122,13.4556
"6587",246,2015-09-02,13.57,10.936,13.4997
"6588",247,2015-09-03,14.42,10.96,13.5405
"6589",248,2015-09-04,14.96,10.9841,13.5856
"6590",249,2015-09-05,14.86,11.0079,13.6205
"6591",250,2015-09-06,14.81,11.0301,13.6507
"6592",251,2015-09-07,14.95,11.0498,13.6683
"6593",252,2015-09-08,14.95,11.0661,13.6727
"6594",253,2015-09-09,13.6,11.079,13.6738
"6595",254,2015-09-10,11.08,11.0884,13.6724
"6596",255,2015-09-11,10.69,11.0953,13.6711
"6597",256,2015-09-12,11.83,11.101,13.6722
"6598",257,2015-09-13,11.09,11.1063,13.6729
"6599",258,2015-09-14,10.36,11.1102,13.6724
"6600",259,2015-09-15,10.31,11.1122,13.6712
"6601",260,2015-09-16,10.86,11.113,13.6724
"6602",261,2015-09-17,11.6,11.1139,13.6728
"6603",262,2015-09-18,12.48,11.1162,13.6758
"6604",263,2015-09-19,12.36,11.1202,13.68
"6605",264,2015-09-20,12.51,11.1261,13.6828
"6606",265,2015-09-21,12.25,11.1347,13.6823
"6607",266,2015-09-22,10.61,11.1454,13.6812
"6608",267,2015-09-23,10.39,11.158,13.6781
"6609",268,2015-09-24,11.1,11.1717,13.6731
"6610",269,2015-09-25,11.68,11.1876,13.6699
"6611",270,2015-09-26,10.91,11.2065,13.6687
"6612",271,2015-09-27,10.18,11.2269,13.6649
"6613",272,2015-09-28,9.9,11.248,13.6589
"6614",273,2015-09-29,9.77,11.2688,13.6519
"6615",274,2015-09-30,10.17,11.2888,13.6449
"6616",275,2015-10-01,10.84,11.3079,13.6349
"6617",276,2015-10-02,10.69,11.3253,13.6226
"6618",277,2015-10-03,10.72,11.3414,13.6053
"6619",278,2015-10-04,10.59,11.3562,13.5843
"6620",279,2015-10-05,10.34,11.3699,13.5618
"6621",280,2015-10-06,10.45,11.3826,13.5395
"6622",281,2015-10-07,11.52,11.3937,13.519
"6623",282,2015-10-08,12.07,11.4049,13.5023
"6624",283,2015-10-09,12.06,11.4173,13.4882
"6625",284,2015-10-10,12.34,11.431,13.4733
"6626",285,2015-10-11,13.15,11.4458,13.4525
"6627",286,2015-10-12,13.33,11.4602,13.4299
"6628",287,2015-10-13,13.16,11.4743,13.4095
"6629",288,2015-10-14,12.78,11.4875,13.3892
"6630",289,2015-10-15,12.82,11.5007,13.3693
"6631",290,2015-10-16,13.53,11.5141,13.3479
"6632",291,2015-10-17,13.79,11.5271,13.3218
"6633",292,2015-10-18,13.71,11.5392,13.2926
"6634",293,2015-10-19,13.13,11.5496,13.2597
"6635",294,2015-10-20,13.41,11.5576,13.2241
"6636",295,2015-10-21,13.25,11.564,13.1884
"6637",296,2015-10-22,12.96,11.5691,13.156
"6638",297,2015-10-23,12.02,11.5738,13.1249
"6639",298,2015-10-24,11.68,11.5779,13.0959
"6640",299,2015-10-25,12.82,11.5815,13.0693
"6641",300,2015-10-26,13.17,11.5842,13.0426
"6642",301,2015-10-27,13.29,11.5858,13.0155
"6643",302,2015-10-28,13.4,11.5873,12.9897
"6644",303,2015-10-29,13.56,11.5889,12.9682
"6645",304,2015-10-30,13.61,11.5912,12.9492
"6646",305,2015-10-31,13.73,11.594,12.934
"6647",306,2015-11-01,14.04,11.5966,12.9185
"6648",307,2015-11-02,14.12,11.5985,12.8996
"6649",308,2015-11-03,14.03,11.5996,12.8798
"6650",309,2015-11-04,13.91,11.5998,12.8584
"6651",310,2015-11-05,13.96,11.599,12.8356
"6652",311,2015-11-06,13.9,11.5978,12.8127
"6653",312,2015-11-07,13.9,11.5959,12.7879
"6654",313,2015-11-08,13.8,11.5925,12.7609
"6655",314,2015-11-09,13.68,11.5871,12.7318
"6656",315,2015-11-10,13.55,11.5797,12.7034
"6657",316,2015-11-11,13.49,11.5702,12.6775
"6658",317,2015-11-12,13.32,11.5592,12.6525
"6659",318,2015-11-13,13.36,11.5467,12.6267
"6660",319,2015-11-14,13.45,11.533,12.5974
"6661",320,2015-11-15,13.16,11.5179,12.5654
"6662",321,2015-11-16,13.09,11.5015,12.5325
"6663",322,2015-11-17,13.07,11.4832,12.5007
"6664",323,2015-11-18,13.04,11.4632,12.4704
"6665",324,2015-11-19,13.05,11.442,12.4436
"6666",325,2015-11-20,12.97,11.4196,12.4185
"6667",326,2015-11-21,12.81,11.3959,12.3943
"6668",327,2015-11-22,12.69,11.3708,12.3692
"6669",328,2015-11-23,12.54,11.3437,12.342
"6670",329,2015-11-24,12.18,11.3147,12.313
"6671",330,2015-11-25,12.22,11.2842,12.2834
"6672",331,2015-11-26,12.21,11.2522,12.253
"6673",332,2015-11-27,11.95,11.2182,12.2205
"6674",333,2015-11-28,11.78,11.1823,12.1866
"6675",334,2015-11-29,11.65,11.1446,12.1496
"6676",335,2015-11-30,11.46,11.1053,12.1111
"6677",336,2015-12-01,11.48,11.0649,12.0705
"6678",337,2015-12-02,11.21,11.0236,12.0305
"6679",338,2015-12-03,11.4,10.9819,11.9922
"6680",339,2015-12-04,11.72,10.9403,11.9533
"6681",340,2015-12-05,11.68,10.8989,11.9177
"6682",341,2015-12-06,11.53,10.8577,11.8842
"6683",342,2015-12-07,11.73,10.817,11.8526
"6684",343,2015-12-08,12.21,10.7774,11.824
"6685",344,2015-12-09,12.59,10.7392,11.7977
"6686",345,2015-12-10,12.71,10.7025,11.7739
"6687",346,2015-12-11,12.72,10.6674,11.7511
"6688",347,2015-12-12,12.67,10.6335,11.7296
"6689",348,2015-12-13,12.5,10.601,11.7085
"6690",349,2015-12-14,12.34,10.5699,11.6877
"6691",350,2015-12-15,12.35,10.5403,11.671
"6692",351,2015-12-16,12,10.5123,11.6578
"6693",352,2015-12-17,11.82,10.4858,11.6463
"6694",353,2015-12-18,11.84,10.4607,11.6355
"6695",354,2015-12-19,11.75,10.437,11.6249
"6696",355,2015-12-20,11.73,10.4142,11.6146
"6697",356,2015-12-21,11.72,10.3925,11.6047
"6698",357,2015-12-22,11.8,10.3716,11.5947
"6699",358,2015-12-23,11.49,10.3516,11.5836
"6700",359,2015-12-24,11.41,10.333,11.5735
"6701",360,2015-12-25,11.48,10.3153,11.5574
"6702",361,2015-12-26,11.45,10.2978,11.5405
"6703",362,2015-12-27,10.98,10.2806,11.5227
"6704",363,2015-12-28,10.63,10.2639,11.5042
"6705",364,2015-12-29,11.41,10.2479,11.4846
"6706",365,2015-12-30,11.01,10.2326,11.4656
"6707",366,2015-12-31,11.03,10.2178,11.447
"6708",1,2016-01-01,10.27,10.2036,11.4263
"6709",2,2016-01-02,10.7,10.1901,11.4062
"6710",3,2016-01-03,11.01,10.1775,11.3869
"6711",4,2016-01-04,10.61,10.1652,11.3691
"6712",5,2016-01-05,10.35,10.1538,11.3525
"6713",6,2016-01-06,10.59,10.1433,11.337
"6714",7,2016-01-07,10.61,10.1338,11.3233
"6715",8,2016-01-08,10.31,10.125,11.3114
"6716",9,2016-01-09,10.16,10.1165,11.3009
"6717",10,2016-01-10,10.22,10.1083,11.2911
"6718",11,2016-01-11,10.19,10.1003,11.2821
"6719",12,2016-01-12,10.35,10.0931,11.2742
"6720",13,2016-01-13,10.86,10.0866,11.2682
"6721",14,2016-01-14,10.86,10.0805,11.2646
"6722",15,2016-01-15,10.69,10.0747,11.2603
"6723",16,2016-01-16,10.87,10.069,11.2553
"6724",17,2016-01-17,11.03,10.0636,11.2493
"6725",18,2016-01-18,11.01,10.0587,11.2431
"6726",19,2016-01-19,10.95,10.0542,11.2344
"6727",20,2016-01-20,10.89,10.05,11.2223
"6728",21,2016-01-21,10.87,10.0465,11.2106
"6729",22,2016-01-22,11.08,10.0434,11.1993
"6730",23,2016-01-23,11.01,10.0405,11.1898
"6731",24,2016-01-24,10.98,10.0378,11.1808
"6732",25,2016-01-25,10.91,10.0354,11.1784
"6733",26,2016-01-26,11.04,10.0335,11.1765
"6734",27,2016-01-27,11.2,10.0324,11.1762
"6735",28,2016-01-28,11.34,10.0318,11.1764
"6736",29,2016-01-29,11.36,10.031,11.1771
"6737",30,2016-01-30,11.28,10.0301,11.1782
"6738",31,2016-01-31,11.16,10.0292,11.1797
"6739",32,2016-02-01,11.01,10.0282,11.1816
"6740",33,2016-02-02,10.8,10.027,11.1827
"6741",34,2016-02-03,10.76,10.0256,11.1833
"6742",35,2016-02-04,10.84,10.0237,11.1838
"6743",36,2016-02-05,10.9,10.0213,11.1832
"6744",37,2016-02-06,10.88,10.0181,11.1822
"6745",38,2016-02-07,10.92,10.014,11.1787
"6746",39,2016-02-08,11.06,10.0092,11.173
"6747",40,2016-02-09,11.16,10.0042,11.1668
"6748",41,2016-02-10,11.19,9.999,11.1611
"6749",42,2016-02-11,11.24,9.9935,11.1543
"6750",43,2016-02-12,11.4,9.9878,11.1466
"6751",44,2016-02-13,11.48,9.9818,11.1374
"6752",45,2016-02-14,11.5,9.9756,11.1264
"6753",46,2016-02-15,11.57,9.9693,11.1156
"6754",47,2016-02-16,11.58,9.963,11.1047
"6755",48,2016-02-17,11.56,9.9568,11.0949
"6756",49,2016-02-18,11.48,9.9509,11.087
"6757",50,2016-02-19,11.37,9.9455,11.0823
"6758",51,2016-02-20,11.2,9.9405,11.0812
"6759",52,2016-02-21,11.17,9.936,11.0801
"6760",53,2016-02-22,11.15,9.9322,11.0792
"6761",54,2016-02-23,11.19,9.9291,11.0784
"6762",55,2016-02-24,11.18,9.9268,11.0777
"6763",56,2016-02-25,11.35,9.9251,11.0789
"6764",57,2016-02-26,11.35,9.9244,11.0825
"6765",58,2016-02-27,11.47,9.9245,11.086
"6766",59,2016-02-28,11.63,9.9257,11.091
"6767",60,2016-02-29,11.59,9.9281,11.0962
"6768",61,2016-03-01,11.53,9.9316,11.1015
"6769",62,2016-03-02,11.56,9.9358,11.1067
"6770",63,2016-03-03,11.64,9.9407,11.1125
"6771",64,2016-03-04,11.68,9.9461,11.1191
"6772",65,2016-03-05,11.73,9.9522,11.1267
"6773",66,2016-03-06,11.65,9.9588,11.1325
"6774",67,2016-03-07,11.65,9.9658,11.1358
"6775",68,2016-03-08,11.62,9.9736,11.1392
"6776",69,2016-03-09,11.55,9.9818,11.1425
"6777",70,2016-03-10,11.81,9.99,11.1462
"6778",71,2016-03-11,11.73,9.9981,11.1495
"6779",72,2016-03-12,11.63,10.006,11.1518
"6780",73,2016-03-13,11.59,10.0136,11.1536
"6781",74,2016-03-14,11.61,10.0207,11.1551
"6782",75,2016-03-15,11.5,10.0274,11.1565
"6783",76,2016-03-16,11.52,10.0336,11.1558
"6784",77,2016-03-17,11.62,10.0396,11.1545
"6785",78,2016-03-18,11.55,10.046,11.1532
"6786",79,2016-03-19,11.75,10.0524,11.1504
"6787",80,2016-03-20,11.92,10.0592,11.1473
"6788",81,2016-03-21,12.02,10.0665,11.1435
"6789",82,2016-03-22,11.92,10.0743,11.1404
"6790",83,2016-03-23,11.94,10.0826,11.1375
"6791",84,2016-03-24,11.9,10.0918,11.1357
"6792",85,2016-03-25,12.07,10.1019,11.1342
"6793",86,2016-03-26,NA,10.1126,11.1325
"6794",87,2016-03-27,NA,10.1239,11.1301
"6795",88,2016-03-28,NA,10.1357,11.1271
"6796",89,2016-03-29,NA,10.1474,11.126
"6797",90,2016-03-30,NA,10.1592,11.1281
"6798",91,2016-03-31,NA,10.1711,11.1322
"6799",92,2016-04-01,NA,10.1827,11.1385
"6800",93,2016-04-02,NA,10.1937,11.1444
"6801",94,2016-04-03,NA,10.2033,11.1485
"6802",95,2016-04-04,NA,10.2114,11.1519
"6803",96,2016-04-05,NA,10.2185,11.1542
"6804",97,2016-04-06,NA,10.2254,11.1585
"6805",98,2016-04-07,NA,10.2326,11.1668
"6806",99,2016-04-08,NA,10.2401,11.1761
"6807",100,2016-04-09,NA,10.2481,11.1867
"6808",101,2016-04-10,NA,10.2563,11.1987
"6809",102,2016-04-11,NA,10.2645,11.2113
"6810",103,2016-04-12,NA,10.2733,11.2247
"6811",104,2016-04-13,NA,10.2836,11.2391
"6812",105,2016-04-14,NA,10.2961,11.2549
"6813",106,2016-04-15,NA,10.3111,11.2714
"6814",107,2016-04-16,NA,10.3285,11.291
"6815",108,2016-04-17,NA,10.3477,11.3139
"6816",109,2016-04-18,NA,10.3679,11.3373
"6817",110,2016-04-19,NA,10.3882,11.3643
"6818",111,2016-04-20,NA,10.4078,11.3935
"6819",112,2016-04-21,NA,10.426,11.4255
"6820",113,2016-04-22,NA,10.4427,11.4589
"6821",114,2016-04-23,NA,10.4574,11.4956
"6822",115,2016-04-24,NA,10.4708,11.5356
"6823",116,2016-04-25,NA,10.4827,11.576
"6824",117,2016-04-26,NA,10.4939,11.6201
"6825",118,2016-04-27,NA,10.5046,11.6646
"6826",119,2016-04-28,NA,10.5149,11.7129
"6827",120,2016-04-29,NA,10.5248,11.7629
"6828",121,2016-04-30,NA,10.5346,11.81
"6829",122,2016-05-01,NA,10.5444,11.8551
"6830",123,2016-05-02,NA,10.5545,11.8975
"6831",124,2016-05-03,NA,10.5659,11.9399
"6832",125,2016-05-04,NA,10.5793,11.9839
"6833",126,2016-05-05,NA,10.5933,12.0276
"6834",127,2016-05-06,NA,10.6078,12.0702
"6835",128,2016-05-07,NA,10.6227,12.1111
"6836",129,2016-05-08,NA,10.6372,12.1495
"6837",130,2016-05-09,NA,10.6506,12.1849
"6838",131,2016-05-10,NA,10.6631,12.219
"6839",132,2016-05-11,NA,10.6754,12.2525
"6840",133,2016-05-12,NA,10.6884,12.2885
"6841",134,2016-05-13,NA,10.7018,12.329
"6842",135,2016-05-14,NA,10.7145,12.3712
"6843",136,2016-05-15,NA,10.726,12.4122
"6844",137,2016-05-16,NA,10.737,12.453
"6845",138,2016-05-17,NA,10.7482,12.4958
"6846",139,2016-05-18,NA,10.7591,12.5407
"6847",140,2016-05-19,NA,10.7704,12.5882
"6848",141,2016-05-20,NA,10.7833,12.6387
"6849",142,2016-05-21,NA,10.7988,12.6892
"6850",143,2016-05-22,NA,10.8167,12.7384
"6851",144,2016-05-23,NA,10.8368,12.7851
"6852",145,2016-05-24,NA,10.8595,12.8304
"6853",146,2016-05-25,NA,10.885,12.8718
"6854",147,2016-05-26,NA,10.9131,12.9133
"6855",148,2016-05-27,NA,10.9418,12.9516
"6856",149,2016-05-28,NA,10.9701,12.9901
"6857",150,2016-05-29,NA,10.9974,13.0248
"6858",151,2016-05-30,NA,11.0233,13.0555
"6859",152,2016-05-31,NA,11.047,13.0853
"6860",153,2016-06-01,NA,11.067,13.1138
"6861",154,2016-06-02,NA,11.0839,13.1419
"6862",155,2016-06-03,NA,11.097,13.1705
"6863",156,2016-06-04,NA,11.1061,13.1987
"6864",157,2016-06-05,NA,11.1117,13.2266
"6865",158,2016-06-06,NA,11.1136,13.2538
"6866",159,2016-06-07,NA,11.1127,13.2802
"6867",160,2016-06-08,NA,11.1102,13.3056
"6868",161,2016-06-09,NA,11.1081,13.3331
"6869",162,2016-06-10,NA,11.1065,13.3616
"6870",163,2016-06-11,NA,11.1059,13.3895
"6871",164,2016-06-12,NA,11.1054,13.4178
"6872",165,2016-06-13,NA,11.1043,13.4407
"6873",166,2016-06-14,NA,11.1026,13.4616
"6874",167,2016-06-15,NA,11.0995,13.4802
"6875",168,2016-06-16,NA,11.0939,13.4984
"6876",169,2016-06-17,NA,11.0858,13.5135
"6877",170,2016-06-18,NA,11.076,13.5263
"6878",171,2016-06-19,NA,11.0635,13.5378
"6879",172,2016-06-20,NA,11.046,13.5396
"6880",173,2016-06-21,NA,11.0228,13.5298
"6881",174,2016-06-22,NA,10.9936,13.5043
"6882",175,2016-06-23,NA,10.9611,13.4781
"6883",176,2016-06-24,NA,10.9254,13.4507
"6884",177,2016-06-25,NA,10.8856,13.4231
"6885",178,2016-06-26,NA,10.8429,13.414
"6886",179,2016-06-27,NA,10.7991,13.4134
"6887",180,2016-06-28,NA,10.7552,13.4025
"6888",181,2016-06-29,NA,10.7105,13.3878
"6889",182,2016-06-30,NA,10.6662,13.3735
"6890",183,2016-07-01,NA,10.6236,13.3663
"6891",184,2016-07-02,NA,10.5836,13.3631
"6892",185,2016-07-03,NA,10.5456,13.3571
"6893",186,2016-07-04,NA,10.5077,13.335
"6894",187,2016-07-05,NA,10.4704,13.2992
"6895",188,2016-07-06,NA,10.4355,13.2602
"6896",189,2016-07-07,NA,10.4026,13.2127
"6897",190,2016-07-08,NA,10.3696,13.1664
"6898",191,2016-07-09,NA,10.3359,13.1183
"6899",192,2016-07-10,NA,10.3,13.0609
"6900",193,2016-07-11,NA,10.2615,12.984
"6901",194,2016-07-12,NA,10.2197,12.8985
"6902",195,2016-07-13,NA,10.1754,12.8093
"6903",196,2016-07-14,NA,10.1302,12.7209
"6904",197,2016-07-15,NA,10.0854,12.6326
"6905",198,2016-07-16,NA,10.042,12.5452
"6906",199,2016-07-17,NA,10.0004,12.4567
"6907",200,2016-07-18,NA,9.9617,12.37
"6908",201,2016-07-19,NA,9.9257,12.2816
"6909",202,2016-07-20,NA,9.8933,12.1945
"6910",203,2016-07-21,NA,9.8668,12.1186
"6911",204,2016-07-22,NA,9.8465,12.0565
"6912",205,2016-07-23,NA,9.8334,12.0225
"6913",206,2016-07-24,NA,9.8252,11.9939
"6914",207,2016-07-25,NA,9.8209,11.9747
"6915",208,2016-07-26,NA,9.8204,11.9585
"6916",209,2016-07-27,NA,9.8228,11.9284
"6917",210,2016-07-28,NA,9.8265,11.8936
"6918",211,2016-07-29,NA,9.8306,11.8635
"6919",212,2016-07-30,NA,9.8364,11.8341
"6920",213,2016-07-31,NA,9.8428,11.8047
"6921",214,2016-08-01,NA,9.8505,11.7705
"6922",215,2016-08-02,NA,9.8595,11.74
"6923",216,2016-08-03,NA,9.8698,11.7185
"6924",217,2016-08-04,NA,9.8837,11.7086
"6925",218,2016-08-05,NA,9.9008,11.7205
"6926",219,2016-08-06,NA,9.9215,11.7383
"6927",220,2016-08-07,NA,9.9463,11.7741
"6928",221,2016-08-08,NA,9.976,11.821
"6929",222,2016-08-09,NA,10.0101,11.8744
"6930",223,2016-08-10,NA,10.0494,11.9415
"6931",224,2016-08-11,NA,10.0934,12.0277
"6932",225,2016-08-12,NA,10.1417,12.1178
"6933",226,2016-08-13,NA,10.1924,12.2086
"6934",227,2016-08-14,NA,10.2448,12.2992
"6935",228,2016-08-15,NA,10.2987,12.3911
"6936",229,2016-08-16,NA,10.3539,12.4844
"6937",230,2016-08-17,NA,10.4092,12.581
"6938",231,2016-08-18,NA,10.4626,12.6733
"6939",232,2016-08-19,8.83,10.5141,12.7636
"6940",233,2016-08-20,8.82,10.563,12.8508
"6941",234,2016-08-21,9.81,10.6078,12.9313
"6942",235,2016-08-22,9.93,10.6486,13.0067
"6943",236,2016-08-23,8.81,10.6854,13.0688
"6944",237,2016-08-24,8.87,10.7191,13.1258
"6945",238,2016-08-25,9.24,10.7494,13.1709
"6946",239,2016-08-26,8.97,10.7763,13.2129
"6947",240,2016-08-27,9.33,10.8002,13.2522
"6948",241,2016-08-28,9.8,10.8222,13.2872
"6949",242,2016-08-29,10.6,10.844,13.3258
"6950",243,2016-08-30,11.45,10.866,13.3667
"6951",244,2016-08-31,12,10.8889,13.4105
"6952",245,2016-09-01,12.74,10.9122,13.4556
"6953",246,2016-09-02,12.94,10.936,13.4997
"6954",247,2016-09-03,13.06,10.96,13.5405
"6955",248,2016-09-04,13.1,10.9841,13.5856
"6956",249,2016-09-05,12.91,11.0079,13.6205
"6957",250,2016-09-06,13.03,11.0301,13.6507
"6958",251,2016-09-07,12.3,11.0498,13.6683
"6959",252,2016-09-08,11.99,11.0661,13.6727
"6960",253,2016-09-09,10.96,11.079,13.6738
"6961",254,2016-09-10,9.13,11.0884,13.6724
"6962",255,2016-09-11,9.02,11.0953,13.6711
"6963",256,2016-09-12,9.73,11.101,13.6722
"6964",257,2016-09-13,9.34,11.1063,13.6729
"6965",258,2016-09-14,9.34,11.1102,13.6724
"6966",259,2016-09-15,9.8,11.1122,13.6712
"6967",260,2016-09-16,9.98,11.113,13.6724
"6968",261,2016-09-17,10.43,11.1139,13.6728
"6969",262,2016-09-18,10.86,11.1162,13.6758
"6970",263,2016-09-19,10.96,11.1202,13.68
"6971",264,2016-09-20,11.05,11.1261,13.6828
"6972",265,2016-09-21,10.92,11.1347,13.6823
"6973",266,2016-09-22,10.95,11.1454,13.6812
"6974",267,2016-09-23,11.29,11.158,13.6781
"6975",268,2016-09-24,11.7,11.1717,13.6731
"6976",269,2016-09-25,12.01,11.1876,13.6699
"6977",270,2016-09-26,11.95,11.2065,13.6687
"6978",271,2016-09-27,11.46,11.2269,13.6649
"6979",272,2016-09-28,9.6,11.248,13.6589
"6980",273,2016-09-29,9.02,11.2688,13.6519
"6981",274,2016-09-30,8.76,11.2888,13.6449
"6982",275,2016-10-01,10.15,11.3079,13.6349
"6983",276,2016-10-02,11.39,11.3253,13.6226
"6984",277,2016-10-03,11.7,11.3414,13.6053
"6985",278,2016-10-04,11.82,11.3562,13.5843
"6986",279,2016-10-05,12.02,11.3699,13.5618
"6987",280,2016-10-06,12.17,11.3826,13.5395
"6988",281,2016-10-07,12.22,11.3937,13.519
"6989",282,2016-10-08,12.41,11.4049,13.5023
"6990",283,2016-10-09,12.61,11.4173,13.4882
"6991",284,2016-10-10,12.64,11.431,13.4733
"6992",285,2016-10-11,12.43,11.4458,13.4525
"6993",286,2016-10-12,12.31,11.4602,13.4299
"6994",287,2016-10-13,12.38,11.4743,13.4095
"6995",288,2016-10-14,12.79,11.4875,13.3892
"6996",289,2016-10-15,13.11,11.5007,13.3693
"6997",290,2016-10-16,13.25,11.5141,13.3479
"6998",291,2016-10-17,12.82,11.5271,13.3218
"6999",292,2016-10-18,13.18,11.5392,13.2926
"7000",293,2016-10-19,13.32,11.5496,13.2597
"7001",294,2016-10-20,13.36,11.5576,13.2241
"7002",295,2016-10-21,13.43,11.564,13.1884
"7003",296,2016-10-22,13.49,11.5691,13.156
"7004",297,2016-10-23,13.51,11.5738,13.1249
"7005",298,2016-10-24,13.38,11.5779,13.0959
"7006",299,2016-10-25,13.32,11.5815,13.0693
"7007",300,2016-10-26,13.29,11.5842,13.0426
"7008",301,2016-10-27,13.3,11.5858,13.0155
"7009",302,2016-10-28,13.41,11.5873,12.9897
"7010",303,2016-10-29,13.72,11.5889,12.9682
"7011",304,2016-10-30,13.74,11.5912,12.9492
"7012",305,2016-10-31,13.68,11.594,12.934
"7013",306,2016-11-01,13.77,11.5966,12.9185
"7014",307,2016-11-02,13.7,11.5985,12.8996
"7015",308,2016-11-03,13.72,11.5996,12.8798
"7016",309,2016-11-04,13.78,11.5998,12.8584
"7017",310,2016-11-05,13.86,11.599,12.8356
"7018",311,2016-11-06,13.85,11.5978,12.8127
"7019",312,2016-11-07,13.83,11.5959,12.7879
"7020",313,2016-11-08,13.88,11.5925,12.7609
"7021",314,2016-11-09,14.01,11.5871,12.7318
"7022",315,2016-11-10,14.05,11.5797,12.7034
"7023",316,2016-11-11,14.12,11.5702,12.6775
"7024",317,2016-11-12,14.22,11.5592,12.6525
"7025",318,2016-11-13,14.11,11.5467,12.6267
"7026",319,2016-11-14,14.23,11.533,12.5974
"7027",320,2016-11-15,14.36,11.5179,12.5654
"7028",321,2016-11-16,14.24,11.5015,12.5325
"7029",322,2016-11-17,14.08,11.4832,12.5007
"7030",323,2016-11-18,14.05,11.4632,12.4704
"7031",324,2016-11-19,13.8,11.442,12.4436
"7032",325,2016-11-20,13.9,11.4196,12.4185
"7033",326,2016-11-21,13.91,11.3959,12.3943
"7034",327,2016-11-22,13.69,11.3708,12.3692
"7035",328,2016-11-23,13.69,11.3437,12.342
"7036",329,2016-11-24,13.67,11.3147,12.313
"7037",330,2016-11-25,13.7,11.2842,12.2834
"7038",331,2016-11-26,13.65,11.2522,12.253
"7039",332,2016-11-27,13.45,11.2182,12.2205
"7040",333,2016-11-28,13.22,11.1823,12.1866
"7041",334,2016-11-29,13.52,11.1446,12.1496
"7042",335,2016-11-30,13.18,11.1053,12.1111
"7043",336,2016-12-01,13.18,11.0649,12.0705
"7044",337,2016-12-02,12.97,11.0236,12.0305
"7045",338,2016-12-03,12.87,10.9819,11.9922
"7046",339,2016-12-04,12.76,10.9403,11.9533
"7047",340,2016-12-05,12.85,10.8989,11.9177
"7048",341,2016-12-06,12.5,10.8577,11.8842
"7049",342,2016-12-07,12.45,10.817,11.8526
"7050",343,2016-12-08,12.44,10.7774,11.824
"7051",344,2016-12-09,12.31,10.7392,11.7977
"7052",345,2016-12-10,11.95,10.7025,11.7739
"7053",346,2016-12-11,11.7,10.6674,11.7511
"7054",347,2016-12-12,11.52,10.6335,11.7296
"7055",348,2016-12-13,11.41,10.601,11.7085
"7056",349,2016-12-14,10.93,10.5699,11.6877
"7057",350,2016-12-15,11.27,10.5403,11.671
"7058",351,2016-12-16,10.95,10.5123,11.6578
"7059",352,2016-12-17,10.98,10.4858,11.6463
"7060",353,2016-12-18,11.03,10.4607,11.6355
"7061",354,2016-12-19,10.88,10.437,11.6249
"7062",355,2016-12-20,10.97,10.4142,11.6146
"7063",356,2016-12-21,10.96,10.3925,11.6047
"7064",357,2016-12-22,10.98,10.3716,11.5947
"7065",358,2016-12-23,11.01,10.3516,11.5836
"7066",359,2016-12-24,10.69,10.333,11.5735
"7067",360,2016-12-25,10.63,10.3153,11.5574
"7068",361,2016-12-26,10.57,10.2978,11.5405
"7069",362,2016-12-27,10.29,10.2806,11.5227
"7070",363,2016-12-28,10.24,10.2639,11.5042
"7071",364,2016-12-29,10.45,10.2479,11.4846
"7072",365,2016-12-30,10.34,10.2326,11.4656
"7073",366,2016-12-31,10.83,10.2178,11.447
"7074",1,2017-01-01,10.5,10.2036,11.4263
"7075",2,2017-01-02,10.15,10.1901,11.4062
"7076",3,2017-01-03,10.4,10.1775,11.3869
"7077",4,2017-01-04,10.09,10.1652,11.3691
"7078",5,2017-01-05,9.89,10.1538,11.3525
"7079",6,2017-01-06,10.06,10.1433,11.337
"7080",7,2017-01-07,9.8,10.1338,11.3233
"7081",8,2017-01-08,9.69,10.125,11.3114
"7082",9,2017-01-09,9.55,10.1165,11.3009
"7083",10,2017-01-10,9.17,10.1083,11.2911
"7084",11,2017-01-11,9.68,10.1003,11.2821
"7085",12,2017-01-12,9.52,10.0931,11.2742
"7086",13,2017-01-13,9.16,10.0866,11.2682
"7087",14,2017-01-14,8.87,10.0805,11.2646
"7088",15,2017-01-15,9.22,10.0747,11.2603
"7089",16,2017-01-16,9.21,10.069,11.2553
"7090",17,2017-01-17,9.06,10.0636,11.2493
"7091",18,2017-01-18,9.2,10.0587,11.2431
"7092",19,2017-01-19,9.76,10.0542,11.2344
"7093",20,2017-01-20,9.8,10.05,11.2223
"7094",21,2017-01-21,9.74,10.0465,11.2106
"7095",22,2017-01-22,9.85,10.0434,11.1993
"7096",23,2017-01-23,9.88,10.0405,11.1898
"7097",24,2017-01-24,9.92,10.0378,11.1808
"7098",25,2017-01-25,9.8,10.0354,11.1784
"7099",26,2017-01-26,9.95,10.0335,11.1765
"7100",27,2017-01-27,10.01,10.0324,11.1762
"7101",28,2017-01-28,10.03,10.0318,11.1764
"7102",29,2017-01-29,9.94,10.031,11.1771
"7103",30,2017-01-30,9.95,10.0301,11.1782
"7104",31,2017-01-31,9.99,10.0292,11.1797
"7105",32,2017-02-01,9.93,10.0282,11.1816
"7106",33,2017-02-02,9.74,10.027,11.1827
"7107",34,2017-02-03,9.81,10.0256,11.1833
"7108",35,2017-02-04,9.63,10.0237,11.1838
"7109",36,2017-02-05,9.72,10.0213,11.1832
"7110",37,2017-02-06,9.8,10.0181,11.1822
"7111",38,2017-02-07,9.63,10.014,11.1787
"7112",39,2017-02-08,9.75,10.0092,11.173
"7113",40,2017-02-09,10.23,10.0042,11.1668
"7114",41,2017-02-10,10.42,9.999,11.1611
"7115",42,2017-02-11,10.4,9.9935,11.1543
"7116",43,2017-02-12,10.51,9.9878,11.1466
"7117",44,2017-02-13,10.45,9.9818,11.1374
"7118",45,2017-02-14,10.33,9.9756,11.1264
"7119",46,2017-02-15,10.4,9.9693,11.1156
"7120",47,2017-02-16,10.71,9.963,11.1047
"7121",48,2017-02-17,10.71,9.9568,11.0949
"7122",49,2017-02-18,10.73,9.9509,11.087
"7123",50,2017-02-19,10.59,9.9455,11.0823
"7124",51,2017-02-20,10.57,9.9405,11.0812
"7125",52,2017-02-21,10.49,9.936,11.0801
"7126",53,2017-02-22,10.55,9.9322,11.0792
"7127",54,2017-02-23,10.43,9.9291,11.0784
"7128",55,2017-02-24,10.3,9.9268,11.0777
"7129",56,2017-02-25,9.81,9.9251,11.0789
"7130",57,2017-02-26,10.05,9.9244,11.0825
"7131",58,2017-02-27,10.06,9.9245,11.086
"7132",59,2017-02-28,9.94,9.9257,11.091
"7133",61,2017-03-01,10.14,9.9316,11.1015
"7134",62,2017-03-02,10.12,9.9358,11.1067
"7135",63,2017-03-03,9.89,9.9407,11.1125
"7136",64,2017-03-04,9.97,9.9461,11.1191
"7137",65,2017-03-05,9.96,9.9522,11.1267
"7138",66,2017-03-06,9.71,9.9588,11.1325
"7139",67,2017-03-07,9.53,9.9658,11.1358
"7140",68,2017-03-08,9.72,9.9736,11.1392
"7141",69,2017-03-09,9.89,9.9818,11.1425
"7142",70,2017-03-10,10.12,9.99,11.1462
"7143",71,2017-03-11,10.27,9.9981,11.1495
"7144",72,2017-03-12,10.3,10.006,11.1518
"7145",73,2017-03-13,10.79,10.0136,11.1536
"7146",74,2017-03-14,10.77,10.0207,11.1551
"7147",75,2017-03-15,10.78,10.0274,11.1565
"7148",76,2017-03-16,10.67,10.0336,11.1558
"7149",77,2017-03-17,10.81,10.0396,11.1545
"7150",78,2017-03-18,10.69,10.046,11.1532
"7151",79,2017-03-19,10.58,10.0524,11.1504
"7152",80,2017-03-20,10.52,10.0592,11.1473
"7153",81,2017-03-21,10.47,10.0665,11.1435
"7154",82,2017-03-22,10.7,10.0743,11.1404
"7155",83,2017-03-23,10.74,10.0826,11.1375
"7156",84,2017-03-24,10.7,10.0918,11.1357
"7157",85,2017-03-25,10.76,10.1019,11.1342
"7158",86,2017-03-26,10.84,10.1126,11.1325
"7159",87,2017-03-27,10.8,10.1239,11.1301
"7160",88,2017-03-28,10.95,10.1357,11.1271
"7161",89,2017-03-29,10.96,10.1474,11.126
"7162",90,2017-03-30,10.88,10.1592,11.1281
"7163",91,2017-03-31,10.8,10.1711,11.1322
"7164",92,2017-04-01,10.81,10.1827,11.1385
"7165",93,2017-04-02,10.8,10.1937,11.1444
"7166",94,2017-04-03,10.36,10.2033,11.1485
"7167",95,2017-04-04,10.35,10.2114,11.1519
"7168",96,2017-04-05,10.77,10.2185,11.1542
"7169",97,2017-04-06,10.86,10.2254,11.1585
"7170",98,2017-04-07,10.86,10.2326,11.1668
"7171",99,2017-04-08,10.83,10.2401,11.1761
"7172",100,2017-04-09,10.8,10.2481,11.1867
"7173",101,2017-04-10,10.73,10.2563,11.1987
"7174",102,2017-04-11,10.69,10.2645,11.2113
"7175",103,2017-04-12,10.73,10.2733,11.2247
"7176",104,2017-04-13,10.68,10.2836,11.2391
"7177",105,2017-04-14,10.78,10.2961,11.2549
"7178",106,2017-04-15,10.93,10.3111,11.2714
"7179",107,2017-04-16,10.91,10.3285,11.291
"7180",108,2017-04-17,10.9,10.3477,11.3139
"7181",109,2017-04-18,10.99,10.3679,11.3373
"7182",110,2017-04-19,11.43,10.3882,11.3643
"7183",111,2017-04-20,11.35,10.4078,11.3935
"7184",112,2017-04-21,11.46,10.426,11.4255
"7185",113,2017-04-22,11.92,10.4427,11.4589
"7186",114,2017-04-23,11.66,10.4574,11.4956
"7187",115,2017-04-24,11.61,10.4708,11.5356
"7188",116,2017-04-25,11.45,10.4827,11.576
"7189",117,2017-04-26,11.55,10.4939,11.6201
"7190",118,2017-04-27,11.58,10.5046,11.6646
"7191",119,2017-04-28,11.6,10.5149,11.7129
"7192",120,2017-04-29,11.65,10.5248,11.7629
"7193",121,2017-04-30,11.73,10.5346,11.81
"7194",122,2017-05-01,11.5,10.5444,11.8551
"7195",123,2017-05-02,11.55,10.5545,11.8975
"7196",124,2017-05-03,11.95,10.5659,11.9399
"7197",125,2017-05-04,11.88,10.5793,11.9839
"7198",126,2017-05-05,11.64,10.5933,12.0276
"7199",127,2017-05-06,11.44,10.6078,12.0702
"7200",128,2017-05-07,11.18,10.6227,12.1111
"7201",129,2017-05-08,10.71,10.6372,12.1495
"7202",130,2017-05-09,10.24,10.6506,12.1849
"7203",131,2017-05-10,11.27,10.6631,12.219
"7204",132,2017-05-11,11.86,10.6754,12.2525
"7205",133,2017-05-12,12.04,10.6884,12.2885
"7206",134,2017-05-13,12.26,10.7018,12.329
"7207",135,2017-05-14,12.39,10.7145,12.3712
"7208",136,2017-05-15,12.47,10.726,12.4122
"7209",137,2017-05-16,12.67,10.737,12.453
"7210",138,2017-05-17,12.75,10.7482,12.4958
"7211",139,2017-05-18,12.61,10.7591,12.5407
"7212",140,2017-05-19,12.79,10.7704,12.5882
"7213",141,2017-05-20,12.75,10.7833,12.6387
"7214",142,2017-05-21,11.47,10.7988,12.6892
"7215",143,2017-05-22,10.25,10.8167,12.7384
"7216",144,2017-05-23,9.87,10.8368,12.7851
"7217",145,2017-05-24,9.19,10.8595,12.8304
"7218",146,2017-05-25,8.99,10.885,12.8718
"7219",147,2017-05-26,9.14,10.9131,12.9133
"7220",148,2017-05-27,9,10.9418,12.9516
"7221",149,2017-05-28,9.27,10.9701,12.9901
"7222",150,2017-05-29,9.95,10.9974,13.0248
"7223",151,2017-05-30,10.08,11.0233,13.0555
"7224",152,2017-05-31,10.38,11.047,13.0853
"7225",153,2017-06-01,12.19,11.067,13.1138
"7226",154,2017-06-02,13.35,11.0839,13.1419
"7227",155,2017-06-03,13.85,11.097,13.1705
"7228",156,2017-06-04,12.17,11.1061,13.1987
"7229",157,2017-06-05,10.89,11.1117,13.2266
"7230",158,2017-06-06,10.23,11.1136,13.2538
"7231",159,2017-06-07,10.49,11.1127,13.2802
"7232",160,2017-06-08,11.67,11.1102,13.3056
"7233",161,2017-06-09,11.98,11.1081,13.3331
"7234",162,2017-06-10,12.71,11.1065,13.3616
"7235",163,2017-06-11,13.3,11.1059,13.3895
"7236",164,2017-06-12,12.8,11.1054,13.4178
"7237",165,2017-06-13,12.76,11.1043,13.4407
"7238",166,2017-06-14,13.02,11.1026,13.4616
"7239",167,2017-06-15,13.98,11.0995,13.4802
"7240",168,2017-06-16,13.65,11.0939,13.4984
"7241",169,2017-06-17,13.73,11.0858,13.5135
"7242",170,2017-06-18,14.52,11.076,13.5263
"7243",171,2017-06-19,14.29,11.0635,13.5378
"7244",172,2017-06-20,14.08,11.046,13.5396
"7245",173,2017-06-21,12.17,11.0228,13.5298
"7246",174,2017-06-22,9.26,10.9936,13.5043
"7247",175,2017-06-23,8.87,10.9611,13.4781
"7248",176,2017-06-24,8.27,10.9254,13.4507
"7249",177,2017-06-25,9.24,10.8856,13.4231
"7250",178,2017-06-26,10.61,10.8429,13.414
"7251",179,2017-06-27,11.05,10.7991,13.4134
"7252",180,2017-06-28,10.85,10.7552,13.4025
"7253",181,2017-06-29,10.63,10.7105,13.3878
"7254",182,2017-06-30,10,10.6662,13.3735
"7255",183,2017-07-01,9.35,10.6236,13.3663
"7256",184,2017-07-02,9.24,10.5836,13.3631
"7257",185,2017-07-03,9.07,10.5456,13.3571
"7258",186,2017-07-04,8.91,10.5077,13.335
"7259",187,2017-07-05,8.27,10.4704,13.2992
"7260",188,2017-07-06,8.57,10.4355,13.2602
"7261",189,2017-07-07,9.03,10.4026,13.2127
"7262",190,2017-07-08,9.18,10.3696,13.1664
"7263",191,2017-07-09,8.86,10.3359,13.1183
"7264",192,2017-07-10,8.94,10.3,13.0609
"7265",193,2017-07-11,8.93,10.2615,12.984
"7266",194,2017-07-12,9.21,10.2197,12.8985
"7267",195,2017-07-13,9.26,10.1754,12.8093
"7268",196,2017-07-14,8.87,10.1302,12.7209
"7269",197,2017-07-15,8.75,10.0854,12.6326
"7270",198,2017-07-16,9.7,10.042,12.5452
"7271",199,2017-07-17,9.41,10.0004,12.4567
"7272",200,2017-07-18,9.04,9.9617,12.37
"7273",201,2017-07-19,9.28,9.9257,12.2816
"7274",202,2017-07-20,9.91,9.8933,12.1945
"7275",203,2017-07-21,10.82,9.8668,12.1186
"7276",204,2017-07-22,12.36,9.8465,12.0565
"7277",205,2017-07-23,10,9.8334,12.0225
"7278",206,2017-07-24,8.72,9.8252,11.9939
"7279",207,2017-07-25,8.39,9.8209,11.9747
"7280",208,2017-07-26,8.41,9.8204,11.9585
"7281",209,2017-07-27,8.44,9.8228,11.9284
"7282",210,2017-07-28,8.95,9.8265,11.8936
"7283",211,2017-07-29,8.88,9.8306,11.8635
"7284",212,2017-07-30,8.98,9.8364,11.8341
"7285",213,2017-07-31,8.88,9.8428,11.8047
"7286",214,2017-08-01,8.61,9.8505,11.7705
"7287",215,2017-08-02,8.61,9.8595,11.74
"7288",216,2017-08-03,8.67,9.8698,11.7185
"7289",217,2017-08-04,9.8,9.8837,11.7086
"7290",218,2017-08-05,9.71,9.9008,11.7205
"7291",219,2017-08-06,9.99,9.9215,11.7383
"7292",220,2017-08-07,9.57,9.9463,11.7741
"7293",221,2017-08-08,9.09,9.976,11.821
"7294",222,2017-08-09,9.62,10.0101,11.8744
"7295",223,2017-08-10,9.74,10.0494,11.9415
"7296",224,2017-08-11,9.81,10.0934,12.0277
"7297",225,2017-08-12,10.27,10.1417,12.1178
"7298",226,2017-08-13,10.93,10.1924,12.2086
"7299",227,2017-08-14,10.53,10.2448,12.2992
"7300",228,2017-08-15,9.85,10.2987,12.3911
"7301",229,2017-08-16,9.85,10.3539,12.4844
"7302",230,2017-08-17,9.75,10.4092,12.581
"7303",231,2017-08-18,9.37,10.4626,12.6733
"7304",232,2017-08-19,9.21,10.5141,12.7636
"7305",233,2017-08-20,8.9,10.563,12.8508
"7306",234,2017-08-21,8.83,10.6078,12.9313
"7307",235,2017-08-22,8.73,10.6486,13.0067
"7308",236,2017-08-23,9,10.6854,13.0688
"7309",237,2017-08-24,9.44,10.7191,13.1258
"7310",238,2017-08-25,9.47,10.7494,13.1709
"7311",239,2017-08-26,9.33,10.7763,13.2129
"7312",240,2017-08-27,8.9,10.8002,13.2522
"7313",241,2017-08-28,8.96,10.8222,13.2872
"7314",242,2017-08-29,9.78,10.844,13.3258
"7315",243,2017-08-30,10.17,10.866,13.3667
"7316",244,2017-08-31,10.7,10.8889,13.4105
"7317",245,2017-09-01,9.87,10.9122,13.4556
"7318",246,2017-09-02,9.3,10.936,13.4997
"7319",247,2017-09-03,9.36,10.96,13.5405
"7320",248,2017-09-04,9.49,10.9841,13.5856
"7321",249,2017-09-05,9.69,11.0079,13.6205
"7322",250,2017-09-06,10.64,11.0301,13.6507
"7323",251,2017-09-07,11.37,11.0498,13.6683
"7324",252,2017-09-08,10.93,11.0661,13.6727
"7325",253,2017-09-09,11.23,11.079,13.6738
"7326",254,2017-09-10,11.52,11.0884,13.6724
"7327",255,2017-09-11,10.8,11.0953,13.6711
"7328",256,2017-09-12,10.09,11.101,13.6722
"7329",257,2017-09-13,9.59,11.1063,13.6729
"7330",258,2017-09-14,9.65,11.1102,13.6724
"7331",259,2017-09-15,10.26,11.1122,13.6712
"7332",260,2017-09-16,10.25,11.113,13.6724
"7333",261,2017-09-17,10.54,11.1139,13.6728
"7334",262,2017-09-18,10.86,11.1162,13.6758
"7335",263,2017-09-19,11.57,11.1202,13.68
"7336",264,2017-09-20,12.1,11.1261,13.6828
"7337",265,2017-09-21,12.42,11.1347,13.6823
"7338",266,2017-09-22,12.7,11.1454,13.6812
"7339",267,2017-09-23,12.62,11.158,13.6781
"7340",268,2017-09-24,12.98,11.1717,13.6731
"7341",269,2017-09-25,12.86,11.1876,13.6699
"7342",270,2017-09-26,12.78,11.2065,13.6687
"7343",271,2017-09-27,12.8,11.2269,13.6649
"7344",272,2017-09-28,12.84,11.248,13.6589
"7345",273,2017-09-29,13.36,11.2688,13.6519
"7346",274,2017-09-30,13.64,11.2888,13.6449
"7347",275,2017-10-01,13.65,11.3079,13.6349
"7348",276,2017-10-02,12.89,11.3253,13.6226
"7349",277,2017-10-03,12.51,11.3414,13.6053
"7350",278,2017-10-04,12.03,11.3562,13.5843
"7351",279,2017-10-05,12.08,11.3699,13.5618
"7352",280,2017-10-06,12.17,11.3826,13.5395
"7353",281,2017-10-07,12.5,11.3937,13.519
"7354",282,2017-10-08,12.28,11.4049,13.5023
"7355",283,2017-10-09,11.67,11.4173,13.4882
"7356",284,2017-10-10,10.97,11.431,13.4733
"7357",285,2017-10-11,10.58,11.4458,13.4525
"7358",286,2017-10-12,11.03,11.4602,13.4299
"7359",287,2017-10-13,11.45,11.4743,13.4095
"7360",288,2017-10-14,11.35,11.4875,13.3892
"7361",289,2017-10-15,11.27,11.5007,13.3693
"7362",290,2017-10-16,11.1,11.5141,13.3479
"7363",291,2017-10-17,10.97,11.5271,13.3218
"7364",292,2017-10-18,11.19,11.5392,13.2926
"7365",293,2017-10-19,11.75,11.5496,13.2597
"7366",294,2017-10-20,11.91,11.5576,13.2241
"7367",295,2017-10-21,11.89,11.564,13.1884
"7368",296,2017-10-22,12.12,11.5691,13.156
"7369",297,2017-10-23,12.19,11.5738,13.1249
"7370",298,2017-10-24,12.1,11.5779,13.0959
"7371",299,2017-10-25,12.07,11.5815,13.0693
"7372",300,2017-10-26,12,11.5842,13.0426
"7373",301,2017-10-27,11.95,11.5858,13.0155
"7374",302,2017-10-28,11.9,11.5873,12.9897
"7375",303,2017-10-29,12.08,11.5889,12.9682
"7376",304,2017-10-30,12.03,11.5912,12.9492
"7377",305,2017-10-31,11.76,11.594,12.934
"7378",306,2017-11-01,11.58,11.5966,12.9185
"7379",307,2017-11-02,11.68,11.5985,12.8996
"7380",308,2017-11-03,11.87,11.5996,12.8798
"7381",309,2017-11-04,11.72,11.5998,12.8584
"7382",310,2017-11-05,11.66,11.599,12.8356
"7383",311,2017-11-06,11.78,11.5978,12.8127
"7384",312,2017-11-07,11.61,11.5959,12.7879
"7385",313,2017-11-08,11.43,11.5925,12.7609
"7386",314,2017-11-09,11.31,11.5871,12.7318
"7387",315,2017-11-10,11.45,11.5797,12.7034
"7388",316,2017-11-11,11.57,11.5702,12.6775
"7389",317,2017-11-12,11.59,11.5592,12.6525
"7390",318,2017-11-13,11.52,11.5467,12.6267
"7391",319,2017-11-14,11.7,11.533,12.5974
"7392",320,2017-11-15,11.63,11.5179,12.5654
"7393",321,2017-11-16,11.59,11.5015,12.5325
"7394",322,2017-11-17,11.44,11.4832,12.5007
"7395",323,2017-11-18,11.22,11.4632,12.4704
"7396",324,2017-11-19,10.92,11.442,12.4436
"7397",325,2017-11-20,11.22,11.4196,12.4185
"7398",326,2017-11-21,11.57,11.3959,12.3943
"7399",327,2017-11-22,11.74,11.3708,12.3692
"7400",328,2017-11-23,11.82,11.3437,12.342
"7401",329,2017-11-24,11.71,11.3147,12.313
"7402",330,2017-11-25,11.61,11.2842,12.2834
"7403",331,2017-11-26,11.57,11.2522,12.253
"7404",332,2017-11-27,11.49,11.2182,12.2205
"7405",333,2017-11-28,11.36,11.1823,12.1866
"7406",334,2017-11-29,11.26,11.1446,12.1496
"7407",335,2017-11-30,11.31,11.1053,12.1111
"7408",336,2017-12-01,11.3,11.0649,12.0705
"7409",337,2017-12-02,11.15,11.0236,12.0305
"7410",338,2017-12-03,11.16,10.9819,11.9922
"7411",339,2017-12-04,11.29,10.9403,11.9533
"7412",340,2017-12-05,11.27,10.8989,11.9177
"7413",341,2017-12-06,11.12,10.8577,11.8842
"7414",342,2017-12-07,11.05,10.817,11.8526
"7415",343,2017-12-08,10.9,10.7774,11.824
"7416",344,2017-12-09,10.81,10.7392,11.7977
"7417",345,2017-12-10,10.84,10.7025,11.7739
"7418",346,2017-12-11,10.98,10.6674,11.7511
"7419",347,2017-12-12,10.72,10.6335,11.7296
"7420",348,2017-12-13,10.45,10.601,11.7085
"7421",349,2017-12-14,10.51,10.5699,11.6877
"7422",350,2017-12-15,10.6,10.5403,11.671
"7423",351,2017-12-16,10.64,10.5123,11.6578
"7424",352,2017-12-17,10.71,10.4858,11.6463
"7425",353,2017-12-18,10.7,10.4607,11.6355
"7426",354,2017-12-19,10.63,10.437,11.6249
"7427",355,2017-12-20,10.46,10.4142,11.6146
"7428",356,2017-12-21,10.42,10.3925,11.6047
"7429",357,2017-12-22,10.4,10.3716,11.5947
"7430",358,2017-12-23,10.22,10.3516,11.5836
"7431",359,2017-12-24,10.19,10.333,11.5735
"7432",360,2017-12-25,10.24,10.3153,11.5574
"7433",361,2017-12-26,10.06,10.2978,11.5405
"7434",362,2017-12-27,10.02,10.2806,11.5227
"7435",363,2017-12-28,10.06,10.2639,11.5042
"7436",364,2017-12-29,10.14,10.2479,11.4846
"7437",365,2017-12-30,10.37,10.2326,11.4656
"7438",366,2017-12-31,10.28,10.2178,11.447
"7439",1,2018-01-01,10.19,10.2036,11.4263
"7440",2,2018-01-02,10.05,10.1901,11.4062
"7441",3,2018-01-03,10.21,10.1775,11.3869
"7442",4,2018-01-04,10.49,10.1652,11.3691
"7443",5,2018-01-05,10.53,10.1538,11.3525
"7444",6,2018-01-06,10.38,10.1433,11.337
"7445",7,2018-01-07,10.4,10.1338,11.3233
"7446",8,2018-01-08,10.43,10.125,11.3114
"7447",9,2018-01-09,10.46,10.1165,11.3009
"7448",10,2018-01-10,10.47,10.1083,11.2911
"7449",11,2018-01-11,10.5,10.1003,11.2821
"7450",12,2018-01-12,10.62,10.0931,11.2742
"7451",13,2018-01-13,10.7,10.0866,11.2682
"7452",14,2018-01-14,10.82,10.0805,11.2646
"7453",15,2018-01-15,10.9,10.0747,11.2603
"7454",16,2018-01-16,11.03,10.069,11.2553
"7455",17,2018-01-17,11.1,10.0636,11.2493
"7456",18,2018-01-18,11.3,10.0587,11.2431
"7457",19,2018-01-19,11.22,10.0542,11.2344
"7458",20,2018-01-20,11.16,10.05,11.2223
"7459",21,2018-01-21,11.03,10.0465,11.2106
"7460",22,2018-01-22,11,10.0434,11.1993
"7461",23,2018-01-23,10.89,10.0405,11.1898
"7462",24,2018-01-24,10.87,10.0378,11.1808
"7463",25,2018-01-25,10.75,10.0354,11.1784
"7464",26,2018-01-26,10.52,10.0335,11.1765
"7465",27,2018-01-27,10.54,10.0324,11.1762
"7466",28,2018-01-28,10.84,10.0318,11.1764
"7467",29,2018-01-29,10.94,10.031,11.1771
"7468",30,2018-01-30,10.93,10.0301,11.1782
"7469",31,2018-01-31,10.92,10.0292,11.1797
"7470",32,2018-02-01,10.75,10.0282,11.1816
"7471",33,2018-02-02,10.75,10.027,11.1827
"7472",34,2018-02-03,10.87,10.0256,11.1833
"7473",35,2018-02-04,11.02,10.0237,11.1838
"7474",36,2018-02-05,11.08,10.0213,11.1832
"7475",37,2018-02-06,11.09,10.0181,11.1822
"7476",38,2018-02-07,11.07,10.014,11.1787
"7477",39,2018-02-08,11.04,10.0092,11.173
"7478",40,2018-02-09,10.97,10.0042,11.1668
"7479",41,2018-02-10,11,9.999,11.1611
"7480",42,2018-02-11,10.88,9.9935,11.1543
"7481",43,2018-02-12,10.62,9.9878,11.1466
"7482",44,2018-02-13,10.57,9.9818,11.1374
"7483",45,2018-02-14,10.52,9.9756,11.1264
"7484",46,2018-02-15,10.51,9.9693,11.1156
"7485",47,2018-02-16,10.6,9.963,11.1047
"7486",48,2018-02-17,10.41,9.9568,11.0949
"7487",49,2018-02-18,9.93,9.9509,11.087
"7488",50,2018-02-19,9.98,9.9455,11.0823
"7489",51,2018-02-20,9.99,9.9405,11.0812
"7490",52,2018-02-21,9.58,9.936,11.0801
"7491",53,2018-02-22,9.49,9.9322,11.0792
"7492",54,2018-02-23,9.76,9.9291,11.0784
"7493",55,2018-02-24,9,9.9268,11.0777
"7494",56,2018-02-25,9.2,9.9251,11.0789
"7495",57,2018-02-26,8.78,9.9244,11.0825
"7496",58,2018-02-27,9.09,9.9245,11.086
"7497",59,2018-02-28,8.94,9.9257,11.091
"7498",61,2018-03-01,8.94,9.9316,11.1015
"7499",62,2018-03-02,9.11,9.9358,11.1067
"7500",63,2018-03-03,9.1,9.9407,11.1125
"7501",64,2018-03-04,9.04,9.9461,11.1191
"7502",65,2018-03-05,9,9.9522,11.1267
"7503",66,2018-03-06,9.15,9.9588,11.1325
"7504",67,2018-03-07,9.24,9.9658,11.1358
"7505",68,2018-03-08,9.3,9.9736,11.1392
"7506",69,2018-03-09,9.54,9.9818,11.1425
"7507",70,2018-03-10,9.71,9.99,11.1462
"7508",71,2018-03-11,9.85,9.9981,11.1495
"7509",72,2018-03-12,9.94,10.006,11.1518
"7510",73,2018-03-13,10.2,10.0136,11.1536
"7511",74,2018-03-14,10.28,10.0207,11.1551
"7512",75,2018-03-15,10.26,10.0274,11.1565
"7513",76,2018-03-16,10.14,10.0336,11.1558
"7514",77,2018-03-17,10.26,10.0396,11.1545
"7515",78,2018-03-18,10.15,10.046,11.1532
"7516",79,2018-03-19,10.19,10.0524,11.1504
"7517",80,2018-03-20,10.21,10.0592,11.1473
"7518",81,2018-03-21,10.16,10.0665,11.1435
"7519",82,2018-03-22,9.98,10.0743,11.1404
"7520",83,2018-03-23,9.88,10.0826,11.1375
"7521",84,2018-03-24,9.72,10.0918,11.1357
"7522",85,2018-03-25,9.73,10.1019,11.1342
"7523",86,2018-03-26,10.07,10.1126,11.1325
"7524",87,2018-03-27,9.92,10.1239,11.1301
"7525",88,2018-03-28,9.94,10.1357,11.1271
"7526",89,2018-03-29,9.99,10.1474,11.126
"7527",90,2018-03-30,9.98,10.1592,11.1281
"7528",91,2018-03-31,9.95,10.1711,11.1322
"7529",92,2018-04-01,9.96,10.1827,11.1385
"7530",93,2018-04-02,9.8,10.1937,11.1444
"7531",94,2018-04-03,9.98,10.2033,11.1485
"7532",95,2018-04-04,10.03,10.2114,11.1519
"7533",96,2018-04-05,9.95,10.2185,11.1542
"7534",97,2018-04-06,10.19,10.2254,11.1585
"7535",98,2018-04-07,10.55,10.2326,11.1668
"7536",99,2018-04-08,10.75,10.2401,11.1761
"7537",100,2018-04-09,10.77,10.2481,11.1867
"7538",101,2018-04-10,10.95,10.2563,11.1987
"7539",102,2018-04-11,10.97,10.2645,11.2113
"7540",103,2018-04-12,10.6,10.2733,11.2247
"7541",104,2018-04-13,10.67,10.2836,11.2391
"7542",105,2018-04-14,10.6,10.2961,11.2549
"7543",106,2018-04-15,10.6,10.3111,11.2714
"7544",107,2018-04-16,10.37,10.3285,11.291
"7545",108,2018-04-17,10.44,10.3477,11.3139
"7546",109,2018-04-18,10.74,10.3679,11.3373
"7547",110,2018-04-19,10.65,10.3882,11.3643
"7548",111,2018-04-20,10.62,10.4078,11.3935
"7549",112,2018-04-21,10.66,10.426,11.4255
"7550",113,2018-04-22,10.57,10.4427,11.4589
"7551",114,2018-04-23,10.16,10.4574,11.4956
"7552",115,2018-04-24,9.99,10.4708,11.5356
"7553",116,2018-04-25,10.64,10.4827,11.576
"7554",117,2018-04-26,10.93,10.4939,11.6201
"7555",118,2018-04-27,10.97,10.5046,11.6646
"7556",119,2018-04-28,10.91,10.5149,11.7129
"7557",120,2018-04-29,11.4,10.5248,11.7629
"7558",121,2018-04-30,10.85,10.5346,11.81
"7559",122,2018-05-01,10.47,10.5444,11.8551
"7560",123,2018-05-02,10.33,10.5545,11.8975
"7561",124,2018-05-03,10.02,10.5659,11.9399
"7562",125,2018-05-04,10.3,10.5793,11.9839
"7563",126,2018-05-05,10.76,10.5933,12.0276
"7564",127,2018-05-06,10.42,10.6078,12.0702
"7565",128,2018-05-07,10.69,10.6227,12.1111
"7566",129,2018-05-08,10.94,10.6372,12.1495
"7567",130,2018-05-09,11.41,10.6506,12.1849
"7568",131,2018-05-10,12.31,10.6631,12.219
"7569",132,2018-05-11,11.74,10.6754,12.2525
"7570",133,2018-05-12,10.28,10.6884,12.2885
"7571",134,2018-05-13,9.39,10.7018,12.329
"7572",135,2018-05-14,10.79,10.7145,12.3712
"7573",136,2018-05-15,11.08,10.726,12.4122
"7574",137,2018-05-16,12.82,10.737,12.453
"7575",138,2018-05-17,13.57,10.7482,12.4958
"7576",139,2018-05-18,13.16,10.7591,12.5407
"7577",140,2018-05-19,12.04,10.7704,12.5882
"7578",141,2018-05-20,11.58,10.7833,12.6387
"7579",142,2018-05-21,11.51,10.7988,12.6892
"7580",143,2018-05-22,10.79,10.8167,12.7384
"7581",144,2018-05-23,10.13,10.8368,12.7851
"7582",145,2018-05-24,9.77,10.8595,12.8304
"7583",146,2018-05-25,9.85,10.885,12.8718
"7584",147,2018-05-26,9.68,10.9131,12.9133
"7585",148,2018-05-27,10.72,10.9418,12.9516
"7586",149,2018-05-28,9.79,10.9701,12.9901
"7587",150,2018-05-29,9.51,10.9974,13.0248
"7588",151,2018-05-30,8.78,11.0233,13.0555
"7589",152,2018-05-31,8.53,11.047,13.0853
"7590",153,2018-06-01,9.24,11.067,13.1138
"7591",154,2018-06-02,10.57,11.0839,13.1419
"7592",155,2018-06-03,9.93,11.097,13.1705
"7593",156,2018-06-04,9.32,11.1061,13.1987
"7594",157,2018-06-05,10.32,11.1117,13.2266
"7595",158,2018-06-06,11.29,11.1136,13.2538
"7596",159,2018-06-07,10.91,11.1127,13.2802
"7597",160,2018-06-08,12.66,11.1102,13.3056
"7598",161,2018-06-09,13.35,11.1081,13.3331
"7599",162,2018-06-10,13.26,11.1065,13.3616
"7600",163,2018-06-11,13.52,11.1059,13.3895
"7601",164,2018-06-12,14.03,11.1054,13.4178
"7602",165,2018-06-13,14.51,11.1043,13.4407
"7603",166,2018-06-14,14.44,11.1026,13.4616
"7604",167,2018-06-15,13.68,11.0995,13.4802
"7605",168,2018-06-16,10.56,11.0939,13.4984
"7606",169,2018-06-17,9.38,11.0858,13.5135
"7607",170,2018-06-18,9.56,11.076,13.5263
"7608",171,2018-06-19,11.44,11.0635,13.5378
"7609",172,2018-06-20,12.11,11.046,13.5396
"7610",173,2018-06-21,12.39,11.0228,13.5298
"7611",174,2018-06-22,13.4,10.9936,13.5043
"7612",175,2018-06-23,12.72,10.9611,13.4781
"7613",176,2018-06-24,10.79,10.9254,13.4507
"7614",177,2018-06-25,9.39,10.8856,13.4231
"7615",178,2018-06-26,9.52,10.8429,13.414
"7616",179,2018-06-27,9.29,10.7991,13.4134
"7617",180,2018-06-28,9.24,10.7552,13.4025
"7618",181,2018-06-29,10.03,10.7105,13.3878
"7619",182,2018-06-30,9.38,10.6662,13.3735
"7620",183,2018-07-01,10.2,10.6236,13.3663
"7621",184,2018-07-02,9.84,10.5836,13.3631
"7622",185,2018-07-03,9.48,10.5456,13.3571
"7623",186,2018-07-04,9.31,10.5077,13.335
"7624",187,2018-07-05,9.8,10.4704,13.2992
"7625",188,2018-07-06,10.45,10.4355,13.2602
"7626",189,2018-07-07,13.61,10.4026,13.2127
"7627",190,2018-07-08,14.13,10.3696,13.1664
"7628",191,2018-07-09,14.4,10.3359,13.1183
"7629",192,2018-07-10,14.92,10.3,13.0609
"7630",193,2018-07-11,10.78,10.2615,12.984
"7631",194,2018-07-12,8.87,10.2197,12.8985
"7632",195,2018-07-13,8.87,10.1754,12.8093
"7633",196,2018-07-14,8.64,10.1302,12.7209
"7634",197,2018-07-15,8.55,10.0854,12.6326
"7635",198,2018-07-16,8.65,10.042,12.5452
"7636",199,2018-07-17,9.01,10.0004,12.4567
"7637",200,2018-07-18,9.21,9.9617,12.37
"7638",201,2018-07-19,8.97,9.9257,12.2816
"7639",202,2018-07-20,8.87,9.8933,12.1945
"7640",203,2018-07-21,8.91,9.8668,12.1186
"7641",204,2018-07-22,8.38,9.8465,12.0565
"7642",205,2018-07-23,8.35,9.8334,12.0225
"7643",206,2018-07-24,8.49,9.8252,11.9939
"7644",207,2018-07-25,8.35,9.8209,11.9747
"7645",208,2018-07-26,8.56,9.8204,11.9585
"7646",209,2018-07-27,8.71,9.8228,11.9284
"7647",210,2018-07-28,9.54,9.8265,11.8936
"7648",211,2018-07-29,9.74,9.8306,11.8635
"7649",212,2018-07-30,9.73,9.8364,11.8341
"7650",213,2018-07-31,10.73,9.8428,11.8047
"7651",214,2018-08-01,10.26,9.8505,11.7705
"7652",215,2018-08-02,10.37,9.8595,11.74
"7653",216,2018-08-03,10.15,9.8698,11.7185
"7654",217,2018-08-04,10.47,9.8837,11.7086
"7655",218,2018-08-05,10.44,9.9008,11.7205
"7656",219,2018-08-06,9.65,9.9215,11.7383
"7657",220,2018-08-07,9.47,9.9463,11.7741
"7658",221,2018-08-08,9.15,9.976,11.821
"7659",222,2018-08-09,10.59,10.0101,11.8744
"7660",223,2018-08-10,10.82,10.0494,11.9415
"7661",224,2018-08-11,11.3,10.0934,12.0277
"7662",225,2018-08-12,12.6,10.1417,12.1178
"7663",226,2018-08-13,10.16,10.1924,12.2086
"7664",227,2018-08-14,10.24,10.2448,12.2992
"7665",228,2018-08-15,11.18,10.2987,12.3911
"7666",229,2018-08-16,10.92,10.3539,12.4844
"7667",230,2018-08-17,9.96,10.4092,12.581
"7668",231,2018-08-18,9.83,10.4626,12.6733
"7669",232,2018-08-19,9.73,10.5141,12.7636
"7670",233,2018-08-20,9.65,10.563,12.8508
"7671",234,2018-08-21,9.24,10.6078,12.9313
"7672",235,2018-08-22,9.78,10.6486,13.0067
"7673",236,2018-08-23,10.2,10.6854,13.0688
"7674",237,2018-08-24,10.24,10.7191,13.1258
"7675",238,2018-08-25,10.3,10.7494,13.1709
"7676",239,2018-08-26,10.51,10.7763,13.2129
"7677",240,2018-08-27,11.05,10.8002,13.2522
"7678",241,2018-08-28,10.69,10.8222,13.2872
"7679",242,2018-08-29,10.19,10.844,13.3258
"7680",243,2018-08-30,10.54,10.866,13.3667
"7681",244,2018-08-31,10.96,10.8889,13.4105
"7682",245,2018-09-01,10.93,10.9122,13.4556
"7683",246,2018-09-02,10.17,10.936,13.4997
"7684",247,2018-09-03,9.48,10.96,13.5405
"7685",248,2018-09-04,8.92,10.9841,13.5856
"7686",249,2018-09-05,8.63,11.0079,13.6205
"7687",250,2018-09-06,9.03,11.0301,13.6507
"7688",251,2018-09-07,10.28,11.0498,13.6683
"7689",252,2018-09-08,10.84,11.0661,13.6727
"7690",253,2018-09-09,10.95,11.079,13.6738
"7691",254,2018-09-10,11.5,11.0884,13.6724
"7692",255,2018-09-11,12.22,11.0953,13.6711
"7693",256,2018-09-12,13.46,11.101,13.6722
"7694",257,2018-09-13,14.58,11.1063,13.6729
"7695",258,2018-09-14,15.12,11.1102,13.6724
"7696",259,2018-09-15,14.13,11.1122,13.6712
"7697",260,2018-09-16,14.19,11.113,13.6724
"7698",261,2018-09-17,13.84,11.1139,13.6728
"7699",262,2018-09-18,13.59,11.1162,13.6758
"7700",263,2018-09-19,12.76,11.1202,13.68
"7701",264,2018-09-20,12.77,11.1261,13.6828
"7702",265,2018-09-21,12.75,11.1347,13.6823
"7703",266,2018-09-22,13.44,11.1454,13.6812
"7704",267,2018-09-23,13.69,11.158,13.6781
"7705",268,2018-09-24,12.8,11.1717,13.6731
"7706",269,2018-09-25,11.05,11.1876,13.6699
"7707",270,2018-09-26,9.83,11.2065,13.6687
"7708",271,2018-09-27,9.62,11.2269,13.6649
"7709",272,2018-09-28,10.32,11.248,13.6589
"7710",273,2018-09-29,11.26,11.2688,13.6519
"7711",274,2018-09-30,11.91,11.2888,13.6449
"7712",275,2018-10-01,12.48,11.3079,13.6349
"7713",276,2018-10-02,12.57,11.3253,13.6226
"7714",277,2018-10-03,12.39,11.3414,13.6053
"7715",278,2018-10-04,12.17,11.3562,13.5843
"7716",279,2018-10-05,12,11.3699,13.5618
"7717",280,2018-10-06,11.8,11.3826,13.5395
"7718",281,2018-10-07,11.64,11.3937,13.519
"7719",282,2018-10-08,11.81,11.4049,13.5023
"7720",283,2018-10-09,11.98,11.4173,13.4882
"7721",284,2018-10-10,11.71,11.431,13.4733
"7722",285,2018-10-11,11.86,11.4458,13.4525
"7723",286,2018-10-12,11.71,11.4602,13.4299
"7724",287,2018-10-13,11.49,11.4743,13.4095
"7725",288,2018-10-14,NA,11.4875,13.3892
"7726",289,2018-10-15,NA,11.5007,13.3693
"7727",290,2018-10-16,NA,11.5141,13.3479
"7728",291,2018-10-17,NA,11.5271,13.3218
"7729",292,2018-10-18,NA,11.5392,13.2926
"7730",293,2018-10-19,NA,11.5496,13.2597
"7731",294,2018-10-20,NA,11.5576,13.2241
"7732",295,2018-10-21,NA,11.564,13.1884
"7733",296,2018-10-22,NA,11.5691,13.156
"7734",297,2018-10-23,NA,11.5738,13.1249
"7735",298,2018-10-24,NA,11.5779,13.0959
"7736",299,2018-10-25,NA,11.5815,13.0693
"7737",300,2018-10-26,NA,11.5842,13.0426
"7738",301,2018-10-27,NA,11.5858,13.0155
"7739",302,2018-10-28,NA,11.5873,12.9897
"7740",303,2018-10-29,NA,11.5889,12.9682
"7741",304,2018-10-30,NA,11.5912,12.9492
"7742",305,2018-10-31,NA,11.594,12.934
"7743",306,2018-11-01,NA,11.5966,12.9185
"7744",307,2018-11-02,NA,11.5985,12.8996
"7745",308,2018-11-03,NA,11.5996,12.8798
"7746",309,2018-11-04,NA,11.5998,12.8584
"7747",310,2018-11-05,NA,11.599,12.8356
"7748",311,2018-11-06,NA,11.5978,12.8127
"7749",312,2018-11-07,NA,11.5959,12.7879
"7750",313,2018-11-08,NA,11.5925,12.7609
"7751",314,2018-11-09,NA,11.5871,12.7318
"7752",315,2018-11-10,NA,11.5797,12.7034
"7753",316,2018-11-11,NA,11.5702,12.6775
"7754",317,2018-11-12,NA,11.5592,12.6525
"7755",318,2018-11-13,NA,11.5467,12.6267
"7756",319,2018-11-14,NA,11.533,12.5974
"7757",320,2018-11-15,NA,11.5179,12.5654
"7758",321,2018-11-16,NA,11.5015,12.5325
"7759",322,2018-11-17,NA,11.4832,12.5007
"7760",323,2018-11-18,NA,11.4632,12.4704
"7761",324,2018-11-19,NA,11.442,12.4436
"7762",325,2018-11-20,NA,11.4196,12.4185
"7763",326,2018-11-21,NA,11.3959,12.3943
"7764",327,2018-11-22,NA,11.3708,12.3692
"7765",328,2018-11-23,NA,11.3437,12.342
"7766",329,2018-11-24,NA,11.3147,12.313
"7767",330,2018-11-25,NA,11.2842,12.2834
"7768",331,2018-11-26,NA,11.2522,12.253
"7769",332,2018-11-27,NA,11.2182,12.2205
"7770",333,2018-11-28,NA,11.1823,12.1866
"7771",334,2018-11-29,NA,11.1446,12.1496
"7772",335,2018-11-30,NA,11.1053,12.1111
"7773",336,2018-12-01,NA,11.0649,12.0705
"7774",337,2018-12-02,NA,11.0236,12.0305
"7775",338,2018-12-03,NA,10.9819,11.9922
"7776",339,2018-12-04,NA,10.9403,11.9533
"7777",340,2018-12-05,NA,10.8989,11.9177
"7778",341,2018-12-06,NA,10.8577,11.8842
"7779",342,2018-12-07,NA,10.817,11.8526
"7780",343,2018-12-08,NA,10.7774,11.824
"7781",344,2018-12-09,NA,10.7392,11.7977
"7782",345,2018-12-10,NA,10.7025,11.7739
"7783",346,2018-12-11,NA,10.6674,11.7511
"7784",347,2018-12-12,NA,10.6335,11.7296
"7785",348,2018-12-13,NA,10.601,11.7085
"7786",349,2018-12-14,NA,10.5699,11.6877
"7787",350,2018-12-15,NA,10.5403,11.671
"7788",351,2018-12-16,NA,10.5123,11.6578
"7789",352,2018-12-17,NA,10.4858,11.6463
"7790",353,2018-12-18,NA,10.4607,11.6355
"7791",354,2018-12-19,NA,10.437,11.6249
"7792",355,2018-12-20,NA,10.4142,11.6146
"7793",356,2018-12-21,NA,10.3925,11.6047
"7794",357,2018-12-22,NA,10.3716,11.5947
"7795",358,2018-12-23,NA,10.3516,11.5836
"7796",359,2018-12-24,NA,10.333,11.5735
"7797",360,2018-12-25,NA,10.3153,11.5574
"7798",361,2018-12-26,NA,10.2978,11.5405
"7799",362,2018-12-27,NA,10.2806,11.5227
"7800",363,2018-12-28,NA,10.2639,11.5042
"7801",364,2018-12-29,NA,10.2479,11.4846
"7802",365,2018-12-30,NA,10.2326,11.4656
"7803",366,2018-12-31,NA,10.2178,11.447
"7804",1,2019-01-01,NA,10.2036,11.4263
"7805",2,2019-01-02,NA,10.1901,11.4062
"7806",3,2019-01-03,NA,10.1775,11.3869
"7807",4,2019-01-04,NA,10.1652,11.3691
"7808",5,2019-01-05,NA,10.1538,11.3525
"7809",6,2019-01-06,NA,10.1433,11.337
"7810",7,2019-01-07,NA,10.1338,11.3233
"7811",8,2019-01-08,NA,10.125,11.3114
"7812",9,2019-01-09,NA,10.1165,11.3009
"7813",10,2019-01-10,NA,10.1083,11.2911
"7814",11,2019-01-11,NA,10.1003,11.2821
"7815",12,2019-01-12,NA,10.0931,11.2742
"7816",13,2019-01-13,NA,10.0866,11.2682
"7817",14,2019-01-14,NA,10.0805,11.2646
"7818",15,2019-01-15,NA,10.0747,11.2603
"7819",16,2019-01-16,NA,10.069,11.2553
"7820",17,2019-01-17,NA,10.0636,11.2493
"7821",18,2019-01-18,NA,10.0587,11.2431
"7822",19,2019-01-19,NA,10.0542,11.2344
"7823",20,2019-01-20,NA,10.05,11.2223
"7824",21,2019-01-21,NA,10.0465,11.2106
"7825",22,2019-01-22,NA,10.0434,11.1993
"7826",23,2019-01-23,NA,10.0405,11.1898
"7827",24,2019-01-24,NA,10.0378,11.1808
"7828",25,2019-01-25,NA,10.0354,11.1784
"7829",26,2019-01-26,NA,10.0335,11.1765
"7830",27,2019-01-27,NA,10.0324,11.1762
"7831",28,2019-01-28,NA,10.0318,11.1764
"7832",29,2019-01-29,NA,10.031,11.1771
"7833",30,2019-01-30,NA,10.0301,11.1782
"7834",31,2019-01-31,NA,10.0292,11.1797
"7835",32,2019-02-01,NA,10.0282,11.1816
"7836",33,2019-02-02,NA,10.027,11.1827
"7837",34,2019-02-03,NA,10.0256,11.1833
"7838",35,2019-02-04,NA,10.0237,11.1838
"7839",36,2019-02-05,NA,10.0213,11.1832
"7840",37,2019-02-06,NA,10.0181,11.1822
"7841",38,2019-02-07,NA,10.014,11.1787
"7842",39,2019-02-08,NA,10.0092,11.173
"7843",40,2019-02-09,NA,10.0042,11.1668
"7844",41,2019-02-10,NA,9.999,11.1611
"7845",42,2019-02-11,NA,9.9935,11.1543
"7846",43,2019-02-12,NA,9.9878,11.1466
"7847",44,2019-02-13,NA,9.9818,11.1374
"7848",45,2019-02-14,NA,9.9756,11.1264
"7849",46,2019-02-15,NA,9.9693,11.1156
"7850",47,2019-02-16,NA,9.963,11.1047
"7851",48,2019-02-17,NA,9.9568,11.0949
"7852",49,2019-02-18,NA,9.9509,11.087
"7853",50,2019-02-19,NA,9.9455,11.0823
"7854",51,2019-02-20,NA,9.9405,11.0812
"7855",52,2019-02-21,NA,9.936,11.0801
"7856",53,2019-02-22,NA,9.9322,11.0792
"7857",54,2019-02-23,NA,9.9291,11.0784
"7858",55,2019-02-24,NA,9.9268,11.0777
"7859",56,2019-02-25,NA,9.9251,11.0789
"7860",57,2019-02-26,NA,9.9244,11.0825
"7861",58,2019-02-27,NA,9.9245,11.086
"7862",59,2019-02-28,NA,9.9257,11.091
"7863",61,2019-03-01,NA,9.9316,11.1015
"7864",62,2019-03-02,NA,9.9358,11.1067
"7865",63,2019-03-03,NA,9.9407,11.1125
"7866",64,2019-03-04,NA,9.9461,11.1191
"7867",65,2019-03-05,NA,9.9522,11.1267
"7868",66,2019-03-06,NA,9.9588,11.1325
"7869",67,2019-03-07,NA,9.9658,11.1358
"7870",68,2019-03-08,NA,9.9736,11.1392
"7871",69,2019-03-09,NA,9.9818,11.1425
"7872",70,2019-03-10,NA,9.99,11.1462
"7873",71,2019-03-11,NA,9.9981,11.1495
"7874",72,2019-03-12,NA,10.006,11.1518
"7875",73,2019-03-13,NA,10.0136,11.1536
"7876",74,2019-03-14,NA,10.0207,11.1551
"7877",75,2019-03-15,NA,10.0274,11.1565
"7878",76,2019-03-16,NA,10.0336,11.1558
"7879",77,2019-03-17,NA,10.0396,11.1545
"7880",78,2019-03-18,NA,10.046,11.1532
"7881",79,2019-03-19,NA,10.0524,11.1504
"7882",80,2019-03-20,NA,10.0592,11.1473
"7883",81,2019-03-21,NA,10.0665,11.1435
"7884",82,2019-03-22,NA,10.0743,11.1404
"7885",83,2019-03-23,NA,10.0826,11.1375
"7886",84,2019-03-24,NA,10.0918,11.1357
"7887",85,2019-03-25,NA,10.1019,11.1342
"7888",86,2019-03-26,NA,10.1126,11.1325
"7889",87,2019-03-27,NA,10.1239,11.1301
"7890",88,2019-03-28,NA,10.1357,11.1271
"7891",89,2019-03-29,NA,10.1474,11.126
"7892",90,2019-03-30,NA,10.1592,11.1281
"7893",91,2019-03-31,NA,10.1711,11.1322
"7894",92,2019-04-01,NA,10.1827,11.1385
"7895",93,2019-04-02,NA,10.1937,11.1444
"7896",94,2019-04-03,NA,10.2033,11.1485
"7897",95,2019-04-04,NA,10.2114,11.1519
"7898",96,2019-04-05,NA,10.2185,11.1542
"7899",97,2019-04-06,NA,10.2254,11.1585
"7900",98,2019-04-07,NA,10.2326,11.1668
"7901",99,2019-04-08,NA,10.2401,11.1761
"7902",100,2019-04-09,NA,10.2481,11.1867
"7903",101,2019-04-10,NA,10.2563,11.1987
"7904",102,2019-04-11,NA,10.2645,11.2113
"7905",103,2019-04-12,NA,10.2733,11.2247
"7906",104,2019-04-13,NA,10.2836,11.2391
"7907",105,2019-04-14,NA,10.2961,11.2549
"7908",106,2019-04-15,NA,10.3111,11.2714
"7909",107,2019-04-16,NA,10.3285,11.291
"7910",108,2019-04-17,NA,10.3477,11.3139
"7911",109,2019-04-18,NA,10.3679,11.3373
"7912",110,2019-04-19,NA,10.3882,11.3643
"7913",111,2019-04-20,NA,10.4078,11.3935
"7914",112,2019-04-21,NA,10.426,11.4255
"7915",113,2019-04-22,NA,10.4427,11.4589
"7916",114,2019-04-23,NA,10.4574,11.4956
"7917",115,2019-04-24,NA,10.4708,11.5356
"7918",116,2019-04-25,NA,10.4827,11.576
"7919",117,2019-04-26,NA,10.4939,11.6201
"7920",118,2019-04-27,NA,10.5046,11.6646
"7921",119,2019-04-28,NA,10.5149,11.7129
"7922",120,2019-04-29,NA,10.5248,11.7629
"7923",121,2019-04-30,NA,10.5346,11.81
"7924",122,2019-05-01,NA,10.5444,11.8551
"7925",123,2019-05-02,NA,10.5545,11.8975
"7926",124,2019-05-03,NA,10.5659,11.9399
"7927",125,2019-05-04,NA,10.5793,11.9839
"7928",126,2019-05-05,NA,10.5933,12.0276
"7929",127,2019-05-06,NA,10.6078,12.0702
"7930",128,2019-05-07,NA,10.6227,12.1111
"7931",129,2019-05-08,NA,10.6372,12.1495
"7932",130,2019-05-09,NA,10.6506,12.1849
"7933",131,2019-05-10,NA,10.6631,12.219
"7934",132,2019-05-11,NA,10.6754,12.2525
"7935",133,2019-05-12,NA,10.6884,12.2885
"7936",134,2019-05-13,NA,10.7018,12.329
"7937",135,2019-05-14,NA,10.7145,12.3712
"7938",136,2019-05-15,NA,10.726,12.4122
"7939",137,2019-05-16,NA,10.737,12.453
"7940",138,2019-05-17,NA,10.7482,12.4958
"7941",139,2019-05-18,NA,10.7591,12.5407
"7942",140,2019-05-19,NA,10.7704,12.5882
"7943",141,2019-05-20,NA,10.7833,12.6387
"7944",142,2019-05-21,NA,10.7988,12.6892
"7945",143,2019-05-22,NA,10.8167,12.7384
"7946",144,2019-05-23,NA,10.8368,12.7851
"7947",145,2019-05-24,NA,10.8595,12.8304
"7948",146,2019-05-25,NA,10.885,12.8718
"7949",147,2019-05-26,NA,10.9131,12.9133
"7950",148,2019-05-27,NA,10.9418,12.9516
"7951",149,2019-05-28,NA,10.9701,12.9901
"7952",150,2019-05-29,NA,10.9974,13.0248
"7953",151,2019-05-30,NA,11.0233,13.0555
"7954",152,2019-05-31,NA,11.047,13.0853
"7955",153,2019-06-01,NA,11.067,13.1138
"7956",154,2019-06-02,NA,11.0839,13.1419
"7957",155,2019-06-03,NA,11.097,13.1705
"7958",156,2019-06-04,NA,11.1061,13.1987
"7959",157,2019-06-05,NA,11.1117,13.2266
"7960",158,2019-06-06,NA,11.1136,13.2538
"7961",159,2019-06-07,NA,11.1127,13.2802
"7962",160,2019-06-08,NA,11.1102,13.3056
"7963",161,2019-06-09,NA,11.1081,13.3331
"7964",162,2019-06-10,NA,11.1065,13.3616
"7965",163,2019-06-11,NA,11.1059,13.3895
"7966",164,2019-06-12,NA,11.1054,13.4178
"7967",165,2019-06-13,NA,11.1043,13.4407
"7968",166,2019-06-14,NA,11.1026,13.4616
"7969",167,2019-06-15,NA,11.0995,13.4802
"7970",168,2019-06-16,NA,11.0939,13.4984
"7971",169,2019-06-17,NA,11.0858,13.5135
"7972",170,2019-06-18,NA,11.076,13.5263
"7973",171,2019-06-19,NA,11.0635,13.5378
"7974",172,2019-06-20,NA,11.046,13.5396
"7975",173,2019-06-21,NA,11.0228,13.5298
"7976",174,2019-06-22,NA,10.9936,13.5043
"7977",175,2019-06-23,NA,10.9611,13.4781
"7978",176,2019-06-24,NA,10.9254,13.4507
"7979",177,2019-06-25,NA,10.8856,13.4231
"7980",178,2019-06-26,NA,10.8429,13.414
"7981",179,2019-06-27,NA,10.7991,13.4134
"7982",180,2019-06-28,NA,10.7552,13.4025
"7983",181,2019-06-29,NA,10.7105,13.3878
"7984",182,2019-06-30,NA,10.6662,13.3735
"7985",183,2019-07-01,NA,10.6236,13.3663
"7986",184,2019-07-02,NA,10.5836,13.3631
"7987",185,2019-07-03,NA,10.5456,13.3571
"7988",186,2019-07-04,NA,10.5077,13.335
"7989",187,2019-07-05,NA,10.4704,13.2992
"7990",188,2019-07-06,NA,10.4355,13.2602
"7991",189,2019-07-07,NA,10.4026,13.2127
"7992",190,2019-07-08,NA,10.3696,13.1664
"7993",191,2019-07-09,NA,10.3359,13.1183
"7994",192,2019-07-10,NA,10.3,13.0609
"7995",193,2019-07-11,NA,10.2615,12.984
"7996",194,2019-07-12,NA,10.2197,12.8985
"7997",195,2019-07-13,NA,10.1754,12.8093
"7998",196,2019-07-14,NA,10.1302,12.7209
"7999",197,2019-07-15,NA,10.0854,12.6326
"8000",198,2019-07-16,NA,10.042,12.5452
"8001",199,2019-07-17,NA,10.0004,12.4567
"8002",200,2019-07-18,NA,9.9617,12.37
"8003",201,2019-07-19,NA,9.9257,12.2816
"8004",202,2019-07-20,NA,9.8933,12.1945
"8005",203,2019-07-21,NA,9.8668,12.1186
"8006",204,2019-07-22,NA,9.8465,12.0565
"8007",205,2019-07-23,NA,9.8334,12.0225
"8008",206,2019-07-24,NA,9.8252,11.9939
"8009",207,2019-07-25,NA,9.8209,11.9747
"8010",208,2019-07-26,NA,9.8204,11.9585
"8011",209,2019-07-27,NA,9.8228,11.9284
"8012",210,2019-07-28,NA,9.8265,11.8936
"8013",211,2019-07-29,NA,9.8306,11.8635
"8014",212,2019-07-30,NA,9.8364,11.8341
"8015",213,2019-07-31,NA,9.8428,11.8047
"8016",214,2019-08-01,NA,9.8505,11.7705
"8017",215,2019-08-02,NA,9.8595,11.74
"8018",216,2019-08-03,NA,9.8698,11.7185
"8019",217,2019-08-04,NA,9.8837,11.7086
"8020",218,2019-08-05,NA,9.9008,11.7205
"8021",219,2019-08-06,NA,9.9215,11.7383
"8022",220,2019-08-07,NA,9.9463,11.7741
"8023",221,2019-08-08,NA,9.976,11.821
"8024",222,2019-08-09,NA,10.0101,11.8744
"8025",223,2019-08-10,NA,10.0494,11.9415
"8026",224,2019-08-11,NA,10.0934,12.0277
"8027",225,2019-08-12,NA,10.1417,12.1178
"8028",226,2019-08-13,NA,10.1924,12.2086
"8029",227,2019-08-14,NA,10.2448,12.2992
"8030",228,2019-08-15,NA,10.2987,12.3911
"8031",229,2019-08-16,NA,10.3539,12.4844
"8032",230,2019-08-17,NA,10.4092,12.581
"8033",231,2019-08-18,NA,10.4626,12.6733
"8034",232,2019-08-19,NA,10.5141,12.7636
"8035",233,2019-08-20,NA,10.563,12.8508
"8036",234,2019-08-21,NA,10.6078,12.9313
"8037",235,2019-08-22,NA,10.6486,13.0067
"8038",236,2019-08-23,NA,10.6854,13.0688
"8039",237,2019-08-24,NA,10.7191,13.1258
"8040",238,2019-08-25,NA,10.7494,13.1709
"8041",239,2019-08-26,NA,10.7763,13.2129
"8042",240,2019-08-27,NA,10.8002,13.2522
"8043",241,2019-08-28,NA,10.8222,13.2872
"8044",242,2019-08-29,NA,10.844,13.3258
"8045",243,2019-08-30,NA,10.866,13.3667
"8046",244,2019-08-31,NA,10.8889,13.4105
"8047",245,2019-09-01,NA,10.9122,13.4556
"8048",246,2019-09-02,NA,10.936,13.4997
"8049",247,2019-09-03,NA,10.96,13.5405
"8050",248,2019-09-04,NA,10.9841,13.5856
"8051",249,2019-09-05,NA,11.0079,13.6205
"8052",250,2019-09-06,NA,11.0301,13.6507
"8053",251,2019-09-07,NA,11.0498,13.6683
"8054",252,2019-09-08,NA,11.0661,13.6727
"8055",253,2019-09-09,NA,11.079,13.6738
"8056",254,2019-09-10,NA,11.0884,13.6724
"8057",255,2019-09-11,NA,11.0953,13.6711
"8058",256,2019-09-12,NA,11.101,13.6722
"8059",257,2019-09-13,NA,11.1063,13.6729
"8060",258,2019-09-14,NA,11.1102,13.6724
"8061",259,2019-09-15,NA,11.1122,13.6712
"8062",260,2019-09-16,NA,11.113,13.6724
"8063",261,2019-09-17,NA,11.1139,13.6728
"8064",262,2019-09-18,NA,11.1162,13.6758
"8065",263,2019-09-19,NA,11.1202,13.68
"8066",264,2019-09-20,NA,11.1261,13.6828
"8067",265,2019-09-21,NA,11.1347,13.6823
"8068",266,2019-09-22,NA,11.1454,13.6812
"8069",267,2019-09-23,NA,11.158,13.6781
"8070",268,2019-09-24,NA,11.1717,13.6731
"8071",269,2019-09-25,NA,11.1876,13.6699
"8072",270,2019-09-26,NA,11.2065,13.6687
"8073",271,2019-09-27,NA,11.2269,13.6649
"8074",272,2019-09-28,NA,11.248,13.6589
"8075",273,2019-09-29,NA,11.2688,13.6519
"8076",274,2019-09-30,NA,11.2888,13.6449
"8077",275,2019-10-01,NA,11.3079,13.6349
"8078",276,2019-10-02,NA,11.3253,13.6226
"8079",277,2019-10-03,NA,11.3414,13.6053
"8080",278,2019-10-04,NA,11.3562,13.5843
"8081",279,2019-10-05,NA,11.3699,13.5618
"8082",280,2019-10-06,NA,11.3826,13.5395
"8083",281,2019-10-07,NA,11.3937,13.519
"8084",282,2019-10-08,NA,11.4049,13.5023
"8085",283,2019-10-09,NA,11.4173,13.4882
"8086",284,2019-10-10,NA,11.431,13.4733
"8087",285,2019-10-11,NA,11.4458,13.4525
"8088",286,2019-10-12,NA,11.4602,13.4299
"8089",287,2019-10-13,NA,11.4743,13.4095
"8090",288,2019-10-14,NA,11.4875,13.3892
"8091",289,2019-10-15,NA,11.5007,13.3693
"8092",290,2019-10-16,NA,11.5141,13.3479
"8093",291,2019-10-17,NA,11.5271,13.3218
"8094",292,2019-10-18,NA,11.5392,13.2926
"8095",293,2019-10-19,NA,11.5496,13.2597
"8096",294,2019-10-20,NA,11.5576,13.2241
"8097",295,2019-10-21,NA,11.564,13.1884
"8098",296,2019-10-22,NA,11.5691,13.156
"8099",297,2019-10-23,NA,11.5738,13.1249
"8100",298,2019-10-24,NA,11.5779,13.0959
"8101",299,2019-10-25,NA,11.5815,13.0693
"8102",300,2019-10-26,NA,11.5842,13.0426
"8103",301,2019-10-27,NA,11.5858,13.0155
"8104",302,2019-10-28,NA,11.5873,12.9897
"8105",303,2019-10-29,NA,11.5889,12.9682
"8106",304,2019-10-30,NA,11.5912,12.9492
"8107",305,2019-10-31,NA,11.594,12.934
"8108",306,2019-11-01,NA,11.5966,12.9185
"8109",307,2019-11-02,NA,11.5985,12.8996
"8110",308,2019-11-03,NA,11.5996,12.8798
"8111",309,2019-11-04,NA,11.5998,12.8584
"8112",310,2019-11-05,NA,11.599,12.8356
"8113",311,2019-11-06,NA,11.5978,12.8127
"8114",312,2019-11-07,NA,11.5959,12.7879
"8115",313,2019-11-08,NA,11.5925,12.7609
"8116",314,2019-11-09,NA,11.5871,12.7318
"8117",315,2019-11-10,NA,11.5797,12.7034
"8118",316,2019-11-11,NA,11.5702,12.6775
"8119",317,2019-11-12,NA,11.5592,12.6525
"8120",318,2019-11-13,NA,11.5467,12.6267
"8121",319,2019-11-14,NA,11.533,12.5974
"8122",320,2019-11-15,NA,11.5179,12.5654
"8123",321,2019-11-16,NA,11.5015,12.5325
"8124",322,2019-11-17,NA,11.4832,12.5007
"8125",323,2019-11-18,NA,11.4632,12.4704
"8126",324,2019-11-19,NA,11.442,12.4436
"8127",325,2019-11-20,NA,11.4196,12.4185
"8128",326,2019-11-21,NA,11.3959,12.3943
"8129",327,2019-11-22,NA,11.3708,12.3692
"8130",328,2019-11-23,NA,11.3437,12.342
"8131",329,2019-11-24,NA,11.3147,12.313
"8132",330,2019-11-25,NA,11.2842,12.2834
"8133",331,2019-11-26,NA,11.2522,12.253
"8134",332,2019-11-27,NA,11.2182,12.2205
"8135",333,2019-11-28,NA,11.1823,12.1866
"8136",334,2019-11-29,NA,11.1446,12.1496
"8137",335,2019-11-30,NA,11.1053,12.1111
"8138",336,2019-12-01,NA,11.0649,12.0705
"8139",337,2019-12-02,NA,11.0236,12.0305
"8140",338,2019-12-03,NA,10.9819,11.9922
"8141",339,2019-12-04,NA,10.9403,11.9533
"8142",340,2019-12-05,NA,10.8989,11.9177
"8143",341,2019-12-06,NA,10.8577,11.8842
"8144",342,2019-12-07,NA,10.817,11.8526
"8145",343,2019-12-08,NA,10.7774,11.824
"8146",344,2019-12-09,NA,10.7392,11.7977
"8147",345,2019-12-10,NA,10.7025,11.7739
"8148",346,2019-12-11,NA,10.6674,11.7511
"8149",347,2019-12-12,NA,10.6335,11.7296
"8150",348,2019-12-13,NA,10.601,11.7085
"8151",349,2019-12-14,NA,10.5699,11.6877
"8152",350,2019-12-15,NA,10.5403,11.671
"8153",351,2019-12-16,NA,10.5123,11.6578
"8154",352,2019-12-17,NA,10.4858,11.6463
"8155",353,2019-12-18,NA,10.4607,11.6355
"8156",354,2019-12-19,NA,10.437,11.6249
"8157",355,2019-12-20,NA,10.4142,11.6146
"8158",356,2019-12-21,NA,10.3925,11.6047
"8159",357,2019-12-22,NA,10.3716,11.5947
"8160",358,2019-12-23,NA,10.3516,11.5836
"8161",359,2019-12-24,NA,10.333,11.5735
"8162",360,2019-12-25,NA,10.3153,11.5574
"8163",361,2019-12-26,NA,10.2978,11.5405
"8164",362,2019-12-27,NA,10.2806,11.5227
"8165",363,2019-12-28,NA,10.2639,11.5042
"8166",364,2019-12-29,NA,10.2479,11.4846
"8167",365,2019-12-30,NA,10.2326,11.4656
"8168",366,2019-12-31,NA,10.2178,11.447
"8169",1,2020-01-01,NA,10.2036,11.4263
"8170",2,2020-01-02,NA,10.1901,11.4062
"8171",3,2020-01-03,NA,10.1775,11.3869
"8172",4,2020-01-04,NA,10.1652,11.3691
"8173",5,2020-01-05,NA,10.1538,11.3525
"8174",6,2020-01-06,NA,10.1433,11.337
"8175",7,2020-01-07,NA,10.1338,11.3233
"8176",8,2020-01-08,NA,10.125,11.3114
"8177",9,2020-01-09,NA,10.1165,11.3009
"8178",10,2020-01-10,NA,10.1083,11.2911
"8179",11,2020-01-11,NA,10.1003,11.2821
"8180",12,2020-01-12,NA,10.0931,11.2742
"8181",13,2020-01-13,NA,10.0866,11.2682
"8182",14,2020-01-14,NA,10.0805,11.2646
"8183",15,2020-01-15,NA,10.0747,11.2603
"8184",16,2020-01-16,NA,10.069,11.2553
"8185",17,2020-01-17,NA,10.0636,11.2493
"8186",18,2020-01-18,NA,10.0587,11.2431
"8187",19,2020-01-19,NA,10.0542,11.2344
"8188",20,2020-01-20,NA,10.05,11.2223
"8189",21,2020-01-21,NA,10.0465,11.2106
"8190",22,2020-01-22,NA,10.0434,11.1993
"8191",23,2020-01-23,NA,10.0405,11.1898
"8192",24,2020-01-24,NA,10.0378,11.1808
"8193",25,2020-01-25,NA,10.0354,11.1784
"8194",26,2020-01-26,NA,10.0335,11.1765
"8195",27,2020-01-27,NA,10.0324,11.1762
"8196",28,2020-01-28,NA,10.0318,11.1764
"8197",29,2020-01-29,NA,10.031,11.1771
"8198",30,2020-01-30,NA,10.0301,11.1782
"8199",31,2020-01-31,NA,10.0292,11.1797
"8200",32,2020-02-01,NA,10.0282,11.1816
"8201",33,2020-02-02,NA,10.027,11.1827
"8202",34,2020-02-03,NA,10.0256,11.1833
"8203",35,2020-02-04,NA,10.0237,11.1838
"8204",36,2020-02-05,NA,10.0213,11.1832
"8205",37,2020-02-06,NA,10.0181,11.1822
"8206",38,2020-02-07,NA,10.014,11.1787
"8207",39,2020-02-08,NA,10.0092,11.173
"8208",40,2020-02-09,NA,10.0042,11.1668
"8209",41,2020-02-10,NA,9.999,11.1611
"8210",42,2020-02-11,NA,9.9935,11.1543
"8211",43,2020-02-12,NA,9.9878,11.1466
"8212",44,2020-02-13,NA,9.9818,11.1374
"8213",45,2020-02-14,NA,9.9756,11.1264
"8214",46,2020-02-15,NA,9.9693,11.1156
"8215",47,2020-02-16,NA,9.963,11.1047
"8216",48,2020-02-17,NA,9.9568,11.0949
"8217",49,2020-02-18,NA,9.9509,11.087
"8218",50,2020-02-19,NA,9.9455,11.0823
"8219",51,2020-02-20,NA,9.9405,11.0812
"8220",52,2020-02-21,NA,9.936,11.0801
"8221",53,2020-02-22,NA,9.9322,11.0792
"8222",54,2020-02-23,NA,9.9291,11.0784
"8223",55,2020-02-24,NA,9.9268,11.0777
"8224",56,2020-02-25,NA,9.9251,11.0789
"8225",57,2020-02-26,NA,9.9244,11.0825
"8226",58,2020-02-27,NA,9.9245,11.086
"8227",59,2020-02-28,NA,9.9257,11.091
"8228",60,2020-02-29,NA,9.9281,11.0962
"8229",61,2020-03-01,NA,9.9316,11.1015
"8230",62,2020-03-02,NA,9.9358,11.1067
"8231",63,2020-03-03,NA,9.9407,11.1125
"8232",64,2020-03-04,NA,9.9461,11.1191
"8233",65,2020-03-05,NA,9.9522,11.1267
"8234",66,2020-03-06,NA,9.9588,11.1325
"8235",67,2020-03-07,NA,9.9658,11.1358
"8236",68,2020-03-08,NA,9.9736,11.1392
"8237",69,2020-03-09,NA,9.9818,11.1425
"8238",70,2020-03-10,NA,9.99,11.1462
"8239",71,2020-03-11,NA,9.9981,11.1495
"8240",72,2020-03-12,NA,10.006,11.1518
"8241",73,2020-03-13,NA,10.0136,11.1536
"8242",74,2020-03-14,NA,10.0207,11.1551
"8243",75,2020-03-15,NA,10.0274,11.1565
"8244",76,2020-03-16,NA,10.0336,11.1558
"8245",77,2020-03-17,NA,10.0396,11.1545
"8246",78,2020-03-18,NA,10.046,11.1532
"8247",79,2020-03-19,NA,10.0524,11.1504
"8248",80,2020-03-20,NA,10.0592,11.1473
"8249",81,2020-03-21,NA,10.0665,11.1435
"8250",82,2020-03-22,NA,10.0743,11.1404
"8251",83,2020-03-23,NA,10.0826,11.1375
"8252",84,2020-03-24,NA,10.0918,11.1357
"8253",85,2020-03-25,NA,10.1019,11.1342
"8254",86,2020-03-26,NA,10.1126,11.1325
"8255",87,2020-03-27,NA,10.1239,11.1301
"8256",88,2020-03-28,NA,10.1357,11.1271
"8257",89,2020-03-29,NA,10.1474,11.126
"8258",90,2020-03-30,NA,10.1592,11.1281
"8259",91,2020-03-31,NA,10.1711,11.1322
"8260",92,2020-04-01,NA,10.1827,11.1385
"8261",93,2020-04-02,NA,10.1937,11.1444
"8262",94,2020-04-03,NA,10.2033,11.1485
"8263",95,2020-04-04,NA,10.2114,11.1519
"8264",96,2020-04-05,NA,10.2185,11.1542
"8265",97,2020-04-06,NA,10.2254,11.1585
"8266",98,2020-04-07,NA,10.2326,11.1668
"8267",99,2020-04-08,NA,10.2401,11.1761
"8268",100,2020-04-09,NA,10.2481,11.1867
"8269",101,2020-04-10,NA,10.2563,11.1987
"8270",102,2020-04-11,NA,10.2645,11.2113
"8271",103,2020-04-12,NA,10.2733,11.2247
"8272",104,2020-04-13,NA,10.2836,11.2391
"8273",105,2020-04-14,NA,10.2961,11.2549
"8274",106,2020-04-15,NA,10.3111,11.2714
"8275",107,2020-04-16,NA,10.3285,11.291
"8276",108,2020-04-17,NA,10.3477,11.3139
"8277",109,2020-04-18,NA,10.3679,11.3373
"8278",110,2020-04-19,NA,10.3882,11.3643
"8279",111,2020-04-20,NA,10.4078,11.3935
"8280",112,2020-04-21,NA,10.426,11.4255
"8281",113,2020-04-22,NA,10.4427,11.4589
"8282",114,2020-04-23,NA,10.4574,11.4956
"8283",115,2020-04-24,NA,10.4708,11.5356
"8284",116,2020-04-25,NA,10.4827,11.576
"8285",117,2020-04-26,NA,10.4939,11.6201
"8286",118,2020-04-27,NA,10.5046,11.6646
"8287",119,2020-04-28,NA,10.5149,11.7129
"8288",120,2020-04-29,NA,10.5248,11.7629
"8289",121,2020-04-30,NA,10.5346,11.81
"8290",122,2020-05-01,NA,10.5444,11.8551
"8291",123,2020-05-02,NA,10.5545,11.8975
"8292",124,2020-05-03,NA,10.5659,11.9399
"8293",125,2020-05-04,NA,10.5793,11.9839
"8294",126,2020-05-05,NA,10.5933,12.0276
"8295",127,2020-05-06,NA,10.6078,12.0702
"8296",128,2020-05-07,NA,10.6227,12.1111
"8297",129,2020-05-08,NA,10.6372,12.1495
"8298",130,2020-05-09,NA,10.6506,12.1849
"8299",131,2020-05-10,NA,10.6631,12.219
"8300",132,2020-05-11,NA,10.6754,12.2525
"8301",133,2020-05-12,NA,10.6884,12.2885
"8302",134,2020-05-13,NA,10.7018,12.329
"8303",135,2020-05-14,NA,10.7145,12.3712
"8304",136,2020-05-15,NA,10.726,12.4122
"8305",137,2020-05-16,NA,10.737,12.453
"8306",138,2020-05-17,NA,10.7482,12.4958
"8307",139,2020-05-18,NA,10.7591,12.5407
"8308",140,2020-05-19,NA,10.7704,12.5882
"8309",141,2020-05-20,NA,10.7833,12.6387
"8310",142,2020-05-21,NA,10.7988,12.6892
"8311",143,2020-05-22,NA,10.8167,12.7384
"8312",144,2020-05-23,NA,10.8368,12.7851
"8313",145,2020-05-24,NA,10.8595,12.8304
"8314",146,2020-05-25,NA,10.885,12.8718
"8315",147,2020-05-26,NA,10.9131,12.9133
"8316",148,2020-05-27,NA,10.9418,12.9516
"8317",149,2020-05-28,NA,10.9701,12.9901
"8318",150,2020-05-29,NA,10.9974,13.0248
"8319",151,2020-05-30,NA,11.0233,13.0555
"8320",152,2020-05-31,NA,11.047,13.0853
"8321",153,2020-06-01,NA,11.067,13.1138
"8322",154,2020-06-02,NA,11.0839,13.1419
"8323",155,2020-06-03,NA,11.097,13.1705
"8324",156,2020-06-04,NA,11.1061,13.1987
"8325",157,2020-06-05,NA,11.1117,13.2266
"8326",158,2020-06-06,NA,11.1136,13.2538
"8327",159,2020-06-07,NA,11.1127,13.2802
"8328",160,2020-06-08,NA,11.1102,13.3056
"8329",161,2020-06-09,NA,11.1081,13.3331
"8330",162,2020-06-10,NA,11.1065,13.3616
"8331",163,2020-06-11,NA,11.1059,13.3895
"8332",164,2020-06-12,NA,11.1054,13.4178
"8333",165,2020-06-13,NA,11.1043,13.4407
"8334",166,2020-06-14,NA,11.1026,13.4616
"8335",167,2020-06-15,NA,11.0995,13.4802
"8336",168,2020-06-16,NA,11.0939,13.4984
"8337",169,2020-06-17,NA,11.0858,13.5135
"8338",170,2020-06-18,NA,11.076,13.5263
"8339",171,2020-06-19,NA,11.0635,13.5378
"8340",172,2020-06-20,NA,11.046,13.5396
"8341",173,2020-06-21,NA,11.0228,13.5298
"8342",174,2020-06-22,NA,10.9936,13.5043
"8343",175,2020-06-23,NA,10.9611,13.4781
"8344",176,2020-06-24,NA,10.9254,13.4507
"8345",177,2020-06-25,NA,10.8856,13.4231
"8346",178,2020-06-26,NA,10.8429,13.414
"8347",179,2020-06-27,NA,10.7991,13.4134
"8348",180,2020-06-28,NA,10.7552,13.4025
"8349",181,2020-06-29,NA,10.7105,13.3878
"8350",182,2020-06-30,NA,10.6662,13.3735
"8351",183,2020-07-01,NA,10.6236,13.3663
"8352",184,2020-07-02,NA,10.5836,13.3631
"8353",185,2020-07-03,NA,10.5456,13.3571
"8354",186,2020-07-04,NA,10.5077,13.335
"8355",187,2020-07-05,NA,10.4704,13.2992
"8356",188,2020-07-06,NA,10.4355,13.2602
"8357",189,2020-07-07,NA,10.4026,13.2127
"8358",190,2020-07-08,NA,10.3696,13.1664
"8359",191,2020-07-09,NA,10.3359,13.1183
"8360",192,2020-07-10,NA,10.3,13.0609
"8361",193,2020-07-11,NA,10.2615,12.984
"8362",194,2020-07-12,NA,10.2197,12.8985
"8363",195,2020-07-13,NA,10.1754,12.8093
"8364",196,2020-07-14,NA,10.1302,12.7209
"8365",197,2020-07-15,NA,10.0854,12.6326
"8366",198,2020-07-16,NA,10.042,12.5452
"8367",199,2020-07-17,NA,10.0004,12.4567
"8368",200,2020-07-18,NA,9.9617,12.37
"8369",201,2020-07-19,NA,9.9257,12.2816
"8370",202,2020-07-20,NA,9.8933,12.1945
"8371",203,2020-07-21,NA,9.8668,12.1186
"8372",204,2020-07-22,NA,9.8465,12.0565
"8373",205,2020-07-23,NA,9.8334,12.0225
"8374",206,2020-07-24,NA,9.8252,11.9939
"8375",207,2020-07-25,NA,9.8209,11.9747
"8376",208,2020-07-26,NA,9.8204,11.9585
"8377",209,2020-07-27,NA,9.8228,11.9284
"8378",210,2020-07-28,NA,9.8265,11.8936
"8379",211,2020-07-29,NA,9.8306,11.8635
"8380",212,2020-07-30,NA,9.8364,11.8341
"8381",213,2020-07-31,NA,9.8428,11.8047
"8382",214,2020-08-01,NA,9.8505,11.7705
"8383",215,2020-08-02,NA,9.8595,11.74
"8384",216,2020-08-03,NA,9.8698,11.7185
"8385",217,2020-08-04,NA,9.8837,11.7086
"8386",218,2020-08-05,NA,9.9008,11.7205
"8387",219,2020-08-06,NA,9.9215,11.7383
"8388",220,2020-08-07,NA,9.9463,11.7741
"8389",221,2020-08-08,NA,9.976,11.821
"8390",222,2020-08-09,NA,10.0101,11.8744
"8391",223,2020-08-10,NA,10.0494,11.9415
"8392",224,2020-08-11,NA,10.0934,12.0277
"8393",225,2020-08-12,NA,10.1417,12.1178
"8394",226,2020-08-13,NA,10.1924,12.2086
"8395",227,2020-08-14,NA,10.2448,12.2992
"8396",228,2020-08-15,NA,10.2987,12.3911
"8397",229,2020-08-16,NA,10.3539,12.4844
"8398",230,2020-08-17,NA,10.4092,12.581
"8399",231,2020-08-18,NA,10.4626,12.6733
"8400",232,2020-08-19,NA,10.5141,12.7636
"8401",233,2020-08-20,NA,10.563,12.8508
"8402",234,2020-08-21,NA,10.6078,12.9313
"8403",235,2020-08-22,NA,10.6486,13.0067
"8404",236,2020-08-23,NA,10.6854,13.0688
"8405",237,2020-08-24,NA,10.7191,13.1258
"8406",238,2020-08-25,NA,10.7494,13.1709
"8407",239,2020-08-26,NA,10.7763,13.2129
"8408",240,2020-08-27,NA,10.8002,13.2522
"8409",241,2020-08-28,NA,10.8222,13.2872
"8410",242,2020-08-29,NA,10.844,13.3258
"8411",243,2020-08-30,NA,10.866,13.3667
"8412",244,2020-08-31,NA,10.8889,13.4105
"8413",245,2020-09-01,NA,10.9122,13.4556
"8414",246,2020-09-02,NA,10.936,13.4997
"8415",247,2020-09-03,NA,10.96,13.5405
"8416",248,2020-09-04,NA,10.9841,13.5856
"8417",249,2020-09-05,NA,11.0079,13.6205
"8418",250,2020-09-06,NA,11.0301,13.6507
"8419",251,2020-09-07,NA,11.0498,13.6683
"8420",252,2020-09-08,NA,11.0661,13.6727
"8421",253,2020-09-09,NA,11.079,13.6738
"8422",254,2020-09-10,NA,11.0884,13.6724
"8423",255,2020-09-11,NA,11.0953,13.6711
"8424",256,2020-09-12,NA,11.101,13.6722
"8425",257,2020-09-13,NA,11.1063,13.6729
"8426",258,2020-09-14,NA,11.1102,13.6724
"8427",259,2020-09-15,9.42,11.1122,13.6712
"8428",260,2020-09-16,9.85,11.113,13.6724
"8429",261,2020-09-17,10.16,11.1139,13.6728
"8430",262,2020-09-18,10.61,11.1162,13.6758
"8431",263,2020-09-19,11.57,11.1202,13.68
"8432",264,2020-09-20,12.43,11.1261,13.6828
"8433",265,2020-09-21,12.41,11.1347,13.6823
"8434",266,2020-09-22,12.8,11.1454,13.6812
"8435",267,2020-09-23,12.58,11.158,13.6781
"8436",268,2020-09-24,13.22,11.1717,13.6731
"8437",269,2020-09-25,13.57,11.1876,13.6699
"8438",270,2020-09-26,13.92,11.2065,13.6687
"8439",271,2020-09-27,14.38,11.2269,13.6649
"8440",272,2020-09-28,14.54,11.248,13.6589
"8441",273,2020-09-29,14.36,11.2688,13.6519
"8442",274,2020-09-30,14.61,11.2888,13.6449
"8443",275,2020-10-01,14.73,11.3079,13.6349
"8444",276,2020-10-02,14.13,11.3253,13.6226
"8445",277,2020-10-03,13.76,11.3414,13.6053
"8446",278,2020-10-04,12.8,11.3562,13.5843
"8447",279,2020-10-05,11.85,11.3699,13.5618
"8448",280,2020-10-06,11.72,11.3826,13.5395
"8449",281,2020-10-07,11.86,11.3937,13.519
"8450",282,2020-10-08,12.86,11.4049,13.5023
"8451",283,2020-10-09,12.71,11.4173,13.4882
"8452",284,2020-10-10,13.09,11.431,13.4733
"8453",285,2020-10-11,13.56,11.4458,13.4525
"8454",286,2020-10-12,13.57,11.4602,13.4299
"8455",287,2020-10-13,13.88,11.4743,13.4095
"8456",288,2020-10-14,14.1,11.4875,13.3892
"8457",289,2020-10-15,14.17,11.5007,13.3693
"8458",290,2020-10-16,14,11.5141,13.3479
"8459",291,2020-10-17,13.86,11.5271,13.3218
"8460",292,2020-10-18,13.72,11.5392,13.2926
"8461",293,2020-10-19,13.61,11.5496,13.2597
"8462",294,2020-10-20,13.61,11.5576,13.2241
"8463",295,2020-10-21,13.13,11.564,13.1884
"8464",296,2020-10-22,11.64,11.5691,13.156
"8465",297,2020-10-23,11.15,11.5738,13.1249
"8466",298,2020-10-24,11.25,11.5779,13.0959
"8467",299,2020-10-25,11.16,11.5815,13.0693
"8468",300,2020-10-26,10.79,11.5842,13.0426
"8469",301,2020-10-27,10.48,11.5858,13.0155
"8470",302,2020-10-28,10.27,11.5873,12.9897
"8471",303,2020-10-29,10.21,11.5889,12.9682
"8472",304,2020-10-30,10.32,11.5912,12.9492
"8473",305,2020-10-31,10.3,11.594,12.934
"8474",306,2020-11-01,10.23,11.5966,12.9185
"8475",307,2020-11-02,10.39,11.5985,12.8996
"8476",308,2020-11-03,10.42,11.5996,12.8798
"8477",309,2020-11-04,11.18,11.5998,12.8584
"8478",310,2020-11-05,11.51,11.599,12.8356
"8479",311,2020-11-06,11.29,11.5978,12.8127
"8480",312,2020-11-07,10.87,11.5959,12.7879
"8481",313,2020-11-08,9.95,11.5925,12.7609
"8482",314,2020-11-09,9.37,11.5871,12.7318
"8483",315,2020-11-10,9.66,11.5797,12.7034
"8484",316,2020-11-11,9.71,11.5702,12.6775
"8485",317,2020-11-12,9.84,11.5592,12.6525
"8486",318,2020-11-13,10.22,11.5467,12.6267
"8487",319,2020-11-14,10.35,11.533,12.5974
"8488",320,2020-11-15,10.44,11.5179,12.5654
"8489",321,2020-11-16,10.71,11.5015,12.5325
"8490",322,2020-11-17,11.15,11.4832,12.5007
"8491",323,2020-11-18,11.7,11.4632,12.4704
"8492",324,2020-11-19,11.79,11.442,12.4436
"8493",325,2020-11-20,11.85,11.4196,12.4185
"8494",326,2020-11-21,11.83,11.3959,12.3943
"8495",327,2020-11-22,11.85,11.3708,12.3692
"8496",328,2020-11-23,11.59,11.3437,12.342
"8497",329,2020-11-24,11.59,11.3147,12.313
"8498",330,2020-11-25,11.49,11.2842,12.2834
"8499",331,2020-11-26,11.28,11.2522,12.253
"8500",332,2020-11-27,11.12,11.2182,12.2205
"8501",333,2020-11-28,10.86,11.1823,12.1866
"8502",334,2020-11-29,10.75,11.1446,12.1496
"8503",335,2020-11-30,10.74,11.1053,12.1111
"8504",336,2020-12-01,10.7,11.0649,12.0705
"8505",337,2020-12-02,10.6,11.0236,12.0305
"8506",338,2020-12-03,10.49,10.9819,11.9922
"8507",339,2020-12-04,10.49,10.9403,11.9533
"8508",340,2020-12-05,10.31,10.8989,11.9177
"8509",341,2020-12-06,10.5,10.8577,11.8842
"8510",342,2020-12-07,10.41,10.817,11.8526
"8511",343,2020-12-08,10.68,10.7774,11.824
"8512",344,2020-12-09,10.72,10.7392,11.7977
"8513",345,2020-12-10,10.62,10.7025,11.7739
"8514",346,2020-12-11,10.37,10.6674,11.7511
"8515",347,2020-12-12,10.24,10.6335,11.7296
"8516",348,2020-12-13,10.09,10.601,11.7085
"8517",349,2020-12-14,10.46,10.5699,11.6877
"8518",350,2020-12-15,10.43,10.5403,11.671
"8519",351,2020-12-16,10.45,10.5123,11.6578
"8520",352,2020-12-17,10.4,10.4858,11.6463
"8521",353,2020-12-18,10.35,10.4607,11.6355
"8522",354,2020-12-19,10.36,10.437,11.6249
"8523",355,2020-12-20,10.47,10.4142,11.6146
"8524",356,2020-12-21,10.55,10.3925,11.6047
"8525",357,2020-12-22,10.52,10.3716,11.5947
"8526",358,2020-12-23,10.42,10.3516,11.5836
"8527",359,2020-12-24,10.25,10.333,11.5735
"8528",360,2020-12-25,10.11,10.3153,11.5574
"8529",361,2020-12-26,10.02,10.2978,11.5405
"8530",362,2020-12-27,10.07,10.2806,11.5227
"8531",363,2020-12-28,10.06,10.2639,11.5042
"8532",364,2020-12-29,9.89,10.2479,11.4846
"8533",365,2020-12-30,9.73,10.2326,11.4656
"8534",366,2020-12-31,9.95,10.2178,11.447
"8535",1,2021-01-01,10.08,10.2036,11.4263
"8536",2,2021-01-02,10.2,10.1901,11.4062
"8537",3,2021-01-03,10.23,10.1775,11.3869
"8538",4,2021-01-04,10.28,10.1652,11.3691
"8539",5,2021-01-05,10.2,10.1538,11.3525
"8540",6,2021-01-06,10.19,10.1433,11.337
"8541",7,2021-01-07,10.2,10.1338,11.3233
"8542",8,2021-01-08,10.16,10.125,11.3114
"8543",9,2021-01-09,10.1,10.1165,11.3009
"8544",10,2021-01-10,9.98,10.1083,11.2911
"8545",11,2021-01-11,10.08,10.1003,11.2821
"8546",12,2021-01-12,10.37,10.0931,11.2742
"8547",13,2021-01-13,10.48,10.0866,11.2682
"8548",14,2021-01-14,10.35,10.0805,11.2646
"8549",15,2021-01-15,10.51,10.0747,11.2603
"8550",16,2021-01-16,10.45,10.069,11.2553
"8551",17,2021-01-17,10.44,10.0636,11.2493
"8552",18,2021-01-18,10.4,10.0587,11.2431
"8553",19,2021-01-19,10.28,10.0542,11.2344
"8554",20,2021-01-20,10.17,10.05,11.2223
"8555",21,2021-01-21,10.12,10.0465,11.2106
"8556",22,2021-01-22,10.1,10.0434,11.1993
"8557",23,2021-01-23,10.13,10.0405,11.1898
"8558",24,2021-01-24,10.2,10.0378,11.1808
"8559",25,2021-01-25,10,10.0354,11.1784
"8560",26,2021-01-26,9.91,10.0335,11.1765
"8561",27,2021-01-27,9.64,10.0324,11.1762
"8562",28,2021-01-28,9.64,10.0318,11.1764
"8563",29,2021-01-29,9.61,10.031,11.1771
"8564",30,2021-01-30,9.51,10.0301,11.1782
"8565",31,2021-01-31,9.57,10.0292,11.1797
"8566",32,2021-02-01,9.75,10.0282,11.1816
"8567",33,2021-02-02,9.69,10.027,11.1827
"8568",34,2021-02-03,9.49,10.0256,11.1833
"8569",35,2021-02-04,9.6,10.0237,11.1838
"8570",36,2021-02-05,9.57,10.0213,11.1832
"8571",37,2021-02-06,9.71,10.0181,11.1822
"8572",38,2021-02-07,9.63,10.014,11.1787
"8573",39,2021-02-08,9.58,10.0092,11.173
"8574",40,2021-02-09,9.53,10.0042,11.1668
"8575",41,2021-02-10,9.44,9.999,11.1611
"8576",42,2021-02-11,9.59,9.9935,11.1543
"8577",43,2021-02-12,9.5,9.9878,11.1466
"8578",44,2021-02-13,9.56,9.9818,11.1374
"8579",45,2021-02-14,9.6,9.9756,11.1264
"8580",46,2021-02-15,9.74,9.9693,11.1156
"8581",47,2021-02-16,9.8,9.963,11.1047
"8582",48,2021-02-17,9.65,9.9568,11.0949
"8583",49,2021-02-18,9.7,9.9509,11.087
"8584",50,2021-02-19,9.61,9.9455,11.0823
"8585",51,2021-02-20,9.56,9.9405,11.0812
"8586",52,2021-02-21,9.6,9.936,11.0801
"8587",53,2021-02-22,9.7,9.9322,11.0792
"8588",54,2021-02-23,9.65,9.9291,11.0784
"8589",55,2021-02-24,9.54,9.9268,11.0777
"8590",56,2021-02-25,9.49,9.9251,11.0789
"8591",57,2021-02-26,9.35,9.9244,11.0825
"8592",58,2021-02-27,9.35,9.9245,11.086
"8593",59,2021-02-28,9.38,9.9257,11.091
"8594",61,2021-03-01,9.48,9.9316,11.1015
"8595",62,2021-03-02,9.51,9.9358,11.1067
"8596",63,2021-03-03,9.32,9.9407,11.1125
"8597",64,2021-03-04,9.26,9.9461,11.1191
"8598",65,2021-03-05,9.36,9.9522,11.1267
"8599",66,2021-03-06,9.12,9.9588,11.1325
"8600",67,2021-03-07,9.07,9.9658,11.1358
"8601",68,2021-03-08,9.09,9.9736,11.1392
"8602",69,2021-03-09,9.12,9.9818,11.1425
"8603",70,2021-03-10,9.17,9.99,11.1462
"8604",71,2021-03-11,9.14,9.9981,11.1495
"8605",72,2021-03-12,9.28,10.006,11.1518
"8606",73,2021-03-13,9.3,10.0136,11.1536
"8607",74,2021-03-14,9.24,10.0207,11.1551
"8608",75,2021-03-15,9.22,10.0274,11.1565
"8609",76,2021-03-16,9.24,10.0336,11.1558
"8610",77,2021-03-17,9.26,10.0396,11.1545
"8611",78,2021-03-18,9.31,10.046,11.1532
"8612",79,2021-03-19,9.37,10.0524,11.1504
"8613",80,2021-03-20,9.4,10.0592,11.1473
"8614",81,2021-03-21,9.42,10.0665,11.1435
"8615",82,2021-03-22,9.2,10.0743,11.1404
"8616",83,2021-03-23,9.25,10.0826,11.1375
"8617",84,2021-03-24,9.26,10.0918,11.1357
"8618",85,2021-03-25,9.18,10.1019,11.1342
"8619",86,2021-03-26,9.2,10.1126,11.1325
"8620",87,2021-03-27,9.31,10.1239,11.1301
"8621",88,2021-03-28,9.44,10.1357,11.1271
"8622",89,2021-03-29,9.21,10.1474,11.126
"8623",90,2021-03-30,9.27,10.1592,11.1281
"8624",91,2021-03-31,9.41,10.1711,11.1322
"8625",92,2021-04-01,9.47,10.1827,11.1385
"8626",93,2021-04-02,9.06,10.1937,11.1444
"8627",94,2021-04-03,9.11,10.2033,11.1485
"8628",95,2021-04-04,9.5,10.2114,11.1519
"8629",96,2021-04-05,8.78,10.2185,11.1542
"8630",97,2021-04-06,8.86,10.2254,11.1585
"8631",98,2021-04-07,9,10.2326,11.1668
"8632",99,2021-04-08,9.04,10.2401,11.1761
"8633",100,2021-04-09,8.76,10.2481,11.1867
"8634",101,2021-04-10,9.47,10.2563,11.1987
"8635",102,2021-04-11,8.56,10.2645,11.2113
"8636",103,2021-04-12,8.34,10.2733,11.2247
"8637",104,2021-04-13,8.12,10.2836,11.2391
"8638",105,2021-04-14,8.15,10.2961,11.2549
"8639",106,2021-04-15,8.39,10.3111,11.2714
"8640",107,2021-04-16,8.15,10.3285,11.291
"8641",108,2021-04-17,8.48,10.3477,11.3139
"8642",109,2021-04-18,8.88,10.3679,11.3373
"8643",110,2021-04-19,9.68,10.3882,11.3643
"8644",111,2021-04-20,10.58,10.4078,11.3935
"8645",112,2021-04-21,9.08,10.426,11.4255
"8646",113,2021-04-22,8.37,10.4427,11.4589
"8647",114,2021-04-23,9.01,10.4574,11.4956
"8648",115,2021-04-24,9.79,10.4708,11.5356
"8649",116,2021-04-25,10.2,10.4827,11.576
"8650",117,2021-04-26,10.81,10.4939,11.6201
"8651",118,2021-04-27,11.14,10.5046,11.6646
"8652",119,2021-04-28,10.89,10.5149,11.7129
"8653",120,2021-04-29,10.5,10.5248,11.7629
"8654",121,2021-04-30,11.18,10.5346,11.81
"8655",122,2021-05-01,10.62,10.5444,11.8551
"8656",123,2021-05-02,10.01,10.5545,11.8975
"8657",124,2021-05-03,10.27,10.5659,11.9399
"8658",125,2021-05-04,10.27,10.5793,11.9839
"8659",126,2021-05-05,9.66,10.5933,12.0276
"8660",127,2021-05-06,9.94,10.6078,12.0702
"8661",128,2021-05-07,10.08,10.6227,12.1111
"8662",129,2021-05-08,10.04,10.6372,12.1495
"8663",130,2021-05-09,11.24,10.6506,12.1849
"8664",131,2021-05-10,10.36,10.6631,12.219
"8665",132,2021-05-11,8.67,10.6754,12.2525
"8666",133,2021-05-12,8.1,10.6884,12.2885
"8667",134,2021-05-13,7.74,10.7018,12.329
"8668",135,2021-05-14,7.78,10.7145,12.3712
"8669",136,2021-05-15,8.09,10.726,12.4122
"8670",137,2021-05-16,7.77,10.737,12.453
"8671",138,2021-05-17,7.58,10.7482,12.4958
"8672",139,2021-05-18,8.97,10.7591,12.5407
"8673",140,2021-05-19,9,10.7704,12.5882
"8674",141,2021-05-20,8.91,10.7833,12.6387
"8675",142,2021-05-21,9.25,10.7988,12.6892
"8676",143,2021-05-22,9.26,10.8167,12.7384
"8677",144,2021-05-23,9.75,10.8368,12.7851
"8678",145,2021-05-24,9.31,10.8595,12.8304
"8679",146,2021-05-25,9.66,10.885,12.8718
"8680",147,2021-05-26,10.52,10.9131,12.9133
"8681",148,2021-05-27,10.81,10.9418,12.9516
"8682",149,2021-05-28,11.56,10.9701,12.9901
"8683",150,2021-05-29,10.13,10.9974,13.0248
"8684",151,2021-05-30,10.22,11.0233,13.0555
"8685",152,2021-05-31,10.3,11.047,13.0853
"8686",153,2021-06-01,10.41,11.067,13.1138
"8687",154,2021-06-02,9.98,11.0839,13.1419
"8688",155,2021-06-03,9.62,11.097,13.1705
"8689",156,2021-06-04,9.49,11.1061,13.1987
"8690",157,2021-06-05,10.18,11.1117,13.2266
"8691",158,2021-06-06,9.43,11.1136,13.2538
"8692",159,2021-06-07,11.99,11.1127,13.2802
"8693",160,2021-06-08,12.64,11.1102,13.3056
"8694",161,2021-06-09,13.94,11.1081,13.3331
"8695",162,2021-06-10,14.57,11.1065,13.3616
"8696",163,2021-06-11,13.62,11.1059,13.3895
"8697",164,2021-06-12,14.2,11.1054,13.4178
"8698",165,2021-06-13,13.89,11.1043,13.4407
"8699",166,2021-06-14,14.24,11.1026,13.4616
"8700",167,2021-06-15,14.31,11.0995,13.4802
"8701",168,2021-06-16,14.6,11.0939,13.4984
"8702",169,2021-06-17,14.12,11.0858,13.5135
"8703",170,2021-06-18,13.34,11.076,13.5263
"8704",171,2021-06-19,9.92,11.0635,13.5378
"8705",172,2021-06-20,8.34,11.046,13.5396
"8706",173,2021-06-21,8.11,11.0228,13.5298
"8707",174,2021-06-22,10.38,10.9936,13.5043
"8708",175,2021-06-23,9.99,10.9611,13.4781
"8709",176,2021-06-24,9.81,10.9254,13.4507
"8710",177,2021-06-25,9.45,10.8856,13.4231
"8711",178,2021-06-26,9.54,10.8429,13.414
"8712",179,2021-06-27,10.9,10.7991,13.4134
"8713",180,2021-06-28,10.94,10.7552,13.4025
"8714",181,2021-06-29,12.05,10.7105,13.3878
"8715",182,2021-06-30,13.13,10.6662,13.3735
"8716",183,2021-07-01,12.87,10.6236,13.3663
"8717",184,2021-07-02,13.37,10.5836,13.3631
"8718",185,2021-07-03,12.84,10.5456,13.3571
"8719",186,2021-07-04,11.53,10.5077,13.335
"8720",187,2021-07-05,11.6,10.4704,13.2992
"8721",188,2021-07-06,10.32,10.4355,13.2602
"8722",189,2021-07-07,9.71,10.4026,13.2127
"8723",190,2021-07-08,10.35,10.3696,13.1664
"8724",191,2021-07-09,10.04,10.3359,13.1183
"8725",192,2021-07-10,9.51,10.3,13.0609
"8726",193,2021-07-11,8.48,10.2615,12.984
"8727",194,2021-07-12,8.45,10.2197,12.8985
"8728",195,2021-07-13,8.04,10.1754,12.8093
"8729",196,2021-07-14,8.08,10.1302,12.7209
"8730",197,2021-07-15,7.92,10.0854,12.6326
"8731",198,2021-07-16,8.19,10.042,12.5452
"8732",199,2021-07-17,8.36,10.0004,12.4567
"8733",200,2021-07-18,8.44,9.9617,12.37
"8734",201,2021-07-19,8.43,9.9257,12.2816
"8735",202,2021-07-20,8.62,9.8933,12.1945
"8736",203,2021-07-21,9.47,9.8668,12.1186
"8737",204,2021-07-22,9.28,9.8465,12.0565
"8738",205,2021-07-23,9.14,9.8334,12.0225
"8739",206,2021-07-24,8.45,9.8252,11.9939
"8740",207,2021-07-25,8.37,9.8209,11.9747
"8741",208,2021-07-26,8.33,9.8204,11.9585
"8742",209,2021-07-27,7.99,9.8228,11.9284
"8743",210,2021-07-28,7.83,9.8265,11.8936
"8744",211,2021-07-29,8.1,9.8306,11.8635
"8745",212,2021-07-30,7.99,9.8364,11.8341
"8746",213,2021-07-31,8.17,9.8428,11.8047
"8747",214,2021-08-01,8.54,9.8505,11.7705
"8748",215,2021-08-02,8.82,9.8595,11.74
"8749",216,2021-08-03,8.25,9.8698,11.7185
"8750",217,2021-08-04,8.27,9.8837,11.7086
"8751",218,2021-08-05,7.98,9.9008,11.7205
"8752",219,2021-08-06,9.39,9.9215,11.7383
"8753",220,2021-08-07,10.2,9.9463,11.7741
"8754",221,2021-08-08,10.14,9.976,11.821
"8755",222,2021-08-09,9.23,10.0101,11.8744
"8756",223,2021-08-10,8.32,10.0494,11.9415
"8757",224,2021-08-11,8.33,10.0934,12.0277
"8758",225,2021-08-12,8.88,10.1417,12.1178
"8759",226,2021-08-13,9.88,10.1924,12.2086
"8760",227,2021-08-14,10.4,10.2448,12.2992
"8761",228,2021-08-15,10.05,10.2987,12.3911
"8762",229,2021-08-16,9.95,10.3539,12.4844
"8763",230,2021-08-17,9.82,10.4092,12.581
"8764",231,2021-08-18,10.33,10.4626,12.6733
"8765",232,2021-08-19,10.08,10.5141,12.7636
"8766",233,2021-08-20,9.67,10.563,12.8508
"8767",234,2021-08-21,9.74,10.6078,12.9313
"8768",235,2021-08-22,10.27,10.6486,13.0067
"8769",236,2021-08-23,10.17,10.6854,13.0688
"8770",237,2021-08-24,9.81,10.7191,13.1258
"8771",238,2021-08-25,9.81,10.7494,13.1709
"8772",239,2021-08-26,10.9,10.7763,13.2129
"8773",240,2021-08-27,10.92,10.8002,13.2522
"8774",241,2021-08-28,9.47,10.8222,13.2872
"8775",242,2021-08-29,8.89,10.844,13.3258
"8776",243,2021-08-30,8.38,10.866,13.3667
"8777",244,2021-08-31,8.59,10.8889,13.4105
"8778",245,2021-09-01,8.87,10.9122,13.4556
"8779",246,2021-09-02,8.8,10.936,13.4997
"8780",247,2021-09-03,8.51,10.96,13.5405
"8781",248,2021-09-04,8.87,10.9841,13.5856
"8782",249,2021-09-05,9.18,11.0079,13.6205
"8783",250,2021-09-06,NA,11.0301,13.6507
"8784",251,2021-09-07,NA,11.0498,13.6683
"8785",252,2021-09-08,NA,11.0661,13.6727
"8786",253,2021-09-09,NA,11.079,13.6738
"8787",254,2021-09-10,NA,11.0884,13.6724
"8788",255,2021-09-11,NA,11.0953,13.6711
"8789",256,2021-09-12,NA,11.101,13.6722
"8790",257,2021-09-13,NA,11.1063,13.6729
"8791",258,2021-09-14,NA,11.1102,13.6724
"8792",259,2021-09-15,NA,11.1122,13.6712
"8793",260,2021-09-16,NA,11.113,13.6724
"8794",261,2021-09-17,NA,11.1139,13.6728
"8795",262,2021-09-18,NA,11.1162,13.6758
"8796",263,2021-09-19,NA,11.1202,13.68
"8797",264,2021-09-20,NA,11.1261,13.6828
"8798",265,2021-09-21,NA,11.1347,13.6823
"8799",266,2021-09-22,NA,11.1454,13.6812
"8800",267,2021-09-23,NA,11.158,13.6781
"8801",268,2021-09-24,NA,11.1717,13.6731
"8802",269,2021-09-25,NA,11.1876,13.6699
"8803",270,2021-09-26,NA,11.2065,13.6687
"8804",271,2021-09-27,NA,11.2269,13.6649
"8805",272,2021-09-28,NA,11.248,13.6589
"8806",273,2021-09-29,NA,11.2688,13.6519
"8807",274,2021-09-30,NA,11.2888,13.6449
"8808",275,2021-10-01,NA,11.3079,13.6349
"8809",276,2021-10-02,NA,11.3253,13.6226
"8810",277,2021-10-03,NA,11.3414,13.6053
"8811",278,2021-10-04,NA,11.3562,13.5843
"8812",279,2021-10-05,NA,11.3699,13.5618
"8813",280,2021-10-06,NA,11.3826,13.5395
"8814",281,2021-10-07,NA,11.3937,13.519
"8815",282,2021-10-08,NA,11.4049,13.5023
"8816",283,2021-10-09,NA,11.4173,13.4882
"8817",284,2021-10-10,NA,11.431,13.4733
"8818",285,2021-10-11,NA,11.4458,13.4525
"8819",286,2021-10-12,NA,11.4602,13.4299
"8820",287,2021-10-13,NA,11.4743,13.4095
"8821",288,2021-10-14,NA,11.4875,13.3892
"8822",289,2021-10-15,NA,11.5007,13.3693
"8823",290,2021-10-16,NA,11.5141,13.3479
"8824",291,2021-10-17,NA,11.5271,13.3218
"8825",292,2021-10-18,NA,11.5392,13.2926
"8826",293,2021-10-19,NA,11.5496,13.2597
"8827",294,2021-10-20,NA,11.5576,13.2241
"8828",295,2021-10-21,NA,11.564,13.1884
"8829",296,2021-10-22,NA,11.5691,13.156
"8830",297,2021-10-23,NA,11.5738,13.1249
"8831",298,2021-10-24,NA,11.5779,13.0959
"8832",299,2021-10-25,NA,11.5815,13.0693
"8833",300,2021-10-26,NA,11.5842,13.0426
"8834",301,2021-10-27,NA,11.5858,13.0155
"8835",302,2021-10-28,NA,11.5873,12.9897
"8836",303,2021-10-29,NA,11.5889,12.9682
"8837",304,2021-10-30,NA,11.5912,12.9492
"8838",305,2021-10-31,NA,11.594,12.934
"8839",306,2021-11-01,NA,11.5966,12.9185
"8840",307,2021-11-02,NA,11.5985,12.8996
"8841",308,2021-11-03,NA,11.5996,12.8798
"8842",309,2021-11-04,NA,11.5998,12.8584
"8843",310,2021-11-05,NA,11.599,12.8356
"8844",311,2021-11-06,NA,11.5978,12.8127
"8845",312,2021-11-07,NA,11.5959,12.7879
"8846",313,2021-11-08,NA,11.5925,12.7609
"8847",314,2021-11-09,NA,11.5871,12.7318
"8848",315,2021-11-10,NA,11.5797,12.7034
"8849",316,2021-11-11,NA,11.5702,12.6775
"8850",317,2021-11-12,NA,11.5592,12.6525
"8851",318,2021-11-13,NA,11.5467,12.6267
"8852",319,2021-11-14,NA,11.533,12.5974
"8853",320,2021-11-15,NA,11.5179,12.5654
"8854",321,2021-11-16,NA,11.5015,12.5325
"8855",322,2021-11-17,NA,11.4832,12.5007
"8856",323,2021-11-18,NA,11.4632,12.4704
"8857",324,2021-11-19,NA,11.442,12.4436
"8858",325,2021-11-20,NA,11.4196,12.4185
"8859",326,2021-11-21,NA,11.3959,12.3943
"8860",327,2021-11-22,NA,11.3708,12.3692
"8861",328,2021-11-23,NA,11.3437,12.342
"8862",329,2021-11-24,NA,11.3147,12.313
"8863",330,2021-11-25,NA,11.2842,12.2834
"8864",331,2021-11-26,NA,11.2522,12.253
"8865",332,2021-11-27,NA,11.2182,12.2205
"8866",333,2021-11-28,NA,11.1823,12.1866
"8867",334,2021-11-29,NA,11.1446,12.1496
"8868",335,2021-11-30,NA,11.1053,12.1111
"8869",336,2021-12-01,NA,11.0649,12.0705
"8870",337,2021-12-02,NA,11.0236,12.0305
"8871",338,2021-12-03,NA,10.9819,11.9922
"8872",339,2021-12-04,NA,10.9403,11.9533
"8873",340,2021-12-05,NA,10.8989,11.9177
"8874",341,2021-12-06,NA,10.8577,11.8842
"8875",342,2021-12-07,NA,10.817,11.8526
"8876",343,2021-12-08,NA,10.7774,11.824
"8877",344,2021-12-09,NA,10.7392,11.7977
"8878",345,2021-12-10,NA,10.7025,11.7739
"8879",346,2021-12-11,NA,10.6674,11.7511
"8880",347,2021-12-12,NA,10.6335,11.7296
"8881",348,2021-12-13,NA,10.601,11.7085
"8882",349,2021-12-14,NA,10.5699,11.6877
"8883",350,2021-12-15,NA,10.5403,11.671
"8884",351,2021-12-16,NA,10.5123,11.6578
"8885",352,2021-12-17,NA,10.4858,11.6463
"8886",353,2021-12-18,NA,10.4607,11.6355
"8887",354,2021-12-19,NA,10.437,11.6249
"8888",355,2021-12-20,NA,10.4142,11.6146
"8889",356,2021-12-21,NA,10.3925,11.6047
"8890",357,2021-12-22,NA,10.3716,11.5947
"8891",358,2021-12-23,NA,10.3516,11.5836
"8892",359,2021-12-24,NA,10.333,11.5735
"8893",360,2021-12-25,NA,10.3153,11.5574
"8894",361,2021-12-26,NA,10.2978,11.5405
"8895",362,2021-12-27,NA,10.2806,11.5227
"8896",363,2021-12-28,NA,10.2639,11.5042
"8897",364,2021-12-29,NA,10.2479,11.4846
"8898",365,2021-12-30,NA,10.2326,11.4656
"8899",366,2021-12-31,NA,10.2178,11.447
"8900",1,2022-01-01,NA,10.2036,11.4263
"8901",2,2022-01-02,NA,10.1901,11.4062
"8902",3,2022-01-03,NA,10.1775,11.3869
"8903",4,2022-01-04,NA,10.1652,11.3691
"8904",5,2022-01-05,NA,10.1538,11.3525
"8905",6,2022-01-06,NA,10.1433,11.337
"8906",7,2022-01-07,NA,10.1338,11.3233
"8907",8,2022-01-08,NA,10.125,11.3114
"8908",9,2022-01-09,NA,10.1165,11.3009
"8909",10,2022-01-10,NA,10.1083,11.2911
"8910",11,2022-01-11,NA,10.1003,11.2821
"8911",12,2022-01-12,NA,10.0931,11.2742
"8912",13,2022-01-13,NA,10.0866,11.2682
"8913",14,2022-01-14,NA,10.0805,11.2646
"8914",15,2022-01-15,NA,10.0747,11.2603
"8915",16,2022-01-16,NA,10.069,11.2553
"8916",17,2022-01-17,NA,10.0636,11.2493
"8917",18,2022-01-18,NA,10.0587,11.2431
"8918",19,2022-01-19,NA,10.0542,11.2344
"8919",20,2022-01-20,NA,10.05,11.2223
"8920",21,2022-01-21,NA,10.0465,11.2106
"8921",22,2022-01-22,NA,10.0434,11.1993
"8922",23,2022-01-23,NA,10.0405,11.1898
"8923",24,2022-01-24,NA,10.0378,11.1808
"8924",25,2022-01-25,NA,10.0354,11.1784
"8925",26,2022-01-26,NA,10.0335,11.1765
"8926",27,2022-01-27,NA,10.0324,11.1762
"8927",28,2022-01-28,NA,10.0318,11.1764
"8928",29,2022-01-29,NA,10.031,11.1771
"8929",30,2022-01-30,NA,10.0301,11.1782
"8930",31,2022-01-31,NA,10.0292,11.1797
"8931",32,2022-02-01,NA,10.0282,11.1816
"8932",33,2022-02-02,NA,10.027,11.1827
"8933",34,2022-02-03,NA,10.0256,11.1833
"8934",35,2022-02-04,NA,10.0237,11.1838
"8935",36,2022-02-05,NA,10.0213,11.1832
"8936",37,2022-02-06,NA,10.0181,11.1822
"8937",38,2022-02-07,NA,10.014,11.1787
"8938",39,2022-02-08,NA,10.0092,11.173
"8939",40,2022-02-09,NA,10.0042,11.1668
"8940",41,2022-02-10,NA,9.999,11.1611
"8941",42,2022-02-11,NA,9.9935,11.1543
"8942",43,2022-02-12,NA,9.9878,11.1466
"8943",44,2022-02-13,NA,9.9818,11.1374
"8944",45,2022-02-14,NA,9.9756,11.1264
"8945",46,2022-02-15,NA,9.9693,11.1156
"8946",47,2022-02-16,NA,9.963,11.1047
"8947",48,2022-02-17,NA,9.9568,11.0949
"8948",49,2022-02-18,NA,9.9509,11.087
"8949",50,2022-02-19,NA,9.9455,11.0823
"8950",51,2022-02-20,NA,9.9405,11.0812
"8951",52,2022-02-21,NA,9.936,11.0801
"8952",53,2022-02-22,NA,9.9322,11.0792
"8953",54,2022-02-23,NA,9.9291,11.0784
"8954",55,2022-02-24,NA,9.9268,11.0777
"8955",56,2022-02-25,NA,9.9251,11.0789
"8956",57,2022-02-26,NA,9.9244,11.0825
"8957",58,2022-02-27,NA,9.9245,11.086
"8958",59,2022-02-28,NA,9.9257,11.091
"8959",61,2022-03-01,NA,9.9316,11.1015
"8960",62,2022-03-02,NA,9.9358,11.1067
"8961",63,2022-03-03,NA,9.9407,11.1125
"8962",64,2022-03-04,NA,9.9461,11.1191
"8963",65,2022-03-05,NA,9.9522,11.1267
"8964",66,2022-03-06,NA,9.9588,11.1325
"8965",67,2022-03-07,NA,9.9658,11.1358
"8966",68,2022-03-08,NA,9.9736,11.1392
"8967",69,2022-03-09,NA,9.9818,11.1425
"8968",70,2022-03-10,NA,9.99,11.1462
"8969",71,2022-03-11,NA,9.9981,11.1495
"8970",72,2022-03-12,NA,10.006,11.1518
"8971",73,2022-03-13,NA,10.0136,11.1536
"8972",74,2022-03-14,NA,10.0207,11.1551
"8973",75,2022-03-15,NA,10.0274,11.1565
"8974",76,2022-03-16,NA,10.0336,11.1558
"8975",77,2022-03-17,NA,10.0396,11.1545
"8976",78,2022-03-18,NA,10.046,11.1532
"8977",79,2022-03-19,NA,10.0524,11.1504
"8978",80,2022-03-20,NA,10.0592,11.1473
"8979",81,2022-03-21,NA,10.0665,11.1435
"8980",82,2022-03-22,NA,10.0743,11.1404
"8981",83,2022-03-23,NA,10.0826,11.1375
"8982",84,2022-03-24,NA,10.0918,11.1357
"8983",85,2022-03-25,NA,10.1019,11.1342
"8984",86,2022-03-26,NA,10.1126,11.1325
"8985",87,2022-03-27,NA,10.1239,11.1301
"8986",88,2022-03-28,NA,10.1357,11.1271
"8987",89,2022-03-29,NA,10.1474,11.126
"8988",90,2022-03-30,NA,10.1592,11.1281
"8989",91,2022-03-31,NA,10.1711,11.1322
"8990",92,2022-04-01,NA,10.1827,11.1385
"8991",93,2022-04-02,NA,10.1937,11.1444
"8992",94,2022-04-03,NA,10.2033,11.1485
"8993",95,2022-04-04,NA,10.2114,11.1519
"8994",96,2022-04-05,NA,10.2185,11.1542
"8995",97,2022-04-06,NA,10.2254,11.1585
"8996",98,2022-04-07,NA,10.2326,11.1668
"8997",99,2022-04-08,NA,10.2401,11.1761
"8998",100,2022-04-09,NA,10.2481,11.1867
"8999",101,2022-04-10,NA,10.2563,11.1987
"9000",102,2022-04-11,NA,10.2645,11.2113
"9001",103,2022-04-12,NA,10.2733,11.2247
"9002",104,2022-04-13,NA,10.2836,11.2391
"9003",105,2022-04-14,NA,10.2961,11.2549
"9004",106,2022-04-15,NA,10.3111,11.2714
"9005",107,2022-04-16,NA,10.3285,11.291
"9006",108,2022-04-17,NA,10.3477,11.3139
"9007",109,2022-04-18,NA,10.3679,11.3373
"9008",110,2022-04-19,NA,10.3882,11.3643
"9009",111,2022-04-20,NA,10.4078,11.3935
"9010",112,2022-04-21,NA,10.426,11.4255
"9011",113,2022-04-22,NA,10.4427,11.4589
"9012",114,2022-04-23,NA,10.4574,11.4956
"9013",115,2022-04-24,NA,10.4708,11.5356
"9014",116,2022-04-25,NA,10.4827,11.576
"9015",117,2022-04-26,NA,10.4939,11.6201
"9016",118,2022-04-27,NA,10.5046,11.6646
"9017",119,2022-04-28,NA,10.5149,11.7129
"9018",120,2022-04-29,NA,10.5248,11.7629
"9019",121,2022-04-30,NA,10.5346,11.81
"9020",122,2022-05-01,NA,10.5444,11.8551
"9021",123,2022-05-02,NA,10.5545,11.8975
"9022",124,2022-05-03,NA,10.5659,11.9399
"9023",125,2022-05-04,NA,10.5793,11.9839
"9024",126,2022-05-05,NA,10.5933,12.0276
"9025",127,2022-05-06,NA,10.6078,12.0702
"9026",128,2022-05-07,NA,10.6227,12.1111
"9027",129,2022-05-08,NA,10.6372,12.1495
"9028",130,2022-05-09,NA,10.6506,12.1849
"9029",131,2022-05-10,NA,10.6631,12.219
"9030",132,2022-05-11,NA,10.6754,12.2525
"9031",133,2022-05-12,NA,10.6884,12.2885
"9032",134,2022-05-13,NA,10.7018,12.329
"9033",135,2022-05-14,NA,10.7145,12.3712
"9034",136,2022-05-15,NA,10.726,12.4122
"9035",137,2022-05-16,NA,10.737,12.453
"9036",138,2022-05-17,NA,10.7482,12.4958
"9037",139,2022-05-18,NA,10.7591,12.5407
"9038",140,2022-05-19,NA,10.7704,12.5882
"9039",141,2022-05-20,NA,10.7833,12.6387
"9040",142,2022-05-21,NA,10.7988,12.6892
"9041",143,2022-05-22,NA,10.8167,12.7384
"9042",144,2022-05-23,NA,10.8368,12.7851
"9043",145,2022-05-24,NA,10.8595,12.8304
"9044",146,2022-05-25,NA,10.885,12.8718
"9045",147,2022-05-26,NA,10.9131,12.9133
"9046",148,2022-05-27,NA,10.9418,12.9516
"9047",149,2022-05-28,NA,10.9701,12.9901
"9048",150,2022-05-29,NA,10.9974,13.0248
"9049",151,2022-05-30,NA,11.0233,13.0555
"9050",152,2022-05-31,NA,11.047,13.0853
"9051",153,2022-06-01,NA,11.067,13.1138
"9052",154,2022-06-02,NA,11.0839,13.1419
"9053",155,2022-06-03,NA,11.097,13.1705
"9054",156,2022-06-04,NA,11.1061,13.1987
"9055",157,2022-06-05,NA,11.1117,13.2266
"9056",158,2022-06-06,NA,11.1136,13.2538
"9057",159,2022-06-07,NA,11.1127,13.2802
"9058",160,2022-06-08,NA,11.1102,13.3056
"9059",161,2022-06-09,NA,11.1081,13.3331
"9060",162,2022-06-10,NA,11.1065,13.3616
"9061",163,2022-06-11,NA,11.1059,13.3895
"9062",164,2022-06-12,NA,11.1054,13.4178
"9063",165,2022-06-13,NA,11.1043,13.4407
"9064",166,2022-06-14,13.53,11.1026,13.4616
"9065",167,2022-06-15,13.35,11.0995,13.4802
"9066",168,2022-06-16,13.52,11.0939,13.4984
"9067",169,2022-06-17,13.57,11.0858,13.5135
"9068",170,2022-06-18,13.63,11.076,13.5263
"9069",171,2022-06-19,13.45,11.0635,13.5378
"9070",172,2022-06-20,12.93,11.046,13.5396
"9071",173,2022-06-21,11.35,11.0228,13.5298
"9072",174,2022-06-22,9.54,10.9936,13.5043
"9073",175,2022-06-23,8.53,10.9611,13.4781
"9074",176,2022-06-24,8.59,10.9254,13.4507
"9075",177,2022-06-25,8.52,10.8856,13.4231
"9076",178,2022-06-26,9.37,10.8429,13.414
"9077",179,2022-06-27,10.05,10.7991,13.4134
"9078",180,2022-06-28,11.05,10.7552,13.4025
"9079",181,2022-06-29,12.8,10.7105,13.3878
"9080",182,2022-06-30,12.99,10.6662,13.3735
"9081",183,2022-07-01,11.68,10.6236,13.3663
"9082",184,2022-07-02,10.21,10.5836,13.3631
"9083",185,2022-07-03,10.51,10.5456,13.3571
"9084",186,2022-07-04,10.52,10.5077,13.335
"9085",187,2022-07-05,10.47,10.4704,13.2992
"9086",188,2022-07-06,10.13,10.4355,13.2602
"9087",189,2022-07-07,13.78,10.4026,13.2127
"9088",190,2022-07-08,16.69,10.3696,13.1664
"9089",191,2022-07-09,15.07,10.3359,13.1183
"9090",192,2022-07-10,12.67,10.3,13.0609
"9091",193,2022-07-11,11.35,10.2615,12.984
"9092",194,2022-07-12,9.7,10.2197,12.8985
"9093",195,2022-07-13,8.55,10.1754,12.8093
"9094",196,2022-07-14,9.11,10.1302,12.7209
"9095",197,2022-07-15,9.77,10.0854,12.6326
"9096",198,2022-07-16,10.03,10.042,12.5452
"9097",199,2022-07-17,9.61,10.0004,12.4567
"9098",200,2022-07-18,9.32,9.9617,12.37
"9099",201,2022-07-19,9.48,9.9257,12.2816
"9100",202,2022-07-20,8.74,9.8933,12.1945
"9101",203,2022-07-21,9.04,9.8668,12.1186
"9102",204,2022-07-22,10.24,9.8465,12.0565
"9103",205,2022-07-23,9.4,9.8334,12.0225
"9104",206,2022-07-24,8.96,9.8252,11.9939
"9105",207,2022-07-25,8.7,9.8209,11.9747
"9106",208,2022-07-26,8.6,9.8204,11.9585
"9107",209,2022-07-27,9.46,9.8228,11.9284
"9108",210,2022-07-28,9.51,9.8265,11.8936
"9109",211,2022-07-29,9.89,9.8306,11.8635
"9110",212,2022-07-30,10.38,9.8364,11.8341
"9111",213,2022-07-31,10.35,9.8428,11.8047
"9112",214,2022-08-01,10.7,9.8505,11.7705
"9113",215,2022-08-02,11.15,9.8595,11.74
"9114",216,2022-08-03,10.98,9.8698,11.7185
"9115",217,2022-08-04,11.23,9.8837,11.7086
"9116",218,2022-08-05,10.56,9.9008,11.7205
"9117",219,2022-08-06,9.09,9.9215,11.7383
"9118",220,2022-08-07,8.97,9.9463,11.7741
"9119",221,2022-08-08,9.96,9.976,11.821
"9120",222,2022-08-09,10.63,10.0101,11.8744
"9121",223,2022-08-10,10.78,10.0494,11.9415
"9122",224,2022-08-11,12.34,10.0934,12.0277
"9123",225,2022-08-12,12.89,10.1417,12.1178
"9124",226,2022-08-13,14.17,10.1924,12.2086
"9125",227,2022-08-14,14.68,10.2448,12.2992
"9126",228,2022-08-15,13.45,10.2987,12.3911
"9127",229,2022-08-16,13.32,10.3539,12.4844
"9128",230,2022-08-17,12.05,10.4092,12.581
"9129",231,2022-08-18,11.11,10.4626,12.6733
"9130",232,2022-08-19,11.41,10.5141,12.7636
"9131",233,2022-08-20,12.71,10.563,12.8508
"9132",234,2022-08-21,12.9,10.6078,12.9313
"9133",235,2022-08-22,13.15,10.6486,13.0067
"9134",236,2022-08-23,12.95,10.6854,13.0688
"9135",237,2022-08-24,11.82,10.7191,13.1258
"9136",238,2022-08-25,11.36,10.7494,13.1709
"9137",239,2022-08-26,11.39,10.7763,13.2129
"9138",240,2022-08-27,11.01,10.8002,13.2522
"9139",241,2022-08-28,10.98,10.8222,13.2872
"9140",242,2022-08-29,10.65,10.844,13.3258
"9141",243,2022-08-30,10.49,10.866,13.3667
"9142",244,2022-08-31,11.22,10.8889,13.4105
"9143",245,2022-09-01,12.1,10.9122,13.4556
"9144",246,2022-09-02,10.59,10.936,13.4997
"9145",247,2022-09-03,10.89,10.96,13.5405
"9146",248,2022-09-04,12.1,10.9841,13.5856
"9147",249,2022-09-05,12.27,11.0079,13.6205
"9148",250,2022-09-06,11.26,11.0301,13.6507
"9149",251,2022-09-07,10,11.0498,13.6683
"9150",252,2022-09-08,9.21,11.0661,13.6727
"9151",253,2022-09-09,8.91,11.079,13.6738
"9152",254,2022-09-10,8.82,11.0884,13.6724
"9153",255,2022-09-11,9.59,11.0953,13.6711
"9154",256,2022-09-12,10.36,11.101,13.6722
"9155",257,2022-09-13,10.62,11.1063,13.6729
"9156",258,2022-09-14,11.16,11.1102,13.6724
"9157",259,2022-09-15,10.98,11.1122,13.6712
"9158",260,2022-09-16,10.73,11.113,13.6724
"9159",261,2022-09-17,10.44,11.1139,13.6728
"9160",262,2022-09-18,9.87,11.1162,13.6758
"9161",263,2022-09-19,10.07,11.1202,13.68
"9162",264,2022-09-20,10.61,11.1261,13.6828
"9163",265,2022-09-21,11.26,11.1347,13.6823
"9164",266,2022-09-22,11.95,11.1454,13.6812
"9165",267,2022-09-23,12.71,11.158,13.6781
"9166",268,2022-09-24,12.32,11.1717,13.6731
"9167",269,2022-09-25,11.72,11.1876,13.6699
"9168",270,2022-09-26,11.69,11.2065,13.6687
"9169",271,2022-09-27,11.99,11.2269,13.6649
"9170",272,2022-09-28,12.35,11.248,13.6589
"9171",273,2022-09-29,13.01,11.2688,13.6519
"9172",274,2022-09-30,12.93,11.2888,13.6449
"9173",275,2022-10-01,12.73,11.3079,13.6349
"9174",276,2022-10-02,12.06,11.3253,13.6226
"9175",277,2022-10-03,12.67,11.3414,13.6053
"9176",278,2022-10-04,12.92,11.3562,13.5843
"9177",279,2022-10-05,12.93,11.3699,13.5618
"9178",280,2022-10-06,12.48,11.3826,13.5395
"9179",281,2022-10-07,12.51,11.3937,13.519
"9180",282,2022-10-08,12.12,11.4049,13.5023
"9181",283,2022-10-09,11.83,11.4173,13.4882
"9182",284,2022-10-10,11.64,11.431,13.4733
"9183",285,2022-10-11,11.77,11.4458,13.4525
"9184",286,2022-10-12,11.39,11.4602,13.4299
"9185",287,2022-10-13,11.22,11.4743,13.4095
"9186",288,2022-10-14,10.93,11.4875,13.3892
"9187",289,2022-10-15,10.72,11.5007,13.3693
"9188",290,2022-10-16,11.37,11.5141,13.3479
"9189",291,2022-10-17,11.2,11.5271,13.3218
"9190",292,2022-10-18,11.02,11.5392,13.2926
"9191",293,2022-10-19,11.37,11.5496,13.2597
"9192",294,2022-10-20,11.06,11.5576,13.2241
"9193",295,2022-10-21,10.83,11.564,13.1884
"9194",296,2022-10-22,10.97,11.5691,13.156
"9195",297,2022-10-23,10.71,11.5738,13.1249
"9196",298,2022-10-24,10.92,11.5779,13.0959
"9197",299,2022-10-25,11.27,11.5815,13.0693
"9198",300,2022-10-26,11.18,11.5842,13.0426
"9199",301,2022-10-27,11.31,11.5858,13.0155
"9200",302,2022-10-28,11.76,11.5873,12.9897
"9201",303,2022-10-29,12,11.5889,12.9682
"9202",304,2022-10-30,11.81,11.5912,12.9492
"9203",305,2022-10-31,12.26,11.594,12.934
"9204",306,2022-11-01,12.09,11.5966,12.9185
"9205",307,2022-11-02,11.87,11.5985,12.8996
"9206",308,2022-11-03,11.59,11.5996,12.8798
"9207",309,2022-11-04,11.5,11.5998,12.8584
"9208",310,2022-11-05,11.9,11.599,12.8356
"9209",311,2022-11-06,11.75,11.5978,12.8127
"9210",312,2022-11-07,11.52,11.5959,12.7879
"9211",313,2022-11-08,11.52,11.5925,12.7609
"9212",314,2022-11-09,11.6,11.5871,12.7318
"9213",315,2022-11-10,11.56,11.5797,12.7034
"9214",316,2022-11-11,11.34,11.5702,12.6775
"9215",317,2022-11-12,11.26,11.5592,12.6525
"9216",318,2022-11-13,11.16,11.5467,12.6267
"9217",319,2022-11-14,11.18,11.533,12.5974
"9218",320,2022-11-15,11.08,11.5179,12.5654
"9219",321,2022-11-16,11.09,11.5015,12.5325
"9220",322,2022-11-17,11.2,11.4832,12.5007
"9221",323,2022-11-18,11.08,11.4632,12.4704
"9222",324,2022-11-19,10.79,11.442,12.4436
"9223",325,2022-11-20,10.72,11.4196,12.4185
"9224",326,2022-11-21,10.95,11.3959,12.3943
"9225",327,2022-11-22,11,11.3708,12.3692
"9226",328,2022-11-23,10.85,11.3437,12.342
"9227",329,2022-11-24,10.85,11.3147,12.313
"9228",330,2022-11-25,10.86,11.2842,12.2834
"9229",331,2022-11-26,10.61,11.2522,12.253
"9230",332,2022-11-27,10.56,11.2182,12.2205
"9231",333,2022-11-28,10.42,11.1823,12.1866
"9232",334,2022-11-29,10.31,11.1446,12.1496
"9233",335,2022-11-30,10.29,11.1053,12.1111
"9234",336,2022-12-01,10.1,11.0649,12.0705
"9235",337,2022-12-02,10.02,11.0236,12.0305
"9236",338,2022-12-03,9.81,10.9819,11.9922
"9237",339,2022-12-04,9.82,10.9403,11.9533
"9238",340,2022-12-05,9.63,10.8989,11.9177
"9239",341,2022-12-06,9.46,10.8577,11.8842
"9240",342,2022-12-07,9.42,10.817,11.8526
"9241",343,2022-12-08,9.31,10.7774,11.824
"9242",344,2022-12-09,9.29,10.7392,11.7977
"9243",345,2022-12-10,9.58,10.7025,11.7739
"9244",346,2022-12-11,10.18,10.6674,11.7511
"9245",347,2022-12-12,10.2,10.6335,11.7296
"9246",348,2022-12-13,10.25,10.601,11.7085
"9247",349,2022-12-14,10.09,10.5699,11.6877
"9248",350,2022-12-15,9.99,10.5403,11.671
"9249",351,2022-12-16,9.61,10.5123,11.6578
"9250",352,2022-12-17,9.44,10.4858,11.6463
"9251",353,2022-12-18,9.44,10.4607,11.6355
"9252",354,2022-12-19,9.54,10.437,11.6249
"9253",355,2022-12-20,9.91,10.4142,11.6146
"9254",356,2022-12-21,9.74,10.3925,11.6047
"9255",357,2022-12-22,9.78,10.3716,11.5947
"9256",358,2022-12-23,9.55,10.3516,11.5836
"9257",359,2022-12-24,9.54,10.333,11.5735
"9258",360,2022-12-25,9.97,10.3153,11.5574
"9259",361,2022-12-26,10.54,10.2978,11.5405
"9260",362,2022-12-27,10.8,10.2806,11.5227
"9261",363,2022-12-28,10.52,10.2639,11.5042
"9262",364,2022-12-29,10.45,10.2479,11.4846
"9263",365,2022-12-30,10.46,10.2326,11.4656
"9264",366,2022-12-31,10.45,10.2178,11.447
"9265",1,2023-01-01,10.41,10.2036,11.4263
"9266",2,2023-01-02,10.18,10.1901,11.4062
"9267",3,2023-01-03,10.29,10.1775,11.3869
"9268",4,2023-01-04,10.36,10.1652,11.3691
"9269",5,2023-01-05,10.35,10.1538,11.3525
"9270",6,2023-01-06,10.43,10.1433,11.337
"9271",7,2023-01-07,10.44,10.1338,11.3233
"9272",8,2023-01-08,10.5,10.125,11.3114
"9273",9,2023-01-09,10.59,10.1165,11.3009
"9274",10,2023-01-10,10.67,10.1083,11.2911
"9275",11,2023-01-11,10.61,10.1003,11.2821
"9276",12,2023-01-12,10.79,10.0931,11.2742
"9277",13,2023-01-13,10.88,10.0866,11.2682
"9278",14,2023-01-14,10.92,10.0805,11.2646
"9279",15,2023-01-15,10.86,10.0747,11.2603
"9280",16,2023-01-16,10.75,10.069,11.2553
"9281",17,2023-01-17,10.62,10.0636,11.2493
"9282",18,2023-01-18,10.51,10.0587,11.2431
"9283",19,2023-01-19,10.47,10.0542,11.2344
"9284",20,2023-01-20,10.25,10.05,11.2223
"9285",21,2023-01-21,10.29,10.0465,11.2106
"9286",22,2023-01-22,10.16,10.0434,11.1993
"9287",23,2023-01-23,10.2,10.0405,11.1898
"9288",24,2023-01-24,10.17,10.0378,11.1808
"9289",25,2023-01-25,10.38,10.0354,11.1784
"9290",26,2023-01-26,10.2,10.0335,11.1765
"9291",27,2023-01-27,10.24,10.0324,11.1762
"9292",28,2023-01-28,10.37,10.0318,11.1764
"9293",29,2023-01-29,10.55,10.031,11.1771
"9294",30,2023-01-30,10.46,10.0301,11.1782
"9295",31,2023-01-31,10.09,10.0292,11.1797
"9296",32,2023-02-01,9.98,10.0282,11.1816
"9297",33,2023-02-02,9.67,10.027,11.1827
"9298",34,2023-02-03,9.69,10.0256,11.1833
"9299",35,2023-02-04,9.88,10.0237,11.1838
"9300",36,2023-02-05,9.94,10.0213,11.1832
"9301",37,2023-02-06,9.94,10.0181,11.1822
"9302",38,2023-02-07,9.88,10.014,11.1787
"9303",39,2023-02-08,9.86,10.0092,11.173
"9304",40,2023-02-09,9.88,10.0042,11.1668
"9305",41,2023-02-10,9.94,9.999,11.1611
"9306",42,2023-02-11,10,9.9935,11.1543
"9307",43,2023-02-12,10.04,9.9878,11.1466
"9308",44,2023-02-13,10.01,9.9818,11.1374
"9309",45,2023-02-14,9.74,9.9756,11.1264
"9310",46,2023-02-15,9.37,9.9693,11.1156
"9311",47,2023-02-16,9.3,9.963,11.1047
"9312",48,2023-02-17,9.56,9.9568,11.0949
"9313",49,2023-02-18,9.47,9.9509,11.087
"9314",50,2023-02-19,9.34,9.9455,11.0823
"9315",51,2023-02-20,9.46,9.9405,11.0812
"9316",52,2023-02-21,9.13,9.936,11.0801
"9317",53,2023-02-22,9.13,9.9322,11.0792
"9318",54,2023-02-23,8.54,9.9291,11.0784
"9319",55,2023-02-24,8.31,9.9268,11.0777
"9320",56,2023-02-25,8.39,9.9251,11.0789
"9321",57,2023-02-26,8.52,9.9244,11.0825
"9322",58,2023-02-27,8.59,9.9245,11.086
"9323",59,2023-02-28,8.63,9.9257,11.091
"9324",61,2023-03-01,8.63,9.9316,11.1015
"9325",62,2023-03-02,8.79,9.9358,11.1067
"9326",63,2023-03-03,8.7,9.9407,11.1125
"9327",64,2023-03-04,8.57,9.9461,11.1191
"9328",65,2023-03-05,8.47,9.9522,11.1267
"9329",66,2023-03-06,8.46,9.9588,11.1325
"9330",67,2023-03-07,8.38,9.9658,11.1358
"9331",68,2023-03-08,8.37,9.9736,11.1392
"9332",69,2023-03-09,8.26,9.9818,11.1425
"9333",70,2023-03-10,8.4,9.99,11.1462
"9334",71,2023-03-11,8.59,9.9981,11.1495
"9335",72,2023-03-12,8.63,10.006,11.1518
"9336",73,2023-03-13,8.72,10.0136,11.1536
"9337",74,2023-03-14,8.72,10.0207,11.1551
"9338",75,2023-03-15,8.85,10.0274,11.1565
"9339",76,2023-03-16,8.88,10.0336,11.1558
"9340",77,2023-03-17,9.02,10.0396,11.1545
"9341",78,2023-03-18,9.03,10.046,11.1532
"9342",79,2023-03-19,9.26,10.0524,11.1504
"9343",80,2023-03-20,9.2,10.0592,11.1473
"9344",81,2023-03-21,9.27,10.0665,11.1435
"9345",82,2023-03-22,9.21,10.0743,11.1404
"9346",83,2023-03-23,9.09,10.0826,11.1375
"9347",84,2023-03-24,9.01,10.0918,11.1357
"9348",85,2023-03-25,8.99,10.1019,11.1342
"9349",86,2023-03-26,9.09,10.1126,11.1325
"9350",87,2023-03-27,9.18,10.1239,11.1301
"9351",88,2023-03-28,9.02,10.1357,11.1271
"9352",89,2023-03-29,8.98,10.1474,11.126
"9353",90,2023-03-30,9.23,10.1592,11.1281
"9354",91,2023-03-31,9.08,10.1711,11.1322
"9355",92,2023-04-01,9.07,10.1827,11.1385
"9356",93,2023-04-02,9.14,10.1937,11.1444
"9357",94,2023-04-03,9.1,10.2033,11.1485
"9358",95,2023-04-04,9.21,10.2114,11.1519
"9359",96,2023-04-05,9.28,10.2185,11.1542
"9360",97,2023-04-06,9.31,10.2254,11.1585
"9361",98,2023-04-07,9.63,10.2326,11.1668
"9362",99,2023-04-08,9.78,10.2401,11.1761
"9363",100,2023-04-09,9.79,10.2481,11.1867
"9364",101,2023-04-10,9.63,10.2563,11.1987
"9365",102,2023-04-11,9.44,10.2645,11.2113
"9366",103,2023-04-12,9.66,10.2733,11.2247
"9367",104,2023-04-13,NA,10.2836,11.2391
"9368",105,2023-04-14,NA,10.2961,11.2549
"9369",106,2023-04-15,NA,10.3111,11.2714
"9370",107,2023-04-16,NA,10.3285,11.291
"9371",108,2023-04-17,NA,10.3477,11.3139
"9372",109,2023-04-18,NA,10.3679,11.3373
"9373",110,2023-04-19,NA,10.3882,11.3643
"9374",111,2023-04-20,NA,10.4078,11.3935
"9375",112,2023-04-21,NA,10.426,11.4255
"9376",113,2023-04-22,NA,10.4427,11.4589
"9377",114,2023-04-23,NA,10.4574,11.4956
"9378",115,2023-04-24,NA,10.4708,11.5356
"9379",116,2023-04-25,NA,10.4827,11.576
"9380",117,2023-04-26,NA,10.4939,11.6201
"9381",118,2023-04-27,NA,10.5046,11.6646
"9382",119,2023-04-28,NA,10.5149,11.7129
"9383",120,2023-04-29,NA,10.5248,11.7629
"9384",121,2023-04-30,NA,10.5346,11.81
"9385",122,2023-05-01,NA,10.5444,11.8551
"9386",123,2023-05-02,NA,10.5545,11.8975
"9387",124,2023-05-03,NA,10.5659,11.9399
"9388",125,2023-05-04,NA,10.5793,11.9839
"9389",126,2023-05-05,NA,10.5933,12.0276
"9390",127,2023-05-06,NA,10.6078,12.0702
"9391",128,2023-05-07,NA,10.6227,12.1111
"9392",129,2023-05-08,NA,10.6372,12.1495
"9393",130,2023-05-09,NA,10.6506,12.1849
"9394",131,2023-05-10,NA,10.6631,12.219
"9395",132,2023-05-11,NA,10.6754,12.2525
"9396",133,2023-05-12,NA,10.6884,12.2885
"9397",134,2023-05-13,NA,10.7018,12.329
"9398",135,2023-05-14,NA,10.7145,12.3712
"9399",136,2023-05-15,NA,10.726,12.4122
"9400",137,2023-05-16,NA,10.737,12.453
"9401",138,2023-05-17,NA,10.7482,12.4958
"9402",139,2023-05-18,12.63,10.7591,12.5407
"9403",140,2023-05-19,12.01,10.7704,12.5882
"9404",141,2023-05-20,11.24,10.7833,12.6387
"9405",142,2023-05-21,10.51,10.7988,12.6892
"9406",143,2023-05-22,10.07,10.8167,12.7384
"9407",144,2023-05-23,10.3,10.8368,12.7851
"9408",145,2023-05-24,10.2,10.8595,12.8304
"9409",146,2023-05-25,9.91,10.885,12.8718
"9410",147,2023-05-26,9.62,10.9131,12.9133
"9411",148,2023-05-27,9.83,10.9418,12.9516
"9412",149,2023-05-28,9.4,10.9701,12.9901
"9413",150,2023-05-29,9.28,10.9974,13.0248
"9414",151,2023-05-30,8.99,11.0233,13.0555
"9415",152,2023-05-31,8.74,11.047,13.0853
"9416",153,2023-06-01,8.72,11.067,13.1138
"9417",154,2023-06-02,8.9,11.0839,13.1419
"9418",155,2023-06-03,9,11.097,13.1705
"9419",156,2023-06-04,9.14,11.1061,13.1987
"9420",157,2023-06-05,9.13,11.1117,13.2266
"9421",158,2023-06-06,8.72,11.1136,13.2538
"9422",159,2023-06-07,8.86,11.1127,13.2802
"9423",160,2023-06-08,9.62,11.1102,13.3056
"9424",161,2023-06-09,10.38,11.1081,13.3331
"9425",162,2023-06-10,10.66,11.1065,13.3616
"9426",163,2023-06-11,10.33,11.1059,13.3895
"9427",164,2023-06-12,9.47,11.1054,13.4178
"9428",165,2023-06-13,9.25,11.1043,13.4407
"9429",166,2023-06-14,9.33,11.1026,13.4616
"9430",167,2023-06-15,9.51,11.0995,13.4802
"9431",168,2023-06-16,9.4,11.0939,13.4984
"9432",169,2023-06-17,9.79,11.0858,13.5135
"9433",170,2023-06-18,9.85,11.076,13.5263
"9434",171,2023-06-19,9.99,11.0635,13.5378
"9435",172,2023-06-20,11.21,11.046,13.5396
"9436",173,2023-06-21,12.27,11.0228,13.5298
"9437",174,2023-06-22,11.21,10.9936,13.5043
"9438",175,2023-06-23,9.64,10.9611,13.4781
"9439",176,2023-06-24,9.88,10.9254,13.4507
"9440",177,2023-06-25,9.48,10.8856,13.4231
"9441",178,2023-06-26,9.22,10.8429,13.414
"9442",179,2023-06-27,9.39,10.7991,13.4134
"9443",180,2023-06-28,9.91,10.7552,13.4025
"9444",181,2023-06-29,10.11,10.7105,13.3878
"9445",182,2023-06-30,9.86,10.6662,13.3735
"9446",183,2023-07-01,9,10.6236,13.3663
"9447",184,2023-07-02,9.15,10.5836,13.3631
"9448",185,2023-07-03,8.9,10.5456,13.3571
"9449",186,2023-07-04,8.54,10.5077,13.335
"9450",187,2023-07-05,8.8,10.4704,13.2992
"9451",188,2023-07-06,8.96,10.4355,13.2602
"9452",189,2023-07-07,9.32,10.4026,13.2127
"9453",190,2023-07-08,10.02,10.3696,13.1664
"9454",191,2023-07-09,10.89,10.3359,13.1183
"9455",192,2023-07-10,11.84,10.3,13.0609
"9456",193,2023-07-11,12.73,10.2615,12.984
"9457",194,2023-07-12,12.68,10.2197,12.8985
"9458",195,2023-07-13,12.18,10.1754,12.8093
"9459",196,2023-07-14,11.18,10.1302,12.7209
"9460",197,2023-07-15,9.32,10.0854,12.6326
"9461",198,2023-07-16,9.23,10.042,12.5452
"9462",199,2023-07-17,9.95,10.0004,12.4567
"9463",200,2023-07-18,9.83,9.9617,12.37
"9464",201,2023-07-19,9.25,9.9257,12.2816
"9465",202,2023-07-20,9.72,9.8933,12.1945
"9466",203,2023-07-21,10.2,9.8668,12.1186
"9467",204,2023-07-22,10.75,9.8465,12.0565
"9468",205,2023-07-23,10.76,9.8334,12.0225
"9469",206,2023-07-24,10.42,9.8252,11.9939
"9470",207,2023-07-25,11.97,9.8209,11.9747
"9471",208,2023-07-26,12.07,9.8204,11.9585
"9472",209,2023-07-27,10.96,9.8228,11.9284
"9473",210,2023-07-28,10.73,9.8265,11.8936
"9474",211,2023-07-29,10.36,9.8306,11.8635
"9475",212,2023-07-30,10.77,9.8364,11.8341
"9476",213,2023-07-31,10.83,9.8428,11.8047
"9477",214,2023-08-01,10.38,9.8505,11.7705
"9478",215,2023-08-02,9.66,9.8595,11.74
"9479",216,2023-08-03,11.05,9.8698,11.7185
"9480",217,2023-08-04,11.18,9.8837,11.7086
"9481",218,2023-08-05,11.37,9.9008,11.7205
"9482",219,2023-08-06,10.57,9.9215,11.7383
"9483",220,2023-08-07,10.83,9.9463,11.7741
"9484",221,2023-08-08,10.27,9.976,11.821
"9485",222,2023-08-09,10.66,10.0101,11.8744
"9486",223,2023-08-10,11.88,10.0494,11.9415
"9487",224,2023-08-11,11.93,10.0934,12.0277
"9488",225,2023-08-12,11.46,10.1417,12.1178
"9489",226,2023-08-13,10.43,10.1924,12.2086
"9490",227,2023-08-14,9.99,10.2448,12.2992
"9491",228,2023-08-15,9.92,10.2987,12.3911
"9492",229,2023-08-16,10.3,10.3539,12.4844
"9493",230,2023-08-17,10.62,10.4092,12.581
"9494",231,2023-08-18,10.96,10.4626,12.6733
"9495",232,2023-08-19,10.34,10.5141,12.7636
"9496",233,2023-08-20,9.61,10.563,12.8508
"9497",234,2023-08-21,9.85,10.6078,12.9313
"9498",235,2023-08-22,9.45,10.6486,13.0067
"9499",236,2023-08-23,10.19,10.6854,13.0688
"9500",237,2023-08-24,10.45,10.7191,13.1258
"9501",238,2023-08-25,10.55,10.7494,13.1709
"9502",239,2023-08-26,11.7,10.7763,13.2129
"9503",240,2023-08-27,12.07,10.8002,13.2522
"9504",241,2023-08-28,12.04,10.8222,13.2872
"9505",242,2023-08-29,12.06,10.844,13.3258
"9506",243,2023-08-30,12.93,10.866,13.3667
"9507",244,2023-08-31,13.57,10.8889,13.4105
"9508",245,2023-09-01,12.98,10.9122,13.4556
"9509",246,2023-09-02,12.05,10.936,13.4997
"9510",247,2023-09-03,12.46,10.96,13.5405
"9511",248,2023-09-04,12.8,10.9841,13.5856
"9512",249,2023-09-05,13.2,11.0079,13.6205
"9513",250,2023-09-06,12.37,11.0301,13.6507
"9514",251,2023-09-07,12.55,11.0498,13.6683
"9515",252,2023-09-08,12.4,11.0661,13.6727
"9516",253,2023-09-09,12.24,11.079,13.6738
"9517",254,2023-09-10,12.66,11.0884,13.6724
"9518",255,2023-09-11,12.85,11.0953,13.6711
"9519",256,2023-09-12,12.41,11.101,13.6722
"9520",257,2023-09-13,12.41,11.1063,13.6729
"9521",258,2023-09-14,11.81,11.1102,13.6724
"9522",259,2023-09-15,11.23,11.1122,13.6712
"9523",260,2023-09-16,10.62,11.113,13.6724
"9524",261,2023-09-17,10.87,11.1139,13.6728
"9525",262,2023-09-18,11.27,11.1162,13.6758
"9526",263,2023-09-19,10.73,11.1202,13.68
"9527",264,2023-09-20,10.71,11.1261,13.6828
"9528",265,2023-09-21,11.11,11.1347,13.6823
"9529",266,2023-09-22,11.11,11.1454,13.6812
"9530",267,2023-09-23,11.56,11.158,13.6781
"9531",268,2023-09-24,11.82,11.1717,13.6731
"9532",269,2023-09-25,11.46,11.1876,13.6699
"9533",270,2023-09-26,12.33,11.2065,13.6687
"9534",271,2023-09-27,12.91,11.2269,13.6649
"9535",272,2023-09-28,12.98,11.248,13.6589
"9536",273,2023-09-29,13.08,11.2688,13.6519
"9537",274,2023-09-30,12.86,11.2888,13.6449
"9538",275,2023-10-01,12.45,11.3079,13.6349
"9539",276,2023-10-02,12.06,11.3253,13.6226
"9540",277,2023-10-03,12.29,11.3414,13.6053
"9541",278,2023-10-04,12.36,11.3562,13.5843
"9542",279,2023-10-05,12.32,11.3699,13.5618
"9543",280,2023-10-06,12.16,11.3826,13.5395
"9544",281,2023-10-07,12.54,11.3937,13.519
"9545",282,2023-10-08,12.91,11.4049,13.5023
"9546",283,2023-10-09,12.87,11.4173,13.4882
"9547",284,2023-10-10,12.97,11.431,13.4733
"9548",285,2023-10-11,13.36,11.4458,13.4525
"9549",286,2023-10-12,13.56,11.4602,13.4299
"9550",287,2023-10-13,13.48,11.4743,13.4095
"9551",288,2023-10-14,13.56,11.4875,13.3892
"9552",289,2023-10-15,13.81,11.5007,13.3693
"9553",290,2023-10-16,13.93,11.5141,13.3479
"9554",291,2023-10-17,NA,11.5271,13.3218
"9555",292,2023-10-18,NA,11.5392,13.2926
"9556",293,2023-10-19,NA,11.5496,13.2597
"9557",294,2023-10-20,NA,11.5576,13.2241
"9558",295,2023-10-21,NA,11.564,13.1884
"9559",296,2023-10-22,NA,11.5691,13.156
"9560",297,2023-10-23,NA,11.5738,13.1249
"9561",298,2023-10-24,NA,11.5779,13.0959
"9562",299,2023-10-25,NA,11.5815,13.0693
"9563",300,2023-10-26,NA,11.5842,13.0426
"9564",301,2023-10-27,NA,11.5858,13.0155
"9565",302,2023-10-28,NA,11.5873,12.9897
"9566",303,2023-10-29,NA,11.5889,12.9682
"9567",304,2023-10-30,NA,11.5912,12.9492
"9568",305,2023-10-31,NA,11.594,12.934
"9569",306,2023-11-01,NA,11.5966,12.9185
"9570",307,2023-11-02,NA,11.5985,12.8996
"9571",308,2023-11-03,NA,11.5996,12.8798
"9572",309,2023-11-04,NA,11.5998,12.8584
"9573",310,2023-11-05,NA,11.599,12.8356
"9574",311,2023-11-06,NA,11.5978,12.8127
"9575",312,2023-11-07,NA,11.5959,12.7879
"9576",313,2023-11-08,NA,11.5925,12.7609
"9577",314,2023-11-09,NA,11.5871,12.7318
"9578",315,2023-11-10,NA,11.5797,12.7034
"9579",316,2023-11-11,NA,11.5702,12.6775
"9580",317,2023-11-12,NA,11.5592,12.6525
"9581",318,2023-11-13,NA,11.5467,12.6267
"9582",319,2023-11-14,NA,11.533,12.5974
"9583",320,2023-11-15,NA,11.5179,12.5654
"9584",321,2023-11-16,NA,11.5015,12.5325
"9585",322,2023-11-17,NA,11.4832,12.5007
"9586",323,2023-11-18,NA,11.4632,12.4704
"9587",324,2023-11-19,NA,11.442,12.4436
"9588",325,2023-11-20,NA,11.4196,12.4185
"9589",326,2023-11-21,NA,11.3959,12.3943
"9590",327,2023-11-22,NA,11.3708,12.3692
"9591",328,2023-11-23,NA,11.3437,12.342
"9592",329,2023-11-24,NA,11.3147,12.313
"9593",330,2023-11-25,NA,11.2842,12.2834
"9594",331,2023-11-26,NA,11.2522,12.253
"9595",332,2023-11-27,NA,11.2182,12.2205
"9596",333,2023-11-28,NA,11.1823,12.1866
"9597",334,2023-11-29,NA,11.1446,12.1496
"9598",335,2023-11-30,NA,11.1053,12.1111
"9599",336,2023-12-01,NA,11.0649,12.0705
"9600",337,2023-12-02,NA,11.0236,12.0305
"9601",338,2023-12-03,NA,10.9819,11.9922
"9602",339,2023-12-04,NA,10.9403,11.9533
"9603",340,2023-12-05,NA,10.8989,11.9177
"9604",341,2023-12-06,NA,10.8577,11.8842
"9605",342,2023-12-07,NA,10.817,11.8526
"9606",343,2023-12-08,NA,10.7774,11.824
"9607",344,2023-12-09,NA,10.7392,11.7977
"9608",345,2023-12-10,NA,10.7025,11.7739
"9609",346,2023-12-11,NA,10.6674,11.7511
"9610",347,2023-12-12,NA,10.6335,11.7296
"9611",348,2023-12-13,NA,10.601,11.7085
"9612",349,2023-12-14,11.44,10.5699,11.6877
"9613",350,2023-12-15,11.48,10.5403,11.671
"9614",351,2023-12-16,11.53,10.5123,11.6578
"9615",352,2023-12-17,11.57,10.4858,11.6463
"9616",353,2023-12-18,11.3,10.4607,11.6355
"9617",354,2023-12-19,11.32,10.437,11.6249
"9618",355,2023-12-20,11.54,10.4142,11.6146
"9619",356,2023-12-21,11.78,10.3925,11.6047
"9620",357,2023-12-22,11.65,10.3716,11.5947
"9621",358,2023-12-23,11.58,10.3516,11.5836
"9622",359,2023-12-24,11.58,10.333,11.5735
"9623",360,2023-12-25,11.54,10.3153,11.5574
"9624",361,2023-12-26,11.57,10.2978,11.5405
"9625",362,2023-12-27,11.78,10.2806,11.5227
"9626",363,2023-12-28,11.8,10.2639,11.5042
"9627",364,2023-12-29,11.83,10.2479,11.4846
"9628",365,2023-12-30,11.91,10.2326,11.4656
"9629",366,2023-12-31,11.86,10.2178,11.447
"9630",1,2024-01-01,11.73,10.2036,11.4263
"9631",2,2024-01-02,11.62,10.1901,11.4062
"9632",3,2024-01-03,11.42,10.1775,11.3869
"9633",4,2024-01-04,11.68,10.1652,11.3691
"9634",5,2024-01-05,11.7,10.1538,11.3525
"9635",6,2024-01-06,11.66,10.1433,11.337
"9636",7,2024-01-07,11.44,10.1338,11.3233
"9637",8,2024-01-08,11.75,10.125,11.3114
"9638",9,2024-01-09,11.51,10.1165,11.3009
"9639",10,2024-01-10,11.17,10.1083,11.2911
"9640",11,2024-01-11,10.99,10.1003,11.2821
"9641",12,2024-01-12,10.96,10.0931,11.2742
"9642",13,2024-01-13,11.29,10.0866,11.2682
"9643",14,2024-01-14,10.73,10.0805,11.2646
"9644",15,2024-01-15,10.05,10.0747,11.2603
"9645",16,2024-01-16,9.45,10.069,11.2553
"9646",17,2024-01-17,9.57,10.0636,11.2493
"9647",18,2024-01-18,10.03,10.0587,11.2431
"9648",19,2024-01-19,10.64,10.0542,11.2344
"9649",20,2024-01-20,10.59,10.05,11.2223
"9650",21,2024-01-21,10.73,10.0465,11.2106
"9651",22,2024-01-22,11.14,10.0434,11.1993
"9652",23,2024-01-23,11.3,10.0405,11.1898
"9653",24,2024-01-24,11.41,10.0378,11.1808
"9654",25,2024-01-25,11.6,10.0354,11.1784
"9655",26,2024-01-26,11.62,10.0335,11.1765
"9656",27,2024-01-27,11.71,10.0324,11.1762
"9657",28,2024-01-28,11.86,10.0318,11.1764
"9658",29,2024-01-29,11.96,10.031,11.1771
"9659",30,2024-01-30,12,10.0301,11.1782
"9660",31,2024-01-31,12.01,10.0292,11.1797
"9661",32,2024-02-01,11.96,10.0282,11.1816
"9662",33,2024-02-02,11.9,10.027,11.1827
"9663",34,2024-02-03,11.73,10.0256,11.1833
"9664",35,2024-02-04,11.6,10.0237,11.1838
"9665",36,2024-02-05,11.61,10.0213,11.1832
"9666",37,2024-02-06,11.48,10.0181,11.1822
"9667",38,2024-02-07,11.58,10.014,11.1787
"9668",39,2024-02-08,11.56,10.0092,11.173
"9669",40,2024-02-09,11.54,10.0042,11.1668
"9670",41,2024-02-10,11.44,9.999,11.1611
"9671",42,2024-02-11,11.45,9.9935,11.1543
"9672",43,2024-02-12,11.39,9.9878,11.1466
"9673",44,2024-02-13,11.26,9.9818,11.1374
"9674",45,2024-02-14,11.13,9.9756,11.1264
"9675",46,2024-02-15,11.09,9.9693,11.1156
"9676",47,2024-02-16,10.94,9.963,11.1047
"9677",48,2024-02-17,11.06,9.9568,11.0949
"9678",49,2024-02-18,11.07,9.9509,11.087
"9679",50,2024-02-19,11.02,9.9455,11.0823
"9680",51,2024-02-20,11.16,9.9405,11.0812
"9681",52,2024-02-21,11.26,9.936,11.0801
"9682",53,2024-02-22,11.36,9.9322,11.0792
"9683",54,2024-02-23,11.47,9.9291,11.0784
"9684",55,2024-02-24,11.59,9.9268,11.0777
"9685",56,2024-02-25,11.6,9.9251,11.0789
"9686",57,2024-02-26,11.24,9.9244,11.0825
"9687",58,2024-02-27,10.99,9.9245,11.086
"9688",59,2024-02-28,11.05,9.9257,11.091
"9689",60,2024-02-29,11.01,9.9281,11.0962
"9690",61,2024-03-01,10.84,9.9316,11.1015
"9691",62,2024-03-02,10.85,9.9358,11.1067
"9692",63,2024-03-03,10.52,9.9407,11.1125
"9693",64,2024-03-04,10.22,9.9461,11.1191
"9694",65,2024-03-05,10.16,9.9522,11.1267
"9695",66,2024-03-06,10.47,9.9588,11.1325
"9696",67,2024-03-07,10.62,9.9658,11.1358
"9697",68,2024-03-08,10.73,9.9736,11.1392
"9698",69,2024-03-09,10.57,9.9818,11.1425
"9699",70,2024-03-10,10.69,9.99,11.1462
"9700",71,2024-03-11,10.86,9.9981,11.1495
"9701",72,2024-03-12,10.83,10.006,11.1518
"9702",73,2024-03-13,11.12,10.0136,11.1536
"9703",74,2024-03-14,11.21,10.0207,11.1551
"9704",75,2024-03-15,11.15,10.0274,11.1565
"9705",76,2024-03-16,11.25,10.0336,11.1558
"9706",77,2024-03-17,11.53,10.0396,11.1545
"9707",78,2024-03-18,11.35,10.046,11.1532
"9708",79,2024-03-19,11.32,10.0524,11.1504
"9709",80,2024-03-20,11.24,10.0592,11.1473
"9710",81,2024-03-21,11.3,10.0665,11.1435
"9711",82,2024-03-22,11.5,10.0743,11.1404
"9712",83,2024-03-23,11.57,10.0826,11.1375
"9713",84,2024-03-24,11.53,10.0918,11.1357
"9714",85,2024-03-25,11.55,10.1019,11.1342
"9715",86,2024-03-26,11.66,10.1126,11.1325
"9716",87,2024-03-27,11.69,10.1239,11.1301
"9717",88,2024-03-28,11.64,10.1357,11.1271
"9718",89,2024-03-29,11.68,10.1474,11.126
"9719",90,2024-03-30,11.59,10.1592,11.1281
"9720",91,2024-03-31,11.56,10.1711,11.1322
"9721",92,2024-04-01,11.19,10.1827,11.1385
"9722",93,2024-04-02,11.38,10.1937,11.1444
"9723",94,2024-04-03,11.45,10.2033,11.1485
"9724",95,2024-04-04,11.39,10.2114,11.1519
"9725",96,2024-04-05,10.99,10.2185,11.1542
"9726",97,2024-04-06,11.1,10.2254,11.1585
"9727",98,2024-04-07,11.08,10.2326,11.1668
"9728",99,2024-04-08,11.2,10.2401,11.1761
"9729",100,2024-04-09,11.23,10.2481,11.1867
"9730",101,2024-04-10,11.33,10.2563,11.1987
"9731",102,2024-04-11,11.2,10.2645,11.2113
"9732",103,2024-04-12,11.53,10.2733,11.2247
"9733",104,2024-04-13,10.88,10.2836,11.2391
"9734",105,2024-04-14,10.79,10.2961,11.2549
"9735",106,2024-04-15,10.24,10.3111,11.2714
"9736",107,2024-04-16,10,10.3285,11.291
"9737",108,2024-04-17,9.64,10.3477,11.3139
"9738",109,2024-04-18,9.44,10.3679,11.3373
"9739",110,2024-04-19,9.42,10.3882,11.3643
"9740",111,2024-04-20,9.68,10.4078,11.3935
"9741",112,2024-04-21,9.93,10.426,11.4255
"9742",113,2024-04-22,9.71,10.4427,11.4589
"9743",114,2024-04-23,9.53,10.4574,11.4956
"9744",115,2024-04-24,9.47,10.4708,11.5356
"9745",116,2024-04-25,9.2,10.4827,11.576
"9746",117,2024-04-26,10.49,10.4939,11.6201
"9747",118,2024-04-27,10.73,10.5046,11.6646
"9748",119,2024-04-28,11.02,10.5149,11.7129
"9749",120,2024-04-29,11.15,10.5248,11.7629
"9750",121,2024-04-30,11.31,10.5346,11.81
"9751",122,2024-05-01,11.29,10.5444,11.8551
"9752",123,2024-05-02,11.39,10.5545,11.8975
"9753",124,2024-05-03,11.6,10.5659,11.9399
"9754",125,2024-05-04,11.74,10.5793,11.9839
"9755",126,2024-05-05,11.54,10.5933,12.0276
"9756",127,2024-05-06,11.6,10.6078,12.0702
"9757",128,2024-05-07,11.81,10.6227,12.1111
"9758",129,2024-05-08,11.76,10.6372,12.1495
"9759",130,2024-05-09,11.43,10.6506,12.1849
"9760",131,2024-05-10,10.12,10.6631,12.219
"9761",132,2024-05-11,9.87,10.6754,12.2525
"9762",133,2024-05-12,9.78,10.6884,12.2885
"9763",134,2024-05-13,9.65,10.7018,12.329
"9764",135,2024-05-14,9.24,10.7145,12.3712
"9765",136,2024-05-15,8.93,10.726,12.4122
"9766",137,2024-05-16,8.18,10.737,12.453
"9767",138,2024-05-17,8.21,10.7482,12.4958
"9768",139,2024-05-18,8.49,10.7591,12.5407
"9769",140,2024-05-19,8.73,10.7704,12.5882
"9770",141,2024-05-20,8.97,10.7833,12.6387
"9771",142,2024-05-21,8.94,10.7988,12.6892
"9772",143,2024-05-22,10.03,10.8167,12.7384
"9773",144,2024-05-23,10.38,10.8368,12.7851
"9774",145,2024-05-24,14.16,10.8595,12.8304
"9775",146,2024-05-25,9.78,10.885,12.8718
"9776",147,2024-05-26,9.75,10.9131,12.9133
"9777",148,2024-05-27,11.69,10.9418,12.9516
"9778",149,2024-05-28,10.63,10.9701,12.9901
"9779",150,2024-05-29,10.58,10.9974,13.0248
"9780",151,2024-05-30,11.18,11.0233,13.0555
"9781",152,2024-05-31,10.06,11.047,13.0853
"9782",153,2024-06-01,9.12,11.067,13.1138
"9783",154,2024-06-02,9.31,11.0839,13.1419
"9784",155,2024-06-03,10.25,11.097,13.1705
"9785",156,2024-06-04,10.91,11.1061,13.1987
"9786",157,2024-06-05,11.45,11.1117,13.2266
"9787",158,2024-06-06,11.38,11.1136,13.2538
"9788",159,2024-06-07,10.8,11.1127,13.2802
"9789",160,2024-06-08,10.32,11.1102,13.3056
"9790",161,2024-06-09,10.22,11.1081,13.3331
"9791",162,2024-06-10,9.75,11.1065,13.3616
"9792",163,2024-06-11,9.57,11.1059,13.3895
"9793",164,2024-06-12,9.26,11.1054,13.4178
"9794",165,2024-06-13,8.54,11.1043,13.4407
"9795",166,2024-06-14,7.9,11.1026,13.4616
"9796",167,2024-06-15,8.69,11.0995,13.4802
"9797",168,2024-06-16,9.97,11.0939,13.4984
"9798",169,2024-06-17,10.12,11.0858,13.5135
"9799",170,2024-06-18,10.56,11.076,13.5263
"9800",171,2024-06-19,9.31,11.0635,13.5378
"9801",172,2024-06-20,9.04,11.046,13.5396
"9802",173,2024-06-21,8.26,11.0228,13.5298
"9803",174,2024-06-22,8.64,10.9936,13.5043
"9804",175,2024-06-23,9.22,10.9611,13.4781
"9805",176,2024-06-24,8.97,10.9254,13.4507
"9806",177,2024-06-25,9.7,10.8856,13.4231
"9807",178,2024-06-26,9.97,10.8429,13.414
"9808",179,2024-06-27,11.23,10.7991,13.4134
"9809",180,2024-06-28,11.42,10.7552,13.4025
"9810",181,2024-06-29,10.93,10.7105,13.3878
"9811",182,2024-06-30,11.64,10.6662,13.3735
"9812",183,2024-07-01,11.45,10.6236,13.3663
"9813",184,2024-07-02,10.34,10.5836,13.3631
"9814",185,2024-07-03,8.71,10.5456,13.3571
"9815",186,2024-07-04,8.26,10.5077,13.335
"9816",187,2024-07-05,7.66,10.4704,13.2992
"9817",188,2024-07-06,7.76,10.4355,13.2602
"9818",189,2024-07-07,7.97,10.4026,13.2127
"9819",190,2024-07-08,8.28,10.3696,13.1664
"9820",191,2024-07-09,9.32,10.3359,13.1183
"9821",192,2024-07-10,8.62,10.3,13.0609
"9822",193,2024-07-11,8.84,10.2615,12.984
"9823",194,2024-07-12,8.1,10.2197,12.8985
"9824",195,2024-07-13,8.18,10.1754,12.8093
"9825",196,2024-07-14,7.82,10.1302,12.7209
"9826",197,2024-07-15,7.83,10.0854,12.6326
"9827",198,2024-07-16,7.88,10.042,12.5452
"9828",199,2024-07-17,8.6,10.0004,12.4567
"9829",200,2024-07-18,9.59,9.9617,12.37
"9830",201,2024-07-19,10.15,9.9257,12.2816
"9831",202,2024-07-20,9.65,9.8933,12.1945
"9832",203,2024-07-21,9.87,9.8668,12.1186
"9833",204,2024-07-22,9.54,9.8465,12.0565
"9834",205,2024-07-23,9.24,9.8334,12.0225
"9835",206,2024-07-24,9.2,9.8252,11.9939
"9836",207,2024-07-25,9.4,9.8209,11.9747
"9837",208,2024-07-26,8.93,9.8204,11.9585
"9838",209,2024-07-27,8.26,9.8228,11.9284
"9839",210,2024-07-28,8.75,9.8265,11.8936
"9840",211,2024-07-29,10.2,9.8306,11.8635
"9841",212,2024-07-30,10.34,9.8364,11.8341
"9842",213,2024-07-31,12.1,9.8428,11.8047
"9843",214,2024-08-01,10.68,9.8505,11.7705
"9844",215,2024-08-02,12.8,9.8595,11.74
"9845",216,2024-08-03,11.79,9.8698,11.7185
"9846",217,2024-08-04,10.23,9.8837,11.7086
"9847",218,2024-08-05,9.37,9.9008,11.7205
"9848",219,2024-08-06,9.2,9.9215,11.7383
"9849",220,2024-08-07,9.06,9.9463,11.7741
"9850",221,2024-08-08,8.59,9.976,11.821
"9851",222,2024-08-09,8.48,10.0101,11.8744
"9852",223,2024-08-10,8.87,10.0494,11.9415
"9853",224,2024-08-11,8.85,10.0934,12.0277
"9854",225,2024-08-12,8.66,10.1417,12.1178
"9855",226,2024-08-13,9.29,10.1924,12.2086
"9856",227,2024-08-14,9.65,10.2448,12.2992
"9857",228,2024-08-15,9.55,10.2987,12.3911
"9858",229,2024-08-16,10.13,10.3539,12.4844
"9859",230,2024-08-17,10.21,10.4092,12.581
"9860",231,2024-08-18,11.38,10.4626,12.6733
"9861",232,2024-08-19,11.88,10.5141,12.7636
"9862",233,2024-08-20,13.16,10.563,12.8508
"9863",234,2024-08-21,13.89,10.6078,12.9313
"9864",235,2024-08-22,14.24,10.6486,13.0067
"9865",236,2024-08-23,14.23,10.6854,13.0688
"9866",237,2024-08-24,14.92,10.7191,13.1258
"9867",238,2024-08-25,14.86,10.7494,13.1709
"9868",239,2024-08-26,14.3,10.7763,13.2129
"9869",240,2024-08-27,15.02,10.8002,13.2522
"9870",241,2024-08-28,12.82,10.8222,13.2872
"9871",242,2024-08-29,11.45,10.844,13.3258
"9872",243,2024-08-30,10.7,10.866,13.3667
"9873",244,2024-08-31,11.74,10.8889,13.4105
"9874",245,2024-09-01,13.5,10.9122,13.4556
"9875",246,2024-09-02,14.05,10.936,13.4997
"9876",247,2024-09-03,14.08,10.96,13.5405
"9877",248,2024-09-04,13.6,10.9841,13.5856
"9878",249,2024-09-05,13.07,11.0079,13.6205
"9879",250,2024-09-06,13.8,11.0301,13.6507
"9880",251,2024-09-07,13.66,11.0498,13.6683
"9881",252,2024-09-08,13.27,11.0661,13.6727
"9882",253,2024-09-09,13.01,11.079,13.6738
"9883",254,2024-09-10,11.53,11.0884,13.6724
"9884",255,2024-09-11,11.47,11.0953,13.6711
"9885",256,2024-09-12,13.65,11.101,13.6722
"9886",257,2024-09-13,13.21,11.1063,13.6729
"9887",258,2024-09-14,12.75,11.1102,13.6724
"9888",259,2024-09-15,13.41,11.1122,13.6712
"9889",260,2024-09-16,12.33,11.113,13.6724
