"","doy","t","temp","seas","thresh"
"1",348,2005-12-13,9.905,10.8398,12.8027
"2",349,2005-12-14,9.577419355,10.8069,12.7763
"3",350,2005-12-15,9.746060606,10.7744,12.7473
"4",351,2005-12-16,9.61969697,10.7426,12.7176
"5",352,2005-12-17,9.828055556,10.7123,12.6861
"6",353,2005-12-18,10.17970588,10.6837,12.6543
"7",354,2005-12-19,10.73121212,10.6568,12.6214
"8",355,2005-12-20,11.04,10.6314,12.587
"9",356,2005-12-21,12.07814815,10.6069,12.5524
"10",357,2005-12-22,12.3,10.5832,12.5135
"11",358,2005-12-23,12.39666667,10.5606,12.4771
"12",359,2005-12-24,12.29578947,10.5394,12.4452
"13",360,2005-12-25,12.74761905,10.5195,12.414
"14",361,2005-12-26,12.74,10.5008,12.3879
"15",362,2005-12-27,12.69,10.4835,12.363
"16",363,2005-12-28,12.88,10.467,12.3379
"17",364,2005-12-29,12.465,10.4511,12.3117
"18",365,2005-12-30,12.56176471,10.4358,12.2853
"19",366,2005-12-31,12.38942857,10.4213,12.2607
"20",1,2006-01-01,12.35777778,10.4074,12.238
"21",2,2006-01-02,12.40684211,10.394,12.2201
"22",3,2006-01-03,12.155,10.3814,12.2036
"23",4,2006-01-04,12.2472973,10.3694,12.1877
"24",5,2006-01-05,12.3359375,10.3582,12.1721
"25",6,2006-01-06,12.19272727,10.3483,12.1606
"26",7,2006-01-07,12.17272727,10.3391,12.1482
"27",8,2006-01-08,11.96333333,10.3304,12.1288
"28",9,2006-01-09,11.90333333,10.3219,12.1092
"29",10,2006-01-10,12.02964286,10.3133,12.0889
"30",11,2006-01-11,12.02322581,10.3048,12.0726
"31",12,2006-01-12,11.8690625,10.2971,12.0592
"32",13,2006-01-13,11.95909091,10.2902,12.0472
"33",14,2006-01-14,11.95617647,10.2844,12.0358
"34",15,2006-01-15,11.41545455,10.2796,12.0249
"35",16,2006-01-16,11.23794118,10.2753,12.0132
"36",17,2006-01-17,11.55088235,10.2711,12.0013
"37",18,2006-01-18,11.37483871,10.2674,11.9812
"38",19,2006-01-19,11.52285714,10.2644,11.9622
"39",20,2006-01-20,11.19882353,10.2621,11.9461
"40",21,2006-01-21,11.19,10.2605,11.9298
"41",22,2006-01-22,10.90666667,10.2596,11.9187
"42",23,2006-01-23,10.79181818,10.2588,11.9091
"43",24,2006-01-24,10.80541667,10.2588,11.9028
"44",25,2006-01-25,10.6784,10.2589,11.8977
"45",26,2006-01-26,10.57625,10.2597,11.894
"46",27,2006-01-27,10.76636364,10.2613,11.8934
"47",28,2006-01-28,10.852,10.2633,11.8943
"48",29,2006-01-29,10.95555556,10.2649,11.8963
"49",30,2006-01-30,11.01611111,10.2656,11.8988
"50",31,2006-01-31,10.74,10.2657,11.902
"51",32,2006-02-01,10.96,10.2654,11.9055
"52",33,2006-02-02,11.10857143,10.2651,11.9088
"53",34,2006-02-03,11.03333333,10.2645,11.9085
"54",35,2006-02-04,10.95619048,10.2633,11.9083
"55",36,2006-02-05,10.82130435,10.2615,11.9079
"56",37,2006-02-06,10.7626087,10.2584,11.901
"57",38,2006-02-07,10.74869565,10.2539,11.8898
"58",39,2006-02-08,11.03769231,10.2491,11.8774
"59",40,2006-02-09,10.799,10.2445,11.8642
"60",41,2006-02-10,10.71586207,10.2404,11.85
"61",42,2006-02-11,11.05,10.2369,11.8352
"62",43,2006-02-12,11.41225806,10.2336,11.8211
"63",44,2006-02-13,11.13866667,10.2304,11.808
"64",45,2006-02-14,10.98806452,10.2273,11.7949
"65",46,2006-02-15,10.43166667,10.2241,11.7822
"66",47,2006-02-16,10.07214286,10.221,11.7719
"67",48,2006-02-17,9.794230769,10.218,11.7636
"68",49,2006-02-18,9.79,10.2153,11.7643
"69",50,2006-02-19,9.547368421,10.2121,11.765
"70",51,2006-02-20,9.3815,10.2083,11.7642
"71",52,2006-02-21,9.343636364,10.2045,11.7644
"72",53,2006-02-22,9.17,10.2006,11.7639
"73",54,2006-02-23,9.302173913,10.1972,11.7624
"74",55,2006-02-24,9.362333333,10.1943,11.7588
"75",56,2006-02-25,9.300606061,10.1917,11.7558
"76",57,2006-02-26,9.31375,10.1896,11.7519
"77",58,2006-02-27,9.904411765,10.1877,11.7456
"78",59,2006-02-28,9.927142857,10.1859,11.7387
"79",61,2006-03-01,9.865882353,10.1857,11.7295
"80",62,2006-03-02,9.853030303,10.1875,11.7269
"81",63,2006-03-03,9.847096774,10.1896,11.7257
"82",64,2006-03-04,9.631538462,10.1922,11.7254
"83",65,2006-03-05,9.6625,10.1953,11.7292
"84",66,2006-03-06,9.64,10.1993,11.7363
"85",67,2006-03-07,9.584,10.2041,11.7449
"86",68,2006-03-08,9.79,10.21,11.7542
"87",69,2006-03-09,9.675625,10.2172,11.7664
"88",70,2006-03-10,9.41,10.2253,11.7773
"89",71,2006-03-11,9.2472,10.2334,11.7883
"90",72,2006-03-12,9.1096,10.2411,11.7979
"91",73,2006-03-13,9.057777778,10.2486,11.8061
"92",74,2006-03-14,9.625925926,10.2565,11.8132
"93",75,2006-03-15,9.781111111,10.264,11.818
"94",76,2006-03-16,9.686153846,10.2704,11.8207
"95",77,2006-03-17,9.831666667,10.2758,11.8171
"96",78,2006-03-18,9.818333333,10.2806,11.8116
"97",79,2006-03-19,9.81,10.2845,11.8039
"98",80,2006-03-20,9.959411765,10.2879,11.7935
"99",81,2006-03-21,10.11,10.2914,11.7814
"100",82,2006-03-22,10.11,10.2956,11.7694
"101",83,2006-03-23,10.26,10.2999,11.7615
"102",84,2006-03-24,10.42,10.3046,11.7553
"103",85,2006-03-25,10.38111111,10.3085,11.749
"104",86,2006-03-26,10.14733333,10.3115,11.7437
"105",87,2006-03-27,10.20866667,10.3136,11.7386
"106",88,2006-03-28,10.29322581,10.3154,11.7382
"107",89,2006-03-29,10.51677419,10.3172,11.738
"108",90,2006-03-30,10.402,10.3204,11.7418
"109",91,2006-03-31,10.37517241,10.3232,11.7439
"110",92,2006-04-01,10.60185185,10.3259,11.7449
"111",93,2006-04-02,10.47625,10.3277,11.7457
"112",94,2006-04-03,10.57,10.3297,11.7482
"113",95,2006-04-04,10.42,10.331,11.7525
"114",96,2006-04-05,10.31714286,10.3327,11.7596
"115",97,2006-04-06,9.95,10.3356,11.7629
"116",98,2006-04-07,10.42,10.3398,11.7646
"117",99,2006-04-08,10.725,10.3444,11.7646
"118",100,2006-04-09,11.14666667,10.3486,11.7648
"119",101,2006-04-10,11.12684211,10.3511,11.7676
"120",102,2006-04-11,11.16857143,10.3541,11.7711
"121",103,2006-04-12,11.48,10.3569,11.7768
"122",104,2006-04-13,11.90142857,10.3598,11.7842
"123",105,2006-04-14,11.54619048,10.3622,11.7886
"124",106,2006-04-15,10.95533333,10.3656,11.7942
"125",107,2006-04-16,10.88,10.3689,11.7979
"126",108,2006-04-17,10.942,10.3716,11.8068
"127",109,2006-04-18,10.966,10.3736,11.8121
"128",110,2006-04-19,10.58777778,10.3758,11.8252
"129",111,2006-04-20,10.88,10.3782,11.8406
"130",112,2006-04-21,11.29714286,10.3799,11.8576
"131",113,2006-04-22,10.857,10.3802,11.8781
"132",114,2006-04-23,11.38043478,10.3805,11.8909
"133",115,2006-04-24,11.21461538,10.3806,11.9021
"134",116,2006-04-25,11.36071429,10.3807,11.9127
"135",117,2006-04-26,10.67423077,10.3819,11.9264
"136",118,2006-04-27,10.45964286,10.3849,11.9407
"137",119,2006-04-28,10.60444444,10.3911,11.9512
"138",120,2006-04-29,10.6692,10.3996,11.9619
"139",121,2006-04-30,10.064,10.408,11.9752
"140",122,2006-05-01,9.338,10.4169,11.9885
"141",123,2006-05-02,8.81,10.4282,12.0146
"142",124,2006-05-03,8.147692308,10.4425,12.0472
"143",125,2006-05-04,9.02,10.4587,12.0577
"144",126,2006-05-05,NA,10.4776,12.0654
"145",127,2006-05-06,NA,10.4989,12.0697
"146",128,2006-05-07,9.93,10.5202,12.0749
"147",129,2006-05-08,9.3275,10.5417,12.0866
"148",130,2006-05-09,8.970769231,10.5638,12.1004
"149",131,2006-05-10,10.125625,10.5884,12.1182
"150",132,2006-05-11,9.01875,10.6183,12.1402
"151",133,2006-05-12,8.708666667,10.6515,12.164
"152",134,2006-05-13,8.924,10.6872,12.1865
"153",135,2006-05-14,9.6625,10.7264,12.2111
"154",136,2006-05-15,10.530625,10.7688,12.2407
"155",137,2006-05-16,10.620625,10.8145,12.2743
"156",138,2006-05-17,10.46214286,10.865,12.314
"157",139,2006-05-18,11.08058824,10.9203,12.3592
"158",140,2006-05-19,11.33722222,10.9794,12.4119
"159",141,2006-05-20,11.46444444,11.0411,12.467
"160",142,2006-05-21,10.92571429,11.1021,12.522
"161",143,2006-05-22,11.44294118,11.1624,12.5771
"162",144,2006-05-23,11.66,11.2227,12.6286
"163",145,2006-05-24,11.77263158,11.2811,12.6854
"164",146,2006-05-25,11.90894737,11.3352,12.7404
"165",147,2006-05-26,11.54571429,11.3864,12.7955
"166",148,2006-05-27,12.27869565,11.4329,12.8432
"167",149,2006-05-28,12.46695652,11.4739,12.8892
"168",150,2006-05-29,12.32684211,11.5088,12.9384
"169",151,2006-05-30,12.5,11.5391,12.9901
"170",152,2006-05-31,12.48076923,11.5657,13.0321
"171",153,2006-06-01,12.57538462,11.5916,13.0759
"172",154,2006-06-02,12.53666667,11.6157,13.1072
"173",155,2006-06-03,14.136,11.6377,13.1322
"174",156,2006-06-04,14.34,11.6607,13.1764
"175",157,2006-06-05,13.81666667,11.6857,13.223
"176",158,2006-06-06,13.594,11.7129,13.2697
"177",159,2006-06-07,13.12882353,11.7441,13.3188
"178",160,2006-06-08,12.64944444,11.7791,13.3623
"179",161,2006-06-09,12.59894737,11.8182,13.4104
"180",162,2006-06-10,11.86444444,11.8595,13.4573
"181",163,2006-06-11,12.82222222,11.901,13.5019
"182",164,2006-06-12,12.57333333,11.9431,13.5467
"183",165,2006-06-13,12.17954545,11.9852,13.595
"184",166,2006-06-14,11.89391304,12.027,13.6432
"185",167,2006-06-15,12.1773913,12.0675,13.69
"186",168,2006-06-16,11.88607143,12.1065,13.735
"187",169,2006-06-17,11.39296296,12.1423,13.7794
"188",170,2006-06-18,12.24631579,12.1751,13.8199
"189",171,2006-06-19,10.78722222,12.2062,13.8585
"190",172,2006-06-20,11.33894737,12.2365,13.8935
"191",173,2006-06-21,10.4,12.2687,13.932
"192",174,2006-06-22,12.95142857,12.3019,13.9726
"193",175,2006-06-23,10.57333333,12.3371,14.0137
"194",176,2006-06-24,12.17444444,12.376,14.0539
"195",177,2006-06-25,13.92181818,12.4194,14.0961
"196",178,2006-06-26,12.96956522,12.4678,14.1384
"197",179,2006-06-27,12.91086957,12.5216,14.1837
"198",180,2006-06-28,12.698,12.5814,14.2291
"199",181,2006-06-29,12.48105263,12.6464,14.2705
"200",182,2006-06-30,12.44136364,12.7145,14.3085
"201",183,2006-07-01,13.313125,12.7855,14.3495
"202",184,2006-07-02,12.41833333,12.8581,14.3946
"203",185,2006-07-03,12.655,12.9327,14.442
"204",186,2006-07-04,13.47933333,13.0082,14.4908
"205",187,2006-07-05,12.39833333,13.0819,14.5395
"206",188,2006-07-06,13.63421053,13.1544,14.5859
"207",189,2006-07-07,12.43190476,13.224,14.6378
"208",190,2006-07-08,13.09285714,13.288,14.6871
"209",191,2006-07-09,12.67,13.3457,14.7341
"210",192,2006-07-10,13.21047619,13.3975,14.7727
"211",193,2006-07-11,13.23592593,13.4455,14.8099
"212",194,2006-07-12,13.47607143,13.4903,14.8448
"213",195,2006-07-13,13.44310345,13.5313,14.8755
"214",196,2006-07-14,12.81071429,13.5701,14.898
"215",197,2006-07-15,12.1475,13.6058,14.9164
"216",198,2006-07-16,12.0537931,13.6407,14.9371
"217",199,2006-07-17,12.68526316,13.6737,14.9536
"218",200,2006-07-18,13.09238095,13.7065,14.9685
"219",201,2006-07-19,15.65363636,13.7402,14.9899
"220",202,2006-07-20,14.43681818,13.7742,15.0125
"221",203,2006-07-21,12.75227273,13.8068,15.0319
"222",204,2006-07-22,13.41952381,13.8369,15.0469
"223",205,2006-07-23,15.81043478,13.8653,15.0536
"224",206,2006-07-24,14.06083333,13.8922,15.0571
"225",207,2006-07-25,13.5516,13.9176,15.0625
"226",208,2006-07-26,13.63807692,13.9426,15.0726
"227",209,2006-07-27,13.2868,13.9651,15.0811
"228",210,2006-07-28,13.08125,13.9846,15.0861
"229",211,2006-07-29,13.5575,14.0001,15.0862
"230",212,2006-07-30,14.01636364,14.0108,15.0855
"231",213,2006-07-31,13.56266667,14.0192,15.0859
"232",214,2006-08-01,15.795625,14.0271,15.086
"233",215,2006-08-02,14.23823529,14.0343,15.0826
"234",216,2006-08-03,14.19578947,14.039,15.0763
"235",217,2006-08-04,13.624,14.0424,15.0714
"236",218,2006-08-05,13.345,14.0452,15.0665
"237",219,2006-08-06,14.11727273,14.0459,15.0658
"238",220,2006-08-07,13.28384615,14.0449,15.0604
"239",221,2006-08-08,13.27428571,14.0456,15.0561
"240",222,2006-08-09,14.211,14.0496,15.0577
"241",223,2006-08-10,13.78064516,14.058,15.0648
"242",224,2006-08-11,13.43,14.067,15.0762
"243",225,2006-08-12,13.84580645,14.0755,15.0926
"244",226,2006-08-13,13.81588235,14.0838,15.1128
"245",227,2006-08-14,13.80866667,14.0919,15.1408
"246",228,2006-08-15,13.9252381,14.0976,15.1714
"247",229,2006-08-16,14.36809524,14.0993,15.1974
"248",230,2006-08-17,13.77857143,14.0958,15.225
"249",231,2006-08-18,13.4595,14.088,15.245
"250",232,2006-08-19,12.86631579,14.0752,15.2508
"251",233,2006-08-20,12.75583333,14.0574,15.2532
"252",234,2006-08-21,12.81333333,14.0357,15.2518
"253",235,2006-08-22,12.98296296,14.0124,15.2498
"254",236,2006-08-23,13.36074074,13.9883,15.2446
"255",237,2006-08-24,13.3562963,13.9627,15.2352
"256",238,2006-08-25,13.11115385,13.9359,15.2232
"257",239,2006-08-26,13.1348,13.9088,15.2062
"258",240,2006-08-27,13.68230769,13.8825,15.1907
"259",241,2006-08-28,13.44565217,13.8586,15.1782
"260",242,2006-08-29,14.71117647,13.8372,15.171
"261",243,2006-08-30,14.18294118,13.8176,15.1642
"262",244,2006-08-31,11.95947368,13.7977,15.1562
"263",245,2006-09-01,14.23947368,13.7761,15.1482
"264",246,2006-09-02,12.993,13.7528,15.1373
"265",247,2006-09-03,13.41190476,13.7278,15.1263
"266",248,2006-09-04,12.74909091,13.7004,15.1112
"267",249,2006-09-05,13.18064516,13.6709,15.0949
"268",250,2006-09-06,12.71733333,13.6397,15.0732
"269",251,2006-09-07,12.87125,13.6072,15.0461
"270",252,2006-09-08,12.9840625,13.5728,15.018
"271",253,2006-09-09,12.9975,13.5353,14.9857
"272",254,2006-09-10,12.52129032,13.4943,14.9494
"273",255,2006-09-11,12.61470588,13.4523,14.9066
"274",256,2006-09-12,12.64862069,13.41,14.8565
"275",257,2006-09-13,12.2852381,13.3671,14.805
"276",258,2006-09-14,12.854,13.3232,14.7502
"277",259,2006-09-15,11.56222222,13.2803,14.6932
"278",260,2006-09-16,11.46529412,13.2389,14.636
"279",261,2006-09-17,11.07,13.2002,14.5786
"280",262,2006-09-18,11.06846154,13.1629,14.5244
"281",263,2006-09-19,10.5775,13.1265,14.4768
"282",264,2006-09-20,10.23814815,13.0908,14.4308
"283",265,2006-09-21,10.33148148,13.0557,14.3871
"284",266,2006-09-22,10.01296296,13.0196,14.3404
"285",267,2006-09-23,9.936538462,12.9828,14.2997
"286",268,2006-09-24,10.0388,12.9456,14.2652
"287",269,2006-09-25,10.60730769,12.908,14.2302
"288",270,2006-09-26,10.57272727,12.8692,14.1953
"289",271,2006-09-27,11.22157895,12.829,14.1598
"290",272,2006-09-28,11.37578947,12.7869,14.1247
"291",273,2006-09-29,11.27210526,12.7448,14.0921
"292",274,2006-09-30,11.20055556,12.7043,14.065
"293",275,2006-10-01,11.04,12.6659,14.0366
"294",276,2006-10-02,11.28521739,12.6297,14.0078
"295",277,2006-10-03,11.24862069,12.5959,13.9816
"296",278,2006-10-04,11.21454545,12.5643,13.9587
"297",279,2006-10-05,11.12454545,12.5346,13.9361
"298",280,2006-10-06,11.471875,12.5065,13.9147
"299",281,2006-10-07,11.505,12.4787,13.8945
"300",282,2006-10-08,11.45677419,12.4505,13.8788
"301",283,2006-10-09,11.6415625,12.4222,13.8631
"302",284,2006-10-10,11.28794118,12.3924,13.8422
"303",285,2006-10-11,11.68580645,12.361,13.8215
"304",286,2006-10-12,11.5288,12.3285,13.8038
"305",287,2006-10-13,11.79333333,12.2948,13.7896
"306",288,2006-10-14,11.4,12.2608,13.7767
"307",289,2006-10-15,11.4485,12.2272,13.7689
"308",290,2006-10-16,11.72380952,12.1947,13.7644
"309",291,2006-10-17,11.59478261,12.164,13.7646
"310",292,2006-10-18,11.37038462,12.1363,13.7686
"311",293,2006-10-19,11.47222222,12.1121,13.7773
"312",294,2006-10-20,11.29115385,12.0913,13.7879
"313",295,2006-10-21,11.15037037,12.0735,13.7978
"314",296,2006-10-22,11.18346154,12.0587,13.8084
"315",297,2006-10-23,11.1652,12.0472,13.8231
"316",298,2006-10-24,11.27857143,12.0388,13.8415
"317",299,2006-10-25,10.60740741,12.0324,13.8605
"318",300,2006-10-26,10.58809524,12.0271,13.8799
"319",301,2006-10-27,10.60190476,12.0223,13.8979
"320",302,2006-10-28,10.44173913,12.0174,13.915
"321",303,2006-10-29,10.77352941,12.0117,13.9253
"322",304,2006-10-30,10.19863636,12.0044,13.9301
"323",305,2006-10-31,10.24346154,11.9951,13.9284
"324",306,2006-11-01,10.39655172,11.9843,13.9251
"325",307,2006-11-02,10.90129032,11.9722,13.9158
"326",308,2006-11-03,11.38411765,11.9581,13.8969
"327",309,2006-11-04,11.57774194,11.9417,13.8741
"328",310,2006-11-05,11.765,11.9242,13.851
"329",311,2006-11-06,12.07878788,11.9054,13.8278
"330",312,2006-11-07,12.21323529,11.886,13.8044
"331",313,2006-11-08,12.21705882,11.8668,13.7811
"332",314,2006-11-09,12.38529412,11.8475,13.758
"333",315,2006-11-10,11.97,11.8284,13.7404
"334",316,2006-11-11,12.03038462,11.8093,13.7249
"335",317,2006-11-12,11.66,11.7897,13.7086
"336",318,2006-11-13,11.81,11.7693,13.6913
"337",319,2006-11-14,11.8,11.7488,13.6744
"338",320,2006-11-15,11.53647059,11.7287,13.6539
"339",321,2006-11-16,11.97833333,11.7078,13.6323
"340",322,2006-11-17,11.69571429,11.6858,13.6081
"341",323,2006-11-18,11.73851852,11.6617,13.5811
"342",324,2006-11-19,11.89666667,11.6355,13.5538
"343",325,2006-11-20,12.09321429,11.6082,13.5247
"344",326,2006-11-21,12.05571429,11.5806,13.4956
"345",327,2006-11-22,12.12,11.5527,13.4638
"346",328,2006-11-23,12.0096875,11.524,13.4269
"347",329,2006-11-24,12.034375,11.4945,13.3882
"348",330,2006-11-25,11.90387097,11.4634,13.344
"349",331,2006-11-26,11.63,11.4305,13.2985
"350",332,2006-11-27,11.86517241,11.3965,13.2543
"351",333,2006-11-28,11.42,11.3625,13.2117
"352",334,2006-11-29,10.94681818,11.3289,13.1755
"353",335,2006-11-30,10.842,11.2951,13.1394
"354",336,2006-12-01,10.76206897,11.2608,13.1022
"355",337,2006-12-02,11.03272727,11.2258,13.0635
"356",338,2006-12-03,10.6084375,11.1899,13.0296
"357",339,2006-12-04,10.805625,11.1537,13.0021
"358",340,2006-12-05,11.02428571,11.1175,12.9753
"359",341,2006-12-06,11.00342857,11.0813,12.9496
"360",342,2006-12-07,10.74378378,11.0458,12.925
"361",343,2006-12-08,11.35861111,11.0105,12.9075
"362",344,2006-12-09,11.36323529,10.9755,12.8903
"363",345,2006-12-10,11.51483871,10.9407,12.8736
"364",346,2006-12-11,11.51,10.9068,12.8525
"365",347,2006-12-12,11.51,10.873,12.8283
"366",348,2006-12-13,11.30666667,10.8398,12.8027
"367",349,2006-12-14,11.81,10.8069,12.7763
"368",350,2006-12-15,11.4875,10.7744,12.7473
"369",351,2006-12-16,10.76727273,10.7426,12.7176
"370",352,2006-12-17,10.90681818,10.7123,12.6861
"371",353,2006-12-18,10.26214286,10.6837,12.6543
"372",354,2006-12-19,9.638,10.6568,12.6214
"373",355,2006-12-20,9.351875,10.6314,12.587
"374",356,2006-12-21,9.700882353,10.6069,12.5524
"375",357,2006-12-22,10.20297297,10.5832,12.5135
"376",358,2006-12-23,9.908857143,10.5606,12.4771
"377",359,2006-12-24,10.29555556,10.5394,12.4452
"378",360,2006-12-25,10.25411765,10.5195,12.414
"379",361,2006-12-26,10.34645161,10.5008,12.3879
"380",362,2006-12-27,10.356,10.4835,12.363
"381",363,2006-12-28,9.179090909,10.467,12.3379
"382",364,2006-12-29,9.34125,10.4511,12.3117
"383",365,2006-12-30,9.897083333,10.4358,12.2853
"384",366,2006-12-31,10.13058824,10.4213,12.2607
"385",1,2007-01-01,10.00588235,10.4074,12.238
"386",2,2007-01-02,10.05176471,10.394,12.2201
"387",3,2007-01-03,10.05823529,10.3814,12.2036
"388",4,2007-01-04,9.995714286,10.3694,12.1877
"389",5,2007-01-05,9.736944444,10.3582,12.1721
"390",6,2007-01-06,9.801714286,10.3483,12.1606
"391",7,2007-01-07,9.987647059,10.3391,12.1482
"392",8,2007-01-08,10.08806452,10.3304,12.1288
"393",9,2007-01-09,9.91952381,10.3219,12.1092
"394",10,2007-01-10,9.56,10.3133,12.0889
"395",11,2007-01-11,9.488,10.3048,12.0726
"396",12,2007-01-12,8.533809524,10.2971,12.0592
"397",13,2007-01-13,8.334545455,10.2902,12.0472
"398",14,2007-01-14,8.068695652,10.2844,12.0358
"399",15,2007-01-15,7.855833333,10.2796,12.0249
"400",16,2007-01-16,7.992258065,10.2753,12.0132
"401",17,2007-01-17,8.629032258,10.2711,12.0013
"402",18,2007-01-18,8.607142857,10.2674,11.9812
"403",19,2007-01-19,8.457714286,10.2644,11.9622
"404",20,2007-01-20,8.680277778,10.2621,11.9461
"405",21,2007-01-21,8.290833333,10.2605,11.9298
"406",22,2007-01-22,8.154722222,10.2596,11.9187
"407",23,2007-01-23,8.176857143,10.2588,11.9091
"408",24,2007-01-24,7.723103448,10.2588,11.9028
"409",25,2007-01-25,8.233181818,10.2589,11.8977
"410",26,2007-01-26,8.213913043,10.2597,11.894
"411",27,2007-01-27,8.003333333,10.2613,11.8934
"412",28,2007-01-28,8.21,10.2633,11.8943
"413",29,2007-01-29,8.253636364,10.2649,11.8963
"414",30,2007-01-30,7.855,10.2656,11.8988
"415",31,2007-01-31,8.153939394,10.2657,11.902
"416",32,2007-02-01,8.61,10.2654,11.9055
"417",33,2007-02-02,8.608529412,10.2651,11.9088
"418",34,2007-02-03,8.678125,10.2645,11.9085
"419",35,2007-02-04,9.0015625,10.2633,11.9083
"420",36,2007-02-05,9.115,10.2615,11.9079
"421",37,2007-02-06,9.282758621,10.2584,11.901
"422",38,2007-02-07,9.43,10.2539,11.8898
"423",39,2007-02-08,9.232222222,10.2491,11.8774
"424",40,2007-02-09,9.48,10.2445,11.8642
"425",41,2007-02-10,9.775714286,10.2404,11.85
"426",42,2007-02-11,9.95,10.2369,11.8352
"427",43,2007-02-12,9.79,10.2336,11.8211
"428",44,2007-02-13,9.698695652,10.2304,11.808
"429",45,2007-02-14,9.586451613,10.2273,11.7949
"430",46,2007-02-15,9.91,10.2241,11.7822
"431",47,2007-02-16,10.04212121,10.221,11.7719
"432",48,2007-02-17,10.06545455,10.218,11.7636
"433",49,2007-02-18,9.876176471,10.2153,11.7643
"434",50,2007-02-19,9.603142857,10.2121,11.765
"435",51,2007-02-20,9.440606061,10.2083,11.7642
"436",52,2007-02-21,9.506666667,10.2045,11.7644
"437",53,2007-02-22,9.364615385,10.2006,11.7639
"438",54,2007-02-23,9.163181818,10.1972,11.7624
"439",55,2007-02-24,9.295217391,10.1943,11.7588
"440",56,2007-02-25,9.011304348,10.1917,11.7558
"441",57,2007-02-26,9.033636364,10.1896,11.7519
"442",58,2007-02-27,8.818965517,10.1877,11.7456
"443",59,2007-02-28,8.805,10.1859,11.7387
"444",61,2007-03-01,8.678965517,10.1857,11.7295
"445",62,2007-03-02,8.503666667,10.1875,11.7269
"446",63,2007-03-03,8.889666667,10.1896,11.7257
"447",64,2007-03-04,9.390344828,10.1922,11.7254
"448",65,2007-03-05,9.6275,10.1953,11.7292
"449",66,2007-03-06,9.668076923,10.1993,11.7363
"450",67,2007-03-07,9.687727273,10.2041,11.7449
"451",68,2007-03-08,9.64,10.21,11.7542
"452",69,2007-03-09,9.808823529,10.2172,11.7664
"453",70,2007-03-10,9.723333333,10.2253,11.7773
"454",71,2007-03-11,9.79,10.2334,11.7883
"455",72,2007-03-12,10.11,10.2411,11.7979
"456",73,2007-03-13,9.994444444,10.2486,11.8061
"457",74,2007-03-14,9.48,10.2565,11.8132
"458",75,2007-03-15,9.314444444,10.264,11.818
"459",76,2007-03-16,9.578,10.2704,11.8207
"460",77,2007-03-17,9.668333333,10.2758,11.8171
"461",78,2007-03-18,10.1003125,10.2806,11.8116
"462",79,2007-03-19,9.9453125,10.2845,11.8039
"463",80,2007-03-20,9.854193548,10.2879,11.7935
"464",81,2007-03-21,9.558666667,10.2914,11.7814
"465",82,2007-03-22,9.404074074,10.2956,11.7694
"466",83,2007-03-23,8.922222222,10.2999,11.7615
"467",84,2007-03-24,9.0785,10.3046,11.7553
"468",85,2007-03-25,9.935,10.3085,11.749
"469",86,2007-03-26,9.046470588,10.3115,11.7437
"470",87,2007-03-27,8.66,10.3136,11.7386
"471",88,2007-03-28,7.584761905,10.3154,11.7382
"472",89,2007-03-29,7.668333333,10.3172,11.738
"473",90,2007-03-30,8.4236,10.3204,11.7418
"474",91,2007-03-31,8.499583333,10.3232,11.7439
"475",92,2007-04-01,8.40625,10.3259,11.7449
"476",93,2007-04-02,8.296956522,10.3277,11.7457
"477",94,2007-04-03,8.760869565,10.3297,11.7482
"478",95,2007-04-04,9.25,10.331,11.7525
"479",96,2007-04-05,9.070666667,10.3327,11.7596
"480",97,2007-04-06,9.235333333,10.3356,11.7629
"481",98,2007-04-07,9.482142857,10.3398,11.7646
"482",99,2007-04-08,8.5975,10.3444,11.7646
"483",100,2007-04-09,9.982,10.3486,11.7648
"484",101,2007-04-10,9.482857143,10.3511,11.7676
"485",102,2007-04-11,9.48,10.3541,11.7711
"486",103,2007-04-12,9.388666667,10.3569,11.7768
"487",104,2007-04-13,9.536956522,10.3598,11.7842
"488",105,2007-04-14,9.671071429,10.3622,11.7886
"489",106,2007-04-15,8.837241379,10.3656,11.7942
"490",107,2007-04-16,8.897857143,10.3689,11.7979
"491",108,2007-04-17,8.403214286,10.3716,11.8068
"492",109,2007-04-18,8.592758621,10.3736,11.8121
"493",110,2007-04-19,9.20962963,10.3758,11.8252
"494",111,2007-04-20,8.96125,10.3782,11.8406
"495",112,2007-04-21,8.631875,10.3799,11.8576
"496",113,2007-04-22,8.56,10.3802,11.8781
"497",114,2007-04-23,9.15,10.3805,11.8909
"498",115,2007-04-24,8.86,10.3806,11.9021
"499",116,2007-04-25,9.17,10.3807,11.9127
"500",117,2007-04-26,9.43,10.3819,11.9264
"501",118,2007-04-27,9.494545455,10.3849,11.9407
"502",119,2007-04-28,9.866153846,10.3911,11.9512
"503",120,2007-04-29,9.816428571,10.3996,11.9619
"504",121,2007-04-30,9.782142857,10.408,11.9752
"505",122,2007-05-01,9.692857143,10.4169,11.9885
"506",123,2007-05-02,9.64,10.4282,12.0146
"507",124,2007-05-03,9.709333333,10.4425,12.0472
"508",125,2007-05-04,9.534,10.4587,12.0577
"509",126,2007-05-05,9.447857143,10.4776,12.0654
"510",127,2007-05-06,9.182857143,10.4989,12.0697
"511",128,2007-05-07,8.862857143,10.5202,12.0749
"512",129,2007-05-08,9.905714286,10.5417,12.0866
"513",130,2007-05-09,9.679090909,10.5638,12.1004
"514",131,2007-05-10,10.55666667,10.5884,12.1182
"515",132,2007-05-11,10.6375,10.6183,12.1402
"516",133,2007-05-12,10.28066667,10.6515,12.164
"517",134,2007-05-13,9.509444444,10.6872,12.1865
"518",135,2007-05-14,11.56625,10.7264,12.2111
"519",136,2007-05-15,9.2308,10.7688,12.2407
"520",137,2007-05-16,9.512692308,10.8145,12.2743
"521",138,2007-05-17,9.997307692,10.865,12.314
"522",139,2007-05-18,10.64708333,10.9203,12.3592
"523",140,2007-05-19,9.818181818,10.9794,12.4119
"524",141,2007-05-20,8.8,11.0411,12.467
"525",142,2007-05-21,9.449473684,11.1021,12.522
"526",143,2007-05-22,8.314705882,11.1624,12.5771
"527",144,2007-05-23,9.23125,11.2227,12.6286
"528",145,2007-05-24,9.342,11.2811,12.6854
"529",146,2007-05-25,9.496666667,11.3352,12.7404
"530",147,2007-05-26,9.302307692,11.3864,12.7955
"531",148,2007-05-27,8.760666667,11.4329,12.8432
"532",149,2007-05-28,8.37875,11.4739,12.8892
"533",150,2007-05-29,10.93647059,11.5088,12.9384
"534",151,2007-05-30,10.32705882,11.5391,12.9901
"535",152,2007-05-31,11.091875,11.5657,13.0321
"536",153,2007-06-01,11.161875,11.5916,13.0759
"537",154,2007-06-02,11.868125,11.6157,13.1072
"538",155,2007-06-03,11.568125,11.6377,13.1322
"539",156,2007-06-04,11.00285714,11.6607,13.1764
"540",157,2007-06-05,10.57230769,11.6857,13.223
"541",158,2007-06-06,11.16285714,11.7129,13.2697
"542",159,2007-06-07,11.729,11.7441,13.3188
"543",160,2007-06-08,11.91285714,11.7791,13.3623
"544",161,2007-06-09,12.62411765,11.8182,13.4104
"545",162,2007-06-10,10.63736842,11.8595,13.4573
"546",163,2007-06-11,9.778,11.901,13.5019
"547",164,2007-06-12,9.759090909,11.9431,13.5467
"548",165,2007-06-13,9.698095238,11.9852,13.595
"549",166,2007-06-14,9.103333333,12.027,13.6432
"550",167,2007-06-15,10.2356,12.0675,13.69
"551",168,2007-06-16,9.8172,12.1065,13.735
"552",169,2007-06-17,9.226666667,12.1423,13.7794
"553",170,2007-06-18,9.167916667,12.1751,13.8199
"554",171,2007-06-19,10.4036,12.2062,13.8585
"555",172,2007-06-20,11.67681818,12.2365,13.8935
"556",173,2007-06-21,12.86083333,12.2687,13.932
"557",174,2007-06-22,12.40923077,12.3019,13.9726
"558",175,2007-06-23,12.04066667,12.3371,14.0137
"559",176,2007-06-24,10.96,12.376,14.0539
"560",177,2007-06-25,11.09176471,12.4194,14.0961
"561",178,2007-06-26,12.76111111,12.4678,14.1384
"562",179,2007-06-27,11.56736842,12.5216,14.1837
"563",180,2007-06-28,12.1225,12.5814,14.2291
"564",181,2007-06-29,13.23882353,12.6464,14.2705
"565",182,2007-06-30,13.00666667,12.7145,14.3085
"566",183,2007-07-01,13.18909091,12.7855,14.3495
"567",184,2007-07-02,13.35875,12.8581,14.3946
"568",185,2007-07-03,12.9384,12.9327,14.442
"569",186,2007-07-04,12.3212,13.0082,14.4908
"570",187,2007-07-05,13.05642857,13.0819,14.5395
"571",188,2007-07-06,13.51791667,13.1544,14.5859
"572",189,2007-07-07,13.89578947,13.224,14.6378
"573",190,2007-07-08,13.4055,13.288,14.6871
"574",191,2007-07-09,12.78142857,13.3457,14.7341
"575",192,2007-07-10,12.46863636,13.3975,14.7727
"576",193,2007-07-11,11.49956522,13.4455,14.8099
"577",194,2007-07-12,11.31818182,13.4903,14.8448
"578",195,2007-07-13,12.22458333,13.5313,14.8755
"579",196,2007-07-14,13.19892857,13.5701,14.898
"580",197,2007-07-15,12.6637931,13.6058,14.9164
"581",198,2007-07-16,13.53928571,13.6407,14.9371
"582",199,2007-07-17,13.38111111,13.6737,14.9536
"583",200,2007-07-18,14.31653846,13.7065,14.9685
"584",201,2007-07-19,15.1175,13.7402,14.9899
"585",202,2007-07-20,15.09066667,13.7742,15.0125
"586",203,2007-07-21,16.62733333,13.8068,15.0319
"587",204,2007-07-22,16.80625,13.8369,15.0469
"588",205,2007-07-23,16.77117647,13.8653,15.0536
"589",206,2007-07-24,16.88722222,13.8922,15.0571
"590",207,2007-07-25,15.66947368,13.9176,15.0625
"591",208,2007-07-26,15.11047619,13.9426,15.0726
"592",209,2007-07-27,15.67333333,13.9651,15.0811
"593",210,2007-07-28,13.56210526,13.9846,15.0861
"594",211,2007-07-29,12.57807692,14.0001,15.0862
"595",212,2007-07-30,12.68928571,14.0108,15.0855
"596",213,2007-07-31,13.19214286,14.0192,15.0859
"597",214,2007-08-01,14.06137931,14.0271,15.086
"598",215,2007-08-02,14.185,14.0343,15.0826
"599",216,2007-08-03,13.97580645,14.039,15.0763
"600",217,2007-08-04,13.63423077,14.0424,15.0714
"601",218,2007-08-05,13.97333333,14.0452,15.0665
"602",219,2007-08-06,13.38952381,14.0459,15.0658
"603",220,2007-08-07,13.0826087,14.0449,15.0604
"604",221,2007-08-08,12.78565217,14.0456,15.0561
"605",222,2007-08-09,12.01636364,14.0496,15.0577
"606",223,2007-08-10,12.66678571,14.058,15.0648
"607",224,2007-08-11,12.60037037,14.067,15.0762
"608",225,2007-08-12,12.64862069,14.0755,15.0926
"609",226,2007-08-13,13.0925,14.0838,15.1128
"610",227,2007-08-14,13.32821429,14.0919,15.1408
"611",228,2007-08-15,13.93461538,14.0976,15.1714
"612",229,2007-08-16,14.77555556,14.0993,15.1974
"613",230,2007-08-17,12.8884,14.0958,15.225
"614",231,2007-08-18,14.07,14.088,15.245
"615",232,2007-08-19,12.63470588,14.0752,15.2508
"616",233,2007-08-20,13.25647059,14.0574,15.2532
"617",234,2007-08-21,14.21352941,14.0357,15.2518
"618",235,2007-08-22,12.90944444,14.0124,15.2498
"619",236,2007-08-23,13.48555556,13.9883,15.2446
"620",237,2007-08-24,13.438,13.9627,15.2352
"621",238,2007-08-25,13.088,13.9359,15.2232
"622",239,2007-08-26,13.10035714,13.9088,15.2062
"623",240,2007-08-27,13.26785714,13.8825,15.1907
"624",241,2007-08-28,14.51935484,13.8586,15.1782
"625",242,2007-08-29,14.85096774,13.8372,15.171
"626",243,2007-08-30,15.20451613,13.8176,15.1642
"627",244,2007-08-31,13.8416129,13.7977,15.1562
"628",245,2007-09-01,12.9409375,13.7761,15.1482
"629",246,2007-09-02,12.93037037,13.7528,15.1373
"630",247,2007-09-03,13.9352381,13.7278,15.1263
"631",248,2007-09-04,12.9,13.7004,15.1112
"632",249,2007-09-05,11.69333333,13.6709,15.0949
"633",250,2007-09-06,10.952,13.6397,15.0732
"634",251,2007-09-07,10.98884615,13.6072,15.0461
"635",252,2007-09-08,12.245,13.5728,15.018
"636",253,2007-09-09,11.91310345,13.5353,14.9857
"637",254,2007-09-10,12.28214286,13.4943,14.9494
"638",255,2007-09-11,12.52285714,13.4523,14.9066
"639",256,2007-09-12,12.70888889,13.41,14.8565
"640",257,2007-09-13,12.58269231,13.3671,14.805
"641",258,2007-09-14,13.54296296,13.3232,14.7502
"642",259,2007-09-15,13.1976,13.2803,14.6932
"643",260,2007-09-16,14.60823529,13.2389,14.636
"644",261,2007-09-17,14.15647059,13.2002,14.5786
"645",262,2007-09-18,13.63,13.1629,14.5244
"646",263,2007-09-19,12.315,13.1265,14.4768
"647",264,2007-09-20,11.62625,13.0908,14.4308
"648",265,2007-09-21,11.331875,13.0557,14.3871
"649",266,2007-09-22,11.65647059,13.0196,14.3404
"650",267,2007-09-23,11.01407407,12.9828,14.2997
"651",268,2007-09-24,10.63433333,12.9456,14.2652
"652",269,2007-09-25,11.19806452,12.908,14.2302
"653",270,2007-09-26,11.5284375,12.8692,14.1953
"654",271,2007-09-27,11.71875,12.829,14.1598
"655",272,2007-09-28,11.80709677,12.7869,14.1247
"656",273,2007-09-29,10.7269697,12.7448,14.0921
"657",274,2007-09-30,10.36666667,12.7043,14.065
"658",275,2007-10-01,10.80633333,12.6659,14.0366
"659",276,2007-10-02,11.21,12.6297,14.0078
"660",277,2007-10-03,12.401,12.5959,13.9816
"661",278,2007-10-04,10.688,12.5643,13.9587
"662",279,2007-10-05,10.666,12.5346,13.9361
"663",280,2007-10-06,9.783461538,12.5065,13.9147
"664",281,2007-10-07,10.36642857,12.4787,13.8945
"665",282,2007-10-08,10.52896552,12.4505,13.8788
"666",283,2007-10-09,10.56703704,12.4222,13.8631
"667",284,2007-10-10,10.89259259,12.3924,13.8422
"668",285,2007-10-11,11.2,12.361,13.8215
"669",286,2007-10-12,11.22962963,12.3285,13.8038
"670",287,2007-10-13,11.04230769,12.2948,13.7896
"671",288,2007-10-14,11.06038462,12.2608,13.7767
"672",289,2007-10-15,10.85947368,12.2272,13.7689
"673",290,2007-10-16,10.89222222,12.1947,13.7644
"674",291,2007-10-17,11.20666667,12.164,13.7646
"675",292,2007-10-18,11.79125,12.1363,13.7686
"676",293,2007-10-19,12.12,12.1121,13.7773
"677",294,2007-10-20,11.97733333,12.0913,13.7879
"678",295,2007-10-21,11.96913043,12.0735,13.7978
"679",296,2007-10-22,11.94071429,12.0587,13.8084
"680",297,2007-10-23,12.42935484,12.0472,13.8231
"681",298,2007-10-24,12.375,12.0388,13.8415
"682",299,2007-10-25,11.77193548,12.0324,13.8605
"683",300,2007-10-26,11.24939394,12.0271,13.8799
"684",301,2007-10-27,11.22914286,12.0223,13.8979
"685",302,2007-10-28,11.31514286,12.0174,13.915
"686",303,2007-10-29,10.84628571,12.0117,13.9253
"687",304,2007-10-30,10.95333333,12.0044,13.9301
"688",305,2007-10-31,11.02866667,11.9951,13.9284
"689",306,2007-11-01,10.80888889,11.9843,13.9251
"690",307,2007-11-02,10.3424,11.9722,13.9158
"691",308,2007-11-03,10.1252381,11.9581,13.8969
"692",309,2007-11-04,10.20130435,11.9417,13.8741
"693",310,2007-11-05,10.1,11.9242,13.851
"694",311,2007-11-06,10.0056,11.9054,13.8278
"695",312,2007-11-07,10.05851852,11.886,13.8044
"696",313,2007-11-08,10.24269231,11.8668,13.7811
"697",314,2007-11-09,10.39230769,11.8475,13.758
"698",315,2007-11-10,10.55851852,11.8284,13.7404
"699",316,2007-11-11,10.30517241,11.8093,13.7249
"700",317,2007-11-12,10.23321429,11.7897,13.7086
"701",318,2007-11-13,10.51346154,11.7693,13.6913
"702",319,2007-11-14,10.76869565,11.7488,13.6744
"703",320,2007-11-15,10.73,11.7287,13.6539
"704",321,2007-11-16,10.73,11.7078,13.6323
"705",322,2007-11-17,10.97454545,11.6858,13.6081
"706",323,2007-11-18,11.20578947,11.6617,13.5811
"707",324,2007-11-19,11.039,11.6355,13.5538
"708",325,2007-11-20,10.6892,11.6082,13.5247
"709",326,2007-11-21,10.35806452,11.5806,13.4956
"710",327,2007-11-22,10.54114286,11.5527,13.4638
"711",328,2007-11-23,10.25757576,11.524,13.4269
"712",329,2007-11-24,10.09242424,11.4945,13.3882
"713",330,2007-11-25,10.21314286,11.4634,13.344
"714",331,2007-11-26,9.686111111,11.4305,13.2985
"715",332,2007-11-27,9.974736842,11.3965,13.2543
"716",333,2007-11-28,9.653428571,11.3625,13.2117
"717",334,2007-11-29,9.581470588,11.3289,13.1755
"718",335,2007-11-30,9.194,11.2951,13.1394
"719",336,2007-12-01,8.627727273,11.2608,13.1022
"720",337,2007-12-02,8.71,11.2258,13.0635
"721",338,2007-12-03,9.237368421,11.1899,13.0296
"722",339,2007-12-04,9.632,11.1537,13.0021
"723",340,2007-12-05,9.64,11.1175,12.9753
"724",341,2007-12-06,9.646818182,11.0813,12.9496
"725",342,2007-12-07,9.458148148,11.0458,12.925
"726",343,2007-12-08,8.841111111,11.0105,12.9075
"727",344,2007-12-09,8.833103448,10.9755,12.8903
"728",345,2007-12-10,9.532580645,10.9407,12.8736
"729",346,2007-12-11,9.317272727,10.9068,12.8525
"730",347,2007-12-12,9.240909091,10.873,12.8283
"731",348,2007-12-13,9.156363636,10.8398,12.8027
"732",349,2007-12-14,9.330606061,10.8069,12.7763
"733",350,2007-12-15,9.376333333,10.7744,12.7473
"734",351,2007-12-16,9.338461538,10.7426,12.7176
"735",352,2007-12-17,9.32,10.7123,12.6861
"736",353,2007-12-18,9.49,10.6837,12.6543
"737",354,2007-12-19,9.511818182,10.6568,12.6214
"738",355,2007-12-20,9.472307692,10.6314,12.587
"739",356,2007-12-21,9.036176471,10.6069,12.5524
"740",357,2007-12-22,8.758235294,10.5832,12.5135
"741",358,2007-12-23,9.089428571,10.5606,12.4771
"742",359,2007-12-24,9.239722222,10.5394,12.4452
"743",360,2007-12-25,9.028611111,10.5195,12.414
"744",361,2007-12-26,8.876578947,10.5008,12.3879
"745",362,2007-12-27,8.876216216,10.4835,12.363
"746",363,2007-12-28,8.620857143,10.467,12.3379
"747",364,2007-12-29,8.633,10.4511,12.3117
"748",365,2007-12-30,8.98,10.4358,12.2853
"749",366,2007-12-31,8.7965,10.4213,12.2607
"750",1,2008-01-01,7.988571429,10.4074,12.238
"751",2,2008-01-02,8.607727273,10.394,12.2201
"752",3,2008-01-03,8.813636364,10.3814,12.2036
"753",4,2008-01-04,9.049565217,10.3694,12.1877
"754",5,2008-01-05,9.14,10.3582,12.1721
"755",6,2008-01-06,9.107241379,10.3483,12.1606
"756",7,2008-01-07,9.25030303,10.3391,12.1482
"757",8,2008-01-08,9.275151515,10.3304,12.1288
"758",9,2008-01-09,9.394857143,10.3219,12.1092
"759",10,2008-01-10,9.712857143,10.3133,12.0889
"760",11,2008-01-11,9.799142857,10.3048,12.0726
"761",12,2008-01-12,9.906764706,10.2971,12.0592
"762",13,2008-01-13,10.01032258,10.2902,12.0472
"763",14,2008-01-14,9.691538462,10.2844,12.0358
"764",15,2008-01-15,9.559047619,10.2796,12.0249
"765",16,2008-01-16,9.473043478,10.2753,12.0132
"766",17,2008-01-17,9.4472,10.2711,12.0013
"767",18,2008-01-18,9.647692308,10.2674,11.9812
"768",19,2008-01-19,9.496857143,10.2644,11.9622
"769",20,2008-01-20,9.557142857,10.2621,11.9461
"770",21,2008-01-21,9.384571429,10.2605,11.9298
"771",22,2008-01-22,8.608,10.2596,11.9187
"772",23,2008-01-23,8.657222222,10.2588,11.9091
"773",24,2008-01-24,8.789142857,10.2588,11.9028
"774",25,2008-01-25,8.623428571,10.2589,11.8977
"775",26,2008-01-26,9.147575758,10.2597,11.894
"776",27,2008-01-27,9.198518519,10.2613,11.8934
"777",28,2008-01-28,8.5825,10.2633,11.8943
"778",29,2008-01-29,8.542380952,10.2649,11.8963
"779",30,2008-01-30,8.757,10.2656,11.8988
"780",31,2008-01-31,8.729545455,10.2657,11.902
"781",32,2008-02-01,8.89,10.2654,11.9055
"782",33,2008-02-02,8.619545455,10.2651,11.9088
"783",34,2008-02-03,8.8228,10.2645,11.9085
"784",35,2008-02-04,8.655862069,10.2633,11.9083
"785",36,2008-02-05,8.493,10.2615,11.9079
"786",37,2008-02-06,8.781818182,10.2584,11.901
"787",38,2008-02-07,8.8803125,10.2539,11.8898
"788",39,2008-02-08,9.047058824,10.2491,11.8774
"789",40,2008-02-09,9.249411765,10.2445,11.8642
"790",41,2008-02-10,9.236774194,10.2404,11.85
"791",42,2008-02-11,9.357666667,10.2369,11.8352
"792",43,2008-02-12,9.155714286,10.2336,11.8211
"793",44,2008-02-13,9.381818182,10.2304,11.808
"794",45,2008-02-14,9.144347826,10.2273,11.7949
"795",46,2008-02-15,9.2975,10.2241,11.7822
"796",47,2008-02-16,9.292083333,10.221,11.7719
"797",48,2008-02-17,9.2215625,10.218,11.7636
"798",49,2008-02-18,9.091875,10.2153,11.7643
"799",50,2008-02-19,9.1390625,10.2121,11.765
"800",51,2008-02-20,9.421875,10.2083,11.7642
"801",52,2008-02-21,9.551818182,10.2045,11.7644
"802",53,2008-02-22,9.566969697,10.2006,11.7639
"803",54,2008-02-23,9.2225,10.1972,11.7624
"804",55,2008-02-24,9.294285714,10.1943,11.7588
"805",56,2008-02-25,9.518181818,10.1917,11.7558
"806",57,2008-02-26,9.412222222,10.1896,11.7519
"807",58,2008-02-27,9.31,10.1877,11.7456
"808",59,2008-02-28,9.296315789,10.1859,11.7387
"809",60,2008-02-29,9.538333333,10.185,11.7333
"810",61,2008-03-01,9.095555556,10.1857,11.7295
"811",62,2008-03-02,9.091111111,10.1875,11.7269
"812",63,2008-03-03,8.891111111,10.1896,11.7257
"813",64,2008-03-04,9.070740741,10.1922,11.7254
"814",65,2008-03-05,8.833103448,10.1953,11.7292
"815",66,2008-03-06,8.985483871,10.1993,11.7363
"816",67,2008-03-07,9.029354839,10.2041,11.7449
"817",68,2008-03-08,9.348387097,10.21,11.7542
"818",69,2008-03-09,9.81,10.2172,11.7664
"819",70,2008-03-10,10.22551724,10.2253,11.7773
"820",71,2008-03-11,9.777307692,10.2334,11.7883
"821",72,2008-03-12,9.498421053,10.2411,11.7979
"822",73,2008-03-13,9.612727273,10.2486,11.8061
"823",74,2008-03-14,9.63,10.2565,11.8132
"824",75,2008-03-15,9.842857143,10.264,11.818
"825",76,2008-03-16,9.417727273,10.2704,11.8207
"826",77,2008-03-17,9.155555556,10.2758,11.8171
"827",78,2008-03-18,9.363666667,10.2806,11.8116
"828",79,2008-03-19,9.277931034,10.2845,11.8039
"829",80,2008-03-20,9.208928571,10.2879,11.7935
"830",81,2008-03-21,9.511785714,10.2914,11.7814
"831",82,2008-03-22,9.445,10.2956,11.7694
"832",83,2008-03-23,9.429615385,10.2999,11.7615
"833",84,2008-03-24,9.526363636,10.3046,11.7553
"834",85,2008-03-25,9.133333333,10.3085,11.749
"835",86,2008-03-26,9.812857143,10.3115,11.7437
"836",87,2008-03-27,9.08,10.3136,11.7386
"837",88,2008-03-28,9.065714286,10.3154,11.7382
"838",89,2008-03-29,8.676923077,10.3172,11.738
"839",90,2008-03-30,8.55,10.3204,11.7418
"840",91,2008-03-31,8.33,10.3232,11.7439
"841",92,2008-04-01,8.217333333,10.3259,11.7449
"842",93,2008-04-02,8.419565217,10.3277,11.7457
"843",94,2008-04-03,9.1,10.3297,11.7482
"844",95,2008-04-04,9.302142857,10.331,11.7525
"845",96,2008-04-05,9.143333333,10.3327,11.7596
"846",97,2008-04-06,9.797586207,10.3356,11.7629
"847",98,2008-04-07,9.768214286,10.3398,11.7646
"848",99,2008-04-08,9.796785714,10.3444,11.7646
"849",100,2008-04-09,9.921304348,10.3486,11.7648
"850",101,2008-04-10,8.892941176,10.3511,11.7676
"851",102,2008-04-11,8.601578947,10.3541,11.7711
"852",103,2008-04-12,9.225,10.3569,11.7768
"853",104,2008-04-13,9.677142857,10.3598,11.7842
"854",105,2008-04-14,9.079473684,10.3622,11.7886
"855",106,2008-04-15,8.871428571,10.3656,11.7942
"856",107,2008-04-16,8.806363636,10.3689,11.7979
"857",108,2008-04-17,8.996363636,10.3716,11.8068
"858",109,2008-04-18,8.554761905,10.3736,11.8121
"859",110,2008-04-19,8.519047619,10.3758,11.8252
"860",111,2008-04-20,8.5435,10.3782,11.8406
"861",112,2008-04-21,8.185,10.3799,11.8576
"862",113,2008-04-22,8.326,10.3802,11.8781
"863",114,2008-04-23,8.533571429,10.3805,11.8909
"864",115,2008-04-24,8.698461538,10.3806,11.9021
"865",116,2008-04-25,8.866923077,10.3807,11.9127
"866",117,2008-04-26,8.936923077,10.3819,11.9264
"867",118,2008-04-27,9.2,10.3849,11.9407
"868",119,2008-04-28,NA,10.3911,11.9512
"869",120,2008-04-29,NA,10.3996,11.9619
"870",121,2008-04-30,10.11111111,10.408,11.9752
"871",122,2008-05-01,9.813571429,10.4169,11.9885
"872",123,2008-05-02,10.26,10.4282,12.0146
"873",124,2008-05-03,9.6016,10.4425,12.0472
"874",125,2008-05-04,9.2696,10.4587,12.0577
"875",126,2008-05-05,9.466666667,10.4776,12.0654
"876",127,2008-05-06,9.505555556,10.4989,12.0697
"877",128,2008-05-07,9.0048,10.5202,12.0749
"878",129,2008-05-08,8.932727273,10.5417,12.0866
"879",130,2008-05-09,8.665789474,10.5638,12.1004
"880",131,2008-05-10,9.010909091,10.5884,12.1182
"881",132,2008-05-11,8.512380952,10.6183,12.1402
"882",133,2008-05-12,9.135882353,10.6515,12.164
"883",134,2008-05-13,9.524166667,10.6872,12.1865
"884",135,2008-05-14,9.632,10.7264,12.2111
"885",136,2008-05-15,9.099375,10.7688,12.2407
"886",137,2008-05-16,11.06875,10.8145,12.2743
"887",138,2008-05-17,9.825625,10.865,12.314
"888",139,2008-05-18,10.8225,10.9203,12.3592
"889",140,2008-05-19,11.67533333,10.9794,12.4119
"890",141,2008-05-20,10.09333333,11.0411,12.467
"891",142,2008-05-21,9.375,11.1021,12.522
"892",143,2008-05-22,NA,11.1624,12.5771
"893",144,2008-05-23,NA,11.2227,12.6286
"894",145,2008-05-24,NA,11.2811,12.6854
"895",146,2008-05-25,NA,11.3352,12.7404
"896",147,2008-05-26,NA,11.3864,12.7955
"897",148,2008-05-27,NA,11.4329,12.8432
"898",149,2008-05-28,NA,11.4739,12.8892
"899",150,2008-05-29,NA,11.5088,12.9384
"900",151,2008-05-30,NA,11.5391,12.9901
"901",152,2008-05-31,NA,11.5657,13.0321
"902",153,2008-06-01,NA,11.5916,13.0759
"903",154,2008-06-02,NA,11.6157,13.1072
"904",155,2008-06-03,NA,11.6377,13.1322
"905",156,2008-06-04,NA,11.6607,13.1764
"906",157,2008-06-05,NA,11.6857,13.223
"907",158,2008-06-06,NA,11.7129,13.2697
"908",159,2008-06-07,NA,11.7441,13.3188
"909",160,2008-06-08,NA,11.7791,13.3623
"910",161,2008-06-09,NA,11.8182,13.4104
"911",162,2008-06-10,NA,11.8595,13.4573
"912",163,2008-06-11,NA,11.901,13.5019
"913",164,2008-06-12,NA,11.9431,13.5467
"914",165,2008-06-13,NA,11.9852,13.595
"915",166,2008-06-14,NA,12.027,13.6432
"916",167,2008-06-15,NA,12.0675,13.69
"917",168,2008-06-16,NA,12.1065,13.735
"918",169,2008-06-17,NA,12.1423,13.7794
"919",170,2008-06-18,NA,12.1751,13.8199
"920",171,2008-06-19,NA,12.2062,13.8585
"921",172,2008-06-20,NA,12.2365,13.8935
"922",173,2008-06-21,NA,12.2687,13.932
"923",174,2008-06-22,NA,12.3019,13.9726
"924",175,2008-06-23,NA,12.3371,14.0137
"925",176,2008-06-24,NA,12.376,14.0539
"926",177,2008-06-25,NA,12.4194,14.0961
"927",178,2008-06-26,NA,12.4678,14.1384
"928",179,2008-06-27,NA,12.5216,14.1837
"929",180,2008-06-28,NA,12.5814,14.2291
"930",181,2008-06-29,NA,12.6464,14.2705
"931",182,2008-06-30,NA,12.7145,14.3085
"932",183,2008-07-01,NA,12.7855,14.3495
"933",184,2008-07-02,NA,12.8581,14.3946
"934",185,2008-07-03,NA,12.9327,14.442
"935",186,2008-07-04,NA,13.0082,14.4908
"936",187,2008-07-05,NA,13.0819,14.5395
"937",188,2008-07-06,NA,13.1544,14.5859
"938",189,2008-07-07,NA,13.224,14.6378
"939",190,2008-07-08,NA,13.288,14.6871
"940",191,2008-07-09,NA,13.3457,14.7341
"941",192,2008-07-10,NA,13.3975,14.7727
"942",193,2008-07-11,NA,13.4455,14.8099
"943",194,2008-07-12,NA,13.4903,14.8448
"944",195,2008-07-13,NA,13.5313,14.8755
"945",196,2008-07-14,NA,13.5701,14.898
"946",197,2008-07-15,NA,13.6058,14.9164
"947",198,2008-07-16,NA,13.6407,14.9371
"948",199,2008-07-17,NA,13.6737,14.9536
"949",200,2008-07-18,NA,13.7065,14.9685
"950",201,2008-07-19,NA,13.7402,14.9899
"951",202,2008-07-20,NA,13.7742,15.0125
"952",203,2008-07-21,NA,13.8068,15.0319
"953",204,2008-07-22,NA,13.8369,15.0469
"954",205,2008-07-23,NA,13.8653,15.0536
"955",206,2008-07-24,NA,13.8922,15.0571
"956",207,2008-07-25,NA,13.9176,15.0625
"957",208,2008-07-26,NA,13.9426,15.0726
"958",209,2008-07-27,NA,13.9651,15.0811
"959",210,2008-07-28,NA,13.9846,15.0861
"960",211,2008-07-29,NA,14.0001,15.0862
"961",212,2008-07-30,NA,14.0108,15.0855
"962",213,2008-07-31,NA,14.0192,15.0859
"963",214,2008-08-01,NA,14.0271,15.086
"964",215,2008-08-02,NA,14.0343,15.0826
"965",216,2008-08-03,NA,14.039,15.0763
"966",217,2008-08-04,NA,14.0424,15.0714
"967",218,2008-08-05,NA,14.0452,15.0665
"968",219,2008-08-06,NA,14.0459,15.0658
"969",220,2008-08-07,NA,14.0449,15.0604
"970",221,2008-08-08,NA,14.0456,15.0561
"971",222,2008-08-09,NA,14.0496,15.0577
"972",223,2008-08-10,NA,14.058,15.0648
"973",224,2008-08-11,NA,14.067,15.0762
"974",225,2008-08-12,NA,14.0755,15.0926
"975",226,2008-08-13,NA,14.0838,15.1128
"976",227,2008-08-14,NA,14.0919,15.1408
"977",228,2008-08-15,NA,14.0976,15.1714
"978",229,2008-08-16,NA,14.0993,15.1974
"979",230,2008-08-17,NA,14.0958,15.225
"980",231,2008-08-18,NA,14.088,15.245
"981",232,2008-08-19,NA,14.0752,15.2508
"982",233,2008-08-20,NA,14.0574,15.2532
"983",234,2008-08-21,NA,14.0357,15.2518
"984",235,2008-08-22,NA,14.0124,15.2498
"985",236,2008-08-23,NA,13.9883,15.2446
"986",237,2008-08-24,NA,13.9627,15.2352
"987",238,2008-08-25,NA,13.9359,15.2232
"988",239,2008-08-26,NA,13.9088,15.2062
"989",240,2008-08-27,NA,13.8825,15.1907
"990",241,2008-08-28,NA,13.8586,15.1782
"991",242,2008-08-29,NA,13.8372,15.171
"992",243,2008-08-30,NA,13.8176,15.1642
"993",244,2008-08-31,NA,13.7977,15.1562
"994",245,2008-09-01,NA,13.7761,15.1482
"995",246,2008-09-02,NA,13.7528,15.1373
"996",247,2008-09-03,NA,13.7278,15.1263
"997",248,2008-09-04,NA,13.7004,15.1112
"998",249,2008-09-05,NA,13.6709,15.0949
"999",250,2008-09-06,NA,13.6397,15.0732
"1000",251,2008-09-07,NA,13.6072,15.0461
"1001",252,2008-09-08,NA,13.5728,15.018
"1002",253,2008-09-09,NA,13.5353,14.9857
"1003",254,2008-09-10,NA,13.4943,14.9494
"1004",255,2008-09-11,NA,13.4523,14.9066
"1005",256,2008-09-12,NA,13.41,14.8565
"1006",257,2008-09-13,NA,13.3671,14.805
"1007",258,2008-09-14,NA,13.3232,14.7502
"1008",259,2008-09-15,NA,13.2803,14.6932
"1009",260,2008-09-16,NA,13.2389,14.636
"1010",261,2008-09-17,NA,13.2002,14.5786
"1011",262,2008-09-18,NA,13.1629,14.5244
"1012",263,2008-09-19,NA,13.1265,14.4768
"1013",264,2008-09-20,NA,13.0908,14.4308
"1014",265,2008-09-21,NA,13.0557,14.3871
"1015",266,2008-09-22,NA,13.0196,14.3404
"1016",267,2008-09-23,NA,12.9828,14.2997
"1017",268,2008-09-24,NA,12.9456,14.2652
"1018",269,2008-09-25,NA,12.908,14.2302
"1019",270,2008-09-26,NA,12.8692,14.1953
"1020",271,2008-09-27,NA,12.829,14.1598
"1021",272,2008-09-28,NA,12.7869,14.1247
"1022",273,2008-09-29,NA,12.7448,14.0921
"1023",274,2008-09-30,NA,12.7043,14.065
"1024",275,2008-10-01,NA,12.6659,14.0366
"1025",276,2008-10-02,NA,12.6297,14.0078
"1026",277,2008-10-03,NA,12.5959,13.9816
"1027",278,2008-10-04,NA,12.5643,13.9587
"1028",279,2008-10-05,NA,12.5346,13.9361
"1029",280,2008-10-06,NA,12.5065,13.9147
"1030",281,2008-10-07,NA,12.4787,13.8945
"1031",282,2008-10-08,NA,12.4505,13.8788
"1032",283,2008-10-09,NA,12.4222,13.8631
"1033",284,2008-10-10,NA,12.3924,13.8422
"1034",285,2008-10-11,NA,12.361,13.8215
"1035",286,2008-10-12,NA,12.3285,13.8038
"1036",287,2008-10-13,NA,12.2948,13.7896
"1037",288,2008-10-14,NA,12.2608,13.7767
"1038",289,2008-10-15,NA,12.2272,13.7689
"1039",290,2008-10-16,NA,12.1947,13.7644
"1040",291,2008-10-17,NA,12.164,13.7646
"1041",292,2008-10-18,NA,12.1363,13.7686
"1042",293,2008-10-19,NA,12.1121,13.7773
"1043",294,2008-10-20,NA,12.0913,13.7879
"1044",295,2008-10-21,NA,12.0735,13.7978
"1045",296,2008-10-22,NA,12.0587,13.8084
"1046",297,2008-10-23,NA,12.0472,13.8231
"1047",298,2008-10-24,NA,12.0388,13.8415
"1048",299,2008-10-25,NA,12.0324,13.8605
"1049",300,2008-10-26,NA,12.0271,13.8799
"1050",301,2008-10-27,NA,12.0223,13.8979
"1051",302,2008-10-28,NA,12.0174,13.915
"1052",303,2008-10-29,NA,12.0117,13.9253
"1053",304,2008-10-30,NA,12.0044,13.9301
"1054",305,2008-10-31,NA,11.9951,13.9284
"1055",306,2008-11-01,NA,11.9843,13.9251
"1056",307,2008-11-02,NA,11.9722,13.9158
"1057",308,2008-11-03,NA,11.9581,13.8969
"1058",309,2008-11-04,NA,11.9417,13.8741
"1059",310,2008-11-05,NA,11.9242,13.851
"1060",311,2008-11-06,NA,11.9054,13.8278
"1061",312,2008-11-07,NA,11.886,13.8044
"1062",313,2008-11-08,NA,11.8668,13.7811
"1063",314,2008-11-09,NA,11.8475,13.758
"1064",315,2008-11-10,NA,11.8284,13.7404
"1065",316,2008-11-11,NA,11.8093,13.7249
"1066",317,2008-11-12,NA,11.7897,13.7086
"1067",318,2008-11-13,NA,11.7693,13.6913
"1068",319,2008-11-14,NA,11.7488,13.6744
"1069",320,2008-11-15,NA,11.7287,13.6539
"1070",321,2008-11-16,NA,11.7078,13.6323
"1071",322,2008-11-17,NA,11.6858,13.6081
"1072",323,2008-11-18,NA,11.6617,13.5811
"1073",324,2008-11-19,NA,11.6355,13.5538
"1074",325,2008-11-20,NA,11.6082,13.5247
"1075",326,2008-11-21,NA,11.5806,13.4956
"1076",327,2008-11-22,NA,11.5527,13.4638
"1077",328,2008-11-23,NA,11.524,13.4269
"1078",329,2008-11-24,NA,11.4945,13.3882
"1079",330,2008-11-25,NA,11.4634,13.344
"1080",331,2008-11-26,NA,11.4305,13.2985
"1081",332,2008-11-27,NA,11.3965,13.2543
"1082",333,2008-11-28,NA,11.3625,13.2117
"1083",334,2008-11-29,NA,11.3289,13.1755
"1084",335,2008-11-30,NA,11.2951,13.1394
"1085",336,2008-12-01,NA,11.2608,13.1022
"1086",337,2008-12-02,NA,11.2258,13.0635
"1087",338,2008-12-03,NA,11.1899,13.0296
"1088",339,2008-12-04,NA,11.1537,13.0021
"1089",340,2008-12-05,NA,11.1175,12.9753
"1090",341,2008-12-06,NA,11.0813,12.9496
"1091",342,2008-12-07,NA,11.0458,12.925
"1092",343,2008-12-08,NA,11.0105,12.9075
"1093",344,2008-12-09,NA,10.9755,12.8903
"1094",345,2008-12-10,NA,10.9407,12.8736
"1095",346,2008-12-11,NA,10.9068,12.8525
"1096",347,2008-12-12,10.298,10.873,12.8283
"1097",348,2008-12-13,10.49472222,10.8398,12.8027
"1098",349,2008-12-14,10.31918919,10.8069,12.7763
"1099",350,2008-12-15,9.521052632,10.7744,12.7473
"1100",351,2008-12-16,9.565945946,10.7426,12.7176
"1101",352,2008-12-17,9.525833333,10.7123,12.6861
"1102",353,2008-12-18,9.374193548,10.6837,12.6543
"1103",354,2008-12-19,9.847,10.6568,12.6214
"1104",355,2008-12-20,9.256190476,10.6314,12.587
"1105",356,2008-12-21,9.498636364,10.6069,12.5524
"1106",357,2008-12-22,9.651304348,10.5832,12.5135
"1107",358,2008-12-23,9.276521739,10.5606,12.4771
"1108",359,2008-12-24,9.132413793,10.5394,12.4452
"1109",360,2008-12-25,9.476551724,10.5195,12.414
"1110",361,2008-12-26,9.48516129,10.5008,12.3879
"1111",362,2008-12-27,9.09969697,10.4835,12.363
"1112",363,2008-12-28,9.4025,10.467,12.3379
"1113",364,2008-12-29,9.707142857,10.4511,12.3117
"1114",365,2008-12-30,9.420882353,10.4358,12.2853
"1115",366,2008-12-31,9.716060606,10.4213,12.2607
"1116",1,2009-01-01,9.613333333,10.4074,12.238
"1117",2,2009-01-02,9.872307692,10.394,12.2201
"1118",3,2009-01-03,9.47,10.3814,12.2036
"1119",4,2009-01-04,8.998095238,10.3694,12.1877
"1120",5,2009-01-05,8.993181818,10.3582,12.1721
"1121",6,2009-01-06,9.502916667,10.3483,12.1606
"1122",7,2009-01-07,9.5952,10.3391,12.1482
"1123",8,2009-01-08,9.640571429,10.3304,12.1288
"1124",9,2009-01-09,9.437941176,10.3219,12.1092
"1125",10,2009-01-10,9.143428571,10.3133,12.0889
"1126",11,2009-01-11,9.510555556,10.3048,12.0726
"1127",12,2009-01-12,9.607027027,10.2971,12.0592
"1128",13,2009-01-13,9.646111111,10.2902,12.0472
"1129",14,2009-01-14,9.745135135,10.2844,12.0358
"1130",15,2009-01-15,9.396470588,10.2796,12.0249
"1131",16,2009-01-16,9.563448276,10.2753,12.0132
"1132",17,2009-01-17,9.632380952,10.2711,12.0013
"1133",18,2009-01-18,9.460909091,10.2674,11.9812
"1134",19,2009-01-19,9.506818182,10.2644,11.9622
"1135",20,2009-01-20,9.600434783,10.2621,11.9461
"1136",21,2009-01-21,9.438695652,10.2605,11.9298
"1137",22,2009-01-22,9.564230769,10.2596,11.9187
"1138",23,2009-01-23,9.640357143,10.2588,11.9091
"1139",24,2009-01-24,9.691290323,10.2588,11.9028
"1140",25,2009-01-25,9.25875,10.2589,11.8977
"1141",26,2009-01-26,9.1046875,10.2597,11.894
"1142",27,2009-01-27,8.863939394,10.2613,11.8934
"1143",28,2009-01-28,9.156969697,10.2633,11.8943
"1144",29,2009-01-29,9.163125,10.2649,11.8963
"1145",30,2009-01-30,9.210322581,10.2656,11.8988
"1146",31,2009-01-31,9.182307692,10.2657,11.902
"1147",32,2009-02-01,8.9135,10.2654,11.9055
"1148",33,2009-02-02,8.896190476,10.2651,11.9088
"1149",34,2009-02-03,8.857826087,10.2645,11.9085
"1150",35,2009-02-04,9.2836,10.2633,11.9083
"1151",36,2009-02-05,9.1828,10.2615,11.9079
"1152",37,2009-02-06,9.559411765,10.2584,11.901
"1153",38,2009-02-07,9.567575758,10.2539,11.8898
"1154",39,2009-02-08,9.359428571,10.2491,11.8774
"1155",40,2009-02-09,9.143333333,10.2445,11.8642
"1156",41,2009-02-10,9.049428571,10.2404,11.85
"1157",42,2009-02-11,9.110571429,10.2369,11.8352
"1158",43,2009-02-12,9.1040625,10.2336,11.8211
"1159",44,2009-02-13,8.861612903,10.2304,11.808
"1160",45,2009-02-14,8.95,10.2273,11.7949
"1161",46,2009-02-15,8.95,10.2241,11.7822
"1162",47,2009-02-16,8.966,10.221,11.7719
"1163",48,2009-02-17,8.665,10.218,11.7636
"1164",49,2009-02-18,8.7845,10.2153,11.7643
"1165",50,2009-02-19,8.764736842,10.2121,11.765
"1166",51,2009-02-20,9.389473684,10.2083,11.7642
"1167",52,2009-02-21,9.744615385,10.2045,11.7644
"1168",53,2009-02-22,10.0137037,10.2006,11.7639
"1169",54,2009-02-23,10.322,10.1972,11.7624
"1170",55,2009-02-24,10.314,10.1943,11.7588
"1171",56,2009-02-25,10.32354839,10.1917,11.7558
"1172",57,2009-02-26,10.305,10.1896,11.7519
"1173",58,2009-02-27,10.49793103,10.1877,11.7456
"1174",59,2009-02-28,10.36035714,10.1859,11.7387
"1175",61,2009-03-01,10.3445,10.1857,11.7295
"1176",62,2009-03-02,10.67,10.1875,11.7269
"1177",63,2009-03-03,10.51190476,10.1896,11.7257
"1178",64,2009-03-04,10.30090909,10.1922,11.7254
"1179",65,2009-03-05,10.02318182,10.1953,11.7292
"1180",66,2009-03-06,9.908333333,10.1993,11.7363
"1181",67,2009-03-07,9.5484375,10.2041,11.7449
"1182",68,2009-03-08,10.05909091,10.21,11.7542
"1183",69,2009-03-09,9.834516129,10.2172,11.7664
"1184",70,2009-03-10,9.7934375,10.2253,11.7773
"1185",71,2009-03-11,9.877419355,10.2334,11.7883
"1186",72,2009-03-12,9.870322581,10.2411,11.7979
"1187",73,2009-03-13,9.864137931,10.2486,11.8061
"1188",74,2009-03-14,9.93125,10.2565,11.8132
"1189",75,2009-03-15,9.82,10.264,11.818
"1190",76,2009-03-16,10.19789474,10.2704,11.8207
"1191",77,2009-03-17,10.03235294,10.2758,11.8171
"1192",78,2009-03-18,9.868,10.2806,11.8116
"1193",79,2009-03-19,9.648333333,10.2845,11.8039
"1194",80,2009-03-20,10.59,10.2879,11.7935
"1195",81,2009-03-21,10.78,10.2914,11.7814
"1196",82,2009-03-22,9.873684211,10.2956,11.7694
"1197",83,2009-03-23,9.16875,10.2999,11.7615
"1198",84,2009-03-24,9.632692308,10.3046,11.7553
"1199",85,2009-03-25,9.478888889,10.3085,11.749
"1200",86,2009-03-26,9.959259259,10.3115,11.7437
"1201",87,2009-03-27,9.891428571,10.3136,11.7386
"1202",88,2009-03-28,9.967037037,10.3154,11.7382
"1203",89,2009-03-29,9.615416667,10.3172,11.738
"1204",90,2009-03-30,8.66,10.3204,11.7418
"1205",91,2009-03-31,8.226666667,10.3232,11.7439
"1206",92,2009-04-01,8.3725,10.3259,11.7449
"1207",93,2009-04-02,8.743684211,10.3277,11.7457
"1208",94,2009-04-03,7.928235294,10.3297,11.7482
"1209",95,2009-04-04,7.945,10.331,11.7525
"1210",96,2009-04-05,8.305,10.3327,11.7596
"1211",97,2009-04-06,8.586071429,10.3356,11.7629
"1212",98,2009-04-07,8.7075,10.3398,11.7646
"1213",99,2009-04-08,9.035185185,10.3444,11.7646
"1214",100,2009-04-09,9.371481481,10.3486,11.7648
"1215",101,2009-04-10,9.818076923,10.3511,11.7676
"1216",102,2009-04-11,9.946666667,10.3541,11.7711
"1217",103,2009-04-12,10.12333333,10.3569,11.7768
"1218",104,2009-04-13,10.10642857,10.3598,11.7842
"1219",105,2009-04-14,9.592857143,10.3622,11.7886
"1220",106,2009-04-15,8.593846154,10.3656,11.7942
"1221",107,2009-04-16,8.551111111,10.3689,11.7979
"1222",108,2009-04-17,NA,10.3716,11.8068
"1223",109,2009-04-18,NA,10.3736,11.8121
"1224",110,2009-04-19,NA,10.3758,11.8252
"1225",111,2009-04-20,9.751111111,10.3782,11.8406
"1226",112,2009-04-21,11.5,10.3799,11.8576
"1227",113,2009-04-22,10.1975,10.3802,11.8781
"1228",114,2009-04-23,9.227727273,10.3805,11.8909
"1229",115,2009-04-24,8.896666667,10.3806,11.9021
"1230",116,2009-04-25,8.602083333,10.3807,11.9127
"1231",117,2009-04-26,8.565416667,10.3819,11.9264
"1232",118,2009-04-27,8.177826087,10.3849,11.9407
"1233",119,2009-04-28,8.03375,10.3911,11.9512
"1234",120,2009-04-29,8.53875,10.3996,11.9619
"1235",121,2009-04-30,8.189444444,10.408,11.9752
"1236",122,2009-05-01,9.579473684,10.4169,11.9885
"1237",123,2009-05-02,10.04368421,10.4282,12.0146
"1238",124,2009-05-03,10.77375,10.4425,12.0472
"1239",125,2009-05-04,10.19375,10.4587,12.0577
"1240",126,2009-05-05,10.66823529,10.4776,12.0654
"1241",127,2009-05-06,10.67470588,10.4989,12.0697
"1242",128,2009-05-07,10.85705882,10.5202,12.0749
"1243",129,2009-05-08,10.75555556,10.5417,12.0866
"1244",130,2009-05-09,10.67055556,10.5638,12.1004
"1245",131,2009-05-10,10.86266667,10.5884,12.1182
"1246",132,2009-05-11,10.83928571,10.6183,12.1402
"1247",133,2009-05-12,10.10384615,10.6515,12.164
"1248",134,2009-05-13,9.9425,10.6872,12.1865
"1249",135,2009-05-14,10.035,10.7264,12.2111
"1250",136,2009-05-15,10.89142857,10.7688,12.2407
"1251",137,2009-05-16,NA,10.8145,12.2743
"1252",138,2009-05-17,NA,10.865,12.314
"1253",139,2009-05-18,12.924,10.9203,12.3592
"1254",140,2009-05-19,10.65428571,10.9794,12.4119
"1255",141,2009-05-20,10.008125,11.0411,12.467
"1256",142,2009-05-21,10.90166667,11.1021,12.522
"1257",143,2009-05-22,10.855,11.1624,12.5771
"1258",144,2009-05-23,10.62722222,11.2227,12.6286
"1259",145,2009-05-24,10.40791667,11.2811,12.6854
"1260",146,2009-05-25,10.9044,11.3352,12.7404
"1261",147,2009-05-26,10.9584,11.3864,12.7955
"1262",148,2009-05-27,10.77958333,11.4329,12.8432
"1263",149,2009-05-28,11.6568,11.4739,12.8892
"1264",150,2009-05-29,11.93185185,11.5088,12.9384
"1265",151,2009-05-30,12.11416667,11.5391,12.9901
"1266",152,2009-05-31,12.481875,11.5657,13.0321
"1267",153,2009-06-01,12.02625,11.5916,13.0759
"1268",154,2009-06-02,11.37166667,11.6157,13.1072
"1269",155,2009-06-03,11.27789474,11.6377,13.1322
"1270",156,2009-06-04,11.19578947,11.6607,13.1764
"1271",157,2009-06-05,11.97947368,11.6857,13.223
"1272",158,2009-06-06,12.87823529,11.7129,13.2697
"1273",159,2009-06-07,12.226875,11.7441,13.3188
"1274",160,2009-06-08,11.80666667,11.7791,13.3623
"1275",161,2009-06-09,11.69666667,11.8182,13.4104
"1276",162,2009-06-10,12.34857143,11.8595,13.4573
"1277",163,2009-06-11,12.055,11.901,13.5019
"1278",164,2009-06-12,12.62583333,11.9431,13.5467
"1279",165,2009-06-13,14.07928571,11.9852,13.595
"1280",166,2009-06-14,13.67666667,12.027,13.6432
"1281",167,2009-06-15,14.1475,12.0675,13.69
"1282",168,2009-06-16,13.72066667,12.1065,13.735
"1283",169,2009-06-17,14.05705882,12.1423,13.7794
"1284",170,2009-06-18,14.08842105,12.1751,13.8199
"1285",171,2009-06-19,12.7352381,12.2062,13.8585
"1286",172,2009-06-20,11.90285714,12.2365,13.8935
"1287",173,2009-06-21,11.0025,12.2687,13.932
"1288",174,2009-06-22,10.78769231,12.3019,13.9726
"1289",175,2009-06-23,11.98407407,12.3371,14.0137
"1290",176,2009-06-24,12.35517241,12.376,14.0539
"1291",177,2009-06-25,11.09586207,12.4194,14.0961
"1292",178,2009-06-26,11.19433333,12.4678,14.1384
"1293",179,2009-06-27,12.00966667,12.5216,14.1837
"1294",180,2009-06-28,12.92384615,12.5814,14.2291
"1295",181,2009-06-29,12.07055556,12.6464,14.2705
"1296",182,2009-06-30,12.27578947,12.7145,14.3085
"1297",183,2009-07-01,12.39684211,12.7855,14.3495
"1298",184,2009-07-02,12.9675,12.8581,14.3946
"1299",185,2009-07-03,13.172,12.9327,14.442
"1300",186,2009-07-04,12.90210526,13.0082,14.4908
"1301",187,2009-07-05,12.84777778,13.0819,14.5395
"1302",188,2009-07-06,12.761875,13.1544,14.5859
"1303",189,2009-07-07,11.962,13.224,14.6378
"1304",190,2009-07-08,11.585,13.288,14.6871
"1305",191,2009-07-09,11.82136364,13.3457,14.7341
"1306",192,2009-07-10,12.50545455,13.3975,14.7727
"1307",193,2009-07-11,13.06,13.4455,14.8099
"1308",194,2009-07-12,11.865,13.4903,14.8448
"1309",195,2009-07-13,13.02866667,13.5313,14.8755
"1310",196,2009-07-14,13.17647059,13.5701,14.898
"1311",197,2009-07-15,11.72944444,13.6058,14.9164
"1312",198,2009-07-16,14.4555,13.6407,14.9371
"1313",199,2009-07-17,14.65904762,13.6737,14.9536
"1314",200,2009-07-18,13.90173913,13.7065,14.9685
"1315",201,2009-07-19,13.91869565,13.7402,14.9899
"1316",202,2009-07-20,13.60076923,13.7742,15.0125
"1317",203,2009-07-21,12.87142857,13.8068,15.0319
"1318",204,2009-07-22,13.36258065,13.8369,15.0469
"1319",205,2009-07-23,13.35419355,13.8653,15.0536
"1320",206,2009-07-24,13.24548387,13.8922,15.0571
"1321",207,2009-07-25,13.00032258,13.9176,15.0625
"1322",208,2009-07-26,12.73375,13.9426,15.0726
"1323",209,2009-07-27,13.06653846,13.9651,15.0811
"1324",210,2009-07-28,14.1605,13.9846,15.0861
"1325",211,2009-07-29,12.96421053,14.0001,15.0862
"1326",212,2009-07-30,13.3245,14.0108,15.0855
"1327",213,2009-07-31,13.31210526,14.0192,15.0859
"1328",214,2009-08-01,13.95210526,14.0271,15.086
"1329",215,2009-08-02,13.51473684,14.0343,15.0826
"1330",216,2009-08-03,13.10684211,14.039,15.0763
"1331",217,2009-08-04,14.05772727,14.0424,15.0714
"1332",218,2009-08-05,13.3224,14.0452,15.0665
"1333",219,2009-08-06,13.45692308,14.0459,15.0658
"1334",220,2009-08-07,12.78346154,14.0449,15.0604
"1335",221,2009-08-08,13.28538462,14.0456,15.0561
"1336",222,2009-08-09,13.475,14.0496,15.0577
"1337",223,2009-08-10,13.20653846,14.058,15.0648
"1338",224,2009-08-11,13.77647059,14.067,15.0762
"1339",225,2009-08-12,14.32315789,14.0755,15.0926
"1340",226,2009-08-13,14.1505,14.0838,15.1128
"1341",227,2009-08-14,14.6252381,14.0919,15.1408
"1342",228,2009-08-15,12.895,14.0976,15.1714
"1343",229,2009-08-16,13.08045455,14.0993,15.1974
"1344",230,2009-08-17,13.435,14.0958,15.225
"1345",231,2009-08-18,13.65967742,14.088,15.245
"1346",232,2009-08-19,13.47548387,14.0752,15.2508
"1347",233,2009-08-20,13.69258065,14.0574,15.2532
"1348",234,2009-08-21,14.2846875,14.0357,15.2518
"1349",235,2009-08-22,13.93032258,14.0124,15.2498
"1350",236,2009-08-23,13.7375,13.9883,15.2446
"1351",237,2009-08-24,13.835625,13.9627,15.2352
"1352",238,2009-08-25,13.77230769,13.9359,15.2232
"1353",239,2009-08-26,13.66210526,13.9088,15.2062
"1354",240,2009-08-27,12.91444444,13.8825,15.1907
"1355",241,2009-08-28,12.40764706,13.8586,15.1782
"1356",242,2009-08-29,13.036875,13.8372,15.171
"1357",243,2009-08-30,13.038125,13.8176,15.1642
"1358",244,2009-08-31,13.02235294,13.7977,15.1562
"1359",245,2009-09-01,12.80708333,13.7761,15.1482
"1360",246,2009-09-02,13.46653846,13.7528,15.1373
"1361",247,2009-09-03,13.34153846,13.7278,15.1263
"1362",248,2009-09-04,13.265,13.7004,15.1112
"1363",249,2009-09-05,12.64892857,13.6709,15.0949
"1364",250,2009-09-06,12.5262963,13.6397,15.0732
"1365",251,2009-09-07,12.29814815,13.6072,15.0461
"1366",252,2009-09-08,13.28607143,13.5728,15.018
"1367",253,2009-09-09,13.99772727,13.5353,14.9857
"1368",254,2009-09-10,13.81047619,13.4943,14.9494
"1369",255,2009-09-11,13.503,13.4523,14.9066
"1370",256,2009-09-12,12.2347619,13.41,14.8565
"1371",257,2009-09-13,14.1505,13.3671,14.805
"1372",258,2009-09-14,13.69375,13.3232,14.7502
"1373",259,2009-09-15,13.647,13.2803,14.6932
"1374",260,2009-09-16,13.0065625,13.2389,14.636
"1375",261,2009-09-17,13.35,13.2002,14.5786
"1376",262,2009-09-18,13.58548387,13.1629,14.5244
"1377",263,2009-09-19,13.9153125,13.1265,14.4768
"1378",264,2009-09-20,13.27866667,13.0908,14.4308
"1379",265,2009-09-21,13.51806452,13.0557,14.3871
"1380",266,2009-09-22,13.86677419,13.0196,14.3404
"1381",267,2009-09-23,14.02269231,12.9828,14.2997
"1382",268,2009-09-24,14.27166667,12.9456,14.2652
"1383",269,2009-09-25,13.601875,12.908,14.2302
"1384",270,2009-09-26,13.99615385,12.8692,14.1953
"1385",271,2009-09-27,14.333,12.829,14.1598
"1386",272,2009-09-28,14.08454545,12.7869,14.1247
"1387",273,2009-09-29,13.5,12.7448,14.0921
"1388",274,2009-09-30,12.89916667,12.7043,14.065
"1389",275,2009-10-01,12.43074074,12.6659,14.0366
"1390",276,2009-10-02,11.91851852,12.6297,14.0078
"1391",277,2009-10-03,10.99,12.5959,13.9816
"1392",278,2009-10-04,10.27964286,12.5643,13.9587
"1393",279,2009-10-05,10.35642857,12.5346,13.9361
"1394",280,2009-10-06,10.57607143,12.5065,13.9147
"1395",281,2009-10-07,10.70066667,12.4787,13.8945
"1396",282,2009-10-08,10.91703704,12.4505,13.8788
"1397",283,2009-10-09,10.95809524,12.4222,13.8631
"1398",284,2009-10-10,11.16428571,12.3924,13.8422
"1399",285,2009-10-11,10.825,12.361,13.8215
"1400",286,2009-10-12,10.808,12.3285,13.8038
"1401",287,2009-10-13,10.85607143,12.2948,13.7896
"1402",288,2009-10-14,11.29103448,12.2608,13.7767
"1403",289,2009-10-15,11.42545455,12.2272,13.7689
"1404",290,2009-10-16,11.514375,12.1947,13.7644
"1405",291,2009-10-17,11.80517241,12.164,13.7646
"1406",292,2009-10-18,11.82419355,12.1363,13.7686
"1407",293,2009-10-19,12.18548387,12.1121,13.7773
"1408",294,2009-10-20,12.13806452,12.0913,13.7879
"1409",295,2009-10-21,12.424375,12.0735,13.7978
"1410",296,2009-10-22,12.14178571,12.0587,13.8084
"1411",297,2009-10-23,12.29444444,12.0472,13.8231
"1412",298,2009-10-24,12.79666667,12.0388,13.8415
"1413",299,2009-10-25,12.77888889,12.0324,13.8605
"1414",300,2009-10-26,12.26,12.0271,13.8799
"1415",301,2009-10-27,11.166,12.0223,13.8979
"1416",302,2009-10-28,10.61615385,12.0174,13.915
"1417",303,2009-10-29,10.77285714,12.0117,13.9253
"1418",304,2009-10-30,11.26153846,12.0044,13.9301
"1419",305,2009-10-31,11.36689655,11.9951,13.9284
"1420",306,2009-11-01,11.20925926,11.9843,13.9251
"1421",307,2009-11-02,11.21034483,11.9722,13.9158
"1422",308,2009-11-03,11.34482759,11.9581,13.8969
"1423",309,2009-11-04,11.47064516,11.9417,13.8741
"1424",310,2009-11-05,11.18794118,11.9242,13.851
"1425",311,2009-11-06,11.78515152,11.9054,13.8278
"1426",312,2009-11-07,11.97387097,11.886,13.8044
"1427",313,2009-11-08,12.041,11.8668,13.7811
"1428",314,2009-11-09,11.8362069,11.8475,13.758
"1429",315,2009-11-10,11.87074074,11.8284,13.7404
"1430",316,2009-11-11,11.90961538,11.8093,13.7249
"1431",317,2009-11-12,11.56777778,11.7897,13.7086
"1432",318,2009-11-13,11.77689655,11.7693,13.6913
"1433",319,2009-11-14,11.5896875,11.7488,13.6744
"1434",320,2009-11-15,11.38666667,11.7287,13.6539
"1435",321,2009-11-16,11.54129032,11.7078,13.6323
"1436",322,2009-11-17,11.71935484,11.6858,13.6081
"1437",323,2009-11-18,11.8553125,11.6617,13.5811
"1438",324,2009-11-19,11.666875,11.6355,13.5538
"1439",325,2009-11-20,11.63096774,11.6082,13.5247
"1440",326,2009-11-21,11.64571429,11.5806,13.4956
"1441",327,2009-11-22,11.70375,11.5527,13.4638
"1442",328,2009-11-23,11.6645,11.524,13.4269
"1443",329,2009-11-24,11.39,11.4945,13.3882
"1444",330,2009-11-25,11.39,11.4634,13.344
"1445",331,2009-11-26,11.65470588,11.4305,13.2985
"1446",332,2009-11-27,11.74473684,11.3965,13.2543
"1447",333,2009-11-28,10.71095238,11.3625,13.2117
"1448",334,2009-11-29,10.54703704,11.3289,13.1755
"1449",335,2009-11-30,10.35354839,11.2951,13.1394
"1450",336,2009-12-01,9.865483871,11.2608,13.1022
"1451",337,2009-12-02,9.79,11.2258,13.0635
"1452",338,2009-12-03,9.939117647,11.1899,13.0296
"1453",339,2009-12-04,9.925405405,11.1537,13.0021
"1454",340,2009-12-05,9.702105263,11.1175,12.9753
"1455",341,2009-12-06,9.430540541,11.0813,12.9496
"1456",342,2009-12-07,8.946857143,11.0458,12.925
"1457",343,2009-12-08,8.860967742,11.0105,12.9075
"1458",344,2009-12-09,8.614,10.9755,12.8903
"1459",345,2009-12-10,8.2,10.9407,12.8736
"1460",346,2009-12-11,8.494347826,10.9068,12.8525
"1461",347,2009-12-12,8.644782609,10.873,12.8283
"1462",348,2009-12-13,8.6415625,10.8398,12.8027
"1463",349,2009-12-14,8.733,10.8069,12.7763
"1464",350,2009-12-15,8.9315625,10.7744,12.7473
"1465",351,2009-12-16,9.403125,10.7426,12.7176
"1466",352,2009-12-17,10.31727273,10.7123,12.6861
"1467",353,2009-12-18,10.50257143,10.6837,12.6543
"1468",354,2009-12-19,10.71882353,10.6568,12.6214
"1469",355,2009-12-20,10.67666667,10.6314,12.587
"1470",356,2009-12-21,10.71966667,10.6069,12.5524
"1471",357,2009-12-22,10.3308,10.5832,12.5135
"1472",358,2009-12-23,9.922352941,10.5606,12.4771
"1473",359,2009-12-24,9.838421053,10.5394,12.4452
"1474",360,2009-12-25,9.582857143,10.5195,12.414
"1475",361,2009-12-26,9.861363636,10.5008,12.3879
"1476",362,2009-12-27,10.14,10.4835,12.363
"1477",363,2009-12-28,10.0792,10.467,12.3379
"1478",364,2009-12-29,9.868484848,10.4511,12.3117
"1479",365,2009-12-30,10.015,10.4358,12.2853
"1480",366,2009-12-31,10.20971429,10.4213,12.2607
"1481",1,2010-01-01,10.50277778,10.4074,12.238
"1482",2,2010-01-02,10.49027027,10.394,12.2201
"1483",3,2010-01-03,10.32216216,10.3814,12.2036
"1484",4,2010-01-04,10.44078947,10.3694,12.1877
"1485",5,2010-01-05,10.81771429,10.3582,12.1721
"1486",6,2010-01-06,11.086,10.3483,12.1606
"1487",7,2010-01-07,11.19045455,10.3391,12.1482
"1488",8,2010-01-08,11.42608696,10.3304,12.1288
"1489",9,2010-01-09,11.50304348,10.3219,12.1092
"1490",10,2010-01-10,11.34,10.3133,12.0889
"1491",11,2010-01-11,11.59451613,10.3048,12.0726
"1492",12,2010-01-12,11.96612903,10.2971,12.0592
"1493",13,2010-01-13,11.97375,10.2902,12.0472
"1494",14,2010-01-14,11.86875,10.2844,12.0358
"1495",15,2010-01-15,11.70382353,10.2796,12.0249
"1496",16,2010-01-16,11.61272727,10.2753,12.0132
"1497",17,2010-01-17,11.30909091,10.2711,12.0013
"1498",18,2010-01-18,11.764375,10.2674,11.9812
"1499",19,2010-01-19,11.6153125,10.2644,11.9622
"1500",20,2010-01-20,11.45769231,10.2621,11.9461
"1501",21,2010-01-21,11.31052632,10.2605,11.9298
"1502",22,2010-01-22,11.01,10.2596,11.9187
"1503",23,2010-01-23,10.82409091,10.2588,11.9091
"1504",24,2010-01-24,10.92,10.2588,11.9028
"1505",25,2010-01-25,10.8768,10.2589,11.8977
"1506",26,2010-01-26,11.01,10.2597,11.894
"1507",27,2010-01-27,10.55342857,10.2613,11.8934
"1508",28,2010-01-28,10.56264706,10.2633,11.8943
"1509",29,2010-01-29,10.98611111,10.2649,11.8963
"1510",30,2010-01-30,11.05388889,10.2656,11.8988
"1511",31,2010-01-31,10.86277778,10.2657,11.902
"1512",32,2010-02-01,10.94485714,10.2654,11.9055
"1513",33,2010-02-02,11.02382353,10.2651,11.9088
"1514",34,2010-02-03,11.06757576,10.2645,11.9085
"1515",35,2010-02-04,11.12148148,10.2633,11.9083
"1516",36,2010-02-05,11.26727273,10.2615,11.9079
"1517",37,2010-02-06,11.35636364,10.2584,11.901
"1518",38,2010-02-07,11.385,10.2539,11.8898
"1519",39,2010-02-08,11.42181818,10.2491,11.8774
"1520",40,2010-02-09,11.14230769,10.2445,11.8642
"1521",41,2010-02-10,10.81655172,10.2404,11.85
"1522",42,2010-02-11,11.20071429,10.2369,11.8352
"1523",43,2010-02-12,11.313,10.2336,11.8211
"1524",44,2010-02-13,11.52032258,10.2304,11.808
"1525",45,2010-02-14,11.66548387,10.2273,11.7949
"1526",46,2010-02-15,11.75225806,10.2241,11.7822
"1527",47,2010-02-16,11.872,10.221,11.7719
"1528",48,2010-02-17,11.60259259,10.218,11.7636
"1529",49,2010-02-18,11.19695652,10.2153,11.7643
"1530",50,2010-02-19,11.26,10.2121,11.765
"1531",51,2010-02-20,11.3625,10.2083,11.7642
"1532",52,2010-02-21,11.24714286,10.2045,11.7644
"1533",53,2010-02-22,11.31818182,10.2006,11.7639
"1534",54,2010-02-23,11.2873913,10.1972,11.7624
"1535",55,2010-02-24,11.43304348,10.1943,11.7588
"1536",56,2010-02-25,11.60363636,10.1917,11.7558
"1537",57,2010-02-26,11.63030303,10.1896,11.7519
"1538",58,2010-02-27,11.51058824,10.1877,11.7456
"1539",59,2010-02-28,11.58176471,10.1859,11.7387
"1540",61,2010-03-01,11.31939394,10.1857,11.7295
"1541",62,2010-03-02,11.40818182,10.1875,11.7269
"1542",63,2010-03-03,11.75193548,10.1896,11.7257
"1543",64,2010-03-04,11.68928571,10.1922,11.7254
"1544",65,2010-03-05,11.57,10.1953,11.7292
"1545",66,2010-03-06,11.462,10.1993,11.7363
"1546",67,2010-03-07,11.51,10.2041,11.7449
"1547",68,2010-03-08,11.49588235,10.21,11.7542
"1548",69,2010-03-09,11.1,10.2172,11.7664
"1549",70,2010-03-10,11.11066667,10.2253,11.7773
"1550",71,2010-03-11,11.16272727,10.2334,11.7883
"1551",72,2010-03-12,11.11615385,10.2411,11.7979
"1552",73,2010-03-13,11.1304,10.2486,11.8061
"1553",74,2010-03-14,11.1944,10.2565,11.8132
"1554",75,2010-03-15,11.41259259,10.264,11.818
"1555",76,2010-03-16,11.34555556,10.2704,11.8207
"1556",77,2010-03-17,11.36888889,10.2758,11.8171
"1557",78,2010-03-18,11.40875,10.2806,11.8116
"1558",79,2010-03-19,11.11375,10.2845,11.8039
"1559",80,2010-03-20,11.39705882,10.2879,11.7935
"1560",81,2010-03-21,11.53277778,10.2914,11.7814
"1561",82,2010-03-22,11.68,10.2956,11.7694
"1562",83,2010-03-23,11.04555556,10.2999,11.7615
"1563",84,2010-03-24,11.02111111,10.3046,11.7553
"1564",85,2010-03-25,11.0216,10.3085,11.749
"1565",86,2010-03-26,11.34931034,10.3115,11.7437
"1566",87,2010-03-27,11.3328125,10.3136,11.7386
"1567",88,2010-03-28,11.504,10.3154,11.7382
"1568",89,2010-03-29,11.65096774,10.3172,11.738
"1569",90,2010-03-30,11.361,10.3204,11.7418
"1570",91,2010-03-31,11.19833333,10.3232,11.7439
"1571",92,2010-04-01,11.07814815,10.3259,11.7449
"1572",93,2010-04-02,10.91608696,10.3277,11.7457
"1573",94,2010-04-03,10.95375,10.3297,11.7482
"1574",95,2010-04-04,10.68722222,10.331,11.7525
"1575",96,2010-04-05,10.514,10.3327,11.7596
"1576",97,2010-04-06,10.66,10.3356,11.7629
"1577",98,2010-04-07,NA,10.3398,11.7646
"1578",99,2010-04-08,NA,10.3444,11.7646
"1579",100,2010-04-09,10.9425,10.3486,11.7648
"1580",101,2010-04-10,10.63,10.3511,11.7676
"1581",102,2010-04-11,10.727,10.3541,11.7711
"1582",103,2010-04-12,10.81619048,10.3569,11.7768
"1583",104,2010-04-13,10.87428571,10.3598,11.7842
"1584",105,2010-04-14,10.68086957,10.3622,11.7886
"1585",106,2010-04-15,10.80909091,10.3656,11.7942
"1586",107,2010-04-16,11.17263158,10.3689,11.7979
"1587",108,2010-04-17,11.495,10.3716,11.8068
"1588",109,2010-04-18,11.522,10.3736,11.8121
"1589",110,2010-04-19,11.931875,10.3758,11.8252
"1590",111,2010-04-20,11.61235294,10.3782,11.8406
"1591",112,2010-04-21,10.63933333,10.3799,11.8576
"1592",113,2010-04-22,10.01421053,10.3802,11.8781
"1593",114,2010-04-23,9.859047619,10.3805,11.8909
"1594",115,2010-04-24,9.737391304,10.3806,11.9021
"1595",116,2010-04-25,9.556538462,10.3807,11.9127
"1596",117,2010-04-26,9.720769231,10.3819,11.9264
"1597",118,2010-04-27,10.15269231,10.3849,11.9407
"1598",119,2010-04-28,10.23407407,10.3911,11.9512
"1599",120,2010-04-29,10.4504,10.3996,11.9619
"1600",121,2010-04-30,10.59956522,10.408,11.9752
"1601",122,2010-05-01,10.43222222,10.4169,11.9885
"1602",123,2010-05-02,9.816923077,10.4282,12.0146
"1603",124,2010-05-03,9.358666667,10.4425,12.0472
"1604",125,2010-05-04,8.78,10.4587,12.0577
"1605",126,2010-05-05,NA,10.4776,12.0654
"1606",127,2010-05-06,NA,10.4989,12.0697
"1607",128,2010-05-07,11.224,10.5202,12.0749
"1608",129,2010-05-08,11.404,10.5417,12.0866
"1609",130,2010-05-09,12.00923077,10.5638,12.1004
"1610",131,2010-05-10,10.97666667,10.5884,12.1182
"1611",132,2010-05-11,10.41882353,10.6183,12.1402
"1612",133,2010-05-12,9.574375,10.6515,12.164
"1613",134,2010-05-13,11.52266667,10.6872,12.1865
"1614",135,2010-05-14,10.17411765,10.7264,12.2111
"1615",136,2010-05-15,10.07,10.7688,12.2407
"1616",137,2010-05-16,10.5895,10.8145,12.2743
"1617",138,2010-05-17,10.88736842,10.865,12.314
"1618",139,2010-05-18,11.052,10.9203,12.3592
"1619",140,2010-05-19,10.96608696,10.9794,12.4119
"1620",141,2010-05-20,11.48571429,11.0411,12.467
"1621",142,2010-05-21,11.16857143,11.1021,12.522
"1622",143,2010-05-22,11.39,11.1624,12.5771
"1623",144,2010-05-23,11.55,11.2227,12.6286
"1624",145,2010-05-24,12.31631579,11.2811,12.6854
"1625",146,2010-05-25,11.354,11.3352,12.7404
"1626",147,2010-05-26,12.85777778,11.3864,12.7955
"1627",148,2010-05-27,12.69571429,11.4329,12.8432
"1628",149,2010-05-28,12.58909091,11.4739,12.8892
"1629",150,2010-05-29,12.47190476,11.5088,12.9384
"1630",151,2010-05-30,12.82277778,11.5391,12.9901
"1631",152,2010-05-31,12.98923077,11.5657,13.0321
"1632",153,2010-06-01,12.17846154,11.5916,13.0759
"1633",154,2010-06-02,12.77,11.6157,13.1072
"1634",155,2010-06-03,13.056,11.6377,13.1322
"1635",156,2010-06-04,13.37,11.6607,13.1764
"1636",157,2010-06-05,14.14090909,11.6857,13.223
"1637",158,2010-06-06,13.97142857,11.7129,13.2697
"1638",159,2010-06-07,13.543125,11.7441,13.3188
"1639",160,2010-06-08,13.09222222,11.7791,13.3623
"1640",161,2010-06-09,12.86210526,11.8182,13.4104
"1641",162,2010-06-10,12.976,11.8595,13.4573
"1642",163,2010-06-11,11.75055556,11.901,13.5019
"1643",164,2010-06-12,11.66136364,11.9431,13.5467
"1644",165,2010-06-13,11.20666667,11.9852,13.595
"1645",166,2010-06-14,10.592,12.027,13.6432
"1646",167,2010-06-15,10.49076923,12.0675,13.69
"1647",168,2010-06-16,9.328571429,12.1065,13.735
"1648",169,2010-06-17,9.326206897,12.1423,13.7794
"1649",170,2010-06-18,9.96125,12.1751,13.8199
"1650",171,2010-06-19,10.15166667,12.2062,13.8585
"1651",172,2010-06-20,10.6145,12.2365,13.8935
"1652",173,2010-06-21,9.449,12.2687,13.932
"1653",174,2010-06-22,12.14666667,12.3019,13.9726
"1654",175,2010-06-23,9.738095238,12.3371,14.0137
"1655",176,2010-06-24,11.3775,12.376,14.0539
"1656",177,2010-06-25,11.51473684,12.4194,14.0961
"1657",178,2010-06-26,11.48818182,12.4678,14.1384
"1658",179,2010-06-27,11.62130435,12.5216,14.1837
"1659",180,2010-06-28,11.57956522,12.5814,14.2291
"1660",181,2010-06-29,10.17454545,12.6464,14.2705
"1661",182,2010-06-30,10.77952381,12.7145,14.3085
"1662",183,2010-07-01,10.97333333,12.7855,14.3495
"1663",184,2010-07-02,10.86916667,12.8581,14.3946
"1664",185,2010-07-03,10.32461538,12.9327,14.442
"1665",186,2010-07-04,9.880625,13.0082,14.4908
"1666",187,2010-07-05,9.242941176,13.0819,14.5395
"1667",188,2010-07-06,11.10157895,13.1544,14.5859
"1668",189,2010-07-07,9.651904762,13.224,14.6378
"1669",190,2010-07-08,10.42285714,13.288,14.6871
"1670",191,2010-07-09,12.85590909,13.3457,14.7341
"1671",192,2010-07-10,12.26565217,13.3975,14.7727
"1672",193,2010-07-11,12.83925926,13.4455,14.8099
"1673",194,2010-07-12,12.71066667,13.4903,14.8448
"1674",195,2010-07-13,12.47766667,13.5313,14.8755
"1675",196,2010-07-14,12.71433333,13.5701,14.898
"1676",197,2010-07-15,13.32333333,13.6058,14.9164
"1677",198,2010-07-16,13.138125,13.6407,14.9371
"1678",199,2010-07-17,13.88961538,13.6737,14.9536
"1679",200,2010-07-18,13.7565,13.7065,14.9685
"1680",201,2010-07-19,13.78047619,13.7402,14.9899
"1681",202,2010-07-20,13.67619048,13.7742,15.0125
"1682",203,2010-07-21,13.48571429,13.8068,15.0319
"1683",204,2010-07-22,13.11190476,13.8369,15.0469
"1684",205,2010-07-23,13.0045,13.8653,15.0536
"1685",206,2010-07-24,12.91608696,13.8922,15.0571
"1686",207,2010-07-25,12.6412,13.9176,15.0625
"1687",208,2010-07-26,12.90576923,13.9426,15.0726
"1688",209,2010-07-27,12.9308,13.9651,15.0811
"1689",210,2010-07-28,12.998,13.9846,15.0861
"1690",211,2010-07-29,13.12708333,14.0001,15.0862
"1691",212,2010-07-30,13.4568,14.0108,15.0855
"1692",213,2010-07-31,13.79444444,14.0192,15.0859
"1693",214,2010-08-01,13.92625,14.0271,15.086
"1694",215,2010-08-02,13.64176471,14.0343,15.0826
"1695",216,2010-08-03,13.05,14.039,15.0763
"1696",217,2010-08-04,13.2545,14.0424,15.0714
"1697",218,2010-08-05,13.58904762,14.0452,15.0665
"1698",219,2010-08-06,13.57409091,14.0459,15.0658
"1699",220,2010-08-07,14.60545455,14.0449,15.0604
"1700",221,2010-08-08,13.73413793,14.0456,15.0561
"1701",222,2010-08-09,13.66566667,14.0496,15.0577
"1702",223,2010-08-10,13.5546875,14.058,15.0648
"1703",224,2010-08-11,13.07774194,14.067,15.0762
"1704",225,2010-08-12,12.757,14.0755,15.0926
"1705",226,2010-08-13,13.0675,14.0838,15.1128
"1706",227,2010-08-14,13.33606061,14.0919,15.1408
"1707",228,2010-08-15,13.50423077,14.0976,15.1714
"1708",229,2010-08-16,12.62571429,14.0993,15.1974
"1709",230,2010-08-17,14.614,14.0958,15.225
"1710",231,2010-08-18,12.26210526,14.088,15.245
"1711",232,2010-08-19,12.34421053,14.0752,15.2508
"1712",233,2010-08-20,13.22666667,14.0574,15.2532
"1713",234,2010-08-21,12.4004,14.0357,15.2518
"1714",235,2010-08-22,12.87444444,14.0124,15.2498
"1715",236,2010-08-23,13.00846154,13.9883,15.2446
"1716",237,2010-08-24,13.60071429,13.9627,15.2352
"1717",238,2010-08-25,13.75518519,13.9359,15.2232
"1718",239,2010-08-26,13.40259259,13.9088,15.2062
"1719",240,2010-08-27,13.43625,13.8825,15.1907
"1720",241,2010-08-28,12.6262963,13.8586,15.1782
"1721",242,2010-08-29,14.25809524,13.8372,15.171
"1722",243,2010-08-30,13.33222222,13.8176,15.1642
"1723",244,2010-08-31,12.97055556,13.7977,15.1562
"1724",245,2010-09-01,12.77157895,13.7761,15.1482
"1725",246,2010-09-02,13.95052632,13.7528,15.1373
"1726",247,2010-09-03,13.069,13.7278,15.1263
"1727",248,2010-09-04,12.09,13.7004,15.1112
"1728",249,2010-09-05,11.78068966,13.6709,15.0949
"1729",250,2010-09-06,10.03875,13.6397,15.0732
"1730",251,2010-09-07,10.79129032,13.6072,15.0461
"1731",252,2010-09-08,11.00375,13.5728,15.018
"1732",253,2010-09-09,11.10677419,13.5353,14.9857
"1733",254,2010-09-10,11.08419355,13.4943,14.9494
"1734",255,2010-09-11,11.73757576,13.4523,14.9066
"1735",256,2010-09-12,12.28272727,13.41,14.8565
"1736",257,2010-09-13,13.06962963,13.3671,14.805
"1737",258,2010-09-14,12.90684211,13.3232,14.7502
"1738",259,2010-09-15,12.74,13.2803,14.6932
"1739",260,2010-09-16,12.04,13.2389,14.636
"1740",261,2010-09-17,12.45785714,13.2002,14.5786
"1741",262,2010-09-18,12.04545455,13.1629,14.5244
"1742",263,2010-09-19,12.4652,13.1265,14.4768
"1743",264,2010-09-20,12.83962963,13.0908,14.4308
"1744",265,2010-09-21,12.58185185,13.0557,14.3871
"1745",266,2010-09-22,12.95148148,13.0196,14.3404
"1746",267,2010-09-23,13.28518519,12.9828,14.2997
"1747",268,2010-09-24,13.08115385,12.9456,14.2652
"1748",269,2010-09-25,13.25,12.908,14.2302
"1749",270,2010-09-26,12.88928571,12.8692,14.1953
"1750",271,2010-09-27,13.4416,12.829,14.1598
"1751",272,2010-09-28,13.01789474,12.7869,14.1247
"1752",273,2010-09-29,13.1885,12.7448,14.0921
"1753",274,2010-09-30,13.40611111,12.7043,14.065
"1754",275,2010-10-01,13.24388889,12.6659,14.0366
"1755",276,2010-10-02,13.14764706,12.6297,14.0078
"1756",277,2010-10-03,12.63555556,12.5959,13.9816
"1757",278,2010-10-04,12.5,12.5643,13.9587
"1758",279,2010-10-05,10.93735294,12.5346,13.9361
"1759",280,2010-10-06,10.75967742,12.5065,13.9147
"1760",281,2010-10-07,10.9228125,12.4787,13.8945
"1761",282,2010-10-08,11.38483871,12.4505,13.8788
"1762",283,2010-10-09,11.1016129,12.4222,13.8631
"1763",284,2010-10-10,10.95666667,12.3924,13.8422
"1764",285,2010-10-11,11.00272727,12.361,13.8215
"1765",286,2010-10-12,11.08241379,12.3285,13.8038
"1766",287,2010-10-13,11.34217391,12.2948,13.7896
"1767",288,2010-10-14,11.49375,12.2608,13.7767
"1768",289,2010-10-15,10.705,12.2272,13.7689
"1769",290,2010-10-16,10.6075,12.1947,13.7644
"1770",291,2010-10-17,10.53052632,12.164,13.7646
"1771",292,2010-10-18,10.78695652,12.1363,13.7686
"1772",293,2010-10-19,11.0792,12.1121,13.7773
"1773",294,2010-10-20,10.94423077,12.0913,13.7879
"1774",295,2010-10-21,10.85076923,12.0735,13.7978
"1775",296,2010-10-22,11.11555556,12.0587,13.8084
"1776",297,2010-10-23,11.22392857,12.0472,13.8231
"1777",298,2010-10-24,11.72925926,12.0388,13.8415
"1778",299,2010-10-25,11.612,12.0324,13.8605
"1779",300,2010-10-26,11.51413793,12.0271,13.8799
"1780",301,2010-10-27,11.1624,12.0223,13.8979
"1781",302,2010-10-28,11.13,12.0174,13.915
"1782",303,2010-10-29,11.37695652,12.0117,13.9253
"1783",304,2010-10-30,11.35291667,12.0044,13.9301
"1784",305,2010-10-31,11.43,11.9951,13.9284
"1785",306,2010-11-01,11.68592593,11.9843,13.9251
"1786",307,2010-11-02,11.89,11.9722,13.9158
"1787",308,2010-11-03,12.065,11.9581,13.8969
"1788",309,2010-11-04,12.04636364,11.9417,13.8741
"1789",310,2010-11-05,11.95709677,11.9242,13.851
"1790",311,2010-11-06,12.13969697,11.9054,13.8278
"1791",312,2010-11-07,12.469375,11.886,13.8044
"1792",313,2010-11-08,12.55735294,11.8668,13.7811
"1793",314,2010-11-09,12.18029412,11.8475,13.758
"1794",315,2010-11-10,12.5628125,11.8284,13.7404
"1795",316,2010-11-11,12.54034483,11.8093,13.7249
"1796",317,2010-11-12,12.47458333,11.7897,13.7086
"1797",318,2010-11-13,12.09,11.7693,13.6913
"1798",319,2010-11-14,11.99466667,11.7488,13.6744
"1799",320,2010-11-15,11.858125,11.7287,13.6539
"1800",321,2010-11-16,11.39235294,11.7078,13.6323
"1801",322,2010-11-17,10.70684211,11.6858,13.6081
"1802",323,2010-11-18,11.19954545,11.6617,13.5811
"1803",324,2010-11-19,11.07285714,11.6355,13.5538
"1804",325,2010-11-20,10.72857143,11.6082,13.5247
"1805",326,2010-11-21,10.99133333,11.5806,13.4956
"1806",327,2010-11-22,10.87419355,11.5527,13.4638
"1807",328,2010-11-23,10.7128125,11.524,13.4269
"1808",329,2010-11-24,10.29545455,11.4945,13.3882
"1809",330,2010-11-25,9.834411765,11.4634,13.344
"1810",331,2010-11-26,9.489117647,11.4305,13.2985
"1811",332,2010-11-27,9.738387097,11.3965,13.2543
"1812",333,2010-11-28,10.02785714,11.3625,13.2117
"1813",334,2010-11-29,9.775909091,11.3289,13.1755
"1814",335,2010-11-30,9.614285714,11.2951,13.1394
"1815",336,2010-12-01,10.2624,11.2608,13.1022
"1816",337,2010-12-02,10.19212903,11.2258,13.0635
"1817",338,2010-12-03,9.635735294,11.1899,13.0296
"1818",339,2010-12-04,9.77583871,11.1537,13.0021
"1819",340,2010-12-05,10.13788235,11.1175,12.9753
"1820",341,2010-12-06,10.1935,11.0813,12.9496
"1821",342,2010-12-07,10.49454286,11.0458,12.925
"1822",343,2010-12-08,10.77102857,11.0105,12.9075
"1823",344,2010-12-09,10.84363636,10.9755,12.8903
"1824",345,2010-12-10,10.82403125,10.9407,12.8736
"1825",346,2010-12-11,10.85653846,10.9068,12.8525
"1826",347,2010-12-12,11.0016875,10.873,12.8283
"1827",348,2010-12-13,11.301,10.8398,12.8027
"1828",349,2010-12-14,11.38536842,10.8069,12.7763
"1829",350,2010-12-15,11.23625,10.7744,12.7473
"1830",351,2010-12-16,10.65281818,10.7426,12.7176
"1831",352,2010-12-17,10.75104348,10.7123,12.6861
"1832",353,2010-12-18,10.86818519,10.6837,12.6543
"1833",354,2010-12-19,11.01210345,10.6568,12.6214
"1834",355,2010-12-20,11.060875,10.6314,12.587
"1835",356,2010-12-21,10.97861765,10.6069,12.5524
"1836",357,2010-12-22,10.74305714,10.5832,12.5135
"1837",358,2010-12-23,10.79816216,10.5606,12.4771
"1838",359,2010-12-24,11.002,10.5394,12.4452
"1839",360,2010-12-25,10.85013889,10.5195,12.414
"1840",361,2010-12-26,10.71909091,10.5008,12.3879
"1841",362,2010-12-27,10.89382759,10.4835,12.363
"1842",363,2010-12-28,10.84428571,10.467,12.3379
"1843",364,2010-12-29,10.78843478,10.4511,12.3117
"1844",365,2010-12-30,10.256,10.4358,12.2853
"1845",366,2010-12-31,9.879206897,10.4213,12.2607
"1846",1,2011-01-01,10.22785714,10.4074,12.238
"1847",2,2011-01-02,10.51928125,10.394,12.2201
"1848",3,2011-01-03,10.4305,10.3814,12.2036
"1849",4,2011-01-04,10.47952941,10.3694,12.1877
"1850",5,2011-01-05,10.44065714,10.3582,12.1721
"1851",6,2011-01-06,10.52891176,10.3483,12.1606
"1852",7,2011-01-07,10.43637143,10.3391,12.1482
"1853",8,2011-01-08,10.1675,10.3304,12.1288
"1854",9,2011-01-09,10.23103571,10.3219,12.1092
"1855",10,2011-01-10,10.00005556,10.3133,12.0889
"1856",11,2011-01-11,9.702368421,10.3048,12.0726
"1857",12,2011-01-12,10.14638095,10.2971,12.0592
"1858",13,2011-01-13,10.40159091,10.2902,12.0472
"1859",14,2011-01-14,10.705,10.2844,12.0358
"1860",15,2011-01-15,10.4726087,10.2796,12.0249
"1861",16,2011-01-16,10.77646429,10.2753,12.0132
"1862",17,2011-01-17,10.63769697,10.2711,12.0013
"1863",18,2011-01-18,10.49676471,10.2674,11.9812
"1864",19,2011-01-19,10.52942857,10.2644,11.9622
"1865",20,2011-01-20,10.23482857,10.2621,11.9461
"1866",21,2011-01-21,10.54280556,10.2605,11.9298
"1867",22,2011-01-22,10.48219444,10.2596,11.9187
"1868",23,2011-01-23,10.40842857,10.2588,11.9091
"1869",24,2011-01-24,10.46994286,10.2588,11.9028
"1870",25,2011-01-25,10.22866667,10.2589,11.8977
"1871",26,2011-01-26,10.0816087,10.2597,11.894
"1872",27,2011-01-27,10.25291667,10.2613,11.8934
"1873",28,2011-01-28,10.11191667,10.2633,11.8943
"1874",29,2011-01-29,10.02871429,10.2649,11.8963
"1875",30,2011-01-30,10.25351515,10.2656,11.8988
"1876",31,2011-01-31,10.25590625,10.2657,11.902
"1877",32,2011-02-01,10.13442424,10.2654,11.9055
"1878",33,2011-02-02,10.0765625,10.2651,11.9088
"1879",34,2011-02-03,10.0620625,10.2645,11.9085
"1880",35,2011-02-04,10.25446875,10.2633,11.9083
"1881",36,2011-02-05,10.31319355,10.2615,11.9079
"1882",37,2011-02-06,10.25948276,10.2584,11.901
"1883",38,2011-02-07,10.332,10.2539,11.8898
"1884",39,2011-02-08,9.709111111,10.2491,11.8774
"1885",40,2011-02-09,9.133473684,10.2445,11.8642
"1886",41,2011-02-10,9.063,10.2404,11.85
"1887",42,2011-02-11,9.02125,10.2369,11.8352
"1888",43,2011-02-12,8.58847619,10.2336,11.8211
"1889",44,2011-02-13,9.179136364,10.2304,11.808
"1890",45,2011-02-14,9.55252,10.2273,11.7949
"1891",46,2011-02-15,10.08624242,10.2241,11.7822
"1892",47,2011-02-16,9.776375,10.221,11.7719
"1893",48,2011-02-17,9.670058824,10.218,11.7636
"1894",49,2011-02-18,9.499771429,10.2153,11.7643
"1895",50,2011-02-19,9.824428571,10.2121,11.765
"1896",51,2011-02-20,9.619542857,10.2083,11.7642
"1897",52,2011-02-21,9.356484848,10.2045,11.7644
"1898",53,2011-02-22,9.648733333,10.2006,11.7639
"1899",54,2011-02-23,9.566318182,10.1972,11.7624
"1900",55,2011-02-24,8.840181818,10.1943,11.7588
"1901",56,2011-02-25,9.093590909,10.1917,11.7558
"1902",57,2011-02-26,8.907428571,10.1896,11.7519
"1903",58,2011-02-27,8.269391304,10.1877,11.7456
"1904",59,2011-02-28,9.254285714,10.1859,11.7387
"1905",61,2011-03-01,9.487724138,10.1857,11.7295
"1906",62,2011-03-02,9.597928571,10.1875,11.7269
"1907",63,2011-03-03,9.562655172,10.1896,11.7257
"1908",64,2011-03-04,9.630655172,10.1922,11.7254
"1909",65,2011-03-05,9.762344828,10.1953,11.7292
"1910",66,2011-03-06,9.904964286,10.1993,11.7363
"1911",67,2011-03-07,9.9,10.2041,11.7449
"1912",68,2011-03-08,9.671636364,10.21,11.7542
"1913",69,2011-03-09,9.857333333,10.2172,11.7664
"1914",70,2011-03-10,10.06705556,10.2253,11.7773
"1915",71,2011-03-11,10.18047059,10.2334,11.7883
"1916",72,2011-03-12,10.259,10.2411,11.7979
"1917",73,2011-03-13,10.47116667,10.2486,11.8061
"1918",74,2011-03-14,10.57970588,10.2565,11.8132
"1919",75,2011-03-15,10.58066667,10.264,11.818
"1920",76,2011-03-16,10.39696667,10.2704,11.8207
"1921",77,2011-03-17,10.21771875,10.2758,11.8171
"1922",78,2011-03-18,10.2061875,10.2806,11.8116
"1923",79,2011-03-19,10.1119375,10.2845,11.8039
"1924",80,2011-03-20,10.1081875,10.2879,11.7935
"1925",81,2011-03-21,10.29580645,10.2914,11.7814
"1926",82,2011-03-22,10.4232069,10.2956,11.7694
"1927",83,2011-03-23,10.43411538,10.2999,11.7615
"1928",84,2011-03-24,10.30347368,10.3046,11.7553
"1929",85,2011-03-25,10.20289474,10.3085,11.749
"1930",86,2011-03-26,10.00683333,10.3115,11.7437
"1931",87,2011-03-27,9.978714286,10.3136,11.7386
"1932",88,2011-03-28,10.036625,10.3154,11.7382
"1933",89,2011-03-29,10.13968421,10.3172,11.738
"1934",90,2011-03-30,10.49966667,10.3204,11.7418
"1935",91,2011-03-31,10.54266667,10.3232,11.7439
"1936",92,2011-04-01,10.50130435,10.3259,11.7449
"1937",93,2011-04-02,10.24682609,10.3277,11.7457
"1938",94,2011-04-03,10.20504348,10.3297,11.7482
"1939",95,2011-04-04,9.960090909,10.331,11.7525
"1940",96,2011-04-05,10.01468421,10.3327,11.7596
"1941",97,2011-04-06,9.276357143,10.3356,11.7629
"1942",98,2011-04-07,9.203928571,10.3398,11.7646
"1943",99,2011-04-08,8.921071429,10.3444,11.7646
"1944",100,2011-04-09,8.6396875,10.3486,11.7648
"1945",101,2011-04-10,8.738933333,10.3511,11.7676
"1946",102,2011-04-11,9.107416667,10.3541,11.7711
"1947",103,2011-04-12,8.834545455,10.3569,11.7768
"1948",104,2011-04-13,9.4445,10.3598,11.7842
"1949",105,2011-04-14,9.6016,10.3622,11.7886
"1950",106,2011-04-15,9.839275862,10.3656,11.7942
"1951",107,2011-04-16,10.25632143,10.3689,11.7979
"1952",108,2011-04-17,10.5237931,10.3716,11.8068
"1953",109,2011-04-18,10.72713333,10.3736,11.8121
"1954",110,2011-04-19,10.73848276,10.3758,11.8252
"1955",111,2011-04-20,10.53155556,10.3782,11.8406
"1956",112,2011-04-21,10.59186957,10.3799,11.8576
"1957",113,2011-04-22,10.11068421,10.3802,11.8781
"1958",114,2011-04-23,10.174875,10.3805,11.8909
"1959",115,2011-04-24,10.159,10.3806,11.9021
"1960",116,2011-04-25,NA,10.3807,11.9127
"1961",117,2011-04-26,11.94585714,10.3819,11.9264
"1962",118,2011-04-27,11.7053,10.3849,11.9407
"1963",119,2011-04-28,10.85216667,10.3911,11.9512
"1964",120,2011-04-29,10.46,10.3996,11.9619
"1965",121,2011-04-30,9.715866667,10.408,11.9752
"1966",122,2011-05-01,10.44785714,10.4169,11.9885
"1967",123,2011-05-02,9.7905,10.4282,12.0146
"1968",124,2011-05-03,9.201266667,10.4425,12.0472
"1969",125,2011-05-04,9.0214,10.4587,12.0577
"1970",126,2011-05-05,9.041266667,10.4776,12.0654
"1971",127,2011-05-06,9.1175,10.4989,12.0697
"1972",128,2011-05-07,9.102307692,10.5202,12.0749
"1973",129,2011-05-08,9.0792,10.5417,12.0866
"1974",130,2011-05-09,8.742307692,10.5638,12.1004
"1975",131,2011-05-10,9.428866667,10.5884,12.1182
"1976",132,2011-05-11,9.543833333,10.6183,12.1402
"1977",133,2011-05-12,9.639071429,10.6515,12.164
"1978",134,2011-05-13,10.11417647,10.6872,12.1865
"1979",135,2011-05-14,9.998526316,10.7264,12.2111
"1980",136,2011-05-15,9.193730769,10.7688,12.2407
"1981",137,2011-05-16,9.43792,10.8145,12.2743
"1982",138,2011-05-17,10.17484615,10.865,12.314
"1983",139,2011-05-18,10.41265385,10.9203,12.3592
"1984",140,2011-05-19,10.2832,10.9794,12.4119
"1985",141,2011-05-20,10.915625,11.0411,12.467
"1986",142,2011-05-21,11.17668182,11.1021,12.522
"1987",143,2011-05-22,10.49838095,11.1624,12.5771
"1988",144,2011-05-23,10.15793333,11.2227,12.6286
"1989",145,2011-05-24,12.046875,11.2811,12.6854
"1990",146,2011-05-25,11.5959,11.3352,12.7404
"1991",147,2011-05-26,11.47861538,11.3864,12.7955
"1992",148,2011-05-27,11.91107143,11.4329,12.8432
"1993",149,2011-05-28,11.8754375,11.4739,12.8892
"1994",150,2011-05-29,11.37723529,11.5088,12.9384
"1995",151,2011-05-30,10.64841176,11.5391,12.9901
"1996",152,2011-05-31,11.4613125,11.5657,13.0321
"1997",153,2011-06-01,11.745,11.5916,13.0759
"1998",154,2011-06-02,12.2866875,11.6157,13.1072
"1999",155,2011-06-03,12.10031579,11.6377,13.1322
"2000",156,2011-06-04,12.06871429,11.6607,13.1764
"2001",157,2011-06-05,12.63842857,11.6857,13.223
"2002",158,2011-06-06,13.29804167,11.7129,13.2697
"2003",159,2011-06-07,12.25683333,11.7441,13.3188
"2004",160,2011-06-08,12.28788889,11.7791,13.3623
"2005",161,2011-06-09,13.8069375,11.8182,13.4104
"2006",162,2011-06-10,11.83266667,11.8595,13.4573
"2007",163,2011-06-11,12.9074,11.901,13.5019
"2008",164,2011-06-12,12.26852381,11.9431,13.5467
"2009",165,2011-06-13,11.9237619,11.9852,13.595
"2010",166,2011-06-14,10.73926087,12.027,13.6432
"2011",167,2011-06-15,10.54365385,12.0675,13.69
"2012",168,2011-06-16,9.724923077,12.1065,13.735
"2013",169,2011-06-17,9.937961538,12.1423,13.7794
"2014",170,2011-06-18,10.68483333,12.1751,13.8199
"2015",171,2011-06-19,10.17316667,12.2062,13.8585
"2016",172,2011-06-20,10.01645833,12.2365,13.8935
"2017",173,2011-06-21,11.4725,12.2687,13.932
"2018",174,2011-06-22,10.94541667,12.3019,13.9726
"2019",175,2011-06-23,10.55153846,12.3371,14.0137
"2020",176,2011-06-24,10.74966667,12.376,14.0539
"2021",177,2011-06-25,12.4575,12.4194,14.0961
"2022",178,2011-06-26,10.96441176,12.4678,14.1384
"2023",179,2011-06-27,13.48084211,12.5216,14.1837
"2024",180,2011-06-28,12.7625,12.5814,14.2291
"2025",181,2011-06-29,13.58231579,12.6464,14.2705
"2026",182,2011-06-30,11.60341176,12.7145,14.3085
"2027",183,2011-07-01,11.77645833,12.7855,14.3495
"2028",184,2011-07-02,11.25774074,12.8581,14.3946
"2029",185,2011-07-03,11.57681481,12.9327,14.442
"2030",186,2011-07-04,11.47025926,13.0082,14.4908
"2031",187,2011-07-05,12.471,13.0819,14.5395
"2032",188,2011-07-06,13.10260714,13.1544,14.5859
"2033",189,2011-07-07,14.34305,13.224,14.6378
"2034",190,2011-07-08,13.03385,13.288,14.6871
"2035",191,2011-07-09,13.74185714,13.3457,14.7341
"2036",192,2011-07-10,13.80377273,13.3975,14.7727
"2037",193,2011-07-11,12.85140909,13.4455,14.8099
"2038",194,2011-07-12,11.63728571,13.4903,14.8448
"2039",195,2011-07-13,12,13.5313,14.8755
"2040",196,2011-07-14,10.75407692,13.5701,14.898
"2041",197,2011-07-15,11.57914815,13.6058,14.9164
"2042",198,2011-07-16,12.61564286,13.6407,14.9371
"2043",199,2011-07-17,13.58544444,13.6737,14.9536
"2044",200,2011-07-18,13.12836,13.7065,14.9685
"2045",201,2011-07-19,13.41444444,13.7402,14.9899
"2046",202,2011-07-20,12.498,13.7742,15.0125
"2047",203,2011-07-21,13.9316,13.8068,15.0319
"2048",204,2011-07-22,13.013,13.8369,15.0469
"2049",205,2011-07-23,14.8221875,13.8653,15.0536
"2050",206,2011-07-24,13.766,13.8922,15.0571
"2051",207,2011-07-25,13.93505263,13.9176,15.0625
"2052",208,2011-07-26,14.6497,13.9426,15.0726
"2053",209,2011-07-27,14.73495,13.9651,15.0811
"2054",210,2011-07-28,12.7472381,13.9846,15.0861
"2055",211,2011-07-29,13.6136,14.0001,15.0862
"2056",212,2011-07-30,13.77686207,14.0108,15.0855
"2057",213,2011-07-31,14.38113333,14.0192,15.0859
"2058",214,2011-08-01,14.14176667,14.0271,15.086
"2059",215,2011-08-02,13.95648276,14.0343,15.0826
"2060",216,2011-08-03,14.51854545,14.039,15.0763
"2061",217,2011-08-04,14.33477419,14.0424,15.0714
"2062",218,2011-08-05,14.89766667,14.0452,15.0665
"2063",219,2011-08-06,16.2232381,14.0459,15.0658
"2064",220,2011-08-07,15.56685714,14.0449,15.0604
"2065",221,2011-08-08,14.16972727,14.0456,15.0561
"2066",222,2011-08-09,14.76947619,14.0496,15.0577
"2067",223,2011-08-10,15.1845,14.058,15.0648
"2068",224,2011-08-11,14.87189286,14.067,15.0762
"2069",225,2011-08-12,14.30760714,14.0755,15.0926
"2070",226,2011-08-13,14.0695,14.0838,15.1128
"2071",227,2011-08-14,14.31260714,14.0919,15.1408
"2072",228,2011-08-15,14.67382143,14.0976,15.1714
"2073",229,2011-08-16,14.67407692,14.0993,15.1974
"2074",230,2011-08-17,14.573,14.0958,15.225
"2075",231,2011-08-18,14.39325,14.088,15.245
"2076",232,2011-08-19,14.3075,14.0752,15.2508
"2077",233,2011-08-20,15.0403125,14.0574,15.2532
"2078",234,2011-08-21,14.91147059,14.0357,15.2518
"2079",235,2011-08-22,15.39670588,14.0124,15.2498
"2080",236,2011-08-23,13.579,13.9883,15.2446
"2081",237,2011-08-24,15.41566667,13.9627,15.2352
"2082",238,2011-08-25,15.22835,13.9359,15.2232
"2083",239,2011-08-26,14.36244444,13.9088,15.2062
"2084",240,2011-08-27,14.36603333,13.8825,15.1907
"2085",241,2011-08-28,14.33816667,13.8586,15.1782
"2086",242,2011-08-29,14.46719355,13.8372,15.171
"2087",243,2011-08-30,14.70880645,13.8176,15.1642
"2088",244,2011-08-31,13.79258065,13.7977,15.1562
"2089",245,2011-09-01,12.0630303,13.7761,15.1482
"2090",246,2011-09-02,11.70506061,13.7528,15.1373
"2091",247,2011-09-03,12.18877778,13.7278,15.1263
"2092",248,2011-09-04,11.69752381,13.7004,15.1112
"2093",249,2011-09-05,11.90065,13.6709,15.0949
"2094",250,2011-09-06,12.42421053,13.6397,15.0732
"2095",251,2011-09-07,12.93320833,13.6072,15.0461
"2096",252,2011-09-08,12.65492857,13.5728,15.018
"2097",253,2011-09-09,12.18737931,13.5353,14.9857
"2098",254,2011-09-10,12.53778571,13.4943,14.9494
"2099",255,2011-09-11,12.51360714,13.4523,14.9066
"2100",256,2011-09-12,12.39481481,13.41,14.8565
"2101",257,2011-09-13,12.37781481,13.3671,14.805
"2102",258,2011-09-14,12.6754,13.3232,14.7502
"2103",259,2011-09-15,12.808,13.2803,14.6932
"2104",260,2011-09-16,13.14676,13.2389,14.636
"2105",261,2011-09-17,13.50852941,13.2002,14.5786
"2106",262,2011-09-18,12.9916875,13.1629,14.5244
"2107",263,2011-09-19,12.868125,13.1265,14.4768
"2108",264,2011-09-20,12.70246667,13.0908,14.4308
"2109",265,2011-09-21,12.027,13.0557,14.3871
"2110",266,2011-09-22,11.8770625,13.0196,14.3404
"2111",267,2011-09-23,12.42028,12.9828,14.2997
"2112",268,2011-09-24,12.84503333,12.9456,14.2652
"2113",269,2011-09-25,12.5969375,12.908,14.2302
"2114",270,2011-09-26,13.33522581,12.8692,14.1953
"2115",271,2011-09-27,12.7906875,12.829,14.1598
"2116",272,2011-09-28,12.78171875,12.7869,14.1247
"2117",273,2011-09-29,13.26951613,12.7448,14.0921
"2118",274,2011-09-30,14.00382857,12.7043,14.065
"2119",275,2011-10-01,13.83582353,12.6659,14.0366
"2120",276,2011-10-02,14.1495,12.6297,14.0078
"2121",277,2011-10-03,13.60924,12.5959,13.9816
"2122",278,2011-10-04,13.55327273,12.5643,13.9587
"2123",279,2011-10-05,13.18247826,12.5346,13.9361
"2124",280,2011-10-06,13.30484,12.5065,13.9147
"2125",281,2011-10-07,13.54242308,12.4787,13.8945
"2126",282,2011-10-08,13.57492593,12.4505,13.8788
"2127",283,2011-10-09,13.31107143,12.4222,13.8631
"2128",284,2011-10-10,13.93311111,12.3924,13.8422
"2129",285,2011-10-11,13.98322222,12.361,13.8215
"2130",286,2011-10-12,13.34418519,12.3285,13.8038
"2131",287,2011-10-13,13.52855556,12.2948,13.7896
"2132",288,2011-10-14,13.91260714,12.2608,13.7767
"2133",289,2011-10-15,14.07003846,12.2272,13.7689
"2134",290,2011-10-16,14.256,12.1947,13.7644
"2135",291,2011-10-17,14.47711111,12.164,13.7646
"2136",292,2011-10-18,14.59258824,12.1363,13.7686
"2137",293,2011-10-19,14.953,12.1121,13.7773
"2138",294,2011-10-20,13.92813333,12.0913,13.7879
"2139",295,2011-10-21,13.74840909,12.0735,13.7978
"2140",296,2011-10-22,13.32277778,12.0587,13.8084
"2141",297,2011-10-23,12.55506452,12.0472,13.8231
"2142",298,2011-10-24,12.17060606,12.0388,13.8415
"2143",299,2011-10-25,11.07396875,12.0324,13.8605
"2144",300,2011-10-26,10.65296774,12.0271,13.8799
"2145",301,2011-10-27,10.62342424,12.0223,13.8979
"2146",302,2011-10-28,10.63839394,12.0174,13.915
"2147",303,2011-10-29,10.81888571,12.0117,13.9253
"2148",304,2011-10-30,11.03213889,12.0044,13.9301
"2149",305,2011-10-31,10.92440625,11.9951,13.9284
"2150",306,2011-11-01,10.01403448,11.9843,13.9251
"2151",307,2011-11-02,10.06088,11.9722,13.9158
"2152",308,2011-11-03,9.8896,11.9581,13.8969
"2153",309,2011-11-04,9.483133333,11.9417,13.8741
"2154",310,2011-11-05,9.417470588,11.9242,13.851
"2155",311,2011-11-06,9.689454545,11.9054,13.8278
"2156",312,2011-11-07,9.692076923,11.886,13.8044
"2157",313,2011-11-08,9.620107143,11.8668,13.7811
"2158",314,2011-11-09,9.693961538,11.8475,13.758
"2159",315,2011-11-10,9.748222222,11.8284,13.7404
"2160",316,2011-11-11,9.86862963,11.8093,13.7249
"2161",317,2011-11-12,9.886137931,11.7897,13.7086
"2162",318,2011-11-13,10.01396552,11.7693,13.6913
"2163",319,2011-11-14,10.01568966,11.7488,13.6744
"2164",320,2011-11-15,9.847642857,11.7287,13.6539
"2165",321,2011-11-16,10.35285185,11.7078,13.6323
"2166",322,2011-11-17,10.40744,11.6858,13.6081
"2167",323,2011-11-18,10.06556522,11.6617,13.5811
"2168",324,2011-11-19,9.91,11.6355,13.5538
"2169",325,2011-11-20,9.904166667,11.6082,13.5247
"2170",326,2011-11-21,10.08941379,11.5806,13.4956
"2171",327,2011-11-22,10.5275625,11.5527,13.4638
"2172",328,2011-11-23,10.79367647,11.524,13.4269
"2173",329,2011-11-24,10.58578788,11.4945,13.3882
"2174",330,2011-11-25,10.90645714,11.4634,13.344
"2175",331,2011-11-26,10.83663889,11.4305,13.2985
"2176",332,2011-11-27,10.80408333,11.3965,13.2543
"2177",333,2011-11-28,11.11224324,11.3625,13.2117
"2178",334,2011-11-29,11.08423529,11.3289,13.1755
"2179",335,2011-11-30,10.88332258,11.2951,13.1394
"2180",336,2011-12-01,10.70046154,11.2608,13.1022
"2181",337,2011-12-02,10.39082353,11.2258,13.0635
"2182",338,2011-12-03,10.23773684,11.1899,13.0296
"2183",339,2011-12-04,10.134,11.1537,13.0021
"2184",340,2011-12-05,10.00361905,11.1175,12.9753
"2185",341,2011-12-06,9.760285714,11.0813,12.9496
"2186",342,2011-12-07,9.656884615,11.0458,12.925
"2187",343,2011-12-08,9.799464286,11.0105,12.9075
"2188",344,2011-12-09,9.546066667,10.9755,12.8903
"2189",345,2011-12-10,9.54716129,10.9407,12.8736
"2190",346,2011-12-11,9.7585625,10.9068,12.8525
"2191",347,2011-12-12,9.509058824,10.873,12.8283
"2192",348,2011-12-13,9.387714286,10.8398,12.8027
"2193",349,2011-12-14,9.440823529,10.8069,12.7763
"2194",350,2011-12-15,9.759,10.7744,12.7473
"2195",351,2011-12-16,9.589935484,10.7426,12.7176
"2196",352,2011-12-17,9.398565217,10.7123,12.6861
"2197",353,2011-12-18,9.445714286,10.6837,12.6543
"2198",354,2011-12-19,9.224136364,10.6568,12.6214
"2199",355,2011-12-20,9.1345,10.6314,12.587
"2200",356,2011-12-21,9.149677419,10.6069,12.5524
"2201",357,2011-12-22,8.850628571,10.5832,12.5135
"2202",358,2011-12-23,8.804176471,10.5606,12.4771
"2203",359,2011-12-24,9.083542857,10.5394,12.4452
"2204",360,2011-12-25,9.017027778,10.5195,12.414
"2205",361,2011-12-26,9.12527027,10.5008,12.3879
"2206",362,2011-12-27,9.100432432,10.4835,12.363
"2207",363,2011-12-28,9.388444444,10.467,12.3379
"2208",364,2011-12-29,9.615939394,10.4511,12.3117
"2209",365,2011-12-30,9.892923077,10.4358,12.2853
"2210",366,2011-12-31,9.531210526,10.4213,12.2607
"2211",1,2012-01-01,9.44625,10.4074,12.238
"2212",2,2012-01-02,9.6766,10.394,12.2201
"2213",3,2012-01-03,10.04295455,10.3814,12.2036
"2214",4,2012-01-04,9.971181818,10.3694,12.1877
"2215",5,2012-01-05,10.25743478,10.3582,12.1721
"2216",6,2012-01-06,10.13896667,10.3483,12.1606
"2217",7,2012-01-07,9.6036,10.3391,12.1482
"2218",8,2012-01-08,9.718939394,10.3304,12.1288
"2219",9,2012-01-09,9.793314286,10.3219,12.1092
"2220",10,2012-01-10,9.901,10.3133,12.0889
"2221",11,2012-01-11,9.612,10.3048,12.0726
"2222",12,2012-01-12,9.57475,10.2971,12.0592
"2223",13,2012-01-13,9.544942857,10.2902,12.0472
"2224",14,2012-01-14,9.6545625,10.2844,12.0358
"2225",15,2012-01-15,9.495347826,10.2796,12.0249
"2226",16,2012-01-16,9.541818182,10.2753,12.0132
"2227",17,2012-01-17,9.074833333,10.2711,12.0013
"2228",18,2012-01-18,8.965333333,10.2674,11.9812
"2229",19,2012-01-19,9.729424242,10.2644,11.9622
"2230",20,2012-01-20,9.886083333,10.2621,11.9461
"2231",21,2012-01-21,9.892,10.2605,11.9298
"2232",22,2012-01-22,9.917171429,10.2596,11.9187
"2233",23,2012-01-23,10.07362857,10.2588,11.9091
"2234",24,2012-01-24,10.21254286,10.2588,11.9028
"2235",25,2012-01-25,10.49688235,10.2589,11.8977
"2236",26,2012-01-26,10.54954545,10.2597,11.894
"2237",27,2012-01-27,10.36222581,10.2613,11.8934
"2238",28,2012-01-28,9.9886,10.2633,11.8943
"2239",29,2012-01-29,9.399947368,10.2649,11.8963
"2240",30,2012-01-30,9.4092,10.2656,11.8988
"2241",31,2012-01-31,9.999047619,10.2657,11.902
"2242",32,2012-02-01,9.675761905,10.2654,11.9055
"2243",33,2012-02-02,9.961619048,10.2651,11.9088
"2244",34,2012-02-03,9.635818182,10.2645,11.9085
"2245",35,2012-02-04,10.00228571,10.2633,11.9083
"2246",36,2012-02-05,9.861129032,10.2615,11.9079
"2247",37,2012-02-06,9.6621875,10.2584,11.901
"2248",38,2012-02-07,10.09458824,10.2539,11.8898
"2249",39,2012-02-08,10.46282353,10.2491,11.8774
"2250",40,2012-02-09,10.69094118,10.2445,11.8642
"2251",41,2012-02-10,10.81766667,10.2404,11.85
"2252",42,2012-02-11,10.81103125,10.2369,11.8352
"2253",43,2012-02-12,10.34158065,10.2336,11.8211
"2254",44,2012-02-13,10.13877273,10.2304,11.808
"2255",45,2012-02-14,10.05840909,10.2273,11.7949
"2256",46,2012-02-15,9.803681818,10.2241,11.7822
"2257",47,2012-02-16,9.764043478,10.221,11.7719
"2258",48,2012-02-17,10.06873333,10.218,11.7636
"2259",49,2012-02-18,9.945515152,10.2153,11.7643
"2260",50,2012-02-19,9.8494375,10.2121,11.765
"2261",51,2012-02-20,9.78340625,10.2083,11.7642
"2262",52,2012-02-21,9.989125,10.2045,11.7644
"2263",53,2012-02-22,10.07828125,10.2006,11.7639
"2264",54,2012-02-23,9.962612903,10.1972,11.7624
"2265",55,2012-02-24,9.9725,10.1943,11.7588
"2266",56,2012-02-25,9.709851852,10.1917,11.7558
"2267",57,2012-02-26,9.0273,10.1896,11.7519
"2268",58,2012-02-27,8.754666667,10.1877,11.7456
"2269",59,2012-02-28,8.576882353,10.1859,11.7387
"2270",60,2012-02-29,8.433705882,10.185,11.7333
"2271",61,2012-03-01,8.727470588,10.1857,11.7295
"2272",62,2012-03-02,8.419,10.1875,11.7269
"2273",63,2012-03-03,8.036666667,10.1896,11.7257
"2274",64,2012-03-04,8.59008,10.1922,11.7254
"2275",65,2012-03-05,8.695034483,10.1953,11.7292
"2276",66,2012-03-06,8.5168,10.1993,11.7363
"2277",67,2012-03-07,8.33628125,10.2041,11.7449
"2278",68,2012-03-08,8.507757576,10.21,11.7542
"2279",69,2012-03-09,8.6790625,10.2172,11.7664
"2280",70,2012-03-10,8.66365625,10.2253,11.7773
"2281",71,2012-03-11,8.777806452,10.2334,11.7883
"2282",72,2012-03-12,9.066407407,10.2411,11.7979
"2283",73,2012-03-13,9.113904762,10.2486,11.8061
"2284",74,2012-03-14,9.1302,10.2565,11.8132
"2285",75,2012-03-15,9.125789474,10.264,11.818
"2286",76,2012-03-16,9.226052632,10.2704,11.8207
"2287",77,2012-03-17,9.31344,10.2758,11.8171
"2288",78,2012-03-18,9.344592593,10.2806,11.8116
"2289",79,2012-03-19,8.708071429,10.2845,11.8039
"2290",80,2012-03-20,9.020407407,10.2879,11.7935
"2291",81,2012-03-21,9.379407407,10.2914,11.7814
"2292",82,2012-03-22,9.529074074,10.2956,11.7694
"2293",83,2012-03-23,9.461730769,10.2999,11.7615
"2294",84,2012-03-24,9.5645,10.3046,11.7553
"2295",85,2012-03-25,9.804333333,10.3085,11.749
"2296",86,2012-03-26,9.408714286,10.3115,11.7437
"2297",87,2012-03-27,9.6226,10.3136,11.7386
"2298",88,2012-03-28,9.7918,10.3154,11.7382
"2299",89,2012-03-29,9.790714286,10.3172,11.738
"2300",90,2012-03-30,10.09558333,10.3204,11.7418
"2301",91,2012-03-31,9.993222222,10.3232,11.7439
"2302",92,2012-04-01,10.051,10.3259,11.7449
"2303",93,2012-04-02,10.14605,10.3277,11.7457
"2304",94,2012-04-03,10.12874074,10.3297,11.7482
"2305",95,2012-04-04,9.585482759,10.331,11.7525
"2306",96,2012-04-05,9.745714286,10.3327,11.7596
"2307",97,2012-04-06,10.28243333,10.3356,11.7629
"2308",98,2012-04-07,10.3317,10.3398,11.7646
"2309",99,2012-04-08,10.23696667,10.3444,11.7646
"2310",100,2012-04-09,10.35381481,10.3486,11.7648
"2311",101,2012-04-10,10.55595833,10.3511,11.7676
"2312",102,2012-04-11,10.51069565,10.3541,11.7711
"2313",103,2012-04-12,10.48888889,10.3569,11.7768
"2314",104,2012-04-13,10.57547368,10.3598,11.7842
"2315",105,2012-04-14,10.4465,10.3622,11.7886
"2316",106,2012-04-15,10.92322222,10.3656,11.7942
"2317",107,2012-04-16,10.75157895,10.3689,11.7979
"2318",108,2012-04-17,10.5663,10.3716,11.8068
"2319",109,2012-04-18,10.52718182,10.3736,11.8121
"2320",110,2012-04-19,11.0011,10.3758,11.8252
"2321",111,2012-04-20,11.03714286,10.3782,11.8406
"2322",112,2012-04-21,11.4415,10.3799,11.8576
"2323",113,2012-04-22,12.26494118,10.3802,11.8781
"2324",114,2012-04-23,12.06271429,10.3805,11.8909
"2325",115,2012-04-24,11.82653846,10.3806,11.9021
"2326",116,2012-04-25,13.01,10.3807,11.9127
"2327",117,2012-04-26,11.67892857,10.3819,11.9264
"2328",118,2012-04-27,11.8235,10.3849,11.9407
"2329",119,2012-04-28,11.32128571,10.3911,11.9512
"2330",120,2012-04-29,NA,10.3996,11.9619
"2331",121,2012-04-30,10.92622222,10.408,11.9752
"2332",122,2012-05-01,10.47242857,10.4169,11.9885
"2333",123,2012-05-02,10.32313333,10.4282,12.0146
"2334",124,2012-05-03,10.70276,10.4425,12.0472
"2335",125,2012-05-04,11.10659259,10.4587,12.0577
"2336",126,2012-05-05,10.77484615,10.4776,12.0654
"2337",127,2012-05-06,10.42772414,10.4989,12.0697
"2338",128,2012-05-07,10.60514286,10.5202,12.0749
"2339",129,2012-05-08,10.62555556,10.5417,12.0866
"2340",130,2012-05-09,10.64636,10.5638,12.1004
"2341",131,2012-05-10,9.258115385,10.5884,12.1182
"2342",132,2012-05-11,9.523791667,10.6183,12.1402
"2343",133,2012-05-12,9.79015,10.6515,12.164
"2344",134,2012-05-13,9.900916667,10.6872,12.1865
"2345",135,2012-05-14,10.21985714,10.7264,12.2111
"2346",136,2012-05-15,10.91385714,10.7688,12.2407
"2347",137,2012-05-16,10.8922,10.8145,12.2743
"2348",138,2012-05-17,10.6274375,10.865,12.314
"2349",139,2012-05-18,9.687235294,10.9203,12.3592
"2350",140,2012-05-19,11.44566667,10.9794,12.4119
"2351",141,2012-05-20,11.14466667,11.0411,12.467
"2352",142,2012-05-21,10.62,11.1021,12.522
"2353",143,2012-05-22,11.1575,11.1624,12.5771
"2354",144,2012-05-23,10.99330769,11.2227,12.6286
"2355",145,2012-05-24,10.38141667,11.2811,12.6854
"2356",146,2012-05-25,9.782166667,11.3352,12.7404
"2357",147,2012-05-26,9.354384615,11.3864,12.7955
"2358",148,2012-05-27,10.29461538,11.4329,12.8432
"2359",149,2012-05-28,9.925363636,11.4739,12.8892
"2360",150,2012-05-29,10.163,11.5088,12.9384
"2361",151,2012-05-30,10.80464706,11.5391,12.9901
"2362",152,2012-05-31,10.97131579,11.5657,13.0321
"2363",153,2012-06-01,9.6026,11.5916,13.0759
"2364",154,2012-06-02,9.58473913,11.6157,13.1072
"2365",155,2012-06-03,10.48011538,11.6377,13.1322
"2366",156,2012-06-04,9.952814815,11.6607,13.1764
"2367",157,2012-06-05,11.45885714,11.6857,13.223
"2368",158,2012-06-06,11.4225,11.7129,13.2697
"2369",159,2012-06-07,11.37896154,11.7441,13.3188
"2370",160,2012-06-08,11.93555556,11.7791,13.3623
"2371",161,2012-06-09,11.35003846,11.8182,13.4104
"2372",162,2012-06-10,10.90794737,11.8595,13.4573
"2373",163,2012-06-11,10.32673333,11.901,13.5019
"2374",164,2012-06-12,10.75726667,11.9431,13.5467
"2375",165,2012-06-13,10.09925,11.9852,13.595
"2376",166,2012-06-14,9.65175,12.027,13.6432
"2377",167,2012-06-15,9.464823529,12.0675,13.69
"2378",168,2012-06-16,10.70261111,12.1065,13.735
"2379",169,2012-06-17,9.798888889,12.1423,13.7794
"2380",170,2012-06-18,9.2966,12.1751,13.8199
"2381",171,2012-06-19,8.8071875,12.2062,13.8585
"2382",172,2012-06-20,9.097210526,12.2365,13.8935
"2383",173,2012-06-21,9.958727273,12.2687,13.932
"2384",174,2012-06-22,9.776952381,12.3019,13.9726
"2385",175,2012-06-23,10.0006087,12.3371,14.0137
"2386",176,2012-06-24,11.31976,12.376,14.0539
"2387",177,2012-06-25,11.25709091,12.4194,14.0961
"2388",178,2012-06-26,13.11235294,12.4678,14.1384
"2389",179,2012-06-27,13.93163158,12.5216,14.1837
"2390",180,2012-06-28,12.92435,12.5814,14.2291
"2391",181,2012-06-29,14.16757143,12.6464,14.2705
"2392",182,2012-06-30,14.32814286,12.7145,14.3085
"2393",183,2012-07-01,13.46854545,12.7855,14.3495
"2394",184,2012-07-02,12.73765385,12.8581,14.3946
"2395",185,2012-07-03,11.96078571,12.9327,14.442
"2396",186,2012-07-04,11.24589655,13.0082,14.4908
"2397",187,2012-07-05,11.69044828,13.0819,14.5395
"2398",188,2012-07-06,11.54334483,13.1544,14.5859
"2399",189,2012-07-07,11.63937931,13.224,14.6378
"2400",190,2012-07-08,12.91353571,13.288,14.6871
"2401",191,2012-07-09,13.2304,13.3457,14.7341
"2402",192,2012-07-10,14.503625,13.3975,14.7727
"2403",193,2012-07-11,14.18229412,13.4455,14.8099
"2404",194,2012-07-12,13.47488235,13.4903,14.8448
"2405",195,2012-07-13,14.61394444,13.5313,14.8755
"2406",196,2012-07-14,14.73905556,13.5701,14.898
"2407",197,2012-07-15,13.30621053,13.6058,14.9164
"2408",198,2012-07-16,14.30205263,13.6407,14.9371
"2409",199,2012-07-17,14.14847059,13.6737,14.9536
"2410",200,2012-07-18,13.762,13.7065,14.9685
"2411",201,2012-07-19,13.85842308,13.7402,14.9899
"2412",202,2012-07-20,13.34988889,13.7742,15.0125
"2413",203,2012-07-21,13.45534615,13.8068,15.0319
"2414",204,2012-07-22,13.77433333,13.8369,15.0469
"2415",205,2012-07-23,13.12586667,13.8653,15.0536
"2416",206,2012-07-24,13.47562963,13.8922,15.0571
"2417",207,2012-07-25,14.75868421,13.9176,15.0625
"2418",208,2012-07-26,15.40605,13.9426,15.0726
"2419",209,2012-07-27,15.34433333,13.9651,15.0811
"2420",210,2012-07-28,14.08595238,13.9846,15.0861
"2421",211,2012-07-29,13.30481818,14.0001,15.0862
"2422",212,2012-07-30,13.88265385,14.0108,15.0855
"2423",213,2012-07-31,13.78417241,14.0192,15.0859
"2424",214,2012-08-01,13.39093103,14.0271,15.086
"2425",215,2012-08-02,13.1289,14.0343,15.0826
"2426",216,2012-08-03,13.456,14.039,15.0763
"2427",217,2012-08-04,13.82737931,14.0424,15.0714
"2428",218,2012-08-05,13.72078571,14.0452,15.0665
"2429",219,2012-08-06,14.16803448,14.0459,15.0658
"2430",220,2012-08-07,13.85104762,14.0449,15.0604
"2431",221,2012-08-08,14.03276471,14.0456,15.0561
"2432",222,2012-08-09,13.30917647,14.0496,15.0577
"2433",223,2012-08-10,13.177125,14.058,15.0648
"2434",224,2012-08-11,13.52711765,14.067,15.0762
"2435",225,2012-08-12,13.15058824,14.0755,15.0926
"2436",226,2012-08-13,14.69238889,14.0838,15.1128
"2437",227,2012-08-14,14.234,14.0919,15.1408
"2438",228,2012-08-15,14.20742308,14.0976,15.1714
"2439",229,2012-08-16,13.81277778,14.0993,15.1974
"2440",230,2012-08-17,13.58531034,14.0958,15.225
"2441",231,2012-08-18,13.39355172,14.088,15.245
"2442",232,2012-08-19,12.97473333,14.0752,15.2508
"2443",233,2012-08-20,12.75592857,14.0574,15.2532
"2444",234,2012-08-21,13.54734375,14.0357,15.2518
"2445",235,2012-08-22,14.48865517,14.0124,15.2498
"2446",236,2012-08-23,14.7611,13.9883,15.2446
"2447",237,2012-08-24,13.94128571,13.9627,15.2352
"2448",238,2012-08-25,14.2235,13.9359,15.2232
"2449",239,2012-08-26,14.8892,13.9088,15.2062
"2450",240,2012-08-27,13.7108,13.8825,15.1907
"2451",241,2012-08-28,13.36672414,13.8586,15.1782
"2452",242,2012-08-29,13.37625806,13.8372,15.171
"2453",243,2012-08-30,13.53158621,13.8176,15.1642
"2454",244,2012-08-31,13.37526667,13.7977,15.1562
"2455",245,2012-09-01,13.67877419,13.7761,15.1482
"2456",246,2012-09-02,13.57865517,13.7528,15.1373
"2457",247,2012-09-03,13.92378571,13.7278,15.1263
"2458",248,2012-09-04,13.70785714,13.7004,15.1112
"2459",249,2012-09-05,13.56209091,13.6709,15.0949
"2460",250,2012-09-06,13.83964706,13.6397,15.0732
"2461",251,2012-09-07,14.18906667,13.6072,15.0461
"2462",252,2012-09-08,13.48021429,13.5728,15.018
"2463",253,2012-09-09,14.6265,13.5353,14.9857
"2464",254,2012-09-10,14.0176,13.4943,14.9494
"2465",255,2012-09-11,12.02373333,13.4523,14.9066
"2466",256,2012-09-12,13.39483333,13.41,14.8565
"2467",257,2012-09-13,13.2452069,13.3671,14.805
"2468",258,2012-09-14,12.95024138,13.3232,14.7502
"2469",259,2012-09-15,13.01683333,13.2803,14.6932
"2470",260,2012-09-16,12.981,13.2389,14.636
"2471",261,2012-09-17,13.2923871,13.2002,14.5786
"2472",262,2012-09-18,13.22425806,13.1629,14.5244
"2473",263,2012-09-19,13.28664706,13.1265,14.4768
"2474",264,2012-09-20,13.23484375,13.0908,14.4308
"2475",265,2012-09-21,13.48974074,13.0557,14.3871
"2476",266,2012-09-22,13.287,13.0196,14.3404
"2477",267,2012-09-23,13.49265,12.9828,14.2997
"2478",268,2012-09-24,12.47372,12.9456,14.2652
"2479",269,2012-09-25,12.50667857,12.908,14.2302
"2480",270,2012-09-26,12.45466667,12.8692,14.1953
"2481",271,2012-09-27,12.68777419,12.829,14.1598
"2482",272,2012-09-28,12.72263333,12.7869,14.1247
"2483",273,2012-09-29,12.41957143,12.7448,14.0921
"2484",274,2012-09-30,12.23275,12.7043,14.065
"2485",275,2012-10-01,12.57103571,12.6659,14.0366
"2486",276,2012-10-02,12.79737037,12.6297,14.0078
"2487",277,2012-10-03,12.50678571,12.5959,13.9816
"2488",278,2012-10-04,12.74869565,12.5643,13.9587
"2489",279,2012-10-05,12.45025,12.5346,13.9361
"2490",280,2012-10-06,13.05885714,12.5065,13.9147
"2491",281,2012-10-07,13.267,12.4787,13.8945
"2492",282,2012-10-08,13.313,12.4505,13.8788
"2493",283,2012-10-09,12.65425,12.4222,13.8631
"2494",284,2012-10-10,11.91405,12.3924,13.8422
"2495",285,2012-10-11,11.65292,12.361,13.8215
"2496",286,2012-10-12,11.7742069,12.3285,13.8038
"2497",287,2012-10-13,12.09812903,12.2948,13.7896
"2498",288,2012-10-14,12.5261,12.2608,13.7767
"2499",289,2012-10-15,12.57265625,12.2272,13.7689
"2500",290,2012-10-16,12.73246875,12.1947,13.7644
"2501",291,2012-10-17,12.0655625,12.164,13.7646
"2502",292,2012-10-18,12.13627778,12.1363,13.7686
"2503",293,2012-10-19,12.62455882,12.1121,13.7773
"2504",294,2012-10-20,12.6286875,12.0913,13.7879
"2505",295,2012-10-21,11.59582759,12.0735,13.7978
"2506",296,2012-10-22,11.50333333,12.0587,13.8084
"2507",297,2012-10-23,11.466,12.0472,13.8231
"2508",298,2012-10-24,11.69134615,12.0388,13.8415
"2509",299,2012-10-25,11.77441379,12.0324,13.8605
"2510",300,2012-10-26,11.81366667,12.0271,13.8799
"2511",301,2012-10-27,12.13996667,12.0223,13.8979
"2512",302,2012-10-28,12.31940741,12.0174,13.915
"2513",303,2012-10-29,12.90981481,12.0117,13.9253
"2514",304,2012-10-30,12.73377778,12.0044,13.9301
"2515",305,2012-10-31,12.26755556,11.9951,13.9284
"2516",306,2012-11-01,12.82731034,11.9843,13.9251
"2517",307,2012-11-02,12.59142857,11.9722,13.9158
"2518",308,2012-11-03,12.80756,11.9581,13.8969
"2519",309,2012-11-04,12.58957143,11.9417,13.8741
"2520",310,2012-11-05,12.68541176,11.9242,13.851
"2521",311,2012-11-06,12.49486667,11.9054,13.8278
"2522",312,2012-11-07,12.53375,11.886,13.8044
"2523",313,2012-11-08,11.7678125,11.8668,13.7811
"2524",314,2012-11-09,11.59113636,11.8475,13.758
"2525",315,2012-11-10,11.459,11.8284,13.7404
"2526",316,2012-11-11,10.97948485,11.8093,13.7249
"2527",317,2012-11-12,11.33166667,11.7897,13.7086
"2528",318,2012-11-13,11.70578788,11.7693,13.6913
"2529",319,2012-11-14,11.73445455,11.7488,13.6744
"2530",320,2012-11-15,11.62235294,11.7287,13.6539
"2531",321,2012-11-16,11.63594595,11.7078,13.6323
"2532",322,2012-11-17,11.86108108,11.6858,13.6081
"2533",323,2012-11-18,11.68311429,11.6617,13.5811
"2534",324,2012-11-19,11.9323125,11.6355,13.5538
"2535",325,2012-11-20,12.30977778,11.6082,13.5247
"2536",326,2012-11-21,12.03616667,11.5806,13.4956
"2537",327,2012-11-22,12.10821053,11.5527,13.4638
"2538",328,2012-11-23,11.7503,11.524,13.4269
"2539",329,2012-11-24,12.24524,11.4945,13.3882
"2540",330,2012-11-25,12.53,11.4634,13.344
"2541",331,2012-11-26,12.34182143,11.4305,13.2985
"2542",332,2012-11-27,12.27878571,11.3965,13.2543
"2543",333,2012-11-28,12.59672414,11.3625,13.2117
"2544",334,2012-11-29,12.78213333,11.3289,13.1755
"2545",335,2012-11-30,13.19815625,11.2951,13.1394
"2546",336,2012-12-01,13.25003226,11.2608,13.1022
"2547",337,2012-12-02,13.19341935,11.2258,13.0635
"2548",338,2012-12-03,12.94516667,11.1899,13.0296
"2549",339,2012-12-04,13.35503571,11.1537,13.0021
"2550",340,2012-12-05,13.25918182,11.1175,12.9753
"2551",341,2012-12-06,12.40866667,11.0813,12.9496
"2552",342,2012-12-07,11.97345,11.0458,12.925
"2553",343,2012-12-08,11.75509524,11.0105,12.9075
"2554",344,2012-12-09,12.06779167,10.9755,12.8903
"2555",345,2012-12-10,12.2138125,10.9407,12.8736
"2556",346,2012-12-11,12.46588235,10.9068,12.8525
"2557",347,2012-12-12,12.65002857,10.873,12.8283
"2558",348,2012-12-13,12.16717143,10.8398,12.8027
"2559",349,2012-12-14,11.95075,10.8069,12.7763
"2560",350,2012-12-15,11.55718919,10.7744,12.7473
"2561",351,2012-12-16,11.27471053,10.7426,12.7176
"2562",352,2012-12-17,11.78494595,10.7123,12.6861
"2563",353,2012-12-18,11.61173529,10.6837,12.6543
"2564",354,2012-12-19,10.90788462,10.6568,12.6214
"2565",355,2012-12-20,10.82342857,10.6314,12.587
"2566",356,2012-12-21,11.32385714,10.6069,12.5524
"2567",357,2012-12-22,11.02240909,10.5832,12.5135
"2568",358,2012-12-23,11.05763636,10.5606,12.4771
"2569",359,2012-12-24,10.62495455,10.5394,12.4452
"2570",360,2012-12-25,10.32024138,10.5195,12.414
"2571",361,2012-12-26,10.36165517,10.5008,12.3879
"2572",362,2012-12-27,10.28948387,10.4835,12.363
"2573",363,2012-12-28,10.178625,10.467,12.3379
"2574",364,2012-12-29,10.41675,10.4511,12.3117
"2575",365,2012-12-30,10.42124242,10.4358,12.2853
"2576",366,2012-12-31,10.0344,10.4213,12.2607
"2577",1,2013-01-01,10.16133333,10.4074,12.238
"2578",2,2013-01-02,9.998290323,10.394,12.2201
"2579",3,2013-01-03,9.624461538,10.3814,12.2036
"2580",4,2013-01-04,10.32035,10.3694,12.1877
"2581",5,2013-01-05,10.05647619,10.3582,12.1721
"2582",6,2013-01-06,10.14873913,10.3483,12.1606
"2583",7,2013-01-07,10.44791667,10.3391,12.1482
"2584",8,2013-01-08,10.34482353,10.3304,12.1288
"2585",9,2013-01-09,10.38427778,10.3219,12.1092
"2586",10,2013-01-10,10.23017647,10.3133,12.0889
"2587",11,2013-01-11,10.23114286,10.3048,12.0726
"2588",12,2013-01-12,9.829805556,10.2971,12.0592
"2589",13,2013-01-13,9.664361111,10.2902,12.0472
"2590",14,2013-01-14,9.793416667,10.2844,12.0358
"2591",15,2013-01-15,9.6965,10.2796,12.0249
"2592",16,2013-01-16,9.8845,10.2753,12.0132
"2593",17,2013-01-17,9.51992,10.2711,12.0013
"2594",18,2013-01-18,9.3865,10.2674,11.9812
"2595",19,2013-01-19,10.00714286,10.2644,11.9622
"2596",20,2013-01-20,9.888,10.2621,11.9461
"2597",21,2013-01-21,9.563954545,10.2605,11.9298
"2598",22,2013-01-22,9.523772727,10.2596,11.9187
"2599",23,2013-01-23,9.692142857,10.2588,11.9091
"2600",24,2013-01-24,9.815433333,10.2588,11.9028
"2601",25,2013-01-25,9.63,10.2589,11.8977
"2602",26,2013-01-26,9.7355,10.2597,11.894
"2603",27,2013-01-27,9.682375,10.2613,11.8934
"2604",28,2013-01-28,9.620363636,10.2633,11.8943
"2605",29,2013-01-29,9.755454545,10.2649,11.8963
"2606",30,2013-01-30,9.662181818,10.2656,11.8988
"2607",31,2013-01-31,9.3878125,10.2657,11.902
"2608",32,2013-02-01,9.485535714,10.2654,11.9055
"2609",33,2013-02-02,9.284761905,10.2651,11.9088
"2610",34,2013-02-03,9.400904762,10.2645,11.9085
"2611",35,2013-02-04,9.306434783,10.2633,11.9083
"2612",36,2013-02-05,9.244916667,10.2615,11.9079
"2613",37,2013-02-06,9.53478125,10.2584,11.901
"2614",38,2013-02-07,9.430388889,10.2539,11.8898
"2615",39,2013-02-08,9.365382353,10.2491,11.8774
"2616",40,2013-02-09,9.324,10.2445,11.8642
"2617",41,2013-02-10,9.068647059,10.2404,11.85
"2618",42,2013-02-11,8.931823529,10.2369,11.8352
"2619",43,2013-02-12,8.98930303,10.2336,11.8211
"2620",44,2013-02-13,8.867709677,10.2304,11.808
"2621",45,2013-02-14,8.941566667,10.2273,11.7949
"2622",46,2013-02-15,8.506789474,10.2241,11.7822
"2623",47,2013-02-16,8.684894737,10.221,11.7719
"2624",48,2013-02-17,8.266947368,10.218,11.7636
"2625",49,2013-02-18,8.206842105,10.2153,11.7643
"2626",50,2013-02-19,8.088055556,10.2121,11.765
"2627",51,2013-02-20,8.106111111,10.2083,11.7642
"2628",52,2013-02-21,8.216363636,10.2045,11.7644
"2629",53,2013-02-22,8.228925926,10.2006,11.7639
"2630",54,2013-02-23,8.229678571,10.1972,11.7624
"2631",55,2013-02-24,8.170645161,10.1943,11.7588
"2632",56,2013-02-25,8.250290323,10.1917,11.7558
"2633",57,2013-02-26,8.103032258,10.1896,11.7519
"2634",58,2013-02-27,8.13009375,10.1877,11.7456
"2635",59,2013-02-28,8.570483871,10.1859,11.7387
"2636",61,2013-03-01,8.842103448,10.1857,11.7295
"2637",62,2013-03-02,8.451461538,10.1875,11.7269
"2638",63,2013-03-03,8.5484,10.1896,11.7257
"2639",64,2013-03-04,8.43547619,10.1922,11.7254
"2640",65,2013-03-05,8.35947619,10.1953,11.7292
"2641",66,2013-03-06,8.67905,10.1993,11.7363
"2642",67,2013-03-07,8.917133333,10.2041,11.7449
"2643",68,2013-03-08,8.7806875,10.21,11.7542
"2644",69,2013-03-09,8.796096774,10.2172,11.7664
"2645",70,2013-03-10,8.9223,10.2253,11.7773
"2646",71,2013-03-11,8.971677419,10.2334,11.7883
"2647",72,2013-03-12,9.167064516,10.2411,11.7979
"2648",73,2013-03-13,9.184344828,10.2486,11.8061
"2649",74,2013-03-14,9.268333333,10.2565,11.8132
"2650",75,2013-03-15,9.522,10.264,11.818
"2651",76,2013-03-16,8.949294118,10.2704,11.8207
"2652",77,2013-03-17,8.851647059,10.2758,11.8171
"2653",78,2013-03-18,8.211333333,10.2806,11.8116
"2654",79,2013-03-19,8.77725,10.2845,11.8039
"2655",80,2013-03-20,8.992272727,10.2879,11.7935
"2656",81,2013-03-21,8.6926,10.2914,11.7814
"2657",82,2013-03-22,8.353090909,10.2956,11.7694
"2658",83,2013-03-23,8.177956522,10.2999,11.7615
"2659",84,2013-03-24,8.325038462,10.3046,11.7553
"2660",85,2013-03-25,8.600769231,10.3085,11.749
"2661",86,2013-03-26,9.017444444,10.3115,11.7437
"2662",87,2013-03-27,9.657586207,10.3136,11.7386
"2663",88,2013-03-28,9.979433333,10.3154,11.7382
"2664",89,2013-03-29,10.63131034,10.3172,11.738
"2665",90,2013-03-30,10.38865385,10.3204,11.7418
"2666",91,2013-03-31,10.07518182,10.3232,11.7439
"2667",92,2013-04-01,10.02868421,10.3259,11.7449
"2668",93,2013-04-02,9.9085,10.3277,11.7457
"2669",94,2013-04-03,9.975411765,10.3297,11.7482
"2670",95,2013-04-04,10.02927273,10.331,11.7525
"2671",96,2013-04-05,10.60524,10.3327,11.7596
"2672",97,2013-04-06,10.74522222,10.3356,11.7629
"2673",98,2013-04-07,10.69167857,10.3398,11.7646
"2674",99,2013-04-08,10.65918519,10.3444,11.7646
"2675",100,2013-04-09,10.53092308,10.3486,11.7648
"2676",101,2013-04-10,10.17130769,10.3511,11.7676
"2677",102,2013-04-11,10.1538,10.3541,11.7711
"2678",103,2013-04-12,9.600190476,10.3569,11.7768
"2679",104,2013-04-13,9.506705882,10.3598,11.7842
"2680",105,2013-04-14,8.696384615,10.3622,11.7886
"2681",106,2013-04-15,8.642769231,10.3656,11.7942
"2682",107,2013-04-16,8.391727273,10.3689,11.7979
"2683",108,2013-04-17,8.286333333,10.3716,11.8068
"2684",109,2013-04-18,NA,10.3736,11.8121
"2685",110,2013-04-19,NA,10.3758,11.8252
"2686",111,2013-04-20,9.1675,10.3782,11.8406
"2687",112,2013-04-21,8.9835,10.3799,11.8576
"2688",113,2013-04-22,8.607157895,10.3802,11.8781
"2689",114,2013-04-23,8.60084,10.3805,11.8909
"2690",115,2013-04-24,8.769,10.3806,11.9021
"2691",116,2013-04-25,9.251703704,10.3807,11.9127
"2692",117,2013-04-26,9.658642857,10.3819,11.9264
"2693",118,2013-04-27,9.51062963,10.3849,11.9407
"2694",119,2013-04-28,9.883115385,10.3911,11.9512
"2695",120,2013-04-29,9.161958333,10.3996,11.9619
"2696",121,2013-04-30,8.58124,10.408,11.9752
"2697",122,2013-05-01,8.802375,10.4169,11.9885
"2698",123,2013-05-02,9.192952381,10.4282,12.0146
"2699",124,2013-05-03,9.535352941,10.4425,12.0472
"2700",125,2013-05-04,9.300214286,10.4587,12.0577
"2701",126,2013-05-05,8.2524375,10.4776,12.0654
"2702",127,2013-05-06,9.884235294,10.4989,12.0697
"2703",128,2013-05-07,10.56327778,10.5202,12.0749
"2704",129,2013-05-08,9.925944444,10.5417,12.0866
"2705",130,2013-05-09,11.14863158,10.5638,12.1004
"2706",131,2013-05-10,10.64211111,10.5884,12.1182
"2707",132,2013-05-11,10.4278125,10.6183,12.1402
"2708",133,2013-05-12,10.969,10.6515,12.164
"2709",134,2013-05-13,10.49109091,10.6872,12.1865
"2710",135,2013-05-14,9.221083333,10.7264,12.2111
"2711",136,2013-05-15,9.1558,10.7688,12.2407
"2712",137,2013-05-16,11.273,10.8145,12.2743
"2713",138,2013-05-17,NA,10.865,12.314
"2714",139,2013-05-18,11.339375,10.9203,12.3592
"2715",140,2013-05-19,10.61991667,10.9794,12.4119
"2716",141,2013-05-20,10.14833333,11.0411,12.467
"2717",142,2013-05-21,9.234411765,11.1021,12.522
"2718",143,2013-05-22,9.839473684,11.1624,12.5771
"2719",144,2013-05-23,9.771625,11.2227,12.6286
"2720",145,2013-05-24,9.612,11.2811,12.6854
"2721",146,2013-05-25,10.29559259,11.3352,12.7404
"2722",147,2013-05-26,11.86082759,11.3864,12.7955
"2723",148,2013-05-27,11.12074074,11.4329,12.8432
"2724",149,2013-05-28,12.30414815,11.4739,12.8892
"2725",150,2013-05-29,12.83227586,11.5088,12.9384
"2726",151,2013-05-30,12.42039286,11.5391,12.9901
"2727",152,2013-05-31,12.27352174,11.5657,13.0321
"2728",153,2013-06-01,12.391,11.5916,13.0759
"2729",154,2013-06-02,11.4136875,11.6157,13.1072
"2730",155,2013-06-03,10.62583333,11.6377,13.1322
"2731",156,2013-06-04,11.36555556,11.6607,13.1764
"2732",157,2013-06-05,12.21494444,11.6857,13.223
"2733",158,2013-06-06,11.53129412,11.7129,13.2697
"2734",159,2013-06-07,11.5066875,11.7441,13.3188
"2735",160,2013-06-08,10.7034,11.7791,13.3623
"2736",161,2013-06-09,9.701133333,11.8182,13.4104
"2737",162,2013-06-10,10.22970588,11.8595,13.4573
"2738",163,2013-06-11,10.8280625,11.901,13.5019
"2739",164,2013-06-12,10.4216875,11.9431,13.5467
"2740",165,2013-06-13,10.10205882,11.9852,13.595
"2741",166,2013-06-14,10.90113333,12.027,13.6432
"2742",167,2013-06-15,10.35345455,12.0675,13.69
"2743",168,2013-06-16,13.76842857,12.1065,13.735
"2744",169,2013-06-17,13.924,12.1423,13.7794
"2745",170,2013-06-18,13.79005556,12.1751,13.8199
"2746",171,2013-06-19,14.8232,12.2062,13.8585
"2747",172,2013-06-20,13.66005,12.2365,13.8935
"2748",173,2013-06-21,11.542,12.2687,13.932
"2749",174,2013-06-22,12.9575,12.3019,13.9726
"2750",175,2013-06-23,13.06,12.3371,14.0137
"2751",176,2013-06-24,13.05763333,12.376,14.0539
"2752",177,2013-06-25,13.1291,12.4194,14.0961
"2753",178,2013-06-26,13.76321429,12.4678,14.1384
"2754",179,2013-06-27,13.6226875,12.5216,14.1837
"2755",180,2013-06-28,14.88053333,12.5814,14.2291
"2756",181,2013-06-29,15.49463636,12.6464,14.2705
"2757",182,2013-06-30,15.253,12.7145,14.3085
"2758",183,2013-07-01,13.79244444,12.7855,14.3495
"2759",184,2013-07-02,14.44511111,12.8581,14.3946
"2760",185,2013-07-03,15.11189474,12.9327,14.442
"2761",186,2013-07-04,14.98188889,13.0082,14.4908
"2762",187,2013-07-05,12.24961111,13.0819,14.5395
"2763",188,2013-07-06,12.54070588,13.1544,14.5859
"2764",189,2013-07-07,12.82536842,13.224,14.6378
"2765",190,2013-07-08,12.73736364,13.288,14.6871
"2766",191,2013-07-09,12.53843478,13.3457,14.7341
"2767",192,2013-07-10,13.04265217,13.3975,14.7727
"2768",193,2013-07-11,13.28295652,13.4455,14.8099
"2769",194,2013-07-12,13.42941667,13.4903,14.8448
"2770",195,2013-07-13,13.81656522,13.5313,14.8755
"2771",196,2013-07-14,16.5664375,13.5701,14.898
"2772",197,2013-07-15,14.84294118,13.6058,14.9164
"2773",198,2013-07-16,13.48463158,13.6407,14.9371
"2774",199,2013-07-17,14.41765,13.6737,14.9536
"2775",200,2013-07-18,13.24533333,13.7065,14.9685
"2776",201,2013-07-19,13.6417619,13.7402,14.9899
"2777",202,2013-07-20,13.41181481,13.7742,15.0125
"2778",203,2013-07-21,13.66813793,13.8068,15.0319
"2779",204,2013-07-22,13.06173333,13.8369,15.0469
"2780",205,2013-07-23,13.49909677,13.8653,15.0536
"2781",206,2013-07-24,13.09674194,13.8922,15.0571
"2782",207,2013-07-25,13.83364516,13.9176,15.0625
"2783",208,2013-07-26,14.54171875,13.9426,15.0726
"2784",209,2013-07-27,13.43963333,13.9651,15.0811
"2785",210,2013-07-28,13.81252174,13.9846,15.0861
"2786",211,2013-07-29,14.46589474,14.0001,15.0862
"2787",212,2013-07-30,14.60083333,14.0108,15.0855
"2788",213,2013-07-31,13.95244444,14.0192,15.0859
"2789",214,2013-08-01,12.88472222,14.0271,15.086
"2790",215,2013-08-02,13.09963158,14.0343,15.0826
"2791",216,2013-08-03,14.02852632,14.039,15.0763
"2792",217,2013-08-04,13.26222727,14.0424,15.0714
"2793",218,2013-08-05,13.81091667,14.0452,15.0665
"2794",219,2013-08-06,13.98532,14.0459,15.0658
"2795",220,2013-08-07,13.81226923,14.0449,15.0604
"2796",221,2013-08-08,14.01014286,14.0456,15.0561
"2797",222,2013-08-09,13.69940741,14.0496,15.0577
"2798",223,2013-08-10,13.30414286,14.058,15.0648
"2799",224,2013-08-11,13.39585185,14.067,15.0762
"2800",225,2013-08-12,14.005,14.0755,15.0926
"2801",226,2013-08-13,14.52894737,14.0838,15.1128
"2802",227,2013-08-14,15.2739,14.0919,15.1408
"2803",228,2013-08-15,15.6933,14.0976,15.1714
"2804",229,2013-08-16,15.52366667,14.0993,15.1974
"2805",230,2013-08-17,15.41880952,14.0958,15.225
"2806",231,2013-08-18,14.74590323,14.088,15.245
"2807",232,2013-08-19,14.12670968,14.0752,15.2508
"2808",233,2013-08-20,13.56316129,14.0574,15.2532
"2809",234,2013-08-21,13.38929032,14.0357,15.2518
"2810",235,2013-08-22,13.70748387,14.0124,15.2498
"2811",236,2013-08-23,13.91374194,13.9883,15.2446
"2812",237,2013-08-24,14.15716129,13.9627,15.2352
"2813",238,2013-08-25,14.8581,13.9359,15.2232
"2814",239,2013-08-26,15.91683333,13.9088,15.2062
"2815",240,2013-08-27,15.71705556,13.8825,15.1907
"2816",241,2013-08-28,17.3046875,13.8586,15.1782
"2817",242,2013-08-29,16.229,13.8372,15.171
"2818",243,2013-08-30,15.272,13.8176,15.1642
"2819",244,2013-08-31,16.0146875,13.7977,15.1562
"2820",245,2013-09-01,16.74584211,13.7761,15.1482
"2821",246,2013-09-02,15.77528,13.7528,15.1373
"2822",247,2013-09-03,15.21274074,13.7278,15.1263
"2823",248,2013-09-04,15.42877778,13.7004,15.1112
"2824",249,2013-09-05,15.75832143,13.6709,15.0949
"2825",250,2013-09-06,15.43232143,13.6397,15.0732
"2826",251,2013-09-07,14.51439286,13.6072,15.0461
"2827",252,2013-09-08,15.06648276,13.5728,15.018
"2828",253,2013-09-09,15.44124138,13.5353,14.9857
"2829",254,2013-09-10,15.29848148,13.4943,14.9494
"2830",255,2013-09-11,15.7073,13.4523,14.9066
"2831",256,2013-09-12,15.31925,13.41,14.8565
"2832",257,2013-09-13,15.76784211,13.3671,14.805
"2833",258,2013-09-14,15.1185,13.3232,14.7502
"2834",259,2013-09-15,14.94906897,13.2803,14.6932
"2835",260,2013-09-16,14.6216129,13.2389,14.636
"2836",261,2013-09-17,13.81054545,13.2002,14.5786
"2837",262,2013-09-18,13.08435484,13.1629,14.5244
"2838",263,2013-09-19,13.25277419,13.1265,14.4768
"2839",264,2013-09-20,12.84853125,13.0908,14.4308
"2840",265,2013-09-21,13.27070968,13.0557,14.3871
"2841",266,2013-09-22,13.0447,13.0196,14.3404
"2842",267,2013-09-23,13.37546667,12.9828,14.2997
"2843",268,2013-09-24,14.0153913,12.9456,14.2652
"2844",269,2013-09-25,14.538,12.908,14.2302
"2845",270,2013-09-26,13.93553846,12.8692,14.1953
"2846",271,2013-09-27,13.0547,12.829,14.1598
"2847",272,2013-09-28,12.574,12.7869,14.1247
"2848",273,2013-09-29,13.05484615,12.7448,14.0921
"2849",274,2013-09-30,13.41971429,12.7043,14.065
"2850",275,2013-10-01,13.60637037,12.6659,14.0366
"2851",276,2013-10-02,13.19793103,12.6297,14.0078
"2852",277,2013-10-03,13.02093103,12.5959,13.9816
"2853",278,2013-10-04,12.76446429,12.5643,13.9587
"2854",279,2013-10-05,12.88163333,12.5346,13.9361
"2855",280,2013-10-06,12.91543333,12.5065,13.9147
"2856",281,2013-10-07,12.76935484,12.4787,13.8945
"2857",282,2013-10-08,10.98909091,12.4505,13.8788
"2858",283,2013-10-09,9.876096774,12.4222,13.8631
"2859",284,2013-10-10,9.810931034,12.3924,13.8422
"2860",285,2013-10-11,9.761423077,12.361,13.8215
"2861",286,2013-10-12,9.980076923,12.3285,13.8038
"2862",287,2013-10-13,9.994821429,12.2948,13.7896
"2863",288,2013-10-14,9.738482759,12.2608,13.7767
"2864",289,2013-10-15,9.923,12.2272,13.7689
"2865",290,2013-10-16,9.95128125,12.1947,13.7644
"2866",291,2013-10-17,10.08522581,12.164,13.7646
"2867",292,2013-10-18,10.16513333,12.1363,13.7686
"2868",293,2013-10-19,10.11145161,12.1121,13.7773
"2869",294,2013-10-20,10.27462069,12.0913,13.7879
"2870",295,2013-10-21,9.951466667,12.0735,13.7978
"2871",296,2013-10-22,9.9407,12.0587,13.8084
"2872",297,2013-10-23,10.06,12.0472,13.8231
"2873",298,2013-10-24,10.17190476,12.0388,13.8415
"2874",299,2013-10-25,9.894363636,12.0324,13.8605
"2875",300,2013-10-26,10.2074,12.0271,13.8799
"2876",301,2013-10-27,9.697,12.0223,13.8979
"2877",302,2013-10-28,9.30575,12.0174,13.915
"2878",303,2013-10-29,9.419285714,12.0117,13.9253
"2879",304,2013-10-30,9.784347826,12.0044,13.9301
"2880",305,2013-10-31,9.83675,11.9951,13.9284
"2881",306,2013-11-01,10.0393125,11.9843,13.9251
"2882",307,2013-11-02,10.06296552,11.9722,13.9158
"2883",308,2013-11-03,9.398387097,11.9581,13.8969
"2884",309,2013-11-04,9.4481875,11.9417,13.8741
"2885",310,2013-11-05,9.690454545,11.9242,13.851
"2886",311,2013-11-06,9.860114286,11.9054,13.8278
"2887",312,2013-11-07,10.02385714,11.886,13.8044
"2888",313,2013-11-08,9.996181818,11.8668,13.7811
"2889",314,2013-11-09,9.801933333,11.8475,13.758
"2890",315,2013-11-10,9.953827586,11.8284,13.7404
"2891",316,2013-11-11,9.8435,11.8093,13.7249
"2892",317,2013-11-12,10.08442308,11.7897,13.7086
"2893",318,2013-11-13,10.23453571,11.7693,13.6913
"2894",319,2013-11-14,10.57387097,11.7488,13.6744
"2895",320,2013-11-15,10.554,11.7287,13.6539
"2896",321,2013-11-16,10.72506897,11.7078,13.6323
"2897",322,2013-11-17,10.56890323,11.6858,13.6081
"2898",323,2013-11-18,10.54222581,11.6617,13.5811
"2899",324,2013-11-19,10.8836,11.6355,13.5538
"2900",325,2013-11-20,10.94053125,11.6082,13.5247
"2901",326,2013-11-21,10.74166667,11.5806,13.4956
"2902",327,2013-11-22,10.65510714,11.5527,13.4638
"2903",328,2013-11-23,10.41983333,11.524,13.4269
"2904",329,2013-11-24,10.23977778,11.4945,13.3882
"2905",330,2013-11-25,9.992714286,11.4634,13.344
"2906",331,2013-11-26,9.989125,11.4305,13.2985
"2907",332,2013-11-27,10.06742105,11.3965,13.2543
"2908",333,2013-11-28,10.3324,11.3625,13.2117
"2909",334,2013-11-29,10.34853846,11.3289,13.1755
"2910",335,2013-11-30,10.44996774,11.2951,13.1394
"2911",336,2013-12-01,10.5788125,11.2608,13.1022
"2912",337,2013-12-02,10.68884848,11.2258,13.0635
"2913",338,2013-12-03,10.26605882,11.1899,13.0296
"2914",339,2013-12-04,9.741971429,11.1537,13.0021
"2915",340,2013-12-05,9.213083333,11.1175,12.9753
"2916",341,2013-12-06,8.828,11.0813,12.9496
"2917",342,2013-12-07,9.349638889,11.0458,12.925
"2918",343,2013-12-08,8.887090909,11.0105,12.9075
"2919",344,2013-12-09,8.49925,10.9755,12.8903
"2920",345,2013-12-10,8.3245,10.9407,12.8736
"2921",346,2013-12-11,8.317318182,10.9068,12.8525
"2922",347,2013-12-12,8.309227273,10.873,12.8283
"2923",348,2013-12-13,8.828178571,10.8398,12.8027
"2924",349,2013-12-14,8.89409375,10.8069,12.7763
"2925",350,2013-12-15,8.955137931,10.7744,12.7473
"2926",351,2013-12-16,9.077967742,10.7426,12.7176
"2927",352,2013-12-17,9.0218125,10.7123,12.6861
"2928",353,2013-12-18,8.86071875,10.6837,12.6543
"2929",354,2013-12-19,8.890909091,10.6568,12.6214
"2930",355,2013-12-20,8.719575758,10.6314,12.587
"2931",356,2013-12-21,8.935121212,10.6069,12.5524
"2932",357,2013-12-22,9.0701,10.5832,12.5135
"2933",358,2013-12-23,9.007923077,10.5606,12.4771
"2934",359,2013-12-24,8.764222222,10.5394,12.4452
"2935",360,2013-12-25,8.548578947,10.5195,12.414
"2936",361,2013-12-26,8.609666667,10.5008,12.3879
"2937",362,2013-12-27,8.615727273,10.4835,12.363
"2938",363,2013-12-28,8.67725,10.467,12.3379
"2939",364,2013-12-29,8.646545455,10.4511,12.3117
"2940",365,2013-12-30,8.686857143,10.4358,12.2853
"2941",366,2013-12-31,8.676441176,10.4213,12.2607
"2942",1,2014-01-01,8.691771429,10.4074,12.238
"2943",2,2014-01-02,8.696611111,10.394,12.2201
"2944",3,2014-01-03,8.773055556,10.3814,12.2036
"2945",4,2014-01-04,8.751432432,10.3694,12.1877
"2946",5,2014-01-05,8.707916667,10.3582,12.1721
"2947",6,2014-01-06,8.500375,10.3483,12.1606
"2948",7,2014-01-07,8.735461538,10.3391,12.1482
"2949",8,2014-01-08,8.992380952,10.3304,12.1288
"2950",9,2014-01-09,9.226454545,10.3219,12.1092
"2951",10,2014-01-10,9.542727273,10.3133,12.0889
"2952",11,2014-01-11,9.887681818,10.3048,12.0726
"2953",12,2014-01-12,9.97337931,10.2971,12.0592
"2954",13,2014-01-13,9.813833333,10.2902,12.0472
"2955",14,2014-01-14,9.809,10.2844,12.0358
"2956",15,2014-01-15,9.746774194,10.2796,12.0249
"2957",16,2014-01-16,9.74778125,10.2753,12.0132
"2958",17,2014-01-17,9.79159375,10.2711,12.0013
"2959",18,2014-01-18,9.9069375,10.2674,11.9812
"2960",19,2014-01-19,9.734903226,10.2644,11.9622
"2961",20,2014-01-20,9.773566667,10.2621,11.9461
"2962",21,2014-01-21,9.850230769,10.2605,11.9298
"2963",22,2014-01-22,9.544777778,10.2596,11.9187
"2964",23,2014-01-23,9.428578947,10.2588,11.9091
"2965",24,2014-01-24,9.55252381,10.2588,11.9028
"2966",25,2014-01-25,9.636818182,10.2589,11.8977
"2967",26,2014-01-26,9.562565217,10.2597,11.894
"2968",27,2014-01-27,9.693645161,10.2613,11.8934
"2969",28,2014-01-28,9.982485714,10.2633,11.8943
"2970",29,2014-01-29,10.09541176,10.2649,11.8963
"2971",30,2014-01-30,9.9374,10.2656,11.8988
"2972",31,2014-01-31,9.584428571,10.2657,11.902
"2973",32,2014-02-01,9.513885714,10.2654,11.9055
"2974",33,2014-02-02,9.572428571,10.2651,11.9088
"2975",34,2014-02-03,9.720857143,10.2645,11.9085
"2976",35,2014-02-04,9.4801875,10.2633,11.9083
"2977",36,2014-02-05,9.09456,10.2615,11.9079
"2978",37,2014-02-06,9.004142857,10.2584,11.901
"2979",38,2014-02-07,9.341,10.2539,11.8898
"2980",39,2014-02-08,9.6608,10.2491,11.8774
"2981",40,2014-02-09,9.9104,10.2445,11.8642
"2982",41,2014-02-10,9.897958333,10.2404,11.85
"2983",42,2014-02-11,9.902275862,10.2369,11.8352
"2984",43,2014-02-12,10.15966667,10.2336,11.8211
"2985",44,2014-02-13,10.45706897,10.2304,11.808
"2986",45,2014-02-14,10.88272414,10.2273,11.7949
"2987",46,2014-02-15,10.90563333,10.2241,11.7822
"2988",47,2014-02-16,10.90537931,10.221,11.7719
"2989",48,2014-02-17,10.82803448,10.218,11.7636
"2990",49,2014-02-18,10.93425,10.2153,11.7643
"2991",50,2014-02-19,10.80361538,10.2121,11.765
"2992",51,2014-02-20,10.45052632,10.2083,11.7642
"2993",52,2014-02-21,10.377,10.2045,11.7644
"2994",53,2014-02-22,10.13942857,10.2006,11.7639
"2995",54,2014-02-23,10.24442857,10.1972,11.7624
"2996",55,2014-02-24,10.59172727,10.1943,11.7588
"2997",56,2014-02-25,10.8863,10.1917,11.7558
"2998",57,2014-02-26,10.99490909,10.1896,11.7519
"2999",58,2014-02-27,11.07175,10.1877,11.7456
"3000",59,2014-02-28,11.17087879,10.1859,11.7387
"3001",61,2014-03-01,11.29181818,10.1857,11.7295
"3002",62,2014-03-02,11.36036364,10.1875,11.7269
"3003",63,2014-03-03,11.46206061,10.1896,11.7257
"3004",64,2014-03-04,11.5992,10.1922,11.7254
"3005",65,2014-03-05,11.66506897,10.1953,11.7292
"3006",66,2014-03-06,11.57121053,10.1993,11.7363
"3007",67,2014-03-07,11.7035,10.2041,11.7449
"3008",68,2014-03-08,11.52447059,10.21,11.7542
"3009",69,2014-03-09,11.6709375,10.2172,11.7664
"3010",70,2014-03-10,11.58214286,10.2253,11.7773
"3011",71,2014-03-11,10.88278571,10.2334,11.7883
"3012",72,2014-03-12,11.12322727,10.2411,11.7979
"3013",73,2014-03-13,11.13436,10.2486,11.8061
"3014",74,2014-03-14,11.5586,10.2565,11.8132
"3015",75,2014-03-15,11.40553846,10.264,11.818
"3016",76,2014-03-16,11.47348148,10.2704,11.8207
"3017",77,2014-03-17,11.44081481,10.2758,11.8171
"3018",78,2014-03-18,10.93382143,10.2806,11.8116
"3019",79,2014-03-19,10.59011538,10.2845,11.8039
"3020",80,2014-03-20,10.13595455,10.2879,11.7935
"3021",81,2014-03-21,9.394470588,10.2914,11.7814
"3022",82,2014-03-22,9.085055556,10.2956,11.7694
"3023",83,2014-03-23,9.180263158,10.2999,11.7615
"3024",84,2014-03-24,9.581777778,10.3046,11.7553
"3025",85,2014-03-25,9.821136364,10.3085,11.749
"3026",86,2014-03-26,10.6292963,10.3115,11.7437
"3027",87,2014-03-27,10.55373333,10.3136,11.7386
"3028",88,2014-03-28,10.50764516,10.3154,11.7382
"3029",89,2014-03-29,10.6793,10.3172,11.738
"3030",90,2014-03-30,10.70286667,10.3204,11.7418
"3031",91,2014-03-31,10.46483871,10.3232,11.7439
"3032",92,2014-04-01,10.78506667,10.3259,11.7449
"3033",93,2014-04-02,11.06623077,10.3277,11.7457
"3034",94,2014-04-03,10.97545455,10.3297,11.7482
"3035",95,2014-04-04,10.867,10.331,11.7525
"3036",96,2014-04-05,10.71653333,10.3327,11.7596
"3037",97,2014-04-06,11.15972727,10.3356,11.7629
"3038",98,2014-04-07,11.157,10.3398,11.7646
"3039",99,2014-04-08,NA,10.3444,11.7646
"3040",100,2014-04-09,NA,10.3486,11.7648
"3041",101,2014-04-10,12.219,10.3511,11.7676
"3042",102,2014-04-11,12.2696875,10.3541,11.7711
"3043",103,2014-04-12,11.56685714,10.3569,11.7768
"3044",104,2014-04-13,11.41518182,10.3598,11.7842
"3045",105,2014-04-14,11.18695833,10.3622,11.7886
"3046",106,2014-04-15,10.75024,10.3656,11.7942
"3047",107,2014-04-16,10.51536,10.3689,11.7979
"3048",108,2014-04-17,10.16216,10.3716,11.8068
"3049",109,2014-04-18,10.52090909,10.3736,11.8121
"3050",110,2014-04-19,10.23931579,10.3758,11.8252
"3051",111,2014-04-20,9.768705882,10.3782,11.8406
"3052",112,2014-04-21,9.489533333,10.3799,11.8576
"3053",113,2014-04-22,10.5951,10.3802,11.8781
"3054",114,2014-04-23,10.5366,10.3805,11.8909
"3055",115,2014-04-24,10.67277273,10.3806,11.9021
"3056",116,2014-04-25,11.1662,10.3807,11.9127
"3057",117,2014-04-26,11.28574074,10.3819,11.9264
"3058",118,2014-04-27,11.26892593,10.3849,11.9407
"3059",119,2014-04-28,11.49715385,10.3911,11.9512
"3060",120,2014-04-29,11.83285185,10.3996,11.9619
"3061",121,2014-04-30,12.7376,10.408,11.9752
"3062",122,2014-05-01,13.16769565,10.4169,11.9885
"3063",123,2014-05-02,12.68710526,10.4282,12.0146
"3064",124,2014-05-03,12.51084615,10.4425,12.0472
"3065",125,2014-05-04,11.96023077,10.4587,12.0577
"3066",126,2014-05-05,12.32,10.4776,12.0654
"3067",127,2014-05-06,NA,10.4989,12.0697
"3068",128,2014-05-07,NA,10.5202,12.0749
"3069",129,2014-05-08,11.81133333,10.5417,12.0866
"3070",130,2014-05-09,12.04972727,10.5638,12.1004
"3071",131,2014-05-10,12.07207143,10.5884,12.1182
"3072",132,2014-05-11,11.275625,10.6183,12.1402
"3073",133,2014-05-12,12.01964706,10.6515,12.164
"3074",134,2014-05-13,12.93957143,10.6872,12.1865
"3075",135,2014-05-14,13.285375,10.7264,12.2111
"3076",136,2014-05-15,12.95972,10.7688,12.2407
"3077",137,2014-05-16,13.7782,10.8145,12.2743
"3078",138,2014-05-17,13.70732,10.865,12.314
"3079",139,2014-05-18,13.91021739,10.9203,12.3592
"3080",140,2014-05-19,13.85485185,10.9794,12.4119
"3081",141,2014-05-20,13.03892,11.0411,12.467
"3082",142,2014-05-21,11.72655,11.1021,12.522
"3083",143,2014-05-22,13.30173333,11.1624,12.5771
"3084",144,2014-05-23,12.94647059,11.2227,12.6286
"3085",145,2014-05-24,12.20023529,11.2811,12.6854
"3086",146,2014-05-25,13.65922222,11.3352,12.7404
"3087",147,2014-05-26,10.91405263,11.3864,12.7955
"3088",148,2014-05-27,10.09218182,11.4329,12.8432
"3089",149,2014-05-28,10.3106087,11.4739,12.8892
"3090",150,2014-05-29,9.810608696,11.5088,12.9384
"3091",151,2014-05-30,10.295,11.5391,12.9901
"3092",152,2014-05-31,11.08505,11.5657,13.0321
"3093",153,2014-06-01,11.0110625,11.5916,13.0759
"3094",154,2014-06-02,11.61352941,11.6157,13.1072
"3095",155,2014-06-03,11.85963636,11.6377,13.1322
"3096",156,2014-06-04,12.46483333,11.6607,13.1764
"3097",157,2014-06-05,13.67655556,11.6857,13.223
"3098",158,2014-06-06,11.59091667,11.7129,13.2697
"3099",159,2014-06-07,10.762,11.7441,13.3188
"3100",160,2014-06-08,9.69475,11.7791,13.3623
"3101",161,2014-06-09,9.818055556,11.8182,13.4104
"3102",162,2014-06-10,9.202105263,11.8595,13.4573
"3103",163,2014-06-11,11.24694737,11.901,13.5019
"3104",164,2014-06-12,10.85604167,11.9431,13.5467
"3105",165,2014-06-13,10.33430769,11.9852,13.595
"3106",166,2014-06-14,9.986785714,12.027,13.6432
"3107",167,2014-06-15,10.5327037,12.0675,13.69
"3108",168,2014-06-16,10.22173077,12.1065,13.735
"3109",169,2014-06-17,9.732548387,12.1423,13.7794
"3110",170,2014-06-18,10.45892857,12.1751,13.8199
"3111",171,2014-06-19,11.67152174,12.2062,13.8585
"3112",172,2014-06-20,11.43316667,12.2365,13.8935
"3113",173,2014-06-21,12.43784211,12.2687,13.932
"3114",174,2014-06-22,14.05321053,12.3019,13.9726
"3115",175,2014-06-23,12.4923,12.3371,14.0137
"3116",176,2014-06-24,12.11945,12.376,14.0539
"3117",177,2014-06-25,13.35966667,12.4194,14.0961
"3118",178,2014-06-26,13.77140909,12.4678,14.1384
"3119",179,2014-06-27,13.874,12.5216,14.1837
"3120",180,2014-06-28,13.77434783,12.5814,14.2291
"3121",181,2014-06-29,12.94456522,12.6464,14.2705
"3122",182,2014-06-30,12.85680952,12.7145,14.3085
"3123",183,2014-07-01,13.8655,12.7855,14.3495
"3124",184,2014-07-02,13.69094737,12.8581,14.3946
"3125",185,2014-07-03,13.64845455,12.9327,14.442
"3126",186,2014-07-04,13.78257143,13.0082,14.4908
"3127",187,2014-07-05,14.305875,13.0819,14.5395
"3128",188,2014-07-06,14.52482353,13.1544,14.5859
"3129",189,2014-07-07,14.49615789,13.224,14.6378
"3130",190,2014-07-08,16.4733,13.288,14.6871
"3131",191,2014-07-09,15.5682381,13.3457,14.7341
"3132",192,2014-07-10,14.83273913,13.3975,14.7727
"3133",193,2014-07-11,14.62207407,13.4455,14.8099
"3134",194,2014-07-12,14.01026667,13.4903,14.8448
"3135",195,2014-07-13,13.66770968,13.5313,14.8755
"3136",196,2014-07-14,14.09970968,13.5701,14.898
"3137",197,2014-07-15,14.8404,13.6058,14.9164
"3138",198,2014-07-16,14.44536364,13.6407,14.9371
"3139",199,2014-07-17,14.86625806,13.6737,14.9536
"3140",200,2014-07-18,15.55156,13.7065,14.9685
"3141",201,2014-07-19,15.44505263,13.7402,14.9899
"3142",202,2014-07-20,16.43645,13.7742,15.0125
"3143",203,2014-07-21,15.42805,13.8068,15.0319
"3144",204,2014-07-22,15.43395,13.8369,15.0469
"3145",205,2014-07-23,15.244,13.8653,15.0536
"3146",206,2014-07-24,14.25513636,13.8922,15.0571
"3147",207,2014-07-25,14.23313043,13.9176,15.0625
"3148",208,2014-07-26,14.985,13.9426,15.0726
"3149",209,2014-07-27,15.31984,13.9651,15.0811
"3150",210,2014-07-28,14.81916,13.9846,15.0861
"3151",211,2014-07-29,14.684625,14.0001,15.0862
"3152",212,2014-07-30,15.1585,14.0108,15.0855
"3153",213,2014-07-31,15.859,14.0192,15.0859
"3154",214,2014-08-01,16.30555,14.0271,15.086
"3155",215,2014-08-02,16.4360625,14.0343,15.0826
"3156",216,2014-08-03,15.69072222,14.039,15.0763
"3157",217,2014-08-04,15.19231579,14.0424,15.0714
"3158",218,2014-08-05,15.4742,14.0452,15.0665
"3159",219,2014-08-06,15.57335,14.0459,15.0658
"3160",220,2014-08-07,15.60338095,14.0449,15.0604
"3161",221,2014-08-08,14.68558621,14.0456,15.0561
"3162",222,2014-08-09,14.84231034,14.0496,15.0577
"3163",223,2014-08-10,14.91632258,14.058,15.0648
"3164",224,2014-08-11,14.60528125,14.067,15.0762
"3165",225,2014-08-12,14.1809375,14.0755,15.0926
"3166",226,2014-08-13,14.3988,14.0838,15.1128
"3167",227,2014-08-14,14.33661765,14.0919,15.1408
"3168",228,2014-08-15,13.85393548,14.0976,15.1714
"3169",229,2014-08-16,13.74803846,14.0993,15.1974
"3170",230,2014-08-17,13.45068421,14.0958,15.225
"3171",231,2014-08-18,13.72368421,14.088,15.245
"3172",232,2014-08-19,14.42629412,14.0752,15.2508
"3173",233,2014-08-20,14.94835294,14.0574,15.2532
"3174",234,2014-08-21,14.91033333,14.0357,15.2518
"3175",235,2014-08-22,15.26636,14.0124,15.2498
"3176",236,2014-08-23,14.90228,13.9883,15.2446
"3177",237,2014-08-24,14.7474,13.9627,15.2352
"3178",238,2014-08-25,15.04022222,13.9359,15.2232
"3179",239,2014-08-26,15.22173077,13.9088,15.2062
"3180",240,2014-08-27,15.07430769,13.8825,15.1907
"3181",241,2014-08-28,14.94296,13.8586,15.1782
"3182",242,2014-08-29,14.71151852,13.8372,15.171
"3183",243,2014-08-30,16.03334783,13.8176,15.1642
"3184",244,2014-08-31,15.17335294,13.7977,15.1562
"3185",245,2014-09-01,15.15088889,13.7761,15.1482
"3186",246,2014-09-02,14.44294737,13.7528,15.1373
"3187",247,2014-09-03,12.93827778,13.7278,15.1263
"3188",248,2014-09-04,12.00747368,13.7004,15.1112
"3189",249,2014-09-05,12.61123077,13.6709,15.0949
"3190",250,2014-09-06,12.9706,13.6397,15.0732
"3191",251,2014-09-07,12.79751613,13.6072,15.0461
"3192",252,2014-09-08,12.88996774,13.5728,15.018
"3193",253,2014-09-09,13.12780645,13.5353,14.9857
"3194",254,2014-09-10,13.21803226,13.4943,14.9494
"3195",255,2014-09-11,13.87435484,13.4523,14.9066
"3196",256,2014-09-12,14.31769697,13.41,14.8565
"3197",257,2014-09-13,14.52580645,13.3671,14.805
"3198",258,2014-09-14,15.03248,13.3232,14.7502
"3199",259,2014-09-15,15.30282353,13.2803,14.6932
"3200",260,2014-09-16,15.57078571,13.2389,14.636
"3201",261,2014-09-17,14.266,13.2002,14.5786
"3202",262,2014-09-18,14.95958333,13.1629,14.5244
"3203",263,2014-09-19,14.84705263,13.1265,14.4768
"3204",264,2014-09-20,14.88695652,13.0908,14.4308
"3205",265,2014-09-21,14.81446154,13.0557,14.3871
"3206",266,2014-09-22,15.1918,13.0196,14.3404
"3207",267,2014-09-23,15.18496154,12.9828,14.2997
"3208",268,2014-09-24,14.97496296,12.9456,14.2652
"3209",269,2014-09-25,15.29338462,12.908,14.2302
"3210",270,2014-09-26,15.83115385,12.8692,14.1953
"3211",271,2014-09-27,16.06182759,12.829,14.1598
"3212",272,2014-09-28,16.0495,12.7869,14.1247
"3213",273,2014-09-29,15.9057619,12.7448,14.0921
"3214",274,2014-09-30,15.97177778,12.7043,14.065
"3215",275,2014-10-01,15.10182353,12.6659,14.0366
"3216",276,2014-10-02,15.1238,12.6297,14.0078
"3217",277,2014-10-03,14.51583333,12.5959,13.9816
"3218",278,2014-10-04,14.53885185,12.5643,13.9587
"3219",279,2014-10-05,14.74580645,12.5346,13.9361
"3220",280,2014-10-06,14.39412121,12.5065,13.9147
"3221",281,2014-10-07,14.24406667,12.4787,13.8945
"3222",282,2014-10-08,14.41975,12.4505,13.8788
"3223",283,2014-10-09,14.08009677,12.4222,13.8631
"3224",284,2014-10-10,13.978,12.3924,13.8422
"3225",285,2014-10-11,13.70275,12.361,13.8215
"3226",286,2014-10-12,12.67922581,12.3285,13.8038
"3227",287,2014-10-13,13.05646154,12.2948,13.7896
"3228",288,2014-10-14,13.48336842,12.2608,13.7767
"3229",289,2014-10-15,13.47025,12.2272,13.7689
"3230",290,2014-10-16,13.008,12.1947,13.7644
"3231",291,2014-10-17,13.443,12.164,13.7646
"3232",292,2014-10-18,13.8004,12.1363,13.7686
"3233",293,2014-10-19,14.86142105,12.1121,13.7773
"3234",294,2014-10-20,15.01282609,12.0913,13.7879
"3235",295,2014-10-21,15.04815385,12.0735,13.7978
"3236",296,2014-10-22,15.14477778,12.0587,13.8084
"3237",297,2014-10-23,15.12281481,12.0472,13.8231
"3238",298,2014-10-24,14.92210714,12.0388,13.8415
"3239",299,2014-10-25,15.01165517,12.0324,13.8605
"3240",300,2014-10-26,14.72133333,12.0271,13.8799
"3241",301,2014-10-27,14.30003333,12.0223,13.8979
"3242",302,2014-10-28,14.194,12.0174,13.915
"3243",303,2014-10-29,14.63511538,12.0117,13.9253
"3244",304,2014-10-30,14.772375,12.0044,13.9301
"3245",305,2014-10-31,14.78120833,11.9951,13.9284
"3246",306,2014-11-01,14.295625,11.9843,13.9251
"3247",307,2014-11-02,13.92914286,11.9722,13.9158
"3248",308,2014-11-03,13.9212,11.9581,13.8969
"3249",309,2014-11-04,14.02832258,11.9417,13.8741
"3250",310,2014-11-05,14.28964516,11.9242,13.851
"3251",311,2014-11-06,14.19554839,11.9054,13.8278
"3252",312,2014-11-07,14.14909677,11.886,13.8044
"3253",313,2014-11-08,14.07167742,11.8668,13.7811
"3254",314,2014-11-09,14.19296875,11.8475,13.758
"3255",315,2014-11-10,14.10496774,11.8284,13.7404
"3256",316,2014-11-11,13.52158621,11.8093,13.7249
"3257",317,2014-11-12,13.858,11.7897,13.7086
"3258",318,2014-11-13,13.7428,11.7693,13.6913
"3259",319,2014-11-14,13.9588,11.7488,13.6744
"3260",320,2014-11-15,13.762,11.7287,13.6539
"3261",321,2014-11-16,13.46785714,11.7078,13.6323
"3262",322,2014-11-17,12.80047059,11.6858,13.6081
"3263",323,2014-11-18,12.79641176,11.6617,13.5811
"3264",324,2014-11-19,13.1415,11.6355,13.5538
"3265",325,2014-11-20,13.20734483,11.6082,13.5247
"3266",326,2014-11-21,13.18588889,11.5806,13.4956
"3267",327,2014-11-22,13.321,11.5527,13.4638
"3268",328,2014-11-23,13.1,11.524,13.4269
"3269",329,2014-11-24,13.1785625,11.4945,13.3882
"3270",330,2014-11-25,13.20076471,11.4634,13.344
"3271",331,2014-11-26,13.297,11.4305,13.2985
"3272",332,2014-11-27,13.25772727,11.3965,13.2543
"3273",333,2014-11-28,13.31989655,11.3625,13.2117
"3274",334,2014-11-29,13.56164,11.3289,13.1755
"3275",335,2014-11-30,13.68316667,11.2951,13.1394
"3276",336,2014-12-01,13.44790476,11.2608,13.1022
"3277",337,2014-12-02,13.48396296,11.2258,13.0635
"3278",338,2014-12-03,13.80153125,11.1899,13.0296
"3279",339,2014-12-04,14.23375,11.1537,13.0021
"3280",340,2014-12-05,14.2323,11.1175,12.9753
"3281",341,2014-12-06,14.1655,11.0813,12.9496
"3282",342,2014-12-07,14.02890909,11.0458,12.925
"3283",343,2014-12-08,14.18745455,11.0105,12.9075
"3284",344,2014-12-09,14.29990909,10.9755,12.8903
"3285",345,2014-12-10,14.5834,10.9407,12.8736
"3286",346,2014-12-11,14.77792857,10.9068,12.8525
"3287",347,2014-12-12,14.93054545,10.873,12.8283
"3288",348,2014-12-13,14.76513333,10.8398,12.8027
"3289",349,2014-12-14,14.3715,10.8069,12.7763
"3290",350,2014-12-15,14.202,10.7744,12.7473
"3291",351,2014-12-16,14.12073684,10.7426,12.7176
"3292",352,2014-12-17,14.1892,10.7123,12.6861
"3293",353,2014-12-18,14.31052381,10.6837,12.6543
"3294",354,2014-12-19,14.06158621,10.6568,12.6214
"3295",355,2014-12-20,14.221,10.6314,12.587
"3296",356,2014-12-21,14.3134375,10.6069,12.5524
"3297",357,2014-12-22,14.35011765,10.5832,12.5135
"3298",358,2014-12-23,14.36848571,10.5606,12.4771
"3299",359,2014-12-24,13.99427778,10.5394,12.4452
"3300",360,2014-12-25,13.936,10.5195,12.414
"3301",361,2014-12-26,13.51867647,10.5008,12.3879
"3302",362,2014-12-27,13.72203125,10.4835,12.363
"3303",363,2014-12-28,13.40408,10.467,12.3379
"3304",364,2014-12-29,13.47685714,10.4511,12.3117
"3305",365,2014-12-30,12.85054545,10.4358,12.2853
"3306",366,2014-12-31,12.34672727,10.4213,12.2607
"3307",1,2015-01-01,11.56009677,10.4074,12.238
"3308",2,2015-01-02,12.18178788,10.394,12.2201
"3309",3,2015-01-03,11.670375,10.3814,12.2036
"3310",4,2015-01-04,12.28212121,10.3694,12.1877
"3311",5,2015-01-05,12.34084848,10.3582,12.1721
"3312",6,2015-01-06,12.27715152,10.3483,12.1606
"3313",7,2015-01-07,12.5365,10.3391,12.1482
"3314",8,2015-01-08,12.3460303,10.3304,12.1288
"3315",9,2015-01-09,12.33603333,10.3219,12.1092
"3316",10,2015-01-10,12.03192308,10.3133,12.0889
"3317",11,2015-01-11,11.81305882,10.3048,12.0726
"3318",12,2015-01-12,12.01466667,10.2971,12.0592
"3319",13,2015-01-13,11.91963158,10.2902,12.0472
"3320",14,2015-01-14,11.8267619,10.2844,12.0358
"3321",15,2015-01-15,11.88,10.2796,12.0249
"3322",16,2015-01-16,12.1856087,10.2753,12.0132
"3323",17,2015-01-17,12.63106452,10.2711,12.0013
"3324",18,2015-01-18,12.87560606,10.2674,11.9812
"3325",19,2015-01-19,12.59133333,10.2644,11.9622
"3326",20,2015-01-20,12.33948571,10.2621,11.9461
"3327",21,2015-01-21,12.09555556,10.2605,11.9298
"3328",22,2015-01-22,12.07388889,10.2596,11.9187
"3329",23,2015-01-23,12.47342857,10.2588,11.9091
"3330",24,2015-01-24,12.5235,10.2588,11.9028
"3331",25,2015-01-25,12.53512121,10.2589,11.8977
"3332",26,2015-01-26,12.2622963,10.2597,11.894
"3333",27,2015-01-27,12.21027273,10.2613,11.8934
"3334",28,2015-01-28,11.96927273,10.2633,11.8943
"3335",29,2015-01-29,11.97904348,10.2649,11.8963
"3336",30,2015-01-30,12.12472414,10.2656,11.8988
"3337",31,2015-01-31,12.02846875,10.2657,11.902
"3338",32,2015-02-01,12.15963333,10.2654,11.9055
"3339",33,2015-02-02,12.25883333,10.2651,11.9088
"3340",34,2015-02-03,12.41351613,10.2645,11.9085
"3341",35,2015-02-04,12.49835484,10.2633,11.9083
"3342",36,2015-02-05,12.6221,10.2615,11.9079
"3343",37,2015-02-06,13.01273333,10.2584,11.901
"3344",38,2015-02-07,12.9037931,10.2539,11.8898
"3345",39,2015-02-08,12.83585185,10.2491,11.8774
"3346",40,2015-02-09,12.91747368,10.2445,11.8642
"3347",41,2015-02-10,12.74427778,10.2404,11.85
"3348",42,2015-02-11,12.26147368,10.2369,11.8352
"3349",43,2015-02-12,12.38489474,10.2336,11.8211
"3350",44,2015-02-13,12.3587619,10.2304,11.808
"3351",45,2015-02-14,12.51761905,10.2273,11.7949
"3352",46,2015-02-15,12.54122581,10.2241,11.7822
"3353",47,2015-02-16,12.53773529,10.221,11.7719
"3354",48,2015-02-17,12.59145455,10.218,11.7636
"3355",49,2015-02-18,12.711,10.2153,11.7643
"3356",50,2015-02-19,12.57208571,10.2121,11.765
"3357",51,2015-02-20,12.67611765,10.2083,11.7642
"3358",52,2015-02-21,12.569,10.2045,11.7644
"3359",53,2015-02-22,12.16039394,10.2006,11.7639
"3360",54,2015-02-23,11.65583871,10.1972,11.7624
"3361",55,2015-02-24,11.52116,10.1943,11.7588
"3362",56,2015-02-25,11.43695,10.1917,11.7558
"3363",57,2015-02-26,11.26675,10.1896,11.7519
"3364",58,2015-02-27,11.11763158,10.1877,11.7456
"3365",59,2015-02-28,11.07995652,10.1859,11.7387
"3366",61,2015-03-01,10.55662963,10.1857,11.7295
"3367",62,2015-03-02,10.50653571,10.1875,11.7269
"3368",63,2015-03-03,9.893814815,10.1896,11.7257
"3369",64,2015-03-04,9.705962963,10.1922,11.7254
"3370",65,2015-03-05,9.937857143,10.1953,11.7292
"3371",66,2015-03-06,10.28592857,10.1993,11.7363
"3372",67,2015-03-07,10.26403704,10.2041,11.7449
"3373",68,2015-03-08,10.60257692,10.21,11.7542
"3374",69,2015-03-09,10.83469565,10.2172,11.7664
"3375",70,2015-03-10,10.724125,10.2253,11.7773
"3376",71,2015-03-11,10.59394118,10.2334,11.7883
"3377",72,2015-03-12,10.82588889,10.2411,11.7979
"3378",73,2015-03-13,10.95723529,10.2486,11.8061
"3379",74,2015-03-14,11.74864706,10.2565,11.8132
"3380",75,2015-03-15,11.39847059,10.264,11.818
"3381",76,2015-03-16,11.76439286,10.2704,11.8207
"3382",77,2015-03-17,12.17284375,10.2758,11.8171
"3383",78,2015-03-18,11.94740625,10.2806,11.8116
"3384",79,2015-03-19,11.73425806,10.2845,11.8039
"3385",80,2015-03-20,11.97539394,10.2879,11.7935
"3386",81,2015-03-21,12.08778788,10.2914,11.7814
"3387",82,2015-03-22,12.1259697,10.2956,11.7694
"3388",83,2015-03-23,11.9906,10.2999,11.7615
"3389",84,2015-03-24,12.43496296,10.3046,11.7553
"3390",85,2015-03-25,12.56468182,10.3085,11.749
"3391",86,2015-03-26,12.30176471,10.3115,11.7437
"3392",87,2015-03-27,12.137,10.3136,11.7386
"3393",88,2015-03-28,11.80525,10.3154,11.7382
"3394",89,2015-03-29,11.51753846,10.3172,11.738
"3395",90,2015-03-30,11.72094444,10.3204,11.7418
"3396",91,2015-03-31,11.98045,10.3232,11.7439
"3397",92,2015-04-01,11.29478261,10.3259,11.7449
"3398",93,2015-04-02,10.36590909,10.3277,11.7457
"3399",94,2015-04-03,10.2093913,10.3297,11.7482
"3400",95,2015-04-04,10.14758333,10.331,11.7525
"3401",96,2015-04-05,9.778083333,10.3327,11.7596
"3402",97,2015-04-06,9.75026087,10.3356,11.7629
"3403",98,2015-04-07,10.36475,10.3398,11.7646
"3404",99,2015-04-08,10.66278571,10.3444,11.7646
"3405",100,2015-04-09,10.8186875,10.3486,11.7648
"3406",101,2015-04-10,10.9544,10.3511,11.7676
"3407",102,2015-04-11,11.78307143,10.3541,11.7711
"3408",103,2015-04-12,10.84191667,10.3569,11.7768
"3409",104,2015-04-13,10.93642105,10.3598,11.7842
"3410",105,2015-04-14,11.04683333,10.3622,11.7886
"3411",106,2015-04-15,10.63362963,10.3656,11.7942
"3412",107,2015-04-16,10.22622581,10.3689,11.7979
"3413",108,2015-04-17,10.62171429,10.3716,11.8068
"3414",109,2015-04-18,10.55037931,10.3736,11.8121
"3415",110,2015-04-19,11.30486667,10.3758,11.8252
"3416",111,2015-04-20,11.68662069,10.3782,11.8406
"3417",112,2015-04-21,11.83462963,10.3799,11.8576
"3418",113,2015-04-22,10.72643478,10.3802,11.8781
"3419",114,2015-04-23,9.6005,10.3805,11.8909
"3420",115,2015-04-24,9.265785714,10.3806,11.9021
"3421",116,2015-04-25,9.170428571,10.3807,11.9127
"3422",117,2015-04-26,NA,10.3819,11.9264
"3423",118,2015-04-27,11.04533333,10.3849,11.9407
"3424",119,2015-04-28,9.974111111,10.3911,11.9512
"3425",120,2015-04-29,9.654909091,10.3996,11.9619
"3426",121,2015-04-30,9.465384615,10.408,11.9752
"3427",122,2015-05-01,10.24026667,10.4169,11.9885
"3428",123,2015-05-02,10.10911111,10.4282,12.0146
"3429",124,2015-05-03,10.34584211,10.4425,12.0472
"3430",125,2015-05-04,10.2594,10.4587,12.0577
"3431",126,2015-05-05,9.902761905,10.4776,12.0654
"3432",127,2015-05-06,9.47,10.4989,12.0697
"3433",128,2015-05-07,9.0174375,10.5202,12.0749
"3434",129,2015-05-08,8.791857143,10.5417,12.0866
"3435",130,2015-05-09,9.751928571,10.5638,12.1004
"3436",131,2015-05-10,10.65311111,10.5884,12.1182
"3437",132,2015-05-11,9.467444444,10.6183,12.1402
"3438",133,2015-05-12,10.40323077,10.6515,12.164
"3439",134,2015-05-13,11.14125,10.6872,12.1865
"3440",135,2015-05-14,9.876,10.7264,12.2111
"3441",136,2015-05-15,9.750851852,10.7688,12.2407
"3442",137,2015-05-16,10.33438462,10.8145,12.2743
"3443",138,2015-05-17,10.64953571,10.865,12.314
"3444",139,2015-05-18,11.02351852,10.9203,12.3592
"3445",140,2015-05-19,10.85774074,10.9794,12.4119
"3446",141,2015-05-20,10.66472,11.0411,12.467
"3447",142,2015-05-21,11.35272727,11.1021,12.522
"3448",143,2015-05-22,11.02061905,11.1624,12.5771
"3449",144,2015-05-23,11.52272222,11.2227,12.6286
"3450",145,2015-05-24,12.179,11.2811,12.6854
"3451",146,2015-05-25,12.81957143,11.3352,12.7404
"3452",147,2015-05-26,12.8785,11.3864,12.7955
"3453",148,2015-05-27,11.65758333,11.4329,12.8432
"3454",149,2015-05-28,12.55235714,11.4739,12.8892
"3455",150,2015-05-29,12.773,11.5088,12.9384
"3456",151,2015-05-30,12.63288235,11.5391,12.9901
"3457",152,2015-05-31,13.18123529,11.5657,13.0321
"3458",153,2015-06-01,13.0544,11.5916,13.0759
"3459",154,2015-06-02,13.24195238,11.6157,13.1072
"3460",155,2015-06-03,12.97865217,11.6377,13.1322
"3461",156,2015-06-04,12.14804167,11.6607,13.1764
"3462",157,2015-06-05,12.010625,11.6857,13.223
"3463",158,2015-06-06,12.99743478,11.7129,13.2697
"3464",159,2015-06-07,12.99159259,11.7441,13.3188
"3465",160,2015-06-08,13.593375,11.7791,13.3623
"3466",161,2015-06-09,15.18521053,11.8182,13.4104
"3467",162,2015-06-10,14.31352941,11.8595,13.4573
"3468",163,2015-06-11,14.54168421,11.901,13.5019
"3469",164,2015-06-12,13.20994737,11.9431,13.5467
"3470",165,2015-06-13,12.23515,11.9852,13.595
"3471",166,2015-06-14,12.39866667,12.027,13.6432
"3472",167,2015-06-15,12.34476923,12.0675,13.69
"3473",168,2015-06-16,12.86926923,12.1065,13.735
"3474",169,2015-06-17,13.27403846,12.1423,13.7794
"3475",170,2015-06-18,13.22081481,12.1751,13.8199
"3476",171,2015-06-19,13.66220833,12.2062,13.8585
"3477",172,2015-06-20,13.7926087,12.2365,13.8935
"3478",173,2015-06-21,13.60554545,12.2687,13.932
"3479",174,2015-06-22,13.66507692,12.3019,13.9726
"3480",175,2015-06-23,14.24154545,12.3371,14.0137
"3481",176,2015-06-24,15.31984615,12.376,14.0539
"3482",177,2015-06-25,14.42693333,12.4194,14.0961
"3483",178,2015-06-26,16.2813125,12.4678,14.1384
"3484",179,2015-06-27,14.66066667,12.5216,14.1837
"3485",180,2015-06-28,14.27568421,12.5814,14.2291
"3486",181,2015-06-29,14.07995,12.6464,14.2705
"3487",182,2015-06-30,14.06183333,12.7145,14.3085
"3488",183,2015-07-01,14.3962,12.7855,14.3495
"3489",184,2015-07-02,14.4402963,12.8581,14.3946
"3490",185,2015-07-03,14.633,12.9327,14.442
"3491",186,2015-07-04,15.16021429,13.0082,14.4908
"3492",187,2015-07-05,15.21707407,13.0819,14.5395
"3493",188,2015-07-06,15.7895,13.1544,14.5859
"3494",189,2015-07-07,15.69335714,13.224,14.6378
"3495",190,2015-07-08,14.7455,13.288,14.6871
"3496",191,2015-07-09,15.08542105,13.3457,14.7341
"3497",192,2015-07-10,15.95405,13.3975,14.7727
"3498",193,2015-07-11,15.29080952,13.4455,14.8099
"3499",194,2015-07-12,16.0674,13.4903,14.8448
"3500",195,2015-07-13,15.148875,13.5313,14.8755
"3501",196,2015-07-14,14.85480769,13.5701,14.898
"3502",197,2015-07-15,15.26056,13.6058,14.9164
"3503",198,2015-07-16,15.14059259,13.6407,14.9371
"3504",199,2015-07-17,14.19988462,13.6737,14.9536
"3505",200,2015-07-18,14.76512,13.7065,14.9685
"3506",201,2015-07-19,14.66908696,13.7402,14.9899
"3507",202,2015-07-20,14.30530769,13.7742,15.0125
"3508",203,2015-07-21,14.22515,13.8068,15.0319
"3509",204,2015-07-22,14.72053846,13.8369,15.0469
"3510",205,2015-07-23,14.0292,13.8653,15.0536
"3511",206,2015-07-24,15.513,13.8922,15.0571
"3512",207,2015-07-25,14.76970588,13.9176,15.0625
"3513",208,2015-07-26,14.89010526,13.9426,15.0726
"3514",209,2015-07-27,14.5877,13.9651,15.0811
"3515",210,2015-07-28,13.3122,13.9846,15.0861
"3516",211,2015-07-29,14.12652,14.0001,15.0862
"3517",212,2015-07-30,13.72075,14.0108,15.0855
"3518",213,2015-07-31,14.68093103,14.0192,15.0859
"3519",214,2015-08-01,14.24883333,14.0271,15.086
"3520",215,2015-08-02,14.34756667,14.0343,15.0826
"3521",216,2015-08-03,14.58273333,14.039,15.0763
"3522",217,2015-08-04,14.11081818,14.0424,15.0714
"3523",218,2015-08-05,15.21732258,14.0452,15.0665
"3524",219,2015-08-06,14.742875,14.0459,15.0658
"3525",220,2015-08-07,15.3158,14.0449,15.0604
"3526",221,2015-08-08,16.53685,14.0456,15.0561
"3527",222,2015-08-09,16.0029,14.0496,15.0577
"3528",223,2015-08-10,15.68445,14.058,15.0648
"3529",224,2015-08-11,14.5455,14.067,15.0762
"3530",225,2015-08-12,15.01433333,14.0755,15.0926
"3531",226,2015-08-13,14.4295,14.0838,15.1128
"3532",227,2015-08-14,15.43877778,14.0919,15.1408
"3533",228,2015-08-15,15.26569231,14.0976,15.1714
"3534",229,2015-08-16,15.12340741,14.0993,15.1974
"3535",230,2015-08-17,14.84308,14.0958,15.225
"3536",231,2015-08-18,14.68996,14.088,15.245
"3537",232,2015-08-19,14.40922727,14.0752,15.2508
"3538",233,2015-08-20,15.36253333,14.0574,15.2532
"3539",234,2015-08-21,15.4539375,14.0357,15.2518
"3540",235,2015-08-22,15.079125,14.0124,15.2498
"3541",236,2015-08-23,15.59125,13.9883,15.2446
"3542",237,2015-08-24,15.73861111,13.9627,15.2352
"3543",238,2015-08-25,16.20355556,13.9359,15.2232
"3544",239,2015-08-26,16.17473913,13.9088,15.2062
"3545",240,2015-08-27,16.27948276,13.8825,15.1907
"3546",241,2015-08-28,15.85022581,13.8586,15.1782
"3547",242,2015-08-29,15.77464516,13.8372,15.171
"3548",243,2015-08-30,16.16006452,13.8176,15.1642
"3549",244,2015-08-31,16.6273125,13.7977,15.1562
"3550",245,2015-09-01,16.69806452,13.7761,15.1482
"3551",246,2015-09-02,16.57297059,13.7528,15.1373
"3552",247,2015-09-03,16.38184375,13.7278,15.1263
"3553",248,2015-09-04,15.29033333,13.7004,15.1112
"3554",249,2015-09-05,15.14610526,13.6709,15.0949
"3555",250,2015-09-06,14.28277778,13.6397,15.0732
"3556",251,2015-09-07,13.479,13.6072,15.0461
"3557",252,2015-09-08,13.54591667,13.5728,15.018
"3558",253,2015-09-09,13.75407692,13.5353,14.9857
"3559",254,2015-09-10,14.09746429,13.4943,14.9494
"3560",255,2015-09-11,13.67818519,13.4523,14.9066
"3561",256,2015-09-12,13.78034615,13.41,14.8565
"3562",257,2015-09-13,13.53696154,13.3671,14.805
"3563",258,2015-09-14,13.687,13.3232,14.7502
"3564",259,2015-09-15,13.771,13.2803,14.6932
"3565",260,2015-09-16,13.78888,13.2389,14.636
"3566",261,2015-09-17,14.4913913,13.2002,14.5786
"3567",262,2015-09-18,14.27466667,13.1629,14.5244
"3568",263,2015-09-19,14.40126667,13.1265,14.4768
"3569",264,2015-09-20,14.89593333,13.0908,14.4308
"3570",265,2015-09-21,14.57507143,13.0557,14.3871
"3571",266,2015-09-22,13.81,13.0196,14.3404
"3572",267,2015-09-23,14.1858,12.9828,14.2997
"3573",268,2015-09-24,13.47865385,12.9456,14.2652
"3574",269,2015-09-25,13.35774194,12.908,14.2302
"3575",270,2015-09-26,13.39177419,12.8692,14.1953
"3576",271,2015-09-27,12.92564516,12.829,14.1598
"3577",272,2015-09-28,13.32553125,12.7869,14.1247
"3578",273,2015-09-29,13.76951613,12.7448,14.0921
"3579",274,2015-09-30,13.08893548,12.7043,14.065
"3580",275,2015-10-01,13.47694118,12.6659,14.0366
"3581",276,2015-10-02,13.213875,12.6297,14.0078
"3582",277,2015-10-03,12.63537037,12.5959,13.9816
"3583",278,2015-10-04,12.09743478,12.5643,13.9587
"3584",279,2015-10-05,12.6586,12.5346,13.9361
"3585",280,2015-10-06,12.64231579,12.5065,13.9147
"3586",281,2015-10-07,12.31590909,12.4787,13.8945
"3587",282,2015-10-08,12.19282609,12.4505,13.8788
"3588",283,2015-10-09,12.67941667,12.4222,13.8631
"3589",284,2015-10-10,12.64130769,12.3924,13.8422
"3590",285,2015-10-11,12.48334615,12.361,13.8215
"3591",286,2015-10-12,12.50548,12.3285,13.8038
"3592",287,2015-10-13,12.78415385,12.2948,13.7896
"3593",288,2015-10-14,13.09096,12.2608,13.7767
"3594",289,2015-10-15,13.19123077,12.2272,13.7689
"3595",290,2015-10-16,12.99753846,12.1947,13.7644
"3596",291,2015-10-17,13.1373913,12.164,13.7646
"3597",292,2015-10-18,13.62764706,12.1363,13.7686
"3598",293,2015-10-19,13.99693333,12.1121,13.7773
"3599",294,2015-10-20,14.07953846,12.0913,13.7879
"3600",295,2015-10-21,13.61055556,12.0735,13.7978
"3601",296,2015-10-22,13.15213043,12.0587,13.8084
"3602",297,2015-10-23,13.03737037,12.0472,13.8231
"3603",298,2015-10-24,13.3547,12.0388,13.8415
"3604",299,2015-10-25,13.16990909,12.0324,13.8605
"3605",300,2015-10-26,13.67126667,12.0271,13.8799
"3606",301,2015-10-27,13.78975,12.0223,13.8979
"3607",302,2015-10-28,13.68175,12.0174,13.915
"3608",303,2015-10-29,13.5793125,12.0117,13.9253
"3609",304,2015-10-30,13.71045714,12.0044,13.9301
"3610",305,2015-10-31,13.6664375,11.9951,13.9284
"3611",306,2015-11-01,13.7428,11.9843,13.9251
"3612",307,2015-11-02,13.5868,11.9722,13.9158
"3613",308,2015-11-03,12.90042105,11.9581,13.8969
"3614",309,2015-11-04,12.15883333,11.9417,13.8741
"3615",310,2015-11-05,12.23821429,11.9242,13.851
"3616",311,2015-11-06,12.32093333,11.9054,13.8278
"3617",312,2015-11-07,12.63910526,11.886,13.8044
"3618",313,2015-11-08,12.81620833,11.8668,13.7811
"3619",314,2015-11-09,12.42337037,11.8475,13.758
"3620",315,2015-11-10,12.25984,11.8284,13.7404
"3621",316,2015-11-11,12.18774074,11.8093,13.7249
"3622",317,2015-11-12,12.39367857,11.7897,13.7086
"3623",318,2015-11-13,12.35668966,11.7693,13.6913
"3624",319,2015-11-14,12.285,11.7488,13.6744
"3625",320,2015-11-15,12.60513793,11.7287,13.6539
"3626",321,2015-11-16,12.0565,11.7078,13.6323
"3627",322,2015-11-17,12.12908,11.6858,13.6081
"3628",323,2015-11-18,12.56270833,11.6617,13.5811
"3629",324,2015-11-19,12.39519048,11.6355,13.5538
"3630",325,2015-11-20,12.79704545,11.6082,13.5247
"3631",326,2015-11-21,12.60596154,11.5806,13.4956
"3632",327,2015-11-22,12.21676667,11.5527,13.4638
"3633",328,2015-11-23,12.27718182,11.524,13.4269
"3634",329,2015-11-24,12.02581818,11.4945,13.3882
"3635",330,2015-11-25,11.48421212,11.4634,13.344
"3636",331,2015-11-26,11.18248485,11.4305,13.2985
"3637",332,2015-11-27,11.04669697,11.3965,13.2543
"3638",333,2015-11-28,10.89237143,11.3625,13.2117
"3639",334,2015-11-29,10.9104,11.3289,13.1755
"3640",335,2015-11-30,10.75664516,11.2951,13.1394
"3641",336,2015-12-01,10.93410714,11.2608,13.1022
"3642",337,2015-12-02,11.07773333,11.2258,13.0635
"3643",338,2015-12-03,11.2028,11.1899,13.0296
"3644",339,2015-12-04,11.29411765,11.1537,13.0021
"3645",340,2015-12-05,11.36733333,11.1175,12.9753
"3646",341,2015-12-06,12.07905263,11.0813,12.9496
"3647",342,2015-12-07,12.4382,11.0458,12.925
"3648",343,2015-12-08,12.71888,11.0105,12.9075
"3649",344,2015-12-09,12.78096429,10.9755,12.8903
"3650",345,2015-12-10,12.96971429,10.9407,12.8736
"3651",346,2015-12-11,12.81676667,10.9068,12.8525
"3652",347,2015-12-12,12.73135484,10.873,12.8283
"3653",348,2015-12-13,12.60151515,10.8398,12.8027
"3654",349,2015-12-14,12.43455882,10.8069,12.7763
"3655",350,2015-12-15,12.17790625,10.7744,12.7473
"3656",351,2015-12-16,12.267375,10.7426,12.7176
"3657",352,2015-12-17,12.09721429,10.7123,12.6861
"3658",353,2015-12-18,12.35491304,10.6837,12.6543
"3659",354,2015-12-19,12.4259,10.6568,12.6214
"3660",355,2015-12-20,12.25872727,10.6314,12.587
"3661",356,2015-12-21,12.34371429,10.6069,12.5524
"3662",357,2015-12-22,12.11930303,10.5832,12.5135
"3663",358,2015-12-23,12.118,10.5606,12.4771
"3664",359,2015-12-24,11.79409091,10.5394,12.4452
"3665",360,2015-12-25,11.27611765,10.5195,12.414
"3666",361,2015-12-26,10.85005882,10.5008,12.3879
"3667",362,2015-12-27,9.827205882,10.4835,12.363
"3668",363,2015-12-28,10.59651429,10.467,12.3379
"3669",364,2015-12-29,11.01348485,10.4511,12.3117
"3670",365,2015-12-30,10.73272414,10.4358,12.2853
"3671",366,2015-12-31,10.71885714,10.4213,12.2607
"3672",1,2016-01-01,10.56505882,10.4074,12.238
"3673",2,2016-01-02,9.907222222,10.394,12.2201
"3674",3,2016-01-03,10.11126316,10.3814,12.2036
"3675",4,2016-01-04,10.78895,10.3694,12.1877
"3676",5,2016-01-05,10.82128571,10.3582,12.1721
"3677",6,2016-01-06,10.98595238,10.3483,12.1606
"3678",7,2016-01-07,10.98583333,10.3391,12.1482
"3679",8,2016-01-08,10.77386667,10.3304,12.1288
"3680",9,2016-01-09,10.6415625,10.3219,12.1092
"3681",10,2016-01-10,10.74957576,10.3133,12.0889
"3682",11,2016-01-11,10.86108824,10.3048,12.0726
"3683",12,2016-01-12,11.1954,10.2971,12.0592
"3684",13,2016-01-13,11.50208571,10.2902,12.0472
"3685",14,2016-01-14,11.16625714,10.2844,12.0358
"3686",15,2016-01-15,11.33763333,10.2796,12.0249
"3687",16,2016-01-16,11.34756,10.2753,12.0132
"3688",17,2016-01-17,11.59933333,10.2711,12.0013
"3689",18,2016-01-18,11.77409091,10.2674,11.9812
"3690",19,2016-01-19,11.76051852,10.2644,11.9622
"3691",20,2016-01-20,11.75947059,10.2621,11.9461
"3692",21,2016-01-21,11.81852941,10.2605,11.9298
"3693",22,2016-01-22,12.05330303,10.2596,11.9187
"3694",23,2016-01-23,12.12527273,10.2588,11.9091
"3695",24,2016-01-24,12.0338,10.2588,11.9028
"3696",25,2016-01-25,12.03142424,10.2589,11.8977
"3697",26,2016-01-26,12.03706061,10.2597,11.894
"3698",27,2016-01-27,12.18615152,10.2613,11.8934
"3699",28,2016-01-28,12.0359,10.2633,11.8943
"3700",29,2016-01-29,12.17813043,10.2649,11.8963
"3701",30,2016-01-30,12.13529412,10.2656,11.8988
"3702",31,2016-01-31,11.67244444,10.2657,11.902
"3703",32,2016-02-01,11.13455556,10.2654,11.9055
"3704",33,2016-02-02,10.74475,10.2651,11.9088
"3705",34,2016-02-03,11.27842857,10.2645,11.9085
"3706",35,2016-02-04,11.54833333,10.2633,11.9083
"3707",36,2016-02-05,11.35863333,10.2615,11.9079
"3708",37,2016-02-06,11.45790323,10.2584,11.901
"3709",38,2016-02-07,11.44109375,10.2539,11.8898
"3710",39,2016-02-08,11.69921212,10.2491,11.8774
"3711",40,2016-02-09,11.85284848,10.2445,11.8642
"3712",41,2016-02-10,11.62961765,10.2404,11.85
"3713",42,2016-02-11,11.82830303,10.2369,11.8352
"3714",43,2016-02-12,12.07676471,10.2336,11.8211
"3715",44,2016-02-13,11.95496875,10.2304,11.808
"3716",45,2016-02-14,11.76044,10.2273,11.7949
"3717",46,2016-02-15,11.99071429,10.2241,11.7822
"3718",47,2016-02-16,12.13122727,10.221,11.7719
"3719",48,2016-02-17,11.98338462,10.218,11.7636
"3720",49,2016-02-18,11.84248387,10.2153,11.7643
"3721",50,2016-02-19,11.858875,10.2121,11.765
"3722",51,2016-02-20,11.7126,10.2083,11.7642
"3723",52,2016-02-21,11.35032258,10.2045,11.7644
"3724",53,2016-02-22,11.55348387,10.2006,11.7639
"3725",54,2016-02-23,11.69963333,10.1972,11.7624
"3726",55,2016-02-24,11.87013333,10.1943,11.7588
"3727",56,2016-02-25,12.19496552,10.1917,11.7558
"3728",57,2016-02-26,11.99,10.1896,11.7519
"3729",58,2016-02-27,11.92081818,10.1877,11.7456
"3730",59,2016-02-28,11.9364375,10.1859,11.7387
"3731",60,2016-02-29,11.8679375,10.185,11.7333
"3732",61,2016-03-01,11.73870588,10.1857,11.7295
"3733",62,2016-03-02,11.9043125,10.1875,11.7269
"3734",63,2016-03-03,11.88,10.1896,11.7257
"3735",64,2016-03-04,11.92735294,10.1922,11.7254
"3736",65,2016-03-05,12.26675,10.1953,11.7292
"3737",66,2016-03-06,12.15906452,10.1993,11.7363
"3738",67,2016-03-07,12.07943333,10.2041,11.7449
"3739",68,2016-03-08,11.72615625,10.21,11.7542
"3740",69,2016-03-09,11.72848485,10.2172,11.7664
"3741",70,2016-03-10,12.13042424,10.2253,11.7773
"3742",71,2016-03-11,12.117625,10.2334,11.7883
"3743",72,2016-03-12,11.93096552,10.2411,11.7979
"3744",73,2016-03-13,12.10213793,10.2486,11.8061
"3745",74,2016-03-14,11.9838,10.2565,11.8132
"3746",75,2016-03-15,11.81626316,10.264,11.818
"3747",76,2016-03-16,11.87055556,10.2704,11.8207
"3748",77,2016-03-17,12.02909091,10.2758,11.8171
"3749",78,2016-03-18,12.67252,10.2806,11.8116
"3750",79,2016-03-19,12.49337037,10.2845,11.8039
"3751",80,2016-03-20,12.10803704,10.2879,11.7935
"3752",81,2016-03-21,12.82696154,10.2914,11.7814
"3753",82,2016-03-22,12.90765385,10.2956,11.7694
"3754",83,2016-03-23,12.6102963,10.2999,11.7615
"3755",84,2016-03-24,12.75422222,10.3046,11.7553
"3756",85,2016-03-25,12.447875,10.3085,11.749
"3757",86,2016-03-26,12.36659091,10.3115,11.7437
"3758",87,2016-03-27,12.40735714,10.3136,11.7386
"3759",88,2016-03-28,11.90613333,10.3154,11.7382
"3760",89,2016-03-29,11.36657143,10.3172,11.738
"3761",90,2016-03-30,10.764,10.3204,11.7418
"3762",91,2016-03-31,11.362,10.3232,11.7439
"3763",92,2016-04-01,11.88227273,10.3259,11.7449
"3764",93,2016-04-02,12.07213333,10.3277,11.7457
"3765",94,2016-04-03,12.135625,10.3297,11.7482
"3766",95,2016-04-04,11.495,10.331,11.7525
"3767",96,2016-04-05,11.18348276,10.3327,11.7596
"3768",97,2016-04-06,11.45922581,10.3356,11.7629
"3769",98,2016-04-07,11.75263333,10.3398,11.7646
"3770",99,2016-04-08,12.42353333,10.3444,11.7646
"3771",100,2016-04-09,12.60265517,10.3486,11.7648
"3772",101,2016-04-10,12.81521429,10.3511,11.7676
"3773",102,2016-04-11,12.63638462,10.3541,11.7711
"3774",103,2016-04-12,12.24783333,10.3569,11.7768
"3775",104,2016-04-13,11.97942105,10.3598,11.7842
"3776",105,2016-04-14,12.02255556,10.3622,11.7886
"3777",106,2016-04-15,12.4332,10.3656,11.7942
"3778",107,2016-04-16,12.13973333,10.3689,11.7979
"3779",108,2016-04-17,13.26494444,10.3716,11.8068
"3780",109,2016-04-18,12.7469,10.3736,11.8121
"3781",110,2016-04-19,13.05595,10.3758,11.8252
"3782",111,2016-04-20,13.58447368,10.3782,11.8406
"3783",112,2016-04-21,13.37371429,10.3799,11.8576
"3784",113,2016-04-22,13.57036364,10.3802,11.8781
"3785",114,2016-04-23,13.89,10.3805,11.8909
"3786",115,2016-04-24,13.50811111,10.3806,11.9021
"3787",116,2016-04-25,12.69846154,10.3807,11.9127
"3788",117,2016-04-26,11.6455,10.3819,11.9264
"3789",118,2016-04-27,11.79230769,10.3849,11.9407
"3790",119,2016-04-28,11.20575,10.3911,11.9512
"3791",120,2016-04-29,11.11844444,10.3996,11.9619
"3792",121,2016-04-30,10.6505,10.408,11.9752
"3793",122,2016-05-01,11.45390909,10.4169,11.9885
"3794",123,2016-05-02,12.23294118,10.4282,12.0146
"3795",124,2016-05-03,11.01925,10.4425,12.0472
"3796",125,2016-05-04,11.41337931,10.4587,12.0577
"3797",126,2016-05-05,11.66166667,10.4776,12.0654
"3798",127,2016-05-06,11.78814286,10.4989,12.0697
"3799",128,2016-05-07,11.47373333,10.5202,12.0749
"3800",129,2016-05-08,11.43646429,10.5417,12.0866
"3801",130,2016-05-09,11.82460714,10.5638,12.1004
"3802",131,2016-05-10,11.99012,10.5884,12.1182
"3803",132,2016-05-11,12.59648,10.6183,12.1402
"3804",133,2016-05-12,12.7837,10.6515,12.164
"3805",134,2016-05-13,13.16221429,10.6872,12.1865
"3806",135,2016-05-14,13.929,10.7264,12.2111
"3807",136,2016-05-15,13.32691667,10.7688,12.2407
"3808",137,2016-05-16,12.05892308,10.8145,12.2743
"3809",138,2016-05-17,11.40526667,10.865,12.314
"3810",139,2016-05-18,11.8054,10.9203,12.3592
"3811",140,2016-05-19,10.5268125,10.9794,12.4119
"3812",141,2016-05-20,10.96971429,11.0411,12.467
"3813",142,2016-05-21,10.99493333,11.1021,12.522
"3814",143,2016-05-22,11.62235294,11.1624,12.5771
"3815",144,2016-05-23,12.07561111,11.2227,12.6286
"3816",145,2016-05-24,11.92986667,11.2811,12.6854
"3817",146,2016-05-25,11.90416667,11.3352,12.7404
"3818",147,2016-05-26,11.73453846,11.3864,12.7955
"3819",148,2016-05-27,11.508,11.4329,12.8432
"3820",149,2016-05-28,10.7979375,11.4739,12.8892
"3821",150,2016-05-29,11.43225,11.5088,12.9384
"3822",151,2016-05-30,13.70246667,11.5391,12.9901
"3823",152,2016-05-31,13.67429412,11.5657,13.0321
"3824",153,2016-06-01,11.89752632,11.5916,13.0759
"3825",154,2016-06-02,11.47665217,11.6157,13.1072
"3826",155,2016-06-03,13.82462963,11.6377,13.1322
"3827",156,2016-06-04,13.03489286,11.6607,13.1764
"3828",157,2016-06-05,12.49775862,11.6857,13.223
"3829",158,2016-06-06,12.94924138,11.7129,13.2697
"3830",159,2016-06-07,13.19225,11.7441,13.3188
"3831",160,2016-06-08,13.47045833,11.7791,13.3623
"3832",161,2016-06-09,14.09362963,11.8182,13.4104
"3833",162,2016-06-10,13.14913043,11.8595,13.4573
"3834",163,2016-06-11,12.96583333,11.901,13.5019
"3835",164,2016-06-12,12.49891667,11.9431,13.5467
"3836",165,2016-06-13,11.76557143,11.9852,13.595
"3837",166,2016-06-14,12.4428,12.027,13.6432
"3838",167,2016-06-15,12.916375,12.0675,13.69
"3839",168,2016-06-16,12.42352941,12.1065,13.735
"3840",169,2016-06-17,12.72333333,12.1423,13.7794
"3841",170,2016-06-18,12.91847059,12.1751,13.8199
"3842",171,2016-06-19,13.3211875,12.2062,13.8585
"3843",172,2016-06-20,13.09733333,12.2365,13.8935
"3844",173,2016-06-21,14.1583913,12.2687,13.932
"3845",174,2016-06-22,13.82134783,12.3019,13.9726
"3846",175,2016-06-23,14.43252174,12.3371,14.0137
"3847",176,2016-06-24,13.25379167,12.376,14.0539
"3848",177,2016-06-25,13.1695,12.4194,14.0961
"3849",178,2016-06-26,13.38616667,12.4678,14.1384
"3850",179,2016-06-27,13.4584375,12.5216,14.1837
"3851",180,2016-06-28,13.88583333,12.5814,14.2291
"3852",181,2016-06-29,14.20685,12.6464,14.2705
"3853",182,2016-06-30,13.52661905,12.7145,14.3085
"3854",183,2016-07-01,13.60952381,12.7855,14.3495
"3855",184,2016-07-02,12.90214286,12.8581,14.3946
"3856",185,2016-07-03,12.97003704,12.9327,14.442
"3857",186,2016-07-04,12.83641379,13.0082,14.4908
"3858",187,2016-07-05,12.85786207,13.0819,14.5395
"3859",188,2016-07-06,13.669,13.1544,14.5859
"3860",189,2016-07-07,13.80274074,13.224,14.6378
"3861",190,2016-07-08,13.43474074,13.288,14.6871
"3862",191,2016-07-09,14.17204,13.3457,14.7341
"3863",192,2016-07-10,14.79914286,13.3975,14.7727
"3864",193,2016-07-11,14.80414286,13.4455,14.8099
"3865",194,2016-07-12,13.89025,13.4903,14.8448
"3866",195,2016-07-13,14.38075,13.5313,14.8755
"3867",196,2016-07-14,14.11070588,13.5701,14.898
"3868",197,2016-07-15,13.16142105,13.6058,14.9164
"3869",198,2016-07-16,12.67473684,13.6407,14.9371
"3870",199,2016-07-17,13.9456,13.6737,14.9536
"3871",200,2016-07-18,14.0101,13.7065,14.9685
"3872",201,2016-07-19,13.11636,13.7402,14.9899
"3873",202,2016-07-20,13.47192593,13.7742,15.0125
"3874",203,2016-07-21,13.71692857,13.8068,15.0319
"3875",204,2016-07-22,13.93222222,13.8369,15.0469
"3876",205,2016-07-23,13.2042963,13.8653,15.0536
"3877",206,2016-07-24,13.29273333,13.8922,15.0571
"3878",207,2016-07-25,13.58264286,13.9176,15.0625
"3879",208,2016-07-26,13.6575,13.9426,15.0726
"3880",209,2016-07-27,14.23057895,13.9651,15.0811
"3881",210,2016-07-28,14.87895238,13.9846,15.0861
"3882",211,2016-07-29,14.16845455,14.0001,15.0862
"3883",212,2016-07-30,14.18342857,14.0108,15.0855
"3884",213,2016-07-31,14.60148276,14.0192,15.0859
"3885",214,2016-08-01,14.38441379,14.0271,15.086
"3886",215,2016-08-02,13.77789655,14.0343,15.0826
"3887",216,2016-08-03,13.7864,14.039,15.0763
"3888",217,2016-08-04,13.73468966,14.0424,15.0714
"3889",218,2016-08-05,13.5945,14.0452,15.0665
"3890",219,2016-08-06,13.80866667,14.0459,15.0658
"3891",220,2016-08-07,14.82562963,14.0449,15.0604
"3892",221,2016-08-08,14.68368421,14.0456,15.0561
"3893",222,2016-08-09,14.54666667,14.0496,15.0577
"3894",223,2016-08-10,13.19753333,14.058,15.0648
"3895",224,2016-08-11,14.4916875,14.067,15.0762
"3896",225,2016-08-12,14.04623529,14.0755,15.0926
"3897",226,2016-08-13,14.68583333,14.0838,15.1128
"3898",227,2016-08-14,14.59594737,14.0919,15.1408
"3899",228,2016-08-15,14.41436842,14.0976,15.1714
"3900",229,2016-08-16,14.21507692,14.0993,15.1974
"3901",230,2016-08-17,14.01711111,14.0958,15.225
"3902",231,2016-08-18,13.5844,14.088,15.245
"3903",232,2016-08-19,13.84246667,14.0752,15.2508
"3904",233,2016-08-20,13.8099,14.0574,15.2532
"3905",234,2016-08-21,13.87873333,14.0357,15.2518
"3906",235,2016-08-22,14.17546875,14.0124,15.2498
"3907",236,2016-08-23,14.61265517,13.9883,15.2446
"3908",237,2016-08-24,14.07075,13.9627,15.2352
"3909",238,2016-08-25,14.48463158,13.9359,15.2232
"3910",239,2016-08-26,15.2309,13.9088,15.2062
"3911",240,2016-08-27,14.474,13.8825,15.1907
"3912",241,2016-08-28,15.53226923,13.8586,15.1782
"3913",242,2016-08-29,14.62724138,13.8372,15.171
"3914",243,2016-08-30,14.97441379,13.8176,15.1642
"3915",244,2016-08-31,14.717,13.7977,15.1562
"3916",245,2016-09-01,13.95541379,13.7761,15.1482
"3917",246,2016-09-02,14.41625,13.7528,15.1373
"3918",247,2016-09-03,13.51507407,13.7278,15.1263
"3919",248,2016-09-04,13.29461538,13.7004,15.1112
"3920",249,2016-09-05,12.70115385,13.6709,15.0949
"3921",250,2016-09-06,12.95945,13.6397,15.0732
"3922",251,2016-09-07,13.42506667,13.6072,15.0461
"3923",252,2016-09-08,13.85430769,13.5728,15.018
"3924",253,2016-09-09,13.53261538,13.5353,14.9857
"3925",254,2016-09-10,14.60838462,13.4943,14.9494
"3926",255,2016-09-11,14.88313333,13.4523,14.9066
"3927",256,2016-09-12,14.261375,13.41,14.8565
"3928",257,2016-09-13,14.06328,13.3671,14.805
"3929",258,2016-09-14,13.91993103,13.3232,14.7502
"3930",259,2016-09-15,13.92751724,13.2803,14.6932
"3931",260,2016-09-16,13.4355,13.2389,14.636
"3932",261,2016-09-17,13.50296774,13.2002,14.5786
"3933",262,2016-09-18,13.43522581,13.1629,14.5244
"3934",263,2016-09-19,13.19151613,13.1265,14.4768
"3935",264,2016-09-20,12.94230303,13.0908,14.4308
"3936",265,2016-09-21,13.04787097,13.0557,14.3871
"3937",266,2016-09-22,14.03989286,13.0196,14.3404
"3938",267,2016-09-23,13.14656522,12.9828,14.2997
"3939",268,2016-09-24,12.97621739,12.9456,14.2652
"3940",269,2016-09-25,12.9755,12.908,14.2302
"3941",270,2016-09-26,13.5687037,12.8692,14.1953
"3942",271,2016-09-27,13.40772414,12.829,14.1598
"3943",272,2016-09-28,12.943,12.7869,14.1247
"3944",273,2016-09-29,13.09996296,12.7448,14.0921
"3945",274,2016-09-30,13.29785185,12.7043,14.065
"3946",275,2016-10-01,13.25685185,12.6659,14.0366
"3947",276,2016-10-02,13.16685185,12.6297,14.0078
"3948",277,2016-10-03,13.15788,12.5959,13.9816
"3949",278,2016-10-04,13.17811538,12.5643,13.9587
"3950",279,2016-10-05,13.038,12.5346,13.9361
"3951",280,2016-10-06,13.77953333,12.5065,13.9147
"3952",281,2016-10-07,13.82107692,12.4787,13.8945
"3953",282,2016-10-08,13.48209091,12.4505,13.8788
"3954",283,2016-10-09,13,12.4222,13.8631
"3955",284,2016-10-10,12.89277778,12.3924,13.8422
"3956",285,2016-10-11,12.88052381,12.361,13.8215
"3957",286,2016-10-12,12.39084615,12.3285,13.8038
"3958",287,2016-10-13,12.5247,12.2948,13.7896
"3959",288,2016-10-14,13.11796774,12.2608,13.7767
"3960",289,2016-10-15,13.03043333,12.2272,13.7689
"3961",290,2016-10-16,13.09270968,12.1947,13.7644
"3962",291,2016-10-17,12.91267742,12.164,13.7646
"3963",292,2016-10-18,12.64228125,12.1363,13.7686
"3964",293,2016-10-19,12.87273529,12.1121,13.7773
"3965",294,2016-10-20,13.25365625,12.0913,13.7879
"3966",295,2016-10-21,13.10641935,12.0735,13.7978
"3967",296,2016-10-22,12.85607407,12.0587,13.8084
"3968",297,2016-10-23,12.75713636,12.0472,13.8231
"3969",298,2016-10-24,12.68165217,12.0388,13.8415
"3970",299,2016-10-25,12.82443478,12.0324,13.8605
"3971",300,2016-10-26,13.397375,12.0271,13.8799
"3972",301,2016-10-27,13.51030769,12.0223,13.8979
"3973",302,2016-10-28,13.40203448,12.0174,13.915
"3974",303,2016-10-29,13.65953846,12.0117,13.9253
"3975",304,2016-10-30,13.4855,12.0044,13.9301
"3976",305,2016-10-31,13.55003571,11.9951,13.9284
"3977",306,2016-11-01,14.11046154,11.9843,13.9251
"3978",307,2016-11-02,14.19933333,11.9722,13.9158
"3979",308,2016-11-03,14.33352,11.9581,13.8969
"3980",309,2016-11-04,14.54536364,11.9417,13.8741
"3981",310,2016-11-05,14.48664706,11.9242,13.851
"3982",311,2016-11-06,14.48614286,11.9054,13.8278
"3983",312,2016-11-07,14.44092308,11.886,13.8044
"3984",313,2016-11-08,14.48754545,11.8668,13.7811
"3985",314,2016-11-09,14.76073684,11.8475,13.758
"3986",315,2016-11-10,14.80265385,11.8284,13.7404
"3987",316,2016-11-11,14.99516129,11.8093,13.7249
"3988",317,2016-11-12,15.02557576,11.7897,13.7086
"3989",318,2016-11-13,14.8355625,11.7693,13.6913
"3990",319,2016-11-14,14.652625,11.7488,13.6744
"3991",320,2016-11-15,14.57135294,11.7287,13.6539
"3992",321,2016-11-16,14.38506061,11.7078,13.6323
"3993",322,2016-11-17,14.124,11.6858,13.6081
"3994",323,2016-11-18,13.6638,11.6617,13.5811
"3995",324,2016-11-19,13.92625,11.6355,13.5538
"3996",325,2016-11-20,14.25571429,11.6082,13.5247
"3997",326,2016-11-21,14.01973913,11.5806,13.4956
"3998",327,2016-11-22,13.169625,11.5527,13.4638
"3999",328,2016-11-23,13.1755,11.524,13.4269
"4000",329,2016-11-24,13.39566667,11.4945,13.3882
"4001",330,2016-11-25,13.6384,11.4634,13.344
"4002",331,2016-11-26,13.30404,11.4305,13.2985
"4003",332,2016-11-27,13.1452963,11.3965,13.2543
"4004",333,2016-11-28,13.01865385,11.3625,13.2117
"4005",334,2016-11-29,13.48975,11.3289,13.1755
"4006",335,2016-11-30,12.80572414,11.2951,13.1394
"4007",336,2016-12-01,13.5272,11.2608,13.1022
"4008",337,2016-12-02,13.1723,11.2258,13.0635
"4009",338,2016-12-03,13.09275862,11.1899,13.0296
"4010",339,2016-12-04,13.00314286,11.1537,13.0021
"4011",340,2016-12-05,12.67103846,11.1175,12.9753
"4012",341,2016-12-06,12.1795,11.0813,12.9496
"4013",342,2016-12-07,11.56870588,11.0458,12.925
"4014",343,2016-12-08,11.46455556,11.0105,12.9075
"4015",344,2016-12-09,11.78545,10.9755,12.8903
"4016",345,2016-12-10,12.29675862,10.9407,12.8736
"4017",346,2016-12-11,12.24120588,10.9068,12.8525
"4018",347,2016-12-12,12.107,10.873,12.8283
"4019",348,2016-12-13,11.87781818,10.8398,12.8027
"4020",349,2016-12-14,11.74741176,10.8069,12.7763
"4021",350,2016-12-15,12.17932353,10.7744,12.7473
"4022",351,2016-12-16,11.46648649,10.7426,12.7176
"4023",352,2016-12-17,10.71833333,10.7123,12.6861
"4024",353,2016-12-18,10.90370588,10.6837,12.6543
"4025",354,2016-12-19,11.1442,10.6568,12.6214
"4026",355,2016-12-20,11.23547368,10.6314,12.587
"4027",356,2016-12-21,11.20852632,10.6069,12.5524
"4028",357,2016-12-22,10.56505263,10.5832,12.5135
"4029",358,2016-12-23,10.33505,10.5606,12.4771
"4030",359,2016-12-24,10.3642,10.5394,12.4452
"4031",360,2016-12-25,10.43914286,10.5195,12.414
"4032",361,2016-12-26,9.605758621,10.5008,12.3879
"4033",362,2016-12-27,10.19864286,10.4835,12.363
"4034",363,2016-12-28,10.46251613,10.467,12.3379
"4035",364,2016-12-29,10.40874194,10.4511,12.3117
"4036",365,2016-12-30,10.536,10.4358,12.2853
"4037",366,2016-12-31,10.92147059,10.4213,12.2607
"4038",1,2017-01-01,10.78782353,10.4074,12.238
"4039",2,2017-01-02,10.33178788,10.394,12.2201
"4040",3,2017-01-03,9.7498,10.3814,12.2036
"4041",4,2017-01-04,9.543666667,10.3694,12.1877
"4042",5,2017-01-05,9.658210526,10.3582,12.1721
"4043",6,2017-01-06,9.7482,10.3483,12.1606
"4044",7,2017-01-07,9.510272727,10.3391,12.1482
"4045",8,2017-01-08,10.25603448,10.3304,12.1288
"4046",9,2017-01-09,9.990885714,10.3219,12.1092
"4047",10,2017-01-10,10.22642857,10.3133,12.0889
"4048",11,2017-01-11,10.29941176,10.3048,12.0726
"4049",12,2017-01-12,9.910514286,10.2971,12.0592
"4050",13,2017-01-13,9.413114286,10.2902,12.0472
"4051",14,2017-01-14,9.685028571,10.2844,12.0358
"4052",15,2017-01-15,9.592944444,10.2796,12.0249
"4053",16,2017-01-16,9.771514286,10.2753,12.0132
"4054",17,2017-01-17,9.418,10.2711,12.0013
"4055",18,2017-01-18,10.44816667,10.2674,11.9812
"4056",19,2017-01-19,10.41057895,10.2644,11.9622
"4057",20,2017-01-20,10.40036842,10.2621,11.9461
"4058",21,2017-01-21,10.66655,10.2605,11.9298
"4059",22,2017-01-22,10.622,10.2596,11.9187
"4060",23,2017-01-23,10.42066667,10.2588,11.9091
"4061",24,2017-01-24,10.35840741,10.2588,11.9028
"4062",25,2017-01-25,10.2068,10.2589,11.8977
"4063",26,2017-01-26,10.5888,10.2597,11.894
"4064",27,2017-01-27,10.3654375,10.2613,11.8934
"4065",28,2017-01-28,10.2988125,10.2633,11.8943
"4066",29,2017-01-29,10.298125,10.2649,11.8963
"4067",30,2017-01-30,10.203,10.2656,11.8988
"4068",31,2017-01-31,9.946470588,10.2657,11.902
"4069",32,2017-02-01,9.92684375,10.2654,11.9055
"4070",33,2017-02-02,10.16724138,10.2651,11.9088
"4071",34,2017-02-03,10.69825,10.2645,11.9085
"4072",35,2017-02-04,11.05886364,10.2633,11.9083
"4073",36,2017-02-05,10.95690909,10.2615,11.9079
"4074",37,2017-02-06,10.65675,10.2584,11.901
"4075",38,2017-02-07,11.15742424,10.2539,11.8898
"4076",39,2017-02-08,11.54797059,10.2491,11.8774
"4077",40,2017-02-09,11.73954545,10.2445,11.8642
"4078",41,2017-02-10,11.52112121,10.2404,11.85
"4079",42,2017-02-11,11.11309091,10.2369,11.8352
"4080",43,2017-02-12,10.79629412,10.2336,11.8211
"4081",44,2017-02-13,10.9430625,10.2304,11.808
"4082",45,2017-02-14,10.98893548,10.2273,11.7949
"4083",46,2017-02-15,11.02042857,10.2241,11.7822
"4084",47,2017-02-16,11.44582353,10.221,11.7719
"4085",48,2017-02-17,11.549,10.218,11.7636
"4086",49,2017-02-18,11.37816667,10.2153,11.7643
"4087",50,2017-02-19,10.65988235,10.2121,11.765
"4088",51,2017-02-20,11.50216667,10.2083,11.7642
"4089",52,2017-02-21,11.20911111,10.2045,11.7644
"4090",53,2017-02-22,10.91381818,10.2006,11.7639
"4091",54,2017-02-23,10.53465517,10.1972,11.7624
"4092",55,2017-02-24,9.950321429,10.1943,11.7588
"4093",56,2017-02-25,9.8577,10.1917,11.7558
"4094",57,2017-02-26,10.24022581,10.1896,11.7519
"4095",58,2017-02-27,10.0525625,10.1877,11.7456
"4096",59,2017-02-28,10.26659375,10.1859,11.7387
"4097",61,2017-03-01,10.68154839,10.1857,11.7295
"4098",62,2017-03-02,10.90696667,10.1875,11.7269
"4099",63,2017-03-03,10.73437037,10.1896,11.7257
"4100",64,2017-03-04,10.0679,10.1922,11.7254
"4101",65,2017-03-05,10.1487,10.1953,11.7292
"4102",66,2017-03-06,10.12055,10.1993,11.7363
"4103",67,2017-03-07,10.36428,10.2041,11.7449
"4104",68,2017-03-08,10.60843333,10.21,11.7542
"4105",69,2017-03-09,10.678,10.2172,11.7664
"4106",70,2017-03-10,10.84486207,10.2253,11.7773
"4107",71,2017-03-11,10.81106897,10.2334,11.7883
"4108",72,2017-03-12,11.2499,10.2411,11.7979
"4109",73,2017-03-13,11.54878571,10.2486,11.8061
"4110",74,2017-03-14,11.7902069,10.2565,11.8132
"4111",75,2017-03-15,11.8855,10.264,11.818
"4112",76,2017-03-16,11.61586957,10.2704,11.8207
"4113",77,2017-03-17,10.82475,10.2758,11.8171
"4114",78,2017-03-18,11.08593333,10.2806,11.8116
"4115",79,2017-03-19,10.77621429,10.2845,11.8039
"4116",80,2017-03-20,11.57083333,10.2879,11.7935
"4117",81,2017-03-21,11.66372727,10.2914,11.7814
"4118",82,2017-03-22,11.90227273,10.2956,11.7694
"4119",83,2017-03-23,11.46425,10.2999,11.7615
"4120",84,2017-03-24,11.525,10.3046,11.7553
"4121",85,2017-03-25,11.57703704,10.3085,11.749
"4122",86,2017-03-26,11.44485185,10.3115,11.7437
"4123",87,2017-03-27,11.74531034,10.3136,11.7386
"4124",88,2017-03-28,11.82317241,10.3154,11.7382
"4125",89,2017-03-29,11.78133333,10.3172,11.738
"4126",90,2017-03-30,11.83293103,10.3204,11.7418
"4127",91,2017-03-31,11.42257143,10.3232,11.7439
"4128",92,2017-04-01,11.43184615,10.3259,11.7449
"4129",93,2017-04-02,11.29584211,10.3277,11.7457
"4130",94,2017-04-03,10.53527778,10.3297,11.7482
"4131",95,2017-04-04,10.4567,10.331,11.7525
"4132",96,2017-04-05,10.81052174,10.3327,11.7596
"4133",97,2017-04-06,10.48045833,10.3356,11.7629
"4134",98,2017-04-07,10.63180769,10.3398,11.7646
"4135",99,2017-04-08,10.65492308,10.3444,11.7646
"4136",100,2017-04-09,10.37307692,10.3486,11.7648
"4137",101,2017-04-10,10.5816,10.3511,11.7676
"4138",102,2017-04-11,10.75680769,10.3541,11.7711
"4139",103,2017-04-12,10.838,10.3569,11.7768
"4140",104,2017-04-13,10.914,10.3598,11.7842
"4141",105,2017-04-14,10.98775,10.3622,11.7886
"4142",106,2017-04-15,10.81884615,10.3656,11.7942
"4143",107,2017-04-16,10.63135714,10.3689,11.7979
"4144",108,2017-04-17,10.90736364,10.3716,11.8068
"4145",109,2017-04-18,10.86633333,10.3736,11.8121
"4146",110,2017-04-19,NA,10.3758,11.8252
"4147",111,2017-04-20,NA,10.3782,11.8406
"4148",112,2017-04-21,12.47,10.3799,11.8576
"4149",113,2017-04-22,12.11358824,10.3802,11.8781
"4150",114,2017-04-23,12.1885,10.3805,11.8909
"4151",115,2017-04-24,12.21381481,10.3806,11.9021
"4152",116,2017-04-25,12.25546429,10.3807,11.9127
"4153",117,2017-04-26,12.0767037,10.3819,11.9264
"4154",118,2017-04-27,11.94334483,10.3849,11.9407
"4155",119,2017-04-28,11.59075,10.3911,11.9512
"4156",120,2017-04-29,11.61561538,10.3996,11.9619
"4157",121,2017-04-30,11.81988,10.408,11.9752
"4158",122,2017-05-01,11.58870833,10.4169,11.9885
"4159",123,2017-05-02,12.05313043,10.4282,12.0146
"4160",124,2017-05-03,12.1846,10.4425,12.0472
"4161",125,2017-05-04,12.9056875,10.4587,12.0577
"4162",126,2017-05-05,11.5835,10.4776,12.0654
"4163",127,2017-05-06,10.29246667,10.4989,12.0697
"4164",128,2017-05-07,9.053625,10.5202,12.0749
"4165",129,2017-05-08,9.069631579,10.5417,12.0866
"4166",130,2017-05-09,9.690421053,10.5638,12.1004
"4167",131,2017-05-10,10.60926316,10.5884,12.1182
"4168",132,2017-05-11,10.289,10.6183,12.1402
"4169",133,2017-05-12,10.29677778,10.6515,12.164
"4170",134,2017-05-13,10.28535714,10.6872,12.1865
"4171",135,2017-05-14,10.23658333,10.7264,12.2111
"4172",136,2017-05-15,10.10783333,10.7688,12.2407
"4173",137,2017-05-16,10.08854545,10.8145,12.2743
"4174",138,2017-05-17,9.593,10.865,12.314
"4175",139,2017-05-18,NA,10.9203,12.3592
"4176",140,2017-05-19,12.347,10.9794,12.4119
"4177",141,2017-05-20,11.5115,11.0411,12.467
"4178",142,2017-05-21,11.942,11.1021,12.522
"4179",143,2017-05-22,14.23547059,11.1624,12.5771
"4180",144,2017-05-23,13.06283333,11.2227,12.6286
"4181",145,2017-05-24,11.48155556,11.2811,12.6854
"4182",146,2017-05-25,11.07846429,11.3352,12.7404
"4183",147,2017-05-26,11.75031034,11.3864,12.7955
"4184",148,2017-05-27,11.81788889,11.4329,12.8432
