"","doy","t","temp","seas","thresh"
"1",175,2005-06-23,10.36,11.4101,13.1525
"2",176,2005-06-24,12.52,11.4607,13.2106
"3",177,2005-06-25,12.51,11.515,13.2706
"4",178,2005-06-26,13.09,11.5732,13.33
"5",179,2005-06-27,14.28,11.6354,13.3858
"6",180,2005-06-28,14.81,11.7013,13.4386
"7",181,2005-06-29,14.89,11.7692,13.4904
"8",182,2005-06-30,13.26,11.8401,13.5415
"9",183,2005-07-01,14.41,11.9118,13.5919
"10",184,2005-07-02,13.13,11.9852,13.6432
"11",185,2005-07-03,11.15,12.0584,13.6938
"12",186,2005-07-04,10.86,12.1307,13.7438
"13",187,2005-07-05,11.11,12.2011,13.7877
"14",188,2005-07-06,12,12.2701,13.831
"15",189,2005-07-07,12.45,12.3375,13.87
"16",190,2005-07-08,11.94,12.4016,13.9068
"17",191,2005-07-09,12.23,12.4598,13.9423
"18",192,2005-07-10,12.59,12.5139,13.9758
"19",193,2005-07-11,11.69,12.5629,14.0047
"20",194,2005-07-12,10.17,12.6072,14.029
"21",195,2005-07-13,10.4,12.6467,14.0525
"22",196,2005-07-14,10.42,12.6838,14.0736
"23",197,2005-07-15,12.03,12.7196,14.0911
"24",198,2005-07-16,12.82,12.7559,14.1111
"25",199,2005-07-17,13.07,12.7915,14.1291
"26",200,2005-07-18,13.96,12.8257,14.146
"27",201,2005-07-19,13.77,12.8589,14.1652
"28",202,2005-07-20,13.23,12.8929,14.1816
"29",203,2005-07-21,12.97,12.9251,14.2
"30",204,2005-07-22,13,12.9558,14.2141
"31",205,2005-07-23,12.66,12.985,14.2269
"32",206,2005-07-24,13.78,13.0132,14.2383
"33",207,2005-07-25,12.68,13.0398,14.2509
"34",208,2005-07-26,12.97,13.0638,14.2616
"35",209,2005-07-27,13.38,13.0851,14.2742
"36",210,2005-07-28,13.27,13.1046,14.2903
"37",211,2005-07-29,12.93,13.1228,14.3093
"38",212,2005-07-30,13.13,13.1396,14.329
"39",213,2005-07-31,12.8,13.1555,14.3493
"40",214,2005-08-01,13.23,13.1712,14.3684
"41",215,2005-08-02,13.58,13.1858,14.3878
"42",216,2005-08-03,14.17,13.2006,14.4047
"43",217,2005-08-04,13.89,13.2149,14.4188
"44",218,2005-08-05,13.44,13.2297,14.4338
"45",219,2005-08-06,12.98,13.2451,14.4494
"46",220,2005-08-07,13.12,13.2601,14.4667
"47",221,2005-08-08,13.18,13.2746,14.4847
"48",222,2005-08-09,12.99,13.2891,14.5055
"49",223,2005-08-10,13.08,13.3035,14.528
"50",224,2005-08-11,14.12,13.3164,14.5496
"51",225,2005-08-12,14.33,13.3273,14.5716
"52",226,2005-08-13,14.28,13.3366,14.5913
"53",227,2005-08-14,13.69,13.3431,14.6108
"54",228,2005-08-15,12.92,13.347,14.632
"55",229,2005-08-16,13.01,13.347,14.6496
"56",230,2005-08-17,12.81,13.3435,14.6657
"57",231,2005-08-18,13.26,13.3376,14.6802
"58",232,2005-08-19,13.17,13.3296,14.686
"59",233,2005-08-20,13.22,13.3186,14.689
"60",234,2005-08-21,13.15,13.3059,14.6864
"61",235,2005-08-22,13.01,13.292,14.6825
"62",236,2005-08-23,12.93,13.2778,14.6786
"63",237,2005-08-24,13.68,13.2629,14.6724
"64",238,2005-08-25,13.29,13.2487,14.665
"65",239,2005-08-26,12.86,13.2358,14.6544
"66",240,2005-08-27,12.67,13.2245,14.6425
"67",241,2005-08-28,13.02,13.2139,14.6299
"68",242,2005-08-29,13.44,13.2038,14.619
"69",243,2005-08-30,12.36,13.195,14.6091
"70",244,2005-08-31,11.26,13.1862,14.6003
"71",245,2005-09-01,11.22,13.1772,14.5928
"72",246,2005-09-02,12.01,13.1686,14.5858
"73",247,2005-09-03,12.28,13.1603,14.5841
"74",248,2005-09-04,12.8,13.1527,14.5846
"75",249,2005-09-05,13.24,13.144,14.585
"76",250,2005-09-06,13.47,13.1334,14.5854
"77",251,2005-09-07,13.51,13.1207,14.5843
"78",252,2005-09-08,13.04,13.1066,14.5845
"79",253,2005-09-09,12.46,13.091,14.5767
"80",254,2005-09-10,11.65,13.0733,14.5603
"81",255,2005-09-11,11.52,13.0552,14.536
"82",256,2005-09-12,11.92,13.0379,14.5106
"83",257,2005-09-13,11.91,13.0205,14.4851
"84",258,2005-09-14,12.16,13.0027,14.459
"85",259,2005-09-15,12.29,12.984,14.4304
"86",260,2005-09-16,12.08,12.9651,14.3978
"87",261,2005-09-17,12.12,12.9465,14.3644
"88",262,2005-09-18,11.99,12.928,14.3318
"89",263,2005-09-19,12.94,12.9095,14.3047
"90",264,2005-09-20,13.15,12.8906,14.2763
"91",265,2005-09-21,12.53,12.8705,14.2495
"92",266,2005-09-22,12.32,12.8485,14.2215
"93",267,2005-09-23,12.42,12.8237,14.1934
"94",268,2005-09-24,11.8,12.7972,14.1656
"95",269,2005-09-25,11.68,12.7686,14.1375
"96",270,2005-09-26,11.75,12.7386,14.1106
"97",271,2005-09-27,11.86,12.7071,14.0838
"98",272,2005-09-28,11.86,12.6751,14.0573
"99",273,2005-09-29,11.68,12.6428,14.0292
"100",274,2005-09-30,11.92,12.6099,14.0005
"101",275,2005-10-01,12.01,12.578,13.9725
"102",276,2005-10-02,12.18,12.5478,13.9455
"103",277,2005-10-03,12.04,12.5194,13.9215
"104",278,2005-10-04,11.63,12.4924,13.8969
"105",279,2005-10-05,10.89,12.4666,13.8739
"106",280,2005-10-06,11.34,12.4422,13.8529
"107",281,2005-10-07,10.89,12.419,13.8367
"108",282,2005-10-08,10.59,12.397,13.8259
"109",283,2005-10-09,10.83,12.376,13.8195
"110",284,2005-10-10,10.86,12.3555,13.8181
"111",285,2005-10-11,10.88,12.3364,13.8234
"112",286,2005-10-12,10.62,12.3182,13.8365
"113",287,2005-10-13,10.6,12.3009,13.8368
"114",288,2005-10-14,11,12.2848,13.8369
"115",289,2005-10-15,10.94,12.2708,13.8384
"116",290,2005-10-16,11.14,12.2581,13.8409
"117",291,2005-10-17,11.08,12.2472,13.8508
"118",292,2005-10-18,11.3,12.2382,13.8624
"119",293,2005-10-19,11.44,12.2305,13.874
"120",294,2005-10-20,11.33,12.2237,13.8856
"121",295,2005-10-21,11.74,12.2184,13.8996
"122",296,2005-10-22,12.03,12.2147,13.9138
"123",297,2005-10-23,12.25,12.2129,13.9296
"124",298,2005-10-24,12.43,12.2132,13.9455
"125",299,2005-10-25,12.42,12.2145,13.9622
"126",300,2005-10-26,12.45,12.2167,13.98
"127",301,2005-10-27,11.94,12.2197,13.9991
"128",302,2005-10-28,12.39,12.2229,14.0154
"129",303,2005-10-29,12.32,12.226,14.0284
"130",304,2005-10-30,12.17,12.229,14.0407
"131",305,2005-10-31,12.14,12.2319,14.0536
"132",306,2005-11-01,12.05,12.2337,14.0662
"133",307,2005-11-02,11.98,12.2341,14.0797
"134",308,2005-11-03,11.94,12.2329,14.0878
"135",309,2005-11-04,12.28,12.2295,14.0924
"136",310,2005-11-05,12.32,12.2243,14.0897
"137",311,2005-11-06,12.3,12.217,14.0835
"138",312,2005-11-07,12.19,12.209,14.0715
"139",313,2005-11-08,11.83,12.2008,14.0541
"140",314,2005-11-09,11.94,12.1921,14.0299
"141",315,2005-11-10,12.28,12.1828,14.0026
"142",316,2005-11-11,12.01,12.1729,13.9723
"143",317,2005-11-12,11.71,12.163,13.9405
"144",318,2005-11-13,11.69,12.1526,13.9215
"145",319,2005-11-14,11.33,12.1407,13.8993
"146",320,2005-11-15,11.09,12.1275,13.8729
"147",321,2005-11-16,11.12,12.1142,13.8476
"148",322,2005-11-17,11.21,12.1005,13.8187
"149",323,2005-11-18,11.32,12.0859,13.787
"150",324,2005-11-19,11.38,12.0709,13.7541
"151",325,2005-11-20,11.49,12.0557,13.717
"152",326,2005-11-21,11.31,12.0408,13.6807
"153",327,2005-11-22,11.04,12.0261,13.6456
"154",328,2005-11-23,10.88,12.0111,13.6069
"155",329,2005-11-24,10.8,11.9958,13.5669
"156",330,2005-11-25,10.98,11.9812,13.5269
"157",331,2005-11-26,10.66,11.9668,13.4863
"158",332,2005-11-27,10.75,11.9521,13.4444
"159",333,2005-11-28,10.63,11.9376,13.4053
"160",334,2005-11-29,10.76,11.9233,13.3705
"161",335,2005-11-30,10.85,11.9089,13.3381
"162",336,2005-12-01,10.93,11.8945,13.3077
"163",337,2005-12-02,11.49,11.88,13.2757
"164",338,2005-12-03,11.4,11.8655,13.2432
"165",339,2005-12-04,11.14,11.851,13.2149
"166",340,2005-12-05,11.12,11.8369,13.1893
"167",341,2005-12-06,10.94,11.8231,13.1695
"168",342,2005-12-07,11.08,11.8103,13.1514
"169",343,2005-12-08,11.24,11.7978,13.1349
"170",344,2005-12-09,11.07,11.7857,13.1187
"171",345,2005-12-10,11.16,11.7738,13.1025
"172",346,2005-12-11,11.28,11.7619,13.0876
"173",347,2005-12-12,11.59,11.7496,13.074
"174",348,2005-12-13,11.48,11.737,13.0614
"175",349,2005-12-14,11.57,11.7242,13.0489
"176",350,2005-12-15,11.81,11.7121,13.0377
"177",351,2005-12-16,11.66,11.7007,13.0267
"178",352,2005-12-17,11.53,11.6894,13.0137
"179",353,2005-12-18,11.92,11.6784,12.9993
"180",354,2005-12-19,12.45,11.6678,12.9867
"181",355,2005-12-20,12.73,11.6575,12.9681
"182",356,2005-12-21,12.69,11.6479,12.9544
"183",357,2005-12-22,12.81,11.6387,12.9409
"184",358,2005-12-23,12.88,11.6302,12.9267
"185",359,2005-12-24,13.08,11.6226,12.916
"186",360,2005-12-25,13.17,11.6153,12.906
"187",361,2005-12-26,13.18,11.6076,12.8956
"188",362,2005-12-27,13.17,11.5996,12.8852
"189",363,2005-12-28,13.27,11.5915,12.8752
"190",364,2005-12-29,13.17,11.5833,12.8657
"191",365,2005-12-30,12.91,11.5747,12.8552
"192",366,2005-12-31,13.02,11.5656,12.8435
"193",1,2006-01-01,12.92,11.5558,12.8291
"194",2,2006-01-02,13.02,11.5456,12.8146
"195",3,2006-01-03,12.78,11.535,12.8008
"196",4,2006-01-04,12.84,11.5243,12.785
"197",5,2006-01-05,12.92,11.5137,12.7695
"198",6,2006-01-06,12.84,11.5034,12.7535
"199",7,2006-01-07,12.88,11.4934,12.7367
"200",8,2006-01-08,12.59,11.4837,12.7194
"201",9,2006-01-09,12.51,11.4744,12.6996
"202",10,2006-01-10,12.69,11.4659,12.6822
"203",11,2006-01-11,12.59,11.4583,12.6643
"204",12,2006-01-12,12.53,11.452,12.6469
"205",13,2006-01-13,12.5,11.4466,12.6298
"206",14,2006-01-14,12.44,11.4421,12.613
"207",15,2006-01-15,12.28,11.4382,12.5975
"208",16,2006-01-16,12.02,11.435,12.585
"209",17,2006-01-17,12.09,11.432,12.5745
"210",18,2006-01-18,12.13,11.4296,12.5663
"211",19,2006-01-19,12.06,11.4271,12.5586
"212",20,2006-01-20,11.92,11.4245,12.5578
"213",21,2006-01-21,11.84,11.4216,12.5557
"214",22,2006-01-22,11.61,11.4183,12.554
"215",23,2006-01-23,11.62,11.4143,12.5515
"216",24,2006-01-24,11.64,11.4097,12.5489
"217",25,2006-01-25,11.79,11.4042,12.5466
"218",26,2006-01-26,11.71,11.398,12.545
"219",27,2006-01-27,11.61,11.3906,12.5449
"220",28,2006-01-28,11.62,11.3823,12.5445
"221",29,2006-01-29,11.54,11.3729,12.5436
"222",30,2006-01-30,11.52,11.3624,12.5426
"223",31,2006-01-31,11.44,11.351,12.5412
"224",32,2006-02-01,11.46,11.3384,12.5397
"225",33,2006-02-02,11.63,11.3241,12.5382
"226",34,2006-02-03,11.77,11.308,12.5349
"227",35,2006-02-04,11.86,11.29,12.531
"228",36,2006-02-05,11.38,11.2705,12.5264
"229",37,2006-02-06,11.36,11.2498,12.5218
"230",38,2006-02-07,11.55,11.2279,12.5179
"231",39,2006-02-08,11.64,11.2044,12.5139
"232",40,2006-02-09,11.78,11.1795,12.5121
"233",41,2006-02-10,11.93,11.1535,12.5082
"234",42,2006-02-11,11.83,11.1265,12.5054
"235",43,2006-02-12,11.84,11.0988,12.5019
"236",44,2006-02-13,11.57,11.0714,12.4968
"237",45,2006-02-14,10.53,11.0447,12.4902
"238",46,2006-02-15,9.89,11.0189,12.4794
"239",47,2006-02-16,9.36,10.9939,12.4663
"240",48,2006-02-17,9.37,10.9698,12.4536
"241",49,2006-02-18,9.22,10.9469,12.4409
"242",50,2006-02-19,9.61,10.9256,12.4281
"243",51,2006-02-20,9.58,10.906,12.4153
"244",52,2006-02-21,9.52,10.8882,12.4033
"245",53,2006-02-22,9.42,10.872,12.3907
"246",54,2006-02-23,9.57,10.8574,12.3787
"247",55,2006-02-24,9.64,10.8442,12.3662
"248",56,2006-02-25,9.99,10.8326,12.3534
"249",57,2006-02-26,10.33,10.8229,12.3408
"250",58,2006-02-27,10.59,10.8152,12.3266
"251",59,2006-02-28,10.66,10.8091,12.3124
"252",61,2006-03-01,10.73,10.8017,12.2809
"253",62,2006-03-02,10.85,10.7995,12.2654
"254",63,2006-03-03,10.84,10.7981,12.2504
"255",64,2006-03-04,10.83,10.7981,12.2349
"256",65,2006-03-05,10.61,10.7996,12.2195
"257",66,2006-03-06,10.85,10.8023,12.204
"258",67,2006-03-07,10.94,10.8057,12.1885
"259",68,2006-03-08,10.94,10.8089,12.1721
"260",69,2006-03-09,10.85,10.8115,12.1541
"261",70,2006-03-10,10.7,10.8141,12.1357
"262",71,2006-03-11,10.59,10.8165,12.117
"263",72,2006-03-12,10.53,10.8185,12.0974
"264",73,2006-03-13,10.51,10.8198,12.0768
"265",74,2006-03-14,10.41,10.8201,12.0556
"266",75,2006-03-15,10.67,10.8187,12.0322
"267",76,2006-03-16,10.69,10.8149,12.0086
"268",77,2006-03-17,10.93,10.8088,11.9897
"269",78,2006-03-18,10.88,10.801,11.9722
"270",79,2006-03-19,10.82,10.792,11.9532
"271",80,2006-03-20,10.72,10.782,11.9354
"272",81,2006-03-21,10.13,10.7713,11.9204
"273",82,2006-03-22,10.53,10.7599,11.9085
"274",83,2006-03-23,10.75,10.7475,11.898
"275",84,2006-03-24,10.87,10.7345,11.8932
"276",85,2006-03-25,11.45,10.721,11.8896
"277",86,2006-03-26,11.08,10.7069,11.887
"278",87,2006-03-27,11.11,10.6921,11.8851
"279",88,2006-03-28,11.3,10.677,11.8828
"280",89,2006-03-29,11.15,10.6616,11.8822
"281",90,2006-03-30,11.23,10.6464,11.8819
"282",91,2006-03-31,11.22,10.6315,11.8825
"283",92,2006-04-01,11.1,10.6164,11.8845
"284",93,2006-04-02,11.36,10.6006,11.8854
"285",94,2006-04-03,11.18,10.5859,11.8864
"286",95,2006-04-04,11.35,10.572,11.8875
"287",96,2006-04-05,11.24,10.559,11.8881
"288",97,2006-04-06,11.14,10.5477,11.8881
"289",98,2006-04-07,11.62,10.5372,11.8884
"290",99,2006-04-08,11.72,10.527,11.8891
"291",100,2006-04-09,11.58,10.5173,11.889
"292",101,2006-04-10,11.97,10.5073,11.8883
"293",102,2006-04-11,11.95,10.4964,11.8867
"294",103,2006-04-12,11.92,10.4851,11.8854
"295",104,2006-04-13,11.99,10.4739,11.8831
"296",105,2006-04-14,12.66,10.4625,11.8762
"297",106,2006-04-15,12.05,10.4516,11.8694
"298",107,2006-04-16,12,10.4408,11.8637
"299",108,2006-04-17,11.98,10.4296,11.8528
"300",109,2006-04-18,12.04,10.4187,11.8424
"301",110,2006-04-19,12.15,10.409,11.8368
"302",111,2006-04-20,12.45,10.3989,11.8298
"303",112,2006-04-21,12.24,10.389,11.8229
"304",113,2006-04-22,11.25,10.3797,11.8215
"305",114,2006-04-23,12.09,10.3716,11.821
"306",115,2006-04-24,13.03,10.364,11.8181
"307",116,2006-04-25,12.23,10.3574,11.8162
"308",117,2006-04-26,12.48,10.3529,11.8192
"309",118,2006-04-27,9.99,10.3511,11.8297
"310",119,2006-04-28,9.71,10.352,11.8426
"311",120,2006-04-29,10.47,10.3555,11.8553
"312",121,2006-04-30,10.34,10.3596,11.8698
"313",122,2006-05-01,9.98,10.364,11.8846
"314",123,2006-05-02,8.75,10.3683,11.8969
"315",124,2006-05-03,9.18,10.3737,11.9092
"316",125,2006-05-04,10.02,10.3781,11.9211
"317",126,2006-05-05,NA,10.3823,11.9341
"318",127,2006-05-06,NA,10.3847,11.9439
"319",128,2006-05-07,NA,10.3835,11.9506
"320",129,2006-05-08,9.81,10.381,11.9538
"321",130,2006-05-09,9.64,10.3777,11.949
"322",131,2006-05-10,9.39,10.3739,11.9425
"323",132,2006-05-11,10.48,10.3724,11.9368
"324",133,2006-05-12,9.43,10.3754,11.937
"325",134,2006-05-13,8.85,10.3838,11.9471
"326",135,2006-05-14,9.83,10.3964,11.9591
"327",136,2006-05-15,10.92,10.414,11.9773
"328",137,2006-05-16,12.17,10.4352,12.0004
"329",138,2006-05-17,12.6,10.4609,12.0252
"330",139,2006-05-18,11.25,10.4904,12.0597
"331",140,2006-05-19,10.96,10.5216,12.0962
"332",141,2006-05-20,11.53,10.553,12.1299
"333",142,2006-05-21,11.1,10.5862,12.1653
"334",143,2006-05-22,11.62,10.6189,12.1976
"335",144,2006-05-23,12.3,10.6495,12.2213
"336",145,2006-05-24,12.34,10.6768,12.2429
"337",146,2006-05-25,12.57,10.7017,12.2635
"338",147,2006-05-26,12.22,10.7233,12.2825
"339",148,2006-05-27,11.48,10.7404,12.2966
"340",149,2006-05-28,11.32,10.7524,12.3033
"341",150,2006-05-29,10.59,10.7604,12.3073
"342",151,2006-05-30,10.17,10.7635,12.31
"343",152,2006-05-31,10.74,10.7646,12.3114
"344",153,2006-06-01,12.35,10.7634,12.311
"345",154,2006-06-02,11.88,10.7622,12.3133
"346",155,2006-06-03,NA,10.7615,12.3168
"347",156,2006-06-04,NA,10.7635,12.3258
"348",157,2006-06-05,11.27,10.7668,12.334
"349",158,2006-06-06,11.89,10.7737,12.3497
"350",159,2006-06-07,10.68,10.7872,12.3715
"351",160,2006-06-08,11.05,10.8084,12.3993
"352",161,2006-06-09,9.94,10.8363,12.4391
"353",162,2006-06-10,11.11,10.8715,12.4884
"354",163,2006-06-11,11.8,10.911,12.5423
"355",164,2006-06-12,12.92,10.9534,12.5947
"356",165,2006-06-13,12.04,10.996,12.6405
"357",166,2006-06-14,11.89,11.0385,12.6882
"358",167,2006-06-15,11.92,11.0792,12.7366
"359",168,2006-06-16,12.18,11.1194,12.787
"360",169,2006-06-17,11.11,11.1588,12.8386
"361",170,2006-06-18,10.51,11.1983,12.8862
"362",171,2006-06-19,10.22,11.2372,12.9358
"363",172,2006-06-20,9.7,11.2777,12.9859
"364",173,2006-06-21,9.9,11.3192,13.0395
"365",174,2006-06-22,9.28,11.363,13.0945
"366",175,2006-06-23,9.41,11.4101,13.1525
"367",176,2006-06-24,11.32,11.4607,13.2106
"368",177,2006-06-25,11.12,11.515,13.2706
"369",178,2006-06-26,12,11.5732,13.33
"370",179,2006-06-27,12.5,11.6354,13.3858
"371",180,2006-06-28,12.51,11.7013,13.4386
"372",181,2006-06-29,12.12,11.7692,13.4904
"373",182,2006-06-30,12.07,11.8401,13.5415
"374",183,2006-07-01,11.45,11.9118,13.5919
"375",184,2006-07-02,11.72,11.9852,13.6432
"376",185,2006-07-03,12.46,12.0584,13.6938
"377",186,2006-07-04,13.94,12.1307,13.7438
"378",187,2006-07-05,13.45,12.2011,13.7877
"379",188,2006-07-06,11.53,12.2701,13.831
"380",189,2006-07-07,11.29,12.3375,13.87
"381",190,2006-07-08,12.14,12.4016,13.9068
"382",191,2006-07-09,12.3,12.4598,13.9423
"383",192,2006-07-10,12.44,12.5139,13.9758
"384",193,2006-07-11,12.87,12.5629,14.0047
"385",194,2006-07-12,13.34,12.6072,14.029
"386",195,2006-07-13,12.72,12.6467,14.0525
"387",196,2006-07-14,12.65,12.6838,14.0736
"388",197,2006-07-15,13.22,12.7196,14.0911
"389",198,2006-07-16,13.1,12.7559,14.1111
"390",199,2006-07-17,12.74,12.7915,14.1291
"391",200,2006-07-18,13.41,12.8257,14.146
"392",201,2006-07-19,14.02,12.8589,14.1652
"393",202,2006-07-20,13.35,12.8929,14.1816
"394",203,2006-07-21,14.65,12.9251,14.2
"395",204,2006-07-22,13.4,12.9558,14.2141
"396",205,2006-07-23,12.69,12.985,14.2269
"397",206,2006-07-24,12.54,13.0132,14.2383
"398",207,2006-07-25,13.55,13.0398,14.2509
"399",208,2006-07-26,13.65,13.0638,14.2616
"400",209,2006-07-27,13.55,13.0851,14.2742
"401",210,2006-07-28,12.64,13.1046,14.2903
"402",211,2006-07-29,12.91,13.1228,14.3093
"403",212,2006-07-30,13.84,13.1396,14.329
"404",213,2006-07-31,13.54,13.1555,14.3493
"405",214,2006-08-01,11.88,13.1712,14.3684
"406",215,2006-08-02,11.86,13.1858,14.3878
"407",216,2006-08-03,11.89,13.2006,14.4047
"408",217,2006-08-04,11.55,13.2149,14.4188
"409",218,2006-08-05,11.9,13.2297,14.4338
"410",219,2006-08-06,12.27,13.2451,14.4494
"411",220,2006-08-07,12.17,13.2601,14.4667
"412",221,2006-08-08,11.84,13.2746,14.4847
"413",222,2006-08-09,11.84,13.2891,14.5055
"414",223,2006-08-10,12.08,13.3035,14.528
"415",224,2006-08-11,12.48,13.3164,14.5496
"416",225,2006-08-12,12.36,13.3273,14.5716
"417",226,2006-08-13,12.85,13.3366,14.5913
"418",227,2006-08-14,12.62,13.3431,14.6108
"419",228,2006-08-15,12.47,13.347,14.632
"420",229,2006-08-16,12.58,13.347,14.6496
"421",230,2006-08-17,12.76,13.3435,14.6657
"422",231,2006-08-18,13,13.3376,14.6802
"423",232,2006-08-19,12.29,13.3296,14.686
"424",233,2006-08-20,12.56,13.3186,14.689
"425",234,2006-08-21,13.03,13.3059,14.6864
"426",235,2006-08-22,12.82,13.292,14.6825
"427",236,2006-08-23,13.42,13.2778,14.6786
"428",237,2006-08-24,12.83,13.2629,14.6724
"429",238,2006-08-25,13.02,13.2487,14.665
"430",239,2006-08-26,12.96,13.2358,14.6544
"431",240,2006-08-27,12.95,13.2245,14.6425
"432",241,2006-08-28,12.86,13.2139,14.6299
"433",242,2006-08-29,13.7,13.2038,14.619
"434",243,2006-08-30,12.2,13.195,14.6091
"435",244,2006-08-31,11.7,13.1862,14.6003
"436",245,2006-09-01,12.13,13.1772,14.5928
"437",246,2006-09-02,12.3,13.1686,14.5858
"438",247,2006-09-03,12.1,13.1603,14.5841
"439",248,2006-09-04,11.94,13.1527,14.5846
"440",249,2006-09-05,12.01,13.144,14.585
"441",250,2006-09-06,12.29,13.1334,14.5854
"442",251,2006-09-07,12.57,13.1207,14.5843
"443",252,2006-09-08,12.89,13.1066,14.5845
"444",253,2006-09-09,13.02,13.091,14.5767
"445",254,2006-09-10,12.77,13.0733,14.5603
"446",255,2006-09-11,12.4,13.0552,14.536
"447",256,2006-09-12,12.6,13.0379,14.5106
"448",257,2006-09-13,12.48,13.0205,14.4851
"449",258,2006-09-14,12.36,13.0027,14.459
"450",259,2006-09-15,11.87,12.984,14.4304
"451",260,2006-09-16,12.07,12.9651,14.3978
"452",261,2006-09-17,11.49,12.9465,14.3644
"453",262,2006-09-18,11.83,12.928,14.3318
"454",263,2006-09-19,11.07,12.9095,14.3047
"455",264,2006-09-20,10.82,12.8906,14.2763
"456",265,2006-09-21,10.48,12.8705,14.2495
"457",266,2006-09-22,10.42,12.8485,14.2215
"458",267,2006-09-23,10.13,12.8237,14.1934
"459",268,2006-09-24,11.02,12.7972,14.1656
"460",269,2006-09-25,11.54,12.7686,14.1375
"461",270,2006-09-26,11.47,12.7386,14.1106
"462",271,2006-09-27,11.6,12.7071,14.0838
"463",272,2006-09-28,11.03,12.6751,14.0573
"464",273,2006-09-29,11.17,12.6428,14.0292
"465",274,2006-09-30,11.67,12.6099,14.0005
"466",275,2006-10-01,12.38,12.578,13.9725
"467",276,2006-10-02,12.2,12.5478,13.9455
"468",277,2006-10-03,12.11,12.5194,13.9215
"469",278,2006-10-04,12.44,12.4924,13.8969
"470",279,2006-10-05,13.66,12.4666,13.8739
"471",280,2006-10-06,13.04,12.4422,13.8529
"472",281,2006-10-07,12.2,12.419,13.8367
"473",282,2006-10-08,12.86,12.397,13.8259
"474",283,2006-10-09,12.82,12.376,13.8195
"475",284,2006-10-10,12.98,12.3555,13.8181
"476",285,2006-10-11,12.78,12.3364,13.8234
"477",286,2006-10-12,13.26,12.3182,13.8365
"478",287,2006-10-13,13.31,12.3009,13.8368
"479",288,2006-10-14,13.32,12.2848,13.8369
"480",289,2006-10-15,13.27,12.2708,13.8384
"481",290,2006-10-16,13.38,12.2581,13.8409
"482",291,2006-10-17,12.99,12.2472,13.8508
"483",292,2006-10-18,12.81,12.2382,13.8624
"484",293,2006-10-19,12.77,12.2305,13.874
"485",294,2006-10-20,12.91,12.2237,13.8856
"486",295,2006-10-21,13.21,12.2184,13.8996
"487",296,2006-10-22,13.33,12.2147,13.9138
"488",297,2006-10-23,13.19,12.2129,13.9296
"489",298,2006-10-24,12.81,12.2132,13.9455
"490",299,2006-10-25,12.25,12.2145,13.9622
"491",300,2006-10-26,12.12,12.2167,13.98
"492",301,2006-10-27,12.28,12.2197,13.9991
"493",302,2006-10-28,12.05,12.2229,14.0154
"494",303,2006-10-29,11.93,12.226,14.0284
"495",304,2006-10-30,12.17,12.229,14.0407
"496",305,2006-10-31,12.21,12.2319,14.0536
"497",306,2006-11-01,12.18,12.2337,14.0662
"498",307,2006-11-02,12.5,12.2341,14.0797
"499",308,2006-11-03,12.87,12.2329,14.0878
"500",309,2006-11-04,13,12.2295,14.0924
"501",310,2006-11-05,13.18,12.2243,14.0897
"502",311,2006-11-06,14.39,12.217,14.0835
"503",312,2006-11-07,14.14,12.209,14.0715
"504",313,2006-11-08,14.24,12.2008,14.0541
"505",314,2006-11-09,13.48,12.1921,14.0299
"506",315,2006-11-10,13.35,12.1828,14.0026
"507",316,2006-11-11,13.55,12.1729,13.9723
"508",317,2006-11-12,12.65,12.163,13.9405
"509",318,2006-11-13,12.63,12.1526,13.9215
"510",319,2006-11-14,12.8,12.1407,13.8993
"511",320,2006-11-15,12.84,12.1275,13.8729
"512",321,2006-11-16,12.86,12.1142,13.8476
"513",322,2006-11-17,12.89,12.1005,13.8187
"514",323,2006-11-18,12.95,12.0859,13.787
"515",324,2006-11-19,12.88,12.0709,13.7541
"516",325,2006-11-20,13.11,12.0557,13.717
"517",326,2006-11-21,13.03,12.0408,13.6807
"518",327,2006-11-22,13.31,12.0261,13.6456
"519",328,2006-11-23,13.15,12.0111,13.6069
"520",329,2006-11-24,13.02,11.9958,13.5669
"521",330,2006-11-25,12.63,11.9812,13.5269
"522",331,2006-11-26,12.34,11.9668,13.4863
"523",332,2006-11-27,12.29,11.9521,13.4444
"524",333,2006-11-28,11.95,11.9376,13.4053
"525",334,2006-11-29,11.54,11.9233,13.3705
"526",335,2006-11-30,11.5,11.9089,13.3381
"527",336,2006-12-01,11.6,11.8945,13.3077
"528",337,2006-12-02,11.38,11.88,13.2757
"529",338,2006-12-03,11.94,11.8655,13.2432
"530",339,2006-12-04,11.99,11.851,13.2149
"531",340,2006-12-05,11.62,11.8369,13.1893
"532",341,2006-12-06,11.77,11.8231,13.1695
"533",342,2006-12-07,11.7,11.8103,13.1514
"534",343,2006-12-08,11.63,11.7978,13.1349
"535",344,2006-12-09,12.06,11.7857,13.1187
"536",345,2006-12-10,12.01,11.7738,13.1025
"537",346,2006-12-11,11.86,11.7619,13.0876
"538",347,2006-12-12,11.92,11.7496,13.074
"539",348,2006-12-13,12.07,11.737,13.0614
"540",349,2006-12-14,12.3,11.7242,13.0489
"541",350,2006-12-15,12.34,11.7121,13.0377
"542",351,2006-12-16,12.06,11.7007,13.0267
"543",352,2006-12-17,11.85,11.6894,13.0137
"544",353,2006-12-18,11.37,11.6784,12.9993
"545",354,2006-12-19,11.59,11.6678,12.9867
"546",355,2006-12-20,11.57,11.6575,12.9681
"547",356,2006-12-21,11.65,11.6479,12.9544
"548",357,2006-12-22,11.65,11.6387,12.9409
"549",358,2006-12-23,11.59,11.6302,12.9267
"550",359,2006-12-24,11.64,11.6226,12.916
"551",360,2006-12-25,11.72,11.6153,12.906
"552",361,2006-12-26,11.7,11.6076,12.8956
"553",362,2006-12-27,11.7,11.5996,12.8852
"554",363,2006-12-28,10.97,11.5915,12.8752
"555",364,2006-12-29,11,11.5833,12.8657
"556",365,2006-12-30,11.16,11.5747,12.8552
"557",366,2006-12-31,11.24,11.5656,12.8435
"558",1,2007-01-01,11.24,11.5558,12.8291
"559",2,2007-01-02,11.28,11.5456,12.8146
"560",3,2007-01-03,11.31,11.535,12.8008
"561",4,2007-01-04,11.26,11.5243,12.785
"562",5,2007-01-05,10.57,11.5137,12.7695
"563",6,2007-01-06,10.41,11.5034,12.7535
"564",7,2007-01-07,10.32,11.4934,12.7367
"565",8,2007-01-08,10.18,11.4837,12.7194
"566",9,2007-01-09,10.2,11.4744,12.6996
"567",10,2007-01-10,10.16,11.4659,12.6822
"568",11,2007-01-11,9.78,11.4583,12.6643
"569",12,2007-01-12,9.37,11.452,12.6469
"570",13,2007-01-13,8.82,11.4466,12.6298
"571",14,2007-01-14,8.94,11.4421,12.613
"572",15,2007-01-15,8.99,11.4382,12.5975
"573",16,2007-01-16,9.01,11.435,12.585
"574",17,2007-01-17,9.23,11.432,12.5745
"575",18,2007-01-18,9.24,11.4296,12.5663
"576",19,2007-01-19,9.51,11.4271,12.5586
"577",20,2007-01-20,9.53,11.4245,12.5578
"578",21,2007-01-21,9.38,11.4216,12.5557
"579",22,2007-01-22,9.48,11.4183,12.554
"580",23,2007-01-23,9.43,11.4143,12.5515
"581",24,2007-01-24,9.62,11.4097,12.5489
"582",25,2007-01-25,9.66,11.4042,12.5466
"583",26,2007-01-26,9.5,11.398,12.545
"584",27,2007-01-27,10.48,11.3906,12.5449
"585",28,2007-01-28,10.55,11.3823,12.5445
"586",29,2007-01-29,10.58,11.3729,12.5436
"587",30,2007-01-30,10.64,11.3624,12.5426
"588",31,2007-01-31,10.68,11.351,12.5412
"589",32,2007-02-01,10.72,11.3384,12.5397
"590",33,2007-02-02,10.69,11.3241,12.5382
"591",34,2007-02-03,10.79,11.308,12.5349
"592",35,2007-02-04,10.92,11.29,12.531
"593",36,2007-02-05,10.84,11.2705,12.5264
"594",37,2007-02-06,10.88,11.2498,12.5218
"595",38,2007-02-07,10.75,11.2279,12.5179
"596",39,2007-02-08,10.75,11.2044,12.5139
"597",40,2007-02-09,10.85,11.1795,12.5121
"598",41,2007-02-10,10.99,11.1535,12.5082
"599",42,2007-02-11,11.14,11.1265,12.5054
"600",43,2007-02-12,11.19,11.0988,12.5019
"601",44,2007-02-13,10.99,11.0714,12.4968
"602",45,2007-02-14,10.88,11.0447,12.4902
"603",46,2007-02-15,11.06,11.0189,12.4794
"604",47,2007-02-16,11.08,10.9939,12.4663
"605",48,2007-02-17,11.14,10.9698,12.4536
"606",49,2007-02-18,11.03,10.9469,12.4409
"607",50,2007-02-19,10.24,10.9256,12.4281
"608",51,2007-02-20,9.77,10.906,12.4153
"609",52,2007-02-21,9.94,10.8882,12.4033
"610",53,2007-02-22,10.09,10.872,12.3907
"611",54,2007-02-23,9.99,10.8574,12.3787
"612",55,2007-02-24,10.06,10.8442,12.3662
"613",56,2007-02-25,10.16,10.8326,12.3534
"614",57,2007-02-26,10.28,10.8229,12.3408
"615",58,2007-02-27,10.07,10.8152,12.3266
"616",59,2007-02-28,9.99,10.8091,12.3124
"617",61,2007-03-01,9.99,10.8017,12.2809
"618",62,2007-03-02,10.04,10.7995,12.2654
"619",63,2007-03-03,10.01,10.7981,12.2504
"620",64,2007-03-04,10.36,10.7981,12.2349
"621",65,2007-03-05,10.76,10.7996,12.2195
"622",66,2007-03-06,10.95,10.8023,12.204
"623",67,2007-03-07,10.7,10.8057,12.1885
"624",68,2007-03-08,10.77,10.8089,12.1721
"625",69,2007-03-09,10.9,10.8115,12.1541
"626",70,2007-03-10,10.85,10.8141,12.1357
"627",71,2007-03-11,10.85,10.8165,12.117
"628",72,2007-03-12,11.13,10.8185,12.0974
"629",73,2007-03-13,11.15,10.8198,12.0768
"630",74,2007-03-14,11.33,10.8201,12.0556
"631",75,2007-03-15,10.89,10.8187,12.0322
"632",76,2007-03-16,10.96,10.8149,12.0086
"633",77,2007-03-17,11.49,10.8088,11.9897
"634",78,2007-03-18,11.8,10.801,11.9722
"635",79,2007-03-19,11.12,10.792,11.9532
"636",80,2007-03-20,11.1,10.782,11.9354
"637",81,2007-03-21,9.57,10.7713,11.9204
"638",82,2007-03-22,9.09,10.7599,11.9085
"639",83,2007-03-23,9.12,10.7475,11.898
"640",84,2007-03-24,9.18,10.7345,11.8932
"641",85,2007-03-25,9.64,10.721,11.8896
"642",86,2007-03-26,10.17,10.7069,11.887
"643",87,2007-03-27,9.33,10.6921,11.8851
"644",88,2007-03-28,8.74,10.677,11.8828
"645",89,2007-03-29,8.77,10.6616,11.8822
"646",90,2007-03-30,9.16,10.6464,11.8819
"647",91,2007-03-31,9.64,10.6315,11.8825
"648",92,2007-04-01,9.33,10.6164,11.8845
"649",93,2007-04-02,9.47,10.6006,11.8854
"650",94,2007-04-03,9.41,10.5859,11.8864
"651",95,2007-04-04,9.75,10.572,11.8875
"652",96,2007-04-05,9.53,10.559,11.8881
"653",97,2007-04-06,10.5,10.5477,11.8881
"654",98,2007-04-07,10.77,10.5372,11.8884
"655",99,2007-04-08,9.92,10.527,11.8891
"656",100,2007-04-09,10.13,10.5173,11.889
"657",101,2007-04-10,9.54,10.5073,11.8883
"658",102,2007-04-11,9.67,10.4964,11.8867
"659",103,2007-04-12,9.32,10.4851,11.8854
"660",104,2007-04-13,9.06,10.4739,11.8831
"661",105,2007-04-14,9.54,10.4625,11.8762
"662",106,2007-04-15,9.25,10.4516,11.8694
"663",107,2007-04-16,8.63,10.4408,11.8637
"664",108,2007-04-17,8.8,10.4296,11.8528
"665",109,2007-04-18,8.62,10.4187,11.8424
"666",110,2007-04-19,8.33,10.409,11.8368
"667",111,2007-04-20,8.66,10.3989,11.8298
"668",112,2007-04-21,9.38,10.389,11.8229
"669",113,2007-04-22,9.27,10.3797,11.8215
"670",114,2007-04-23,9.73,10.3716,11.821
"671",115,2007-04-24,9.51,10.364,11.8181
"672",116,2007-04-25,NA,10.3574,11.8162
"673",117,2007-04-26,NA,10.3529,11.8192
"674",118,2007-04-27,9.56,10.3511,11.8297
"675",119,2007-04-28,9.72,10.352,11.8426
"676",120,2007-04-29,9.65,10.3555,11.8553
"677",121,2007-04-30,9.84,10.3596,11.8698
"678",122,2007-05-01,10.49,10.364,11.8846
"679",123,2007-05-02,10.3,10.3683,11.8969
"680",124,2007-05-03,9.81,10.3737,11.9092
"681",125,2007-05-04,10.07,10.3781,11.9211
"682",126,2007-05-05,9.43,10.3823,11.9341
"683",127,2007-05-06,8.88,10.3847,11.9439
"684",128,2007-05-07,8.45,10.3835,11.9506
"685",129,2007-05-08,8.93,10.381,11.9538
"686",130,2007-05-09,9.22,10.3777,11.949
"687",131,2007-05-10,NA,10.3739,11.9425
"688",132,2007-05-11,NA,10.3724,11.9368
"689",133,2007-05-12,10.42,10.3754,11.937
"690",134,2007-05-13,9.89,10.3838,11.9471
"691",135,2007-05-14,9.83,10.3964,11.9591
"692",136,2007-05-15,9.88,10.414,11.9773
"693",137,2007-05-16,9.85,10.4352,12.0004
"694",138,2007-05-17,9.22,10.4609,12.0252
"695",139,2007-05-18,10.16,10.4904,12.0597
"696",140,2007-05-19,10.4,10.5216,12.0962
"697",141,2007-05-20,8.97,10.553,12.1299
"698",142,2007-05-21,8.81,10.5862,12.1653
"699",143,2007-05-22,8.4,10.6189,12.1976
"700",144,2007-05-23,NA,10.6495,12.2213
"701",145,2007-05-24,9.42,10.6768,12.2429
"702",146,2007-05-25,9.46,10.7017,12.2635
"703",147,2007-05-26,10.5,10.7233,12.2825
"704",148,2007-05-27,10.9,10.7404,12.2966
"705",149,2007-05-28,9.74,10.7524,12.3033
"706",150,2007-05-29,10.29,10.7604,12.3073
"707",151,2007-05-30,10.74,10.7635,12.31
"708",152,2007-05-31,10.9,10.7646,12.3114
"709",153,2007-06-01,10.65,10.7634,12.311
"710",154,2007-06-02,11.27,10.7622,12.3133
"711",155,2007-06-03,11.63,10.7615,12.3168
"712",156,2007-06-04,11.75,10.7635,12.3258
"713",157,2007-06-05,11.36,10.7668,12.334
"714",158,2007-06-06,10.87,10.7737,12.3497
"715",159,2007-06-07,10.05,10.7872,12.3715
"716",160,2007-06-08,10.49,10.8084,12.3993
"717",161,2007-06-09,10.38,10.8363,12.4391
"718",162,2007-06-10,10.65,10.8715,12.4884
"719",163,2007-06-11,10.13,10.911,12.5423
"720",164,2007-06-12,9.89,10.9534,12.5947
"721",165,2007-06-13,9.79,10.996,12.6405
"722",166,2007-06-14,9.23,11.0385,12.6882
"723",167,2007-06-15,8.85,11.0792,12.7366
"724",168,2007-06-16,9.26,11.1194,12.787
"725",169,2007-06-17,8.5,11.1588,12.8386
"726",170,2007-06-18,8.88,11.1983,12.8862
"727",171,2007-06-19,9.96,11.2372,12.9358
"728",172,2007-06-20,10.05,11.2777,12.9859
"729",173,2007-06-21,10.46,11.3192,13.0395
"730",174,2007-06-22,11.18,11.363,13.0945
"731",175,2007-06-23,10.78,11.4101,13.1525
"732",176,2007-06-24,9.79,11.4607,13.2106
"733",177,2007-06-25,9.86,11.515,13.2706
"734",178,2007-06-26,9.85,11.5732,13.33
"735",179,2007-06-27,10.34,11.6354,13.3858
"736",180,2007-06-28,12.18,11.7013,13.4386
"737",181,2007-06-29,NA,11.7692,13.4904
"738",182,2007-06-30,NA,11.8401,13.5415
"739",183,2007-07-01,NA,11.9118,13.5919
"740",184,2007-07-02,NA,11.9852,13.6432
"741",185,2007-07-03,NA,12.0584,13.6938
"742",186,2007-07-04,NA,12.1307,13.7438
"743",187,2007-07-05,NA,12.2011,13.7877
"744",188,2007-07-06,NA,12.2701,13.831
"745",189,2007-07-07,NA,12.3375,13.87
"746",190,2007-07-08,NA,12.4016,13.9068
"747",191,2007-07-09,NA,12.4598,13.9423
"748",192,2007-07-10,NA,12.5139,13.9758
"749",193,2007-07-11,NA,12.5629,14.0047
"750",194,2007-07-12,NA,12.6072,14.029
"751",195,2007-07-13,NA,12.6467,14.0525
"752",196,2007-07-14,NA,12.6838,14.0736
"753",197,2007-07-15,NA,12.7196,14.0911
"754",198,2007-07-16,NA,12.7559,14.1111
"755",199,2007-07-17,NA,12.7915,14.1291
"756",200,2007-07-18,NA,12.8257,14.146
"757",201,2007-07-19,NA,12.8589,14.1652
"758",202,2007-07-20,NA,12.8929,14.1816
"759",203,2007-07-21,NA,12.9251,14.2
"760",204,2007-07-22,NA,12.9558,14.2141
"761",205,2007-07-23,NA,12.985,14.2269
"762",206,2007-07-24,NA,13.0132,14.2383
"763",207,2007-07-25,NA,13.0398,14.2509
"764",208,2007-07-26,NA,13.0638,14.2616
"765",209,2007-07-27,NA,13.0851,14.2742
"766",210,2007-07-28,NA,13.1046,14.2903
"767",211,2007-07-29,NA,13.1228,14.3093
"768",212,2007-07-30,NA,13.1396,14.329
"769",213,2007-07-31,NA,13.1555,14.3493
"770",214,2007-08-01,NA,13.1712,14.3684
"771",215,2007-08-02,NA,13.1858,14.3878
"772",216,2007-08-03,NA,13.2006,14.4047
"773",217,2007-08-04,NA,13.2149,14.4188
"774",218,2007-08-05,NA,13.2297,14.4338
"775",219,2007-08-06,NA,13.2451,14.4494
"776",220,2007-08-07,NA,13.2601,14.4667
"777",221,2007-08-08,NA,13.2746,14.4847
"778",222,2007-08-09,NA,13.2891,14.5055
"779",223,2007-08-10,NA,13.3035,14.528
"780",224,2007-08-11,NA,13.3164,14.5496
"781",225,2007-08-12,NA,13.3273,14.5716
"782",226,2007-08-13,NA,13.3366,14.5913
"783",227,2007-08-14,NA,13.3431,14.6108
"784",228,2007-08-15,NA,13.347,14.632
"785",229,2007-08-16,NA,13.347,14.6496
"786",230,2007-08-17,NA,13.3435,14.6657
"787",231,2007-08-18,NA,13.3376,14.6802
"788",232,2007-08-19,NA,13.3296,14.686
"789",233,2007-08-20,NA,13.3186,14.689
"790",234,2007-08-21,NA,13.3059,14.6864
"791",235,2007-08-22,NA,13.292,14.6825
"792",236,2007-08-23,NA,13.2778,14.6786
"793",237,2007-08-24,NA,13.2629,14.6724
"794",238,2007-08-25,NA,13.2487,14.665
"795",239,2007-08-26,NA,13.2358,14.6544
"796",240,2007-08-27,NA,13.2245,14.6425
"797",241,2007-08-28,NA,13.2139,14.6299
"798",242,2007-08-29,NA,13.2038,14.619
"799",243,2007-08-30,NA,13.195,14.6091
"800",244,2007-08-31,NA,13.1862,14.6003
"801",245,2007-09-01,NA,13.1772,14.5928
"802",246,2007-09-02,NA,13.1686,14.5858
"803",247,2007-09-03,NA,13.1603,14.5841
"804",248,2007-09-04,NA,13.1527,14.5846
"805",249,2007-09-05,NA,13.144,14.585
"806",250,2007-09-06,NA,13.1334,14.5854
"807",251,2007-09-07,NA,13.1207,14.5843
"808",252,2007-09-08,NA,13.1066,14.5845
"809",253,2007-09-09,NA,13.091,14.5767
"810",254,2007-09-10,NA,13.0733,14.5603
"811",255,2007-09-11,NA,13.0552,14.536
"812",256,2007-09-12,NA,13.0379,14.5106
"813",257,2007-09-13,NA,13.0205,14.4851
"814",258,2007-09-14,NA,13.0027,14.459
"815",259,2007-09-15,NA,12.984,14.4304
"816",260,2007-09-16,NA,12.9651,14.3978
"817",261,2007-09-17,NA,12.9465,14.3644
"818",262,2007-09-18,NA,12.928,14.3318
"819",263,2007-09-19,NA,12.9095,14.3047
"820",264,2007-09-20,NA,12.8906,14.2763
"821",265,2007-09-21,NA,12.8705,14.2495
"822",266,2007-09-22,NA,12.8485,14.2215
"823",267,2007-09-23,NA,12.8237,14.1934
"824",268,2007-09-24,NA,12.7972,14.1656
"825",269,2007-09-25,NA,12.7686,14.1375
"826",270,2007-09-26,NA,12.7386,14.1106
"827",271,2007-09-27,NA,12.7071,14.0838
"828",272,2007-09-28,NA,12.6751,14.0573
"829",273,2007-09-29,NA,12.6428,14.0292
"830",274,2007-09-30,NA,12.6099,14.0005
"831",275,2007-10-01,NA,12.578,13.9725
"832",276,2007-10-02,NA,12.5478,13.9455
"833",277,2007-10-03,NA,12.5194,13.9215
"834",278,2007-10-04,NA,12.4924,13.8969
"835",279,2007-10-05,NA,12.4666,13.8739
"836",280,2007-10-06,NA,12.4422,13.8529
"837",281,2007-10-07,NA,12.419,13.8367
"838",282,2007-10-08,NA,12.397,13.8259
"839",283,2007-10-09,NA,12.376,13.8195
"840",284,2007-10-10,NA,12.3555,13.8181
"841",285,2007-10-11,NA,12.3364,13.8234
"842",286,2007-10-12,NA,12.3182,13.8365
"843",287,2007-10-13,NA,12.3009,13.8368
"844",288,2007-10-14,NA,12.2848,13.8369
"845",289,2007-10-15,NA,12.2708,13.8384
"846",290,2007-10-16,NA,12.2581,13.8409
"847",291,2007-10-17,NA,12.2472,13.8508
"848",292,2007-10-18,NA,12.2382,13.8624
"849",293,2007-10-19,NA,12.2305,13.874
"850",294,2007-10-20,NA,12.2237,13.8856
"851",295,2007-10-21,NA,12.2184,13.8996
"852",296,2007-10-22,NA,12.2147,13.9138
"853",297,2007-10-23,NA,12.2129,13.9296
"854",298,2007-10-24,NA,12.2132,13.9455
"855",299,2007-10-25,NA,12.2145,13.9622
"856",300,2007-10-26,NA,12.2167,13.98
"857",301,2007-10-27,NA,12.2197,13.9991
"858",302,2007-10-28,NA,12.2229,14.0154
"859",303,2007-10-29,NA,12.226,14.0284
"860",304,2007-10-30,NA,12.229,14.0407
"861",305,2007-10-31,NA,12.2319,14.0536
"862",306,2007-11-01,NA,12.2337,14.0662
"863",307,2007-11-02,NA,12.2341,14.0797
"864",308,2007-11-03,NA,12.2329,14.0878
"865",309,2007-11-04,NA,12.2295,14.0924
"866",310,2007-11-05,NA,12.2243,14.0897
"867",311,2007-11-06,NA,12.217,14.0835
"868",312,2007-11-07,NA,12.209,14.0715
"869",313,2007-11-08,NA,12.2008,14.0541
"870",314,2007-11-09,NA,12.1921,14.0299
"871",315,2007-11-10,NA,12.1828,14.0026
"872",316,2007-11-11,NA,12.1729,13.9723
"873",317,2007-11-12,NA,12.163,13.9405
"874",318,2007-11-13,NA,12.1526,13.9215
"875",319,2007-11-14,NA,12.1407,13.8993
"876",320,2007-11-15,NA,12.1275,13.8729
"877",321,2007-11-16,NA,12.1142,13.8476
"878",322,2007-11-17,NA,12.1005,13.8187
"879",323,2007-11-18,NA,12.0859,13.787
"880",324,2007-11-19,NA,12.0709,13.7541
"881",325,2007-11-20,NA,12.0557,13.717
"882",326,2007-11-21,NA,12.0408,13.6807
"883",327,2007-11-22,NA,12.0261,13.6456
"884",328,2007-11-23,NA,12.0111,13.6069
"885",329,2007-11-24,NA,11.9958,13.5669
"886",330,2007-11-25,NA,11.9812,13.5269
"887",331,2007-11-26,NA,11.9668,13.4863
"888",332,2007-11-27,NA,11.9521,13.4444
"889",333,2007-11-28,NA,11.9376,13.4053
"890",334,2007-11-29,NA,11.9233,13.3705
"891",335,2007-11-30,NA,11.9089,13.3381
"892",336,2007-12-01,NA,11.8945,13.3077
"893",337,2007-12-02,NA,11.88,13.2757
"894",338,2007-12-03,NA,11.8655,13.2432
"895",339,2007-12-04,NA,11.851,13.2149
"896",340,2007-12-05,NA,11.8369,13.1893
"897",341,2007-12-06,NA,11.8231,13.1695
"898",342,2007-12-07,NA,11.8103,13.1514
"899",343,2007-12-08,NA,11.7978,13.1349
"900",344,2007-12-09,NA,11.7857,13.1187
"901",345,2007-12-10,NA,11.7738,13.1025
"902",346,2007-12-11,NA,11.7619,13.0876
"903",347,2007-12-12,NA,11.7496,13.074
"904",348,2007-12-13,NA,11.737,13.0614
"905",349,2007-12-14,NA,11.7242,13.0489
"906",350,2007-12-15,NA,11.7121,13.0377
"907",351,2007-12-16,NA,11.7007,13.0267
"908",352,2007-12-17,NA,11.6894,13.0137
"909",353,2007-12-18,NA,11.6784,12.9993
"910",354,2007-12-19,NA,11.6678,12.9867
"911",355,2007-12-20,NA,11.6575,12.9681
"912",356,2007-12-21,NA,11.6479,12.9544
"913",357,2007-12-22,NA,11.6387,12.9409
"914",358,2007-12-23,NA,11.6302,12.9267
"915",359,2007-12-24,NA,11.6226,12.916
"916",360,2007-12-25,NA,11.6153,12.906
"917",361,2007-12-26,NA,11.6076,12.8956
"918",362,2007-12-27,NA,11.5996,12.8852
"919",363,2007-12-28,NA,11.5915,12.8752
"920",364,2007-12-29,NA,11.5833,12.8657
"921",365,2007-12-30,NA,11.5747,12.8552
"922",366,2007-12-31,NA,11.5656,12.8435
"923",1,2008-01-01,NA,11.5558,12.8291
"924",2,2008-01-02,NA,11.5456,12.8146
"925",3,2008-01-03,NA,11.535,12.8008
"926",4,2008-01-04,NA,11.5243,12.785
"927",5,2008-01-05,NA,11.5137,12.7695
"928",6,2008-01-06,NA,11.5034,12.7535
"929",7,2008-01-07,NA,11.4934,12.7367
"930",8,2008-01-08,NA,11.4837,12.7194
"931",9,2008-01-09,NA,11.4744,12.6996
"932",10,2008-01-10,NA,11.4659,12.6822
"933",11,2008-01-11,NA,11.4583,12.6643
"934",12,2008-01-12,NA,11.452,12.6469
"935",13,2008-01-13,NA,11.4466,12.6298
"936",14,2008-01-14,NA,11.4421,12.613
"937",15,2008-01-15,NA,11.4382,12.5975
"938",16,2008-01-16,NA,11.435,12.585
"939",17,2008-01-17,NA,11.432,12.5745
"940",18,2008-01-18,NA,11.4296,12.5663
"941",19,2008-01-19,NA,11.4271,12.5586
"942",20,2008-01-20,NA,11.4245,12.5578
"943",21,2008-01-21,NA,11.4216,12.5557
"944",22,2008-01-22,NA,11.4183,12.554
"945",23,2008-01-23,NA,11.4143,12.5515
"946",24,2008-01-24,NA,11.4097,12.5489
"947",25,2008-01-25,NA,11.4042,12.5466
"948",26,2008-01-26,NA,11.398,12.545
"949",27,2008-01-27,NA,11.3906,12.5449
"950",28,2008-01-28,NA,11.3823,12.5445
"951",29,2008-01-29,NA,11.3729,12.5436
"952",30,2008-01-30,NA,11.3624,12.5426
"953",31,2008-01-31,NA,11.351,12.5412
"954",32,2008-02-01,NA,11.3384,12.5397
"955",33,2008-02-02,NA,11.3241,12.5382
"956",34,2008-02-03,NA,11.308,12.5349
"957",35,2008-02-04,NA,11.29,12.531
"958",36,2008-02-05,NA,11.2705,12.5264
"959",37,2008-02-06,NA,11.2498,12.5218
"960",38,2008-02-07,NA,11.2279,12.5179
"961",39,2008-02-08,NA,11.2044,12.5139
"962",40,2008-02-09,NA,11.1795,12.5121
"963",41,2008-02-10,NA,11.1535,12.5082
"964",42,2008-02-11,NA,11.1265,12.5054
"965",43,2008-02-12,NA,11.0988,12.5019
"966",44,2008-02-13,NA,11.0714,12.4968
"967",45,2008-02-14,NA,11.0447,12.4902
"968",46,2008-02-15,NA,11.0189,12.4794
"969",47,2008-02-16,NA,10.9939,12.4663
"970",48,2008-02-17,NA,10.9698,12.4536
"971",49,2008-02-18,NA,10.9469,12.4409
"972",50,2008-02-19,NA,10.9256,12.4281
"973",51,2008-02-20,NA,10.906,12.4153
"974",52,2008-02-21,NA,10.8882,12.4033
"975",53,2008-02-22,NA,10.872,12.3907
"976",54,2008-02-23,NA,10.8574,12.3787
"977",55,2008-02-24,NA,10.8442,12.3662
"978",56,2008-02-25,NA,10.8326,12.3534
"979",57,2008-02-26,NA,10.8229,12.3408
"980",58,2008-02-27,NA,10.8152,12.3266
"981",59,2008-02-28,NA,10.8091,12.3124
"982",60,2008-02-29,NA,10.8048,12.2973
"983",61,2008-03-01,NA,10.8017,12.2809
"984",62,2008-03-02,NA,10.7995,12.2654
"985",63,2008-03-03,NA,10.7981,12.2504
"986",64,2008-03-04,NA,10.7981,12.2349
"987",65,2008-03-05,NA,10.7996,12.2195
"988",66,2008-03-06,NA,10.8023,12.204
"989",67,2008-03-07,NA,10.8057,12.1885
"990",68,2008-03-08,NA,10.8089,12.1721
"991",69,2008-03-09,NA,10.8115,12.1541
"992",70,2008-03-10,NA,10.8141,12.1357
"993",71,2008-03-11,NA,10.8165,12.117
"994",72,2008-03-12,NA,10.8185,12.0974
"995",73,2008-03-13,NA,10.8198,12.0768
"996",74,2008-03-14,NA,10.8201,12.0556
"997",75,2008-03-15,NA,10.8187,12.0322
"998",76,2008-03-16,NA,10.8149,12.0086
"999",77,2008-03-17,NA,10.8088,11.9897
"1000",78,2008-03-18,NA,10.801,11.9722
"1001",79,2008-03-19,NA,10.792,11.9532
"1002",80,2008-03-20,NA,10.782,11.9354
"1003",81,2008-03-21,NA,10.7713,11.9204
"1004",82,2008-03-22,NA,10.7599,11.9085
"1005",83,2008-03-23,NA,10.7475,11.898
"1006",84,2008-03-24,NA,10.7345,11.8932
"1007",85,2008-03-25,NA,10.721,11.8896
"1008",86,2008-03-26,NA,10.7069,11.887
"1009",87,2008-03-27,NA,10.6921,11.8851
"1010",88,2008-03-28,NA,10.677,11.8828
"1011",89,2008-03-29,NA,10.6616,11.8822
"1012",90,2008-03-30,NA,10.6464,11.8819
"1013",91,2008-03-31,NA,10.6315,11.8825
"1014",92,2008-04-01,NA,10.6164,11.8845
"1015",93,2008-04-02,NA,10.6006,11.8854
"1016",94,2008-04-03,NA,10.5859,11.8864
"1017",95,2008-04-04,NA,10.572,11.8875
"1018",96,2008-04-05,NA,10.559,11.8881
"1019",97,2008-04-06,NA,10.5477,11.8881
"1020",98,2008-04-07,NA,10.5372,11.8884
"1021",99,2008-04-08,NA,10.527,11.8891
"1022",100,2008-04-09,NA,10.5173,11.889
"1023",101,2008-04-10,NA,10.5073,11.8883
"1024",102,2008-04-11,NA,10.4964,11.8867
"1025",103,2008-04-12,NA,10.4851,11.8854
"1026",104,2008-04-13,NA,10.4739,11.8831
"1027",105,2008-04-14,NA,10.4625,11.8762
"1028",106,2008-04-15,NA,10.4516,11.8694
"1029",107,2008-04-16,NA,10.4408,11.8637
"1030",108,2008-04-17,NA,10.4296,11.8528
"1031",109,2008-04-18,NA,10.4187,11.8424
"1032",110,2008-04-19,NA,10.409,11.8368
"1033",111,2008-04-20,NA,10.3989,11.8298
"1034",112,2008-04-21,NA,10.389,11.8229
"1035",113,2008-04-22,NA,10.3797,11.8215
"1036",114,2008-04-23,NA,10.3716,11.821
"1037",115,2008-04-24,NA,10.364,11.8181
"1038",116,2008-04-25,NA,10.3574,11.8162
"1039",117,2008-04-26,NA,10.3529,11.8192
"1040",118,2008-04-27,NA,10.3511,11.8297
"1041",119,2008-04-28,NA,10.352,11.8426
"1042",120,2008-04-29,NA,10.3555,11.8553
"1043",121,2008-04-30,NA,10.3596,11.8698
"1044",122,2008-05-01,NA,10.364,11.8846
"1045",123,2008-05-02,NA,10.3683,11.8969
"1046",124,2008-05-03,NA,10.3737,11.9092
"1047",125,2008-05-04,NA,10.3781,11.9211
"1048",126,2008-05-05,NA,10.3823,11.9341
"1049",127,2008-05-06,NA,10.3847,11.9439
"1050",128,2008-05-07,NA,10.3835,11.9506
"1051",129,2008-05-08,NA,10.381,11.9538
"1052",130,2008-05-09,NA,10.3777,11.949
"1053",131,2008-05-10,NA,10.3739,11.9425
"1054",132,2008-05-11,NA,10.3724,11.9368
"1055",133,2008-05-12,NA,10.3754,11.937
"1056",134,2008-05-13,NA,10.3838,11.9471
"1057",135,2008-05-14,NA,10.3964,11.9591
"1058",136,2008-05-15,NA,10.414,11.9773
"1059",137,2008-05-16,NA,10.4352,12.0004
"1060",138,2008-05-17,NA,10.4609,12.0252
"1061",139,2008-05-18,NA,10.4904,12.0597
"1062",140,2008-05-19,NA,10.5216,12.0962
"1063",141,2008-05-20,NA,10.553,12.1299
"1064",142,2008-05-21,NA,10.5862,12.1653
"1065",143,2008-05-22,NA,10.6189,12.1976
"1066",144,2008-05-23,NA,10.6495,12.2213
"1067",145,2008-05-24,NA,10.6768,12.2429
"1068",146,2008-05-25,NA,10.7017,12.2635
"1069",147,2008-05-26,NA,10.7233,12.2825
"1070",148,2008-05-27,NA,10.7404,12.2966
"1071",149,2008-05-28,NA,10.7524,12.3033
"1072",150,2008-05-29,NA,10.7604,12.3073
"1073",151,2008-05-30,NA,10.7635,12.31
"1074",152,2008-05-31,NA,10.7646,12.3114
"1075",153,2008-06-01,NA,10.7634,12.311
"1076",154,2008-06-02,NA,10.7622,12.3133
"1077",155,2008-06-03,NA,10.7615,12.3168
"1078",156,2008-06-04,NA,10.7635,12.3258
"1079",157,2008-06-05,NA,10.7668,12.334
"1080",158,2008-06-06,NA,10.7737,12.3497
"1081",159,2008-06-07,8.45,10.7872,12.3715
"1082",160,2008-06-08,8.1,10.8084,12.3993
"1083",161,2008-06-09,8.73,10.8363,12.4391
"1084",162,2008-06-10,9.48,10.8715,12.4884
"1085",163,2008-06-11,8.35,10.911,12.5423
"1086",164,2008-06-12,8.6,10.9534,12.5947
"1087",165,2008-06-13,8.72,10.996,12.6405
"1088",166,2008-06-14,9.79,11.0385,12.6882
"1089",167,2008-06-15,9.57,11.0792,12.7366
"1090",168,2008-06-16,10.07,11.1194,12.787
"1091",169,2008-06-17,11.14,11.1588,12.8386
"1092",170,2008-06-18,9.89,11.1983,12.8862
"1093",171,2008-06-19,9.6,11.2372,12.9358
"1094",172,2008-06-20,11.01,11.2777,12.9859
"1095",173,2008-06-21,10.79,11.3192,13.0395
"1096",174,2008-06-22,10.25,11.363,13.0945
"1097",175,2008-06-23,11.1,11.4101,13.1525
"1098",176,2008-06-24,11.33,11.4607,13.2106
"1099",177,2008-06-25,10.73,11.515,13.2706
"1100",178,2008-06-26,9.36,11.5732,13.33
"1101",179,2008-06-27,9.5,11.6354,13.3858
"1102",180,2008-06-28,10.17,11.7013,13.4386
"1103",181,2008-06-29,10.65,11.7692,13.4904
"1104",182,2008-06-30,10.47,11.8401,13.5415
"1105",183,2008-07-01,10.66,11.9118,13.5919
"1106",184,2008-07-02,10.15,11.9852,13.6432
"1107",185,2008-07-03,11.25,12.0584,13.6938
"1108",186,2008-07-04,10.87,12.1307,13.7438
"1109",187,2008-07-05,10.72,12.2011,13.7877
"1110",188,2008-07-06,11.95,12.2701,13.831
"1111",189,2008-07-07,11.36,12.3375,13.87
"1112",190,2008-07-08,12.47,12.4016,13.9068
"1113",191,2008-07-09,13.32,12.4598,13.9423
"1114",192,2008-07-10,13.17,12.5139,13.9758
"1115",193,2008-07-11,13.45,12.5629,14.0047
"1116",194,2008-07-12,13.36,12.6072,14.029
"1117",195,2008-07-13,13.19,12.6467,14.0525
"1118",196,2008-07-14,13.25,12.6838,14.0736
"1119",197,2008-07-15,12.09,12.7196,14.0911
"1120",198,2008-07-16,12.89,12.7559,14.1111
"1121",199,2008-07-17,13.45,12.7915,14.1291
"1122",200,2008-07-18,13.27,12.8257,14.146
"1123",201,2008-07-19,13.58,12.8589,14.1652
"1124",202,2008-07-20,13.2,12.8929,14.1816
"1125",203,2008-07-21,13.4,12.9251,14.2
"1126",204,2008-07-22,12.64,12.9558,14.2141
"1127",205,2008-07-23,11.68,12.985,14.2269
"1128",206,2008-07-24,11.16,13.0132,14.2383
"1129",207,2008-07-25,11.26,13.0398,14.2509
"1130",208,2008-07-26,11.32,13.0638,14.2616
"1131",209,2008-07-27,11.49,13.0851,14.2742
"1132",210,2008-07-28,12.19,13.1046,14.2903
"1133",211,2008-07-29,11.99,13.1228,14.3093
"1134",212,2008-07-30,12.26,13.1396,14.329
"1135",213,2008-07-31,12.79,13.1555,14.3493
"1136",214,2008-08-01,13.09,13.1712,14.3684
"1137",215,2008-08-02,13.41,13.1858,14.3878
"1138",216,2008-08-03,12.02,13.2006,14.4047
"1139",217,2008-08-04,12.52,13.2149,14.4188
"1140",218,2008-08-05,12.6,13.2297,14.4338
"1141",219,2008-08-06,13.16,13.2451,14.4494
"1142",220,2008-08-07,13.1,13.2601,14.4667
"1143",221,2008-08-08,13.14,13.2746,14.4847
"1144",222,2008-08-09,13.49,13.2891,14.5055
"1145",223,2008-08-10,13.54,13.3035,14.528
"1146",224,2008-08-11,13.34,13.3164,14.5496
"1147",225,2008-08-12,10.84,13.3273,14.5716
"1148",226,2008-08-13,11.24,13.3366,14.5913
"1149",227,2008-08-14,12.47,13.3431,14.6108
"1150",228,2008-08-15,12.54,13.347,14.632
"1151",229,2008-08-16,12.49,13.347,14.6496
"1152",230,2008-08-17,13.05,13.3435,14.6657
"1153",231,2008-08-18,12.71,13.3376,14.6802
"1154",232,2008-08-19,11.89,13.3296,14.686
"1155",233,2008-08-20,12.07,13.3186,14.689
"1156",234,2008-08-21,12.02,13.3059,14.6864
"1157",235,2008-08-22,11.66,13.292,14.6825
"1158",236,2008-08-23,12.48,13.2778,14.6786
"1159",237,2008-08-24,12.94,13.2629,14.6724
"1160",238,2008-08-25,13.79,13.2487,14.665
"1161",239,2008-08-26,13.74,13.2358,14.6544
"1162",240,2008-08-27,11.86,13.2245,14.6425
"1163",241,2008-08-28,11.16,13.2139,14.6299
"1164",242,2008-08-29,10.77,13.2038,14.619
"1165",243,2008-08-30,11.21,13.195,14.6091
"1166",244,2008-08-31,10.85,13.1862,14.6003
"1167",245,2008-09-01,10.51,13.1772,14.5928
"1168",246,2008-09-02,10.39,13.1686,14.5858
"1169",247,2008-09-03,10.76,13.1603,14.5841
"1170",248,2008-09-04,11.51,13.1527,14.5846
"1171",249,2008-09-05,12.18,13.144,14.585
"1172",250,2008-09-06,11.96,13.1334,14.5854
"1173",251,2008-09-07,12.48,13.1207,14.5843
"1174",252,2008-09-08,12.84,13.1066,14.5845
"1175",253,2008-09-09,12.86,13.091,14.5767
"1176",254,2008-09-10,12.7,13.0733,14.5603
"1177",255,2008-09-11,12.63,13.0552,14.536
"1178",256,2008-09-12,12.74,13.0379,14.5106
"1179",257,2008-09-13,13.15,13.0205,14.4851
"1180",258,2008-09-14,13.24,13.0027,14.459
"1181",259,2008-09-15,13.42,12.984,14.4304
"1182",260,2008-09-16,13.4,12.9651,14.3978
"1183",261,2008-09-17,13.44,12.9465,14.3644
"1184",262,2008-09-18,13.45,12.928,14.3318
"1185",263,2008-09-19,13.57,12.9095,14.3047
"1186",264,2008-09-20,13.77,12.8906,14.2763
"1187",265,2008-09-21,14.03,12.8705,14.2495
"1188",266,2008-09-22,13.49,12.8485,14.2215
"1189",267,2008-09-23,13.34,12.8237,14.1934
"1190",268,2008-09-24,13.16,12.7972,14.1656
"1191",269,2008-09-25,13.28,12.7686,14.1375
"1192",270,2008-09-26,13.34,12.7386,14.1106
"1193",271,2008-09-27,13.57,12.7071,14.0838
"1194",272,2008-09-28,13.78,12.6751,14.0573
"1195",273,2008-09-29,14.32,12.6428,14.0292
"1196",274,2008-09-30,14.05,12.6099,14.0005
"1197",275,2008-10-01,13.76,12.578,13.9725
"1198",276,2008-10-02,14.08,12.5478,13.9455
"1199",277,2008-10-03,14.11,12.5194,13.9215
"1200",278,2008-10-04,13.76,12.4924,13.8969
"1201",279,2008-10-05,13.48,12.4666,13.8739
"1202",280,2008-10-06,13.52,12.4422,13.8529
"1203",281,2008-10-07,13.87,12.419,13.8367
"1204",282,2008-10-08,14.06,12.397,13.8259
"1205",283,2008-10-09,13.22,12.376,13.8195
"1206",284,2008-10-10,11.8,12.3555,13.8181
"1207",285,2008-10-11,10.62,12.3364,13.8234
"1208",286,2008-10-12,10.07,12.3182,13.8365
"1209",287,2008-10-13,10.64,12.3009,13.8368
"1210",288,2008-10-14,10.82,12.2848,13.8369
"1211",289,2008-10-15,10.95,12.2708,13.8384
"1212",290,2008-10-16,10.64,12.2581,13.8409
"1213",291,2008-10-17,10.6,12.2472,13.8508
"1214",292,2008-10-18,10.59,12.2382,13.8624
"1215",293,2008-10-19,11.16,12.2305,13.874
"1216",294,2008-10-20,10.98,12.2237,13.8856
"1217",295,2008-10-21,10.97,12.2184,13.8996
"1218",296,2008-10-22,10.8,12.2147,13.9138
"1219",297,2008-10-23,10.68,12.2129,13.9296
"1220",298,2008-10-24,10.57,12.2132,13.9455
"1221",299,2008-10-25,10.59,12.2145,13.9622
"1222",300,2008-10-26,10.65,12.2167,13.98
"1223",301,2008-10-27,10.69,12.2197,13.9991
"1224",302,2008-10-28,10.86,12.2229,14.0154
"1225",303,2008-10-29,11.06,12.226,14.0284
"1226",304,2008-10-30,11.1,12.229,14.0407
"1227",305,2008-10-31,11.37,12.2319,14.0536
"1228",306,2008-11-01,11.66,12.2337,14.0662
"1229",307,2008-11-02,11.79,12.2341,14.0797
"1230",308,2008-11-03,11.97,12.2329,14.0878
"1231",309,2008-11-04,12.02,12.2295,14.0924
"1232",310,2008-11-05,12.02,12.2243,14.0897
"1233",311,2008-11-06,11.94,12.217,14.0835
"1234",312,2008-11-07,11.94,12.209,14.0715
"1235",313,2008-11-08,12.01,12.2008,14.0541
"1236",314,2008-11-09,11.85,12.1921,14.0299
"1237",315,2008-11-10,11.88,12.1828,14.0026
"1238",316,2008-11-11,11.91,12.1729,13.9723
"1239",317,2008-11-12,11.93,12.163,13.9405
"1240",318,2008-11-13,12,12.1526,13.9215
"1241",319,2008-11-14,12.02,12.1407,13.8993
"1242",320,2008-11-15,11.98,12.1275,13.8729
"1243",321,2008-11-16,12.21,12.1142,13.8476
"1244",322,2008-11-17,12.31,12.1005,13.8187
"1245",323,2008-11-18,12.15,12.0859,13.787
"1246",324,2008-11-19,12.07,12.0709,13.7541
"1247",325,2008-11-20,12.08,12.0557,13.717
"1248",326,2008-11-21,11.46,12.0408,13.6807
"1249",327,2008-11-22,11.51,12.0261,13.6456
"1250",328,2008-11-23,11.43,12.0111,13.6069
"1251",329,2008-11-24,11.89,11.9958,13.5669
"1252",330,2008-11-25,11.88,11.9812,13.5269
"1253",331,2008-11-26,11.8,11.9668,13.4863
"1254",332,2008-11-27,11.7,11.9521,13.4444
"1255",333,2008-11-28,11.73,11.9376,13.4053
"1256",334,2008-11-29,11.92,11.9233,13.3705
"1257",335,2008-11-30,12.28,11.9089,13.3381
"1258",336,2008-12-01,12.21,11.8945,13.3077
"1259",337,2008-12-02,12.15,11.88,13.2757
"1260",338,2008-12-03,11.82,11.8655,13.2432
"1261",339,2008-12-04,11.52,11.851,13.2149
"1262",340,2008-12-05,11.41,11.8369,13.1893
"1263",341,2008-12-06,11.5,11.8231,13.1695
"1264",342,2008-12-07,11.51,11.8103,13.1514
"1265",343,2008-12-08,11.39,11.7978,13.1349
"1266",344,2008-12-09,10.84,11.7857,13.1187
"1267",345,2008-12-10,10.77,11.7738,13.1025
"1268",346,2008-12-11,11,11.7619,13.0876
"1269",347,2008-12-12,10.97,11.7496,13.074
"1270",348,2008-12-13,10.8,11.737,13.0614
"1271",349,2008-12-14,10.5,11.7242,13.0489
"1272",350,2008-12-15,10.32,11.7121,13.0377
"1273",351,2008-12-16,10.2,11.7007,13.0267
"1274",352,2008-12-17,9.96,11.6894,13.0137
"1275",353,2008-12-18,9.99,11.6784,12.9993
"1276",354,2008-12-19,10.54,11.6678,12.9867
"1277",355,2008-12-20,10.04,11.6575,12.9681
"1278",356,2008-12-21,10.33,11.6479,12.9544
"1279",357,2008-12-22,10.42,11.6387,12.9409
"1280",358,2008-12-23,10.19,11.6302,12.9267
"1281",359,2008-12-24,9.9,11.6226,12.916
"1282",360,2008-12-25,10.13,11.6153,12.906
"1283",361,2008-12-26,10.05,11.6076,12.8956
"1284",362,2008-12-27,9.94,11.5996,12.8852
"1285",363,2008-12-28,10.14,11.5915,12.8752
"1286",364,2008-12-29,10.59,11.5833,12.8657
"1287",365,2008-12-30,10.75,11.5747,12.8552
"1288",366,2008-12-31,10.76,11.5656,12.8435
"1289",1,2009-01-01,10.69,11.5558,12.8291
"1290",2,2009-01-02,10.76,11.5456,12.8146
"1291",3,2009-01-03,10.33,11.535,12.8008
"1292",4,2009-01-04,9.87,11.5243,12.785
"1293",5,2009-01-05,9.89,11.5137,12.7695
"1294",6,2009-01-06,10.11,11.5034,12.7535
"1295",7,2009-01-07,10.07,11.4934,12.7367
"1296",8,2009-01-08,10.24,11.4837,12.7194
"1297",9,2009-01-09,9.93,11.4744,12.6996
"1298",10,2009-01-10,9.78,11.4659,12.6822
"1299",11,2009-01-11,9.87,11.4583,12.6643
"1300",12,2009-01-12,10.18,11.452,12.6469
"1301",13,2009-01-13,10.14,11.4466,12.6298
"1302",14,2009-01-14,10.02,11.4421,12.613
"1303",15,2009-01-15,10.02,11.4382,12.5975
"1304",16,2009-01-16,10.15,11.435,12.585
"1305",17,2009-01-17,10.25,11.432,12.5745
"1306",18,2009-01-18,10.36,11.4296,12.5663
"1307",19,2009-01-19,10.34,11.4271,12.5586
"1308",20,2009-01-20,10.31,11.4245,12.5578
"1309",21,2009-01-21,10.3,11.4216,12.5557
"1310",22,2009-01-22,10.28,11.4183,12.554
"1311",23,2009-01-23,10.48,11.4143,12.5515
"1312",24,2009-01-24,10.51,11.4097,12.5489
"1313",25,2009-01-25,10.24,11.4042,12.5466
"1314",26,2009-01-26,10.04,11.398,12.545
"1315",27,2009-01-27,9.83,11.3906,12.5449
"1316",28,2009-01-28,9.87,11.3823,12.5445
"1317",29,2009-01-29,9.66,11.3729,12.5436
"1318",30,2009-01-30,9.87,11.3624,12.5426
"1319",31,2009-01-31,10.15,11.351,12.5412
"1320",32,2009-02-01,9.78,11.3384,12.5397
"1321",33,2009-02-02,9.91,11.3241,12.5382
"1322",34,2009-02-03,9.98,11.308,12.5349
"1323",35,2009-02-04,10.14,11.29,12.531
"1324",36,2009-02-05,10.05,11.2705,12.5264
"1325",37,2009-02-06,10.39,11.2498,12.5218
"1326",38,2009-02-07,10.36,11.2279,12.5179
"1327",39,2009-02-08,10.4,11.2044,12.5139
"1328",40,2009-02-09,10.17,11.1795,12.5121
"1329",41,2009-02-10,10.02,11.1535,12.5082
"1330",42,2009-02-11,9.92,11.1265,12.5054
"1331",43,2009-02-12,9.92,11.0988,12.5019
"1332",44,2009-02-13,9.82,11.0714,12.4968
"1333",45,2009-02-14,9.83,11.0447,12.4902
"1334",46,2009-02-15,9.61,11.0189,12.4794
"1335",47,2009-02-16,9.62,10.9939,12.4663
"1336",48,2009-02-17,9.61,10.9698,12.4536
"1337",49,2009-02-18,9.92,10.9469,12.4409
"1338",50,2009-02-19,10.08,10.9256,12.4281
"1339",51,2009-02-20,10.3,10.906,12.4153
"1340",52,2009-02-21,10.36,10.8882,12.4033
"1341",53,2009-02-22,10.43,10.872,12.3907
"1342",54,2009-02-23,10.51,10.8574,12.3787
"1343",55,2009-02-24,10.41,10.8442,12.3662
"1344",56,2009-02-25,10.48,10.8326,12.3534
"1345",57,2009-02-26,10.58,10.8229,12.3408
"1346",58,2009-02-27,10.42,10.8152,12.3266
"1347",59,2009-02-28,10.51,10.8091,12.3124
"1348",61,2009-03-01,10.66,10.8017,12.2809
"1349",62,2009-03-02,10.89,10.7995,12.2654
"1350",63,2009-03-03,10.9,10.7981,12.2504
"1351",64,2009-03-04,10.76,10.7981,12.2349
"1352",65,2009-03-05,10.81,10.7996,12.2195
"1353",66,2009-03-06,10.75,10.8023,12.204
"1354",67,2009-03-07,10.64,10.8057,12.1885
"1355",68,2009-03-08,10.64,10.8089,12.1721
"1356",69,2009-03-09,10.62,10.8115,12.1541
"1357",70,2009-03-10,10.51,10.8141,12.1357
"1358",71,2009-03-11,10.5,10.8165,12.117
"1359",72,2009-03-12,10.78,10.8185,12.0974
"1360",73,2009-03-13,10.94,10.8198,12.0768
"1361",74,2009-03-14,10.87,10.8201,12.0556
"1362",75,2009-03-15,10.74,10.8187,12.0322
"1363",76,2009-03-16,10.59,10.8149,12.0086
"1364",77,2009-03-17,10.62,10.8088,11.9897
"1365",78,2009-03-18,10.5,10.801,11.9722
"1366",79,2009-03-19,10.68,10.792,11.9532
"1367",80,2009-03-20,10.36,10.782,11.9354
"1368",81,2009-03-21,10.34,10.7713,11.9204
"1369",82,2009-03-22,9.72,10.7599,11.9085
"1370",83,2009-03-23,9.3,10.7475,11.898
"1371",84,2009-03-24,9.44,10.7345,11.8932
"1372",85,2009-03-25,9.24,10.721,11.8896
"1373",86,2009-03-26,9.2,10.7069,11.887
"1374",87,2009-03-27,9.07,10.6921,11.8851
"1375",88,2009-03-28,8.81,10.677,11.8828
"1376",89,2009-03-29,8.22,10.6616,11.8822
"1377",90,2009-03-30,7.73,10.6464,11.8819
"1378",91,2009-03-31,7.32,10.6315,11.8825
"1379",92,2009-04-01,7.53,10.6164,11.8845
"1380",93,2009-04-02,7.72,10.6006,11.8854
"1381",94,2009-04-03,7.62,10.5859,11.8864
"1382",95,2009-04-04,7.17,10.572,11.8875
"1383",96,2009-04-05,7.59,10.559,11.8881
"1384",97,2009-04-06,7.94,10.5477,11.8881
"1385",98,2009-04-07,8.48,10.5372,11.8884
"1386",99,2009-04-08,9.15,10.527,11.8891
"1387",100,2009-04-09,9.18,10.5173,11.889
"1388",101,2009-04-10,9.33,10.5073,11.8883
"1389",102,2009-04-11,9.09,10.4964,11.8867
"1390",103,2009-04-12,8.83,10.4851,11.8854
"1391",104,2009-04-13,8.98,10.4739,11.8831
"1392",105,2009-04-14,8.47,10.4625,11.8762
"1393",106,2009-04-15,7.66,10.4516,11.8694
"1394",107,2009-04-16,7.66,10.4408,11.8637
"1395",108,2009-04-17,7.88,10.4296,11.8528
"1396",109,2009-04-18,NA,10.4187,11.8424
"1397",110,2009-04-19,NA,10.409,11.8368
"1398",111,2009-04-20,NA,10.3989,11.8298
"1399",112,2009-04-21,9.56,10.389,11.8229
"1400",113,2009-04-22,9.43,10.3797,11.8215
"1401",114,2009-04-23,10.98,10.3716,11.821
"1402",115,2009-04-24,9.02,10.364,11.8181
"1403",116,2009-04-25,8.96,10.3574,11.8162
"1404",117,2009-04-26,8.46,10.3529,11.8192
"1405",118,2009-04-27,7.99,10.3511,11.8297
"1406",119,2009-04-28,7.73,10.352,11.8426
"1407",120,2009-04-29,7.93,10.3555,11.8553
"1408",121,2009-04-30,8.07,10.3596,11.8698
"1409",122,2009-05-01,8.48,10.364,11.8846
"1410",123,2009-05-02,9.37,10.3683,11.8969
"1411",124,2009-05-03,9.28,10.3737,11.9092
"1412",125,2009-05-04,9.43,10.3781,11.9211
"1413",126,2009-05-05,10,10.3823,11.9341
"1414",127,2009-05-06,10.98,10.3847,11.9439
"1415",128,2009-05-07,10.95,10.3835,11.9506
"1416",129,2009-05-08,10.64,10.381,11.9538
"1417",130,2009-05-09,9.79,10.3777,11.949
"1418",131,2009-05-10,9.36,10.3739,11.9425
"1419",132,2009-05-11,9.2,10.3724,11.9368
"1420",133,2009-05-12,8.62,10.3754,11.937
"1421",134,2009-05-13,8.58,10.3838,11.9471
"1422",135,2009-05-14,8.36,10.3964,11.9591
"1423",136,2009-05-15,8.71,10.414,11.9773
"1424",137,2009-05-16,NA,10.4352,12.0004
"1425",138,2009-05-17,NA,10.4609,12.0252
"1426",139,2009-05-18,NA,10.4904,12.0597
"1427",140,2009-05-19,10.88,10.5216,12.0962
"1428",141,2009-05-20,10.76,10.553,12.1299
"1429",142,2009-05-21,10.45,10.5862,12.1653
"1430",143,2009-05-22,11.26,10.6189,12.1976
"1431",144,2009-05-23,10.53,10.6495,12.2213
"1432",145,2009-05-24,10.26,10.6768,12.2429
"1433",146,2009-05-25,10.32,10.7017,12.2635
"1434",147,2009-05-26,10.21,10.7233,12.2825
"1435",148,2009-05-27,8.7,10.7404,12.2966
"1436",149,2009-05-28,9.12,10.7524,12.3033
"1437",150,2009-05-29,10.44,10.7604,12.3073
"1438",151,2009-05-30,11.35,10.7635,12.31
"1439",152,2009-05-31,10.57,10.7646,12.3114
"1440",153,2009-06-01,10.71,10.7634,12.311
"1441",154,2009-06-02,10.97,10.7622,12.3133
"1442",155,2009-06-03,11.21,10.7615,12.3168
"1443",156,2009-06-04,10.8,10.7635,12.3258
"1444",157,2009-06-05,12.36,10.7668,12.334
"1445",158,2009-06-06,12.14,10.7737,12.3497
"1446",159,2009-06-07,11.42,10.7872,12.3715
"1447",160,2009-06-08,10.97,10.8084,12.3993
"1448",161,2009-06-09,11.63,10.8363,12.4391
"1449",162,2009-06-10,11.76,10.8715,12.4884
"1450",163,2009-06-11,12.18,10.911,12.5423
"1451",164,2009-06-12,11.49,10.9534,12.5947
"1452",165,2009-06-13,12.01,10.996,12.6405
"1453",166,2009-06-14,NA,11.0385,12.6882
"1454",167,2009-06-15,12.72,11.0792,12.7366
"1455",168,2009-06-16,13.22,11.1194,12.787
"1456",169,2009-06-17,13.14,11.1588,12.8386
"1457",170,2009-06-18,12.94,11.1983,12.8862
"1458",171,2009-06-19,10.76,11.2372,12.9358
"1459",172,2009-06-20,10.32,11.2777,12.9859
"1460",173,2009-06-21,9.28,11.3192,13.0395
"1461",174,2009-06-22,9.33,11.363,13.0945
"1462",175,2009-06-23,9.11,11.4101,13.1525
"1463",176,2009-06-24,10.26,11.4607,13.2106
"1464",177,2009-06-25,11.45,11.515,13.2706
"1465",178,2009-06-26,10.1,11.5732,13.33
"1466",179,2009-06-27,10.29,11.6354,13.3858
"1467",180,2009-06-28,11.25,11.7013,13.4386
"1468",181,2009-06-29,11.25,11.7692,13.4904
"1469",182,2009-06-30,10.76,11.8401,13.5415
"1470",183,2009-07-01,11.02,11.9118,13.5919
"1471",184,2009-07-02,11.19,11.9852,13.6432
"1472",185,2009-07-03,11.48,12.0584,13.6938
"1473",186,2009-07-04,11.25,12.1307,13.7438
"1474",187,2009-07-05,11.95,12.2011,13.7877
"1475",188,2009-07-06,11.64,12.2701,13.831
"1476",189,2009-07-07,12.77,12.3375,13.87
"1477",190,2009-07-08,12.87,12.4016,13.9068
"1478",191,2009-07-09,11.61,12.4598,13.9423
"1479",192,2009-07-10,13,12.5139,13.9758
"1480",193,2009-07-11,13.2,12.5629,14.0047
"1481",194,2009-07-12,13.9,12.6072,14.029
"1482",195,2009-07-13,13.35,12.6467,14.0525
"1483",196,2009-07-14,12.12,12.6838,14.0736
"1484",197,2009-07-15,12.3,12.7196,14.0911
"1485",198,2009-07-16,12.65,12.7559,14.1111
"1486",199,2009-07-17,12.61,12.7915,14.1291
"1487",200,2009-07-18,13.12,12.8257,14.146
"1488",201,2009-07-19,12.91,12.8589,14.1652
"1489",202,2009-07-20,12.59,12.8929,14.1816
"1490",203,2009-07-21,12.14,12.9251,14.2
"1491",204,2009-07-22,12.38,12.9558,14.2141
"1492",205,2009-07-23,11.9,12.985,14.2269
"1493",206,2009-07-24,11.88,13.0132,14.2383
"1494",207,2009-07-25,12.18,13.0398,14.2509
"1495",208,2009-07-26,12.34,13.0638,14.2616
"1496",209,2009-07-27,12.52,13.0851,14.2742
"1497",210,2009-07-28,12.9,13.1046,14.2903
"1498",211,2009-07-29,12.92,13.1228,14.3093
"1499",212,2009-07-30,12.82,13.1396,14.329
"1500",213,2009-07-31,12.65,13.1555,14.3493
"1501",214,2009-08-01,12.72,13.1712,14.3684
"1502",215,2009-08-02,12.39,13.1858,14.3878
"1503",216,2009-08-03,12.71,13.2006,14.4047
"1504",217,2009-08-04,12.73,13.2149,14.4188
"1505",218,2009-08-05,13.5,13.2297,14.4338
"1506",219,2009-08-06,12.91,13.2451,14.4494
"1507",220,2009-08-07,13.07,13.2601,14.4667
"1508",221,2009-08-08,12.37,13.2746,14.4847
"1509",222,2009-08-09,12.16,13.2891,14.5055
"1510",223,2009-08-10,11.92,13.3035,14.528
"1511",224,2009-08-11,13.21,13.3164,14.5496
"1512",225,2009-08-12,13.66,13.3273,14.5716
"1513",226,2009-08-13,13.86,13.3366,14.5913
"1514",227,2009-08-14,13,13.3431,14.6108
"1515",228,2009-08-15,11.79,13.347,14.632
"1516",229,2009-08-16,11.33,13.347,14.6496
"1517",230,2009-08-17,11.96,13.3435,14.6657
"1518",231,2009-08-18,12.16,13.3376,14.6802
"1519",232,2009-08-19,12.2,13.3296,14.686
"1520",233,2009-08-20,12.64,13.3186,14.689
"1521",234,2009-08-21,12.65,13.3059,14.6864
"1522",235,2009-08-22,12.49,13.292,14.6825
"1523",236,2009-08-23,12.41,13.2778,14.6786
"1524",237,2009-08-24,12.76,13.2629,14.6724
"1525",238,2009-08-25,13.06,13.2487,14.665
"1526",239,2009-08-26,12.72,13.2358,14.6544
"1527",240,2009-08-27,12.64,13.2245,14.6425
"1528",241,2009-08-28,12.81,13.2139,14.6299
"1529",242,2009-08-29,12.63,13.2038,14.619
"1530",243,2009-08-30,12.61,13.195,14.6091
"1531",244,2009-08-31,12.71,13.1862,14.6003
"1532",245,2009-09-01,12.44,13.1772,14.5928
"1533",246,2009-09-02,12.65,13.1686,14.5858
"1534",247,2009-09-03,12.96,13.1603,14.5841
"1535",248,2009-09-04,13.6,13.1527,14.5846
"1536",249,2009-09-05,13.56,13.144,14.585
"1537",250,2009-09-06,12.78,13.1334,14.5854
"1538",251,2009-09-07,12.02,13.1207,14.5843
"1539",252,2009-09-08,12.22,13.1066,14.5845
"1540",253,2009-09-09,13.42,13.091,14.5767
"1541",254,2009-09-10,13.24,13.0733,14.5603
"1542",255,2009-09-11,13.55,13.0552,14.536
"1543",256,2009-09-12,13.33,13.0379,14.5106
"1544",257,2009-09-13,12.99,13.0205,14.4851
"1545",258,2009-09-14,13.14,13.0027,14.459
"1546",259,2009-09-15,13.26,12.984,14.4304
"1547",260,2009-09-16,13.45,12.9651,14.3978
"1548",261,2009-09-17,13.8,12.9465,14.3644
"1549",262,2009-09-18,13.29,12.928,14.3318
"1550",263,2009-09-19,13.22,12.9095,14.3047
"1551",264,2009-09-20,12.69,12.8906,14.2763
"1552",265,2009-09-21,13.01,12.8705,14.2495
"1553",266,2009-09-22,13.15,12.8485,14.2215
"1554",267,2009-09-23,13.06,12.8237,14.1934
"1555",268,2009-09-24,13.09,12.7972,14.1656
"1556",269,2009-09-25,13.24,12.7686,14.1375
"1557",270,2009-09-26,13.28,12.7386,14.1106
"1558",271,2009-09-27,13.3,12.7071,14.0838
"1559",272,2009-09-28,13.44,12.6751,14.0573
"1560",273,2009-09-29,12.98,12.6428,14.0292
"1561",274,2009-09-30,11.32,12.6099,14.0005
"1562",275,2009-10-01,10.25,12.578,13.9725
"1563",276,2009-10-02,10.25,12.5478,13.9455
"1564",277,2009-10-03,10.04,12.5194,13.9215
"1565",278,2009-10-04,9.9,12.4924,13.8969
"1566",279,2009-10-05,9.8,12.4666,13.8739
"1567",280,2009-10-06,10.01,12.4422,13.8529
"1568",281,2009-10-07,10.4,12.419,13.8367
"1569",282,2009-10-08,10.52,12.397,13.8259
"1570",283,2009-10-09,10.75,12.376,13.8195
"1571",284,2009-10-10,10.74,12.3555,13.8181
"1572",285,2009-10-11,10.82,12.3364,13.8234
"1573",286,2009-10-12,10.83,12.3182,13.8365
"1574",287,2009-10-13,11.18,12.3009,13.8368
"1575",288,2009-10-14,12.09,12.2848,13.8369
"1576",289,2009-10-15,12.49,12.2708,13.8384
"1577",290,2009-10-16,12.65,12.2581,13.8409
"1578",291,2009-10-17,12.9,12.2472,13.8508
"1579",292,2009-10-18,12.83,12.2382,13.8624
"1580",293,2009-10-19,12.81,12.2305,13.874
"1581",294,2009-10-20,12.24,12.2237,13.8856
"1582",295,2009-10-21,12.88,12.2184,13.8996
"1583",296,2009-10-22,12.59,12.2147,13.9138
"1584",297,2009-10-23,12.23,12.2129,13.9296
"1585",298,2009-10-24,11.97,12.2132,13.9455
"1586",299,2009-10-25,11.81,12.2145,13.9622
"1587",300,2009-10-26,11.73,12.2167,13.98
"1588",301,2009-10-27,10.52,12.2197,13.9991
"1589",302,2009-10-28,10.22,12.2229,14.0154
"1590",303,2009-10-29,9.97,12.226,14.0284
"1591",304,2009-10-30,10.43,12.229,14.0407
"1592",305,2009-10-31,10.94,12.2319,14.0536
"1593",306,2009-11-01,10.49,12.2337,14.0662
"1594",307,2009-11-02,10.53,12.2341,14.0797
"1595",308,2009-11-03,10.64,12.2329,14.0878
"1596",309,2009-11-04,10.66,12.2295,14.0924
"1597",310,2009-11-05,11.3,12.2243,14.0897
"1598",311,2009-11-06,11.52,12.217,14.0835
"1599",312,2009-11-07,11.58,12.209,14.0715
"1600",313,2009-11-08,11.6,12.2008,14.0541
"1601",314,2009-11-09,11.48,12.1921,14.0299
"1602",315,2009-11-10,11.42,12.1828,14.0026
"1603",316,2009-11-11,11.48,12.1729,13.9723
"1604",317,2009-11-12,11.35,12.163,13.9405
"1605",318,2009-11-13,11.25,12.1526,13.9215
"1606",319,2009-11-14,11.1,12.1407,13.8993
"1607",320,2009-11-15,11.13,12.1275,13.8729
"1608",321,2009-11-16,11.07,12.1142,13.8476
"1609",322,2009-11-17,11.1,12.1005,13.8187
"1610",323,2009-11-18,11.02,12.0859,13.787
"1611",324,2009-11-19,10.89,12.0709,13.7541
"1612",325,2009-11-20,11.56,12.0557,13.717
"1613",326,2009-11-21,11.67,12.0408,13.6807
"1614",327,2009-11-22,11.29,12.0261,13.6456
"1615",328,2009-11-23,11.26,12.0111,13.6069
"1616",329,2009-11-24,11.4,11.9958,13.5669
"1617",330,2009-11-25,11.47,11.9812,13.5269
"1618",331,2009-11-26,11.25,11.9668,13.4863
"1619",332,2009-11-27,11.63,11.9521,13.4444
"1620",333,2009-11-28,10.22,11.9376,13.4053
"1621",334,2009-11-29,9.89,11.9233,13.3705
"1622",335,2009-11-30,10.12,11.9089,13.3381
"1623",336,2009-12-01,10.15,11.8945,13.3077
"1624",337,2009-12-02,9.92,11.88,13.2757
"1625",338,2009-12-03,10.09,11.8655,13.2432
"1626",339,2009-12-04,10.23,11.851,13.2149
"1627",340,2009-12-05,10.06,11.8369,13.1893
"1628",341,2009-12-06,9.94,11.8231,13.1695
"1629",342,2009-12-07,9.75,11.8103,13.1514
"1630",343,2009-12-08,9.4,11.7978,13.1349
"1631",344,2009-12-09,9.44,11.7857,13.1187
"1632",345,2009-12-10,9.26,11.7738,13.1025
"1633",346,2009-12-11,9.44,11.7619,13.0876
"1634",347,2009-12-12,9.8,11.7496,13.074
"1635",348,2009-12-13,10.04,11.737,13.0614
"1636",349,2009-12-14,10.39,11.7242,13.0489
"1637",350,2009-12-15,10.56,11.7121,13.0377
"1638",351,2009-12-16,10.96,11.7007,13.0267
"1639",352,2009-12-17,11.22,11.6894,13.0137
"1640",353,2009-12-18,11.34,11.6784,12.9993
"1641",354,2009-12-19,11.5,11.6678,12.9867
"1642",355,2009-12-20,11.72,11.6575,12.9681
"1643",356,2009-12-21,12.08,11.6479,12.9544
"1644",357,2009-12-22,11.8,11.6387,12.9409
"1645",358,2009-12-23,11.09,11.6302,12.9267
"1646",359,2009-12-24,10.99,11.6226,12.916
"1647",360,2009-12-25,11.07,11.6153,12.906
"1648",361,2009-12-26,11.16,11.6076,12.8956
"1649",362,2009-12-27,11.1,11.5996,12.8852
"1650",363,2009-12-28,11.24,11.5915,12.8752
"1651",364,2009-12-29,11.2,11.5833,12.8657
"1652",365,2009-12-30,11.1,11.5747,12.8552
"1653",366,2009-12-31,11.38,11.5656,12.8435
"1654",1,2010-01-01,11.5,11.5558,12.8291
"1655",2,2010-01-02,11.83,11.5456,12.8146
"1656",3,2010-01-03,11.75,11.535,12.8008
"1657",4,2010-01-04,11.77,11.5243,12.785
"1658",5,2010-01-05,11.81,11.5137,12.7695
"1659",6,2010-01-06,12.27,11.5034,12.7535
"1660",7,2010-01-07,12.23,11.4934,12.7367
"1661",8,2010-01-08,12.05,11.4837,12.7194
"1662",9,2010-01-09,12.02,11.4744,12.6996
"1663",10,2010-01-10,12.07,11.4659,12.6822
"1664",11,2010-01-11,12.18,11.4583,12.6643
"1665",12,2010-01-12,12.29,11.452,12.6469
"1666",13,2010-01-13,12.38,11.4466,12.6298
"1667",14,2010-01-14,12.13,11.4421,12.613
"1668",15,2010-01-15,12.04,11.4382,12.5975
"1669",16,2010-01-16,11.95,11.435,12.585
"1670",17,2010-01-17,11.82,11.432,12.5745
"1671",18,2010-01-18,11.87,11.4296,12.5663
"1672",19,2010-01-19,11.85,11.4271,12.5586
"1673",20,2010-01-20,11.76,11.4245,12.5578
"1674",21,2010-01-21,11.67,11.4216,12.5557
"1675",22,2010-01-22,11.77,11.4183,12.554
"1676",23,2010-01-23,11.85,11.4143,12.5515
"1677",24,2010-01-24,11.74,11.4097,12.5489
"1678",25,2010-01-25,11.78,11.4042,12.5466
"1679",26,2010-01-26,11.94,11.398,12.545
"1680",27,2010-01-27,11.86,11.3906,12.5449
"1681",28,2010-01-28,11.95,11.3823,12.5445
"1682",29,2010-01-29,11.99,11.3729,12.5436
"1683",30,2010-01-30,11.99,11.3624,12.5426
"1684",31,2010-01-31,12.02,11.351,12.5412
"1685",32,2010-02-01,12.01,11.3384,12.5397
"1686",33,2010-02-02,11.99,11.3241,12.5382
"1687",34,2010-02-03,12.05,11.308,12.5349
"1688",35,2010-02-04,12,11.29,12.531
"1689",36,2010-02-05,12.01,11.2705,12.5264
"1690",37,2010-02-06,12.11,11.2498,12.5218
"1691",38,2010-02-07,12.02,11.2279,12.5179
"1692",39,2010-02-08,12.01,11.2044,12.5139
"1693",40,2010-02-09,11.92,11.1795,12.5121
"1694",41,2010-02-10,11.87,11.1535,12.5082
"1695",42,2010-02-11,11.8,11.1265,12.5054
"1696",43,2010-02-12,11.86,11.0988,12.5019
"1697",44,2010-02-13,11.93,11.0714,12.4968
"1698",45,2010-02-14,11.99,11.0447,12.4902
"1699",46,2010-02-15,11.94,11.0189,12.4794
"1700",47,2010-02-16,12,10.9939,12.4663
"1701",48,2010-02-17,12,10.9698,12.4536
"1702",49,2010-02-18,12.02,10.9469,12.4409
"1703",50,2010-02-19,12.11,10.9256,12.4281
"1704",51,2010-02-20,12.02,10.906,12.4153
"1705",52,2010-02-21,11.87,10.8882,12.4033
"1706",53,2010-02-22,11.92,10.872,12.3907
"1707",54,2010-02-23,12.01,10.8574,12.3787
"1708",55,2010-02-24,11.95,10.8442,12.3662
"1709",56,2010-02-25,11.97,10.8326,12.3534
"1710",57,2010-02-26,12.11,10.8229,12.3408
"1711",58,2010-02-27,12.07,10.8152,12.3266
"1712",59,2010-02-28,12.01,10.8091,12.3124
"1713",61,2010-03-01,11.99,10.8017,12.2809
"1714",62,2010-03-02,12.07,10.7995,12.2654
"1715",63,2010-03-03,12.12,10.7981,12.2504
"1716",64,2010-03-04,12.04,10.7981,12.2349
"1717",65,2010-03-05,11.96,10.7996,12.2195
"1718",66,2010-03-06,11.93,10.8023,12.204
"1719",67,2010-03-07,11.95,10.8057,12.1885
"1720",68,2010-03-08,11.99,10.8089,12.1721
"1721",69,2010-03-09,11.48,10.8115,12.1541
"1722",70,2010-03-10,11.49,10.8141,12.1357
"1723",71,2010-03-11,11.47,10.8165,12.117
"1724",72,2010-03-12,11.49,10.8185,12.0974
"1725",73,2010-03-13,11.47,10.8198,12.0768
"1726",74,2010-03-14,11.58,10.8201,12.0556
"1727",75,2010-03-15,11.56,10.8187,12.0322
"1728",76,2010-03-16,11.58,10.8149,12.0086
"1729",77,2010-03-17,11.2,10.8088,11.9897
"1730",78,2010-03-18,11.09,10.801,11.9722
"1731",79,2010-03-19,11.25,10.792,11.9532
"1732",80,2010-03-20,11.73,10.782,11.9354
"1733",81,2010-03-21,11.92,10.7713,11.9204
"1734",82,2010-03-22,11.75,10.7599,11.9085
"1735",83,2010-03-23,10.2,10.7475,11.898
"1736",84,2010-03-24,10.59,10.7345,11.8932
"1737",85,2010-03-25,10.81,10.721,11.8896
"1738",86,2010-03-26,10.8,10.7069,11.887
"1739",87,2010-03-27,10.87,10.6921,11.8851
"1740",88,2010-03-28,11,10.677,11.8828
"1741",89,2010-03-29,10.84,10.6616,11.8822
"1742",90,2010-03-30,11.13,10.6464,11.8819
"1743",91,2010-03-31,11.1,10.6315,11.8825
"1744",92,2010-04-01,10.97,10.6164,11.8845
"1745",93,2010-04-02,11.02,10.6006,11.8854
"1746",94,2010-04-03,10.89,10.5859,11.8864
"1747",95,2010-04-04,11.02,10.572,11.8875
"1748",96,2010-04-05,10.73,10.559,11.8881
"1749",97,2010-04-06,10.82,10.5477,11.8881
"1750",98,2010-04-07,10.73,10.5372,11.8884
"1751",99,2010-04-08,NA,10.527,11.8891
"1752",100,2010-04-09,9.78,10.5173,11.889
"1753",101,2010-04-10,10.35,10.5073,11.8883
"1754",102,2010-04-11,10.34,10.4964,11.8867
"1755",103,2010-04-12,10.37,10.4851,11.8854
"1756",104,2010-04-13,10.78,10.4739,11.8831
"1757",105,2010-04-14,11.23,10.4625,11.8762
"1758",106,2010-04-15,11.32,10.4516,11.8694
"1759",107,2010-04-16,11.27,10.4408,11.8637
"1760",108,2010-04-17,11.61,10.4296,11.8528
"1761",109,2010-04-18,11.68,10.4187,11.8424
"1762",110,2010-04-19,11.87,10.409,11.8368
"1763",111,2010-04-20,12,10.3989,11.8298
"1764",112,2010-04-21,11.7,10.389,11.8229
"1765",113,2010-04-22,10.28,10.3797,11.8215
"1766",114,2010-04-23,9.31,10.3716,11.821
"1767",115,2010-04-24,9.81,10.364,11.8181
"1768",116,2010-04-25,9.26,10.3574,11.8162
"1769",117,2010-04-26,9.8,10.3529,11.8192
"1770",118,2010-04-27,10.12,10.3511,11.8297
"1771",119,2010-04-28,10.24,10.352,11.8426
"1772",120,2010-04-29,10.26,10.3555,11.8553
"1773",121,2010-04-30,10.24,10.3596,11.8698
"1774",122,2010-05-01,9.66,10.364,11.8846
"1775",123,2010-05-02,8.72,10.3683,11.8969
"1776",124,2010-05-03,8.32,10.3737,11.9092
"1777",125,2010-05-04,8.44,10.3781,11.9211
"1778",126,2010-05-05,NA,10.3823,11.9341
"1779",127,2010-05-06,NA,10.3847,11.9439
"1780",128,2010-05-07,NA,10.3835,11.9506
"1781",129,2010-05-08,NA,10.381,11.9538
"1782",130,2010-05-09,9.59,10.3777,11.949
"1783",131,2010-05-10,10,10.3739,11.9425
"1784",132,2010-05-11,9.94,10.3724,11.9368
"1785",133,2010-05-12,9.87,10.3754,11.937
"1786",134,2010-05-13,9.29,10.3838,11.9471
"1787",135,2010-05-14,9.28,10.3964,11.9591
"1788",136,2010-05-15,11.11,10.414,11.9773
"1789",137,2010-05-16,10.97,10.4352,12.0004
"1790",138,2010-05-17,10.77,10.4609,12.0252
"1791",139,2010-05-18,10.81,10.4904,12.0597
"1792",140,2010-05-19,10.53,10.5216,12.0962
"1793",141,2010-05-20,10.06,10.553,12.1299
"1794",142,2010-05-21,10.3,10.5862,12.1653
"1795",143,2010-05-22,10.32,10.6189,12.1976
"1796",144,2010-05-23,10.16,10.6495,12.2213
"1797",145,2010-05-24,9.71,10.6768,12.2429
"1798",146,2010-05-25,9.85,10.7017,12.2635
"1799",147,2010-05-26,11.04,10.7233,12.2825
"1800",148,2010-05-27,11.5,10.7404,12.2966
"1801",149,2010-05-28,11.86,10.7524,12.3033
"1802",150,2010-05-29,11.31,10.7604,12.3073
"1803",151,2010-05-30,10.49,10.7635,12.31
"1804",152,2010-05-31,11.05,10.7646,12.3114
"1805",153,2010-06-01,10.27,10.7634,12.311
"1806",154,2010-06-02,11.66,10.7622,12.3133
"1807",155,2010-06-03,NA,10.7615,12.3168
"1808",156,2010-06-04,NA,10.7635,12.3258
"1809",157,2010-06-05,12.6,10.7668,12.334
"1810",158,2010-06-06,12.65,10.7737,12.3497
"1811",159,2010-06-07,12.95,10.7872,12.3715
"1812",160,2010-06-08,10.72,10.8084,12.3993
"1813",161,2010-06-09,10.55,10.8363,12.4391
"1814",162,2010-06-10,10.02,10.8715,12.4884
"1815",163,2010-06-11,10.01,10.911,12.5423
"1816",164,2010-06-12,9.56,10.9534,12.5947
"1817",165,2010-06-13,9.31,10.996,12.6405
"1818",166,2010-06-14,9.94,11.0385,12.6882
"1819",167,2010-06-15,9.76,11.0792,12.7366
"1820",168,2010-06-16,8.49,11.1194,12.787
"1821",169,2010-06-17,8.77,11.1588,12.8386
"1822",170,2010-06-18,8.81,11.1983,12.8862
"1823",171,2010-06-19,9.26,11.2372,12.9358
"1824",172,2010-06-20,9.37,11.2777,12.9859
"1825",173,2010-06-21,9,11.3192,13.0395
"1826",174,2010-06-22,9.01,11.363,13.0945
"1827",175,2010-06-23,8.97,11.4101,13.1525
"1828",176,2010-06-24,10.33,11.4607,13.2106
"1829",177,2010-06-25,11.24,11.515,13.2706
"1830",178,2010-06-26,11.39,11.5732,13.33
"1831",179,2010-06-27,11.37,11.6354,13.3858
"1832",180,2010-06-28,10.8,11.7013,13.4386
"1833",181,2010-06-29,9.44,11.7692,13.4904
"1834",182,2010-06-30,9.67,11.8401,13.5415
"1835",183,2010-07-01,8.92,11.9118,13.5919
"1836",184,2010-07-02,9.36,11.9852,13.6432
"1837",185,2010-07-03,9.21,12.0584,13.6938
"1838",186,2010-07-04,9.33,12.1307,13.7438
"1839",187,2010-07-05,9.6,12.2011,13.7877
"1840",188,2010-07-06,9.38,12.2701,13.831
"1841",189,2010-07-07,10.55,12.3375,13.87
"1842",190,2010-07-08,10.67,12.4016,13.9068
"1843",191,2010-07-09,10.3,12.4598,13.9423
"1844",192,2010-07-10,11.17,12.5139,13.9758
"1845",193,2010-07-11,11.53,12.5629,14.0047
"1846",194,2010-07-12,11.98,12.6072,14.029
"1847",195,2010-07-13,12.25,12.6467,14.0525
"1848",196,2010-07-14,12.06,12.6838,14.0736
"1849",197,2010-07-15,11.74,12.7196,14.0911
"1850",198,2010-07-16,11.64,12.7559,14.1111
"1851",199,2010-07-17,12.17,12.7915,14.1291
"1852",200,2010-07-18,12.11,12.8257,14.146
"1853",201,2010-07-19,13.11,12.8589,14.1652
"1854",202,2010-07-20,13.33,12.8929,14.1816
"1855",203,2010-07-21,12.26,12.9251,14.2
"1856",204,2010-07-22,12.95,12.9558,14.2141
"1857",205,2010-07-23,12.65,12.985,14.2269
"1858",206,2010-07-24,12.5,13.0132,14.2383
"1859",207,2010-07-25,13.39,13.0398,14.2509
"1860",208,2010-07-26,11.94,13.0638,14.2616
"1861",209,2010-07-27,12.51,13.0851,14.2742
"1862",210,2010-07-28,12.68,13.1046,14.2903
"1863",211,2010-07-29,11.55,13.1228,14.3093
"1864",212,2010-07-30,12.26,13.1396,14.329
"1865",213,2010-07-31,12.96,13.1555,14.3493
"1866",214,2010-08-01,12.95,13.1712,14.3684
"1867",215,2010-08-02,13.18,13.1858,14.3878
"1868",216,2010-08-03,13.08,13.2006,14.4047
"1869",217,2010-08-04,13.32,13.2149,14.4188
"1870",218,2010-08-05,13.45,13.2297,14.4338
"1871",219,2010-08-06,13.35,13.2451,14.4494
"1872",220,2010-08-07,13.91,13.2601,14.4667
"1873",221,2010-08-08,12.62,13.2746,14.4847
"1874",222,2010-08-09,12.69,13.2891,14.5055
"1875",223,2010-08-10,12.78,13.3035,14.528
"1876",224,2010-08-11,12.43,13.3164,14.5496
"1877",225,2010-08-12,12.47,13.3273,14.5716
"1878",226,2010-08-13,12.56,13.3366,14.5913
"1879",227,2010-08-14,12.71,13.3431,14.6108
"1880",228,2010-08-15,11.98,13.347,14.632
"1881",229,2010-08-16,12.29,13.347,14.6496
"1882",230,2010-08-17,12.37,13.3435,14.6657
"1883",231,2010-08-18,12.88,13.3376,14.6802
"1884",232,2010-08-19,12.24,13.3296,14.686
"1885",233,2010-08-20,12.32,13.3186,14.689
"1886",234,2010-08-21,12.81,13.3059,14.6864
"1887",235,2010-08-22,12.62,13.292,14.6825
"1888",236,2010-08-23,12.95,13.2778,14.6786
"1889",237,2010-08-24,12.72,13.2629,14.6724
"1890",238,2010-08-25,12.83,13.2487,14.665
"1891",239,2010-08-26,13.37,13.2358,14.6544
"1892",240,2010-08-27,12.84,13.2245,14.6425
"1893",241,2010-08-28,11.18,13.2139,14.6299
"1894",242,2010-08-29,11.21,13.2038,14.619
"1895",243,2010-08-30,11.04,13.195,14.6091
"1896",244,2010-08-31,12.01,13.1862,14.6003
"1897",245,2010-09-01,11.29,13.1772,14.5928
"1898",246,2010-09-02,10.97,13.1686,14.5858
"1899",247,2010-09-03,11.02,13.1603,14.5841
"1900",248,2010-09-04,11.76,13.1527,14.5846
"1901",249,2010-09-05,11.27,13.144,14.585
"1902",250,2010-09-06,10.74,13.1334,14.5854
"1903",251,2010-09-07,10.3,13.1207,14.5843
"1904",252,2010-09-08,10.22,13.1066,14.5845
"1905",253,2010-09-09,10.51,13.091,14.5767
"1906",254,2010-09-10,10.51,13.0733,14.5603
"1907",255,2010-09-11,11,13.0552,14.536
"1908",256,2010-09-12,11.37,13.0379,14.5106
"1909",257,2010-09-13,11.7,13.0205,14.4851
"1910",258,2010-09-14,11.96,13.0027,14.459
"1911",259,2010-09-15,12.22,12.984,14.4304
"1912",260,2010-09-16,12.37,12.9651,14.3978
"1913",261,2010-09-17,12.25,12.9465,14.3644
"1914",262,2010-09-18,12.49,12.928,14.3318
"1915",263,2010-09-19,13.29,12.9095,14.3047
"1916",264,2010-09-20,13.25,12.8906,14.2763
"1917",265,2010-09-21,12.38,12.8705,14.2495
"1918",266,2010-09-22,12.09,12.8485,14.2215
"1919",267,2010-09-23,12.44,12.8237,14.1934
"1920",268,2010-09-24,12.09,12.7972,14.1656
"1921",269,2010-09-25,12.68,12.7686,14.1375
"1922",270,2010-09-26,12.26,12.7386,14.1106
"1923",271,2010-09-27,12.36,12.7071,14.0838
"1924",272,2010-09-28,12.45,12.6751,14.0573
"1925",273,2010-09-29,13.12,12.6428,14.0292
"1926",274,2010-09-30,13.45,12.6099,14.0005
"1927",275,2010-10-01,12.97,12.578,13.9725
"1928",276,2010-10-02,12.11,12.5478,13.9455
"1929",277,2010-10-03,12.17,12.5194,13.9215
"1930",278,2010-10-04,11.92,12.4924,13.8969
"1931",279,2010-10-05,10.92,12.4666,13.8739
"1932",280,2010-10-06,10.24,12.4422,13.8529
"1933",281,2010-10-07,11.11,12.419,13.8367
"1934",282,2010-10-08,11.29,12.397,13.8259
"1935",283,2010-10-09,11.33,12.376,13.8195
"1936",284,2010-10-10,10.84,12.3555,13.8181
"1937",285,2010-10-11,10.1,12.3364,13.8234
"1938",286,2010-10-12,10.28,12.3182,13.8365
"1939",287,2010-10-13,10.59,12.3009,13.8368
"1940",288,2010-10-14,10.49,12.2848,13.8369
"1941",289,2010-10-15,10.39,12.2708,13.8384
"1942",290,2010-10-16,10.2,12.2581,13.8409
"1943",291,2010-10-17,10.64,12.2472,13.8508
"1944",292,2010-10-18,11,12.2382,13.8624
"1945",293,2010-10-19,10.87,12.2305,13.874
"1946",294,2010-10-20,10.82,12.2237,13.8856
"1947",295,2010-10-21,10.98,12.2184,13.8996
"1948",296,2010-10-22,11.08,12.2147,13.9138
"1949",297,2010-10-23,11.24,12.2129,13.9296
"1950",298,2010-10-24,11.31,12.2132,13.9455
"1951",299,2010-10-25,11.66,12.2145,13.9622
"1952",300,2010-10-26,11.49,12.2167,13.98
"1953",301,2010-10-27,11.48,12.2197,13.9991
"1954",302,2010-10-28,12.41,12.2229,14.0154
"1955",303,2010-10-29,12.77,12.226,14.0284
"1956",304,2010-10-30,12.69,12.229,14.0407
"1957",305,2010-10-31,12.74,12.2319,14.0536
"1958",306,2010-11-01,12.69,12.2337,14.0662
"1959",307,2010-11-02,12.88,12.2341,14.0797
"1960",308,2010-11-03,12.32,12.2329,14.0878
"1961",309,2010-11-04,12.3,12.2295,14.0924
"1962",310,2010-11-05,12.44,12.2243,14.0897
"1963",311,2010-11-06,12.43,12.217,14.0835
"1964",312,2010-11-07,12.79,12.209,14.0715
"1965",313,2010-11-08,12.32,12.2008,14.0541
"1966",314,2010-11-09,12.1,12.1921,14.0299
"1967",315,2010-11-10,12.18,12.1828,14.0026
"1968",316,2010-11-11,12.21,12.1729,13.9723
"1969",317,2010-11-12,12.23,12.163,13.9405
"1970",318,2010-11-13,11.66,12.1526,13.9215
"1971",319,2010-11-14,10.97,12.1407,13.8993
"1972",320,2010-11-15,10.81,12.1275,13.8729
"1973",321,2010-11-16,10.19,12.1142,13.8476
"1974",322,2010-11-17,10.59,12.1005,13.8187
"1975",323,2010-11-18,11.02,12.0859,13.787
"1976",324,2010-11-19,10.65,12.0709,13.7541
"1977",325,2010-11-20,10.67,12.0557,13.717
"1978",326,2010-11-21,10.21,12.0408,13.6807
"1979",327,2010-11-22,10.32,12.0261,13.6456
"1980",328,2010-11-23,10.36,12.0111,13.6069
"1981",329,2010-11-24,9.96,11.9958,13.5669
"1982",330,2010-11-25,9.91,11.9812,13.5269
"1983",331,2010-11-26,9.86,11.9668,13.4863
"1984",332,2010-11-27,10.6,11.9521,13.4444
"1985",333,2010-11-28,10.2,11.9376,13.4053
"1986",334,2010-11-29,10.24,11.9233,13.3705
"1987",335,2010-11-30,10.35,11.9089,13.3381
"1988",336,2010-12-01,11.37,11.8945,13.3077
"1989",337,2010-12-02,11.62,11.88,13.2757
"1990",338,2010-12-03,11.13,11.8655,13.2432
"1991",339,2010-12-04,11.19,11.851,13.2149
"1992",340,2010-12-05,11.85,11.8369,13.1893
"1993",341,2010-12-06,11.84,11.8231,13.1695
"1994",342,2010-12-07,11.99,11.8103,13.1514
"1995",343,2010-12-08,12.16,11.7978,13.1349
"1996",344,2010-12-09,12.31,11.7857,13.1187
"1997",345,2010-12-10,12.17,11.7738,13.1025
"1998",346,2010-12-11,12.13,11.7619,13.0876
"1999",347,2010-12-12,12.2,11.7496,13.074
"2000",348,2010-12-13,11.98,11.737,13.0614
"2001",349,2010-12-14,12.11,11.7242,13.0489
"2002",350,2010-12-15,11.51,11.7121,13.0377
"2003",351,2010-12-16,11.7,11.7007,13.0267
"2004",352,2010-12-17,11.63,11.6894,13.0137
"2005",353,2010-12-18,11.79,11.6784,12.9993
"2006",354,2010-12-19,11.66,11.6678,12.9867
"2007",355,2010-12-20,11.46,11.6575,12.9681
"2008",356,2010-12-21,11.24,11.6479,12.9544
"2009",357,2010-12-22,11.26,11.6387,12.9409
"2010",358,2010-12-23,11.5,11.6302,12.9267
"2011",359,2010-12-24,11.67,11.6226,12.916
"2012",360,2010-12-25,11.86,11.6153,12.906
"2013",361,2010-12-26,11.91,11.6076,12.8956
"2014",362,2010-12-27,12,11.5996,12.8852
"2015",363,2010-12-28,11.9,11.5915,12.8752
"2016",364,2010-12-29,11.78,11.5833,12.8657
"2017",365,2010-12-30,11.31,11.5747,12.8552
"2018",366,2010-12-31,11.18,11.5656,12.8435
"2019",1,2011-01-01,11.02,11.5558,12.8291
"2020",2,2011-01-02,11.21,11.5456,12.8146
"2021",3,2011-01-03,11.15,11.535,12.8008
"2022",4,2011-01-04,11.23,11.5243,12.785
"2023",5,2011-01-05,11.17,11.5137,12.7695
"2024",6,2011-01-06,11.11,11.5034,12.7535
"2025",7,2011-01-07,11.07,11.4934,12.7367
"2026",8,2011-01-08,11.05,11.4837,12.7194
"2027",9,2011-01-09,10.79,11.4744,12.6996
"2028",10,2011-01-10,10.52,11.4659,12.6822
"2029",11,2011-01-11,10.49,11.4583,12.6643
"2030",12,2011-01-12,10.61,11.452,12.6469
"2031",13,2011-01-13,10.77,11.4466,12.6298
"2032",14,2011-01-14,10.78,11.4421,12.613
"2033",15,2011-01-15,10.76,11.4382,12.5975
"2034",16,2011-01-16,10.98,11.435,12.585
"2035",17,2011-01-17,10.89,11.432,12.5745
"2036",18,2011-01-18,10.63,11.4296,12.5663
"2037",19,2011-01-19,10.42,11.4271,12.5586
"2038",20,2011-01-20,10.37,11.4245,12.5578
"2039",21,2011-01-21,10.32,11.4216,12.5557
"2040",22,2011-01-22,10.39,11.4183,12.554
"2041",23,2011-01-23,10.59,11.4143,12.5515
"2042",24,2011-01-24,10.71,11.4097,12.5489
"2043",25,2011-01-25,10.41,11.4042,12.5466
"2044",26,2011-01-26,10.36,11.398,12.545
"2045",27,2011-01-27,10.45,11.3906,12.5449
"2046",28,2011-01-28,10.33,11.3823,12.5445
"2047",29,2011-01-29,10.23,11.3729,12.5436
"2048",30,2011-01-30,10.37,11.3624,12.5426
"2049",31,2011-01-31,10.36,11.351,12.5412
"2050",32,2011-02-01,10.45,11.3384,12.5397
"2051",33,2011-02-02,10.51,11.3241,12.5382
"2052",34,2011-02-03,10.62,11.308,12.5349
"2053",35,2011-02-04,10.69,11.29,12.531
"2054",36,2011-02-05,10.81,11.2705,12.5264
"2055",37,2011-02-06,10.75,11.2498,12.5218
"2056",38,2011-02-07,10.34,11.2279,12.5179
"2057",39,2011-02-08,9.55,11.2044,12.5139
"2058",40,2011-02-09,8.99,11.1795,12.5121
"2059",41,2011-02-10,9.17,11.1535,12.5082
"2060",42,2011-02-11,9.52,11.1265,12.5054
"2061",43,2011-02-12,9.73,11.0988,12.5019
"2062",44,2011-02-13,9.56,11.0714,12.4968
"2063",45,2011-02-14,10.04,11.0447,12.4902
"2064",46,2011-02-15,9.87,11.0189,12.4794
"2065",47,2011-02-16,9.79,10.9939,12.4663
"2066",48,2011-02-17,9.61,10.9698,12.4536
"2067",49,2011-02-18,9.76,10.9469,12.4409
"2068",50,2011-02-19,9.83,10.9256,12.4281
"2069",51,2011-02-20,9.99,10.906,12.4153
"2070",52,2011-02-21,9.86,10.8882,12.4033
"2071",53,2011-02-22,9.99,10.872,12.3907
"2072",54,2011-02-23,9.88,10.8574,12.3787
"2073",55,2011-02-24,9.89,10.8442,12.3662
"2074",56,2011-02-25,9.76,10.8326,12.3534
"2075",57,2011-02-26,9.67,10.8229,12.3408
"2076",58,2011-02-27,9.53,10.8152,12.3266
"2077",59,2011-02-28,10.05,10.8091,12.3124
"2078",61,2011-03-01,10.04,10.8017,12.2809
"2079",62,2011-03-02,10.16,10.7995,12.2654
"2080",63,2011-03-03,10.27,10.7981,12.2504
"2081",64,2011-03-04,10.31,10.7981,12.2349
"2082",65,2011-03-05,10.45,10.7996,12.2195
"2083",66,2011-03-06,10.62,10.8023,12.204
"2084",67,2011-03-07,10.37,10.8057,12.1885
"2085",68,2011-03-08,10.28,10.8089,12.1721
"2086",69,2011-03-09,10.36,10.8115,12.1541
"2087",70,2011-03-10,10.53,10.8141,12.1357
"2088",71,2011-03-11,10.6,10.8165,12.117
"2089",72,2011-03-12,10.83,10.8185,12.0974
"2090",73,2011-03-13,10.66,10.8198,12.0768
"2091",74,2011-03-14,10.71,10.8201,12.0556
"2092",75,2011-03-15,10.61,10.8187,12.0322
"2093",76,2011-03-16,10.71,10.8149,12.0086
"2094",77,2011-03-17,10.54,10.8088,11.9897
"2095",78,2011-03-18,10.61,10.801,11.9722
"2096",79,2011-03-19,10.55,10.792,11.9532
"2097",80,2011-03-20,10.43,10.782,11.9354
"2098",81,2011-03-21,10.59,10.7713,11.9204
"2099",82,2011-03-22,10.66,10.7599,11.9085
"2100",83,2011-03-23,10.77,10.7475,11.898
"2101",84,2011-03-24,10.71,10.7345,11.8932
"2102",85,2011-03-25,10.82,10.721,11.8896
"2103",86,2011-03-26,10.77,10.7069,11.887
"2104",87,2011-03-27,10.97,10.6921,11.8851
"2105",88,2011-03-28,10.99,10.677,11.8828
"2106",89,2011-03-29,11.12,10.6616,11.8822
"2107",90,2011-03-30,11.35,10.6464,11.8819
"2108",91,2011-03-31,11.51,10.6315,11.8825
"2109",92,2011-04-01,11.16,10.6164,11.8845
"2110",93,2011-04-02,10.79,10.6006,11.8854
"2111",94,2011-04-03,9.19,10.5859,11.8864
"2112",95,2011-04-04,8.94,10.572,11.8875
"2113",96,2011-04-05,9.76,10.559,11.8881
"2114",97,2011-04-06,8.63,10.5477,11.8881
"2115",98,2011-04-07,8.49,10.5372,11.8884
"2116",99,2011-04-08,8.38,10.527,11.8891
"2117",100,2011-04-09,7.94,10.5173,11.889
"2118",101,2011-04-10,8.35,10.5073,11.8883
"2119",102,2011-04-11,9.04,10.4964,11.8867
"2120",103,2011-04-12,8.34,10.4851,11.8854
"2121",104,2011-04-13,8.73,10.4739,11.8831
"2122",105,2011-04-14,8.98,10.4625,11.8762
"2123",106,2011-04-15,9.26,10.4516,11.8694
"2124",107,2011-04-16,9.34,10.4408,11.8637
"2125",108,2011-04-17,9.44,10.4296,11.8528
"2126",109,2011-04-18,9.49,10.4187,11.8424
"2127",110,2011-04-19,9.66,10.409,11.8368
"2128",111,2011-04-20,10.13,10.3989,11.8298
"2129",112,2011-04-21,10.56,10.389,11.8229
"2130",113,2011-04-22,9.68,10.3797,11.8215
"2131",114,2011-04-23,9.97,10.3716,11.821
"2132",115,2011-04-24,9.93,10.364,11.8181
"2133",116,2011-04-25,NA,10.3574,11.8162
"2134",117,2011-04-26,NA,10.3529,11.8192
"2135",118,2011-04-27,10.32,10.3511,11.8297
"2136",119,2011-04-28,9.42,10.352,11.8426
"2137",120,2011-04-29,9.7,10.3555,11.8553
"2138",121,2011-04-30,9.1,10.3596,11.8698
"2139",122,2011-05-01,9.01,10.364,11.8846
"2140",123,2011-05-02,9.27,10.3683,11.8969
"2141",124,2011-05-03,9.74,10.3737,11.9092
"2142",125,2011-05-04,9.01,10.3781,11.9211
"2143",126,2011-05-05,9.26,10.3823,11.9341
"2144",127,2011-05-06,8.78,10.3847,11.9439
"2145",128,2011-05-07,8.96,10.3835,11.9506
"2146",129,2011-05-08,9.09,10.381,11.9538
"2147",130,2011-05-09,8.86,10.3777,11.949
"2148",131,2011-05-10,8.72,10.3739,11.9425
"2149",132,2011-05-11,8.87,10.3724,11.9368
"2150",133,2011-05-12,9.23,10.3754,11.937
"2151",134,2011-05-13,9.48,10.3838,11.9471
"2152",135,2011-05-14,9.09,10.3964,11.9591
"2153",136,2011-05-15,9.27,10.414,11.9773
"2154",137,2011-05-16,9.43,10.4352,12.0004
"2155",138,2011-05-17,9.57,10.4609,12.0252
"2156",139,2011-05-18,9.92,10.4904,12.0597
"2157",140,2011-05-19,9.57,10.5216,12.0962
"2158",141,2011-05-20,9.92,10.553,12.1299
"2159",142,2011-05-21,10.57,10.5862,12.1653
"2160",143,2011-05-22,8.83,10.6189,12.1976
"2161",144,2011-05-23,9.07,10.6495,12.2213
"2162",145,2011-05-24,NA,10.6768,12.2429
"2163",146,2011-05-25,9.55,10.7017,12.2635
"2164",147,2011-05-26,9.11,10.7233,12.2825
"2165",148,2011-05-27,9.34,10.7404,12.2966
"2166",149,2011-05-28,10.64,10.7524,12.3033
"2167",150,2011-05-29,10.16,10.7604,12.3073
"2168",151,2011-05-30,9.71,10.7635,12.31
"2169",152,2011-05-31,9.69,10.7646,12.3114
"2170",153,2011-06-01,10.49,10.7634,12.311
"2171",154,2011-06-02,10.72,10.7622,12.3133
"2172",155,2011-06-03,11.35,10.7615,12.3168
"2173",156,2011-06-04,11.51,10.7635,12.3258
"2174",157,2011-06-05,11.39,10.7668,12.334
"2175",158,2011-06-06,11.6,10.7737,12.3497
"2176",159,2011-06-07,11.67,10.7872,12.3715
"2177",160,2011-06-08,12.42,10.8084,12.3993
"2178",161,2011-06-09,11.68,10.8363,12.4391
"2179",162,2011-06-10,12.57,10.8715,12.4884
"2180",163,2011-06-11,10.33,10.911,12.5423
"2181",164,2011-06-12,10.76,10.9534,12.5947
"2182",165,2011-06-13,10.32,10.996,12.6405
"2183",166,2011-06-14,11.6,11.0385,12.6882
"2184",167,2011-06-15,9.76,11.0792,12.7366
"2185",168,2011-06-16,8.95,11.1194,12.787
"2186",169,2011-06-17,8.74,11.1588,12.8386
"2187",170,2011-06-18,9.1,11.1983,12.8862
"2188",171,2011-06-19,8.71,11.2372,12.9358
"2189",172,2011-06-20,8.8,11.2777,12.9859
"2190",173,2011-06-21,9.43,11.3192,13.0395
"2191",174,2011-06-22,10.81,11.363,13.0945
"2192",175,2011-06-23,10.71,11.4101,13.1525
"2193",176,2011-06-24,10.51,11.4607,13.2106
"2194",177,2011-06-25,9.84,11.515,13.2706
"2195",178,2011-06-26,11.02,11.5732,13.33
"2196",179,2011-06-27,10.74,11.6354,13.3858
"2197",180,2011-06-28,11.74,11.7013,13.4386
"2198",181,2011-06-29,11.47,11.7692,13.4904
"2199",182,2011-06-30,11.27,11.8401,13.5415
"2200",183,2011-07-01,11.15,11.9118,13.5919
"2201",184,2011-07-02,11.16,11.9852,13.6432
"2202",185,2011-07-03,10.98,12.0584,13.6938
"2203",186,2011-07-04,10.18,12.1307,13.7438
"2204",187,2011-07-05,10.37,12.2011,13.7877
"2205",188,2011-07-06,11.8,12.2701,13.831
"2206",189,2011-07-07,13.19,12.3375,13.87
"2207",190,2011-07-08,12.61,12.4016,13.9068
"2208",191,2011-07-09,12.23,12.4598,13.9423
"2209",192,2011-07-10,12.54,12.5139,13.9758
"2210",193,2011-07-11,12.75,12.5629,14.0047
"2211",194,2011-07-12,12.97,12.6072,14.029
"2212",195,2011-07-13,12.7,12.6467,14.0525
"2213",196,2011-07-14,11.07,12.6838,14.0736
"2214",197,2011-07-15,11.09,12.7196,14.0911
"2215",198,2011-07-16,11.19,12.7559,14.1111
"2216",199,2011-07-17,12.34,12.7915,14.1291
"2217",200,2011-07-18,12.74,12.8257,14.146
"2218",201,2011-07-19,12.55,12.8589,14.1652
"2219",202,2011-07-20,11.97,12.8929,14.1816
"2220",203,2011-07-21,11.77,12.9251,14.2
"2221",204,2011-07-22,11.79,12.9558,14.2141
"2222",205,2011-07-23,11.69,12.985,14.2269
"2223",206,2011-07-24,12.28,13.0132,14.2383
"2224",207,2011-07-25,11.6,13.0398,14.2509
"2225",208,2011-07-26,12.22,13.0638,14.2616
"2226",209,2011-07-27,12.41,13.0851,14.2742
"2227",210,2011-07-28,13.02,13.1046,14.2903
"2228",211,2011-07-29,12.91,13.1228,14.3093
"2229",212,2011-07-30,12.65,13.1396,14.329
"2230",213,2011-07-31,13.02,13.1555,14.3493
"2231",214,2011-08-01,13.03,13.1712,14.3684
"2232",215,2011-08-02,12.8,13.1858,14.3878
"2233",216,2011-08-03,12.69,13.2006,14.4047
"2234",217,2011-08-04,13.56,13.2149,14.4188
"2235",218,2011-08-05,13.58,13.2297,14.4338
"2236",219,2011-08-06,13.87,13.2451,14.4494
"2237",220,2011-08-07,13.98,13.2601,14.4667
"2238",221,2011-08-08,13.98,13.2746,14.4847
"2239",222,2011-08-09,13.93,13.2891,14.5055
"2240",223,2011-08-10,13.71,13.3035,14.528
"2241",224,2011-08-11,13.38,13.3164,14.5496
"2242",225,2011-08-12,13.96,13.3273,14.5716
"2243",226,2011-08-13,13.68,13.3366,14.5913
"2244",227,2011-08-14,13.13,13.3431,14.6108
"2245",228,2011-08-15,13.13,13.347,14.632
"2246",229,2011-08-16,13.46,13.347,14.6496
"2247",230,2011-08-17,13.47,13.3435,14.6657
"2248",231,2011-08-18,13.21,13.3376,14.6802
"2249",232,2011-08-19,12.78,13.3296,14.686
"2250",233,2011-08-20,13.04,13.3186,14.689
"2251",234,2011-08-21,13.21,13.3059,14.6864
"2252",235,2011-08-22,13.29,13.292,14.6825
"2253",236,2011-08-23,13.18,13.2778,14.6786
"2254",237,2011-08-24,12.9,13.2629,14.6724
"2255",238,2011-08-25,12.92,13.2487,14.665
"2256",239,2011-08-26,12.8,13.2358,14.6544
"2257",240,2011-08-27,13.18,13.2245,14.6425
"2258",241,2011-08-28,12.88,13.2139,14.6299
"2259",242,2011-08-29,12.98,13.2038,14.619
"2260",243,2011-08-30,12.57,13.195,14.6091
"2261",244,2011-08-31,12.49,13.1862,14.6003
"2262",245,2011-09-01,10.93,13.1772,14.5928
"2263",246,2011-09-02,12.15,13.1686,14.5858
"2264",247,2011-09-03,12.66,13.1603,14.5841
"2265",248,2011-09-04,12.38,13.1527,14.5846
"2266",249,2011-09-05,11.85,13.144,14.585
"2267",250,2011-09-06,11.82,13.1334,14.5854
"2268",251,2011-09-07,11.88,13.1207,14.5843
"2269",252,2011-09-08,12.27,13.1066,14.5845
"2270",253,2011-09-09,12.06,13.091,14.5767
"2271",254,2011-09-10,12.1,13.0733,14.5603
"2272",255,2011-09-11,12.84,13.0552,14.536
"2273",256,2011-09-12,12.9,13.0379,14.5106
"2274",257,2011-09-13,12.76,13.0205,14.4851
"2275",258,2011-09-14,12.83,13.0027,14.459
"2276",259,2011-09-15,13.03,12.984,14.4304
"2277",260,2011-09-16,12.64,12.9651,14.3978
"2278",261,2011-09-17,12.08,12.9465,14.3644
"2279",262,2011-09-18,12.26,12.928,14.3318
"2280",263,2011-09-19,12.29,12.9095,14.3047
"2281",264,2011-09-20,12.84,12.8906,14.2763
"2282",265,2011-09-21,12.72,12.8705,14.2495
"2283",266,2011-09-22,12.84,12.8485,14.2215
"2284",267,2011-09-23,12.71,12.8237,14.1934
"2285",268,2011-09-24,13.33,12.7972,14.1656
"2286",269,2011-09-25,13.47,12.7686,14.1375
"2287",270,2011-09-26,12.87,12.7386,14.1106
"2288",271,2011-09-27,12.77,12.7071,14.0838
"2289",272,2011-09-28,11.76,12.6751,14.0573
"2290",273,2011-09-29,12.1,12.6428,14.0292
"2291",274,2011-09-30,12.98,12.6099,14.0005
"2292",275,2011-10-01,12.31,12.578,13.9725
"2293",276,2011-10-02,12.6,12.5478,13.9455
"2294",277,2011-10-03,12.44,12.5194,13.9215
"2295",278,2011-10-04,12.64,12.4924,13.8969
"2296",279,2011-10-05,13.11,12.4666,13.8739
"2297",280,2011-10-06,13.82,12.4422,13.8529
"2298",281,2011-10-07,13.57,12.419,13.8367
"2299",282,2011-10-08,12.97,12.397,13.8259
"2300",283,2011-10-09,12.85,12.376,13.8195
"2301",284,2011-10-10,13.02,12.3555,13.8181
"2302",285,2011-10-11,13.28,12.3364,13.8234
"2303",286,2011-10-12,12.64,12.3182,13.8365
"2304",287,2011-10-13,13.08,12.3009,13.8368
"2305",288,2011-10-14,13.1,12.2848,13.8369
"2306",289,2011-10-15,13.01,12.2708,13.8384
"2307",290,2011-10-16,13.73,12.2581,13.8409
"2308",291,2011-10-17,13.77,12.2472,13.8508
"2309",292,2011-10-18,13.53,12.2382,13.8624
"2310",293,2011-10-19,13.62,12.2305,13.874
"2311",294,2011-10-20,13.64,12.2237,13.8856
"2312",295,2011-10-21,13.44,12.2184,13.8996
"2313",296,2011-10-22,12.18,12.2147,13.9138
"2314",297,2011-10-23,12.33,12.2129,13.9296
"2315",298,2011-10-24,12.59,12.2132,13.9455
"2316",299,2011-10-25,11.98,12.2145,13.9622
"2317",300,2011-10-26,11.67,12.2167,13.98
"2318",301,2011-10-27,11.19,12.2197,13.9991
"2319",302,2011-10-28,11.1,12.2229,14.0154
"2320",303,2011-10-29,11.44,12.226,14.0284
"2321",304,2011-10-30,11.88,12.229,14.0407
"2322",305,2011-10-31,11.8,12.2319,14.0536
"2323",306,2011-11-01,11.13,12.2337,14.0662
"2324",307,2011-11-02,10.91,12.2341,14.0797
"2325",308,2011-11-03,10.82,12.2329,14.0878
"2326",309,2011-11-04,10.75,12.2295,14.0924
"2327",310,2011-11-05,10.35,12.2243,14.0897
"2328",311,2011-11-06,10.53,12.217,14.0835
"2329",312,2011-11-07,10.38,12.209,14.0715
"2330",313,2011-11-08,10.25,12.2008,14.0541
"2331",314,2011-11-09,10.56,12.1921,14.0299
"2332",315,2011-11-10,10.76,12.1828,14.0026
"2333",316,2011-11-11,11.18,12.1729,13.9723
"2334",317,2011-11-12,11.14,12.163,13.9405
"2335",318,2011-11-13,11.09,12.1526,13.9215
"2336",319,2011-11-14,11.15,12.1407,13.8993
"2337",320,2011-11-15,10.96,12.1275,13.8729
"2338",321,2011-11-16,11.04,12.1142,13.8476
"2339",322,2011-11-17,10.84,12.1005,13.8187
"2340",323,2011-11-18,10.68,12.0859,13.787
"2341",324,2011-11-19,10.54,12.0709,13.7541
"2342",325,2011-11-20,10.51,12.0557,13.717
"2343",326,2011-11-21,10.97,12.0408,13.6807
"2344",327,2011-11-22,10.93,12.0261,13.6456
"2345",328,2011-11-23,11.41,12.0111,13.6069
"2346",329,2011-11-24,12.37,11.9958,13.5669
"2347",330,2011-11-25,12.45,11.9812,13.5269
"2348",331,2011-11-26,12.44,11.9668,13.4863
"2349",332,2011-11-27,12.46,11.9521,13.4444
"2350",333,2011-11-28,12.4,11.9376,13.4053
"2351",334,2011-11-29,12.37,11.9233,13.3705
"2352",335,2011-11-30,11.73,11.9089,13.3381
"2353",336,2011-12-01,11.35,11.8945,13.3077
"2354",337,2011-12-02,10.85,11.88,13.2757
"2355",338,2011-12-03,10.08,11.8655,13.2432
"2356",339,2011-12-04,10.08,11.851,13.2149
"2357",340,2011-12-05,10.31,11.8369,13.1893
"2358",341,2011-12-06,10.09,11.8231,13.1695
"2359",342,2011-12-07,10.1,11.8103,13.1514
"2360",343,2011-12-08,9.95,11.7978,13.1349
"2361",344,2011-12-09,9.86,11.7857,13.1187
"2362",345,2011-12-10,9.91,11.7738,13.1025
"2363",346,2011-12-11,10.18,11.7619,13.0876
"2364",347,2011-12-12,9.82,11.7496,13.074
"2365",348,2011-12-13,9.74,11.737,13.0614
"2366",349,2011-12-14,10.17,11.7242,13.0489
"2367",350,2011-12-15,10.65,11.7121,13.0377
"2368",351,2011-12-16,10.53,11.7007,13.0267
"2369",352,2011-12-17,10.59,11.6894,13.0137
"2370",353,2011-12-18,10.6,11.6784,12.9993
"2371",354,2011-12-19,10.41,11.6678,12.9867
"2372",355,2011-12-20,10.25,11.6575,12.9681
"2373",356,2011-12-21,10.33,11.6479,12.9544
"2374",357,2011-12-22,10.3,11.6387,12.9409
"2375",358,2011-12-23,10.23,11.6302,12.9267
"2376",359,2011-12-24,10.51,11.6226,12.916
"2377",360,2011-12-25,10.5,11.6153,12.906
"2378",361,2011-12-26,10.6,11.6076,12.8956
"2379",362,2011-12-27,10.63,11.5996,12.8852
"2380",363,2011-12-28,10.69,11.5915,12.8752
"2381",364,2011-12-29,10.79,11.5833,12.8657
"2382",365,2011-12-30,10.89,11.5747,12.8552
"2383",366,2011-12-31,10.71,11.5656,12.8435
"2384",1,2012-01-01,10.62,11.5558,12.8291
"2385",2,2012-01-02,10.77,11.5456,12.8146
"2386",3,2012-01-03,10.85,11.535,12.8008
"2387",4,2012-01-04,10.83,11.5243,12.785
"2388",5,2012-01-05,10.91,11.5137,12.7695
"2389",6,2012-01-06,10.74,11.5034,12.7535
"2390",7,2012-01-07,10.58,11.4934,12.7367
"2391",8,2012-01-08,10.71,11.4837,12.7194
"2392",9,2012-01-09,10.63,11.4744,12.6996
"2393",10,2012-01-10,10.75,11.4659,12.6822
"2394",11,2012-01-11,10.58,11.4583,12.6643
"2395",12,2012-01-12,10.58,11.452,12.6469
"2396",13,2012-01-13,10.6,11.4466,12.6298
"2397",14,2012-01-14,10.6,11.4421,12.613
"2398",15,2012-01-15,10.38,11.4382,12.5975
"2399",16,2012-01-16,10.14,11.435,12.585
"2400",17,2012-01-17,9.94,11.432,12.5745
"2401",18,2012-01-18,9.77,11.4296,12.5663
"2402",19,2012-01-19,10.14,11.4271,12.5586
"2403",20,2012-01-20,10.64,11.4245,12.5578
"2404",21,2012-01-21,10.77,11.4216,12.5557
"2405",22,2012-01-22,10.75,11.4183,12.554
"2406",23,2012-01-23,10.77,11.4143,12.5515
"2407",24,2012-01-24,10.81,11.4097,12.5489
"2408",25,2012-01-25,10.92,11.4042,12.5466
"2409",26,2012-01-26,11.04,11.398,12.545
"2410",27,2012-01-27,10.83,11.3906,12.5449
"2411",28,2012-01-28,10.85,11.3823,12.5445
"2412",29,2012-01-29,10.59,11.3729,12.5436
"2413",30,2012-01-30,10.83,11.3624,12.5426
"2414",31,2012-01-31,10.88,11.351,12.5412
"2415",32,2012-02-01,10.95,11.3384,12.5397
"2416",33,2012-02-02,10.8,11.3241,12.5382
"2417",34,2012-02-03,10.77,11.308,12.5349
"2418",35,2012-02-04,10.74,11.29,12.531
"2419",36,2012-02-05,10.78,11.2705,12.5264
"2420",37,2012-02-06,10.89,11.2498,12.5218
"2421",38,2012-02-07,11.17,11.2279,12.5179
"2422",39,2012-02-08,11.2,11.2044,12.5139
"2423",40,2012-02-09,11.12,11.1795,12.5121
"2424",41,2012-02-10,11.21,11.1535,12.5082
"2425",42,2012-02-11,11.35,11.1265,12.5054
"2426",43,2012-02-12,11.09,11.0988,12.5019
"2427",44,2012-02-13,10.99,11.0714,12.4968
"2428",45,2012-02-14,10.38,11.0447,12.4902
"2429",46,2012-02-15,10.15,11.0189,12.4794
"2430",47,2012-02-16,9.69,10.9939,12.4663
"2431",48,2012-02-17,10.2,10.9698,12.4536
"2432",49,2012-02-18,10.14,10.9469,12.4409
"2433",50,2012-02-19,9.44,10.9256,12.4281
"2434",51,2012-02-20,9.61,10.906,12.4153
"2435",52,2012-02-21,9.64,10.8882,12.4033
"2436",53,2012-02-22,9.51,10.872,12.3907
"2437",54,2012-02-23,9.12,10.8574,12.3787
"2438",55,2012-02-24,8.95,10.8442,12.3662
"2439",56,2012-02-25,8.78,10.8326,12.3534
"2440",57,2012-02-26,8.39,10.8229,12.3408
"2441",58,2012-02-27,8,10.8152,12.3266
"2442",59,2012-02-28,8.05,10.8091,12.3124
"2443",60,2012-02-29,8.17,10.8048,12.2973
"2444",61,2012-03-01,8.32,10.8017,12.2809
"2445",62,2012-03-02,8.2,10.7995,12.2654
"2446",63,2012-03-03,8.28,10.7981,12.2504
"2447",64,2012-03-04,8.49,10.7981,12.2349
"2448",65,2012-03-05,8.68,10.7996,12.2195
"2449",66,2012-03-06,8.64,10.8023,12.204
"2450",67,2012-03-07,8.43,10.8057,12.1885
"2451",68,2012-03-08,8.59,10.8089,12.1721
"2452",69,2012-03-09,8.89,10.8115,12.1541
"2453",70,2012-03-10,9.04,10.8141,12.1357
"2454",71,2012-03-11,9.04,10.8165,12.117
"2455",72,2012-03-12,9.04,10.8185,12.0974
"2456",73,2012-03-13,9.2,10.8198,12.0768
"2457",74,2012-03-14,9.25,10.8201,12.0556
"2458",75,2012-03-15,9.72,10.8187,12.0322
"2459",76,2012-03-16,9.71,10.8149,12.0086
"2460",77,2012-03-17,9.46,10.8088,11.9897
"2461",78,2012-03-18,9.5,10.801,11.9722
"2462",79,2012-03-19,9.23,10.792,11.9532
"2463",80,2012-03-20,9.32,10.782,11.9354
"2464",81,2012-03-21,9.37,10.7713,11.9204
"2465",82,2012-03-22,9.68,10.7599,11.9085
"2466",83,2012-03-23,9.6,10.7475,11.898
"2467",84,2012-03-24,9.7,10.7345,11.8932
"2468",85,2012-03-25,9.84,10.721,11.8896
"2469",86,2012-03-26,9.94,10.7069,11.887
"2470",87,2012-03-27,9.85,10.6921,11.8851
"2471",88,2012-03-28,10.04,10.677,11.8828
"2472",89,2012-03-29,10.17,10.6616,11.8822
"2473",90,2012-03-30,10.26,10.6464,11.8819
"2474",91,2012-03-31,10.52,10.6315,11.8825
"2475",92,2012-04-01,10.5,10.6164,11.8845
"2476",93,2012-04-02,10.44,10.6006,11.8854
"2477",94,2012-04-03,10.6,10.5859,11.8864
"2478",95,2012-04-04,10.51,10.572,11.8875
"2479",96,2012-04-05,10.3,10.559,11.8881
"2480",97,2012-04-06,10.13,10.5477,11.8881
"2481",98,2012-04-07,10.05,10.5372,11.8884
"2482",99,2012-04-08,10.28,10.527,11.8891
"2483",100,2012-04-09,10.34,10.5173,11.889
"2484",101,2012-04-10,10.74,10.5073,11.8883
"2485",102,2012-04-11,10.68,10.4964,11.8867
"2486",103,2012-04-12,10.67,10.4851,11.8854
"2487",104,2012-04-13,10.4,10.4739,11.8831
"2488",105,2012-04-14,10.43,10.4625,11.8762
"2489",106,2012-04-15,10.61,10.4516,11.8694
"2490",107,2012-04-16,10.56,10.4408,11.8637
"2491",108,2012-04-17,10.52,10.4296,11.8528
"2492",109,2012-04-18,10.58,10.4187,11.8424
"2493",110,2012-04-19,10.37,10.409,11.8368
"2494",111,2012-04-20,10.47,10.3989,11.8298
"2495",112,2012-04-21,10.89,10.389,11.8229
"2496",113,2012-04-22,11.62,10.3797,11.8215
"2497",114,2012-04-23,12.67,10.3716,11.821
"2498",115,2012-04-24,11.46,10.364,11.8181
"2499",116,2012-04-25,12.06,10.3574,11.8162
"2500",117,2012-04-26,11.87,10.3529,11.8192
"2501",118,2012-04-27,11.1,10.3511,11.8297
"2502",119,2012-04-28,10.58,10.352,11.8426
"2503",120,2012-04-29,NA,10.3555,11.8553
"2504",121,2012-04-30,NA,10.3596,11.8698
"2505",122,2012-05-01,9.85,10.364,11.8846
"2506",123,2012-05-02,9.31,10.3683,11.8969
"2507",124,2012-05-03,9.04,10.3737,11.9092
"2508",125,2012-05-04,9.17,10.3781,11.9211
"2509",126,2012-05-05,9.12,10.3823,11.9341
"2510",127,2012-05-06,8.83,10.3847,11.9439
"2511",128,2012-05-07,8.92,10.3835,11.9506
"2512",129,2012-05-08,9.89,10.381,11.9538
"2513",130,2012-05-09,10.4,10.3777,11.949
"2514",131,2012-05-10,8.52,10.3739,11.9425
"2515",132,2012-05-11,8.52,10.3724,11.9368
"2516",133,2012-05-12,9.6,10.3754,11.937
"2517",134,2012-05-13,10.5,10.3838,11.9471
"2518",135,2012-05-14,10.14,10.3964,11.9591
"2519",136,2012-05-15,10.58,10.414,11.9773
"2520",137,2012-05-16,10.01,10.4352,12.0004
"2521",138,2012-05-17,10.22,10.4609,12.0252
"2522",139,2012-05-18,9.95,10.4904,12.0597
"2523",140,2012-05-19,9.44,10.5216,12.0962
"2524",141,2012-05-20,9.98,10.553,12.1299
"2525",142,2012-05-21,10.37,10.5862,12.1653
"2526",143,2012-05-22,10.01,10.6189,12.1976
"2527",144,2012-05-23,9.44,10.6495,12.2213
"2528",145,2012-05-24,9.37,10.6768,12.2429
"2529",146,2012-05-25,8.92,10.7017,12.2635
"2530",147,2012-05-26,8.54,10.7233,12.2825
"2531",148,2012-05-27,8.36,10.7404,12.2966
"2532",149,2012-05-28,10.47,10.7524,12.3033
"2533",150,2012-05-29,9.69,10.7604,12.3073
"2534",151,2012-05-30,9.34,10.7635,12.31
"2535",152,2012-05-31,10.56,10.7646,12.3114
"2536",153,2012-06-01,11.51,10.7634,12.311
"2537",154,2012-06-02,10.67,10.7622,12.3133
"2538",155,2012-06-03,10.77,10.7615,12.3168
"2539",156,2012-06-04,11.3,10.7635,12.3258
"2540",157,2012-06-05,10.75,10.7668,12.334
"2541",158,2012-06-06,10.62,10.7737,12.3497
"2542",159,2012-06-07,9.63,10.7872,12.3715
"2543",160,2012-06-08,9.69,10.8084,12.3993
"2544",161,2012-06-09,9.41,10.8363,12.4391
"2545",162,2012-06-10,9.19,10.8715,12.4884
"2546",163,2012-06-11,9.48,10.911,12.5423
"2547",164,2012-06-12,9.39,10.9534,12.5947
"2548",165,2012-06-13,8.93,10.996,12.6405
"2549",166,2012-06-14,8.68,11.0385,12.6882
"2550",167,2012-06-15,8.61,11.0792,12.7366
"2551",168,2012-06-16,8.74,11.1194,12.787
"2552",169,2012-06-17,9.07,11.1588,12.8386
"2553",170,2012-06-18,9.14,11.1983,12.8862
"2554",171,2012-06-19,9.32,11.2372,12.9358
"2555",172,2012-06-20,8.89,11.2777,12.9859
"2556",173,2012-06-21,9.05,11.3192,13.0395
"2557",174,2012-06-22,10.74,11.363,13.0945
"2558",175,2012-06-23,10.4,11.4101,13.1525
"2559",176,2012-06-24,11.52,11.4607,13.2106
"2560",177,2012-06-25,11,11.515,13.2706
"2561",178,2012-06-26,11.3,11.5732,13.33
"2562",179,2012-06-27,11.97,11.6354,13.3858
"2563",180,2012-06-28,12.62,11.7013,13.4386
"2564",181,2012-06-29,13.66,11.7692,13.4904
"2565",182,2012-06-30,13.06,11.8401,13.5415
"2566",183,2012-07-01,12.91,11.9118,13.5919
"2567",184,2012-07-02,12.63,11.9852,13.6432
"2568",185,2012-07-03,11.82,12.0584,13.6938
"2569",186,2012-07-04,10.02,12.1307,13.7438
"2570",187,2012-07-05,11.16,12.2011,13.7877
"2571",188,2012-07-06,11.67,12.2701,13.831
"2572",189,2012-07-07,12.01,12.3375,13.87
"2573",190,2012-07-08,12.44,12.4016,13.9068
"2574",191,2012-07-09,12.72,12.4598,13.9423
"2575",192,2012-07-10,12.59,12.5139,13.9758
"2576",193,2012-07-11,12.82,12.5629,14.0047
"2577",194,2012-07-12,12.68,12.6072,14.029
"2578",195,2012-07-13,12.92,12.6467,14.0525
"2579",196,2012-07-14,13.3,12.6838,14.0736
"2580",197,2012-07-15,12.56,12.7196,14.0911
"2581",198,2012-07-16,12.55,12.7559,14.1111
"2582",199,2012-07-17,12.56,12.7915,14.1291
"2583",200,2012-07-18,12.37,12.8257,14.146
"2584",201,2012-07-19,12.23,12.8589,14.1652
"2585",202,2012-07-20,12.36,12.8929,14.1816
"2586",203,2012-07-21,12.08,12.9251,14.2
"2587",204,2012-07-22,11.34,12.9558,14.2141
"2588",205,2012-07-23,11.47,12.985,14.2269
"2589",206,2012-07-24,11.37,13.0132,14.2383
"2590",207,2012-07-25,11.69,13.0398,14.2509
"2591",208,2012-07-26,11.91,13.0638,14.2616
"2592",209,2012-07-27,12.48,13.0851,14.2742
"2593",210,2012-07-28,12.58,13.1046,14.2903
"2594",211,2012-07-29,13.07,13.1228,14.3093
"2595",212,2012-07-30,12.44,13.1396,14.329
"2596",213,2012-07-31,12.65,13.1555,14.3493
"2597",214,2012-08-01,11.58,13.1712,14.3684
"2598",215,2012-08-02,12.11,13.1858,14.3878
"2599",216,2012-08-03,12.54,13.2006,14.4047
"2600",217,2012-08-04,11.95,13.2149,14.4188
"2601",218,2012-08-05,12.19,13.2297,14.4338
"2602",219,2012-08-06,12.04,13.2451,14.4494
"2603",220,2012-08-07,11.66,13.2601,14.4667
"2604",221,2012-08-08,12.1,13.2746,14.4847
"2605",222,2012-08-09,12.13,13.2891,14.5055
"2606",223,2012-08-10,12.83,13.3035,14.528
"2607",224,2012-08-11,12.13,13.3164,14.5496
"2608",225,2012-08-12,12.8,13.3273,14.5716
"2609",226,2012-08-13,12.93,13.3366,14.5913
"2610",227,2012-08-14,12.65,13.3431,14.6108
"2611",228,2012-08-15,12.81,13.347,14.632
"2612",229,2012-08-16,12.64,13.347,14.6496
"2613",230,2012-08-17,12.06,13.3435,14.6657
"2614",231,2012-08-18,11.98,13.3376,14.6802
"2615",232,2012-08-19,12.26,13.3296,14.686
"2616",233,2012-08-20,12.98,13.3186,14.689
"2617",234,2012-08-21,13.29,13.3059,14.6864
"2618",235,2012-08-22,13.6,13.292,14.6825
"2619",236,2012-08-23,13.63,13.2778,14.6786
"2620",237,2012-08-24,13.08,13.2629,14.6724
"2621",238,2012-08-25,12.8,13.2487,14.665
"2622",239,2012-08-26,12.86,13.2358,14.6544
"2623",240,2012-08-27,13.22,13.2245,14.6425
"2624",241,2012-08-28,12.26,13.2139,14.6299
"2625",242,2012-08-29,12.5,13.2038,14.619
"2626",243,2012-08-30,12.52,13.195,14.6091
"2627",244,2012-08-31,12.46,13.1862,14.6003
"2628",245,2012-09-01,12.17,13.1772,14.5928
"2629",246,2012-09-02,12.49,13.1686,14.5858
"2630",247,2012-09-03,12.6,13.1603,14.5841
"2631",248,2012-09-04,NA,13.1527,14.5846
"2632",249,2012-09-05,NA,13.144,14.585
"2633",250,2012-09-06,NA,13.1334,14.5854
"2634",251,2012-09-07,NA,13.1207,14.5843
"2635",252,2012-09-08,NA,13.1066,14.5845
"2636",253,2012-09-09,NA,13.091,14.5767
"2637",254,2012-09-10,NA,13.0733,14.5603
"2638",255,2012-09-11,NA,13.0552,14.536
"2639",256,2012-09-12,NA,13.0379,14.5106
"2640",257,2012-09-13,NA,13.0205,14.4851
"2641",258,2012-09-14,NA,13.0027,14.459
"2642",259,2012-09-15,NA,12.984,14.4304
"2643",260,2012-09-16,NA,12.9651,14.3978
"2644",261,2012-09-17,NA,12.9465,14.3644
"2645",262,2012-09-18,NA,12.928,14.3318
"2646",263,2012-09-19,NA,12.9095,14.3047
"2647",264,2012-09-20,NA,12.8906,14.2763
"2648",265,2012-09-21,NA,12.8705,14.2495
"2649",266,2012-09-22,NA,12.8485,14.2215
"2650",267,2012-09-23,NA,12.8237,14.1934
"2651",268,2012-09-24,NA,12.7972,14.1656
"2652",269,2012-09-25,NA,12.7686,14.1375
"2653",270,2012-09-26,NA,12.7386,14.1106
"2654",271,2012-09-27,NA,12.7071,14.0838
"2655",272,2012-09-28,NA,12.6751,14.0573
"2656",273,2012-09-29,NA,12.6428,14.0292
"2657",274,2012-09-30,NA,12.6099,14.0005
"2658",275,2012-10-01,NA,12.578,13.9725
"2659",276,2012-10-02,NA,12.5478,13.9455
"2660",277,2012-10-03,NA,12.5194,13.9215
"2661",278,2012-10-04,NA,12.4924,13.8969
"2662",279,2012-10-05,NA,12.4666,13.8739
"2663",280,2012-10-06,NA,12.4422,13.8529
"2664",281,2012-10-07,NA,12.419,13.8367
"2665",282,2012-10-08,NA,12.397,13.8259
"2666",283,2012-10-09,NA,12.376,13.8195
"2667",284,2012-10-10,NA,12.3555,13.8181
"2668",285,2012-10-11,NA,12.3364,13.8234
"2669",286,2012-10-12,NA,12.3182,13.8365
"2670",287,2012-10-13,NA,12.3009,13.8368
"2671",288,2012-10-14,NA,12.2848,13.8369
"2672",289,2012-10-15,NA,12.2708,13.8384
"2673",290,2012-10-16,NA,12.2581,13.8409
"2674",291,2012-10-17,NA,12.2472,13.8508
"2675",292,2012-10-18,NA,12.2382,13.8624
"2676",293,2012-10-19,NA,12.2305,13.874
"2677",294,2012-10-20,NA,12.2237,13.8856
"2678",295,2012-10-21,NA,12.2184,13.8996
"2679",296,2012-10-22,NA,12.2147,13.9138
"2680",297,2012-10-23,NA,12.2129,13.9296
"2681",298,2012-10-24,NA,12.2132,13.9455
"2682",299,2012-10-25,NA,12.2145,13.9622
"2683",300,2012-10-26,NA,12.2167,13.98
"2684",301,2012-10-27,NA,12.2197,13.9991
"2685",302,2012-10-28,NA,12.2229,14.0154
"2686",303,2012-10-29,NA,12.226,14.0284
"2687",304,2012-10-30,NA,12.229,14.0407
"2688",305,2012-10-31,NA,12.2319,14.0536
"2689",306,2012-11-01,NA,12.2337,14.0662
"2690",307,2012-11-02,NA,12.2341,14.0797
"2691",308,2012-11-03,NA,12.2329,14.0878
"2692",309,2012-11-04,NA,12.2295,14.0924
"2693",310,2012-11-05,NA,12.2243,14.0897
"2694",311,2012-11-06,NA,12.217,14.0835
"2695",312,2012-11-07,NA,12.209,14.0715
"2696",313,2012-11-08,NA,12.2008,14.0541
"2697",314,2012-11-09,NA,12.1921,14.0299
"2698",315,2012-11-10,NA,12.1828,14.0026
"2699",316,2012-11-11,NA,12.1729,13.9723
"2700",317,2012-11-12,NA,12.163,13.9405
"2701",318,2012-11-13,NA,12.1526,13.9215
"2702",319,2012-11-14,NA,12.1407,13.8993
"2703",320,2012-11-15,NA,12.1275,13.8729
"2704",321,2012-11-16,NA,12.1142,13.8476
"2705",322,2012-11-17,NA,12.1005,13.8187
"2706",323,2012-11-18,NA,12.0859,13.787
"2707",324,2012-11-19,NA,12.0709,13.7541
"2708",325,2012-11-20,NA,12.0557,13.717
"2709",326,2012-11-21,NA,12.0408,13.6807
"2710",327,2012-11-22,NA,12.0261,13.6456
"2711",328,2012-11-23,NA,12.0111,13.6069
"2712",329,2012-11-24,NA,11.9958,13.5669
"2713",330,2012-11-25,NA,11.9812,13.5269
"2714",331,2012-11-26,NA,11.9668,13.4863
"2715",332,2012-11-27,NA,11.9521,13.4444
"2716",333,2012-11-28,NA,11.9376,13.4053
"2717",334,2012-11-29,NA,11.9233,13.3705
"2718",335,2012-11-30,NA,11.9089,13.3381
"2719",336,2012-12-01,NA,11.8945,13.3077
"2720",337,2012-12-02,NA,11.88,13.2757
"2721",338,2012-12-03,NA,11.8655,13.2432
"2722",339,2012-12-04,NA,11.851,13.2149
"2723",340,2012-12-05,NA,11.8369,13.1893
"2724",341,2012-12-06,NA,11.8231,13.1695
"2725",342,2012-12-07,NA,11.8103,13.1514
"2726",343,2012-12-08,NA,11.7978,13.1349
"2727",344,2012-12-09,NA,11.7857,13.1187
"2728",345,2012-12-10,NA,11.7738,13.1025
"2729",346,2012-12-11,NA,11.7619,13.0876
"2730",347,2012-12-12,NA,11.7496,13.074
"2731",348,2012-12-13,NA,11.737,13.0614
"2732",349,2012-12-14,NA,11.7242,13.0489
"2733",350,2012-12-15,NA,11.7121,13.0377
"2734",351,2012-12-16,NA,11.7007,13.0267
"2735",352,2012-12-17,NA,11.6894,13.0137
"2736",353,2012-12-18,NA,11.6784,12.9993
"2737",354,2012-12-19,NA,11.6678,12.9867
"2738",355,2012-12-20,NA,11.6575,12.9681
"2739",356,2012-12-21,NA,11.6479,12.9544
"2740",357,2012-12-22,NA,11.6387,12.9409
"2741",358,2012-12-23,NA,11.6302,12.9267
"2742",359,2012-12-24,NA,11.6226,12.916
"2743",360,2012-12-25,NA,11.6153,12.906
"2744",361,2012-12-26,NA,11.6076,12.8956
"2745",362,2012-12-27,NA,11.5996,12.8852
"2746",363,2012-12-28,NA,11.5915,12.8752
"2747",364,2012-12-29,NA,11.5833,12.8657
"2748",365,2012-12-30,NA,11.5747,12.8552
"2749",366,2012-12-31,NA,11.5656,12.8435
"2750",1,2013-01-01,NA,11.5558,12.8291
"2751",2,2013-01-02,NA,11.5456,12.8146
"2752",3,2013-01-03,NA,11.535,12.8008
"2753",4,2013-01-04,NA,11.5243,12.785
"2754",5,2013-01-05,NA,11.5137,12.7695
"2755",6,2013-01-06,NA,11.5034,12.7535
"2756",7,2013-01-07,NA,11.4934,12.7367
"2757",8,2013-01-08,NA,11.4837,12.7194
"2758",9,2013-01-09,NA,11.4744,12.6996
"2759",10,2013-01-10,NA,11.4659,12.6822
"2760",11,2013-01-11,NA,11.4583,12.6643
"2761",12,2013-01-12,NA,11.452,12.6469
"2762",13,2013-01-13,NA,11.4466,12.6298
"2763",14,2013-01-14,NA,11.4421,12.613
"2764",15,2013-01-15,NA,11.4382,12.5975
"2765",16,2013-01-16,NA,11.435,12.585
"2766",17,2013-01-17,NA,11.432,12.5745
"2767",18,2013-01-18,NA,11.4296,12.5663
"2768",19,2013-01-19,NA,11.4271,12.5586
"2769",20,2013-01-20,NA,11.4245,12.5578
"2770",21,2013-01-21,NA,11.4216,12.5557
"2771",22,2013-01-22,NA,11.4183,12.554
"2772",23,2013-01-23,NA,11.4143,12.5515
"2773",24,2013-01-24,NA,11.4097,12.5489
"2774",25,2013-01-25,NA,11.4042,12.5466
"2775",26,2013-01-26,NA,11.398,12.545
"2776",27,2013-01-27,NA,11.3906,12.5449
"2777",28,2013-01-28,NA,11.3823,12.5445
"2778",29,2013-01-29,NA,11.3729,12.5436
"2779",30,2013-01-30,NA,11.3624,12.5426
"2780",31,2013-01-31,NA,11.351,12.5412
"2781",32,2013-02-01,NA,11.3384,12.5397
"2782",33,2013-02-02,NA,11.3241,12.5382
"2783",34,2013-02-03,NA,11.308,12.5349
"2784",35,2013-02-04,NA,11.29,12.531
"2785",36,2013-02-05,NA,11.2705,12.5264
"2786",37,2013-02-06,NA,11.2498,12.5218
"2787",38,2013-02-07,NA,11.2279,12.5179
"2788",39,2013-02-08,NA,11.2044,12.5139
"2789",40,2013-02-09,NA,11.1795,12.5121
"2790",41,2013-02-10,NA,11.1535,12.5082
"2791",42,2013-02-11,NA,11.1265,12.5054
"2792",43,2013-02-12,NA,11.0988,12.5019
"2793",44,2013-02-13,NA,11.0714,12.4968
"2794",45,2013-02-14,NA,11.0447,12.4902
"2795",46,2013-02-15,NA,11.0189,12.4794
"2796",47,2013-02-16,NA,10.9939,12.4663
"2797",48,2013-02-17,NA,10.9698,12.4536
"2798",49,2013-02-18,NA,10.9469,12.4409
"2799",50,2013-02-19,NA,10.9256,12.4281
"2800",51,2013-02-20,NA,10.906,12.4153
"2801",52,2013-02-21,NA,10.8882,12.4033
"2802",53,2013-02-22,NA,10.872,12.3907
"2803",54,2013-02-23,NA,10.8574,12.3787
"2804",55,2013-02-24,NA,10.8442,12.3662
"2805",56,2013-02-25,NA,10.8326,12.3534
"2806",57,2013-02-26,NA,10.8229,12.3408
"2807",58,2013-02-27,NA,10.8152,12.3266
"2808",59,2013-02-28,NA,10.8091,12.3124
"2809",61,2013-03-01,NA,10.8017,12.2809
"2810",62,2013-03-02,NA,10.7995,12.2654
"2811",63,2013-03-03,NA,10.7981,12.2504
"2812",64,2013-03-04,NA,10.7981,12.2349
"2813",65,2013-03-05,NA,10.7996,12.2195
"2814",66,2013-03-06,NA,10.8023,12.204
"2815",67,2013-03-07,NA,10.8057,12.1885
"2816",68,2013-03-08,NA,10.8089,12.1721
"2817",69,2013-03-09,NA,10.8115,12.1541
"2818",70,2013-03-10,NA,10.8141,12.1357
"2819",71,2013-03-11,NA,10.8165,12.117
"2820",72,2013-03-12,NA,10.8185,12.0974
"2821",73,2013-03-13,NA,10.8198,12.0768
"2822",74,2013-03-14,NA,10.8201,12.0556
"2823",75,2013-03-15,NA,10.8187,12.0322
"2824",76,2013-03-16,NA,10.8149,12.0086
"2825",77,2013-03-17,NA,10.8088,11.9897
"2826",78,2013-03-18,NA,10.801,11.9722
"2827",79,2013-03-19,NA,10.792,11.9532
"2828",80,2013-03-20,NA,10.782,11.9354
"2829",81,2013-03-21,NA,10.7713,11.9204
"2830",82,2013-03-22,NA,10.7599,11.9085
"2831",83,2013-03-23,NA,10.7475,11.898
"2832",84,2013-03-24,NA,10.7345,11.8932
"2833",85,2013-03-25,NA,10.721,11.8896
"2834",86,2013-03-26,NA,10.7069,11.887
"2835",87,2013-03-27,NA,10.6921,11.8851
"2836",88,2013-03-28,NA,10.677,11.8828
"2837",89,2013-03-29,NA,10.6616,11.8822
"2838",90,2013-03-30,NA,10.6464,11.8819
"2839",91,2013-03-31,NA,10.6315,11.8825
"2840",92,2013-04-01,NA,10.6164,11.8845
"2841",93,2013-04-02,NA,10.6006,11.8854
"2842",94,2013-04-03,NA,10.5859,11.8864
"2843",95,2013-04-04,NA,10.572,11.8875
"2844",96,2013-04-05,NA,10.559,11.8881
"2845",97,2013-04-06,NA,10.5477,11.8881
"2846",98,2013-04-07,NA,10.5372,11.8884
"2847",99,2013-04-08,NA,10.527,11.8891
"2848",100,2013-04-09,NA,10.5173,11.889
"2849",101,2013-04-10,NA,10.5073,11.8883
"2850",102,2013-04-11,NA,10.4964,11.8867
"2851",103,2013-04-12,NA,10.4851,11.8854
"2852",104,2013-04-13,NA,10.4739,11.8831
"2853",105,2013-04-14,NA,10.4625,11.8762
"2854",106,2013-04-15,NA,10.4516,11.8694
"2855",107,2013-04-16,NA,10.4408,11.8637
"2856",108,2013-04-17,NA,10.4296,11.8528
"2857",109,2013-04-18,NA,10.4187,11.8424
"2858",110,2013-04-19,NA,10.409,11.8368
"2859",111,2013-04-20,NA,10.3989,11.8298
"2860",112,2013-04-21,NA,10.389,11.8229
"2861",113,2013-04-22,NA,10.3797,11.8215
"2862",114,2013-04-23,NA,10.3716,11.821
"2863",115,2013-04-24,NA,10.364,11.8181
"2864",116,2013-04-25,NA,10.3574,11.8162
"2865",117,2013-04-26,NA,10.3529,11.8192
"2866",118,2013-04-27,NA,10.3511,11.8297
"2867",119,2013-04-28,NA,10.352,11.8426
"2868",120,2013-04-29,NA,10.3555,11.8553
"2869",121,2013-04-30,NA,10.3596,11.8698
"2870",122,2013-05-01,NA,10.364,11.8846
"2871",123,2013-05-02,NA,10.3683,11.8969
"2872",124,2013-05-03,NA,10.3737,11.9092
"2873",125,2013-05-04,NA,10.3781,11.9211
"2874",126,2013-05-05,NA,10.3823,11.9341
"2875",127,2013-05-06,NA,10.3847,11.9439
"2876",128,2013-05-07,NA,10.3835,11.9506
"2877",129,2013-05-08,NA,10.381,11.9538
"2878",130,2013-05-09,NA,10.3777,11.949
"2879",131,2013-05-10,NA,10.3739,11.9425
"2880",132,2013-05-11,NA,10.3724,11.9368
"2881",133,2013-05-12,NA,10.3754,11.937
"2882",134,2013-05-13,NA,10.3838,11.9471
"2883",135,2013-05-14,NA,10.3964,11.9591
"2884",136,2013-05-15,NA,10.414,11.9773
"2885",137,2013-05-16,NA,10.4352,12.0004
"2886",138,2013-05-17,NA,10.4609,12.0252
"2887",139,2013-05-18,NA,10.4904,12.0597
"2888",140,2013-05-19,NA,10.5216,12.0962
"2889",141,2013-05-20,NA,10.553,12.1299
"2890",142,2013-05-21,NA,10.5862,12.1653
"2891",143,2013-05-22,NA,10.6189,12.1976
"2892",144,2013-05-23,NA,10.6495,12.2213
"2893",145,2013-05-24,NA,10.6768,12.2429
"2894",146,2013-05-25,NA,10.7017,12.2635
"2895",147,2013-05-26,NA,10.7233,12.2825
"2896",148,2013-05-27,NA,10.7404,12.2966
"2897",149,2013-05-28,NA,10.7524,12.3033
"2898",150,2013-05-29,NA,10.7604,12.3073
"2899",151,2013-05-30,NA,10.7635,12.31
"2900",152,2013-05-31,NA,10.7646,12.3114
"2901",153,2013-06-01,NA,10.7634,12.311
"2902",154,2013-06-02,NA,10.7622,12.3133
"2903",155,2013-06-03,NA,10.7615,12.3168
"2904",156,2013-06-04,NA,10.7635,12.3258
"2905",157,2013-06-05,NA,10.7668,12.334
"2906",158,2013-06-06,NA,10.7737,12.3497
"2907",159,2013-06-07,NA,10.7872,12.3715
"2908",160,2013-06-08,NA,10.8084,12.3993
"2909",161,2013-06-09,NA,10.8363,12.4391
"2910",162,2013-06-10,NA,10.8715,12.4884
"2911",163,2013-06-11,NA,10.911,12.5423
"2912",164,2013-06-12,NA,10.9534,12.5947
"2913",165,2013-06-13,NA,10.996,12.6405
"2914",166,2013-06-14,NA,11.0385,12.6882
"2915",167,2013-06-15,NA,11.0792,12.7366
"2916",168,2013-06-16,NA,11.1194,12.787
"2917",169,2013-06-17,NA,11.1588,12.8386
"2918",170,2013-06-18,NA,11.1983,12.8862
"2919",171,2013-06-19,NA,11.2372,12.9358
"2920",172,2013-06-20,NA,11.2777,12.9859
"2921",173,2013-06-21,NA,11.3192,13.0395
"2922",174,2013-06-22,NA,11.363,13.0945
"2923",175,2013-06-23,NA,11.4101,13.1525
"2924",176,2013-06-24,NA,11.4607,13.2106
"2925",177,2013-06-25,10.91,11.515,13.2706
"2926",178,2013-06-26,10.93,11.5732,13.33
"2927",179,2013-06-27,11.55,11.6354,13.3858
"2928",180,2013-06-28,12.04,11.7013,13.4386
"2929",181,2013-06-29,12.33,11.7692,13.4904
"2930",182,2013-06-30,12.94,11.8401,13.5415
"2931",183,2013-07-01,13,11.9118,13.5919
"2932",184,2013-07-02,14.05,11.9852,13.6432
"2933",185,2013-07-03,13.54,12.0584,13.6938
"2934",186,2013-07-04,13.32,12.1307,13.7438
"2935",187,2013-07-05,12.22,12.2011,13.7877
"2936",188,2013-07-06,10.47,12.2701,13.831
"2937",189,2013-07-07,10.66,12.3375,13.87
"2938",190,2013-07-08,11.29,12.4016,13.9068
"2939",191,2013-07-09,11.52,12.4598,13.9423
"2940",192,2013-07-10,11.92,12.5139,13.9758
"2941",193,2013-07-11,12.09,12.5629,14.0047
"2942",194,2013-07-12,12.88,12.6072,14.029
"2943",195,2013-07-13,13.06,12.6467,14.0525
"2944",196,2013-07-14,12.98,12.6838,14.0736
"2945",197,2013-07-15,12.81,12.7196,14.0911
"2946",198,2013-07-16,12.76,12.7559,14.1111
"2947",199,2013-07-17,12.39,12.7915,14.1291
"2948",200,2013-07-18,12.32,12.8257,14.146
"2949",201,2013-07-19,12.94,12.8589,14.1652
"2950",202,2013-07-20,13.33,12.8929,14.1816
"2951",203,2013-07-21,13.17,12.9251,14.2
"2952",204,2013-07-22,13.33,12.9558,14.2141
"2953",205,2013-07-23,13.06,12.985,14.2269
"2954",206,2013-07-24,12.76,13.0132,14.2383
"2955",207,2013-07-25,12.82,13.0398,14.2509
"2956",208,2013-07-26,13.02,13.0638,14.2616
"2957",209,2013-07-27,13.04,13.0851,14.2742
"2958",210,2013-07-28,13.03,13.1046,14.2903
"2959",211,2013-07-29,12.76,13.1228,14.3093
"2960",212,2013-07-30,12.73,13.1396,14.329
"2961",213,2013-07-31,12.42,13.1555,14.3493
"2962",214,2013-08-01,13.15,13.1712,14.3684
"2963",215,2013-08-02,12.51,13.1858,14.3878
"2964",216,2013-08-03,11.96,13.2006,14.4047
"2965",217,2013-08-04,12.68,13.2149,14.4188
"2966",218,2013-08-05,12.73,13.2297,14.4338
"2967",219,2013-08-06,12.83,13.2451,14.4494
"2968",220,2013-08-07,13.19,13.2601,14.4667
"2969",221,2013-08-08,13.2,13.2746,14.4847
"2970",222,2013-08-09,12.87,13.2891,14.5055
"2971",223,2013-08-10,13.39,13.3035,14.528
"2972",224,2013-08-11,13.28,13.3164,14.5496
"2973",225,2013-08-12,14.75,13.3273,14.5716
"2974",226,2013-08-13,15.15,13.3366,14.5913
"2975",227,2013-08-14,14.89,13.3431,14.6108
"2976",228,2013-08-15,15.49,13.347,14.632
"2977",229,2013-08-16,15.35,13.347,14.6496
"2978",230,2013-08-17,15.52,13.3435,14.6657
"2979",231,2013-08-18,14.87,13.3376,14.6802
"2980",232,2013-08-19,14.45,13.3296,14.686
"2981",233,2013-08-20,14.49,13.3186,14.689
"2982",234,2013-08-21,14.58,13.3059,14.6864
"2983",235,2013-08-22,14.34,13.292,14.6825
"2984",236,2013-08-23,14.36,13.2778,14.6786
"2985",237,2013-08-24,13.98,13.2629,14.6724
"2986",238,2013-08-25,14.38,13.2487,14.665
"2987",239,2013-08-26,14.99,13.2358,14.6544
"2988",240,2013-08-27,14.39,13.2245,14.6425
"2989",241,2013-08-28,14.46,13.2139,14.6299
"2990",242,2013-08-29,15.8,13.2038,14.619
"2991",243,2013-08-30,15.56,13.195,14.6091
"2992",244,2013-08-31,12.93,13.1862,14.6003
"2993",245,2013-09-01,13.58,13.1772,14.5928
"2994",246,2013-09-02,12.9,13.1686,14.5858
"2995",247,2013-09-03,12.76,13.1603,14.5841
"2996",248,2013-09-04,13.18,13.1527,14.5846
"2997",249,2013-09-05,12.78,13.144,14.585
"2998",250,2013-09-06,11.53,13.1334,14.5854
"2999",251,2013-09-07,11.13,13.1207,14.5843
"3000",252,2013-09-08,11.63,13.1066,14.5845
"3001",253,2013-09-09,12.29,13.091,14.5767
"3002",254,2013-09-10,13.53,13.0733,14.5603
"3003",255,2013-09-11,13.29,13.0552,14.536
"3004",256,2013-09-12,12.75,13.0379,14.5106
"3005",257,2013-09-13,12.47,13.0205,14.4851
"3006",258,2013-09-14,13,13.0027,14.459
"3007",259,2013-09-15,14.28,12.984,14.4304
"3008",260,2013-09-16,14.32,12.9651,14.3978
"3009",261,2013-09-17,13.01,12.9465,14.3644
"3010",262,2013-09-18,11.69,12.928,14.3318
"3011",263,2013-09-19,11.19,12.9095,14.3047
"3012",264,2013-09-20,11.55,12.8906,14.2763
"3013",265,2013-09-21,11.54,12.8705,14.2495
"3014",266,2013-09-22,12.06,12.8485,14.2215
"3015",267,2013-09-23,12.45,12.8237,14.1934
"3016",268,2013-09-24,12.85,12.7972,14.1656
"3017",269,2013-09-25,12.51,12.7686,14.1375
"3018",270,2013-09-26,12.22,12.7386,14.1106
"3019",271,2013-09-27,11.94,12.7071,14.0838
"3020",272,2013-09-28,11.6,12.6751,14.0573
"3021",273,2013-09-29,11.37,12.6428,14.0292
"3022",274,2013-09-30,11.13,12.6099,14.0005
"3023",275,2013-10-01,10.84,12.578,13.9725
"3024",276,2013-10-02,10.78,12.5478,13.9455
"3025",277,2013-10-03,10.33,12.5194,13.9215
"3026",278,2013-10-04,9.84,12.4924,13.8969
"3027",279,2013-10-05,9.8,12.4666,13.8739
"3028",280,2013-10-06,10.48,12.4422,13.8529
"3029",281,2013-10-07,10.61,12.419,13.8367
"3030",282,2013-10-08,9.75,12.397,13.8259
"3031",283,2013-10-09,9.46,12.376,13.8195
"3032",284,2013-10-10,9.75,12.3555,13.8181
"3033",285,2013-10-11,10.23,12.3364,13.8234
"3034",286,2013-10-12,10.3,12.3182,13.8365
"3035",287,2013-10-13,10.04,12.3009,13.8368
"3036",288,2013-10-14,9.96,12.2848,13.8369
"3037",289,2013-10-15,9.91,12.2708,13.8384
"3038",290,2013-10-16,10.34,12.2581,13.8409
"3039",291,2013-10-17,10.62,12.2472,13.8508
"3040",292,2013-10-18,10.87,12.2382,13.8624
"3041",293,2013-10-19,11,12.2305,13.874
"3042",294,2013-10-20,10.55,12.2237,13.8856
"3043",295,2013-10-21,10.6,12.2184,13.8996
"3044",296,2013-10-22,10.69,12.2147,13.9138
"3045",297,2013-10-23,10.64,12.2129,13.9296
"3046",298,2013-10-24,10.84,12.2132,13.9455
"3047",299,2013-10-25,11,12.2145,13.9622
"3048",300,2013-10-26,10.8,12.2167,13.98
"3049",301,2013-10-27,NA,12.2197,13.9991
"3050",302,2013-10-28,10.29,12.2229,14.0154
"3051",303,2013-10-29,9.94,12.226,14.0284
"3052",304,2013-10-30,9.96,12.229,14.0407
"3053",305,2013-10-31,10.51,12.2319,14.0536
"3054",306,2013-11-01,10.53,12.2337,14.0662
"3055",307,2013-11-02,10.57,12.2341,14.0797
"3056",308,2013-11-03,10.21,12.2329,14.0878
"3057",309,2013-11-04,10.01,12.2295,14.0924
"3058",310,2013-11-05,9.97,12.2243,14.0897
"3059",311,2013-11-06,9.93,12.217,14.0835
"3060",312,2013-11-07,10.06,12.209,14.0715
"3061",313,2013-11-08,10.15,12.2008,14.0541
"3062",314,2013-11-09,10.03,12.1921,14.0299
"3063",315,2013-11-10,10.1,12.1828,14.0026
"3064",316,2013-11-11,10.19,12.1729,13.9723
"3065",317,2013-11-12,10.49,12.163,13.9405
"3066",318,2013-11-13,11.59,12.1526,13.9215
"3067",319,2013-11-14,11.65,12.1407,13.8993
"3068",320,2013-11-15,11.46,12.1275,13.8729
"3069",321,2013-11-16,10.66,12.1142,13.8476
"3070",322,2013-11-17,10.85,12.1005,13.8187
"3071",323,2013-11-18,10.83,12.0859,13.787
"3072",324,2013-11-19,11.11,12.0709,13.7541
"3073",325,2013-11-20,10.97,12.0557,13.717
"3074",326,2013-11-21,10.91,12.0408,13.6807
"3075",327,2013-11-22,10.62,12.0261,13.6456
"3076",328,2013-11-23,11.17,12.0111,13.6069
"3077",329,2013-11-24,11.55,11.9958,13.5669
"3078",330,2013-11-25,10.92,11.9812,13.5269
"3079",331,2013-11-26,11.4,11.9668,13.4863
"3080",332,2013-11-27,11.12,11.9521,13.4444
"3081",333,2013-11-28,12.16,11.9376,13.4053
"3082",334,2013-11-29,12.7,11.9233,13.3705
"3083",335,2013-11-30,12.69,11.9089,13.3381
"3084",336,2013-12-01,12.23,11.8945,13.3077
"3085",337,2013-12-02,12.18,11.88,13.2757
"3086",338,2013-12-03,11.74,11.8655,13.2432
"3087",339,2013-12-04,10.31,11.851,13.2149
"3088",340,2013-12-05,9.64,11.8369,13.1893
"3089",341,2013-12-06,9.45,11.8231,13.1695
"3090",342,2013-12-07,9.41,11.8103,13.1514
"3091",343,2013-12-08,9.18,11.7978,13.1349
"3092",344,2013-12-09,9.1,11.7857,13.1187
"3093",345,2013-12-10,9.14,11.7738,13.1025
"3094",346,2013-12-11,9.48,11.7619,13.0876
"3095",347,2013-12-12,9.71,11.7496,13.074
"3096",348,2013-12-13,10.63,11.737,13.0614
"3097",349,2013-12-14,10.88,11.7242,13.0489
"3098",350,2013-12-15,10.81,11.7121,13.0377
"3099",351,2013-12-16,10.7,11.7007,13.0267
"3100",352,2013-12-17,10.9,11.6894,13.0137
"3101",353,2013-12-18,11.12,11.6784,12.9993
"3102",354,2013-12-19,10.34,11.6678,12.9867
"3103",355,2013-12-20,9.28,11.6575,12.9681
"3104",356,2013-12-21,9.46,11.6479,12.9544
"3105",357,2013-12-22,9.5,11.6387,12.9409
"3106",358,2013-12-23,9.44,11.6302,12.9267
"3107",359,2013-12-24,9.45,11.6226,12.916
"3108",360,2013-12-25,9.3,11.6153,12.906
"3109",361,2013-12-26,9.4,11.6076,12.8956
"3110",362,2013-12-27,9.97,11.5996,12.8852
"3111",363,2013-12-28,9.92,11.5915,12.8752
"3112",364,2013-12-29,9.81,11.5833,12.8657
"3113",365,2013-12-30,9.79,11.5747,12.8552
"3114",366,2013-12-31,9.88,11.5656,12.8435
"3115",1,2014-01-01,9.77,11.5558,12.8291
"3116",2,2014-01-02,10.28,11.5456,12.8146
"3117",3,2014-01-03,10.59,11.535,12.8008
"3118",4,2014-01-04,10.8,11.5243,12.785
"3119",5,2014-01-05,10.77,11.5137,12.7695
"3120",6,2014-01-06,10.71,11.5034,12.7535
"3121",7,2014-01-07,10.62,11.4934,12.7367
"3122",8,2014-01-08,10.72,11.4837,12.7194
"3123",9,2014-01-09,10.84,11.4744,12.6996
"3124",10,2014-01-10,10.83,11.4659,12.6822
"3125",11,2014-01-11,10.72,11.4583,12.6643
"3126",12,2014-01-12,10.78,11.452,12.6469
"3127",13,2014-01-13,10.62,11.4466,12.6298
"3128",14,2014-01-14,10.51,11.4421,12.613
"3129",15,2014-01-15,10.62,11.4382,12.5975
"3130",16,2014-01-16,10.63,11.435,12.585
"3131",17,2014-01-17,10.76,11.432,12.5745
"3132",18,2014-01-18,10.88,11.4296,12.5663
"3133",19,2014-01-19,10.88,11.4271,12.5586
"3134",20,2014-01-20,10.89,11.4245,12.5578
"3135",21,2014-01-21,10.9,11.4216,12.5557
"3136",22,2014-01-22,10.93,11.4183,12.554
"3137",23,2014-01-23,10.8,11.4143,12.5515
"3138",24,2014-01-24,10.78,11.4097,12.5489
"3139",25,2014-01-25,10.85,11.4042,12.5466
"3140",26,2014-01-26,10.87,11.398,12.545
"3141",27,2014-01-27,10.92,11.3906,12.5449
"3142",28,2014-01-28,11.14,11.3823,12.5445
"3143",29,2014-01-29,11.38,11.3729,12.5436
"3144",30,2014-01-30,11.25,11.3624,12.5426
"3145",31,2014-01-31,10.93,11.351,12.5412
"3146",32,2014-02-01,10.85,11.3384,12.5397
"3147",33,2014-02-02,10.83,11.3241,12.5382
"3148",34,2014-02-03,10.83,11.308,12.5349
"3149",35,2014-02-04,10.76,11.29,12.531
"3150",36,2014-02-05,10.65,11.2705,12.5264
"3151",37,2014-02-06,10.52,11.2498,12.5218
"3152",38,2014-02-07,10.54,11.2279,12.5179
"3153",39,2014-02-08,10.71,11.2044,12.5139
"3154",40,2014-02-09,10.81,11.1795,12.5121
"3155",41,2014-02-10,11.02,11.1535,12.5082
"3156",42,2014-02-11,11.1,11.1265,12.5054
"3157",43,2014-02-12,11.19,11.0988,12.5019
"3158",44,2014-02-13,11.19,11.0714,12.4968
"3159",45,2014-02-14,11.34,11.0447,12.4902
"3160",46,2014-02-15,11.53,11.0189,12.4794
"3161",47,2014-02-16,11.46,10.9939,12.4663
"3162",48,2014-02-17,11.5,10.9698,12.4536
"3163",49,2014-02-18,11.56,10.9469,12.4409
"3164",50,2014-02-19,11.47,10.9256,12.4281
"3165",51,2014-02-20,11.2,10.906,12.4153
"3166",52,2014-02-21,10.98,10.8882,12.4033
"3167",53,2014-02-22,10.63,10.872,12.3907
"3168",54,2014-02-23,11.3,10.8574,12.3787
"3169",55,2014-02-24,11.34,10.8442,12.3662
"3170",56,2014-02-25,11.3,10.8326,12.3534
"3171",57,2014-02-26,11.35,10.8229,12.3408
"3172",58,2014-02-27,11.38,10.8152,12.3266
"3173",59,2014-02-28,11.17,10.8091,12.3124
"3174",61,2014-03-01,11.2,10.8017,12.2809
"3175",62,2014-03-02,11.77,10.7995,12.2654
"3176",63,2014-03-03,12.19,10.7981,12.2504
"3177",64,2014-03-04,12.45,10.7981,12.2349
"3178",65,2014-03-05,12.61,10.7996,12.2195
"3179",66,2014-03-06,12.59,10.8023,12.204
"3180",67,2014-03-07,12.78,10.8057,12.1885
"3181",68,2014-03-08,12.76,10.8089,12.1721
"3182",69,2014-03-09,12.95,10.8115,12.1541
"3183",70,2014-03-10,12.84,10.8141,12.1357
"3184",71,2014-03-11,11.88,10.8165,12.117
"3185",72,2014-03-12,10.9,10.8185,12.0974
"3186",73,2014-03-13,11.41,10.8198,12.0768
"3187",74,2014-03-14,11.69,10.8201,12.0556
"3188",75,2014-03-15,11.99,10.8187,12.0322
"3189",76,2014-03-16,11.7,10.8149,12.0086
"3190",77,2014-03-17,11.26,10.8088,11.9897
"3191",78,2014-03-18,10.44,10.801,11.9722
"3192",79,2014-03-19,10.4,10.792,11.9532
"3193",80,2014-03-20,10.43,10.782,11.9354
"3194",81,2014-03-21,10.34,10.7713,11.9204
"3195",82,2014-03-22,9.63,10.7599,11.9085
"3196",83,2014-03-23,10.1,10.7475,11.898
"3197",84,2014-03-24,10.55,10.7345,11.8932
"3198",85,2014-03-25,11.38,10.721,11.8896
"3199",86,2014-03-26,10.4,10.7069,11.887
"3200",87,2014-03-27,10.42,10.6921,11.8851
"3201",88,2014-03-28,10.7,10.677,11.8828
"3202",89,2014-03-29,10.85,10.6616,11.8822
"3203",90,2014-03-30,11.18,10.6464,11.8819
"3204",91,2014-03-31,11.34,10.6315,11.8825
"3205",92,2014-04-01,11.35,10.6164,11.8845
"3206",93,2014-04-02,11.37,10.6006,11.8854
"3207",94,2014-04-03,11.68,10.5859,11.8864
"3208",95,2014-04-04,12.09,10.572,11.8875
"3209",96,2014-04-05,11.67,10.559,11.8881
"3210",97,2014-04-06,11.65,10.5477,11.8881
"3211",98,2014-04-07,11.31,10.5372,11.8884
"3212",99,2014-04-08,NA,10.527,11.8891
"3213",100,2014-04-09,NA,10.5173,11.889
"3214",101,2014-04-10,12.25,10.5073,11.8883
"3215",102,2014-04-11,13.04,10.4964,11.8867
"3216",103,2014-04-12,12.43,10.4851,11.8854
"3217",104,2014-04-13,12.36,10.4739,11.8831
"3218",105,2014-04-14,12.49,10.4625,11.8762
"3219",106,2014-04-15,12.46,10.4516,11.8694
"3220",107,2014-04-16,11.07,10.4408,11.8637
"3221",108,2014-04-17,10.26,10.4296,11.8528
"3222",109,2014-04-18,9.77,10.4187,11.8424
"3223",110,2014-04-19,10.39,10.409,11.8368
"3224",111,2014-04-20,10.17,10.3989,11.8298
"3225",112,2014-04-21,9.55,10.389,11.8229
"3226",113,2014-04-22,10.14,10.3797,11.8215
"3227",114,2014-04-23,10.47,10.3716,11.821
"3228",115,2014-04-24,10.53,10.364,11.8181
"3229",116,2014-04-25,10.81,10.3574,11.8162
"3230",117,2014-04-26,10.35,10.3529,11.8192
"3231",118,2014-04-27,10.42,10.3511,11.8297
"3232",119,2014-04-28,10.97,10.352,11.8426
"3233",120,2014-04-29,11.69,10.3555,11.8553
"3234",121,2014-04-30,11.23,10.3596,11.8698
"3235",122,2014-05-01,11.58,10.364,11.8846
"3236",123,2014-05-02,12.07,10.3683,11.8969
"3237",124,2014-05-03,12.07,10.3737,11.9092
"3238",125,2014-05-04,11.54,10.3781,11.9211
"3239",126,2014-05-05,11.18,10.3823,11.9341
"3240",127,2014-05-06,NA,10.3847,11.9439
"3241",128,2014-05-07,NA,10.3835,11.9506
"3242",129,2014-05-08,NA,10.381,11.9538
"3243",130,2014-05-09,9.24,10.3777,11.949
"3244",131,2014-05-10,9.85,10.3739,11.9425
"3245",132,2014-05-11,10.29,10.3724,11.9368
"3246",133,2014-05-12,9.9,10.3754,11.937
"3247",134,2014-05-13,10.62,10.3838,11.9471
"3248",135,2014-05-14,10.24,10.3964,11.9591
"3249",136,2014-05-15,11.04,10.414,11.9773
"3250",137,2014-05-16,11.13,10.4352,12.0004
"3251",138,2014-05-17,11.77,10.4609,12.0252
"3252",139,2014-05-18,10.61,10.4904,12.0597
"3253",140,2014-05-19,10.26,10.5216,12.0962
"3254",141,2014-05-20,10.5,10.553,12.1299
"3255",142,2014-05-21,10.89,10.5862,12.1653
"3256",143,2014-05-22,11.31,10.6189,12.1976
"3257",144,2014-05-23,12.04,10.6495,12.2213
"3258",145,2014-05-24,12.34,10.6768,12.2429
"3259",146,2014-05-25,9.79,10.7017,12.2635
"3260",147,2014-05-26,9.42,10.7233,12.2825
"3261",148,2014-05-27,9.53,10.7404,12.2966
"3262",149,2014-05-28,9.17,10.7524,12.3033
"3263",150,2014-05-29,9.25,10.7604,12.3073
"3264",151,2014-05-30,8.64,10.7635,12.31
"3265",152,2014-05-31,9.92,10.7646,12.3114
"3266",153,2014-06-01,10.48,10.7634,12.311
"3267",154,2014-06-02,11.63,10.7622,12.3133
"3268",155,2014-06-03,11.26,10.7615,12.3168
"3269",156,2014-06-04,NA,10.7635,12.3258
"3270",157,2014-06-05,NA,10.7668,12.334
"3271",158,2014-06-06,11.79,10.7737,12.3497
"3272",159,2014-06-07,12.51,10.7872,12.3715
"3273",160,2014-06-08,12.31,10.8084,12.3993
"3274",161,2014-06-09,12.41,10.8363,12.4391
"3275",162,2014-06-10,13.04,10.8715,12.4884
"3276",163,2014-06-11,12.05,10.911,12.5423
"3277",164,2014-06-12,11.35,10.9534,12.5947
"3278",165,2014-06-13,11.55,10.996,12.6405
"3279",166,2014-06-14,10.83,11.0385,12.6882
"3280",167,2014-06-15,10.29,11.0792,12.7366
"3281",168,2014-06-16,10.12,11.1194,12.787
"3282",169,2014-06-17,9.87,11.1588,12.8386
"3283",170,2014-06-18,9.9,11.1983,12.8862
"3284",171,2014-06-19,10.68,11.2372,12.9358
"3285",172,2014-06-20,11.48,11.2777,12.9859
"3286",173,2014-06-21,11.61,11.3192,13.0395
"3287",174,2014-06-22,11.15,11.363,13.0945
"3288",175,2014-06-23,11.32,11.4101,13.1525
"3289",176,2014-06-24,10.94,11.4607,13.2106
"3290",177,2014-06-25,10.15,11.515,13.2706
"3291",178,2014-06-26,10.36,11.5732,13.33
"3292",179,2014-06-27,11.05,11.6354,13.3858
"3293",180,2014-06-28,12.21,11.7013,13.4386
"3294",181,2014-06-29,10.94,11.7692,13.4904
"3295",182,2014-06-30,11.03,11.8401,13.5415
"3296",183,2014-07-01,12.14,11.9118,13.5919
"3297",184,2014-07-02,13.44,11.9852,13.6432
"3298",185,2014-07-03,12.95,12.0584,13.6938
"3299",186,2014-07-04,12.85,12.1307,13.7438
"3300",187,2014-07-05,13.22,12.2011,13.7877
"3301",188,2014-07-06,13.2,12.2701,13.831
"3302",189,2014-07-07,13.29,12.3375,13.87
"3303",190,2014-07-08,13.73,12.4016,13.9068
"3304",191,2014-07-09,14.43,12.4598,13.9423
"3305",192,2014-07-10,15.11,12.5139,13.9758
"3306",193,2014-07-11,14.63,12.5629,14.0047
"3307",194,2014-07-12,14.16,12.6072,14.029
"3308",195,2014-07-13,13.9,12.6467,14.0525
"3309",196,2014-07-14,13.02,12.6838,14.0736
"3310",197,2014-07-15,13.27,12.7196,14.0911
"3311",198,2014-07-16,13.67,12.7559,14.1111
"3312",199,2014-07-17,13.74,12.7915,14.1291
"3313",200,2014-07-18,13.41,12.8257,14.146
"3314",201,2014-07-19,14.09,12.8589,14.1652
"3315",202,2014-07-20,14.15,12.8929,14.1816
"3316",203,2014-07-21,14.49,12.9251,14.2
"3317",204,2014-07-22,13.79,12.9558,14.2141
"3318",205,2014-07-23,13.94,12.985,14.2269
"3319",206,2014-07-24,13.56,13.0132,14.2383
"3320",207,2014-07-25,11.76,13.0398,14.2509
"3321",208,2014-07-26,12.38,13.0638,14.2616
"3322",209,2014-07-27,13.24,13.0851,14.2742
"3323",210,2014-07-28,13.74,13.1046,14.2903
"3324",211,2014-07-29,13.72,13.1228,14.3093
"3325",212,2014-07-30,14.32,13.1396,14.329
"3326",213,2014-07-31,14.32,13.1555,14.3493
"3327",214,2014-08-01,14.73,13.1712,14.3684
"3328",215,2014-08-02,14.23,13.1858,14.3878
"3329",216,2014-08-03,13.63,13.2006,14.4047
"3330",217,2014-08-04,13.68,13.2149,14.4188
"3331",218,2014-08-05,13.56,13.2297,14.4338
"3332",219,2014-08-06,13.19,13.2451,14.4494
"3333",220,2014-08-07,14.42,13.2601,14.4667
"3334",221,2014-08-08,14.56,13.2746,14.4847
"3335",222,2014-08-09,13.28,13.2891,14.5055
"3336",223,2014-08-10,13.67,13.3035,14.528
"3337",224,2014-08-11,13.98,13.3164,14.5496
"3338",225,2014-08-12,13.84,13.3273,14.5716
"3339",226,2014-08-13,12.98,13.3366,14.5913
"3340",227,2014-08-14,13.43,13.3431,14.6108
"3341",228,2014-08-15,14.22,13.347,14.632
"3342",229,2014-08-16,14.44,13.347,14.6496
"3343",230,2014-08-17,14.38,13.3435,14.6657
"3344",231,2014-08-18,14.63,13.3376,14.6802
"3345",232,2014-08-19,14.2,13.3296,14.686
"3346",233,2014-08-20,14.42,13.3186,14.689
"3347",234,2014-08-21,14.53,13.3059,14.6864
"3348",235,2014-08-22,15.21,13.292,14.6825
"3349",236,2014-08-23,14.2,13.2778,14.6786
"3350",237,2014-08-24,14.37,13.2629,14.6724
"3351",238,2014-08-25,15.11,13.2487,14.665
"3352",239,2014-08-26,15.28,13.2358,14.6544
"3353",240,2014-08-27,15.2,13.2245,14.6425
"3354",241,2014-08-28,15.08,13.2139,14.6299
"3355",242,2014-08-29,15.52,13.2038,14.619
"3356",243,2014-08-30,16.42,13.195,14.6091
"3357",244,2014-08-31,15.88,13.1862,14.6003
"3358",245,2014-09-01,15.56,13.1772,14.5928
"3359",246,2014-09-02,15.54,13.1686,14.5858
"3360",247,2014-09-03,15.08,13.1603,14.5841
"3361",248,2014-09-04,14.82,13.1527,14.5846
"3362",249,2014-09-05,14.45,13.144,14.585
"3363",250,2014-09-06,14.59,13.1334,14.5854
"3364",251,2014-09-07,14.31,13.1207,14.5843
"3365",252,2014-09-08,13.56,13.1066,14.5845
"3366",253,2014-09-09,13.7,13.091,14.5767
"3367",254,2014-09-10,14.05,13.0733,14.5603
"3368",255,2014-09-11,14.46,13.0552,14.536
"3369",256,2014-09-12,14.78,13.0379,14.5106
"3370",257,2014-09-13,14.71,13.0205,14.4851
"3371",258,2014-09-14,14.94,13.0027,14.459
"3372",259,2014-09-15,15.26,12.984,14.4304
"3373",260,2014-09-16,15.64,12.9651,14.3978
"3374",261,2014-09-17,15.72,12.9465,14.3644
"3375",262,2014-09-18,15.52,12.928,14.3318
"3376",263,2014-09-19,16.44,12.9095,14.3047
"3377",264,2014-09-20,16.52,12.8906,14.2763
"3378",265,2014-09-21,16.82,12.8705,14.2495
"3379",266,2014-09-22,16.96,12.8485,14.2215
"3380",267,2014-09-23,17.21,12.8237,14.1934
"3381",268,2014-09-24,17.66,12.7972,14.1656
"3382",269,2014-09-25,16.81,12.7686,14.1375
"3383",270,2014-09-26,17.31,12.7386,14.1106
"3384",271,2014-09-27,16.51,12.7071,14.0838
"3385",272,2014-09-28,15.53,12.6751,14.0573
"3386",273,2014-09-29,16.74,12.6428,14.0292
"3387",274,2014-09-30,15.93,12.6099,14.0005
"3388",275,2014-10-01,15.04,12.578,13.9725
"3389",276,2014-10-02,15.23,12.5478,13.9455
"3390",277,2014-10-03,14.83,12.5194,13.9215
"3391",278,2014-10-04,14.01,12.4924,13.8969
"3392",279,2014-10-05,13.53,12.4666,13.8739
"3393",280,2014-10-06,13.64,12.4422,13.8529
"3394",281,2014-10-07,13.43,12.419,13.8367
"3395",282,2014-10-08,13.13,12.397,13.8259
"3396",283,2014-10-09,13.4,12.376,13.8195
"3397",284,2014-10-10,13.53,12.3555,13.8181
"3398",285,2014-10-11,13.48,12.3364,13.8234
"3399",286,2014-10-12,12.9,12.3182,13.8365
"3400",287,2014-10-13,12.84,12.3009,13.8368
"3401",288,2014-10-14,13.04,12.2848,13.8369
"3402",289,2014-10-15,13.16,12.2708,13.8384
"3403",290,2014-10-16,13.09,12.2581,13.8409
"3404",291,2014-10-17,14.03,12.2472,13.8508
"3405",292,2014-10-18,13.88,12.2382,13.8624
"3406",293,2014-10-19,13.5,12.2305,13.874
"3407",294,2014-10-20,14.51,12.2237,13.8856
"3408",295,2014-10-21,15.04,12.2184,13.8996
"3409",296,2014-10-22,15.06,12.2147,13.9138
"3410",297,2014-10-23,15.26,12.2129,13.9296
"3411",298,2014-10-24,15.36,12.2132,13.9455
"3412",299,2014-10-25,16.07,12.2145,13.9622
"3413",300,2014-10-26,16.22,12.2167,13.98
"3414",301,2014-10-27,16.02,12.2197,13.9991
"3415",302,2014-10-28,16,12.2229,14.0154
"3416",303,2014-10-29,15.92,12.226,14.0284
"3417",304,2014-10-30,15.83,12.229,14.0407
"3418",305,2014-10-31,15.95,12.2319,14.0536
"3419",306,2014-11-01,15.46,12.2337,14.0662
"3420",307,2014-11-02,15.05,12.2341,14.0797
"3421",308,2014-11-03,14.29,12.2329,14.0878
"3422",309,2014-11-04,14.06,12.2295,14.0924
"3423",310,2014-11-05,13.9,12.2243,14.0897
"3424",311,2014-11-06,14.24,12.217,14.0835
"3425",312,2014-11-07,14.21,12.209,14.0715
"3426",313,2014-11-08,14.08,12.2008,14.0541
"3427",314,2014-11-09,13.69,12.1921,14.0299
"3428",315,2014-11-10,13.65,12.1828,14.0026
"3429",316,2014-11-11,13.93,12.1729,13.9723
"3430",317,2014-11-12,14.29,12.163,13.9405
"3431",318,2014-11-13,14.27,12.1526,13.9215
"3432",319,2014-11-14,13.98,12.1407,13.8993
"3433",320,2014-11-15,14.88,12.1275,13.8729
"3434",321,2014-11-16,14.86,12.1142,13.8476
"3435",322,2014-11-17,15.19,12.1005,13.8187
"3436",323,2014-11-18,15.3,12.0859,13.787
"3437",324,2014-11-19,15.37,12.0709,13.7541
"3438",325,2014-11-20,15.59,12.0557,13.717
"3439",326,2014-11-21,15.32,12.0408,13.6807
"3440",327,2014-11-22,15.52,12.0261,13.6456
"3441",328,2014-11-23,15.63,12.0111,13.6069
"3442",329,2014-11-24,15.53,11.9958,13.5669
"3443",330,2014-11-25,15.24,11.9812,13.5269
"3444",331,2014-11-26,15.31,11.9668,13.4863
"3445",332,2014-11-27,15.36,11.9521,13.4444
"3446",333,2014-11-28,15.38,11.9376,13.4053
"3447",334,2014-11-29,15.39,11.9233,13.3705
"3448",335,2014-11-30,15.41,11.9089,13.3381
"3449",336,2014-12-01,15.04,11.8945,13.3077
"3450",337,2014-12-02,15.25,11.88,13.2757
"3451",338,2014-12-03,15.14,11.8655,13.2432
"3452",339,2014-12-04,15.49,11.851,13.2149
"3453",340,2014-12-05,15.68,11.8369,13.1893
"3454",341,2014-12-06,15.7,11.8231,13.1695
"3455",342,2014-12-07,15.67,11.8103,13.1514
"3456",343,2014-12-08,15.7,11.7978,13.1349
"3457",344,2014-12-09,15.82,11.7857,13.1187
"3458",345,2014-12-10,15.85,11.7738,13.1025
"3459",346,2014-12-11,15.83,11.7619,13.0876
"3460",347,2014-12-12,15.83,11.7496,13.074
"3461",348,2014-12-13,15.69,11.737,13.0614
"3462",349,2014-12-14,15.55,11.7242,13.0489
"3463",350,2014-12-15,15.46,11.7121,13.0377
"3464",351,2014-12-16,15.4,11.7007,13.0267
"3465",352,2014-12-17,15.14,11.6894,13.0137
"3466",353,2014-12-18,15.07,11.6784,12.9993
"3467",354,2014-12-19,14.87,11.6678,12.9867
"3468",355,2014-12-20,15.01,11.6575,12.9681
"3469",356,2014-12-21,15.13,11.6479,12.9544
"3470",357,2014-12-22,15.12,11.6387,12.9409
"3471",358,2014-12-23,15.07,11.6302,12.9267
"3472",359,2014-12-24,14.91,11.6226,12.916
"3473",360,2014-12-25,14.19,11.6153,12.906
"3474",361,2014-12-26,13.32,11.6076,12.8956
"3475",362,2014-12-27,12.89,11.5996,12.8852
"3476",363,2014-12-28,13.14,11.5915,12.8752
"3477",364,2014-12-29,13.07,11.5833,12.8657
"3478",365,2014-12-30,12.45,11.5747,12.8552
"3479",366,2014-12-31,11.7,11.5656,12.8435
"3480",1,2015-01-01,11.64,11.5558,12.8291
"3481",2,2015-01-02,11.83,11.5456,12.8146
"3482",3,2015-01-03,11.96,11.535,12.8008
"3483",4,2015-01-04,11.87,11.5243,12.785
"3484",5,2015-01-05,12.16,11.5137,12.7695
"3485",6,2015-01-06,12.1,11.5034,12.7535
"3486",7,2015-01-07,12.77,11.4934,12.7367
"3487",8,2015-01-08,12.81,11.4837,12.7194
"3488",9,2015-01-09,12.96,11.4744,12.6996
"3489",10,2015-01-10,13.09,11.4659,12.6822
"3490",11,2015-01-11,13.07,11.4583,12.6643
"3491",12,2015-01-12,13.11,11.452,12.6469
"3492",13,2015-01-13,12.91,11.4466,12.6298
"3493",14,2015-01-14,12.68,11.4421,12.613
"3494",15,2015-01-15,12.98,11.4382,12.5975
"3495",16,2015-01-16,13.45,11.435,12.585
"3496",17,2015-01-17,13.65,11.432,12.5745
"3497",18,2015-01-18,13.29,11.4296,12.5663
"3498",19,2015-01-19,13.18,11.4271,12.5586
"3499",20,2015-01-20,12.92,11.4245,12.5578
"3500",21,2015-01-21,12.75,11.4216,12.5557
"3501",22,2015-01-22,12.71,11.4183,12.554
"3502",23,2015-01-23,12.78,11.4143,12.5515
"3503",24,2015-01-24,12.91,11.4097,12.5489
"3504",25,2015-01-25,12.96,11.4042,12.5466
"3505",26,2015-01-26,12.55,11.398,12.545
"3506",27,2015-01-27,12.26,11.3906,12.5449
"3507",28,2015-01-28,12.65,11.3823,12.5445
"3508",29,2015-01-29,12.65,11.3729,12.5436
"3509",30,2015-01-30,12.74,11.3624,12.5426
"3510",31,2015-01-31,12.34,11.351,12.5412
"3511",32,2015-02-01,12.48,11.3384,12.5397
"3512",33,2015-02-02,12.52,11.3241,12.5382
"3513",34,2015-02-03,12.45,11.308,12.5349
"3514",35,2015-02-04,12.53,11.29,12.531
"3515",36,2015-02-05,12.77,11.2705,12.5264
"3516",37,2015-02-06,13.02,11.2498,12.5218
"3517",38,2015-02-07,13.4,11.2279,12.5179
"3518",39,2015-02-08,13.53,11.2044,12.5139
"3519",40,2015-02-09,13.69,11.1795,12.5121
"3520",41,2015-02-10,13.49,11.1535,12.5082
"3521",42,2015-02-11,13.5,11.1265,12.5054
"3522",43,2015-02-12,13.49,11.0988,12.5019
"3523",44,2015-02-13,13.43,11.0714,12.4968
"3524",45,2015-02-14,13.39,11.0447,12.4902
"3525",46,2015-02-15,13.3,11.0189,12.4794
"3526",47,2015-02-16,13.45,10.9939,12.4663
"3527",48,2015-02-17,13.65,10.9698,12.4536
"3528",49,2015-02-18,13.54,10.9469,12.4409
"3529",50,2015-02-19,13.45,10.9256,12.4281
"3530",51,2015-02-20,13.53,10.906,12.4153
"3531",52,2015-02-21,13.21,10.8882,12.4033
"3532",53,2015-02-22,12.91,10.872,12.3907
"3533",54,2015-02-23,12.84,10.8574,12.3787
"3534",55,2015-02-24,12.52,10.8442,12.3662
"3535",56,2015-02-25,12.55,10.8326,12.3534
"3536",57,2015-02-26,11.81,10.8229,12.3408
"3537",58,2015-02-27,11.76,10.8152,12.3266
"3538",59,2015-02-28,10.81,10.8091,12.3124
"3539",61,2015-03-01,10.45,10.8017,12.2809
"3540",62,2015-03-02,10.53,10.7995,12.2654
"3541",63,2015-03-03,10.38,10.7981,12.2504
"3542",64,2015-03-04,10.67,10.7981,12.2349
"3543",65,2015-03-05,10.92,10.7996,12.2195
"3544",66,2015-03-06,10.92,10.8023,12.204
"3545",67,2015-03-07,11.54,10.8057,12.1885
"3546",68,2015-03-08,12.1,10.8089,12.1721
"3547",69,2015-03-09,11.59,10.8115,12.1541
"3548",70,2015-03-10,11.81,10.8141,12.1357
"3549",71,2015-03-11,11.81,10.8165,12.117
"3550",72,2015-03-12,11.94,10.8185,12.0974
"3551",73,2015-03-13,12.06,10.8198,12.0768
"3552",74,2015-03-14,12.14,10.8201,12.0556
"3553",75,2015-03-15,11.98,10.8187,12.0322
"3554",76,2015-03-16,11.96,10.8149,12.0086
"3555",77,2015-03-17,12.07,10.8088,11.9897
"3556",78,2015-03-18,11.15,10.801,11.9722
"3557",79,2015-03-19,11.22,10.792,11.9532
"3558",80,2015-03-20,11.59,10.782,11.9354
"3559",81,2015-03-21,11.78,10.7713,11.9204
"3560",82,2015-03-22,11.7,10.7599,11.9085
"3561",83,2015-03-23,11.82,10.7475,11.898
"3562",84,2015-03-24,11.73,10.7345,11.8932
"3563",85,2015-03-25,11.6,10.721,11.8896
"3564",86,2015-03-26,11.4,10.7069,11.887
"3565",87,2015-03-27,11.6,10.6921,11.8851
"3566",88,2015-03-28,11.58,10.677,11.8828
"3567",89,2015-03-29,10.94,10.6616,11.8822
"3568",90,2015-03-30,11.02,10.6464,11.8819
"3569",91,2015-03-31,11.44,10.6315,11.8825
"3570",92,2015-04-01,10.35,10.6164,11.8845
"3571",93,2015-04-02,9.97,10.6006,11.8854
"3572",94,2015-04-03,9.67,10.5859,11.8864
"3573",95,2015-04-04,9.5,10.572,11.8875
"3574",96,2015-04-05,9.49,10.559,11.8881
"3575",97,2015-04-06,9.63,10.5477,11.8881
"3576",98,2015-04-07,9.93,10.5372,11.8884
"3577",99,2015-04-08,10.43,10.527,11.8891
"3578",100,2015-04-09,10.86,10.5173,11.889
"3579",101,2015-04-10,10.64,10.5073,11.8883
"3580",102,2015-04-11,10.8,10.4964,11.8867
"3581",103,2015-04-12,10.48,10.4851,11.8854
"3582",104,2015-04-13,10.84,10.4739,11.8831
"3583",105,2015-04-14,10.62,10.4625,11.8762
"3584",106,2015-04-15,10.15,10.4516,11.8694
"3585",107,2015-04-16,9.59,10.4408,11.8637
"3586",108,2015-04-17,9.92,10.4296,11.8528
"3587",109,2015-04-18,10.23,10.4187,11.8424
"3588",110,2015-04-19,10.95,10.409,11.8368
"3589",111,2015-04-20,11.46,10.3989,11.8298
"3590",112,2015-04-21,11.5,10.389,11.8229
"3591",113,2015-04-22,10.27,10.3797,11.8215
"3592",114,2015-04-23,9.8,10.3716,11.821
"3593",115,2015-04-24,9.45,10.364,11.8181
"3594",116,2015-04-25,9.52,10.3574,11.8162
"3595",117,2015-04-26,NA,10.3529,11.8192
"3596",118,2015-04-27,NA,10.3511,11.8297
"3597",119,2015-04-28,10.14,10.352,11.8426
"3598",120,2015-04-29,9.68,10.3555,11.8553
"3599",121,2015-04-30,9.91,10.3596,11.8698
"3600",122,2015-05-01,9.81,10.364,11.8846
"3601",123,2015-05-02,10.48,10.3683,11.8969
"3602",124,2015-05-03,10.65,10.3737,11.9092
"3603",125,2015-05-04,10.63,10.3781,11.9211
"3604",126,2015-05-05,10.27,10.3823,11.9341
"3605",127,2015-05-06,9.69,10.3847,11.9439
"3606",128,2015-05-07,9.24,10.3835,11.9506
"3607",129,2015-05-08,8.9,10.381,11.9538
"3608",130,2015-05-09,10.64,10.3777,11.949
"3609",131,2015-05-10,10.77,10.3739,11.9425
"3610",132,2015-05-11,9.78,10.3724,11.9368
"3611",133,2015-05-12,10.03,10.3754,11.937
"3612",134,2015-05-13,9.34,10.3838,11.9471
"3613",135,2015-05-14,9.49,10.3964,11.9591
"3614",136,2015-05-15,10.25,10.414,11.9773
"3615",137,2015-05-16,11.09,10.4352,12.0004
"3616",138,2015-05-17,10.1,10.4609,12.0252
"3617",139,2015-05-18,10.52,10.4904,12.0597
"3618",140,2015-05-19,11.31,10.5216,12.0962
"3619",141,2015-05-20,11.11,10.553,12.1299
"3620",142,2015-05-21,11.17,10.5862,12.1653
"3621",143,2015-05-22,11.52,10.6189,12.1976
"3622",144,2015-05-23,11.3,10.6495,12.2213
"3623",145,2015-05-24,NA,10.6768,12.2429
"3624",146,2015-05-25,NA,10.7017,12.2635
"3625",147,2015-05-26,11.78,10.7233,12.2825
"3626",148,2015-05-27,12.2,10.7404,12.2966
"3627",149,2015-05-28,12.45,10.7524,12.3033
"3628",150,2015-05-29,12.59,10.7604,12.3073
"3629",151,2015-05-30,12.44,10.7635,12.31
"3630",152,2015-05-31,12.13,10.7646,12.3114
"3631",153,2015-06-01,12.59,10.7634,12.311
"3632",154,2015-06-02,11.97,10.7622,12.3133
"3633",155,2015-06-03,11.79,10.7615,12.3168
"3634",156,2015-06-04,10.47,10.7635,12.3258
"3635",157,2015-06-05,10.05,10.7668,12.334
"3636",158,2015-06-06,11.31,10.7737,12.3497
"3637",159,2015-06-07,11.25,10.7872,12.3715
"3638",160,2015-06-08,11.43,10.8084,12.3993
"3639",161,2015-06-09,11.69,10.8363,12.4391
"3640",162,2015-06-10,11.99,10.8715,12.4884
"3641",163,2015-06-11,12.26,10.911,12.5423
"3642",164,2015-06-12,12.69,10.9534,12.5947
"3643",165,2015-06-13,13.1,10.996,12.6405
"3644",166,2015-06-14,13.61,11.0385,12.6882
"3645",167,2015-06-15,13.3,11.0792,12.7366
"3646",168,2015-06-16,12.95,11.1194,12.787
"3647",169,2015-06-17,13.1,11.1588,12.8386
"3648",170,2015-06-18,13.96,11.1983,12.8862
"3649",171,2015-06-19,14.45,11.2372,12.9358
"3650",172,2015-06-20,14.23,11.2777,12.9859
"3651",173,2015-06-21,14.07,11.3192,13.0395
"3652",174,2015-06-22,13.21,11.363,13.0945
"3653",175,2015-06-23,12.96,11.4101,13.1525
"3654",176,2015-06-24,13.4,11.4607,13.2106
"3655",177,2015-06-25,12.7,11.515,13.2706
"3656",178,2015-06-26,12.96,11.5732,13.33
"3657",179,2015-06-27,12.68,11.6354,13.3858
"3658",180,2015-06-28,13.31,11.7013,13.4386
"3659",181,2015-06-29,13.64,11.7692,13.4904
"3660",182,2015-06-30,13.3,11.8401,13.5415
"3661",183,2015-07-01,13.82,11.9118,13.5919
"3662",184,2015-07-02,15.18,11.9852,13.6432
"3663",185,2015-07-03,15.01,12.0584,13.6938
"3664",186,2015-07-04,13.96,12.1307,13.7438
"3665",187,2015-07-05,14.9,12.2011,13.7877
"3666",188,2015-07-06,15,12.2701,13.831
"3667",189,2015-07-07,14.94,12.3375,13.87
"3668",190,2015-07-08,14.77,12.4016,13.9068
"3669",191,2015-07-09,14.67,12.4598,13.9423
"3670",192,2015-07-10,14.71,12.5139,13.9758
"3671",193,2015-07-11,14.63,12.5629,14.0047
"3672",194,2015-07-12,15.27,12.6072,14.029
"3673",195,2015-07-13,15.81,12.6467,14.0525
"3674",196,2015-07-14,14.89,12.6838,14.0736
"3675",197,2015-07-15,13.94,12.7196,14.0911
"3676",198,2015-07-16,12.56,12.7559,14.1111
"3677",199,2015-07-17,13.21,12.7915,14.1291
"3678",200,2015-07-18,13.47,12.8257,14.146
"3679",201,2015-07-19,13.49,12.8589,14.1652
"3680",202,2015-07-20,13.77,12.8929,14.1816
"3681",203,2015-07-21,14.34,12.9251,14.2
"3682",204,2015-07-22,14.86,12.9558,14.2141
"3683",205,2015-07-23,14.55,12.985,14.2269
"3684",206,2015-07-24,14.49,13.0132,14.2383
"3685",207,2015-07-25,14.11,13.0398,14.2509
"3686",208,2015-07-26,14.49,13.0638,14.2616
"3687",209,2015-07-27,14.04,13.0851,14.2742
"3688",210,2015-07-28,12.05,13.1046,14.2903
"3689",211,2015-07-29,11.88,13.1228,14.3093
"3690",212,2015-07-30,14,13.1396,14.329
"3691",213,2015-07-31,14.06,13.1555,14.3493
"3692",214,2015-08-01,15.1,13.1712,14.3684
"3693",215,2015-08-02,14.42,13.1858,14.3878
"3694",216,2015-08-03,14.98,13.2006,14.4047
"3695",217,2015-08-04,14.98,13.2149,14.4188
"3696",218,2015-08-05,14.58,13.2297,14.4338
"3697",219,2015-08-06,15.4,13.2451,14.4494
"3698",220,2015-08-07,15.77,13.2601,14.4667
"3699",221,2015-08-08,15.27,13.2746,14.4847
"3700",222,2015-08-09,15.87,13.2891,14.5055
"3701",223,2015-08-10,15.55,13.3035,14.528
"3702",224,2015-08-11,15.39,13.3164,14.5496
"3703",225,2015-08-12,15.07,13.3273,14.5716
"3704",226,2015-08-13,15.71,13.3366,14.5913
"3705",227,2015-08-14,15.09,13.3431,14.6108
"3706",228,2015-08-15,13.43,13.347,14.632
"3707",229,2015-08-16,13.6,13.347,14.6496
"3708",230,2015-08-17,13.08,13.3435,14.6657
"3709",231,2015-08-18,14.39,13.3376,14.6802
"3710",232,2015-08-19,14.18,13.3296,14.686
"3711",233,2015-08-20,14,13.3186,14.689
"3712",234,2015-08-21,14.3,13.3059,14.6864
"3713",235,2015-08-22,14.46,13.292,14.6825
"3714",236,2015-08-23,14.58,13.2778,14.6786
"3715",237,2015-08-24,14.49,13.2629,14.6724
"3716",238,2015-08-25,14.6,13.2487,14.665
"3717",239,2015-08-26,14.46,13.2358,14.6544
"3718",240,2015-08-27,14.32,13.2245,14.6425
"3719",241,2015-08-28,14.83,13.2139,14.6299
"3720",242,2015-08-29,15.3,13.2038,14.619
"3721",243,2015-08-30,15.7,13.195,14.6091
"3722",244,2015-08-31,14.79,13.1862,14.6003
"3723",245,2015-09-01,14.26,13.1772,14.5928
"3724",246,2015-09-02,14.54,13.1686,14.5858
"3725",247,2015-09-03,13.12,13.1603,14.5841
"3726",248,2015-09-04,12.78,13.1527,14.5846
"3727",249,2015-09-05,12.77,13.144,14.585
"3728",250,2015-09-06,12.44,13.1334,14.5854
"3729",251,2015-09-07,12.36,13.1207,14.5843
"3730",252,2015-09-08,12.15,13.1066,14.5845
"3731",253,2015-09-09,13.64,13.091,14.5767
"3732",254,2015-09-10,13.32,13.0733,14.5603
"3733",255,2015-09-11,13.49,13.0552,14.536
"3734",256,2015-09-12,13.35,13.0379,14.5106
"3735",257,2015-09-13,13.17,13.0205,14.4851
"3736",258,2015-09-14,12.93,13.0027,14.459
"3737",259,2015-09-15,12.5,12.984,14.4304
"3738",260,2015-09-16,12.12,12.9651,14.3978
"3739",261,2015-09-17,12.12,12.9465,14.3644
"3740",262,2015-09-18,12.36,12.928,14.3318
"3741",263,2015-09-19,12.79,12.9095,14.3047
"3742",264,2015-09-20,12.79,12.8906,14.2763
"3743",265,2015-09-21,13.33,12.8705,14.2495
"3744",266,2015-09-22,13.5,12.8485,14.2215
"3745",267,2015-09-23,13.01,12.8237,14.1934
"3746",268,2015-09-24,13.37,12.7972,14.1656
"3747",269,2015-09-25,13.55,12.7686,14.1375
"3748",270,2015-09-26,13.82,12.7386,14.1106
"3749",271,2015-09-27,12.98,12.7071,14.0838
"3750",272,2015-09-28,14.01,12.6751,14.0573
"3751",273,2015-09-29,13.95,12.6428,14.0292
"3752",274,2015-09-30,13.45,12.6099,14.0005
"3753",275,2015-10-01,13.62,12.578,13.9725
"3754",276,2015-10-02,13.56,12.5478,13.9455
"3755",277,2015-10-03,13.23,12.5194,13.9215
"3756",278,2015-10-04,13.05,12.4924,13.8969
"3757",279,2015-10-05,13.13,12.4666,13.8739
"3758",280,2015-10-06,13.15,12.4422,13.8529
"3759",281,2015-10-07,12.74,12.419,13.8367
"3760",282,2015-10-08,12.93,12.397,13.8259
"3761",283,2015-10-09,13.54,12.376,13.8195
"3762",284,2015-10-10,13.65,12.3555,13.8181
"3763",285,2015-10-11,13.62,12.3364,13.8234
"3764",286,2015-10-12,13.95,12.3182,13.8365
"3765",287,2015-10-13,14.41,12.3009,13.8368
"3766",288,2015-10-14,14.7,12.2848,13.8369
"3767",289,2015-10-15,14.95,12.2708,13.8384
"3768",290,2015-10-16,15.15,12.2581,13.8409
"3769",291,2015-10-17,14.99,12.2472,13.8508
"3770",292,2015-10-18,14.78,12.2382,13.8624
"3771",293,2015-10-19,15.22,12.2305,13.874
"3772",294,2015-10-20,15.06,12.2237,13.8856
"3773",295,2015-10-21,14.96,12.2184,13.8996
"3774",296,2015-10-22,14.9,12.2147,13.9138
"3775",297,2015-10-23,14.97,12.2129,13.9296
"3776",298,2015-10-24,15.09,12.2132,13.9455
"3777",299,2015-10-25,15.24,12.2145,13.9622
"3778",300,2015-10-26,15,12.2167,13.98
"3779",301,2015-10-27,15.07,12.2197,13.9991
"3780",302,2015-10-28,15,12.2229,14.0154
"3781",303,2015-10-29,14.98,12.226,14.0284
"3782",304,2015-10-30,14.89,12.229,14.0407
"3783",305,2015-10-31,14.92,12.2319,14.0536
"3784",306,2015-11-01,15.29,12.2337,14.0662
"3785",307,2015-11-02,15.18,12.2341,14.0797
"3786",308,2015-11-03,13.84,12.2329,14.0878
"3787",309,2015-11-04,13.25,12.2295,14.0924
"3788",310,2015-11-05,11.82,12.2243,14.0897
"3789",311,2015-11-06,12.13,12.217,14.0835
"3790",312,2015-11-07,12.29,12.209,14.0715
"3791",313,2015-11-08,12.01,12.2008,14.0541
"3792",314,2015-11-09,11.92,12.1921,14.0299
"3793",315,2015-11-10,12.15,12.1828,14.0026
"3794",316,2015-11-11,12.06,12.1729,13.9723
"3795",317,2015-11-12,11.96,12.163,13.9405
"3796",318,2015-11-13,12.05,12.1526,13.9215
"3797",319,2015-11-14,12.16,12.1407,13.8993
"3798",320,2015-11-15,12.42,12.1275,13.8729
"3799",321,2015-11-16,12.07,12.1142,13.8476
"3800",322,2015-11-17,11.93,12.1005,13.8187
"3801",323,2015-11-18,11.97,12.0859,13.787
"3802",324,2015-11-19,11.9,12.0709,13.7541
"3803",325,2015-11-20,11.75,12.0557,13.717
"3804",326,2015-11-21,12.11,12.0408,13.6807
"3805",327,2015-11-22,12.24,12.0261,13.6456
"3806",328,2015-11-23,12.27,12.0111,13.6069
"3807",329,2015-11-24,12.05,11.9958,13.5669
"3808",330,2015-11-25,11.76,11.9812,13.5269
"3809",331,2015-11-26,11.56,11.9668,13.4863
"3810",332,2015-11-27,11.44,11.9521,13.4444
"3811",333,2015-11-28,11.04,11.9376,13.4053
"3812",334,2015-11-29,10.97,11.9233,13.3705
"3813",335,2015-11-30,11.46,11.9089,13.3381
"3814",336,2015-12-01,11.64,11.8945,13.3077
"3815",337,2015-12-02,12.22,11.88,13.2757
"3816",338,2015-12-03,12.44,11.8655,13.2432
"3817",339,2015-12-04,12.39,11.851,13.2149
"3818",340,2015-12-05,12.55,11.8369,13.1893
"3819",341,2015-12-06,12.6,11.8231,13.1695
"3820",342,2015-12-07,12.81,11.8103,13.1514
"3821",343,2015-12-08,12.8,11.7978,13.1349
"3822",344,2015-12-09,12.8,11.7857,13.1187
"3823",345,2015-12-10,12.85,11.7738,13.1025
"3824",346,2015-12-11,12.79,11.7619,13.0876
"3825",347,2015-12-12,12.71,11.7496,13.074
"3826",348,2015-12-13,12.66,11.737,13.0614
"3827",349,2015-12-14,12.35,11.7242,13.0489
"3828",350,2015-12-15,11.99,11.7121,13.0377
"3829",351,2015-12-16,11.99,11.7007,13.0267
"3830",352,2015-12-17,12.12,11.6894,13.0137
"3831",353,2015-12-18,12.21,11.6784,12.9993
"3832",354,2015-12-19,12.21,11.6678,12.9867
"3833",355,2015-12-20,12.12,11.6575,12.9681
"3834",356,2015-12-21,12.2,11.6479,12.9544
"3835",357,2015-12-22,12.28,11.6387,12.9409
"3836",358,2015-12-23,12.14,11.6302,12.9267
"3837",359,2015-12-24,12.01,11.6226,12.916
"3838",360,2015-12-25,11.88,11.6153,12.906
"3839",361,2015-12-26,11.63,11.6076,12.8956
"3840",362,2015-12-27,11.29,11.5996,12.8852
"3841",363,2015-12-28,11.4,11.5915,12.8752
"3842",364,2015-12-29,11.49,11.5833,12.8657
"3843",365,2015-12-30,11.45,11.5747,12.8552
"3844",366,2015-12-31,11.31,11.5656,12.8435
"3845",1,2016-01-01,11.16,11.5558,12.8291
"3846",2,2016-01-02,11.14,11.5456,12.8146
"3847",3,2016-01-03,11.71,11.535,12.8008
"3848",4,2016-01-04,11.86,11.5243,12.785
"3849",5,2016-01-05,12.15,11.5137,12.7695
"3850",6,2016-01-06,12.13,11.5034,12.7535
"3851",7,2016-01-07,12.11,11.4934,12.7367
"3852",8,2016-01-08,12.09,11.4837,12.7194
"3853",9,2016-01-09,11.92,11.4744,12.6996
"3854",10,2016-01-10,12.01,11.4659,12.6822
"3855",11,2016-01-11,12.09,11.4583,12.6643
"3856",12,2016-01-12,12.32,11.452,12.6469
"3857",13,2016-01-13,12.53,11.4466,12.6298
"3858",14,2016-01-14,12.38,11.4421,12.613
"3859",15,2016-01-15,12.45,11.4382,12.5975
"3860",16,2016-01-16,12.45,11.435,12.585
"3861",17,2016-01-17,12.64,11.432,12.5745
"3862",18,2016-01-18,12.71,11.4296,12.5663
"3863",19,2016-01-19,12.75,11.4271,12.5586
"3864",20,2016-01-20,12.79,11.4245,12.5578
"3865",21,2016-01-21,12.78,11.4216,12.5557
"3866",22,2016-01-22,12.88,11.4183,12.554
"3867",23,2016-01-23,12.91,11.4143,12.5515
"3868",24,2016-01-24,12.91,11.4097,12.5489
"3869",25,2016-01-25,12.8,11.4042,12.5466
"3870",26,2016-01-26,12.95,11.398,12.545
"3871",27,2016-01-27,13.04,11.3906,12.5449
"3872",28,2016-01-28,13.02,11.3823,12.5445
"3873",29,2016-01-29,13.1,11.3729,12.5436
"3874",30,2016-01-30,13.02,11.3624,12.5426
"3875",31,2016-01-31,12.75,11.351,12.5412
"3876",32,2016-02-01,12.56,11.3384,12.5397
"3877",33,2016-02-02,12.27,11.3241,12.5382
"3878",34,2016-02-03,12.27,11.308,12.5349
"3879",35,2016-02-04,12.21,11.29,12.531
"3880",36,2016-02-05,12.2,11.2705,12.5264
"3881",37,2016-02-06,12.26,11.2498,12.5218
"3882",38,2016-02-07,12.33,11.2279,12.5179
"3883",39,2016-02-08,12.55,11.2044,12.5139
"3884",40,2016-02-09,12.52,11.1795,12.5121
"3885",41,2016-02-10,12.82,11.1535,12.5082
"3886",42,2016-02-11,12.76,11.1265,12.5054
"3887",43,2016-02-12,12.56,11.0988,12.5019
"3888",44,2016-02-13,12.51,11.0714,12.4968
"3889",45,2016-02-14,12.32,11.0447,12.4902
"3890",46,2016-02-15,12.34,11.0189,12.4794
"3891",47,2016-02-16,12.56,10.9939,12.4663
"3892",48,2016-02-17,12.63,10.9698,12.4536
"3893",49,2016-02-18,12.5,10.9469,12.4409
"3894",50,2016-02-19,12.5,10.9256,12.4281
"3895",51,2016-02-20,12.48,10.906,12.4153
"3896",52,2016-02-21,12.47,10.8882,12.4033
"3897",53,2016-02-22,12.5,10.872,12.3907
"3898",54,2016-02-23,12.51,10.8574,12.3787
"3899",55,2016-02-24,12.71,10.8442,12.3662
"3900",56,2016-02-25,12.83,10.8326,12.3534
"3901",57,2016-02-26,12.76,10.8229,12.3408
"3902",58,2016-02-27,12.64,10.8152,12.3266
"3903",59,2016-02-28,12.67,10.8091,12.3124
"3904",60,2016-02-29,12.42,10.8048,12.2973
"3905",61,2016-03-01,12.54,10.8017,12.2809
"3906",62,2016-03-02,12.7,10.7995,12.2654
"3907",63,2016-03-03,12.74,10.7981,12.2504
"3908",64,2016-03-04,13.03,10.7981,12.2349
"3909",65,2016-03-05,13.05,10.7996,12.2195
"3910",66,2016-03-06,13.13,10.8023,12.204
"3911",67,2016-03-07,13.11,10.8057,12.1885
"3912",68,2016-03-08,13.15,10.8089,12.1721
"3913",69,2016-03-09,13.03,10.8115,12.1541
"3914",70,2016-03-10,13.14,10.8141,12.1357
"3915",71,2016-03-11,13.26,10.8165,12.117
"3916",72,2016-03-12,13.12,10.8185,12.0974
"3917",73,2016-03-13,13.07,10.8198,12.0768
"3918",74,2016-03-14,13.09,10.8201,12.0556
"3919",75,2016-03-15,12.95,10.8187,12.0322
"3920",76,2016-03-16,12.98,10.8149,12.0086
"3921",77,2016-03-17,13.01,10.8088,11.9897
"3922",78,2016-03-18,13.64,10.801,11.9722
"3923",79,2016-03-19,13.86,10.792,11.9532
"3924",80,2016-03-20,14.26,10.782,11.9354
"3925",81,2016-03-21,13.9,10.7713,11.9204
"3926",82,2016-03-22,13.72,10.7599,11.9085
"3927",83,2016-03-23,13.6,10.7475,11.898
"3928",84,2016-03-24,13.5,10.7345,11.8932
"3929",85,2016-03-25,12.75,10.721,11.8896
"3930",86,2016-03-26,12.39,10.7069,11.887
"3931",87,2016-03-27,12.42,10.6921,11.8851
"3932",88,2016-03-28,10,10.677,11.8828
"3933",89,2016-03-29,8.4,10.6616,11.8822
"3934",90,2016-03-30,8.91,10.6464,11.8819
"3935",91,2016-03-31,9.45,10.6315,11.8825
"3936",92,2016-04-01,10.13,10.6164,11.8845
"3937",93,2016-04-02,10.32,10.6006,11.8854
"3938",94,2016-04-03,10.87,10.5859,11.8864
"3939",95,2016-04-04,11.62,10.572,11.8875
"3940",96,2016-04-05,10.61,10.559,11.8881
"3941",97,2016-04-06,9.91,10.5477,11.8881
"3942",98,2016-04-07,10.33,10.5372,11.8884
"3943",99,2016-04-08,11.11,10.527,11.8891
"3944",100,2016-04-09,11.57,10.5173,11.889
"3945",101,2016-04-10,12.05,10.5073,11.8883
"3946",102,2016-04-11,12.38,10.4964,11.8867
"3947",103,2016-04-12,12.24,10.4851,11.8854
"3948",104,2016-04-13,12.06,10.4739,11.8831
"3949",105,2016-04-14,11.88,10.4625,11.8762
"3950",106,2016-04-15,11.36,10.4516,11.8694
"3951",107,2016-04-16,11.47,10.4408,11.8637
"3952",108,2016-04-17,12.4,10.4296,11.8528
"3953",109,2016-04-18,12.34,10.4187,11.8424
"3954",110,2016-04-19,13.35,10.409,11.8368
"3955",111,2016-04-20,13.67,10.3989,11.8298
"3956",112,2016-04-21,13.19,10.389,11.8229
"3957",113,2016-04-22,13.87,10.3797,11.8215
"3958",114,2016-04-23,13.28,10.3716,11.821
"3959",115,2016-04-24,13.09,10.364,11.8181
"3960",116,2016-04-25,11.93,10.3574,11.8162
"3961",117,2016-04-26,10.3,10.3529,11.8192
"3962",118,2016-04-27,10.02,10.3511,11.8297
"3963",119,2016-04-28,9.32,10.352,11.8426
"3964",120,2016-04-29,8.73,10.3555,11.8553
"3965",121,2016-04-30,NA,10.3596,11.8698
"3966",122,2016-05-01,NA,10.364,11.8846
"3967",123,2016-05-02,9.99,10.3683,11.8969
"3968",124,2016-05-03,10.41,10.3737,11.9092
"3969",125,2016-05-04,10.73,10.3781,11.9211
"3970",126,2016-05-05,10.54,10.3823,11.9341
"3971",127,2016-05-06,10.69,10.3847,11.9439
"3972",128,2016-05-07,11.26,10.3835,11.9506
"3973",129,2016-05-08,11.2,10.381,11.9538
"3974",130,2016-05-09,11.89,10.3777,11.949
"3975",131,2016-05-10,11.92,10.3739,11.9425
"3976",132,2016-05-11,13.24,10.3724,11.9368
"3977",133,2016-05-12,12.43,10.3754,11.937
"3978",134,2016-05-13,12.39,10.3838,11.9471
"3979",135,2016-05-14,12.3,10.3964,11.9591
"3980",136,2016-05-15,12.86,10.414,11.9773
"3981",137,2016-05-16,11.99,10.4352,12.0004
"3982",138,2016-05-17,11.5,10.4609,12.0252
"3983",139,2016-05-18,10.91,10.4904,12.0597
"3984",140,2016-05-19,12.43,10.5216,12.0962
"3985",141,2016-05-20,9.82,10.553,12.1299
"3986",142,2016-05-21,9.05,10.5862,12.1653
"3987",143,2016-05-22,9.84,10.6189,12.1976
"3988",144,2016-05-23,10.95,10.6495,12.2213
"3989",145,2016-05-24,11.12,10.6768,12.2429
"3990",146,2016-05-25,11.36,10.7017,12.2635
"3991",147,2016-05-26,11.26,10.7233,12.2825
"3992",148,2016-05-27,9.79,10.7404,12.2966
"3993",149,2016-05-28,9.1,10.7524,12.3033
"3994",150,2016-05-29,10.07,10.7604,12.3073
"3995",151,2016-05-30,9.92,10.7635,12.31
"3996",152,2016-05-31,11.52,10.7646,12.3114
"3997",153,2016-06-01,12.47,10.7634,12.311
"3998",154,2016-06-02,12.96,10.7622,12.3133
"3999",155,2016-06-03,13.35,10.7615,12.3168
"4000",156,2016-06-04,12.71,10.7635,12.3258
"4001",157,2016-06-05,12.66,10.7668,12.334
"4002",158,2016-06-06,12.89,10.7737,12.3497
"4003",159,2016-06-07,13.47,10.7872,12.3715
"4004",160,2016-06-08,13.31,10.8084,12.3993
"4005",161,2016-06-09,12.97,10.8363,12.4391
"4006",162,2016-06-10,13.16,10.8715,12.4884
"4007",163,2016-06-11,12.88,10.911,12.5423
"4008",164,2016-06-12,11.56,10.9534,12.5947
"4009",165,2016-06-13,12.29,10.996,12.6405
"4010",166,2016-06-14,12.51,11.0385,12.6882
"4011",167,2016-06-15,11.31,11.0792,12.7366
"4012",168,2016-06-16,10.22,11.1194,12.787
"4013",169,2016-06-17,11.32,11.1588,12.8386
"4014",170,2016-06-18,11.63,11.1983,12.8862
"4015",171,2016-06-19,11.2,11.2372,12.9358
"4016",172,2016-06-20,10.96,11.2777,12.9859
"4017",173,2016-06-21,11.04,11.3192,13.0395
"4018",174,2016-06-22,12.28,11.363,13.0945
"4019",175,2016-06-23,13.07,11.4101,13.1525
"4020",176,2016-06-24,11.79,11.4607,13.2106
"4021",177,2016-06-25,10.53,11.515,13.2706
"4022",178,2016-06-26,12.06,11.5732,13.33
"4023",179,2016-06-27,12.99,11.6354,13.3858
"4024",180,2016-06-28,13.49,11.7013,13.4386
"4025",181,2016-06-29,12.68,11.7692,13.4904
"4026",182,2016-06-30,12.13,11.8401,13.5415
"4027",183,2016-07-01,12.15,11.9118,13.5919
"4028",184,2016-07-02,12.66,11.9852,13.6432
"4029",185,2016-07-03,12.27,12.0584,13.6938
"4030",186,2016-07-04,11.43,12.1307,13.7438
"4031",187,2016-07-05,10.68,12.2011,13.7877
"4032",188,2016-07-06,11.45,12.2701,13.831
"4033",189,2016-07-07,12.55,12.3375,13.87
"4034",190,2016-07-08,13.07,12.4016,13.9068
"4035",191,2016-07-09,12.43,12.4598,13.9423
"4036",192,2016-07-10,12.12,12.5139,13.9758
"4037",193,2016-07-11,11.48,12.5629,14.0047
"4038",194,2016-07-12,10.78,12.6072,14.029
"4039",195,2016-07-13,10.58,12.6467,14.0525
"4040",196,2016-07-14,11.46,12.6838,14.0736
"4041",197,2016-07-15,12.31,12.7196,14.0911
"4042",198,2016-07-16,13.12,12.7559,14.1111
"4043",199,2016-07-17,12.24,12.7915,14.1291
"4044",200,2016-07-18,12.12,12.8257,14.146
"4045",201,2016-07-19,12.53,12.8589,14.1652
"4046",202,2016-07-20,12.87,12.8929,14.1816
"4047",203,2016-07-21,13.16,12.9251,14.2
"4048",204,2016-07-22,13.29,12.9558,14.2141
"4049",205,2016-07-23,13.03,12.985,14.2269
"4050",206,2016-07-24,12.91,13.0132,14.2383
"4051",207,2016-07-25,12.87,13.0398,14.2509
"4052",208,2016-07-26,13.24,13.0638,14.2616
"4053",209,2016-07-27,13.29,13.0851,14.2742
"4054",210,2016-07-28,12.92,13.1046,14.2903
"4055",211,2016-07-29,12.3,13.1228,14.3093
"4056",212,2016-07-30,12.36,13.1396,14.329
"4057",213,2016-07-31,12.1,13.1555,14.3493
"4058",214,2016-08-01,11.96,13.1712,14.3684
"4059",215,2016-08-02,12.21,13.1858,14.3878
"4060",216,2016-08-03,12.54,13.2006,14.4047
"4061",217,2016-08-04,13.07,13.2149,14.4188
"4062",218,2016-08-05,12.85,13.2297,14.4338
"4063",219,2016-08-06,13.05,13.2451,14.4494
"4064",220,2016-08-07,13.31,13.2601,14.4667
"4065",221,2016-08-08,12.77,13.2746,14.4847
"4066",222,2016-08-09,11.53,13.2891,14.5055
"4067",223,2016-08-10,11.37,13.3035,14.528
"4068",224,2016-08-11,11.55,13.3164,14.5496
"4069",225,2016-08-12,12.36,13.3273,14.5716
"4070",226,2016-08-13,12.14,13.3366,14.5913
"4071",227,2016-08-14,12.41,13.3431,14.6108
"4072",228,2016-08-15,12.25,13.347,14.632
"4073",229,2016-08-16,12.66,13.347,14.6496
"4074",230,2016-08-17,13.06,13.3435,14.6657
"4075",231,2016-08-18,12.86,13.3376,14.6802
"4076",232,2016-08-19,13.39,13.3296,14.686
"4077",233,2016-08-20,13.26,13.3186,14.689
"4078",234,2016-08-21,13.4,13.3059,14.6864
"4079",235,2016-08-22,13.32,13.292,14.6825
"4080",236,2016-08-23,13.71,13.2778,14.6786
"4081",237,2016-08-24,13.74,13.2629,14.6724
"4082",238,2016-08-25,13.96,13.2487,14.665
"4083",239,2016-08-26,14.15,13.2358,14.6544
"4084",240,2016-08-27,14.04,13.2245,14.6425
"4085",241,2016-08-28,13.74,13.2139,14.6299
"4086",242,2016-08-29,13.94,13.2038,14.619
"4087",243,2016-08-30,14.26,13.195,14.6091
"4088",244,2016-08-31,13.87,13.1862,14.6003
"4089",245,2016-09-01,13.3,13.1772,14.5928
"4090",246,2016-09-02,12.76,13.1686,14.5858
"4091",247,2016-09-03,11.85,13.1603,14.5841
"4092",248,2016-09-04,11.25,13.1527,14.5846
"4093",249,2016-09-05,10.93,13.144,14.585
"4094",250,2016-09-06,10.83,13.1334,14.5854
"4095",251,2016-09-07,11.05,13.1207,14.5843
"4096",252,2016-09-08,10.86,13.1066,14.5845
"4097",253,2016-09-09,10.95,13.091,14.5767
"4098",254,2016-09-10,11.2,13.0733,14.5603
"4099",255,2016-09-11,11.73,13.0552,14.536
"4100",256,2016-09-12,12.37,13.0379,14.5106
"4101",257,2016-09-13,12.65,13.0205,14.4851
"4102",258,2016-09-14,13.07,13.0027,14.459
"4103",259,2016-09-15,12.67,12.984,14.4304
"4104",260,2016-09-16,12.77,12.9651,14.3978
"4105",261,2016-09-17,12.73,12.9465,14.3644
"4106",262,2016-09-18,13.02,12.928,14.3318
"4107",263,2016-09-19,12.98,12.9095,14.3047
"4108",264,2016-09-20,12.65,12.8906,14.2763
"4109",265,2016-09-21,12.73,12.8705,14.2495
"4110",266,2016-09-22,12.33,12.8485,14.2215
"4111",267,2016-09-23,11.73,12.8237,14.1934
"4112",268,2016-09-24,11.61,12.7972,14.1656
"4113",269,2016-09-25,11.79,12.7686,14.1375
"4114",270,2016-09-26,12.17,12.7386,14.1106
"4115",271,2016-09-27,12.95,12.7071,14.0838
"4116",272,2016-09-28,12.32,12.6751,14.0573
"4117",273,2016-09-29,12.39,12.6428,14.0292
"4118",274,2016-09-30,12.81,12.6099,14.0005
"4119",275,2016-10-01,12.74,12.578,13.9725
"4120",276,2016-10-02,12.43,12.5478,13.9455
"4121",277,2016-10-03,12.23,12.5194,13.9215
"4122",278,2016-10-04,12.12,12.4924,13.8969
"4123",279,2016-10-05,12.37,12.4666,13.8739
"4124",280,2016-10-06,11.91,12.4422,13.8529
"4125",281,2016-10-07,12.52,12.419,13.8367
"4126",282,2016-10-08,12.86,12.397,13.8259
"4127",283,2016-10-09,12.74,12.376,13.8195
"4128",284,2016-10-10,12.72,12.3555,13.8181
"4129",285,2016-10-11,12.58,12.3364,13.8234
"4130",286,2016-10-12,12.53,12.3182,13.8365
"4131",287,2016-10-13,12.76,12.3009,13.8368
"4132",288,2016-10-14,12.75,12.2848,13.8369
"4133",289,2016-10-15,12.73,12.2708,13.8384
"4134",290,2016-10-16,13.26,12.2581,13.8409
"4135",291,2016-10-17,13.38,12.2472,13.8508
"4136",292,2016-10-18,13.59,12.2382,13.8624
"4137",293,2016-10-19,13.5,12.2305,13.874
"4138",294,2016-10-20,13.44,12.2237,13.8856
"4139",295,2016-10-21,13.43,12.2184,13.8996
"4140",296,2016-10-22,13.03,12.2147,13.9138
"4141",297,2016-10-23,12.88,12.2129,13.9296
"4142",298,2016-10-24,13.23,12.2132,13.9455
"4143",299,2016-10-25,13.3,12.2145,13.9622
"4144",300,2016-10-26,13.33,12.2167,13.98
"4145",301,2016-10-27,13.42,12.2197,13.9991
"4146",302,2016-10-28,13.45,12.2229,14.0154
"4147",303,2016-10-29,13.59,12.226,14.0284
"4148",304,2016-10-30,13.81,12.229,14.0407
"4149",305,2016-10-31,13.74,12.2319,14.0536
"4150",306,2016-11-01,13.83,12.2337,14.0662
"4151",307,2016-11-02,13.97,12.2341,14.0797
"4152",308,2016-11-03,14.03,12.2329,14.0878
"4153",309,2016-11-04,14.24,12.2295,14.0924
"4154",310,2016-11-05,14.22,12.2243,14.0897
"4155",311,2016-11-06,14.19,12.217,14.0835
"4156",312,2016-11-07,14.29,12.209,14.0715
"4157",313,2016-11-08,14.16,12.2008,14.0541
"4158",314,2016-11-09,14.52,12.1921,14.0299
"4159",315,2016-11-10,14.27,12.1828,14.0026
"4160",316,2016-11-11,14.1,12.1729,13.9723
"4161",317,2016-11-12,15.11,12.163,13.9405
"4162",318,2016-11-13,15.06,12.1526,13.9215
"4163",319,2016-11-14,15.02,12.1407,13.8993
"4164",320,2016-11-15,14.8,12.1275,13.8729
"4165",321,2016-11-16,14.35,12.1142,13.8476
"4166",322,2016-11-17,13.64,12.1005,13.8187
"4167",323,2016-11-18,13.62,12.0859,13.787
"4168",324,2016-11-19,13.77,12.0709,13.7541
"4169",325,2016-11-20,14.2,12.0557,13.717
"4170",326,2016-11-21,14.35,12.0408,13.6807
"4171",327,2016-11-22,14.35,12.0261,13.6456
"4172",328,2016-11-23,13.98,12.0111,13.6069
"4173",329,2016-11-24,13.7,11.9958,13.5669
"4174",330,2016-11-25,13.74,11.9812,13.5269
"4175",331,2016-11-26,13.66,11.9668,13.4863
"4176",332,2016-11-27,13.74,11.9521,13.4444
"4177",333,2016-11-28,13.6,11.9376,13.4053
"4178",334,2016-11-29,13.42,11.9233,13.3705
"4179",335,2016-11-30,13.23,11.9089,13.3381
"4180",336,2016-12-01,12.72,11.8945,13.3077
"4181",337,2016-12-02,12.27,11.88,13.2757
"4182",338,2016-12-03,12.42,11.8655,13.2432
"4183",339,2016-12-04,11.73,11.851,13.2149
"4184",340,2016-12-05,11.08,11.8369,13.1893
"4185",341,2016-12-06,10.63,11.8231,13.1695
"4186",342,2016-12-07,10.34,11.8103,13.1514
"4187",343,2016-12-08,10.53,11.7978,13.1349
"4188",344,2016-12-09,10.98,11.7857,13.1187
"4189",345,2016-12-10,11.3,11.7738,13.1025
"4190",346,2016-12-11,11.05,11.7619,13.0876
"4191",347,2016-12-12,10.93,11.7496,13.074
"4192",348,2016-12-13,10.78,11.737,13.0614
"4193",349,2016-12-14,11.19,11.7242,13.0489
"4194",350,2016-12-15,11.43,11.7121,13.0377
"4195",351,2016-12-16,11.95,11.7007,13.0267
"4196",352,2016-12-17,12.04,11.6894,13.0137
"4197",353,2016-12-18,11.67,11.6784,12.9993
"4198",354,2016-12-19,11.9,11.6678,12.9867
"4199",355,2016-12-20,11.86,11.6575,12.9681
"4200",356,2016-12-21,11.67,11.6479,12.9544
"4201",357,2016-12-22,11.26,11.6387,12.9409
"4202",358,2016-12-23,12.34,11.6302,12.9267
"4203",359,2016-12-24,12.17,11.6226,12.916
"4204",360,2016-12-25,11.56,11.6153,12.906
"4205",361,2016-12-26,11.45,11.6076,12.8956
"4206",362,2016-12-27,11.74,11.5996,12.8852
"4207",363,2016-12-28,11.53,11.5915,12.8752
"4208",364,2016-12-29,11.33,11.5833,12.8657
"4209",365,2016-12-30,11.16,11.5747,12.8552
"4210",366,2016-12-31,10.92,11.5656,12.8435
"4211",1,2017-01-01,10.77,11.5558,12.8291
"4212",2,2017-01-02,10.61,11.5456,12.8146
"4213",3,2017-01-03,10.35,11.535,12.8008
"4214",4,2017-01-04,10.68,11.5243,12.785
"4215",5,2017-01-05,10.47,11.5137,12.7695
"4216",6,2017-01-06,10.55,11.5034,12.7535
"4217",7,2017-01-07,10.48,11.4934,12.7367
"4218",8,2017-01-08,10.8,11.4837,12.7194
"4219",9,2017-01-09,10.84,11.4744,12.6996
"4220",10,2017-01-10,10.97,11.4659,12.6822
"4221",11,2017-01-11,11.18,11.4583,12.6643
"4222",12,2017-01-12,11.15,11.452,12.6469
"4223",13,2017-01-13,11.08,11.4466,12.6298
"4224",14,2017-01-14,11.05,11.4421,12.613
"4225",15,2017-01-15,11.1,11.4382,12.5975
"4226",16,2017-01-16,11.19,11.435,12.585
"4227",17,2017-01-17,11.14,11.432,12.5745
"4228",18,2017-01-18,11.06,11.4296,12.5663
"4229",19,2017-01-19,11.08,11.4271,12.5586
"4230",20,2017-01-20,11.04,11.4245,12.5578
"4231",21,2017-01-21,11.18,11.4216,12.5557
"4232",22,2017-01-22,11.17,11.4183,12.554
"4233",23,2017-01-23,11.15,11.4143,12.5515
"4234",24,2017-01-24,11.25,11.4097,12.5489
"4235",25,2017-01-25,11.38,11.4042,12.5466
"4236",26,2017-01-26,11.42,11.398,12.545
"4237",27,2017-01-27,11.45,11.3906,12.5449
"4238",28,2017-01-28,11.47,11.3823,12.5445
"4239",29,2017-01-29,11.43,11.3729,12.5436
"4240",30,2017-01-30,11.4,11.3624,12.5426
"4241",31,2017-01-31,11.43,11.351,12.5412
"4242",32,2017-02-01,11.48,11.3384,12.5397
"4243",33,2017-02-02,11.56,11.3241,12.5382
"4244",34,2017-02-03,11.74,11.308,12.5349
"4245",35,2017-02-04,11.78,11.29,12.531
"4246",36,2017-02-05,11.8,11.2705,12.5264
"4247",37,2017-02-06,11.8,11.2498,12.5218
"4248",38,2017-02-07,11.93,11.2279,12.5179
"4249",39,2017-02-08,12.13,11.2044,12.5139
"4250",40,2017-02-09,12.35,11.1795,12.5121
"4251",41,2017-02-10,12.41,11.1535,12.5082
"4252",42,2017-02-11,12.25,11.1265,12.5054
"4253",43,2017-02-12,12.29,11.0988,12.5019
"4254",44,2017-02-13,12.33,11.0714,12.4968
"4255",45,2017-02-14,12.4,11.0447,12.4902
"4256",46,2017-02-15,12.45,11.0189,12.4794
"4257",47,2017-02-16,12.5,10.9939,12.4663
"4258",48,2017-02-17,12.45,10.9698,12.4536
"4259",49,2017-02-18,12.27,10.9469,12.4409
"4260",50,2017-02-19,12.02,10.9256,12.4281
"4261",51,2017-02-20,12.18,10.906,12.4153
"4262",52,2017-02-21,12.23,10.8882,12.4033
"4263",53,2017-02-22,12.15,10.872,12.3907
"4264",54,2017-02-23,12.05,10.8574,12.3787
"4265",55,2017-02-24,11.95,10.8442,12.3662
"4266",56,2017-02-25,11.89,10.8326,12.3534
"4267",57,2017-02-26,11.81,10.8229,12.3408
"4268",58,2017-02-27,11.78,10.8152,12.3266
"4269",59,2017-02-28,11.88,10.8091,12.3124
"4270",61,2017-03-01,11.96,10.8017,12.2809
"4271",62,2017-03-02,12.04,10.7995,12.2654
"4272",63,2017-03-03,11.91,10.7981,12.2504
"4273",64,2017-03-04,11.86,10.7981,12.2349
"4274",65,2017-03-05,11.63,10.7996,12.2195
"4275",66,2017-03-06,11.4,10.8023,12.204
"4276",67,2017-03-07,11.36,10.8057,12.1885
"4277",68,2017-03-08,11.4,10.8089,12.1721
"4278",69,2017-03-09,11.65,10.8115,12.1541
"4279",70,2017-03-10,11.52,10.8141,12.1357
"4280",71,2017-03-11,11.3,10.8165,12.117
"4281",72,2017-03-12,11.44,10.8185,12.0974
"4282",73,2017-03-13,11.63,10.8198,12.0768
"4283",74,2017-03-14,11.77,10.8201,12.0556
"4284",75,2017-03-15,11.67,10.8187,12.0322
"4285",76,2017-03-16,12.15,10.8149,12.0086
"4286",77,2017-03-17,11.9,10.8088,11.9897
"4287",78,2017-03-18,11.99,10.801,11.9722
"4288",79,2017-03-19,11.68,10.792,11.9532
"4289",80,2017-03-20,12.03,10.782,11.9354
"4290",81,2017-03-21,12,10.7713,11.9204
"4291",82,2017-03-22,12.02,10.7599,11.9085
"4292",83,2017-03-23,11.89,10.7475,11.898
"4293",84,2017-03-24,12.01,10.7345,11.8932
"4294",85,2017-03-25,12.08,10.721,11.8896
"4295",86,2017-03-26,11.95,10.7069,11.887
"4296",87,2017-03-27,11.94,10.6921,11.8851
"4297",88,2017-03-28,11.92,10.677,11.8828
"4298",89,2017-03-29,11.62,10.6616,11.8822
"4299",90,2017-03-30,11.53,10.6464,11.8819
"4300",91,2017-03-31,10.29,10.6315,11.8825
"4301",92,2017-04-01,9.9,10.6164,11.8845
"4302",93,2017-04-02,9.28,10.6006,11.8854
"4303",94,2017-04-03,8.69,10.5859,11.8864
"4304",95,2017-04-04,9.1,10.572,11.8875
"4305",96,2017-04-05,9.87,10.559,11.8881
"4306",97,2017-04-06,9.55,10.5477,11.8881
"4307",98,2017-04-07,10.38,10.5372,11.8884
"4308",99,2017-04-08,10.21,10.527,11.8891
"4309",100,2017-04-09,10.26,10.5173,11.889
"4310",101,2017-04-10,10.68,10.5073,11.8883
"4311",102,2017-04-11,10.48,10.4964,11.8867
"4312",103,2017-04-12,10.81,10.4851,11.8854
"4313",104,2017-04-13,10.92,10.4739,11.8831
"4314",105,2017-04-14,11.04,10.4625,11.8762
"4315",106,2017-04-15,11.25,10.4516,11.8694
"4316",107,2017-04-16,11.76,10.4408,11.8637
"4317",108,2017-04-17,11.37,10.4296,11.8528
"4318",109,2017-04-18,11.4,10.4187,11.8424
"4319",110,2017-04-19,NA,10.409,11.8368
"4320",111,2017-04-20,NA,10.3989,11.8298
"4321",112,2017-04-21,NA,10.389,11.8229
"4322",113,2017-04-22,12.14,10.3797,11.8215
"4323",114,2017-04-23,11.89,10.3716,11.821
"4324",115,2017-04-24,11.8,10.364,11.8181
"4325",116,2017-04-25,11.35,10.3574,11.8162
"4326",117,2017-04-26,11.48,10.3529,11.8192
"4327",118,2017-04-27,11.33,10.3511,11.8297
"4328",119,2017-04-28,10.69,10.352,11.8426
"4329",120,2017-04-29,10.07,10.3555,11.8553
"4330",121,2017-04-30,9.62,10.3596,11.8698
"4331",122,2017-05-01,8.85,10.364,11.8846
"4332",123,2017-05-02,8.97,10.3683,11.8969
"4333",124,2017-05-03,9.17,10.3737,11.9092
"4334",125,2017-05-04,10.45,10.3781,11.9211
"4335",126,2017-05-05,11.09,10.3823,11.9341
"4336",127,2017-05-06,9.46,10.3847,11.9439
"4337",128,2017-05-07,9.18,10.3835,11.9506
"4338",129,2017-05-08,8.58,10.381,11.9538
"4339",130,2017-05-09,8.98,10.3777,11.949
"4340",131,2017-05-10,9.55,10.3739,11.9425
"4341",132,2017-05-11,10.67,10.3724,11.9368
"4342",133,2017-05-12,10.04,10.3754,11.937
"4343",134,2017-05-13,9.89,10.3838,11.9471
"4344",135,2017-05-14,10.06,10.3964,11.9591
"4345",136,2017-05-15,8.81,10.414,11.9773
"4346",137,2017-05-16,9.25,10.4352,12.0004
"4347",138,2017-05-17,8.64,10.4609,12.0252
"4348",139,2017-05-18,NA,10.4904,12.0597
"4349",140,2017-05-19,NA,10.5216,12.0962
"4350",141,2017-05-20,9.64,10.553,12.1299
"4351",142,2017-05-21,10.62,10.5862,12.1653
"4352",143,2017-05-22,11.47,10.6189,12.1976
"4353",144,2017-05-23,11.45,10.6495,12.2213
"4354",145,2017-05-24,11.31,10.6768,12.2429
"4355",146,2017-05-25,11.17,10.7017,12.2635
"4356",147,2017-05-26,11.28,10.7233,12.2825
"4357",148,2017-05-27,11.87,10.7404,12.2966
"4358",149,2017-05-28,11.21,10.7524,12.3033
"4359",150,2017-05-29,11.68,10.7604,12.3073
"4360",151,2017-05-30,12.35,10.7635,12.31
"4361",152,2017-05-31,12.21,10.7646,12.3114
"4362",153,2017-06-01,12.63,10.7634,12.311
"4363",154,2017-06-02,10.64,10.7622,12.3133
"4364",155,2017-06-03,11.45,10.7615,12.3168
"4365",156,2017-06-04,12.07,10.7635,12.3258
"4366",157,2017-06-05,11.26,10.7668,12.334
"4367",158,2017-06-06,12.39,10.7737,12.3497
"4368",159,2017-06-07,12.68,10.7872,12.3715
"4369",160,2017-06-08,12.46,10.8084,12.3993
"4370",161,2017-06-09,11.56,10.8363,12.4391
"4371",162,2017-06-10,10.67,10.8715,12.4884
"4372",163,2017-06-11,10.29,10.911,12.5423
"4373",164,2017-06-12,10.76,10.9534,12.5947
"4374",165,2017-06-13,10.06,10.996,12.6405
"4375",166,2017-06-14,10.33,11.0385,12.6882
"4376",167,2017-06-15,11.89,11.0792,12.7366
"4377",168,2017-06-16,10.71,11.1194,12.787
"4378",169,2017-06-17,9.57,11.1588,12.8386
"4379",170,2017-06-18,10.06,11.1983,12.8862
"4380",171,2017-06-19,9.21,11.2372,12.9358
"4381",172,2017-06-20,10.77,11.2777,12.9859
"4382",173,2017-06-21,10.32,11.3192,13.0395
"4383",174,2017-06-22,10.64,11.363,13.0945
"4384",175,2017-06-23,12.11,11.4101,13.1525
"4385",176,2017-06-24,13.25,11.4607,13.2106
"4386",177,2017-06-25,12.06,11.515,13.2706
"4387",178,2017-06-26,11.93,11.5732,13.33
"4388",179,2017-06-27,12.53,11.6354,13.3858
"4389",180,2017-06-28,13.82,11.7013,13.4386
"4390",181,2017-06-29,13.64,11.7692,13.4904
"4391",182,2017-06-30,14.33,11.8401,13.5415
"4392",183,2017-07-01,14.31,11.9118,13.5919
"4393",184,2017-07-02,11.32,11.9852,13.6432
"4394",185,2017-07-03,11.77,12.0584,13.6938
"4395",186,2017-07-04,12.29,12.1307,13.7438
"4396",187,2017-07-05,13.34,12.2011,13.7877
"4397",188,2017-07-06,12.62,12.2701,13.831
"4398",189,2017-07-07,12.26,12.3375,13.87
"4399",190,2017-07-08,12.62,12.4016,13.9068
"4400",191,2017-07-09,13.27,12.4598,13.9423
"4401",192,2017-07-10,13.2,12.5139,13.9758
"4402",193,2017-07-11,13.8,12.5629,14.0047
"4403",194,2017-07-12,13.51,12.6072,14.029
"4404",195,2017-07-13,13.17,12.6467,14.0525
"4405",196,2017-07-14,13.33,12.6838,14.0736
"4406",197,2017-07-15,13.1,12.7196,14.0911
"4407",198,2017-07-16,12.48,12.7559,14.1111
"4408",199,2017-07-17,10.61,12.7915,14.1291
"4409",200,2017-07-18,11.41,12.8257,14.146
"4410",201,2017-07-19,12.6,12.8589,14.1652
"4411",202,2017-07-20,12.56,12.8929,14.1816
"4412",203,2017-07-21,12.48,12.9251,14.2
"4413",204,2017-07-22,12.88,12.9558,14.2141
"4414",205,2017-07-23,13.17,12.985,14.2269
"4415",206,2017-07-24,12.81,13.0132,14.2383
"4416",207,2017-07-25,13.06,13.0398,14.2509
"4417",208,2017-07-26,12.46,13.0638,14.2616
"4418",209,2017-07-27,13.15,13.0851,14.2742
"4419",210,2017-07-28,13.24,13.1046,14.2903
"4420",211,2017-07-29,12.67,13.1228,14.3093
"4421",212,2017-07-30,13.56,13.1396,14.329
"4422",213,2017-07-31,12.95,13.1555,14.3493
"4423",214,2017-08-01,13.07,13.1712,14.3684
"4424",215,2017-08-02,12.71,13.1858,14.3878
"4425",216,2017-08-03,13.27,13.2006,14.4047
"4426",217,2017-08-04,13.99,13.2149,14.4188
"4427",218,2017-08-05,12.98,13.2297,14.4338
"4428",219,2017-08-06,13.07,13.2451,14.4494
"4429",220,2017-08-07,13.48,13.2601,14.4667
"4430",221,2017-08-08,13.59,13.2746,14.4847
"4431",222,2017-08-09,14.36,13.2891,14.5055
"4432",223,2017-08-10,14.17,13.3035,14.528
"4433",224,2017-08-11,14.59,13.3164,14.5496
"4434",225,2017-08-12,14.65,13.3273,14.5716
"4435",226,2017-08-13,14.73,13.3366,14.5913
"4436",227,2017-08-14,14.53,13.3431,14.6108
"4437",228,2017-08-15,14.38,13.347,14.632
"4438",229,2017-08-16,14.53,13.347,14.6496
"4439",230,2017-08-17,13.99,13.3435,14.6657
"4440",231,2017-08-18,14.04,13.3376,14.6802
"4441",232,2017-08-19,13.82,13.3296,14.686
"4442",233,2017-08-20,14.07,13.3186,14.689
"4443",234,2017-08-21,13.94,13.3059,14.6864
"4444",235,2017-08-22,13.83,13.292,14.6825
"4445",236,2017-08-23,13.72,13.2778,14.6786
"4446",237,2017-08-24,13.91,13.2629,14.6724
"4447",238,2017-08-25,13.62,13.2487,14.665
"4448",239,2017-08-26,13.9,13.2358,14.6544
"4449",240,2017-08-27,13.81,13.2245,14.6425
"4450",241,2017-08-28,13.8,13.2139,14.6299
"4451",242,2017-08-29,13.19,13.2038,14.619
"4452",243,2017-08-30,12.81,13.195,14.6091
"4453",244,2017-08-31,13.29,13.1862,14.6003
"4454",245,2017-09-01,13.28,13.1772,14.5928
"4455",246,2017-09-02,13.48,13.1686,14.5858
"4456",247,2017-09-03,13.82,13.1603,14.5841
"4457",248,2017-09-04,14.44,13.1527,14.5846
"4458",249,2017-09-05,13.88,13.144,14.585
"4459",250,2017-09-06,14.49,13.1334,14.5854
"4460",251,2017-09-07,13.47,13.1207,14.5843
"4461",252,2017-09-08,13.92,13.1066,14.5845
"4462",253,2017-09-09,14.85,13.091,14.5767
"4463",254,2017-09-10,14.91,13.0733,14.5603
"4464",255,2017-09-11,14.92,13.0552,14.536
"4465",256,2017-09-12,14.42,13.0379,14.5106
"4466",257,2017-09-13,14.34,13.0205,14.4851
"4467",258,2017-09-14,14.74,13.0027,14.459
"4468",259,2017-09-15,13.89,12.984,14.4304
"4469",260,2017-09-16,13.87,12.9651,14.3978
"4470",261,2017-09-17,14.01,12.9465,14.3644
"4471",262,2017-09-18,13.75,12.928,14.3318
"4472",263,2017-09-19,13.14,12.9095,14.3047
"4473",264,2017-09-20,12.94,12.8906,14.2763
"4474",265,2017-09-21,12.57,12.8705,14.2495
"4475",266,2017-09-22,12.25,12.8485,14.2215
"4476",267,2017-09-23,13.15,12.8237,14.1934
"4477",268,2017-09-24,12.38,12.7972,14.1656
"4478",269,2017-09-25,12.47,12.7686,14.1375
"4479",270,2017-09-26,12.08,12.7386,14.1106
"4480",271,2017-09-27,12.21,12.7071,14.0838
"4481",272,2017-09-28,12.65,12.6751,14.0573
"4482",273,2017-09-29,12.38,12.6428,14.0292
"4483",274,2017-09-30,12.12,12.6099,14.0005
"4484",275,2017-10-01,11.43,12.578,13.9725
"4485",276,2017-10-02,10.86,12.5478,13.9455
"4486",277,2017-10-03,10.41,12.5194,13.9215
"4487",278,2017-10-04,10.6,12.4924,13.8969
"4488",279,2017-10-05,11.19,12.4666,13.8739
"4489",280,2017-10-06,11.45,12.4422,13.8529
"4490",281,2017-10-07,11.39,12.419,13.8367
"4491",282,2017-10-08,10.79,12.397,13.8259
"4492",283,2017-10-09,10.5,12.376,13.8195
"4493",284,2017-10-10,10.55,12.3555,13.8181
"4494",285,2017-10-11,10.57,12.3364,13.8234
"4495",286,2017-10-12,10.59,12.3182,13.8365
"4496",287,2017-10-13,10.48,12.3009,13.8368
"4497",288,2017-10-14,10.26,12.2848,13.8369
"4498",289,2017-10-15,10.29,12.2708,13.8384
"4499",290,2017-10-16,10.55,12.2581,13.8409
"4500",291,2017-10-17,10.63,12.2472,13.8508
"4501",292,2017-10-18,10.78,12.2382,13.8624
"4502",293,2017-10-19,11.03,12.2305,13.874
"4503",294,2017-10-20,11.09,12.2237,13.8856
"4504",295,2017-10-21,11.47,12.2184,13.8996
"4505",296,2017-10-22,11.55,12.2147,13.9138
"4506",297,2017-10-23,11.82,12.2129,13.9296
"4507",298,2017-10-24,11.8,12.2132,13.9455
"4508",299,2017-10-25,11.73,12.2145,13.9622
"4509",300,2017-10-26,12.2,12.2167,13.98
"4510",301,2017-10-27,11.86,12.2197,13.9991
"4511",302,2017-10-28,11.72,12.2229,14.0154
"4512",303,2017-10-29,11.87,12.226,14.0284
"4513",304,2017-10-30,11.93,12.229,14.0407
"4514",305,2017-10-31,11.81,12.2319,14.0536
"4515",306,2017-11-01,11.96,12.2337,14.0662
"4516",307,2017-11-02,12.02,12.2341,14.0797
"4517",308,2017-11-03,11.92,12.2329,14.0878
"4518",309,2017-11-04,11.65,12.2295,14.0924
"4519",310,2017-11-05,10.67,12.2243,14.0897
"4520",311,2017-11-06,11.57,12.217,14.0835
"4521",312,2017-11-07,11.65,12.209,14.0715
"4522",313,2017-11-08,12.17,12.2008,14.0541
"4523",314,2017-11-09,12.48,12.1921,14.0299
"4524",315,2017-11-10,12.22,12.1828,14.0026
"4525",316,2017-11-11,12.25,12.1729,13.9723
"4526",317,2017-11-12,13.01,12.163,13.9405
"4527",318,2017-11-13,13.11,12.1526,13.9215
"4528",319,2017-11-14,12.67,12.1407,13.8993
"4529",320,2017-11-15,13.18,12.1275,13.8729
"4530",321,2017-11-16,13.46,12.1142,13.8476
"4531",322,2017-11-17,13.26,12.1005,13.8187
"4532",323,2017-11-18,13.09,12.0859,13.787
"4533",324,2017-11-19,13.07,12.0709,13.7541
"4534",325,2017-11-20,13.16,12.0557,13.717
"4535",326,2017-11-21,13.44,12.0408,13.6807
"4536",327,2017-11-22,13.46,12.0261,13.6456
"4537",328,2017-11-23,13.54,12.0111,13.6069
"4538",329,2017-11-24,13.52,11.9958,13.5669
"4539",330,2017-11-25,13.45,11.9812,13.5269
"4540",331,2017-11-26,13.62,11.9668,13.4863
"4541",332,2017-11-27,13.5,11.9521,13.4444
"4542",333,2017-11-28,13.47,11.9376,13.4053
"4543",334,2017-11-29,13.36,11.9233,13.3705
"4544",335,2017-11-30,13.13,11.9089,13.3381
"4545",336,2017-12-01,12.89,11.8945,13.3077
"4546",337,2017-12-02,13.12,11.88,13.2757
"4547",338,2017-12-03,12.97,11.8655,13.2432
"4548",339,2017-12-04,12.37,11.851,13.2149
"4549",340,2017-12-05,12.07,11.8369,13.1893
"4550",341,2017-12-06,12.39,11.8231,13.1695
"4551",342,2017-12-07,12.33,11.8103,13.1514
"4552",343,2017-12-08,12.57,11.7978,13.1349
"4553",344,2017-12-09,12.44,11.7857,13.1187
"4554",345,2017-12-10,12,11.7738,13.1025
"4555",346,2017-12-11,12.05,11.7619,13.0876
"4556",347,2017-12-12,12.18,11.7496,13.074
"4557",348,2017-12-13,11.95,11.737,13.0614
"4558",349,2017-12-14,11.98,11.7242,13.0489
"4559",350,2017-12-15,12.23,11.7121,13.0377
"4560",351,2017-12-16,11.76,11.7007,13.0267
"4561",352,2017-12-17,11.37,11.6894,13.0137
"4562",353,2017-12-18,11.43,11.6784,12.9993
"4563",354,2017-12-19,11.43,11.6678,12.9867
"4564",355,2017-12-20,11.68,11.6575,12.9681
"4565",356,2017-12-21,11.29,11.6479,12.9544
"4566",357,2017-12-22,11.01,11.6387,12.9409
"4567",358,2017-12-23,11,11.6302,12.9267
"4568",359,2017-12-24,11.05,11.6226,12.916
"4569",360,2017-12-25,11.17,11.6153,12.906
"4570",361,2017-12-26,11.16,11.6076,12.8956
"4571",362,2017-12-27,11.17,11.5996,12.8852
"4572",363,2017-12-28,11.17,11.5915,12.8752
"4573",364,2017-12-29,11.13,11.5833,12.8657
"4574",365,2017-12-30,11.15,11.5747,12.8552
"4575",366,2017-12-31,11.17,11.5656,12.8435
"4576",1,2018-01-01,11.66,11.5558,12.8291
"4577",2,2018-01-02,11.48,11.5456,12.8146
"4578",3,2018-01-03,11.57,11.535,12.8008
"4579",4,2018-01-04,11.62,11.5243,12.785
"4580",5,2018-01-05,11.86,11.5137,12.7695
"4581",6,2018-01-06,12,11.5034,12.7535
"4582",7,2018-01-07,11.91,11.4934,12.7367
"4583",8,2018-01-08,11.86,11.4837,12.7194
"4584",9,2018-01-09,12.23,11.4744,12.6996
"4585",10,2018-01-10,12.09,11.4659,12.6822
"4586",11,2018-01-11,11.98,11.4583,12.6643
"4587",12,2018-01-12,12.19,11.452,12.6469
"4588",13,2018-01-13,12.21,11.4466,12.6298
"4589",14,2018-01-14,12.22,11.4421,12.613
"4590",15,2018-01-15,12.33,11.4382,12.5975
"4591",16,2018-01-16,12.66,11.435,12.585
"4592",17,2018-01-17,12.6,11.432,12.5745
"4593",18,2018-01-18,12.69,11.4296,12.5663
"4594",19,2018-01-19,12.54,11.4271,12.5586
"4595",20,2018-01-20,12.33,11.4245,12.5578
"4596",21,2018-01-21,12.19,11.4216,12.5557
"4597",22,2018-01-22,12.46,11.4183,12.554
"4598",23,2018-01-23,12.24,11.4143,12.5515
"4599",24,2018-01-24,12.15,11.4097,12.5489
"4600",25,2018-01-25,12.11,11.4042,12.5466
"4601",26,2018-01-26,12.15,11.398,12.545
"4602",27,2018-01-27,12.09,11.3906,12.5449
"4603",28,2018-01-28,12.11,11.3823,12.5445
"4604",29,2018-01-29,12.15,11.3729,12.5436
"4605",30,2018-01-30,12.13,11.3624,12.5426
"4606",31,2018-01-31,12.16,11.351,12.5412
"4607",32,2018-02-01,12.11,11.3384,12.5397
"4608",33,2018-02-02,12.13,11.3241,12.5382
"4609",34,2018-02-03,12.11,11.308,12.5349
"4610",35,2018-02-04,12.08,11.29,12.531
"4611",36,2018-02-05,12.29,11.2705,12.5264
"4612",37,2018-02-06,11.59,11.2498,12.5218
"4613",38,2018-02-07,11.28,11.2279,12.5179
"4614",39,2018-02-08,11.64,11.2044,12.5139
"4615",40,2018-02-09,11.8,11.1795,12.5121
"4616",41,2018-02-10,11.39,11.1535,12.5082
"4617",42,2018-02-11,11.11,11.1265,12.5054
"4618",43,2018-02-12,10.83,11.0988,12.5019
"4619",44,2018-02-13,10.39,11.0714,12.4968
"4620",45,2018-02-14,10.64,11.0447,12.4902
"4621",46,2018-02-15,10.55,11.0189,12.4794
"4622",47,2018-02-16,10.18,10.9939,12.4663
"4623",48,2018-02-17,10.34,10.9698,12.4536
"4624",49,2018-02-18,10.39,10.9469,12.4409
"4625",50,2018-02-19,9.86,10.9256,12.4281
"4626",51,2018-02-20,9.46,10.906,12.4153
"4627",52,2018-02-21,9.59,10.8882,12.4033
"4628",53,2018-02-22,9.3,10.872,12.3907
"4629",54,2018-02-23,9.33,10.8574,12.3787
"4630",55,2018-02-24,9.26,10.8442,12.3662
"4631",56,2018-02-25,9.24,10.8326,12.3534
"4632",57,2018-02-26,9.32,10.8229,12.3408
"4633",58,2018-02-27,9.09,10.8152,12.3266
"4634",59,2018-02-28,8.93,10.8091,12.3124
"4635",61,2018-03-01,9.18,10.8017,12.2809
"4636",62,2018-03-02,9.1,10.7995,12.2654
"4637",63,2018-03-03,9.03,10.7981,12.2504
"4638",64,2018-03-04,9.42,10.7981,12.2349
"4639",65,2018-03-05,9.61,10.7996,12.2195
"4640",66,2018-03-06,9.86,10.8023,12.204
"4641",67,2018-03-07,9.93,10.8057,12.1885
"4642",68,2018-03-08,10.07,10.8089,12.1721
"4643",69,2018-03-09,9.98,10.8115,12.1541
"4644",70,2018-03-10,10.44,10.8141,12.1357
"4645",71,2018-03-11,10.61,10.8165,12.117
"4646",72,2018-03-12,10.77,10.8185,12.0974
"4647",73,2018-03-13,11.12,10.8198,12.0768
"4648",74,2018-03-14,11.09,10.8201,12.0556
"4649",75,2018-03-15,11.11,10.8187,12.0322
"4650",76,2018-03-16,11.36,10.8149,12.0086
"4651",77,2018-03-17,11.49,10.8088,11.9897
"4652",78,2018-03-18,11.61,10.801,11.9722
"4653",79,2018-03-19,11.91,10.792,11.9532
"4654",80,2018-03-20,11.66,10.782,11.9354
"4655",81,2018-03-21,11.6,10.7713,11.9204
"4656",82,2018-03-22,11.83,10.7599,11.9085
"4657",83,2018-03-23,11.48,10.7475,11.898
"4658",84,2018-03-24,11.45,10.7345,11.8932
"4659",85,2018-03-25,11.29,10.721,11.8896
"4660",86,2018-03-26,11.31,10.7069,11.887
"4661",87,2018-03-27,11.16,10.6921,11.8851
"4662",88,2018-03-28,10.7,10.677,11.8828
"4663",89,2018-03-29,10.2,10.6616,11.8822
"4664",90,2018-03-30,11.17,10.6464,11.8819
"4665",91,2018-03-31,11.87,10.6315,11.8825
"4666",92,2018-04-01,11.11,10.6164,11.8845
"4667",93,2018-04-02,9.98,10.6006,11.8854
"4668",94,2018-04-03,9.82,10.5859,11.8864
"4669",95,2018-04-04,10.4,10.572,11.8875
"4670",96,2018-04-05,10.34,10.559,11.8881
"4671",97,2018-04-06,10.51,10.5477,11.8881
"4672",98,2018-04-07,10.66,10.5372,11.8884
"4673",99,2018-04-08,10.92,10.527,11.8891
"4674",100,2018-04-09,10.92,10.5173,11.889
"4675",101,2018-04-10,11.78,10.5073,11.8883
"4676",102,2018-04-11,11.44,10.4964,11.8867
"4677",103,2018-04-12,11.11,10.4851,11.8854
"4678",104,2018-04-13,11.09,10.4739,11.8831
"4679",105,2018-04-14,11.1,10.4625,11.8762
"4680",106,2018-04-15,10.87,10.4516,11.8694
"4681",107,2018-04-16,11.06,10.4408,11.8637
"4682",108,2018-04-17,11.28,10.4296,11.8528
"4683",109,2018-04-18,11.08,10.4187,11.8424
"4684",110,2018-04-19,11.23,10.409,11.8368
"4685",111,2018-04-20,10.93,10.3989,11.8298
"4686",112,2018-04-21,10.95,10.389,11.8229
"4687",113,2018-04-22,10.47,10.3797,11.8215
"4688",114,2018-04-23,10.72,10.3716,11.821
"4689",115,2018-04-24,11.59,10.364,11.8181
"4690",116,2018-04-25,11.42,10.3574,11.8162
"4691",117,2018-04-26,11.45,10.3529,11.8192
"4692",118,2018-04-27,11.19,10.3511,11.8297
"4693",119,2018-04-28,11.47,10.352,11.8426
"4694",120,2018-04-29,11.79,10.3555,11.8553
"4695",121,2018-04-30,10.91,10.3596,11.8698
"4696",122,2018-05-01,10.05,10.364,11.8846
"4697",123,2018-05-02,9.87,10.3683,11.8969
"4698",124,2018-05-03,10.82,10.3737,11.9092
"4699",125,2018-05-04,11.01,10.3781,11.9211
"4700",126,2018-05-05,10.8,10.3823,11.9341
"4701",127,2018-05-06,10.79,10.3847,11.9439
"4702",128,2018-05-07,10.22,10.3835,11.9506
"4703",129,2018-05-08,11.25,10.381,11.9538
"4704",130,2018-05-09,11.81,10.3777,11.949
"4705",131,2018-05-10,9.27,10.3739,11.9425
"4706",132,2018-05-11,9.7,10.3724,11.9368
"4707",133,2018-05-12,9.2,10.3754,11.937
"4708",134,2018-05-13,9.99,10.3838,11.9471
"4709",135,2018-05-14,10.37,10.3964,11.9591
"4710",136,2018-05-15,10.59,10.414,11.9773
"4711",137,2018-05-16,10.9,10.4352,12.0004
"4712",138,2018-05-17,10.75,10.4609,12.0252
"4713",139,2018-05-18,10.94,10.4904,12.0597
"4714",140,2018-05-19,11.28,10.5216,12.0962
"4715",141,2018-05-20,11.43,10.553,12.1299
"4716",142,2018-05-21,10.16,10.5862,12.1653
"4717",143,2018-05-22,10.32,10.6189,12.1976
"4718",144,2018-05-23,10.68,10.6495,12.2213
"4719",145,2018-05-24,10.81,10.6768,12.2429
"4720",146,2018-05-25,12.54,10.7017,12.2635
"4721",147,2018-05-26,10.67,10.7233,12.2825
"4722",148,2018-05-27,10.66,10.7404,12.2966
"4723",149,2018-05-28,10.3,10.7524,12.3033
"4724",150,2018-05-29,9.85,10.7604,12.3073
"4725",151,2018-05-30,9.62,10.7635,12.31
"4726",152,2018-05-31,9.46,10.7646,12.3114
"4727",153,2018-06-01,9.34,10.7634,12.311
"4728",154,2018-06-02,9.6,10.7622,12.3133
"4729",155,2018-06-03,10.04,10.7615,12.3168
"4730",156,2018-06-04,10.56,10.7635,12.3258
"4731",157,2018-06-05,9.67,10.7668,12.334
"4732",158,2018-06-06,9.28,10.7737,12.3497
"4733",159,2018-06-07,9.18,10.7872,12.3715
"4734",160,2018-06-08,9.7,10.8084,12.3993
"4735",161,2018-06-09,11.14,10.8363,12.4391
"4736",162,2018-06-10,9.49,10.8715,12.4884
"4737",163,2018-06-11,9.38,10.911,12.5423
"4738",164,2018-06-12,9.27,10.9534,12.5947
"4739",165,2018-06-13,9.44,10.996,12.6405
"4740",166,2018-06-14,9.15,11.0385,12.6882
"4741",167,2018-06-15,9.47,11.0792,12.7366
"4742",168,2018-06-16,9.12,11.1194,12.787
"4743",169,2018-06-17,9.45,11.1588,12.8386
"4744",170,2018-06-18,10.37,11.1983,12.8862
"4745",171,2018-06-19,10.31,11.2372,12.9358
"4746",172,2018-06-20,10.58,11.2777,12.9859
"4747",173,2018-06-21,10.54,11.3192,13.0395
"4748",174,2018-06-22,11.1,11.363,13.0945
"4749",175,2018-06-23,9.91,11.4101,13.1525
"4750",176,2018-06-24,10.43,11.4607,13.2106
"4751",177,2018-06-25,11.02,11.515,13.2706
"4752",178,2018-06-26,10.71,11.5732,13.33
"4753",179,2018-06-27,11.53,11.6354,13.3858
"4754",180,2018-06-28,11.47,11.7013,13.4386
"4755",181,2018-06-29,10.3,11.7692,13.4904
"4756",182,2018-06-30,10.03,11.8401,13.5415
"4757",183,2018-07-01,10.13,11.9118,13.5919
"4758",184,2018-07-02,11.59,11.9852,13.6432
"4759",185,2018-07-03,10.72,12.0584,13.6938
"4760",186,2018-07-04,11.7,12.1307,13.7438
"4761",187,2018-07-05,12.21,12.2011,13.7877
"4762",188,2018-07-06,12.27,12.2701,13.831
"4763",189,2018-07-07,11.97,12.3375,13.87
"4764",190,2018-07-08,12.32,12.4016,13.9068
"4765",191,2018-07-09,13.28,12.4598,13.9423
"4766",192,2018-07-10,13.75,12.5139,13.9758
"4767",193,2018-07-11,11.87,12.5629,14.0047
"4768",194,2018-07-12,12.78,12.6072,14.029
"4769",195,2018-07-13,12.94,12.6467,14.0525
"4770",196,2018-07-14,13.16,12.6838,14.0736
"4771",197,2018-07-15,14.03,12.7196,14.0911
"4772",198,2018-07-16,14.05,12.7559,14.1111
"4773",199,2018-07-17,13.71,12.7915,14.1291
"4774",200,2018-07-18,13.59,12.8257,14.146
"4775",201,2018-07-19,13.72,12.8589,14.1652
"4776",202,2018-07-20,14.32,12.8929,14.1816
"4777",203,2018-07-21,14.51,12.9251,14.2
"4778",204,2018-07-22,14.5,12.9558,14.2141
"4779",205,2018-07-23,14.4,12.985,14.2269
"4780",206,2018-07-24,14.4,13.0132,14.2383
"4781",207,2018-07-25,13.2,13.0398,14.2509
"4782",208,2018-07-26,13.16,13.0638,14.2616
"4783",209,2018-07-27,13.87,13.0851,14.2742
"4784",210,2018-07-28,13.86,13.1046,14.2903
"4785",211,2018-07-29,15.52,13.1228,14.3093
"4786",212,2018-07-30,15.26,13.1396,14.329
"4787",213,2018-07-31,15.31,13.1555,14.3493
"4788",214,2018-08-01,14.8,13.1712,14.3684
"4789",215,2018-08-02,14.72,13.1858,14.3878
"4790",216,2018-08-03,14.11,13.2006,14.4047
"4791",217,2018-08-04,13.58,13.2149,14.4188
"4792",218,2018-08-05,14.27,13.2297,14.4338
"4793",219,2018-08-06,14.04,13.2451,14.4494
"4794",220,2018-08-07,13,13.2601,14.4667
"4795",221,2018-08-08,13.18,13.2746,14.4847
"4796",222,2018-08-09,13.69,13.2891,14.5055
"4797",223,2018-08-10,13.98,13.3035,14.528
"4798",224,2018-08-11,13.78,13.3164,14.5496
"4799",225,2018-08-12,13.47,13.3273,14.5716
"4800",226,2018-08-13,13.23,13.3366,14.5913
"4801",227,2018-08-14,13.33,13.3431,14.6108
"4802",228,2018-08-15,13.43,13.347,14.632
"4803",229,2018-08-16,13.01,13.347,14.6496
"4804",230,2018-08-17,13.61,13.3435,14.6657
"4805",231,2018-08-18,13.34,13.3376,14.6802
"4806",232,2018-08-19,13.39,13.3296,14.686
"4807",233,2018-08-20,13.08,13.3186,14.689
"4808",234,2018-08-21,12.99,13.3059,14.6864
"4809",235,2018-08-22,13.09,13.292,14.6825
"4810",236,2018-08-23,12.99,13.2778,14.6786
"4811",237,2018-08-24,12.27,13.2629,14.6724
"4812",238,2018-08-25,12.36,13.2487,14.665
"4813",239,2018-08-26,12.78,13.2358,14.6544
"4814",240,2018-08-27,13.06,13.2245,14.6425
"4815",241,2018-08-28,13.3,13.2139,14.6299
"4816",242,2018-08-29,13.42,13.2038,14.619
"4817",243,2018-08-30,13.52,13.195,14.6091
"4818",244,2018-08-31,13.81,13.1862,14.6003
"4819",245,2018-09-01,13.07,13.1772,14.5928
"4820",246,2018-09-02,13.59,13.1686,14.5858
"4821",247,2018-09-03,13.48,13.1603,14.5841
"4822",248,2018-09-04,13.4,13.1527,14.5846
"4823",249,2018-09-05,13.3,13.144,14.585
"4824",250,2018-09-06,13.44,13.1334,14.5854
"4825",251,2018-09-07,13.36,13.1207,14.5843
"4826",252,2018-09-08,13.15,13.1066,14.5845
"4827",253,2018-09-09,12.18,13.091,14.5767
"4828",254,2018-09-10,12.07,13.0733,14.5603
"4829",255,2018-09-11,11.16,13.0552,14.536
"4830",256,2018-09-12,10.68,13.0379,14.5106
"4831",257,2018-09-13,10.59,13.0205,14.4851
"4832",258,2018-09-14,11.34,13.0027,14.459
"4833",259,2018-09-15,12.12,12.984,14.4304
"4834",260,2018-09-16,12.11,12.9651,14.3978
"4835",261,2018-09-17,12.17,12.9465,14.3644
"4836",262,2018-09-18,12.18,12.928,14.3318
"4837",263,2018-09-19,12.42,12.9095,14.3047
"4838",264,2018-09-20,11.4,12.8906,14.2763
"4839",265,2018-09-21,11.43,12.8705,14.2495
"4840",266,2018-09-22,12.08,12.8485,14.2215
"4841",267,2018-09-23,12.09,12.8237,14.1934
"4842",268,2018-09-24,12.12,12.7972,14.1656
"4843",269,2018-09-25,12.4,12.7686,14.1375
"4844",270,2018-09-26,12.22,12.7386,14.1106
"4845",271,2018-09-27,12.36,12.7071,14.0838
"4846",272,2018-09-28,12.35,12.6751,14.0573
"4847",273,2018-09-29,12.87,12.6428,14.0292
"4848",274,2018-09-30,13.2,12.6099,14.0005
"4849",275,2018-10-01,13.14,12.578,13.9725
"4850",276,2018-10-02,13.39,12.5478,13.9455
"4851",277,2018-10-03,13.43,12.5194,13.9215
"4852",278,2018-10-04,13.57,12.4924,13.8969
"4853",279,2018-10-05,13.08,12.4666,13.8739
"4854",280,2018-10-06,13.14,12.4422,13.8529
"4855",281,2018-10-07,12.07,12.419,13.8367
"4856",282,2018-10-08,11.27,12.397,13.8259
"4857",283,2018-10-09,11.14,12.376,13.8195
"4858",284,2018-10-10,10.68,12.3555,13.8181
"4859",285,2018-10-11,11.06,12.3364,13.8234
"4860",286,2018-10-12,11.21,12.3182,13.8365
"4861",287,2018-10-13,11.32,12.3009,13.8368
"4862",288,2018-10-14,11.57,12.2848,13.8369
"4863",289,2018-10-15,11.69,12.2708,13.8384
"4864",290,2018-10-16,11.83,12.2581,13.8409
"4865",291,2018-10-17,12.12,12.2472,13.8508
"4866",292,2018-10-18,12.21,12.2382,13.8624
"4867",293,2018-10-19,12.25,12.2305,13.874
"4868",294,2018-10-20,12.32,12.2237,13.8856
"4869",295,2018-10-21,12.51,12.2184,13.8996
"4870",296,2018-10-22,12.65,12.2147,13.9138
"4871",297,2018-10-23,13.01,12.2129,13.9296
"4872",298,2018-10-24,13.23,12.2132,13.9455
"4873",299,2018-10-25,13.12,12.2145,13.9622
"4874",300,2018-10-26,12.77,12.2167,13.98
"4875",301,2018-10-27,13,12.2197,13.9991
"4876",302,2018-10-28,13.09,12.2229,14.0154
"4877",303,2018-10-29,13.33,12.226,14.0284
"4878",304,2018-10-30,12.8,12.229,14.0407
"4879",305,2018-10-31,12.21,12.2319,14.0536
"4880",306,2018-11-01,12.06,12.2337,14.0662
"4881",307,2018-11-02,12.28,12.2341,14.0797
"4882",308,2018-11-03,11.98,12.2329,14.0878
"4883",309,2018-11-04,11.74,12.2295,14.0924
"4884",310,2018-11-05,11.38,12.2243,14.0897
"4885",311,2018-11-06,10.49,12.217,14.0835
"4886",312,2018-11-07,10.4,12.209,14.0715
"4887",313,2018-11-08,10.5,12.2008,14.0541
"4888",314,2018-11-09,10.55,12.1921,14.0299
"4889",315,2018-11-10,10.41,12.1828,14.0026
"4890",316,2018-11-11,10.34,12.1729,13.9723
"4891",317,2018-11-12,10.71,12.163,13.9405
"4892",318,2018-11-13,11.99,12.1526,13.9215
"4893",319,2018-11-14,11.55,12.1407,13.8993
"4894",320,2018-11-15,11.48,12.1275,13.8729
"4895",321,2018-11-16,11.38,12.1142,13.8476
"4896",322,2018-11-17,11.57,12.1005,13.8187
"4897",323,2018-11-18,11.44,12.0859,13.787
"4898",324,2018-11-19,11.59,12.0709,13.7541
"4899",325,2018-11-20,11.37,12.0557,13.717
"4900",326,2018-11-21,12.41,12.0408,13.6807
"4901",327,2018-11-22,12.56,12.0261,13.6456
"4902",328,2018-11-23,12.58,12.0111,13.6069
"4903",329,2018-11-24,12.64,11.9958,13.5669
"4904",330,2018-11-25,12.4,11.9812,13.5269
"4905",331,2018-11-26,12.41,11.9668,13.4863
"4906",332,2018-11-27,12.66,11.9521,13.4444
"4907",333,2018-11-28,12.99,11.9376,13.4053
"4908",334,2018-11-29,12.95,11.9233,13.3705
"4909",335,2018-11-30,12.97,11.9089,13.3381
"4910",336,2018-12-01,12.96,11.8945,13.3077
"4911",337,2018-12-02,12.73,11.88,13.2757
"4912",338,2018-12-03,12.49,11.8655,13.2432
"4913",339,2018-12-04,12.26,11.851,13.2149
"4914",340,2018-12-05,12.32,11.8369,13.1893
"4915",341,2018-12-06,12.53,11.8231,13.1695
"4916",342,2018-12-07,12.62,11.8103,13.1514
"4917",343,2018-12-08,12.7,11.7978,13.1349
"4918",344,2018-12-09,12.57,11.7857,13.1187
"4919",345,2018-12-10,12.63,11.7738,13.1025
"4920",346,2018-12-11,12.49,11.7619,13.0876
"4921",347,2018-12-12,12.43,11.7496,13.074
"4922",348,2018-12-13,12.38,11.737,13.0614
"4923",349,2018-12-14,12.38,11.7242,13.0489
"4924",350,2018-12-15,12.38,11.7121,13.0377
"4925",351,2018-12-16,12.41,11.7007,13.0267
"4926",352,2018-12-17,12.59,11.6894,13.0137
"4927",353,2018-12-18,12.77,11.6784,12.9993
"4928",354,2018-12-19,13.19,11.6678,12.9867
"4929",355,2018-12-20,13.38,11.6575,12.9681
"4930",356,2018-12-21,13.18,11.6479,12.9544
"4931",357,2018-12-22,12.91,11.6387,12.9409
"4932",358,2018-12-23,13.03,11.6302,12.9267
"4933",359,2018-12-24,13.11,11.6226,12.916
"4934",360,2018-12-25,13.14,11.6153,12.906
"4935",361,2018-12-26,12.93,11.6076,12.8956
"4936",362,2018-12-27,12.74,11.5996,12.8852
"4937",363,2018-12-28,12.25,11.5915,12.8752
"4938",364,2018-12-29,12.09,11.5833,12.8657
"4939",365,2018-12-30,12.39,11.5747,12.8552
"4940",366,2018-12-31,11.93,11.5656,12.8435
"4941",1,2019-01-01,11.21,11.5558,12.8291
"4942",2,2019-01-02,11.12,11.5456,12.8146
"4943",3,2019-01-03,11.26,11.535,12.8008
"4944",4,2019-01-04,11.08,11.5243,12.785
"4945",5,2019-01-05,10.94,11.5137,12.7695
"4946",6,2019-01-06,10.83,11.5034,12.7535
"4947",7,2019-01-07,10.69,11.4934,12.7367
"4948",8,2019-01-08,11,11.4837,12.7194
"4949",9,2019-01-09,11.46,11.4744,12.6996
"4950",10,2019-01-10,11.77,11.4659,12.6822
"4951",11,2019-01-11,11.78,11.4583,12.6643
"4952",12,2019-01-12,11.99,11.452,12.6469
"4953",13,2019-01-13,12.01,11.4466,12.6298
"4954",14,2019-01-14,12.11,11.4421,12.613
"4955",15,2019-01-15,12.09,11.4382,12.5975
"4956",16,2019-01-16,11.99,11.435,12.585
"4957",17,2019-01-17,12.31,11.432,12.5745
"4958",18,2019-01-18,12.66,11.4296,12.5663
"4959",19,2019-01-19,12.52,11.4271,12.5586
"4960",20,2019-01-20,12.62,11.4245,12.5578
"4961",21,2019-01-21,12.44,11.4216,12.5557
"4962",22,2019-01-22,12.29,11.4183,12.554
"4963",23,2019-01-23,12.28,11.4143,12.5515
"4964",24,2019-01-24,12.41,11.4097,12.5489
"4965",25,2019-01-25,12.4,11.4042,12.5466
"4966",26,2019-01-26,12.39,11.398,12.545
"4967",27,2019-01-27,12.3,11.3906,12.5449
"4968",28,2019-01-28,12.47,11.3823,12.5445
"4969",29,2019-01-29,12.42,11.3729,12.5436
"4970",30,2019-01-30,12.58,11.3624,12.5426
"4971",31,2019-01-31,12.47,11.351,12.5412
"4972",32,2019-02-01,12.6,11.3384,12.5397
"4973",33,2019-02-02,12.59,11.3241,12.5382
"4974",34,2019-02-03,12.54,11.308,12.5349
"4975",35,2019-02-04,12.23,11.29,12.531
"4976",36,2019-02-05,12.12,11.2705,12.5264
"4977",37,2019-02-06,12.02,11.2498,12.5218
"4978",38,2019-02-07,11.96,11.2279,12.5179
"4979",39,2019-02-08,11.91,11.2044,12.5139
"4980",40,2019-02-09,11.89,11.1795,12.5121
"4981",41,2019-02-10,12.02,11.1535,12.5082
"4982",42,2019-02-11,11.88,11.1265,12.5054
"4983",43,2019-02-12,11.53,11.0988,12.5019
"4984",44,2019-02-13,11.4,11.0714,12.4968
"4985",45,2019-02-14,11.92,11.0447,12.4902
"4986",46,2019-02-15,11.96,11.0189,12.4794
"4987",47,2019-02-16,11.93,10.9939,12.4663
"4988",48,2019-02-17,11.98,10.9698,12.4536
"4989",49,2019-02-18,11.79,10.9469,12.4409
"4990",50,2019-02-19,11.7,10.9256,12.4281
"4991",51,2019-02-20,11.72,10.906,12.4153
"4992",52,2019-02-21,11.66,10.8882,12.4033
"4993",53,2019-02-22,11.09,10.872,12.3907
"4994",54,2019-02-23,11.02,10.8574,12.3787
"4995",55,2019-02-24,11.03,10.8442,12.3662
"4996",56,2019-02-25,10.91,10.8326,12.3534
"4997",57,2019-02-26,11.14,10.8229,12.3408
"4998",58,2019-02-27,11.18,10.8152,12.3266
"4999",59,2019-02-28,11.08,10.8091,12.3124
"5000",61,2019-03-01,11.25,10.8017,12.2809
"5001",62,2019-03-02,11.29,10.7995,12.2654
"5002",63,2019-03-03,11.55,10.7981,12.2504
"5003",64,2019-03-04,11.98,10.7981,12.2349
"5004",65,2019-03-05,12.08,10.7996,12.2195
"5005",66,2019-03-06,11.93,10.8023,12.204
"5006",67,2019-03-07,12.11,10.8057,12.1885
"5007",68,2019-03-08,11.84,10.8089,12.1721
"5008",69,2019-03-09,11.74,10.8115,12.1541
"5009",70,2019-03-10,11.74,10.8141,12.1357
"5010",71,2019-03-11,11.93,10.8165,12.117
"5011",72,2019-03-12,11.96,10.8185,12.0974
"5012",73,2019-03-13,11.57,10.8198,12.0768
"5013",74,2019-03-14,11.44,10.8201,12.0556
"5014",75,2019-03-15,11.73,10.8187,12.0322
"5015",76,2019-03-16,11.96,10.8149,12.0086
"5016",77,2019-03-17,12.06,10.8088,11.9897
"5017",78,2019-03-18,12.06,10.801,11.9722
"5018",79,2019-03-19,11.52,10.792,11.9532
"5019",80,2019-03-20,11.65,10.782,11.9354
"5020",81,2019-03-21,11.33,10.7713,11.9204
"5021",82,2019-03-22,11.32,10.7599,11.9085
"5022",83,2019-03-23,11.43,10.7475,11.898
"5023",84,2019-03-24,11.72,10.7345,11.8932
"5024",85,2019-03-25,11.93,10.721,11.8896
"5025",86,2019-03-26,11.91,10.7069,11.887
"5026",87,2019-03-27,12.29,10.6921,11.8851
"5027",88,2019-03-28,12.8,10.677,11.8828
"5028",89,2019-03-29,12.64,10.6616,11.8822
"5029",90,2019-03-30,12.78,10.6464,11.8819
"5030",91,2019-03-31,12.63,10.6315,11.8825
"5031",92,2019-04-01,12.64,10.6164,11.8845
"5032",93,2019-04-02,12.87,10.6006,11.8854
"5033",94,2019-04-03,12.95,10.5859,11.8864
"5034",95,2019-04-04,13.42,10.572,11.8875
"5035",96,2019-04-05,13.43,10.559,11.8881
"5036",97,2019-04-06,12.97,10.5477,11.8881
"5037",98,2019-04-07,13.15,10.5372,11.8884
"5038",99,2019-04-08,12.96,10.527,11.8891
"5039",100,2019-04-09,13.08,10.5173,11.889
"5040",101,2019-04-10,12.67,10.5073,11.8883
"5041",102,2019-04-11,11.77,10.4964,11.8867
"5042",103,2019-04-12,11.22,10.4851,11.8854
"5043",104,2019-04-13,10.07,10.4739,11.8831
"5044",105,2019-04-14,9.93,10.4625,11.8762
"5045",106,2019-04-15,9.56,10.4516,11.8694
"5046",107,2019-04-16,10.21,10.4408,11.8637
"5047",108,2019-04-17,9.95,10.4296,11.8528
"5048",109,2019-04-18,10.08,10.4187,11.8424
"5049",110,2019-04-19,10.06,10.409,11.8368
"5050",111,2019-04-20,11.07,10.3989,11.8298
"5051",112,2019-04-21,9.39,10.389,11.8229
"5052",113,2019-04-22,9.34,10.3797,11.8215
"5053",114,2019-04-23,9.21,10.3716,11.821
"5054",115,2019-04-24,8.8,10.364,11.8181
"5055",116,2019-04-25,9.11,10.3574,11.8162
"5056",117,2019-04-26,9.97,10.3529,11.8192
"5057",118,2019-04-27,9.6,10.3511,11.8297
"5058",119,2019-04-28,9.86,10.352,11.8426
"5059",120,2019-04-29,10.47,10.3555,11.8553
"5060",121,2019-04-30,10.3,10.3596,11.8698
"5061",122,2019-05-01,10.71,10.364,11.8846
"5062",123,2019-05-02,10.91,10.3683,11.8969
"5063",124,2019-05-03,11.7,10.3737,11.9092
"5064",125,2019-05-04,11.87,10.3781,11.9211
"5065",126,2019-05-05,11.76,10.3823,11.9341
"5066",127,2019-05-06,11.86,10.3847,11.9439
"5067",128,2019-05-07,12.07,10.3835,11.9506
"5068",129,2019-05-08,12.04,10.381,11.9538
"5069",130,2019-05-09,12.56,10.3777,11.949
"5070",131,2019-05-10,12.5,10.3739,11.9425
"5071",132,2019-05-11,12.42,10.3724,11.9368
"5072",133,2019-05-12,12.11,10.3754,11.937
"5073",134,2019-05-13,12.37,10.3838,11.9471
"5074",135,2019-05-14,12.38,10.3964,11.9591
"5075",136,2019-05-15,12.69,10.414,11.9773
"5076",137,2019-05-16,12.66,10.4352,12.0004
"5077",138,2019-05-17,12.72,10.4609,12.0252
"5078",139,2019-05-18,13.22,10.4904,12.0597
"5079",140,2019-05-19,12.9,10.5216,12.0962
"5080",141,2019-05-20,12.67,10.553,12.1299
"5081",142,2019-05-21,13.03,10.5862,12.1653
"5082",143,2019-05-22,12.13,10.6189,12.1976
"5083",144,2019-05-23,11.44,10.6495,12.2213
"5084",145,2019-05-24,11.38,10.6768,12.2429
"5085",146,2019-05-25,11.83,10.7017,12.2635
"5086",147,2019-05-26,10.34,10.7233,12.2825
"5087",148,2019-05-27,9.56,10.7404,12.2966
"5088",149,2019-05-28,10.16,10.7524,12.3033
"5089",150,2019-05-29,9.84,10.7604,12.3073
"5090",151,2019-05-30,10.54,10.7635,12.31
"5091",152,2019-05-31,11.52,10.7646,12.3114
"5092",153,2019-06-01,11.71,10.7634,12.311
"5093",154,2019-06-02,12.54,10.7622,12.3133
"5094",155,2019-06-03,11.75,10.7615,12.3168
"5095",156,2019-06-04,11.8,10.7635,12.3258
"5096",157,2019-06-05,11.2,10.7668,12.334
"5097",158,2019-06-06,10.3,10.7737,12.3497
"5098",159,2019-06-07,9.68,10.7872,12.3715
"5099",160,2019-06-08,9.45,10.8084,12.3993
"5100",161,2019-06-09,9.05,10.8363,12.4391
"5101",162,2019-06-10,9.52,10.8715,12.4884
"5102",163,2019-06-11,10.89,10.911,12.5423
"5103",164,2019-06-12,11.38,10.9534,12.5947
"5104",165,2019-06-13,NA,10.996,12.6405
"5105",166,2019-06-14,NA,11.0385,12.6882
"5106",167,2019-06-15,NA,11.0792,12.7366
"5107",168,2019-06-16,NA,11.1194,12.787
"5108",169,2019-06-17,NA,11.1588,12.8386
"5109",170,2019-06-18,NA,11.1983,12.8862
"5110",171,2019-06-19,NA,11.2372,12.9358
"5111",172,2019-06-20,12.54,11.2777,12.9859
"5112",173,2019-06-21,10.79,11.3192,13.0395
"5113",174,2019-06-22,10.04,11.363,13.0945
"5114",175,2019-06-23,10.31,11.4101,13.1525
"5115",176,2019-06-24,11.94,11.4607,13.2106
"5116",177,2019-06-25,11.29,11.515,13.2706
"5117",178,2019-06-26,11.28,11.5732,13.33
"5118",179,2019-06-27,10.68,11.6354,13.3858
"5119",180,2019-06-28,12.51,11.7013,13.4386
"5120",181,2019-06-29,11.83,11.7692,13.4904
"5121",182,2019-06-30,12.71,11.8401,13.5415
"5122",183,2019-07-01,13.5,11.9118,13.5919
"5123",184,2019-07-02,13.33,11.9852,13.6432
"5124",185,2019-07-03,10.71,12.0584,13.6938
"5125",186,2019-07-04,10.76,12.1307,13.7438
"5126",187,2019-07-05,11.76,12.2011,13.7877
"5127",188,2019-07-06,13.01,12.2701,13.831
"5128",189,2019-07-07,11.43,12.3375,13.87
"5129",190,2019-07-08,11.06,12.4016,13.9068
"5130",191,2019-07-09,11.6,12.4598,13.9423
"5131",192,2019-07-10,11.94,12.5139,13.9758
"5132",193,2019-07-11,11.86,12.5629,14.0047
"5133",194,2019-07-12,13.04,12.6072,14.029
"5134",195,2019-07-13,13.67,12.6467,14.0525
"5135",196,2019-07-14,13.8,12.6838,14.0736
"5136",197,2019-07-15,14.6,12.7196,14.0911
"5137",198,2019-07-16,14.82,12.7559,14.1111
"5138",199,2019-07-17,12.25,12.7915,14.1291
"5139",200,2019-07-18,10.97,12.8257,14.146
"5140",201,2019-07-19,11.37,12.8589,14.1652
"5141",202,2019-07-20,12.34,12.8929,14.1816
"5142",203,2019-07-21,12.34,12.9251,14.2
"5143",204,2019-07-22,13.01,12.9558,14.2141
"5144",205,2019-07-23,14.24,12.985,14.2269
"5145",206,2019-07-24,14.58,13.0132,14.2383
"5146",207,2019-07-25,14.59,13.0398,14.2509
"5147",208,2019-07-26,13.81,13.0638,14.2616
"5148",209,2019-07-27,14.42,13.0851,14.2742
"5149",210,2019-07-28,14.53,13.1046,14.2903
"5150",211,2019-07-29,12.12,13.1228,14.3093
"5151",212,2019-07-30,11.75,13.1396,14.329
"5152",213,2019-07-31,11.75,13.1555,14.3493
"5153",214,2019-08-01,12.73,13.1712,14.3684
"5154",215,2019-08-02,13.57,13.1858,14.3878
"5155",216,2019-08-03,13.95,13.2006,14.4047
"5156",217,2019-08-04,14.59,13.2149,14.4188
"5157",218,2019-08-05,14.28,13.2297,14.4338
"5158",219,2019-08-06,14.53,13.2451,14.4494
"5159",220,2019-08-07,15.05,13.2601,14.4667
"5160",221,2019-08-08,14.74,13.2746,14.4847
"5161",222,2019-08-09,15.16,13.2891,14.5055
"5162",223,2019-08-10,15.59,13.3035,14.528
"5163",224,2019-08-11,15.23,13.3164,14.5496
"5164",225,2019-08-12,14.78,13.3273,14.5716
"5165",226,2019-08-13,15.35,13.3366,14.5913
"5166",227,2019-08-14,14.33,13.3431,14.6108
"5167",228,2019-08-15,15.05,13.347,14.632
"5168",229,2019-08-16,12.9,13.347,14.6496
"5169",230,2019-08-17,12.22,13.3435,14.6657
"5170",231,2019-08-18,12.36,13.3376,14.6802
"5171",232,2019-08-19,12.55,13.3296,14.686
"5172",233,2019-08-20,12.99,13.3186,14.689
"5173",234,2019-08-21,13.23,13.3059,14.6864
"5174",235,2019-08-22,12.53,13.292,14.6825
"5175",236,2019-08-23,12.63,13.2778,14.6786
"5176",237,2019-08-24,12.97,13.2629,14.6724
"5177",238,2019-08-25,13.87,13.2487,14.665
"5178",239,2019-08-26,13.75,13.2358,14.6544
"5179",240,2019-08-27,13.76,13.2245,14.6425
"5180",241,2019-08-28,14.83,13.2139,14.6299
"5181",242,2019-08-29,15.03,13.2038,14.619
"5182",243,2019-08-30,14.6,13.195,14.6091
"5183",244,2019-08-31,14.83,13.1862,14.6003
"5184",245,2019-09-01,14.53,13.1772,14.5928
"5185",246,2019-09-02,14.95,13.1686,14.5858
"5186",247,2019-09-03,14.61,13.1603,14.5841
"5187",248,2019-09-04,15.27,13.1527,14.5846
"5188",249,2019-09-05,15.75,13.144,14.585
"5189",250,2019-09-06,15.11,13.1334,14.5854
"5190",251,2019-09-07,15.14,13.1207,14.5843
"5191",252,2019-09-08,15.18,13.1066,14.5845
"5192",253,2019-09-09,13.42,13.091,14.5767
"5193",254,2019-09-10,12.51,13.0733,14.5603
"5194",255,2019-09-11,12.19,13.0552,14.536
"5195",256,2019-09-12,12.88,13.0379,14.5106
"5196",257,2019-09-13,13.92,13.0205,14.4851
"5197",258,2019-09-14,14.36,13.0027,14.459
"5198",259,2019-09-15,14.97,12.984,14.4304
"5199",260,2019-09-16,15.1,12.9651,14.3978
"5200",261,2019-09-17,14.54,12.9465,14.3644
"5201",262,2019-09-18,14.54,12.928,14.3318
"5202",263,2019-09-19,14.61,12.9095,14.3047
"5203",264,2019-09-20,12.93,12.8906,14.2763
"5204",265,2019-09-21,12.54,12.8705,14.2495
"5205",266,2019-09-22,12.21,12.8485,14.2215
"5206",267,2019-09-23,12.3,12.8237,14.1934
"5207",268,2019-09-24,11.15,12.7972,14.1656
"5208",269,2019-09-25,11.04,12.7686,14.1375
"5209",270,2019-09-26,10.45,12.7386,14.1106
"5210",271,2019-09-27,10.46,12.7071,14.0838
"5211",272,2019-09-28,10.43,12.6751,14.0573
"5212",273,2019-09-29,10.61,12.6428,14.0292
"5213",274,2019-09-30,10.68,12.6099,14.0005
"5214",275,2019-10-01,11.35,12.578,13.9725
"5215",276,2019-10-02,11.66,12.5478,13.9455
"5216",277,2019-10-03,11.84,12.5194,13.9215
"5217",278,2019-10-04,11.7,12.4924,13.8969
"5218",279,2019-10-05,11.42,12.4666,13.8739
"5219",280,2019-10-06,11.45,12.4422,13.8529
"5220",281,2019-10-07,11.7,12.419,13.8367
"5221",282,2019-10-08,11.85,12.397,13.8259
"5222",283,2019-10-09,11.71,12.376,13.8195
"5223",284,2019-10-10,11.4,12.3555,13.8181
"5224",285,2019-10-11,11.61,12.3364,13.8234
"5225",286,2019-10-12,11.87,12.3182,13.8365
"5226",287,2019-10-13,11.88,12.3009,13.8368
"5227",288,2019-10-14,12.24,12.2848,13.8369
"5228",289,2019-10-15,12.64,12.2708,13.8384
"5229",290,2019-10-16,12.62,12.2581,13.8409
"5230",291,2019-10-17,12.67,12.2472,13.8508
"5231",292,2019-10-18,13.01,12.2382,13.8624
"5232",293,2019-10-19,12.96,12.2305,13.874
"5233",294,2019-10-20,12.81,12.2237,13.8856
"5234",295,2019-10-21,13.04,12.2184,13.8996
"5235",296,2019-10-22,12.58,12.2147,13.9138
"5236",297,2019-10-23,11.83,12.2129,13.9296
"5237",298,2019-10-24,11.68,12.2132,13.9455
"5238",299,2019-10-25,12.38,12.2145,13.9622
"5239",300,2019-10-26,12.32,12.2167,13.98
"5240",301,2019-10-27,10.95,12.2197,13.9991
"5241",302,2019-10-28,10.69,12.2229,14.0154
"5242",303,2019-10-29,10.82,12.226,14.0284
"5243",304,2019-10-30,10.57,12.229,14.0407
"5244",305,2019-10-31,10.72,12.2319,14.0536
"5245",306,2019-11-01,11.74,12.2337,14.0662
"5246",307,2019-11-02,12,12.2341,14.0797
"5247",308,2019-11-03,12.29,12.2329,14.0878
"5248",309,2019-11-04,11.63,12.2295,14.0924
"5249",310,2019-11-05,11.05,12.2243,14.0897
"5250",311,2019-11-06,10.93,12.217,14.0835
"5251",312,2019-11-07,10.94,12.209,14.0715
"5252",313,2019-11-08,10.9,12.2008,14.0541
"5253",314,2019-11-09,10.99,12.1921,14.0299
"5254",315,2019-11-10,10.98,12.1828,14.0026
"5255",316,2019-11-11,11.7,12.1729,13.9723
"5256",317,2019-11-12,11.86,12.163,13.9405
"5257",318,2019-11-13,12.01,12.1526,13.9215
"5258",319,2019-11-14,12.16,12.1407,13.8993
"5259",320,2019-11-15,12.78,12.1275,13.8729
"5260",321,2019-11-16,12.18,12.1142,13.8476
"5261",322,2019-11-17,12.67,12.1005,13.8187
"5262",323,2019-11-18,12.42,12.0859,13.787
"5263",324,2019-11-19,11.86,12.0709,13.7541
"5264",325,2019-11-20,11.12,12.0557,13.717
"5265",326,2019-11-21,10.25,12.0408,13.6807
"5266",327,2019-11-22,10.35,12.0261,13.6456
"5267",328,2019-11-23,11.48,12.0111,13.6069
"5268",329,2019-11-24,11.47,11.9958,13.5669
"5269",330,2019-11-25,10.31,11.9812,13.5269
"5270",331,2019-11-26,9.92,11.9668,13.4863
"5271",332,2019-11-27,9.89,11.9521,13.4444
"5272",333,2019-11-28,9.76,11.9376,13.4053
"5273",334,2019-11-29,9.65,11.9233,13.3705
"5274",335,2019-11-30,9.39,11.9089,13.3381
"5275",336,2019-12-01,10.41,11.8945,13.3077
"5276",337,2019-12-02,11.18,11.88,13.2757
"5277",338,2019-12-03,11.36,11.8655,13.2432
"5278",339,2019-12-04,11.35,11.851,13.2149
"5279",340,2019-12-05,11.24,11.8369,13.1893
"5280",341,2019-12-06,11.6,11.8231,13.1695
"5281",342,2019-12-07,11.57,11.8103,13.1514
"5282",343,2019-12-08,11.87,11.7978,13.1349
"5283",344,2019-12-09,12.43,11.7857,13.1187
"5284",345,2019-12-10,12.44,11.7738,13.1025
"5285",346,2019-12-11,12.54,11.7619,13.0876
"5286",347,2019-12-12,12.66,11.7496,13.074
"5287",348,2019-12-13,12.68,11.737,13.0614
"5288",349,2019-12-14,12.56,11.7242,13.0489
"5289",350,2019-12-15,12.31,11.7121,13.0377
"5290",351,2019-12-16,12.14,11.7007,13.0267
"5291",352,2019-12-17,12,11.6894,13.0137
"5292",353,2019-12-18,11.87,11.6784,12.9993
"5293",354,2019-12-19,12.05,11.6678,12.9867
"5294",355,2019-12-20,12.4,11.6575,12.9681
"5295",356,2019-12-21,12.45,11.6479,12.9544
"5296",357,2019-12-22,12.39,11.6387,12.9409
"5297",358,2019-12-23,12.21,11.6302,12.9267
"5298",359,2019-12-24,12.18,11.6226,12.916
"5299",360,2019-12-25,12.07,11.6153,12.906
"5300",361,2019-12-26,11.96,11.6076,12.8956
"5301",362,2019-12-27,11.78,11.5996,12.8852
"5302",363,2019-12-28,11.8,11.5915,12.8752
"5303",364,2019-12-29,11.77,11.5833,12.8657
"5304",365,2019-12-30,11.77,11.5747,12.8552
"5305",366,2019-12-31,11.86,11.5656,12.8435
"5306",1,2020-01-01,11.86,11.5558,12.8291
"5307",2,2020-01-02,11.85,11.5456,12.8146
"5308",3,2020-01-03,11.48,11.535,12.8008
"5309",4,2020-01-04,11.53,11.5243,12.785
"5310",5,2020-01-05,11.31,11.5137,12.7695
"5311",6,2020-01-06,11.41,11.5034,12.7535
"5312",7,2020-01-07,11.31,11.4934,12.7367
"5313",8,2020-01-08,11.38,11.4837,12.7194
"5314",9,2020-01-09,11.38,11.4744,12.6996
"5315",10,2020-01-10,11.18,11.4659,12.6822
"5316",11,2020-01-11,11.24,11.4583,12.6643
"5317",12,2020-01-12,11.03,11.452,12.6469
"5318",13,2020-01-13,10.93,11.4466,12.6298
"5319",14,2020-01-14,10.93,11.4421,12.613
"5320",15,2020-01-15,10.71,11.4382,12.5975
"5321",16,2020-01-16,10.74,11.435,12.585
"5322",17,2020-01-17,10.77,11.432,12.5745
"5323",18,2020-01-18,10.67,11.4296,12.5663
"5324",19,2020-01-19,10.89,11.4271,12.5586
"5325",20,2020-01-20,10.88,11.4245,12.5578
"5326",21,2020-01-21,11.07,11.4216,12.5557
"5327",22,2020-01-22,11.05,11.4183,12.554
"5328",23,2020-01-23,11.13,11.4143,12.5515
"5329",24,2020-01-24,11.22,11.4097,12.5489
"5330",25,2020-01-25,11.36,11.4042,12.5466
"5331",26,2020-01-26,11.51,11.398,12.545
"5332",27,2020-01-27,11.51,11.3906,12.5449
"5333",28,2020-01-28,11.7,11.3823,12.5445
"5334",29,2020-01-29,11.69,11.3729,12.5436
"5335",30,2020-01-30,11.68,11.3624,12.5426
"5336",31,2020-01-31,11.55,11.351,12.5412
"5337",32,2020-02-01,11.55,11.3384,12.5397
"5338",33,2020-02-02,11.35,11.3241,12.5382
"5339",34,2020-02-03,11.08,11.308,12.5349
"5340",35,2020-02-04,10.06,11.29,12.531
"5341",36,2020-02-05,10.26,11.2705,12.5264
"5342",37,2020-02-06,10.29,11.2498,12.5218
"5343",38,2020-02-07,10.52,11.2279,12.5179
"5344",39,2020-02-08,10.48,11.2044,12.5139
"5345",40,2020-02-09,9.67,11.1795,12.5121
"5346",41,2020-02-10,9.32,11.1535,12.5082
"5347",42,2020-02-11,9.64,11.1265,12.5054
"5348",43,2020-02-12,9.86,11.0988,12.5019
"5349",44,2020-02-13,9.87,11.0714,12.4968
"5350",45,2020-02-14,9.65,11.0447,12.4902
"5351",46,2020-02-15,9.62,11.0189,12.4794
"5352",47,2020-02-16,9.68,10.9939,12.4663
"5353",48,2020-02-17,9.72,10.9698,12.4536
"5354",49,2020-02-18,9.5,10.9469,12.4409
"5355",50,2020-02-19,9.86,10.9256,12.4281
"5356",51,2020-02-20,10.18,10.906,12.4153
"5357",52,2020-02-21,10.15,10.8882,12.4033
"5358",53,2020-02-22,10.31,10.872,12.3907
"5359",54,2020-02-23,10.26,10.8574,12.3787
"5360",55,2020-02-24,10.28,10.8442,12.3662
"5361",56,2020-02-25,10.21,10.8326,12.3534
"5362",57,2020-02-26,10.16,10.8229,12.3408
"5363",58,2020-02-27,10.39,10.8152,12.3266
"5364",59,2020-02-28,10.8,10.8091,12.3124
"5365",60,2020-02-29,10.32,10.8048,12.2973
"5366",61,2020-03-01,10.03,10.8017,12.2809
"5367",62,2020-03-02,9.42,10.7995,12.2654
"5368",63,2020-03-03,9.6,10.7981,12.2504
"5369",64,2020-03-04,9.65,10.7981,12.2349
"5370",65,2020-03-05,10.17,10.7996,12.2195
"5371",66,2020-03-06,10.11,10.8023,12.204
"5372",67,2020-03-07,9.87,10.8057,12.1885
"5373",68,2020-03-08,9.79,10.8089,12.1721
"5374",69,2020-03-09,10.16,10.8115,12.1541
"5375",70,2020-03-10,10.06,10.8141,12.1357
"5376",71,2020-03-11,10.37,10.8165,12.117
"5377",72,2020-03-12,10.55,10.8185,12.0974
"5378",73,2020-03-13,10.63,10.8198,12.0768
"5379",74,2020-03-14,10.59,10.8201,12.0556
"5380",75,2020-03-15,10.57,10.8187,12.0322
"5381",76,2020-03-16,10.55,10.8149,12.0086
"5382",77,2020-03-17,10.68,10.8088,11.9897
"5383",78,2020-03-18,10.32,10.801,11.9722
"5384",79,2020-03-19,10.48,10.792,11.9532
"5385",80,2020-03-20,11.07,10.782,11.9354
"5386",81,2020-03-21,10.88,10.7713,11.9204
"5387",82,2020-03-22,11.49,10.7599,11.9085
"5388",83,2020-03-23,11.19,10.7475,11.898
"5389",84,2020-03-24,11.43,10.7345,11.8932
"5390",85,2020-03-25,11.44,10.721,11.8896
"5391",86,2020-03-26,11.58,10.7069,11.887
"5392",87,2020-03-27,11.45,10.6921,11.8851
"5393",88,2020-03-28,11.46,10.677,11.8828
"5394",89,2020-03-29,11.17,10.6616,11.8822
"5395",90,2020-03-30,10.99,10.6464,11.8819
"5396",91,2020-03-31,10.97,10.6315,11.8825
"5397",92,2020-04-01,10.78,10.6164,11.8845
"5398",93,2020-04-02,10.11,10.6006,11.8854
"5399",94,2020-04-03,10.24,10.5859,11.8864
"5400",95,2020-04-04,10.34,10.572,11.8875
"5401",96,2020-04-05,10.39,10.559,11.8881
"5402",97,2020-04-06,10.59,10.5477,11.8881
"5403",98,2020-04-07,10.52,10.5372,11.8884
"5404",99,2020-04-08,10.91,10.527,11.8891
"5405",100,2020-04-09,11.76,10.5173,11.889
"5406",101,2020-04-10,11.48,10.5073,11.8883
"5407",102,2020-04-11,11.75,10.4964,11.8867
"5408",103,2020-04-12,11.98,10.4851,11.8854
"5409",104,2020-04-13,12.12,10.4739,11.8831
"5410",105,2020-04-14,12.12,10.4625,11.8762
"5411",106,2020-04-15,12.62,10.4516,11.8694
"5412",107,2020-04-16,11.59,10.4408,11.8637
"5413",108,2020-04-17,12.38,10.4296,11.8528
"5414",109,2020-04-18,12.35,10.4187,11.8424
"5415",110,2020-04-19,12.01,10.409,11.8368
"5416",111,2020-04-20,11.93,10.3989,11.8298
"5417",112,2020-04-21,12.02,10.389,11.8229
"5418",113,2020-04-22,11.91,10.3797,11.8215
"5419",114,2020-04-23,11.72,10.3716,11.821
"5420",115,2020-04-24,11.24,10.364,11.8181
"5421",116,2020-04-25,11.16,10.3574,11.8162
"5422",117,2020-04-26,12.03,10.3529,11.8192
"5423",118,2020-04-27,12.64,10.3511,11.8297
"5424",119,2020-04-28,11.29,10.352,11.8426
"5425",120,2020-04-29,12.64,10.3555,11.8553
"5426",121,2020-04-30,11.87,10.3596,11.8698
"5427",122,2020-05-01,11,10.364,11.8846
"5428",123,2020-05-02,12.38,10.3683,11.8969
"5429",124,2020-05-03,11.36,10.3737,11.9092
"5430",125,2020-05-04,11.33,10.3781,11.9211
"5431",126,2020-05-05,11.45,10.3823,11.9341
"5432",127,2020-05-06,11.09,10.3847,11.9439
"5433",128,2020-05-07,10.54,10.3835,11.9506
"5434",129,2020-05-08,10.75,10.381,11.9538
"5435",130,2020-05-09,12.03,10.3777,11.949
"5436",131,2020-05-10,12.64,10.3739,11.9425
"5437",132,2020-05-11,12.53,10.3724,11.9368
"5438",133,2020-05-12,12.42,10.3754,11.937
"5439",134,2020-05-13,12.26,10.3838,11.9471
"5440",135,2020-05-14,NA,10.3964,11.9591
"5441",136,2020-05-15,NA,10.414,11.9773
"5442",137,2020-05-16,13.16,10.4352,12.0004
"5443",138,2020-05-17,12.99,10.4609,12.0252
"5444",139,2020-05-18,13.01,10.4904,12.0597
"5445",140,2020-05-19,13.03,10.5216,12.0962
"5446",141,2020-05-20,12.52,10.553,12.1299
"5447",142,2020-05-21,11.41,10.5862,12.1653
"5448",143,2020-05-22,10.13,10.6189,12.1976
"5449",144,2020-05-23,9.99,10.6495,12.2213
"5450",145,2020-05-24,9.21,10.6768,12.2429
"5451",146,2020-05-25,9.72,10.7017,12.2635
"5452",147,2020-05-26,10,10.7233,12.2825
"5453",148,2020-05-27,9.33,10.7404,12.2966
"5454",149,2020-05-28,11.25,10.7524,12.3033
"5455",150,2020-05-29,11.64,10.7604,12.3073
"5456",151,2020-05-30,11.52,10.7635,12.31
"5457",152,2020-05-31,10.99,10.7646,12.3114
"5458",153,2020-06-01,11.93,10.7634,12.311
"5459",154,2020-06-02,12.27,10.7622,12.3133
"5460",155,2020-06-03,11.88,10.7615,12.3168
"5461",156,2020-06-04,12.04,10.7635,12.3258
"5462",157,2020-06-05,9.57,10.7668,12.334
"5463",158,2020-06-06,9.76,10.7737,12.3497
"5464",159,2020-06-07,10.03,10.7872,12.3715
"5465",160,2020-06-08,9.98,10.8084,12.3993
"5466",161,2020-06-09,9.54,10.8363,12.4391
"5467",162,2020-06-10,10.1,10.8715,12.4884
"5468",163,2020-06-11,11.84,10.911,12.5423
"5469",164,2020-06-12,9.61,10.9534,12.5947
"5470",165,2020-06-13,9.89,10.996,12.6405
"5471",166,2020-06-14,12.1,11.0385,12.6882
"5472",167,2020-06-15,11.34,11.0792,12.7366
"5473",168,2020-06-16,11.74,11.1194,12.787
"5474",169,2020-06-17,10.12,11.1588,12.8386
"5475",170,2020-06-18,9.69,11.1983,12.8862
"5476",171,2020-06-19,9.92,11.2372,12.9358
"5477",172,2020-06-20,10.88,11.2777,12.9859
"5478",173,2020-06-21,11.74,11.3192,13.0395
"5479",174,2020-06-22,11.66,11.363,13.0945
"5480",175,2020-06-23,12.55,11.4101,13.1525
"5481",176,2020-06-24,12.56,11.4607,13.2106
"5482",177,2020-06-25,12.38,11.515,13.2706
"5483",178,2020-06-26,12.44,11.5732,13.33
"5484",179,2020-06-27,12.5,11.6354,13.3858
"5485",180,2020-06-28,12.5,11.7013,13.4386
"5486",181,2020-06-29,11.49,11.7692,13.4904
"5487",182,2020-06-30,10.95,11.8401,13.5415
"5488",183,2020-07-01,10.81,11.9118,13.5919
"5489",184,2020-07-02,10.48,11.9852,13.6432
"5490",185,2020-07-03,10.99,12.0584,13.6938
"5491",186,2020-07-04,11.71,12.1307,13.7438
"5492",187,2020-07-05,11.69,12.2011,13.7877
"5493",188,2020-07-06,10.72,12.2701,13.831
"5494",189,2020-07-07,10.26,12.3375,13.87
"5495",190,2020-07-08,9.79,12.4016,13.9068
"5496",191,2020-07-09,10.08,12.4598,13.9423
"5497",192,2020-07-10,11.34,12.5139,13.9758
"5498",193,2020-07-11,11.58,12.5629,14.0047
"5499",194,2020-07-12,11.79,12.6072,14.029
"5500",195,2020-07-13,11.98,12.6467,14.0525
"5501",196,2020-07-14,10.49,12.6838,14.0736
"5502",197,2020-07-15,11.22,12.7196,14.0911
"5503",198,2020-07-16,10.92,12.7559,14.1111
"5504",199,2020-07-17,12.15,12.7915,14.1291
"5505",200,2020-07-18,12.43,12.8257,14.146
"5506",201,2020-07-19,11.76,12.8589,14.1652
"5507",202,2020-07-20,12.61,12.8929,14.1816
"5508",203,2020-07-21,12.39,12.9251,14.2
"5509",204,2020-07-22,12.55,12.9558,14.2141
"5510",205,2020-07-23,13.14,12.985,14.2269
"5511",206,2020-07-24,13.51,13.0132,14.2383
"5512",207,2020-07-25,13.47,13.0398,14.2509
"5513",208,2020-07-26,13.8,13.0638,14.2616
"5514",209,2020-07-27,13.76,13.0851,14.2742
"5515",210,2020-07-28,13.12,13.1046,14.2903
"5516",211,2020-07-29,13.8,13.1228,14.3093
"5517",212,2020-07-30,12.83,13.1396,14.329
"5518",213,2020-07-31,12.89,13.1555,14.3493
"5519",214,2020-08-01,13.14,13.1712,14.3684
"5520",215,2020-08-02,13.22,13.1858,14.3878
"5521",216,2020-08-03,13.85,13.2006,14.4047
"5522",217,2020-08-04,14.1,13.2149,14.4188
"5523",218,2020-08-05,13.83,13.2297,14.4338
"5524",219,2020-08-06,11.41,13.2451,14.4494
"5525",220,2020-08-07,10.56,13.2601,14.4667
"5526",221,2020-08-08,11.49,13.2746,14.4847
"5527",222,2020-08-09,12.13,13.2891,14.5055
"5528",223,2020-08-10,13.02,13.3035,14.528
"5529",224,2020-08-11,13.15,13.3164,14.5496
"5530",225,2020-08-12,13.22,13.3273,14.5716
"5531",226,2020-08-13,13.71,13.3366,14.5913
"5532",227,2020-08-14,14.07,13.3431,14.6108
"5533",228,2020-08-15,14.69,13.347,14.632
"5534",229,2020-08-16,13.87,13.347,14.6496
"5535",230,2020-08-17,13.24,13.3435,14.6657
"5536",231,2020-08-18,12.88,13.3376,14.6802
"5537",232,2020-08-19,13.6,13.3296,14.686
"5538",233,2020-08-20,14.42,13.3186,14.689
"5539",234,2020-08-21,13.39,13.3059,14.6864
"5540",235,2020-08-22,13.05,13.292,14.6825
"5541",236,2020-08-23,13.5,13.2778,14.6786
"5542",237,2020-08-24,13.9,13.2629,14.6724
"5543",238,2020-08-25,13.99,13.2487,14.665
"5544",239,2020-08-26,13.18,13.2358,14.6544
"5545",240,2020-08-27,12.45,13.2245,14.6425
"5546",241,2020-08-28,12.61,13.2139,14.6299
"5547",242,2020-08-29,13.15,13.2038,14.619
"5548",243,2020-08-30,12.88,13.195,14.6091
"5549",244,2020-08-31,13.08,13.1862,14.6003
"5550",245,2020-09-01,13.8,13.1772,14.5928
"5551",246,2020-09-02,13.99,13.1686,14.5858
"5552",247,2020-09-03,13.55,13.1603,14.5841
"5553",248,2020-09-04,13.16,13.1527,14.5846
"5554",249,2020-09-05,13.53,13.144,14.585
"5555",250,2020-09-06,14.21,13.1334,14.5854
"5556",251,2020-09-07,14.06,13.1207,14.5843
"5557",252,2020-09-08,14.54,13.1066,14.5845
"5558",253,2020-09-09,14.15,13.091,14.5767
"5559",254,2020-09-10,13.63,13.0733,14.5603
"5560",255,2020-09-11,12.57,13.0552,14.536
"5561",256,2020-09-12,13.8,13.0379,14.5106
"5562",257,2020-09-13,13.71,13.0205,14.4851
"5563",258,2020-09-14,13.84,13.0027,14.459
"5564",259,2020-09-15,14.02,12.984,14.4304
"5565",260,2020-09-16,14.18,12.9651,14.3978
"5566",261,2020-09-17,14.15,12.9465,14.3644
"5567",262,2020-09-18,14.8,12.928,14.3318
"5568",263,2020-09-19,16.43,12.9095,14.3047
"5569",264,2020-09-20,15.29,12.8906,14.2763
"5570",265,2020-09-21,15.13,12.8705,14.2495
"5571",266,2020-09-22,14.88,12.8485,14.2215
"5572",267,2020-09-23,15.09,12.8237,14.1934
"5573",268,2020-09-24,13.69,12.7972,14.1656
"5574",269,2020-09-25,13.52,12.7686,14.1375
"5575",270,2020-09-26,12.61,12.7386,14.1106
"5576",271,2020-09-27,11.65,12.7071,14.0838
"5577",272,2020-09-28,11.61,12.6751,14.0573
"5578",273,2020-09-29,11.71,12.6428,14.0292
"5579",274,2020-09-30,12.49,12.6099,14.0005
"5580",275,2020-10-01,12.95,12.578,13.9725
"5581",276,2020-10-02,13.15,12.5478,13.9455
"5582",277,2020-10-03,12.79,12.5194,13.9215
"5583",278,2020-10-04,12.88,12.4924,13.8969
"5584",279,2020-10-05,13.47,12.4666,13.8739
"5585",280,2020-10-06,13.69,12.4422,13.8529
"5586",281,2020-10-07,13.91,12.419,13.8367
"5587",282,2020-10-08,13.92,12.397,13.8259
"5588",283,2020-10-09,14.14,12.376,13.8195
"5589",284,2020-10-10,13.88,12.3555,13.8181
"5590",285,2020-10-11,14.1,12.3364,13.8234
"5591",286,2020-10-12,13.04,12.3182,13.8365
"5592",287,2020-10-13,11.79,12.3009,13.8368
"5593",288,2020-10-14,11.55,12.2848,13.8369
"5594",289,2020-10-15,11.2,12.2708,13.8384
"5595",290,2020-10-16,11.42,12.2581,13.8409
"5596",291,2020-10-17,11.16,12.2472,13.8508
"5597",292,2020-10-18,11.67,12.2382,13.8624
"5598",293,2020-10-19,11.2,12.2305,13.874
"5599",294,2020-10-20,11.28,12.2237,13.8856
"5600",295,2020-10-21,10.72,12.2184,13.8996
"5601",296,2020-10-22,10.68,12.2147,13.9138
"5602",297,2020-10-23,10.67,12.2129,13.9296
"5603",298,2020-10-24,10.55,12.2132,13.9455
"5604",299,2020-10-25,10.48,12.2145,13.9622
"5605",300,2020-10-26,10.43,12.2167,13.98
"5606",301,2020-10-27,10.67,12.2197,13.9991
"5607",302,2020-10-28,10.93,12.2229,14.0154
"5608",303,2020-10-29,11.73,12.226,14.0284
"5609",304,2020-10-30,12.21,12.229,14.0407
"5610",305,2020-10-31,12.3,12.2319,14.0536
"5611",306,2020-11-01,12.58,12.2337,14.0662
"5612",307,2020-11-02,12.35,12.2341,14.0797
"5613",308,2020-11-03,12.42,12.2329,14.0878
"5614",309,2020-11-04,12.67,12.2295,14.0924
"5615",310,2020-11-05,12.79,12.2243,14.0897
"5616",311,2020-11-06,12.04,12.217,14.0835
"5617",312,2020-11-07,11.58,12.209,14.0715
"5618",313,2020-11-08,11.29,12.2008,14.0541
"5619",314,2020-11-09,10.75,12.1921,14.0299
"5620",315,2020-11-10,10.65,12.1828,14.0026
"5621",316,2020-11-11,10.69,12.1729,13.9723
"5622",317,2020-11-12,10.78,12.163,13.9405
"5623",318,2020-11-13,10.82,12.1526,13.9215
"5624",319,2020-11-14,10.66,12.1407,13.8993
"5625",320,2020-11-15,10.75,12.1275,13.8729
"5626",321,2020-11-16,10.98,12.1142,13.8476
"5627",322,2020-11-17,11.15,12.1005,13.8187
"5628",323,2020-11-18,11.26,12.0859,13.787
"5629",324,2020-11-19,11.49,12.0709,13.7541
"5630",325,2020-11-20,11.27,12.0557,13.717
"5631",326,2020-11-21,11.42,12.0408,13.6807
"5632",327,2020-11-22,11.4,12.0261,13.6456
"5633",328,2020-11-23,11.33,12.0111,13.6069
"5634",329,2020-11-24,11.06,11.9958,13.5669
"5635",330,2020-11-25,10.88,11.9812,13.5269
"5636",331,2020-11-26,10.59,11.9668,13.4863
"5637",332,2020-11-27,10.64,11.9521,13.4444
"5638",333,2020-11-28,10.76,11.9376,13.4053
"5639",334,2020-11-29,10.64,11.9233,13.3705
"5640",335,2020-11-30,10.59,11.9089,13.3381
"5641",336,2020-12-01,10.6,11.8945,13.3077
"5642",337,2020-12-02,10.53,11.88,13.2757
"5643",338,2020-12-03,10.55,11.8655,13.2432
"5644",339,2020-12-04,10.55,11.851,13.2149
"5645",340,2020-12-05,10.59,11.8369,13.1893
"5646",341,2020-12-06,10.74,11.8231,13.1695
"5647",342,2020-12-07,10.64,11.8103,13.1514
"5648",343,2020-12-08,10.66,11.7978,13.1349
"5649",344,2020-12-09,10.57,11.7857,13.1187
"5650",345,2020-12-10,10.38,11.7738,13.1025
"5651",346,2020-12-11,10.34,11.7619,13.0876
"5652",347,2020-12-12,10.43,11.7496,13.074
"5653",348,2020-12-13,10.56,11.737,13.0614
"5654",349,2020-12-14,10.66,11.7242,13.0489
"5655",350,2020-12-15,10.7,11.7121,13.0377
"5656",351,2020-12-16,10.87,11.7007,13.0267
"5657",352,2020-12-17,11.04,11.6894,13.0137
"5658",353,2020-12-18,10.69,11.6784,12.9993
"5659",354,2020-12-19,10.81,11.6678,12.9867
"5660",355,2020-12-20,10.94,11.6575,12.9681
"5661",356,2020-12-21,10.85,11.6479,12.9544
"5662",357,2020-12-22,10.74,11.6387,12.9409
"5663",358,2020-12-23,10.48,11.6302,12.9267
"5664",359,2020-12-24,10.55,11.6226,12.916
"5665",360,2020-12-25,10.89,11.6153,12.906
"5666",361,2020-12-26,11.44,11.6076,12.8956
"5667",362,2020-12-27,11.58,11.5996,12.8852
"5668",363,2020-12-28,11.42,11.5915,12.8752
"5669",364,2020-12-29,11.32,11.5833,12.8657
"5670",365,2020-12-30,11.23,11.5747,12.8552
"5671",366,2020-12-31,11.24,11.5656,12.8435
"5672",1,2021-01-01,11.19,11.5558,12.8291
"5673",2,2021-01-02,11.25,11.5456,12.8146
"5674",3,2021-01-03,11.43,11.535,12.8008
"5675",4,2021-01-04,11.64,11.5243,12.785
"5676",5,2021-01-05,11.67,11.5137,12.7695
"5677",6,2021-01-06,11.55,11.5034,12.7535
"5678",7,2021-01-07,11.6,11.4934,12.7367
"5679",8,2021-01-08,11.63,11.4837,12.7194
"5680",9,2021-01-09,11.63,11.4744,12.6996
"5681",10,2021-01-10,11.7,11.4659,12.6822
"5682",11,2021-01-11,11.65,11.4583,12.6643
"5683",12,2021-01-12,11.74,11.452,12.6469
"5684",13,2021-01-13,12.01,11.4466,12.6298
"5685",14,2021-01-14,12.06,11.4421,12.613
"5686",15,2021-01-15,11.64,11.4382,12.5975
"5687",16,2021-01-16,11.63,11.435,12.585
"5688",17,2021-01-17,11.36,11.432,12.5745
"5689",18,2021-01-18,11.3,11.4296,12.5663
"5690",19,2021-01-19,11.08,11.4271,12.5586
"5691",20,2021-01-20,10.76,11.4245,12.5578
"5692",21,2021-01-21,10.87,11.4216,12.5557
"5693",22,2021-01-22,11.15,11.4183,12.554
"5694",23,2021-01-23,10.87,11.4143,12.5515
"5695",24,2021-01-24,10.46,11.4097,12.5489
"5696",25,2021-01-25,10.34,11.4042,12.5466
"5697",26,2021-01-26,10.04,11.398,12.545
"5698",27,2021-01-27,10.02,11.3906,12.5449
"5699",28,2021-01-28,10.32,11.3823,12.5445
"5700",29,2021-01-29,10.24,11.3729,12.5436
"5701",30,2021-01-30,10.28,11.3624,12.5426
"5702",31,2021-01-31,10.48,11.351,12.5412
"5703",32,2021-02-01,10.61,11.3384,12.5397
"5704",33,2021-02-02,10.79,11.3241,12.5382
"5705",34,2021-02-03,10.74,11.308,12.5349
"5706",35,2021-02-04,10.52,11.29,12.531
"5707",36,2021-02-05,10.57,11.2705,12.5264
"5708",37,2021-02-06,10.29,11.2498,12.5218
"5709",38,2021-02-07,10.34,11.2279,12.5179
"5710",39,2021-02-08,10.47,11.2044,12.5139
"5711",40,2021-02-09,10.51,11.1795,12.5121
"5712",41,2021-02-10,10.56,11.1535,12.5082
"5713",42,2021-02-11,10.66,11.1265,12.5054
"5714",43,2021-02-12,10.76,11.0988,12.5019
"5715",44,2021-02-13,10.83,11.0714,12.4968
"5716",45,2021-02-14,10.59,11.0447,12.4902
"5717",46,2021-02-15,10.69,11.0189,12.4794
"5718",47,2021-02-16,10.64,10.9939,12.4663
"5719",48,2021-02-17,10.23,10.9698,12.4536
"5720",49,2021-02-18,10.55,10.9469,12.4409
"5721",50,2021-02-19,10.59,10.9256,12.4281
"5722",51,2021-02-20,10.57,10.906,12.4153
"5723",52,2021-02-21,9.79,10.8882,12.4033
"5724",53,2021-02-22,9.71,10.872,12.3907
"5725",54,2021-02-23,9.19,10.8574,12.3787
"5726",55,2021-02-24,8.64,10.8442,12.3662
"5727",56,2021-02-25,8.9,10.8326,12.3534
"5728",57,2021-02-26,8.8,10.8229,12.3408
"5729",58,2021-02-27,8.62,10.8152,12.3266
"5730",59,2021-02-28,8.37,10.8091,12.3124
"5731",61,2021-03-01,8.82,10.8017,12.2809
"5732",62,2021-03-02,9.13,10.7995,12.2654
"5733",63,2021-03-03,9.16,10.7981,12.2504
"5734",64,2021-03-04,9.34,10.7981,12.2349
"5735",65,2021-03-05,9.73,10.7996,12.2195
"5736",66,2021-03-06,9.31,10.8023,12.204
"5737",67,2021-03-07,9.41,10.8057,12.1885
"5738",68,2021-03-08,9.22,10.8089,12.1721
"5739",69,2021-03-09,9.23,10.8115,12.1541
"5740",70,2021-03-10,9.38,10.8141,12.1357
"5741",71,2021-03-11,9.52,10.8165,12.117
"5742",72,2021-03-12,9.94,10.8185,12.0974
"5743",73,2021-03-13,9.9,10.8198,12.0768
"5744",74,2021-03-14,9.78,10.8201,12.0556
"5745",75,2021-03-15,9.77,10.8187,12.0322
"5746",76,2021-03-16,9.24,10.8149,12.0086
"5747",77,2021-03-17,9.44,10.8088,11.9897
"5748",78,2021-03-18,9.76,10.801,11.9722
"5749",79,2021-03-19,9.71,10.792,11.9532
"5750",80,2021-03-20,9.69,10.782,11.9354
"5751",81,2021-03-21,9.43,10.7713,11.9204
"5752",82,2021-03-22,9.32,10.7599,11.9085
"5753",83,2021-03-23,8.87,10.7475,11.898
"5754",84,2021-03-24,8.78,10.7345,11.8932
"5755",85,2021-03-25,9.28,10.721,11.8896
"5756",86,2021-03-26,8.72,10.7069,11.887
"5757",87,2021-03-27,9.1,10.6921,11.8851
"5758",88,2021-03-28,9.98,10.677,11.8828
"5759",89,2021-03-29,10.17,10.6616,11.8822
"5760",90,2021-03-30,9.08,10.6464,11.8819
"5761",91,2021-03-31,9.05,10.6315,11.8825
"5762",92,2021-04-01,9.5,10.6164,11.8845
"5763",93,2021-04-02,9.37,10.6006,11.8854
"5764",94,2021-04-03,10.27,10.5859,11.8864
"5765",95,2021-04-04,10.22,10.572,11.8875
"5766",96,2021-04-05,9.92,10.559,11.8881
"5767",97,2021-04-06,10.33,10.5477,11.8881
"5768",98,2021-04-07,10.79,10.5372,11.8884
"5769",99,2021-04-08,10.68,10.527,11.8891
"5770",100,2021-04-09,10.04,10.5173,11.889
"5771",101,2021-04-10,9.87,10.5073,11.8883
"5772",102,2021-04-11,9.54,10.4964,11.8867
"5773",103,2021-04-12,9.87,10.4851,11.8854
"5774",104,2021-04-13,10.45,10.4739,11.8831
"5775",105,2021-04-14,8.76,10.4625,11.8762
"5776",106,2021-04-15,10,10.4516,11.8694
"5777",107,2021-04-16,10.05,10.4408,11.8637
"5778",108,2021-04-17,10.51,10.4296,11.8528
"5779",109,2021-04-18,11.13,10.4187,11.8424
"5780",110,2021-04-19,11.52,10.409,11.8368
"5781",111,2021-04-20,9.03,10.3989,11.8298
"5782",112,2021-04-21,8.78,10.389,11.8229
"5783",113,2021-04-22,8.42,10.3797,11.8215
"5784",114,2021-04-23,9.45,10.3716,11.821
"5785",115,2021-04-24,10.49,10.364,11.8181
"5786",116,2021-04-25,10.46,10.3574,11.8162
"5787",117,2021-04-26,10.53,10.3529,11.8192
"5788",118,2021-04-27,10.16,10.3511,11.8297
"5789",119,2021-04-28,10.24,10.352,11.8426
"5790",120,2021-04-29,10.63,10.3555,11.8553
"5791",121,2021-04-30,11.28,10.3596,11.8698
"5792",122,2021-05-01,11.88,10.364,11.8846
"5793",123,2021-05-02,10.12,10.3683,11.8969
"5794",124,2021-05-03,9.47,10.3737,11.9092
"5795",125,2021-05-04,9.26,10.3781,11.9211
"5796",126,2021-05-05,9.79,10.3823,11.9341
"5797",127,2021-05-06,10.25,10.3847,11.9439
"5798",128,2021-05-07,10.09,10.3835,11.9506
"5799",129,2021-05-08,9.01,10.381,11.9538
"5800",130,2021-05-09,8.97,10.3777,11.949
"5801",131,2021-05-10,8.55,10.3739,11.9425
"5802",132,2021-05-11,9.17,10.3724,11.9368
"5803",133,2021-05-12,9.74,10.3754,11.937
"5804",134,2021-05-13,10.06,10.3838,11.9471
"5805",135,2021-05-14,10.29,10.3964,11.9591
"5806",136,2021-05-15,10.26,10.414,11.9773
"5807",137,2021-05-16,10.6,10.4352,12.0004
"5808",138,2021-05-17,11.47,10.4609,12.0252
"5809",139,2021-05-18,12.45,10.4904,12.0597
"5810",140,2021-05-19,NA,10.5216,12.0962
"5811",141,2021-05-20,NA,10.553,12.1299
"5812",142,2021-05-21,9.94,10.5862,12.1653
"5813",143,2021-05-22,9.36,10.6189,12.1976
"5814",144,2021-05-23,9.47,10.6495,12.2213
"5815",145,2021-05-24,9.85,10.6768,12.2429
"5816",146,2021-05-25,10.2,10.7017,12.2635
"5817",147,2021-05-26,9.63,10.7233,12.2825
"5818",148,2021-05-27,10.96,10.7404,12.2966
"5819",149,2021-05-28,10.22,10.7524,12.3033
"5820",150,2021-05-29,10.45,10.7604,12.3073
"5821",151,2021-05-30,11.45,10.7635,12.31
"5822",152,2021-05-31,12.62,10.7646,12.3114
"5823",153,2021-06-01,12.23,10.7634,12.311
"5824",154,2021-06-02,12.22,10.7622,12.3133
"5825",155,2021-06-03,11.64,10.7615,12.3168
"5826",156,2021-06-04,12.59,10.7635,12.3258
"5827",157,2021-06-05,11.43,10.7668,12.334
"5828",158,2021-06-06,10.65,10.7737,12.3497
"5829",159,2021-06-07,9.47,10.7872,12.3715
"5830",160,2021-06-08,9.17,10.8084,12.3993
"5831",161,2021-06-09,9.75,10.8363,12.4391
"5832",162,2021-06-10,10.76,10.8715,12.4884
"5833",163,2021-06-11,10.81,10.911,12.5423
"5834",164,2021-06-12,11.75,10.9534,12.5947
"5835",165,2021-06-13,12.5,10.996,12.6405
"5836",166,2021-06-14,11.7,11.0385,12.6882
"5837",167,2021-06-15,12.07,11.0792,12.7366
"5838",168,2021-06-16,11.16,11.1194,12.787
"5839",169,2021-06-17,11.36,11.1588,12.8386
"5840",170,2021-06-18,11.31,11.1983,12.8862
"5841",171,2021-06-19,10.86,11.2372,12.9358
"5842",172,2021-06-20,11.26,11.2777,12.9859
"5843",173,2021-06-21,12.17,11.3192,13.0395
"5844",174,2021-06-22,12.47,11.363,13.0945
"5845",175,2021-06-23,13.08,11.4101,13.1525
"5846",176,2021-06-24,12.71,11.4607,13.2106
"5847",177,2021-06-25,13.02,11.515,13.2706
"5848",178,2021-06-26,12.9,11.5732,13.33
"5849",179,2021-06-27,13.54,11.6354,13.3858
"5850",180,2021-06-28,13.46,11.7013,13.4386
"5851",181,2021-06-29,12.53,11.7692,13.4904
"5852",182,2021-06-30,12.61,11.8401,13.5415
"5853",183,2021-07-01,12.82,11.9118,13.5919
"5854",184,2021-07-02,13.58,11.9852,13.6432
"5855",185,2021-07-03,13.89,12.0584,13.6938
"5856",186,2021-07-04,13.94,12.1307,13.7438
"5857",187,2021-07-05,14.39,12.2011,13.7877
"5858",188,2021-07-06,13.93,12.2701,13.831
"5859",189,2021-07-07,14.23,12.3375,13.87
"5860",190,2021-07-08,14.44,12.4016,13.9068
"5861",191,2021-07-09,14.58,12.4598,13.9423
"5862",192,2021-07-10,14.12,12.5139,13.9758
"5863",193,2021-07-11,14.37,12.5629,14.0047
"5864",194,2021-07-12,13.49,12.6072,14.029
"5865",195,2021-07-13,13.73,12.6467,14.0525
"5866",196,2021-07-14,12.75,12.6838,14.0736
"5867",197,2021-07-15,12.13,12.7196,14.0911
"5868",198,2021-07-16,12.72,12.7559,14.1111
"5869",199,2021-07-17,12.9,12.7915,14.1291
"5870",200,2021-07-18,12.52,12.8257,14.146
"5871",201,2021-07-19,12.56,12.8589,14.1652
"5872",202,2021-07-20,13.4,12.8929,14.1816
"5873",203,2021-07-21,14.13,12.9251,14.2
"5874",204,2021-07-22,13.05,12.9558,14.2141
"5875",205,2021-07-23,11.41,12.985,14.2269
"5876",206,2021-07-24,12.76,13.0132,14.2383
"5877",207,2021-07-25,12.66,13.0398,14.2509
"5878",208,2021-07-26,12.27,13.0638,14.2616
"5879",209,2021-07-27,12.54,13.0851,14.2742
"5880",210,2021-07-28,12.59,13.1046,14.2903
"5881",211,2021-07-29,13.33,13.1228,14.3093
"5882",212,2021-07-30,13.95,13.1396,14.329
"5883",213,2021-07-31,14.15,13.1555,14.3493
"5884",214,2021-08-01,14.63,13.1712,14.3684
"5885",215,2021-08-02,14.41,13.1858,14.3878
"5886",216,2021-08-03,14.34,13.2006,14.4047
"5887",217,2021-08-04,14.18,13.2149,14.4188
"5888",218,2021-08-05,14.63,13.2297,14.4338
"5889",219,2021-08-06,14.22,13.2451,14.4494
"5890",220,2021-08-07,13.73,13.2601,14.4667
"5891",221,2021-08-08,12.97,13.2746,14.4847
"5892",222,2021-08-09,14.04,13.2891,14.5055
"5893",223,2021-08-10,13.41,13.3035,14.528
"5894",224,2021-08-11,13.99,13.3164,14.5496
"5895",225,2021-08-12,13.16,13.3273,14.5716
"5896",226,2021-08-13,12.96,13.3366,14.5913
"5897",227,2021-08-14,12.84,13.3431,14.6108
"5898",228,2021-08-15,13.18,13.347,14.632
"5899",229,2021-08-16,13.46,13.347,14.6496
"5900",230,2021-08-17,13.35,13.3435,14.6657
"5901",231,2021-08-18,12.68,13.3376,14.6802
"5902",232,2021-08-19,11.79,13.3296,14.686
"5903",233,2021-08-20,11.99,13.3186,14.689
"5904",234,2021-08-21,12.04,13.3059,14.6864
"5905",235,2021-08-22,12.15,13.292,14.6825
"5906",236,2021-08-23,12.21,13.2778,14.6786
"5907",237,2021-08-24,12.65,13.2629,14.6724
"5908",238,2021-08-25,13.2,13.2487,14.665
"5909",239,2021-08-26,13.02,13.2358,14.6544
"5910",240,2021-08-27,12.59,13.2245,14.6425
"5911",241,2021-08-28,12.8,13.2139,14.6299
"5912",242,2021-08-29,13.24,13.2038,14.619
"5913",243,2021-08-30,13.54,13.195,14.6091
"5914",244,2021-08-31,13.64,13.1862,14.6003
"5915",245,2021-09-01,13.49,13.1772,14.5928
"5916",246,2021-09-02,12.98,13.1686,14.5858
"5917",247,2021-09-03,13.01,13.1603,14.5841
"5918",248,2021-09-04,12.92,13.1527,14.5846
"5919",249,2021-09-05,12.88,13.144,14.585
"5920",250,2021-09-06,13.47,13.1334,14.5854
"5921",251,2021-09-07,13.79,13.1207,14.5843
"5922",252,2021-09-08,13.8,13.1066,14.5845
"5923",253,2021-09-09,14.35,13.091,14.5767
"5924",254,2021-09-10,14.79,13.0733,14.5603
"5925",255,2021-09-11,14.4,13.0552,14.536
"5926",256,2021-09-12,14.47,13.0379,14.5106
"5927",257,2021-09-13,13.8,13.0205,14.4851
"5928",258,2021-09-14,13.93,13.0027,14.459
"5929",259,2021-09-15,14.04,12.984,14.4304
"5930",260,2021-09-16,14.04,12.9651,14.3978
"5931",261,2021-09-17,13.5,12.9465,14.3644
"5932",262,2021-09-18,14.19,12.928,14.3318
"5933",263,2021-09-19,13.43,12.9095,14.3047
"5934",264,2021-09-20,12.78,12.8906,14.2763
"5935",265,2021-09-21,12.48,12.8705,14.2495
"5936",266,2021-09-22,13.1,12.8485,14.2215
"5937",267,2021-09-23,13.55,12.8237,14.1934
"5938",268,2021-09-24,14.61,12.7972,14.1656
"5939",269,2021-09-25,15.04,12.7686,14.1375
"5940",270,2021-09-26,14.81,12.7386,14.1106
"5941",271,2021-09-27,15.11,12.7071,14.0838
"5942",272,2021-09-28,14.69,12.6751,14.0573
"5943",273,2021-09-29,14.48,12.6428,14.0292
"5944",274,2021-09-30,14.33,12.6099,14.0005
"5945",275,2021-10-01,14.05,12.578,13.9725
"5946",276,2021-10-02,13.37,12.5478,13.9455
"5947",277,2021-10-03,13.77,12.5194,13.9215
"5948",278,2021-10-04,13.56,12.4924,13.8969
"5949",279,2021-10-05,13.41,12.4666,13.8739
"5950",280,2021-10-06,13.23,12.4422,13.8529
"5951",281,2021-10-07,12.39,12.419,13.8367
"5952",282,2021-10-08,12.24,12.397,13.8259
"5953",283,2021-10-09,12.33,12.376,13.8195
"5954",284,2021-10-10,12.19,12.3555,13.8181
"5955",285,2021-10-11,11.3,12.3364,13.8234
"5956",286,2021-10-12,10.82,12.3182,13.8365
"5957",287,2021-10-13,11.05,12.3009,13.8368
"5958",288,2021-10-14,10.98,12.2848,13.8369
"5959",289,2021-10-15,10.62,12.2708,13.8384
"5960",290,2021-10-16,10.76,12.2581,13.8409
"5961",291,2021-10-17,11,12.2472,13.8508
"5962",292,2021-10-18,10.96,12.2382,13.8624
"5963",293,2021-10-19,10.98,12.2305,13.874
"5964",294,2021-10-20,11.15,12.2237,13.8856
"5965",295,2021-10-21,11.5,12.2184,13.8996
"5966",296,2021-10-22,11.74,12.2147,13.9138
"5967",297,2021-10-23,12.77,12.2129,13.9296
"5968",298,2021-10-24,13.16,12.2132,13.9455
"5969",299,2021-10-25,12.58,12.2145,13.9622
"5970",300,2021-10-26,12.61,12.2167,13.98
"5971",301,2021-10-27,12.86,12.2197,13.9991
"5972",302,2021-10-28,13.03,12.2229,14.0154
"5973",303,2021-10-29,13,12.226,14.0284
"5974",304,2021-10-30,12.96,12.229,14.0407
"5975",305,2021-10-31,13.2,12.2319,14.0536
"5976",306,2021-11-01,13.38,12.2337,14.0662
"5977",307,2021-11-02,13.3,12.2341,14.0797
"5978",308,2021-11-03,13.57,12.2329,14.0878
"5979",309,2021-11-04,13.89,12.2295,14.0924
"5980",310,2021-11-05,13.66,12.2243,14.0897
"5981",311,2021-11-06,13.59,12.217,14.0835
"5982",312,2021-11-07,13.45,12.209,14.0715
"5983",313,2021-11-08,13.22,12.2008,14.0541
"5984",314,2021-11-09,13.45,12.1921,14.0299
"5985",315,2021-11-10,13.57,12.1828,14.0026
"5986",316,2021-11-11,13.63,12.1729,13.9723
"5987",317,2021-11-12,13.65,12.163,13.9405
"5988",318,2021-11-13,13.59,12.1526,13.9215
"5989",319,2021-11-14,13.27,12.1407,13.8993
"5990",320,2021-11-15,13.46,12.1275,13.8729
"5991",321,2021-11-16,13.32,12.1142,13.8476
"5992",322,2021-11-17,13.09,12.1005,13.8187
"5993",323,2021-11-18,13.24,12.0859,13.787
"5994",324,2021-11-19,13.22,12.0709,13.7541
"5995",325,2021-11-20,12.98,12.0557,13.717
"5996",326,2021-11-21,12.88,12.0408,13.6807
"5997",327,2021-11-22,12.75,12.0261,13.6456
"5998",328,2021-11-23,12.66,12.0111,13.6069
"5999",329,2021-11-24,12.37,11.9958,13.5669
"6000",330,2021-11-25,12.47,11.9812,13.5269
"6001",331,2021-11-26,12.77,11.9668,13.4863
"6002",332,2021-11-27,12.79,11.9521,13.4444
"6003",333,2021-11-28,12.75,11.9376,13.4053
"6004",334,2021-11-29,12.75,11.9233,13.3705
"6005",335,2021-11-30,12.5,11.9089,13.3381
"6006",336,2021-12-01,12.39,11.8945,13.3077
"6007",337,2021-12-02,12.4,11.88,13.2757
"6008",338,2021-12-03,12.33,11.8655,13.2432
"6009",339,2021-12-04,12.39,11.851,13.2149
"6010",340,2021-12-05,12.51,11.8369,13.1893
"6011",341,2021-12-06,12.63,11.8231,13.1695
"6012",342,2021-12-07,12.49,11.8103,13.1514
"6013",343,2021-12-08,12.34,11.7978,13.1349
"6014",344,2021-12-09,11.96,11.7857,13.1187
"6015",345,2021-12-10,11.58,11.7738,13.1025
"6016",346,2021-12-11,11.35,11.7619,13.0876
"6017",347,2021-12-12,11.34,11.7496,13.074
"6018",348,2021-12-13,11.75,11.737,13.0614
"6019",349,2021-12-14,11.72,11.7242,13.0489
"6020",350,2021-12-15,11.45,11.7121,13.0377
"6021",351,2021-12-16,11.68,11.7007,13.0267
"6022",352,2021-12-17,11.83,11.6894,13.0137
"6023",353,2021-12-18,11.74,11.6784,12.9993
"6024",354,2021-12-19,11.63,11.6678,12.9867
"6025",355,2021-12-20,11.56,11.6575,12.9681
"6026",356,2021-12-21,11.61,11.6479,12.9544
"6027",357,2021-12-22,11.79,11.6387,12.9409
"6028",358,2021-12-23,12.03,11.6302,12.9267
"6029",359,2021-12-24,12.04,11.6226,12.916
"6030",360,2021-12-25,12,11.6153,12.906
"6031",361,2021-12-26,11.7,11.6076,12.8956
"6032",362,2021-12-27,11.53,11.5996,12.8852
"6033",363,2021-12-28,11.48,11.5915,12.8752
"6034",364,2021-12-29,11.27,11.5833,12.8657
"6035",365,2021-12-30,11.28,11.5747,12.8552
"6036",366,2021-12-31,11.25,11.5656,12.8435
"6037",1,2022-01-01,11.09,11.5558,12.8291
"6038",2,2022-01-02,10.93,11.5456,12.8146
"6039",3,2022-01-03,10.8,11.535,12.8008
"6040",4,2022-01-04,11.24,11.5243,12.785
"6041",5,2022-01-05,11.36,11.5137,12.7695
"6042",6,2022-01-06,11.44,11.5034,12.7535
"6043",7,2022-01-07,11.53,11.4934,12.7367
"6044",8,2022-01-08,11.4,11.4837,12.7194
"6045",9,2022-01-09,11.34,11.4744,12.6996
"6046",10,2022-01-10,11.41,11.4659,12.6822
"6047",11,2022-01-11,11.6,11.4583,12.6643
"6048",12,2022-01-12,11.62,11.452,12.6469
"6049",13,2022-01-13,11.69,11.4466,12.6298
"6050",14,2022-01-14,11.51,11.4421,12.613
"6051",15,2022-01-15,11.59,11.4382,12.5975
"6052",16,2022-01-16,11.6,11.435,12.585
"6053",17,2022-01-17,11.54,11.432,12.5745
"6054",18,2022-01-18,11.57,11.4296,12.5663
"6055",19,2022-01-19,11.61,11.4271,12.5586
"6056",20,2022-01-20,11.63,11.4245,12.5578
"6057",21,2022-01-21,11.49,11.4216,12.5557
"6058",22,2022-01-22,11.46,11.4183,12.554
"6059",23,2022-01-23,11.7,11.4143,12.5515
"6060",24,2022-01-24,11.53,11.4097,12.5489
"6061",25,2022-01-25,11.48,11.4042,12.5466
"6062",26,2022-01-26,11.62,11.398,12.545
"6063",27,2022-01-27,11.39,11.3906,12.5449
"6064",28,2022-01-28,11.42,11.3823,12.5445
"6065",29,2022-01-29,11.37,11.3729,12.5436
"6066",30,2022-01-30,11.46,11.3624,12.5426
"6067",31,2022-01-31,11.52,11.351,12.5412
"6068",32,2022-02-01,10.98,11.3384,12.5397
"6069",33,2022-02-02,10.7,11.3241,12.5382
"6070",34,2022-02-03,10.75,11.308,12.5349
"6071",35,2022-02-04,10.92,11.29,12.531
"6072",36,2022-02-05,11.07,11.2705,12.5264
"6073",37,2022-02-06,10.98,11.2498,12.5218
"6074",38,2022-02-07,10.97,11.2279,12.5179
"6075",39,2022-02-08,10.62,11.2044,12.5139
"6076",40,2022-02-09,10.55,11.1795,12.5121
"6077",41,2022-02-10,10.91,11.1535,12.5082
"6078",42,2022-02-11,11,11.1265,12.5054
"6079",43,2022-02-12,11.14,11.0988,12.5019
"6080",44,2022-02-13,11.47,11.0714,12.4968
"6081",45,2022-02-14,11.26,11.0447,12.4902
"6082",46,2022-02-15,10.97,11.0189,12.4794
"6083",47,2022-02-16,10.79,10.9939,12.4663
"6084",48,2022-02-17,10.56,10.9698,12.4536
"6085",49,2022-02-18,10.91,10.9469,12.4409
"6086",50,2022-02-19,11.12,10.9256,12.4281
"6087",51,2022-02-20,11,10.906,12.4153
"6088",52,2022-02-21,10.53,10.8882,12.4033
"6089",53,2022-02-22,9.63,10.872,12.3907
"6090",54,2022-02-23,9.47,10.8574,12.3787
"6091",55,2022-02-24,9.54,10.8442,12.3662
"6092",56,2022-02-25,9.59,10.8326,12.3534
"6093",57,2022-02-26,9.83,10.8229,12.3408
"6094",58,2022-02-27,9.86,10.8152,12.3266
"6095",59,2022-02-28,9.96,10.8091,12.3124
"6096",61,2022-03-01,10.33,10.8017,12.2809
"6097",62,2022-03-02,10.84,10.7995,12.2654
"6098",63,2022-03-03,10.53,10.7981,12.2504
"6099",64,2022-03-04,10.14,10.7981,12.2349
"6100",65,2022-03-05,9.98,10.7996,12.2195
"6101",66,2022-03-06,9.73,10.8023,12.204
"6102",67,2022-03-07,9.72,10.8057,12.1885
"6103",68,2022-03-08,9.68,10.8089,12.1721
"6104",69,2022-03-09,9.77,10.8115,12.1541
"6105",70,2022-03-10,9.97,10.8141,12.1357
"6106",71,2022-03-11,10.38,10.8165,12.117
"6107",72,2022-03-12,10.86,10.8185,12.0974
"6108",73,2022-03-13,10.43,10.8198,12.0768
"6109",74,2022-03-14,10.38,10.8201,12.0556
"6110",75,2022-03-15,10.69,10.8187,12.0322
"6111",76,2022-03-16,10.52,10.8149,12.0086
"6112",77,2022-03-17,10.82,10.8088,11.9897
"6113",78,2022-03-18,10.74,10.801,11.9722
"6114",79,2022-03-19,10.82,10.792,11.9532
"6115",80,2022-03-20,10.4,10.782,11.9354
"6116",81,2022-03-21,10.19,10.7713,11.9204
"6117",82,2022-03-22,9.94,10.7599,11.9085
"6118",83,2022-03-23,10.31,10.7475,11.898
"6119",84,2022-03-24,10.57,10.7345,11.8932
"6120",85,2022-03-25,10.59,10.721,11.8896
"6121",86,2022-03-26,10.82,10.7069,11.887
"6122",87,2022-03-27,11.11,10.6921,11.8851
"6123",88,2022-03-28,10.54,10.677,11.8828
"6124",89,2022-03-29,10.54,10.6616,11.8822
"6125",90,2022-03-30,10.2,10.6464,11.8819
"6126",91,2022-03-31,9.71,10.6315,11.8825
"6127",92,2022-04-01,9.02,10.6164,11.8845
"6128",93,2022-04-02,9.15,10.6006,11.8854
"6129",94,2022-04-03,9.12,10.5859,11.8864
"6130",95,2022-04-04,9.08,10.572,11.8875
"6131",96,2022-04-05,9.2,10.559,11.8881
"6132",97,2022-04-06,9.1,10.5477,11.8881
"6133",98,2022-04-07,9.2,10.5372,11.8884
"6134",99,2022-04-08,9.97,10.527,11.8891
"6135",100,2022-04-09,9.24,10.5173,11.889
"6136",101,2022-04-10,8.76,10.5073,11.8883
"6137",102,2022-04-11,8.89,10.4964,11.8867
"6138",103,2022-04-12,8.2,10.4851,11.8854
"6139",104,2022-04-13,9.25,10.4739,11.8831
"6140",105,2022-04-14,9.49,10.4625,11.8762
"6141",106,2022-04-15,9.44,10.4516,11.8694
"6142",107,2022-04-16,9.47,10.4408,11.8637
"6143",108,2022-04-17,9.37,10.4296,11.8528
"6144",109,2022-04-18,9.71,10.4187,11.8424
"6145",110,2022-04-19,9.7,10.409,11.8368
"6146",111,2022-04-20,9.89,10.3989,11.8298
"6147",112,2022-04-21,10.21,10.389,11.8229
"6148",113,2022-04-22,10.59,10.3797,11.8215
"6149",114,2022-04-23,10.89,10.3716,11.821
"6150",115,2022-04-24,11.09,10.364,11.8181
"6151",116,2022-04-25,11.85,10.3574,11.8162
"6152",117,2022-04-26,11.92,10.3529,11.8192
"6153",118,2022-04-27,10.07,10.3511,11.8297
"6154",119,2022-04-28,9.31,10.352,11.8426
"6155",120,2022-04-29,9.1,10.3555,11.8553
"6156",121,2022-04-30,9.06,10.3596,11.8698
"6157",122,2022-05-01,9.32,10.364,11.8846
"6158",123,2022-05-02,9.17,10.3683,11.8969
"6159",124,2022-05-03,9.47,10.3737,11.9092
"6160",125,2022-05-04,9.08,10.3781,11.9211
"6161",126,2022-05-05,9.94,10.3823,11.9341
"6162",127,2022-05-06,10.13,10.3847,11.9439
"6163",128,2022-05-07,9.92,10.3835,11.9506
"6164",129,2022-05-08,NA,10.381,11.9538
"6165",130,2022-05-09,NA,10.3777,11.949
"6166",131,2022-05-10,NA,10.3739,11.9425
"6167",132,2022-05-11,10.17,10.3724,11.9368
"6168",133,2022-05-12,10.11,10.3754,11.937
"6169",134,2022-05-13,10.14,10.3838,11.9471
"6170",135,2022-05-14,10.32,10.3964,11.9591
"6171",136,2022-05-15,9.63,10.414,11.9773
"6172",137,2022-05-16,10.56,10.4352,12.0004
"6173",138,2022-05-17,9.63,10.4609,12.0252
"6174",139,2022-05-18,9.75,10.4904,12.0597
"6175",140,2022-05-19,9.37,10.5216,12.0962
"6176",141,2022-05-20,9.21,10.553,12.1299
"6177",142,2022-05-21,8.01,10.5862,12.1653
"6178",143,2022-05-22,8.1,10.6189,12.1976
"6179",144,2022-05-23,8.95,10.6495,12.2213
"6180",145,2022-05-24,8.63,10.6768,12.2429
"6181",146,2022-05-25,8.83,10.7017,12.2635
"6182",147,2022-05-26,8.97,10.7233,12.2825
"6183",148,2022-05-27,10.01,10.7404,12.2966
"6184",149,2022-05-28,10.54,10.7524,12.3033
"6185",150,2022-05-29,11.44,10.7604,12.3073
"6186",151,2022-05-30,9.95,10.7635,12.31
"6187",152,2022-05-31,10.28,10.7646,12.3114
"6188",153,2022-06-01,11.1,10.7634,12.311
"6189",154,2022-06-02,12.16,10.7622,12.3133
"6190",155,2022-06-03,11.47,10.7615,12.3168
"6191",156,2022-06-04,11.04,10.7635,12.3258
"6192",157,2022-06-05,12.06,10.7668,12.334
"6193",158,2022-06-06,NA,10.7737,12.3497
"6194",159,2022-06-07,NA,10.7872,12.3715
"6195",160,2022-06-08,11.07,10.8084,12.3993
"6196",161,2022-06-09,11.03,10.8363,12.4391
"6197",162,2022-06-10,11.62,10.8715,12.4884
"6198",163,2022-06-11,10.79,10.911,12.5423
"6199",164,2022-06-12,12.3,10.9534,12.5947
"6200",165,2022-06-13,11.66,10.996,12.6405
"6201",166,2022-06-14,10.19,11.0385,12.6882
"6202",167,2022-06-15,9.63,11.0792,12.7366
"6203",168,2022-06-16,9.84,11.1194,12.787
"6204",169,2022-06-17,9.14,11.1588,12.8386
"6205",170,2022-06-18,NA,11.1983,12.8862
"6206",171,2022-06-19,9.49,11.2372,12.9358
"6207",172,2022-06-20,9.27,11.2777,12.9859
"6208",173,2022-06-21,9.87,11.3192,13.0395
"6209",174,2022-06-22,10.15,11.363,13.0945
"6210",175,2022-06-23,11.51,11.4101,13.1525
"6211",176,2022-06-24,12.47,11.4607,13.2106
"6212",177,2022-06-25,12.68,11.515,13.2706
"6213",178,2022-06-26,13.51,11.5732,13.33
"6214",179,2022-06-27,13.36,11.6354,13.3858
"6215",180,2022-06-28,13.71,11.7013,13.4386
"6216",181,2022-06-29,14.21,11.7692,13.4904
"6217",182,2022-06-30,13.99,11.8401,13.5415
"6218",183,2022-07-01,13.07,11.9118,13.5919
"6219",184,2022-07-02,13.76,11.9852,13.6432
"6220",185,2022-07-03,13.06,12.0584,13.6938
"6221",186,2022-07-04,13.36,12.1307,13.7438
"6222",187,2022-07-05,12.7,12.2011,13.7877
"6223",188,2022-07-06,12.48,12.2701,13.831
"6224",189,2022-07-07,11.82,12.3375,13.87
"6225",190,2022-07-08,12.86,12.4016,13.9068
"6226",191,2022-07-09,13.27,12.4598,13.9423
"6227",192,2022-07-10,14.15,12.5139,13.9758
"6228",193,2022-07-11,14.42,12.5629,14.0047
"6229",194,2022-07-12,14.66,12.6072,14.029
"6230",195,2022-07-13,13.87,12.6467,14.0525
"6231",196,2022-07-14,14.1,12.6838,14.0736
"6232",197,2022-07-15,14.36,12.7196,14.0911
"6233",198,2022-07-16,13.76,12.7559,14.1111
"6234",199,2022-07-17,13.32,12.7915,14.1291
"6235",200,2022-07-18,13.33,12.8257,14.146
"6236",201,2022-07-19,13.7,12.8589,14.1652
"6237",202,2022-07-20,13.59,12.8929,14.1816
"6238",203,2022-07-21,13.24,12.9251,14.2
"6239",204,2022-07-22,14.52,12.9558,14.2141
"6240",205,2022-07-23,13.84,12.985,14.2269
"6241",206,2022-07-24,13.61,13.0132,14.2383
"6242",207,2022-07-25,12.45,13.0398,14.2509
"6243",208,2022-07-26,13.26,13.0638,14.2616
"6244",209,2022-07-27,12.93,13.0851,14.2742
"6245",210,2022-07-28,11.18,13.1046,14.2903
"6246",211,2022-07-29,11.89,13.1228,14.3093
"6247",212,2022-07-30,12.97,13.1396,14.329
"6248",213,2022-07-31,13.89,13.1555,14.3493
"6249",214,2022-08-01,11.93,13.1712,14.3684
"6250",215,2022-08-02,12.78,13.1858,14.3878
"6251",216,2022-08-03,13.52,13.2006,14.4047
"6252",217,2022-08-04,14.04,13.2149,14.4188
"6253",218,2022-08-05,13.8,13.2297,14.4338
"6254",219,2022-08-06,13.82,13.2451,14.4494
"6255",220,2022-08-07,13.87,13.2601,14.4667
"6256",221,2022-08-08,14.43,13.2746,14.4847
"6257",222,2022-08-09,14.56,13.2891,14.5055
"6258",223,2022-08-10,14.15,13.3035,14.528
"6259",224,2022-08-11,14.02,13.3164,14.5496
"6260",225,2022-08-12,14.29,13.3273,14.5716
"6261",226,2022-08-13,14.59,13.3366,14.5913
"6262",227,2022-08-14,13.5,13.3431,14.6108
"6263",228,2022-08-15,13.01,13.347,14.632
"6264",229,2022-08-16,13.75,13.347,14.6496
"6265",230,2022-08-17,13.92,13.3435,14.6657
"6266",231,2022-08-18,14.47,13.3376,14.6802
"6267",232,2022-08-19,14.85,13.3296,14.686
"6268",233,2022-08-20,15.2,13.3186,14.689
"6269",234,2022-08-21,13.83,13.3059,14.6864
"6270",235,2022-08-22,14.1,13.292,14.6825
"6271",236,2022-08-23,13.68,13.2778,14.6786
"6272",237,2022-08-24,13.32,13.2629,14.6724
"6273",238,2022-08-25,13.27,13.2487,14.665
"6274",239,2022-08-26,13.18,13.2358,14.6544
"6275",240,2022-08-27,13.19,13.2245,14.6425
"6276",241,2022-08-28,13.38,13.2139,14.6299
"6277",242,2022-08-29,13.54,13.2038,14.619
"6278",243,2022-08-30,13.08,13.195,14.6091
"6279",244,2022-08-31,12.96,13.1862,14.6003
"6280",245,2022-09-01,11.86,13.1772,14.5928
"6281",246,2022-09-02,13.11,13.1686,14.5858
"6282",247,2022-09-03,13.28,13.1603,14.5841
"6283",248,2022-09-04,13.14,13.1527,14.5846
"6284",249,2022-09-05,13.48,13.144,14.585
"6285",250,2022-09-06,12.82,13.1334,14.5854
"6286",251,2022-09-07,13.01,13.1207,14.5843
"6287",252,2022-09-08,12.82,13.1066,14.5845
"6288",253,2022-09-09,12.61,13.091,14.5767
"6289",254,2022-09-10,13.74,13.0733,14.5603
"6290",255,2022-09-11,13.68,13.0552,14.536
"6291",256,2022-09-12,12.91,13.0379,14.5106
"6292",257,2022-09-13,13.6,13.0205,14.4851
"6293",258,2022-09-14,13.66,13.0027,14.459
"6294",259,2022-09-15,13.62,12.984,14.4304
"6295",260,2022-09-16,13.33,12.9651,14.3978
"6296",261,2022-09-17,12.89,12.9465,14.3644
"6297",262,2022-09-18,11.89,12.928,14.3318
"6298",263,2022-09-19,12.14,12.9095,14.3047
"6299",264,2022-09-20,13.16,12.8906,14.2763
"6300",265,2022-09-21,13.05,12.8705,14.2495
"6301",266,2022-09-22,13.08,12.8485,14.2215
"6302",267,2022-09-23,13.38,12.8237,14.1934
"6303",268,2022-09-24,14.03,12.7972,14.1656
"6304",269,2022-09-25,13.85,12.7686,14.1375
"6305",270,2022-09-26,13.58,12.7386,14.1106
"6306",271,2022-09-27,12.1,12.7071,14.0838
"6307",272,2022-09-28,12.66,12.6751,14.0573
"6308",273,2022-09-29,12.77,12.6428,14.0292
"6309",274,2022-09-30,11.72,12.6099,14.0005
"6310",275,2022-10-01,12.47,12.578,13.9725
"6311",276,2022-10-02,12.76,12.5478,13.9455
"6312",277,2022-10-03,13.13,12.5194,13.9215
"6313",278,2022-10-04,12.96,12.4924,13.8969
"6314",279,2022-10-05,12.99,12.4666,13.8739
"6315",280,2022-10-06,13.24,12.4422,13.8529
"6316",281,2022-10-07,13.03,12.419,13.8367
"6317",282,2022-10-08,13.6,12.397,13.8259
"6318",283,2022-10-09,13.54,12.376,13.8195
"6319",284,2022-10-10,13.52,12.3555,13.8181
"6320",285,2022-10-11,12.89,12.3364,13.8234
"6321",286,2022-10-12,13,12.3182,13.8365
"6322",287,2022-10-13,13.14,12.3009,13.8368
"6323",288,2022-10-14,12.67,12.2848,13.8369
"6324",289,2022-10-15,12.62,12.2708,13.8384
"6325",290,2022-10-16,13.06,12.2581,13.8409
"6326",291,2022-10-17,12.83,12.2472,13.8508
"6327",292,2022-10-18,12.7,12.2382,13.8624
"6328",293,2022-10-19,12.64,12.2305,13.874
"6329",294,2022-10-20,12.19,12.2237,13.8856
"6330",295,2022-10-21,11.93,12.2184,13.8996
"6331",296,2022-10-22,12.09,12.2147,13.9138
"6332",297,2022-10-23,11.13,12.2129,13.9296
"6333",298,2022-10-24,10.75,12.2132,13.9455
"6334",299,2022-10-25,10.57,12.2145,13.9622
"6335",300,2022-10-26,10.67,12.2167,13.98
"6336",301,2022-10-27,10.44,12.2197,13.9991
"6337",302,2022-10-28,10.53,12.2229,14.0154
"6338",303,2022-10-29,10.84,12.226,14.0284
"6339",304,2022-10-30,11.12,12.229,14.0407
"6340",305,2022-10-31,11,12.2319,14.0536
"6341",306,2022-11-01,10.91,12.2337,14.0662
"6342",307,2022-11-02,10.12,12.2341,14.0797
"6343",308,2022-11-03,10.55,12.2329,14.0878
"6344",309,2022-11-04,10.8,12.2295,14.0924
"6345",310,2022-11-05,10.58,12.2243,14.0897
"6346",311,2022-11-06,10.2,12.217,14.0835
"6347",312,2022-11-07,10.39,12.209,14.0715
"6348",313,2022-11-08,10.43,12.2008,14.0541
"6349",314,2022-11-09,10.49,12.1921,14.0299
"6350",315,2022-11-10,10.71,12.1828,14.0026
"6351",316,2022-11-11,11.12,12.1729,13.9723
"6352",317,2022-11-12,11.37,12.163,13.9405
"6353",318,2022-11-13,11.02,12.1526,13.9215
"6354",319,2022-11-14,11.16,12.1407,13.8993
"6355",320,2022-11-15,11.54,12.1275,13.8729
"6356",321,2022-11-16,11.17,12.1142,13.8476
"6357",322,2022-11-17,10.98,12.1005,13.8187
"6358",323,2022-11-18,10.86,12.0859,13.787
"6359",324,2022-11-19,10.5,12.0709,13.7541
"6360",325,2022-11-20,10.59,12.0557,13.717
"6361",326,2022-11-21,10.94,12.0408,13.6807
"6362",327,2022-11-22,11.14,12.0261,13.6456
"6363",328,2022-11-23,11.16,12.0111,13.6069
"6364",329,2022-11-24,11.08,11.9958,13.5669
"6365",330,2022-11-25,11.05,11.9812,13.5269
"6366",331,2022-11-26,10.7,11.9668,13.4863
"6367",332,2022-11-27,10.75,11.9521,13.4444
"6368",333,2022-11-28,10.84,11.9376,13.4053
"6369",334,2022-11-29,10.48,11.9233,13.3705
"6370",335,2022-11-30,10.29,11.9089,13.3381
"6371",336,2022-12-01,10.17,11.8945,13.3077
"6372",337,2022-12-02,10.36,11.88,13.2757
"6373",338,2022-12-03,10.34,11.8655,13.2432
"6374",339,2022-12-04,10.41,11.851,13.2149
"6375",340,2022-12-05,10.95,11.8369,13.1893
"6376",341,2022-12-06,10.95,11.8231,13.1695
"6377",342,2022-12-07,10.6,11.8103,13.1514
"6378",343,2022-12-08,11.01,11.7978,13.1349
"6379",344,2022-12-09,11.2,11.7857,13.1187
"6380",345,2022-12-10,11.22,11.7738,13.1025
"6381",346,2022-12-11,11.3,11.7619,13.0876
"6382",347,2022-12-12,11.17,11.7496,13.074
"6383",348,2022-12-13,11.06,11.737,13.0614
"6384",349,2022-12-14,11,11.7242,13.0489
"6385",350,2022-12-15,10.77,11.7121,13.0377
"6386",351,2022-12-16,10.76,11.7007,13.0267
"6387",352,2022-12-17,10.63,11.6894,13.0137
"6388",353,2022-12-18,10.62,11.6784,12.9993
"6389",354,2022-12-19,10.67,11.6678,12.9867
"6390",355,2022-12-20,10.65,11.6575,12.9681
"6391",356,2022-12-21,10.92,11.6479,12.9544
"6392",357,2022-12-22,11.08,11.6387,12.9409
"6393",358,2022-12-23,11.2,11.6302,12.9267
"6394",359,2022-12-24,11.3,11.6226,12.916
"6395",360,2022-12-25,11.35,11.6153,12.906
"6396",361,2022-12-26,11.41,11.6076,12.8956
"6397",362,2022-12-27,11.7,11.5996,12.8852
"6398",363,2022-12-28,11.56,11.5915,12.8752
"6399",364,2022-12-29,11.47,11.5833,12.8657
"6400",365,2022-12-30,11.52,11.5747,12.8552
"6401",366,2022-12-31,11.6,11.5656,12.8435
"6402",1,2023-01-01,11.37,11.5558,12.8291
"6403",2,2023-01-02,11.25,11.5456,12.8146
"6404",3,2023-01-03,11.18,11.535,12.8008
"6405",4,2023-01-04,11.03,11.5243,12.785
"6406",5,2023-01-05,11.31,11.5137,12.7695
"6407",6,2023-01-06,11.44,11.5034,12.7535
"6408",7,2023-01-07,11.47,11.4934,12.7367
"6409",8,2023-01-08,11.63,11.4837,12.7194
"6410",9,2023-01-09,11.83,11.4744,12.6996
"6411",10,2023-01-10,11.91,11.4659,12.6822
"6412",11,2023-01-11,11.94,11.4583,12.6643
"6413",12,2023-01-12,12.06,11.452,12.6469
"6414",13,2023-01-13,12.03,11.4466,12.6298
"6415",14,2023-01-14,12.07,11.4421,12.613
"6416",15,2023-01-15,12,11.4382,12.5975
"6417",16,2023-01-16,11.88,11.435,12.585
"6418",17,2023-01-17,11.72,11.432,12.5745
"6419",18,2023-01-18,11.67,11.4296,12.5663
"6420",19,2023-01-19,11.55,11.4271,12.5586
"6421",20,2023-01-20,11.42,11.4245,12.5578
"6422",21,2023-01-21,11.38,11.4216,12.5557
"6423",22,2023-01-22,11.47,11.4183,12.554
"6424",23,2023-01-23,11.22,11.4143,12.5515
"6425",24,2023-01-24,11.36,11.4097,12.5489
"6426",25,2023-01-25,11.37,11.4042,12.5466
"6427",26,2023-01-26,11.59,11.398,12.545
"6428",27,2023-01-27,11.54,11.3906,12.5449
"6429",28,2023-01-28,11.08,11.3823,12.5445
"6430",29,2023-01-29,10.76,11.3729,12.5436
"6431",30,2023-01-30,9.96,11.3624,12.5426
"6432",31,2023-01-31,10.33,11.351,12.5412
"6433",32,2023-02-01,10.48,11.3384,12.5397
"6434",33,2023-02-02,10.52,11.3241,12.5382
"6435",34,2023-02-03,10.54,11.308,12.5349
"6436",35,2023-02-04,10.65,11.29,12.531
"6437",36,2023-02-05,10.84,11.2705,12.5264
"6438",37,2023-02-06,10.69,11.2498,12.5218
"6439",38,2023-02-07,10.72,11.2279,12.5179
"6440",39,2023-02-08,10.52,11.2044,12.5139
"6441",40,2023-02-09,10.54,11.1795,12.5121
"6442",41,2023-02-10,10.4,11.1535,12.5082
"6443",42,2023-02-11,10.32,11.1265,12.5054
"6444",43,2023-02-12,9.99,11.0988,12.5019
"6445",44,2023-02-13,10.17,11.0714,12.4968
"6446",45,2023-02-14,9.28,11.0447,12.4902
"6447",46,2023-02-15,8.93,11.0189,12.4794
"6448",47,2023-02-16,9.12,10.9939,12.4663
"6449",48,2023-02-17,9.36,10.9698,12.4536
"6450",49,2023-02-18,9.26,10.9469,12.4409
"6451",50,2023-02-19,9.36,10.9256,12.4281
"6452",51,2023-02-20,9.39,10.906,12.4153
"6453",52,2023-02-21,9.4,10.8882,12.4033
"6454",53,2023-02-22,8.86,10.872,12.3907
"6455",54,2023-02-23,8.59,10.8574,12.3787
"6456",55,2023-02-24,8.5,10.8442,12.3662
"6457",56,2023-02-25,8.54,10.8326,12.3534
"6458",57,2023-02-26,9.21,10.8229,12.3408
"6459",58,2023-02-27,8.78,10.8152,12.3266
"6460",59,2023-02-28,8.82,10.8091,12.3124
"6461",61,2023-03-01,8.71,10.8017,12.2809
"6462",62,2023-03-02,8.64,10.7995,12.2654
"6463",63,2023-03-03,8.76,10.7981,12.2504
"6464",64,2023-03-04,8.8,10.7981,12.2349
"6465",65,2023-03-05,8.77,10.7996,12.2195
"6466",66,2023-03-06,8.73,10.8023,12.204
"6467",67,2023-03-07,8.8,10.8057,12.1885
"6468",68,2023-03-08,8.93,10.8089,12.1721
"6469",69,2023-03-09,9.02,10.8115,12.1541
"6470",70,2023-03-10,9.17,10.8141,12.1357
"6471",71,2023-03-11,9.15,10.8165,12.117
"6472",72,2023-03-12,9.52,10.8185,12.0974
"6473",73,2023-03-13,9.78,10.8198,12.0768
"6474",74,2023-03-14,9.84,10.8201,12.0556
"6475",75,2023-03-15,9.83,10.8187,12.0322
"6476",76,2023-03-16,9.81,10.8149,12.0086
"6477",77,2023-03-17,10.15,10.8088,11.9897
"6478",78,2023-03-18,9.92,10.801,11.9722
"6479",79,2023-03-19,10.35,10.792,11.9532
"6480",80,2023-03-20,10.08,10.782,11.9354
"6481",81,2023-03-21,10.31,10.7713,11.9204
"6482",82,2023-03-22,10.13,10.7599,11.9085
"6483",83,2023-03-23,10.14,10.7475,11.898
"6484",84,2023-03-24,9.97,10.7345,11.8932
"6485",85,2023-03-25,9.69,10.721,11.8896
"6486",86,2023-03-26,9.48,10.7069,11.887
"6487",87,2023-03-27,9.32,10.6921,11.8851
"6488",88,2023-03-28,9.35,10.677,11.8828
"6489",89,2023-03-29,9.52,10.6616,11.8822
"6490",90,2023-03-30,9.52,10.6464,11.8819
"6491",91,2023-03-31,9.69,10.6315,11.8825
"6492",92,2023-04-01,9.95,10.6164,11.8845
"6493",93,2023-04-02,9.82,10.6006,11.8854
"6494",94,2023-04-03,9.73,10.5859,11.8864
"6495",95,2023-04-04,9.64,10.572,11.8875
"6496",96,2023-04-05,9.71,10.559,11.8881
"6497",97,2023-04-06,9.75,10.5477,11.8881
"6498",98,2023-04-07,9.86,10.5372,11.8884
"6499",99,2023-04-08,9.88,10.527,11.8891
"6500",100,2023-04-09,10.5,10.5173,11.889
"6501",101,2023-04-10,9.92,10.5073,11.8883
"6502",102,2023-04-11,10.47,10.4964,11.8867
"6503",103,2023-04-12,9.6,10.4851,11.8854
"6504",104,2023-04-13,8.4,10.4739,11.8831
"6505",105,2023-04-14,8.55,10.4625,11.8762
"6506",106,2023-04-15,8.83,10.4516,11.8694
"6507",107,2023-04-16,8.82,10.4408,11.8637
"6508",108,2023-04-17,9.14,10.4296,11.8528
"6509",109,2023-04-18,8.92,10.4187,11.8424
"6510",110,2023-04-19,8.94,10.409,11.8368
"6511",111,2023-04-20,8.8,10.3989,11.8298
"6512",112,2023-04-21,9.11,10.389,11.8229
"6513",113,2023-04-22,8.51,10.3797,11.8215
"6514",114,2023-04-23,8.7,10.3716,11.821
"6515",115,2023-04-24,8.53,10.364,11.8181
"6516",116,2023-04-25,8.36,10.3574,11.8162
"6517",117,2023-04-26,8.69,10.3529,11.8192
"6518",118,2023-04-27,9.65,10.3511,11.8297
"6519",119,2023-04-28,NA,10.352,11.8426
"6520",120,2023-04-29,NA,10.3555,11.8553
"6521",121,2023-04-30,NA,10.3596,11.8698
"6522",122,2023-05-01,10.85,10.364,11.8846
"6523",123,2023-05-02,8.87,10.3683,11.8969
"6524",124,2023-05-03,9.22,10.3737,11.9092
"6525",125,2023-05-04,10.04,10.3781,11.9211
"6526",126,2023-05-05,9.97,10.3823,11.9341
"6527",127,2023-05-06,10.09,10.3847,11.9439
"6528",128,2023-05-07,10.55,10.3835,11.9506
"6529",129,2023-05-08,11.13,10.381,11.9538
"6530",130,2023-05-09,11.42,10.3777,11.949
"6531",131,2023-05-10,11.15,10.3739,11.9425
"6532",132,2023-05-11,10.85,10.3724,11.9368
"6533",133,2023-05-12,11.11,10.3754,11.937
"6534",134,2023-05-13,11.54,10.3838,11.9471
"6535",135,2023-05-14,12.51,10.3964,11.9591
"6536",136,2023-05-15,13,10.414,11.9773
"6537",137,2023-05-16,12.95,10.4352,12.0004
"6538",138,2023-05-17,12.92,10.4609,12.0252
"6539",139,2023-05-18,12,10.4904,12.0597
"6540",140,2023-05-19,12.56,10.5216,12.0962
"6541",141,2023-05-20,12.68,10.553,12.1299
"6542",142,2023-05-21,12.78,10.5862,12.1653
"6543",143,2023-05-22,10.68,10.6189,12.1976
"6544",144,2023-05-23,9.61,10.6495,12.2213
"6545",145,2023-05-24,9.43,10.6768,12.2429
"6546",146,2023-05-25,10.42,10.7017,12.2635
"6547",147,2023-05-26,NA,10.7233,12.2825
"6548",148,2023-05-27,NA,10.7404,12.2966
"6549",149,2023-05-28,NA,10.7524,12.3033
"6550",150,2023-05-29,11.09,10.7604,12.3073
"6551",151,2023-05-30,11.73,10.7635,12.31
"6552",152,2023-05-31,11.16,10.7646,12.3114
"6553",153,2023-06-01,11.53,10.7634,12.311
"6554",154,2023-06-02,11.23,10.7622,12.3133
"6555",155,2023-06-03,10.58,10.7615,12.3168
"6556",156,2023-06-04,11.1,10.7635,12.3258
"6557",157,2023-06-05,11.63,10.7668,12.334
"6558",158,2023-06-06,11.36,10.7737,12.3497
"6559",159,2023-06-07,10.8,10.7872,12.3715
"6560",160,2023-06-08,NA,10.8084,12.3993
"6561",161,2023-06-09,NA,10.8363,12.4391
"6562",162,2023-06-10,NA,10.8715,12.4884
"6563",163,2023-06-11,NA,10.911,12.5423
"6564",164,2023-06-12,12.44,10.9534,12.5947
"6565",165,2023-06-13,12.19,10.996,12.6405
"6566",166,2023-06-14,12.5,11.0385,12.6882
"6567",167,2023-06-15,12.81,11.0792,12.7366
"6568",168,2023-06-16,12.83,11.1194,12.787
"6569",169,2023-06-17,12.86,11.1588,12.8386
"6570",170,2023-06-18,13.44,11.1983,12.8862
"6571",171,2023-06-19,11.78,11.2372,12.9358
"6572",172,2023-06-20,10.9,11.2777,12.9859
"6573",173,2023-06-21,10.16,11.3192,13.0395
"6574",174,2023-06-22,11.47,11.363,13.0945
"6575",175,2023-06-23,11.68,11.4101,13.1525
"6576",176,2023-06-24,11.49,11.4607,13.2106
"6577",177,2023-06-25,NA,11.515,13.2706
"6578",178,2023-06-26,12.62,11.5732,13.33
"6579",179,2023-06-27,12.32,11.6354,13.3858
"6580",180,2023-06-28,12.92,11.7013,13.4386
"6581",181,2023-06-29,13.12,11.7692,13.4904
"6582",182,2023-06-30,13.63,11.8401,13.5415
"6583",183,2023-07-01,13.78,11.9118,13.5919
"6584",184,2023-07-02,13.5,11.9852,13.6432
"6585",185,2023-07-03,13.66,12.0584,13.6938
"6586",186,2023-07-04,13.37,12.1307,13.7438
"6587",187,2023-07-05,12.03,12.2011,13.7877
"6588",188,2023-07-06,12.49,12.2701,13.831
"6589",189,2023-07-07,12.93,12.3375,13.87
"6590",190,2023-07-08,13.72,12.4016,13.9068
"6591",191,2023-07-09,13.78,12.4598,13.9423
"6592",192,2023-07-10,14.69,12.5139,13.9758
"6593",193,2023-07-11,14.01,12.5629,14.0047
"6594",194,2023-07-12,14.34,12.6072,14.029
"6595",195,2023-07-13,15.15,12.6467,14.0525
"6596",196,2023-07-14,14.14,12.6838,14.0736
"6597",197,2023-07-15,13.56,12.7196,14.0911
"6598",198,2023-07-16,13.57,12.7559,14.1111
"6599",199,2023-07-17,14.07,12.7915,14.1291
"6600",200,2023-07-18,12.46,12.8257,14.146
"6601",201,2023-07-19,12.1,12.8589,14.1652
"6602",202,2023-07-20,12.27,12.8929,14.1816
"6603",203,2023-07-21,13.23,12.9251,14.2
"6604",204,2023-07-22,13.5,12.9558,14.2141
"6605",205,2023-07-23,13.46,12.985,14.2269
"6606",206,2023-07-24,13.15,13.0132,14.2383
"6607",207,2023-07-25,12.7,13.0398,14.2509
"6608",208,2023-07-26,12.25,13.0638,14.2616
"6609",209,2023-07-27,12.93,13.0851,14.2742
"6610",210,2023-07-28,13.68,13.1046,14.2903
"6611",211,2023-07-29,13.85,13.1228,14.3093
"6612",212,2023-07-30,13.82,13.1396,14.329
"6613",213,2023-07-31,13.11,13.1555,14.3493
"6614",214,2023-08-01,13.39,13.1712,14.3684
"6615",215,2023-08-02,14.16,13.1858,14.3878
"6616",216,2023-08-03,14.39,13.2006,14.4047
"6617",217,2023-08-04,13.75,13.2149,14.4188
"6618",218,2023-08-05,13.59,13.2297,14.4338
"6619",219,2023-08-06,12.81,13.2451,14.4494
"6620",220,2023-08-07,12.01,13.2601,14.4667
"6621",221,2023-08-08,12.36,13.2746,14.4847
"6622",222,2023-08-09,12.3,13.2891,14.5055
"6623",223,2023-08-10,12.57,13.3035,14.528
"6624",224,2023-08-11,13.04,13.3164,14.5496
"6625",225,2023-08-12,13.01,13.3273,14.5716
"6626",226,2023-08-13,13.16,13.3366,14.5913
"6627",227,2023-08-14,13.33,13.3431,14.6108
"6628",228,2023-08-15,14.19,13.347,14.632
"6629",229,2023-08-16,14.02,13.347,14.6496
"6630",230,2023-08-17,14.8,13.3435,14.6657
"6631",231,2023-08-18,14.81,13.3376,14.6802
"6632",232,2023-08-19,14.31,13.3296,14.686
"6633",233,2023-08-20,14.79,13.3186,14.689
"6634",234,2023-08-21,14.73,13.3059,14.6864
"6635",235,2023-08-22,14.94,13.292,14.6825
"6636",236,2023-08-23,15.07,13.2778,14.6786
"6637",237,2023-08-24,14.95,13.2629,14.6724
"6638",238,2023-08-25,15.28,13.2487,14.665
"6639",239,2023-08-26,15.24,13.2358,14.6544
"6640",240,2023-08-27,15.09,13.2245,14.6425
"6641",241,2023-08-28,14.95,13.2139,14.6299
"6642",242,2023-08-29,14.71,13.2038,14.619
"6643",243,2023-08-30,13.38,13.195,14.6091
"6644",244,2023-08-31,12.18,13.1862,14.6003
"6645",245,2023-09-01,11.48,13.1772,14.5928
"6646",246,2023-09-02,11.61,13.1686,14.5858
"6647",247,2023-09-03,12.31,13.1603,14.5841
"6648",248,2023-09-04,12.1,13.1527,14.5846
"6649",249,2023-09-05,12.34,13.144,14.585
"6650",250,2023-09-06,13.14,13.1334,14.5854
"6651",251,2023-09-07,13.44,13.1207,14.5843
"6652",252,2023-09-08,13.34,13.1066,14.5845
"6653",253,2023-09-09,13.45,13.091,14.5767
"6654",254,2023-09-10,13.94,13.0733,14.5603
"6655",255,2023-09-11,13.9,13.0552,14.536
"6656",256,2023-09-12,13.59,13.0379,14.5106
"6657",257,2023-09-13,13.26,13.0205,14.4851
"6658",258,2023-09-14,13.33,13.0027,14.459
"6659",259,2023-09-15,13.77,12.984,14.4304
"6660",260,2023-09-16,13.51,12.9651,14.3978
"6661",261,2023-09-17,13.35,12.9465,14.3644
"6662",262,2023-09-18,13.29,12.928,14.3318
"6663",263,2023-09-19,13.64,12.9095,14.3047
"6664",264,2023-09-20,13.52,12.8906,14.2763
"6665",265,2023-09-21,12.77,12.8705,14.2495
"6666",266,2023-09-22,13.16,12.8485,14.2215
"6667",267,2023-09-23,13.24,12.8237,14.1934
"6668",268,2023-09-24,13.43,12.7972,14.1656
"6669",269,2023-09-25,13.54,12.7686,14.1375
"6670",270,2023-09-26,13.26,12.7386,14.1106
"6671",271,2023-09-27,13.3,12.7071,14.0838
"6672",272,2023-09-28,13.18,12.6751,14.0573
"6673",273,2023-09-29,12.72,12.6428,14.0292
"6674",274,2023-09-30,12.63,12.6099,14.0005
"6675",275,2023-10-01,12.25,12.578,13.9725
"6676",276,2023-10-02,11.94,12.5478,13.9455
"6677",277,2023-10-03,12.88,12.5194,13.9215
"6678",278,2023-10-04,12.35,12.4924,13.8969
"6679",279,2023-10-05,12.5,12.4666,13.8739
"6680",280,2023-10-06,12.46,12.4422,13.8529
"6681",281,2023-10-07,12.83,12.419,13.8367
"6682",282,2023-10-08,12.83,12.397,13.8259
"6683",283,2023-10-09,12.9,12.376,13.8195
"6684",284,2023-10-10,12.6,12.3555,13.8181
"6685",285,2023-10-11,12.44,12.3364,13.8234
"6686",286,2023-10-12,12.67,12.3182,13.8365
"6687",287,2023-10-13,12.51,12.3009,13.8368
"6688",288,2023-10-14,12.4,12.2848,13.8369
"6689",289,2023-10-15,12.77,12.2708,13.8384
"6690",290,2023-10-16,12.94,12.2581,13.8409
"6691",291,2023-10-17,13.15,12.2472,13.8508
"6692",292,2023-10-18,13.38,12.2382,13.8624
"6693",293,2023-10-19,13.42,12.2305,13.874
"6694",294,2023-10-20,14.19,12.2237,13.8856
"6695",295,2023-10-21,14.41,12.2184,13.8996
"6696",296,2023-10-22,14.44,12.2147,13.9138
"6697",297,2023-10-23,13.83,12.2129,13.9296
"6698",298,2023-10-24,13.09,12.2132,13.9455
"6699",299,2023-10-25,13.23,12.2145,13.9622
"6700",300,2023-10-26,12.1,12.2167,13.98
"6701",301,2023-10-27,12,12.2197,13.9991
"6702",302,2023-10-28,11.93,12.2229,14.0154
"6703",303,2023-10-29,11.68,12.226,14.0284
"6704",304,2023-10-30,11.66,12.229,14.0407
"6705",305,2023-10-31,11.59,12.2319,14.0536
"6706",306,2023-11-01,11.56,12.2337,14.0662
"6707",307,2023-11-02,11.75,12.2341,14.0797
"6708",308,2023-11-03,14.61,12.2329,14.0878
"6709",309,2023-11-04,14.94,12.2295,14.0924
"6710",310,2023-11-05,13.67,12.2243,14.0897
"6711",311,2023-11-06,14.12,12.217,14.0835
"6712",312,2023-11-07,13.97,12.209,14.0715
"6713",313,2023-11-08,13.03,12.2008,14.0541
"6714",314,2023-11-09,13.71,12.1921,14.0299
"6715",315,2023-11-10,13.38,12.1828,14.0026
"6716",316,2023-11-11,13.1,12.1729,13.9723
"6717",317,2023-11-12,13.29,12.163,13.9405
"6718",318,2023-11-13,14.03,12.1526,13.9215
"6719",319,2023-11-14,14.14,12.1407,13.8993
"6720",320,2023-11-15,14.22,12.1275,13.8729
"6721",321,2023-11-16,14.55,12.1142,13.8476
"6722",322,2023-11-17,13.48,12.1005,13.8187
"6723",323,2023-11-18,13.91,12.0859,13.787
"6724",324,2023-11-19,14.18,12.0709,13.7541
"6725",325,2023-11-20,13.75,12.0557,13.717
"6726",326,2023-11-21,13.67,12.0408,13.6807
"6727",327,2023-11-22,13.58,12.0261,13.6456
"6728",328,2023-11-23,13.49,12.0111,13.6069
"6729",329,2023-11-24,12.42,11.9958,13.5669
"6730",330,2023-11-25,12.44,11.9812,13.5269
"6731",331,2023-11-26,12.55,11.9668,13.4863
"6732",332,2023-11-27,12.42,11.9521,13.4444
"6733",333,2023-11-28,12.14,11.9376,13.4053
"6734",334,2023-11-29,12.54,11.9233,13.3705
"6735",335,2023-11-30,12.53,11.9089,13.3381
"6736",336,2023-12-01,12.68,11.8945,13.3077
"6737",337,2023-12-02,13.17,11.88,13.2757
"6738",338,2023-12-03,13.25,11.8655,13.2432
"6739",339,2023-12-04,13.25,11.851,13.2149
"6740",340,2023-12-05,13.35,11.8369,13.1893
"6741",341,2023-12-06,13.49,11.8231,13.1695
"6742",342,2023-12-07,13.43,11.8103,13.1514
"6743",343,2023-12-08,13.16,11.7978,13.1349
"6744",344,2023-12-09,12.99,11.7857,13.1187
"6745",345,2023-12-10,12.82,11.7738,13.1025
"6746",346,2023-12-11,13.02,11.7619,13.0876
"6747",347,2023-12-12,13.06,11.7496,13.074
"6748",348,2023-12-13,12.99,11.737,13.0614
"6749",349,2023-12-14,13.04,11.7242,13.0489
"6750",350,2023-12-15,13.12,11.7121,13.0377
"6751",351,2023-12-16,13.14,11.7007,13.0267
"6752",352,2023-12-17,12.9,11.6894,13.0137
"6753",353,2023-12-18,12.97,11.6784,12.9993
"6754",354,2023-12-19,13.11,11.6678,12.9867
"6755",355,2023-12-20,13.16,11.6575,12.9681
"6756",356,2023-12-21,13.23,11.6479,12.9544
"6757",357,2023-12-22,13.25,11.6387,12.9409
"6758",358,2023-12-23,13.12,11.6302,12.9267
"6759",359,2023-12-24,13.14,11.6226,12.916
"6760",360,2023-12-25,13.29,11.6153,12.906
"6761",361,2023-12-26,13.42,11.6076,12.8956
"6762",362,2023-12-27,13.34,11.5996,12.8852
"6763",363,2023-12-28,13.46,11.5915,12.8752
"6764",364,2023-12-29,13.51,11.5833,12.8657
"6765",365,2023-12-30,13.59,11.5747,12.8552
"6766",366,2023-12-31,13.55,11.5656,12.8435
"6767",1,2024-01-01,13.49,11.5558,12.8291
"6768",2,2024-01-02,13.38,11.5456,12.8146
"6769",3,2024-01-03,13.32,11.535,12.8008
"6770",4,2024-01-04,13.28,11.5243,12.785
"6771",5,2024-01-05,13.18,11.5137,12.7695
"6772",6,2024-01-06,13.04,11.5034,12.7535
"6773",7,2024-01-07,12.78,11.4934,12.7367
"6774",8,2024-01-08,12.54,11.4837,12.7194
"6775",9,2024-01-09,12.49,11.4744,12.6996
"6776",10,2024-01-10,12.37,11.4659,12.6822
"6777",11,2024-01-11,11.75,11.4583,12.6643
"6778",12,2024-01-12,11.69,11.452,12.6469
"6779",13,2024-01-13,11.67,11.4466,12.6298
"6780",14,2024-01-14,11.9,11.4421,12.613
"6781",15,2024-01-15,11.73,11.4382,12.5975
"6782",16,2024-01-16,11.84,11.435,12.585
"6783",17,2024-01-17,11.93,11.432,12.5745
"6784",18,2024-01-18,12.13,11.4296,12.5663
"6785",19,2024-01-19,12.06,11.4271,12.5586
"6786",20,2024-01-20,12.19,11.4245,12.5578
"6787",21,2024-01-21,12.07,11.4216,12.5557
"6788",22,2024-01-22,12.05,11.4183,12.554
"6789",23,2024-01-23,12.17,11.4143,12.5515
"6790",24,2024-01-24,12.24,11.4097,12.5489
"6791",25,2024-01-25,12.31,11.4042,12.5466
"6792",26,2024-01-26,12.36,11.398,12.545
"6793",27,2024-01-27,12.37,11.3906,12.5449
"6794",28,2024-01-28,12.49,11.3823,12.5445
"6795",29,2024-01-29,12.64,11.3729,12.5436
"6796",30,2024-01-30,12.7,11.3624,12.5426
"6797",31,2024-01-31,12.74,11.351,12.5412
"6798",32,2024-02-01,12.7,11.3384,12.5397
"6799",33,2024-02-02,12.69,11.3241,12.5382
"6800",34,2024-02-03,12.58,11.308,12.5349
"6801",35,2024-02-04,12.49,11.29,12.531
"6802",36,2024-02-05,12.44,11.2705,12.5264
"6803",37,2024-02-06,12.42,11.2498,12.5218
"6804",38,2024-02-07,12.57,11.2279,12.5179
"6805",39,2024-02-08,12.43,11.2044,12.5139
"6806",40,2024-02-09,12.37,11.1795,12.5121
"6807",41,2024-02-10,12.31,11.1535,12.5082
"6808",42,2024-02-11,12.5,11.1265,12.5054
"6809",43,2024-02-12,12.35,11.0988,12.5019
"6810",44,2024-02-13,12.45,11.0714,12.4968
"6811",45,2024-02-14,12.59,11.0447,12.4902
"6812",46,2024-02-15,12.5,11.0189,12.4794
"6813",47,2024-02-16,12.45,10.9939,12.4663
"6814",48,2024-02-17,12.39,10.9698,12.4536
"6815",49,2024-02-18,12.37,10.9469,12.4409
"6816",50,2024-02-19,12.23,10.9256,12.4281
"6817",51,2024-02-20,12.46,10.906,12.4153
"6818",52,2024-02-21,12.5,10.8882,12.4033
"6819",53,2024-02-22,12.54,10.872,12.3907
"6820",54,2024-02-23,12.73,10.8574,12.3787
"6821",55,2024-02-24,12.75,10.8442,12.3662
"6822",56,2024-02-25,12.79,10.8326,12.3534
"6823",57,2024-02-26,13.13,10.8229,12.3408
"6824",58,2024-02-27,12.61,10.8152,12.3266
"6825",59,2024-02-28,12.47,10.8091,12.3124
"6826",60,2024-02-29,12.72,10.8048,12.2973
"6827",61,2024-03-01,12.55,10.8017,12.2809
"6828",62,2024-03-02,12.35,10.7995,12.2654
"6829",63,2024-03-03,12.06,10.7981,12.2504
"6830",64,2024-03-04,11.99,10.7981,12.2349
"6831",65,2024-03-05,11.86,10.7996,12.2195
"6832",66,2024-03-06,11.88,10.8023,12.204
"6833",67,2024-03-07,11.73,10.8057,12.1885
"6834",68,2024-03-08,11.76,10.8089,12.1721
"6835",69,2024-03-09,12.13,10.8115,12.1541
"6836",70,2024-03-10,12.04,10.8141,12.1357
"6837",71,2024-03-11,11.97,10.8165,12.117
"6838",72,2024-03-12,11.91,10.8185,12.0974
"6839",73,2024-03-13,11.83,10.8198,12.0768
"6840",74,2024-03-14,11.59,10.8201,12.0556
"6841",75,2024-03-15,11.29,10.8187,12.0322
"6842",76,2024-03-16,11.49,10.8149,12.0086
"6843",77,2024-03-17,12.11,10.8088,11.9897
"6844",78,2024-03-18,12.55,10.801,11.9722
"6845",79,2024-03-19,12.1,10.792,11.9532
"6846",80,2024-03-20,11.65,10.782,11.9354
"6847",81,2024-03-21,11.94,10.7713,11.9204
"6848",82,2024-03-22,12.29,10.7599,11.9085
"6849",83,2024-03-23,12.06,10.7475,11.898
"6850",84,2024-03-24,11.81,10.7345,11.8932
"6851",85,2024-03-25,11.48,10.721,11.8896
"6852",86,2024-03-26,11.17,10.7069,11.887
"6853",87,2024-03-27,11.16,10.6921,11.8851
"6854",88,2024-03-28,11.23,10.677,11.8828
"6855",89,2024-03-29,11.5,10.6616,11.8822
"6856",90,2024-03-30,11.45,10.6464,11.8819
"6857",91,2024-03-31,11.47,10.6315,11.8825
"6858",92,2024-04-01,11.07,10.6164,11.8845
"6859",93,2024-04-02,11.86,10.6006,11.8854
"6860",94,2024-04-03,12.15,10.5859,11.8864
"6861",95,2024-04-04,11.02,10.572,11.8875
"6862",96,2024-04-05,10.76,10.559,11.8881
"6863",97,2024-04-06,10.32,10.5477,11.8881
"6864",98,2024-04-07,10.63,10.5372,11.8884
"6865",99,2024-04-08,10.28,10.527,11.8891
"6866",100,2024-04-09,10.18,10.5173,11.889
"6867",101,2024-04-10,10.74,10.5073,11.8883
"6868",102,2024-04-11,10.46,10.4964,11.8867
"6869",103,2024-04-12,11.63,10.4851,11.8854
"6870",104,2024-04-13,11.57,10.4739,11.8831
"6871",105,2024-04-14,10.64,10.4625,11.8762
"6872",106,2024-04-15,10.65,10.4516,11.8694
"6873",107,2024-04-16,10.32,10.4408,11.8637
"6874",108,2024-04-17,NA,10.4296,11.8528
"6875",109,2024-04-18,NA,10.4187,11.8424
"6876",110,2024-04-19,10.67,10.409,11.8368
"6877",111,2024-04-20,11.48,10.3989,11.8298
"6878",112,2024-04-21,10.35,10.389,11.8229
"6879",113,2024-04-22,10.1,10.3797,11.8215
"6880",114,2024-04-23,10.16,10.3716,11.821
"6881",115,2024-04-24,11.12,10.364,11.8181
"6882",116,2024-04-25,11.25,10.3574,11.8162
"6883",117,2024-04-26,11.24,10.3529,11.8192
"6884",118,2024-04-27,10.04,10.3511,11.8297
"6885",119,2024-04-28,10.03,10.352,11.8426
"6886",120,2024-04-29,9.72,10.3555,11.8553
"6887",121,2024-04-30,9.67,10.3596,11.8698
"6888",122,2024-05-01,8.83,10.364,11.8846
"6889",123,2024-05-02,8.92,10.3683,11.8969
"6890",124,2024-05-03,8.94,10.3737,11.9092
"6891",125,2024-05-04,8.98,10.3781,11.9211
"6892",126,2024-05-05,9.35,10.3823,11.9341
"6893",127,2024-05-06,9.27,10.3847,11.9439
"6894",128,2024-05-07,10.18,10.3835,11.9506
"6895",129,2024-05-08,9.07,10.381,11.9538
"6896",130,2024-05-09,8.39,10.3777,11.949
"6897",131,2024-05-10,8.64,10.3739,11.9425
"6898",132,2024-05-11,9.52,10.3724,11.9368
"6899",133,2024-05-12,11.77,10.3754,11.937
"6900",134,2024-05-13,11.91,10.3838,11.9471
"6901",135,2024-05-14,10.73,10.3964,11.9591
"6902",136,2024-05-15,NA,10.414,11.9773
"6903",137,2024-05-16,NA,10.4352,12.0004
"6904",138,2024-05-17,NA,10.4609,12.0252
"6905",139,2024-05-18,12.15,10.4904,12.0597
"6906",140,2024-05-19,12.38,10.5216,12.0962
"6907",141,2024-05-20,10.07,10.553,12.1299
"6908",142,2024-05-21,9.83,10.5862,12.1653
"6909",143,2024-05-22,9.45,10.6189,12.1976
"6910",144,2024-05-23,9.16,10.6495,12.2213
"6911",145,2024-05-24,8.52,10.6768,12.2429
"6912",146,2024-05-25,8.61,10.7017,12.2635
"6913",147,2024-05-26,8.19,10.7233,12.2825
"6914",148,2024-05-27,9.31,10.7404,12.2966
"6915",149,2024-05-28,10.58,10.7524,12.3033
"6916",150,2024-05-29,8.95,10.7604,12.3073
"6917",151,2024-05-30,8.62,10.7635,12.31
"6918",152,2024-05-31,8.88,10.7646,12.3114
"6919",153,2024-06-01,9.15,10.7634,12.311
"6920",154,2024-06-02,9.35,10.7622,12.3133
"6921",155,2024-06-03,9.29,10.7615,12.3168
"6922",156,2024-06-04,9.68,10.7635,12.3258
"6923",157,2024-06-05,9.81,10.7668,12.334
"6924",158,2024-06-06,8.9,10.7737,12.3497
"6925",159,2024-06-07,9.36,10.7872,12.3715
"6926",160,2024-06-08,12.2,10.8084,12.3993
"6927",161,2024-06-09,12.17,10.8363,12.4391
"6928",162,2024-06-10,11.3,10.8715,12.4884
"6929",163,2024-06-11,12.37,10.911,12.5423
"6930",164,2024-06-12,9.26,10.9534,12.5947
"6931",165,2024-06-13,NA,10.996,12.6405
"6932",166,2024-06-14,10.31,11.0385,12.6882
"6933",167,2024-06-15,10.23,11.0792,12.7366
"6934",168,2024-06-16,9.24,11.1194,12.787
"6935",169,2024-06-17,8.89,11.1588,12.8386
"6936",170,2024-06-18,9.41,11.1983,12.8862
"6937",171,2024-06-19,9.02,11.2372,12.9358
"6938",172,2024-06-20,10.33,11.2777,12.9859
