"","doy","t","temp","seas","thresh"
"1",165,2006-06-13,10.80005882,10.4864,11.4537
"2",166,2006-06-14,10.40369565,10.5163,11.5028
"3",167,2006-06-15,10.28856522,10.5486,11.5572
"4",168,2006-06-16,10.572375,10.5812,11.6164
"5",169,2006-06-17,10.322,10.6121,11.6727
"6",170,2006-06-18,10.12425,10.6405,11.7181
"7",171,2006-06-19,9.729333333,10.6662,11.7599
"8",172,2006-06-20,9.57545,10.6894,11.8042
"9",173,2006-06-21,9.476619048,10.7113,11.8451
"10",174,2006-06-22,9.319409091,10.7341,11.8898
"11",175,2006-06-23,9.579545455,10.7575,11.9378
"12",176,2006-06-24,10.77811538,10.7805,11.9805
"13",177,2006-06-25,12.11,10.8032,12.0207
"14",178,2006-06-26,12.84615385,10.8251,12.0515
"15",179,2006-06-27,13.19279167,10.8494,12.0939
"16",180,2006-06-28,13.44115789,10.878,12.1398
"17",181,2006-06-29,13.83866667,10.9111,12.1919
"18",182,2006-06-30,14.54428571,10.949,12.2519
"19",183,2006-07-01,10.651,10.9902,12.3203
"20",184,2006-07-02,10.47281818,11.0344,12.3892
"21",185,2006-07-03,10.58785714,11.0806,12.4547
"22",186,2006-07-04,10.5099375,11.1272,12.5162
"23",187,2006-07-05,10.51168421,11.1741,12.5793
"24",188,2006-07-06,10.33833333,11.2198,12.6424
"25",189,2006-07-07,10.07631818,11.265,12.7061
"26",190,2006-07-08,9.817125,11.3088,12.7614
"27",191,2006-07-09,9.554125,11.3515,12.8134
"28",192,2006-07-10,9.445461538,11.3933,12.8716
"29",193,2006-07-11,9.442777778,11.4324,12.9188
"30",194,2006-07-12,9.892892857,11.4711,12.9685
"31",195,2006-07-13,9.964407407,11.509,13.0123
"32",196,2006-07-14,10.29416,11.5459,13.0552
"33",197,2006-07-15,10.19484615,11.5819,13.0958
"34",198,2006-07-16,10.16926087,11.618,13.1332
"35",199,2006-07-17,10.39826316,11.6553,13.1692
"36",200,2006-07-18,10.8597619,11.695,13.2062
"37",201,2006-07-19,10.68456522,11.7365,13.2422
"38",202,2006-07-20,11.99191304,11.7762,13.2728
"39",203,2006-07-21,12.34004167,11.8127,13.2932
"40",204,2006-07-22,11.42706667,11.8464,13.3101
"41",205,2006-07-23,11.07706667,11.8758,13.3165
"42",206,2006-07-24,11.08307143,11.9016,13.3149
"43",207,2006-07-25,11.40053846,11.9248,13.3118
"44",208,2006-07-26,11.76417391,11.9467,13.3065
"45",209,2006-07-27,12.94,11.9678,13.304
"46",210,2006-07-28,14.3554375,11.9873,13.3002
"47",211,2006-07-29,15.21025,12.0042,13.2958
"48",212,2006-07-30,13.40872727,12.0205,13.2966
"49",213,2006-07-31,11.58342857,12.0393,13.2975
"50",214,2006-08-01,11.3095,12.0615,13.3036
"51",215,2006-08-02,11.14389474,12.0876,13.3165
"52",216,2006-08-03,10.77633333,12.1171,13.3459
"53",217,2006-08-04,11.04126087,12.1504,13.3893
"54",218,2006-08-05,11.916,12.1871,13.4344
"55",219,2006-08-06,11.54908696,12.2265,13.4849
"56",220,2006-08-07,12.47034483,12.2687,13.5313
"57",221,2006-08-08,13.06333333,12.3127,13.5794
"58",222,2006-08-09,11.86739286,12.3568,13.6266
"59",223,2006-08-10,11.0627037,12.3975,13.6622
"60",224,2006-08-11,10.93266667,12.4338,13.7007
"61",225,2006-08-12,10.92032,12.4646,13.7321
"62",226,2006-08-13,11.35707143,12.4893,13.7604
"63",227,2006-08-14,12.15365,12.5088,13.7786
"64",228,2006-08-15,12.82338095,12.5234,13.7828
"65",229,2006-08-16,12.23652174,12.5331,13.7774
"66",230,2006-08-17,11.68966667,12.5388,13.7696
"67",231,2006-08-18,11.61656522,12.5395,13.7664
"68",232,2006-08-19,11.74541379,12.5363,13.7646
"69",233,2006-08-20,12.2458,12.5325,13.7605
"70",234,2006-08-21,12.77006897,12.5313,13.7617
"71",235,2006-08-22,12.61511111,12.5346,13.7723
"72",236,2006-08-23,11.62921739,12.5425,13.7874
"73",237,2006-08-24,11.29652381,12.5553,13.8088
"74",238,2006-08-25,11.09005556,12.5738,13.8363
"75",239,2006-08-26,11.5,12.5958,13.8717
"76",240,2006-08-27,12.6836,12.6196,13.9135
"77",241,2006-08-28,13.14528571,12.6441,13.9557
"78",242,2006-08-29,12.606,12.6691,13.99
"79",243,2006-08-30,12.1585,12.6927,14.0173
"80",244,2006-08-31,11.3533,12.7121,14.0558
"81",245,2006-09-01,11.58531818,12.7269,14.0961
"82",246,2006-09-02,12.00418182,12.7359,14.1314
"83",247,2006-09-03,12.19377273,12.7403,14.1538
"84",248,2006-09-04,12.24651852,12.74,14.1527
"85",249,2006-09-05,11.5882069,12.7335,14.149
"86",250,2006-09-06,11.34006452,12.7217,14.1399
"87",251,2006-09-07,11.44888889,12.7048,14.1303
"88",252,2006-09-08,11.33351852,12.6835,14.1156
"89",253,2006-09-09,11.29751852,12.6582,14.0748
"90",254,2006-09-10,11.43442308,12.6327,14.0318
"91",255,2006-09-11,11.51760714,12.6094,13.9905
"92",256,2006-09-12,11.57419048,12.5882,13.9513
"93",257,2006-09-13,11.528,12.5687,13.9147
"94",258,2006-09-14,11.84545455,12.5503,13.8877
"95",259,2006-09-15,11.59728571,12.5332,13.8697
"96",260,2006-09-16,11.21175,12.5175,13.8604
"97",261,2006-09-17,11.31957143,12.5028,13.8525
"98",262,2006-09-18,11.24667857,12.4898,13.8389
"99",263,2006-09-19,10.85346154,12.4784,13.825
"100",264,2006-09-20,10.65495652,12.4686,13.8202
"101",265,2006-09-21,10.71295455,12.4585,13.8199
"102",266,2006-09-22,10.2933,12.4454,13.8137
"103",267,2006-09-23,10.3815,12.4287,13.8027
"104",268,2006-09-24,10.681125,12.4087,13.7902
"105",269,2006-09-25,11.3881875,12.3859,13.7752
"106",270,2006-09-26,11.94452941,12.3613,13.7563
"107",271,2006-09-27,11.722,12.3366,13.7327
"108",272,2006-09-28,11.86265,12.3123,13.7092
"109",273,2006-09-29,11.97604762,12.2893,13.6945
"110",274,2006-09-30,12.3961,12.2681,13.6808
"111",275,2006-10-01,12.67933333,12.2482,13.6547
"112",276,2006-10-02,13.068125,12.2294,13.6216
"113",277,2006-10-03,13.10207692,12.2132,13.5892
"114",278,2006-10-04,13.39642857,12.2006,13.5689
"115",279,2006-10-05,13.64406897,12.1923,13.5857
"116",280,2006-10-06,13.28868966,12.188,13.6095
"117",281,2006-10-07,12.37188889,12.1877,13.6354
"118",282,2006-10-08,12.27788462,12.1889,13.6592
"119",283,2006-10-09,12.57703448,12.1911,13.681
"120",284,2006-10-10,13.08883333,12.194,13.7149
"121",285,2006-10-11,13.57246154,12.1969,13.746
"122",286,2006-10-12,13.88714286,12.2005,13.775
"123",287,2006-10-13,13.66552,12.2053,13.8037
"124",288,2006-10-14,13.521625,12.2108,13.8323
"125",289,2006-10-15,13.62847826,12.2161,13.8602
"126",290,2006-10-16,13.6299,12.2206,13.8864
"127",291,2006-10-17,12.68,12.2244,13.9113
"128",292,2006-10-18,11.84055556,12.2259,13.9313
"129",293,2006-10-19,11.82470588,12.2285,13.9494
"130",294,2006-10-20,12.13078571,12.2333,13.9669
"131",295,2006-10-21,12.2009375,12.2398,13.9808
"132",296,2006-10-22,12.60494118,12.2487,13.9892
"133",297,2006-10-23,13.29033333,12.2592,13.9976
"134",298,2006-10-24,13.1633,12.271,14.0092
"135",299,2006-10-25,11.87631818,12.2843,14.0188
"136",300,2006-10-26,11.51027273,12.2972,14.025
"137",301,2006-10-27,12.26854545,12.3088,14.0299
"138",302,2006-10-28,12.70328,12.3181,14.0334
"139",303,2006-10-29,13.317,12.3264,14.0363
"140",304,2006-10-30,12.9567619,12.3318,14.039
"141",305,2006-10-31,12.92,12.3342,14.0414
"142",306,2006-11-01,13.28969565,12.3342,14.042
"143",307,2006-11-02,13.72696,12.3315,14.0424
"144",308,2006-11-03,13.98111111,12.3258,14.0408
"145",309,2006-11-04,14.26166667,12.3165,14.0309
"146",310,2006-11-05,14.343,12.3031,14.0013
"147",311,2006-11-06,14.167,12.2878,13.9656
"148",312,2006-11-07,13.78096774,12.2718,13.9292
"149",313,2006-11-08,13.65690909,12.2564,13.8961
"150",314,2006-11-09,12.89567742,12.2418,13.8706
"151",315,2006-11-10,12.23817857,12.2271,13.8568
"152",316,2006-11-11,12.7096,12.2113,13.8468
"153",317,2006-11-12,11.52229412,12.194,13.8342
"154",318,2006-11-13,11.90791667,12.1754,13.8216
"155",319,2006-11-14,12.98,12.1564,13.8061
"156",320,2006-11-15,11.819,12.1376,13.782
"157",321,2006-11-16,12.3622,12.1194,13.7563
"158",322,2006-11-17,12.14423529,12.1008,13.7251
"159",323,2006-11-18,11.96988889,12.0826,13.6895
"160",324,2006-11-19,12.06405263,12.0623,13.6438
"161",325,2006-11-20,12.5843,12.0395,13.5987
"162",326,2006-11-21,12.67713636,12.0156,13.5717
"163",327,2006-11-22,12.73213043,11.9899,13.5472
"164",328,2006-11-23,12.53741667,11.9636,13.5217
"165",329,2006-11-24,11.928125,11.9362,13.4958
"166",330,2006-11-25,11.75557692,11.9075,13.4711
"167",331,2006-11-26,11.46084615,11.8781,13.4479
"168",332,2006-11-27,11.48582609,11.8489,13.4259
"169",333,2006-11-28,11.041,11.8205,13.4054
"170",334,2006-11-29,10.510125,11.7924,13.3842
"171",335,2006-11-30,10.31344444,11.766,13.3563
"172",336,2006-12-01,10.57166667,11.7406,13.317
"173",337,2006-12-02,10.52653846,11.7157,13.2767
"174",338,2006-12-03,10.83319355,11.6917,13.234
"175",339,2006-12-04,11.40424138,11.6685,13.1913
"176",340,2006-12-05,11.28341935,11.6458,13.1474
"177",341,2006-12-06,11.36909091,11.6231,13.0986
"178",342,2006-12-07,11.3976,11.6005,13.05
"179",343,2006-12-08,11.56554839,11.5769,12.9998
"180",344,2006-12-09,11.84910345,11.5521,12.9485
"181",345,2006-12-10,11.92040909,11.5259,12.8892
"182",346,2006-12-11,12.19891667,11.4987,12.826
"183",347,2006-12-12,12.36369231,11.4715,12.759
"184",348,2006-12-13,12.4394,11.4447,12.6966
"185",349,2006-12-14,12.53123529,11.4185,12.6349
"186",350,2006-12-15,12.42615789,11.3929,12.5768
"187",351,2006-12-16,11.9548,11.3685,12.5295
"188",352,2006-12-17,11.62038095,11.3459,12.4875
"189",353,2006-12-18,11.21845455,11.3249,12.4562
"190",354,2006-12-19,11.06738462,11.3062,12.4326
"191",355,2006-12-20,11.44174074,11.2898,12.4216
"192",356,2006-12-21,11.44664516,11.2753,12.4119
"193",357,2006-12-22,11.60075,11.2623,12.3877
"194",358,2006-12-23,11.47509091,11.2505,12.3637
"195",359,2006-12-24,11.47303333,11.2388,12.3395
"196",360,2006-12-25,11.48488889,11.2281,12.3156
"197",361,2006-12-26,11.46564286,11.218,12.2922
"198",362,2006-12-27,11.47664706,11.209,12.2705
"199",363,2006-12-28,10.99735,11.2016,12.2514
"200",364,2006-12-29,10.49954545,11.1961,12.2351
"201",365,2006-12-30,10.67204348,11.1919,12.2213
"202",366,2006-12-31,10.9472069,11.1886,12.2149
"203",1,2007-01-01,10.99690909,11.1862,12.2208
"204",2,2007-01-02,11.004625,11.1852,12.2278
"205",3,2007-01-03,11.19512903,11.1857,12.2394
"206",4,2007-01-04,11.65828125,11.1883,12.2548
"207",5,2007-01-05,10.74519355,11.1929,12.274
"208",6,2007-01-06,10.497,11.1997,12.2985
"209",7,2007-01-07,10.14532,11.2081,12.3247
"210",8,2007-01-08,9.697214286,11.2171,12.3502
"211",9,2007-01-09,9.72675,11.2269,12.3757
"212",10,2007-01-10,10.035,11.2376,12.4065
"213",11,2007-01-11,9.2316875,11.2498,12.438
"214",12,2007-01-12,8.951947368,11.2629,12.4732
"215",13,2007-01-13,8.798190476,11.2764,12.5075
"216",14,2007-01-14,8.951,11.2902,12.5403
"217",15,2007-01-15,9.2255,11.3041,12.5688
"218",16,2007-01-16,9.651074074,11.3178,12.5907
"219",17,2007-01-17,9.655551724,11.3306,12.6033
"220",18,2007-01-18,9.6166,11.3429,12.6109
"221",19,2007-01-19,10.0238,11.3551,12.6187
"222",20,2007-01-20,9.923965517,11.3667,12.6264
"223",21,2007-01-21,9.757933333,11.3775,12.6334
"224",22,2007-01-22,9.594517241,11.3872,12.6392
"225",23,2007-01-23,9.771666667,11.3961,12.643
"226",24,2007-01-24,10.09182353,11.4052,12.6459
"227",25,2007-01-25,10.04236842,11.414,12.6485
"228",26,2007-01-26,9.965,11.4223,12.6512
"229",27,2007-01-27,9.900434783,11.4294,12.6526
"230",28,2007-01-28,9.776166667,11.4351,12.6538
"231",29,2007-01-29,9.8564375,11.4388,12.654
"232",30,2007-01-30,10.40154545,11.4402,12.6528
"233",31,2007-01-31,10.61358621,11.4393,12.6493
"234",32,2007-02-01,10.36375862,11.4365,12.6447
"235",33,2007-02-02,10.03759259,11.4325,12.639
"236",34,2007-02-03,10.01588,11.4272,12.6312
"237",35,2007-02-04,10.2163913,11.42,12.6211
"238",36,2007-02-05,10.30255556,11.4118,12.6083
"239",37,2007-02-06,10.39263636,11.4026,12.5938
"240",38,2007-02-07,10.85353846,11.3923,12.5743
"241",39,2007-02-08,11.139,11.3813,12.5511
"242",40,2007-02-09,11.20176471,11.3698,12.5276
"243",41,2007-02-10,11.36973684,11.3583,12.5069
"244",42,2007-02-11,11.24066667,11.3472,12.4881
"245",43,2007-02-12,11.139,11.3368,12.4707
"246",44,2007-02-13,11.14340909,11.3269,12.4542
"247",45,2007-02-14,10.92754167,11.3179,12.4393
"248",46,2007-02-15,11.05171429,11.3102,12.4293
"249",47,2007-02-16,10.85292857,11.3032,12.4245
"250",48,2007-02-17,10.629,11.2965,12.4247
"251",49,2007-02-18,10.48985714,11.2898,12.4253
"252",50,2007-02-19,9.935481481,11.2826,12.4254
"253",51,2007-02-20,9.40488,11.2746,12.4252
"254",52,2007-02-21,9.373235294,11.2659,12.4258
"255",53,2007-02-22,9.871555556,11.2569,12.4253
"256",54,2007-02-23,9.7283,11.2469,12.4192
"257",55,2007-02-24,9.825909091,11.2356,12.4112
"258",56,2007-02-25,10.26326087,11.2227,12.4013
"259",57,2007-02-26,9.95296,11.2078,12.3868
"260",58,2007-02-27,10.0012963,11.1911,12.3679
"261",59,2007-02-28,9.817,11.1732,12.3432
"262",61,2007-03-01,9.877653846,11.1364,12.2911
"263",62,2007-03-02,10.01779167,11.1191,12.2686
"264",63,2007-03-03,10.15166667,11.1017,12.2461
"265",64,2007-03-04,10.37763158,11.0833,12.2253
"266",65,2007-03-05,10.6689375,11.0643,12.2077
"267",66,2007-03-06,10.8068,11.0447,12.1902
"268",67,2007-03-07,10.76458333,11.0237,12.1726
"269",68,2007-03-08,10.42484615,11.0015,12.1532
"270",69,2007-03-09,10.385,10.9776,12.1359
"271",70,2007-03-10,10.24747059,10.9523,12.1218
"272",71,2007-03-11,10.49855556,10.9246,12.1081
"273",72,2007-03-12,10.47133333,10.8941,12.0921
"274",73,2007-03-13,10.23722222,10.8604,12.0751
"275",74,2007-03-14,9.825764706,10.824,12.056
"276",75,2007-03-15,9.767545455,10.7848,12.0329
"277",76,2007-03-16,9.92512,10.7419,12.0018
"278",77,2007-03-17,9.647296296,10.696,11.9613
"279",78,2007-03-18,9.502538462,10.6476,11.9187
"280",79,2007-03-19,9.78356,10.5985,11.8602
"281",80,2007-03-20,9.83452,10.5498,11.801
"282",81,2007-03-21,9.5035,10.5016,11.7415
"283",82,2007-03-22,9.141058824,10.4554,11.6845
"284",83,2007-03-23,8.995470588,10.4108,11.6289
"285",84,2007-03-24,8.978,10.3675,11.5757
"286",85,2007-03-25,8.9186,10.3255,11.5288
"287",86,2007-03-26,9.275,10.2844,11.4838
"288",87,2007-03-27,9.232428571,10.2451,11.4406
"289",88,2007-03-28,9.08195,10.2082,11.402
"290",89,2007-03-29,9.24945,10.1732,11.3678
"291",90,2007-03-30,9.295368421,10.1387,11.337
"292",91,2007-03-31,9.2746875,10.1041,11.3063
"293",92,2007-04-01,9.063733333,10.0697,11.2749
"294",93,2007-04-02,9.0473,10.0356,11.242
"295",94,2007-04-03,9.203,10.0027,11.2087
"296",95,2007-04-04,9.242,9.9713,11.1737
"297",96,2007-04-05,9.487153846,9.9415,11.1354
"298",97,2007-04-06,9.585,9.9143,11.0986
"299",98,2007-04-07,9.540307692,9.8897,11.0618
"300",99,2007-04-08,9.586076923,9.8671,11.0277
"301",100,2007-04-09,9.88475,9.8467,10.9948
"302",101,2007-04-10,8.956714286,9.8291,10.9642
"303",102,2007-04-11,9.149,9.8146,10.9335
"304",103,2007-04-12,9.2552,9.8025,10.8992
"305",104,2007-04-13,9.164888889,9.7925,10.8627
"306",105,2007-04-14,9.269857143,9.7843,10.8244
"307",106,2007-04-15,8.944791667,9.7784,10.7868
"308",107,2007-04-16,8.99356,9.7744,10.7547
"309",108,2007-04-17,8.619565217,9.771,10.7298
"310",109,2007-04-18,8.356958333,9.7681,10.7057
"311",110,2007-04-19,8.322909091,9.7649,10.6945
"312",111,2007-04-20,8.624555556,9.761,10.6833
"313",112,2007-04-21,8.8665,9.7562,10.6704
"314",113,2007-04-22,9.101625,9.7506,10.6548
"315",114,2007-04-23,9.933875,9.7453,10.6394
"316",115,2007-04-24,9.859214286,9.7407,10.6254
"317",116,2007-04-25,9.4127,9.7356,10.6162
"318",117,2007-04-26,9.252888889,9.732,10.6167
"319",118,2007-04-27,9.0473,9.7293,10.6193
"320",119,2007-04-28,8.635,9.7278,10.6224
"321",120,2007-04-29,8.895333333,9.7276,10.6252
"322",121,2007-04-30,9.084615385,9.7297,10.6274
"323",122,2007-05-01,8.7592,9.734,10.6291
"324",123,2007-05-02,9.295714286,9.7399,10.631
"325",124,2007-05-03,9.346733333,9.7462,10.6327
"326",125,2007-05-04,9.754266667,9.7521,10.6343
"327",126,2007-05-05,9.544466667,9.7579,10.6363
"328",127,2007-05-06,9.2088,9.7641,10.6382
"329",128,2007-05-07,9.068666667,9.7689,10.6386
"330",129,2007-05-08,9.676214286,9.773,10.6388
"331",130,2007-05-09,9.504888889,9.7774,10.6374
"332",131,2007-05-10,9.324,9.7826,10.6349
"333",132,2007-05-11,9.203,9.7886,10.6345
"334",133,2007-05-12,9.648285714,9.7967,10.6344
"335",134,2007-05-13,9.558882353,9.8064,10.6394
"336",135,2007-05-14,9.207263158,9.8182,10.6476
"337",136,2007-05-15,8.68495,9.8318,10.6597
"338",137,2007-05-16,8.886875,9.8478,10.6751
"339",138,2007-05-17,8.684041667,9.8675,10.6956
"340",139,2007-05-18,8.377086957,9.8915,10.7275
"341",140,2007-05-19,8.489909091,9.9194,10.7637
"342",141,2007-05-20,8.5901,9.9511,10.8068
"343",142,2007-05-21,8.82875,9.9854,10.8557
"344",143,2007-05-22,8.700473684,10.0218,10.9104
"345",144,2007-05-23,9.099,10.0587,10.9657
"346",145,2007-05-24,8.531,10.0952,11.0233
"347",146,2007-05-25,8.581,10.1305,11.0787
"348",147,2007-05-26,8.708285714,10.1665,11.1328
"349",148,2007-05-27,9.057133333,10.1998,11.1664
"350",149,2007-05-28,9.408176471,10.2296,11.1943
"351",150,2007-05-29,9.9045,10.2553,11.2166
"352",151,2007-05-30,9.603444444,10.2767,11.235
"353",152,2007-05-31,9.954578947,10.2944,11.2454
"354",153,2007-06-01,10.21,10.3084,11.2539
"355",154,2007-06-02,9.729222222,10.3186,11.258
"356",155,2007-06-03,10.33961111,10.3268,11.2586
"357",156,2007-06-04,10.38933333,10.3347,11.2575
"358",157,2007-06-05,10.13427273,10.3435,11.2561
"359",158,2007-06-06,10.25322222,10.352,11.2586
"360",159,2007-06-07,10.71493333,10.3627,11.2684
"361",160,2007-06-08,10.448,10.3766,11.2859
"362",161,2007-06-09,10.50111765,10.3937,11.311
"363",162,2007-06-10,10.98978947,10.414,11.3435
"364",163,2007-06-11,10.47366667,10.4356,11.3753
"365",164,2007-06-12,9.776636364,10.4596,11.4135
"366",165,2007-06-13,9.360434783,10.4864,11.4537
"367",166,2007-06-14,9.207535714,10.5163,11.5028
"368",167,2007-06-15,9.362714286,10.5486,11.5572
"369",168,2007-06-16,9.17937037,10.5812,11.6164
"370",169,2007-06-17,9.14756,10.6121,11.6727
"371",170,2007-06-18,9.085090909,10.6405,11.7181
"372",171,2007-06-19,9.62385,10.6662,11.7599
"373",172,2007-06-20,10.60378947,10.6894,11.8042
"374",173,2007-06-21,10.89475,10.7113,11.8451
"375",174,2007-06-22,10.63561538,10.7341,11.8898
"376",175,2007-06-23,10.83953333,10.7575,11.9378
"377",176,2007-06-24,10.17252941,10.7805,11.9805
"378",177,2007-06-25,9.943894737,10.8032,12.0207
"379",178,2007-06-26,9.35365,10.8251,12.0515
"380",179,2007-06-27,8.812238095,10.8494,12.0939
"381",180,2007-06-28,9.978090909,10.878,12.1398
"382",181,2007-06-29,9.924363636,10.9111,12.1919
"383",182,2007-06-30,9.772894737,10.949,12.2519
"384",183,2007-07-01,9.855736842,10.9902,12.3203
"385",184,2007-07-02,10.11072727,11.0344,12.3892
"386",185,2007-07-03,9.772363636,11.0806,12.4547
"387",186,2007-07-04,10.19328571,11.1272,12.5162
"388",187,2007-07-05,9.78425,11.1741,12.5793
"389",188,2007-07-06,9.8785625,11.2198,12.6424
"390",189,2007-07-07,9.985368421,11.265,12.7061
"391",190,2007-07-08,9.93515,11.3088,12.7614
"392",191,2007-07-09,10.49326087,11.3515,12.8134
"393",192,2007-07-10,11.19579167,11.3933,12.8716
"394",193,2007-07-11,12.170625,11.4324,12.9188
"395",194,2007-07-12,12.73836667,11.4711,12.9685
"396",195,2007-07-13,13.4765,11.509,13.0123
"397",196,2007-07-14,12.68475862,11.5459,13.0552
"398",197,2007-07-15,11.56560714,11.5819,13.0958
"399",198,2007-07-16,11.22828,11.618,13.1332
"400",199,2007-07-17,11.72113636,11.6553,13.1692
"401",200,2007-07-18,12.418,11.695,13.2062
"402",201,2007-07-19,12.72873333,11.7365,13.2422
"403",202,2007-07-20,13.69485714,11.7762,13.2728
"404",203,2007-07-21,12.80606667,11.8127,13.2932
"405",204,2007-07-22,11.79744444,11.8464,13.3101
"406",205,2007-07-23,11.19205,11.8758,13.3165
"407",206,2007-07-24,10.95752381,11.9016,13.3149
"408",207,2007-07-25,10.57495455,11.9248,13.3118
"409",208,2007-07-26,10.34809091,11.9467,13.3065
"410",209,2007-07-27,10.19663636,11.9678,13.304
"411",210,2007-07-28,10.24675,11.9873,13.3002
"412",211,2007-07-29,10.72104,12.0042,13.2958
"413",212,2007-07-30,10.35308,12.0205,13.2966
"414",213,2007-07-31,10.30988,12.0393,13.2975
"415",214,2007-08-01,11.1266,12.0615,13.3036
"416",215,2007-08-02,11.56152174,12.0876,13.3165
"417",216,2007-08-03,11.505,12.1171,13.3459
"418",217,2007-08-04,11.2997,12.1504,13.3893
"419",218,2007-08-05,10.61527273,12.1871,13.4344
"420",219,2007-08-06,11.64925,12.2265,13.4849
"421",220,2007-08-07,12.5282,12.2687,13.5313
"422",221,2007-08-08,12.36544,12.3127,13.5794
"423",222,2007-08-09,12.06796667,12.3568,13.6266
"424",223,2007-08-10,11.15390625,12.3975,13.6622
"425",224,2007-08-11,10.58445161,12.4338,13.7007
"426",225,2007-08-12,11.09881481,12.4646,13.7321
"427",226,2007-08-13,11.43,12.4893,13.7604
"428",227,2007-08-14,10.8105,12.5088,13.7786
"429",228,2007-08-15,11.0946,12.5234,13.7828
"430",229,2007-08-16,11.65144444,12.5331,13.7774
"431",230,2007-08-17,11.528,12.5388,13.7696
"432",231,2007-08-18,11.722,12.5395,13.7664
"433",232,2007-08-19,12.82641176,12.5363,13.7646
"434",233,2007-08-20,12.31966667,12.5325,13.7605
"435",234,2007-08-21,11.9257,12.5313,13.7617
"436",235,2007-08-22,11.43990476,12.5346,13.7723
"437",236,2007-08-23,11.22233333,12.5425,13.7874
"438",237,2007-08-24,11.86980952,12.5553,13.8088
"439",238,2007-08-25,11.77244,12.5738,13.8363
"440",239,2007-08-26,11.73992593,12.5958,13.8717
"441",240,2007-08-27,11.53840741,12.6196,13.9135
"442",241,2007-08-28,12.41884615,12.6441,13.9557
"443",242,2007-08-29,13.1262,12.6691,13.99
"444",243,2007-08-30,13.3074,12.6927,14.0173
"445",244,2007-08-31,12.96428,12.7121,14.0558
"446",245,2007-09-01,12.51166667,12.7269,14.0961
"447",246,2007-09-02,12.29471429,12.7359,14.1314
"448",247,2007-09-03,12.35026087,12.7403,14.1538
"449",248,2007-09-04,12.95966667,12.74,14.1527
"450",249,2007-09-05,11.70091304,12.7335,14.149
"451",250,2007-09-06,11.65589286,12.7217,14.1399
"452",251,2007-09-07,11.59913333,12.7048,14.1303
"453",252,2007-09-08,11.56603571,12.6835,14.1156
"454",253,2007-09-09,11.722,12.6582,14.0748
"455",254,2007-09-10,11.76511111,12.6327,14.0318
"456",255,2007-09-11,11.916,12.6094,13.9905
"457",256,2007-09-12,11.89175,12.5882,13.9513
"458",257,2007-09-13,12.2673125,12.5687,13.9147
"459",258,2007-09-14,12.85571429,12.5503,13.8877
"460",259,2007-09-15,13.2046,12.5332,13.8697
"461",260,2007-09-16,13.18941176,12.5175,13.8604
"462",261,2007-09-17,12.45977778,12.5028,13.8525
"463",262,2007-09-18,11.84963158,12.4898,13.8389
"464",263,2007-09-19,11.35555556,12.4784,13.825
"465",264,2007-09-20,10.69416667,12.4686,13.8202
"466",265,2007-09-21,11.22476471,12.4585,13.8199
"467",266,2007-09-22,12.3621,12.4454,13.8137
"468",267,2007-09-23,13.04924,12.4287,13.8027
"469",268,2007-09-24,12.36688462,12.4087,13.7902
"470",269,2007-09-25,11.70403704,12.3859,13.7752
"471",270,2007-09-26,11.40914815,12.3613,13.7563
"472",271,2007-09-27,11.89361538,12.3366,13.7327
"473",272,2007-09-28,12.40434615,12.3123,13.7092
"474",273,2007-09-29,11.96796429,12.2893,13.6945
"475",274,2007-09-30,11.49768966,12.2681,13.6808
"476",275,2007-10-01,11.70934783,12.2482,13.6547
"477",276,2007-10-02,11.60813043,12.2294,13.6216
"478",277,2007-10-03,11.596625,12.2132,13.5892
"479",278,2007-10-04,11.21466667,12.2006,13.5689
"480",279,2007-10-05,11.02234615,12.1923,13.5857
"481",280,2007-10-06,10.68061538,12.188,13.6095
"482",281,2007-10-07,10.95983333,12.1877,13.6354
"483",282,2007-10-08,11.00612,12.1889,13.6592
"484",283,2007-10-09,11.509,12.1911,13.681
"485",284,2007-10-10,12.75621053,12.194,13.7149
"486",285,2007-10-11,12.56153333,12.1969,13.746
"487",286,2007-10-12,12.455,12.2005,13.775
"488",287,2007-10-13,12.72233333,12.2053,13.8037
"489",288,2007-10-14,12.47689474,12.2108,13.8323
"490",289,2007-10-15,12.68005263,12.2161,13.8602
"491",290,2007-10-16,12.59845,12.2206,13.8864
"492",291,2007-10-17,12.46668421,12.2244,13.9113
"493",292,2007-10-18,11.952375,12.2259,13.9313
"494",293,2007-10-19,12.69808333,12.2285,13.9494
"495",294,2007-10-20,12.23286667,12.2333,13.9669
"496",295,2007-10-21,11.83431579,12.2398,13.9808
"497",296,2007-10-22,12.11843478,12.2487,13.9892
"498",297,2007-10-23,12.02852,12.2592,13.9976
"499",298,2007-10-24,11.92292857,12.271,14.0092
"500",299,2007-10-25,11.64841379,12.2843,14.0188
"501",300,2007-10-26,10.81103571,12.2972,14.025
"502",301,2007-10-27,11.04746875,12.3088,14.0299
"503",302,2007-10-28,11.02027273,12.3181,14.0334
"504",303,2007-10-29,11.0319375,12.3264,14.0363
"505",304,2007-10-30,10.94371875,12.3318,14.039
"506",305,2007-10-31,11.08346667,12.3342,14.0414
"507",306,2007-11-01,10.67175,12.3342,14.042
"508",307,2007-11-02,10.61226087,12.3315,14.0424
"509",308,2007-11-03,10.44452632,12.3258,14.0408
"510",309,2007-11-04,10.38313333,12.3165,14.0309
"511",310,2007-11-05,10.65733333,12.3031,14.0013
"512",311,2007-11-06,10.839875,12.2878,13.9656
"513",312,2007-11-07,10.57605882,12.2718,13.9292
"514",313,2007-11-08,11.27433333,12.2564,13.8961
"515",314,2007-11-09,11.49736842,12.2418,13.8706
"516",315,2007-11-10,11.57165,12.2271,13.8568
"517",316,2007-11-11,11.5765,12.2113,13.8468
"518",317,2007-11-12,11.10633333,12.194,13.8342
"519",318,2007-11-13,11.27159091,12.1754,13.8216
"520",319,2007-11-14,11.33828571,12.1564,13.8061
"521",320,2007-11-15,11.07916667,12.1376,13.782
"522",321,2007-11-16,11.13892308,12.1194,13.7563
"523",322,2007-11-17,11.06772727,12.1008,13.7251
"524",323,2007-11-18,11.07366667,12.0826,13.6895
"525",324,2007-11-19,11.24253333,12.0623,13.6438
"526",325,2007-11-20,10.67370588,12.0395,13.5987
"527",326,2007-11-21,10.37247368,12.0156,13.5717
"528",327,2007-11-22,10.46588889,11.9899,13.5472
"529",328,2007-11-23,10.39293333,11.9636,13.5217
"530",329,2007-11-24,10.59136667,11.9362,13.4958
"531",330,2007-11-25,11.29277419,11.9075,13.4711
"532",331,2007-11-26,11.29055882,11.8781,13.4479
"533",332,2007-11-27,11.05242857,11.8489,13.4259
"534",333,2007-11-28,10.40154545,11.8205,13.4054
"535",334,2007-11-29,10.22306667,11.7924,13.3842
"536",335,2007-11-30,9.810608696,11.766,13.3563
"537",336,2007-12-01,9.507357143,11.7406,13.317
"538",337,2007-12-02,9.472,11.7157,13.2767
"539",338,2007-12-03,10.66205882,11.6917,13.234
"540",339,2007-12-04,10.61064706,11.6685,13.1913
"541",340,2007-12-05,10.41373684,11.6458,13.1474
"542",341,2007-12-06,10.4452,11.6231,13.0986
"543",342,2007-12-07,10.5677,11.6005,13.05
"544",343,2007-12-08,9.92,11.5769,12.9998
"545",344,2007-12-09,9.539318182,11.5521,12.9485
"546",345,2007-12-10,9.547884615,11.5259,12.8892
"547",346,2007-12-11,9.267222222,11.4987,12.826
"548",347,2007-12-12,9.322185185,11.4715,12.759
"549",348,2007-12-13,9.456730769,11.4447,12.6966
"550",349,2007-12-14,9.586958333,11.4185,12.6349
"551",350,2007-12-15,9.7185,11.3929,12.5768
"552",351,2007-12-16,9.768,11.3685,12.5295
"553",352,2007-12-17,10.944,11.3459,12.4875
"554",353,2007-12-18,10.944,11.3249,12.4562
"555",354,2007-12-19,10.651,11.3062,12.4326
"556",355,2007-12-20,10.83747826,11.2898,12.4216
"557",356,2007-12-21,10.18127586,11.2753,12.4119
"558",357,2007-12-22,9.988424242,11.2623,12.3877
"559",358,2007-12-23,10.399875,11.2505,12.3637
"560",359,2007-12-24,10.29638235,11.2388,12.3395
"561",360,2007-12-25,9.788515152,11.2281,12.3156
"562",361,2007-12-26,9.611411765,11.218,12.2922
"563",362,2007-12-27,9.3765,11.209,12.2705
"564",363,2007-12-28,9.464384615,11.2016,12.2514
"565",364,2007-12-29,9.571,11.1961,12.2351
"566",365,2007-12-30,9.9452,11.1919,12.2213
"567",366,2007-12-31,9.361470588,11.1886,12.2149
"568",1,2008-01-01,9.316210526,11.1862,12.2208
"569",2,2008-01-02,9.50665,11.1852,12.2278
"570",3,2008-01-03,9.791333333,11.1857,12.2394
"571",4,2008-01-04,10.13872727,11.1883,12.2548
"572",5,2008-01-05,9.965,11.1929,12.274
"573",6,2008-01-06,9.945961538,11.1997,12.2985
"574",7,2008-01-07,9.907769231,11.2081,12.3247
"575",8,2008-01-08,9.980076923,11.2171,12.3502
"576",9,2008-01-09,10.1155,11.2269,12.3757
"577",10,2008-01-10,10.294,11.2376,12.4065
"578",11,2008-01-11,10.38966667,11.2498,12.438
"579",12,2008-01-12,10.54483333,11.2629,12.4732
"580",13,2008-01-13,10.553,11.2764,12.5075
"581",14,2008-01-14,10.455,11.2902,12.5403
"582",15,2008-01-15,10.26415789,11.3041,12.5688
"583",16,2008-01-16,10.04963636,11.3178,12.5907
"584",17,2008-01-17,9.997625,11.3306,12.6033
"585",18,2008-01-18,10.31388,11.3429,12.6109
"586",19,2008-01-19,10.4580625,11.3551,12.6187
"587",20,2008-01-20,10.46652941,11.3667,12.6264
"588",21,2008-01-21,10.29575,11.3775,12.6334
"589",22,2008-01-22,10.1150625,11.3872,12.6392
"590",23,2008-01-23,9.967903226,11.3961,12.643
"591",24,2008-01-24,10.161,11.4052,12.6459
"592",25,2008-01-25,9.964925926,11.414,12.6485
"593",26,2008-01-26,10.33027273,11.4223,12.6512
"594",27,2008-01-27,10.42,11.4294,12.6526
"595",28,2008-01-28,10.161,11.4351,12.6538
"596",29,2008-01-29,10.42617647,11.4388,12.654
"597",30,2008-01-30,10.259,11.4402,12.6528
"598",31,2008-01-31,10.5726,11.4393,12.6493
"599",32,2008-02-01,10.48172727,11.4365,12.6447
"600",33,2008-02-02,10.553,11.4325,12.639
"601",34,2008-02-03,10.36590909,11.4272,12.6312
"602",35,2008-02-04,10.48636,11.42,12.6211
"603",36,2008-02-05,10.357,11.4118,12.6083
"604",37,2008-02-06,10.28644,11.4026,12.5938
"605",38,2008-02-07,10.14215385,11.3923,12.5743
"606",39,2008-02-08,10.04015385,11.3813,12.5511
"607",40,2008-02-09,9.84256,11.3698,12.5276
"608",41,2008-02-10,9.977695652,11.3583,12.5069
"609",42,2008-02-11,9.7482,11.3472,12.4881
"610",43,2008-02-12,9.768,11.3368,12.4707
"611",44,2008-02-13,9.697285714,11.3269,12.4542
"612",45,2008-02-14,9.373217391,11.3179,12.4393
"613",46,2008-02-15,9.303583333,11.3102,12.4293
"614",47,2008-02-16,9.58676,11.3032,12.4245
"615",48,2008-02-17,9.728133333,11.2965,12.4247
"616",49,2008-02-18,10.00874194,11.2898,12.4253
"617",50,2008-02-19,10.38065517,11.2826,12.4254
"618",51,2008-02-20,10.61326923,11.2746,12.4252
"619",52,2008-02-21,10.56807692,11.2659,12.4258
"620",53,2008-02-22,10.54075,11.2569,12.4253
"621",54,2008-02-23,10.3766,11.2469,12.4192
"622",55,2008-02-24,10.29166667,11.2356,12.4112
"623",56,2008-02-25,10.47007692,11.2227,12.4013
"624",57,2008-02-26,10.6704,11.2078,12.3868
"625",58,2008-02-27,10.78835294,11.1911,12.3679
"626",59,2008-02-28,10.57029412,11.1732,12.3432
"627",60,2008-02-29,10.54211111,11.1546,12.3169
"628",61,2008-03-01,10.56388889,11.1364,12.2911
"629",62,2008-03-02,10.16676471,11.1191,12.2686
"630",63,2008-03-03,10.01111765,11.1017,12.2461
"631",64,2008-03-04,10.18678947,11.0833,12.2253
"632",65,2008-03-05,9.780478261,11.0643,12.2077
"633",66,2008-03-06,9.866208333,11.0447,12.1902
"634",67,2008-03-07,9.882666667,11.0237,12.1726
"635",68,2008-03-08,9.923833333,11.0015,12.1532
"636",69,2008-03-09,9.767782609,10.9776,12.1359
"637",70,2008-03-10,9.73325,10.9523,12.1218
"638",71,2008-03-11,9.652,10.9246,12.1081
"639",72,2008-03-12,9.286588235,10.8941,12.0921
"640",73,2008-03-13,9.5413,10.8604,12.0751
"641",74,2008-03-14,9.620045455,10.824,12.056
"642",75,2008-03-15,9.213619048,10.7848,12.0329
"643",76,2008-03-16,9.2708,10.7419,12.0018
"644",77,2008-03-17,9.183269231,10.696,11.9613
"645",78,2008-03-18,8.997038462,10.6476,11.9187
"646",79,2008-03-19,8.75528,10.5985,11.8602
"647",80,2008-03-20,8.748913043,10.5498,11.801
"648",81,2008-03-21,8.7793,10.5016,11.7415
"649",82,2008-03-22,8.7356875,10.4554,11.6845
"650",83,2008-03-23,8.771166667,10.4108,11.6289
"651",84,2008-03-24,8.649461538,10.3675,11.5757
"652",85,2008-03-25,8.458153846,10.3255,11.5288
"653",86,2008-03-26,8.534615385,10.2844,11.4838
"654",87,2008-03-27,8.802307692,10.2451,11.4406
"655",88,2008-03-28,8.368533333,10.2082,11.402
"656",89,2008-03-29,8.596230769,10.1732,11.3678
"657",90,2008-03-30,8.200181818,10.1387,11.337
"658",91,2008-03-31,7.949333333,10.1041,11.3063
"659",92,2008-04-01,8.603,10.0697,11.2749
"660",93,2008-04-02,9.035294118,10.0356,11.242
"661",94,2008-04-03,9.092631579,10.0027,11.2087
"662",95,2008-04-04,9.150173913,9.9713,11.1737
"663",96,2008-04-05,8.930521739,9.9415,11.1354
"664",97,2008-04-06,9.171409091,9.9143,11.0986
"665",98,2008-04-07,8.969130435,9.8897,11.0618
"666",99,2008-04-08,8.840055556,9.8671,11.0277
"667",100,2008-04-09,8.795833333,9.8467,10.9948
"668",101,2008-04-10,8.609941176,9.8291,10.9642
"669",102,2008-04-11,8.784888889,9.8146,10.9335
"670",103,2008-04-12,9.197944444,9.8025,10.8992
"671",104,2008-04-13,9.2549,9.7925,10.8627
"672",105,2008-04-14,9.0958,9.7843,10.8244
"673",106,2008-04-15,8.941052632,9.7784,10.7868
"674",107,2008-04-16,8.826058824,9.7744,10.7547
"675",108,2008-04-17,8.817615385,9.771,10.7298
"676",109,2008-04-18,8.695230769,9.7681,10.7057
"677",110,2008-04-19,8.523928571,9.7649,10.6945
"678",111,2008-04-20,8.511769231,9.761,10.6833
"679",112,2008-04-21,8.743857143,9.7562,10.6704
"680",113,2008-04-22,8.694071429,9.7506,10.6548
"681",114,2008-04-23,8.821857143,9.7453,10.6394
"682",115,2008-04-24,8.764153846,9.7407,10.6254
"683",116,2008-04-25,8.809,9.7356,10.6162
"684",117,2008-04-26,9.05225,9.732,10.6167
"685",118,2008-04-27,9.2255,9.7293,10.6193
"686",119,2008-04-28,NA,9.7278,10.6224
"687",120,2008-04-29,NA,9.7276,10.6252
"688",121,2008-04-30,9.213125,9.7297,10.6274
"689",122,2008-05-01,9.03575,9.734,10.6291
"690",123,2008-05-02,8.746,9.7399,10.631
"691",124,2008-05-03,8.767647059,9.7462,10.6327
"692",125,2008-05-04,8.423473684,9.7521,10.6343
"693",126,2008-05-05,8.336272727,9.7579,10.6363
"694",127,2008-05-06,8.554434783,9.7641,10.6382
"695",128,2008-05-07,8.757304348,9.7689,10.6386
"696",129,2008-05-08,8.648136364,9.773,10.6388
"697",130,2008-05-09,8.370789474,9.7774,10.6374
"698",131,2008-05-10,8.140863636,9.7826,10.6349
"699",132,2008-05-11,8.376142857,9.7886,10.6345
"700",133,2008-05-12,8.6236875,9.7967,10.6344
"701",134,2008-05-13,8.663416667,9.8064,10.6394
"702",135,2008-05-14,8.217714286,9.8182,10.6476
"703",136,2008-05-15,8.838933333,9.8318,10.6597
"704",137,2008-05-16,10.399875,9.8478,10.6751
"705",138,2008-05-17,9.9953125,9.8675,10.6956
"706",139,2008-05-18,9.883647059,9.8915,10.7275
"707",140,2008-05-19,10.22441176,9.9194,10.7637
"708",141,2008-05-20,10.124125,9.9511,10.8068
"709",142,2008-05-21,9.9339375,9.9854,10.8557
"710",143,2008-05-22,9.41625,10.0218,10.9104
"711",144,2008-05-23,8.836071429,10.0587,10.9657
"712",145,2008-05-24,8.617,10.0952,11.0233
"713",146,2008-05-25,8.779,10.1305,11.0787
"714",147,2008-05-26,9.62,10.1665,11.1328
"715",148,2008-05-27,9.429571429,10.1998,11.1664
"716",149,2008-05-28,10.26790909,10.2296,11.1943
"717",150,2008-05-29,9.662,10.2553,11.2166
"718",151,2008-05-30,9.910055556,10.2767,11.235
"719",152,2008-05-31,9.881947368,10.2944,11.2454
"720",153,2008-06-01,9.682590909,10.3084,11.2539
"721",154,2008-06-02,9.364652174,10.3186,11.258
"722",155,2008-06-03,8.935884615,10.3268,11.2586
"723",156,2008-06-04,9.214857143,10.3347,11.2575
"724",157,2008-06-05,9.069230769,10.3435,11.2561
"725",158,2008-06-06,9.03,10.352,11.2586
"726",159,2008-06-07,9.006666667,10.3627,11.2684
"727",160,2008-06-08,9.003076923,10.3766,11.2859
"728",161,2008-06-09,9.010833333,10.3937,11.311
"729",162,2008-06-10,9.12125,10.414,11.3435
"730",163,2008-06-11,9.21625,10.4356,11.3753
"731",164,2008-06-12,9.127777778,10.4596,11.4135
"732",165,2008-06-13,9.43,10.4864,11.4537
"733",166,2008-06-14,9.384444444,10.5163,11.5028
"734",167,2008-06-15,9.678,10.5486,11.5572
"735",168,2008-06-16,9.124,10.5812,11.6164
"736",169,2008-06-17,9.289,10.6121,11.6727
"737",170,2008-06-18,8.902222222,10.6405,11.7181
"738",171,2008-06-19,8.76,10.6662,11.7599
"739",172,2008-06-20,9.1525,10.6894,11.8042
"740",173,2008-06-21,8.907142857,10.7113,11.8451
"741",174,2008-06-22,8.886,10.7341,11.8898
"742",175,2008-06-23,9.18375,10.7575,11.9378
"743",176,2008-06-24,9.835,10.7805,11.9805
"744",177,2008-06-25,9.785714286,10.8032,12.0207
"745",178,2008-06-26,9.78375,10.8251,12.0515
"746",179,2008-06-27,9.883,10.8494,12.0939
"747",180,2008-06-28,10.45636364,10.878,12.1398
"748",181,2008-06-29,11.0975,10.9111,12.1919
"749",182,2008-06-30,11.77166667,10.949,12.2519
"750",183,2008-07-01,11.58642857,10.9902,12.3203
"751",184,2008-07-02,11.15733333,11.0344,12.3892
"752",185,2008-07-03,10.72,11.0806,12.4547
"753",186,2008-07-04,10.47857143,11.1272,12.5162
"754",187,2008-07-05,10.55461538,11.1741,12.5793
"755",188,2008-07-06,10.62666667,11.2198,12.6424
"756",189,2008-07-07,10.06384615,11.265,12.7061
"757",190,2008-07-08,10.85142857,11.3088,12.7614
"758",191,2008-07-09,13.2175,11.3515,12.8134
"759",192,2008-07-10,11.99555556,11.3933,12.8716
"760",193,2008-07-11,11.73444444,11.4324,12.9188
"761",194,2008-07-12,13.794,11.4711,12.9685
"762",195,2008-07-13,14.469,11.509,13.0123
"763",196,2008-07-14,14.94818182,11.5459,13.0552
"764",197,2008-07-15,14.711,11.5819,13.0958
"765",198,2008-07-16,12.52,11.618,13.1332
"766",199,2008-07-17,11.503,11.6553,13.1692
"767",200,2008-07-18,11.13181818,11.695,13.2062
"768",201,2008-07-19,10.84,11.7365,13.2422
"769",202,2008-07-20,10.66454545,11.7762,13.2728
"770",203,2008-07-21,11.031,11.8127,13.2932
"771",204,2008-07-22,11.396,11.8464,13.3101
"772",205,2008-07-23,11.52625,11.8758,13.3165
"773",206,2008-07-24,11.14555556,11.9016,13.3149
"774",207,2008-07-25,11.142,11.9248,13.3118
"775",208,2008-07-26,11.27818182,11.9467,13.3065
"776",209,2008-07-27,11.12923077,11.9678,13.304
"777",210,2008-07-28,10.89076923,11.9873,13.3002
"778",211,2008-07-29,11.19416667,12.0042,13.2958
"779",212,2008-07-30,11.096875,12.0205,13.2966
"780",213,2008-07-31,10.76933333,12.0393,13.2975
"781",214,2008-08-01,11.27142857,12.0615,13.3036
"782",215,2008-08-02,11.73071429,12.0876,13.3165
"783",216,2008-08-03,11.29083333,12.1171,13.3459
"784",217,2008-08-04,10.94272727,12.1504,13.3893
"785",218,2008-08-05,10.90583333,12.1871,13.4344
"786",219,2008-08-06,11.06,12.2265,13.4849
"787",220,2008-08-07,11.17222222,12.2687,13.5313
"788",221,2008-08-08,10.984,12.3127,13.5794
"789",222,2008-08-09,11.69,12.3568,13.6266
"790",223,2008-08-10,11.984,12.3975,13.6622
"791",224,2008-08-11,11.528,12.4338,13.7007
"792",225,2008-08-12,11.46,12.4646,13.7321
"793",226,2008-08-13,11.1,12.4893,13.7604
"794",227,2008-08-14,11.17,12.5088,13.7786
"795",228,2008-08-15,10.94166667,12.5234,13.7828
"796",229,2008-08-16,11.65583333,12.5331,13.7774
"797",230,2008-08-17,12.84818182,12.5388,13.7696
"798",231,2008-08-18,13.52583333,12.5395,13.7664
"799",232,2008-08-19,13.91272727,12.5363,13.7646
"800",233,2008-08-20,14.39416667,12.5325,13.7605
"801",234,2008-08-21,12.92888889,12.5313,13.7617
"802",235,2008-08-22,12.489,12.5346,13.7723
"803",236,2008-08-23,11.87727273,12.5425,13.7874
"804",237,2008-08-24,12.40076923,12.5553,13.8088
"805",238,2008-08-25,12.38666667,12.5738,13.8363
"806",239,2008-08-26,11.74615385,12.5958,13.8717
"807",240,2008-08-27,11.696,12.6196,13.9135
"808",241,2008-08-28,11.378125,12.6441,13.9557
"809",242,2008-08-29,11.774,12.6691,13.99
"810",243,2008-08-30,12.05153846,12.6927,14.0173
"811",244,2008-08-31,11.45307692,12.7121,14.0558
"812",245,2008-09-01,11.22454545,12.7269,14.0961
"813",246,2008-09-02,11.3,12.7359,14.1314
"814",247,2008-09-03,11.41,12.7403,14.1538
"815",248,2008-09-04,11.8875,12.74,14.1527
"816",249,2008-09-05,12.68111111,12.7335,14.149
"817",250,2008-09-06,13.82444444,12.7217,14.1399
"818",251,2008-09-07,13.82,12.7048,14.1303
"819",252,2008-09-08,13.96333333,12.6835,14.1156
"820",253,2008-09-09,13.51,12.6582,14.0748
"821",254,2008-09-10,13.57,12.6327,14.0318
"822",255,2008-09-11,13.667,12.6094,13.9905
"823",256,2008-09-12,13.86666667,12.5882,13.9513
"824",257,2008-09-13,13.90769231,12.5687,13.9147
"825",258,2008-09-14,14.06615385,12.5503,13.8877
"826",259,2008-09-15,14.02545455,12.5332,13.8697
"827",260,2008-09-16,13.93,12.5175,13.8604
"828",261,2008-09-17,13.93,12.5028,13.8525
"829",262,2008-09-18,14.08857143,12.4898,13.8389
"830",263,2008-09-19,14.115,12.4784,13.825
"831",264,2008-09-20,14.78454545,12.4686,13.8202
"832",265,2008-09-21,14.88545455,12.4585,13.8199
"833",266,2008-09-22,14.0425,12.4454,13.8137
"834",267,2008-09-23,13.17153846,12.4287,13.8027
"835",268,2008-09-24,12.82642857,12.4087,13.7902
"836",269,2008-09-25,12.478,12.3859,13.7752
"837",270,2008-09-26,12.30285714,12.3613,13.7563
"838",271,2008-09-27,12.16071429,12.3366,13.7327
"839",272,2008-09-28,12.48461538,12.3123,13.7092
"840",273,2008-09-29,12.62818182,12.2893,13.6945
"841",274,2008-09-30,13.12363636,12.2681,13.6808
"842",275,2008-10-01,13.49090909,12.2482,13.6547
"843",276,2008-10-02,14.38666667,12.2294,13.6216
"844",277,2008-10-03,14.33,12.2132,13.5892
"845",278,2008-10-04,14.10888889,12.2006,13.5689
"846",279,2008-10-05,13.74,12.1923,13.5857
"847",280,2008-10-06,14.04625,12.188,13.6095
"848",281,2008-10-07,13.92333333,12.1877,13.6354
"849",282,2008-10-08,13,12.1889,13.6592
"850",283,2008-10-09,11.98666667,12.1911,13.681
"851",284,2008-10-10,11.0325,12.194,13.7149
"852",285,2008-10-11,10.315,12.1969,13.746
"853",286,2008-10-12,10.15333333,12.2005,13.775
"854",287,2008-10-13,10.34538462,12.2053,13.8037
"855",288,2008-10-14,10.59153846,12.2108,13.8323
"856",289,2008-10-15,10.72076923,12.2161,13.8602
"857",290,2008-10-16,10.68846154,12.2206,13.8864
"858",291,2008-10-17,10.89333333,12.2244,13.9113
"859",292,2008-10-18,10.91066667,12.2259,13.9313
"860",293,2008-10-19,10.94923077,12.2285,13.9494
"861",294,2008-10-20,11.35538462,12.2333,13.9669
"862",295,2008-10-21,11.46428571,12.2398,13.9808
"863",296,2008-10-22,11.1675,12.2487,13.9892
"864",297,2008-10-23,11.18454545,12.2592,13.9976
"865",298,2008-10-24,11.25583333,12.271,14.0092
"866",299,2008-10-25,10.92916667,12.2843,14.0188
"867",300,2008-10-26,11.14727273,12.2972,14.025
"868",301,2008-10-27,11.42090909,12.3088,14.0299
"869",302,2008-10-28,11.62181818,12.3181,14.0334
"870",303,2008-10-29,11.82111111,12.3264,14.0363
"871",304,2008-10-30,11.82,12.3318,14.039
"872",305,2008-10-31,12.02,12.3342,14.0414
"873",306,2008-11-01,12.41181818,12.3342,14.042
"874",307,2008-11-02,12.328,12.3315,14.0424
"875",308,2008-11-03,12.56888889,12.3258,14.0408
"876",309,2008-11-04,12.71714286,12.3165,14.0309
"877",310,2008-11-05,12.47,12.3031,14.0013
"878",311,2008-11-06,12.64,12.2878,13.9656
"879",312,2008-11-07,12.82,12.2718,13.9292
"880",313,2008-11-08,12.83142857,12.2564,13.8961
"881",314,2008-11-09,12.47,12.2418,13.8706
"882",315,2008-11-10,11.97777778,12.2271,13.8568
"883",316,2008-11-11,12.07461538,12.2113,13.8468
"884",317,2008-11-12,12.14285714,12.194,13.8342
"885",318,2008-11-13,12.11785714,12.1754,13.8216
"886",319,2008-11-14,11.838,12.1564,13.8061
"887",320,2008-11-15,11.88166667,12.1376,13.782
"888",321,2008-11-16,11.85058824,12.1194,13.7563
"889",322,2008-11-17,11.959375,12.1008,13.7251
"890",323,2008-11-18,11.925,12.0826,13.6895
"891",324,2008-11-19,11.79461538,12.0623,13.6438
"892",325,2008-11-20,11.77,12.0395,13.5987
"893",326,2008-11-21,11.54,12.0156,13.5717
"894",327,2008-11-22,11.3,11.9899,13.5472
"895",328,2008-11-23,11.20888889,11.9636,13.5217
"896",329,2008-11-24,11.41444444,11.9362,13.4958
"897",330,2008-11-25,11.18545455,11.9075,13.4711
"898",331,2008-11-26,11.19333333,11.8781,13.4479
"899",332,2008-11-27,11.28818182,11.8489,13.4259
"900",333,2008-11-28,11.23846154,11.8205,13.4054
"901",334,2008-11-29,11.39785714,11.7924,13.3842
"902",335,2008-11-30,11.75,11.766,13.3563
"903",336,2008-12-01,11.968,11.7406,13.317
"904",337,2008-12-02,12.16,11.7157,13.2767
"905",338,2008-12-03,11.90285714,11.6917,13.234
"906",339,2008-12-04,11.62,11.6685,13.1913
"907",340,2008-12-05,11.82166667,11.6458,13.1474
"908",341,2008-12-06,11.56285714,11.6231,13.0986
"909",342,2008-12-07,11.55777778,11.6005,13.05
"910",343,2008-12-08,11.459,11.5769,12.9998
"911",344,2008-12-09,11.14909091,11.5521,12.9485
"912",345,2008-12-10,10.92714286,11.5259,12.8892
"913",346,2008-12-11,11.05866667,11.4987,12.826
"914",347,2008-12-12,11.0475,11.4715,12.759
"915",348,2008-12-13,10.69352941,11.4447,12.6966
"916",349,2008-12-14,10.52823529,11.4185,12.6349
"917",350,2008-12-15,10.23777778,11.3929,12.5768
"918",351,2008-12-16,10.06058824,11.3685,12.5295
"919",352,2008-12-17,9.540769231,11.3459,12.4875
"920",353,2008-12-18,9.71,11.3249,12.4562
"921",354,2008-12-19,10.41125,11.3062,12.4326
"922",355,2008-12-20,9.972222222,11.2898,12.4216
"923",356,2008-12-21,9.957,11.2753,12.4119
"924",357,2008-12-22,10.449,11.2623,12.3877
"925",358,2008-12-23,10.198,11.2505,12.3637
"926",359,2008-12-24,10.58538462,11.2388,12.3395
"927",360,2008-12-25,10.55769231,11.2281,12.3156
"928",361,2008-12-26,10.14769231,11.218,12.2922
"929",362,2008-12-27,10.19615385,11.209,12.2705
"930",363,2008-12-28,10.43714286,11.2016,12.2514
"931",364,2008-12-29,10.79307692,11.1961,12.2351
"932",365,2008-12-30,10.95833333,11.1919,12.2213
"933",366,2008-12-31,10.81,11.1886,12.2149
"934",1,2009-01-01,10.64555556,11.1862,12.2208
"935",2,2009-01-02,10.61,11.1852,12.2278
"936",3,2009-01-03,9.92125,11.1857,12.2394
"937",4,2009-01-04,9.44,11.1883,12.2548
"938",5,2009-01-05,9.42,11.1929,12.274
"939",6,2009-01-06,9.871818182,11.1997,12.2985
"940",7,2009-01-07,10.05,11.2081,12.3247
"941",8,2009-01-08,10.05117647,11.2171,12.3502
"942",9,2009-01-09,9.847058824,11.2269,12.3757
"943",10,2009-01-10,9.763529412,11.2376,12.4065
"944",11,2009-01-11,9.952941176,11.2498,12.438
"945",12,2009-01-12,10.04625,11.2629,12.4732
"946",13,2009-01-13,10.154375,11.2764,12.5075
"947",14,2009-01-14,10.23,11.2902,12.5403
"948",15,2009-01-15,10.17666667,11.3041,12.5688
"949",16,2009-01-16,10.09,11.3178,12.5907
"950",17,2009-01-17,10.41333333,11.3306,12.6033
"951",18,2009-01-18,10.392,11.3429,12.6109
"952",19,2009-01-19,10.40363636,11.3551,12.6187
"953",20,2009-01-20,10.36,11.3667,12.6264
"954",21,2009-01-21,10.52181818,11.3775,12.6334
"955",22,2009-01-22,10.57833333,11.3872,12.6392
"956",23,2009-01-23,10.77357143,11.3961,12.643
"957",24,2009-01-24,10.58166667,11.4052,12.6459
"958",25,2009-01-25,10.22727273,11.414,12.6485
"959",26,2009-01-26,9.975833333,11.4223,12.6512
"960",27,2009-01-27,9.779090909,11.4294,12.6526
"961",28,2009-01-28,9.777272727,11.4351,12.6538
"962",29,2009-01-29,9.886363636,11.4388,12.654
"963",30,2009-01-30,9.85,11.4402,12.6528
"964",31,2009-01-31,9.85,11.4393,12.6493
"965",32,2009-02-01,9.856666667,11.4365,12.6447
"966",33,2009-02-02,9.874,11.4325,12.639
"967",34,2009-02-03,10.01181818,11.4272,12.6312
"968",35,2009-02-04,10.18333333,11.42,12.6211
"969",36,2009-02-05,10.27,11.4118,12.6083
"970",37,2009-02-06,10.4275,11.4026,12.5938
"971",38,2009-02-07,10.06375,11.3923,12.5743
"972",39,2009-02-08,10.032,11.3813,12.5511
"973",40,2009-02-09,9.9,11.3698,12.5276
"974",41,2009-02-10,9.603571429,11.3583,12.5069
"975",42,2009-02-11,9.702857143,11.3472,12.4881
"976",43,2009-02-12,9.723846154,11.3368,12.4707
"977",44,2009-02-13,9.714285714,11.3269,12.4542
"978",45,2009-02-14,9.733333333,11.3179,12.4393
"979",46,2009-02-15,9.68,11.3102,12.4293
"980",47,2009-02-16,9.72,11.3032,12.4245
"981",48,2009-02-17,9.85,11.2965,12.4247
"982",49,2009-02-18,10.416,11.2898,12.4253
"983",50,2009-02-19,10.41333333,11.2826,12.4254
"984",51,2009-02-20,10.72,11.2746,12.4252
"985",52,2009-02-21,11.06,11.2659,12.4258
"986",53,2009-02-22,11.325,11.2569,12.4253
"987",54,2009-02-23,11.35363636,11.2469,12.4192
"988",55,2009-02-24,11.367,11.2356,12.4112
"989",56,2009-02-25,11.537,11.2227,12.4013
"990",57,2009-02-26,11.614,11.2078,12.3868
"991",58,2009-02-27,11.343,11.1911,12.3679
"992",59,2009-02-28,11.29285714,11.1732,12.3432
"993",61,2009-03-01,11.27125,11.1364,12.2911
"994",62,2009-03-02,11.45,11.1191,12.2686
"995",63,2009-03-03,11.45,11.1017,12.2461
"996",64,2009-03-04,11.37,11.0833,12.2253
"997",65,2009-03-05,11.49090909,11.0643,12.2077
"998",66,2009-03-06,11.64333333,11.0447,12.1902
"999",67,2009-03-07,11.50538462,11.0237,12.1726
"1000",68,2009-03-08,11.15071429,11.0015,12.1532
"1001",69,2009-03-09,10.55714286,10.9776,12.1359
"1002",70,2009-03-10,10.0425,10.9523,12.1218
"1003",71,2009-03-11,9.96,10.9246,12.1081
"1004",72,2009-03-12,10.09545455,10.8941,12.0921
"1005",73,2009-03-13,10.24333333,10.8604,12.0751
"1006",74,2009-03-14,10.10857143,10.824,12.056
"1007",75,2009-03-15,10.05857143,10.7848,12.0329
"1008",76,2009-03-16,10.26,10.7419,12.0018
"1009",77,2009-03-17,10.6,10.696,11.9613
"1010",78,2009-03-18,10.66125,10.6476,11.9187
"1011",79,2009-03-19,10.51333333,10.5985,11.8602
"1012",80,2009-03-20,10.374,10.5498,11.801
"1013",81,2009-03-21,9.866,10.5016,11.7415
"1014",82,2009-03-22,9.914,10.4554,11.6845
"1015",83,2009-03-23,9.40375,10.4108,11.6289
"1016",84,2009-03-24,9.333,10.3675,11.5757
"1017",85,2009-03-25,9.15,10.3255,11.5288
"1018",86,2009-03-26,8.772222222,10.2844,11.4838
"1019",87,2009-03-27,8.667,10.2451,11.4406
"1020",88,2009-03-28,8.427142857,10.2082,11.402
"1021",89,2009-03-29,8.1075,10.1732,11.3678
"1022",90,2009-03-30,7.887777778,10.1387,11.337
"1023",91,2009-03-31,7.945555556,10.1041,11.3063
"1024",92,2009-04-01,8.142222222,10.0697,11.2749
"1025",93,2009-04-02,7.992222222,10.0356,11.242
"1026",94,2009-04-03,7.83,10.0027,11.2087
"1027",95,2009-04-04,7.799090909,9.9713,11.1737
"1028",96,2009-04-05,7.990909091,9.9415,11.1354
"1029",97,2009-04-06,8.444166667,9.9143,11.0986
"1030",98,2009-04-07,8.723636364,9.8897,11.0618
"1031",99,2009-04-08,9.333636364,9.8671,11.0277
"1032",100,2009-04-09,9.324,9.8467,10.9948
"1033",101,2009-04-10,9.198571429,9.8291,10.9642
"1034",102,2009-04-11,8.922857143,9.8146,10.9335
"1035",103,2009-04-12,8.728571429,9.8025,10.8992
"1036",104,2009-04-13,8.632857143,9.7925,10.8627
"1037",105,2009-04-14,8.681666667,9.7843,10.8244
"1038",106,2009-04-15,8.317142857,9.7784,10.7868
"1039",107,2009-04-16,8.42,9.7744,10.7547
"1040",108,2009-04-17,NA,9.771,10.7298
"1041",109,2009-04-18,NA,9.7681,10.7057
"1042",110,2009-04-19,NA,9.7649,10.6945
"1043",111,2009-04-20,9.51,9.761,10.6833
"1044",112,2009-04-21,9.524,9.7562,10.6704
"1045",113,2009-04-22,9.351428571,9.7506,10.6548
"1046",114,2009-04-23,9.185714286,9.7453,10.6394
"1047",115,2009-04-24,8.985,9.7407,10.6254
"1048",116,2009-04-25,8.80625,9.7356,10.6162
"1049",117,2009-04-26,8.6675,9.732,10.6167
"1050",118,2009-04-27,8.574444444,9.7293,10.6193
"1051",119,2009-04-28,8.56125,9.7278,10.6224
"1052",120,2009-04-29,8.4275,9.7276,10.6252
"1053",121,2009-04-30,8.455555556,9.7297,10.6274
"1054",122,2009-05-01,8.897272727,9.734,10.6291
"1055",123,2009-05-02,9.023333333,9.7399,10.631
"1056",124,2009-05-03,9.17,9.7462,10.6327
"1057",125,2009-05-04,9.41,9.7521,10.6343
"1058",126,2009-05-05,10.315,9.7579,10.6363
"1059",127,2009-05-06,10.90875,9.7641,10.6382
"1060",128,2009-05-07,9.611111111,9.7689,10.6386
"1061",129,2009-05-08,9.31,9.773,10.6388
"1062",130,2009-05-09,9.09,9.7774,10.6374
"1063",131,2009-05-10,8.87875,9.7826,10.6349
"1064",132,2009-05-11,8.57125,9.7886,10.6345
"1065",133,2009-05-12,8.561428571,9.7967,10.6344
"1066",134,2009-05-13,8.513333333,9.8064,10.6394
"1067",135,2009-05-14,8.312,9.8182,10.6476
"1068",136,2009-05-15,8.24,9.8318,10.6597
"1069",137,2009-05-16,NA,9.8478,10.6751
"1070",138,2009-05-17,9.09,9.8675,10.6956
"1071",139,2009-05-18,8.972,9.8915,10.7275
"1072",140,2009-05-19,8.997142857,9.9194,10.7637
"1073",141,2009-05-20,9.184285714,9.9511,10.8068
"1074",142,2009-05-21,9.156666667,9.9854,10.8557
"1075",143,2009-05-22,9.19,10.0218,10.9104
"1076",144,2009-05-23,8.896,10.0587,10.9657
"1077",145,2009-05-24,8.705555556,10.0952,11.0233
"1078",146,2009-05-25,8.795833333,10.1305,11.0787
"1079",147,2009-05-26,8.9975,10.1665,11.1328
"1080",148,2009-05-27,9.13,10.1998,11.1664
"1081",149,2009-05-28,9.422,10.2296,11.1943
"1082",150,2009-05-29,10.51076923,10.2553,11.2166
"1083",151,2009-05-30,11.57333333,10.2767,11.235
"1084",152,2009-05-31,11.39285714,10.2944,11.2454
"1085",153,2009-06-01,9.975,10.3084,11.2539
"1086",154,2009-06-02,9.982222222,10.3186,11.258
"1087",155,2009-06-03,10.05,10.3268,11.2586
"1088",156,2009-06-04,12.05,10.3347,11.2575
"1089",157,2009-06-05,12.379,10.3435,11.2561
"1090",158,2009-06-06,12.463,10.352,11.2586
"1091",159,2009-06-07,10.9,10.3627,11.2684
"1092",160,2009-06-08,10.1675,10.3766,11.2859
"1093",161,2009-06-09,10.64125,10.3937,11.311
"1094",162,2009-06-10,10.93571429,10.414,11.3435
"1095",163,2009-06-11,11.18666667,10.4356,11.3753
"1096",164,2009-06-12,11.6,10.4596,11.4135
"1097",165,2009-06-13,12.345,10.4864,11.4537
"1098",166,2009-06-14,11.96,10.5163,11.5028
"1099",167,2009-06-15,11.72166667,10.5486,11.5572
"1100",168,2009-06-16,10.75625,10.5812,11.6164
"1101",169,2009-06-17,11.21888889,10.6121,11.6727
"1102",170,2009-06-18,10.985,10.6405,11.7181
"1103",171,2009-06-19,10.21272727,10.6662,11.7599
"1104",172,2009-06-20,10.48636364,10.6894,11.8042
"1105",173,2009-06-21,9.89,10.7113,11.8451
"1106",174,2009-06-22,9.749230769,10.7341,11.8898
"1107",175,2009-06-23,9.793571429,10.7575,11.9378
"1108",176,2009-06-24,9.762142857,10.7805,11.9805
"1109",177,2009-06-25,9.644615385,10.8032,12.0207
"1110",178,2009-06-26,9.435833333,10.8251,12.0515
"1111",179,2009-06-27,9.79,10.8494,12.0939
"1112",180,2009-06-28,10.696,10.878,12.1398
"1113",181,2009-06-29,10.78777778,10.9111,12.1919
"1114",182,2009-06-30,11.09777778,10.949,12.2519
"1115",183,2009-07-01,12.739,10.9902,12.3203
"1116",184,2009-07-02,13.19636364,11.0344,12.3892
"1117",185,2009-07-03,13.74,11.0806,12.4547
"1118",186,2009-07-04,14.132,11.1272,12.5162
"1119",187,2009-07-05,14.02727273,11.1741,12.5793
"1120",188,2009-07-06,12.97636364,11.2198,12.6424
"1121",189,2009-07-07,12.12222222,11.265,12.7061
"1122",190,2009-07-08,11.41125,11.3088,12.7614
"1123",191,2009-07-09,11.2725,11.3515,12.8134
"1124",192,2009-07-10,11.04428571,11.3933,12.8716
"1125",193,2009-07-11,11.10625,11.4324,12.9188
"1126",194,2009-07-12,12.30142857,11.4711,12.9685
"1127",195,2009-07-13,12.02285714,11.509,13.0123
"1128",196,2009-07-14,11.36875,11.5459,13.0552
"1129",197,2009-07-15,11.333,11.5819,13.0958
"1130",198,2009-07-16,11.52181818,11.618,13.1332
"1131",199,2009-07-17,11.66416667,11.6553,13.1692
"1132",200,2009-07-18,11.4675,11.695,13.2062
"1133",201,2009-07-19,11.08166667,11.7365,13.2422
"1134",202,2009-07-20,10.49133333,11.7762,13.2728
"1135",203,2009-07-21,10.47142857,11.8127,13.2932
"1136",204,2009-07-22,10.44857143,11.8464,13.3101
"1137",205,2009-07-23,10.34066667,11.8758,13.3165
"1138",206,2009-07-24,10.39,11.9016,13.3149
"1139",207,2009-07-25,10.57923077,11.9248,13.3118
"1140",208,2009-07-26,10.86,11.9467,13.3065
"1141",209,2009-07-27,10.95,11.9678,13.304
"1142",210,2009-07-28,11.645,11.9873,13.3002
"1143",211,2009-07-29,12.96727273,12.0042,13.2958
"1144",212,2009-07-30,12.99,12.0205,13.2966
"1145",213,2009-07-31,12.13,12.0393,13.2975
"1146",214,2009-08-01,12.49636364,12.0615,13.3036
"1147",215,2009-08-02,13.12833333,12.0876,13.3165
"1148",216,2009-08-03,13.68461538,12.1171,13.3459
"1149",217,2009-08-04,13.54307692,12.1504,13.3893
"1150",218,2009-08-05,12.89,12.1871,13.4344
"1151",219,2009-08-06,12.814,12.2265,13.4849
"1152",220,2009-08-07,13.128,12.2687,13.5313
"1153",221,2009-08-08,13.017,12.3127,13.5794
"1154",222,2009-08-09,12.61444444,12.3568,13.6266
"1155",223,2009-08-10,12.21571429,12.3975,13.6622
"1156",224,2009-08-11,12.73777778,12.4338,13.7007
"1157",225,2009-08-12,12.43,12.4646,13.7321
"1158",226,2009-08-13,12.47181818,12.4893,13.7604
"1159",227,2009-08-14,12.33666667,12.5088,13.7786
"1160",228,2009-08-15,12.1225,12.5234,13.7828
"1161",229,2009-08-16,11.84166667,12.5331,13.7774
"1162",230,2009-08-17,11.21142857,12.5388,13.7696
"1163",231,2009-08-18,11.955,12.5395,13.7664
"1164",232,2009-08-19,13.295,12.5363,13.7646
"1165",233,2009-08-20,13.2,12.5325,13.7605
"1166",234,2009-08-21,12.58714286,12.5313,13.7617
"1167",235,2009-08-22,11.79307692,12.5346,13.7723
"1168",236,2009-08-23,11.20571429,12.5425,13.7874
"1169",237,2009-08-24,11.38153846,12.5553,13.8088
"1170",238,2009-08-25,12.782,12.5738,13.8363
"1171",239,2009-08-26,12.13,12.5958,13.8717
"1172",240,2009-08-27,12.949,12.6196,13.9135
"1173",241,2009-08-28,11.818,12.6441,13.9557
"1174",242,2009-08-29,12.043,12.6691,13.99
"1175",243,2009-08-30,11.596,12.6927,14.0173
"1176",244,2009-08-31,11.08333333,12.7121,14.0558
"1177",245,2009-09-01,11.4875,12.7269,14.0961
"1178",246,2009-09-02,11.83333333,12.7359,14.1314
"1179",247,2009-09-03,12.22636364,12.7403,14.1538
"1180",248,2009-09-04,12.156,12.74,14.1527
"1181",249,2009-09-05,12.87454545,12.7335,14.149
"1182",250,2009-09-06,13.54555556,12.7217,14.1399
"1183",251,2009-09-07,12.422,12.7048,14.1303
"1184",252,2009-09-08,11.55666667,12.6835,14.1156
"1185",253,2009-09-09,11.69,12.6582,14.0748
"1186",254,2009-09-10,11.87545455,12.6327,14.0318
"1187",255,2009-09-11,12.36,12.6094,13.9905
"1188",256,2009-09-12,11.29181818,12.5882,13.9513
"1189",257,2009-09-13,11.818,12.5687,13.9147
"1190",258,2009-09-14,13.55461538,12.5503,13.8877
"1191",259,2009-09-15,13.616,12.5332,13.8697
"1192",260,2009-09-16,12.194,12.5175,13.8604
"1193",261,2009-09-17,12.12466667,12.5028,13.8525
"1194",262,2009-09-18,11.74769231,12.4898,13.8389
"1195",263,2009-09-19,11.49076923,12.4784,13.825
"1196",264,2009-09-20,11.23846154,12.4686,13.8202
"1197",265,2009-09-21,11.57538462,12.4585,13.8199
"1198",266,2009-09-22,11.92090909,12.4454,13.8137
"1199",267,2009-09-23,12.02,12.4287,13.8027
"1200",268,2009-09-24,11.59444444,12.4087,13.7902
"1201",269,2009-09-25,11.25333333,12.3859,13.7752
"1202",270,2009-09-26,11.28125,12.3613,13.7563
"1203",271,2009-09-27,11.425,12.3366,13.7327
"1204",272,2009-09-28,11.53555556,12.3123,13.7092
"1205",273,2009-09-29,11.37777778,12.2893,13.6945
"1206",274,2009-09-30,11.00454545,12.2681,13.6808
"1207",275,2009-10-01,10.64909091,12.2482,13.6547
"1208",276,2009-10-02,10.635,12.2294,13.6216
"1209",277,2009-10-03,10.43454545,12.2132,13.5892
"1210",278,2009-10-04,10.199,12.2006,13.5689
"1211",279,2009-10-05,10.216,12.1923,13.5857
"1212",280,2009-10-06,10.46333333,12.188,13.6095
"1213",281,2009-10-07,12.123,12.1877,13.6354
"1214",282,2009-10-08,12.03181818,12.1889,13.6592
"1215",283,2009-10-09,11.665,12.1911,13.681
"1216",284,2009-10-10,11.77727273,12.194,13.7149
"1217",285,2009-10-11,12.488,12.1969,13.746
"1218",286,2009-10-12,12.49583333,12.2005,13.775
"1219",287,2009-10-13,12.48692308,12.2053,13.8037
"1220",288,2009-10-14,11.75230769,12.2108,13.8323
"1221",289,2009-10-15,12.22214286,12.2161,13.8602
"1222",290,2009-10-16,12.44214286,12.2206,13.8864
"1223",291,2009-10-17,12.59076923,12.2244,13.9113
"1224",292,2009-10-18,12.40916667,12.2259,13.9313
"1225",293,2009-10-19,12.3875,12.2285,13.9494
"1226",294,2009-10-20,12.06785714,12.2333,13.9669
"1227",295,2009-10-21,12.12230769,12.2398,13.9808
"1228",296,2009-10-22,11.674,12.2487,13.9892
"1229",297,2009-10-23,11.64888889,12.2592,13.9976
"1230",298,2009-10-24,11.97142857,12.271,14.0092
"1231",299,2009-10-25,11.665,12.2843,14.0188
"1232",300,2009-10-26,11.2,12.2972,14.025
"1233",301,2009-10-27,10.99,12.3088,14.0299
"1234",302,2009-10-28,10.27,12.3181,14.0334
"1235",303,2009-10-29,10.19,12.3264,14.0363
"1236",304,2009-10-30,10.22125,12.3318,14.039
"1237",305,2009-10-31,10.31375,12.3342,14.0414
"1238",306,2009-11-01,10.519,12.3342,14.042
"1239",307,2009-11-02,10.57666667,12.3315,14.0424
"1240",308,2009-11-03,10.765,12.3258,14.0408
"1241",309,2009-11-04,11.34428571,12.3165,14.0309
"1242",310,2009-11-05,11.945,12.3031,14.0013
"1243",311,2009-11-06,11.895,12.2878,13.9656
"1244",312,2009-11-07,11.51,12.2718,13.9292
"1245",313,2009-11-08,11.25769231,12.2564,13.8961
"1246",314,2009-11-09,11.25083333,12.2418,13.8706
"1247",315,2009-11-10,11.501,12.2271,13.8568
"1248",316,2009-11-11,11.5175,12.2113,13.8468
"1249",317,2009-11-12,11.14,12.194,13.8342
"1250",318,2009-11-13,10.79545455,12.1754,13.8216
"1251",319,2009-11-14,10.75923077,12.1564,13.8061
"1252",320,2009-11-15,10.5,12.1376,13.782
"1253",321,2009-11-16,10.46230769,12.1194,13.7563
"1254",322,2009-11-17,10.55461538,12.1008,13.7251
"1255",323,2009-11-18,10.47666667,12.0826,13.6895
"1256",324,2009-11-19,10.33928571,12.0623,13.6438
"1257",325,2009-11-20,10.5275,12.0395,13.5987
"1258",326,2009-11-21,10.561,12.0156,13.5717
"1259",327,2009-11-22,10.825,11.9899,13.5472
"1260",328,2009-11-23,10.44,11.9636,13.5217
"1261",329,2009-11-24,10.4,11.9362,13.4958
"1262",330,2009-11-25,10.47,11.9075,13.4711
"1263",331,2009-11-26,10.72375,11.8781,13.4479
"1264",332,2009-11-27,10.76875,11.8489,13.4259
"1265",333,2009-11-28,10.223,11.8205,13.4054
"1266",334,2009-11-29,10.126,11.7924,13.3842
"1267",335,2009-11-30,9.938181818,11.766,13.3563
"1268",336,2009-12-01,10.05714286,11.7406,13.317
"1269",337,2009-12-02,10.11571429,11.7157,13.2767
"1270",338,2009-12-03,10.056,11.6917,13.234
"1271",339,2009-12-04,10.27647059,11.6685,13.1913
"1272",340,2009-12-05,10.271875,11.6458,13.1474
"1273",341,2009-12-06,9.942666667,11.6231,13.0986
"1274",342,2009-12-07,9.750714286,11.6005,13.05
"1275",343,2009-12-08,9.802727273,11.5769,12.9998
"1276",344,2009-12-09,9.96,11.5521,12.9485
"1277",345,2009-12-10,9.914,11.5259,12.8892
"1278",346,2009-12-11,10.744,11.4987,12.826
"1279",347,2009-12-12,10.77181818,11.4715,12.759
"1280",348,2009-12-13,10.76714286,11.4447,12.6966
"1281",349,2009-12-14,10.61,11.4185,12.6349
"1282",350,2009-12-15,10.56769231,11.3929,12.5768
"1283",351,2009-12-16,10.995,11.3685,12.5295
"1284",352,2009-12-17,11.10666667,11.3459,12.4875
"1285",353,2009-12-18,11.48214286,11.3249,12.4562
"1286",354,2009-12-19,11.38615385,11.3062,12.4326
"1287",355,2009-12-20,11.60916667,11.2898,12.4216
"1288",356,2009-12-21,11.96,11.2753,12.4119
"1289",357,2009-12-22,11.232,11.2623,12.3877
"1290",358,2009-12-23,10.66333333,11.2505,12.3637
"1291",359,2009-12-24,10.61,11.2388,12.3395
"1292",360,2009-12-25,10.68111111,11.2281,12.3156
"1293",361,2009-12-26,10.78,11.218,12.2922
"1294",362,2009-12-27,11.85363636,11.209,12.2705
"1295",363,2009-12-28,11.62,11.2016,12.2514
"1296",364,2009-12-29,11.103125,11.1961,12.2351
"1297",365,2009-12-30,11.08266667,11.1919,12.2213
"1298",366,2009-12-31,11.1,11.1886,12.2149
"1299",1,2010-01-01,11.25,11.1862,12.2208
"1300",2,2010-01-02,11.31875,11.1852,12.2278
"1301",3,2010-01-03,11.308125,11.1857,12.2394
"1302",4,2010-01-04,11.3775,11.1883,12.2548
"1303",5,2010-01-05,11.49076923,11.1929,12.274
"1304",6,2010-01-06,11.5,11.1997,12.2985
"1305",7,2010-01-07,11.701,11.2081,12.3247
"1306",8,2010-01-08,11.90181818,11.2171,12.3502
"1307",9,2010-01-09,12.04,11.2269,12.3757
"1308",10,2010-01-10,12.13,11.2376,12.4065
"1309",11,2010-01-11,12.15866667,11.2498,12.438
"1310",12,2010-01-12,12.324,11.2629,12.4732
"1311",13,2010-01-13,12.34769231,11.2764,12.5075
"1312",14,2010-01-14,12.36214286,11.2902,12.5403
"1313",15,2010-01-15,12.43307692,11.3041,12.5688
"1314",16,2010-01-16,12.33,11.3178,12.5907
"1315",17,2010-01-17,12.33666667,11.3306,12.6033
"1316",18,2010-01-18,12.39,11.3429,12.6109
"1317",19,2010-01-19,12.46111111,11.3551,12.6187
"1318",20,2010-01-20,12.45666667,11.3667,12.6264
"1319",21,2010-01-21,12.3,11.3775,12.6334
"1320",22,2010-01-22,12.11875,11.3872,12.6392
"1321",23,2010-01-23,12.121,11.3961,12.643
"1322",24,2010-01-24,12.01818182,11.4052,12.6459
"1323",25,2010-01-25,12.04090909,11.414,12.6485
"1324",26,2010-01-26,12.1225,11.4223,12.6512
"1325",27,2010-01-27,12.164,11.4294,12.6526
"1326",28,2010-01-28,12.085,11.4351,12.6538
"1327",29,2010-01-29,12.046875,11.4388,12.654
"1328",30,2010-01-30,12.0975,11.4402,12.6528
"1329",31,2010-01-31,12.07266667,11.4393,12.6493
"1330",32,2010-02-01,12.082,11.4365,12.6447
"1331",33,2010-02-02,12.10428571,11.4325,12.639
"1332",34,2010-02-03,12.19363636,11.4272,12.6312
"1333",35,2010-02-04,12.24666667,11.42,12.6211
"1334",36,2010-02-05,12.276,11.4118,12.6083
"1335",37,2010-02-06,12.34909091,11.4026,12.5938
"1336",38,2010-02-07,12.3,11.3923,12.5743
"1337",39,2010-02-08,12.25636364,11.3813,12.5511
"1338",40,2010-02-09,12.17692308,11.3698,12.5276
"1339",41,2010-02-10,12.17857143,11.3583,12.5069
"1340",42,2010-02-11,12.17615385,11.3472,12.4881
"1341",43,2010-02-12,12.28,11.3368,12.4707
"1342",44,2010-02-13,12.34090909,11.3269,12.4542
"1343",45,2010-02-14,12.38727273,11.3179,12.4393
"1344",46,2010-02-15,12.455,11.3102,12.4293
"1345",47,2010-02-16,12.40777778,11.3032,12.4245
"1346",48,2010-02-17,12.345,11.2965,12.4247
"1347",49,2010-02-18,12.27333333,11.2898,12.4253
"1348",50,2010-02-19,12.1525,11.2826,12.4254
"1349",51,2010-02-20,11.912,11.2746,12.4252
"1350",52,2010-02-21,11.871,11.2659,12.4258
"1351",53,2010-02-22,11.96727273,11.2569,12.4253
"1352",54,2010-02-23,11.96,11.2469,12.4192
"1353",55,2010-02-24,11.96,11.2356,12.4112
"1354",56,2010-02-25,11.99923077,11.2227,12.4013
"1355",57,2010-02-26,12.076,11.2078,12.3868
"1356",58,2010-02-27,12.21666667,11.1911,12.3679
"1357",59,2010-02-28,12.35785714,11.1732,12.3432
"1358",61,2010-03-01,12.38714286,11.1364,12.2911
"1359",62,2010-03-02,12.61071429,11.1191,12.2686
"1360",63,2010-03-03,12.6125,11.1017,12.2461
"1361",64,2010-03-04,12.5025,11.0833,12.2253
"1362",65,2010-03-05,12.56777778,11.0643,12.2077
"1363",66,2010-03-06,12.43444444,11.0447,12.1902
"1364",67,2010-03-07,12.47222222,11.0237,12.1726
"1365",68,2010-03-08,12.01444444,11.0015,12.1532
"1366",69,2010-03-09,11.5175,10.9776,12.1359
"1367",70,2010-03-10,11.01125,10.9523,12.1218
"1368",71,2010-03-11,10.68777778,10.9246,12.1081
"1369",72,2010-03-12,11.376,10.8941,12.0921
"1370",73,2010-03-13,10.863,10.8604,12.0751
"1371",74,2010-03-14,10.70444444,10.824,12.056
"1372",75,2010-03-15,10.675,10.7848,12.0329
"1373",76,2010-03-16,10.54857143,10.7419,12.0018
"1374",77,2010-03-17,10.274,10.696,11.9613
"1375",78,2010-03-18,10.26,10.6476,11.9187
"1376",79,2010-03-19,10.35857143,10.5985,11.8602
"1377",80,2010-03-20,10.62142857,10.5498,11.801
"1378",81,2010-03-21,10.69,10.5016,11.7415
"1379",82,2010-03-22,10.618,10.4554,11.6845
"1380",83,2010-03-23,10.11888889,10.4108,11.6289
"1381",84,2010-03-24,9.965,10.3675,11.5757
"1382",85,2010-03-25,10.14545455,10.3255,11.5288
"1383",86,2010-03-26,9.997692308,10.2844,11.4838
"1384",87,2010-03-27,9.919285714,10.2451,11.4406
"1385",88,2010-03-28,10.47384615,10.2082,11.402
"1386",89,2010-03-29,10.97,10.1732,11.3678
"1387",90,2010-03-30,11.09428571,10.1387,11.337
"1388",91,2010-03-31,NA,10.1041,11.3063
"1389",92,2010-04-01,NA,10.0697,11.2749
"1390",93,2010-04-02,NA,10.0356,11.242
"1391",94,2010-04-03,NA,10.0027,11.2087
"1392",95,2010-04-04,NA,9.9713,11.1737
"1393",96,2010-04-05,NA,9.9415,11.1354
"1394",97,2010-04-06,NA,9.9143,11.0986
"1395",98,2010-04-07,NA,9.8897,11.0618
"1396",99,2010-04-08,NA,9.8671,11.0277
"1397",100,2010-04-09,NA,9.8467,10.9948
"1398",101,2010-04-10,NA,9.8291,10.9642
"1399",102,2010-04-11,NA,9.8146,10.9335
"1400",103,2010-04-12,NA,9.8025,10.8992
"1401",104,2010-04-13,NA,9.7925,10.8627
"1402",105,2010-04-14,NA,9.7843,10.8244
"1403",106,2010-04-15,NA,9.7784,10.7868
"1404",107,2010-04-16,NA,9.7744,10.7547
"1405",108,2010-04-17,NA,9.771,10.7298
"1406",109,2010-04-18,NA,9.7681,10.7057
"1407",110,2010-04-19,NA,9.7649,10.6945
"1408",111,2010-04-20,NA,9.761,10.6833
"1409",112,2010-04-21,NA,9.7562,10.6704
"1410",113,2010-04-22,NA,9.7506,10.6548
"1411",114,2010-04-23,NA,9.7453,10.6394
"1412",115,2010-04-24,NA,9.7407,10.6254
"1413",116,2010-04-25,NA,9.7356,10.6162
"1414",117,2010-04-26,NA,9.732,10.6167
"1415",118,2010-04-27,NA,9.7293,10.6193
"1416",119,2010-04-28,NA,9.7278,10.6224
"1417",120,2010-04-29,NA,9.7276,10.6252
"1418",121,2010-04-30,NA,9.7297,10.6274
"1419",122,2010-05-01,NA,9.734,10.6291
"1420",123,2010-05-02,NA,9.7399,10.631
"1421",124,2010-05-03,NA,9.7462,10.6327
"1422",125,2010-05-04,NA,9.7521,10.6343
"1423",126,2010-05-05,NA,9.7579,10.6363
"1424",127,2010-05-06,NA,9.7641,10.6382
"1425",128,2010-05-07,NA,9.7689,10.6386
"1426",129,2010-05-08,NA,9.773,10.6388
"1427",130,2010-05-09,NA,9.7774,10.6374
"1428",131,2010-05-10,NA,9.7826,10.6349
"1429",132,2010-05-11,NA,9.7886,10.6345
"1430",133,2010-05-12,NA,9.7967,10.6344
"1431",134,2010-05-13,NA,9.8064,10.6394
"1432",135,2010-05-14,NA,9.8182,10.6476
"1433",136,2010-05-15,NA,9.8318,10.6597
"1434",137,2010-05-16,NA,9.8478,10.6751
"1435",138,2010-05-17,NA,9.8675,10.6956
"1436",139,2010-05-18,NA,9.8915,10.7275
"1437",140,2010-05-19,NA,9.9194,10.7637
"1438",141,2010-05-20,NA,9.9511,10.8068
"1439",142,2010-05-21,NA,9.9854,10.8557
"1440",143,2010-05-22,NA,10.0218,10.9104
"1441",144,2010-05-23,NA,10.0587,10.9657
"1442",145,2010-05-24,NA,10.0952,11.0233
"1443",146,2010-05-25,NA,10.1305,11.0787
"1444",147,2010-05-26,NA,10.1665,11.1328
"1445",148,2010-05-27,NA,10.1998,11.1664
"1446",149,2010-05-28,NA,10.2296,11.1943
"1447",150,2010-05-29,NA,10.2553,11.2166
"1448",151,2010-05-30,NA,10.2767,11.235
"1449",152,2010-05-31,NA,10.2944,11.2454
"1450",153,2010-06-01,NA,10.3084,11.2539
"1451",154,2010-06-02,NA,10.3186,11.258
"1452",155,2010-06-03,NA,10.3268,11.2586
"1453",156,2010-06-04,NA,10.3347,11.2575
"1454",157,2010-06-05,NA,10.3435,11.2561
"1455",158,2010-06-06,NA,10.352,11.2586
"1456",159,2010-06-07,NA,10.3627,11.2684
"1457",160,2010-06-08,NA,10.3766,11.2859
"1458",161,2010-06-09,NA,10.3937,11.311
"1459",162,2010-06-10,NA,10.414,11.3435
"1460",163,2010-06-11,NA,10.4356,11.3753
"1461",164,2010-06-12,NA,10.4596,11.4135
"1462",165,2010-06-13,NA,10.4864,11.4537
"1463",166,2010-06-14,NA,10.5163,11.5028
"1464",167,2010-06-15,NA,10.5486,11.5572
"1465",168,2010-06-16,NA,10.5812,11.6164
"1466",169,2010-06-17,NA,10.6121,11.6727
"1467",170,2010-06-18,NA,10.6405,11.7181
"1468",171,2010-06-19,NA,10.6662,11.7599
"1469",172,2010-06-20,NA,10.6894,11.8042
"1470",173,2010-06-21,NA,10.7113,11.8451
"1471",174,2010-06-22,NA,10.7341,11.8898
"1472",175,2010-06-23,NA,10.7575,11.9378
"1473",176,2010-06-24,NA,10.7805,11.9805
"1474",177,2010-06-25,NA,10.8032,12.0207
"1475",178,2010-06-26,NA,10.8251,12.0515
"1476",179,2010-06-27,NA,10.8494,12.0939
"1477",180,2010-06-28,NA,10.878,12.1398
"1478",181,2010-06-29,NA,10.9111,12.1919
"1479",182,2010-06-30,NA,10.949,12.2519
"1480",183,2010-07-01,NA,10.9902,12.3203
"1481",184,2010-07-02,NA,11.0344,12.3892
"1482",185,2010-07-03,NA,11.0806,12.4547
"1483",186,2010-07-04,NA,11.1272,12.5162
"1484",187,2010-07-05,NA,11.1741,12.5793
"1485",188,2010-07-06,NA,11.2198,12.6424
"1486",189,2010-07-07,NA,11.265,12.7061
"1487",190,2010-07-08,NA,11.3088,12.7614
"1488",191,2010-07-09,NA,11.3515,12.8134
"1489",192,2010-07-10,NA,11.3933,12.8716
"1490",193,2010-07-11,NA,11.4324,12.9188
"1491",194,2010-07-12,NA,11.4711,12.9685
"1492",195,2010-07-13,NA,11.509,13.0123
"1493",196,2010-07-14,NA,11.5459,13.0552
"1494",197,2010-07-15,NA,11.5819,13.0958
"1495",198,2010-07-16,NA,11.618,13.1332
"1496",199,2010-07-17,NA,11.6553,13.1692
"1497",200,2010-07-18,NA,11.695,13.2062
"1498",201,2010-07-19,NA,11.7365,13.2422
"1499",202,2010-07-20,NA,11.7762,13.2728
"1500",203,2010-07-21,NA,11.8127,13.2932
"1501",204,2010-07-22,NA,11.8464,13.3101
"1502",205,2010-07-23,NA,11.8758,13.3165
"1503",206,2010-07-24,NA,11.9016,13.3149
"1504",207,2010-07-25,NA,11.9248,13.3118
"1505",208,2010-07-26,NA,11.9467,13.3065
"1506",209,2010-07-27,NA,11.9678,13.304
"1507",210,2010-07-28,NA,11.9873,13.3002
"1508",211,2010-07-29,NA,12.0042,13.2958
"1509",212,2010-07-30,NA,12.0205,13.2966
"1510",213,2010-07-31,NA,12.0393,13.2975
"1511",214,2010-08-01,NA,12.0615,13.3036
"1512",215,2010-08-02,NA,12.0876,13.3165
"1513",216,2010-08-03,NA,12.1171,13.3459
"1514",217,2010-08-04,NA,12.1504,13.3893
"1515",218,2010-08-05,NA,12.1871,13.4344
"1516",219,2010-08-06,NA,12.2265,13.4849
"1517",220,2010-08-07,NA,12.2687,13.5313
"1518",221,2010-08-08,NA,12.3127,13.5794
"1519",222,2010-08-09,NA,12.3568,13.6266
"1520",223,2010-08-10,NA,12.3975,13.6622
"1521",224,2010-08-11,NA,12.4338,13.7007
"1522",225,2010-08-12,NA,12.4646,13.7321
"1523",226,2010-08-13,NA,12.4893,13.7604
"1524",227,2010-08-14,NA,12.5088,13.7786
"1525",228,2010-08-15,NA,12.5234,13.7828
"1526",229,2010-08-16,NA,12.5331,13.7774
"1527",230,2010-08-17,NA,12.5388,13.7696
"1528",231,2010-08-18,NA,12.5395,13.7664
"1529",232,2010-08-19,NA,12.5363,13.7646
"1530",233,2010-08-20,NA,12.5325,13.7605
"1531",234,2010-08-21,NA,12.5313,13.7617
"1532",235,2010-08-22,NA,12.5346,13.7723
"1533",236,2010-08-23,NA,12.5425,13.7874
"1534",237,2010-08-24,NA,12.5553,13.8088
"1535",238,2010-08-25,NA,12.5738,13.8363
"1536",239,2010-08-26,NA,12.5958,13.8717
"1537",240,2010-08-27,NA,12.6196,13.9135
"1538",241,2010-08-28,NA,12.6441,13.9557
"1539",242,2010-08-29,NA,12.6691,13.99
"1540",243,2010-08-30,NA,12.6927,14.0173
"1541",244,2010-08-31,NA,12.7121,14.0558
"1542",245,2010-09-01,NA,12.7269,14.0961
"1543",246,2010-09-02,NA,12.7359,14.1314
"1544",247,2010-09-03,NA,12.7403,14.1538
"1545",248,2010-09-04,NA,12.74,14.1527
"1546",249,2010-09-05,NA,12.7335,14.149
"1547",250,2010-09-06,NA,12.7217,14.1399
"1548",251,2010-09-07,NA,12.7048,14.1303
"1549",252,2010-09-08,NA,12.6835,14.1156
"1550",253,2010-09-09,NA,12.6582,14.0748
"1551",254,2010-09-10,NA,12.6327,14.0318
"1552",255,2010-09-11,NA,12.6094,13.9905
"1553",256,2010-09-12,NA,12.5882,13.9513
"1554",257,2010-09-13,NA,12.5687,13.9147
"1555",258,2010-09-14,NA,12.5503,13.8877
"1556",259,2010-09-15,NA,12.5332,13.8697
"1557",260,2010-09-16,NA,12.5175,13.8604
"1558",261,2010-09-17,NA,12.5028,13.8525
"1559",262,2010-09-18,NA,12.4898,13.8389
"1560",263,2010-09-19,NA,12.4784,13.825
"1561",264,2010-09-20,NA,12.4686,13.8202
"1562",265,2010-09-21,NA,12.4585,13.8199
"1563",266,2010-09-22,NA,12.4454,13.8137
"1564",267,2010-09-23,NA,12.4287,13.8027
"1565",268,2010-09-24,NA,12.4087,13.7902
"1566",269,2010-09-25,NA,12.3859,13.7752
"1567",270,2010-09-26,NA,12.3613,13.7563
"1568",271,2010-09-27,NA,12.3366,13.7327
"1569",272,2010-09-28,NA,12.3123,13.7092
"1570",273,2010-09-29,NA,12.2893,13.6945
"1571",274,2010-09-30,NA,12.2681,13.6808
"1572",275,2010-10-01,NA,12.2482,13.6547
"1573",276,2010-10-02,NA,12.2294,13.6216
"1574",277,2010-10-03,NA,12.2132,13.5892
"1575",278,2010-10-04,NA,12.2006,13.5689
"1576",279,2010-10-05,NA,12.1923,13.5857
"1577",280,2010-10-06,NA,12.188,13.6095
"1578",281,2010-10-07,NA,12.1877,13.6354
"1579",282,2010-10-08,NA,12.1889,13.6592
"1580",283,2010-10-09,NA,12.1911,13.681
"1581",284,2010-10-10,NA,12.194,13.7149
"1582",285,2010-10-11,NA,12.1969,13.746
"1583",286,2010-10-12,NA,12.2005,13.775
"1584",287,2010-10-13,NA,12.2053,13.8037
"1585",288,2010-10-14,NA,12.2108,13.8323
"1586",289,2010-10-15,NA,12.2161,13.8602
"1587",290,2010-10-16,NA,12.2206,13.8864
"1588",291,2010-10-17,NA,12.2244,13.9113
"1589",292,2010-10-18,NA,12.2259,13.9313
"1590",293,2010-10-19,NA,12.2285,13.9494
"1591",294,2010-10-20,NA,12.2333,13.9669
"1592",295,2010-10-21,NA,12.2398,13.9808
"1593",296,2010-10-22,NA,12.2487,13.9892
"1594",297,2010-10-23,NA,12.2592,13.9976
"1595",298,2010-10-24,NA,12.271,14.0092
"1596",299,2010-10-25,NA,12.2843,14.0188
"1597",300,2010-10-26,NA,12.2972,14.025
"1598",301,2010-10-27,NA,12.3088,14.0299
"1599",302,2010-10-28,NA,12.3181,14.0334
"1600",303,2010-10-29,NA,12.3264,14.0363
"1601",304,2010-10-30,NA,12.3318,14.039
"1602",305,2010-10-31,NA,12.3342,14.0414
"1603",306,2010-11-01,NA,12.3342,14.042
"1604",307,2010-11-02,NA,12.3315,14.0424
"1605",308,2010-11-03,NA,12.3258,14.0408
"1606",309,2010-11-04,NA,12.3165,14.0309
"1607",310,2010-11-05,NA,12.3031,14.0013
"1608",311,2010-11-06,NA,12.2878,13.9656
"1609",312,2010-11-07,NA,12.2718,13.9292
"1610",313,2010-11-08,NA,12.2564,13.8961
"1611",314,2010-11-09,NA,12.2418,13.8706
"1612",315,2010-11-10,NA,12.2271,13.8568
"1613",316,2010-11-11,NA,12.2113,13.8468
"1614",317,2010-11-12,NA,12.194,13.8342
"1615",318,2010-11-13,NA,12.1754,13.8216
"1616",319,2010-11-14,NA,12.1564,13.8061
"1617",320,2010-11-15,NA,12.1376,13.782
"1618",321,2010-11-16,NA,12.1194,13.7563
"1619",322,2010-11-17,NA,12.1008,13.7251
"1620",323,2010-11-18,NA,12.0826,13.6895
"1621",324,2010-11-19,NA,12.0623,13.6438
"1622",325,2010-11-20,NA,12.0395,13.5987
"1623",326,2010-11-21,NA,12.0156,13.5717
"1624",327,2010-11-22,NA,11.9899,13.5472
"1625",328,2010-11-23,NA,11.9636,13.5217
"1626",329,2010-11-24,NA,11.9362,13.4958
"1627",330,2010-11-25,NA,11.9075,13.4711
"1628",331,2010-11-26,NA,11.8781,13.4479
"1629",332,2010-11-27,NA,11.8489,13.4259
"1630",333,2010-11-28,NA,11.8205,13.4054
"1631",334,2010-11-29,NA,11.7924,13.3842
"1632",335,2010-11-30,NA,11.766,13.3563
"1633",336,2010-12-01,NA,11.7406,13.317
"1634",337,2010-12-02,NA,11.7157,13.2767
"1635",338,2010-12-03,NA,11.6917,13.234
"1636",339,2010-12-04,NA,11.6685,13.1913
"1637",340,2010-12-05,NA,11.6458,13.1474
"1638",341,2010-12-06,NA,11.6231,13.0986
"1639",342,2010-12-07,NA,11.6005,13.05
"1640",343,2010-12-08,NA,11.5769,12.9998
"1641",344,2010-12-09,NA,11.5521,12.9485
"1642",345,2010-12-10,NA,11.5259,12.8892
"1643",346,2010-12-11,NA,11.4987,12.826
"1644",347,2010-12-12,NA,11.4715,12.759
"1645",348,2010-12-13,NA,11.4447,12.6966
"1646",349,2010-12-14,NA,11.4185,12.6349
"1647",350,2010-12-15,NA,11.3929,12.5768
"1648",351,2010-12-16,NA,11.3685,12.5295
"1649",352,2010-12-17,NA,11.3459,12.4875
"1650",353,2010-12-18,NA,11.3249,12.4562
"1651",354,2010-12-19,NA,11.3062,12.4326
"1652",355,2010-12-20,NA,11.2898,12.4216
"1653",356,2010-12-21,NA,11.2753,12.4119
"1654",357,2010-12-22,NA,11.2623,12.3877
"1655",358,2010-12-23,NA,11.2505,12.3637
"1656",359,2010-12-24,NA,11.2388,12.3395
"1657",360,2010-12-25,NA,11.2281,12.3156
"1658",361,2010-12-26,NA,11.218,12.2922
"1659",362,2010-12-27,NA,11.209,12.2705
"1660",363,2010-12-28,NA,11.2016,12.2514
"1661",364,2010-12-29,NA,11.1961,12.2351
"1662",365,2010-12-30,NA,11.1919,12.2213
"1663",366,2010-12-31,NA,11.1886,12.2149
"1664",1,2011-01-01,NA,11.1862,12.2208
"1665",2,2011-01-02,NA,11.1852,12.2278
"1666",3,2011-01-03,NA,11.1857,12.2394
"1667",4,2011-01-04,NA,11.1883,12.2548
"1668",5,2011-01-05,NA,11.1929,12.274
"1669",6,2011-01-06,NA,11.1997,12.2985
"1670",7,2011-01-07,NA,11.2081,12.3247
"1671",8,2011-01-08,NA,11.2171,12.3502
"1672",9,2011-01-09,NA,11.2269,12.3757
"1673",10,2011-01-10,NA,11.2376,12.4065
"1674",11,2011-01-11,NA,11.2498,12.438
"1675",12,2011-01-12,NA,11.2629,12.4732
"1676",13,2011-01-13,NA,11.2764,12.5075
"1677",14,2011-01-14,NA,11.2902,12.5403
"1678",15,2011-01-15,NA,11.3041,12.5688
"1679",16,2011-01-16,NA,11.3178,12.5907
"1680",17,2011-01-17,NA,11.3306,12.6033
"1681",18,2011-01-18,NA,11.3429,12.6109
"1682",19,2011-01-19,NA,11.3551,12.6187
"1683",20,2011-01-20,NA,11.3667,12.6264
"1684",21,2011-01-21,NA,11.3775,12.6334
"1685",22,2011-01-22,NA,11.3872,12.6392
"1686",23,2011-01-23,NA,11.3961,12.643
"1687",24,2011-01-24,NA,11.4052,12.6459
"1688",25,2011-01-25,NA,11.414,12.6485
"1689",26,2011-01-26,NA,11.4223,12.6512
"1690",27,2011-01-27,NA,11.4294,12.6526
"1691",28,2011-01-28,NA,11.4351,12.6538
"1692",29,2011-01-29,NA,11.4388,12.654
"1693",30,2011-01-30,NA,11.4402,12.6528
"1694",31,2011-01-31,NA,11.4393,12.6493
"1695",32,2011-02-01,NA,11.4365,12.6447
"1696",33,2011-02-02,NA,11.4325,12.639
"1697",34,2011-02-03,NA,11.4272,12.6312
"1698",35,2011-02-04,NA,11.42,12.6211
"1699",36,2011-02-05,NA,11.4118,12.6083
"1700",37,2011-02-06,NA,11.4026,12.5938
"1701",38,2011-02-07,NA,11.3923,12.5743
"1702",39,2011-02-08,NA,11.3813,12.5511
"1703",40,2011-02-09,NA,11.3698,12.5276
"1704",41,2011-02-10,NA,11.3583,12.5069
"1705",42,2011-02-11,NA,11.3472,12.4881
"1706",43,2011-02-12,NA,11.3368,12.4707
"1707",44,2011-02-13,NA,11.3269,12.4542
"1708",45,2011-02-14,NA,11.3179,12.4393
"1709",46,2011-02-15,NA,11.3102,12.4293
"1710",47,2011-02-16,NA,11.3032,12.4245
"1711",48,2011-02-17,NA,11.2965,12.4247
"1712",49,2011-02-18,NA,11.2898,12.4253
"1713",50,2011-02-19,NA,11.2826,12.4254
"1714",51,2011-02-20,NA,11.2746,12.4252
"1715",52,2011-02-21,NA,11.2659,12.4258
"1716",53,2011-02-22,NA,11.2569,12.4253
"1717",54,2011-02-23,NA,11.2469,12.4192
"1718",55,2011-02-24,NA,11.2356,12.4112
"1719",56,2011-02-25,NA,11.2227,12.4013
"1720",57,2011-02-26,NA,11.2078,12.3868
"1721",58,2011-02-27,NA,11.1911,12.3679
"1722",59,2011-02-28,NA,11.1732,12.3432
"1723",61,2011-03-01,NA,11.1364,12.2911
"1724",62,2011-03-02,NA,11.1191,12.2686
"1725",63,2011-03-03,NA,11.1017,12.2461
"1726",64,2011-03-04,NA,11.0833,12.2253
"1727",65,2011-03-05,NA,11.0643,12.2077
"1728",66,2011-03-06,NA,11.0447,12.1902
"1729",67,2011-03-07,NA,11.0237,12.1726
"1730",68,2011-03-08,NA,11.0015,12.1532
"1731",69,2011-03-09,NA,10.9776,12.1359
"1732",70,2011-03-10,NA,10.9523,12.1218
"1733",71,2011-03-11,NA,10.9246,12.1081
"1734",72,2011-03-12,NA,10.8941,12.0921
"1735",73,2011-03-13,NA,10.8604,12.0751
"1736",74,2011-03-14,NA,10.824,12.056
"1737",75,2011-03-15,NA,10.7848,12.0329
"1738",76,2011-03-16,NA,10.7419,12.0018
"1739",77,2011-03-17,NA,10.696,11.9613
"1740",78,2011-03-18,NA,10.6476,11.9187
"1741",79,2011-03-19,NA,10.5985,11.8602
"1742",80,2011-03-20,NA,10.5498,11.801
"1743",81,2011-03-21,NA,10.5016,11.7415
"1744",82,2011-03-22,NA,10.4554,11.6845
"1745",83,2011-03-23,NA,10.4108,11.6289
"1746",84,2011-03-24,NA,10.3675,11.5757
"1747",85,2011-03-25,NA,10.3255,11.5288
"1748",86,2011-03-26,NA,10.2844,11.4838
"1749",87,2011-03-27,NA,10.2451,11.4406
"1750",88,2011-03-28,NA,10.2082,11.402
"1751",89,2011-03-29,NA,10.1732,11.3678
"1752",90,2011-03-30,NA,10.1387,11.337
"1753",91,2011-03-31,NA,10.1041,11.3063
"1754",92,2011-04-01,NA,10.0697,11.2749
"1755",93,2011-04-02,NA,10.0356,11.242
"1756",94,2011-04-03,NA,10.0027,11.2087
"1757",95,2011-04-04,NA,9.9713,11.1737
"1758",96,2011-04-05,NA,9.9415,11.1354
"1759",97,2011-04-06,NA,9.9143,11.0986
"1760",98,2011-04-07,NA,9.8897,11.0618
"1761",99,2011-04-08,NA,9.8671,11.0277
"1762",100,2011-04-09,NA,9.8467,10.9948
"1763",101,2011-04-10,NA,9.8291,10.9642
"1764",102,2011-04-11,NA,9.8146,10.9335
"1765",103,2011-04-12,NA,9.8025,10.8992
"1766",104,2011-04-13,NA,9.7925,10.8627
"1767",105,2011-04-14,NA,9.7843,10.8244
"1768",106,2011-04-15,NA,9.7784,10.7868
"1769",107,2011-04-16,NA,9.7744,10.7547
"1770",108,2011-04-17,NA,9.771,10.7298
"1771",109,2011-04-18,NA,9.7681,10.7057
"1772",110,2011-04-19,NA,9.7649,10.6945
"1773",111,2011-04-20,NA,9.761,10.6833
"1774",112,2011-04-21,NA,9.7562,10.6704
"1775",113,2011-04-22,NA,9.7506,10.6548
"1776",114,2011-04-23,NA,9.7453,10.6394
"1777",115,2011-04-24,NA,9.7407,10.6254
"1778",116,2011-04-25,NA,9.7356,10.6162
"1779",117,2011-04-26,NA,9.732,10.6167
"1780",118,2011-04-27,NA,9.7293,10.6193
"1781",119,2011-04-28,NA,9.7278,10.6224
"1782",120,2011-04-29,NA,9.7276,10.6252
"1783",121,2011-04-30,NA,9.7297,10.6274
"1784",122,2011-05-01,NA,9.734,10.6291
"1785",123,2011-05-02,NA,9.7399,10.631
"1786",124,2011-05-03,NA,9.7462,10.6327
"1787",125,2011-05-04,NA,9.7521,10.6343
"1788",126,2011-05-05,NA,9.7579,10.6363
"1789",127,2011-05-06,NA,9.7641,10.6382
"1790",128,2011-05-07,NA,9.7689,10.6386
"1791",129,2011-05-08,NA,9.773,10.6388
"1792",130,2011-05-09,NA,9.7774,10.6374
"1793",131,2011-05-10,NA,9.7826,10.6349
"1794",132,2011-05-11,NA,9.7886,10.6345
"1795",133,2011-05-12,NA,9.7967,10.6344
"1796",134,2011-05-13,NA,9.8064,10.6394
"1797",135,2011-05-14,NA,9.8182,10.6476
"1798",136,2011-05-15,NA,9.8318,10.6597
"1799",137,2011-05-16,NA,9.8478,10.6751
"1800",138,2011-05-17,NA,9.8675,10.6956
"1801",139,2011-05-18,NA,9.8915,10.7275
"1802",140,2011-05-19,NA,9.9194,10.7637
"1803",141,2011-05-20,NA,9.9511,10.8068
"1804",142,2011-05-21,NA,9.9854,10.8557
"1805",143,2011-05-22,NA,10.0218,10.9104
"1806",144,2011-05-23,NA,10.0587,10.9657
"1807",145,2011-05-24,NA,10.0952,11.0233
"1808",146,2011-05-25,NA,10.1305,11.0787
"1809",147,2011-05-26,NA,10.1665,11.1328
"1810",148,2011-05-27,NA,10.1998,11.1664
"1811",149,2011-05-28,NA,10.2296,11.1943
"1812",150,2011-05-29,NA,10.2553,11.2166
"1813",151,2011-05-30,NA,10.2767,11.235
"1814",152,2011-05-31,NA,10.2944,11.2454
"1815",153,2011-06-01,NA,10.3084,11.2539
"1816",154,2011-06-02,NA,10.3186,11.258
"1817",155,2011-06-03,NA,10.3268,11.2586
"1818",156,2011-06-04,NA,10.3347,11.2575
"1819",157,2011-06-05,NA,10.3435,11.2561
"1820",158,2011-06-06,NA,10.352,11.2586
"1821",159,2011-06-07,NA,10.3627,11.2684
"1822",160,2011-06-08,NA,10.3766,11.2859
"1823",161,2011-06-09,NA,10.3937,11.311
"1824",162,2011-06-10,NA,10.414,11.3435
"1825",163,2011-06-11,NA,10.4356,11.3753
"1826",164,2011-06-12,NA,10.4596,11.4135
"1827",165,2011-06-13,NA,10.4864,11.4537
"1828",166,2011-06-14,NA,10.5163,11.5028
"1829",167,2011-06-15,NA,10.5486,11.5572
"1830",168,2011-06-16,NA,10.5812,11.6164
"1831",169,2011-06-17,NA,10.6121,11.6727
"1832",170,2011-06-18,NA,10.6405,11.7181
"1833",171,2011-06-19,NA,10.6662,11.7599
"1834",172,2011-06-20,NA,10.6894,11.8042
"1835",173,2011-06-21,NA,10.7113,11.8451
"1836",174,2011-06-22,NA,10.7341,11.8898
"1837",175,2011-06-23,NA,10.7575,11.9378
"1838",176,2011-06-24,NA,10.7805,11.9805
"1839",177,2011-06-25,NA,10.8032,12.0207
"1840",178,2011-06-26,NA,10.8251,12.0515
"1841",179,2011-06-27,NA,10.8494,12.0939
"1842",180,2011-06-28,NA,10.878,12.1398
"1843",181,2011-06-29,NA,10.9111,12.1919
"1844",182,2011-06-30,NA,10.949,12.2519
"1845",183,2011-07-01,NA,10.9902,12.3203
"1846",184,2011-07-02,NA,11.0344,12.3892
"1847",185,2011-07-03,NA,11.0806,12.4547
"1848",186,2011-07-04,NA,11.1272,12.5162
"1849",187,2011-07-05,NA,11.1741,12.5793
"1850",188,2011-07-06,NA,11.2198,12.6424
"1851",189,2011-07-07,NA,11.265,12.7061
"1852",190,2011-07-08,NA,11.3088,12.7614
"1853",191,2011-07-09,NA,11.3515,12.8134
"1854",192,2011-07-10,NA,11.3933,12.8716
"1855",193,2011-07-11,NA,11.4324,12.9188
"1856",194,2011-07-12,NA,11.4711,12.9685
"1857",195,2011-07-13,NA,11.509,13.0123
"1858",196,2011-07-14,NA,11.5459,13.0552
"1859",197,2011-07-15,NA,11.5819,13.0958
"1860",198,2011-07-16,NA,11.618,13.1332
"1861",199,2011-07-17,NA,11.6553,13.1692
"1862",200,2011-07-18,NA,11.695,13.2062
"1863",201,2011-07-19,NA,11.7365,13.2422
"1864",202,2011-07-20,NA,11.7762,13.2728
"1865",203,2011-07-21,NA,11.8127,13.2932
"1866",204,2011-07-22,NA,11.8464,13.3101
"1867",205,2011-07-23,NA,11.8758,13.3165
"1868",206,2011-07-24,NA,11.9016,13.3149
"1869",207,2011-07-25,NA,11.9248,13.3118
"1870",208,2011-07-26,NA,11.9467,13.3065
"1871",209,2011-07-27,NA,11.9678,13.304
"1872",210,2011-07-28,NA,11.9873,13.3002
"1873",211,2011-07-29,NA,12.0042,13.2958
"1874",212,2011-07-30,NA,12.0205,13.2966
"1875",213,2011-07-31,NA,12.0393,13.2975
"1876",214,2011-08-01,NA,12.0615,13.3036
"1877",215,2011-08-02,NA,12.0876,13.3165
"1878",216,2011-08-03,NA,12.1171,13.3459
"1879",217,2011-08-04,NA,12.1504,13.3893
"1880",218,2011-08-05,NA,12.1871,13.4344
"1881",219,2011-08-06,NA,12.2265,13.4849
"1882",220,2011-08-07,NA,12.2687,13.5313
"1883",221,2011-08-08,NA,12.3127,13.5794
"1884",222,2011-08-09,NA,12.3568,13.6266
"1885",223,2011-08-10,NA,12.3975,13.6622
"1886",224,2011-08-11,NA,12.4338,13.7007
"1887",225,2011-08-12,NA,12.4646,13.7321
"1888",226,2011-08-13,NA,12.4893,13.7604
"1889",227,2011-08-14,NA,12.5088,13.7786
"1890",228,2011-08-15,NA,12.5234,13.7828
"1891",229,2011-08-16,NA,12.5331,13.7774
"1892",230,2011-08-17,NA,12.5388,13.7696
"1893",231,2011-08-18,NA,12.5395,13.7664
"1894",232,2011-08-19,NA,12.5363,13.7646
"1895",233,2011-08-20,NA,12.5325,13.7605
"1896",234,2011-08-21,NA,12.5313,13.7617
"1897",235,2011-08-22,NA,12.5346,13.7723
"1898",236,2011-08-23,NA,12.5425,13.7874
"1899",237,2011-08-24,NA,12.5553,13.8088
"1900",238,2011-08-25,NA,12.5738,13.8363
"1901",239,2011-08-26,NA,12.5958,13.8717
"1902",240,2011-08-27,NA,12.6196,13.9135
"1903",241,2011-08-28,NA,12.6441,13.9557
"1904",242,2011-08-29,NA,12.6691,13.99
"1905",243,2011-08-30,NA,12.6927,14.0173
"1906",244,2011-08-31,NA,12.7121,14.0558
"1907",245,2011-09-01,NA,12.7269,14.0961
"1908",246,2011-09-02,NA,12.7359,14.1314
"1909",247,2011-09-03,NA,12.7403,14.1538
"1910",248,2011-09-04,NA,12.74,14.1527
"1911",249,2011-09-05,NA,12.7335,14.149
"1912",250,2011-09-06,NA,12.7217,14.1399
"1913",251,2011-09-07,NA,12.7048,14.1303
"1914",252,2011-09-08,NA,12.6835,14.1156
"1915",253,2011-09-09,NA,12.6582,14.0748
"1916",254,2011-09-10,NA,12.6327,14.0318
"1917",255,2011-09-11,NA,12.6094,13.9905
"1918",256,2011-09-12,NA,12.5882,13.9513
"1919",257,2011-09-13,NA,12.5687,13.9147
"1920",258,2011-09-14,NA,12.5503,13.8877
"1921",259,2011-09-15,NA,12.5332,13.8697
"1922",260,2011-09-16,NA,12.5175,13.8604
"1923",261,2011-09-17,NA,12.5028,13.8525
"1924",262,2011-09-18,NA,12.4898,13.8389
"1925",263,2011-09-19,NA,12.4784,13.825
"1926",264,2011-09-20,NA,12.4686,13.8202
"1927",265,2011-09-21,NA,12.4585,13.8199
"1928",266,2011-09-22,NA,12.4454,13.8137
"1929",267,2011-09-23,NA,12.4287,13.8027
"1930",268,2011-09-24,NA,12.4087,13.7902
"1931",269,2011-09-25,NA,12.3859,13.7752
"1932",270,2011-09-26,NA,12.3613,13.7563
"1933",271,2011-09-27,NA,12.3366,13.7327
"1934",272,2011-09-28,NA,12.3123,13.7092
"1935",273,2011-09-29,NA,12.2893,13.6945
"1936",274,2011-09-30,NA,12.2681,13.6808
"1937",275,2011-10-01,NA,12.2482,13.6547
"1938",276,2011-10-02,NA,12.2294,13.6216
"1939",277,2011-10-03,NA,12.2132,13.5892
"1940",278,2011-10-04,NA,12.2006,13.5689
"1941",279,2011-10-05,NA,12.1923,13.5857
"1942",280,2011-10-06,NA,12.188,13.6095
"1943",281,2011-10-07,NA,12.1877,13.6354
"1944",282,2011-10-08,NA,12.1889,13.6592
"1945",283,2011-10-09,NA,12.1911,13.681
"1946",284,2011-10-10,NA,12.194,13.7149
"1947",285,2011-10-11,NA,12.1969,13.746
"1948",286,2011-10-12,NA,12.2005,13.775
"1949",287,2011-10-13,NA,12.2053,13.8037
"1950",288,2011-10-14,NA,12.2108,13.8323
"1951",289,2011-10-15,NA,12.2161,13.8602
"1952",290,2011-10-16,NA,12.2206,13.8864
"1953",291,2011-10-17,NA,12.2244,13.9113
"1954",292,2011-10-18,NA,12.2259,13.9313
"1955",293,2011-10-19,NA,12.2285,13.9494
"1956",294,2011-10-20,NA,12.2333,13.9669
"1957",295,2011-10-21,NA,12.2398,13.9808
"1958",296,2011-10-22,NA,12.2487,13.9892
"1959",297,2011-10-23,NA,12.2592,13.9976
"1960",298,2011-10-24,NA,12.271,14.0092
"1961",299,2011-10-25,NA,12.2843,14.0188
"1962",300,2011-10-26,NA,12.2972,14.025
"1963",301,2011-10-27,NA,12.3088,14.0299
"1964",302,2011-10-28,NA,12.3181,14.0334
"1965",303,2011-10-29,NA,12.3264,14.0363
"1966",304,2011-10-30,NA,12.3318,14.039
"1967",305,2011-10-31,NA,12.3342,14.0414
"1968",306,2011-11-01,NA,12.3342,14.042
"1969",307,2011-11-02,NA,12.3315,14.0424
"1970",308,2011-11-03,NA,12.3258,14.0408
"1971",309,2011-11-04,NA,12.3165,14.0309
"1972",310,2011-11-05,NA,12.3031,14.0013
"1973",311,2011-11-06,NA,12.2878,13.9656
"1974",312,2011-11-07,NA,12.2718,13.9292
"1975",313,2011-11-08,NA,12.2564,13.8961
"1976",314,2011-11-09,NA,12.2418,13.8706
"1977",315,2011-11-10,NA,12.2271,13.8568
"1978",316,2011-11-11,NA,12.2113,13.8468
"1979",317,2011-11-12,NA,12.194,13.8342
"1980",318,2011-11-13,NA,12.1754,13.8216
"1981",319,2011-11-14,NA,12.1564,13.8061
"1982",320,2011-11-15,NA,12.1376,13.782
"1983",321,2011-11-16,NA,12.1194,13.7563
"1984",322,2011-11-17,NA,12.1008,13.7251
"1985",323,2011-11-18,NA,12.0826,13.6895
"1986",324,2011-11-19,NA,12.0623,13.6438
"1987",325,2011-11-20,NA,12.0395,13.5987
"1988",326,2011-11-21,NA,12.0156,13.5717
"1989",327,2011-11-22,NA,11.9899,13.5472
"1990",328,2011-11-23,NA,11.9636,13.5217
"1991",329,2011-11-24,NA,11.9362,13.4958
"1992",330,2011-11-25,NA,11.9075,13.4711
"1993",331,2011-11-26,NA,11.8781,13.4479
"1994",332,2011-11-27,NA,11.8489,13.4259
"1995",333,2011-11-28,NA,11.8205,13.4054
"1996",334,2011-11-29,NA,11.7924,13.3842
"1997",335,2011-11-30,NA,11.766,13.3563
"1998",336,2011-12-01,NA,11.7406,13.317
"1999",337,2011-12-02,NA,11.7157,13.2767
"2000",338,2011-12-03,NA,11.6917,13.234
"2001",339,2011-12-04,NA,11.6685,13.1913
"2002",340,2011-12-05,NA,11.6458,13.1474
"2003",341,2011-12-06,NA,11.6231,13.0986
"2004",342,2011-12-07,NA,11.6005,13.05
"2005",343,2011-12-08,NA,11.5769,12.9998
"2006",344,2011-12-09,NA,11.5521,12.9485
"2007",345,2011-12-10,NA,11.5259,12.8892
"2008",346,2011-12-11,NA,11.4987,12.826
"2009",347,2011-12-12,NA,11.4715,12.759
"2010",348,2011-12-13,NA,11.4447,12.6966
"2011",349,2011-12-14,NA,11.4185,12.6349
"2012",350,2011-12-15,NA,11.3929,12.5768
"2013",351,2011-12-16,NA,11.3685,12.5295
"2014",352,2011-12-17,NA,11.3459,12.4875
"2015",353,2011-12-18,NA,11.3249,12.4562
"2016",354,2011-12-19,NA,11.3062,12.4326
"2017",355,2011-12-20,NA,11.2898,12.4216
"2018",356,2011-12-21,NA,11.2753,12.4119
"2019",357,2011-12-22,NA,11.2623,12.3877
"2020",358,2011-12-23,NA,11.2505,12.3637
"2021",359,2011-12-24,NA,11.2388,12.3395
"2022",360,2011-12-25,NA,11.2281,12.3156
"2023",361,2011-12-26,NA,11.218,12.2922
"2024",362,2011-12-27,NA,11.209,12.2705
"2025",363,2011-12-28,NA,11.2016,12.2514
"2026",364,2011-12-29,NA,11.1961,12.2351
"2027",365,2011-12-30,NA,11.1919,12.2213
"2028",366,2011-12-31,NA,11.1886,12.2149
"2029",1,2012-01-01,NA,11.1862,12.2208
"2030",2,2012-01-02,NA,11.1852,12.2278
"2031",3,2012-01-03,NA,11.1857,12.2394
"2032",4,2012-01-04,NA,11.1883,12.2548
"2033",5,2012-01-05,NA,11.1929,12.274
"2034",6,2012-01-06,NA,11.1997,12.2985
"2035",7,2012-01-07,NA,11.2081,12.3247
"2036",8,2012-01-08,NA,11.2171,12.3502
"2037",9,2012-01-09,NA,11.2269,12.3757
"2038",10,2012-01-10,NA,11.2376,12.4065
"2039",11,2012-01-11,NA,11.2498,12.438
"2040",12,2012-01-12,NA,11.2629,12.4732
"2041",13,2012-01-13,NA,11.2764,12.5075
"2042",14,2012-01-14,NA,11.2902,12.5403
"2043",15,2012-01-15,NA,11.3041,12.5688
"2044",16,2012-01-16,NA,11.3178,12.5907
"2045",17,2012-01-17,NA,11.3306,12.6033
"2046",18,2012-01-18,NA,11.3429,12.6109
"2047",19,2012-01-19,NA,11.3551,12.6187
"2048",20,2012-01-20,NA,11.3667,12.6264
"2049",21,2012-01-21,NA,11.3775,12.6334
"2050",22,2012-01-22,NA,11.3872,12.6392
"2051",23,2012-01-23,NA,11.3961,12.643
"2052",24,2012-01-24,NA,11.4052,12.6459
"2053",25,2012-01-25,NA,11.414,12.6485
"2054",26,2012-01-26,NA,11.4223,12.6512
"2055",27,2012-01-27,NA,11.4294,12.6526
"2056",28,2012-01-28,NA,11.4351,12.6538
"2057",29,2012-01-29,NA,11.4388,12.654
"2058",30,2012-01-30,NA,11.4402,12.6528
"2059",31,2012-01-31,NA,11.4393,12.6493
"2060",32,2012-02-01,NA,11.4365,12.6447
"2061",33,2012-02-02,NA,11.4325,12.639
"2062",34,2012-02-03,NA,11.4272,12.6312
"2063",35,2012-02-04,NA,11.42,12.6211
"2064",36,2012-02-05,NA,11.4118,12.6083
"2065",37,2012-02-06,NA,11.4026,12.5938
"2066",38,2012-02-07,NA,11.3923,12.5743
"2067",39,2012-02-08,NA,11.3813,12.5511
"2068",40,2012-02-09,NA,11.3698,12.5276
"2069",41,2012-02-10,NA,11.3583,12.5069
"2070",42,2012-02-11,NA,11.3472,12.4881
"2071",43,2012-02-12,NA,11.3368,12.4707
"2072",44,2012-02-13,NA,11.3269,12.4542
"2073",45,2012-02-14,NA,11.3179,12.4393
"2074",46,2012-02-15,NA,11.3102,12.4293
"2075",47,2012-02-16,NA,11.3032,12.4245
"2076",48,2012-02-17,NA,11.2965,12.4247
"2077",49,2012-02-18,NA,11.2898,12.4253
"2078",50,2012-02-19,NA,11.2826,12.4254
"2079",51,2012-02-20,NA,11.2746,12.4252
"2080",52,2012-02-21,NA,11.2659,12.4258
"2081",53,2012-02-22,NA,11.2569,12.4253
"2082",54,2012-02-23,NA,11.2469,12.4192
"2083",55,2012-02-24,NA,11.2356,12.4112
"2084",56,2012-02-25,NA,11.2227,12.4013
"2085",57,2012-02-26,NA,11.2078,12.3868
"2086",58,2012-02-27,NA,11.1911,12.3679
"2087",59,2012-02-28,NA,11.1732,12.3432
"2088",60,2012-02-29,NA,11.1546,12.3169
"2089",61,2012-03-01,NA,11.1364,12.2911
"2090",62,2012-03-02,NA,11.1191,12.2686
"2091",63,2012-03-03,NA,11.1017,12.2461
"2092",64,2012-03-04,NA,11.0833,12.2253
"2093",65,2012-03-05,NA,11.0643,12.2077
"2094",66,2012-03-06,NA,11.0447,12.1902
"2095",67,2012-03-07,NA,11.0237,12.1726
"2096",68,2012-03-08,NA,11.0015,12.1532
"2097",69,2012-03-09,NA,10.9776,12.1359
"2098",70,2012-03-10,NA,10.9523,12.1218
"2099",71,2012-03-11,NA,10.9246,12.1081
"2100",72,2012-03-12,NA,10.8941,12.0921
"2101",73,2012-03-13,NA,10.8604,12.0751
"2102",74,2012-03-14,NA,10.824,12.056
"2103",75,2012-03-15,NA,10.7848,12.0329
"2104",76,2012-03-16,NA,10.7419,12.0018
"2105",77,2012-03-17,NA,10.696,11.9613
"2106",78,2012-03-18,NA,10.6476,11.9187
"2107",79,2012-03-19,NA,10.5985,11.8602
"2108",80,2012-03-20,NA,10.5498,11.801
"2109",81,2012-03-21,NA,10.5016,11.7415
"2110",82,2012-03-22,NA,10.4554,11.6845
"2111",83,2012-03-23,NA,10.4108,11.6289
"2112",84,2012-03-24,NA,10.3675,11.5757
"2113",85,2012-03-25,NA,10.3255,11.5288
"2114",86,2012-03-26,NA,10.2844,11.4838
"2115",87,2012-03-27,NA,10.2451,11.4406
"2116",88,2012-03-28,NA,10.2082,11.402
"2117",89,2012-03-29,NA,10.1732,11.3678
"2118",90,2012-03-30,NA,10.1387,11.337
"2119",91,2012-03-31,NA,10.1041,11.3063
"2120",92,2012-04-01,NA,10.0697,11.2749
"2121",93,2012-04-02,NA,10.0356,11.242
"2122",94,2012-04-03,NA,10.0027,11.2087
"2123",95,2012-04-04,NA,9.9713,11.1737
"2124",96,2012-04-05,NA,9.9415,11.1354
"2125",97,2012-04-06,NA,9.9143,11.0986
"2126",98,2012-04-07,NA,9.8897,11.0618
"2127",99,2012-04-08,NA,9.8671,11.0277
"2128",100,2012-04-09,NA,9.8467,10.9948
"2129",101,2012-04-10,NA,9.8291,10.9642
"2130",102,2012-04-11,NA,9.8146,10.9335
"2131",103,2012-04-12,NA,9.8025,10.8992
"2132",104,2012-04-13,NA,9.7925,10.8627
"2133",105,2012-04-14,NA,9.7843,10.8244
"2134",106,2012-04-15,NA,9.7784,10.7868
"2135",107,2012-04-16,NA,9.7744,10.7547
"2136",108,2012-04-17,NA,9.771,10.7298
"2137",109,2012-04-18,NA,9.7681,10.7057
"2138",110,2012-04-19,NA,9.7649,10.6945
"2139",111,2012-04-20,NA,9.761,10.6833
"2140",112,2012-04-21,NA,9.7562,10.6704
"2141",113,2012-04-22,NA,9.7506,10.6548
"2142",114,2012-04-23,NA,9.7453,10.6394
"2143",115,2012-04-24,NA,9.7407,10.6254
"2144",116,2012-04-25,NA,9.7356,10.6162
"2145",117,2012-04-26,NA,9.732,10.6167
"2146",118,2012-04-27,NA,9.7293,10.6193
"2147",119,2012-04-28,NA,9.7278,10.6224
"2148",120,2012-04-29,NA,9.7276,10.6252
"2149",121,2012-04-30,NA,9.7297,10.6274
"2150",122,2012-05-01,NA,9.734,10.6291
"2151",123,2012-05-02,NA,9.7399,10.631
"2152",124,2012-05-03,NA,9.7462,10.6327
"2153",125,2012-05-04,NA,9.7521,10.6343
"2154",126,2012-05-05,NA,9.7579,10.6363
"2155",127,2012-05-06,NA,9.7641,10.6382
"2156",128,2012-05-07,NA,9.7689,10.6386
"2157",129,2012-05-08,NA,9.773,10.6388
"2158",130,2012-05-09,NA,9.7774,10.6374
"2159",131,2012-05-10,NA,9.7826,10.6349
"2160",132,2012-05-11,NA,9.7886,10.6345
"2161",133,2012-05-12,NA,9.7967,10.6344
"2162",134,2012-05-13,NA,9.8064,10.6394
"2163",135,2012-05-14,NA,9.8182,10.6476
"2164",136,2012-05-15,NA,9.8318,10.6597
"2165",137,2012-05-16,NA,9.8478,10.6751
"2166",138,2012-05-17,NA,9.8675,10.6956
"2167",139,2012-05-18,NA,9.8915,10.7275
"2168",140,2012-05-19,NA,9.9194,10.7637
"2169",141,2012-05-20,NA,9.9511,10.8068
"2170",142,2012-05-21,NA,9.9854,10.8557
"2171",143,2012-05-22,NA,10.0218,10.9104
"2172",144,2012-05-23,NA,10.0587,10.9657
"2173",145,2012-05-24,NA,10.0952,11.0233
"2174",146,2012-05-25,NA,10.1305,11.0787
"2175",147,2012-05-26,NA,10.1665,11.1328
"2176",148,2012-05-27,NA,10.1998,11.1664
"2177",149,2012-05-28,NA,10.2296,11.1943
"2178",150,2012-05-29,NA,10.2553,11.2166
"2179",151,2012-05-30,NA,10.2767,11.235
"2180",152,2012-05-31,NA,10.2944,11.2454
"2181",153,2012-06-01,NA,10.3084,11.2539
"2182",154,2012-06-02,NA,10.3186,11.258
"2183",155,2012-06-03,NA,10.3268,11.2586
"2184",156,2012-06-04,NA,10.3347,11.2575
"2185",157,2012-06-05,NA,10.3435,11.2561
"2186",158,2012-06-06,NA,10.352,11.2586
"2187",159,2012-06-07,NA,10.3627,11.2684
"2188",160,2012-06-08,NA,10.3766,11.2859
"2189",161,2012-06-09,NA,10.3937,11.311
"2190",162,2012-06-10,NA,10.414,11.3435
"2191",163,2012-06-11,NA,10.4356,11.3753
"2192",164,2012-06-12,NA,10.4596,11.4135
"2193",165,2012-06-13,NA,10.4864,11.4537
"2194",166,2012-06-14,NA,10.5163,11.5028
"2195",167,2012-06-15,NA,10.5486,11.5572
"2196",168,2012-06-16,NA,10.5812,11.6164
"2197",169,2012-06-17,NA,10.6121,11.6727
"2198",170,2012-06-18,NA,10.6405,11.7181
"2199",171,2012-06-19,NA,10.6662,11.7599
"2200",172,2012-06-20,NA,10.6894,11.8042
"2201",173,2012-06-21,NA,10.7113,11.8451
"2202",174,2012-06-22,NA,10.7341,11.8898
"2203",175,2012-06-23,NA,10.7575,11.9378
"2204",176,2012-06-24,NA,10.7805,11.9805
"2205",177,2012-06-25,NA,10.8032,12.0207
"2206",178,2012-06-26,NA,10.8251,12.0515
"2207",179,2012-06-27,NA,10.8494,12.0939
"2208",180,2012-06-28,NA,10.878,12.1398
"2209",181,2012-06-29,NA,10.9111,12.1919
"2210",182,2012-06-30,NA,10.949,12.2519
"2211",183,2012-07-01,NA,10.9902,12.3203
"2212",184,2012-07-02,NA,11.0344,12.3892
"2213",185,2012-07-03,NA,11.0806,12.4547
"2214",186,2012-07-04,NA,11.1272,12.5162
"2215",187,2012-07-05,NA,11.1741,12.5793
"2216",188,2012-07-06,NA,11.2198,12.6424
"2217",189,2012-07-07,NA,11.265,12.7061
"2218",190,2012-07-08,NA,11.3088,12.7614
"2219",191,2012-07-09,NA,11.3515,12.8134
"2220",192,2012-07-10,NA,11.3933,12.8716
"2221",193,2012-07-11,NA,11.4324,12.9188
"2222",194,2012-07-12,NA,11.4711,12.9685
"2223",195,2012-07-13,NA,11.509,13.0123
"2224",196,2012-07-14,NA,11.5459,13.0552
"2225",197,2012-07-15,NA,11.5819,13.0958
"2226",198,2012-07-16,NA,11.618,13.1332
"2227",199,2012-07-17,NA,11.6553,13.1692
"2228",200,2012-07-18,NA,11.695,13.2062
"2229",201,2012-07-19,NA,11.7365,13.2422
"2230",202,2012-07-20,NA,11.7762,13.2728
"2231",203,2012-07-21,NA,11.8127,13.2932
"2232",204,2012-07-22,NA,11.8464,13.3101
"2233",205,2012-07-23,NA,11.8758,13.3165
"2234",206,2012-07-24,NA,11.9016,13.3149
"2235",207,2012-07-25,NA,11.9248,13.3118
"2236",208,2012-07-26,NA,11.9467,13.3065
"2237",209,2012-07-27,NA,11.9678,13.304
"2238",210,2012-07-28,NA,11.9873,13.3002
"2239",211,2012-07-29,NA,12.0042,13.2958
"2240",212,2012-07-30,NA,12.0205,13.2966
"2241",213,2012-07-31,NA,12.0393,13.2975
"2242",214,2012-08-01,NA,12.0615,13.3036
"2243",215,2012-08-02,NA,12.0876,13.3165
"2244",216,2012-08-03,NA,12.1171,13.3459
"2245",217,2012-08-04,NA,12.1504,13.3893
"2246",218,2012-08-05,NA,12.1871,13.4344
"2247",219,2012-08-06,NA,12.2265,13.4849
"2248",220,2012-08-07,NA,12.2687,13.5313
"2249",221,2012-08-08,NA,12.3127,13.5794
"2250",222,2012-08-09,NA,12.3568,13.6266
"2251",223,2012-08-10,NA,12.3975,13.6622
"2252",224,2012-08-11,NA,12.4338,13.7007
"2253",225,2012-08-12,NA,12.4646,13.7321
"2254",226,2012-08-13,NA,12.4893,13.7604
"2255",227,2012-08-14,NA,12.5088,13.7786
"2256",228,2012-08-15,NA,12.5234,13.7828
"2257",229,2012-08-16,NA,12.5331,13.7774
"2258",230,2012-08-17,NA,12.5388,13.7696
"2259",231,2012-08-18,NA,12.5395,13.7664
"2260",232,2012-08-19,NA,12.5363,13.7646
"2261",233,2012-08-20,NA,12.5325,13.7605
"2262",234,2012-08-21,NA,12.5313,13.7617
"2263",235,2012-08-22,NA,12.5346,13.7723
"2264",236,2012-08-23,NA,12.5425,13.7874
"2265",237,2012-08-24,NA,12.5553,13.8088
"2266",238,2012-08-25,NA,12.5738,13.8363
"2267",239,2012-08-26,NA,12.5958,13.8717
"2268",240,2012-08-27,NA,12.6196,13.9135
"2269",241,2012-08-28,NA,12.6441,13.9557
"2270",242,2012-08-29,NA,12.6691,13.99
"2271",243,2012-08-30,NA,12.6927,14.0173
"2272",244,2012-08-31,NA,12.7121,14.0558
"2273",245,2012-09-01,NA,12.7269,14.0961
"2274",246,2012-09-02,NA,12.7359,14.1314
"2275",247,2012-09-03,NA,12.7403,14.1538
"2276",248,2012-09-04,NA,12.74,14.1527
"2277",249,2012-09-05,NA,12.7335,14.149
"2278",250,2012-09-06,NA,12.7217,14.1399
"2279",251,2012-09-07,NA,12.7048,14.1303
"2280",252,2012-09-08,NA,12.6835,14.1156
"2281",253,2012-09-09,NA,12.6582,14.0748
"2282",254,2012-09-10,NA,12.6327,14.0318
"2283",255,2012-09-11,NA,12.6094,13.9905
"2284",256,2012-09-12,NA,12.5882,13.9513
"2285",257,2012-09-13,NA,12.5687,13.9147
"2286",258,2012-09-14,NA,12.5503,13.8877
"2287",259,2012-09-15,NA,12.5332,13.8697
"2288",260,2012-09-16,NA,12.5175,13.8604
"2289",261,2012-09-17,NA,12.5028,13.8525
"2290",262,2012-09-18,NA,12.4898,13.8389
"2291",263,2012-09-19,NA,12.4784,13.825
"2292",264,2012-09-20,NA,12.4686,13.8202
"2293",265,2012-09-21,NA,12.4585,13.8199
"2294",266,2012-09-22,NA,12.4454,13.8137
"2295",267,2012-09-23,NA,12.4287,13.8027
"2296",268,2012-09-24,NA,12.4087,13.7902
"2297",269,2012-09-25,NA,12.3859,13.7752
"2298",270,2012-09-26,NA,12.3613,13.7563
"2299",271,2012-09-27,NA,12.3366,13.7327
"2300",272,2012-09-28,NA,12.3123,13.7092
"2301",273,2012-09-29,NA,12.2893,13.6945
"2302",274,2012-09-30,NA,12.2681,13.6808
"2303",275,2012-10-01,NA,12.2482,13.6547
"2304",276,2012-10-02,NA,12.2294,13.6216
"2305",277,2012-10-03,NA,12.2132,13.5892
"2306",278,2012-10-04,NA,12.2006,13.5689
"2307",279,2012-10-05,NA,12.1923,13.5857
"2308",280,2012-10-06,NA,12.188,13.6095
"2309",281,2012-10-07,NA,12.1877,13.6354
"2310",282,2012-10-08,NA,12.1889,13.6592
"2311",283,2012-10-09,NA,12.1911,13.681
"2312",284,2012-10-10,NA,12.194,13.7149
"2313",285,2012-10-11,NA,12.1969,13.746
"2314",286,2012-10-12,NA,12.2005,13.775
"2315",287,2012-10-13,NA,12.2053,13.8037
"2316",288,2012-10-14,NA,12.2108,13.8323
"2317",289,2012-10-15,NA,12.2161,13.8602
"2318",290,2012-10-16,NA,12.2206,13.8864
"2319",291,2012-10-17,NA,12.2244,13.9113
"2320",292,2012-10-18,NA,12.2259,13.9313
"2321",293,2012-10-19,NA,12.2285,13.9494
"2322",294,2012-10-20,NA,12.2333,13.9669
"2323",295,2012-10-21,NA,12.2398,13.9808
"2324",296,2012-10-22,NA,12.2487,13.9892
"2325",297,2012-10-23,NA,12.2592,13.9976
"2326",298,2012-10-24,NA,12.271,14.0092
"2327",299,2012-10-25,NA,12.2843,14.0188
"2328",300,2012-10-26,NA,12.2972,14.025
"2329",301,2012-10-27,NA,12.3088,14.0299
"2330",302,2012-10-28,NA,12.3181,14.0334
"2331",303,2012-10-29,NA,12.3264,14.0363
"2332",304,2012-10-30,NA,12.3318,14.039
"2333",305,2012-10-31,NA,12.3342,14.0414
"2334",306,2012-11-01,NA,12.3342,14.042
"2335",307,2012-11-02,NA,12.3315,14.0424
"2336",308,2012-11-03,NA,12.3258,14.0408
"2337",309,2012-11-04,NA,12.3165,14.0309
"2338",310,2012-11-05,NA,12.3031,14.0013
"2339",311,2012-11-06,NA,12.2878,13.9656
"2340",312,2012-11-07,NA,12.2718,13.9292
"2341",313,2012-11-08,NA,12.2564,13.8961
"2342",314,2012-11-09,NA,12.2418,13.8706
"2343",315,2012-11-10,NA,12.2271,13.8568
"2344",316,2012-11-11,NA,12.2113,13.8468
"2345",317,2012-11-12,NA,12.194,13.8342
"2346",318,2012-11-13,NA,12.1754,13.8216
"2347",319,2012-11-14,NA,12.1564,13.8061
"2348",320,2012-11-15,NA,12.1376,13.782
"2349",321,2012-11-16,NA,12.1194,13.7563
"2350",322,2012-11-17,NA,12.1008,13.7251
"2351",323,2012-11-18,NA,12.0826,13.6895
"2352",324,2012-11-19,NA,12.0623,13.6438
"2353",325,2012-11-20,NA,12.0395,13.5987
"2354",326,2012-11-21,NA,12.0156,13.5717
"2355",327,2012-11-22,NA,11.9899,13.5472
"2356",328,2012-11-23,NA,11.9636,13.5217
"2357",329,2012-11-24,NA,11.9362,13.4958
"2358",330,2012-11-25,NA,11.9075,13.4711
"2359",331,2012-11-26,NA,11.8781,13.4479
"2360",332,2012-11-27,NA,11.8489,13.4259
"2361",333,2012-11-28,NA,11.8205,13.4054
"2362",334,2012-11-29,NA,11.7924,13.3842
"2363",335,2012-11-30,NA,11.766,13.3563
"2364",336,2012-12-01,NA,11.7406,13.317
"2365",337,2012-12-02,NA,11.7157,13.2767
"2366",338,2012-12-03,NA,11.6917,13.234
"2367",339,2012-12-04,NA,11.6685,13.1913
"2368",340,2012-12-05,NA,11.6458,13.1474
"2369",341,2012-12-06,NA,11.6231,13.0986
"2370",342,2012-12-07,NA,11.6005,13.05
"2371",343,2012-12-08,NA,11.5769,12.9998
"2372",344,2012-12-09,NA,11.5521,12.9485
"2373",345,2012-12-10,NA,11.5259,12.8892
"2374",346,2012-12-11,NA,11.4987,12.826
"2375",347,2012-12-12,NA,11.4715,12.759
"2376",348,2012-12-13,NA,11.4447,12.6966
"2377",349,2012-12-14,NA,11.4185,12.6349
"2378",350,2012-12-15,NA,11.3929,12.5768
"2379",351,2012-12-16,NA,11.3685,12.5295
"2380",352,2012-12-17,NA,11.3459,12.4875
"2381",353,2012-12-18,NA,11.3249,12.4562
"2382",354,2012-12-19,NA,11.3062,12.4326
"2383",355,2012-12-20,NA,11.2898,12.4216
"2384",356,2012-12-21,NA,11.2753,12.4119
"2385",357,2012-12-22,NA,11.2623,12.3877
"2386",358,2012-12-23,NA,11.2505,12.3637
"2387",359,2012-12-24,NA,11.2388,12.3395
"2388",360,2012-12-25,NA,11.2281,12.3156
"2389",361,2012-12-26,NA,11.218,12.2922
"2390",362,2012-12-27,NA,11.209,12.2705
"2391",363,2012-12-28,NA,11.2016,12.2514
"2392",364,2012-12-29,NA,11.1961,12.2351
"2393",365,2012-12-30,NA,11.1919,12.2213
"2394",366,2012-12-31,NA,11.1886,12.2149
"2395",1,2013-01-01,NA,11.1862,12.2208
"2396",2,2013-01-02,NA,11.1852,12.2278
"2397",3,2013-01-03,NA,11.1857,12.2394
"2398",4,2013-01-04,NA,11.1883,12.2548
"2399",5,2013-01-05,NA,11.1929,12.274
"2400",6,2013-01-06,NA,11.1997,12.2985
"2401",7,2013-01-07,NA,11.2081,12.3247
"2402",8,2013-01-08,NA,11.2171,12.3502
"2403",9,2013-01-09,NA,11.2269,12.3757
"2404",10,2013-01-10,NA,11.2376,12.4065
"2405",11,2013-01-11,NA,11.2498,12.438
"2406",12,2013-01-12,NA,11.2629,12.4732
"2407",13,2013-01-13,NA,11.2764,12.5075
"2408",14,2013-01-14,NA,11.2902,12.5403
"2409",15,2013-01-15,NA,11.3041,12.5688
"2410",16,2013-01-16,NA,11.3178,12.5907
"2411",17,2013-01-17,NA,11.3306,12.6033
"2412",18,2013-01-18,NA,11.3429,12.6109
"2413",19,2013-01-19,NA,11.3551,12.6187
"2414",20,2013-01-20,NA,11.3667,12.6264
"2415",21,2013-01-21,NA,11.3775,12.6334
"2416",22,2013-01-22,NA,11.3872,12.6392
"2417",23,2013-01-23,NA,11.3961,12.643
"2418",24,2013-01-24,NA,11.4052,12.6459
"2419",25,2013-01-25,NA,11.414,12.6485
"2420",26,2013-01-26,NA,11.4223,12.6512
"2421",27,2013-01-27,NA,11.4294,12.6526
"2422",28,2013-01-28,NA,11.4351,12.6538
"2423",29,2013-01-29,NA,11.4388,12.654
"2424",30,2013-01-30,NA,11.4402,12.6528
"2425",31,2013-01-31,NA,11.4393,12.6493
"2426",32,2013-02-01,NA,11.4365,12.6447
"2427",33,2013-02-02,NA,11.4325,12.639
"2428",34,2013-02-03,NA,11.4272,12.6312
"2429",35,2013-02-04,NA,11.42,12.6211
"2430",36,2013-02-05,NA,11.4118,12.6083
"2431",37,2013-02-06,NA,11.4026,12.5938
"2432",38,2013-02-07,NA,11.3923,12.5743
"2433",39,2013-02-08,NA,11.3813,12.5511
"2434",40,2013-02-09,NA,11.3698,12.5276
"2435",41,2013-02-10,NA,11.3583,12.5069
"2436",42,2013-02-11,NA,11.3472,12.4881
"2437",43,2013-02-12,NA,11.3368,12.4707
"2438",44,2013-02-13,NA,11.3269,12.4542
"2439",45,2013-02-14,NA,11.3179,12.4393
"2440",46,2013-02-15,NA,11.3102,12.4293
"2441",47,2013-02-16,NA,11.3032,12.4245
"2442",48,2013-02-17,NA,11.2965,12.4247
"2443",49,2013-02-18,NA,11.2898,12.4253
"2444",50,2013-02-19,NA,11.2826,12.4254
"2445",51,2013-02-20,NA,11.2746,12.4252
"2446",52,2013-02-21,NA,11.2659,12.4258
"2447",53,2013-02-22,NA,11.2569,12.4253
"2448",54,2013-02-23,NA,11.2469,12.4192
"2449",55,2013-02-24,NA,11.2356,12.4112
"2450",56,2013-02-25,NA,11.2227,12.4013
"2451",57,2013-02-26,NA,11.2078,12.3868
"2452",58,2013-02-27,NA,11.1911,12.3679
"2453",59,2013-02-28,NA,11.1732,12.3432
"2454",61,2013-03-01,NA,11.1364,12.2911
"2455",62,2013-03-02,NA,11.1191,12.2686
"2456",63,2013-03-03,NA,11.1017,12.2461
"2457",64,2013-03-04,NA,11.0833,12.2253
"2458",65,2013-03-05,NA,11.0643,12.2077
"2459",66,2013-03-06,NA,11.0447,12.1902
"2460",67,2013-03-07,NA,11.0237,12.1726
"2461",68,2013-03-08,NA,11.0015,12.1532
"2462",69,2013-03-09,NA,10.9776,12.1359
"2463",70,2013-03-10,NA,10.9523,12.1218
"2464",71,2013-03-11,NA,10.9246,12.1081
"2465",72,2013-03-12,NA,10.8941,12.0921
"2466",73,2013-03-13,NA,10.8604,12.0751
"2467",74,2013-03-14,NA,10.824,12.056
"2468",75,2013-03-15,NA,10.7848,12.0329
"2469",76,2013-03-16,NA,10.7419,12.0018
"2470",77,2013-03-17,NA,10.696,11.9613
"2471",78,2013-03-18,NA,10.6476,11.9187
"2472",79,2013-03-19,NA,10.5985,11.8602
"2473",80,2013-03-20,NA,10.5498,11.801
"2474",81,2013-03-21,NA,10.5016,11.7415
"2475",82,2013-03-22,NA,10.4554,11.6845
"2476",83,2013-03-23,NA,10.4108,11.6289
"2477",84,2013-03-24,NA,10.3675,11.5757
"2478",85,2013-03-25,NA,10.3255,11.5288
"2479",86,2013-03-26,NA,10.2844,11.4838
"2480",87,2013-03-27,NA,10.2451,11.4406
"2481",88,2013-03-28,NA,10.2082,11.402
"2482",89,2013-03-29,NA,10.1732,11.3678
"2483",90,2013-03-30,NA,10.1387,11.337
"2484",91,2013-03-31,NA,10.1041,11.3063
"2485",92,2013-04-01,NA,10.0697,11.2749
"2486",93,2013-04-02,NA,10.0356,11.242
"2487",94,2013-04-03,NA,10.0027,11.2087
"2488",95,2013-04-04,NA,9.9713,11.1737
"2489",96,2013-04-05,NA,9.9415,11.1354
"2490",97,2013-04-06,NA,9.9143,11.0986
"2491",98,2013-04-07,NA,9.8897,11.0618
"2492",99,2013-04-08,NA,9.8671,11.0277
"2493",100,2013-04-09,NA,9.8467,10.9948
"2494",101,2013-04-10,NA,9.8291,10.9642
"2495",102,2013-04-11,NA,9.8146,10.9335
"2496",103,2013-04-12,NA,9.8025,10.8992
"2497",104,2013-04-13,NA,9.7925,10.8627
"2498",105,2013-04-14,NA,9.7843,10.8244
"2499",106,2013-04-15,NA,9.7784,10.7868
"2500",107,2013-04-16,NA,9.7744,10.7547
"2501",108,2013-04-17,NA,9.771,10.7298
"2502",109,2013-04-18,NA,9.7681,10.7057
"2503",110,2013-04-19,NA,9.7649,10.6945
"2504",111,2013-04-20,NA,9.761,10.6833
"2505",112,2013-04-21,NA,9.7562,10.6704
"2506",113,2013-04-22,NA,9.7506,10.6548
"2507",114,2013-04-23,NA,9.7453,10.6394
"2508",115,2013-04-24,NA,9.7407,10.6254
"2509",116,2013-04-25,NA,9.7356,10.6162
"2510",117,2013-04-26,NA,9.732,10.6167
"2511",118,2013-04-27,NA,9.7293,10.6193
"2512",119,2013-04-28,NA,9.7278,10.6224
"2513",120,2013-04-29,NA,9.7276,10.6252
"2514",121,2013-04-30,NA,9.7297,10.6274
"2515",122,2013-05-01,NA,9.734,10.6291
"2516",123,2013-05-02,NA,9.7399,10.631
"2517",124,2013-05-03,NA,9.7462,10.6327
"2518",125,2013-05-04,NA,9.7521,10.6343
"2519",126,2013-05-05,NA,9.7579,10.6363
"2520",127,2013-05-06,NA,9.7641,10.6382
"2521",128,2013-05-07,NA,9.7689,10.6386
"2522",129,2013-05-08,NA,9.773,10.6388
"2523",130,2013-05-09,NA,9.7774,10.6374
"2524",131,2013-05-10,NA,9.7826,10.6349
"2525",132,2013-05-11,NA,9.7886,10.6345
"2526",133,2013-05-12,NA,9.7967,10.6344
"2527",134,2013-05-13,NA,9.8064,10.6394
"2528",135,2013-05-14,NA,9.8182,10.6476
"2529",136,2013-05-15,NA,9.8318,10.6597
"2530",137,2013-05-16,NA,9.8478,10.6751
"2531",138,2013-05-17,NA,9.8675,10.6956
"2532",139,2013-05-18,NA,9.8915,10.7275
"2533",140,2013-05-19,NA,9.9194,10.7637
"2534",141,2013-05-20,NA,9.9511,10.8068
"2535",142,2013-05-21,NA,9.9854,10.8557
"2536",143,2013-05-22,NA,10.0218,10.9104
"2537",144,2013-05-23,NA,10.0587,10.9657
"2538",145,2013-05-24,NA,10.0952,11.0233
"2539",146,2013-05-25,NA,10.1305,11.0787
"2540",147,2013-05-26,NA,10.1665,11.1328
"2541",148,2013-05-27,NA,10.1998,11.1664
"2542",149,2013-05-28,NA,10.2296,11.1943
"2543",150,2013-05-29,NA,10.2553,11.2166
"2544",151,2013-05-30,NA,10.2767,11.235
"2545",152,2013-05-31,NA,10.2944,11.2454
"2546",153,2013-06-01,NA,10.3084,11.2539
"2547",154,2013-06-02,NA,10.3186,11.258
"2548",155,2013-06-03,NA,10.3268,11.2586
"2549",156,2013-06-04,NA,10.3347,11.2575
"2550",157,2013-06-05,NA,10.3435,11.2561
"2551",158,2013-06-06,NA,10.352,11.2586
"2552",159,2013-06-07,NA,10.3627,11.2684
"2553",160,2013-06-08,NA,10.3766,11.2859
"2554",161,2013-06-09,NA,10.3937,11.311
"2555",162,2013-06-10,NA,10.414,11.3435
"2556",163,2013-06-11,NA,10.4356,11.3753
"2557",164,2013-06-12,NA,10.4596,11.4135
"2558",165,2013-06-13,NA,10.4864,11.4537
"2559",166,2013-06-14,NA,10.5163,11.5028
"2560",167,2013-06-15,NA,10.5486,11.5572
"2561",168,2013-06-16,NA,10.5812,11.6164
"2562",169,2013-06-17,NA,10.6121,11.6727
"2563",170,2013-06-18,NA,10.6405,11.7181
"2564",171,2013-06-19,NA,10.6662,11.7599
"2565",172,2013-06-20,NA,10.6894,11.8042
"2566",173,2013-06-21,NA,10.7113,11.8451
"2567",174,2013-06-22,NA,10.7341,11.8898
"2568",175,2013-06-23,9.926235294,10.7575,11.9378
"2569",176,2013-06-24,9.713416667,10.7805,11.9805
"2570",177,2013-06-25,10.39480769,10.8032,12.0207
"2571",178,2013-06-26,11.59096,10.8251,12.0515
"2572",179,2013-06-27,11.93046154,10.8494,12.0939
"2573",180,2013-06-28,11.42408,10.878,12.1398
"2574",181,2013-06-29,12.4339375,10.9111,12.1919
"2575",182,2013-06-30,11.88011765,10.949,12.2519
"2576",183,2013-07-01,11.73723529,10.9902,12.3203
"2577",184,2013-07-02,12.0725,11.0344,12.3892
"2578",185,2013-07-03,11.34305263,11.0806,12.4547
"2579",186,2013-07-04,10.29778947,11.1272,12.5162
"2580",187,2013-07-05,9.594842105,11.1741,12.5793
"2581",188,2013-07-06,10.30610526,11.2198,12.6424
"2582",189,2013-07-07,11.00905882,11.265,12.7061
"2583",190,2013-07-08,11.71325,11.3088,12.7614
"2584",191,2013-07-09,11.75866667,11.3515,12.8134
"2585",192,2013-07-10,11.52628571,11.3933,12.8716
"2586",193,2013-07-11,11.133,11.4324,12.9188
"2587",194,2013-07-12,10.85129412,11.4711,12.9685
"2588",195,2013-07-13,11.1,11.509,13.0123
"2589",196,2013-07-14,11.33646154,11.5459,13.0552
"2590",197,2013-07-15,11.8935625,11.5819,13.0958
"2591",198,2013-07-16,12.76422222,11.618,13.1332
"2592",199,2013-07-17,13.2222,11.6553,13.1692
"2593",200,2013-07-18,12.00454545,11.695,13.2062
"2594",201,2013-07-19,10.55936364,11.7365,13.2422
"2595",202,2013-07-20,10.08247826,11.7762,13.2728
"2596",203,2013-07-21,10.14245833,11.8127,13.2932
"2597",204,2013-07-22,10.64822222,11.8464,13.3101
"2598",205,2013-07-23,11.39313793,11.8758,13.3165
"2599",206,2013-07-24,12.57675862,11.9016,13.3149
"2600",207,2013-07-25,13.37189286,11.9248,13.3118
"2601",208,2013-07-26,13.4632963,11.9467,13.3065
"2602",209,2013-07-27,13.44996296,11.9678,13.304
"2603",210,2013-07-28,12.78923529,11.9873,13.3002
"2604",211,2013-07-29,13.04411111,12.0042,13.2958
"2605",212,2013-07-30,13.74733333,12.0205,13.2966
"2606",213,2013-07-31,14.41194444,12.0393,13.2975
"2607",214,2013-08-01,13.424,12.0615,13.3036
"2608",215,2013-08-02,12.70626316,12.0876,13.3165
"2609",216,2013-08-03,11.62852632,12.1171,13.3459
"2610",217,2013-08-04,11.80468421,12.1504,13.3893
"2611",218,2013-08-05,12.12227778,12.1871,13.4344
"2612",219,2013-08-06,12.75578947,12.2265,13.4849
"2613",220,2013-08-07,13.24372727,12.2687,13.5313
"2614",221,2013-08-08,12.68013043,12.3127,13.5794
"2615",222,2013-08-09,11.90863636,12.3568,13.6266
"2616",223,2013-08-10,12.25009524,12.3975,13.6622
"2617",224,2013-08-11,11.90990909,12.4338,13.7007
"2618",225,2013-08-12,12.79205882,12.4646,13.7321
"2619",226,2013-08-13,13.02373684,12.4893,13.7604
"2620",227,2013-08-14,13.04975,12.5088,13.7786
"2621",228,2013-08-15,13.6337619,12.5234,13.7828
"2622",229,2013-08-16,13.36181818,12.5331,13.7774
"2623",230,2013-08-17,12.8012381,12.5388,13.7696
"2624",231,2013-08-18,11.5188,12.5395,13.7664
"2625",232,2013-08-19,11.05022581,12.5363,13.7646
"2626",233,2013-08-20,11.61703448,12.5325,13.7605
"2627",234,2013-08-21,11.77643333,12.5313,13.7617
"2628",235,2013-08-22,12.40123333,12.5346,13.7723
"2629",236,2013-08-23,12.6655,12.5425,13.7874
"2630",237,2013-08-24,12.73559259,12.5553,13.8088
"2631",238,2013-08-25,13.09664,12.5738,13.8363
"2632",239,2013-08-26,13.74364706,12.5958,13.8717
"2633",240,2013-08-27,13.42375,12.6196,13.9135
"2634",241,2013-08-28,13.8085,12.6441,13.9557
"2635",242,2013-08-29,14.46025,12.6691,13.99
"2636",243,2013-08-30,13.2690625,12.6927,14.0173
"2637",244,2013-08-31,12.4655625,12.7121,14.0558
"2638",245,2013-09-01,12.3930625,12.7269,14.0961
"2639",246,2013-09-02,12.43564706,12.7359,14.1314
"2640",247,2013-09-03,12.26125,12.7403,14.1538
"2641",248,2013-09-04,12.81091667,12.74,14.1527
"2642",249,2013-09-05,12.6416,12.7335,14.149
"2643",250,2013-09-06,11.82176,12.7217,14.1399
"2644",251,2013-09-07,11.02369565,12.7048,14.1303
"2645",252,2013-09-08,11.24478261,12.6835,14.1156
"2646",253,2013-09-09,11.86765217,12.6582,14.0748
"2647",254,2013-09-10,13.87821053,12.6327,14.0318
"2648",255,2013-09-11,15.29673684,12.6094,13.9905
"2649",256,2013-09-12,14.71794737,12.5882,13.9513
"2650",257,2013-09-13,13.05042105,12.5687,13.9147
"2651",258,2013-09-14,12.10963158,12.5503,13.8877
"2652",259,2013-09-15,12.66583333,12.5332,13.8697
"2653",260,2013-09-16,12.17678571,12.5175,13.8604
"2654",261,2013-09-17,11.48125806,12.5028,13.8525
"2655",262,2013-09-18,10.97606667,12.4898,13.8389
"2656",263,2013-09-19,10.97925,12.4784,13.825
"2657",264,2013-09-20,11.15537037,12.4686,13.8202
"2658",265,2013-09-21,11.26876,12.4585,13.8199
"2659",266,2013-09-22,10.99584,12.4454,13.8137
"2660",267,2013-09-23,11.35109091,12.4287,13.8027
"2661",268,2013-09-24,11.3335,12.4087,13.7902
"2662",269,2013-09-25,11.53284615,12.3859,13.7752
"2663",270,2013-09-26,11.06681818,12.3613,13.7563
"2664",271,2013-09-27,11.236125,12.3366,13.7327
"2665",272,2013-09-28,10.80642857,12.3123,13.7092
"2666",273,2013-09-29,12.182875,12.2893,13.6945
"2667",274,2013-09-30,12.49076923,12.2681,13.6808
"2668",275,2013-10-01,11.381,12.2482,13.6547
"2669",276,2013-10-02,10.56626087,12.2294,13.6216
"2670",277,2013-10-03,10.24868,12.2132,13.5892
"2671",278,2013-10-04,10.06753846,12.2006,13.5689
"2672",279,2013-10-05,10.311,12.1923,13.5857
"2673",280,2013-10-06,10.77991667,12.188,13.6095
"2674",281,2013-10-07,11.23268,12.1877,13.6354
"2675",282,2013-10-08,10.76348,12.1889,13.6592
"2676",283,2013-10-09,10.20294737,12.1911,13.681
"2677",284,2013-10-10,10.07372222,12.194,13.7149
"2678",285,2013-10-11,10.24523529,12.1969,13.746
"2679",286,2013-10-12,10.41485714,12.2005,13.775
"2680",287,2013-10-13,10.30109091,12.2053,13.8037
"2681",288,2013-10-14,10.07354167,12.2108,13.8323
"2682",289,2013-10-15,10.15703846,12.2161,13.8602
"2683",290,2013-10-16,10.37278571,12.2206,13.8864
"2684",291,2013-10-17,10.70917857,12.2244,13.9113
"2685",292,2013-10-18,10.44451852,12.2259,13.9313
"2686",293,2013-10-19,10.14775,12.2285,13.9494
"2687",294,2013-10-20,10.13595652,12.2333,13.9669
"2688",295,2013-10-21,10.24379167,12.2398,13.9808
"2689",296,2013-10-22,10.16311765,12.2487,13.9892
"2690",297,2013-10-23,10.13586667,12.2592,13.9976
"2691",298,2013-10-24,10.29375,12.271,14.0092
"2692",299,2013-10-25,10.3815,12.2843,14.0188
"2693",300,2013-10-26,NA,12.2972,14.025
"2694",301,2013-10-27,NA,12.3088,14.0299
"2695",302,2013-10-28,10.1144,12.3181,14.0334
"2696",303,2013-10-29,9.976818182,12.3264,14.0363
"2697",304,2013-10-30,10.879,12.3318,14.039
"2698",305,2013-10-31,10.6568125,12.3342,14.0414
"2699",306,2013-11-01,10.91034783,12.3342,14.042
"2700",307,2013-11-02,10.74376923,12.3315,14.0424
"2701",308,2013-11-03,9.88552,12.3258,14.0408
"2702",309,2013-11-04,9.68952,12.3165,14.0309
"2703",310,2013-11-05,9.620518519,12.3031,14.0013
"2704",311,2013-11-06,9.805642857,12.2878,13.9656
"2705",312,2013-11-07,10.13314815,12.2718,13.9292
"2706",313,2013-11-08,12.05096154,12.2564,13.8961
"2707",314,2013-11-09,11.95283333,12.2418,13.8706
"2708",315,2013-11-10,12.55281818,12.2271,13.8568
"2709",316,2013-11-11,12.899,12.2113,13.8468
"2710",317,2013-11-12,12.95247059,12.194,13.8342
"2711",318,2013-11-13,12.07768421,12.1754,13.8216
"2712",319,2013-11-14,11.4685,12.1564,13.8061
"2713",320,2013-11-15,11.14769565,12.1376,13.782
"2714",321,2013-11-16,10.17428,12.1194,13.7563
"2715",322,2013-11-17,9.794043478,12.1008,13.7251
"2716",323,2013-11-18,10.18631818,12.0826,13.6895
"2717",324,2013-11-19,11.28909091,12.0623,13.6438
"2718",325,2013-11-20,11.65622222,12.0395,13.5987
"2719",326,2013-11-21,11.03488235,12.0156,13.5717
"2720",327,2013-11-22,10.43228571,11.9899,13.5472
"2721",328,2013-11-23,10.623125,11.9636,13.5217
"2722",329,2013-11-24,10.041,11.9362,13.4958
"2723",330,2013-11-25,10.1904,11.9075,13.4711
"2724",331,2013-11-26,10.71169231,11.8781,13.4479
"2725",332,2013-11-27,10.6365,11.8489,13.4259
"2726",333,2013-11-28,10.86761111,11.8205,13.4054
"2727",334,2013-11-29,12.282,11.7924,13.3842
"2728",335,2013-11-30,12.07057143,11.766,13.3563
"2729",336,2013-12-01,11.66603704,11.7406,13.317
"2730",337,2013-12-02,11.19117241,11.7157,13.2767
"2731",338,2013-12-03,10.75734483,11.6917,13.234
"2732",339,2013-12-04,10.2591,11.6685,13.1913
"2733",340,2013-12-05,9.82471875,11.6458,13.1474
"2734",341,2013-12-06,9.54915625,11.6231,13.0986
"2735",342,2013-12-07,9.57003125,11.6005,13.05
"2736",343,2013-12-08,9.186142857,11.5769,12.9998
"2737",344,2013-12-09,8.607764706,11.5521,12.9485
"2738",345,2013-12-10,9.12855,11.5259,12.8892
"2739",346,2013-12-11,9.2956,11.4987,12.826
"2740",347,2013-12-12,9.824954545,11.4715,12.759
"2741",348,2013-12-13,10.56052381,11.4447,12.6966
"2742",349,2013-12-14,10.29804545,11.4185,12.6349
"2743",350,2013-12-15,10.27752174,11.3929,12.5768
"2744",351,2013-12-16,10.14792308,11.3685,12.5295
"2745",352,2013-12-17,10.13408,11.3459,12.4875
"2746",353,2013-12-18,10.21942308,11.3249,12.4562
"2747",354,2013-12-19,9.94,11.3062,12.4326
"2748",355,2013-12-20,9.781111111,11.2898,12.4216
"2749",356,2013-12-21,9.93468,11.2753,12.4119
"2750",357,2013-12-22,9.854,11.2623,12.3877
"2751",358,2013-12-23,9.823928571,11.2505,12.3637
"2752",359,2013-12-24,9.8966,11.2388,12.3395
"2753",360,2013-12-25,9.796722222,11.2281,12.3156
"2754",361,2013-12-26,10.061,11.218,12.2922
"2755",362,2013-12-27,10.08090909,11.209,12.2705
"2756",363,2013-12-28,10.27569565,11.2016,12.2514
"2757",364,2013-12-29,10.14058333,11.1961,12.2351
"2758",365,2013-12-30,10.32103333,11.1919,12.2213
"2759",366,2013-12-31,10.49112121,11.1886,12.2149
"2760",1,2014-01-01,10.49781818,11.1862,12.2208
"2761",2,2014-01-02,10.54768571,11.1852,12.2278
"2762",3,2014-01-03,10.55537143,11.1857,12.2394
"2763",4,2014-01-04,10.66211429,11.1883,12.2548
"2764",5,2014-01-05,10.60970588,11.1929,12.274
"2765",6,2014-01-06,10.68896774,11.1997,12.2985
"2766",7,2014-01-07,10.65675,11.2081,12.3247
"2767",8,2014-01-08,11.01642857,11.2171,12.3502
"2768",9,2014-01-09,11.13677273,11.2269,12.3757
"2769",10,2014-01-10,10.96243478,11.2376,12.4065
"2770",11,2014-01-11,10.90595652,11.2498,12.438
"2771",12,2014-01-12,10.84130435,11.2629,12.4732
"2772",13,2014-01-13,10.64196429,11.2764,12.5075
"2773",14,2014-01-14,10.71260714,11.2902,12.5403
"2774",15,2014-01-15,10.79044444,11.3041,12.5688
"2775",16,2014-01-16,10.84058621,11.3178,12.5907
"2776",17,2014-01-17,10.93068966,11.3306,12.6033
"2777",18,2014-01-18,11.01575862,11.3429,12.6109
"2778",19,2014-01-19,10.93927586,11.3551,12.6187
"2779",20,2014-01-20,10.95596296,11.3667,12.6264
"2780",21,2014-01-21,11.04009091,11.3775,12.6334
"2781",22,2014-01-22,10.82823529,11.3872,12.6392
"2782",23,2014-01-23,10.75455,11.3961,12.643
"2783",24,2014-01-24,10.80540909,11.4052,12.6459
"2784",25,2014-01-25,10.99726087,11.414,12.6485
"2785",26,2014-01-26,11.13066667,11.4223,12.6512
"2786",27,2014-01-27,11.34046429,11.4294,12.6526
"2787",28,2014-01-28,11.30663636,11.4351,12.6538
"2788",29,2014-01-29,11.49874286,11.4388,12.654
"2789",30,2014-01-30,11.30417647,11.4402,12.6528
"2790",31,2014-01-31,10.9748,11.4393,12.6493
"2791",32,2014-02-01,10.75088571,11.4365,12.6447
"2792",33,2014-02-02,10.73548571,11.4325,12.639
"2793",34,2014-02-03,10.94564516,11.4272,12.6312
"2794",35,2014-02-04,10.68821429,11.42,12.6211
"2795",36,2014-02-05,10.31085714,11.4118,12.6083
"2796",37,2014-02-06,10.13709524,11.4026,12.5938
"2797",38,2014-02-07,10.78171429,11.3923,12.5743
"2798",39,2014-02-08,10.90731818,11.3813,12.5511
"2799",40,2014-02-09,11.16357143,11.3698,12.5276
"2800",41,2014-02-10,11.13242857,11.3583,12.5069
"2801",42,2014-02-11,10.97311111,11.3472,12.4881
"2802",43,2014-02-12,11.0567931,11.3368,12.4707
"2803",44,2014-02-13,11.27796429,11.3269,12.4542
"2804",45,2014-02-14,11.53932143,11.3179,12.4393
"2805",46,2014-02-15,11.69096552,11.3102,12.4293
"2806",47,2014-02-16,11.72855172,11.3032,12.4245
"2807",48,2014-02-17,11.57671429,11.2965,12.4247
"2808",49,2014-02-18,11.63333333,11.2898,12.4253
"2809",50,2014-02-19,11.7723125,11.2826,12.4254
"2810",51,2014-02-20,11.32944444,11.2746,12.4252
"2811",52,2014-02-21,10.57673684,11.2659,12.4258
"2812",53,2014-02-22,10.44866667,11.2569,12.4253
"2813",54,2014-02-23,10.38095238,11.2469,12.4192
"2814",55,2014-02-24,10.328,11.2356,12.4112
"2815",56,2014-02-25,10.53306897,11.2227,12.4013
"2816",57,2014-02-26,10.65640625,11.2078,12.3868
"2817",58,2014-02-27,11.545,11.1911,12.3679
"2818",59,2014-02-28,11.47478125,11.1732,12.3432
"2819",61,2014-03-01,11.90721212,11.1364,12.2911
"2820",62,2014-03-02,11.7685,11.1191,12.2686
"2821",63,2014-03-03,11.77348387,11.1017,12.2461
"2822",64,2014-03-04,11.89392857,11.0833,12.2253
"2823",65,2014-03-05,12.11405,11.0643,12.2077
"2824",66,2014-03-06,12.13910526,11.0447,12.1902
"2825",67,2014-03-07,12.19768421,11.0237,12.1726
"2826",68,2014-03-08,11.88158824,11.0015,12.1532
"2827",69,2014-03-09,12.0815,10.9776,12.1359
"2828",70,2014-03-10,11.9722,10.9523,12.1218
"2829",71,2014-03-11,11.2532,10.9246,12.1081
"2830",72,2014-03-12,11.056,10.8941,12.0921
"2831",73,2014-03-13,11.25669565,10.8604,12.0751
"2832",74,2014-03-14,11.19384,10.824,12.056
"2833",75,2014-03-15,10.9356,10.7848,12.0329
"2834",76,2014-03-16,10.4036,10.7419,12.0018
"2835",77,2014-03-17,10.14779167,10.696,11.9613
"2836",78,2014-03-18,10.07904167,10.6476,11.9187
"2837",79,2014-03-19,9.907333333,10.5985,11.8602
"2838",80,2014-03-20,9.976733333,10.5498,11.801
"2839",81,2014-03-21,9.917866667,10.5016,11.7415
"2840",82,2014-03-22,9.990333333,10.4554,11.6845
"2841",83,2014-03-23,9.888947368,10.4108,11.6289
"2842",84,2014-03-24,10.23033333,10.3675,11.5757
"2843",85,2014-03-25,10.392125,10.3255,11.5288
"2844",86,2014-03-26,10.8142,10.2844,11.4838
"2845",87,2014-03-27,10.96557143,10.2451,11.4406
"2846",88,2014-03-28,11.71826667,10.2082,11.402
"2847",89,2014-03-29,11.79436667,10.1732,11.3678
"2848",90,2014-03-30,11.61842857,10.1387,11.337
"2849",91,2014-03-31,11.97965385,10.1041,11.3063
"2850",92,2014-04-01,11.88384,10.0697,11.2749
"2851",93,2014-04-02,11.83405263,10.0356,11.242
"2852",94,2014-04-03,11.83692857,10.0027,11.2087
"2853",95,2014-04-04,11.86628571,9.9713,11.1737
"2854",96,2014-04-05,11.39771429,9.9415,11.1354
"2855",97,2014-04-06,11.1217,9.9143,11.0986
"2856",98,2014-04-07,NA,9.8897,11.0618
"2857",99,2014-04-08,NA,9.8671,11.0277
"2858",100,2014-04-09,NA,9.8467,10.9948
"2859",101,2014-04-10,10.7118,9.8291,10.9642
"2860",102,2014-04-11,11.10222222,9.8146,10.9335
"2861",103,2014-04-12,11.23892308,9.8025,10.8992
"2862",104,2014-04-13,11.11966667,9.7925,10.8627
"2863",105,2014-04-14,10.89717647,9.7843,10.8244
"2864",106,2014-04-15,10.4549375,9.7784,10.7868
"2865",107,2014-04-16,10.02757143,9.7744,10.7547
"2866",108,2014-04-17,9.6882,9.771,10.7298
"2867",109,2014-04-18,9.443857143,9.7681,10.7057
"2868",110,2014-04-19,9.235692308,9.7649,10.6945
"2869",111,2014-04-20,9.362733333,9.761,10.6833
"2870",112,2014-04-21,9.345071429,9.7562,10.6704
"2871",113,2014-04-22,9.488583333,9.7506,10.6548
"2872",114,2014-04-23,9.6002,9.7453,10.6394
"2873",115,2014-04-24,9.741058824,9.7407,10.6254
"2874",116,2014-04-25,10.72847368,9.7356,10.6162
"2875",117,2014-04-26,10.25028571,9.732,10.6167
"2876",118,2014-04-27,10.72945455,9.7293,10.6193
"2877",119,2014-04-28,10.46852632,9.7278,10.6224
"2878",120,2014-04-29,10.6056,9.7276,10.6252
"2879",121,2014-04-30,11.31371429,9.7297,10.6274
"2880",122,2014-05-01,11.21864286,9.734,10.6291
"2881",123,2014-05-02,10.52230769,9.7399,10.631
"2882",124,2014-05-03,9.9179,9.7462,10.6327
"2883",125,2014-05-04,9.93,9.7521,10.6343
"2884",126,2014-05-05,NA,9.7579,10.6363
"2885",127,2014-05-06,NA,9.7641,10.6382
"2886",128,2014-05-07,NA,9.7689,10.6386
"2887",129,2014-05-08,NA,9.773,10.6388
"2888",130,2014-05-09,9.887875,9.7774,10.6374
"2889",131,2014-05-10,9.718583333,9.7826,10.6349
"2890",132,2014-05-11,9.5215,9.7886,10.6345
"2891",133,2014-05-12,9.4905625,9.7967,10.6344
"2892",134,2014-05-13,10.51476471,9.8064,10.6394
"2893",135,2014-05-14,10.187,9.8182,10.6476
"2894",136,2014-05-15,9.9844375,9.8318,10.6597
"2895",137,2014-05-16,9.708133333,9.8478,10.6751
"2896",138,2014-05-17,9.660333333,9.8675,10.6956
"2897",139,2014-05-18,9.550615385,9.8915,10.7275
"2898",140,2014-05-19,9.985357143,9.9194,10.7637
"2899",141,2014-05-20,10.77394444,9.9511,10.8068
"2900",142,2014-05-21,10.85128571,9.9854,10.8557
"2901",143,2014-05-22,10.88084615,10.0218,10.9104
"2902",144,2014-05-23,10.71173333,10.0587,10.9657
"2903",145,2014-05-24,10.43252941,10.0952,11.0233
"2904",146,2014-05-25,10.19488889,10.1305,11.0787
"2905",147,2014-05-26,9.8895,10.1665,11.1328
"2906",148,2014-05-27,9.990388889,10.1998,11.1664
"2907",149,2014-05-28,9.441533333,10.2296,11.1943
"2908",150,2014-05-29,9.31325,10.2553,11.2166
"2909",151,2014-05-30,9.309714286,10.2767,11.235
"2910",152,2014-05-31,9.567384615,10.2944,11.2454
"2911",153,2014-06-01,9.966111111,10.3084,11.2539
"2912",154,2014-06-02,10.225,10.3186,11.258
"2913",155,2014-06-03,NA,10.3268,11.2586
"2914",156,2014-06-04,NA,10.3347,11.2575
"2915",157,2014-06-05,10.822,10.3435,11.2561
"2916",158,2014-06-06,11.44833333,10.352,11.2586
"2917",159,2014-06-07,11.74041667,10.3627,11.2684
"2918",160,2014-06-08,12.40626667,10.3766,11.2859
"2919",161,2014-06-09,10.81664706,10.3937,11.311
"2920",162,2014-06-10,11.84684211,10.414,11.3435
"2921",163,2014-06-11,12.39585,10.4356,11.3753
"2922",164,2014-06-12,11.57715789,10.4596,11.4135
"2923",165,2014-06-13,10.42477778,10.4864,11.4537
"2924",166,2014-06-14,10.24241176,10.5163,11.5028
"2925",167,2014-06-15,10.17063636,10.5486,11.5572
"2926",168,2014-06-16,10.07752174,10.5812,11.6164
"2927",169,2014-06-17,9.832130435,10.6121,11.6727
"2928",170,2014-06-18,9.721291667,10.6405,11.7181
"2929",171,2014-06-19,10.4428125,10.6662,11.7599
"2930",172,2014-06-20,10.73476471,10.6894,11.8042
"2931",173,2014-06-21,10.76733333,10.7113,11.8451
"2932",174,2014-06-22,10.33421053,10.7341,11.8898
"2933",175,2014-06-23,10.53185,10.7575,11.9378
"2934",176,2014-06-24,10.2774,10.7805,11.9805
"2935",177,2014-06-25,10.53689474,10.8032,12.0207
"2936",178,2014-06-26,11.513,10.8251,12.0515
"2937",179,2014-06-27,11.563,10.8494,12.0939
"2938",180,2014-06-28,11.3943125,10.878,12.1398
"2939",181,2014-06-29,11.25864286,10.9111,12.1919
"2940",182,2014-06-30,10.98463636,10.949,12.2519
"2941",183,2014-07-01,11.11322222,10.9902,12.3203
"2942",184,2014-07-02,12.29854545,11.0344,12.3892
"2943",185,2014-07-03,11.306,11.0806,12.4547
"2944",186,2014-07-04,11.23054545,11.1272,12.5162
"2945",187,2014-07-05,11.55538462,11.1741,12.5793
"2946",188,2014-07-06,10.8705625,11.2198,12.6424
"2947",189,2014-07-07,10.55422222,11.265,12.7061
"2948",190,2014-07-08,11.0046,11.3088,12.7614
"2949",191,2014-07-09,11.99695455,11.3515,12.8134
"2950",192,2014-07-10,12.93527273,11.3933,12.8716
"2951",193,2014-07-11,13.85342857,11.4324,12.9188
"2952",194,2014-07-12,13.59279167,11.4711,12.9685
"2953",195,2014-07-13,12.21344444,11.509,13.0123
"2954",196,2014-07-14,11.36503571,11.5459,13.0552
"2955",197,2014-07-15,11.50807407,11.5819,13.0958
"2956",198,2014-07-16,11.9015,11.618,13.1332
"2957",199,2014-07-17,12.56396429,11.6553,13.1692
"2958",200,2014-07-18,14.53566667,11.695,13.2062
"2959",201,2014-07-19,15.50157895,11.7365,13.2422
"2960",202,2014-07-20,16.64755,11.7762,13.2728
"2961",203,2014-07-21,16.52145,11.8127,13.2932
"2962",204,2014-07-22,16.9334,11.8464,13.3101
"2963",205,2014-07-23,16.9642,11.8758,13.3165
"2964",206,2014-07-24,12.44178947,11.9016,13.3149
"2965",207,2014-07-25,11.28415789,11.9248,13.3118
"2966",208,2014-07-26,11.03182353,11.9467,13.3065
"2967",209,2014-07-27,11.49684211,11.9678,13.304
"2968",210,2014-07-28,12.46610526,11.9873,13.3002
"2969",211,2014-07-29,13.867,12.0042,13.2958
"2970",212,2014-07-30,14.07682353,12.0205,13.2966
"2971",213,2014-07-31,13.1865,12.0393,13.2975
"2972",214,2014-08-01,12.48133333,12.0615,13.3036
"2973",215,2014-08-02,11.86292857,12.0876,13.3165
"2974",216,2014-08-03,12.91964706,12.1171,13.3459
"2975",217,2014-08-04,13.583,12.1504,13.3893
"2976",218,2014-08-05,14.1436,12.1871,13.4344
"2977",219,2014-08-06,13.44063636,12.2265,13.4849
"2978",220,2014-08-07,12.01563636,12.2687,13.5313
"2979",221,2014-08-08,11.89972727,12.3127,13.5794
"2980",222,2014-08-09,11.33558621,12.3568,13.6266
"2981",223,2014-08-10,11.66731034,12.3975,13.6622
"2982",224,2014-08-11,12.37270968,12.4338,13.7007
"2983",225,2014-08-12,12.6517,12.4646,13.7321
"2984",226,2014-08-13,13.23736667,12.4893,13.7604
"2985",227,2014-08-14,13.51065517,12.5088,13.7786
"2986",228,2014-08-15,13.94628571,12.5234,13.7828
"2987",229,2014-08-16,14.37322222,12.5331,13.7774
"2988",230,2014-08-17,14.55173684,12.5388,13.7696
"2989",231,2014-08-18,13.95652632,12.5395,13.7664
"2990",232,2014-08-19,14.162,12.5363,13.7646
"2991",233,2014-08-20,15.0475,12.5325,13.7605
"2992",234,2014-08-21,15.338,12.5313,13.7617
"2993",235,2014-08-22,14.71261111,12.5346,13.7723
"2994",236,2014-08-23,14.6371,12.5425,13.7874
"2995",237,2014-08-24,15.09691304,12.5553,13.8088
"2996",238,2014-08-25,15.74595652,12.5738,13.8363
"2997",239,2014-08-26,16.228,12.5958,13.8717
"2998",240,2014-08-27,16.36665217,12.6196,13.9135
"2999",241,2014-08-28,16.11128571,12.6441,13.9557
"3000",242,2014-08-29,15.12009091,12.6691,13.99
"3001",243,2014-08-30,13.602,12.6927,14.0173
"3002",244,2014-08-31,13.046,12.7121,14.0558
"3003",245,2014-09-01,12.89841176,12.7269,14.0961
"3004",246,2014-09-02,12.40461111,12.7359,14.1314
"3005",247,2014-09-03,12.79663158,12.7403,14.1538
"3006",248,2014-09-04,13.40484211,12.74,14.1527
"3007",249,2014-09-05,14.23945,12.7335,14.149
"3008",250,2014-09-06,14.94562069,12.7217,14.1399
"3009",251,2014-09-07,15.41129032,12.7048,14.1303
"3010",252,2014-09-08,14.42387097,12.6835,14.1156
"3011",253,2014-09-09,13.91056667,12.6582,14.0748
"3012",254,2014-09-10,13.60453333,12.6327,14.0318
"3013",255,2014-09-11,13.82432143,12.6094,13.9905
"3014",256,2014-09-12,14.66463333,12.5882,13.9513
"3015",257,2014-09-13,15.27319231,12.5687,13.9147
"3016",258,2014-09-14,15.85644444,12.5503,13.8877
"3017",259,2014-09-15,16.3499375,12.5332,13.8697
"3018",260,2014-09-16,16.50064286,12.5175,13.8604
"3019",261,2014-09-17,16.08538462,12.5028,13.8525
"3020",262,2014-09-18,16.78176923,12.4898,13.8389
"3021",263,2014-09-19,17.11123077,12.4784,13.825
"3022",264,2014-09-20,16.92855,12.4686,13.8202
"3023",265,2014-09-21,17.28954545,12.4585,13.8199
"3024",266,2014-09-22,17.56575,12.4454,13.8137
"3025",267,2014-09-23,17.27743478,12.4287,13.8027
"3026",268,2014-09-24,17.38408696,12.4087,13.7902
"3027",269,2014-09-25,16.74995455,12.3859,13.7752
"3028",270,2014-09-26,16.57615,12.3613,13.7563
"3029",271,2014-09-27,14.77472727,12.3366,13.7327
"3030",272,2014-09-28,13.41175,12.3123,13.7092
"3031",273,2014-09-29,13.23829412,12.2893,13.6945
"3032",274,2014-09-30,13.18923529,12.2681,13.6808
"3033",275,2014-10-01,12.70425,12.2482,13.6547
"3034",276,2014-10-02,12.90925,12.2294,13.6216
"3035",277,2014-10-03,13.18017647,12.2132,13.5892
"3036",278,2014-10-04,13.22968,12.2006,13.5689
"3037",279,2014-10-05,13.35962069,12.1923,13.5857
"3038",280,2014-10-06,13.1261,12.188,13.6095
"3039",281,2014-10-07,12.74046875,12.1877,13.6354
"3040",282,2014-10-08,12.30853333,12.1889,13.6592
"3041",283,2014-10-09,12.03162963,12.1911,13.681
"3042",284,2014-10-10,11.93655556,12.194,13.7149
"3043",285,2014-10-11,11.92428571,12.1969,13.746
"3044",286,2014-10-12,11.46734783,12.2005,13.775
"3045",287,2014-10-13,11.7935625,12.2053,13.8037
"3046",288,2014-10-14,12.69466667,12.2108,13.8323
"3047",289,2014-10-15,13.61,12.2161,13.8602
"3048",290,2014-10-16,NA,12.2206,13.8864
"3049",291,2014-10-17,14.026,12.2244,13.9113
"3050",292,2014-10-18,14.711875,12.2259,13.9313
"3051",293,2014-10-19,14.98827273,12.2285,13.9494
"3052",294,2014-10-20,15.70405556,12.2333,13.9669
"3053",295,2014-10-21,15.2248,12.2398,13.9808
"3054",296,2014-10-22,15.45486364,12.2487,13.9892
"3055",297,2014-10-23,15.34082609,12.2592,13.9976
"3056",298,2014-10-24,15.59265,12.271,14.0092
"3057",299,2014-10-25,16.67395455,12.2843,14.0188
"3058",300,2014-10-26,15.73880952,12.2972,14.025
"3059",301,2014-10-27,15.37210526,12.3088,14.0299
"3060",302,2014-10-28,14.64227778,12.3181,14.0334
"3061",303,2014-10-29,14.02317647,12.3264,14.0363
"3062",304,2014-10-30,14.05738462,12.3318,14.039
"3063",305,2014-10-31,14.06389474,12.3342,14.0414
"3064",306,2014-11-01,13.6204,12.3342,14.042
"3065",307,2014-11-02,13.02226087,12.3315,14.0424
"3066",308,2014-11-03,12.56436,12.3258,14.0408
"3067",309,2014-11-04,12.94,12.3165,14.0309
"3068",310,2014-11-05,13.01351724,12.3031,14.0013
"3069",311,2014-11-06,13.21214286,12.2878,13.9656
"3070",312,2014-11-07,13.43092308,12.2718,13.9292
"3071",313,2014-11-08,13.4118,12.2564,13.8961
"3072",314,2014-11-09,13.15178571,12.2418,13.8706
"3073",315,2014-11-10,12.89728,12.2271,13.8568
"3074",316,2014-11-11,13.73505,12.2113,13.8468
"3075",317,2014-11-12,14.19015385,12.194,13.8342
"3076",318,2014-11-13,13.658,12.1754,13.8216
"3077",319,2014-11-14,13.99514286,12.1564,13.8061
"3078",320,2014-11-15,13.7068,12.1376,13.782
"3079",321,2014-11-16,13.28838462,12.1194,13.7563
"3080",322,2014-11-17,13.46026667,12.1008,13.7251
"3081",323,2014-11-18,13.51705882,12.0826,13.6895
"3082",324,2014-11-19,13.54052632,12.0623,13.6438
"3083",325,2014-11-20,14.11821053,12.0395,13.5987
"3084",326,2014-11-21,14.38726087,12.0156,13.5717
"3085",327,2014-11-22,15.2385,11.9899,13.5472
"3086",328,2014-11-23,13.858,11.9636,13.5217
"3087",329,2014-11-24,13.77485714,11.9362,13.4958
"3088",330,2014-11-25,13.822,11.9075,13.4711
"3089",331,2014-11-26,13.99085714,11.8781,13.4479
"3090",332,2014-11-27,15.24210714,11.8489,13.4259
"3091",333,2014-11-28,15.464375,11.8205,13.4054
"3092",334,2014-11-29,15.52633333,11.7924,13.3842
"3093",335,2014-11-30,15.66172222,11.766,13.3563
"3094",336,2014-12-01,15.44278947,11.7406,13.317
"3095",337,2014-12-02,15.68304762,11.7157,13.2767
"3096",338,2014-12-03,15.712,11.6917,13.234
"3097",339,2014-12-04,15.58153571,11.6685,13.1913
"3098",340,2014-12-05,15.22462069,11.6458,13.1474
"3099",341,2014-12-06,15.50562963,11.6231,13.0986
"3100",342,2014-12-07,15.838,11.6005,13.05
"3101",343,2014-12-08,15.71628571,11.5769,12.9998
"3102",344,2014-12-09,15.82451724,11.5521,12.9485
"3103",345,2014-12-10,15.82933333,11.5259,12.8892
"3104",346,2014-12-11,15.75127273,11.4987,12.826
"3105",347,2014-12-12,15.354,11.4715,12.759
"3106",348,2014-12-13,15.06615385,11.4447,12.6966
"3107",349,2014-12-14,14.848,11.4185,12.6349
"3108",350,2014-12-15,14.61511765,11.3929,12.5768
"3109",351,2014-12-16,14.85389474,11.3685,12.5295
"3110",352,2014-12-17,14.9888,11.3459,12.4875
"3111",353,2014-12-18,14.82857143,11.3249,12.4562
"3112",354,2014-12-19,14.69372727,11.3062,12.4326
"3113",355,2014-12-20,14.98553571,11.2898,12.4216
"3114",356,2014-12-21,15.0982,11.2753,12.4119
"3115",357,2014-12-22,15.20425806,11.2623,12.3877
"3116",358,2014-12-23,14.98829032,11.2505,12.3637
"3117",359,2014-12-24,14.72665625,11.2388,12.3395
"3118",360,2014-12-25,13.22377143,11.2281,12.3156
"3119",361,2014-12-26,12.692125,11.218,12.2922
"3120",362,2014-12-27,12.71589286,11.209,12.2705
"3121",363,2014-12-28,13.24689474,11.2016,12.2514
"3122",364,2014-12-29,12.9207619,11.1961,12.2351
"3123",365,2014-12-30,11.59763636,11.1919,12.2213
"3124",366,2014-12-31,10.49708696,11.1886,12.2149
"3125",1,2015-01-01,10.42247826,11.1862,12.2208
"3126",2,2015-01-02,11.95196552,11.1852,12.2278
"3127",3,2015-01-03,11.94748387,11.1857,12.2394
"3128",4,2015-01-04,12.11648276,11.1883,12.2548
"3129",5,2015-01-05,12.1797,11.1929,12.274
"3130",6,2015-01-06,12.2517931,11.1997,12.2985
"3131",7,2015-01-07,12.13906897,11.2081,12.3247
"3132",8,2015-01-08,12.05936667,11.2171,12.3502
"3133",9,2015-01-09,12.15335714,11.2269,12.3757
"3134",10,2015-01-10,12.22769565,11.2376,12.4065
"3135",11,2015-01-11,12.2555,11.2498,12.438
"3136",12,2015-01-12,12.28347059,11.2629,12.4732
"3137",13,2015-01-13,12.12752632,11.2764,12.5075
"3138",14,2015-01-14,11.9662,11.2902,12.5403
"3139",15,2015-01-15,12.24440909,11.3041,12.5688
"3140",16,2015-01-16,12.64256522,11.3178,12.5907
"3141",17,2015-01-17,13.1103913,11.3306,12.6033
"3142",18,2015-01-18,13.87909091,11.3429,12.6109
"3143",19,2015-01-19,13.44793939,11.3551,12.6187
"3144",20,2015-01-20,13.28664706,11.3667,12.6264
"3145",21,2015-01-21,13.14334286,11.3775,12.6334
"3146",22,2015-01-22,13.12537143,11.3872,12.6392
"3147",23,2015-01-23,13.177,11.3961,12.643
"3148",24,2015-01-24,13.13288235,11.4052,12.6459
"3149",25,2015-01-25,13.34236667,11.414,12.6485
"3150",26,2015-01-26,13.38957143,11.4223,12.6512
"3151",27,2015-01-27,13.51504545,11.4294,12.6526
"3152",28,2015-01-28,13.85690909,11.4351,12.6538
"3153",29,2015-01-29,13.38556522,11.4388,12.654
"3154",30,2015-01-30,13.13759091,11.4402,12.6528
"3155",31,2015-01-31,12.28765517,11.4393,12.6493
"3156",32,2015-02-01,12.24977419,11.4365,12.6447
"3157",33,2015-02-02,12.67506667,11.4325,12.639
"3158",34,2015-02-03,12.85724138,11.4272,12.6312
"3159",35,2015-02-04,12.88506667,11.42,12.6211
"3160",36,2015-02-05,13.04093103,11.4118,12.6083
"3161",37,2015-02-06,13.3232069,11.4026,12.5938
"3162",38,2015-02-07,13.56211538,11.3923,12.5743
"3163",39,2015-02-08,13.86530435,11.3813,12.5511
"3164",40,2015-02-09,13.9795,11.3698,12.5276
"3165",41,2015-02-10,13.80866667,11.3583,12.5069
"3166",42,2015-02-11,13.50811111,11.3472,12.4881
"3167",43,2015-02-12,13.5796,11.3368,12.4707
"3168",44,2015-02-13,13.50542857,11.3269,12.4542
"3169",45,2015-02-14,13.48409091,11.3179,12.4393
"3170",46,2015-02-15,13.50696296,11.3102,12.4293
"3171",47,2015-02-16,13.74963636,11.3032,12.4245
"3172",48,2015-02-17,13.71047059,11.2965,12.4247
"3173",49,2015-02-18,13.57817647,11.2898,12.4253
"3174",50,2015-02-19,13.40179412,11.2826,12.4254
"3175",51,2015-02-20,13.43690909,11.2746,12.4252
"3176",52,2015-02-21,13.39746875,11.2659,12.4258
"3177",53,2015-02-22,13.3443,11.2569,12.4253
"3178",54,2015-02-23,13.24569231,11.2469,12.4192
"3179",55,2015-02-24,13.0232,11.2356,12.4112
"3180",56,2015-02-25,13.16414286,11.2227,12.4013
"3181",57,2015-02-26,12.57842857,11.2078,12.3868
"3182",58,2015-02-27,11.28125,11.1911,12.3679
"3183",59,2015-02-28,10.73226316,11.1732,12.3432
"3184",61,2015-03-01,10.75492308,11.1364,12.2911
"3185",62,2015-03-02,10.83503571,11.1191,12.2686
"3186",63,2015-03-03,10.49607407,11.1017,12.2461
"3187",64,2015-03-04,10.74723077,11.0833,12.2253
"3188",65,2015-03-05,11.24833333,11.0643,12.2077
"3189",66,2015-03-06,11.54818519,11.0447,12.1902
"3190",67,2015-03-07,11.74566667,11.0237,12.1726
"3191",68,2015-03-08,11.58995455,11.0015,12.1532
"3192",69,2015-03-09,11.19976923,10.9776,12.1359
"3193",70,2015-03-10,10.93192857,10.9523,12.1218
"3194",71,2015-03-11,11.0455625,10.9246,12.1081
"3195",72,2015-03-12,11.455,10.8941,12.0921
"3196",73,2015-03-13,11.16670588,10.8604,12.0751
"3197",74,2015-03-14,11.40922222,10.824,12.056
"3198",75,2015-03-15,11.779,10.7848,12.0329
"3199",76,2015-03-16,11.85765385,10.7419,12.0018
"3200",77,2015-03-17,11.61893333,10.696,11.9613
"3201",78,2015-03-18,11.25975,10.6476,11.9187
"3202",79,2015-03-19,10.72203226,10.5985,11.8602
"3203",80,2015-03-20,10.66587097,10.5498,11.801
"3204",81,2015-03-21,11.0112,10.5016,11.7415
"3205",82,2015-03-22,11.32444828,10.4554,11.6845
"3206",83,2015-03-23,11.672,10.4108,11.6289
"3207",84,2015-03-24,11.91726667,10.3675,11.5757
"3208",85,2015-03-25,12.26883333,10.3255,11.5288
"3209",86,2015-03-26,11.78582353,10.2844,11.4838
"3210",87,2015-03-27,11.39607143,10.2451,11.4406
"3211",88,2015-03-28,11.07791667,10.2082,11.402
"3212",89,2015-03-29,10.14588889,10.1732,11.3678
"3213",90,2015-03-30,10.04514286,10.1387,11.337
"3214",91,2015-03-31,9.909944444,10.1041,11.3063
"3215",92,2015-04-01,9.68015,10.0697,11.2749
"3216",93,2015-04-02,9.69765,10.0356,11.242
"3217",94,2015-04-03,9.555789474,10.0027,11.2087
"3218",95,2015-04-04,9.339,9.9713,11.1737
"3219",96,2015-04-05,9.371875,9.9415,11.1354
"3220",97,2015-04-06,9.471461538,9.9143,11.0986
"3221",98,2015-04-07,9.906230769,9.8897,11.0618
"3222",99,2015-04-08,10.53616667,9.8671,11.0277
"3223",100,2015-04-09,11.09092308,9.8467,10.9948
"3224",101,2015-04-10,10.98513333,9.8291,10.9642
"3225",102,2015-04-11,10.89969231,9.8146,10.9335
"3226",103,2015-04-12,10.32641667,9.8025,10.8992
"3227",104,2015-04-13,9.929285714,9.7925,10.8627
"3228",105,2015-04-14,9.310090909,9.7843,10.8244
"3229",106,2015-04-15,9.1778,9.7784,10.7868
"3230",107,2015-04-16,9.211535714,9.7744,10.7547
"3231",108,2015-04-17,9.21,9.771,10.7298
"3232",109,2015-04-18,9.656961538,9.7681,10.7057
"3233",110,2015-04-19,10.22311538,9.7649,10.6945
"3234",111,2015-04-20,10.51513043,9.761,10.6833
"3235",112,2015-04-21,10.4852,9.7562,10.6704
"3236",113,2015-04-22,10.177,9.7506,10.6548
"3237",114,2015-04-23,9.699285714,9.7453,10.6394
"3238",115,2015-04-24,9.204666667,9.7407,10.6254
"3239",116,2015-04-25,9.558,9.7356,10.6162
"3240",117,2015-04-26,NA,9.732,10.6167
"3241",118,2015-04-27,NA,9.7293,10.6193
"3242",119,2015-04-28,10.2518,9.7278,10.6224
"3243",120,2015-04-29,9.594,9.7276,10.6252
"3244",121,2015-04-30,9.356454545,9.7297,10.6274
"3245",122,2015-05-01,10.01292308,9.734,10.6291
"3246",123,2015-05-02,10.38664286,9.7399,10.631
"3247",124,2015-05-03,10.12578571,9.7462,10.6327
"3248",125,2015-05-04,9.992,9.7521,10.6343
"3249",126,2015-05-05,9.739714286,9.7579,10.6363
"3250",127,2015-05-06,9.541384615,9.7641,10.6382
"3251",128,2015-05-07,9.412583333,9.7689,10.6386
"3252",129,2015-05-08,9.280272727,9.773,10.6388
"3253",130,2015-05-09,9.583,9.7774,10.6374
"3254",131,2015-05-10,9.706,9.7826,10.6349
"3255",132,2015-05-11,9.871285714,9.7886,10.6345
"3256",133,2015-05-12,9.881,9.7967,10.6344
"3257",134,2015-05-13,10.79364286,9.8064,10.6394
"3258",135,2015-05-14,11.21676471,9.8182,10.6476
"3259",136,2015-05-15,11.51316667,9.8318,10.6597
"3260",137,2015-05-16,10.80944444,9.8478,10.6751
"3261",138,2015-05-17,11.12505882,9.8675,10.6956
"3262",139,2015-05-18,11.2891875,9.8915,10.7275
"3263",140,2015-05-19,10.9985,9.9194,10.7637
"3264",141,2015-05-20,10.42357143,9.9511,10.8068
"3265",142,2015-05-21,10.57708333,9.9854,10.8557
"3266",143,2015-05-22,11.07572727,10.0218,10.9104
"3267",144,2015-05-23,10.15166667,10.0587,10.9657
"3268",145,2015-05-24,NA,10.0952,11.0233
"3269",146,2015-05-25,NA,10.1305,11.0787
"3270",147,2015-05-26,10.5212,10.1665,11.1328
"3271",148,2015-05-27,9.9695,10.1998,11.1664
"3272",149,2015-05-28,10.1895,10.2296,11.1943
"3273",150,2015-05-29,9.954071429,10.2553,11.2166
"3274",151,2015-05-30,9.606125,10.2767,11.235
"3275",152,2015-05-31,10.4214375,10.2944,11.2454
"3276",153,2015-06-01,10.88277778,10.3084,11.2539
"3277",154,2015-06-02,10.3268,10.3186,11.258
"3278",155,2015-06-03,9.918375,10.3268,11.2586
"3279",156,2015-06-04,9.780133333,10.3347,11.2575
"3280",157,2015-06-05,9.978428571,10.3435,11.2561
"3281",158,2015-06-06,10.40608333,10.352,11.2586
"3282",159,2015-06-07,10.87561111,10.3627,11.2684
"3283",160,2015-06-08,10.81321053,10.3766,11.2859
"3284",161,2015-06-09,12.24161538,10.3937,11.311
"3285",162,2015-06-10,11.84473333,10.414,11.3435
"3286",163,2015-06-11,12.36282353,10.4356,11.3753
"3287",164,2015-06-12,12.61242105,10.4596,11.4135
"3288",165,2015-06-13,12.8242,10.4864,11.4537
"3289",166,2015-06-14,11.5269,10.5163,11.5028
"3290",167,2015-06-15,13.88136842,10.5486,11.5572
"3291",168,2015-06-16,10.70547059,10.5812,11.6164
"3292",169,2015-06-17,10.20352941,10.6121,11.6727
"3293",170,2015-06-18,9.911333333,10.6405,11.7181
"3294",171,2015-06-19,9.702461538,10.6662,11.7599
"3295",172,2015-06-20,9.5434,10.6894,11.8042
"3296",173,2015-06-21,9.531111111,10.7113,11.8451
"3297",174,2015-06-22,10.149,10.7341,11.8898
"3298",175,2015-06-23,10.40428571,10.7575,11.9378
"3299",176,2015-06-24,10.46936364,10.7805,11.9805
"3300",177,2015-06-25,10.31685714,10.8032,12.0207
"3301",178,2015-06-26,11.008,10.8251,12.0515
"3302",179,2015-06-27,12.60752941,10.8494,12.0939
"3303",180,2015-06-28,14.15133333,10.878,12.1398
"3304",181,2015-06-29,12.03184211,10.9111,12.1919
"3305",182,2015-06-30,11.18865,10.949,12.2519
"3306",183,2015-07-01,11.78283333,10.9902,12.3203
"3307",184,2015-07-02,12.13505882,11.0344,12.3892
"3308",185,2015-07-03,12.63347619,11.0806,12.4547
"3309",186,2015-07-04,13.42391304,11.1272,12.5162
"3310",187,2015-07-05,14.10691304,11.1741,12.5793
"3311",188,2015-07-06,15.12957692,11.2198,12.6424
"3312",189,2015-07-07,14.8278,11.265,12.7061
"3313",190,2015-07-08,13.56970588,11.3088,12.7614
"3314",191,2015-07-09,13.18216667,11.3515,12.8134
"3315",192,2015-07-10,13.4108,11.3933,12.8716
"3316",193,2015-07-11,13.34395238,11.4324,12.9188
"3317",194,2015-07-12,13.29228571,11.4711,12.9685
"3318",195,2015-07-13,12.21566667,11.509,13.0123
"3319",196,2015-07-14,11.2785,11.5459,13.0552
"3320",197,2015-07-15,11.07347059,11.5819,13.0958
"3321",198,2015-07-16,12.2397,11.618,13.1332
"3322",199,2015-07-17,13.07104762,11.6553,13.1692
"3323",200,2015-07-18,12.92395238,11.695,13.2062
"3324",201,2015-07-19,13.796,11.7365,13.2422
"3325",202,2015-07-20,13.39316667,11.7762,13.2728
"3326",203,2015-07-21,12.304,11.8127,13.2932
"3327",204,2015-07-22,11.79854545,11.8464,13.3101
"3328",205,2015-07-23,11.83335714,11.8758,13.3165
"3329",206,2015-07-24,12.6090625,11.9016,13.3149
"3330",207,2015-07-25,11.73864706,11.9248,13.3118
"3331",208,2015-07-26,11.73810526,11.9467,13.3065
"3332",209,2015-07-27,10.92405,11.9678,13.304
"3333",210,2015-07-28,11.86609524,11.9873,13.3002
"3334",211,2015-07-29,12.91222727,12.0042,13.2958
"3335",212,2015-07-30,14.286,12.0205,13.2966
"3336",213,2015-07-31,13.26411538,12.0393,13.2975
"3337",214,2015-08-01,13.96803571,12.0615,13.3036
"3338",215,2015-08-02,14.55051724,12.0876,13.3165
"3339",216,2015-08-03,14.28133333,12.1171,13.3459
"3340",217,2015-08-04,13.42136667,12.1504,13.3893
"3341",218,2015-08-05,13.53353571,12.1871,13.4344
"3342",219,2015-08-06,13.879,12.2265,13.4849
"3343",220,2015-08-07,14.541,12.2687,13.5313
"3344",221,2015-08-08,13.5077619,12.3127,13.5794
"3345",222,2015-08-09,12.70590476,12.3568,13.6266
"3346",223,2015-08-10,12.27845,12.3975,13.6622
"3347",224,2015-08-11,11.9467,12.4338,13.7007
"3348",225,2015-08-12,13.35836364,12.4646,13.7321
"3349",226,2015-08-13,13.2336087,12.4893,13.7604
"3350",227,2015-08-14,12.65225,12.5088,13.7786
"3351",228,2015-08-15,12.23456,12.5234,13.7828
"3352",229,2015-08-16,12.14013043,12.5331,13.7774
"3353",230,2015-08-17,12.16485714,12.5388,13.7696
"3354",231,2015-08-18,12.58525,12.5395,13.7664
"3355",232,2015-08-19,13.28929412,12.5363,13.7646
"3356",233,2015-08-20,13.18861538,12.5325,13.7605
"3357",234,2015-08-21,13.44742857,12.5313,13.7617
"3358",235,2015-08-22,14.0708,12.5346,13.7723
"3359",236,2015-08-23,15.37305882,12.5425,13.7874
"3360",237,2015-08-24,15.1945,12.5553,13.8088
"3361",238,2015-08-25,14.377,12.5738,13.8363
"3362",239,2015-08-26,13.1618,12.5958,13.8717
"3363",240,2015-08-27,12.73612,12.6196,13.9135
"3364",241,2015-08-28,13.05144828,12.6441,13.9557
"3365",242,2015-08-29,14.01913333,12.6691,13.99
"3366",243,2015-08-30,14.08851724,12.6927,14.0173
"3367",244,2015-08-31,13.20390323,12.7121,14.0558
"3368",245,2015-09-01,12.78860714,12.7269,14.0961
"3369",246,2015-09-02,12.56164516,12.7359,14.1314
"3370",247,2015-09-03,12.45053571,12.7403,14.1538
"3371",248,2015-09-04,11.93873684,12.74,14.1527
"3372",249,2015-09-05,11.86610526,12.7335,14.149
"3373",250,2015-09-06,11.66038889,12.7217,14.1399
"3374",251,2015-09-07,11.81594118,12.7048,14.1303
"3375",252,2015-09-08,11.94994118,12.6835,14.1156
"3376",253,2015-09-09,11.80595455,12.6582,14.0748
"3377",254,2015-09-10,12.30066667,12.6327,14.0318
"3378",255,2015-09-11,11.85552,12.6094,13.9905
"3379",256,2015-09-12,11.48341667,12.5882,13.9513
"3380",257,2015-09-13,11.35566667,12.5687,13.9147
"3381",258,2015-09-14,11.52447826,12.5503,13.8877
"3382",259,2015-09-15,11.58275,12.5332,13.8697
"3383",260,2015-09-16,11.903,12.5175,13.8604
"3384",261,2015-09-17,12.85669231,12.5028,13.8525
"3385",262,2015-09-18,13.50264286,12.4898,13.8389
"3386",263,2015-09-19,12.72692857,12.4784,13.825
"3387",264,2015-09-20,12.71985714,12.4686,13.8202
"3388",265,2015-09-21,12.9856,12.4585,13.8199
"3389",266,2015-09-22,12.37393333,12.4454,13.8137
"3390",267,2015-09-23,12.27476471,12.4287,13.8027
"3391",268,2015-09-24,12.32021739,12.4087,13.7902
"3392",269,2015-09-25,12.04696429,12.3859,13.7752
"3393",270,2015-09-26,11.99193548,12.3613,13.7563
"3394",271,2015-09-27,11.89533333,12.3366,13.7327
"3395",272,2015-09-28,11.97533333,12.3123,13.7092
"3396",273,2015-09-29,12.34496552,12.2893,13.6945
"3397",274,2015-09-30,12.66766667,12.2681,13.6808
"3398",275,2015-10-01,13.2383,12.2482,13.6547
"3399",276,2015-10-02,13.67455556,12.2294,13.6216
"3400",277,2015-10-03,13.06833333,12.2132,13.5892
"3401",278,2015-10-04,12.7266,12.2006,13.5689
"3402",279,2015-10-05,13.237,12.1923,13.5857
"3403",280,2015-10-06,13.65342857,12.188,13.6095
"3404",281,2015-10-07,13.7284,12.1877,13.6354
"3405",282,2015-10-08,13.8772,12.1889,13.6592
"3406",283,2015-10-09,14.10954545,12.1911,13.681
"3407",284,2015-10-10,14.16018182,12.194,13.7149
"3408",285,2015-10-11,13.76495652,12.1969,13.746
"3409",286,2015-10-12,13.24134783,12.2005,13.775
"3410",287,2015-10-13,13.23045,12.2053,13.8037
"3411",288,2015-10-14,13.76722222,12.2108,13.8323
"3412",289,2015-10-15,14.80033333,12.2161,13.8602
"3413",290,2015-10-16,15.337625,12.2206,13.8864
"3414",291,2015-10-17,15.47426667,12.2244,13.9113
"3415",292,2015-10-18,15.14786667,12.2259,13.9313
"3416",293,2015-10-19,15.22284615,12.2285,13.9494
"3417",294,2015-10-20,14.31136364,12.2333,13.9669
"3418",295,2015-10-21,14.002,12.2398,13.9808
"3419",296,2015-10-22,13.59857895,12.2487,13.9892
"3420",297,2015-10-23,13.75572,12.2592,13.9976
"3421",298,2015-10-24,14.84185714,12.271,14.0092
"3422",299,2015-10-25,15.40182759,12.2843,14.0188
"3423",300,2015-10-26,15.2551,12.2972,14.025
"3424",301,2015-10-27,14.89492857,12.3088,14.0299
"3425",302,2015-10-28,14.4785,12.3181,14.0334
"3426",303,2015-10-29,14.14488889,12.3264,14.0363
"3427",304,2015-10-30,14.13793333,12.3318,14.039
"3428",305,2015-10-31,13.50357143,12.3342,14.0414
"3429",306,2015-11-01,13.81521739,12.3342,14.042
"3430",307,2015-11-02,13.53431579,12.3315,14.0424
"3431",308,2015-11-03,12.12225,12.3258,14.0408
"3432",309,2015-11-04,11.79627273,12.3165,14.0309
"3433",310,2015-11-05,11.42792308,12.3031,14.0013
"3434",311,2015-11-06,11.59585714,12.2878,13.9656
"3435",312,2015-11-07,11.81242857,12.2718,13.9292
"3436",313,2015-11-08,12.179875,12.2564,13.8961
"3437",314,2015-11-09,12.53235294,12.2418,13.8706
"3438",315,2015-11-10,12.38,12.2271,13.8568
"3439",316,2015-11-11,12.19227778,12.2113,13.8468
"3440",317,2015-11-12,12.20515789,12.194,13.8342
"3441",318,2015-11-13,12.12094737,12.1754,13.8216
"3442",319,2015-11-14,12.36310526,12.1564,13.8061
"3443",320,2015-11-15,13.329,12.1376,13.782
"3444",321,2015-11-16,11.51876471,12.1194,13.7563
"3445",322,2015-11-17,11.6296875,12.1008,13.7251
"3446",323,2015-11-18,11.74017647,12.0826,13.6895
"3447",324,2015-11-19,11.33069231,12.0623,13.6438
"3448",325,2015-11-20,11.3515625,12.0395,13.5987
"3449",326,2015-11-21,10.85016667,12.0156,13.5717
"3450",327,2015-11-22,10.97704167,11.9899,13.5472
"3451",328,2015-11-23,11.27160714,11.9636,13.5217
"3452",329,2015-11-24,11.019875,11.9362,13.4958
"3453",330,2015-11-25,10.78937931,11.9075,13.4711
"3454",331,2015-11-26,10.70817241,11.8781,13.4479
"3455",332,2015-11-27,11.0087,11.8489,13.4259
"3456",333,2015-11-28,10.922,11.8205,13.4054
"3457",334,2015-11-29,11.01273333,11.7924,13.3842
"3458",335,2015-11-30,11.37992593,11.766,13.3563
"3459",336,2015-12-01,11.63166667,11.7406,13.317
"3460",337,2015-12-02,12.25269231,11.7157,13.2767
"3461",338,2015-12-03,12.13628571,11.6917,13.234
"3462",339,2015-12-04,12.0376875,11.6685,13.1913
"3463",340,2015-12-05,11.96570588,11.6458,13.1474
"3464",341,2015-12-06,12.29855556,11.6231,13.0986
"3465",342,2015-12-07,12.53857895,11.6005,13.05
"3466",343,2015-12-08,13.299,11.5769,12.9998
"3467",344,2015-12-09,13.3218,11.5521,12.9485
"3468",345,2015-12-10,13.09633333,11.5259,12.8892
"3469",346,2015-12-11,13.09234783,11.4987,12.826
"3470",347,2015-12-12,12.9296,11.4715,12.759
"3471",348,2015-12-13,13.305,11.4447,12.6966
"3472",349,2015-12-14,12.01203448,11.4185,12.6349
"3473",350,2015-12-15,11.87356667,11.3929,12.5768
"3474",351,2015-12-16,11.7275,11.3685,12.5295
"3475",352,2015-12-17,11.7004,11.3459,12.4875
"3476",353,2015-12-18,12.00233333,11.3249,12.4562
"3477",354,2015-12-19,12.384,11.3062,12.4326
"3478",355,2015-12-20,12.23759091,11.2898,12.4216
"3479",356,2015-12-21,12.39413636,11.2753,12.4119
"3480",357,2015-12-22,12.55757143,11.2623,12.3877
"3481",358,2015-12-23,12.05403125,11.2505,12.3637
"3482",359,2015-12-24,11.902,11.2388,12.3395
"3483",360,2015-12-25,11.69646875,11.2281,12.3156
"3484",361,2015-12-26,11.33632258,11.218,12.2922
"3485",362,2015-12-27,10.99765625,11.209,12.2705
"3486",363,2015-12-28,11.24693939,11.2016,12.2514
"3487",364,2015-12-29,11.17690323,11.1961,12.2351
"3488",365,2015-12-30,11.06696296,11.1919,12.2213
"3489",366,2015-12-31,11.4778125,11.1886,12.2149
"3490",1,2016-01-01,11.74723529,11.1862,12.2208
"3491",2,2016-01-02,12.08727778,11.1852,12.2278
"3492",3,2016-01-03,12.23315789,11.1857,12.2394
"3493",4,2016-01-04,12.13685,11.1883,12.2548
"3494",5,2016-01-05,12.42666667,11.1929,12.274
"3495",6,2016-01-06,12.61472727,11.1997,12.2985
"3496",7,2016-01-07,12.75726087,11.2081,12.3247
"3497",8,2016-01-08,12.63463333,11.2171,12.3502
"3498",9,2016-01-09,12.35543333,11.2269,12.3757
"3499",10,2016-01-10,12.36535484,11.2376,12.4065
"3500",11,2016-01-11,12.35418182,11.2498,12.438
"3501",12,2016-01-12,12.6,11.2629,12.4732
"3502",13,2016-01-13,12.65258824,11.2764,12.5075
"3503",14,2016-01-14,12.52115152,11.2902,12.5403
"3504",15,2016-01-15,12.556,11.3041,12.5688
"3505",16,2016-01-16,12.71442857,11.3178,12.5907
"3506",17,2016-01-17,12.96581818,11.3306,12.6033
"3507",18,2016-01-18,12.88463636,11.3429,12.6109
"3508",19,2016-01-19,12.75204348,11.3551,12.6187
"3509",20,2016-01-20,12.47434483,11.3667,12.6264
"3510",21,2016-01-21,12.46636364,11.3775,12.6334
"3511",22,2016-01-22,12.73190625,11.3872,12.6392
"3512",23,2016-01-23,12.80653125,11.3961,12.643
"3513",24,2016-01-24,12.783,11.4052,12.6459
"3514",25,2016-01-25,12.83440625,11.414,12.6485
"3515",26,2016-01-26,12.94393333,11.4223,12.6512
"3516",27,2016-01-27,13.02566667,11.4294,12.6526
"3517",28,2016-01-28,13.00228571,11.4351,12.6538
"3518",29,2016-01-29,13.0535,11.4388,12.654
"3519",30,2016-01-30,12.87847059,11.4402,12.6528
"3520",31,2016-01-31,12.57511111,11.4393,12.6493
"3521",32,2016-02-01,11.94521053,11.4365,12.6447
"3522",33,2016-02-02,11.44180952,11.4325,12.639
"3523",34,2016-02-03,11.46957143,11.4272,12.6312
"3524",35,2016-02-04,12.15763636,11.42,12.6211
"3525",36,2016-02-05,12.09464286,11.4118,12.6083
"3526",37,2016-02-06,12.30057576,11.4026,12.5938
"3527",38,2016-02-07,12.37864516,11.3923,12.5743
"3528",39,2016-02-08,12.4353125,11.3813,12.5511
"3529",40,2016-02-09,12.39338235,11.3698,12.5276
"3530",41,2016-02-10,12.43463636,11.3583,12.5069
"3531",42,2016-02-11,12.4134375,11.3472,12.4881
"3532",43,2016-02-12,12.4668,11.3368,12.4707
"3533",44,2016-02-13,12.32133333,11.3269,12.4542
"3534",45,2016-02-14,11.81061905,11.3179,12.4393
"3535",46,2016-02-15,11.86031818,11.3102,12.4293
"3536",47,2016-02-16,11.43768182,11.3032,12.4245
"3537",48,2016-02-17,11.41086364,11.2965,12.4247
"3538",49,2016-02-18,11.51082759,11.2898,12.4253
"3539",50,2016-02-19,11.76490323,11.2826,12.4254
"3540",51,2016-02-20,11.85109677,11.2746,12.4252
"3541",52,2016-02-21,11.8903,11.2659,12.4258
"3542",53,2016-02-22,12.15410345,11.2569,12.4253
"3543",54,2016-02-23,12.2023,11.2469,12.4192
"3544",55,2016-02-24,12.11511111,11.2356,12.4112
"3545",56,2016-02-25,11.92568,11.2227,12.4013
"3546",57,2016-02-26,11.9079,11.2078,12.3868
"3547",58,2016-02-27,12.0562,11.1911,12.3679
"3548",59,2016-02-28,12.1518,11.1732,12.3432
"3549",60,2016-02-29,12.29325,11.1546,12.3169
"3550",61,2016-03-01,12.3006875,11.1364,12.2911
"3551",62,2016-03-02,12.37576471,11.1191,12.2686
"3552",63,2016-03-03,12.56929412,11.1017,12.2461
"3553",64,2016-03-04,12.59968421,11.0833,12.2253
"3554",65,2016-03-05,12.82424,11.0643,12.2077
"3555",66,2016-03-06,13.10663333,11.0447,12.1902
"3556",67,2016-03-07,12.98115625,11.0237,12.1726
"3557",68,2016-03-08,12.25729032,11.0015,12.1532
"3558",69,2016-03-09,12.50222581,10.9776,12.1359
"3559",70,2016-03-10,12.71446667,10.9523,12.1218
"3560",71,2016-03-11,12.89774194,10.9246,12.1081
"3561",72,2016-03-12,12.99822222,10.8941,12.0921
"3562",73,2016-03-13,13.0652381,10.8604,12.0751
"3563",74,2016-03-14,12.9956,10.824,12.056
"3564",75,2016-03-15,12.78257895,10.7848,12.0329
"3565",76,2016-03-16,12.58316667,10.7419,12.0018
"3566",77,2016-03-17,12.03241176,10.696,11.9613
"3567",78,2016-03-18,12.87404348,10.6476,11.9187
"3568",79,2016-03-19,12.77532,10.5985,11.8602
"3569",80,2016-03-20,13.30403846,10.5498,11.801
"3570",81,2016-03-21,13.21253846,10.5016,11.7415
"3571",82,2016-03-22,13.07165217,10.4554,11.6845
"3572",83,2016-03-23,12.57622727,10.4108,11.6289
"3573",84,2016-03-24,12.32690909,10.3675,11.5757
"3574",85,2016-03-25,11.57541176,10.3255,11.5288
"3575",86,2016-03-26,10.77833333,10.2844,11.4838
"3576",87,2016-03-27,10.16854545,10.2451,11.4406
"3577",88,2016-03-28,9.348666667,10.2082,11.402
"3578",89,2016-03-29,8.872,10.1732,11.3678
"3579",90,2016-03-30,8.709166667,10.1387,11.337
"3580",91,2016-03-31,9.107181818,10.1041,11.3063
"3581",92,2016-04-01,9.1608,10.0697,11.2749
"3582",93,2016-04-02,9.244181818,10.0356,11.242
"3583",94,2016-04-03,9.419761905,10.0027,11.2087
"3584",95,2016-04-04,9.718615385,9.9713,11.1737
"3585",96,2016-04-05,9.19237931,9.9415,11.1354
"3586",97,2016-04-06,9.438392857,9.9143,11.0986
"3587",98,2016-04-07,9.742107143,9.8897,11.0618
"3588",99,2016-04-08,10.37459259,9.8671,11.0277
"3589",100,2016-04-09,10.59544,9.8467,10.9948
"3590",101,2016-04-10,10.79795238,9.8291,10.9642
"3591",102,2016-04-11,10.81678571,9.8146,10.9335
"3592",103,2016-04-12,10.76064706,9.8025,10.8992
"3593",104,2016-04-13,10.22386667,9.7925,10.8627
"3594",105,2016-04-14,10.11309091,9.7843,10.8244
"3595",106,2016-04-15,9.8815,9.7784,10.7868
"3596",107,2016-04-16,10.21388889,9.7744,10.7547
"3597",108,2016-04-17,10.81211111,9.771,10.7298
"3598",109,2016-04-18,11.89118182,9.7681,10.7057
"3599",110,2016-04-19,10.883,9.7649,10.6945
"3600",111,2016-04-20,11.79430769,9.761,10.6833
"3601",112,2016-04-21,12.763,9.7562,10.6704
"3602",113,2016-04-22,13.00408333,9.7506,10.6548
"3603",114,2016-04-23,12.60191667,9.7453,10.6394
"3604",115,2016-04-24,11.96754545,9.7407,10.6254
"3605",116,2016-04-25,11.14809091,9.7356,10.6162
"3606",117,2016-04-26,10.40744444,9.732,10.6167
"3607",118,2016-04-27,9.836090909,9.7293,10.6193
"3608",119,2016-04-28,9.443111111,9.7278,10.6224
"3609",120,2016-04-29,8.841666667,9.7276,10.6252
"3610",121,2016-04-30,NA,9.7297,10.6274
"3611",122,2016-05-01,9.023333333,9.734,10.6291
"3612",123,2016-05-02,9.68575,9.7399,10.631
"3613",124,2016-05-03,10.0551875,9.7462,10.6327
"3614",125,2016-05-04,10.31478261,9.7521,10.6343
"3615",126,2016-05-05,10.34088,9.7579,10.6363
"3616",127,2016-05-06,9.785391304,9.7641,10.6382
"3617",128,2016-05-07,10.47617391,9.7689,10.6386
"3618",129,2016-05-08,11.27347619,9.773,10.6388
"3619",130,2016-05-09,11.0701875,9.7774,10.6374
"3620",131,2016-05-10,10.90723077,9.7826,10.6349
"3621",132,2016-05-11,11.139,9.7886,10.6345
"3622",133,2016-05-12,12.2264,9.7967,10.6344
"3623",134,2016-05-13,13.052,9.8064,10.6394
"3624",135,2016-05-14,13.49028571,9.8182,10.6476
"3625",136,2016-05-15,11.3067,9.8318,10.6597
"3626",137,2016-05-16,10.885,9.8478,10.6751
"3627",138,2016-05-17,10.26746154,9.8675,10.6956
"3628",139,2016-05-18,10.15392857,9.8915,10.7275
"3629",140,2016-05-19,9.839928571,9.9194,10.7637
"3630",141,2016-05-20,9.7294375,9.9511,10.8068
"3631",142,2016-05-21,9.903,9.9854,10.8557
"3632",143,2016-05-22,10.413,10.0218,10.9104
"3633",144,2016-05-23,10.2835,10.0587,10.9657
"3634",145,2016-05-24,10.70361538,10.0952,11.0233
"3635",146,2016-05-25,11.15536364,10.1305,11.0787
"3636",147,2016-05-26,11.1752,10.1665,11.1328
"3637",148,2016-05-27,9.9401,10.1998,11.1664
"3638",149,2016-05-28,9.558,10.2296,11.1943
"3639",150,2016-05-29,10.176125,10.2553,11.2166
"3640",151,2016-05-30,10.61816667,10.2767,11.235
"3641",152,2016-05-31,11.540375,10.2944,11.2454
"3642",153,2016-06-01,11.75317647,10.3084,11.2539
"3643",154,2016-06-02,11.88763158,10.3186,11.258
"3644",155,2016-06-03,11.4307,10.3268,11.2586
"3645",156,2016-06-04,10.61533333,10.3347,11.2575
"3646",157,2016-06-05,12.64494444,10.3435,11.2561
"3647",158,2016-06-06,13.44925,10.352,11.2586
"3648",159,2016-06-07,14.17826316,10.3627,11.2684
"3649",160,2016-06-08,14.3816875,10.3766,11.2859
"3650",161,2016-06-09,12.67938889,10.3937,11.311
"3651",162,2016-06-10,10.87652941,10.414,11.3435
"3652",163,2016-06-11,10.95311111,10.4356,11.3753
"3653",164,2016-06-12,11.1607,10.4596,11.4135
"3654",165,2016-06-13,11.01784615,10.4864,11.4537
"3655",166,2016-06-14,10.31492857,10.5163,11.5028
"3656",167,2016-06-15,10.25326667,10.5486,11.5572
"3657",168,2016-06-16,11.0685625,10.5812,11.6164
"3658",169,2016-06-17,10.88270588,10.6121,11.6727
"3659",170,2016-06-18,11.26588889,10.6405,11.7181
"3660",171,2016-06-19,11.04917647,10.6662,11.7599
"3661",172,2016-06-20,10.5285,10.6894,11.8042
"3662",173,2016-06-21,10.48353333,10.7113,11.8451
"3663",174,2016-06-22,10.16666667,10.7341,11.8898
"3664",175,2016-06-23,9.753615385,10.7575,11.9378
"3665",176,2016-06-24,9.939083333,10.7805,11.9805
"3666",177,2016-06-25,10.1227,10.8032,12.0207
"3667",178,2016-06-26,9.752777778,10.8251,12.0515
"3668",179,2016-06-27,9.806466667,10.8494,12.0939
"3669",180,2016-06-28,9.799058824,10.878,12.1398
"3670",181,2016-06-29,9.730736842,10.9111,12.1919
"3671",182,2016-06-30,9.51847619,10.949,12.2519
"3672",183,2016-07-01,9.507809524,10.9902,12.3203
"3673",184,2016-07-02,10.45557143,11.0344,12.3892
"3674",185,2016-07-03,10.83765,11.0806,12.4547
"3675",186,2016-07-04,11.29345455,11.1272,12.5162
"3676",187,2016-07-05,11.396375,11.1741,12.5793
"3677",188,2016-07-06,10.75770833,11.2198,12.6424
"3678",189,2016-07-07,9.957818182,11.265,12.7061
"3679",190,2016-07-08,10.18328571,11.3088,12.7614
"3680",191,2016-07-09,10.68335,11.3515,12.8134
"3681",192,2016-07-10,10.9195,11.3933,12.8716
"3682",193,2016-07-11,11.06646154,11.4324,12.9188
"3683",194,2016-07-12,11.01453333,11.4711,12.9685
"3684",195,2016-07-13,11.07453333,11.509,13.0123
"3685",196,2016-07-14,10.14735294,11.5459,13.0552
"3686",197,2016-07-15,10.57855556,11.5819,13.0958
"3687",198,2016-07-16,10.26489474,11.618,13.1332
"3688",199,2016-07-17,10.1634,11.6553,13.1692
"3689",200,2016-07-18,10.1292,11.695,13.2062
"3690",201,2016-07-19,10.08094118,11.7365,13.2422
"3691",202,2016-07-20,10.07645,11.7762,13.2728
"3692",203,2016-07-21,10.23958333,11.8127,13.2932
"3693",204,2016-07-22,10.522125,11.8464,13.3101
"3694",205,2016-07-23,10.60421739,11.8758,13.3165
"3695",206,2016-07-24,10.33526923,11.9016,13.3149
"3696",207,2016-07-25,10.28483333,11.9248,13.3118
"3697",208,2016-07-26,10.4345,11.9467,13.3065
"3698",209,2016-07-27,10.4097,11.9678,13.304
"3699",210,2016-07-28,10.69066667,11.9873,13.3002
"3700",211,2016-07-29,11.67822727,12.0042,13.2958
"3701",212,2016-07-30,12.01861905,12.0205,13.2966
"3702",213,2016-07-31,12.61036364,12.0393,13.2975
"3703",214,2016-08-01,13.09536,12.0615,13.3036
"3704",215,2016-08-02,13.36103704,12.0876,13.3165
"3705",216,2016-08-03,12.93733333,12.1171,13.3459
"3706",217,2016-08-04,12.19515385,12.1504,13.3893
"3707",218,2016-08-05,12.5494,12.1871,13.4344
"3708",219,2016-08-06,12.62980952,12.2265,13.4849
"3709",220,2016-08-07,11.07236364,12.2687,13.5313
"3710",221,2016-08-08,11.24661538,12.3127,13.5794
"3711",222,2016-08-09,10.88661538,12.3568,13.6266
"3712",223,2016-08-10,10.78353333,12.3975,13.6622
"3713",224,2016-08-11,11.29546667,12.4338,13.7007
"3714",225,2016-08-12,11.85275,12.4646,13.7321
"3715",226,2016-08-13,11.46188889,12.4893,13.7604
"3716",227,2016-08-14,11.106,12.5088,13.7786
"3717",228,2016-08-15,11.53785,12.5234,13.7828
"3718",229,2016-08-16,11.7951,12.5331,13.7774
"3719",230,2016-08-17,12.1444,12.5388,13.7696
"3720",231,2016-08-18,12.95853846,12.5395,13.7664
"3721",232,2016-08-19,13.64164286,12.5363,13.7646
"3722",233,2016-08-20,14.17503704,12.5325,13.7605
"3723",234,2016-08-21,14.19822222,12.5313,13.7617
"3724",235,2016-08-22,14.36965517,12.5346,13.7723
"3725",236,2016-08-23,14.565,12.5425,13.7874
"3726",237,2016-08-24,14.026,12.5553,13.8088
"3727",238,2016-08-25,13.9804,12.5738,13.8363
"3728",239,2016-08-26,14.33635,12.5958,13.8717
"3729",240,2016-08-27,14.7099,12.6196,13.9135
"3730",241,2016-08-28,14.5002,12.6441,13.9557
"3731",242,2016-08-29,14.14411111,12.6691,13.99
"3732",243,2016-08-30,13.06246429,12.6927,14.0173
"3733",244,2016-08-31,12.06040741,12.7121,14.0558
"3734",245,2016-09-01,11.55119231,12.7269,14.0961
"3735",246,2016-09-02,11.11153846,12.7359,14.1314
"3736",247,2016-09-03,10.90704348,12.7403,14.1538
"3737",248,2016-09-04,10.771,12.74,14.1527
"3738",249,2016-09-05,10.71747619,12.7335,14.149
"3739",250,2016-09-06,10.86584615,12.7217,14.1399
"3740",251,2016-09-07,11.11883333,12.7048,14.1303
"3741",252,2016-09-08,11.47341667,12.6835,14.1156
"3742",253,2016-09-09,11.64558333,12.6582,14.0748
"3743",254,2016-09-10,12.20714286,12.6327,14.0318
"3744",255,2016-09-11,12.94066667,12.6094,13.9905
"3745",256,2016-09-12,12.63464706,12.5882,13.9513
"3746",257,2016-09-13,12.7712,12.5687,13.9147
"3747",258,2016-09-14,13.41792593,12.5503,13.8877
"3748",259,2016-09-15,12.87475,12.5332,13.8697
"3749",260,2016-09-16,11.95353571,12.5175,13.8604
"3750",261,2016-09-17,11.70931034,12.5028,13.8525
"3751",262,2016-09-18,11.64857143,12.4898,13.8389
"3752",263,2016-09-19,11.5032963,12.4784,13.825
"3753",264,2016-09-20,11.16967742,12.4686,13.8202
"3754",265,2016-09-21,11.32023077,12.4585,13.8199
"3755",266,2016-09-22,11.33405263,12.4454,13.8137
"3756",267,2016-09-23,10.9045,12.4287,13.8027
"3757",268,2016-09-24,11.093125,12.4087,13.7902
"3758",269,2016-09-25,11.07745,12.3859,13.7752
"3759",270,2016-09-26,11.18616667,12.3613,13.7563
"3760",271,2016-09-27,11.4382963,12.3366,13.7327
"3761",272,2016-09-28,11.43496296,12.3123,13.7092
"3762",273,2016-09-29,11.01914815,12.2893,13.6945
"3763",274,2016-09-30,11.098,12.2681,13.6808
"3764",275,2016-10-01,11.28856522,12.2482,13.6547
"3765",276,2016-10-02,11.61766667,12.2294,13.6216
"3766",277,2016-10-03,11.70778947,12.2132,13.5892
"3767",278,2016-10-04,12.58178571,12.2006,13.5689
"3768",279,2016-10-05,12.10164286,12.1923,13.5857
"3769",280,2016-10-06,11.99716667,12.188,13.6095
"3770",281,2016-10-07,11.6908,12.1877,13.6354
"3771",282,2016-10-08,11.704,12.1889,13.6592
"3772",283,2016-10-09,11.68966667,12.1911,13.681
"3773",284,2016-10-10,11.21333333,12.194,13.7149
"3774",285,2016-10-11,11.471625,12.1969,13.746
"3775",286,2016-10-12,11.68173913,12.2005,13.775
"3776",287,2016-10-13,12.1187037,12.2053,13.8037
"3777",288,2016-10-14,12.08810345,12.2108,13.8323
"3778",289,2016-10-15,12.81413793,12.2161,13.8602
"3779",290,2016-10-16,13.02772414,12.2206,13.8864
"3780",291,2016-10-17,13.0492069,12.2244,13.9113
"3781",292,2016-10-18,13.44932143,12.2259,13.9313
"3782",293,2016-10-19,13.10763333,12.2285,13.9494
"3783",294,2016-10-20,12.84125926,12.2333,13.9669
"3784",295,2016-10-21,12.48952174,12.2398,13.9808
"3785",296,2016-10-22,11.695,12.2487,13.9892
"3786",297,2016-10-23,11.4782,12.2592,13.9976
"3787",298,2016-10-24,12.50635,12.271,14.0092
"3788",299,2016-10-25,13.07909524,12.2843,14.0188
"3789",300,2016-10-26,12.85604545,12.2972,14.025
"3790",301,2016-10-27,13.07740909,12.3088,14.0299
"3791",302,2016-10-28,13.29143478,12.3181,14.0334
"3792",303,2016-10-29,13.57627273,12.3264,14.0363
"3793",304,2016-10-30,13.85342857,12.3318,14.039
"3794",305,2016-10-31,13.9075,12.3342,14.0414
"3795",306,2016-11-01,13.89752941,12.3342,14.042
"3796",307,2016-11-02,13.819,12.3315,14.0424
"3797",308,2016-11-03,14.0635,12.3258,14.0408
"3798",309,2016-11-04,14.0612,12.3165,14.0309
"3799",310,2016-11-05,14.106,12.3031,14.0013
"3800",311,2016-11-06,14.481,12.2878,13.9656
"3801",312,2016-11-07,NA,12.2718,13.9292
"3802",313,2016-11-08,14.745,12.2564,13.8961
"3803",314,2016-11-09,14.363,12.2418,13.8706
"3804",315,2016-11-10,14.06714286,12.2271,13.8568
"3805",316,2016-11-11,14.09707692,12.2113,13.8468
"3806",317,2016-11-12,14.4257931,12.194,13.8342
"3807",318,2016-11-13,13.85335484,12.1754,13.8216
"3808",319,2016-11-14,13.58096429,12.1564,13.8061
"3809",320,2016-11-15,13.80255172,12.1376,13.782
"3810",321,2016-11-16,13.19434483,12.1194,13.7563
"3811",322,2016-11-17,12.704875,12.1008,13.7251
"3812",323,2016-11-18,12.57693333,12.0826,13.6895
"3813",324,2016-11-19,13.79517857,12.0623,13.6438
"3814",325,2016-11-20,14.37052174,12.0395,13.5987
"3815",326,2016-11-21,14.00542857,12.0156,13.5717
"3816",327,2016-11-22,13.2698,11.9899,13.5472
"3817",328,2016-11-23,13.4505,11.9636,13.5217
"3818",329,2016-11-24,13.03152941,11.9362,13.4958
"3819",330,2016-11-25,13.13655556,11.9075,13.4711
"3820",331,2016-11-26,13.16633333,11.8781,13.4479
"3821",332,2016-11-27,13.30878947,11.8489,13.4259
"3822",333,2016-11-28,13.11478947,11.8205,13.4054
"3823",334,2016-11-29,11.99731579,11.7924,13.3842
"3824",335,2016-11-30,12.13505263,11.766,13.3563
"3825",336,2016-12-01,11.53631579,11.7406,13.317
"3826",337,2016-12-02,11.04245,11.7157,13.2767
"3827",338,2016-12-03,11.08357143,11.6917,13.234
"3828",339,2016-12-04,10.87272727,11.6685,13.1913
"3829",340,2016-12-05,10.81565,11.6458,13.1474
"3830",341,2016-12-06,10.30591667,11.6231,13.0986
"3831",342,2016-12-07,10.12906667,11.6005,13.05
"3832",343,2016-12-08,10.13644444,11.5769,12.9998
"3833",344,2016-12-09,10.7875,11.5521,12.9485
"3834",345,2016-12-10,11.17404762,11.5259,12.8892
"3835",346,2016-12-11,10.97672414,11.4987,12.826
"3836",347,2016-12-12,10.87528125,11.4715,12.759
"3837",348,2016-12-13,10.8865,11.4447,12.6966
"3838",349,2016-12-14,11.26675758,11.4185,12.6349
"3839",350,2016-12-15,11.58515152,11.3929,12.5768
"3840",351,2016-12-16,11.40393939,11.3685,12.5295
"3841",352,2016-12-17,10.82066667,11.3459,12.4875
"3842",353,2016-12-18,10.80866667,11.3249,12.4562
"3843",354,2016-12-19,10.68453846,11.3062,12.4326
"3844",355,2016-12-20,10.69452941,11.2898,12.4216
"3845",356,2016-12-21,10.87744444,11.2753,12.4119
"3846",357,2016-12-22,11.05431579,11.2623,12.3877
"3847",358,2016-12-23,11.14594737,11.2505,12.3637
"3848",359,2016-12-24,10.93075,11.2388,12.3395
"3849",360,2016-12-25,10.84790476,11.2281,12.3156
"3850",361,2016-12-26,10.29928571,11.218,12.2922
"3851",362,2016-12-27,10.62469565,11.209,12.2705
"3852",363,2016-12-28,10.80496154,11.2016,12.2514
"3853",364,2016-12-29,10.7307037,11.1961,12.2351
"3854",365,2016-12-30,10.93578571,11.1919,12.2213
"3855",366,2016-12-31,10.72948276,11.1886,12.2149
"3856",1,2017-01-01,10.73303333,11.1862,12.2208
"3857",2,2017-01-02,10.5342,11.1852,12.2278
"3858",3,2017-01-03,10.51735714,11.1857,12.2394
"3859",4,2017-01-04,10.68420833,11.1883,12.2548
"3860",5,2017-01-05,10.337,11.1929,12.274
"3861",6,2017-01-06,10.03225,11.1997,12.2985
"3862",7,2017-01-07,10.36036364,11.2081,12.3247
"3863",8,2017-01-08,10.82865217,11.2171,12.3502
"3864",9,2017-01-09,11.08177419,11.2269,12.3757
"3865",10,2017-01-10,11.2128,11.2376,12.4065
"3866",11,2017-01-11,11.1760303,11.2498,12.438
"3867",12,2017-01-12,11.18679412,11.2629,12.4732
"3868",13,2017-01-13,11.16670588,11.2764,12.5075
"3869",14,2017-01-14,11.23617647,11.2902,12.5403
"3870",15,2017-01-15,11.29502941,11.3041,12.5688
"3871",16,2017-01-16,11.42582353,11.3178,12.5907
"3872",17,2017-01-17,11.419,11.3306,12.6033
"3873",18,2017-01-18,11.412,11.3429,12.6109
"3874",19,2017-01-19,11.49705263,11.3551,12.6187
"3875",20,2017-01-20,11.6643,11.3667,12.6264
"3876",21,2017-01-21,11.6337,11.3775,12.6334
"3877",22,2017-01-22,11.5447619,11.3872,12.6392
"3878",23,2017-01-23,11.37704762,11.3961,12.643
"3879",24,2017-01-24,11.49945455,11.4052,12.6459
"3880",25,2017-01-25,11.2482963,11.414,12.6485
"3881",26,2017-01-26,11.6767931,11.4223,12.6512
"3882",27,2017-01-27,11.65903448,11.4294,12.6526
"3883",28,2017-01-28,11.51353333,11.4351,12.6538
"3884",29,2017-01-29,11.543375,11.4388,12.654
"3885",30,2017-01-30,11.51429032,11.4402,12.6528
"3886",31,2017-01-31,11.53316129,11.4393,12.6493
"3887",32,2017-02-01,11.4381,11.4365,12.6447
"3888",33,2017-02-02,11.576875,11.4325,12.639
"3889",34,2017-02-03,11.9314,11.4272,12.6312
"3890",35,2017-02-04,11.96281818,11.42,12.6211
"3891",36,2017-02-05,11.99786957,11.4118,12.6083
"3892",37,2017-02-06,12.08547826,11.4026,12.5938
"3893",38,2017-02-07,12.34225,11.3923,12.5743
"3894",39,2017-02-08,12.44217143,11.3813,12.5511
"3895",40,2017-02-09,12.619,11.3698,12.5276
"3896",41,2017-02-10,12.40818182,11.3583,12.5069
"3897",42,2017-02-11,12.20536364,11.3472,12.4881
"3898",43,2017-02-12,12.1405,11.3368,12.4707
"3899",44,2017-02-13,12.25556667,11.3269,12.4542
"3900",45,2017-02-14,12.40489286,11.3179,12.4393
"3901",46,2017-02-15,12.56124,11.3102,12.4293
"3902",47,2017-02-16,12.733,11.3032,12.4245
"3903",48,2017-02-17,12.60458824,11.2965,12.4247
"3904",49,2017-02-18,12.61447059,11.2898,12.4253
"3905",50,2017-02-19,12.20033333,11.2826,12.4254
"3906",51,2017-02-20,12.42436842,11.2746,12.4252
"3907",52,2017-02-21,12.52427778,11.2659,12.4258
"3908",53,2017-02-22,12.461,11.2569,12.4253
"3909",54,2017-02-23,12.27126923,11.2469,12.4192
"3910",55,2017-02-24,12.11256667,11.2356,12.4112
"3911",56,2017-02-25,11.98858621,11.2227,12.4013
"3912",57,2017-02-26,11.89877419,11.2078,12.3868
"3913",58,2017-02-27,11.87366667,11.1911,12.3679
"3914",59,2017-02-28,11.79625806,11.1732,12.3432
"3915",61,2017-03-01,11.78037931,11.1364,12.2911
"3916",62,2017-03-02,11.52334615,11.1191,12.2686
"3917",63,2017-03-03,11.3795,11.1017,12.2461
"3918",64,2017-03-04,11.10455,11.0833,12.2253
"3919",65,2017-03-05,11.19261905,11.0643,12.2077
"3920",66,2017-03-06,10.8024,11.0447,12.1902
"3921",67,2017-03-07,10.8687619,11.0237,12.1726
"3922",68,2017-03-08,11.25089286,11.0015,12.1532
"3923",69,2017-03-09,11.38577419,10.9776,12.1359
"3924",70,2017-03-10,11.30174194,10.9523,12.1218
"3925",71,2017-03-11,11.3172069,10.9246,12.1081
"3926",72,2017-03-12,11.35182143,10.8941,12.0921
"3927",73,2017-03-13,11.34564286,10.8604,12.0751
"3928",74,2017-03-14,11.38556,10.824,12.056
"3929",75,2017-03-15,11.16238095,10.7848,12.0329
"3930",76,2017-03-16,11.20153846,10.7419,12.0018
"3931",77,2017-03-17,10.9455,10.696,11.9613
"3932",78,2017-03-18,11.77414286,10.6476,11.9187
"3933",79,2017-03-19,11.67469231,10.5985,11.8602
"3934",80,2017-03-20,11.80072727,10.5498,11.801
"3935",81,2017-03-21,11.88,10.5016,11.7415
"3936",82,2017-03-22,12.39336364,10.4554,11.6845
"3937",83,2017-03-23,11.84453846,10.4108,11.6289
"3938",84,2017-03-24,12.07390476,10.3675,11.5757
"3939",85,2017-03-25,12.52376,10.3255,11.5288
"3940",86,2017-03-26,12.47389286,10.2844,11.4838
"3941",87,2017-03-27,12.44519231,10.2451,11.4406
"3942",88,2017-03-28,11.77225926,10.2082,11.402
"3943",89,2017-03-29,11.54825926,10.1732,11.3678
"3944",90,2017-03-30,11.06676,10.1387,11.337
"3945",91,2017-03-31,10.34336842,10.1041,11.3063
"3946",92,2017-04-01,9.7494375,10.0697,11.2749
"3947",93,2017-04-02,9.600777778,10.0356,11.242
"3948",94,2017-04-03,9.144588235,10.0027,11.2087
"3949",95,2017-04-04,9.0674,9.9713,11.1737
"3950",96,2017-04-05,9.022631579,9.9415,11.1354
"3951",97,2017-04-06,9.391130435,9.9143,11.0986
"3952",98,2017-04-07,10.10547826,9.8897,11.0618
"3953",99,2017-04-08,10.10475,9.8671,11.0277
"3954",100,2017-04-09,10.64895652,9.8467,10.9948
"3955",101,2017-04-10,10.62105,9.8291,10.9642
"3956",102,2017-04-11,10.55022222,9.8146,10.9335
"3957",103,2017-04-12,10.8725,9.8025,10.8992
"3958",104,2017-04-13,11.12241667,9.7925,10.8627
"3959",105,2017-04-14,11.10881818,9.7843,10.8244
"3960",106,2017-04-15,10.8267,9.7784,10.7868
"3961",107,2017-04-16,10.92963636,9.7744,10.7547
"3962",108,2017-04-17,11.15442857,9.771,10.7298
"3963",109,2017-04-18,NA,9.7681,10.7057
"3964",110,2017-04-19,NA,9.7649,10.6945
"3965",111,2017-04-20,NA,9.761,10.6833
"3966",112,2017-04-21,NA,9.7562,10.6704
"3967",113,2017-04-22,11.66977778,9.7506,10.6548
"3968",114,2017-04-23,11.51073684,9.7453,10.6394
"3969",115,2017-04-24,11.08513043,9.7407,10.6254
"3970",116,2017-04-25,11.16308333,9.7356,10.6162
"3971",117,2017-04-26,11.30359091,9.732,10.6167
"3972",118,2017-04-27,10.33836364,9.7293,10.6193
"3973",119,2017-04-28,10.07125,9.7278,10.6224
"3974",120,2017-04-29,9.822933333,9.7276,10.6252
"3975",121,2017-04-30,9.816153846,9.7297,10.6274
"3976",122,2017-05-01,9.307,9.734,10.6291
"3977",123,2017-05-02,9.178615385,9.7399,10.631
"3978",124,2017-05-03,9.011571429,9.7462,10.6327
"3979",125,2017-05-04,9.629666667,9.7521,10.6343
"3980",126,2017-05-05,9.302727273,9.7579,10.6363
"3981",127,2017-05-06,9.254692308,9.7641,10.6382
"3982",128,2017-05-07,8.582428571,9.7689,10.6386
"3983",129,2017-05-08,8.523928571,9.773,10.6388
"3984",130,2017-05-09,8.359333333,9.7774,10.6374
"3985",131,2017-05-10,8.600692308,9.7826,10.6349
"3986",132,2017-05-11,9.214615385,9.7886,10.6345
"3987",133,2017-05-12,9.738307692,9.7967,10.6344
"3988",134,2017-05-13,10.05041667,9.8064,10.6394
"3989",135,2017-05-14,9.7332,9.8182,10.6476
"3990",136,2017-05-15,9.363555556,9.8318,10.6597
"3991",137,2017-05-16,9.104625,9.8478,10.6751
"3992",138,2017-05-17,NA,9.8675,10.6956
"3993",139,2017-05-18,NA,9.8915,10.7275
"3994",140,2017-05-19,NA,9.9194,10.7637
"3995",141,2017-05-20,9.706333333,9.9511,10.8068
"3996",142,2017-05-21,9.426285714,9.9854,10.8557
"3997",143,2017-05-22,10.2910625,10.0218,10.9104
"3998",144,2017-05-23,10.57755556,10.0587,10.9657
"3999",145,2017-05-24,10.52910526,10.0952,11.0233
"4000",146,2017-05-25,10.88576471,10.1305,11.0787
"4001",147,2017-05-26,11.20210526,10.1665,11.1328
"4002",148,2017-05-27,12.11378947,10.1998,11.1664
"4003",149,2017-05-28,11.66794118,10.2296,11.1943
"4004",150,2017-05-29,10.49176471,10.2553,11.2166
"4005",151,2017-05-30,10.52195238,10.2767,11.235
"4006",152,2017-05-31,10.16731579,10.2944,11.2454
"4007",153,2017-06-01,10.76736364,10.3084,11.2539
"4008",154,2017-06-02,10.75492308,10.3186,11.258
"4009",155,2017-06-03,10.65421429,10.3268,11.2586
"4010",156,2017-06-04,10.2238,10.3347,11.2575
"4011",157,2017-06-05,9.81075,10.3435,11.2561
"4012",158,2017-06-06,9.771,10.352,11.2586
"4013",159,2017-06-07,9.8325625,10.3627,11.2684
"4014",160,2017-06-08,10.6445,10.3766,11.2859
"4015",161,2017-06-09,11.26113333,10.3937,11.311
"4016",162,2017-06-10,11.01626667,10.414,11.3435
"4017",163,2017-06-11,10.50521429,10.4356,11.3753
"4018",164,2017-06-12,10.17884615,10.4596,11.4135
"4019",165,2017-06-13,9.9227,10.4864,11.4537
"4020",166,2017-06-14,9.9793,10.5163,11.5028
"4021",167,2017-06-15,9.699285714,10.5486,11.5572
"4022",168,2017-06-16,10.84216667,10.5812,11.6164
"4023",169,2017-06-17,10.97809091,10.6121,11.6727
"4024",170,2017-06-18,10.42473333,10.6405,11.7181
"4025",171,2017-06-19,10.15144444,10.6662,11.7599
"4026",172,2017-06-20,10.64847368,10.6894,11.8042
"4027",173,2017-06-21,10.13795238,10.7113,11.8451
"4028",174,2017-06-22,10.67338095,10.7341,11.8898
"4029",175,2017-06-23,11.78563158,10.7575,11.9378
"4030",176,2017-06-24,12.50216667,10.7805,11.9805
"4031",177,2017-06-25,11.9222,10.8032,12.0207
"4032",178,2017-06-26,11.66276923,10.8251,12.0515
"4033",179,2017-06-27,11.23765217,10.8494,12.0939
"4034",180,2017-06-28,11.21216,10.878,12.1398
"4035",181,2017-06-29,10.55840909,10.9111,12.1919
"4036",182,2017-06-30,10.70053846,10.949,12.2519
"4037",183,2017-07-01,10.8062,10.9902,12.3203
"4038",184,2017-07-02,9.99525,11.0344,12.3892
"4039",185,2017-07-03,10.48594118,11.0806,12.4547
"4040",186,2017-07-04,11.506,11.1272,12.5162
"4041",187,2017-07-05,11.00744444,11.1741,12.5793
"4042",188,2017-07-06,10.14066667,11.2198,12.6424
"4043",189,2017-07-07,10.39110526,11.265,12.7061
"4044",190,2017-07-08,10.09823529,11.3088,12.7614
"4045",191,2017-07-09,10.2069375,11.3515,12.8134
"4046",192,2017-07-10,10.136375,11.3933,12.8716
"4047",193,2017-07-11,10.06442857,11.4324,12.9188
"4048",194,2017-07-12,10.17142857,11.4711,12.9685
"4049",195,2017-07-13,10.41664706,11.509,13.0123
"4050",196,2017-07-14,10.61486364,11.5459,13.0552
"4051",197,2017-07-15,11.15661538,11.5819,13.0958
"4052",198,2017-07-16,11.0275625,11.618,13.1332
"4053",199,2017-07-17,10.44,11.6553,13.1692
"4054",200,2017-07-18,10.10071429,11.695,13.2062
"4055",201,2017-07-19,9.979142857,11.7365,13.2422
"4056",202,2017-07-20,10.18095455,11.7762,13.2728
"4057",203,2017-07-21,10.08243478,11.8127,13.2932
"4058",204,2017-07-22,10.22232,11.8464,13.3101
"4059",205,2017-07-23,10.88832143,11.8758,13.3165
"4060",206,2017-07-24,11.86224138,11.9016,13.3149
"4061",207,2017-07-25,12.14548148,11.9248,13.3118
"4062",208,2017-07-26,11.9965,11.9467,13.3065
"4063",209,2017-07-27,12.00011538,11.9678,13.304
"4064",210,2017-07-28,11.4498,11.9873,13.3002
"4065",211,2017-07-29,11.13306667,12.0042,13.2958
"4066",212,2017-07-30,11.913375,12.0205,13.2966
"4067",213,2017-07-31,12.2948125,12.0393,13.2975
"4068",214,2017-08-01,13.85533333,12.0615,13.3036
"4069",215,2017-08-02,14.64333333,12.0876,13.3165
"4070",216,2017-08-03,15.06294737,12.1171,13.3459
"4071",217,2017-08-04,14.22810526,12.1504,13.3893
"4072",218,2017-08-05,13.29645,12.1871,13.4344
"4073",219,2017-08-06,12.8995,12.2265,13.4849
"4074",220,2017-08-07,12.74826316,12.2687,13.5313
"4075",221,2017-08-08,12.91158333,12.3127,13.5794
"4076",222,2017-08-09,12.077125,12.3568,13.6266
"4077",223,2017-08-10,11.49954167,12.3975,13.6622
"4078",224,2017-08-11,11.17426087,12.4338,13.7007
"4079",225,2017-08-12,11.18112,12.4646,13.7321
"4080",226,2017-08-13,11.38375,12.4893,13.7604
"4081",227,2017-08-14,11.59283333,12.5088,13.7786
"4082",228,2017-08-15,11.08515,12.5234,13.7828
"4083",229,2017-08-16,11.56438095,12.5331,13.7774
"4084",230,2017-08-17,12.20314286,12.5388,13.7696
"4085",231,2017-08-18,12.04981818,12.5395,13.7664
"4086",232,2017-08-19,12.49110714,12.5363,13.7646
"4087",233,2017-08-20,13.43506667,12.5325,13.7605
"4088",234,2017-08-21,13.68539286,12.5313,13.7617
"4089",235,2017-08-22,13.6357931,12.5346,13.7723
"4090",236,2017-08-23,13.38796552,12.5425,13.7874
"4091",237,2017-08-24,12.91842308,12.5553,13.8088
"4092",238,2017-08-25,11.90124,12.5738,13.8363
"4093",239,2017-08-26,11.98854167,12.5958,13.8717
"4094",240,2017-08-27,12.95986667,12.6196,13.9135
"4095",241,2017-08-28,12.38066667,12.6441,13.9557
"4096",242,2017-08-29,11.71714286,12.6691,13.99
"4097",243,2017-08-30,11.58192857,12.6927,14.0173
"4098",244,2017-08-31,12.0222,12.7121,14.0558
"4099",245,2017-09-01,12.3024375,12.7269,14.0961
"4100",246,2017-09-02,12.20444444,12.7359,14.1314
"4101",247,2017-09-03,12.28911111,12.7403,14.1538
"4102",248,2017-09-04,12.480125,12.74,14.1527
"4103",249,2017-09-05,13.41033333,12.7335,14.149
"4104",250,2017-09-06,14.096,12.7217,14.1399
"4105",251,2017-09-07,14.53473077,12.7048,14.1303
"4106",252,2017-09-08,14.57792308,12.6835,14.1156
"4107",253,2017-09-09,13.9594,12.6582,14.0748
"4108",254,2017-09-10,13.29273077,12.6327,14.0318
"4109",255,2017-09-11,13.84577778,12.6094,13.9905
"4110",256,2017-09-12,15.28436842,12.5882,13.9513
"4111",257,2017-09-13,15.63105263,12.5687,13.9147
"4112",258,2017-09-14,15.12726316,12.5503,13.8877
"4113",259,2017-09-15,12.973,12.5332,13.8697
"4114",260,2017-09-16,12.81848,12.5175,13.8604
"4115",261,2017-09-17,12.22496552,12.5028,13.8525
"4116",262,2017-09-18,12.20082759,12.4898,13.8389
"4117",263,2017-09-19,11.99432143,12.4784,13.825
"4118",264,2017-09-20,12.07742857,12.4686,13.8202
"4119",265,2017-09-21,11.90896154,12.4585,13.8199
"4120",266,2017-09-22,11.818375,12.4454,13.8137
"4121",267,2017-09-23,11.71729167,12.4287,13.8027
"4122",268,2017-09-24,11.67305263,12.4087,13.7902
"4123",269,2017-09-25,11.85578571,12.3859,13.7752
"4124",270,2017-09-26,12.00136364,12.3613,13.7563
"4125",271,2017-09-27,12.24325,12.3366,13.7327
"4126",272,2017-09-28,12.015,12.3123,13.7092
"4127",273,2017-09-29,12.349125,12.2893,13.6945
"4128",274,2017-09-30,12.1369,12.2681,13.6808
"4129",275,2017-10-01,11.35386667,12.2482,13.6547
"4130",276,2017-10-02,11.15086364,12.2294,13.6216
"4131",277,2017-10-03,10.66,12.2132,13.5892
"4132",278,2017-10-04,10.77632143,12.2006,13.5689
"4133",279,2017-10-05,11.00184615,12.1923,13.5857
"4134",280,2017-10-06,11.05074074,12.188,13.6095
"4135",281,2017-10-07,11.19276,12.1877,13.6354
"4136",282,2017-10-08,11.1565,12.1889,13.6592
"4137",283,2017-10-09,10.41930769,12.1911,13.681
"4138",284,2017-10-10,10.7477619,12.194,13.7149
"4139",285,2017-10-11,11.21594444,12.1969,13.746
"4140",286,2017-10-12,11.07175,12.2005,13.775
"4141",287,2017-10-13,10.8448,12.2053,13.8037
"4142",288,2017-10-14,10.43847826,12.2108,13.8323
"4143",289,2017-10-15,10.61188889,12.2161,13.8602
"4144",290,2017-10-16,10.81957692,12.2206,13.8864
"4145",291,2017-10-17,10.98192857,12.2244,13.9113
"4146",292,2017-10-18,11.10139286,12.2259,13.9313
"4147",293,2017-10-19,11.29208,12.2285,13.9494
"4148",294,2017-10-20,11.17004348,12.2333,13.9669
"4149",295,2017-10-21,11.17190476,12.2398,13.9808
"4150",296,2017-10-22,11.60981818,12.2487,13.9892
"4151",297,2017-10-23,11.6010625,12.2592,13.9976
"4152",298,2017-10-24,11.77428571,12.271,14.0092
"4153",299,2017-10-25,12.47881818,12.2843,14.0188
"4154",300,2017-10-26,12.074,12.2972,14.025
"4155",301,2017-10-27,NA,12.3088,14.0299
"4156",302,2017-10-28,NA,12.3181,14.0334
"4157",303,2017-10-29,10.8,12.3264,14.0363
"4158",304,2017-10-30,10.9343,12.3318,14.039
"4159",305,2017-10-31,10.73147619,12.3342,14.0414
"4160",306,2017-11-01,11.1478,12.3342,14.042
"4161",307,2017-11-02,11.65042857,12.3315,14.0424
"4162",308,2017-11-03,11.79603571,12.3258,14.0408
"4163",309,2017-11-04,11.75596154,12.3165,14.0309
"4164",310,2017-11-05,11.40084615,12.3031,14.0013
"4165",311,2017-11-06,11.53341379,12.2878,13.9656
"4166",312,2017-11-07,11.54096552,12.2718,13.9292
"4167",313,2017-11-08,11.71196296,12.2564,13.8961
"4168",314,2017-11-09,13.50455556,12.2418,13.8706
"4169",315,2017-11-10,13.818,12.2271,13.8568
"4170",316,2017-11-11,13.90490909,12.2113,13.8468
"4171",317,2017-11-12,13.77,12.194,13.8342
"4172",318,2017-11-13,13.864,12.1754,13.8216
"4173",319,2017-11-14,13.53852381,12.1564,13.8061
"4174",320,2017-11-15,13.55326087,12.1376,13.782
"4175",321,2017-11-16,13.71727273,12.1194,13.7563
"4176",322,2017-11-17,13.58072727,12.1008,13.7251
"4177",323,2017-11-18,13.10328571,12.0826,13.6895
"4178",324,2017-11-19,13.04255,12.0623,13.6438
"4179",325,2017-11-20,13.39166667,12.0395,13.5987
"4180",326,2017-11-21,13.85933333,12.0156,13.5717
"4181",327,2017-11-22,13.94552941,11.9899,13.5472
"4182",328,2017-11-23,14.014,11.9636,13.5217
"4183",329,2017-11-24,14.0356,11.9362,13.4958
"4184",330,2017-11-25,13.666,11.9075,13.4711
"4185",331,2017-11-26,13.674,11.8781,13.4479
"4186",332,2017-11-27,13.638,11.8489,13.4259
"4187",333,2017-11-28,13.2765,11.8205,13.4054
"4188",334,2017-11-29,12.94505882,11.7924,13.3842
"4189",335,2017-11-30,12.04721053,11.766,13.3563
"4190",336,2017-12-01,12.06662963,11.7406,13.317
"4191",337,2017-12-02,11.80136667,11.7157,13.2767
"4192",338,2017-12-03,11.91642857,11.6917,13.234
"4193",339,2017-12-04,11.47696667,11.6685,13.1913
"4194",340,2017-12-05,11.26719355,11.6458,13.1474
"4195",341,2017-12-06,11.488,11.6231,13.0986
"4196",342,2017-12-07,11.6800303,11.6005,13.05
"4197",343,2017-12-08,11.66877419,11.5769,12.9998
"4198",344,2017-12-09,11.61840741,11.5521,12.9485
"4199",345,2017-12-10,11.73844444,11.5259,12.8892
"4200",346,2017-12-11,12.26757895,11.4987,12.826
"4201",347,2017-12-12,12.134,11.4715,12.759
"4202",348,2017-12-13,12.0836,11.4447,12.6966
"4203",349,2017-12-14,12.1617619,11.4185,12.6349
"4204",350,2017-12-15,12.15247619,11.3929,12.5768
"4205",351,2017-12-16,11.81880952,11.3685,12.5295
"4206",352,2017-12-17,10.92245833,11.3459,12.4875
"4207",353,2017-12-18,11.03820833,11.3249,12.4562
"4208",354,2017-12-19,11.47708,11.3062,12.4326
"4209",355,2017-12-20,11.67866667,11.2898,12.4216
"4210",356,2017-12-21,10.99392593,11.2753,12.4119
"4211",357,2017-12-22,10.89873077,11.2623,12.3877
"4212",358,2017-12-23,11.08764,11.2505,12.3637
"4213",359,2017-12-24,11.35145,11.2388,12.3395
"4214",360,2017-12-25,11.9802,11.2281,12.3156
"4215",361,2017-12-26,11.77588235,11.218,12.2922
"4216",362,2017-12-27,11.50310526,11.209,12.2705
"4217",363,2017-12-28,11.50390909,11.2016,12.2514
"4218",364,2017-12-29,11.28,11.1961,12.2351
"4219",365,2017-12-30,11.26217857,11.1919,12.2213
"4220",366,2017-12-31,11.2642,11.1886,12.2149
"4221",1,2018-01-01,11.36534375,11.1862,12.2208
"4222",2,2018-01-02,11.62636364,11.1852,12.2278
"4223",3,2018-01-03,11.74514706,11.1857,12.2394
"4224",4,2018-01-04,12.1914,11.1883,12.2548
"4225",5,2018-01-05,12.68988889,11.1929,12.274
"4226",6,2018-01-06,12.70106061,11.1997,12.2985
"4227",7,2018-01-07,12.37189655,11.2081,12.3247
"4228",8,2018-01-08,12.59842105,11.2171,12.3502
"4229",9,2018-01-09,12.8446,11.2269,12.3757
"4230",10,2018-01-10,12.02647619,11.2376,12.4065
"4231",11,2018-01-11,12.21254545,11.2498,12.438
"4232",12,2018-01-12,12.33454545,11.2629,12.4732
"4233",13,2018-01-13,11.99586957,11.2764,12.5075
"4234",14,2018-01-14,12.31566667,11.2902,12.5403
"4235",15,2018-01-15,13.00188889,11.3041,12.5688
"4236",16,2018-01-16,13.27272414,11.3178,12.5907
"4237",17,2018-01-17,13.21644828,11.3306,12.6033
"4238",18,2018-01-18,13.33975862,11.3429,12.6109
"4239",19,2018-01-19,13.06,11.3551,12.6187
"4240",20,2018-01-20,12.70790323,11.3667,12.6264
"4241",21,2018-01-21,12.29517857,11.3775,12.6334
"4242",22,2018-01-22,12.44634615,11.3872,12.6392
"4243",23,2018-01-23,12.20488235,11.3961,12.643
"4244",24,2018-01-24,12.36805263,11.4052,12.6459
"4245",25,2018-01-25,12.27933333,11.414,12.6485
"4246",26,2018-01-26,12.09931818,11.4223,12.6512
"4247",27,2018-01-27,12.099,11.4294,12.6526
"4248",28,2018-01-28,12.08796774,11.4351,12.6538
"4249",29,2018-01-29,11.97761111,11.4388,12.654
"4250",30,2018-01-30,11.8299697,11.4402,12.6528
"4251",31,2018-01-31,11.49645714,11.4393,12.6493
"4252",32,2018-02-01,11.51458824,11.4365,12.6447
"4253",33,2018-02-02,11.57317647,11.4325,12.639
"4254",34,2018-02-03,11.375,11.4272,12.6312
"4255",35,2018-02-04,11.41412121,11.42,12.6211
"4256",36,2018-02-05,11.88096429,11.4118,12.6083
"4257",37,2018-02-06,11.35457895,11.4026,12.5938
"4258",38,2018-02-07,11.1354,11.3923,12.5743
"4259",39,2018-02-08,11.24355,11.3813,12.5511
"4260",40,2018-02-09,11.6241,11.3698,12.5276
"4261",41,2018-02-10,11.24257143,11.3583,12.5069
"4262",42,2018-02-11,10.56980952,11.3472,12.4881
"4263",43,2018-02-12,10.29188,11.3368,12.4707
"4264",44,2018-02-13,10.07327586,11.3269,12.4542
"4265",45,2018-02-14,10.14532143,11.3179,12.4393
"4266",46,2018-02-15,10.037,11.3102,12.4293
"4267",47,2018-02-16,9.987,11.3032,12.4245
"4268",48,2018-02-17,10.1806,11.2965,12.4247
"4269",49,2018-02-18,10.168,11.2898,12.4253
"4270",50,2018-02-19,9.635346154,11.2826,12.4254
"4271",51,2018-02-20,9.262173913,11.2746,12.4252
"4272",52,2018-02-21,9.236058824,11.2659,12.4258
"4273",53,2018-02-22,9.250526316,11.2569,12.4253
"4274",54,2018-02-23,8.827238095,11.2469,12.4192
"4275",55,2018-02-24,8.750333333,11.2356,12.4112
"4276",56,2018-02-25,8.796217391,11.2227,12.4013
"4277",57,2018-02-26,9.236666667,11.2078,12.3868
"4278",58,2018-02-27,8.944909091,11.1911,12.3679
"4279",59,2018-02-28,8.973575758,11.1732,12.3432
"4280",61,2018-03-01,9.06130303,11.1364,12.2911
"4281",62,2018-03-02,9.232272727,11.1191,12.2686
"4282",63,2018-03-03,9.374266667,11.1017,12.2461
"4283",64,2018-03-04,9.564344828,11.0833,12.2253
"4284",65,2018-03-05,9.725,11.0643,12.2077
"4285",66,2018-03-06,9.768125,11.0447,12.1902
"4286",67,2018-03-07,10.10688235,11.0237,12.1726
"4287",68,2018-03-08,10.08529412,11.0015,12.1532
"4288",69,2018-03-09,10.2725625,10.9776,12.1359
"4289",70,2018-03-10,10.66293333,10.9523,12.1218
"4290",71,2018-03-11,10.78885714,10.9246,12.1081
"4291",72,2018-03-12,10.85353333,10.8941,12.0921
"4292",73,2018-03-13,11.62152941,10.8604,12.0751
"4293",74,2018-03-14,11.45816667,10.824,12.056
"4294",75,2018-03-15,11.44011538,10.7848,12.0329
"4295",76,2018-03-16,11.474,10.7419,12.0018
"4296",77,2018-03-17,11.42807692,10.696,11.9613
"4297",78,2018-03-18,11.36715385,10.6476,11.9187
"4298",79,2018-03-19,11.54720833,10.5985,11.8602
"4299",80,2018-03-20,11.7035,10.5498,11.801
"4300",81,2018-03-21,11.80073333,10.5016,11.7415
"4301",82,2018-03-22,12.1515,10.4554,11.6845
"4302",83,2018-03-23,11.49678947,10.4108,11.6289
"4303",84,2018-03-24,11.57221053,10.3675,11.5757
"4304",85,2018-03-25,11.43761111,10.3255,11.5288
"4305",86,2018-03-26,10.9387,10.2844,11.4838
"4306",87,2018-03-27,10.52811538,10.2451,11.4406
"4307",88,2018-03-28,10.28851852,10.2082,11.402
"4308",89,2018-03-29,10.4294,10.1732,11.3678
"4309",90,2018-03-30,10.62937037,10.1387,11.337
"4310",91,2018-03-31,10.51614815,10.1041,11.3063
"4311",92,2018-04-01,10.50836,10.0697,11.2749
"4312",93,2018-04-02,10.3915,10.0356,11.242
"4313",94,2018-04-03,10.13992857,10.0027,11.2087
"4314",95,2018-04-04,9.884230769,9.9713,11.1737
"4315",96,2018-04-05,9.962714286,9.9415,11.1354
"4316",97,2018-04-06,9.958818182,9.9143,11.0986
"4317",98,2018-04-07,10.491625,9.8897,11.0618
"4318",99,2018-04-08,NA,9.8671,11.0277
"4319",100,2018-04-09,NA,9.8467,10.9948
"4320",101,2018-04-10,NA,9.8291,10.9642
"4321",102,2018-04-11,10.5556,9.8146,10.9335
"4322",103,2018-04-12,10.31213333,9.8025,10.8992
"4323",104,2018-04-13,10.16031579,9.7925,10.8627
"4324",105,2018-04-14,10.25490476,9.7843,10.8244
"4325",106,2018-04-15,9.8501,9.7784,10.7868
"4326",107,2018-04-16,9.866761905,9.7744,10.7547
"4327",108,2018-04-17,9.724421053,9.771,10.7298
"4328",109,2018-04-18,9.765266667,9.7681,10.7057
"4329",110,2018-04-19,9.744,9.7649,10.6945
"4330",111,2018-04-20,9.431571429,9.761,10.6833
"4331",112,2018-04-21,9.342,9.7562,10.6704
"4332",113,2018-04-22,9.412133333,9.7506,10.6548
"4333",114,2018-04-23,9.0665,9.7453,10.6394
"4334",115,2018-04-24,9.920470588,9.7407,10.6254
"4335",116,2018-04-25,10.26155556,9.7356,10.6162
"4336",117,2018-04-26,10.63518182,9.732,10.6167
"4337",118,2018-04-27,11.32409524,9.7293,10.6193
"4338",119,2018-04-28,11.0815,9.7278,10.6224
"4339",120,2018-04-29,10.92506667,9.7276,10.6252
"4340",121,2018-04-30,10.32021429,9.7297,10.6274
"4341",122,2018-05-01,9.992571429,9.734,10.6291
"4342",123,2018-05-02,9.938923077,9.7399,10.631
"4343",124,2018-05-03,10.13327273,9.7462,10.6327
"4344",125,2018-05-04,10.198,9.7521,10.6343
"4345",126,2018-05-05,9.952222222,9.7579,10.6363
"4346",127,2018-05-06,NA,9.7641,10.6382
"4347",128,2018-05-07,NA,9.7689,10.6386
"4348",129,2018-05-08,NA,9.773,10.6388
"4349",130,2018-05-09,NA,9.7774,10.6374
"4350",131,2018-05-10,10.2285,9.7826,10.6349
"4351",132,2018-05-11,10.08525,9.7886,10.6345
"4352",133,2018-05-12,9.627071429,9.7967,10.6344
"4353",134,2018-05-13,10.24525,9.8064,10.6394
"4354",135,2018-05-14,10.7850625,9.8182,10.6476
"4355",136,2018-05-15,11.2361875,9.8318,10.6597
"4356",137,2018-05-16,11.383625,9.8478,10.6751
"4357",138,2018-05-17,11.0655,9.8675,10.6956
"4358",139,2018-05-18,10.8933125,9.8915,10.7275
"4359",140,2018-05-19,10.81635714,9.9194,10.7637
"4360",141,2018-05-20,10.347875,9.9511,10.8068
"4361",142,2018-05-21,9.924705882,9.9854,10.8557
"4362",143,2018-05-22,9.4714,10.0218,10.9104
"4363",144,2018-05-23,10.52746154,10.0587,10.9657
"4364",145,2018-05-24,12.34178571,10.0952,11.0233
"4365",146,2018-05-25,12.58826667,10.1305,11.0787
"4366",147,2018-05-26,11.0395625,10.1665,11.1328
"4367",148,2018-05-27,10.88133333,10.1998,11.1664
"4368",149,2018-05-28,10.77511765,10.2296,11.1943
"4369",150,2018-05-29,10.15986667,10.2553,11.2166
"4370",151,2018-05-30,9.863866667,10.2767,11.235
"4371",152,2018-05-31,9.729214286,10.2944,11.2454
"4372",153,2018-06-01,9.579,10.3084,11.2539
"4373",154,2018-06-02,9.470666667,10.3186,11.258
"4374",155,2018-06-03,9.237555556,10.3268,11.2586
"4375",156,2018-06-04,9.179666667,10.3347,11.2575
"4376",157,2018-06-05,NA,10.3435,11.2561
"4377",158,2018-06-06,NA,10.352,11.2586
"4378",159,2018-06-07,9.77725,10.3627,11.2684
"4379",160,2018-06-08,10.25607692,10.3766,11.2859
"4380",161,2018-06-09,10.397,10.3937,11.311
"4381",162,2018-06-10,10.32427778,10.414,11.3435
"4382",163,2018-06-11,10.03621053,10.4356,11.3753
"4383",164,2018-06-12,9.67285,10.4596,11.4135
"4384",165,2018-06-13,9.718444444,10.4864,11.4537
"4385",166,2018-06-14,9.295,10.5163,11.5028
