"","doy","t","temp","seas","thresh"
"1",166,2006-06-14,10.8,10.5236,11.5197
"2",167,2006-06-15,10.01,10.5555,11.5625
"3",168,2006-06-16,10.25,10.5885,11.6079
"4",169,2006-06-17,10.15,10.6202,11.6546
"5",170,2006-06-18,10.62,10.6483,11.7003
"6",171,2006-06-19,10.08,10.6736,11.7424
"7",172,2006-06-20,9.72,10.6964,11.777
"8",173,2006-06-21,9.56,10.7174,11.8095
"9",174,2006-06-22,9.46,10.7379,11.8462
"10",175,2006-06-23,9.29,10.7589,11.8935
"11",176,2006-06-24,9.6,10.7802,11.9393
"12",177,2006-06-25,10.88,10.7994,11.9802
"13",178,2006-06-26,12.31,10.8169,12.0193
"14",179,2006-06-27,12.93,10.8326,12.0502
"15",180,2006-06-28,13.26,10.8508,12.0916
"16",181,2006-06-29,13.48,10.8734,12.1366
"17",182,2006-06-30,14.43,10.8993,12.1881
"18",183,2006-07-01,10.82,10.9277,12.2466
"19",184,2006-07-02,10.6,10.9581,12.3043
"20",185,2006-07-03,10.43,10.9911,12.362
"21",186,2006-07-04,10.58,11.0261,12.4176
"22",187,2006-07-05,10.45,11.0609,12.4691
"23",188,2006-07-06,10.49,11.0962,12.5205
"24",189,2006-07-07,10.32,11.1315,12.572
"25",190,2006-07-08,10.07,11.1671,12.6289
"26",191,2006-07-09,9.81,11.2023,12.6778
"27",192,2006-07-10,9.54,11.2364,12.7247
"28",193,2006-07-11,9.41,11.2703,12.7686
"29",194,2006-07-12,9.28,11.3047,12.8149
"30",195,2006-07-13,9.76,11.3404,12.859
"31",196,2006-07-14,10.21,11.3766,12.9028
"32",197,2006-07-15,10.14,11.4117,12.9518
"33",198,2006-07-16,10.13,11.4468,13.0005
"34",199,2006-07-17,10.36,11.4825,13.0488
"35",200,2006-07-18,10.44,11.5194,13.0971
"36",201,2006-07-19,10.95,11.5588,13.1454
"37",202,2006-07-20,10.67,11.5986,13.1932
"38",203,2006-07-21,12.01,11.6385,13.2398
"39",204,2006-07-22,12.33,11.6778,13.2786
"40",205,2006-07-23,11.31,11.7149,13.3111
"41",206,2006-07-24,11.03,11.7495,13.3321
"42",207,2006-07-25,11.1,11.7815,13.3503
"43",208,2006-07-26,11.58,11.8134,13.3665
"44",209,2006-07-27,11.94,11.8456,13.3809
"45",210,2006-07-28,14.06,11.8772,13.4015
"46",211,2006-07-29,15.04,11.9069,13.4123
"47",212,2006-07-30,13.4,11.934,13.4233
"48",213,2006-07-31,11.57,11.9607,13.4309
"49",214,2006-08-01,11.38,11.9872,13.433
"50",215,2006-08-02,11.27,12.0143,13.4398
"51",216,2006-08-03,11.04,12.0422,13.4509
"52",217,2006-08-04,10.75,12.071,13.4702
"53",218,2006-08-05,11.06,12.1028,13.4984
"54",219,2006-08-06,11.9,12.1366,13.5309
"55",220,2006-08-07,11.55,12.1716,13.5648
"56",221,2006-08-08,12.59,12.2077,13.5923
"57",222,2006-08-09,12.86,12.2447,13.6203
"58",223,2006-08-10,11.45,12.2819,13.6513
"59",224,2006-08-11,10.96,12.3166,13.6805
"60",225,2006-08-12,10.89,12.3479,13.7094
"61",226,2006-08-13,11.3,12.3744,13.731
"62",227,2006-08-14,12.02,12.3969,13.7455
"63",228,2006-08-15,12.64,12.4165,13.7496
"64",229,2006-08-16,12.6,12.4319,13.748
"65",230,2006-08-17,12.1,12.4431,13.7447
"66",231,2006-08-18,11.62,12.4516,13.7419
"67",232,2006-08-19,11.6,12.4572,13.7391
"68",233,2006-08-20,11.87,12.4606,13.7363
"69",234,2006-08-21,12.4,12.4624,13.7318
"70",235,2006-08-22,12.85,12.465,13.7353
"71",236,2006-08-23,12.21,12.4707,13.7432
"72",237,2006-08-24,11.59,12.4792,13.756
"73",238,2006-08-25,11.1,12.4908,13.7741
"74",239,2006-08-26,11.38,12.5052,13.7988
"75",240,2006-08-27,12.57,12.5212,13.8268
"76",241,2006-08-28,13.14,12.5382,13.8541
"77",242,2006-08-29,12.6,12.5559,13.8807
"78",243,2006-08-30,12.17,12.5736,13.9047
"79",244,2006-08-31,11.54,12.59,13.9276
"80",245,2006-09-01,11.4,12.605,13.952
"81",246,2006-09-02,11.8,12.617,13.9717
"82",247,2006-09-03,11.97,12.6256,13.986
"83",248,2006-09-04,12.2,12.6318,13.991
"84",249,2006-09-05,12.15,12.634,13.9905
"85",250,2006-09-06,11.48,12.6312,13.984
"86",251,2006-09-07,11.36,12.6246,13.9762
"87",252,2006-09-08,11.43,12.6142,13.9645
"88",253,2006-09-09,11.29,12.5997,13.9401
"89",254,2006-09-10,11.4,12.5818,13.9072
"90",255,2006-09-11,11.52,12.5631,13.8731
"91",256,2006-09-12,11.57,12.5455,13.8404
"92",257,2006-09-13,11.54,12.529,13.8137
"93",258,2006-09-14,11.75,12.5129,13.7894
"94",259,2006-09-15,11.76,12.4969,13.7691
"95",260,2006-09-16,11.62,12.4822,13.754
"96",261,2006-09-17,11.38,12.4686,13.7403
"97",262,2006-09-18,11.4,12.4551,13.7254
"98",263,2006-09-19,11.17,12.4419,13.7095
"99",264,2006-09-20,10.74,12.4302,13.6958
"100",265,2006-09-21,10.75,12.4201,13.6905
"101",266,2006-09-22,10.48,12.4088,13.6846
"102",267,2006-09-23,10.31,12.3946,13.6723
"103",268,2006-09-24,10.58,12.3778,13.6557
"104",269,2006-09-25,11.39,12.359,13.6367
"105",270,2006-09-26,11.94,12.3383,13.6155
"106",271,2006-09-27,11.73,12.3168,13.5931
"107",272,2006-09-28,11.87,12.2951,13.5741
"108",273,2006-09-29,11.97,12.2737,13.5569
"109",274,2006-09-30,12.31,12.2534,13.5431
"110",275,2006-10-01,12.5,12.2335,13.5301
"111",276,2006-10-02,12.69,12.214,13.5127
"112",277,2006-10-03,13.11,12.1957,13.496
"113",278,2006-10-04,13.25,12.1796,13.4807
"114",279,2006-10-05,13.57,12.1659,13.4706
"115",280,2006-10-06,13.57,12.1544,13.4625
"116",281,2006-10-07,12.68,12.1457,13.4591
"117",282,2006-10-08,12.28,12.138,13.4559
"118",283,2006-10-09,12.56,12.1309,13.455
"119",284,2006-10-10,13.13,12.1253,13.4654
"120",285,2006-10-11,13.65,12.12,13.4807
"121",286,2006-10-12,13.89,12.1156,13.4969
"122",287,2006-10-13,13.69,12.112,13.5121
"123",288,2006-10-14,13.61,12.11,13.5293
"124",289,2006-10-15,13.56,12.109,13.5501
"125",290,2006-10-16,13.7,12.1084,13.5709
"126",291,2006-10-17,13.17,12.1077,13.5909
"127",292,2006-10-18,12.15,12.1065,13.6089
"128",293,2006-10-19,11.82,12.1065,13.6261
"129",294,2006-10-20,12.15,12.1083,13.6441
"130",295,2006-10-21,12.22,12.1106,13.6607
"131",296,2006-10-22,12.6,12.1148,13.6718
"132",297,2006-10-23,13.29,12.1205,13.6837
"133",298,2006-10-24,13.16,12.1269,13.6996
"134",299,2006-10-25,11.86,12.1342,13.714
"135",300,2006-10-26,11.54,12.1418,13.7254
"136",301,2006-10-27,12.28,12.1486,13.7345
"137",302,2006-10-28,13.12,12.1541,13.7422
"138",303,2006-10-29,13.34,12.1586,13.7481
"139",304,2006-10-30,13.21,12.1615,13.7537
"140",305,2006-10-31,12.93,12.1624,13.7562
"141",306,2006-11-01,13.13,12.1615,13.7578
"142",307,2006-11-02,13.55,12.1583,13.7601
"143",308,2006-11-03,13.95,12.1533,13.7591
"144",309,2006-11-04,14.14,12.1456,13.7568
"145",310,2006-11-05,14.4,12.1345,13.753
"146",311,2006-11-06,14.17,12.1209,13.7465
"147",312,2006-11-07,13.77,12.1057,13.7384
"148",313,2006-11-08,13.67,12.0903,13.7302
"149",314,2006-11-09,12.85,12.0746,13.7238
"150",315,2006-11-10,12.31,12.0572,13.7129
"151",316,2006-11-11,12.82,12.0389,13.6985
"152",317,2006-11-12,11.74,12.0195,13.682
"153",318,2006-11-13,11.86,11.9992,13.661
"154",319,2006-11-14,12.98,11.978,13.636
"155",320,2006-11-15,11.82,11.9569,13.6042
"156",321,2006-11-16,12.36,11.9362,13.5543
"157",322,2006-11-17,12.14,11.9156,13.5036
"158",323,2006-11-18,11.97,11.8951,13.4537
"159",324,2006-11-19,12.07,11.8736,13.4044
"160",325,2006-11-20,12.58,11.8513,13.3546
"161",326,2006-11-21,12.68,11.8294,13.3058
"162",327,2006-11-22,12.73,11.8068,13.2604
"163",328,2006-11-23,12.54,11.7842,13.2197
"164",329,2006-11-24,11.95,11.7614,13.1803
"165",330,2006-11-25,11.76,11.7375,13.14
"166",331,2006-11-26,11.47,11.7131,13.1015
"167",332,2006-11-27,11.49,11.6884,13.0641
"168",333,2006-11-28,11.13,11.6641,13.0282
"169",334,2006-11-29,10.58,11.6402,12.992
"170",335,2006-11-30,10.31,11.6171,12.9541
"171",336,2006-12-01,10.57,11.5948,12.9147
"172",337,2006-12-02,10.5,11.5732,12.875
"173",338,2006-12-03,10.62,11.5525,12.8345
"174",339,2006-12-04,11.42,11.5322,12.7935
"175",340,2006-12-05,11.28,11.513,12.7519
"176",341,2006-12-06,11.38,11.4948,12.7088
"177",342,2006-12-07,11.41,11.4773,12.666
"178",343,2006-12-08,11.57,11.4605,12.6213
"179",344,2006-12-09,11.86,11.4437,12.5767
"180",345,2006-12-10,11.94,11.4271,12.529
"181",346,2006-12-11,12.21,11.4114,12.4822
"182",347,2006-12-12,12.36,11.3961,12.4369
"183",348,2006-12-13,12.44,11.3808,12.3945
"184",349,2006-12-14,12.53,11.3658,12.3561
"185",350,2006-12-15,12.43,11.3514,12.3201
"186",351,2006-12-16,11.95,11.3368,12.2888
"187",352,2006-12-17,11.62,11.323,12.2765
"188",353,2006-12-18,11.23,11.3099,12.2651
"189",354,2006-12-19,11.04,11.2979,12.2572
"190",355,2006-12-20,11.46,11.287,12.251
"191",356,2006-12-21,11.45,11.277,12.2471
"192",357,2006-12-22,11.57,11.267,12.2428
"193",358,2006-12-23,11.49,11.2578,12.2372
"194",359,2006-12-24,11.48,11.2488,12.2269
"195",360,2006-12-25,11.48,11.2407,12.2155
"196",361,2006-12-26,11.51,11.2334,12.2081
"197",362,2006-12-27,11.47,11.2273,12.2007
"198",363,2006-12-28,10.99,11.2228,12.1935
"199",364,2006-12-29,10.5,11.2202,12.1872
"200",365,2006-12-30,10.68,11.2189,12.183
"201",366,2006-12-31,10.91,11.2182,12.1828
"202",1,2007-01-01,10.98,11.2183,12.1845
"203",2,2007-01-02,10.99,11.2192,12.1883
"204",3,2007-01-03,11.14,11.2211,12.1965
"205",4,2007-01-04,11.67,11.2241,12.2088
"206",5,2007-01-05,10.74,11.2281,12.2236
"207",6,2007-01-06,10.5,11.2333,12.2421
"208",7,2007-01-07,10.14,11.2391,12.2628
"209",8,2007-01-08,9.74,11.2448,12.2828
"210",9,2007-01-09,9.73,11.2505,12.3013
"211",10,2007-01-10,10.03,11.256,12.3206
"212",11,2007-01-11,9.23,11.2619,12.3342
"213",12,2007-01-12,8.95,11.2681,12.3474
"214",13,2007-01-13,8.8,11.2742,12.3582
"215",14,2007-01-14,8.96,11.2801,12.369
"216",15,2007-01-15,9.23,11.2851,12.3793
"217",16,2007-01-16,9.64,11.2895,12.3885
"218",17,2007-01-17,9.68,11.2928,12.3964
"219",18,2007-01-18,9.56,11.2955,12.4053
"220",19,2007-01-19,10.03,11.2974,12.4121
"221",20,2007-01-20,9.94,11.2984,12.4178
"222",21,2007-01-21,9.76,11.2988,12.4227
"223",22,2007-01-22,9.59,11.2982,12.4281
"224",23,2007-01-23,9.78,11.2968,12.4324
"225",24,2007-01-24,10.09,11.2952,12.4357
"226",25,2007-01-25,10.04,11.2932,12.439
"227",26,2007-01-26,9.96,11.2906,12.441
"228",27,2007-01-27,9.9,11.287,12.4434
"229",28,2007-01-28,9.77,11.2818,12.4461
"230",29,2007-01-29,9.69,11.2746,12.4479
"231",30,2007-01-30,10.34,11.2653,12.4485
"232",31,2007-01-31,10.58,11.2542,12.4469
"233",32,2007-02-01,10.45,11.2411,12.4442
"234",33,2007-02-02,10.04,11.2264,12.4398
"235",34,2007-02-03,10.01,11.2099,12.4318
"236",35,2007-02-04,10.22,11.1909,12.4222
"237",36,2007-02-05,10.31,11.1701,12.411
"238",37,2007-02-06,10.39,11.1479,12.3955
"239",38,2007-02-07,10.86,11.1245,12.3757
"240",39,2007-02-08,11.14,11.1002,12.3559
"241",40,2007-02-09,11.21,11.0755,12.3377
"242",41,2007-02-10,11.37,11.0507,12.32
"243",42,2007-02-11,11.24,11.0258,12.309
"244",43,2007-02-12,11.14,11.0014,12.301
"245",44,2007-02-13,11.14,10.9775,12.2936
"246",45,2007-02-14,10.92,10.9548,12.2858
"247",46,2007-02-15,11.03,10.934,12.2799
"248",47,2007-02-16,10.86,10.9149,12.2777
"249",48,2007-02-17,10.71,10.8971,12.276
"250",49,2007-02-18,10.55,10.8802,12.2734
"251",50,2007-02-19,10.04,10.864,12.2703
"252",51,2007-02-20,9.43,10.848,12.2651
"253",52,2007-02-21,9.33,10.8326,12.2578
"254",53,2007-02-22,9.87,10.8181,12.2482
"255",54,2007-02-23,9.73,10.8039,12.2367
"256",55,2007-02-24,9.83,10.7892,12.223
"257",56,2007-02-25,10.26,10.7744,12.2044
"258",57,2007-02-26,9.93,10.759,12.1828
"259",58,2007-02-27,9.98,10.7431,12.1564
"260",59,2007-02-28,9.79,10.7272,12.1279
"261",61,2007-03-01,9.8,10.6985,12.0806
"262",62,2007-03-02,9.98,10.6867,12.0604
"263",63,2007-03-03,10.1,10.6755,12.0423
"264",64,2007-03-04,10.31,10.6644,12.0249
"265",65,2007-03-05,10.63,10.6537,12.0121
"266",66,2007-03-06,10.77,10.6438,11.9993
"267",67,2007-03-07,10.89,10.6337,11.9872
"268",68,2007-03-08,10.42,10.6233,11.9781
"269",69,2007-03-09,10.41,10.6123,11.9706
"270",70,2007-03-10,10.24,10.6009,11.9641
"271",71,2007-03-11,10.5,10.588,11.957
"272",72,2007-03-12,10.46,10.5734,11.9488
"273",73,2007-03-13,10.24,10.5568,11.9359
"274",74,2007-03-14,9.82,10.5383,11.921
"275",75,2007-03-15,9.69,10.5177,11.9049
"276",76,2007-03-16,9.8,10.4943,11.8839
"277",77,2007-03-17,9.84,10.4679,11.8561
"278",78,2007-03-18,9.51,10.439,11.8182
"279",79,2007-03-19,9.63,10.4087,11.7701
"280",80,2007-03-20,10,10.3784,11.7189
"281",81,2007-03-21,9.55,10.3479,11.6673
"282",82,2007-03-22,9.19,10.3177,11.6175
"283",83,2007-03-23,9.03,10.2868,11.572
"284",84,2007-03-24,8.98,10.2549,11.5278
"285",85,2007-03-25,8.91,10.2223,11.4858
"286",86,2007-03-26,9.28,10.1896,11.4475
"287",87,2007-03-27,9.29,10.1571,11.4131
"288",88,2007-03-28,8.98,10.1255,11.3811
"289",89,2007-03-29,8.9,10.0944,11.355
"290",90,2007-03-30,9.32,10.0637,11.3319
"291",91,2007-03-31,9.29,10.032,11.3057
"292",92,2007-04-01,9.18,9.9996,11.2758
"293",93,2007-04-02,9.14,9.9663,11.2432
"294",94,2007-04-03,9.04,9.9339,11.2106
"295",95,2007-04-04,9.23,9.9032,11.177
"296",96,2007-04-05,9.28,9.8741,11.1394
"297",97,2007-04-06,9.63,9.847,11.0961
"298",98,2007-04-07,9.52,9.8226,11.0556
"299",99,2007-04-08,9.6,9.8002,11.0167
"300",100,2007-04-09,9.88,9.7808,10.9794
"301",101,2007-04-10,8.97,9.7628,10.9401
"302",102,2007-04-11,9.15,9.747,10.8994
"303",103,2007-04-12,9.26,9.7326,10.8601
"304",104,2007-04-13,9.08,9.7205,10.8235
"305",105,2007-04-14,9.33,9.7103,10.7845
"306",106,2007-04-15,9.13,9.7021,10.7476
"307",107,2007-04-16,8.83,9.696,10.7155
"308",108,2007-04-17,9,9.6917,10.6872
"309",109,2007-04-18,8.53,9.6892,10.6675
"310",110,2007-04-19,8.32,9.6872,10.6579
"311",111,2007-04-20,8.32,9.6849,10.6511
"312",112,2007-04-21,8.91,9.6829,10.6453
"313",113,2007-04-22,9.05,9.6821,10.6415
"314",114,2007-04-23,9.94,9.6817,10.6328
"315",115,2007-04-24,9.8,9.6831,10.6262
"316",116,2007-04-25,NA,9.6864,10.6286
"317",117,2007-04-26,NA,9.6907,10.6341
"318",118,2007-04-27,9.25,9.6978,10.6425
"319",119,2007-04-28,9.05,9.7062,10.6567
"320",120,2007-04-29,8.63,9.7164,10.6713
"321",121,2007-04-30,8.89,9.7279,10.6826
"322",122,2007-05-01,9.08,9.741,10.6939
"323",123,2007-05-02,8.76,9.7549,10.705
"324",124,2007-05-03,9.28,9.7687,10.7142
"325",125,2007-05-04,9.37,9.783,10.7215
"326",126,2007-05-05,9.74,9.7962,10.7296
"327",127,2007-05-06,9.42,9.8079,10.7369
"328",128,2007-05-07,9.04,9.8183,10.7461
"329",129,2007-05-08,9.67,9.826,10.752
"330",130,2007-05-09,9.52,9.8322,10.7522
"331",131,2007-05-10,NA,9.8366,10.7494
"332",132,2007-05-11,NA,9.8415,10.7516
"333",133,2007-05-12,9.21,9.8482,10.7581
"334",134,2007-05-13,9.65,9.8574,10.7646
"335",135,2007-05-14,9.56,9.8677,10.774
"336",136,2007-05-15,9.21,9.8792,10.7893
"337",137,2007-05-16,8.69,9.8923,10.8041
"338",138,2007-05-17,8.82,9.9078,10.8193
"339",139,2007-05-18,8.58,9.9265,10.8376
"340",140,2007-05-19,8.23,9.9477,10.8583
"341",141,2007-05-20,8.36,9.971,10.8863
"342",142,2007-05-21,8.68,9.9962,10.9171
"343",143,2007-05-22,8.36,10.0228,10.9485
"344",144,2007-05-23,NA,10.0491,10.9782
"345",145,2007-05-24,NA,10.0761,11.0126
"346",146,2007-05-25,8.52,10.1035,11.0487
"347",147,2007-05-26,8.58,10.1302,11.0759
"348",148,2007-05-27,8.7,10.1574,11.0988
"349",149,2007-05-28,9.04,10.1811,11.1171
"350",150,2007-05-29,9.42,10.2015,11.1284
"351",151,2007-05-30,9.9,10.2193,11.1365
"352",152,2007-05-31,9.61,10.2356,11.1465
"353",153,2007-06-01,9.95,10.2509,11.1578
"354",154,2007-06-02,10.18,10.2648,11.1695
"355",155,2007-06-03,9.64,10.278,11.183
"356",156,2007-06-04,10.71,10.2905,11.1965
"357",157,2007-06-05,10.09,10.304,11.2093
"358",158,2007-06-06,10,10.3196,11.2228
"359",159,2007-06-07,9.87,10.3365,11.2422
"360",160,2007-06-08,11.01,10.3572,11.2736
"361",161,2007-06-09,10.46,10.3818,11.3111
"362",162,2007-06-10,10.49,10.4093,11.3558
"363",163,2007-06-11,10.95,10.4374,11.3949
"364",164,2007-06-12,10.47,10.4652,11.4343
"365",165,2007-06-13,9.78,10.4933,11.4769
"366",166,2007-06-14,9.33,10.5236,11.5197
"367",167,2007-06-15,9.19,10.5555,11.5625
"368",168,2007-06-16,9.26,10.5885,11.6079
"369",169,2007-06-17,9.01,10.6202,11.6546
"370",170,2007-06-18,8.79,10.6483,11.7003
"371",171,2007-06-19,9.12,10.6736,11.7424
"372",172,2007-06-20,10.35,10.6964,11.777
"373",173,2007-06-21,10.92,10.7174,11.8095
"374",174,2007-06-22,10.82,10.7379,11.8462
"375",175,2007-06-23,10.62,10.7589,11.8935
"376",176,2007-06-24,10.83,10.7802,11.9393
"377",177,2007-06-25,10.15,10.7994,11.9802
"378",178,2007-06-26,9.92,10.8169,12.0193
"379",179,2007-06-27,9.34,10.8326,12.0502
"380",180,2007-06-28,8.8,10.8508,12.0916
"381",181,2007-06-29,9.97,10.8734,12.1366
"382",182,2007-06-30,9.9,10.8993,12.1881
"383",183,2007-07-01,9.75,10.9277,12.2466
"384",184,2007-07-02,9.84,10.9581,12.3043
"385",185,2007-07-03,9.75,10.9911,12.362
"386",186,2007-07-04,10.06,11.0261,12.4176
"387",187,2007-07-05,9.77,11.0609,12.4691
"388",188,2007-07-06,9.71,11.0962,12.5205
"389",189,2007-07-07,9.99,11.1315,12.572
"390",190,2007-07-08,9.91,11.1671,12.6289
"391",191,2007-07-09,10.03,11.2023,12.6778
"392",192,2007-07-10,10.52,11.2364,12.7247
"393",193,2007-07-11,11.19,11.2703,12.7686
"394",194,2007-07-12,12.16,11.3047,12.8149
"395",195,2007-07-13,12.82,11.3404,12.859
"396",196,2007-07-14,13.54,11.3766,12.9028
"397",197,2007-07-15,11.94,11.4117,12.9518
"398",198,2007-07-16,11.26,11.4468,13.0005
"399",199,2007-07-17,11.38,11.4825,13.0488
"400",200,2007-07-18,12.19,11.5194,13.0971
"401",201,2007-07-19,12.54,11.5588,13.1454
"402",202,2007-07-20,13.45,11.5986,13.1932
"403",203,2007-07-21,13.33,11.6385,13.2398
"404",204,2007-07-22,12.45,11.6778,13.2786
"405",205,2007-07-23,11.62,11.7149,13.3111
"406",206,2007-07-24,11.31,11.7495,13.3321
"407",207,2007-07-25,10.93,11.7815,13.3503
"408",208,2007-07-26,10.56,11.8134,13.3665
"409",209,2007-07-27,10.34,11.8456,13.3809
"410",210,2007-07-28,10.2,11.8772,13.4015
"411",211,2007-07-29,10.21,11.9069,13.4123
"412",212,2007-07-30,10.7,11.934,13.4233
"413",213,2007-07-31,10.25,11.9607,13.4309
"414",214,2007-08-01,10.77,11.9872,13.433
"415",215,2007-08-02,11.52,12.0143,13.4398
"416",216,2007-08-03,11.45,12.0422,13.4509
"417",217,2007-08-04,11.37,12.071,13.4702
"418",218,2007-08-05,10.83,12.1028,13.4984
"419",219,2007-08-06,11.11,12.1366,13.5309
"420",220,2007-08-07,11.95,12.1716,13.5648
"421",221,2007-08-08,12.46,12.2077,13.5923
"422",222,2007-08-09,12.29,12.2447,13.6203
"423",223,2007-08-10,12.03,12.2819,13.6513
"424",224,2007-08-11,11.07,12.3166,13.6805
"425",225,2007-08-12,10.68,12.3479,13.7094
"426",226,2007-08-13,11.27,12.3744,13.731
"427",227,2007-08-14,11.01,12.3969,13.7455
"428",228,2007-08-15,10.92,12.4165,13.7496
"429",229,2007-08-16,11.54,12.4319,13.748
"430",230,2007-08-17,11.4,12.4431,13.7447
"431",231,2007-08-18,11.69,12.4516,13.7419
"432",232,2007-08-19,12.77,12.4572,13.7391
"433",233,2007-08-20,12.32,12.4606,13.7363
"434",234,2007-08-21,12.25,12.4624,13.7318
"435",235,2007-08-22,11.91,12.465,13.7353
"436",236,2007-08-23,11.39,12.4707,13.7432
"437",237,2007-08-24,11.23,12.4792,13.756
"438",238,2007-08-25,11.89,12.4908,13.7741
"439",239,2007-08-26,11.82,12.5052,13.7988
"440",240,2007-08-27,11.68,12.5212,13.8268
"441",241,2007-08-28,11.92,12.5382,13.8541
"442",242,2007-08-29,12.86,12.5559,13.8807
"443",243,2007-08-30,13.28,12.5736,13.9047
"444",244,2007-08-31,13,12.59,13.9276
"445",245,2007-09-01,12.51,12.605,13.952
"446",246,2007-09-02,12.31,12.617,13.9717
"447",247,2007-09-03,12.3,12.6256,13.986
"448",248,2007-09-04,12.78,12.6318,13.991
"449",249,2007-09-05,12.56,12.634,13.9905
"450",250,2007-09-06,11.68,12.6312,13.984
"451",251,2007-09-07,11.83,12.6246,13.9762
"452",252,2007-09-08,11.56,12.6142,13.9645
"453",253,2007-09-09,11.66,12.5997,13.9401
"454",254,2007-09-10,11.75,12.5818,13.9072
"455",255,2007-09-11,11.9,12.5631,13.8731
"456",256,2007-09-12,11.87,12.5455,13.8404
"457",257,2007-09-13,12.16,12.529,13.8137
"458",258,2007-09-14,12.71,12.5129,13.7894
"459",259,2007-09-15,13.23,12.4969,13.7691
"460",260,2007-09-16,13.21,12.4822,13.754
"461",261,2007-09-17,12.45,12.4686,13.7403
"462",262,2007-09-18,11.88,12.4551,13.7254
"463",263,2007-09-19,11.46,12.4419,13.7095
"464",264,2007-09-20,11.02,12.4302,13.6958
"465",265,2007-09-21,10.71,12.4201,13.6905
"466",266,2007-09-22,11.23,12.4088,13.6846
"467",267,2007-09-23,12.48,12.3946,13.6723
"468",268,2007-09-24,12.79,12.3778,13.6557
"469",269,2007-09-25,12.15,12.359,13.6367
"470",270,2007-09-26,11.52,12.3383,13.6155
"471",271,2007-09-27,11.67,12.3168,13.5931
"472",272,2007-09-28,12.38,12.2951,13.5741
"473",273,2007-09-29,12,12.2737,13.5569
"474",274,2007-09-30,11.52,12.2534,13.5431
"475",275,2007-10-01,11.72,12.2335,13.5301
"476",276,2007-10-02,11.59,12.214,13.5127
"477",277,2007-10-03,11.65,12.1957,13.496
"478",278,2007-10-04,11.57,12.1796,13.4807
"479",279,2007-10-05,11.11,12.1659,13.4706
"480",280,2007-10-06,10.85,12.1544,13.4625
"481",281,2007-10-07,10.82,12.1457,13.4591
"482",282,2007-10-08,11.05,12.138,13.4559
"483",283,2007-10-09,11.2,12.1309,13.455
"484",284,2007-10-10,12.38,12.1253,13.4654
"485",285,2007-10-11,12.69,12.12,13.4807
"486",286,2007-10-12,12.52,12.1156,13.4969
"487",287,2007-10-13,12.74,12.112,13.5121
"488",288,2007-10-14,12.49,12.11,13.5293
"489",289,2007-10-15,12.69,12.109,13.5501
"490",290,2007-10-16,12.6,12.1084,13.5709
"491",291,2007-10-17,12.49,12.1077,13.5909
"492",292,2007-10-18,11.96,12.1065,13.6089
"493",293,2007-10-19,12.47,12.1065,13.6261
"494",294,2007-10-20,12.71,12.1083,13.6441
"495",295,2007-10-21,11.81,12.1106,13.6607
"496",296,2007-10-22,12.13,12.1148,13.6718
"497",297,2007-10-23,12.1,12.1205,13.6837
"498",298,2007-10-24,12.14,12.1269,13.6996
"499",299,2007-10-25,11.75,12.1342,13.714
"500",300,2007-10-26,10.89,12.1418,13.7254
"501",301,2007-10-27,11.09,12.1486,13.7345
"502",302,2007-10-28,11.04,12.1541,13.7422
"503",303,2007-10-29,11.03,12.1586,13.7481
"504",304,2007-10-30,11,12.1615,13.7537
"505",305,2007-10-31,11.11,12.1624,13.7562
"506",306,2007-11-01,10.74,12.1615,13.7578
"507",307,2007-11-02,10.56,12.1583,13.7601
"508",308,2007-11-03,10.53,12.1533,13.7591
"509",309,2007-11-04,10.45,12.1456,13.7568
"510",310,2007-11-05,10.67,12.1345,13.753
"511",311,2007-11-06,10.84,12.1209,13.7465
"512",312,2007-11-07,10.58,12.1057,13.7384
"513",313,2007-11-08,11.28,12.0903,13.7302
"514",314,2007-11-09,11.51,12.0746,13.7238
"515",315,2007-11-10,11.58,12.0572,13.7129
"516",316,2007-11-11,11.58,12.0389,13.6985
"517",317,2007-11-12,11.11,12.0195,13.682
"518",318,2007-11-13,11.28,11.9992,13.661
"519",319,2007-11-14,11.34,11.978,13.636
"520",320,2007-11-15,11.08,11.9569,13.6042
"521",321,2007-11-16,11.14,11.9362,13.5543
"522",322,2007-11-17,11.1,11.9156,13.5036
"523",323,2007-11-18,11.09,11.8951,13.4537
"524",324,2007-11-19,11.25,11.8736,13.4044
"525",325,2007-11-20,10.68,11.8513,13.3546
"526",326,2007-11-21,10.38,11.8294,13.3058
"527",327,2007-11-22,10.45,11.8068,13.2604
"528",328,2007-11-23,10.42,11.7842,13.2197
"529",329,2007-11-24,10.44,11.7614,13.1803
"530",330,2007-11-25,11.31,11.7375,13.14
"531",331,2007-11-26,11.29,11.7131,13.1015
"532",332,2007-11-27,11.04,11.6884,13.0641
"533",333,2007-11-28,10.41,11.6641,13.0282
"534",334,2007-11-29,10.23,11.6402,12.992
"535",335,2007-11-30,9.84,11.6171,12.9541
"536",336,2007-12-01,9.55,11.5948,12.9147
"537",337,2007-12-02,9.47,11.5732,12.875
"538",338,2007-12-03,10.66,11.5525,12.8345
"539",339,2007-12-04,10.61,11.5322,12.7935
"540",340,2007-12-05,10.42,11.513,12.7519
"541",341,2007-12-06,10.45,11.4948,12.7088
"542",342,2007-12-07,10.57,11.4773,12.666
"543",343,2007-12-08,9.92,11.4605,12.6213
"544",344,2007-12-09,9.54,11.4437,12.5767
"545",345,2007-12-10,9.53,11.4271,12.529
"546",346,2007-12-11,9.26,11.4114,12.4822
"547",347,2007-12-12,9.35,11.3961,12.4369
"548",348,2007-12-13,9.49,11.3808,12.3945
"549",349,2007-12-14,9.6,11.3658,12.3561
"550",350,2007-12-15,9.73,11.3514,12.3201
"551",351,2007-12-16,9.77,11.3368,12.2888
"552",352,2007-12-17,10.94,11.323,12.2765
"553",353,2007-12-18,10.94,11.3099,12.2651
"554",354,2007-12-19,10.65,11.2979,12.2572
"555",355,2007-12-20,10.84,11.287,12.251
"556",356,2007-12-21,10.21,11.277,12.2471
"557",357,2007-12-22,9.94,11.267,12.2428
"558",358,2007-12-23,10.38,11.2578,12.2372
"559",359,2007-12-24,10.33,11.2488,12.2269
"560",360,2007-12-25,9.79,11.2407,12.2155
"561",361,2007-12-26,9.6,11.2334,12.2081
"562",362,2007-12-27,9.38,11.2273,12.2007
"563",363,2007-12-28,9.46,11.2228,12.1935
"564",364,2007-12-29,9.67,11.2202,12.1872
"565",365,2007-12-30,9.94,11.2189,12.183
"566",366,2007-12-31,9.36,11.2182,12.1828
"567",1,2008-01-01,9.31,11.2183,12.1845
"568",2,2008-01-02,9.5,11.2192,12.1883
"569",3,2008-01-03,9.79,11.2211,12.1965
"570",4,2008-01-04,10.14,11.2241,12.2088
"571",5,2008-01-05,9.96,11.2281,12.2236
"572",6,2008-01-06,9.94,11.2333,12.2421
"573",7,2008-01-07,9.89,11.2391,12.2628
"574",8,2008-01-08,9.96,11.2448,12.2828
"575",9,2008-01-09,10.13,11.2505,12.3013
"576",10,2008-01-10,10.3,11.256,12.3206
"577",11,2008-01-11,10.39,11.2619,12.3342
"578",12,2008-01-12,10.54,11.2681,12.3474
"579",13,2008-01-13,10.55,11.2742,12.3582
"580",14,2008-01-14,10.46,11.2801,12.369
"581",15,2008-01-15,10.27,11.2851,12.3793
"582",16,2008-01-16,10.05,11.2895,12.3885
"583",17,2008-01-17,9.99,11.2928,12.3964
"584",18,2008-01-18,10.32,11.2955,12.4053
"585",19,2008-01-19,10.41,11.2974,12.4121
"586",20,2008-01-20,10.51,11.2984,12.4178
"587",21,2008-01-21,10.31,11.2988,12.4227
"588",22,2008-01-22,10.15,11.2982,12.4281
"589",23,2008-01-23,9.97,11.2968,12.4324
"590",24,2008-01-24,10.17,11.2952,12.4357
"591",25,2008-01-25,9.96,11.2932,12.439
"592",26,2008-01-26,10.34,11.2906,12.441
"593",27,2008-01-27,10.42,11.287,12.4434
"594",28,2008-01-28,10.15,11.2818,12.4461
"595",29,2008-01-29,10.43,11.2746,12.4479
"596",30,2008-01-30,10.26,11.2653,12.4485
"597",31,2008-01-31,10.57,11.2542,12.4469
"598",32,2008-02-01,10.49,11.2411,12.4442
"599",33,2008-02-02,10.55,11.2264,12.4398
"600",34,2008-02-03,10.37,11.2099,12.4318
"601",35,2008-02-04,10.49,11.1909,12.4222
"602",36,2008-02-05,10.34,11.1701,12.411
"603",37,2008-02-06,10.34,11.1479,12.3955
"604",38,2008-02-07,10.12,11.1245,12.3757
"605",39,2008-02-08,10.09,11.1002,12.3559
"606",40,2008-02-09,9.84,11.0755,12.3377
"607",41,2008-02-10,9.99,11.0507,12.32
"608",42,2008-02-11,9.75,11.0258,12.309
"609",43,2008-02-12,9.77,11.0014,12.301
"610",44,2008-02-13,9.69,10.9775,12.2936
"611",45,2008-02-14,9.37,10.9548,12.2858
"612",46,2008-02-15,9.3,10.934,12.2799
"613",47,2008-02-16,9.57,10.9149,12.2777
"614",48,2008-02-17,9.68,10.8971,12.276
"615",49,2008-02-18,9.89,10.8802,12.2734
"616",50,2008-02-19,10.3,10.864,12.2703
"617",51,2008-02-20,10.58,10.848,12.2651
"618",52,2008-02-21,10.61,10.8326,12.2578
"619",53,2008-02-22,10.52,10.8181,12.2482
"620",54,2008-02-23,10.43,10.8039,12.2367
"621",55,2008-02-24,10.26,10.7892,12.223
"622",56,2008-02-25,10.47,10.7744,12.2044
"623",57,2008-02-26,10.67,10.759,12.1828
"624",58,2008-02-27,10.79,10.7431,12.1564
"625",59,2008-02-28,10.57,10.7272,12.1279
"626",60,2008-02-29,10.54,10.7122,12.1025
"627",61,2008-03-01,10.58,10.6985,12.0806
"628",62,2008-03-02,10.17,10.6867,12.0604
"629",63,2008-03-03,10,10.6755,12.0423
"630",64,2008-03-04,10.19,10.6644,12.0249
"631",65,2008-03-05,9.68,10.6537,12.0121
"632",66,2008-03-06,9.95,10.6438,11.9993
"633",67,2008-03-07,9.81,10.6337,11.9872
"634",68,2008-03-08,9.99,10.6233,11.9781
"635",69,2008-03-09,9.79,10.6123,11.9706
"636",70,2008-03-10,9.69,10.6009,11.9641
"637",71,2008-03-11,9.77,10.588,11.957
"638",72,2008-03-12,9.28,10.5734,11.9488
"639",73,2008-03-13,9.54,10.5568,11.9359
"640",74,2008-03-14,9.61,10.5383,11.921
"641",75,2008-03-15,9.21,10.5177,11.9049
"642",76,2008-03-16,9.18,10.4943,11.8839
"643",77,2008-03-17,9,10.4679,11.8561
"644",78,2008-03-18,8.94,10.439,11.8182
"645",79,2008-03-19,8.9,10.4087,11.7701
"646",80,2008-03-20,8.72,10.3784,11.7189
"647",81,2008-03-21,8.81,10.3479,11.6673
"648",82,2008-03-22,8.71,10.3177,11.6175
"649",83,2008-03-23,8.74,10.2868,11.572
"650",84,2008-03-24,8.8,10.2549,11.5278
"651",85,2008-03-25,8.49,10.2223,11.4858
"652",86,2008-03-26,8.46,10.1896,11.4475
"653",87,2008-03-27,8.82,10.1571,11.4131
"654",88,2008-03-28,8.36,10.1255,11.3811
"655",89,2008-03-29,8.58,10.0944,11.355
"656",90,2008-03-30,8.18,10.0637,11.3319
"657",91,2008-03-31,7.96,10.032,11.3057
"658",92,2008-04-01,8.59,9.9996,11.2758
"659",93,2008-04-02,8.75,9.9663,11.2432
"660",94,2008-04-03,9.08,9.9339,11.2106
"661",95,2008-04-04,9.2,9.9032,11.177
"662",96,2008-04-05,9.06,9.8741,11.1394
"663",97,2008-04-06,8.99,9.847,11.0961
"664",98,2008-04-07,9.22,9.8226,11.0556
"665",99,2008-04-08,8.78,9.8002,11.0167
"666",100,2008-04-09,8.84,9.7808,10.9794
"667",101,2008-04-10,8.63,9.7628,10.9401
"668",102,2008-04-11,8.82,9.747,10.8994
"669",103,2008-04-12,9.19,9.7326,10.8601
"670",104,2008-04-13,9.18,9.7205,10.8235
"671",105,2008-04-14,8.74,9.7103,10.7845
"672",106,2008-04-15,8.58,9.7021,10.7476
"673",107,2008-04-16,9.19,9.696,10.7155
"674",108,2008-04-17,8.95,9.6917,10.6872
"675",109,2008-04-18,8.82,9.6892,10.6675
"676",110,2008-04-19,8.69,9.6872,10.6579
"677",111,2008-04-20,8.51,9.6849,10.6511
"678",112,2008-04-21,8.49,9.6829,10.6453
"679",113,2008-04-22,8.76,9.6821,10.6415
"680",114,2008-04-23,8.81,9.6817,10.6328
"681",115,2008-04-24,8.73,9.6831,10.6262
"682",116,2008-04-25,8.83,9.6864,10.6286
"683",117,2008-04-26,9.06,9.6907,10.6341
"684",118,2008-04-27,9.23,9.6978,10.6425
"685",119,2008-04-28,NA,9.7062,10.6567
"686",120,2008-04-29,NA,9.7164,10.6713
"687",121,2008-04-30,NA,9.7279,10.6826
"688",122,2008-05-01,9.21,9.741,10.6939
"689",123,2008-05-02,9.04,9.7549,10.705
"690",124,2008-05-03,8.75,9.7687,10.7142
"691",125,2008-05-04,8.79,9.783,10.7215
"692",126,2008-05-05,8.42,9.7962,10.7296
"693",127,2008-05-06,8.28,9.8079,10.7369
"694",128,2008-05-07,8.47,9.8183,10.7461
"695",129,2008-05-08,8.62,9.826,10.752
"696",130,2008-05-09,8.32,9.8322,10.7522
"697",131,2008-05-10,8,9.8366,10.7494
"698",132,2008-05-11,8.05,9.8415,10.7516
"699",133,2008-05-12,NA,9.8482,10.7581
"700",134,2008-05-13,8.84,9.8574,10.7646
"701",135,2008-05-14,8.67,9.8677,10.774
"702",136,2008-05-15,8.2,9.8792,10.7893
"703",137,2008-05-16,8.84,9.8923,10.8041
"704",138,2008-05-17,10.42,9.9078,10.8193
"705",139,2008-05-18,10,9.9265,10.8376
"706",140,2008-05-19,9.86,9.9477,10.8583
"707",141,2008-05-20,10.23,9.971,10.8863
"708",142,2008-05-21,10.02,9.9962,10.9171
"709",143,2008-05-22,9.96,10.0228,10.9485
"710",144,2008-05-23,9.09,10.0491,10.9782
"711",145,2008-05-24,8.63,10.0761,11.0126
"712",146,2008-05-25,8.78,10.1035,11.0487
"713",147,2008-05-26,9.64,10.1302,11.0759
"714",148,2008-05-27,NA,10.1574,11.0988
"715",149,2008-05-28,NA,10.1811,11.1171
"716",150,2008-05-29,10.26,10.2015,11.1284
"717",151,2008-05-30,9.66,10.2193,11.1365
"718",152,2008-05-31,9.89,10.2356,11.1465
"719",153,2008-06-01,9.87,10.2509,11.1578
"720",154,2008-06-02,9.67,10.2648,11.1695
"721",155,2008-06-03,9.35,10.278,11.183
"722",156,2008-06-04,8.86,10.2905,11.1965
"723",157,2008-06-05,9.03,10.304,11.2093
"724",158,2008-06-06,8.71,10.3196,11.2228
"725",159,2008-06-07,8.88,10.3365,11.2422
"726",160,2008-06-08,8.83,10.3572,11.2736
"727",161,2008-06-09,8.96,10.3818,11.3111
"728",162,2008-06-10,9.19,10.4093,11.3558
"729",163,2008-06-11,9.1,10.4374,11.3949
"730",164,2008-06-12,9.2,10.4652,11.4343
"731",165,2008-06-13,9.11,10.4933,11.4769
"732",166,2008-06-14,9.43,10.5236,11.5197
"733",167,2008-06-15,9.39,10.5555,11.5625
"734",168,2008-06-16,9.68,10.5885,11.6079
"735",169,2008-06-17,9.12,10.6202,11.6546
"736",170,2008-06-18,9.29,10.6483,11.7003
"737",171,2008-06-19,8.89,10.6736,11.7424
"738",172,2008-06-20,8.73,10.6964,11.777
"739",173,2008-06-21,9.22,10.7174,11.8095
"740",174,2008-06-22,8.81,10.7379,11.8462
"741",175,2008-06-23,9.14,10.7589,11.8935
"742",176,2008-06-24,9.44,10.7802,11.9393
"743",177,2008-06-25,9.89,10.7994,11.9802
"744",178,2008-06-26,9.79,10.8169,12.0193
"745",179,2008-06-27,9.81,10.8326,12.0502
"746",180,2008-06-28,9.86,10.8508,12.0916
"747",181,2008-06-29,10.46,10.8734,12.1366
"748",182,2008-06-30,11.1,10.8993,12.1881
"749",183,2008-07-01,11.77,10.9277,12.2466
"750",184,2008-07-02,11.59,10.9581,12.3043
"751",185,2008-07-03,11,10.9911,12.362
"752",186,2008-07-04,10.64,11.0261,12.4176
"753",187,2008-07-05,10.37,11.0609,12.4691
"754",188,2008-07-06,10.63,11.0962,12.5205
"755",189,2008-07-07,10,11.1315,12.572
"756",190,2008-07-08,10.31,11.1671,12.6289
"757",191,2008-07-09,12.05,11.2023,12.6778
"758",192,2008-07-10,12.92,11.2364,12.7247
"759",193,2008-07-11,11.94,11.2703,12.7686
"760",194,2008-07-12,11.75,11.3047,12.8149
"761",195,2008-07-13,13.8,11.3404,12.859
"762",196,2008-07-14,14.44,11.3766,12.9028
"763",197,2008-07-15,14.9,11.4117,12.9518
"764",198,2008-07-16,14.69,11.4468,13.0005
"765",199,2008-07-17,12.46,11.4825,13.0488
"766",200,2008-07-18,11.49,11.5194,13.0971
"767",201,2008-07-19,11.07,11.5588,13.1454
"768",202,2008-07-20,10.72,11.5986,13.1932
"769",203,2008-07-21,10.84,11.6385,13.2398
"770",204,2008-07-22,11.31,11.6778,13.2786
"771",205,2008-07-23,11.28,11.7149,13.3111
"772",206,2008-07-24,11.19,11.7495,13.3321
"773",207,2008-07-25,11.2,11.7815,13.3503
"774",208,2008-07-26,11.29,11.8134,13.3665
"775",209,2008-07-27,11.16,11.8456,13.3809
"776",210,2008-07-28,11.1,11.8772,13.4015
"777",211,2008-07-29,10.87,11.9069,13.4123
"778",212,2008-07-30,11.12,11.934,13.4233
"779",213,2008-07-31,11.09,11.9607,13.4309
"780",214,2008-08-01,11.02,11.9872,13.433
"781",215,2008-08-02,11.44,12.0143,13.4398
"782",216,2008-08-03,11.54,12.0422,13.4509
"783",217,2008-08-04,10.96,12.071,13.4702
"784",218,2008-08-05,10.86,12.1028,13.4984
"785",219,2008-08-06,11.01,12.1366,13.5309
"786",220,2008-08-07,11.16,12.1716,13.5648
"787",221,2008-08-08,11.09,12.2077,13.5923
"788",222,2008-08-09,11.1,12.2447,13.6203
"789",223,2008-08-10,11.69,12.2819,13.6513
"790",224,2008-08-11,12,12.3166,13.6805
"791",225,2008-08-12,11.51,12.3479,13.7094
"792",226,2008-08-13,11.46,12.3744,13.731
"793",227,2008-08-14,11.1,12.3969,13.7455
"794",228,2008-08-15,11.21,12.4165,13.7496
"795",229,2008-08-16,11.13,12.4319,13.748
"796",230,2008-08-17,12.04,12.4431,13.7447
"797",231,2008-08-18,13.34,12.4516,13.7419
"798",232,2008-08-19,13.8,12.4572,13.7391
"799",233,2008-08-20,14.39,12.4606,13.7363
"800",234,2008-08-21,12.93,12.4624,13.7318
"801",235,2008-08-22,12.47,12.465,13.7353
"802",236,2008-08-23,11.99,12.4707,13.7432
"803",237,2008-08-24,12.17,12.4792,13.756
"804",238,2008-08-25,12.45,12.4908,13.7741
"805",239,2008-08-26,12.37,12.5052,13.7988
"806",240,2008-08-27,11.76,12.5212,13.8268
"807",241,2008-08-28,11.75,12.5382,13.8541
"808",242,2008-08-29,11.49,12.5559,13.8807
"809",243,2008-08-30,12.03,12.5736,13.9047
"810",244,2008-08-31,11.75,12.59,13.9276
"811",245,2008-09-01,11.24,12.605,13.952
"812",246,2008-09-02,11.22,12.617,13.9717
"813",247,2008-09-03,11.34,12.6256,13.986
"814",248,2008-09-04,11.91,12.6318,13.991
"815",249,2008-09-05,12.64,12.634,13.9905
"816",250,2008-09-06,13.69,12.6312,13.984
"817",251,2008-09-07,13.88,12.6246,13.9762
"818",252,2008-09-08,13.83,12.6142,13.9645
"819",253,2008-09-09,13.99,12.5997,13.9401
"820",254,2008-09-10,13.5,12.5818,13.9072
"821",255,2008-09-11,13.57,12.5631,13.8731
"822",256,2008-09-12,13.72,12.5455,13.8404
"823",257,2008-09-13,13.88,12.529,13.8137
"824",258,2008-09-14,13.99,12.5129,13.7894
"825",259,2008-09-15,14.12,12.4969,13.7691
"826",260,2008-09-16,13.94,12.4822,13.754
"827",261,2008-09-17,13.93,12.4686,13.7403
"828",262,2008-09-18,14.09,12.4551,13.7254
"829",263,2008-09-19,14.11,12.4419,13.7095
"830",264,2008-09-20,14.77,12.4302,13.6958
"831",265,2008-09-21,14.86,12.4201,13.6905
"832",266,2008-09-22,14.39,12.4088,13.6846
"833",267,2008-09-23,13.86,12.3946,13.6723
"834",268,2008-09-24,13.29,12.3778,13.6557
"835",269,2008-09-25,12.72,12.359,13.6367
"836",270,2008-09-26,12.41,12.3383,13.6155
"837",271,2008-09-27,12.21,12.3168,13.5931
"838",272,2008-09-28,12.45,12.2951,13.5741
"839",273,2008-09-29,12.45,12.2737,13.5569
"840",274,2008-09-30,13.05,12.2534,13.5431
"841",275,2008-10-01,13.47,12.2335,13.5301
"842",276,2008-10-02,14.39,12.214,13.5127
"843",277,2008-10-03,14.33,12.1957,13.496
"844",278,2008-10-04,14.11,12.1796,13.4807
"845",279,2008-10-05,13.74,12.1659,13.4706
"846",280,2008-10-06,14.06,12.1544,13.4625
"847",281,2008-10-07,13.95,12.1457,13.4591
"848",282,2008-10-08,13.96,12.138,13.4559
"849",283,2008-10-09,12.98,12.1309,13.455
"850",284,2008-10-10,11.52,12.1253,13.4654
"851",285,2008-10-11,10.61,12.12,13.4807
"852",286,2008-10-12,10.21,12.1156,13.4969
"853",287,2008-10-13,10.29,12.112,13.5121
"854",288,2008-10-14,10.5,12.11,13.5293
"855",289,2008-10-15,10.74,12.109,13.5501
"856",290,2008-10-16,10.72,12.1084,13.5709
"857",291,2008-10-17,10.9,12.1077,13.5909
"858",292,2008-10-18,10.94,12.1065,13.6089
"859",293,2008-10-19,10.98,12.1065,13.6261
"860",294,2008-10-20,11.43,12.1083,13.6441
"861",295,2008-10-21,11.57,12.1106,13.6607
"862",296,2008-10-22,11.25,12.1148,13.6718
"863",297,2008-10-23,11.18,12.1205,13.6837
"864",298,2008-10-24,11.3,12.1269,13.6996
"865",299,2008-10-25,11.02,12.1342,13.714
"866",300,2008-10-26,11.09,12.1418,13.7254
"867",301,2008-10-27,11.33,12.1486,13.7345
"868",302,2008-10-28,11.61,12.1541,13.7422
"869",303,2008-10-29,11.84,12.1586,13.7481
"870",304,2008-10-30,11.83,12.1615,13.7537
"871",305,2008-10-31,12.05,12.1624,13.7562
"872",306,2008-11-01,12.41,12.1615,13.7578
"873",307,2008-11-02,12.34,12.1583,13.7601
"874",308,2008-11-03,12.57,12.1533,13.7591
"875",309,2008-11-04,12.73,12.1456,13.7568
"876",310,2008-11-05,12.47,12.1345,13.753
"877",311,2008-11-06,NA,12.1209,13.7465
"878",312,2008-11-07,12.82,12.1057,13.7384
"879",313,2008-11-08,12.83,12.0903,13.7302
"880",314,2008-11-09,12.47,12.0746,13.7238
"881",315,2008-11-10,11.98,12.0572,13.7129
"882",316,2008-11-11,12.06,12.0389,13.6985
"883",317,2008-11-12,12.12,12.0195,13.682
"884",318,2008-11-13,12.15,11.9992,13.661
"885",319,2008-11-14,11.84,11.978,13.636
"886",320,2008-11-15,11.89,11.9569,13.6042
"887",321,2008-11-16,11.87,11.9362,13.5543
"888",322,2008-11-17,11.98,11.9156,13.5036
"889",323,2008-11-18,11.93,11.8951,13.4537
"890",324,2008-11-19,11.8,11.8736,13.4044
"891",325,2008-11-20,11.8,11.8513,13.3546
"892",326,2008-11-21,11.57,11.8294,13.3058
"893",327,2008-11-22,11.3,11.8068,13.2604
"894",328,2008-11-23,11.22,11.7842,13.2197
"895",329,2008-11-24,11.42,11.7614,13.1803
"896",330,2008-11-25,11.19,11.7375,13.14
"897",331,2008-11-26,11.19,11.7131,13.1015
"898",332,2008-11-27,11.29,11.6884,13.0641
"899",333,2008-11-28,11.25,11.6641,13.0282
"900",334,2008-11-29,11.41,11.6402,12.992
"901",335,2008-11-30,11.78,11.6171,12.9541
"902",336,2008-12-01,11.97,11.5948,12.9147
"903",337,2008-12-02,12.16,11.5732,12.875
"904",338,2008-12-03,11.88,11.5525,12.8345
"905",339,2008-12-04,11.62,11.5322,12.7935
"906",340,2008-12-05,11.82,11.513,12.7519
"907",341,2008-12-06,11.56,11.4948,12.7088
"908",342,2008-12-07,11.56,11.4773,12.666
"909",343,2008-12-08,11.46,11.4605,12.6213
"910",344,2008-12-09,11.15,11.4437,12.5767
"911",345,2008-12-10,10.92,11.4271,12.529
"912",346,2008-12-11,11.02,11.4114,12.4822
"913",347,2008-12-12,11.05,11.3961,12.4369
"914",348,2008-12-13,10.71,11.3808,12.3945
"915",349,2008-12-14,10.53,11.3658,12.3561
"916",350,2008-12-15,10.23,11.3514,12.3201
"917",351,2008-12-16,10.06,11.3368,12.2888
"918",352,2008-12-17,9.54,11.323,12.2765
"919",353,2008-12-18,9.8,11.3099,12.2651
"920",354,2008-12-19,10.39,11.2979,12.2572
"921",355,2008-12-20,9.97,11.287,12.251
"922",356,2008-12-21,9.96,11.277,12.2471
"923",357,2008-12-22,10.45,11.267,12.2428
"924",358,2008-12-23,10.2,11.2578,12.2372
"925",359,2008-12-24,10.55,11.2488,12.2269
"926",360,2008-12-25,10.61,11.2407,12.2155
"927",361,2008-12-26,10.12,11.2334,12.2081
"928",362,2008-12-27,10.2,11.2273,12.2007
"929",363,2008-12-28,10.48,11.2228,12.1935
"930",364,2008-12-29,10.83,11.2202,12.1872
"931",365,2008-12-30,10.99,11.2189,12.183
"932",366,2008-12-31,10.81,11.2182,12.1828
"933",1,2009-01-01,10.65,11.2183,12.1845
"934",2,2009-01-02,10.61,11.2192,12.1883
"935",3,2009-01-03,9.92,11.2211,12.1965
"936",4,2009-01-04,9.44,11.2241,12.2088
"937",5,2009-01-05,9.41,11.2281,12.2236
"938",6,2009-01-06,9.87,11.2333,12.2421
"939",7,2009-01-07,10.05,11.2391,12.2628
"940",8,2009-01-08,10.03,11.2448,12.2828
"941",9,2009-01-09,9.82,11.2505,12.3013
"942",10,2009-01-10,9.76,11.256,12.3206
"943",11,2009-01-11,9.92,11.2619,12.3342
"944",12,2009-01-12,10.04,11.2681,12.3474
"945",13,2009-01-13,10.16,11.2742,12.3582
"946",14,2009-01-14,10.22,11.2801,12.369
"947",15,2009-01-15,10.19,11.2851,12.3793
"948",16,2009-01-16,10.09,11.2895,12.3885
"949",17,2009-01-17,10.41,11.2928,12.3964
"950",18,2009-01-18,10.39,11.2955,12.4053
"951",19,2009-01-19,10.4,11.2974,12.4121
"952",20,2009-01-20,10.36,11.2984,12.4178
"953",21,2009-01-21,10.52,11.2988,12.4227
"954",22,2009-01-22,10.55,11.2982,12.4281
"955",23,2009-01-23,10.79,11.2968,12.4324
"956",24,2009-01-24,10.61,11.2952,12.4357
"957",25,2009-01-25,10.23,11.2932,12.439
"958",26,2009-01-26,9.97,11.2906,12.441
"959",27,2009-01-27,9.8,11.287,12.4434
"960",28,2009-01-28,9.79,11.2818,12.4461
"961",29,2009-01-29,9.88,11.2746,12.4479
"962",30,2009-01-30,9.88,11.2653,12.4485
"963",31,2009-01-31,9.84,11.2542,12.4469
"964",32,2009-02-01,9.86,11.2411,12.4442
"965",33,2009-02-02,9.87,11.2264,12.4398
"966",34,2009-02-03,10.01,11.2099,12.4318
"967",35,2009-02-04,10.18,11.1909,12.4222
"968",36,2009-02-05,10.27,11.1701,12.411
"969",37,2009-02-06,10.37,11.1479,12.3955
"970",38,2009-02-07,10.16,11.1245,12.3757
"971",39,2009-02-08,9.97,11.1002,12.3559
"972",40,2009-02-09,9.99,11.0755,12.3377
"973",41,2009-02-10,9.61,11.0507,12.32
"974",42,2009-02-11,9.7,11.0258,12.309
"975",43,2009-02-12,9.72,11.0014,12.301
"976",44,2009-02-13,9.72,10.9775,12.2936
"977",45,2009-02-14,9.73,10.9548,12.2858
"978",46,2009-02-15,9.68,10.934,12.2799
"979",47,2009-02-16,9.72,10.9149,12.2777
"980",48,2009-02-17,9.85,10.8971,12.276
"981",49,2009-02-18,10.42,10.8802,12.2734
"982",50,2009-02-19,10.41,10.864,12.2703
"983",51,2009-02-20,10.72,10.848,12.2651
"984",52,2009-02-21,11.06,10.8326,12.2578
"985",53,2009-02-22,11.31,10.8181,12.2482
"986",54,2009-02-23,11.37,10.8039,12.2367
"987",55,2009-02-24,11.28,10.7892,12.223
"988",56,2009-02-25,11.55,10.7744,12.2044
"989",57,2009-02-26,11.67,10.759,12.1828
"990",58,2009-02-27,11.36,10.7431,12.1564
"991",59,2009-02-28,11.28,10.7272,12.1279
"992",61,2009-03-01,11.25,10.6985,12.0806
"993",62,2009-03-02,11.45,10.6867,12.0604
"994",63,2009-03-03,11.45,10.6755,12.0423
"995",64,2009-03-04,11.37,10.6644,12.0249
"996",65,2009-03-05,11.49,10.6537,12.0121
"997",66,2009-03-06,11.6,10.6438,11.9993
"998",67,2009-03-07,11.39,10.6337,11.9872
"999",68,2009-03-08,11.22,10.6233,11.9781
"1000",69,2009-03-09,10.74,10.6123,11.9706
"1001",70,2009-03-10,10.24,10.6009,11.9641
"1002",71,2009-03-11,9.98,10.588,11.957
"1003",72,2009-03-12,10.03,10.5734,11.9488
"1004",73,2009-03-13,10.27,10.5568,11.9359
"1005",74,2009-03-14,10.15,10.5383,11.921
"1006",75,2009-03-15,10.06,10.5177,11.9049
"1007",76,2009-03-16,10.26,10.4943,11.8839
"1008",77,2009-03-17,10.6,10.4679,11.8561
"1009",78,2009-03-18,10.65,10.439,11.8182
"1010",79,2009-03-19,10.49,10.4087,11.7701
"1011",80,2009-03-20,10.36,10.3784,11.7189
"1012",81,2009-03-21,9.87,10.3479,11.6673
"1013",82,2009-03-22,9.91,10.3177,11.6175
"1014",83,2009-03-23,9.29,10.2868,11.572
"1015",84,2009-03-24,9.39,10.2549,11.5278
"1016",85,2009-03-25,9.22,10.2223,11.4858
"1017",86,2009-03-26,9.11,10.1896,11.4475
"1018",87,2009-03-27,8.62,10.1571,11.4131
"1019",88,2009-03-28,8.63,10.1255,11.3811
"1020",89,2009-03-29,8.32,10.0944,11.355
"1021",90,2009-03-30,7.85,10.0637,11.3319
"1022",91,2009-03-31,7.94,10.032,11.3057
"1023",92,2009-04-01,8.14,9.9996,11.2758
"1024",93,2009-04-02,7.97,9.9663,11.2432
"1025",94,2009-04-03,7.82,9.9339,11.2106
"1026",95,2009-04-04,7.58,9.9032,11.177
"1027",96,2009-04-05,7.71,9.8741,11.1394
"1028",97,2009-04-06,8.18,9.847,11.0961
"1029",98,2009-04-07,8.71,9.8226,11.0556
"1030",99,2009-04-08,8.92,9.8002,11.0167
"1031",100,2009-04-09,9.49,9.7808,10.9794
"1032",101,2009-04-10,9.24,9.7628,10.9401
"1033",102,2009-04-11,9.1,9.747,10.8994
"1034",103,2009-04-12,8.87,9.7326,10.8601
"1035",104,2009-04-13,8.56,9.7205,10.8235
"1036",105,2009-04-14,8.7,9.7103,10.7845
"1037",106,2009-04-15,8.3,9.7021,10.7476
"1038",107,2009-04-16,8.42,9.696,10.7155
"1039",108,2009-04-17,NA,9.6917,10.6872
"1040",109,2009-04-18,NA,9.6892,10.6675
"1041",110,2009-04-19,NA,9.6872,10.6579
"1042",111,2009-04-20,NA,9.6849,10.6511
"1043",112,2009-04-21,9.51,9.6829,10.6453
"1044",113,2009-04-22,9.52,9.6821,10.6415
"1045",114,2009-04-23,9.35,9.6817,10.6328
"1046",115,2009-04-24,9.19,9.6831,10.6262
"1047",116,2009-04-25,8.95,9.6864,10.6286
"1048",117,2009-04-26,8.77,9.6907,10.6341
"1049",118,2009-04-27,8.56,9.6978,10.6425
"1050",119,2009-04-28,8.67,9.7062,10.6567
"1051",120,2009-04-29,8.45,9.7164,10.6713
"1052",121,2009-04-30,8.46,9.7279,10.6826
"1053",122,2009-05-01,8.93,9.741,10.6939
"1054",123,2009-05-02,8.84,9.7549,10.705
"1055",124,2009-05-03,9.17,9.7687,10.7142
"1056",125,2009-05-04,9.17,9.783,10.7215
"1057",126,2009-05-05,9.42,9.7962,10.7296
"1058",127,2009-05-06,10.32,9.8079,10.7369
"1059",128,2009-05-07,10.91,9.8183,10.7461
"1060",129,2009-05-08,9.61,9.826,10.752
"1061",130,2009-05-09,9.27,9.8322,10.7522
"1062",131,2009-05-10,9.07,9.8366,10.7494
"1063",132,2009-05-11,8.77,9.8415,10.7516
"1064",133,2009-05-12,8.53,9.8482,10.7581
"1065",134,2009-05-13,8.56,9.8574,10.7646
"1066",135,2009-05-14,8.31,9.8677,10.774
"1067",136,2009-05-15,NA,9.8792,10.7893
"1068",137,2009-05-16,NA,9.8923,10.8041
"1069",138,2009-05-17,NA,9.9078,10.8193
"1070",139,2009-05-18,NA,9.9265,10.8376
"1071",140,2009-05-19,8.95,9.9477,10.8583
"1072",141,2009-05-20,9,9.971,10.8863
"1073",142,2009-05-21,9.17,9.9962,10.9171
"1074",143,2009-05-22,9.16,10.0228,10.9485
"1075",144,2009-05-23,9.19,10.0491,10.9782
"1076",145,2009-05-24,8.9,10.0761,11.0126
"1077",146,2009-05-25,8.66,10.1035,11.0487
"1078",147,2009-05-26,8.73,10.1302,11.0759
"1079",148,2009-05-27,8.98,10.1574,11.0988
"1080",149,2009-05-28,9.08,10.1811,11.1171
"1081",150,2009-05-29,10.17,10.2015,11.1284
"1082",151,2009-05-30,11.04,10.2193,11.1365
"1083",152,2009-05-31,12.03,10.2356,11.1465
"1084",153,2009-06-01,11.4,10.2509,11.1578
"1085",154,2009-06-02,9.98,10.2648,11.1695
"1086",155,2009-06-03,9.98,10.278,11.183
"1087",156,2009-06-04,10.05,10.2905,11.1965
"1088",157,2009-06-05,12.05,10.304,11.2093
"1089",158,2009-06-06,12.38,10.3196,11.2228
"1090",159,2009-06-07,12.46,10.3365,11.2422
"1091",160,2009-06-08,10.88,10.3572,11.2736
"1092",161,2009-06-09,10,10.3818,11.3111
"1093",162,2009-06-10,10.76,10.4093,11.3558
"1094",163,2009-06-11,11.08,10.4374,11.3949
"1095",164,2009-06-12,11.6,10.4652,11.4343
"1096",165,2009-06-13,11.65,10.4933,11.4769
"1097",166,2009-06-14,NA,10.5236,11.5197
"1098",167,2009-06-15,NA,10.5555,11.5625
"1099",168,2009-06-16,11.67,10.5885,11.6079
"1100",169,2009-06-17,10.73,10.6202,11.6546
"1101",170,2009-06-18,11.22,10.6483,11.7003
"1102",171,2009-06-19,10.99,10.6736,11.7424
"1103",172,2009-06-20,10.15,10.6964,11.777
"1104",173,2009-06-21,10.49,10.7174,11.8095
"1105",174,2009-06-22,9.86,10.7379,11.8462
"1106",175,2009-06-23,9.68,10.7589,11.8935
"1107",176,2009-06-24,9.79,10.7802,11.9393
"1108",177,2009-06-25,9.73,10.7994,11.9802
"1109",178,2009-06-26,9.36,10.8169,12.0193
"1110",179,2009-06-27,9.6,10.8326,12.0502
"1111",180,2009-06-28,10.43,10.8508,12.0916
"1112",181,2009-06-29,10.99,10.8734,12.1366
"1113",182,2009-06-30,10.76,10.8993,12.1881
"1114",183,2009-07-01,11.12,10.9277,12.2466
"1115",184,2009-07-02,12.74,10.9581,12.3043
"1116",185,2009-07-03,13.18,10.9911,12.362
"1117",186,2009-07-04,13.74,11.0261,12.4176
"1118",187,2009-07-05,14.13,11.0609,12.4691
"1119",188,2009-07-06,13.99,11.0962,12.5205
"1120",189,2009-07-07,12.84,11.1315,12.572
"1121",190,2009-07-08,11.97,11.1671,12.6289
"1122",191,2009-07-09,11.22,11.2023,12.6778
"1123",192,2009-07-10,11.27,11.2364,12.7247
"1124",193,2009-07-11,10.91,11.2703,12.7686
"1125",194,2009-07-12,11.74,11.3047,12.8149
"1126",195,2009-07-13,11.9,11.3404,12.859
"1127",196,2009-07-14,11.47,11.3766,12.9028
"1128",197,2009-07-15,11.44,11.4117,12.9518
"1129",198,2009-07-16,11.4,11.4468,13.0005
"1130",199,2009-07-17,11.38,11.4825,13.0488
"1131",200,2009-07-18,11.56,11.5194,13.0971
"1132",201,2009-07-19,11.47,11.5588,13.1454
"1133",202,2009-07-20,11.08,11.5986,13.1932
"1134",203,2009-07-21,10.46,11.6385,13.2398
"1135",204,2009-07-22,10.4,11.6778,13.2786
"1136",205,2009-07-23,10.45,11.7149,13.3111
"1137",206,2009-07-24,10.32,11.7495,13.3321
"1138",207,2009-07-25,10.54,11.7815,13.3503
"1139",208,2009-07-26,10.76,11.8134,13.3665
"1140",209,2009-07-27,11.02,11.8456,13.3809
"1141",210,2009-07-28,11.2,11.8772,13.4015
"1142",211,2009-07-29,12.31,11.9069,13.4123
"1143",212,2009-07-30,13.01,11.934,13.4233
"1144",213,2009-07-31,12.96,11.9607,13.4309
"1145",214,2009-08-01,12.1,11.9872,13.433
"1146",215,2009-08-02,12.47,12.0143,13.4398
"1147",216,2009-08-03,13.18,12.0422,13.4509
"1148",217,2009-08-04,13.78,12.071,13.4702
"1149",218,2009-08-05,13.39,12.1028,13.4984
"1150",219,2009-08-06,12.82,12.1366,13.5309
"1151",220,2009-08-07,12.89,12.1716,13.5648
"1152",221,2009-08-08,13.11,12.2077,13.5923
"1153",222,2009-08-09,12.6,12.2447,13.6203
"1154",223,2009-08-10,12.12,12.2819,13.6513
"1155",224,2009-08-11,12.69,12.3166,13.6805
"1156",225,2009-08-12,12.44,12.3479,13.7094
"1157",226,2009-08-13,12.5,12.3744,13.731
"1158",227,2009-08-14,12.44,12.3969,13.7455
"1159",228,2009-08-15,12.27,12.4165,13.7496
"1160",229,2009-08-16,12.11,12.4319,13.748
"1161",230,2009-08-17,11.84,12.4431,13.7447
"1162",231,2009-08-18,11.31,12.4516,13.7419
"1163",232,2009-08-19,12.37,12.4572,13.7391
"1164",233,2009-08-20,13.48,12.4606,13.7363
"1165",234,2009-08-21,12.81,12.4624,13.7318
"1166",235,2009-08-22,12.09,12.465,13.7353
"1167",236,2009-08-23,11.19,12.4707,13.7432
"1168",237,2009-08-24,11.36,12.4792,13.756
"1169",238,2009-08-25,12.77,12.4908,13.7741
"1170",239,2009-08-26,12.29,12.5052,13.7988
"1171",240,2009-08-27,12.61,12.5212,13.8268
"1172",241,2009-08-28,12.63,12.5382,13.8541
"1173",242,2009-08-29,11.8,12.5559,13.8807
"1174",243,2009-08-30,12.04,12.5736,13.9047
"1175",244,2009-08-31,11.59,12.59,13.9276
"1176",245,2009-09-01,11.15,12.605,13.952
"1177",246,2009-09-02,11.61,12.617,13.9717
"1178",247,2009-09-03,12.07,12.6256,13.986
"1179",248,2009-09-04,12.2,12.6318,13.991
"1180",249,2009-09-05,12.41,12.634,13.9905
"1181",250,2009-09-06,13.56,12.6312,13.984
"1182",251,2009-09-07,12.59,12.6246,13.9762
"1183",252,2009-09-08,11.56,12.6142,13.9645
"1184",253,2009-09-09,11.69,12.5997,13.9401
"1185",254,2009-09-10,11.82,12.5818,13.9072
"1186",255,2009-09-11,12.38,12.5631,13.8731
"1187",256,2009-09-12,11.63,12.5455,13.8404
"1188",257,2009-09-13,11.42,12.529,13.8137
"1189",258,2009-09-14,11.86,12.5129,13.7894
"1190",259,2009-09-15,13.55,12.4969,13.7691
"1191",260,2009-09-16,13.21,12.4822,13.754
"1192",261,2009-09-17,12.22,12.4686,13.7403
"1193",262,2009-09-18,11.83,12.4551,13.7254
"1194",263,2009-09-19,11.68,12.4419,13.7095
"1195",264,2009-09-20,11.29,12.4302,13.6958
"1196",265,2009-09-21,11.55,12.4201,13.6905
"1197",266,2009-09-22,11.94,12.4088,13.6846
"1198",267,2009-09-23,12.02,12.3946,13.6723
"1199",268,2009-09-24,11.59,12.3778,13.6557
"1200",269,2009-09-25,11.31,12.359,13.6367
"1201",270,2009-09-26,11.28,12.3383,13.6155
"1202",271,2009-09-27,11.28,12.3168,13.5931
"1203",272,2009-09-28,11.4,12.2951,13.5741
"1204",273,2009-09-29,11.62,12.2737,13.5569
"1205",274,2009-09-30,11.21,12.2534,13.5431
"1206",275,2009-10-01,10.83,12.2335,13.5301
"1207",276,2009-10-02,10.68,12.214,13.5127
"1208",277,2009-10-03,10.54,12.1957,13.496
"1209",278,2009-10-04,10.31,12.1796,13.4807
"1210",279,2009-10-05,10.2,12.1659,13.4706
"1211",280,2009-10-06,10.46,12.1544,13.4625
"1212",281,2009-10-07,12.12,12.1457,13.4591
"1213",282,2009-10-08,12.03,12.138,13.4559
"1214",283,2009-10-09,11.66,12.1309,13.455
"1215",284,2009-10-10,11.74,12.1253,13.4654
"1216",285,2009-10-11,12.3,12.12,13.4807
"1217",286,2009-10-12,12.49,12.1156,13.4969
"1218",287,2009-10-13,12.55,12.112,13.5121
"1219",288,2009-10-14,12.02,12.11,13.5293
"1220",289,2009-10-15,12.04,12.109,13.5501
"1221",290,2009-10-16,12.3,12.1084,13.5709
"1222",291,2009-10-17,12.6,12.1077,13.5909
"1223",292,2009-10-18,12.53,12.1065,13.6089
"1224",293,2009-10-19,12.35,12.1065,13.6261
"1225",294,2009-10-20,12.07,12.1083,13.6441
"1226",295,2009-10-21,12.16,12.1106,13.6607
"1227",296,2009-10-22,11.68,12.1148,13.6718
"1228",297,2009-10-23,11.67,12.1205,13.6837
"1229",298,2009-10-24,11.99,12.1269,13.6996
"1230",299,2009-10-25,11.71,12.1342,13.714
"1231",300,2009-10-26,11.62,12.1418,13.7254
"1232",301,2009-10-27,10.99,12.1486,13.7345
"1233",302,2009-10-28,10.27,12.1541,13.7422
"1234",303,2009-10-29,10.2,12.1586,13.7481
"1235",304,2009-10-30,10.22,12.1615,13.7537
"1236",305,2009-10-31,10.31,12.1624,13.7562
"1237",306,2009-11-01,10.51,12.1615,13.7578
"1238",307,2009-11-02,10.59,12.1583,13.7601
"1239",308,2009-11-03,10.75,12.1533,13.7591
"1240",309,2009-11-04,11.38,12.1456,13.7568
"1241",310,2009-11-05,11.95,12.1345,13.753
"1242",311,2009-11-06,11.9,12.1209,13.7465
"1243",312,2009-11-07,11.5,12.1057,13.7384
"1244",313,2009-11-08,11.28,12.0903,13.7302
"1245",314,2009-11-09,11.24,12.0746,13.7238
"1246",315,2009-11-10,11.43,12.0572,13.7129
"1247",316,2009-11-11,11.56,12.0389,13.6985
"1248",317,2009-11-12,11.14,12.0195,13.682
"1249",318,2009-11-13,10.78,11.9992,13.661
"1250",319,2009-11-14,10.74,11.978,13.636
"1251",320,2009-11-15,10.49,11.9569,13.6042
"1252",321,2009-11-16,10.43,11.9362,13.5543
"1253",322,2009-11-17,10.54,11.9156,13.5036
"1254",323,2009-11-18,10.47,11.8951,13.4537
"1255",324,2009-11-19,10.37,11.8736,13.4044
"1256",325,2009-11-20,10.57,11.8513,13.3546
"1257",326,2009-11-21,10.58,11.8294,13.3058
"1258",327,2009-11-22,10.85,11.8068,13.2604
"1259",328,2009-11-23,NA,11.7842,13.2197
"1260",329,2009-11-24,10.4,11.7614,13.1803
"1261",330,2009-11-25,10.47,11.7375,13.14
"1262",331,2009-11-26,10.72,11.7131,13.1015
"1263",332,2009-11-27,10.77,11.6884,13.0641
"1264",333,2009-11-28,10.22,11.6641,13.0282
"1265",334,2009-11-29,10.13,11.6402,12.992
"1266",335,2009-11-30,9.95,11.6171,12.9541
"1267",336,2009-12-01,10.03,11.5948,12.9147
"1268",337,2009-12-02,10.12,11.5732,12.875
"1269",338,2009-12-03,10.06,11.5525,12.8345
"1270",339,2009-12-04,10.29,11.5322,12.7935
"1271",340,2009-12-05,10.27,11.513,12.7519
"1272",341,2009-12-06,9.94,11.4948,12.7088
"1273",342,2009-12-07,9.75,11.4773,12.666
"1274",343,2009-12-08,9.77,11.4605,12.6213
"1275",344,2009-12-09,9.97,11.4437,12.5767
"1276",345,2009-12-10,9.91,11.4271,12.529
"1277",346,2009-12-11,10.75,11.4114,12.4822
"1278",347,2009-12-12,10.77,11.3961,12.4369
"1279",348,2009-12-13,10.78,11.3808,12.3945
"1280",349,2009-12-14,10.61,11.3658,12.3561
"1281",350,2009-12-15,10.54,11.3514,12.3201
"1282",351,2009-12-16,11.05,11.3368,12.2888
"1283",352,2009-12-17,11.16,11.323,12.2765
"1284",353,2009-12-18,11.54,11.3099,12.2651
"1285",354,2009-12-19,11.33,11.2979,12.2572
"1286",355,2009-12-20,11.69,11.287,12.251
"1287",356,2009-12-21,11.96,11.277,12.2471
"1288",357,2009-12-22,11.23,11.267,12.2428
"1289",358,2009-12-23,10.66,11.2578,12.2372
"1290",359,2009-12-24,10.61,11.2488,12.2269
"1291",360,2009-12-25,10.68,11.2407,12.2155
"1292",361,2009-12-26,10.78,11.2334,12.2081
"1293",362,2009-12-27,11.86,11.2273,12.2007
"1294",363,2009-12-28,11.62,11.2228,12.1935
"1295",364,2009-12-29,11.12,11.2202,12.1872
"1296",365,2009-12-30,11.06,11.2189,12.183
"1297",366,2009-12-31,11.08,11.2182,12.1828
"1298",1,2010-01-01,11.25,11.2183,12.1845
"1299",2,2010-01-02,11.32,11.2192,12.1883
"1300",3,2010-01-03,11.32,11.2211,12.1965
"1301",4,2010-01-04,11.38,11.2241,12.2088
"1302",5,2010-01-05,11.5,11.2281,12.2236
"1303",6,2010-01-06,11.5,11.2333,12.2421
"1304",7,2010-01-07,11.7,11.2391,12.2628
"1305",8,2010-01-08,11.9,11.2448,12.2828
"1306",9,2010-01-09,12.04,11.2505,12.3013
"1307",10,2010-01-10,12.13,11.256,12.3206
"1308",11,2010-01-11,12.13,11.2619,12.3342
"1309",12,2010-01-12,12.3,11.2681,12.3474
"1310",13,2010-01-13,12.33,11.2742,12.3582
"1311",14,2010-01-14,12.33,11.2801,12.369
"1312",15,2010-01-15,12.43,11.2851,12.3793
"1313",16,2010-01-16,12.33,11.2895,12.3885
"1314",17,2010-01-17,12.33,11.2928,12.3964
"1315",18,2010-01-18,12.39,11.2955,12.4053
"1316",19,2010-01-19,12.46,11.2974,12.4121
"1317",20,2010-01-20,12.46,11.2984,12.4178
"1318",21,2010-01-21,12.3,11.2988,12.4227
"1319",22,2010-01-22,12.12,11.2982,12.4281
"1320",23,2010-01-23,12.12,11.2968,12.4324
"1321",24,2010-01-24,12.02,11.2952,12.4357
"1322",25,2010-01-25,12.04,11.2932,12.439
"1323",26,2010-01-26,12.12,11.2906,12.441
"1324",27,2010-01-27,12.13,11.287,12.4434
"1325",28,2010-01-28,12.1,11.2818,12.4461
"1326",29,2010-01-29,12.06,11.2746,12.4479
"1327",30,2010-01-30,12.05,11.2653,12.4485
"1328",31,2010-01-31,12.1,11.2542,12.4469
"1329",32,2010-02-01,12.09,11.2411,12.4442
"1330",33,2010-02-02,12.1,11.2264,12.4398
"1331",34,2010-02-03,12.21,11.2099,12.4318
"1332",35,2010-02-04,12.24,11.1909,12.4222
"1333",36,2010-02-05,12.28,11.1701,12.411
"1334",37,2010-02-06,12.34,11.1479,12.3955
"1335",38,2010-02-07,12.3,11.1245,12.3757
"1336",39,2010-02-08,12.25,11.1002,12.3559
"1337",40,2010-02-09,12.14,11.0755,12.3377
"1338",41,2010-02-10,12.13,11.0507,12.32
"1339",42,2010-02-11,12.13,11.0258,12.309
"1340",43,2010-02-12,12.27,11.0014,12.301
"1341",44,2010-02-13,12.34,10.9775,12.2936
"1342",45,2010-02-14,12.37,10.9548,12.2858
"1343",46,2010-02-15,12.47,10.934,12.2799
"1344",47,2010-02-16,12.41,10.9149,12.2777
"1345",48,2010-02-17,12.36,10.8971,12.276
"1346",49,2010-02-18,12.28,10.8802,12.2734
"1347",50,2010-02-19,12.15,10.864,12.2703
"1348",51,2010-02-20,11.91,10.848,12.2651
"1349",52,2010-02-21,11.87,10.8326,12.2578
"1350",53,2010-02-22,11.97,10.8181,12.2482
"1351",54,2010-02-23,11.96,10.8039,12.2367
"1352",55,2010-02-24,11.96,10.7892,12.223
"1353",56,2010-02-25,11.96,10.7744,12.2044
"1354",57,2010-02-26,12.05,10.759,12.1828
"1355",58,2010-02-27,12.15,10.7431,12.1564
"1356",59,2010-02-28,12.34,10.7272,12.1279
"1357",61,2010-03-01,12.37,10.6985,12.0806
"1358",62,2010-03-02,12.57,10.6867,12.0604
"1359",63,2010-03-03,12.63,10.6755,12.0423
"1360",64,2010-03-04,12.49,10.6644,12.0249
"1361",65,2010-03-05,12.58,10.6537,12.0121
"1362",66,2010-03-06,12.43,10.6438,11.9993
"1363",67,2010-03-07,12.47,10.6337,11.9872
"1364",68,2010-03-08,12,10.6233,11.9781
"1365",69,2010-03-09,11.52,10.6123,11.9706
"1366",70,2010-03-10,11,10.6009,11.9641
"1367",71,2010-03-11,10.53,10.588,11.957
"1368",72,2010-03-12,11.38,10.5734,11.9488
"1369",73,2010-03-13,10.76,10.5568,11.9359
"1370",74,2010-03-14,10.86,10.5383,11.921
"1371",75,2010-03-15,10.52,10.5177,11.9049
"1372",76,2010-03-16,10.78,10.4943,11.8839
"1373",77,2010-03-17,10.5,10.4679,11.8561
"1374",78,2010-03-18,10.17,10.439,11.8182
"1375",79,2010-03-19,10.22,10.4087,11.7701
"1376",80,2010-03-20,10.65,10.3784,11.7189
"1377",81,2010-03-21,10.69,10.3479,11.6673
"1378",82,2010-03-22,10.61,10.3177,11.6175
"1379",83,2010-03-23,10.12,10.2868,11.572
"1380",84,2010-03-24,9.97,10.2549,11.5278
"1381",85,2010-03-25,10.1,10.2223,11.4858
"1382",86,2010-03-26,9.91,10.1896,11.4475
"1383",87,2010-03-27,9.79,10.1571,11.4131
"1384",88,2010-03-28,10.38,10.1255,11.3811
"1385",89,2010-03-29,10.69,10.0944,11.355
"1386",90,2010-03-30,11.16,10.0637,11.3319
"1387",91,2010-03-31,NA,10.032,11.3057
"1388",92,2010-04-01,NA,9.9996,11.2758
"1389",93,2010-04-02,NA,9.9663,11.2432
"1390",94,2010-04-03,NA,9.9339,11.2106
"1391",95,2010-04-04,NA,9.9032,11.177
"1392",96,2010-04-05,NA,9.8741,11.1394
"1393",97,2010-04-06,NA,9.847,11.0961
"1394",98,2010-04-07,NA,9.8226,11.0556
"1395",99,2010-04-08,NA,9.8002,11.0167
"1396",100,2010-04-09,NA,9.7808,10.9794
"1397",101,2010-04-10,NA,9.7628,10.9401
"1398",102,2010-04-11,NA,9.747,10.8994
"1399",103,2010-04-12,NA,9.7326,10.8601
"1400",104,2010-04-13,NA,9.7205,10.8235
"1401",105,2010-04-14,NA,9.7103,10.7845
"1402",106,2010-04-15,NA,9.7021,10.7476
"1403",107,2010-04-16,NA,9.696,10.7155
"1404",108,2010-04-17,NA,9.6917,10.6872
"1405",109,2010-04-18,NA,9.6892,10.6675
"1406",110,2010-04-19,NA,9.6872,10.6579
"1407",111,2010-04-20,NA,9.6849,10.6511
"1408",112,2010-04-21,NA,9.6829,10.6453
"1409",113,2010-04-22,NA,9.6821,10.6415
"1410",114,2010-04-23,NA,9.6817,10.6328
"1411",115,2010-04-24,NA,9.6831,10.6262
"1412",116,2010-04-25,NA,9.6864,10.6286
"1413",117,2010-04-26,NA,9.6907,10.6341
"1414",118,2010-04-27,NA,9.6978,10.6425
"1415",119,2010-04-28,NA,9.7062,10.6567
"1416",120,2010-04-29,NA,9.7164,10.6713
"1417",121,2010-04-30,NA,9.7279,10.6826
"1418",122,2010-05-01,NA,9.741,10.6939
"1419",123,2010-05-02,NA,9.7549,10.705
"1420",124,2010-05-03,NA,9.7687,10.7142
"1421",125,2010-05-04,NA,9.783,10.7215
"1422",126,2010-05-05,NA,9.7962,10.7296
"1423",127,2010-05-06,NA,9.8079,10.7369
"1424",128,2010-05-07,NA,9.8183,10.7461
"1425",129,2010-05-08,NA,9.826,10.752
"1426",130,2010-05-09,NA,9.8322,10.7522
"1427",131,2010-05-10,NA,9.8366,10.7494
"1428",132,2010-05-11,NA,9.8415,10.7516
"1429",133,2010-05-12,NA,9.8482,10.7581
"1430",134,2010-05-13,NA,9.8574,10.7646
"1431",135,2010-05-14,NA,9.8677,10.774
"1432",136,2010-05-15,NA,9.8792,10.7893
"1433",137,2010-05-16,NA,9.8923,10.8041
"1434",138,2010-05-17,NA,9.9078,10.8193
"1435",139,2010-05-18,NA,9.9265,10.8376
"1436",140,2010-05-19,NA,9.9477,10.8583
"1437",141,2010-05-20,NA,9.971,10.8863
"1438",142,2010-05-21,NA,9.9962,10.9171
"1439",143,2010-05-22,NA,10.0228,10.9485
"1440",144,2010-05-23,NA,10.0491,10.9782
"1441",145,2010-05-24,NA,10.0761,11.0126
"1442",146,2010-05-25,NA,10.1035,11.0487
"1443",147,2010-05-26,NA,10.1302,11.0759
"1444",148,2010-05-27,NA,10.1574,11.0988
"1445",149,2010-05-28,NA,10.1811,11.1171
"1446",150,2010-05-29,NA,10.2015,11.1284
"1447",151,2010-05-30,NA,10.2193,11.1365
"1448",152,2010-05-31,NA,10.2356,11.1465
"1449",153,2010-06-01,NA,10.2509,11.1578
"1450",154,2010-06-02,NA,10.2648,11.1695
"1451",155,2010-06-03,NA,10.278,11.183
"1452",156,2010-06-04,NA,10.2905,11.1965
"1453",157,2010-06-05,NA,10.304,11.2093
"1454",158,2010-06-06,NA,10.3196,11.2228
"1455",159,2010-06-07,NA,10.3365,11.2422
"1456",160,2010-06-08,NA,10.3572,11.2736
"1457",161,2010-06-09,NA,10.3818,11.3111
"1458",162,2010-06-10,NA,10.4093,11.3558
"1459",163,2010-06-11,NA,10.4374,11.3949
"1460",164,2010-06-12,NA,10.4652,11.4343
"1461",165,2010-06-13,NA,10.4933,11.4769
"1462",166,2010-06-14,NA,10.5236,11.5197
"1463",167,2010-06-15,NA,10.5555,11.5625
"1464",168,2010-06-16,NA,10.5885,11.6079
"1465",169,2010-06-17,NA,10.6202,11.6546
"1466",170,2010-06-18,NA,10.6483,11.7003
"1467",171,2010-06-19,NA,10.6736,11.7424
"1468",172,2010-06-20,NA,10.6964,11.777
"1469",173,2010-06-21,NA,10.7174,11.8095
"1470",174,2010-06-22,NA,10.7379,11.8462
"1471",175,2010-06-23,NA,10.7589,11.8935
"1472",176,2010-06-24,NA,10.7802,11.9393
"1473",177,2010-06-25,NA,10.7994,11.9802
"1474",178,2010-06-26,NA,10.8169,12.0193
"1475",179,2010-06-27,NA,10.8326,12.0502
"1476",180,2010-06-28,NA,10.8508,12.0916
"1477",181,2010-06-29,NA,10.8734,12.1366
"1478",182,2010-06-30,NA,10.8993,12.1881
"1479",183,2010-07-01,NA,10.9277,12.2466
"1480",184,2010-07-02,NA,10.9581,12.3043
"1481",185,2010-07-03,NA,10.9911,12.362
"1482",186,2010-07-04,NA,11.0261,12.4176
"1483",187,2010-07-05,NA,11.0609,12.4691
"1484",188,2010-07-06,NA,11.0962,12.5205
"1485",189,2010-07-07,NA,11.1315,12.572
"1486",190,2010-07-08,NA,11.1671,12.6289
"1487",191,2010-07-09,NA,11.2023,12.6778
"1488",192,2010-07-10,NA,11.2364,12.7247
"1489",193,2010-07-11,NA,11.2703,12.7686
"1490",194,2010-07-12,NA,11.3047,12.8149
"1491",195,2010-07-13,NA,11.3404,12.859
"1492",196,2010-07-14,NA,11.3766,12.9028
"1493",197,2010-07-15,NA,11.4117,12.9518
"1494",198,2010-07-16,NA,11.4468,13.0005
"1495",199,2010-07-17,NA,11.4825,13.0488
"1496",200,2010-07-18,NA,11.5194,13.0971
"1497",201,2010-07-19,NA,11.5588,13.1454
"1498",202,2010-07-20,NA,11.5986,13.1932
"1499",203,2010-07-21,NA,11.6385,13.2398
"1500",204,2010-07-22,NA,11.6778,13.2786
"1501",205,2010-07-23,NA,11.7149,13.3111
"1502",206,2010-07-24,NA,11.7495,13.3321
"1503",207,2010-07-25,NA,11.7815,13.3503
"1504",208,2010-07-26,NA,11.8134,13.3665
"1505",209,2010-07-27,NA,11.8456,13.3809
"1506",210,2010-07-28,NA,11.8772,13.4015
"1507",211,2010-07-29,NA,11.9069,13.4123
"1508",212,2010-07-30,NA,11.934,13.4233
"1509",213,2010-07-31,NA,11.9607,13.4309
"1510",214,2010-08-01,NA,11.9872,13.433
"1511",215,2010-08-02,NA,12.0143,13.4398
"1512",216,2010-08-03,NA,12.0422,13.4509
"1513",217,2010-08-04,NA,12.071,13.4702
"1514",218,2010-08-05,NA,12.1028,13.4984
"1515",219,2010-08-06,NA,12.1366,13.5309
"1516",220,2010-08-07,NA,12.1716,13.5648
"1517",221,2010-08-08,NA,12.2077,13.5923
"1518",222,2010-08-09,NA,12.2447,13.6203
"1519",223,2010-08-10,NA,12.2819,13.6513
"1520",224,2010-08-11,NA,12.3166,13.6805
"1521",225,2010-08-12,NA,12.3479,13.7094
"1522",226,2010-08-13,NA,12.3744,13.731
"1523",227,2010-08-14,NA,12.3969,13.7455
"1524",228,2010-08-15,NA,12.4165,13.7496
"1525",229,2010-08-16,NA,12.4319,13.748
"1526",230,2010-08-17,NA,12.4431,13.7447
"1527",231,2010-08-18,NA,12.4516,13.7419
"1528",232,2010-08-19,NA,12.4572,13.7391
"1529",233,2010-08-20,NA,12.4606,13.7363
"1530",234,2010-08-21,NA,12.4624,13.7318
"1531",235,2010-08-22,NA,12.465,13.7353
"1532",236,2010-08-23,NA,12.4707,13.7432
"1533",237,2010-08-24,NA,12.4792,13.756
"1534",238,2010-08-25,NA,12.4908,13.7741
"1535",239,2010-08-26,NA,12.5052,13.7988
"1536",240,2010-08-27,NA,12.5212,13.8268
"1537",241,2010-08-28,NA,12.5382,13.8541
"1538",242,2010-08-29,NA,12.5559,13.8807
"1539",243,2010-08-30,NA,12.5736,13.9047
"1540",244,2010-08-31,NA,12.59,13.9276
"1541",245,2010-09-01,NA,12.605,13.952
"1542",246,2010-09-02,NA,12.617,13.9717
"1543",247,2010-09-03,NA,12.6256,13.986
"1544",248,2010-09-04,NA,12.6318,13.991
"1545",249,2010-09-05,NA,12.634,13.9905
"1546",250,2010-09-06,NA,12.6312,13.984
"1547",251,2010-09-07,NA,12.6246,13.9762
"1548",252,2010-09-08,NA,12.6142,13.9645
"1549",253,2010-09-09,NA,12.5997,13.9401
"1550",254,2010-09-10,NA,12.5818,13.9072
"1551",255,2010-09-11,NA,12.5631,13.8731
"1552",256,2010-09-12,NA,12.5455,13.8404
"1553",257,2010-09-13,NA,12.529,13.8137
"1554",258,2010-09-14,NA,12.5129,13.7894
"1555",259,2010-09-15,NA,12.4969,13.7691
"1556",260,2010-09-16,NA,12.4822,13.754
"1557",261,2010-09-17,NA,12.4686,13.7403
"1558",262,2010-09-18,NA,12.4551,13.7254
"1559",263,2010-09-19,NA,12.4419,13.7095
"1560",264,2010-09-20,NA,12.4302,13.6958
"1561",265,2010-09-21,NA,12.4201,13.6905
"1562",266,2010-09-22,NA,12.4088,13.6846
"1563",267,2010-09-23,NA,12.3946,13.6723
"1564",268,2010-09-24,NA,12.3778,13.6557
"1565",269,2010-09-25,NA,12.359,13.6367
"1566",270,2010-09-26,NA,12.3383,13.6155
"1567",271,2010-09-27,NA,12.3168,13.5931
"1568",272,2010-09-28,NA,12.2951,13.5741
"1569",273,2010-09-29,NA,12.2737,13.5569
"1570",274,2010-09-30,NA,12.2534,13.5431
"1571",275,2010-10-01,NA,12.2335,13.5301
"1572",276,2010-10-02,NA,12.214,13.5127
"1573",277,2010-10-03,NA,12.1957,13.496
"1574",278,2010-10-04,NA,12.1796,13.4807
"1575",279,2010-10-05,NA,12.1659,13.4706
"1576",280,2010-10-06,NA,12.1544,13.4625
"1577",281,2010-10-07,NA,12.1457,13.4591
"1578",282,2010-10-08,NA,12.138,13.4559
"1579",283,2010-10-09,NA,12.1309,13.455
"1580",284,2010-10-10,NA,12.1253,13.4654
"1581",285,2010-10-11,NA,12.12,13.4807
"1582",286,2010-10-12,NA,12.1156,13.4969
"1583",287,2010-10-13,NA,12.112,13.5121
"1584",288,2010-10-14,NA,12.11,13.5293
"1585",289,2010-10-15,NA,12.109,13.5501
"1586",290,2010-10-16,NA,12.1084,13.5709
"1587",291,2010-10-17,NA,12.1077,13.5909
"1588",292,2010-10-18,NA,12.1065,13.6089
"1589",293,2010-10-19,NA,12.1065,13.6261
"1590",294,2010-10-20,NA,12.1083,13.6441
"1591",295,2010-10-21,NA,12.1106,13.6607
"1592",296,2010-10-22,NA,12.1148,13.6718
"1593",297,2010-10-23,NA,12.1205,13.6837
"1594",298,2010-10-24,NA,12.1269,13.6996
"1595",299,2010-10-25,NA,12.1342,13.714
"1596",300,2010-10-26,NA,12.1418,13.7254
"1597",301,2010-10-27,NA,12.1486,13.7345
"1598",302,2010-10-28,NA,12.1541,13.7422
"1599",303,2010-10-29,NA,12.1586,13.7481
"1600",304,2010-10-30,NA,12.1615,13.7537
"1601",305,2010-10-31,NA,12.1624,13.7562
"1602",306,2010-11-01,NA,12.1615,13.7578
"1603",307,2010-11-02,NA,12.1583,13.7601
"1604",308,2010-11-03,NA,12.1533,13.7591
"1605",309,2010-11-04,NA,12.1456,13.7568
"1606",310,2010-11-05,NA,12.1345,13.753
"1607",311,2010-11-06,NA,12.1209,13.7465
"1608",312,2010-11-07,NA,12.1057,13.7384
"1609",313,2010-11-08,NA,12.0903,13.7302
"1610",314,2010-11-09,NA,12.0746,13.7238
"1611",315,2010-11-10,NA,12.0572,13.7129
"1612",316,2010-11-11,NA,12.0389,13.6985
"1613",317,2010-11-12,NA,12.0195,13.682
"1614",318,2010-11-13,NA,11.9992,13.661
"1615",319,2010-11-14,NA,11.978,13.636
"1616",320,2010-11-15,NA,11.9569,13.6042
"1617",321,2010-11-16,NA,11.9362,13.5543
"1618",322,2010-11-17,NA,11.9156,13.5036
"1619",323,2010-11-18,NA,11.8951,13.4537
"1620",324,2010-11-19,NA,11.8736,13.4044
"1621",325,2010-11-20,NA,11.8513,13.3546
"1622",326,2010-11-21,NA,11.8294,13.3058
"1623",327,2010-11-22,NA,11.8068,13.2604
"1624",328,2010-11-23,NA,11.7842,13.2197
"1625",329,2010-11-24,NA,11.7614,13.1803
"1626",330,2010-11-25,NA,11.7375,13.14
"1627",331,2010-11-26,NA,11.7131,13.1015
"1628",332,2010-11-27,NA,11.6884,13.0641
"1629",333,2010-11-28,NA,11.6641,13.0282
"1630",334,2010-11-29,NA,11.6402,12.992
"1631",335,2010-11-30,NA,11.6171,12.9541
"1632",336,2010-12-01,NA,11.5948,12.9147
"1633",337,2010-12-02,NA,11.5732,12.875
"1634",338,2010-12-03,NA,11.5525,12.8345
"1635",339,2010-12-04,NA,11.5322,12.7935
"1636",340,2010-12-05,NA,11.513,12.7519
"1637",341,2010-12-06,NA,11.4948,12.7088
"1638",342,2010-12-07,NA,11.4773,12.666
"1639",343,2010-12-08,NA,11.4605,12.6213
"1640",344,2010-12-09,NA,11.4437,12.5767
"1641",345,2010-12-10,NA,11.4271,12.529
"1642",346,2010-12-11,NA,11.4114,12.4822
"1643",347,2010-12-12,NA,11.3961,12.4369
"1644",348,2010-12-13,NA,11.3808,12.3945
"1645",349,2010-12-14,NA,11.3658,12.3561
"1646",350,2010-12-15,NA,11.3514,12.3201
"1647",351,2010-12-16,NA,11.3368,12.2888
"1648",352,2010-12-17,NA,11.323,12.2765
"1649",353,2010-12-18,NA,11.3099,12.2651
"1650",354,2010-12-19,NA,11.2979,12.2572
"1651",355,2010-12-20,NA,11.287,12.251
"1652",356,2010-12-21,NA,11.277,12.2471
"1653",357,2010-12-22,NA,11.267,12.2428
"1654",358,2010-12-23,NA,11.2578,12.2372
"1655",359,2010-12-24,NA,11.2488,12.2269
"1656",360,2010-12-25,NA,11.2407,12.2155
"1657",361,2010-12-26,NA,11.2334,12.2081
"1658",362,2010-12-27,NA,11.2273,12.2007
"1659",363,2010-12-28,NA,11.2228,12.1935
"1660",364,2010-12-29,NA,11.2202,12.1872
"1661",365,2010-12-30,NA,11.2189,12.183
"1662",366,2010-12-31,NA,11.2182,12.1828
"1663",1,2011-01-01,NA,11.2183,12.1845
"1664",2,2011-01-02,NA,11.2192,12.1883
"1665",3,2011-01-03,NA,11.2211,12.1965
"1666",4,2011-01-04,NA,11.2241,12.2088
"1667",5,2011-01-05,NA,11.2281,12.2236
"1668",6,2011-01-06,NA,11.2333,12.2421
"1669",7,2011-01-07,NA,11.2391,12.2628
"1670",8,2011-01-08,NA,11.2448,12.2828
"1671",9,2011-01-09,NA,11.2505,12.3013
"1672",10,2011-01-10,NA,11.256,12.3206
"1673",11,2011-01-11,NA,11.2619,12.3342
"1674",12,2011-01-12,NA,11.2681,12.3474
"1675",13,2011-01-13,NA,11.2742,12.3582
"1676",14,2011-01-14,NA,11.2801,12.369
"1677",15,2011-01-15,NA,11.2851,12.3793
"1678",16,2011-01-16,NA,11.2895,12.3885
"1679",17,2011-01-17,NA,11.2928,12.3964
"1680",18,2011-01-18,NA,11.2955,12.4053
"1681",19,2011-01-19,NA,11.2974,12.4121
"1682",20,2011-01-20,NA,11.2984,12.4178
"1683",21,2011-01-21,NA,11.2988,12.4227
"1684",22,2011-01-22,NA,11.2982,12.4281
"1685",23,2011-01-23,NA,11.2968,12.4324
"1686",24,2011-01-24,NA,11.2952,12.4357
"1687",25,2011-01-25,NA,11.2932,12.439
"1688",26,2011-01-26,NA,11.2906,12.441
"1689",27,2011-01-27,NA,11.287,12.4434
"1690",28,2011-01-28,NA,11.2818,12.4461
"1691",29,2011-01-29,NA,11.2746,12.4479
"1692",30,2011-01-30,NA,11.2653,12.4485
"1693",31,2011-01-31,NA,11.2542,12.4469
"1694",32,2011-02-01,NA,11.2411,12.4442
"1695",33,2011-02-02,NA,11.2264,12.4398
"1696",34,2011-02-03,NA,11.2099,12.4318
"1697",35,2011-02-04,NA,11.1909,12.4222
"1698",36,2011-02-05,NA,11.1701,12.411
"1699",37,2011-02-06,NA,11.1479,12.3955
"1700",38,2011-02-07,NA,11.1245,12.3757
"1701",39,2011-02-08,NA,11.1002,12.3559
"1702",40,2011-02-09,NA,11.0755,12.3377
"1703",41,2011-02-10,NA,11.0507,12.32
"1704",42,2011-02-11,NA,11.0258,12.309
"1705",43,2011-02-12,NA,11.0014,12.301
"1706",44,2011-02-13,NA,10.9775,12.2936
"1707",45,2011-02-14,NA,10.9548,12.2858
"1708",46,2011-02-15,NA,10.934,12.2799
"1709",47,2011-02-16,NA,10.9149,12.2777
"1710",48,2011-02-17,NA,10.8971,12.276
"1711",49,2011-02-18,NA,10.8802,12.2734
"1712",50,2011-02-19,NA,10.864,12.2703
"1713",51,2011-02-20,NA,10.848,12.2651
"1714",52,2011-02-21,NA,10.8326,12.2578
"1715",53,2011-02-22,NA,10.8181,12.2482
"1716",54,2011-02-23,NA,10.8039,12.2367
"1717",55,2011-02-24,NA,10.7892,12.223
"1718",56,2011-02-25,NA,10.7744,12.2044
"1719",57,2011-02-26,NA,10.759,12.1828
"1720",58,2011-02-27,NA,10.7431,12.1564
"1721",59,2011-02-28,NA,10.7272,12.1279
"1722",61,2011-03-01,NA,10.6985,12.0806
"1723",62,2011-03-02,NA,10.6867,12.0604
"1724",63,2011-03-03,NA,10.6755,12.0423
"1725",64,2011-03-04,NA,10.6644,12.0249
"1726",65,2011-03-05,NA,10.6537,12.0121
"1727",66,2011-03-06,NA,10.6438,11.9993
"1728",67,2011-03-07,NA,10.6337,11.9872
"1729",68,2011-03-08,NA,10.6233,11.9781
"1730",69,2011-03-09,NA,10.6123,11.9706
"1731",70,2011-03-10,NA,10.6009,11.9641
"1732",71,2011-03-11,NA,10.588,11.957
"1733",72,2011-03-12,NA,10.5734,11.9488
"1734",73,2011-03-13,NA,10.5568,11.9359
"1735",74,2011-03-14,NA,10.5383,11.921
"1736",75,2011-03-15,NA,10.5177,11.9049
"1737",76,2011-03-16,NA,10.4943,11.8839
"1738",77,2011-03-17,NA,10.4679,11.8561
"1739",78,2011-03-18,NA,10.439,11.8182
"1740",79,2011-03-19,NA,10.4087,11.7701
"1741",80,2011-03-20,NA,10.3784,11.7189
"1742",81,2011-03-21,NA,10.3479,11.6673
"1743",82,2011-03-22,NA,10.3177,11.6175
"1744",83,2011-03-23,NA,10.2868,11.572
"1745",84,2011-03-24,NA,10.2549,11.5278
"1746",85,2011-03-25,NA,10.2223,11.4858
"1747",86,2011-03-26,NA,10.1896,11.4475
"1748",87,2011-03-27,NA,10.1571,11.4131
"1749",88,2011-03-28,NA,10.1255,11.3811
"1750",89,2011-03-29,NA,10.0944,11.355
"1751",90,2011-03-30,NA,10.0637,11.3319
"1752",91,2011-03-31,NA,10.032,11.3057
"1753",92,2011-04-01,NA,9.9996,11.2758
"1754",93,2011-04-02,NA,9.9663,11.2432
"1755",94,2011-04-03,NA,9.9339,11.2106
"1756",95,2011-04-04,NA,9.9032,11.177
"1757",96,2011-04-05,NA,9.8741,11.1394
"1758",97,2011-04-06,NA,9.847,11.0961
"1759",98,2011-04-07,NA,9.8226,11.0556
"1760",99,2011-04-08,NA,9.8002,11.0167
"1761",100,2011-04-09,NA,9.7808,10.9794
"1762",101,2011-04-10,NA,9.7628,10.9401
"1763",102,2011-04-11,NA,9.747,10.8994
"1764",103,2011-04-12,NA,9.7326,10.8601
"1765",104,2011-04-13,NA,9.7205,10.8235
"1766",105,2011-04-14,NA,9.7103,10.7845
"1767",106,2011-04-15,NA,9.7021,10.7476
"1768",107,2011-04-16,NA,9.696,10.7155
"1769",108,2011-04-17,NA,9.6917,10.6872
"1770",109,2011-04-18,NA,9.6892,10.6675
"1771",110,2011-04-19,NA,9.6872,10.6579
"1772",111,2011-04-20,NA,9.6849,10.6511
"1773",112,2011-04-21,NA,9.6829,10.6453
"1774",113,2011-04-22,NA,9.6821,10.6415
"1775",114,2011-04-23,NA,9.6817,10.6328
"1776",115,2011-04-24,NA,9.6831,10.6262
"1777",116,2011-04-25,NA,9.6864,10.6286
"1778",117,2011-04-26,NA,9.6907,10.6341
"1779",118,2011-04-27,NA,9.6978,10.6425
"1780",119,2011-04-28,NA,9.7062,10.6567
"1781",120,2011-04-29,NA,9.7164,10.6713
"1782",121,2011-04-30,NA,9.7279,10.6826
"1783",122,2011-05-01,NA,9.741,10.6939
"1784",123,2011-05-02,NA,9.7549,10.705
"1785",124,2011-05-03,NA,9.7687,10.7142
"1786",125,2011-05-04,NA,9.783,10.7215
"1787",126,2011-05-05,NA,9.7962,10.7296
"1788",127,2011-05-06,NA,9.8079,10.7369
"1789",128,2011-05-07,NA,9.8183,10.7461
"1790",129,2011-05-08,NA,9.826,10.752
"1791",130,2011-05-09,NA,9.8322,10.7522
"1792",131,2011-05-10,NA,9.8366,10.7494
"1793",132,2011-05-11,NA,9.8415,10.7516
"1794",133,2011-05-12,NA,9.8482,10.7581
"1795",134,2011-05-13,NA,9.8574,10.7646
"1796",135,2011-05-14,NA,9.8677,10.774
"1797",136,2011-05-15,NA,9.8792,10.7893
"1798",137,2011-05-16,NA,9.8923,10.8041
"1799",138,2011-05-17,NA,9.9078,10.8193
"1800",139,2011-05-18,NA,9.9265,10.8376
"1801",140,2011-05-19,NA,9.9477,10.8583
"1802",141,2011-05-20,NA,9.971,10.8863
"1803",142,2011-05-21,NA,9.9962,10.9171
"1804",143,2011-05-22,NA,10.0228,10.9485
"1805",144,2011-05-23,NA,10.0491,10.9782
"1806",145,2011-05-24,NA,10.0761,11.0126
"1807",146,2011-05-25,NA,10.1035,11.0487
"1808",147,2011-05-26,NA,10.1302,11.0759
"1809",148,2011-05-27,NA,10.1574,11.0988
"1810",149,2011-05-28,NA,10.1811,11.1171
"1811",150,2011-05-29,NA,10.2015,11.1284
"1812",151,2011-05-30,NA,10.2193,11.1365
"1813",152,2011-05-31,NA,10.2356,11.1465
"1814",153,2011-06-01,NA,10.2509,11.1578
"1815",154,2011-06-02,NA,10.2648,11.1695
"1816",155,2011-06-03,NA,10.278,11.183
"1817",156,2011-06-04,NA,10.2905,11.1965
"1818",157,2011-06-05,NA,10.304,11.2093
"1819",158,2011-06-06,NA,10.3196,11.2228
"1820",159,2011-06-07,NA,10.3365,11.2422
"1821",160,2011-06-08,NA,10.3572,11.2736
"1822",161,2011-06-09,NA,10.3818,11.3111
"1823",162,2011-06-10,NA,10.4093,11.3558
"1824",163,2011-06-11,NA,10.4374,11.3949
"1825",164,2011-06-12,NA,10.4652,11.4343
"1826",165,2011-06-13,NA,10.4933,11.4769
"1827",166,2011-06-14,NA,10.5236,11.5197
"1828",167,2011-06-15,NA,10.5555,11.5625
"1829",168,2011-06-16,NA,10.5885,11.6079
"1830",169,2011-06-17,NA,10.6202,11.6546
"1831",170,2011-06-18,NA,10.6483,11.7003
"1832",171,2011-06-19,NA,10.6736,11.7424
"1833",172,2011-06-20,NA,10.6964,11.777
"1834",173,2011-06-21,NA,10.7174,11.8095
"1835",174,2011-06-22,NA,10.7379,11.8462
"1836",175,2011-06-23,NA,10.7589,11.8935
"1837",176,2011-06-24,NA,10.7802,11.9393
"1838",177,2011-06-25,NA,10.7994,11.9802
"1839",178,2011-06-26,NA,10.8169,12.0193
"1840",179,2011-06-27,NA,10.8326,12.0502
"1841",180,2011-06-28,NA,10.8508,12.0916
"1842",181,2011-06-29,NA,10.8734,12.1366
"1843",182,2011-06-30,NA,10.8993,12.1881
"1844",183,2011-07-01,NA,10.9277,12.2466
"1845",184,2011-07-02,NA,10.9581,12.3043
"1846",185,2011-07-03,NA,10.9911,12.362
"1847",186,2011-07-04,NA,11.0261,12.4176
"1848",187,2011-07-05,NA,11.0609,12.4691
"1849",188,2011-07-06,NA,11.0962,12.5205
"1850",189,2011-07-07,NA,11.1315,12.572
"1851",190,2011-07-08,NA,11.1671,12.6289
"1852",191,2011-07-09,NA,11.2023,12.6778
"1853",192,2011-07-10,NA,11.2364,12.7247
"1854",193,2011-07-11,NA,11.2703,12.7686
"1855",194,2011-07-12,NA,11.3047,12.8149
"1856",195,2011-07-13,NA,11.3404,12.859
"1857",196,2011-07-14,NA,11.3766,12.9028
"1858",197,2011-07-15,NA,11.4117,12.9518
"1859",198,2011-07-16,NA,11.4468,13.0005
"1860",199,2011-07-17,NA,11.4825,13.0488
"1861",200,2011-07-18,NA,11.5194,13.0971
"1862",201,2011-07-19,NA,11.5588,13.1454
"1863",202,2011-07-20,NA,11.5986,13.1932
"1864",203,2011-07-21,NA,11.6385,13.2398
"1865",204,2011-07-22,NA,11.6778,13.2786
"1866",205,2011-07-23,NA,11.7149,13.3111
"1867",206,2011-07-24,NA,11.7495,13.3321
"1868",207,2011-07-25,NA,11.7815,13.3503
"1869",208,2011-07-26,NA,11.8134,13.3665
"1870",209,2011-07-27,NA,11.8456,13.3809
"1871",210,2011-07-28,NA,11.8772,13.4015
"1872",211,2011-07-29,NA,11.9069,13.4123
"1873",212,2011-07-30,NA,11.934,13.4233
"1874",213,2011-07-31,NA,11.9607,13.4309
"1875",214,2011-08-01,NA,11.9872,13.433
"1876",215,2011-08-02,NA,12.0143,13.4398
"1877",216,2011-08-03,NA,12.0422,13.4509
"1878",217,2011-08-04,NA,12.071,13.4702
"1879",218,2011-08-05,NA,12.1028,13.4984
"1880",219,2011-08-06,NA,12.1366,13.5309
"1881",220,2011-08-07,NA,12.1716,13.5648
"1882",221,2011-08-08,NA,12.2077,13.5923
"1883",222,2011-08-09,NA,12.2447,13.6203
"1884",223,2011-08-10,NA,12.2819,13.6513
"1885",224,2011-08-11,NA,12.3166,13.6805
"1886",225,2011-08-12,NA,12.3479,13.7094
"1887",226,2011-08-13,NA,12.3744,13.731
"1888",227,2011-08-14,NA,12.3969,13.7455
"1889",228,2011-08-15,NA,12.4165,13.7496
"1890",229,2011-08-16,NA,12.4319,13.748
"1891",230,2011-08-17,NA,12.4431,13.7447
"1892",231,2011-08-18,NA,12.4516,13.7419
"1893",232,2011-08-19,NA,12.4572,13.7391
"1894",233,2011-08-20,NA,12.4606,13.7363
"1895",234,2011-08-21,NA,12.4624,13.7318
"1896",235,2011-08-22,NA,12.465,13.7353
"1897",236,2011-08-23,NA,12.4707,13.7432
"1898",237,2011-08-24,NA,12.4792,13.756
"1899",238,2011-08-25,NA,12.4908,13.7741
"1900",239,2011-08-26,NA,12.5052,13.7988
"1901",240,2011-08-27,NA,12.5212,13.8268
"1902",241,2011-08-28,NA,12.5382,13.8541
"1903",242,2011-08-29,NA,12.5559,13.8807
"1904",243,2011-08-30,NA,12.5736,13.9047
"1905",244,2011-08-31,NA,12.59,13.9276
"1906",245,2011-09-01,NA,12.605,13.952
"1907",246,2011-09-02,NA,12.617,13.9717
"1908",247,2011-09-03,NA,12.6256,13.986
"1909",248,2011-09-04,NA,12.6318,13.991
"1910",249,2011-09-05,NA,12.634,13.9905
"1911",250,2011-09-06,NA,12.6312,13.984
"1912",251,2011-09-07,NA,12.6246,13.9762
"1913",252,2011-09-08,NA,12.6142,13.9645
"1914",253,2011-09-09,NA,12.5997,13.9401
"1915",254,2011-09-10,NA,12.5818,13.9072
"1916",255,2011-09-11,NA,12.5631,13.8731
"1917",256,2011-09-12,NA,12.5455,13.8404
"1918",257,2011-09-13,NA,12.529,13.8137
"1919",258,2011-09-14,NA,12.5129,13.7894
"1920",259,2011-09-15,NA,12.4969,13.7691
"1921",260,2011-09-16,NA,12.4822,13.754
"1922",261,2011-09-17,NA,12.4686,13.7403
"1923",262,2011-09-18,NA,12.4551,13.7254
"1924",263,2011-09-19,NA,12.4419,13.7095
"1925",264,2011-09-20,NA,12.4302,13.6958
"1926",265,2011-09-21,NA,12.4201,13.6905
"1927",266,2011-09-22,NA,12.4088,13.6846
"1928",267,2011-09-23,NA,12.3946,13.6723
"1929",268,2011-09-24,NA,12.3778,13.6557
"1930",269,2011-09-25,NA,12.359,13.6367
"1931",270,2011-09-26,NA,12.3383,13.6155
"1932",271,2011-09-27,NA,12.3168,13.5931
"1933",272,2011-09-28,NA,12.2951,13.5741
"1934",273,2011-09-29,NA,12.2737,13.5569
"1935",274,2011-09-30,NA,12.2534,13.5431
"1936",275,2011-10-01,NA,12.2335,13.5301
"1937",276,2011-10-02,NA,12.214,13.5127
"1938",277,2011-10-03,NA,12.1957,13.496
"1939",278,2011-10-04,NA,12.1796,13.4807
"1940",279,2011-10-05,NA,12.1659,13.4706
"1941",280,2011-10-06,NA,12.1544,13.4625
"1942",281,2011-10-07,NA,12.1457,13.4591
"1943",282,2011-10-08,NA,12.138,13.4559
"1944",283,2011-10-09,NA,12.1309,13.455
"1945",284,2011-10-10,NA,12.1253,13.4654
"1946",285,2011-10-11,NA,12.12,13.4807
"1947",286,2011-10-12,NA,12.1156,13.4969
"1948",287,2011-10-13,NA,12.112,13.5121
"1949",288,2011-10-14,NA,12.11,13.5293
"1950",289,2011-10-15,NA,12.109,13.5501
"1951",290,2011-10-16,NA,12.1084,13.5709
"1952",291,2011-10-17,NA,12.1077,13.5909
"1953",292,2011-10-18,NA,12.1065,13.6089
"1954",293,2011-10-19,NA,12.1065,13.6261
"1955",294,2011-10-20,NA,12.1083,13.6441
"1956",295,2011-10-21,NA,12.1106,13.6607
"1957",296,2011-10-22,NA,12.1148,13.6718
"1958",297,2011-10-23,NA,12.1205,13.6837
"1959",298,2011-10-24,NA,12.1269,13.6996
"1960",299,2011-10-25,NA,12.1342,13.714
"1961",300,2011-10-26,NA,12.1418,13.7254
"1962",301,2011-10-27,NA,12.1486,13.7345
"1963",302,2011-10-28,NA,12.1541,13.7422
"1964",303,2011-10-29,NA,12.1586,13.7481
"1965",304,2011-10-30,NA,12.1615,13.7537
"1966",305,2011-10-31,NA,12.1624,13.7562
"1967",306,2011-11-01,NA,12.1615,13.7578
"1968",307,2011-11-02,NA,12.1583,13.7601
"1969",308,2011-11-03,NA,12.1533,13.7591
"1970",309,2011-11-04,NA,12.1456,13.7568
"1971",310,2011-11-05,NA,12.1345,13.753
"1972",311,2011-11-06,NA,12.1209,13.7465
"1973",312,2011-11-07,NA,12.1057,13.7384
"1974",313,2011-11-08,NA,12.0903,13.7302
"1975",314,2011-11-09,NA,12.0746,13.7238
"1976",315,2011-11-10,NA,12.0572,13.7129
"1977",316,2011-11-11,NA,12.0389,13.6985
"1978",317,2011-11-12,NA,12.0195,13.682
"1979",318,2011-11-13,NA,11.9992,13.661
"1980",319,2011-11-14,NA,11.978,13.636
"1981",320,2011-11-15,NA,11.9569,13.6042
"1982",321,2011-11-16,NA,11.9362,13.5543
"1983",322,2011-11-17,NA,11.9156,13.5036
"1984",323,2011-11-18,NA,11.8951,13.4537
"1985",324,2011-11-19,NA,11.8736,13.4044
"1986",325,2011-11-20,NA,11.8513,13.3546
"1987",326,2011-11-21,NA,11.8294,13.3058
"1988",327,2011-11-22,NA,11.8068,13.2604
"1989",328,2011-11-23,NA,11.7842,13.2197
"1990",329,2011-11-24,NA,11.7614,13.1803
"1991",330,2011-11-25,NA,11.7375,13.14
"1992",331,2011-11-26,NA,11.7131,13.1015
"1993",332,2011-11-27,NA,11.6884,13.0641
"1994",333,2011-11-28,NA,11.6641,13.0282
"1995",334,2011-11-29,NA,11.6402,12.992
"1996",335,2011-11-30,NA,11.6171,12.9541
"1997",336,2011-12-01,NA,11.5948,12.9147
"1998",337,2011-12-02,NA,11.5732,12.875
"1999",338,2011-12-03,NA,11.5525,12.8345
"2000",339,2011-12-04,NA,11.5322,12.7935
"2001",340,2011-12-05,NA,11.513,12.7519
"2002",341,2011-12-06,NA,11.4948,12.7088
"2003",342,2011-12-07,NA,11.4773,12.666
"2004",343,2011-12-08,NA,11.4605,12.6213
"2005",344,2011-12-09,NA,11.4437,12.5767
"2006",345,2011-12-10,NA,11.4271,12.529
"2007",346,2011-12-11,NA,11.4114,12.4822
"2008",347,2011-12-12,NA,11.3961,12.4369
"2009",348,2011-12-13,NA,11.3808,12.3945
"2010",349,2011-12-14,NA,11.3658,12.3561
"2011",350,2011-12-15,NA,11.3514,12.3201
"2012",351,2011-12-16,NA,11.3368,12.2888
"2013",352,2011-12-17,NA,11.323,12.2765
"2014",353,2011-12-18,NA,11.3099,12.2651
"2015",354,2011-12-19,NA,11.2979,12.2572
"2016",355,2011-12-20,NA,11.287,12.251
"2017",356,2011-12-21,NA,11.277,12.2471
"2018",357,2011-12-22,NA,11.267,12.2428
"2019",358,2011-12-23,NA,11.2578,12.2372
"2020",359,2011-12-24,NA,11.2488,12.2269
"2021",360,2011-12-25,NA,11.2407,12.2155
"2022",361,2011-12-26,NA,11.2334,12.2081
"2023",362,2011-12-27,NA,11.2273,12.2007
"2024",363,2011-12-28,NA,11.2228,12.1935
"2025",364,2011-12-29,NA,11.2202,12.1872
"2026",365,2011-12-30,NA,11.2189,12.183
"2027",366,2011-12-31,NA,11.2182,12.1828
"2028",1,2012-01-01,NA,11.2183,12.1845
"2029",2,2012-01-02,NA,11.2192,12.1883
"2030",3,2012-01-03,NA,11.2211,12.1965
"2031",4,2012-01-04,NA,11.2241,12.2088
"2032",5,2012-01-05,NA,11.2281,12.2236
"2033",6,2012-01-06,NA,11.2333,12.2421
"2034",7,2012-01-07,NA,11.2391,12.2628
"2035",8,2012-01-08,NA,11.2448,12.2828
"2036",9,2012-01-09,NA,11.2505,12.3013
"2037",10,2012-01-10,NA,11.256,12.3206
"2038",11,2012-01-11,NA,11.2619,12.3342
"2039",12,2012-01-12,NA,11.2681,12.3474
"2040",13,2012-01-13,NA,11.2742,12.3582
"2041",14,2012-01-14,NA,11.2801,12.369
"2042",15,2012-01-15,NA,11.2851,12.3793
"2043",16,2012-01-16,NA,11.2895,12.3885
"2044",17,2012-01-17,NA,11.2928,12.3964
"2045",18,2012-01-18,NA,11.2955,12.4053
"2046",19,2012-01-19,NA,11.2974,12.4121
"2047",20,2012-01-20,NA,11.2984,12.4178
"2048",21,2012-01-21,NA,11.2988,12.4227
"2049",22,2012-01-22,NA,11.2982,12.4281
"2050",23,2012-01-23,NA,11.2968,12.4324
"2051",24,2012-01-24,NA,11.2952,12.4357
"2052",25,2012-01-25,NA,11.2932,12.439
"2053",26,2012-01-26,NA,11.2906,12.441
"2054",27,2012-01-27,NA,11.287,12.4434
"2055",28,2012-01-28,NA,11.2818,12.4461
"2056",29,2012-01-29,NA,11.2746,12.4479
"2057",30,2012-01-30,NA,11.2653,12.4485
"2058",31,2012-01-31,NA,11.2542,12.4469
"2059",32,2012-02-01,NA,11.2411,12.4442
"2060",33,2012-02-02,NA,11.2264,12.4398
"2061",34,2012-02-03,NA,11.2099,12.4318
"2062",35,2012-02-04,NA,11.1909,12.4222
"2063",36,2012-02-05,NA,11.1701,12.411
"2064",37,2012-02-06,NA,11.1479,12.3955
"2065",38,2012-02-07,NA,11.1245,12.3757
"2066",39,2012-02-08,NA,11.1002,12.3559
"2067",40,2012-02-09,NA,11.0755,12.3377
"2068",41,2012-02-10,NA,11.0507,12.32
"2069",42,2012-02-11,NA,11.0258,12.309
"2070",43,2012-02-12,NA,11.0014,12.301
"2071",44,2012-02-13,NA,10.9775,12.2936
"2072",45,2012-02-14,NA,10.9548,12.2858
"2073",46,2012-02-15,NA,10.934,12.2799
"2074",47,2012-02-16,NA,10.9149,12.2777
"2075",48,2012-02-17,NA,10.8971,12.276
"2076",49,2012-02-18,NA,10.8802,12.2734
"2077",50,2012-02-19,NA,10.864,12.2703
"2078",51,2012-02-20,NA,10.848,12.2651
"2079",52,2012-02-21,NA,10.8326,12.2578
"2080",53,2012-02-22,NA,10.8181,12.2482
"2081",54,2012-02-23,NA,10.8039,12.2367
"2082",55,2012-02-24,NA,10.7892,12.223
"2083",56,2012-02-25,NA,10.7744,12.2044
"2084",57,2012-02-26,NA,10.759,12.1828
"2085",58,2012-02-27,NA,10.7431,12.1564
"2086",59,2012-02-28,NA,10.7272,12.1279
"2087",60,2012-02-29,NA,10.7122,12.1025
"2088",61,2012-03-01,NA,10.6985,12.0806
"2089",62,2012-03-02,NA,10.6867,12.0604
"2090",63,2012-03-03,NA,10.6755,12.0423
"2091",64,2012-03-04,NA,10.6644,12.0249
"2092",65,2012-03-05,NA,10.6537,12.0121
"2093",66,2012-03-06,NA,10.6438,11.9993
"2094",67,2012-03-07,NA,10.6337,11.9872
"2095",68,2012-03-08,NA,10.6233,11.9781
"2096",69,2012-03-09,NA,10.6123,11.9706
"2097",70,2012-03-10,NA,10.6009,11.9641
"2098",71,2012-03-11,NA,10.588,11.957
"2099",72,2012-03-12,NA,10.5734,11.9488
"2100",73,2012-03-13,NA,10.5568,11.9359
"2101",74,2012-03-14,NA,10.5383,11.921
"2102",75,2012-03-15,NA,10.5177,11.9049
"2103",76,2012-03-16,NA,10.4943,11.8839
"2104",77,2012-03-17,NA,10.4679,11.8561
"2105",78,2012-03-18,NA,10.439,11.8182
"2106",79,2012-03-19,NA,10.4087,11.7701
"2107",80,2012-03-20,NA,10.3784,11.7189
"2108",81,2012-03-21,NA,10.3479,11.6673
"2109",82,2012-03-22,NA,10.3177,11.6175
"2110",83,2012-03-23,NA,10.2868,11.572
"2111",84,2012-03-24,NA,10.2549,11.5278
"2112",85,2012-03-25,NA,10.2223,11.4858
"2113",86,2012-03-26,NA,10.1896,11.4475
"2114",87,2012-03-27,NA,10.1571,11.4131
"2115",88,2012-03-28,NA,10.1255,11.3811
"2116",89,2012-03-29,NA,10.0944,11.355
"2117",90,2012-03-30,NA,10.0637,11.3319
"2118",91,2012-03-31,NA,10.032,11.3057
"2119",92,2012-04-01,NA,9.9996,11.2758
"2120",93,2012-04-02,NA,9.9663,11.2432
"2121",94,2012-04-03,NA,9.9339,11.2106
"2122",95,2012-04-04,NA,9.9032,11.177
"2123",96,2012-04-05,NA,9.8741,11.1394
"2124",97,2012-04-06,NA,9.847,11.0961
"2125",98,2012-04-07,NA,9.8226,11.0556
"2126",99,2012-04-08,NA,9.8002,11.0167
"2127",100,2012-04-09,NA,9.7808,10.9794
"2128",101,2012-04-10,NA,9.7628,10.9401
"2129",102,2012-04-11,NA,9.747,10.8994
"2130",103,2012-04-12,NA,9.7326,10.8601
"2131",104,2012-04-13,NA,9.7205,10.8235
"2132",105,2012-04-14,NA,9.7103,10.7845
"2133",106,2012-04-15,NA,9.7021,10.7476
"2134",107,2012-04-16,NA,9.696,10.7155
"2135",108,2012-04-17,NA,9.6917,10.6872
"2136",109,2012-04-18,NA,9.6892,10.6675
"2137",110,2012-04-19,NA,9.6872,10.6579
"2138",111,2012-04-20,NA,9.6849,10.6511
"2139",112,2012-04-21,NA,9.6829,10.6453
"2140",113,2012-04-22,NA,9.6821,10.6415
"2141",114,2012-04-23,NA,9.6817,10.6328
"2142",115,2012-04-24,NA,9.6831,10.6262
"2143",116,2012-04-25,NA,9.6864,10.6286
"2144",117,2012-04-26,NA,9.6907,10.6341
"2145",118,2012-04-27,NA,9.6978,10.6425
"2146",119,2012-04-28,NA,9.7062,10.6567
"2147",120,2012-04-29,NA,9.7164,10.6713
"2148",121,2012-04-30,NA,9.7279,10.6826
"2149",122,2012-05-01,NA,9.741,10.6939
"2150",123,2012-05-02,NA,9.7549,10.705
"2151",124,2012-05-03,NA,9.7687,10.7142
"2152",125,2012-05-04,NA,9.783,10.7215
"2153",126,2012-05-05,NA,9.7962,10.7296
"2154",127,2012-05-06,NA,9.8079,10.7369
"2155",128,2012-05-07,NA,9.8183,10.7461
"2156",129,2012-05-08,NA,9.826,10.752
"2157",130,2012-05-09,NA,9.8322,10.7522
"2158",131,2012-05-10,NA,9.8366,10.7494
"2159",132,2012-05-11,NA,9.8415,10.7516
"2160",133,2012-05-12,NA,9.8482,10.7581
"2161",134,2012-05-13,NA,9.8574,10.7646
"2162",135,2012-05-14,NA,9.8677,10.774
"2163",136,2012-05-15,NA,9.8792,10.7893
"2164",137,2012-05-16,NA,9.8923,10.8041
"2165",138,2012-05-17,NA,9.9078,10.8193
"2166",139,2012-05-18,NA,9.9265,10.8376
"2167",140,2012-05-19,NA,9.9477,10.8583
"2168",141,2012-05-20,NA,9.971,10.8863
"2169",142,2012-05-21,NA,9.9962,10.9171
"2170",143,2012-05-22,NA,10.0228,10.9485
"2171",144,2012-05-23,NA,10.0491,10.9782
"2172",145,2012-05-24,NA,10.0761,11.0126
"2173",146,2012-05-25,NA,10.1035,11.0487
"2174",147,2012-05-26,NA,10.1302,11.0759
"2175",148,2012-05-27,NA,10.1574,11.0988
"2176",149,2012-05-28,NA,10.1811,11.1171
"2177",150,2012-05-29,NA,10.2015,11.1284
"2178",151,2012-05-30,NA,10.2193,11.1365
"2179",152,2012-05-31,NA,10.2356,11.1465
"2180",153,2012-06-01,NA,10.2509,11.1578
"2181",154,2012-06-02,NA,10.2648,11.1695
"2182",155,2012-06-03,NA,10.278,11.183
"2183",156,2012-06-04,NA,10.2905,11.1965
"2184",157,2012-06-05,NA,10.304,11.2093
"2185",158,2012-06-06,NA,10.3196,11.2228
"2186",159,2012-06-07,NA,10.3365,11.2422
"2187",160,2012-06-08,NA,10.3572,11.2736
"2188",161,2012-06-09,NA,10.3818,11.3111
"2189",162,2012-06-10,NA,10.4093,11.3558
"2190",163,2012-06-11,NA,10.4374,11.3949
"2191",164,2012-06-12,NA,10.4652,11.4343
"2192",165,2012-06-13,NA,10.4933,11.4769
"2193",166,2012-06-14,NA,10.5236,11.5197
"2194",167,2012-06-15,NA,10.5555,11.5625
"2195",168,2012-06-16,NA,10.5885,11.6079
"2196",169,2012-06-17,NA,10.6202,11.6546
"2197",170,2012-06-18,NA,10.6483,11.7003
"2198",171,2012-06-19,NA,10.6736,11.7424
"2199",172,2012-06-20,NA,10.6964,11.777
"2200",173,2012-06-21,NA,10.7174,11.8095
"2201",174,2012-06-22,NA,10.7379,11.8462
"2202",175,2012-06-23,NA,10.7589,11.8935
"2203",176,2012-06-24,NA,10.7802,11.9393
"2204",177,2012-06-25,NA,10.7994,11.9802
"2205",178,2012-06-26,NA,10.8169,12.0193
"2206",179,2012-06-27,NA,10.8326,12.0502
"2207",180,2012-06-28,NA,10.8508,12.0916
"2208",181,2012-06-29,NA,10.8734,12.1366
"2209",182,2012-06-30,NA,10.8993,12.1881
"2210",183,2012-07-01,NA,10.9277,12.2466
"2211",184,2012-07-02,NA,10.9581,12.3043
"2212",185,2012-07-03,NA,10.9911,12.362
"2213",186,2012-07-04,NA,11.0261,12.4176
"2214",187,2012-07-05,NA,11.0609,12.4691
"2215",188,2012-07-06,NA,11.0962,12.5205
"2216",189,2012-07-07,NA,11.1315,12.572
"2217",190,2012-07-08,NA,11.1671,12.6289
"2218",191,2012-07-09,NA,11.2023,12.6778
"2219",192,2012-07-10,NA,11.2364,12.7247
"2220",193,2012-07-11,NA,11.2703,12.7686
"2221",194,2012-07-12,NA,11.3047,12.8149
"2222",195,2012-07-13,NA,11.3404,12.859
"2223",196,2012-07-14,NA,11.3766,12.9028
"2224",197,2012-07-15,NA,11.4117,12.9518
"2225",198,2012-07-16,NA,11.4468,13.0005
"2226",199,2012-07-17,NA,11.4825,13.0488
"2227",200,2012-07-18,NA,11.5194,13.0971
"2228",201,2012-07-19,NA,11.5588,13.1454
"2229",202,2012-07-20,NA,11.5986,13.1932
"2230",203,2012-07-21,NA,11.6385,13.2398
"2231",204,2012-07-22,NA,11.6778,13.2786
"2232",205,2012-07-23,NA,11.7149,13.3111
"2233",206,2012-07-24,NA,11.7495,13.3321
"2234",207,2012-07-25,NA,11.7815,13.3503
"2235",208,2012-07-26,NA,11.8134,13.3665
"2236",209,2012-07-27,NA,11.8456,13.3809
"2237",210,2012-07-28,NA,11.8772,13.4015
"2238",211,2012-07-29,NA,11.9069,13.4123
"2239",212,2012-07-30,NA,11.934,13.4233
"2240",213,2012-07-31,NA,11.9607,13.4309
"2241",214,2012-08-01,NA,11.9872,13.433
"2242",215,2012-08-02,NA,12.0143,13.4398
"2243",216,2012-08-03,NA,12.0422,13.4509
"2244",217,2012-08-04,NA,12.071,13.4702
"2245",218,2012-08-05,NA,12.1028,13.4984
"2246",219,2012-08-06,NA,12.1366,13.5309
"2247",220,2012-08-07,NA,12.1716,13.5648
"2248",221,2012-08-08,NA,12.2077,13.5923
"2249",222,2012-08-09,NA,12.2447,13.6203
"2250",223,2012-08-10,NA,12.2819,13.6513
"2251",224,2012-08-11,NA,12.3166,13.6805
"2252",225,2012-08-12,NA,12.3479,13.7094
"2253",226,2012-08-13,NA,12.3744,13.731
"2254",227,2012-08-14,NA,12.3969,13.7455
"2255",228,2012-08-15,NA,12.4165,13.7496
"2256",229,2012-08-16,NA,12.4319,13.748
"2257",230,2012-08-17,NA,12.4431,13.7447
"2258",231,2012-08-18,NA,12.4516,13.7419
"2259",232,2012-08-19,NA,12.4572,13.7391
"2260",233,2012-08-20,NA,12.4606,13.7363
"2261",234,2012-08-21,NA,12.4624,13.7318
"2262",235,2012-08-22,NA,12.465,13.7353
"2263",236,2012-08-23,NA,12.4707,13.7432
"2264",237,2012-08-24,NA,12.4792,13.756
"2265",238,2012-08-25,NA,12.4908,13.7741
"2266",239,2012-08-26,NA,12.5052,13.7988
"2267",240,2012-08-27,NA,12.5212,13.8268
"2268",241,2012-08-28,NA,12.5382,13.8541
"2269",242,2012-08-29,NA,12.5559,13.8807
"2270",243,2012-08-30,NA,12.5736,13.9047
"2271",244,2012-08-31,NA,12.59,13.9276
"2272",245,2012-09-01,NA,12.605,13.952
"2273",246,2012-09-02,NA,12.617,13.9717
"2274",247,2012-09-03,NA,12.6256,13.986
"2275",248,2012-09-04,NA,12.6318,13.991
"2276",249,2012-09-05,NA,12.634,13.9905
"2277",250,2012-09-06,NA,12.6312,13.984
"2278",251,2012-09-07,NA,12.6246,13.9762
"2279",252,2012-09-08,NA,12.6142,13.9645
"2280",253,2012-09-09,NA,12.5997,13.9401
"2281",254,2012-09-10,NA,12.5818,13.9072
"2282",255,2012-09-11,NA,12.5631,13.8731
"2283",256,2012-09-12,NA,12.5455,13.8404
"2284",257,2012-09-13,NA,12.529,13.8137
"2285",258,2012-09-14,NA,12.5129,13.7894
"2286",259,2012-09-15,NA,12.4969,13.7691
"2287",260,2012-09-16,NA,12.4822,13.754
"2288",261,2012-09-17,NA,12.4686,13.7403
"2289",262,2012-09-18,NA,12.4551,13.7254
"2290",263,2012-09-19,NA,12.4419,13.7095
"2291",264,2012-09-20,NA,12.4302,13.6958
"2292",265,2012-09-21,NA,12.4201,13.6905
"2293",266,2012-09-22,NA,12.4088,13.6846
"2294",267,2012-09-23,NA,12.3946,13.6723
"2295",268,2012-09-24,NA,12.3778,13.6557
"2296",269,2012-09-25,NA,12.359,13.6367
"2297",270,2012-09-26,NA,12.3383,13.6155
"2298",271,2012-09-27,NA,12.3168,13.5931
"2299",272,2012-09-28,NA,12.2951,13.5741
"2300",273,2012-09-29,NA,12.2737,13.5569
"2301",274,2012-09-30,NA,12.2534,13.5431
"2302",275,2012-10-01,NA,12.2335,13.5301
"2303",276,2012-10-02,NA,12.214,13.5127
"2304",277,2012-10-03,NA,12.1957,13.496
"2305",278,2012-10-04,NA,12.1796,13.4807
"2306",279,2012-10-05,NA,12.1659,13.4706
"2307",280,2012-10-06,NA,12.1544,13.4625
"2308",281,2012-10-07,NA,12.1457,13.4591
"2309",282,2012-10-08,NA,12.138,13.4559
"2310",283,2012-10-09,NA,12.1309,13.455
"2311",284,2012-10-10,NA,12.1253,13.4654
"2312",285,2012-10-11,NA,12.12,13.4807
"2313",286,2012-10-12,NA,12.1156,13.4969
"2314",287,2012-10-13,NA,12.112,13.5121
"2315",288,2012-10-14,NA,12.11,13.5293
"2316",289,2012-10-15,NA,12.109,13.5501
"2317",290,2012-10-16,NA,12.1084,13.5709
"2318",291,2012-10-17,NA,12.1077,13.5909
"2319",292,2012-10-18,NA,12.1065,13.6089
"2320",293,2012-10-19,NA,12.1065,13.6261
"2321",294,2012-10-20,NA,12.1083,13.6441
"2322",295,2012-10-21,NA,12.1106,13.6607
"2323",296,2012-10-22,NA,12.1148,13.6718
"2324",297,2012-10-23,NA,12.1205,13.6837
"2325",298,2012-10-24,NA,12.1269,13.6996
"2326",299,2012-10-25,NA,12.1342,13.714
"2327",300,2012-10-26,NA,12.1418,13.7254
"2328",301,2012-10-27,NA,12.1486,13.7345
"2329",302,2012-10-28,NA,12.1541,13.7422
"2330",303,2012-10-29,NA,12.1586,13.7481
"2331",304,2012-10-30,NA,12.1615,13.7537
"2332",305,2012-10-31,NA,12.1624,13.7562
"2333",306,2012-11-01,NA,12.1615,13.7578
"2334",307,2012-11-02,NA,12.1583,13.7601
"2335",308,2012-11-03,NA,12.1533,13.7591
"2336",309,2012-11-04,NA,12.1456,13.7568
"2337",310,2012-11-05,NA,12.1345,13.753
"2338",311,2012-11-06,NA,12.1209,13.7465
"2339",312,2012-11-07,NA,12.1057,13.7384
"2340",313,2012-11-08,NA,12.0903,13.7302
"2341",314,2012-11-09,NA,12.0746,13.7238
"2342",315,2012-11-10,NA,12.0572,13.7129
"2343",316,2012-11-11,NA,12.0389,13.6985
"2344",317,2012-11-12,NA,12.0195,13.682
"2345",318,2012-11-13,NA,11.9992,13.661
"2346",319,2012-11-14,NA,11.978,13.636
"2347",320,2012-11-15,NA,11.9569,13.6042
"2348",321,2012-11-16,NA,11.9362,13.5543
"2349",322,2012-11-17,NA,11.9156,13.5036
"2350",323,2012-11-18,NA,11.8951,13.4537
"2351",324,2012-11-19,NA,11.8736,13.4044
"2352",325,2012-11-20,NA,11.8513,13.3546
"2353",326,2012-11-21,NA,11.8294,13.3058
"2354",327,2012-11-22,NA,11.8068,13.2604
"2355",328,2012-11-23,NA,11.7842,13.2197
"2356",329,2012-11-24,NA,11.7614,13.1803
"2357",330,2012-11-25,NA,11.7375,13.14
"2358",331,2012-11-26,NA,11.7131,13.1015
"2359",332,2012-11-27,NA,11.6884,13.0641
"2360",333,2012-11-28,NA,11.6641,13.0282
"2361",334,2012-11-29,NA,11.6402,12.992
"2362",335,2012-11-30,NA,11.6171,12.9541
"2363",336,2012-12-01,NA,11.5948,12.9147
"2364",337,2012-12-02,NA,11.5732,12.875
"2365",338,2012-12-03,NA,11.5525,12.8345
"2366",339,2012-12-04,NA,11.5322,12.7935
"2367",340,2012-12-05,NA,11.513,12.7519
"2368",341,2012-12-06,NA,11.4948,12.7088
"2369",342,2012-12-07,NA,11.4773,12.666
"2370",343,2012-12-08,NA,11.4605,12.6213
"2371",344,2012-12-09,NA,11.4437,12.5767
"2372",345,2012-12-10,NA,11.4271,12.529
"2373",346,2012-12-11,NA,11.4114,12.4822
"2374",347,2012-12-12,NA,11.3961,12.4369
"2375",348,2012-12-13,NA,11.3808,12.3945
"2376",349,2012-12-14,NA,11.3658,12.3561
"2377",350,2012-12-15,NA,11.3514,12.3201
"2378",351,2012-12-16,NA,11.3368,12.2888
"2379",352,2012-12-17,NA,11.323,12.2765
"2380",353,2012-12-18,NA,11.3099,12.2651
"2381",354,2012-12-19,NA,11.2979,12.2572
"2382",355,2012-12-20,NA,11.287,12.251
"2383",356,2012-12-21,NA,11.277,12.2471
"2384",357,2012-12-22,NA,11.267,12.2428
"2385",358,2012-12-23,NA,11.2578,12.2372
"2386",359,2012-12-24,NA,11.2488,12.2269
"2387",360,2012-12-25,NA,11.2407,12.2155
"2388",361,2012-12-26,NA,11.2334,12.2081
"2389",362,2012-12-27,NA,11.2273,12.2007
"2390",363,2012-12-28,NA,11.2228,12.1935
"2391",364,2012-12-29,NA,11.2202,12.1872
"2392",365,2012-12-30,NA,11.2189,12.183
"2393",366,2012-12-31,NA,11.2182,12.1828
"2394",1,2013-01-01,NA,11.2183,12.1845
"2395",2,2013-01-02,NA,11.2192,12.1883
"2396",3,2013-01-03,NA,11.2211,12.1965
"2397",4,2013-01-04,NA,11.2241,12.2088
"2398",5,2013-01-05,NA,11.2281,12.2236
"2399",6,2013-01-06,NA,11.2333,12.2421
"2400",7,2013-01-07,NA,11.2391,12.2628
"2401",8,2013-01-08,NA,11.2448,12.2828
"2402",9,2013-01-09,NA,11.2505,12.3013
"2403",10,2013-01-10,NA,11.256,12.3206
"2404",11,2013-01-11,NA,11.2619,12.3342
"2405",12,2013-01-12,NA,11.2681,12.3474
"2406",13,2013-01-13,NA,11.2742,12.3582
"2407",14,2013-01-14,NA,11.2801,12.369
"2408",15,2013-01-15,NA,11.2851,12.3793
"2409",16,2013-01-16,NA,11.2895,12.3885
"2410",17,2013-01-17,NA,11.2928,12.3964
"2411",18,2013-01-18,NA,11.2955,12.4053
"2412",19,2013-01-19,NA,11.2974,12.4121
"2413",20,2013-01-20,NA,11.2984,12.4178
"2414",21,2013-01-21,NA,11.2988,12.4227
"2415",22,2013-01-22,NA,11.2982,12.4281
"2416",23,2013-01-23,NA,11.2968,12.4324
"2417",24,2013-01-24,NA,11.2952,12.4357
"2418",25,2013-01-25,NA,11.2932,12.439
"2419",26,2013-01-26,NA,11.2906,12.441
"2420",27,2013-01-27,NA,11.287,12.4434
"2421",28,2013-01-28,NA,11.2818,12.4461
"2422",29,2013-01-29,NA,11.2746,12.4479
"2423",30,2013-01-30,NA,11.2653,12.4485
"2424",31,2013-01-31,NA,11.2542,12.4469
"2425",32,2013-02-01,NA,11.2411,12.4442
"2426",33,2013-02-02,NA,11.2264,12.4398
"2427",34,2013-02-03,NA,11.2099,12.4318
"2428",35,2013-02-04,NA,11.1909,12.4222
"2429",36,2013-02-05,NA,11.1701,12.411
"2430",37,2013-02-06,NA,11.1479,12.3955
"2431",38,2013-02-07,NA,11.1245,12.3757
"2432",39,2013-02-08,NA,11.1002,12.3559
"2433",40,2013-02-09,NA,11.0755,12.3377
"2434",41,2013-02-10,NA,11.0507,12.32
"2435",42,2013-02-11,NA,11.0258,12.309
"2436",43,2013-02-12,NA,11.0014,12.301
"2437",44,2013-02-13,NA,10.9775,12.2936
"2438",45,2013-02-14,NA,10.9548,12.2858
"2439",46,2013-02-15,NA,10.934,12.2799
"2440",47,2013-02-16,NA,10.9149,12.2777
"2441",48,2013-02-17,NA,10.8971,12.276
"2442",49,2013-02-18,NA,10.8802,12.2734
"2443",50,2013-02-19,NA,10.864,12.2703
"2444",51,2013-02-20,NA,10.848,12.2651
"2445",52,2013-02-21,NA,10.8326,12.2578
"2446",53,2013-02-22,NA,10.8181,12.2482
"2447",54,2013-02-23,NA,10.8039,12.2367
"2448",55,2013-02-24,NA,10.7892,12.223
"2449",56,2013-02-25,NA,10.7744,12.2044
"2450",57,2013-02-26,NA,10.759,12.1828
"2451",58,2013-02-27,NA,10.7431,12.1564
"2452",59,2013-02-28,NA,10.7272,12.1279
"2453",61,2013-03-01,NA,10.6985,12.0806
"2454",62,2013-03-02,NA,10.6867,12.0604
"2455",63,2013-03-03,NA,10.6755,12.0423
"2456",64,2013-03-04,NA,10.6644,12.0249
"2457",65,2013-03-05,NA,10.6537,12.0121
"2458",66,2013-03-06,NA,10.6438,11.9993
"2459",67,2013-03-07,NA,10.6337,11.9872
"2460",68,2013-03-08,NA,10.6233,11.9781
"2461",69,2013-03-09,NA,10.6123,11.9706
"2462",70,2013-03-10,NA,10.6009,11.9641
"2463",71,2013-03-11,NA,10.588,11.957
"2464",72,2013-03-12,NA,10.5734,11.9488
"2465",73,2013-03-13,NA,10.5568,11.9359
"2466",74,2013-03-14,NA,10.5383,11.921
"2467",75,2013-03-15,NA,10.5177,11.9049
"2468",76,2013-03-16,NA,10.4943,11.8839
"2469",77,2013-03-17,NA,10.4679,11.8561
"2470",78,2013-03-18,NA,10.439,11.8182
"2471",79,2013-03-19,NA,10.4087,11.7701
"2472",80,2013-03-20,NA,10.3784,11.7189
"2473",81,2013-03-21,NA,10.3479,11.6673
"2474",82,2013-03-22,NA,10.3177,11.6175
"2475",83,2013-03-23,NA,10.2868,11.572
"2476",84,2013-03-24,NA,10.2549,11.5278
"2477",85,2013-03-25,NA,10.2223,11.4858
"2478",86,2013-03-26,NA,10.1896,11.4475
"2479",87,2013-03-27,NA,10.1571,11.4131
"2480",88,2013-03-28,NA,10.1255,11.3811
"2481",89,2013-03-29,NA,10.0944,11.355
"2482",90,2013-03-30,NA,10.0637,11.3319
"2483",91,2013-03-31,NA,10.032,11.3057
"2484",92,2013-04-01,NA,9.9996,11.2758
"2485",93,2013-04-02,NA,9.9663,11.2432
"2486",94,2013-04-03,NA,9.9339,11.2106
"2487",95,2013-04-04,NA,9.9032,11.177
"2488",96,2013-04-05,NA,9.8741,11.1394
"2489",97,2013-04-06,NA,9.847,11.0961
"2490",98,2013-04-07,NA,9.8226,11.0556
"2491",99,2013-04-08,NA,9.8002,11.0167
"2492",100,2013-04-09,NA,9.7808,10.9794
"2493",101,2013-04-10,NA,9.7628,10.9401
"2494",102,2013-04-11,NA,9.747,10.8994
"2495",103,2013-04-12,NA,9.7326,10.8601
"2496",104,2013-04-13,NA,9.7205,10.8235
"2497",105,2013-04-14,NA,9.7103,10.7845
"2498",106,2013-04-15,NA,9.7021,10.7476
"2499",107,2013-04-16,NA,9.696,10.7155
"2500",108,2013-04-17,NA,9.6917,10.6872
"2501",109,2013-04-18,NA,9.6892,10.6675
"2502",110,2013-04-19,NA,9.6872,10.6579
"2503",111,2013-04-20,NA,9.6849,10.6511
"2504",112,2013-04-21,NA,9.6829,10.6453
"2505",113,2013-04-22,NA,9.6821,10.6415
"2506",114,2013-04-23,NA,9.6817,10.6328
"2507",115,2013-04-24,NA,9.6831,10.6262
"2508",116,2013-04-25,NA,9.6864,10.6286
"2509",117,2013-04-26,NA,9.6907,10.6341
"2510",118,2013-04-27,NA,9.6978,10.6425
"2511",119,2013-04-28,NA,9.7062,10.6567
"2512",120,2013-04-29,NA,9.7164,10.6713
"2513",121,2013-04-30,NA,9.7279,10.6826
"2514",122,2013-05-01,NA,9.741,10.6939
"2515",123,2013-05-02,NA,9.7549,10.705
"2516",124,2013-05-03,NA,9.7687,10.7142
"2517",125,2013-05-04,NA,9.783,10.7215
"2518",126,2013-05-05,NA,9.7962,10.7296
"2519",127,2013-05-06,NA,9.8079,10.7369
"2520",128,2013-05-07,NA,9.8183,10.7461
"2521",129,2013-05-08,NA,9.826,10.752
"2522",130,2013-05-09,NA,9.8322,10.7522
"2523",131,2013-05-10,NA,9.8366,10.7494
"2524",132,2013-05-11,NA,9.8415,10.7516
"2525",133,2013-05-12,NA,9.8482,10.7581
"2526",134,2013-05-13,NA,9.8574,10.7646
"2527",135,2013-05-14,NA,9.8677,10.774
"2528",136,2013-05-15,NA,9.8792,10.7893
"2529",137,2013-05-16,NA,9.8923,10.8041
"2530",138,2013-05-17,NA,9.9078,10.8193
"2531",139,2013-05-18,NA,9.9265,10.8376
"2532",140,2013-05-19,NA,9.9477,10.8583
"2533",141,2013-05-20,NA,9.971,10.8863
"2534",142,2013-05-21,NA,9.9962,10.9171
"2535",143,2013-05-22,NA,10.0228,10.9485
"2536",144,2013-05-23,NA,10.0491,10.9782
"2537",145,2013-05-24,NA,10.0761,11.0126
"2538",146,2013-05-25,NA,10.1035,11.0487
"2539",147,2013-05-26,NA,10.1302,11.0759
"2540",148,2013-05-27,NA,10.1574,11.0988
"2541",149,2013-05-28,NA,10.1811,11.1171
"2542",150,2013-05-29,NA,10.2015,11.1284
"2543",151,2013-05-30,NA,10.2193,11.1365
"2544",152,2013-05-31,NA,10.2356,11.1465
"2545",153,2013-06-01,NA,10.2509,11.1578
"2546",154,2013-06-02,NA,10.2648,11.1695
"2547",155,2013-06-03,NA,10.278,11.183
"2548",156,2013-06-04,NA,10.2905,11.1965
"2549",157,2013-06-05,NA,10.304,11.2093
"2550",158,2013-06-06,NA,10.3196,11.2228
"2551",159,2013-06-07,NA,10.3365,11.2422
"2552",160,2013-06-08,NA,10.3572,11.2736
"2553",161,2013-06-09,NA,10.3818,11.3111
"2554",162,2013-06-10,NA,10.4093,11.3558
"2555",163,2013-06-11,NA,10.4374,11.3949
"2556",164,2013-06-12,NA,10.4652,11.4343
"2557",165,2013-06-13,NA,10.4933,11.4769
"2558",166,2013-06-14,NA,10.5236,11.5197
"2559",167,2013-06-15,NA,10.5555,11.5625
"2560",168,2013-06-16,NA,10.5885,11.6079
"2561",169,2013-06-17,NA,10.6202,11.6546
"2562",170,2013-06-18,NA,10.6483,11.7003
"2563",171,2013-06-19,NA,10.6736,11.7424
"2564",172,2013-06-20,NA,10.6964,11.777
"2565",173,2013-06-21,NA,10.7174,11.8095
"2566",174,2013-06-22,NA,10.7379,11.8462
"2567",175,2013-06-23,9.61,10.7589,11.8935
"2568",176,2013-06-24,9.88,10.7802,11.9393
"2569",177,2013-06-25,9.96,10.7994,11.9802
"2570",178,2013-06-26,11.28,10.8169,12.0193
"2571",179,2013-06-27,11.92,10.8326,12.0502
"2572",180,2013-06-28,11.32,10.8508,12.0916
"2573",181,2013-06-29,12.18,10.8734,12.1366
"2574",182,2013-06-30,12.3,10.8993,12.1881
"2575",183,2013-07-01,11.89,10.9277,12.2466
"2576",184,2013-07-02,11.74,10.9581,12.3043
"2577",185,2013-07-03,12.08,10.9911,12.362
"2578",186,2013-07-04,11.33,11.0261,12.4176
"2579",187,2013-07-05,10.3,11.0609,12.4691
"2580",188,2013-07-06,9.61,11.0962,12.5205
"2581",189,2013-07-07,10.31,11.1315,12.572
"2582",190,2013-07-08,11.02,11.1671,12.6289
"2583",191,2013-07-09,11.78,11.2023,12.6778
"2584",192,2013-07-10,11.75,11.2364,12.7247
"2585",193,2013-07-11,11.3,11.2703,12.7686
"2586",194,2013-07-12,10.84,11.3047,12.8149
"2587",195,2013-07-13,11.02,11.3404,12.859
"2588",196,2013-07-14,11.33,11.3766,12.9028
"2589",197,2013-07-15,11.54,11.4117,12.9518
"2590",198,2013-07-16,12.3,11.4468,13.0005
"2591",199,2013-07-17,12.89,11.4825,13.0488
"2592",200,2013-07-18,13.15,11.5194,13.0971
"2593",201,2013-07-19,12,11.5588,13.1454
"2594",202,2013-07-20,10.56,11.5986,13.1932
"2595",203,2013-07-21,10.04,11.6385,13.2398
"2596",204,2013-07-22,10.21,11.6778,13.2786
"2597",205,2013-07-23,10.97,11.7149,13.3111
"2598",206,2013-07-24,12.09,11.7495,13.3321
"2599",207,2013-07-25,13.3,11.7815,13.3503
"2600",208,2013-07-26,13.45,11.8134,13.3665
"2601",209,2013-07-27,13.37,11.8456,13.3809
"2602",210,2013-07-28,13.08,11.8772,13.4015
"2603",211,2013-07-29,12.92,11.9069,13.4123
"2604",212,2013-07-30,13.27,11.934,13.4233
"2605",213,2013-07-31,13.8,11.9607,13.4309
"2606",214,2013-08-01,14.41,11.9872,13.433
"2607",215,2013-08-02,13.42,12.0143,13.4398
"2608",216,2013-08-03,12.71,12.0422,13.4509
"2609",217,2013-08-04,11.62,12.071,13.4702
"2610",218,2013-08-05,11.81,12.1028,13.4984
"2611",219,2013-08-06,12.19,12.1366,13.5309
"2612",220,2013-08-07,13.04,12.1716,13.5648
"2613",221,2013-08-08,13.19,12.2077,13.5923
"2614",222,2013-08-09,11.88,12.2447,13.6203
"2615",223,2013-08-10,12.19,12.2819,13.6513
"2616",224,2013-08-11,11.91,12.3166,13.6805
"2617",225,2013-08-12,12.74,12.3479,13.7094
"2618",226,2013-08-13,13.06,12.3744,13.731
"2619",227,2013-08-14,13.09,12.3969,13.7455
"2620",228,2013-08-15,13.08,12.4165,13.7496
"2621",229,2013-08-16,13.69,12.4319,13.748
"2622",230,2013-08-17,13.33,12.4431,13.7447
"2623",231,2013-08-18,12.54,12.4516,13.7419
"2624",232,2013-08-19,11.4,12.4572,13.7391
"2625",233,2013-08-20,11.18,12.4606,13.7363
"2626",234,2013-08-21,11.7,12.4624,13.7318
"2627",235,2013-08-22,12.16,12.465,13.7353
"2628",236,2013-08-23,12.65,12.4707,13.7432
"2629",237,2013-08-24,12.73,12.4792,13.756
"2630",238,2013-08-25,13.1,12.4908,13.7741
"2631",239,2013-08-26,13.72,12.5052,13.7988
"2632",240,2013-08-27,13.46,12.5212,13.8268
"2633",241,2013-08-28,13.71,12.5382,13.8541
"2634",242,2013-08-29,13.88,12.5559,13.8807
"2635",243,2013-08-30,14.47,12.5736,13.9047
"2636",244,2013-08-31,13.27,12.59,13.9276
"2637",245,2013-09-01,12.46,12.605,13.952
"2638",246,2013-09-02,12.39,12.617,13.9717
"2639",247,2013-09-03,12.25,12.6256,13.986
"2640",248,2013-09-04,12.52,12.6318,13.991
"2641",249,2013-09-05,12.82,12.634,13.9905
"2642",250,2013-09-06,12.33,12.6312,13.984
"2643",251,2013-09-07,11.05,12.6246,13.9762
"2644",252,2013-09-08,11.22,12.6142,13.9645
"2645",253,2013-09-09,11.87,12.5997,13.9401
"2646",254,2013-09-10,13.87,12.5818,13.9072
"2647",255,2013-09-11,15.16,12.5631,13.8731
"2648",256,2013-09-12,14.92,12.5455,13.8404
"2649",257,2013-09-13,14.16,12.529,13.8137
"2650",258,2013-09-14,12.93,12.5129,13.7894
"2651",259,2013-09-15,12.04,12.4969,13.7691
"2652",260,2013-09-16,12.62,12.4822,13.754
"2653",261,2013-09-17,11.94,12.4686,13.7403
"2654",262,2013-09-18,11.15,12.4551,13.7254
"2655",263,2013-09-19,10.99,12.4419,13.7095
"2656",264,2013-09-20,11.12,12.4302,13.6958
"2657",265,2013-09-21,11.28,12.4201,13.6905
"2658",266,2013-09-22,10.99,12.4088,13.6846
"2659",267,2013-09-23,11.35,12.3946,13.6723
"2660",268,2013-09-24,11.33,12.3778,13.6557
"2661",269,2013-09-25,11.52,12.359,13.6367
"2662",270,2013-09-26,11.15,12.3383,13.6155
"2663",271,2013-09-27,11.05,12.3168,13.5931
"2664",272,2013-09-28,11.24,12.2951,13.5741
"2665",273,2013-09-29,10.81,12.2737,13.5569
"2666",274,2013-09-30,12.32,12.2534,13.5431
"2667",275,2013-10-01,12,12.2335,13.5301
"2668",276,2013-10-02,10.9,12.214,13.5127
"2669",277,2013-10-03,10.43,12.1957,13.496
"2670",278,2013-10-04,10.11,12.1796,13.4807
"2671",279,2013-10-05,10.18,12.1659,13.4706
"2672",280,2013-10-06,10.69,12.1544,13.4625
"2673",281,2013-10-07,11.22,12.1457,13.4591
"2674",282,2013-10-08,10.76,12.138,13.4559
"2675",283,2013-10-09,10.2,12.1309,13.455
"2676",284,2013-10-10,10.04,12.1253,13.4654
"2677",285,2013-10-11,10.22,12.12,13.4807
"2678",286,2013-10-12,10.21,12.1156,13.4969
"2679",287,2013-10-13,10.17,12.112,13.5121
"2680",288,2013-10-14,10.14,12.11,13.5293
"2681",289,2013-10-15,10.19,12.109,13.5501
"2682",290,2013-10-16,10.32,12.1084,13.5709
"2683",291,2013-10-17,10.59,12.1077,13.5909
"2684",292,2013-10-18,10.63,12.1065,13.6089
"2685",293,2013-10-19,10.21,12.1065,13.6261
"2686",294,2013-10-20,10.13,12.1083,13.6441
"2687",295,2013-10-21,10.24,12.1106,13.6607
"2688",296,2013-10-22,10.15,12.1148,13.6718
"2689",297,2013-10-23,10.13,12.1205,13.6837
"2690",298,2013-10-24,10.29,12.1269,13.6996
"2691",299,2013-10-25,10.38,12.1342,13.714
"2692",300,2013-10-26,NA,12.1418,13.7254
"2693",301,2013-10-27,NA,12.1486,13.7345
"2694",302,2013-10-28,10.12,12.1541,13.7422
"2695",303,2013-10-29,9.98,12.1586,13.7481
"2696",304,2013-10-30,10.87,12.1615,13.7537
"2697",305,2013-10-31,10.64,12.1624,13.7562
"2698",306,2013-11-01,10.88,12.1615,13.7578
"2699",307,2013-11-02,10.82,12.1583,13.7601
"2700",308,2013-11-03,10.12,12.1533,13.7591
"2701",309,2013-11-04,9.76,12.1456,13.7568
"2702",310,2013-11-05,9.62,12.1345,13.753
"2703",311,2013-11-06,9.8,12.1209,13.7465
"2704",312,2013-11-07,10.12,12.1057,13.7384
"2705",313,2013-11-08,12.04,12.0903,13.7302
"2706",314,2013-11-09,11.94,12.0746,13.7238
"2707",315,2013-11-10,12.23,12.0572,13.7129
"2708",316,2013-11-11,12.98,12.0389,13.6985
"2709",317,2013-11-12,12.98,12.0195,13.682
"2710",318,2013-11-13,12.08,11.9992,13.661
"2711",319,2013-11-14,11.47,11.978,13.636
"2712",320,2013-11-15,11.23,11.9569,13.6042
"2713",321,2013-11-16,10.27,11.9362,13.5543
"2714",322,2013-11-17,9.87,11.9156,13.5036
"2715",323,2013-11-18,10.13,11.8951,13.4537
"2716",324,2013-11-19,11.23,11.8736,13.4044
"2717",325,2013-11-20,11.66,11.8513,13.3546
"2718",326,2013-11-21,11.04,11.8294,13.3058
"2719",327,2013-11-22,10.43,11.8068,13.2604
"2720",328,2013-11-23,10.54,11.7842,13.2197
"2721",329,2013-11-24,10.04,11.7614,13.1803
"2722",330,2013-11-25,10.19,11.7375,13.14
"2723",331,2013-11-26,10.7,11.7131,13.1015
"2724",332,2013-11-27,10.64,11.6884,13.0641
"2725",333,2013-11-28,10.87,11.6641,13.0282
"2726",334,2013-11-29,12.28,11.6402,12.992
"2727",335,2013-11-30,12.07,11.6171,12.9541
"2728",336,2013-12-01,11.66,11.5948,12.9147
"2729",337,2013-12-02,11.34,11.5732,12.875
"2730",338,2013-12-03,10.83,11.5525,12.8345
"2731",339,2013-12-04,10.28,11.5322,12.7935
"2732",340,2013-12-05,9.83,11.513,12.7519
"2733",341,2013-12-06,9.55,11.4948,12.7088
"2734",342,2013-12-07,9.57,11.4773,12.666
"2735",343,2013-12-08,9.17,11.4605,12.6213
"2736",344,2013-12-09,8.69,11.4437,12.5767
"2737",345,2013-12-10,9.13,11.4271,12.529
"2738",346,2013-12-11,9.3,11.4114,12.4822
"2739",347,2013-12-12,9.82,11.3961,12.4369
"2740",348,2013-12-13,10.56,11.3808,12.3945
"2741",349,2013-12-14,10.3,11.3658,12.3561
"2742",350,2013-12-15,10.28,11.3514,12.3201
"2743",351,2013-12-16,10.13,11.3368,12.2888
"2744",352,2013-12-17,10.12,11.323,12.2765
"2745",353,2013-12-18,10.22,11.3099,12.2651
"2746",354,2013-12-19,9.93,11.2979,12.2572
"2747",355,2013-12-20,9.78,11.287,12.251
"2748",356,2013-12-21,9.94,11.277,12.2471
"2749",357,2013-12-22,9.86,11.267,12.2428
"2750",358,2013-12-23,9.82,11.2578,12.2372
"2751",359,2013-12-24,9.9,11.2488,12.2269
"2752",360,2013-12-25,9.8,11.2407,12.2155
"2753",361,2013-12-26,10.06,11.2334,12.2081
"2754",362,2013-12-27,10.08,11.2273,12.2007
"2755",363,2013-12-28,10.28,11.2228,12.1935
"2756",364,2013-12-29,10.14,11.2202,12.1872
"2757",365,2013-12-30,10.27,11.2189,12.183
"2758",366,2013-12-31,10.48,11.2182,12.1828
"2759",1,2014-01-01,10.49,11.2183,12.1845
"2760",2,2014-01-02,10.55,11.2192,12.1883
"2761",3,2014-01-03,10.55,11.2211,12.1965
"2762",4,2014-01-04,10.66,11.2241,12.2088
"2763",5,2014-01-05,10.62,11.2281,12.2236
"2764",6,2014-01-06,10.68,11.2333,12.2421
"2765",7,2014-01-07,10.65,11.2391,12.2628
"2766",8,2014-01-08,11.02,11.2448,12.2828
"2767",9,2014-01-09,11.14,11.2505,12.3013
"2768",10,2014-01-10,10.96,11.256,12.3206
"2769",11,2014-01-11,10.91,11.2619,12.3342
"2770",12,2014-01-12,10.84,11.2681,12.3474
"2771",13,2014-01-13,10.59,11.2742,12.3582
"2772",14,2014-01-14,10.66,11.2801,12.369
"2773",15,2014-01-15,10.73,11.2851,12.3793
"2774",16,2014-01-16,10.82,11.2895,12.3885
"2775",17,2014-01-17,10.93,11.2928,12.3964
"2776",18,2014-01-18,11.02,11.2955,12.4053
"2777",19,2014-01-19,10.94,11.2974,12.4121
"2778",20,2014-01-20,10.95,11.2984,12.4178
"2779",21,2014-01-21,11.05,11.2988,12.4227
"2780",22,2014-01-22,10.83,11.2982,12.4281
"2781",23,2014-01-23,10.76,11.2968,12.4324
"2782",24,2014-01-24,10.81,11.2952,12.4357
"2783",25,2014-01-25,11,11.2932,12.439
"2784",26,2014-01-26,11.13,11.2906,12.441
"2785",27,2014-01-27,11.34,11.287,12.4434
"2786",28,2014-01-28,11.27,11.2818,12.4461
"2787",29,2014-01-29,11.49,11.2746,12.4479
"2788",30,2014-01-30,11.36,11.2653,12.4485
"2789",31,2014-01-31,11.04,11.2542,12.4469
"2790",32,2014-02-01,10.79,11.2411,12.4442
"2791",33,2014-02-02,10.73,11.2264,12.4398
"2792",34,2014-02-03,10.93,11.2099,12.4318
"2793",35,2014-02-04,10.69,11.1909,12.4222
"2794",36,2014-02-05,10.32,11.1701,12.411
"2795",37,2014-02-06,10.14,11.1479,12.3955
"2796",38,2014-02-07,10.78,11.1245,12.3757
"2797",39,2014-02-08,10.91,11.1002,12.3559
"2798",40,2014-02-09,11.16,11.0755,12.3377
"2799",41,2014-02-10,11.13,11.0507,12.32
"2800",42,2014-02-11,10.98,11.0258,12.309
"2801",43,2014-02-12,10.98,11.0014,12.301
"2802",44,2014-02-13,11.21,10.9775,12.2936
"2803",45,2014-02-14,11.45,10.9548,12.2858
"2804",46,2014-02-15,11.72,10.934,12.2799
"2805",47,2014-02-16,11.72,10.9149,12.2777
"2806",48,2014-02-17,11.61,10.8971,12.276
"2807",49,2014-02-18,11.6,10.8802,12.2734
"2808",50,2014-02-19,11.78,10.864,12.2703
"2809",51,2014-02-20,11.34,10.848,12.2651
"2810",52,2014-02-21,10.57,10.8326,12.2578
"2811",53,2014-02-22,10.45,10.8181,12.2482
"2812",54,2014-02-23,10.38,10.8039,12.2367
"2813",55,2014-02-24,10.33,10.7892,12.223
"2814",56,2014-02-25,10.5,10.7744,12.2044
"2815",57,2014-02-26,10.43,10.759,12.1828
"2816",58,2014-02-27,11.34,10.7431,12.1564
"2817",59,2014-02-28,11.47,10.7272,12.1279
"2818",61,2014-03-01,11.81,10.6985,12.0806
"2819",62,2014-03-02,11.86,10.6867,12.0604
"2820",63,2014-03-03,11.77,10.6755,12.0423
"2821",64,2014-03-04,11.84,10.6644,12.0249
"2822",65,2014-03-05,12.05,10.6537,12.0121
"2823",66,2014-03-06,12.14,10.6438,11.9993
"2824",67,2014-03-07,12.19,10.6337,11.9872
"2825",68,2014-03-08,11.89,10.6233,11.9781
"2826",69,2014-03-09,12.08,10.6123,11.9706
"2827",70,2014-03-10,11.98,10.6009,11.9641
"2828",71,2014-03-11,11.24,10.588,11.957
"2829",72,2014-03-12,10.99,10.5734,11.9488
"2830",73,2014-03-13,11.11,10.5568,11.9359
"2831",74,2014-03-14,11.18,10.5383,11.921
"2832",75,2014-03-15,11.09,10.5177,11.9049
"2833",76,2014-03-16,10.68,10.4943,11.8839
"2834",77,2014-03-17,10.17,10.4679,11.8561
"2835",78,2014-03-18,10.14,10.439,11.8182
"2836",79,2014-03-19,9.78,10.4087,11.7701
"2837",80,2014-03-20,10,10.3784,11.7189
"2838",81,2014-03-21,9.94,10.3479,11.6673
"2839",82,2014-03-22,9.99,10.3177,11.6175
"2840",83,2014-03-23,9.89,10.2868,11.572
"2841",84,2014-03-24,10.23,10.2549,11.5278
"2842",85,2014-03-25,10.39,10.2223,11.4858
"2843",86,2014-03-26,10.64,10.1896,11.4475
"2844",87,2014-03-27,10.99,10.1571,11.4131
"2845",88,2014-03-28,11.4,10.1255,11.3811
"2846",89,2014-03-29,11.77,10.0944,11.355
"2847",90,2014-03-30,11.68,10.0637,11.3319
"2848",91,2014-03-31,11.73,10.032,11.3057
"2849",92,2014-04-01,12.08,9.9996,11.2758
"2850",93,2014-04-02,11.69,9.9663,11.2432
"2851",94,2014-04-03,11.84,9.9339,11.2106
"2852",95,2014-04-04,11.87,9.9032,11.177
"2853",96,2014-04-05,11.4,9.8741,11.1394
"2854",97,2014-04-06,11.12,9.847,11.0961
"2855",98,2014-04-07,NA,9.8226,11.0556
"2856",99,2014-04-08,NA,9.8002,11.0167
"2857",100,2014-04-09,NA,9.7808,10.9794
"2858",101,2014-04-10,NA,9.7628,10.9401
"2859",102,2014-04-11,NA,9.747,10.8994
"2860",103,2014-04-12,11.1,9.7326,10.8601
"2861",104,2014-04-13,11.31,9.7205,10.8235
"2862",105,2014-04-14,11.25,9.7103,10.7845
"2863",106,2014-04-15,10.87,9.7021,10.7476
"2864",107,2014-04-16,10.34,9.696,10.7155
"2865",108,2014-04-17,9.87,9.6917,10.6872
"2866",109,2014-04-18,9.52,9.6892,10.6675
"2867",110,2014-04-19,9.27,9.6872,10.6579
"2868",111,2014-04-20,9.37,9.6849,10.6511
"2869",112,2014-04-21,9.35,9.6829,10.6453
"2870",113,2014-04-22,9.48,9.6821,10.6415
"2871",114,2014-04-23,9.08,9.6817,10.6328
"2872",115,2014-04-24,9.94,9.6831,10.6262
"2873",116,2014-04-25,10,9.6864,10.6286
"2874",117,2014-04-26,10.59,9.6907,10.6341
"2875",118,2014-04-27,10.33,9.6978,10.6425
"2876",119,2014-04-28,10.78,9.7062,10.6567
"2877",120,2014-04-29,10.43,9.7164,10.6713
"2878",121,2014-04-30,10.65,9.7279,10.6826
"2879",122,2014-05-01,11.48,9.741,10.6939
"2880",123,2014-05-02,11.05,9.7549,10.705
"2881",124,2014-05-03,9.83,9.7687,10.7142
"2882",125,2014-05-04,9.93,9.783,10.7215
"2883",126,2014-05-05,NA,9.7962,10.7296
"2884",127,2014-05-06,NA,9.8079,10.7369
"2885",128,2014-05-07,NA,9.8183,10.7461
"2886",129,2014-05-08,NA,9.826,10.752
"2887",130,2014-05-09,NA,9.8322,10.7522
"2888",131,2014-05-10,9.89,9.8366,10.7494
"2889",132,2014-05-11,9.72,9.8415,10.7516
"2890",133,2014-05-12,9.52,9.8482,10.7581
"2891",134,2014-05-13,9.49,9.8574,10.7646
"2892",135,2014-05-14,10.51,9.8677,10.774
"2893",136,2014-05-15,10.18,9.8792,10.7893
"2894",137,2014-05-16,9.88,9.8923,10.8041
"2895",138,2014-05-17,9.72,9.9078,10.8193
"2896",139,2014-05-18,9.51,9.9265,10.8376
"2897",140,2014-05-19,9.98,9.9477,10.8583
"2898",141,2014-05-20,10.62,9.971,10.8863
"2899",142,2014-05-21,10.95,9.9962,10.9171
"2900",143,2014-05-22,10.94,10.0228,10.9485
"2901",144,2014-05-23,10.87,10.0491,10.9782
"2902",145,2014-05-24,10.69,10.0761,11.0126
"2903",146,2014-05-25,10.43,10.1035,11.0487
"2904",147,2014-05-26,10.2,10.1302,11.0759
"2905",148,2014-05-27,9.9,10.1574,11.0988
"2906",149,2014-05-28,9.99,10.1811,11.1171
"2907",150,2014-05-29,9.44,10.2015,11.1284
"2908",151,2014-05-30,9.27,10.2193,11.1365
"2909",152,2014-05-31,9.33,10.2356,11.1465
"2910",153,2014-06-01,9.94,10.2509,11.1578
"2911",154,2014-06-02,10.23,10.2648,11.1695
"2912",155,2014-06-03,NA,10.278,11.183
"2913",156,2014-06-04,NA,10.2905,11.1965
"2914",157,2014-06-05,NA,10.304,11.2093
"2915",158,2014-06-06,10.82,10.3196,11.2228
"2916",159,2014-06-07,11.45,10.3365,11.2422
"2917",160,2014-06-08,11.74,10.3572,11.2736
"2918",161,2014-06-09,12.4,10.3818,11.3111
"2919",162,2014-06-10,10.8,10.4093,11.3558
"2920",163,2014-06-11,11.84,10.4374,11.3949
"2921",164,2014-06-12,12.4,10.4652,11.4343
"2922",165,2014-06-13,11.54,10.4933,11.4769
"2923",166,2014-06-14,10.31,10.5236,11.5197
"2924",167,2014-06-15,10.3,10.5555,11.5625
"2925",168,2014-06-16,10.08,10.5885,11.6079
"2926",169,2014-06-17,9.8,10.6202,11.6546
"2927",170,2014-06-18,9.7,10.6483,11.7003
"2928",171,2014-06-19,10.13,10.6736,11.7424
"2929",172,2014-06-20,10.48,10.6964,11.777
"2930",173,2014-06-21,10.74,10.7174,11.8095
"2931",174,2014-06-22,10.77,10.7379,11.8462
"2932",175,2014-06-23,10.35,10.7589,11.8935
"2933",176,2014-06-24,10.53,10.7802,11.9393
"2934",177,2014-06-25,10.28,10.7994,11.9802
"2935",178,2014-06-26,10.54,10.8169,12.0193
"2936",179,2014-06-27,11.53,10.8326,12.0502
"2937",180,2014-06-28,11.56,10.8508,12.0916
"2938",181,2014-06-29,11.37,10.8734,12.1366
"2939",182,2014-06-30,11.03,10.8993,12.1881
"2940",183,2014-07-01,11.15,10.9277,12.2466
"2941",184,2014-07-02,12.29,10.9581,12.3043
"2942",185,2014-07-03,11.3,10.9911,12.362
"2943",186,2014-07-04,11.26,11.0261,12.4176
"2944",187,2014-07-05,11.34,11.0609,12.4691
"2945",188,2014-07-06,11.5,11.0962,12.5205
"2946",189,2014-07-07,10.87,11.1315,12.572
"2947",190,2014-07-08,10.56,11.1671,12.6289
"2948",191,2014-07-09,11,11.2023,12.6778
"2949",192,2014-07-10,12,11.2364,12.7247
"2950",193,2014-07-11,12.94,11.2703,12.7686
"2951",194,2014-07-12,13.81,11.3047,12.8149
"2952",195,2014-07-13,13.3,11.3404,12.859
"2953",196,2014-07-14,11.51,11.3766,12.9028
"2954",197,2014-07-15,11.3,11.4117,12.9518
"2955",198,2014-07-16,11.83,11.4468,13.0005
"2956",199,2014-07-17,12.31,11.4825,13.0488
"2957",200,2014-07-18,14.02,11.5194,13.0971
"2958",201,2014-07-19,14.95,11.5588,13.1454
"2959",202,2014-07-20,15.6,11.5986,13.1932
"2960",203,2014-07-21,16.68,11.6385,13.2398
"2961",204,2014-07-22,16.52,11.6778,13.2786
"2962",205,2014-07-23,16.93,11.7149,13.3111
"2963",206,2014-07-24,16.97,11.7495,13.3321
"2964",207,2014-07-25,12.44,11.7815,13.3503
"2965",208,2014-07-26,11.27,11.8134,13.3665
"2966",209,2014-07-27,11.09,11.8456,13.3809
"2967",210,2014-07-28,11.72,11.8772,13.4015
"2968",211,2014-07-29,13.47,11.9069,13.4123
"2969",212,2014-07-30,14.13,11.934,13.4233
"2970",213,2014-07-31,13.18,11.9607,13.4309
"2971",214,2014-08-01,12.49,11.9872,13.433
"2972",215,2014-08-02,11.9,12.0143,13.4398
"2973",216,2014-08-03,12.47,12.0422,13.4509
"2974",217,2014-08-04,13.16,12.071,13.4702
"2975",218,2014-08-05,13.75,12.1028,13.4984
"2976",219,2014-08-06,14.12,12.1366,13.5309
"2977",220,2014-08-07,13.45,12.1716,13.5648
"2978",221,2014-08-08,12.04,12.2077,13.5923
"2979",222,2014-08-09,11.74,12.2447,13.6203
"2980",223,2014-08-10,11.36,12.2819,13.6513
"2981",224,2014-08-11,12.01,12.3166,13.6805
"2982",225,2014-08-12,12.6,12.3479,13.7094
"2983",226,2014-08-13,13.13,12.3744,13.731
"2984",227,2014-08-14,13.5,12.3969,13.7455
"2985",228,2014-08-15,13.89,12.4165,13.7496
"2986",229,2014-08-16,14.3,12.4319,13.748
"2987",230,2014-08-17,14.5,12.4431,13.7447
"2988",231,2014-08-18,14.42,12.4516,13.7419
"2989",232,2014-08-19,13.93,12.4572,13.7391
"2990",233,2014-08-20,14.15,12.4606,13.7363
"2991",234,2014-08-21,15.06,12.4624,13.7318
"2992",235,2014-08-22,15.34,12.465,13.7353
"2993",236,2014-08-23,14.62,12.4707,13.7432
"2994",237,2014-08-24,14.75,12.4792,13.756
"2995",238,2014-08-25,15.33,12.4908,13.7741
"2996",239,2014-08-26,16.02,12.5052,13.7988
"2997",240,2014-08-27,16.44,12.5212,13.8268
"2998",241,2014-08-28,16.12,12.5382,13.8541
"2999",242,2014-08-29,15.12,12.5559,13.8807
"3000",243,2014-08-30,13.6,12.5736,13.9047
"3001",244,2014-08-31,13.06,12.59,13.9276
"3002",245,2014-09-01,12.96,12.605,13.952
"3003",246,2014-09-02,12.47,12.617,13.9717
"3004",247,2014-09-03,12.58,12.6256,13.986
"3005",248,2014-09-04,12.82,12.6318,13.991
"3006",249,2014-09-05,13.41,12.634,13.9905
"3007",250,2014-09-06,14.26,12.6312,13.984
"3008",251,2014-09-07,15.2,12.6246,13.9762
"3009",252,2014-09-08,15.09,12.6142,13.9645
"3010",253,2014-09-09,14.25,12.5997,13.9401
"3011",254,2014-09-10,13.61,12.5818,13.9072
"3012",255,2014-09-11,13.73,12.5631,13.8731
"3013",256,2014-09-12,14.61,12.5455,13.8404
"3014",257,2014-09-13,15.27,12.529,13.8137
"3015",258,2014-09-14,15.79,12.5129,13.7894
"3016",259,2014-09-15,16.2,12.4969,13.7691
"3017",260,2014-09-16,16.47,12.4822,13.754
"3018",261,2014-09-17,16.5,12.4686,13.7403
"3019",262,2014-09-18,16.08,12.4551,13.7254
"3020",263,2014-09-19,16.78,12.4419,13.7095
"3021",264,2014-09-20,17.01,12.4302,13.6958
"3022",265,2014-09-21,16.99,12.4201,13.6905
"3023",266,2014-09-22,17.53,12.4088,13.6846
"3024",267,2014-09-23,17.19,12.3946,13.6723
"3025",268,2014-09-24,17.63,12.3778,13.6557
"3026",269,2014-09-25,16.86,12.359,13.6367
"3027",270,2014-09-26,16.61,12.3383,13.6155
"3028",271,2014-09-27,14.81,12.3168,13.5931
"3029",272,2014-09-28,13.4,12.2951,13.5741
"3030",273,2014-09-29,13.24,12.2737,13.5569
"3031",274,2014-09-30,13.19,12.2534,13.5431
"3032",275,2014-10-01,12.82,12.2335,13.5301
"3033",276,2014-10-02,12.78,12.214,13.5127
"3034",277,2014-10-03,12.73,12.1957,13.496
"3035",278,2014-10-04,13.04,12.1796,13.4807
"3036",279,2014-10-05,13.45,12.1659,13.4706
"3037",280,2014-10-06,13.33,12.1544,13.4625
"3038",281,2014-10-07,12.87,12.1457,13.4591
"3039",282,2014-10-08,12.53,12.138,13.4559
"3040",283,2014-10-09,12.08,12.1309,13.455
"3041",284,2014-10-10,11.93,12.1253,13.4654
"3042",285,2014-10-11,11.92,12.12,13.4807
"3043",286,2014-10-12,11.47,12.1156,13.4969
"3044",287,2014-10-13,11.79,12.112,13.5121
"3045",288,2014-10-14,12.68,12.11,13.5293
"3046",289,2014-10-15,13.31,12.109,13.5501
"3047",290,2014-10-16,13.63,12.1084,13.5709
"3048",291,2014-10-17,14.03,12.1077,13.5909
"3049",292,2014-10-18,14.71,12.1065,13.6089
"3050",293,2014-10-19,14.99,12.1065,13.6261
"3051",294,2014-10-20,15.61,12.1083,13.6441
"3052",295,2014-10-21,15.29,12.1106,13.6607
"3053",296,2014-10-22,15.43,12.1148,13.6718
"3054",297,2014-10-23,15.39,12.1205,13.6837
"3055",298,2014-10-24,15.54,12.1269,13.6996
"3056",299,2014-10-25,16.56,12.1342,13.714
"3057",300,2014-10-26,15.77,12.1418,13.7254
"3058",301,2014-10-27,15.37,12.1486,13.7345
"3059",302,2014-10-28,14.63,12.1541,13.7422
"3060",303,2014-10-29,14.01,12.1586,13.7481
"3061",304,2014-10-30,13.96,12.1615,13.7537
"3062",305,2014-10-31,14.03,12.1624,13.7562
"3063",306,2014-11-01,13.79,12.1615,13.7578
"3064",307,2014-11-02,13.25,12.1583,13.7601
"3065",308,2014-11-03,12.6,12.1533,13.7591
"3066",309,2014-11-04,12.78,12.1456,13.7568
"3067",310,2014-11-05,13.15,12.1345,13.753
"3068",311,2014-11-06,13.18,12.1209,13.7465
"3069",312,2014-11-07,13.34,12.1057,13.7384
"3070",313,2014-11-08,13.42,12.0903,13.7302
"3071",314,2014-11-09,13.16,12.0746,13.7238
"3072",315,2014-11-10,12.89,12.0572,13.7129
"3073",316,2014-11-11,13.65,12.0389,13.6985
"3074",317,2014-11-12,14.22,12.0195,13.682
"3075",318,2014-11-13,13.66,11.9992,13.661
"3076",319,2014-11-14,14,11.978,13.636
"3077",320,2014-11-15,13.71,11.9569,13.6042
"3078",321,2014-11-16,13.29,11.9362,13.5543
"3079",322,2014-11-17,13.46,11.9156,13.5036
"3080",323,2014-11-18,13.52,11.8951,13.4537
"3081",324,2014-11-19,13.54,11.8736,13.4044
"3082",325,2014-11-20,14.12,11.8513,13.3546
"3083",326,2014-11-21,14.36,11.8294,13.3058
"3084",327,2014-11-22,15.28,11.8068,13.2604
"3085",328,2014-11-23,13.9,11.7842,13.2197
"3086",329,2014-11-24,13.77,11.7614,13.1803
"3087",330,2014-11-25,13.82,11.7375,13.14
"3088",331,2014-11-26,13.99,11.7131,13.1015
"3089",332,2014-11-27,15.22,11.6884,13.0641
"3090",333,2014-11-28,15.47,11.6641,13.0282
"3091",334,2014-11-29,15.5,11.6402,12.992
"3092",335,2014-11-30,15.65,11.6171,12.9541
"3093",336,2014-12-01,15.44,11.5948,12.9147
"3094",337,2014-12-02,15.68,11.5732,12.875
"3095",338,2014-12-03,15.71,11.5525,12.8345
"3096",339,2014-12-04,15.61,11.5322,12.7935
"3097",340,2014-12-05,15.27,11.513,12.7519
"3098",341,2014-12-06,15.43,11.4948,12.7088
"3099",342,2014-12-07,15.81,11.4773,12.666
"3100",343,2014-12-08,15.72,11.4605,12.6213
"3101",344,2014-12-09,15.83,11.4437,12.5767
"3102",345,2014-12-10,15.83,11.4271,12.529
"3103",346,2014-12-11,15.75,11.4114,12.4822
"3104",347,2014-12-12,15.36,11.3961,12.4369
"3105",348,2014-12-13,15.07,11.3808,12.3945
"3106",349,2014-12-14,14.85,11.3658,12.3561
"3107",350,2014-12-15,14.61,11.3514,12.3201
"3108",351,2014-12-16,14.85,11.3368,12.2888
"3109",352,2014-12-17,14.99,11.323,12.2765
"3110",353,2014-12-18,14.83,11.3099,12.2651
"3111",354,2014-12-19,14.69,11.2979,12.2572
"3112",355,2014-12-20,14.97,11.287,12.251
"3113",356,2014-12-21,15.07,11.277,12.2471
"3114",357,2014-12-22,15.22,11.267,12.2428
"3115",358,2014-12-23,15,11.2578,12.2372
"3116",359,2014-12-24,14.73,11.2488,12.2269
"3117",360,2014-12-25,13.2,11.2407,12.2155
"3118",361,2014-12-26,12.69,11.2334,12.2081
"3119",362,2014-12-27,12.7,11.2273,12.2007
"3120",363,2014-12-28,13.24,11.2228,12.1935
"3121",364,2014-12-29,12.92,11.2202,12.1872
"3122",365,2014-12-30,11.6,11.2189,12.183
"3123",366,2014-12-31,10.5,11.2182,12.1828
"3124",1,2015-01-01,10.42,11.2183,12.1845
"3125",2,2015-01-02,11.92,11.2192,12.1883
"3126",3,2015-01-03,11.87,11.2211,12.1965
"3127",4,2015-01-04,12.1,11.2241,12.2088
"3128",5,2015-01-05,12.17,11.2281,12.2236
"3129",6,2015-01-06,12.27,11.2333,12.2421
"3130",7,2015-01-07,12.14,11.2391,12.2628
"3131",8,2015-01-08,12.06,11.2448,12.2828
"3132",9,2015-01-09,12.16,11.2505,12.3013
"3133",10,2015-01-10,12.21,11.256,12.3206
"3134",11,2015-01-11,12.26,11.2619,12.3342
"3135",12,2015-01-12,12.29,11.2681,12.3474
"3136",13,2015-01-13,12.13,11.2742,12.3582
"3137",14,2015-01-14,11.97,11.2801,12.369
"3138",15,2015-01-15,12.24,11.2851,12.3793
"3139",16,2015-01-16,12.64,11.2895,12.3885
"3140",17,2015-01-17,13.11,11.2928,12.3964
"3141",18,2015-01-18,13.89,11.2955,12.4053
"3142",19,2015-01-19,13.57,11.2974,12.4121
"3143",20,2015-01-20,13.27,11.2984,12.4178
"3144",21,2015-01-21,13.17,11.2988,12.4227
"3145",22,2015-01-22,13.13,11.2982,12.4281
"3146",23,2015-01-23,13.18,11.2968,12.4324
"3147",24,2015-01-24,13.13,11.2952,12.4357
"3148",25,2015-01-25,13.29,11.2932,12.439
"3149",26,2015-01-26,13.39,11.2906,12.441
"3150",27,2015-01-27,13.52,11.287,12.4434
"3151",28,2015-01-28,13.86,11.2818,12.4461
"3152",29,2015-01-29,13.38,11.2746,12.4479
"3153",30,2015-01-30,13.13,11.2653,12.4485
"3154",31,2015-01-31,12.25,11.2542,12.4469
"3155",32,2015-02-01,12.17,11.2411,12.4442
"3156",33,2015-02-02,12.61,11.2264,12.4398
"3157",34,2015-02-03,12.83,11.2099,12.4318
"3158",35,2015-02-04,12.88,11.1909,12.4222
"3159",36,2015-02-05,13.02,11.1701,12.411
"3160",37,2015-02-06,13.3,11.1479,12.3955
"3161",38,2015-02-07,13.56,11.1245,12.3757
"3162",39,2015-02-08,13.77,11.1002,12.3559
"3163",40,2015-02-09,13.99,11.0755,12.3377
"3164",41,2015-02-10,13.81,11.0507,12.32
"3165",42,2015-02-11,13.51,11.0258,12.309
"3166",43,2015-02-12,13.58,11.0014,12.301
"3167",44,2015-02-13,13.51,10.9775,12.2936
"3168",45,2015-02-14,13.48,10.9548,12.2858
"3169",46,2015-02-15,13.42,10.934,12.2799
"3170",47,2015-02-16,13.7,10.9149,12.2777
"3171",48,2015-02-17,13.72,10.8971,12.276
"3172",49,2015-02-18,13.68,10.8802,12.2734
"3173",50,2015-02-19,13.4,10.864,12.2703
"3174",51,2015-02-20,13.43,10.848,12.2651
"3175",52,2015-02-21,13.4,10.8326,12.2578
"3176",53,2015-02-22,13.34,10.8181,12.2482
"3177",54,2015-02-23,13.17,10.8039,12.2367
"3178",55,2015-02-24,13.02,10.7892,12.223
"3179",56,2015-02-25,13.17,10.7744,12.2044
"3180",57,2015-02-26,12.57,10.759,12.1828
"3181",58,2015-02-27,11.27,10.7431,12.1564
"3182",59,2015-02-28,10.72,10.7272,12.1279
"3183",61,2015-03-01,10.61,10.6985,12.0806
"3184",62,2015-03-02,10.82,10.6867,12.0604
"3185",63,2015-03-03,10.41,10.6755,12.0423
"3186",64,2015-03-04,10.6,10.6644,12.0249
"3187",65,2015-03-05,11.16,10.6537,12.0121
"3188",66,2015-03-06,11.45,10.6438,11.9993
"3189",67,2015-03-07,11.73,10.6337,11.9872
"3190",68,2015-03-08,11.72,10.6233,11.9781
"3191",69,2015-03-09,11.26,10.6123,11.9706
"3192",70,2015-03-10,10.93,10.6009,11.9641
"3193",71,2015-03-11,11.04,10.588,11.957
"3194",72,2015-03-12,11.46,10.5734,11.9488
"3195",73,2015-03-13,11.17,10.5568,11.9359
"3196",74,2015-03-14,11.41,10.5383,11.921
"3197",75,2015-03-15,11.78,10.5177,11.9049
"3198",76,2015-03-16,11.85,10.4943,11.8839
"3199",77,2015-03-17,11.57,10.4679,11.8561
"3200",78,2015-03-18,11.35,10.439,11.8182
"3201",79,2015-03-19,11.08,10.4087,11.7701
"3202",80,2015-03-20,10.55,10.3784,11.7189
"3203",81,2015-03-21,10.98,10.3479,11.6673
"3204",82,2015-03-22,11.18,10.3177,11.6175
"3205",83,2015-03-23,11.56,10.2868,11.572
"3206",84,2015-03-24,11.87,10.2549,11.5278
"3207",85,2015-03-25,12.27,10.2223,11.4858
"3208",86,2015-03-26,11.78,10.1896,11.4475
"3209",87,2015-03-27,11.39,10.1571,11.4131
"3210",88,2015-03-28,11.08,10.1255,11.3811
"3211",89,2015-03-29,10.14,10.0944,11.355
"3212",90,2015-03-30,10.02,10.0637,11.3319
"3213",91,2015-03-31,9.86,10.032,11.3057
"3214",92,2015-04-01,9.68,9.9996,11.2758
"3215",93,2015-04-02,9.81,9.9663,11.2432
"3216",94,2015-04-03,9.66,9.9339,11.2106
"3217",95,2015-04-04,9.59,9.9032,11.177
"3218",96,2015-04-05,9.24,9.8741,11.1394
"3219",97,2015-04-06,9.46,9.847,11.0961
"3220",98,2015-04-07,9.53,9.8226,11.0556
"3221",99,2015-04-08,10.41,9.8002,11.0167
"3222",100,2015-04-09,11.11,9.7808,10.9794
"3223",101,2015-04-10,10.98,9.7628,10.9401
"3224",102,2015-04-11,10.9,9.747,10.8994
"3225",103,2015-04-12,10.33,9.7326,10.8601
"3226",104,2015-04-13,9.79,9.7205,10.8235
"3227",105,2015-04-14,8.98,9.7103,10.7845
"3228",106,2015-04-15,9.2,9.7021,10.7476
"3229",107,2015-04-16,9.23,9.696,10.7155
"3230",108,2015-04-17,9.29,9.6917,10.6872
"3231",109,2015-04-18,9.36,9.6892,10.6675
"3232",110,2015-04-19,9.93,9.6872,10.6579
"3233",111,2015-04-20,10.43,9.6849,10.6511
"3234",112,2015-04-21,10.57,9.6829,10.6453
"3235",113,2015-04-22,10.27,9.6821,10.6415
"3236",114,2015-04-23,9.7,9.6817,10.6328
"3237",115,2015-04-24,9.2,9.6831,10.6262
"3238",116,2015-04-25,NA,9.6864,10.6286
"3239",117,2015-04-26,NA,9.6907,10.6341
"3240",118,2015-04-27,NA,9.6978,10.6425
"3241",119,2015-04-28,NA,9.7062,10.6567
"3242",120,2015-04-29,10.25,9.7164,10.6713
"3243",121,2015-04-30,9.59,9.7279,10.6826
"3244",122,2015-05-01,9.36,9.741,10.6939
"3245",123,2015-05-02,10.01,9.7549,10.705
"3246",124,2015-05-03,10.39,9.7687,10.7142
"3247",125,2015-05-04,10.12,9.783,10.7215
"3248",126,2015-05-05,9.93,9.7962,10.7296
"3249",127,2015-05-06,9.69,9.8079,10.7369
"3250",128,2015-05-07,9.47,9.8183,10.7461
"3251",129,2015-05-08,9.29,9.826,10.752
"3252",130,2015-05-09,9.58,9.8322,10.7522
"3253",131,2015-05-10,9.71,9.8366,10.7494
"3254",132,2015-05-11,NA,9.8415,10.7516
"3255",133,2015-05-12,9.98,9.8482,10.7581
"3256",134,2015-05-13,9.89,9.8574,10.7646
"3257",135,2015-05-14,10.79,9.8677,10.774
"3258",136,2015-05-15,11.22,9.8792,10.7893
"3259",137,2015-05-16,11.51,9.8923,10.8041
"3260",138,2015-05-17,10.81,9.9078,10.8193
"3261",139,2015-05-18,11.13,9.9265,10.8376
"3262",140,2015-05-19,11.28,9.9477,10.8583
"3263",141,2015-05-20,10.71,9.971,10.8863
"3264",142,2015-05-21,10.42,9.9962,10.9171
"3265",143,2015-05-22,11.08,10.0228,10.9485
"3266",144,2015-05-23,10.15,10.0491,10.9782
"3267",145,2015-05-24,NA,10.0761,11.0126
"3268",146,2015-05-25,NA,10.1035,11.0487
"3269",147,2015-05-26,NA,10.1302,11.0759
"3270",148,2015-05-27,10.53,10.1574,11.0988
"3271",149,2015-05-28,9.95,10.1811,11.1171
"3272",150,2015-05-29,10.19,10.2015,11.1284
"3273",151,2015-05-30,9.95,10.2193,11.1365
"3274",152,2015-05-31,9.61,10.2356,11.1465
"3275",153,2015-06-01,10.42,10.2509,11.1578
"3276",154,2015-06-02,10.88,10.2648,11.1695
"3277",155,2015-06-03,10.32,10.278,11.183
"3278",156,2015-06-04,9.77,10.2905,11.1965
"3279",157,2015-06-05,9.82,10.304,11.2093
"3280",158,2015-06-06,10.34,10.3196,11.2228
"3281",159,2015-06-07,10.87,10.3365,11.2422
"3282",160,2015-06-08,10.71,10.3572,11.2736
"3283",161,2015-06-09,11.16,10.3818,11.3111
"3284",162,2015-06-10,12.28,10.4093,11.3558
"3285",163,2015-06-11,11.85,10.4374,11.3949
"3286",164,2015-06-12,12.36,10.4652,11.4343
"3287",165,2015-06-13,12.61,10.4933,11.4769
"3288",166,2015-06-14,12.82,10.5236,11.5197
"3289",167,2015-06-15,11.53,10.5555,11.5625
"3290",168,2015-06-16,13.81,10.5885,11.6079
"3291",169,2015-06-17,10.56,10.6202,11.6546
"3292",170,2015-06-18,10.09,10.6483,11.7003
"3293",171,2015-06-19,9.85,10.6736,11.7424
"3294",172,2015-06-20,9.56,10.6964,11.777
"3295",173,2015-06-21,9.67,10.7174,11.8095
"3296",174,2015-06-22,10.15,10.7379,11.8462
"3297",175,2015-06-23,10.19,10.7589,11.8935
"3298",176,2015-06-24,10.41,10.7802,11.9393
"3299",177,2015-06-25,10.47,10.7994,11.9802
"3300",178,2015-06-26,10.32,10.8169,12.0193
"3301",179,2015-06-27,11,10.8326,12.0502
"3302",180,2015-06-28,12.61,10.8508,12.0916
"3303",181,2015-06-29,14.15,10.8734,12.1366
"3304",182,2015-06-30,12.02,10.8993,12.1881
"3305",183,2015-07-01,11.19,10.9277,12.2466
"3306",184,2015-07-02,11.78,10.9581,12.3043
"3307",185,2015-07-03,12.33,10.9911,12.362
"3308",186,2015-07-04,13.09,11.0261,12.4176
"3309",187,2015-07-05,13.98,11.0609,12.4691
"3310",188,2015-07-06,15.05,11.0962,12.5205
"3311",189,2015-07-07,14.98,11.1315,12.572
"3312",190,2015-07-08,14.2,11.1671,12.6289
"3313",191,2015-07-09,13.44,11.2023,12.6778
"3314",192,2015-07-10,13.21,11.2364,12.7247
"3315",193,2015-07-11,13.4,11.2703,12.7686
"3316",194,2015-07-12,13.34,11.3047,12.8149
"3317",195,2015-07-13,13.29,11.3404,12.859
"3318",196,2015-07-14,12.22,11.3766,12.9028
"3319",197,2015-07-15,11.31,11.4117,12.9518
"3320",198,2015-07-16,11.11,11.4468,13.0005
"3321",199,2015-07-17,12.74,11.4825,13.0488
"3322",200,2015-07-18,13.04,11.5194,13.0971
"3323",201,2015-07-19,13.66,11.5588,13.1454
"3324",202,2015-07-20,13.4,11.5986,13.1932
"3325",203,2015-07-21,12.3,11.6385,13.2398
"3326",204,2015-07-22,11.83,11.6778,13.2786
"3327",205,2015-07-23,11.9,11.7149,13.3111
"3328",206,2015-07-24,11.96,11.7495,13.3321
"3329",207,2015-07-25,12.56,11.7815,13.3503
"3330",208,2015-07-26,11.74,11.8134,13.3665
"3331",209,2015-07-27,11.74,11.8456,13.3809
"3332",210,2015-07-28,10.95,11.8772,13.4015
"3333",211,2015-07-29,11.86,11.9069,13.4123
"3334",212,2015-07-30,12.99,11.934,13.4233
"3335",213,2015-07-31,14.13,11.9607,13.4309
"3336",214,2015-08-01,13.33,11.9872,13.433
"3337",215,2015-08-02,14.5,12.0143,13.4398
"3338",216,2015-08-03,14.39,12.0422,13.4509
"3339",217,2015-08-04,13.42,12.071,13.4702
"3340",218,2015-08-05,13.56,12.1028,13.4984
"3341",219,2015-08-06,13.49,12.1366,13.5309
"3342",220,2015-08-07,14.26,12.1716,13.5648
"3343",221,2015-08-08,14.44,12.2077,13.5923
"3344",222,2015-08-09,13.47,12.2447,13.6203
"3345",223,2015-08-10,12.71,12.2819,13.6513
"3346",224,2015-08-11,12.28,12.3166,13.6805
"3347",225,2015-08-12,12.04,12.3479,13.7094
"3348",226,2015-08-13,13.51,12.3744,13.731
"3349",227,2015-08-14,12.99,12.3969,13.7455
"3350",228,2015-08-15,12.48,12.4165,13.7496
"3351",229,2015-08-16,12.17,12.4319,13.748
"3352",230,2015-08-17,12.06,12.4431,13.7447
"3353",231,2015-08-18,12.55,12.4516,13.7419
"3354",232,2015-08-19,13.3,12.4572,13.7391
"3355",233,2015-08-20,13.19,12.4606,13.7363
"3356",234,2015-08-21,13.4,12.4624,13.7318
"3357",235,2015-08-22,13.8,12.465,13.7353
"3358",236,2015-08-23,14.55,12.4707,13.7432
"3359",237,2015-08-24,15.38,12.4792,13.756
"3360",238,2015-08-25,15.17,12.4908,13.7741
"3361",239,2015-08-26,14.39,12.5052,13.7988
"3362",240,2015-08-27,13.06,12.5212,13.8268
"3363",241,2015-08-28,12.69,12.5382,13.8541
"3364",242,2015-08-29,13.43,12.5559,13.8807
"3365",243,2015-08-30,14.37,12.5736,13.9047
"3366",244,2015-08-31,13.41,12.59,13.9276
"3367",245,2015-09-01,12.81,12.605,13.952
"3368",246,2015-09-02,12.55,12.617,13.9717
"3369",247,2015-09-03,12.45,12.6256,13.986
"3370",248,2015-09-04,12.07,12.6318,13.991
"3371",249,2015-09-05,11.87,12.634,13.9905
"3372",250,2015-09-06,11.84,12.6312,13.984
"3373",251,2015-09-07,11.66,12.6246,13.9762
"3374",252,2015-09-08,11.82,12.6142,13.9645
"3375",253,2015-09-09,11.77,12.5997,13.9401
"3376",254,2015-09-10,11.96,12.5818,13.9072
"3377",255,2015-09-11,12.37,12.5631,13.8731
"3378",256,2015-09-12,11.57,12.5455,13.8404
"3379",257,2015-09-13,11.35,12.529,13.8137
"3380",258,2015-09-14,11.54,12.5129,13.7894
"3381",259,2015-09-15,11.54,12.4969,13.7691
"3382",260,2015-09-16,11.89,12.4822,13.754
"3383",261,2015-09-17,12.85,12.4686,13.7403
"3384",262,2015-09-18,13.5,12.4551,13.7254
"3385",263,2015-09-19,12.73,12.4419,13.7095
"3386",264,2015-09-20,12.71,12.4302,13.6958
"3387",265,2015-09-21,12.89,12.4201,13.6905
"3388",266,2015-09-22,12.91,12.4088,13.6846
"3389",267,2015-09-23,12.36,12.3946,13.6723
"3390",268,2015-09-24,12.22,12.3778,13.6557
"3391",269,2015-09-25,12.28,12.359,13.6367
"3392",270,2015-09-26,12,12.3383,13.6155
"3393",271,2015-09-27,11.88,12.3168,13.5931
"3394",272,2015-09-28,11.97,12.2951,13.5741
"3395",273,2015-09-29,12.23,12.2737,13.5569
"3396",274,2015-09-30,12.66,12.2534,13.5431
"3397",275,2015-10-01,13.23,12.2335,13.5301
"3398",276,2015-10-02,13.68,12.214,13.5127
"3399",277,2015-10-03,13.05,12.1957,13.496
"3400",278,2015-10-04,12.77,12.1796,13.4807
"3401",279,2015-10-05,12.94,12.1659,13.4706
"3402",280,2015-10-06,13.18,12.1544,13.4625
"3403",281,2015-10-07,13.75,12.1457,13.4591
"3404",282,2015-10-08,13.86,12.138,13.4559
"3405",283,2015-10-09,13.88,12.1309,13.455
"3406",284,2015-10-10,14.29,12.1253,13.4654
"3407",285,2015-10-11,13.99,12.12,13.4807
"3408",286,2015-10-12,13.35,12.1156,13.4969
"3409",287,2015-10-13,13.2,12.112,13.5121
"3410",288,2015-10-14,13.68,12.11,13.5293
"3411",289,2015-10-15,14.76,12.109,13.5501
"3412",290,2015-10-16,15.34,12.1084,13.5709
"3413",291,2015-10-17,15.46,12.1077,13.5909
"3414",292,2015-10-18,15.15,12.1065,13.6089
"3415",293,2015-10-19,15.23,12.1065,13.6261
"3416",294,2015-10-20,14.46,12.1083,13.6441
"3417",295,2015-10-21,14.04,12.1106,13.6607
"3418",296,2015-10-22,13.67,12.1148,13.6718
"3419",297,2015-10-23,13.62,12.1205,13.6837
"3420",298,2015-10-24,14.41,12.1269,13.6996
"3421",299,2015-10-25,15.06,12.1342,13.714
"3422",300,2015-10-26,15.6,12.1418,13.7254
"3423",301,2015-10-27,14.98,12.1486,13.7345
"3424",302,2015-10-28,14.54,12.1541,13.7422
"3425",303,2015-10-29,14.21,12.1586,13.7481
"3426",304,2015-10-30,14.13,12.1615,13.7537
"3427",305,2015-10-31,13.5,12.1624,13.7562
"3428",306,2015-11-01,13.8,12.1615,13.7578
"3429",307,2015-11-02,13.54,12.1583,13.7601
"3430",308,2015-11-03,12.45,12.1533,13.7591
"3431",309,2015-11-04,11.99,12.1456,13.7568
"3432",310,2015-11-05,11.43,12.1345,13.753
"3433",311,2015-11-06,11.59,12.1209,13.7465
"3434",312,2015-11-07,11.82,12.1057,13.7384
"3435",313,2015-11-08,12.18,12.0903,13.7302
"3436",314,2015-11-09,12.53,12.0746,13.7238
"3437",315,2015-11-10,12.38,12.0572,13.7129
"3438",316,2015-11-11,12.19,12.0389,13.6985
"3439",317,2015-11-12,12.21,12.0195,13.682
"3440",318,2015-11-13,12.13,11.9992,13.661
"3441",319,2015-11-14,12.36,11.978,13.636
"3442",320,2015-11-15,13.32,11.9569,13.6042
"3443",321,2015-11-16,11.52,11.9362,13.5543
"3444",322,2015-11-17,11.6,11.9156,13.5036
"3445",323,2015-11-18,11.71,11.8951,13.4537
"3446",324,2015-11-19,11.39,11.8736,13.4044
"3447",325,2015-11-20,11.4,11.8513,13.3546
"3448",326,2015-11-21,10.85,11.8294,13.3058
"3449",327,2015-11-22,10.85,11.8068,13.2604
"3450",328,2015-11-23,11.38,11.7842,13.2197
"3451",329,2015-11-24,11.03,11.7614,13.1803
"3452",330,2015-11-25,10.85,11.7375,13.14
"3453",331,2015-11-26,10.67,11.7131,13.1015
"3454",332,2015-11-27,11.03,11.6884,13.0641
"3455",333,2015-11-28,10.93,11.6641,13.0282
"3456",334,2015-11-29,11.01,11.6402,12.992
"3457",335,2015-11-30,11.38,11.6171,12.9541
"3458",336,2015-12-01,11.63,11.5948,12.9147
"3459",337,2015-12-02,12.25,11.5732,12.875
"3460",338,2015-12-03,12.14,11.5525,12.8345
"3461",339,2015-12-04,12.04,11.5322,12.7935
"3462",340,2015-12-05,11.97,11.513,12.7519
"3463",341,2015-12-06,12.3,11.4948,12.7088
"3464",342,2015-12-07,12.54,11.4773,12.666
"3465",343,2015-12-08,13.3,11.4605,12.6213
"3466",344,2015-12-09,13.32,11.4437,12.5767
"3467",345,2015-12-10,13.1,11.4271,12.529
"3468",346,2015-12-11,13.1,11.4114,12.4822
"3469",347,2015-12-12,12.94,11.3961,12.4369
"3470",348,2015-12-13,13.3,11.3808,12.3945
"3471",349,2015-12-14,12.01,11.3658,12.3561
"3472",350,2015-12-15,11.88,11.3514,12.3201
"3473",351,2015-12-16,11.73,11.3368,12.2888
"3474",352,2015-12-17,11.69,11.323,12.2765
"3475",353,2015-12-18,12,11.3099,12.2651
"3476",354,2015-12-19,12.39,11.2979,12.2572
"3477",355,2015-12-20,12.24,11.287,12.251
"3478",356,2015-12-21,12.39,11.277,12.2471
"3479",357,2015-12-22,12.61,11.267,12.2428
"3480",358,2015-12-23,12.06,11.2578,12.2372
"3481",359,2015-12-24,11.97,11.2488,12.2269
"3482",360,2015-12-25,11.73,11.2407,12.2155
"3483",361,2015-12-26,11.38,11.2334,12.2081
"3484",362,2015-12-27,11.01,11.2273,12.2007
"3485",363,2015-12-28,11.25,11.2228,12.1935
"3486",364,2015-12-29,11.18,11.2202,12.1872
"3487",365,2015-12-30,11.06,11.2189,12.183
"3488",366,2015-12-31,11.49,11.2182,12.1828
"3489",1,2016-01-01,11.75,11.2183,12.1845
"3490",2,2016-01-02,12.09,11.2192,12.1883
"3491",3,2016-01-03,12.23,11.2211,12.1965
"3492",4,2016-01-04,12.14,11.2241,12.2088
"3493",5,2016-01-05,12.43,11.2281,12.2236
"3494",6,2016-01-06,12.62,11.2333,12.2421
"3495",7,2016-01-07,12.75,11.2391,12.2628
"3496",8,2016-01-08,12.67,11.2448,12.2828
"3497",9,2016-01-09,12.36,11.2505,12.3013
"3498",10,2016-01-10,12.37,11.256,12.3206
"3499",11,2016-01-11,12.34,11.2619,12.3342
"3500",12,2016-01-12,12.6,11.2681,12.3474
"3501",13,2016-01-13,12.65,11.2742,12.3582
"3502",14,2016-01-14,12.52,11.2801,12.369
"3503",15,2016-01-15,12.53,11.2851,12.3793
"3504",16,2016-01-16,12.71,11.2895,12.3885
"3505",17,2016-01-17,12.97,11.2928,12.3964
"3506",18,2016-01-18,12.89,11.2955,12.4053
"3507",19,2016-01-19,12.75,11.2974,12.4121
"3508",20,2016-01-20,12.47,11.2984,12.4178
"3509",21,2016-01-21,12.41,11.2988,12.4227
"3510",22,2016-01-22,12.69,11.2982,12.4281
"3511",23,2016-01-23,12.8,11.2968,12.4324
"3512",24,2016-01-24,12.79,11.2952,12.4357
"3513",25,2016-01-25,12.83,11.2932,12.439
"3514",26,2016-01-26,12.94,11.2906,12.441
"3515",27,2016-01-27,13.02,11.287,12.4434
"3516",28,2016-01-28,13.01,11.2818,12.4461
"3517",29,2016-01-29,13.05,11.2746,12.4479
"3518",30,2016-01-30,12.88,11.2653,12.4485
"3519",31,2016-01-31,12.58,11.2542,12.4469
"3520",32,2016-02-01,11.95,11.2411,12.4442
"3521",33,2016-02-02,11.43,11.2264,12.4398
"3522",34,2016-02-03,11.48,11.2099,12.4318
"3523",35,2016-02-04,12.16,11.1909,12.4222
"3524",36,2016-02-05,12.03,11.1701,12.411
"3525",37,2016-02-06,12.2,11.1479,12.3955
"3526",38,2016-02-07,12.44,11.1245,12.3757
"3527",39,2016-02-08,12.39,11.1002,12.3559
"3528",40,2016-02-09,12.4,11.0755,12.3377
"3529",41,2016-02-10,12.46,11.0507,12.32
"3530",42,2016-02-11,12.4,11.0258,12.309
"3531",43,2016-02-12,12.46,11.0014,12.301
"3532",44,2016-02-13,12.33,10.9775,12.2936
"3533",45,2016-02-14,11.81,10.9548,12.2858
"3534",46,2016-02-15,11.86,10.934,12.2799
"3535",47,2016-02-16,11.44,10.9149,12.2777
"3536",48,2016-02-17,11.42,10.8971,12.276
"3537",49,2016-02-18,11.42,10.8802,12.2734
"3538",50,2016-02-19,11.55,10.864,12.2703
"3539",51,2016-02-20,11.9,10.848,12.2651
"3540",52,2016-02-21,11.81,10.8326,12.2578
"3541",53,2016-02-22,12.14,10.8181,12.2482
"3542",54,2016-02-23,12.17,10.8039,12.2367
"3543",55,2016-02-24,12.2,10.7892,12.223
"3544",56,2016-02-25,11.91,10.7744,12.2044
"3545",57,2016-02-26,11.88,10.759,12.1828
"3546",58,2016-02-27,12.05,10.7431,12.1564
"3547",59,2016-02-28,12.15,10.7272,12.1279
"3548",60,2016-02-29,12.3,10.7122,12.1025
"3549",61,2016-03-01,12.3,10.6985,12.0806
"3550",62,2016-03-02,12.37,10.6867,12.0604
"3551",63,2016-03-03,12.57,10.6755,12.0423
"3552",64,2016-03-04,12.6,10.6644,12.0249
"3553",65,2016-03-05,12.71,10.6537,12.0121
"3554",66,2016-03-06,13.11,10.6438,11.9993
"3555",67,2016-03-07,13.08,10.6337,11.9872
"3556",68,2016-03-08,12.42,10.6233,11.9781
"3557",69,2016-03-09,12.41,10.6123,11.9706
"3558",70,2016-03-10,12.67,10.6009,11.9641
"3559",71,2016-03-11,12.85,10.588,11.957
"3560",72,2016-03-12,13,10.5734,11.9488
"3561",73,2016-03-13,13.05,10.5568,11.9359
"3562",74,2016-03-14,13,10.5383,11.921
"3563",75,2016-03-15,12.79,10.5177,11.9049
"3564",76,2016-03-16,12.58,10.4943,11.8839
"3565",77,2016-03-17,12.03,10.4679,11.8561
"3566",78,2016-03-18,12.62,10.439,11.8182
"3567",79,2016-03-19,12.4,10.4087,11.7701
"3568",80,2016-03-20,13.19,10.3784,11.7189
"3569",81,2016-03-21,13.37,10.3479,11.6673
"3570",82,2016-03-22,13.15,10.3177,11.6175
"3571",83,2016-03-23,12.71,10.2868,11.572
"3572",84,2016-03-24,12.55,10.2549,11.5278
"3573",85,2016-03-25,12.02,10.2223,11.4858
"3574",86,2016-03-26,11.06,10.1896,11.4475
"3575",87,2016-03-27,10.22,10.1571,11.4131
"3576",88,2016-03-28,9.36,10.1255,11.3811
"3577",89,2016-03-29,8.88,10.0944,11.355
"3578",90,2016-03-30,8.71,10.0637,11.3319
"3579",91,2016-03-31,9.11,10.032,11.3057
"3580",92,2016-04-01,9.17,9.9996,11.2758
"3581",93,2016-04-02,9.25,9.9663,11.2432
"3582",94,2016-04-03,9.26,9.9339,11.2106
"3583",95,2016-04-04,9.76,9.9032,11.177
"3584",96,2016-04-05,9.35,9.8741,11.1394
"3585",97,2016-04-06,9.24,9.847,11.0961
"3586",98,2016-04-07,9.6,9.8226,11.0556
"3587",99,2016-04-08,10.13,9.8002,11.0167
"3588",100,2016-04-09,10.57,9.7808,10.9794
"3589",101,2016-04-10,10.72,9.7628,10.9401
"3590",102,2016-04-11,10.82,9.747,10.8994
"3591",103,2016-04-12,10.76,9.7326,10.8601
"3592",104,2016-04-13,10.23,9.7205,10.8235
"3593",105,2016-04-14,10.11,9.7103,10.7845
"3594",106,2016-04-15,9.83,9.7021,10.7476
"3595",107,2016-04-16,NA,9.696,10.7155
"3596",108,2016-04-17,10.32,9.6917,10.6872
"3597",109,2016-04-18,10.82,9.6892,10.6675
"3598",110,2016-04-19,11.9,9.6872,10.6579
"3599",111,2016-04-20,10.88,9.6849,10.6511
"3600",112,2016-04-21,11.8,9.6829,10.6453
"3601",113,2016-04-22,12.77,9.6821,10.6415
"3602",114,2016-04-23,13,9.6817,10.6328
"3603",115,2016-04-24,12.49,9.6831,10.6262
"3604",116,2016-04-25,11.53,9.6864,10.6286
"3605",117,2016-04-26,10.43,9.6907,10.6341
"3606",118,2016-04-27,9.83,9.6978,10.6425
"3607",119,2016-04-28,9.45,9.7062,10.6567
"3608",120,2016-04-29,NA,9.7164,10.6713
"3609",121,2016-04-30,NA,9.7279,10.6826
"3610",122,2016-05-01,NA,9.741,10.6939
"3611",123,2016-05-02,9.03,9.7549,10.705
"3612",124,2016-05-03,9.69,9.7687,10.7142
"3613",125,2016-05-04,10.02,9.783,10.7215
"3614",126,2016-05-05,10.46,9.7962,10.7296
"3615",127,2016-05-06,10.22,9.8079,10.7369
"3616",128,2016-05-07,9.84,9.8183,10.7461
"3617",129,2016-05-08,10.93,9.826,10.752
"3618",130,2016-05-09,11.24,9.8322,10.7522
"3619",131,2016-05-10,10.92,9.8366,10.7494
"3620",132,2016-05-11,11.14,9.8415,10.7516
"3621",133,2016-05-12,12.25,9.8482,10.7581
"3622",134,2016-05-13,NA,9.8574,10.7646
"3623",135,2016-05-14,13.06,9.8677,10.774
"3624",136,2016-05-15,13.49,9.8792,10.7893
"3625",137,2016-05-16,11.31,9.8923,10.8041
"3626",138,2016-05-17,10.88,9.9078,10.8193
"3627",139,2016-05-18,10.27,9.9265,10.8376
"3628",140,2016-05-19,10.15,9.9477,10.8583
"3629",141,2016-05-20,9.84,9.971,10.8863
"3630",142,2016-05-21,9.74,9.9962,10.9171
"3631",143,2016-05-22,9.9,10.0228,10.9485
"3632",144,2016-05-23,10.49,10.0491,10.9782
"3633",145,2016-05-24,10.21,10.0761,11.0126
"3634",146,2016-05-25,11.09,10.1035,11.0487
"3635",147,2016-05-26,11.22,10.1302,11.0759
"3636",148,2016-05-27,9.95,10.1574,11.0988
"3637",149,2016-05-28,9.56,10.1811,11.1171
"3638",150,2016-05-29,NA,10.2015,11.1284
"3639",151,2016-05-30,10.16,10.2193,11.1365
"3640",152,2016-05-31,10.6,10.2356,11.1465
"3641",153,2016-06-01,11.54,10.2509,11.1578
"3642",154,2016-06-02,11.75,10.2648,11.1695
"3643",155,2016-06-03,11.89,10.278,11.183
"3644",156,2016-06-04,11.43,10.2905,11.1965
"3645",157,2016-06-05,10.84,10.304,11.2093
"3646",158,2016-06-06,12.97,10.3196,11.2228
"3647",159,2016-06-07,13.89,10.3365,11.2422
"3648",160,2016-06-08,14.58,10.3572,11.2736
"3649",161,2016-06-09,12.74,10.3818,11.3111
"3650",162,2016-06-10,10.81,10.4093,11.3558
"3651",163,2016-06-11,11.33,10.4374,11.3949
"3652",164,2016-06-12,10.95,10.4652,11.4343
"3653",165,2016-06-13,11.13,10.4933,11.4769
"3654",166,2016-06-14,11.02,10.5236,11.5197
"3655",167,2016-06-15,10.32,10.5555,11.5625
"3656",168,2016-06-16,10.24,10.5885,11.6079
"3657",169,2016-06-17,11.07,10.6202,11.6546
"3658",170,2016-06-18,10.88,10.6483,11.7003
"3659",171,2016-06-19,11.27,10.6736,11.7424
"3660",172,2016-06-20,11.05,10.6964,11.777
"3661",173,2016-06-21,10.49,10.7174,11.8095
"3662",174,2016-06-22,10.44,10.7379,11.8462
"3663",175,2016-06-23,9.98,10.7589,11.8935
"3664",176,2016-06-24,9.97,10.7802,11.9393
"3665",177,2016-06-25,10.1,10.7994,11.9802
"3666",178,2016-06-26,9.95,10.8169,12.0193
"3667",179,2016-06-27,9.7,10.8326,12.0502
"3668",180,2016-06-28,9.8,10.8508,12.0916
"3669",181,2016-06-29,9.8,10.8734,12.1366
"3670",182,2016-06-30,9.73,10.8993,12.1881
"3671",183,2016-07-01,9.52,10.9277,12.2466
"3672",184,2016-07-02,9.51,10.9581,12.3043
"3673",185,2016-07-03,10.45,10.9911,12.362
"3674",186,2016-07-04,10.93,11.0261,12.4176
"3675",187,2016-07-05,11.34,11.0609,12.4691
"3676",188,2016-07-06,11.25,11.0962,12.5205
"3677",189,2016-07-07,10.04,11.1315,12.572
"3678",190,2016-07-08,10.13,11.1671,12.6289
"3679",191,2016-07-09,10.63,11.2023,12.6778
"3680",192,2016-07-10,10.97,11.2364,12.7247
"3681",193,2016-07-11,10.99,11.2703,12.7686
"3682",194,2016-07-12,11.03,11.3047,12.8149
"3683",195,2016-07-13,11.02,11.3404,12.859
"3684",196,2016-07-14,11.09,11.3766,12.9028
"3685",197,2016-07-15,10.15,11.4117,12.9518
"3686",198,2016-07-16,10.59,11.4468,13.0005
"3687",199,2016-07-17,10.28,11.4825,13.0488
"3688",200,2016-07-18,10.17,11.5194,13.0971
"3689",201,2016-07-19,10.13,11.5588,13.1454
"3690",202,2016-07-20,10.11,11.5986,13.1932
"3691",203,2016-07-21,10.11,11.6385,13.2398
"3692",204,2016-07-22,10.43,11.6778,13.2786
"3693",205,2016-07-23,10.63,11.7149,13.3111
"3694",206,2016-07-24,10.3,11.7495,13.3321
"3695",207,2016-07-25,10.24,11.7815,13.3503
"3696",208,2016-07-26,10.5,11.8134,13.3665
"3697",209,2016-07-27,10.45,11.8456,13.3809
"3698",210,2016-07-28,10.44,11.8772,13.4015
"3699",211,2016-07-29,10.69,11.9069,13.4123
"3700",212,2016-07-30,11.68,11.934,13.4233
"3701",213,2016-07-31,12.02,11.9607,13.4309
"3702",214,2016-08-01,12.67,11.9872,13.433
"3703",215,2016-08-02,13.19,12.0143,13.4398
"3704",216,2016-08-03,13.16,12.0422,13.4509
"3705",217,2016-08-04,12.62,12.071,13.4702
"3706",218,2016-08-05,12.28,12.1028,13.4984
"3707",219,2016-08-06,12.69,12.1366,13.5309
"3708",220,2016-08-07,11.07,12.1716,13.5648
"3709",221,2016-08-08,11.24,12.2077,13.5923
"3710",222,2016-08-09,11.06,12.2447,13.6203
"3711",223,2016-08-10,10.87,12.2819,13.6513
"3712",224,2016-08-11,10.77,12.3166,13.6805
"3713",225,2016-08-12,11.33,12.3479,13.7094
"3714",226,2016-08-13,11.85,12.3744,13.731
"3715",227,2016-08-14,11.46,12.3969,13.7455
"3716",228,2016-08-15,11.11,12.4165,13.7496
"3717",229,2016-08-16,11.54,12.4319,13.748
"3718",230,2016-08-17,11.79,12.4431,13.7447
"3719",231,2016-08-18,12.48,12.4516,13.7419
"3720",232,2016-08-19,13.28,12.4572,13.7391
"3721",233,2016-08-20,14.11,12.4606,13.7363
"3722",234,2016-08-21,14.19,12.4624,13.7318
"3723",235,2016-08-22,14.34,12.465,13.7353
"3724",236,2016-08-23,14.56,12.4707,13.7432
"3725",237,2016-08-24,14.26,12.4792,13.756
"3726",238,2016-08-25,13.99,12.4908,13.7741
"3727",239,2016-08-26,14.01,12.5052,13.7988
"3728",240,2016-08-27,14.35,12.5212,13.8268
"3729",241,2016-08-28,14.71,12.5382,13.8541
"3730",242,2016-08-29,14.46,12.5559,13.8807
"3731",243,2016-08-30,13.78,12.5736,13.9047
"3732",244,2016-08-31,12.66,12.59,13.9276
"3733",245,2016-09-01,11.87,12.605,13.952
"3734",246,2016-09-02,11.22,12.617,13.9717
"3735",247,2016-09-03,10.98,12.6256,13.986
"3736",248,2016-09-04,10.76,12.6318,13.991
"3737",249,2016-09-05,10.72,12.634,13.9905
"3738",250,2016-09-06,10.86,12.6312,13.984
"3739",251,2016-09-07,11.12,12.6246,13.9762
"3740",252,2016-09-08,11.39,12.6142,13.9645
"3741",253,2016-09-09,11.55,12.5997,13.9401
"3742",254,2016-09-10,11.74,12.5818,13.9072
"3743",255,2016-09-11,12.21,12.5631,13.8731
"3744",256,2016-09-12,12.94,12.5455,13.8404
"3745",257,2016-09-13,12.53,12.529,13.8137
"3746",258,2016-09-14,12.82,12.5129,13.7894
"3747",259,2016-09-15,13.53,12.4969,13.7691
"3748",260,2016-09-16,12.38,12.4822,13.754
"3749",261,2016-09-17,11.75,12.4686,13.7403
"3750",262,2016-09-18,11.72,12.4551,13.7254
"3751",263,2016-09-19,11.48,12.4419,13.7095
"3752",264,2016-09-20,11.18,12.4302,13.6958
"3753",265,2016-09-21,11.3,12.4201,13.6905
"3754",266,2016-09-22,11.36,12.4088,13.6846
"3755",267,2016-09-23,11.11,12.3946,13.6723
"3756",268,2016-09-24,10.92,12.3778,13.6557
"3757",269,2016-09-25,10.89,12.359,13.6367
"3758",270,2016-09-26,11.13,12.3383,13.6155
"3759",271,2016-09-27,11.29,12.3168,13.5931
"3760",272,2016-09-28,11.56,12.2951,13.5741
"3761",273,2016-09-29,11.23,12.2737,13.5569
"3762",274,2016-09-30,11.03,12.2534,13.5431
"3763",275,2016-10-01,11.19,12.2335,13.5301
"3764",276,2016-10-02,11.57,12.214,13.5127
"3765",277,2016-10-03,11.7,12.1957,13.496
"3766",278,2016-10-04,12.53,12.1796,13.4807
"3767",279,2016-10-05,12.1,12.1659,13.4706
"3768",280,2016-10-06,11.99,12.1544,13.4625
"3769",281,2016-10-07,11.69,12.1457,13.4591
"3770",282,2016-10-08,11.76,12.138,13.4559
"3771",283,2016-10-09,11.59,12.1309,13.455
"3772",284,2016-10-10,11.71,12.1253,13.4654
"3773",285,2016-10-11,11.17,12.12,13.4807
"3774",286,2016-10-12,11.57,12.1156,13.4969
"3775",287,2016-10-13,11.87,12.112,13.5121
"3776",288,2016-10-14,12.2,12.11,13.5293
"3777",289,2016-10-15,12.44,12.109,13.5501
"3778",290,2016-10-16,12.98,12.1084,13.5709
"3779",291,2016-10-17,13.03,12.1077,13.5909
"3780",292,2016-10-18,13.43,12.1065,13.6089
"3781",293,2016-10-19,13.1,12.1065,13.6261
"3782",294,2016-10-20,12.83,12.1083,13.6441
"3783",295,2016-10-21,12.48,12.1106,13.6607
"3784",296,2016-10-22,11.8,12.1148,13.6718
"3785",297,2016-10-23,11.46,12.1205,13.6837
"3786",298,2016-10-24,11.93,12.1269,13.6996
"3787",299,2016-10-25,13.14,12.1342,13.714
"3788",300,2016-10-26,12.82,12.1418,13.7254
"3789",301,2016-10-27,13,12.1486,13.7345
"3790",302,2016-10-28,13.22,12.1541,13.7422
"3791",303,2016-10-29,13.49,12.1586,13.7481
"3792",304,2016-10-30,13.8,12.1615,13.7537
"3793",305,2016-10-31,13.91,12.1624,13.7562
"3794",306,2016-11-01,13.88,12.1615,13.7578
"3795",307,2016-11-02,13.81,12.1583,13.7601
"3796",308,2016-11-03,14.06,12.1533,13.7591
"3797",309,2016-11-04,14.06,12.1456,13.7568
"3798",310,2016-11-05,14.1,12.1345,13.753
"3799",311,2016-11-06,14.49,12.1209,13.7465
"3800",312,2016-11-07,14.7,12.1057,13.7384
"3801",313,2016-11-08,14.74,12.0903,13.7302
"3802",314,2016-11-09,14.36,12.0746,13.7238
"3803",315,2016-11-10,14.08,12.0572,13.7129
"3804",316,2016-11-11,14.08,12.0389,13.6985
"3805",317,2016-11-12,14.39,12.0195,13.682
"3806",318,2016-11-13,13.95,11.9992,13.661
"3807",319,2016-11-14,13.76,11.978,13.636
"3808",320,2016-11-15,13.75,11.9569,13.6042
"3809",321,2016-11-16,13.24,11.9362,13.5543
"3810",322,2016-11-17,12.71,11.9156,13.5036
"3811",323,2016-11-18,12.58,11.8951,13.4537
"3812",324,2016-11-19,13.78,11.8736,13.4044
"3813",325,2016-11-20,14.36,11.8513,13.3546
"3814",326,2016-11-21,14.08,11.8294,13.3058
"3815",327,2016-11-22,13.36,11.8068,13.2604
"3816",328,2016-11-23,13.45,11.7842,13.2197
"3817",329,2016-11-24,13.03,11.7614,13.1803
"3818",330,2016-11-25,13.14,11.7375,13.14
"3819",331,2016-11-26,13.17,11.7131,13.1015
"3820",332,2016-11-27,13.31,11.6884,13.0641
"3821",333,2016-11-28,13.12,11.6641,13.0282
"3822",334,2016-11-29,12,11.6402,12.992
"3823",335,2016-11-30,12.13,11.6171,12.9541
"3824",336,2016-12-01,11.54,11.5948,12.9147
"3825",337,2016-12-02,11.04,11.5732,12.875
"3826",338,2016-12-03,11.09,11.5525,12.8345
"3827",339,2016-12-04,10.87,11.5322,12.7935
"3828",340,2016-12-05,10.82,11.513,12.7519
"3829",341,2016-12-06,10.31,11.4948,12.7088
"3830",342,2016-12-07,10.13,11.4773,12.666
"3831",343,2016-12-08,10.13,11.4605,12.6213
"3832",344,2016-12-09,10.79,11.4437,12.5767
"3833",345,2016-12-10,11.18,11.4271,12.529
"3834",346,2016-12-11,10.98,11.4114,12.4822
"3835",347,2016-12-12,10.87,11.3961,12.4369
"3836",348,2016-12-13,10.87,11.3808,12.3945
"3837",349,2016-12-14,11.18,11.3658,12.3561
"3838",350,2016-12-15,11.59,11.3514,12.3201
"3839",351,2016-12-16,11.4,11.3368,12.2888
"3840",352,2016-12-17,10.82,11.323,12.2765
"3841",353,2016-12-18,10.81,11.3099,12.2651
"3842",354,2016-12-19,10.67,11.2979,12.2572
"3843",355,2016-12-20,10.69,11.287,12.251
"3844",356,2016-12-21,10.88,11.277,12.2471
"3845",357,2016-12-22,11.05,11.267,12.2428
"3846",358,2016-12-23,11.15,11.2578,12.2372
"3847",359,2016-12-24,10.93,11.2488,12.2269
"3848",360,2016-12-25,10.84,11.2407,12.2155
"3849",361,2016-12-26,10.3,11.2334,12.2081
"3850",362,2016-12-27,10.6,11.2273,12.2007
"3851",363,2016-12-28,10.81,11.2228,12.1935
"3852",364,2016-12-29,10.7,11.2202,12.1872
"3853",365,2016-12-30,10.94,11.2189,12.183
"3854",366,2016-12-31,10.73,11.2182,12.1828
"3855",1,2017-01-01,10.72,11.2183,12.1845
"3856",2,2017-01-02,10.53,11.2192,12.1883
"3857",3,2017-01-03,10.51,11.2211,12.1965
"3858",4,2017-01-04,10.68,11.2241,12.2088
"3859",5,2017-01-05,10.34,11.2281,12.2236
"3860",6,2017-01-06,10.03,11.2333,12.2421
"3861",7,2017-01-07,10.37,11.2391,12.2628
"3862",8,2017-01-08,10.82,11.2448,12.2828
"3863",9,2017-01-09,11.07,11.2505,12.3013
"3864",10,2017-01-10,11.2,11.256,12.3206
"3865",11,2017-01-11,11.17,11.2619,12.3342
"3866",12,2017-01-12,11.21,11.2681,12.3474
"3867",13,2017-01-13,11.16,11.2742,12.3582
"3868",14,2017-01-14,11.24,11.2801,12.369
"3869",15,2017-01-15,11.29,11.2851,12.3793
"3870",16,2017-01-16,11.43,11.2895,12.3885
"3871",17,2017-01-17,11.42,11.2928,12.3964
"3872",18,2017-01-18,11.41,11.2955,12.4053
"3873",19,2017-01-19,11.5,11.2974,12.4121
"3874",20,2017-01-20,11.67,11.2984,12.4178
"3875",21,2017-01-21,11.63,11.2988,12.4227
"3876",22,2017-01-22,11.54,11.2982,12.4281
"3877",23,2017-01-23,11.38,11.2968,12.4324
"3878",24,2017-01-24,11.5,11.2952,12.4357
"3879",25,2017-01-25,11.18,11.2932,12.439
"3880",26,2017-01-26,11.68,11.2906,12.441
"3881",27,2017-01-27,11.67,11.287,12.4434
"3882",28,2017-01-28,11.52,11.2818,12.4461
"3883",29,2017-01-29,11.54,11.2746,12.4479
"3884",30,2017-01-30,11.51,11.2653,12.4485
"3885",31,2017-01-31,11.53,11.2542,12.4469
"3886",32,2017-02-01,11.44,11.2411,12.4442
"3887",33,2017-02-02,11.49,11.2264,12.4398
"3888",34,2017-02-03,11.93,11.2099,12.4318
"3889",35,2017-02-04,11.96,11.1909,12.4222
"3890",36,2017-02-05,12,11.1701,12.411
"3891",37,2017-02-06,12.08,11.1479,12.3955
"3892",38,2017-02-07,12.34,11.1245,12.3757
"3893",39,2017-02-08,12.35,11.1002,12.3559
"3894",40,2017-02-09,12.67,11.0755,12.3377
"3895",41,2017-02-10,12.44,11.0507,12.32
"3896",42,2017-02-11,12.24,11.0258,12.309
"3897",43,2017-02-12,12.13,11.0014,12.301
"3898",44,2017-02-13,12.25,10.9775,12.2936
"3899",45,2017-02-14,12.39,10.9548,12.2858
"3900",46,2017-02-15,12.51,10.934,12.2799
"3901",47,2017-02-16,12.74,10.9149,12.2777
"3902",48,2017-02-17,12.61,10.8971,12.276
"3903",49,2017-02-18,12.62,10.8802,12.2734
"3904",50,2017-02-19,12.21,10.864,12.2703
"3905",51,2017-02-20,12.42,10.848,12.2651
"3906",52,2017-02-21,12.52,10.8326,12.2578
"3907",53,2017-02-22,12.46,10.8181,12.2482
"3908",54,2017-02-23,12.28,10.8039,12.2367
"3909",55,2017-02-24,12.05,10.7892,12.223
"3910",56,2017-02-25,12.04,10.7744,12.2044
"3911",57,2017-02-26,11.89,10.759,12.1828
"3912",58,2017-02-27,11.91,10.7431,12.1564
"3913",59,2017-02-28,11.81,10.7272,12.1279
"3914",61,2017-03-01,11.79,10.6985,12.0806
"3915",62,2017-03-02,11.5,10.6867,12.0604
"3916",63,2017-03-03,11.39,10.6755,12.0423
"3917",64,2017-03-04,11.1,10.6644,12.0249
"3918",65,2017-03-05,11.19,10.6537,12.0121
"3919",66,2017-03-06,10.8,10.6438,11.9993
"3920",67,2017-03-07,10.86,10.6337,11.9872
"3921",68,2017-03-08,11.13,10.6233,11.9781
"3922",69,2017-03-09,11.28,10.6123,11.9706
"3923",70,2017-03-10,11.32,10.6009,11.9641
"3924",71,2017-03-11,11.34,10.588,11.957
"3925",72,2017-03-12,11.34,10.5734,11.9488
"3926",73,2017-03-13,11.33,10.5568,11.9359
"3927",74,2017-03-14,11.38,10.5383,11.921
"3928",75,2017-03-15,11.15,10.5177,11.9049
"3929",76,2017-03-16,11.24,10.4943,11.8839
"3930",77,2017-03-17,10.95,10.4679,11.8561
"3931",78,2017-03-18,11.76,10.439,11.8182
"3932",79,2017-03-19,11.66,10.4087,11.7701
"3933",80,2017-03-20,11.8,10.3784,11.7189
"3934",81,2017-03-21,11.88,10.3479,11.6673
"3935",82,2017-03-22,12.39,10.3177,11.6175
"3936",83,2017-03-23,11.84,10.2868,11.572
"3937",84,2017-03-24,11.93,10.2549,11.5278
"3938",85,2017-03-25,12.34,10.2223,11.4858
"3939",86,2017-03-26,12.58,10.1896,11.4475
"3940",87,2017-03-27,12.52,10.1571,11.4131
"3941",88,2017-03-28,12.08,10.1255,11.3811
"3942",89,2017-03-29,11.58,10.0944,11.355
"3943",90,2017-03-30,11.34,10.0637,11.3319
"3944",91,2017-03-31,10.43,10.032,11.3057
"3945",92,2017-04-01,9.77,9.9996,11.2758
"3946",93,2017-04-02,9.61,9.9663,11.2432
"3947",94,2017-04-03,9.15,9.9339,11.2106
"3948",95,2017-04-04,9.06,9.9032,11.177
"3949",96,2017-04-05,8.99,9.8741,11.1394
"3950",97,2017-04-06,9.29,9.847,11.0961
"3951",98,2017-04-07,9.65,9.8226,11.0556
"3952",99,2017-04-08,10.28,9.8002,11.0167
"3953",100,2017-04-09,10.07,9.7808,10.9794
"3954",101,2017-04-10,11.11,9.7628,10.9401
"3955",102,2017-04-11,10.38,9.747,10.8994
"3956",103,2017-04-12,10.64,9.7326,10.8601
"3957",104,2017-04-13,10.96,9.7205,10.8235
"3958",105,2017-04-14,11.22,9.7103,10.7845
"3959",106,2017-04-15,10.86,9.7021,10.7476
"3960",107,2017-04-16,10.93,9.696,10.7155
"3961",108,2017-04-17,11.15,9.6917,10.6872
"3962",109,2017-04-18,NA,9.6892,10.6675
"3963",110,2017-04-19,NA,9.6872,10.6579
"3964",111,2017-04-20,NA,9.6849,10.6511
"3965",112,2017-04-21,NA,9.6829,10.6453
"3966",113,2017-04-22,NA,9.6821,10.6415
"3967",114,2017-04-23,11.53,9.6817,10.6328
"3968",115,2017-04-24,11.37,9.6831,10.6262
"3969",116,2017-04-25,11.15,9.6864,10.6286
"3970",117,2017-04-26,11.27,9.6907,10.6341
"3971",118,2017-04-27,11.06,9.6978,10.6425
"3972",119,2017-04-28,9.91,9.7062,10.6567
"3973",120,2017-04-29,9.93,9.7164,10.6713
"3974",121,2017-04-30,9.83,9.7279,10.6826
"3975",122,2017-05-01,9.31,9.741,10.6939
"3976",123,2017-05-02,9.18,9.7549,10.705
"3977",124,2017-05-03,8.92,9.7687,10.7142
"3978",125,2017-05-04,9.13,9.783,10.7215
"3979",126,2017-05-05,9.63,9.7962,10.7296
"3980",127,2017-05-06,9.3,9.8079,10.7369
"3981",128,2017-05-07,9.25,9.8183,10.7461
"3982",129,2017-05-08,8.6,9.826,10.752
"3983",130,2017-05-09,8.54,9.8322,10.7522
"3984",131,2017-05-10,8.36,9.8366,10.7494
"3985",132,2017-05-11,8.6,9.8415,10.7516
"3986",133,2017-05-12,9.32,9.8482,10.7581
"3987",134,2017-05-13,9.92,9.8574,10.7646
"3988",135,2017-05-14,10,9.8677,10.774
"3989",136,2017-05-15,9.39,9.8792,10.7893
"3990",137,2017-05-16,9.12,9.8923,10.8041
"3991",138,2017-05-17,NA,9.9078,10.8193
"3992",139,2017-05-18,NA,9.9265,10.8376
"3993",140,2017-05-19,NA,9.9477,10.8583
"3994",141,2017-05-20,NA,9.971,10.8863
"3995",142,2017-05-21,9.7,9.9962,10.9171
"3996",143,2017-05-22,9.43,10.0228,10.9485
"3997",144,2017-05-23,10.29,10.0491,10.9782
"3998",145,2017-05-24,10.58,10.0761,11.0126
"3999",146,2017-05-25,10.53,10.1035,11.0487
"4000",147,2017-05-26,10.94,10.1302,11.0759
"4001",148,2017-05-27,11.4,10.1574,11.0988
"4002",149,2017-05-28,12.37,10.1811,11.1171
"4003",150,2017-05-29,10.5,10.2015,11.1284
"4004",151,2017-05-30,10.56,10.2193,11.1365
"4005",152,2017-05-31,9.95,10.2356,11.1465
"4006",153,2017-06-01,10.69,10.2509,11.1578
"4007",154,2017-06-02,10.77,10.2648,11.1695
"4008",155,2017-06-03,10.76,10.278,11.183
"4009",156,2017-06-04,10.64,10.2905,11.1965
"4010",157,2017-06-05,10.22,10.304,11.2093
"4011",158,2017-06-06,9.81,10.3196,11.2228
"4012",159,2017-06-07,9.77,10.3365,11.2422
"4013",160,2017-06-08,9.83,10.3572,11.2736
"4014",161,2017-06-09,10.64,10.3818,11.3111
"4015",162,2017-06-10,11.28,10.4093,11.3558
"4016",163,2017-06-11,11.02,10.4374,11.3949
"4017",164,2017-06-12,10.24,10.4652,11.4343
"4018",165,2017-06-13,9.94,10.4933,11.4769
"4019",166,2017-06-14,10.01,10.5236,11.5197
"4020",167,2017-06-15,9.7,10.5555,11.5625
"4021",168,2017-06-16,NA,10.5885,11.6079
"4022",169,2017-06-17,10.83,10.6202,11.6546
"4023",170,2017-06-18,10.97,10.6483,11.7003
"4024",171,2017-06-19,10.43,10.6736,11.7424
"4025",172,2017-06-20,10.15,10.6964,11.777
"4026",173,2017-06-21,10.65,10.7174,11.8095
"4027",174,2017-06-22,10.14,10.7379,11.8462
"4028",175,2017-06-23,10.67,10.7589,11.8935
"4029",176,2017-06-24,11.94,10.7802,11.9393
"4030",177,2017-06-25,12.48,10.7994,11.9802
"4031",178,2017-06-26,12.11,10.8169,12.0193
"4032",179,2017-06-27,11.9,10.8326,12.0502
"4033",180,2017-06-28,11.31,10.8508,12.0916
"4034",181,2017-06-29,10.85,10.8734,12.1366
"4035",182,2017-06-30,10.51,10.8993,12.1881
"4036",183,2017-07-01,10.42,10.9277,12.2466
"4037",184,2017-07-02,10.37,10.9581,12.3043
"4038",185,2017-07-03,10,10.9911,12.362
"4039",186,2017-07-04,10.49,11.0261,12.4176
"4040",187,2017-07-05,11.5,11.0609,12.4691
"4041",188,2017-07-06,11.01,11.0962,12.5205
"4042",189,2017-07-07,10.14,11.1315,12.572
"4043",190,2017-07-08,10.39,11.1671,12.6289
"4044",191,2017-07-09,10.09,11.2023,12.6778
"4045",192,2017-07-10,10.21,11.2364,12.7247
"4046",193,2017-07-11,10.04,11.2703,12.7686
"4047",194,2017-07-12,10.19,11.3047,12.8149
"4048",195,2017-07-13,10.39,11.3404,12.859
"4049",196,2017-07-14,10.58,11.3766,12.9028
"4050",197,2017-07-15,11.07,11.4117,12.9518
"4051",198,2017-07-16,11.14,11.4468,13.0005
"4052",199,2017-07-17,10.91,11.4825,13.0488
"4053",200,2017-07-18,10.41,11.5194,13.0971
"4054",201,2017-07-19,10.08,11.5588,13.1454
"4055",202,2017-07-20,9.97,11.5986,13.1932
"4056",203,2017-07-21,10.18,11.6385,13.2398
"4057",204,2017-07-22,10.11,11.6778,13.2786
"4058",205,2017-07-23,10.33,11.7149,13.3111
"4059",206,2017-07-24,11.37,11.7495,13.3321
"4060",207,2017-07-25,12.19,11.7815,13.3503
"4061",208,2017-07-26,12,11.8134,13.3665
"4062",209,2017-07-27,11.98,11.8456,13.3809
"4063",210,2017-07-28,11.49,11.8772,13.4015
"4064",211,2017-07-29,11.29,11.9069,13.4123
"4065",212,2017-07-30,11.42,11.934,13.4233
"4066",213,2017-07-31,11.96,11.9607,13.4309
"4067",214,2017-08-01,12.3,11.9872,13.433
"4068",215,2017-08-02,13.87,12.0143,13.4398
"4069",216,2017-08-03,14.64,12.0422,13.4509
"4070",217,2017-08-04,15.06,12.071,13.4702
"4071",218,2017-08-05,14.23,12.1028,13.4984
"4072",219,2017-08-06,13.3,12.1366,13.5309
"4073",220,2017-08-07,12.88,12.1716,13.5648
"4074",221,2017-08-08,12.77,12.2077,13.5923
"4075",222,2017-08-09,12.68,12.2447,13.6203
"4076",223,2017-08-10,11.54,12.2819,13.6513
"4077",224,2017-08-11,11.17,12.3166,13.6805
"4078",225,2017-08-12,11.18,12.3479,13.7094
"4079",226,2017-08-13,11.44,12.3744,13.731
"4080",227,2017-08-14,11.44,12.3969,13.7455
"4081",228,2017-08-15,11.41,12.4165,13.7496
"4082",229,2017-08-16,11.15,12.4319,13.748
"4083",230,2017-08-17,11.59,12.4431,13.7447
"4084",231,2017-08-18,12.2,12.4516,13.7419
"4085",232,2017-08-19,12.04,12.4572,13.7391
"4086",233,2017-08-20,12.77,12.4606,13.7363
"4087",234,2017-08-21,13.54,12.4624,13.7318
"4088",235,2017-08-22,13.84,12.465,13.7353
"4089",236,2017-08-23,13.46,12.4707,13.7432
"4090",237,2017-08-24,13.03,12.4792,13.756
"4091",238,2017-08-25,11.94,12.4908,13.7741
"4092",239,2017-08-26,11.98,12.5052,13.7988
"4093",240,2017-08-27,12.91,12.5212,13.8268
"4094",241,2017-08-28,12.62,12.5382,13.8541
"4095",242,2017-08-29,12.18,12.5559,13.8807
"4096",243,2017-08-30,11.67,12.5736,13.9047
"4097",244,2017-08-31,11.58,12.59,13.9276
"4098",245,2017-09-01,12.02,12.605,13.952
"4099",246,2017-09-02,12.3,12.617,13.9717
"4100",247,2017-09-03,12.21,12.6256,13.986
"4101",248,2017-09-04,12.35,12.6318,13.991
"4102",249,2017-09-05,12.69,12.634,13.9905
"4103",250,2017-09-06,13.77,12.6312,13.984
"4104",251,2017-09-07,14.4,12.6246,13.9762
"4105",252,2017-09-08,14.61,12.6142,13.9645
"4106",253,2017-09-09,14.03,12.5997,13.9401
"4107",254,2017-09-10,13.29,12.5818,13.9072
"4108",255,2017-09-11,13.78,12.5631,13.8731
"4109",256,2017-09-12,15.01,12.5455,13.8404
"4110",257,2017-09-13,15.52,12.529,13.8137
"4111",258,2017-09-14,15.55,12.5129,13.7894
"4112",259,2017-09-15,15.11,12.4969,13.7691
"4113",260,2017-09-16,12.86,12.4822,13.754
"4114",261,2017-09-17,12.68,12.4686,13.7403
"4115",262,2017-09-18,12.18,12.4551,13.7254
"4116",263,2017-09-19,12.12,12.4419,13.7095
"4117",264,2017-09-20,12.02,12.4302,13.6958
"4118",265,2017-09-21,12.02,12.4201,13.6905
"4119",266,2017-09-22,11.8,12.4088,13.6846
"4120",267,2017-09-23,11.72,12.3946,13.6723
"4121",268,2017-09-24,11.67,12.3778,13.6557
"4122",269,2017-09-25,11.86,12.359,13.6367
"4123",270,2017-09-26,11.98,12.3383,13.6155
"4124",271,2017-09-27,12.16,12.3168,13.5931
"4125",272,2017-09-28,12.34,12.2951,13.5741
"4126",273,2017-09-29,12.01,12.2737,13.5569
"4127",274,2017-09-30,12.35,12.2534,13.5431
"4128",275,2017-10-01,11.94,12.2335,13.5301
"4129",276,2017-10-02,11.23,12.214,13.5127
"4130",277,2017-10-03,10.9,12.1957,13.496
"4131",278,2017-10-04,10.71,12.1796,13.4807
"4132",279,2017-10-05,10.95,12.1659,13.4706
"4133",280,2017-10-06,11,12.1544,13.4625
"4134",281,2017-10-07,11.2,12.1457,13.4591
"4135",282,2017-10-08,11.16,12.138,13.4559
"4136",283,2017-10-09,10.42,12.1309,13.455
"4137",284,2017-10-10,10.71,12.1253,13.4654
"4138",285,2017-10-11,11.18,12.12,13.4807
"4139",286,2017-10-12,11.15,12.1156,13.4969
"4140",287,2017-10-13,10.84,12.112,13.5121
"4141",288,2017-10-14,10.64,12.11,13.5293
"4142",289,2017-10-15,10.44,12.109,13.5501
"4143",290,2017-10-16,10.79,12.1084,13.5709
"4144",291,2017-10-17,10.95,12.1077,13.5909
"4145",292,2017-10-18,11.04,12.1065,13.6089
"4146",293,2017-10-19,11.27,12.1065,13.6261
"4147",294,2017-10-20,11.2,12.1083,13.6441
"4148",295,2017-10-21,11.16,12.1106,13.6607
"4149",296,2017-10-22,11.61,12.1148,13.6718
"4150",297,2017-10-23,11.6,12.1205,13.6837
"4151",298,2017-10-24,11.78,12.1269,13.6996
"4152",299,2017-10-25,12.47,12.1342,13.714
"4153",300,2017-10-26,12.08,12.1418,13.7254
"4154",301,2017-10-27,NA,12.1486,13.7345
"4155",302,2017-10-28,NA,12.1541,13.7422
"4156",303,2017-10-29,10.8,12.1586,13.7481
"4157",304,2017-10-30,10.93,12.1615,13.7537
"4158",305,2017-10-31,10.74,12.1624,13.7562
"4159",306,2017-11-01,10.93,12.1615,13.7578
"4160",307,2017-11-02,11.58,12.1583,13.7601
"4161",308,2017-11-03,11.76,12.1533,13.7591
"4162",309,2017-11-04,11.84,12.1456,13.7568
"4163",310,2017-11-05,11.41,12.1345,13.753
"4164",311,2017-11-06,11.53,12.1209,13.7465
"4165",312,2017-11-07,11.53,12.1057,13.7384
"4166",313,2017-11-08,11.71,12.0903,13.7302
"4167",314,2017-11-09,13.49,12.0746,13.7238
"4168",315,2017-11-10,13.73,12.0572,13.7129
"4169",316,2017-11-11,13.86,12.0389,13.6985
"4170",317,2017-11-12,13.84,12.0195,13.682
"4171",318,2017-11-13,13.88,11.9992,13.661
"4172",319,2017-11-14,13.58,11.978,13.636
"4173",320,2017-11-15,13.58,11.9569,13.6042
"4174",321,2017-11-16,13.68,11.9362,13.5543
"4175",322,2017-11-17,13.64,11.9156,13.5036
"4176",323,2017-11-18,13.17,11.8951,13.4537
"4177",324,2017-11-19,13.06,11.8736,13.4044
"4178",325,2017-11-20,13.37,11.8513,13.3546
"4179",326,2017-11-21,13.86,11.8294,13.3058
"4180",327,2017-11-22,13.95,11.8068,13.2604
"4181",328,2017-11-23,14.02,11.7842,13.2197
"4182",329,2017-11-24,14.04,11.7614,13.1803
"4183",330,2017-11-25,13.67,11.7375,13.14
"4184",331,2017-11-26,13.68,11.7131,13.1015
"4185",332,2017-11-27,13.65,11.6884,13.0641
"4186",333,2017-11-28,13.28,11.6641,13.0282
"4187",334,2017-11-29,12.95,11.6402,12.992
"4188",335,2017-11-30,12.05,11.6171,12.9541
"4189",336,2017-12-01,12.12,11.5948,12.9147
"4190",337,2017-12-02,11.76,11.5732,12.875
"4191",338,2017-12-03,12.01,11.5525,12.8345
"4192",339,2017-12-04,11.5,11.5322,12.7935
"4193",340,2017-12-05,11.28,11.513,12.7519
"4194",341,2017-12-06,11.49,11.4948,12.7088
"4195",342,2017-12-07,11.68,11.4773,12.666
"4196",343,2017-12-08,11.67,11.4605,12.6213
"4197",344,2017-12-09,11.6,11.4437,12.5767
"4198",345,2017-12-10,11.7,11.4271,12.529
"4199",346,2017-12-11,12.27,11.4114,12.4822
"4200",347,2017-12-12,12.14,11.3961,12.4369
"4201",348,2017-12-13,12.08,11.3808,12.3945
"4202",349,2017-12-14,12.16,11.3658,12.3561
"4203",350,2017-12-15,12.15,11.3514,12.3201
"4204",351,2017-12-16,11.82,11.3368,12.2888
"4205",352,2017-12-17,10.92,11.323,12.2765
"4206",353,2017-12-18,11.04,11.3099,12.2651
"4207",354,2017-12-19,11.49,11.2979,12.2572
"4208",355,2017-12-20,11.68,11.287,12.251
"4209",356,2017-12-21,11,11.277,12.2471
"4210",357,2017-12-22,10.91,11.267,12.2428
"4211",358,2017-12-23,11.1,11.2578,12.2372
"4212",359,2017-12-24,11.23,11.2488,12.2269
"4213",360,2017-12-25,11.99,11.2407,12.2155
"4214",361,2017-12-26,11.77,11.2334,12.2081
"4215",362,2017-12-27,11.5,11.2273,12.2007
"4216",363,2017-12-28,11.5,11.2228,12.1935
"4217",364,2017-12-29,11.28,11.2202,12.1872
"4218",365,2017-12-30,11.24,11.2189,12.183
"4219",366,2017-12-31,11.24,11.2182,12.1828
"4220",1,2018-01-01,11.3,11.2183,12.1845
"4221",2,2018-01-02,11.61,11.2192,12.1883
"4222",3,2018-01-03,11.73,11.2211,12.1965
"4223",4,2018-01-04,12.19,11.2241,12.2088
"4224",5,2018-01-05,12.69,11.2281,12.2236
"4225",6,2018-01-06,12.7,11.2333,12.2421
"4226",7,2018-01-07,12.37,11.2391,12.2628
"4227",8,2018-01-08,12.59,11.2448,12.2828
"4228",9,2018-01-09,12.84,11.2505,12.3013
"4229",10,2018-01-10,12.03,11.256,12.3206
"4230",11,2018-01-11,12.21,11.2619,12.3342
"4231",12,2018-01-12,12.33,11.2681,12.3474
"4232",13,2018-01-13,11.99,11.2742,12.3582
"4233",14,2018-01-14,12.24,11.2801,12.369
"4234",15,2018-01-15,12.95,11.2851,12.3793
"4235",16,2018-01-16,13.29,11.2895,12.3885
"4236",17,2018-01-17,13.22,11.2928,12.3964
"4237",18,2018-01-18,13.35,11.2955,12.4053
"4238",19,2018-01-19,13.06,11.2974,12.4121
"4239",20,2018-01-20,12.7,11.2984,12.4178
"4240",21,2018-01-21,12.3,11.2988,12.4227
"4241",22,2018-01-22,12.44,11.2982,12.4281
"4242",23,2018-01-23,12.21,11.2968,12.4324
"4243",24,2018-01-24,12.37,11.2952,12.4357
"4244",25,2018-01-25,12.28,11.2932,12.439
"4245",26,2018-01-26,12.1,11.2906,12.441
"4246",27,2018-01-27,12.1,11.287,12.4434
"4247",28,2018-01-28,12.07,11.2818,12.4461
"4248",29,2018-01-29,11.99,11.2746,12.4479
"4249",30,2018-01-30,11.87,11.2653,12.4485
"4250",31,2018-01-31,11.54,11.2542,12.4469
"4251",32,2018-02-01,11.52,11.2411,12.4442
"4252",33,2018-02-02,11.6,11.2264,12.4398
"4253",34,2018-02-03,11.37,11.2099,12.4318
"4254",35,2018-02-04,11.41,11.1909,12.4222
"4255",36,2018-02-05,11.81,11.1701,12.411
"4256",37,2018-02-06,11.35,11.1479,12.3955
"4257",38,2018-02-07,11.14,11.1245,12.3757
"4258",39,2018-02-08,11.24,11.1002,12.3559
"4259",40,2018-02-09,11.62,11.0755,12.3377
"4260",41,2018-02-10,11.22,11.0507,12.32
"4261",42,2018-02-11,10.57,11.0258,12.309
"4262",43,2018-02-12,10.29,11.0014,12.301
"4263",44,2018-02-13,9.98,10.9775,12.2936
"4264",45,2018-02-14,10.1,10.9548,12.2858
"4265",46,2018-02-15,10.02,10.934,12.2799
"4266",47,2018-02-16,9.99,10.9149,12.2777
"4267",48,2018-02-17,10.15,10.8971,12.276
"4268",49,2018-02-18,10.23,10.8802,12.2734
"4269",50,2018-02-19,9.64,10.864,12.2703
"4270",51,2018-02-20,9.21,10.848,12.2651
"4271",52,2018-02-21,9.24,10.8326,12.2578
"4272",53,2018-02-22,9.25,10.8181,12.2482
"4273",54,2018-02-23,8.82,10.8039,12.2367
"4274",55,2018-02-24,8.75,10.7892,12.223
"4275",56,2018-02-25,8.79,10.7744,12.2044
"4276",57,2018-02-26,9.16,10.759,12.1828
"4277",58,2018-02-27,8.88,10.7431,12.1564
"4278",59,2018-02-28,8.95,10.7272,12.1279
"4279",61,2018-03-01,9.04,10.6985,12.0806
"4280",62,2018-03-02,9.21,10.6867,12.0604
"4281",63,2018-03-03,9.34,10.6755,12.0423
"4282",64,2018-03-04,9.54,10.6644,12.0249
"4283",65,2018-03-05,9.67,10.6537,12.0121
"4284",66,2018-03-06,9.77,10.6438,11.9993
"4285",67,2018-03-07,10.11,10.6337,11.9872
"4286",68,2018-03-08,10.09,10.6233,11.9781
"4287",69,2018-03-09,10.27,10.6123,11.9706
"4288",70,2018-03-10,10.66,10.6009,11.9641
"4289",71,2018-03-11,10.79,10.588,11.957
"4290",72,2018-03-12,10.84,10.5734,11.9488
"4291",73,2018-03-13,11.62,10.5568,11.9359
"4292",74,2018-03-14,11.49,10.5383,11.921
"4293",75,2018-03-15,11.37,10.5177,11.9049
"4294",76,2018-03-16,11.51,10.4943,11.8839
"4295",77,2018-03-17,11.38,10.4679,11.8561
"4296",78,2018-03-18,11.43,10.439,11.8182
"4297",79,2018-03-19,11.47,10.4087,11.7701
"4298",80,2018-03-20,11.74,10.3784,11.7189
"4299",81,2018-03-21,11.74,10.3479,11.6673
"4300",82,2018-03-22,12.15,10.3177,11.6175
"4301",83,2018-03-23,11.5,10.2868,11.572
"4302",84,2018-03-24,11.58,10.2549,11.5278
"4303",85,2018-03-25,11.44,10.2223,11.4858
"4304",86,2018-03-26,10.91,10.1896,11.4475
"4305",87,2018-03-27,10.32,10.1571,11.4131
"4306",88,2018-03-28,10.38,10.1255,11.3811
"4307",89,2018-03-29,10.28,10.0944,11.355
"4308",90,2018-03-30,10.66,10.0637,11.3319
"4309",91,2018-03-31,10.58,10.032,11.3057
"4310",92,2018-04-01,10.5,9.9996,11.2758
"4311",93,2018-04-02,10.49,9.9663,11.2432
"4312",94,2018-04-03,10.27,9.9339,11.2106
"4313",95,2018-04-04,9.89,9.9032,11.177
"4314",96,2018-04-05,9.97,9.8741,11.1394
"4315",97,2018-04-06,9.96,9.847,11.0961
"4316",98,2018-04-07,NA,9.8226,11.0556
"4317",99,2018-04-08,NA,9.8002,11.0167
"4318",100,2018-04-09,NA,9.7808,10.9794
"4319",101,2018-04-10,NA,9.7628,10.9401
"4320",102,2018-04-11,NA,9.747,10.8994
"4321",103,2018-04-12,10.31,9.7326,10.8601
"4322",104,2018-04-13,10.19,9.7205,10.8235
"4323",105,2018-04-14,10.2,9.7103,10.7845
"4324",106,2018-04-15,10.11,9.7021,10.7476
"4325",107,2018-04-16,9.86,9.696,10.7155
"4326",108,2018-04-17,9.95,9.6917,10.6872
"4327",109,2018-04-18,9.62,9.6892,10.6675
"4328",110,2018-04-19,9.84,9.6872,10.6579
"4329",111,2018-04-20,9.47,9.6849,10.6511
"4330",112,2018-04-21,9.33,9.6829,10.6453
"4331",113,2018-04-22,9.41,9.6821,10.6415
"4332",114,2018-04-23,9.06,9.6817,10.6328
"4333",115,2018-04-24,9.86,9.6831,10.6262
"4334",116,2018-04-25,9.93,9.6864,10.6286
"4335",117,2018-04-26,10.47,9.6907,10.6341
"4336",118,2018-04-27,10.71,9.6978,10.6425
"4337",119,2018-04-28,11.47,9.7062,10.6567
"4338",120,2018-04-29,11.15,9.7164,10.6713
"4339",121,2018-04-30,10.91,9.7279,10.6826
"4340",122,2018-05-01,10.19,9.741,10.6939
"4341",123,2018-05-02,9.86,9.7549,10.705
"4342",124,2018-05-03,10.11,9.7687,10.7142
"4343",125,2018-05-04,10.2,9.783,10.7215
"4344",126,2018-05-05,9.96,9.7962,10.7296
"4345",127,2018-05-06,NA,9.8079,10.7369
"4346",128,2018-05-07,NA,9.8183,10.7461
"4347",129,2018-05-08,NA,9.826,10.752
"4348",130,2018-05-09,NA,9.8322,10.7522
"4349",131,2018-05-10,NA,9.8366,10.7494
"4350",132,2018-05-11,10.23,9.8415,10.7516
"4351",133,2018-05-12,10.09,9.8482,10.7581
"4352",134,2018-05-13,9.63,9.8574,10.7646
"4353",135,2018-05-14,10.25,9.8677,10.774
"4354",136,2018-05-15,10.78,9.8792,10.7893
"4355",137,2018-05-16,11.26,9.8923,10.8041
"4356",138,2018-05-17,11.39,9.9078,10.8193
"4357",139,2018-05-18,10.83,9.9265,10.8376
"4358",140,2018-05-19,10.92,9.9477,10.8583
"4359",141,2018-05-20,10.35,9.971,10.8863
"4360",142,2018-05-21,9.82,9.9962,10.9171
"4361",143,2018-05-22,9.85,10.0228,10.9485
"4362",144,2018-05-23,9.46,10.0491,10.9782
"4363",145,2018-05-24,10.53,10.0761,11.0126
"4364",146,2018-05-25,12.34,10.1035,11.0487
"4365",147,2018-05-26,12.57,10.1302,11.0759
"4366",148,2018-05-27,11.04,10.1574,11.0988
"4367",149,2018-05-28,10.87,10.1811,11.1171
"4368",150,2018-05-29,10.77,10.2015,11.1284
"4369",151,2018-05-30,10.07,10.2193,11.1365
"4370",152,2018-05-31,9.84,10.2356,11.1465
"4371",153,2018-06-01,9.64,10.2509,11.1578
"4372",154,2018-06-02,9.53,10.2648,11.1695
"4373",155,2018-06-03,9.25,10.278,11.183
"4374",156,2018-06-04,9.19,10.2905,11.1965
"4375",157,2018-06-05,NA,10.304,11.2093
"4376",158,2018-06-06,NA,10.3196,11.2228
"4377",159,2018-06-07,NA,10.3365,11.2422
"4378",160,2018-06-08,9.78,10.3572,11.2736
"4379",161,2018-06-09,10.26,10.3818,11.3111
"4380",162,2018-06-10,10.39,10.4093,11.3558
"4381",163,2018-06-11,10.33,10.4374,11.3949
"4382",164,2018-06-12,10.04,10.4652,11.4343
"4383",165,2018-06-13,9.67,10.4933,11.4769
"4384",166,2018-06-14,NA,10.5236,11.5197
"4385",167,2018-06-15,NA,10.5555,11.5625
"4386",168,2018-06-16,NA,10.5885,11.6079
"4387",169,2018-06-17,NA,10.6202,11.6546
"4388",170,2018-06-18,NA,10.6483,11.7003
"4389",171,2018-06-19,NA,10.6736,11.7424
"4390",172,2018-06-20,NA,10.6964,11.777
"4391",173,2018-06-21,NA,10.7174,11.8095
"4392",174,2018-06-22,NA,10.7379,11.8462
"4393",175,2018-06-23,NA,10.7589,11.8935
"4394",176,2018-06-24,NA,10.7802,11.9393
"4395",177,2018-06-25,NA,10.7994,11.9802
"4396",178,2018-06-26,NA,10.8169,12.0193
"4397",179,2018-06-27,NA,10.8326,12.0502
"4398",180,2018-06-28,NA,10.8508,12.0916
"4399",181,2018-06-29,NA,10.8734,12.1366
"4400",182,2018-06-30,NA,10.8993,12.1881
"4401",183,2018-07-01,NA,10.9277,12.2466
"4402",184,2018-07-02,NA,10.9581,12.3043
"4403",185,2018-07-03,NA,10.9911,12.362
"4404",186,2018-07-04,NA,11.0261,12.4176
"4405",187,2018-07-05,NA,11.0609,12.4691
"4406",188,2018-07-06,NA,11.0962,12.5205
"4407",189,2018-07-07,NA,11.1315,12.572
"4408",190,2018-07-08,NA,11.1671,12.6289
"4409",191,2018-07-09,NA,11.2023,12.6778
"4410",192,2018-07-10,NA,11.2364,12.7247
"4411",193,2018-07-11,NA,11.2703,12.7686
"4412",194,2018-07-12,NA,11.3047,12.8149
"4413",195,2018-07-13,NA,11.3404,12.859
"4414",196,2018-07-14,NA,11.3766,12.9028
"4415",197,2018-07-15,NA,11.4117,12.9518
"4416",198,2018-07-16,NA,11.4468,13.0005
"4417",199,2018-07-17,NA,11.4825,13.0488
"4418",200,2018-07-18,NA,11.5194,13.0971
"4419",201,2018-07-19,NA,11.5588,13.1454
"4420",202,2018-07-20,NA,11.5986,13.1932
"4421",203,2018-07-21,NA,11.6385,13.2398
"4422",204,2018-07-22,NA,11.6778,13.2786
"4423",205,2018-07-23,NA,11.7149,13.3111
"4424",206,2018-07-24,NA,11.7495,13.3321
"4425",207,2018-07-25,NA,11.7815,13.3503
"4426",208,2018-07-26,NA,11.8134,13.3665
"4427",209,2018-07-27,NA,11.8456,13.3809
"4428",210,2018-07-28,NA,11.8772,13.4015
"4429",211,2018-07-29,NA,11.9069,13.4123
"4430",212,2018-07-30,NA,11.934,13.4233
"4431",213,2018-07-31,NA,11.9607,13.4309
"4432",214,2018-08-01,NA,11.9872,13.433
"4433",215,2018-08-02,NA,12.0143,13.4398
"4434",216,2018-08-03,NA,12.0422,13.4509
"4435",217,2018-08-04,NA,12.071,13.4702
"4436",218,2018-08-05,NA,12.1028,13.4984
"4437",219,2018-08-06,NA,12.1366,13.5309
"4438",220,2018-08-07,NA,12.1716,13.5648
"4439",221,2018-08-08,NA,12.2077,13.5923
"4440",222,2018-08-09,NA,12.2447,13.6203
"4441",223,2018-08-10,NA,12.2819,13.6513
"4442",224,2018-08-11,NA,12.3166,13.6805
"4443",225,2018-08-12,NA,12.3479,13.7094
"4444",226,2018-08-13,NA,12.3744,13.731
"4445",227,2018-08-14,NA,12.3969,13.7455
"4446",228,2018-08-15,NA,12.4165,13.7496
"4447",229,2018-08-16,NA,12.4319,13.748
"4448",230,2018-08-17,NA,12.4431,13.7447
"4449",231,2018-08-18,NA,12.4516,13.7419
"4450",232,2018-08-19,NA,12.4572,13.7391
"4451",233,2018-08-20,NA,12.4606,13.7363
"4452",234,2018-08-21,NA,12.4624,13.7318
"4453",235,2018-08-22,NA,12.465,13.7353
"4454",236,2018-08-23,NA,12.4707,13.7432
"4455",237,2018-08-24,NA,12.4792,13.756
"4456",238,2018-08-25,NA,12.4908,13.7741
"4457",239,2018-08-26,NA,12.5052,13.7988
"4458",240,2018-08-27,NA,12.5212,13.8268
"4459",241,2018-08-28,NA,12.5382,13.8541
"4460",242,2018-08-29,NA,12.5559,13.8807
"4461",243,2018-08-30,NA,12.5736,13.9047
"4462",244,2018-08-31,NA,12.59,13.9276
"4463",245,2018-09-01,NA,12.605,13.952
"4464",246,2018-09-02,NA,12.617,13.9717
"4465",247,2018-09-03,NA,12.6256,13.986
"4466",248,2018-09-04,NA,12.6318,13.991
"4467",249,2018-09-05,NA,12.634,13.9905
"4468",250,2018-09-06,NA,12.6312,13.984
"4469",251,2018-09-07,NA,12.6246,13.9762
"4470",252,2018-09-08,NA,12.6142,13.9645
"4471",253,2018-09-09,NA,12.5997,13.9401
"4472",254,2018-09-10,NA,12.5818,13.9072
"4473",255,2018-09-11,NA,12.5631,13.8731
"4474",256,2018-09-12,NA,12.5455,13.8404
"4475",257,2018-09-13,NA,12.529,13.8137
"4476",258,2018-09-14,NA,12.5129,13.7894
"4477",259,2018-09-15,NA,12.4969,13.7691
"4478",260,2018-09-16,NA,12.4822,13.754
"4479",261,2018-09-17,NA,12.4686,13.7403
"4480",262,2018-09-18,NA,12.4551,13.7254
"4481",263,2018-09-19,NA,12.4419,13.7095
"4482",264,2018-09-20,NA,12.4302,13.6958
"4483",265,2018-09-21,NA,12.4201,13.6905
"4484",266,2018-09-22,NA,12.4088,13.6846
"4485",267,2018-09-23,NA,12.3946,13.6723
"4486",268,2018-09-24,NA,12.3778,13.6557
"4487",269,2018-09-25,NA,12.359,13.6367
"4488",270,2018-09-26,NA,12.3383,13.6155
"4489",271,2018-09-27,NA,12.3168,13.5931
"4490",272,2018-09-28,NA,12.2951,13.5741
"4491",273,2018-09-29,NA,12.2737,13.5569
"4492",274,2018-09-30,NA,12.2534,13.5431
"4493",275,2018-10-01,NA,12.2335,13.5301
"4494",276,2018-10-02,NA,12.214,13.5127
"4495",277,2018-10-03,NA,12.1957,13.496
"4496",278,2018-10-04,NA,12.1796,13.4807
"4497",279,2018-10-05,NA,12.1659,13.4706
"4498",280,2018-10-06,NA,12.1544,13.4625
"4499",281,2018-10-07,NA,12.1457,13.4591
"4500",282,2018-10-08,NA,12.138,13.4559
"4501",283,2018-10-09,NA,12.1309,13.455
"4502",284,2018-10-10,NA,12.1253,13.4654
"4503",285,2018-10-11,NA,12.12,13.4807
"4504",286,2018-10-12,NA,12.1156,13.4969
"4505",287,2018-10-13,NA,12.112,13.5121
"4506",288,2018-10-14,NA,12.11,13.5293
"4507",289,2018-10-15,NA,12.109,13.5501
"4508",290,2018-10-16,NA,12.1084,13.5709
"4509",291,2018-10-17,NA,12.1077,13.5909
"4510",292,2018-10-18,NA,12.1065,13.6089
"4511",293,2018-10-19,NA,12.1065,13.6261
"4512",294,2018-10-20,NA,12.1083,13.6441
"4513",295,2018-10-21,NA,12.1106,13.6607
"4514",296,2018-10-22,NA,12.1148,13.6718
"4515",297,2018-10-23,NA,12.1205,13.6837
"4516",298,2018-10-24,NA,12.1269,13.6996
"4517",299,2018-10-25,NA,12.1342,13.714
"4518",300,2018-10-26,NA,12.1418,13.7254
"4519",301,2018-10-27,NA,12.1486,13.7345
"4520",302,2018-10-28,NA,12.1541,13.7422
"4521",303,2018-10-29,NA,12.1586,13.7481
"4522",304,2018-10-30,NA,12.1615,13.7537
"4523",305,2018-10-31,NA,12.1624,13.7562
"4524",306,2018-11-01,NA,12.1615,13.7578
"4525",307,2018-11-02,NA,12.1583,13.7601
"4526",308,2018-11-03,NA,12.1533,13.7591
"4527",309,2018-11-04,NA,12.1456,13.7568
"4528",310,2018-11-05,NA,12.1345,13.753
"4529",311,2018-11-06,NA,12.1209,13.7465
"4530",312,2018-11-07,NA,12.1057,13.7384
"4531",313,2018-11-08,NA,12.0903,13.7302
"4532",314,2018-11-09,NA,12.0746,13.7238
"4533",315,2018-11-10,NA,12.0572,13.7129
"4534",316,2018-11-11,NA,12.0389,13.6985
"4535",317,2018-11-12,NA,12.0195,13.682
"4536",318,2018-11-13,NA,11.9992,13.661
"4537",319,2018-11-14,NA,11.978,13.636
"4538",320,2018-11-15,NA,11.9569,13.6042
"4539",321,2018-11-16,NA,11.9362,13.5543
"4540",322,2018-11-17,NA,11.9156,13.5036
"4541",323,2018-11-18,NA,11.8951,13.4537
"4542",324,2018-11-19,NA,11.8736,13.4044
"4543",325,2018-11-20,NA,11.8513,13.3546
"4544",326,2018-11-21,NA,11.8294,13.3058
"4545",327,2018-11-22,NA,11.8068,13.2604
"4546",328,2018-11-23,NA,11.7842,13.2197
"4547",329,2018-11-24,NA,11.7614,13.1803
"4548",330,2018-11-25,NA,11.7375,13.14
"4549",331,2018-11-26,NA,11.7131,13.1015
"4550",332,2018-11-27,NA,11.6884,13.0641
"4551",333,2018-11-28,NA,11.6641,13.0282
"4552",334,2018-11-29,NA,11.6402,12.992
"4553",335,2018-11-30,NA,11.6171,12.9541
"4554",336,2018-12-01,NA,11.5948,12.9147
"4555",337,2018-12-02,NA,11.5732,12.875
"4556",338,2018-12-03,NA,11.5525,12.8345
"4557",339,2018-12-04,NA,11.5322,12.7935
"4558",340,2018-12-05,NA,11.513,12.7519
"4559",341,2018-12-06,NA,11.4948,12.7088
"4560",342,2018-12-07,NA,11.4773,12.666
"4561",343,2018-12-08,NA,11.4605,12.6213
"4562",344,2018-12-09,NA,11.4437,12.5767
"4563",345,2018-12-10,NA,11.4271,12.529
"4564",346,2018-12-11,NA,11.4114,12.4822
"4565",347,2018-12-12,NA,11.3961,12.4369
"4566",348,2018-12-13,NA,11.3808,12.3945
"4567",349,2018-12-14,NA,11.3658,12.3561
"4568",350,2018-12-15,NA,11.3514,12.3201
"4569",351,2018-12-16,NA,11.3368,12.2888
"4570",352,2018-12-17,NA,11.323,12.2765
"4571",353,2018-12-18,NA,11.3099,12.2651
"4572",354,2018-12-19,NA,11.2979,12.2572
"4573",355,2018-12-20,NA,11.287,12.251
"4574",356,2018-12-21,NA,11.277,12.2471
"4575",357,2018-12-22,NA,11.267,12.2428
"4576",358,2018-12-23,NA,11.2578,12.2372
"4577",359,2018-12-24,NA,11.2488,12.2269
"4578",360,2018-12-25,NA,11.2407,12.2155
"4579",361,2018-12-26,NA,11.2334,12.2081
"4580",362,2018-12-27,NA,11.2273,12.2007
"4581",363,2018-12-28,NA,11.2228,12.1935
"4582",364,2018-12-29,NA,11.2202,12.1872
"4583",365,2018-12-30,NA,11.2189,12.183
"4584",366,2018-12-31,NA,11.2182,12.1828
"4585",1,2019-01-01,NA,11.2183,12.1845
"4586",2,2019-01-02,NA,11.2192,12.1883
"4587",3,2019-01-03,NA,11.2211,12.1965
"4588",4,2019-01-04,NA,11.2241,12.2088
"4589",5,2019-01-05,NA,11.2281,12.2236
"4590",6,2019-01-06,NA,11.2333,12.2421
"4591",7,2019-01-07,NA,11.2391,12.2628
"4592",8,2019-01-08,NA,11.2448,12.2828
"4593",9,2019-01-09,NA,11.2505,12.3013
"4594",10,2019-01-10,NA,11.256,12.3206
"4595",11,2019-01-11,NA,11.2619,12.3342
"4596",12,2019-01-12,NA,11.2681,12.3474
"4597",13,2019-01-13,NA,11.2742,12.3582
"4598",14,2019-01-14,NA,11.2801,12.369
"4599",15,2019-01-15,NA,11.2851,12.3793
"4600",16,2019-01-16,NA,11.2895,12.3885
"4601",17,2019-01-17,NA,11.2928,12.3964
"4602",18,2019-01-18,NA,11.2955,12.4053
"4603",19,2019-01-19,NA,11.2974,12.4121
"4604",20,2019-01-20,NA,11.2984,12.4178
"4605",21,2019-01-21,NA,11.2988,12.4227
"4606",22,2019-01-22,NA,11.2982,12.4281
"4607",23,2019-01-23,NA,11.2968,12.4324
"4608",24,2019-01-24,NA,11.2952,12.4357
"4609",25,2019-01-25,NA,11.2932,12.439
"4610",26,2019-01-26,NA,11.2906,12.441
"4611",27,2019-01-27,NA,11.287,12.4434
"4612",28,2019-01-28,NA,11.2818,12.4461
"4613",29,2019-01-29,NA,11.2746,12.4479
"4614",30,2019-01-30,NA,11.2653,12.4485
"4615",31,2019-01-31,NA,11.2542,12.4469
"4616",32,2019-02-01,NA,11.2411,12.4442
"4617",33,2019-02-02,NA,11.2264,12.4398
"4618",34,2019-02-03,NA,11.2099,12.4318
"4619",35,2019-02-04,NA,11.1909,12.4222
"4620",36,2019-02-05,NA,11.1701,12.411
"4621",37,2019-02-06,NA,11.1479,12.3955
"4622",38,2019-02-07,NA,11.1245,12.3757
"4623",39,2019-02-08,NA,11.1002,12.3559
"4624",40,2019-02-09,NA,11.0755,12.3377
"4625",41,2019-02-10,NA,11.0507,12.32
"4626",42,2019-02-11,NA,11.0258,12.309
"4627",43,2019-02-12,NA,11.0014,12.301
"4628",44,2019-02-13,NA,10.9775,12.2936
"4629",45,2019-02-14,NA,10.9548,12.2858
"4630",46,2019-02-15,NA,10.934,12.2799
"4631",47,2019-02-16,NA,10.9149,12.2777
"4632",48,2019-02-17,NA,10.8971,12.276
"4633",49,2019-02-18,NA,10.8802,12.2734
"4634",50,2019-02-19,NA,10.864,12.2703
"4635",51,2019-02-20,NA,10.848,12.2651
"4636",52,2019-02-21,NA,10.8326,12.2578
"4637",53,2019-02-22,NA,10.8181,12.2482
"4638",54,2019-02-23,NA,10.8039,12.2367
"4639",55,2019-02-24,NA,10.7892,12.223
"4640",56,2019-02-25,NA,10.7744,12.2044
"4641",57,2019-02-26,NA,10.759,12.1828
"4642",58,2019-02-27,NA,10.7431,12.1564
"4643",59,2019-02-28,NA,10.7272,12.1279
"4644",61,2019-03-01,NA,10.6985,12.0806
"4645",62,2019-03-02,NA,10.6867,12.0604
"4646",63,2019-03-03,NA,10.6755,12.0423
"4647",64,2019-03-04,NA,10.6644,12.0249
"4648",65,2019-03-05,NA,10.6537,12.0121
"4649",66,2019-03-06,NA,10.6438,11.9993
"4650",67,2019-03-07,NA,10.6337,11.9872
"4651",68,2019-03-08,NA,10.6233,11.9781
"4652",69,2019-03-09,NA,10.6123,11.9706
"4653",70,2019-03-10,NA,10.6009,11.9641
"4654",71,2019-03-11,NA,10.588,11.957
"4655",72,2019-03-12,NA,10.5734,11.9488
"4656",73,2019-03-13,NA,10.5568,11.9359
"4657",74,2019-03-14,NA,10.5383,11.921
"4658",75,2019-03-15,NA,10.5177,11.9049
"4659",76,2019-03-16,NA,10.4943,11.8839
"4660",77,2019-03-17,NA,10.4679,11.8561
"4661",78,2019-03-18,NA,10.439,11.8182
"4662",79,2019-03-19,NA,10.4087,11.7701
"4663",80,2019-03-20,NA,10.3784,11.7189
"4664",81,2019-03-21,NA,10.3479,11.6673
"4665",82,2019-03-22,NA,10.3177,11.6175
"4666",83,2019-03-23,NA,10.2868,11.572
"4667",84,2019-03-24,NA,10.2549,11.5278
"4668",85,2019-03-25,NA,10.2223,11.4858
"4669",86,2019-03-26,NA,10.1896,11.4475
"4670",87,2019-03-27,NA,10.1571,11.4131
"4671",88,2019-03-28,NA,10.1255,11.3811
"4672",89,2019-03-29,NA,10.0944,11.355
"4673",90,2019-03-30,NA,10.0637,11.3319
"4674",91,2019-03-31,NA,10.032,11.3057
"4675",92,2019-04-01,NA,9.9996,11.2758
"4676",93,2019-04-02,NA,9.9663,11.2432
"4677",94,2019-04-03,NA,9.9339,11.2106
"4678",95,2019-04-04,NA,9.9032,11.177
"4679",96,2019-04-05,NA,9.8741,11.1394
"4680",97,2019-04-06,NA,9.847,11.0961
"4681",98,2019-04-07,NA,9.8226,11.0556
"4682",99,2019-04-08,NA,9.8002,11.0167
"4683",100,2019-04-09,NA,9.7808,10.9794
"4684",101,2019-04-10,NA,9.7628,10.9401
"4685",102,2019-04-11,NA,9.747,10.8994
"4686",103,2019-04-12,NA,9.7326,10.8601
"4687",104,2019-04-13,NA,9.7205,10.8235
"4688",105,2019-04-14,NA,9.7103,10.7845
"4689",106,2019-04-15,NA,9.7021,10.7476
"4690",107,2019-04-16,NA,9.696,10.7155
"4691",108,2019-04-17,NA,9.6917,10.6872
"4692",109,2019-04-18,NA,9.6892,10.6675
"4693",110,2019-04-19,NA,9.6872,10.6579
"4694",111,2019-04-20,NA,9.6849,10.6511
"4695",112,2019-04-21,NA,9.6829,10.6453
"4696",113,2019-04-22,NA,9.6821,10.6415
"4697",114,2019-04-23,NA,9.6817,10.6328
"4698",115,2019-04-24,NA,9.6831,10.6262
"4699",116,2019-04-25,NA,9.6864,10.6286
"4700",117,2019-04-26,NA,9.6907,10.6341
"4701",118,2019-04-27,NA,9.6978,10.6425
"4702",119,2019-04-28,NA,9.7062,10.6567
"4703",120,2019-04-29,NA,9.7164,10.6713
"4704",121,2019-04-30,NA,9.7279,10.6826
"4705",122,2019-05-01,NA,9.741,10.6939
"4706",123,2019-05-02,NA,9.7549,10.705
"4707",124,2019-05-03,NA,9.7687,10.7142
"4708",125,2019-05-04,NA,9.783,10.7215
"4709",126,2019-05-05,NA,9.7962,10.7296
"4710",127,2019-05-06,NA,9.8079,10.7369
"4711",128,2019-05-07,NA,9.8183,10.7461
"4712",129,2019-05-08,NA,9.826,10.752
"4713",130,2019-05-09,NA,9.8322,10.7522
"4714",131,2019-05-10,NA,9.8366,10.7494
"4715",132,2019-05-11,NA,9.8415,10.7516
"4716",133,2019-05-12,NA,9.8482,10.7581
"4717",134,2019-05-13,NA,9.8574,10.7646
"4718",135,2019-05-14,NA,9.8677,10.774
"4719",136,2019-05-15,NA,9.8792,10.7893
"4720",137,2019-05-16,NA,9.8923,10.8041
"4721",138,2019-05-17,NA,9.9078,10.8193
"4722",139,2019-05-18,NA,9.9265,10.8376
"4723",140,2019-05-19,NA,9.9477,10.8583
"4724",141,2019-05-20,NA,9.971,10.8863
"4725",142,2019-05-21,NA,9.9962,10.9171
"4726",143,2019-05-22,NA,10.0228,10.9485
"4727",144,2019-05-23,NA,10.0491,10.9782
"4728",145,2019-05-24,NA,10.0761,11.0126
"4729",146,2019-05-25,NA,10.1035,11.0487
"4730",147,2019-05-26,NA,10.1302,11.0759
"4731",148,2019-05-27,NA,10.1574,11.0988
"4732",149,2019-05-28,NA,10.1811,11.1171
"4733",150,2019-05-29,NA,10.2015,11.1284
"4734",151,2019-05-30,NA,10.2193,11.1365
"4735",152,2019-05-31,NA,10.2356,11.1465
"4736",153,2019-06-01,NA,10.2509,11.1578
"4737",154,2019-06-02,NA,10.2648,11.1695
"4738",155,2019-06-03,NA,10.278,11.183
"4739",156,2019-06-04,NA,10.2905,11.1965
"4740",157,2019-06-05,NA,10.304,11.2093
"4741",158,2019-06-06,NA,10.3196,11.2228
"4742",159,2019-06-07,NA,10.3365,11.2422
"4743",160,2019-06-08,NA,10.3572,11.2736
"4744",161,2019-06-09,NA,10.3818,11.3111
"4745",162,2019-06-10,NA,10.4093,11.3558
"4746",163,2019-06-11,NA,10.4374,11.3949
"4747",164,2019-06-12,NA,10.4652,11.4343
"4748",165,2019-06-13,NA,10.4933,11.4769
"4749",166,2019-06-14,NA,10.5236,11.5197
"4750",167,2019-06-15,NA,10.5555,11.5625
"4751",168,2019-06-16,NA,10.5885,11.6079
"4752",169,2019-06-17,NA,10.6202,11.6546
"4753",170,2019-06-18,9.97,10.6483,11.7003
"4754",171,2019-06-19,11.53,10.6736,11.7424
"4755",172,2019-06-20,12.49,10.6964,11.777
"4756",173,2019-06-21,11.58,10.7174,11.8095
"4757",174,2019-06-22,10.8,10.7379,11.8462
"4758",175,2019-06-23,NA,10.7589,11.8935
"4759",176,2019-06-24,NA,10.7802,11.9393
"4760",177,2019-06-25,12.27,10.7994,11.9802
"4761",178,2019-06-26,11,10.8169,12.0193
"4762",179,2019-06-27,10.94,10.8326,12.0502
"4763",180,2019-06-28,10.16,10.8508,12.0916
"4764",181,2019-06-29,10.36,10.8734,12.1366
"4765",182,2019-06-30,10.25,10.8993,12.1881
"4766",183,2019-07-01,10.59,10.9277,12.2466
"4767",184,2019-07-02,10.52,10.9581,12.3043
"4768",185,2019-07-03,10.54,10.9911,12.362
"4769",186,2019-07-04,10.38,11.0261,12.4176
"4770",187,2019-07-05,9.9,11.0609,12.4691
"4771",188,2019-07-06,10.06,11.0962,12.5205
"4772",189,2019-07-07,10.01,11.1315,12.572
"4773",190,2019-07-08,9.91,11.1671,12.6289
"4774",191,2019-07-09,9.9,11.2023,12.6778
"4775",192,2019-07-10,10.32,11.2364,12.7247
"4776",193,2019-07-11,10.89,11.2703,12.7686
"4777",194,2019-07-12,10.6,11.3047,12.8149
"4778",195,2019-07-13,10.18,11.3404,12.859
"4779",196,2019-07-14,10.25,11.3766,12.9028
"4780",197,2019-07-15,10.11,11.4117,12.9518
"4781",198,2019-07-16,9.84,11.4468,13.0005
"4782",199,2019-07-17,10.11,11.4825,13.0488
"4783",200,2019-07-18,10.03,11.5194,13.0971
"4784",201,2019-07-19,9.87,11.5588,13.1454
"4785",202,2019-07-20,10.27,11.5986,13.1932
"4786",203,2019-07-21,11.2,11.6385,13.2398
"4787",204,2019-07-22,11.6,11.6778,13.2786
"4788",205,2019-07-23,11.75,11.7149,13.3111
"4789",206,2019-07-24,11.37,11.7495,13.3321
"4790",207,2019-07-25,11.04,11.7815,13.3503
"4791",208,2019-07-26,10.91,11.8134,13.3665
"4792",209,2019-07-27,11.23,11.8456,13.3809
"4793",210,2019-07-28,11.76,11.8772,13.4015
"4794",211,2019-07-29,11.26,11.9069,13.4123
"4795",212,2019-07-30,10.62,11.934,13.4233
"4796",213,2019-07-31,10.52,11.9607,13.4309
"4797",214,2019-08-01,10.48,11.9872,13.433
"4798",215,2019-08-02,10.38,12.0143,13.4398
"4799",216,2019-08-03,10.61,12.0422,13.4509
"4800",217,2019-08-04,10.42,12.071,13.4702
"4801",218,2019-08-05,10.85,12.1028,13.4984
"4802",219,2019-08-06,11.27,12.1366,13.5309
"4803",220,2019-08-07,11.14,12.1716,13.5648
"4804",221,2019-08-08,11.04,12.2077,13.5923
"4805",222,2019-08-09,10.96,12.2447,13.6203
"4806",223,2019-08-10,13.76,12.2819,13.6513
"4807",224,2019-08-11,13.17,12.3166,13.6805
"4808",225,2019-08-12,10.44,12.3479,13.7094
"4809",226,2019-08-13,10.28,12.3744,13.731
"4810",227,2019-08-14,11.5,12.3969,13.7455
"4811",228,2019-08-15,11.12,12.4165,13.7496
"4812",229,2019-08-16,10.75,12.4319,13.748
"4813",230,2019-08-17,10.62,12.4431,13.7447
"4814",231,2019-08-18,11.33,12.4516,13.7419
"4815",232,2019-08-19,12.75,12.4572,13.7391
"4816",233,2019-08-20,13.42,12.4606,13.7363
"4817",234,2019-08-21,12.31,12.4624,13.7318
"4818",235,2019-08-22,11.98,12.465,13.7353
"4819",236,2019-08-23,11.6,12.4707,13.7432
"4820",237,2019-08-24,12.46,12.4792,13.756
"4821",238,2019-08-25,14.07,12.4908,13.7741
"4822",239,2019-08-26,13.79,12.5052,13.7988
"4823",240,2019-08-27,12.82,12.5212,13.8268
"4824",241,2019-08-28,14.01,12.5382,13.8541
"4825",242,2019-08-29,15.05,12.5559,13.8807
"4826",243,2019-08-30,15.65,12.5736,13.9047
"4827",244,2019-08-31,13.38,12.59,13.9276
"4828",245,2019-09-01,12.23,12.605,13.952
"4829",246,2019-09-02,11.75,12.617,13.9717
"4830",247,2019-09-03,11.85,12.6256,13.986
"4831",248,2019-09-04,11.57,12.6318,13.991
"4832",249,2019-09-05,11.45,12.634,13.9905
"4833",250,2019-09-06,11.49,12.6312,13.984
"4834",251,2019-09-07,11.4,12.6246,13.9762
"4835",252,2019-09-08,11.34,12.6142,13.9645
"4836",253,2019-09-09,11.38,12.5997,13.9401
"4837",254,2019-09-10,11.46,12.5818,13.9072
"4838",255,2019-09-11,11.77,12.5631,13.8731
"4839",256,2019-09-12,11.86,12.5455,13.8404
"4840",257,2019-09-13,11.53,12.529,13.8137
"4841",258,2019-09-14,11.16,12.5129,13.7894
"4842",259,2019-09-15,11.02,12.4969,13.7691
"4843",260,2019-09-16,11.1,12.4822,13.754
"4844",261,2019-09-17,11.31,12.4686,13.7403
"4845",262,2019-09-18,12.98,12.4551,13.7254
"4846",263,2019-09-19,12.27,12.4419,13.7095
"4847",264,2019-09-20,11.73,12.4302,13.6958
"4848",265,2019-09-21,11.73,12.4201,13.6905
"4849",266,2019-09-22,11.83,12.4088,13.6846
"4850",267,2019-09-23,11.73,12.3946,13.6723
"4851",268,2019-09-24,11.51,12.3778,13.6557
"4852",269,2019-09-25,11.2,12.359,13.6367
"4853",270,2019-09-26,11.15,12.3383,13.6155
"4854",271,2019-09-27,12.2,12.3168,13.5931
"4855",272,2019-09-28,11.55,12.2951,13.5741
"4856",273,2019-09-29,11.1,12.2737,13.5569
"4857",274,2019-09-30,11.16,12.2534,13.5431
"4858",275,2019-10-01,11.36,12.2335,13.5301
"4859",276,2019-10-02,11.25,12.214,13.5127
"4860",277,2019-10-03,11.45,12.1957,13.496
"4861",278,2019-10-04,11.25,12.1796,13.4807
"4862",279,2019-10-05,11.39,12.1659,13.4706
"4863",280,2019-10-06,11.41,12.1544,13.4625
"4864",281,2019-10-07,11.88,12.1457,13.4591
"4865",282,2019-10-08,11.61,12.138,13.4559
"4866",283,2019-10-09,11.24,12.1309,13.455
"4867",284,2019-10-10,11.01,12.1253,13.4654
"4868",285,2019-10-11,11,12.12,13.4807
"4869",286,2019-10-12,11.5,12.1156,13.4969
"4870",287,2019-10-13,11.88,12.112,13.5121
"4871",288,2019-10-14,11.58,12.11,13.5293
"4872",289,2019-10-15,11.74,12.109,13.5501
"4873",290,2019-10-16,11.26,12.1084,13.5709
"4874",291,2019-10-17,11.79,12.1077,13.5909
"4875",292,2019-10-18,11.92,12.1065,13.6089
"4876",293,2019-10-19,12.21,12.1065,13.6261
"4877",294,2019-10-20,12.11,12.1083,13.6441
"4878",295,2019-10-21,12.4,12.1106,13.6607
"4879",296,2019-10-22,12.33,12.1148,13.6718
"4880",297,2019-10-23,11.96,12.1205,13.6837
"4881",298,2019-10-24,11.11,12.1269,13.6996
"4882",299,2019-10-25,11.01,12.1342,13.714
"4883",300,2019-10-26,11,12.1418,13.7254
"4884",301,2019-10-27,10.77,12.1486,13.7345
"4885",302,2019-10-28,10.13,12.1541,13.7422
"4886",303,2019-10-29,10.2,12.1586,13.7481
"4887",304,2019-10-30,10.26,12.1615,13.7537
"4888",305,2019-10-31,10.37,12.1624,13.7562
"4889",306,2019-11-01,10.69,12.1615,13.7578
"4890",307,2019-11-02,10.92,12.1583,13.7601
"4891",308,2019-11-03,11.51,12.1533,13.7591
"4892",309,2019-11-04,11.4,12.1456,13.7568
"4893",310,2019-11-05,11.38,12.1345,13.753
"4894",311,2019-11-06,11.1,12.1209,13.7465
"4895",312,2019-11-07,11.05,12.1057,13.7384
"4896",313,2019-11-08,11.11,12.0903,13.7302
"4897",314,2019-11-09,11.27,12.0746,13.7238
"4898",315,2019-11-10,11.15,12.0572,13.7129
"4899",316,2019-11-11,11.19,12.0389,13.6985
"4900",317,2019-11-12,11.36,12.0195,13.682
"4901",318,2019-11-13,11.4,11.9992,13.661
"4902",319,2019-11-14,12.5,11.978,13.636
"4903",320,2019-11-15,12.57,11.9569,13.6042
"4904",321,2019-11-16,12.03,11.9362,13.5543
"4905",322,2019-11-17,11.83,11.9156,13.5036
"4906",323,2019-11-18,11.78,11.8951,13.4537
"4907",324,2019-11-19,11.89,11.8736,13.4044
"4908",325,2019-11-20,11.26,11.8513,13.3546
"4909",326,2019-11-21,10.82,11.8294,13.3058
"4910",327,2019-11-22,10.75,11.8068,13.2604
"4911",328,2019-11-23,10.89,11.7842,13.2197
"4912",329,2019-11-24,10.88,11.7614,13.1803
"4913",330,2019-11-25,10.95,11.7375,13.14
"4914",331,2019-11-26,10.67,11.7131,13.1015
"4915",332,2019-11-27,10.47,11.6884,13.0641
"4916",333,2019-11-28,10.17,11.6641,13.0282
"4917",334,2019-11-29,10.06,11.6402,12.992
"4918",335,2019-11-30,9.99,11.6171,12.9541
"4919",336,2019-12-01,10.64,11.5948,12.9147
"4920",337,2019-12-02,11.05,11.5732,12.875
"4921",338,2019-12-03,11.19,11.5525,12.8345
"4922",339,2019-12-04,11.73,11.5322,12.7935
"4923",340,2019-12-05,11.95,11.513,12.7519
"4924",341,2019-12-06,12.06,11.4948,12.7088
"4925",342,2019-12-07,12.36,11.4773,12.666
"4926",343,2019-12-08,12.27,11.4605,12.6213
"4927",344,2019-12-09,12.15,11.4437,12.5767
"4928",345,2019-12-10,12.08,11.4271,12.529
"4929",346,2019-12-11,12.12,11.4114,12.4822
"4930",347,2019-12-12,12.6,11.3961,12.4369
"4931",348,2019-12-13,12.85,11.3808,12.3945
"4932",349,2019-12-14,12.7,11.3658,12.3561
"4933",350,2019-12-15,12.54,11.3514,12.3201
"4934",351,2019-12-16,12.31,11.3368,12.2888
"4935",352,2019-12-17,12.14,11.323,12.2765
"4936",353,2019-12-18,12.01,11.3099,12.2651
"4937",354,2019-12-19,12.17,11.2979,12.2572
"4938",355,2019-12-20,12.31,11.287,12.251
"4939",356,2019-12-21,12.26,11.277,12.2471
"4940",357,2019-12-22,12.33,11.267,12.2428
"4941",358,2019-12-23,12.13,11.2578,12.2372
"4942",359,2019-12-24,12.27,11.2488,12.2269
"4943",360,2019-12-25,12.13,11.2407,12.2155
"4944",361,2019-12-26,12.04,11.2334,12.2081
"4945",362,2019-12-27,11.87,11.2273,12.2007
"4946",363,2019-12-28,11.79,11.2228,12.1935
"4947",364,2019-12-29,11.76,11.2202,12.1872
"4948",365,2019-12-30,11.76,11.2189,12.183
"4949",366,2019-12-31,11.96,11.2182,12.1828
"4950",1,2020-01-01,11.98,11.2183,12.1845
"4951",2,2020-01-02,12.03,11.2192,12.1883
"4952",3,2020-01-03,11.76,11.2211,12.1965
"4953",4,2020-01-04,11.77,11.2241,12.2088
"4954",5,2020-01-05,11.53,11.2281,12.2236
"4955",6,2020-01-06,11.42,11.2333,12.2421
"4956",7,2020-01-07,11.08,11.2391,12.2628
"4957",8,2020-01-08,11.34,11.2448,12.2828
"4958",9,2020-01-09,11.28,11.2505,12.3013
"4959",10,2020-01-10,10.82,11.256,12.3206
"4960",11,2020-01-11,11.02,11.2619,12.3342
"4961",12,2020-01-12,10.73,11.2681,12.3474
"4962",13,2020-01-13,10.81,11.2742,12.3582
"4963",14,2020-01-14,10.81,11.2801,12.369
"4964",15,2020-01-15,10.56,11.2851,12.3793
"4965",16,2020-01-16,10.96,11.2895,12.3885
"4966",17,2020-01-17,11.14,11.2928,12.3964
"4967",18,2020-01-18,11.28,11.2955,12.4053
"4968",19,2020-01-19,11.42,11.2974,12.4121
"4969",20,2020-01-20,11.44,11.2984,12.4178
"4970",21,2020-01-21,11.55,11.2988,12.4227
"4971",22,2020-01-22,11.6,11.2982,12.4281
"4972",23,2020-01-23,11.82,11.2968,12.4324
"4973",24,2020-01-24,12.1,11.2952,12.4357
"4974",25,2020-01-25,12.3,11.2932,12.439
"4975",26,2020-01-26,12.33,11.2906,12.441
"4976",27,2020-01-27,12.13,11.287,12.4434
"4977",28,2020-01-28,12.29,11.2818,12.4461
"4978",29,2020-01-29,12.09,11.2746,12.4479
"4979",30,2020-01-30,11.96,11.2653,12.4485
"4980",31,2020-01-31,11.65,11.2542,12.4469
"4981",32,2020-02-01,11.48,11.2411,12.4442
"4982",33,2020-02-02,11.17,11.2264,12.4398
"4983",34,2020-02-03,10.66,11.2099,12.4318
"4984",35,2020-02-04,9.93,11.1909,12.4222
"4985",36,2020-02-05,9.76,11.1701,12.411
"4986",37,2020-02-06,9.88,11.1479,12.3955
"4987",38,2020-02-07,9.87,11.1245,12.3757
"4988",39,2020-02-08,10.06,11.1002,12.3559
"4989",40,2020-02-09,9.58,11.0755,12.3377
"4990",41,2020-02-10,9.43,11.0507,12.32
"4991",42,2020-02-11,9.73,11.0258,12.309
"4992",43,2020-02-12,10.09,11.0014,12.301
"4993",44,2020-02-13,9.99,10.9775,12.2936
"4994",45,2020-02-14,9.9,10.9548,12.2858
"4995",46,2020-02-15,10.1,10.934,12.2799
"4996",47,2020-02-16,10.33,10.9149,12.2777
"4997",48,2020-02-17,10.29,10.8971,12.276
"4998",49,2020-02-18,10.05,10.8802,12.2734
"4999",50,2020-02-19,10.08,10.864,12.2703
"5000",51,2020-02-20,10.13,10.848,12.2651
"5001",52,2020-02-21,10.48,10.8326,12.2578
"5002",53,2020-02-22,10.53,10.8181,12.2482
"5003",54,2020-02-23,10.49,10.8039,12.2367
"5004",55,2020-02-24,10.21,10.7892,12.223
"5005",56,2020-02-25,10.08,10.7744,12.2044
"5006",57,2020-02-26,10.1,10.759,12.1828
"5007",58,2020-02-27,10.15,10.7431,12.1564
"5008",59,2020-02-28,10.29,10.7272,12.1279
"5009",60,2020-02-29,10.14,10.7122,12.1025
"5010",61,2020-03-01,9.92,10.6985,12.0806
"5011",62,2020-03-02,9.76,10.6867,12.0604
"5012",63,2020-03-03,9.77,10.6755,12.0423
"5013",64,2020-03-04,9.89,10.6644,12.0249
"5014",65,2020-03-05,9.94,10.6537,12.0121
"5015",66,2020-03-06,10.44,10.6438,11.9993
"5016",67,2020-03-07,10.27,10.6337,11.9872
"5017",68,2020-03-08,10.32,10.6233,11.9781
"5018",69,2020-03-09,10.48,10.6123,11.9706
"5019",70,2020-03-10,10.73,10.6009,11.9641
"5020",71,2020-03-11,10.99,10.588,11.957
"5021",72,2020-03-12,11.25,10.5734,11.9488
"5022",73,2020-03-13,11.17,10.5568,11.9359
"5023",74,2020-03-14,11.12,10.5383,11.921
"5024",75,2020-03-15,11.27,10.5177,11.9049
"5025",76,2020-03-16,11.31,10.4943,11.8839
"5026",77,2020-03-17,11.43,10.4679,11.8561
"5027",78,2020-03-18,11.43,10.439,11.8182
"5028",79,2020-03-19,11.87,10.4087,11.7701
"5029",80,2020-03-20,12.47,10.3784,11.7189
"5030",81,2020-03-21,12.7,10.3479,11.6673
"5031",82,2020-03-22,12.98,10.3177,11.6175
"5032",83,2020-03-23,12.43,10.2868,11.572
"5033",84,2020-03-24,12.03,10.2549,11.5278
"5034",85,2020-03-25,11.99,10.2223,11.4858
"5035",86,2020-03-26,11.93,10.1896,11.4475
"5036",87,2020-03-27,11.54,10.1571,11.4131
"5037",88,2020-03-28,11.5,10.1255,11.3811
"5038",89,2020-03-29,11.62,10.0944,11.355
"5039",90,2020-03-30,12.23,10.0637,11.3319
"5040",91,2020-03-31,11.94,10.032,11.3057
"5041",92,2020-04-01,11.58,9.9996,11.2758
"5042",93,2020-04-02,10.93,9.9663,11.2432
"5043",94,2020-04-03,10.31,9.9339,11.2106
"5044",95,2020-04-04,10.01,9.9032,11.177
"5045",96,2020-04-05,10.2,9.8741,11.1394
"5046",97,2020-04-06,10.69,9.847,11.0961
"5047",98,2020-04-07,10.45,9.8226,11.0556
"5048",99,2020-04-08,10.66,9.8002,11.0167
"5049",100,2020-04-09,10.96,9.7808,10.9794
"5050",101,2020-04-10,11.28,9.7628,10.9401
"5051",102,2020-04-11,11.03,9.747,10.8994
"5052",103,2020-04-12,10.68,9.7326,10.8601
"5053",104,2020-04-13,10.31,9.7205,10.8235
"5054",105,2020-04-14,10.81,9.7103,10.7845
"5055",106,2020-04-15,11.27,9.7021,10.7476
"5056",107,2020-04-16,NA,9.696,10.7155
"5057",108,2020-04-17,NA,9.6917,10.6872
"5058",109,2020-04-18,NA,9.6892,10.6675
"5059",110,2020-04-19,11.72,9.6872,10.6579
"5060",111,2020-04-20,12.4,9.6849,10.6511
"5061",112,2020-04-21,12.05,9.6829,10.6453
"5062",113,2020-04-22,11.07,9.6821,10.6415
"5063",114,2020-04-23,10.96,9.6817,10.6328
"5064",115,2020-04-24,10.82,9.6831,10.6262
"5065",116,2020-04-25,10.48,9.6864,10.6286
"5066",117,2020-04-26,9.92,9.6907,10.6341
"5067",118,2020-04-27,9.76,9.6978,10.6425
"5068",119,2020-04-28,9.84,9.7062,10.6567
"5069",120,2020-04-29,9.54,9.7164,10.6713
"5070",121,2020-04-30,9.61,9.7279,10.6826
"5071",122,2020-05-01,9.56,9.741,10.6939
"5072",123,2020-05-02,10.98,9.7549,10.705
"5073",124,2020-05-03,11.39,9.7687,10.7142
"5074",125,2020-05-04,10.79,9.783,10.7215
"5075",126,2020-05-05,10.75,9.7962,10.7296
"5076",127,2020-05-06,10.43,9.8079,10.7369
"5077",128,2020-05-07,10.36,9.8183,10.7461
"5078",129,2020-05-08,10.37,9.826,10.752
"5079",130,2020-05-09,9.97,9.8322,10.7522
"5080",131,2020-05-10,10.35,9.8366,10.7494
"5081",132,2020-05-11,11.15,9.8415,10.7516
"5082",133,2020-05-12,12.04,9.8482,10.7581
"5083",134,2020-05-13,10.29,9.8574,10.7646
"5084",135,2020-05-14,NA,9.8677,10.774
"5085",136,2020-05-15,NA,9.8792,10.7893
"5086",137,2020-05-16,NA,9.8923,10.8041
"5087",138,2020-05-17,12.14,9.9078,10.8193
"5088",139,2020-05-18,12.82,9.9265,10.8376
"5089",140,2020-05-19,12.79,9.9477,10.8583
"5090",141,2020-05-20,12,9.971,10.8863
"5091",142,2020-05-21,11.41,9.9962,10.9171
"5092",143,2020-05-22,11.26,10.0228,10.9485
"5093",144,2020-05-23,10.1,10.0491,10.9782
"5094",145,2020-05-24,10.43,10.0761,11.0126
"5095",146,2020-05-25,9.81,10.1035,11.0487
"5096",147,2020-05-26,9.43,10.1302,11.0759
"5097",148,2020-05-27,9.57,10.1574,11.0988
"5098",149,2020-05-28,9.48,10.1811,11.1171
"5099",150,2020-05-29,9.8,10.2015,11.1284
"5100",151,2020-05-30,NA,10.2193,11.1365
"5101",152,2020-05-31,11,10.2356,11.1465
"5102",153,2020-06-01,11.79,10.2509,11.1578
"5103",154,2020-06-02,11.85,10.2648,11.1695
"5104",155,2020-06-03,10.97,10.278,11.183
"5105",156,2020-06-04,10.61,10.2905,11.1965
"5106",157,2020-06-05,10.21,10.304,11.2093
"5107",158,2020-06-06,10.25,10.3196,11.2228
"5108",159,2020-06-07,10.75,10.3365,11.2422
"5109",160,2020-06-08,10.8,10.3572,11.2736
"5110",161,2020-06-09,10.34,10.3818,11.3111
"5111",162,2020-06-10,10.21,10.4093,11.3558
"5112",163,2020-06-11,9.83,10.4374,11.3949
"5113",164,2020-06-12,NA,10.4652,11.4343
"5114",165,2020-06-13,10.59,10.4933,11.4769
"5115",166,2020-06-14,11.6,10.5236,11.5197
"5116",167,2020-06-15,11.52,10.5555,11.5625
"5117",168,2020-06-16,11.46,10.5885,11.6079
"5118",169,2020-06-17,11.24,10.6202,11.6546
"5119",170,2020-06-18,10.5,10.6483,11.7003
"5120",171,2020-06-19,10.82,10.6736,11.7424
"5121",172,2020-06-20,12.34,10.6964,11.777
"5122",173,2020-06-21,11.71,10.7174,11.8095
"5123",174,2020-06-22,11.43,10.7379,11.8462
"5124",175,2020-06-23,11.9,10.7589,11.8935
"5125",176,2020-06-24,12.85,10.7802,11.9393
"5126",177,2020-06-25,11.06,10.7994,11.9802
"5127",178,2020-06-26,11.43,10.8169,12.0193
"5128",179,2020-06-27,12.22,10.8326,12.0502
"5129",180,2020-06-28,12.24,10.8508,12.0916
"5130",181,2020-06-29,11.57,10.8734,12.1366
"5131",182,2020-06-30,10.99,10.8993,12.1881
"5132",183,2020-07-01,10.65,10.9277,12.2466
"5133",184,2020-07-02,10.23,10.9581,12.3043
"5134",185,2020-07-03,10.8,10.9911,12.362
"5135",186,2020-07-04,11.54,11.0261,12.4176
"5136",187,2020-07-05,10.98,11.0609,12.4691
"5137",188,2020-07-06,10.71,11.0962,12.5205
"5138",189,2020-07-07,10.33,11.1315,12.572
"5139",190,2020-07-08,10.38,11.1671,12.6289
"5140",191,2020-07-09,10.09,11.2023,12.6778
"5141",192,2020-07-10,9.68,11.2364,12.7247
"5142",193,2020-07-11,10.09,11.2703,12.7686
"5143",194,2020-07-12,10.23,11.3047,12.8149
"5144",195,2020-07-13,10.17,11.3404,12.859
"5145",196,2020-07-14,10.34,11.3766,12.9028
"5146",197,2020-07-15,10.03,11.4117,12.9518
"5147",198,2020-07-16,11.63,11.4468,13.0005
"5148",199,2020-07-17,12.5,11.4825,13.0488
"5149",200,2020-07-18,12.92,11.5194,13.0971
"5150",201,2020-07-19,13.49,11.5588,13.1454
"5151",202,2020-07-20,13.8,11.5986,13.1932
"5152",203,2020-07-21,14.15,11.6385,13.2398
"5153",204,2020-07-22,13.87,11.6778,13.2786
"5154",205,2020-07-23,13.58,11.7149,13.3111
"5155",206,2020-07-24,12.32,11.7495,13.3321
"5156",207,2020-07-25,11.4,11.7815,13.3503
"5157",208,2020-07-26,11.73,11.8134,13.3665
"5158",209,2020-07-27,12.83,11.8456,13.3809
"5159",210,2020-07-28,13.45,11.8772,13.4015
"5160",211,2020-07-29,14.17,11.9069,13.4123
"5161",212,2020-07-30,14.25,11.934,13.4233
"5162",213,2020-07-31,13.8,11.9607,13.4309
"5163",214,2020-08-01,12.14,11.9872,13.433
"5164",215,2020-08-02,11.49,12.0143,13.4398
"5165",216,2020-08-03,11.39,12.0422,13.4509
"5166",217,2020-08-04,11.18,12.071,13.4702
"5167",218,2020-08-05,11,12.1028,13.4984
"5168",219,2020-08-06,10.7,12.1366,13.5309
"5169",220,2020-08-07,10.83,12.1716,13.5648
"5170",221,2020-08-08,11.36,12.2077,13.5923
"5171",222,2020-08-09,12.04,12.2447,13.6203
"5172",223,2020-08-10,12.39,12.2819,13.6513
"5173",224,2020-08-11,12.86,12.3166,13.6805
"5174",225,2020-08-12,13.13,12.3479,13.7094
"5175",226,2020-08-13,12.59,12.3744,13.731
"5176",227,2020-08-14,12.18,12.3969,13.7455
"5177",228,2020-08-15,12.8,12.4165,13.7496
"5178",229,2020-08-16,13.26,12.4319,13.748
"5179",230,2020-08-17,13.13,12.4431,13.7447
"5180",231,2020-08-18,12.11,12.4516,13.7419
"5181",232,2020-08-19,11.75,12.4572,13.7391
"5182",233,2020-08-20,11.89,12.4606,13.7363
"5183",234,2020-08-21,12.86,12.4624,13.7318
"5184",235,2020-08-22,13.64,12.465,13.7353
"5185",236,2020-08-23,12.67,12.4707,13.7432
"5186",237,2020-08-24,12.32,12.4792,13.756
"5187",238,2020-08-25,13.22,12.4908,13.7741
"5188",239,2020-08-26,12.85,12.5052,13.7988
"5189",240,2020-08-27,11.56,12.5212,13.8268
"5190",241,2020-08-28,11.28,12.5382,13.8541
"5191",242,2020-08-29,11.67,12.5559,13.8807
"5192",243,2020-08-30,11.81,12.5736,13.9047
"5193",244,2020-08-31,11.85,12.59,13.9276
"5194",245,2020-09-01,12.29,12.605,13.952
"5195",246,2020-09-02,12.91,12.617,13.9717
"5196",247,2020-09-03,13.26,12.6256,13.986
"5197",248,2020-09-04,13.24,12.6318,13.991
"5198",249,2020-09-05,12.66,12.634,13.9905
"5199",250,2020-09-06,12.81,12.6312,13.984
"5200",251,2020-09-07,13.04,12.6246,13.9762
"5201",252,2020-09-08,13.62,12.6142,13.9645
"5202",253,2020-09-09,13.4,12.5997,13.9401
"5203",254,2020-09-10,13.33,12.5818,13.9072
"5204",255,2020-09-11,13.24,12.5631,13.8731
"5205",256,2020-09-12,13.04,12.5455,13.8404
"5206",257,2020-09-13,12.13,12.529,13.8137
"5207",258,2020-09-14,12.65,12.5129,13.7894
"5208",259,2020-09-15,13.02,12.4969,13.7691
"5209",260,2020-09-16,13.26,12.4822,13.754
"5210",261,2020-09-17,13.58,12.4686,13.7403
"5211",262,2020-09-18,13.22,12.4551,13.7254
"5212",263,2020-09-19,13.19,12.4419,13.7095
"5213",264,2020-09-20,12.88,12.4302,13.6958
"5214",265,2020-09-21,12.36,12.4201,13.6905
"5215",266,2020-09-22,12.27,12.4088,13.6846
"5216",267,2020-09-23,12.22,12.3946,13.6723
"5217",268,2020-09-24,12.23,12.3778,13.6557
"5218",269,2020-09-25,11.91,12.359,13.6367
"5219",270,2020-09-26,11.71,12.3383,13.6155
"5220",271,2020-09-27,12.35,12.3168,13.5931
"5221",272,2020-09-28,11.94,12.2951,13.5741
"5222",273,2020-09-29,11.65,12.2737,13.5569
"5223",274,2020-09-30,11.65,12.2534,13.5431
"5224",275,2020-10-01,11.46,12.2335,13.5301
"5225",276,2020-10-02,11.72,12.214,13.5127
"5226",277,2020-10-03,11.76,12.1957,13.496
"5227",278,2020-10-04,12.06,12.1796,13.4807
"5228",279,2020-10-05,12.43,12.1659,13.4706
"5229",280,2020-10-06,12.62,12.1544,13.4625
"5230",281,2020-10-07,12.39,12.1457,13.4591
"5231",282,2020-10-08,12.37,12.138,13.4559
"5232",283,2020-10-09,13.15,12.1309,13.455
"5233",284,2020-10-10,13.38,12.1253,13.4654
"5234",285,2020-10-11,13.72,12.12,13.4807
"5235",286,2020-10-12,12.87,12.1156,13.4969
"5236",287,2020-10-13,12.62,12.112,13.5121
"5237",288,2020-10-14,12.29,12.11,13.5293
"5238",289,2020-10-15,11.73,12.109,13.5501
"5239",290,2020-10-16,11.23,12.1084,13.5709
"5240",291,2020-10-17,11.16,12.1077,13.5909
"5241",292,2020-10-18,11.27,12.1065,13.6089
"5242",293,2020-10-19,11.23,12.1065,13.6261
"5243",294,2020-10-20,11.48,12.1083,13.6441
"5244",295,2020-10-21,11.5,12.1106,13.6607
"5245",296,2020-10-22,11.29,12.1148,13.6718
"5246",297,2020-10-23,11.35,12.1205,13.6837
"5247",298,2020-10-24,11.53,12.1269,13.6996
"5248",299,2020-10-25,12.34,12.1342,13.714
"5249",300,2020-10-26,12.17,12.1418,13.7254
"5250",301,2020-10-27,12.24,12.1486,13.7345
"5251",302,2020-10-28,12.42,12.1541,13.7422
"5252",303,2020-10-29,12.52,12.1586,13.7481
"5253",304,2020-10-30,12.48,12.1615,13.7537
"5254",305,2020-10-31,12.3,12.1624,13.7562
"5255",306,2020-11-01,12.26,12.1615,13.7578
"5256",307,2020-11-02,12.22,12.1583,13.7601
"5257",308,2020-11-03,12.1,12.1533,13.7591
"5258",309,2020-11-04,12.2,12.1456,13.7568
"5259",310,2020-11-05,12.37,12.1345,13.753
"5260",311,2020-11-06,11.74,12.1209,13.7465
"5261",312,2020-11-07,11.3,12.1057,13.7384
"5262",313,2020-11-08,11.19,12.0903,13.7302
"5263",314,2020-11-09,10.63,12.0746,13.7238
"5264",315,2020-11-10,10.26,12.0572,13.7129
"5265",316,2020-11-11,10.09,12.0389,13.6985
"5266",317,2020-11-12,10.06,12.0195,13.682
"5267",318,2020-11-13,10.38,11.9992,13.661
"5268",319,2020-11-14,10.65,11.978,13.636
"5269",320,2020-11-15,10.66,11.9569,13.6042
"5270",321,2020-11-16,11.04,11.9362,13.5543
"5271",322,2020-11-17,11.43,11.9156,13.5036
"5272",323,2020-11-18,11.61,11.8951,13.4537
"5273",324,2020-11-19,11.62,11.8736,13.4044
"5274",325,2020-11-20,11.07,11.8513,13.3546
"5275",326,2020-11-21,10.95,11.8294,13.3058
"5276",327,2020-11-22,10.81,11.8068,13.2604
"5277",328,2020-11-23,10.92,11.7842,13.2197
"5278",329,2020-11-24,10.88,11.7614,13.1803
"5279",330,2020-11-25,10.85,11.7375,13.14
"5280",331,2020-11-26,10.43,11.7131,13.1015
"5281",332,2020-11-27,10.38,11.6884,13.0641
"5282",333,2020-11-28,10.33,11.6641,13.0282
"5283",334,2020-11-29,10.18,11.6402,12.992
"5284",335,2020-11-30,10.25,11.6171,12.9541
"5285",336,2020-12-01,10.4,11.5948,12.9147
"5286",337,2020-12-02,10.26,11.5732,12.875
"5287",338,2020-12-03,10.39,11.5525,12.8345
"5288",339,2020-12-04,10.4,11.5322,12.7935
"5289",340,2020-12-05,10.48,11.513,12.7519
"5290",341,2020-12-06,10.89,11.4948,12.7088
"5291",342,2020-12-07,10.46,11.4773,12.666
"5292",343,2020-12-08,10.29,11.4605,12.6213
"5293",344,2020-12-09,10.3,11.4437,12.5767
"5294",345,2020-12-10,10.19,11.4271,12.529
"5295",346,2020-12-11,10.21,11.4114,12.4822
"5296",347,2020-12-12,10.51,11.3961,12.4369
"5297",348,2020-12-13,11.01,11.3808,12.3945
"5298",349,2020-12-14,10.66,11.3658,12.3561
"5299",350,2020-12-15,10.55,11.3514,12.3201
"5300",351,2020-12-16,10.87,11.3368,12.2888
"5301",352,2020-12-17,10.89,11.323,12.2765
"5302",353,2020-12-18,10.49,11.3099,12.2651
"5303",354,2020-12-19,10.47,11.2979,12.2572
"5304",355,2020-12-20,10.62,11.287,12.251
"5305",356,2020-12-21,10.53,11.277,12.2471
"5306",357,2020-12-22,10.45,11.267,12.2428
"5307",358,2020-12-23,10.08,11.2578,12.2372
"5308",359,2020-12-24,9.96,11.2488,12.2269
"5309",360,2020-12-25,10.4,11.2407,12.2155
"5310",361,2020-12-26,10.79,11.2334,12.2081
"5311",362,2020-12-27,10.71,11.2273,12.2007
"5312",363,2020-12-28,10.61,11.2228,12.1935
"5313",364,2020-12-29,10.52,11.2202,12.1872
"5314",365,2020-12-30,10.59,11.2189,12.183
"5315",366,2020-12-31,10.74,11.2182,12.1828
"5316",1,2021-01-01,10.64,11.2183,12.1845
"5317",2,2021-01-02,11.03,11.2192,12.1883
"5318",3,2021-01-03,11.32,11.2211,12.1965
"5319",4,2021-01-04,11.69,11.2241,12.2088
"5320",5,2021-01-05,10.93,11.2281,12.2236
"5321",6,2021-01-06,10.98,11.2333,12.2421
"5322",7,2021-01-07,10.94,11.2391,12.2628
"5323",8,2021-01-08,11.05,11.2448,12.2828
"5324",9,2021-01-09,10.86,11.2505,12.3013
"5325",10,2021-01-10,10.96,11.256,12.3206
"5326",11,2021-01-11,10.94,11.2619,12.3342
"5327",12,2021-01-12,11.1,11.2681,12.3474
"5328",13,2021-01-13,11.8,11.2742,12.3582
"5329",14,2021-01-14,11.57,11.2801,12.369
"5330",15,2021-01-15,11.38,11.2851,12.3793
"5331",16,2021-01-16,11.07,11.2895,12.3885
"5332",17,2021-01-17,11.04,11.2928,12.3964
"5333",18,2021-01-18,10.98,11.2955,12.4053
"5334",19,2021-01-19,10.69,11.2974,12.4121
"5335",20,2021-01-20,10.56,11.2984,12.4178
"5336",21,2021-01-21,10.72,11.2988,12.4227
"5337",22,2021-01-22,10.95,11.2982,12.4281
"5338",23,2021-01-23,10.65,11.2968,12.4324
"5339",24,2021-01-24,10.52,11.2952,12.4357
"5340",25,2021-01-25,10.27,11.2932,12.439
"5341",26,2021-01-26,9.95,11.2906,12.441
"5342",27,2021-01-27,9.85,11.287,12.4434
"5343",28,2021-01-28,10.21,11.2818,12.4461
"5344",29,2021-01-29,10.11,11.2746,12.4479
"5345",30,2021-01-30,10.29,11.2653,12.4485
"5346",31,2021-01-31,10.27,11.2542,12.4469
"5347",32,2021-02-01,10.64,11.2411,12.4442
"5348",33,2021-02-02,10.92,11.2264,12.4398
"5349",34,2021-02-03,10.9,11.2099,12.4318
"5350",35,2021-02-04,10.54,11.1909,12.4222
"5351",36,2021-02-05,10.49,11.1701,12.411
"5352",37,2021-02-06,10.54,11.1479,12.3955
"5353",38,2021-02-07,10.43,11.1245,12.3757
"5354",39,2021-02-08,10.27,11.1002,12.3559
"5355",40,2021-02-09,10.41,11.0755,12.3377
"5356",41,2021-02-10,10.46,11.0507,12.32
"5357",42,2021-02-11,10.47,11.0258,12.309
"5358",43,2021-02-12,10.62,11.0014,12.301
"5359",44,2021-02-13,10.83,10.9775,12.2936
"5360",45,2021-02-14,10.55,10.9548,12.2858
"5361",46,2021-02-15,10.62,10.934,12.2799
"5362",47,2021-02-16,10.53,10.9149,12.2777
"5363",48,2021-02-17,10.04,10.8971,12.276
"5364",49,2021-02-18,9.89,10.8802,12.2734
"5365",50,2021-02-19,10.04,10.864,12.2703
"5366",51,2021-02-20,10.21,10.848,12.2651
"5367",52,2021-02-21,9.62,10.8326,12.2578
"5368",53,2021-02-22,9.64,10.8181,12.2482
"5369",54,2021-02-23,9.37,10.8039,12.2367
"5370",55,2021-02-24,9.07,10.7892,12.223
"5371",56,2021-02-25,8.96,10.7744,12.2044
"5372",57,2021-02-26,8.99,10.759,12.1828
"5373",58,2021-02-27,8.9,10.7431,12.1564
"5374",59,2021-02-28,8.82,10.7272,12.1279
"5375",61,2021-03-01,8.75,10.6985,12.0806
"5376",62,2021-03-02,8.77,10.6867,12.0604
"5377",63,2021-03-03,8.77,10.6755,12.0423
"5378",64,2021-03-04,8.89,10.6644,12.0249
"5379",65,2021-03-05,9.02,10.6537,12.0121
"5380",66,2021-03-06,9.37,10.6438,11.9993
"5381",67,2021-03-07,9.47,10.6337,11.9872
"5382",68,2021-03-08,9.34,10.6233,11.9781
"5383",69,2021-03-09,9.39,10.6123,11.9706
"5384",70,2021-03-10,9.52,10.6009,11.9641
"5385",71,2021-03-11,9.6,10.588,11.957
"5386",72,2021-03-12,9.7,10.5734,11.9488
"5387",73,2021-03-13,9.82,10.5568,11.9359
"5388",74,2021-03-14,9.69,10.5383,11.921
"5389",75,2021-03-15,9.34,10.5177,11.9049
"5390",76,2021-03-16,9.29,10.4943,11.8839
"5391",77,2021-03-17,9.33,10.4679,11.8561
"5392",78,2021-03-18,9.32,10.439,11.8182
"5393",79,2021-03-19,9.43,10.4087,11.7701
"5394",80,2021-03-20,9.57,10.3784,11.7189
"5395",81,2021-03-21,9.67,10.3479,11.6673
"5396",82,2021-03-22,9.46,10.3177,11.6175
"5397",83,2021-03-23,9.36,10.2868,11.572
"5398",84,2021-03-24,8.96,10.2549,11.5278
"5399",85,2021-03-25,8.97,10.2223,11.4858
"5400",86,2021-03-26,8.78,10.1896,11.4475
"5401",87,2021-03-27,8.88,10.1571,11.4131
"5402",88,2021-03-28,9.31,10.1255,11.3811
"5403",89,2021-03-29,9.17,10.0944,11.355
"5404",90,2021-03-30,8.97,10.0637,11.3319
"5405",91,2021-03-31,8.95,10.032,11.3057
"5406",92,2021-04-01,9.46,9.9996,11.2758
"5407",93,2021-04-02,10.55,9.9663,11.2432
"5408",94,2021-04-03,10.24,9.9339,11.2106
"5409",95,2021-04-04,10,9.9032,11.177
"5410",96,2021-04-05,9.97,9.8741,11.1394
"5411",97,2021-04-06,9.48,9.847,11.0961
"5412",98,2021-04-07,9.59,9.8226,11.0556
"5413",99,2021-04-08,9.47,9.8002,11.0167
"5414",100,2021-04-09,9.63,9.7808,10.9794
"5415",101,2021-04-10,9.61,9.7628,10.9401
"5416",102,2021-04-11,9.4,9.747,10.8994
"5417",103,2021-04-12,8.83,9.7326,10.8601
"5418",104,2021-04-13,9.23,9.7205,10.8235
"5419",105,2021-04-14,8.75,9.7103,10.7845
"5420",106,2021-04-15,9.34,9.7021,10.7476
"5421",107,2021-04-16,10.06,9.696,10.7155
"5422",108,2021-04-17,9.41,9.6917,10.6872
"5423",109,2021-04-18,9.36,9.6892,10.6675
"5424",110,2021-04-19,9.3,9.6872,10.6579
"5425",111,2021-04-20,NA,9.6849,10.6511
"5426",112,2021-04-21,NA,9.6829,10.6453
"5427",113,2021-04-22,8.52,9.6821,10.6415
"5428",114,2021-04-23,8.85,9.6817,10.6328
"5429",115,2021-04-24,9.38,9.6831,10.6262
"5430",116,2021-04-25,9.56,9.6864,10.6286
"5431",117,2021-04-26,9.92,9.6907,10.6341
"5432",118,2021-04-27,9.9,9.6978,10.6425
"5433",119,2021-04-28,9.9,9.7062,10.6567
"5434",120,2021-04-29,9.89,9.7164,10.6713
"5435",121,2021-04-30,9.54,9.7279,10.6826
"5436",122,2021-05-01,9.5,9.741,10.6939
"5437",123,2021-05-02,9.21,9.7549,10.705
"5438",124,2021-05-03,9.3,9.7687,10.7142
"5439",125,2021-05-04,9.35,9.783,10.7215
"5440",126,2021-05-05,NA,9.7962,10.7296
"5441",127,2021-05-06,9.16,9.8079,10.7369
"5442",128,2021-05-07,9.23,9.8183,10.7461
"5443",129,2021-05-08,9.27,9.826,10.752
"5444",130,2021-05-09,9.23,9.8322,10.7522
"5445",131,2021-05-10,9.07,9.8366,10.7494
"5446",132,2021-05-11,8.9,9.8415,10.7516
"5447",133,2021-05-12,9.21,9.8482,10.7581
"5448",134,2021-05-13,9.57,9.8574,10.7646
"5449",135,2021-05-14,9.79,9.8677,10.774
"5450",136,2021-05-15,9.41,9.8792,10.7893
"5451",137,2021-05-16,8.95,9.8923,10.8041
"5452",138,2021-05-17,9.59,9.9078,10.8193
"5453",139,2021-05-18,9.41,9.9265,10.8376
"5454",140,2021-05-19,NA,9.9477,10.8583
"5455",141,2021-05-20,NA,9.971,10.8863
"5456",142,2021-05-21,10.15,9.9962,10.9171
"5457",143,2021-05-22,10.01,10.0228,10.9485
"5458",144,2021-05-23,10.09,10.0491,10.9782
"5459",145,2021-05-24,9.57,10.0761,11.0126
"5460",146,2021-05-25,9.23,10.1035,11.0487
"5461",147,2021-05-26,9.26,10.1302,11.0759
"5462",148,2021-05-27,9.09,10.1574,11.0988
"5463",149,2021-05-28,8.68,10.1811,11.1171
"5464",150,2021-05-29,9.06,10.2015,11.1284
"5465",151,2021-05-30,8.78,10.2193,11.1365
"5466",152,2021-05-31,8.96,10.2356,11.1465
"5467",153,2021-06-01,8.85,10.2509,11.1578
"5468",154,2021-06-02,10.16,10.2648,11.1695
"5469",155,2021-06-03,10.33,10.278,11.183
"5470",156,2021-06-04,10.19,10.2905,11.1965
"5471",157,2021-06-05,9.81,10.304,11.2093
"5472",158,2021-06-06,9.93,10.3196,11.2228
"5473",159,2021-06-07,9.38,10.3365,11.2422
"5474",160,2021-06-08,9.25,10.3572,11.2736
"5475",161,2021-06-09,9.87,10.3818,11.3111
"5476",162,2021-06-10,10.69,10.4093,11.3558
"5477",163,2021-06-11,11.24,10.4374,11.3949
"5478",164,2021-06-12,10.99,10.4652,11.4343
"5479",165,2021-06-13,11.44,10.4933,11.4769
"5480",166,2021-06-14,12.11,10.5236,11.5197
"5481",167,2021-06-15,11.88,10.5555,11.5625
"5482",168,2021-06-16,10.27,10.5885,11.6079
"5483",169,2021-06-17,NA,10.6202,11.6546
"5484",170,2021-06-18,11.11,10.6483,11.7003
"5485",171,2021-06-19,10.71,10.6736,11.7424
"5486",172,2021-06-20,10.58,10.6964,11.777
"5487",173,2021-06-21,11.52,10.7174,11.8095
"5488",174,2021-06-22,12.01,10.7379,11.8462
"5489",175,2021-06-23,12.6,10.7589,11.8935
"5490",176,2021-06-24,12.63,10.7802,11.9393
"5491",177,2021-06-25,13.05,10.7994,11.9802
"5492",178,2021-06-26,12.08,10.8169,12.0193
"5493",179,2021-06-27,11.26,10.8326,12.0502
"5494",180,2021-06-28,10.9,10.8508,12.0916
"5495",181,2021-06-29,11.02,10.8734,12.1366
"5496",182,2021-06-30,11.19,10.8993,12.1881
"5497",183,2021-07-01,11.4,10.9277,12.2466
"5498",184,2021-07-02,11.05,10.9581,12.3043
"5499",185,2021-07-03,11.33,10.9911,12.362
"5500",186,2021-07-04,12.13,11.0261,12.4176
"5501",187,2021-07-05,12.32,11.0609,12.4691
"5502",188,2021-07-06,12.41,11.0962,12.5205
"5503",189,2021-07-07,11.44,11.1315,12.572
"5504",190,2021-07-08,11.08,11.1671,12.6289
"5505",191,2021-07-09,11.32,11.2023,12.6778
"5506",192,2021-07-10,10.87,11.2364,12.7247
"5507",193,2021-07-11,10.77,11.2703,12.7686
"5508",194,2021-07-12,10.25,11.3047,12.8149
"5509",195,2021-07-13,10.14,11.3404,12.859
"5510",196,2021-07-14,10.07,11.3766,12.9028
"5511",197,2021-07-15,10.4,11.4117,12.9518
"5512",198,2021-07-16,10.78,11.4468,13.0005
"5513",199,2021-07-17,11.04,11.4825,13.0488
"5514",200,2021-07-18,10.99,11.5194,13.0971
"5515",201,2021-07-19,11.1,11.5588,13.1454
"5516",202,2021-07-20,11.07,11.5986,13.1932
"5517",203,2021-07-21,10.82,11.6385,13.2398
"5518",204,2021-07-22,11.19,11.6778,13.2786
"5519",205,2021-07-23,10.97,11.7149,13.3111
"5520",206,2021-07-24,11.01,11.7495,13.3321
"5521",207,2021-07-25,11.08,11.7815,13.3503
"5522",208,2021-07-26,11.47,11.8134,13.3665
"5523",209,2021-07-27,12.19,11.8456,13.3809
"5524",210,2021-07-28,12.9,11.8772,13.4015
"5525",211,2021-07-29,13.73,11.9069,13.4123
"5526",212,2021-07-30,14.32,11.934,13.4233
"5527",213,2021-07-31,14.87,11.9607,13.4309
"5528",214,2021-08-01,14.8,11.9872,13.433
"5529",215,2021-08-02,15.44,12.0143,13.4398
"5530",216,2021-08-03,15.36,12.0422,13.4509
"5531",217,2021-08-04,13.36,12.071,13.4702
"5532",218,2021-08-05,13.18,12.1028,13.4984
"5533",219,2021-08-06,12.85,12.1366,13.5309
"5534",220,2021-08-07,12.06,12.1716,13.5648
"5535",221,2021-08-08,11.82,12.2077,13.5923
"5536",222,2021-08-09,11.73,12.2447,13.6203
"5537",223,2021-08-10,12.09,12.2819,13.6513
"5538",224,2021-08-11,13.09,12.3166,13.6805
"5539",225,2021-08-12,13.92,12.3479,13.7094
"5540",226,2021-08-13,13.87,12.3744,13.731
"5541",227,2021-08-14,12.89,12.3969,13.7455
"5542",228,2021-08-15,12.27,12.4165,13.7496
"5543",229,2021-08-16,12.21,12.4319,13.748
"5544",230,2021-08-17,12.1,12.4431,13.7447
"5545",231,2021-08-18,11.62,12.4516,13.7419
"5546",232,2021-08-19,11.16,12.4572,13.7391
"5547",233,2021-08-20,11.37,12.4606,13.7363
"5548",234,2021-08-21,11.53,12.4624,13.7318
"5549",235,2021-08-22,12.11,12.465,13.7353
"5550",236,2021-08-23,12.8,12.4707,13.7432
"5551",237,2021-08-24,13.43,12.4792,13.756
"5552",238,2021-08-25,13.87,12.4908,13.7741
"5553",239,2021-08-26,13.99,12.5052,13.7988
"5554",240,2021-08-27,13.28,12.5212,13.8268
"5555",241,2021-08-28,12.34,12.5382,13.8541
"5556",242,2021-08-29,12.62,12.5559,13.8807
"5557",243,2021-08-30,13.32,12.5736,13.9047
"5558",244,2021-08-31,13.72,12.59,13.9276
"5559",245,2021-09-01,12.77,12.605,13.952
"5560",246,2021-09-02,11.92,12.617,13.9717
"5561",247,2021-09-03,12.36,12.6256,13.986
"5562",248,2021-09-04,13.53,12.6318,13.991
"5563",249,2021-09-05,14.08,12.634,13.9905
"5564",250,2021-09-06,14.15,12.6312,13.984
"5565",251,2021-09-07,14.31,12.6246,13.9762
"5566",252,2021-09-08,13.66,12.6142,13.9645
"5567",253,2021-09-09,12.14,12.5997,13.9401
"5568",254,2021-09-10,11.99,12.5818,13.9072
"5569",255,2021-09-11,12.01,12.5631,13.8731
"5570",256,2021-09-12,12.01,12.5455,13.8404
"5571",257,2021-09-13,12.02,12.529,13.8137
"5572",258,2021-09-14,11.94,12.5129,13.7894
"5573",259,2021-09-15,12.16,12.4969,13.7691
"5574",260,2021-09-16,12.19,12.4822,13.754
"5575",261,2021-09-17,12.57,12.4686,13.7403
"5576",262,2021-09-18,13.06,12.4551,13.7254
"5577",263,2021-09-19,13.42,12.4419,13.7095
"5578",264,2021-09-20,13.37,12.4302,13.6958
"5579",265,2021-09-21,12.98,12.4201,13.6905
"5580",266,2021-09-22,13.82,12.4088,13.6846
"5581",267,2021-09-23,13.78,12.3946,13.6723
"5582",268,2021-09-24,13.79,12.3778,13.6557
"5583",269,2021-09-25,14.41,12.359,13.6367
"5584",270,2021-09-26,14.76,12.3383,13.6155
"5585",271,2021-09-27,14.69,12.3168,13.5931
"5586",272,2021-09-28,13.35,12.2951,13.5741
"5587",273,2021-09-29,12.8,12.2737,13.5569
"5588",274,2021-09-30,12.6,12.2534,13.5431
"5589",275,2021-10-01,12.46,12.2335,13.5301
"5590",276,2021-10-02,11.86,12.214,13.5127
"5591",277,2021-10-03,11.48,12.1957,13.496
"5592",278,2021-10-04,11.68,12.1796,13.4807
"5593",279,2021-10-05,12.12,12.1659,13.4706
"5594",280,2021-10-06,12.53,12.1544,13.4625
"5595",281,2021-10-07,12.09,12.1457,13.4591
"5596",282,2021-10-08,11.75,12.138,13.4559
"5597",283,2021-10-09,11.67,12.1309,13.455
"5598",284,2021-10-10,11.7,12.1253,13.4654
"5599",285,2021-10-11,11.23,12.12,13.4807
"5600",286,2021-10-12,11.1,12.1156,13.4969
"5601",287,2021-10-13,11.02,12.112,13.5121
"5602",288,2021-10-14,10.51,12.11,13.5293
"5603",289,2021-10-15,10.07,12.109,13.5501
"5604",290,2021-10-16,10.17,12.1084,13.5709
"5605",291,2021-10-17,10.65,12.1077,13.5909
"5606",292,2021-10-18,10.93,12.1065,13.6089
"5607",293,2021-10-19,11.19,12.1065,13.6261
"5608",294,2021-10-20,11.42,12.1083,13.6441
"5609",295,2021-10-21,11.85,12.1106,13.6607
"5610",296,2021-10-22,12.1,12.1148,13.6718
"5611",297,2021-10-23,12.25,12.1205,13.6837
"5612",298,2021-10-24,12.62,12.1269,13.6996
"5613",299,2021-10-25,12.86,12.1342,13.714
"5614",300,2021-10-26,13.18,12.1418,13.7254
"5615",301,2021-10-27,13.6,12.1486,13.7345
"5616",302,2021-10-28,13.58,12.1541,13.7422
"5617",303,2021-10-29,13.52,12.1586,13.7481
"5618",304,2021-10-30,13.12,12.1615,13.7537
"5619",305,2021-10-31,13.42,12.1624,13.7562
"5620",306,2021-11-01,13.61,12.1615,13.7578
"5621",307,2021-11-02,13.65,12.1583,13.7601
"5622",308,2021-11-03,14.04,12.1533,13.7591
"5623",309,2021-11-04,14.25,12.1456,13.7568
"5624",310,2021-11-05,13.7,12.1345,13.753
"5625",311,2021-11-06,13.79,12.1209,13.7465
"5626",312,2021-11-07,13.43,12.1057,13.7384
"5627",313,2021-11-08,13.06,12.0903,13.7302
"5628",314,2021-11-09,13.27,12.0746,13.7238
"5629",315,2021-11-10,13.49,12.0572,13.7129
"5630",316,2021-11-11,13.85,12.0389,13.6985
"5631",317,2021-11-12,13.69,12.0195,13.682
"5632",318,2021-11-13,13.19,11.9992,13.661
"5633",319,2021-11-14,12.83,11.978,13.636
"5634",320,2021-11-15,13.16,11.9569,13.6042
"5635",321,2021-11-16,12.98,11.9362,13.5543
"5636",322,2021-11-17,12.11,11.9156,13.5036
"5637",323,2021-11-18,12.73,11.8951,13.4537
"5638",324,2021-11-19,13.45,11.8736,13.4044
"5639",325,2021-11-20,12.72,11.8513,13.3546
"5640",326,2021-11-21,12.43,11.8294,13.3058
"5641",327,2021-11-22,12.79,11.8068,13.2604
"5642",328,2021-11-23,12.85,11.7842,13.2197
"5643",329,2021-11-24,11.44,11.7614,13.1803
"5644",330,2021-11-25,11.76,11.7375,13.14
"5645",331,2021-11-26,12.25,11.7131,13.1015
"5646",332,2021-11-27,12.1,11.6884,13.0641
"5647",333,2021-11-28,12.04,11.6641,13.0282
"5648",334,2021-11-29,11.94,11.6402,12.992
"5649",335,2021-11-30,11.52,11.6171,12.9541
"5650",336,2021-12-01,11.52,11.5948,12.9147
"5651",337,2021-12-02,12.11,11.5732,12.875
"5652",338,2021-12-03,12.44,11.5525,12.8345
"5653",339,2021-12-04,12.88,11.5322,12.7935
"5654",340,2021-12-05,12.23,11.513,12.7519
"5655",341,2021-12-06,11.65,11.4948,12.7088
"5656",342,2021-12-07,11.57,11.4773,12.666
"5657",343,2021-12-08,11.88,11.4605,12.6213
"5658",344,2021-12-09,11.57,11.4437,12.5767
"5659",345,2021-12-10,10.83,11.4271,12.529
"5660",346,2021-12-11,10.46,11.4114,12.4822
"5661",347,2021-12-12,10.85,11.3961,12.4369
"5662",348,2021-12-13,10.95,11.3808,12.3945
"5663",349,2021-12-14,10.82,11.3658,12.3561
"5664",350,2021-12-15,10.89,11.3514,12.3201
"5665",351,2021-12-16,11.29,11.3368,12.2888
"5666",352,2021-12-17,11.01,11.323,12.2765
"5667",353,2021-12-18,10.97,11.3099,12.2651
"5668",354,2021-12-19,11.07,11.2979,12.2572
"5669",355,2021-12-20,11.04,11.287,12.251
"5670",356,2021-12-21,11,11.277,12.2471
"5671",357,2021-12-22,11.24,11.267,12.2428
"5672",358,2021-12-23,11.54,11.2578,12.2372
"5673",359,2021-12-24,11.58,11.2488,12.2269
"5674",360,2021-12-25,11.73,11.2407,12.2155
"5675",361,2021-12-26,11.33,11.2334,12.2081
"5676",362,2021-12-27,11.42,11.2273,12.2007
"5677",363,2021-12-28,11.09,11.2228,12.1935
"5678",364,2021-12-29,11.04,11.2202,12.1872
"5679",365,2021-12-30,10.92,11.2189,12.183
"5680",366,2021-12-31,10.86,11.2182,12.1828
"5681",1,2022-01-01,10.77,11.2183,12.1845
"5682",2,2022-01-02,10.6,11.2192,12.1883
"5683",3,2022-01-03,10.75,11.2211,12.1965
"5684",4,2022-01-04,11.16,11.2241,12.2088
"5685",5,2022-01-05,11.31,11.2281,12.2236
"5686",6,2022-01-06,11.47,11.2333,12.2421
"5687",7,2022-01-07,11.5,11.2391,12.2628
"5688",8,2022-01-08,11.34,11.2448,12.2828
"5689",9,2022-01-09,11.22,11.2505,12.3013
"5690",10,2022-01-10,11.26,11.256,12.3206
"5691",11,2022-01-11,11.37,11.2619,12.3342
"5692",12,2022-01-12,11.38,11.2681,12.3474
"5693",13,2022-01-13,11.45,11.2742,12.3582
"5694",14,2022-01-14,11.19,11.2801,12.369
"5695",15,2022-01-15,11.11,11.2851,12.3793
"5696",16,2022-01-16,11.16,11.2895,12.3885
"5697",17,2022-01-17,11.1,11.2928,12.3964
"5698",18,2022-01-18,11.19,11.2955,12.4053
"5699",19,2022-01-19,11.22,11.2974,12.4121
"5700",20,2022-01-20,11.28,11.2984,12.4178
"5701",21,2022-01-21,11.16,11.2988,12.4227
"5702",22,2022-01-22,11.11,11.2982,12.4281
"5703",23,2022-01-23,11.23,11.2968,12.4324
"5704",24,2022-01-24,11.38,11.2952,12.4357
"5705",25,2022-01-25,11.37,11.2932,12.439
"5706",26,2022-01-26,11.32,11.2906,12.441
"5707",27,2022-01-27,11.23,11.287,12.4434
"5708",28,2022-01-28,11.2,11.2818,12.4461
"5709",29,2022-01-29,11.16,11.2746,12.4479
"5710",30,2022-01-30,11.09,11.2653,12.4485
"5711",31,2022-01-31,11.2,11.2542,12.4469
"5712",32,2022-02-01,10.62,11.2411,12.4442
"5713",33,2022-02-02,10.29,11.2264,12.4398
"5714",34,2022-02-03,10.16,11.2099,12.4318
"5715",35,2022-02-04,10.21,11.1909,12.4222
"5716",36,2022-02-05,10.56,11.1701,12.411
"5717",37,2022-02-06,10.98,11.1479,12.3955
"5718",38,2022-02-07,11.01,11.1245,12.3757
"5719",39,2022-02-08,10.88,11.1002,12.3559
"5720",40,2022-02-09,11.13,11.0755,12.3377
"5721",41,2022-02-10,11.29,11.0507,12.32
"5722",42,2022-02-11,11.48,11.0258,12.309
"5723",43,2022-02-12,11.73,11.0014,12.301
"5724",44,2022-02-13,11.98,10.9775,12.2936
"5725",45,2022-02-14,11.65,10.9548,12.2858
"5726",46,2022-02-15,10.55,10.934,12.2799
"5727",47,2022-02-16,10.4,10.9149,12.2777
"5728",48,2022-02-17,9.9,10.8971,12.276
"5729",49,2022-02-18,10.12,10.8802,12.2734
"5730",50,2022-02-19,10.26,10.864,12.2703
"5731",51,2022-02-20,10.2,10.848,12.2651
"5732",52,2022-02-21,9.88,10.8326,12.2578
"5733",53,2022-02-22,9.61,10.8181,12.2482
"5734",54,2022-02-23,9.24,10.8039,12.2367
"5735",55,2022-02-24,8.93,10.7892,12.223
"5736",56,2022-02-25,9.21,10.7744,12.2044
"5737",57,2022-02-26,9.4,10.759,12.1828
"5738",58,2022-02-27,9.65,10.7431,12.1564
"5739",59,2022-02-28,10.1,10.7272,12.1279
"5740",61,2022-03-01,10.11,10.6985,12.0806
"5741",62,2022-03-02,10.07,10.6867,12.0604
"5742",63,2022-03-03,10.38,10.6755,12.0423
"5743",64,2022-03-04,10.13,10.6644,12.0249
"5744",65,2022-03-05,9.85,10.6537,12.0121
"5745",66,2022-03-06,9.65,10.6438,11.9993
"5746",67,2022-03-07,9.66,10.6337,11.9872
"5747",68,2022-03-08,9.71,10.6233,11.9781
"5748",69,2022-03-09,9.68,10.6123,11.9706
"5749",70,2022-03-10,9.52,10.6009,11.9641
"5750",71,2022-03-11,9.45,10.588,11.957
"5751",72,2022-03-12,9.76,10.5734,11.9488
"5752",73,2022-03-13,10.02,10.5568,11.9359
"5753",74,2022-03-14,9.72,10.5383,11.921
"5754",75,2022-03-15,10.1,10.5177,11.9049
"5755",76,2022-03-16,9.88,10.4943,11.8839
"5756",77,2022-03-17,9.92,10.4679,11.8561
"5757",78,2022-03-18,9.95,10.439,11.8182
"5758",79,2022-03-19,9.99,10.4087,11.7701
"5759",80,2022-03-20,9.86,10.3784,11.7189
"5760",81,2022-03-21,9.75,10.3479,11.6673
"5761",82,2022-03-22,9.84,10.3177,11.6175
"5762",83,2022-03-23,9.79,10.2868,11.572
"5763",84,2022-03-24,9.07,10.2549,11.5278
"5764",85,2022-03-25,9.14,10.2223,11.4858
"5765",86,2022-03-26,8.9,10.1896,11.4475
"5766",87,2022-03-27,9.35,10.1571,11.4131
"5767",88,2022-03-28,9.44,10.1255,11.3811
"5768",89,2022-03-29,9.84,10.0944,11.355
"5769",90,2022-03-30,9.8,10.0637,11.3319
"5770",91,2022-03-31,9.76,10.032,11.3057
"5771",92,2022-04-01,9.5,9.9996,11.2758
"5772",93,2022-04-02,9.33,9.9663,11.2432
"5773",94,2022-04-03,9.04,9.9339,11.2106
"5774",95,2022-04-04,8.8,9.9032,11.177
"5775",96,2022-04-05,8.74,9.8741,11.1394
"5776",97,2022-04-06,8.4,9.847,11.0961
"5777",98,2022-04-07,8.88,9.8226,11.0556
"5778",99,2022-04-08,9.21,9.8002,11.0167
"5779",100,2022-04-09,NA,9.7808,10.9794
"5780",101,2022-04-10,NA,9.7628,10.9401
"5781",102,2022-04-11,NA,9.747,10.8994
"5782",103,2022-04-12,7.98,9.7326,10.8601
"5783",104,2022-04-13,8.21,9.7205,10.8235
"5784",105,2022-04-14,8.66,9.7103,10.7845
"5785",106,2022-04-15,8.53,9.7021,10.7476
"5786",107,2022-04-16,8.69,9.696,10.7155
"5787",108,2022-04-17,9.26,9.6917,10.6872
"5788",109,2022-04-18,9.18,9.6892,10.6675
"5789",110,2022-04-19,8.69,9.6872,10.6579
"5790",111,2022-04-20,9.27,9.6849,10.6511
"5791",112,2022-04-21,9.77,9.6829,10.6453
"5792",113,2022-04-22,9.57,9.6821,10.6415
"5793",114,2022-04-23,9.67,9.6817,10.6328
"5794",115,2022-04-24,9.36,9.6831,10.6262
"5795",116,2022-04-25,8.95,9.6864,10.6286
"5796",117,2022-04-26,9.38,9.6907,10.6341
"5797",118,2022-04-27,9.33,9.6978,10.6425
"5798",119,2022-04-28,9.14,9.7062,10.6567
"5799",120,2022-04-29,9.18,9.7164,10.6713
"5800",121,2022-04-30,8.96,9.7279,10.6826
"5801",122,2022-05-01,8.98,9.741,10.6939
"5802",123,2022-05-02,8.62,9.7549,10.705
"5803",124,2022-05-03,8.62,9.7687,10.7142
"5804",125,2022-05-04,8.66,9.783,10.7215
"5805",126,2022-05-05,8.58,9.7962,10.7296
"5806",127,2022-05-06,8.54,9.8079,10.7369
"5807",128,2022-05-07,NA,9.8183,10.7461
"5808",129,2022-05-08,NA,9.826,10.752
"5809",130,2022-05-09,NA,9.8322,10.7522
"5810",131,2022-05-10,NA,9.8366,10.7494
"5811",132,2022-05-11,NA,9.8415,10.7516
"5812",133,2022-05-12,9.38,9.8482,10.7581
"5813",134,2022-05-13,9.34,9.8574,10.7646
"5814",135,2022-05-14,9.67,9.8677,10.774
"5815",136,2022-05-15,9.14,9.8792,10.7893
"5816",137,2022-05-16,8.69,9.8923,10.8041
"5817",138,2022-05-17,9.06,9.9078,10.8193
"5818",139,2022-05-18,8.75,9.9265,10.8376
"5819",140,2022-05-19,8.89,9.9477,10.8583
"5820",141,2022-05-20,8.6,9.971,10.8863
"5821",142,2022-05-21,8.49,9.9962,10.9171
"5822",143,2022-05-22,8.32,10.0228,10.9485
"5823",144,2022-05-23,8.96,10.0491,10.9782
"5824",145,2022-05-24,8.92,10.0761,11.0126
"5825",146,2022-05-25,9.02,10.1035,11.0487
"5826",147,2022-05-26,8.93,10.1302,11.0759
"5827",148,2022-05-27,9.18,10.1574,11.0988
"5828",149,2022-05-28,9.84,10.1811,11.1171
"5829",150,2022-05-29,9.81,10.2015,11.1284
"5830",151,2022-05-30,9.52,10.2193,11.1365
"5831",152,2022-05-31,9.38,10.2356,11.1465
"5832",153,2022-06-01,9.52,10.2509,11.1578
"5833",154,2022-06-02,8.88,10.2648,11.1695
"5834",155,2022-06-03,8.21,10.278,11.183
"5835",156,2022-06-04,8.92,10.2905,11.1965
"5836",157,2022-06-05,10.74,10.304,11.2093
"5837",158,2022-06-06,NA,10.3196,11.2228
"5838",159,2022-06-07,NA,10.3365,11.2422
"5839",160,2022-06-08,10.32,10.3572,11.2736
"5840",161,2022-06-09,10.06,10.3818,11.3111
"5841",162,2022-06-10,9.82,10.4093,11.3558
"5842",163,2022-06-11,9.97,10.4374,11.3949
"5843",164,2022-06-12,9.24,10.4652,11.4343
"5844",165,2022-06-13,9.66,10.4933,11.4769
"5845",166,2022-06-14,9.15,10.5236,11.5197
"5846",167,2022-06-15,NA,10.5555,11.5625
"5847",168,2022-06-16,NA,10.5885,11.6079
"5848",169,2022-06-17,NA,10.6202,11.6546
"5849",170,2022-06-18,9.36,10.6483,11.7003
"5850",171,2022-06-19,9.77,10.6736,11.7424
"5851",172,2022-06-20,9.82,10.6964,11.777
"5852",173,2022-06-21,10.26,10.7174,11.8095
"5853",174,2022-06-22,9.81,10.7379,11.8462
"5854",175,2022-06-23,10.27,10.7589,11.8935
"5855",176,2022-06-24,10.61,10.7802,11.9393
"5856",177,2022-06-25,10.24,10.7994,11.9802
"5857",178,2022-06-26,10.79,10.8169,12.0193
"5858",179,2022-06-27,11.08,10.8326,12.0502
"5859",180,2022-06-28,10.79,10.8508,12.0916
"5860",181,2022-06-29,10.44,10.8734,12.1366
"5861",182,2022-06-30,10.32,10.8993,12.1881
"5862",183,2022-07-01,9.76,10.9277,12.2466
"5863",184,2022-07-02,9.44,10.9581,12.3043
"5864",185,2022-07-03,8.96,10.9911,12.362
"5865",186,2022-07-04,10.45,11.0261,12.4176
"5866",187,2022-07-05,12.67,11.0609,12.4691
"5867",188,2022-07-06,12.81,11.0962,12.5205
"5868",189,2022-07-07,12.12,11.1315,12.572
"5869",190,2022-07-08,10.11,11.1671,12.6289
"5870",191,2022-07-09,9.94,11.2023,12.6778
"5871",192,2022-07-10,10.25,11.2364,12.7247
"5872",193,2022-07-11,10.39,11.2703,12.7686
"5873",194,2022-07-12,10.45,11.3047,12.8149
"5874",195,2022-07-13,10.85,11.3404,12.859
"5875",196,2022-07-14,11.51,11.3766,12.9028
"5876",197,2022-07-15,10.17,11.4117,12.9518
"5877",198,2022-07-16,10.08,11.4468,13.0005
"5878",199,2022-07-17,10.11,11.4825,13.0488
"5879",200,2022-07-18,10.04,11.5194,13.0971
"5880",201,2022-07-19,10.23,11.5588,13.1454
"5881",202,2022-07-20,10.13,11.5986,13.1932
"5882",203,2022-07-21,10.17,11.6385,13.2398
"5883",204,2022-07-22,10.2,11.6778,13.2786
"5884",205,2022-07-23,10.63,11.7149,13.3111
"5885",206,2022-07-24,10.79,11.7495,13.3321
"5886",207,2022-07-25,10.45,11.7815,13.3503
"5887",208,2022-07-26,11.66,11.8134,13.3665
"5888",209,2022-07-27,12.64,11.8456,13.3809
"5889",210,2022-07-28,11.2,11.8772,13.4015
"5890",211,2022-07-29,9.81,11.9069,13.4123
"5891",212,2022-07-30,10.01,11.934,13.4233
"5892",213,2022-07-31,10.41,11.9607,13.4309
"5893",214,2022-08-01,11.05,11.9872,13.433
"5894",215,2022-08-02,11.08,12.0143,13.4398
"5895",216,2022-08-03,10.38,12.0422,13.4509
"5896",217,2022-08-04,10.94,12.071,13.4702
"5897",218,2022-08-05,11.77,12.1028,13.4984
"5898",219,2022-08-06,13.02,12.1366,13.5309
"5899",220,2022-08-07,13.51,12.1716,13.5648
"5900",221,2022-08-08,13.75,12.2077,13.5923
"5901",222,2022-08-09,13.71,12.2447,13.6203
"5902",223,2022-08-10,14.16,12.2819,13.6513
"5903",224,2022-08-11,13.26,12.3166,13.6805
"5904",225,2022-08-12,12.02,12.3479,13.7094
"5905",226,2022-08-13,11.84,12.3744,13.731
"5906",227,2022-08-14,11.45,12.3969,13.7455
"5907",228,2022-08-15,10.93,12.4165,13.7496
"5908",229,2022-08-16,10.68,12.4319,13.748
"5909",230,2022-08-17,11.03,12.4431,13.7447
"5910",231,2022-08-18,11.08,12.4516,13.7419
"5911",232,2022-08-19,11.02,12.4572,13.7391
"5912",233,2022-08-20,11.44,12.4606,13.7363
"5913",234,2022-08-21,11.25,12.4624,13.7318
"5914",235,2022-08-22,11.76,12.465,13.7353
"5915",236,2022-08-23,11.27,12.4707,13.7432
"5916",237,2022-08-24,10.92,12.4792,13.756
"5917",238,2022-08-25,11.04,12.4908,13.7741
"5918",239,2022-08-26,11.09,12.5052,13.7988
"5919",240,2022-08-27,11.05,12.5212,13.8268
"5920",241,2022-08-28,10.96,12.5382,13.8541
"5921",242,2022-08-29,11.82,12.5559,13.8807
"5922",243,2022-08-30,13.21,12.5736,13.9047
"5923",244,2022-08-31,13.79,12.59,13.9276
"5924",245,2022-09-01,11.98,12.605,13.952
"5925",246,2022-09-02,11.73,12.617,13.9717
"5926",247,2022-09-03,11.89,12.6256,13.986
"5927",248,2022-09-04,11.74,12.6318,13.991
"5928",249,2022-09-05,11.41,12.634,13.9905
"5929",250,2022-09-06,11.1,12.6312,13.984
"5930",251,2022-09-07,11.13,12.6246,13.9762
"5931",252,2022-09-08,11.43,12.6142,13.9645
"5932",253,2022-09-09,11.14,12.5997,13.9401
"5933",254,2022-09-10,11.27,12.5818,13.9072
"5934",255,2022-09-11,11.87,12.5631,13.8731
"5935",256,2022-09-12,12.3,12.5455,13.8404
"5936",257,2022-09-13,11.23,12.529,13.8137
"5937",258,2022-09-14,11.56,12.5129,13.7894
"5938",259,2022-09-15,11.86,12.4969,13.7691
"5939",260,2022-09-16,11.88,12.4822,13.754
"5940",261,2022-09-17,11.51,12.4686,13.7403
"5941",262,2022-09-18,11.45,12.4551,13.7254
"5942",263,2022-09-19,11.4,12.4419,13.7095
"5943",264,2022-09-20,12.41,12.4302,13.6958
"5944",265,2022-09-21,12.76,12.4201,13.6905
"5945",266,2022-09-22,12.81,12.4088,13.6846
"5946",267,2022-09-23,11.97,12.3946,13.6723
"5947",268,2022-09-24,12.2,12.3778,13.6557
"5948",269,2022-09-25,12.66,12.359,13.6367
"5949",270,2022-09-26,12.73,12.3383,13.6155
"5950",271,2022-09-27,12.97,12.3168,13.5931
"5951",272,2022-09-28,13.2,12.2951,13.5741
"5952",273,2022-09-29,13.32,12.2737,13.5569
"5953",274,2022-09-30,13.17,12.2534,13.5431
"5954",275,2022-10-01,13.14,12.2335,13.5301
"5955",276,2022-10-02,13.48,12.214,13.5127
"5956",277,2022-10-03,13.45,12.1957,13.496
"5957",278,2022-10-04,12.88,12.1796,13.4807
"5958",279,2022-10-05,12.18,12.1659,13.4706
"5959",280,2022-10-06,12.04,12.1544,13.4625
"5960",281,2022-10-07,11.82,12.1457,13.4591
"5961",282,2022-10-08,11.45,12.138,13.4559
"5962",283,2022-10-09,11.43,12.1309,13.455
"5963",284,2022-10-10,11.25,12.1253,13.4654
"5964",285,2022-10-11,10.88,12.12,13.4807
"5965",286,2022-10-12,11.49,12.1156,13.4969
"5966",287,2022-10-13,11.69,12.112,13.5121
"5967",288,2022-10-14,11.29,12.11,13.5293
"5968",289,2022-10-15,12.33,12.109,13.5501
"5969",290,2022-10-16,12.55,12.1084,13.5709
"5970",291,2022-10-17,12.84,12.1077,13.5909
"5971",292,2022-10-18,12.9,12.1065,13.6089
"5972",293,2022-10-19,12.29,12.1065,13.6261
"5973",294,2022-10-20,11.72,12.1083,13.6441
"5974",295,2022-10-21,11.41,12.1106,13.6607
"5975",296,2022-10-22,11.95,12.1148,13.6718
"5976",297,2022-10-23,11.17,12.1205,13.6837
"5977",298,2022-10-24,11.05,12.1269,13.6996
"5978",299,2022-10-25,11.05,12.1342,13.714
"5979",300,2022-10-26,10.73,12.1418,13.7254
"5980",301,2022-10-27,10.67,12.1486,13.7345
"5981",302,2022-10-28,10.74,12.1541,13.7422
"5982",303,2022-10-29,11.58,12.1586,13.7481
"5983",304,2022-10-30,11.76,12.1615,13.7537
"5984",305,2022-10-31,10.85,12.1624,13.7562
"5985",306,2022-11-01,11,12.1615,13.7578
"5986",307,2022-11-02,10.9,12.1583,13.7601
"5987",308,2022-11-03,10.83,12.1533,13.7591
"5988",309,2022-11-04,10.43,12.1456,13.7568
"5989",310,2022-11-05,10.93,12.1345,13.753
"5990",311,2022-11-06,10.85,12.1209,13.7465
"5991",312,2022-11-07,10.83,12.1057,13.7384
"5992",313,2022-11-08,10.97,12.0903,13.7302
"5993",314,2022-11-09,11.02,12.0746,13.7238
"5994",315,2022-11-10,11.03,12.0572,13.7129
"5995",316,2022-11-11,10.82,12.0389,13.6985
"5996",317,2022-11-12,10.97,12.0195,13.682
"5997",318,2022-11-13,10.71,11.9992,13.661
"5998",319,2022-11-14,10.61,11.978,13.636
"5999",320,2022-11-15,10.64,11.9569,13.6042
"6000",321,2022-11-16,NA,11.9362,13.5543
"6001",322,2022-11-17,10.52,11.9156,13.5036
"6002",323,2022-11-18,10.57,11.8951,13.4537
"6003",324,2022-11-19,10.28,11.8736,13.4044
"6004",325,2022-11-20,10.15,11.8513,13.3546
"6005",326,2022-11-21,10.14,11.8294,13.3058
"6006",327,2022-11-22,10.71,11.8068,13.2604
"6007",328,2022-11-23,11.06,11.7842,13.2197
"6008",329,2022-11-24,10.65,11.7614,13.1803
"6009",330,2022-11-25,11.11,11.7375,13.14
"6010",331,2022-11-26,11.48,11.7131,13.1015
"6011",332,2022-11-27,10.87,11.6884,13.0641
"6012",333,2022-11-28,10.91,11.6641,13.0282
"6013",334,2022-11-29,10.35,11.6402,12.992
"6014",335,2022-11-30,10.03,11.6171,12.9541
"6015",336,2022-12-01,11.05,11.5948,12.9147
"6016",337,2022-12-02,10.9,11.5732,12.875
"6017",338,2022-12-03,11.04,11.5525,12.8345
"6018",339,2022-12-04,11.7,11.5322,12.7935
"6019",340,2022-12-05,11.89,11.513,12.7519
"6020",341,2022-12-06,11.8,11.4948,12.7088
"6021",342,2022-12-07,11.04,11.4773,12.666
"6022",343,2022-12-08,10.96,11.4605,12.6213
"6023",344,2022-12-09,11.25,11.4437,12.5767
"6024",345,2022-12-10,11.59,11.4271,12.529
"6025",346,2022-12-11,12.05,11.4114,12.4822
"6026",347,2022-12-12,11.41,11.3961,12.4369
"6027",348,2022-12-13,10.63,11.3808,12.3945
"6028",349,2022-12-14,10.68,11.3658,12.3561
"6029",350,2022-12-15,10.41,11.3514,12.3201
"6030",351,2022-12-16,10.28,11.3368,12.2888
"6031",352,2022-12-17,9.97,11.323,12.2765
"6032",353,2022-12-18,10.08,11.3099,12.2651
"6033",354,2022-12-19,10.2,11.2979,12.2572
"6034",355,2022-12-20,10.48,11.287,12.251
"6035",356,2022-12-21,10.8,11.277,12.2471
"6036",357,2022-12-22,11.16,11.267,12.2428
"6037",358,2022-12-23,11.77,11.2578,12.2372
"6038",359,2022-12-24,12.13,11.2488,12.2269
"6039",360,2022-12-25,11.93,11.2407,12.2155
"6040",361,2022-12-26,11.8,11.2334,12.2081
"6041",362,2022-12-27,12.06,11.2273,12.2007
"6042",363,2022-12-28,11.96,11.2228,12.1935
"6043",364,2022-12-29,11.66,11.2202,12.1872
"6044",365,2022-12-30,12.08,11.2189,12.183
"6045",366,2022-12-31,12.41,11.2182,12.1828
"6046",1,2023-01-01,11.08,11.2183,12.1845
"6047",2,2023-01-02,10.63,11.2192,12.1883
"6048",3,2023-01-03,11.16,11.2211,12.1965
"6049",4,2023-01-04,11.35,11.2241,12.2088
"6050",5,2023-01-05,11.58,11.2281,12.2236
"6051",6,2023-01-06,11.1,11.2333,12.2421
"6052",7,2023-01-07,11.2,11.2391,12.2628
"6053",8,2023-01-08,11.43,11.2448,12.2828
"6054",9,2023-01-09,11.7,11.2505,12.3013
"6055",10,2023-01-10,11.77,11.256,12.3206
"6056",11,2023-01-11,11.86,11.2619,12.3342
"6057",12,2023-01-12,12.04,11.2681,12.3474
"6058",13,2023-01-13,12.12,11.2742,12.3582
"6059",14,2023-01-14,12.21,11.2801,12.369
"6060",15,2023-01-15,12.18,11.2851,12.3793
"6061",16,2023-01-16,12.15,11.2895,12.3885
"6062",17,2023-01-17,12,11.2928,12.3964
"6063",18,2023-01-18,11.83,11.2955,12.4053
"6064",19,2023-01-19,11.72,11.2974,12.4121
"6065",20,2023-01-20,11.45,11.2984,12.4178
"6066",21,2023-01-21,11.45,11.2988,12.4227
"6067",22,2023-01-22,11.69,11.2982,12.4281
"6068",23,2023-01-23,11.05,11.2968,12.4324
"6069",24,2023-01-24,11.21,11.2952,12.4357
"6070",25,2023-01-25,11.39,11.2932,12.439
"6071",26,2023-01-26,11.41,11.2906,12.441
"6072",27,2023-01-27,11.47,11.287,12.4434
"6073",28,2023-01-28,11.18,11.2818,12.4461
"6074",29,2023-01-29,10.44,11.2746,12.4479
"6075",30,2023-01-30,9.73,11.2653,12.4485
"6076",31,2023-01-31,10.23,11.2542,12.4469
"6077",32,2023-02-01,10.31,11.2411,12.4442
"6078",33,2023-02-02,10.34,11.2264,12.4398
"6079",34,2023-02-03,10.55,11.2099,12.4318
"6080",35,2023-02-04,10.82,11.1909,12.4222
"6081",36,2023-02-05,11,11.1701,12.411
"6082",37,2023-02-06,10.78,11.1479,12.3955
"6083",38,2023-02-07,10.64,11.1245,12.3757
"6084",39,2023-02-08,10.72,11.1002,12.3559
"6085",40,2023-02-09,10.47,11.0755,12.3377
"6086",41,2023-02-10,10.43,11.0507,12.32
"6087",42,2023-02-11,10.41,11.0258,12.309
"6088",43,2023-02-12,10.27,11.0014,12.301
"6089",44,2023-02-13,10.44,10.9775,12.2936
"6090",45,2023-02-14,9.9,10.9548,12.2858
"6091",46,2023-02-15,9.12,10.934,12.2799
"6092",47,2023-02-16,9.07,10.9149,12.2777
"6093",48,2023-02-17,9.77,10.8971,12.276
"6094",49,2023-02-18,9.41,10.8802,12.2734
"6095",50,2023-02-19,9.42,10.864,12.2703
"6096",51,2023-02-20,9.47,10.848,12.2651
"6097",52,2023-02-21,9.47,10.8326,12.2578
"6098",53,2023-02-22,9.07,10.8181,12.2482
"6099",54,2023-02-23,8.77,10.8039,12.2367
"6100",55,2023-02-24,8.58,10.7892,12.223
"6101",56,2023-02-25,8.7,10.7744,12.2044
"6102",57,2023-02-26,9.16,10.759,12.1828
"6103",58,2023-02-27,8.8,10.7431,12.1564
"6104",59,2023-02-28,8.87,10.7272,12.1279
"6105",61,2023-03-01,8.69,10.6985,12.0806
"6106",62,2023-03-02,8.56,10.6867,12.0604
"6107",63,2023-03-03,8.61,10.6755,12.0423
"6108",64,2023-03-04,8.61,10.6644,12.0249
"6109",65,2023-03-05,8.74,10.6537,12.0121
"6110",66,2023-03-06,8.77,10.6438,11.9993
"6111",67,2023-03-07,9.01,10.6337,11.9872
"6112",68,2023-03-08,9.21,10.6233,11.9781
"6113",69,2023-03-09,9.31,10.6123,11.9706
"6114",70,2023-03-10,9.41,10.6009,11.9641
"6115",71,2023-03-11,9.39,10.588,11.957
"6116",72,2023-03-12,9.63,10.5734,11.9488
"6117",73,2023-03-13,9.95,10.5568,11.9359
"6118",74,2023-03-14,10.19,10.5383,11.921
"6119",75,2023-03-15,9.78,10.5177,11.9049
"6120",76,2023-03-16,9.58,10.4943,11.8839
"6121",77,2023-03-17,9.84,10.4679,11.8561
"6122",78,2023-03-18,9.73,10.439,11.8182
"6123",79,2023-03-19,9.88,10.4087,11.7701
"6124",80,2023-03-20,10.18,10.3784,11.7189
"6125",81,2023-03-21,10.2,10.3479,11.6673
"6126",82,2023-03-22,10.12,10.3177,11.6175
"6127",83,2023-03-23,10.38,10.2868,11.572
"6128",84,2023-03-24,9.9,10.2549,11.5278
"6129",85,2023-03-25,9.69,10.2223,11.4858
"6130",86,2023-03-26,9.48,10.1896,11.4475
"6131",87,2023-03-27,9.37,10.1571,11.4131
"6132",88,2023-03-28,9.4,10.1255,11.3811
"6133",89,2023-03-29,9.74,10.0944,11.355
"6134",90,2023-03-30,NA,10.0637,11.3319
"6135",91,2023-03-31,9.85,10.032,11.3057
"6136",92,2023-04-01,10.06,9.9996,11.2758
"6137",93,2023-04-02,10.11,9.9663,11.2432
"6138",94,2023-04-03,9.51,9.9339,11.2106
"6139",95,2023-04-04,9.37,9.9032,11.177
"6140",96,2023-04-05,9.52,9.8741,11.1394
"6141",97,2023-04-06,9.5,9.847,11.0961
"6142",98,2023-04-07,9.42,9.8226,11.0556
"6143",99,2023-04-08,9.64,9.8002,11.0167
"6144",100,2023-04-09,9.63,9.7808,10.9794
"6145",101,2023-04-10,9.65,9.7628,10.9401
"6146",102,2023-04-11,9.46,9.747,10.8994
"6147",103,2023-04-12,8.97,9.7326,10.8601
"6148",104,2023-04-13,8.84,9.7205,10.8235
"6149",105,2023-04-14,8.27,9.7103,10.7845
"6150",106,2023-04-15,8.52,9.7021,10.7476
"6151",107,2023-04-16,8.61,9.696,10.7155
"6152",108,2023-04-17,8.55,9.6917,10.6872
"6153",109,2023-04-18,8.39,9.6892,10.6675
"6154",110,2023-04-19,8.65,9.6872,10.6579
"6155",111,2023-04-20,9.04,9.6849,10.6511
"6156",112,2023-04-21,8.9,9.6829,10.6453
"6157",113,2023-04-22,8.97,9.6821,10.6415
"6158",114,2023-04-23,8.37,9.6817,10.6328
"6159",115,2023-04-24,8.18,9.6831,10.6262
"6160",116,2023-04-25,8.4,9.6864,10.6286
"6161",117,2023-04-26,8.33,9.6907,10.6341
"6162",118,2023-04-27,NA,9.6978,10.6425
"6163",119,2023-04-28,NA,9.7062,10.6567
"6164",120,2023-04-29,NA,9.7164,10.6713
"6165",121,2023-04-30,NA,9.7279,10.6826
"6166",122,2023-05-01,NA,9.741,10.6939
"6167",123,2023-05-02,8.9,9.7549,10.705
"6168",124,2023-05-03,9.51,9.7687,10.7142
"6169",125,2023-05-04,9.82,9.783,10.7215
"6170",126,2023-05-05,9.94,9.7962,10.7296
"6171",127,2023-05-06,10.2,9.8079,10.7369
"6172",128,2023-05-07,10.86,9.8183,10.7461
"6173",129,2023-05-08,11.4,9.826,10.752
"6174",130,2023-05-09,11.61,9.8322,10.7522
"6175",131,2023-05-10,11.46,9.8366,10.7494
"6176",132,2023-05-11,11.25,9.8415,10.7516
"6177",133,2023-05-12,10.9,9.8482,10.7581
"6178",134,2023-05-13,9.87,9.8574,10.7646
"6179",135,2023-05-14,10.1,9.8677,10.774
"6180",136,2023-05-15,11.4,9.8792,10.7893
"6181",137,2023-05-16,12.06,9.8923,10.8041
"6182",138,2023-05-17,11.67,9.9078,10.8193
"6183",139,2023-05-18,11.32,9.9265,10.8376
"6184",140,2023-05-19,11.05,9.9477,10.8583
"6185",141,2023-05-20,10.7,9.971,10.8863
"6186",142,2023-05-21,10.64,9.9962,10.9171
"6187",143,2023-05-22,10.13,10.0228,10.9485
"6188",144,2023-05-23,9.83,10.0491,10.9782
"6189",145,2023-05-24,9.85,10.0761,11.0126
"6190",146,2023-05-25,10.51,10.1035,11.0487
"6191",147,2023-05-26,NA,10.1302,11.0759
"6192",148,2023-05-27,NA,10.1574,11.0988
"6193",149,2023-05-28,NA,10.1811,11.1171
"6194",150,2023-05-29,10.56,10.2015,11.1284
"6195",151,2023-05-30,11.53,10.2193,11.1365
"6196",152,2023-05-31,11.84,10.2356,11.1465
"6197",153,2023-06-01,10.66,10.2509,11.1578
"6198",154,2023-06-02,9.84,10.2648,11.1695
"6199",155,2023-06-03,9.98,10.278,11.183
"6200",156,2023-06-04,9.79,10.2905,11.1965
"6201",157,2023-06-05,9.4,10.304,11.2093
