"","doy","t","temp","seas","thresh"
"1",177,2005-06-25,12.00607143,11.0144,12.8344
"2",178,2005-06-26,12.56975,11.044,12.8488
"3",179,2005-06-27,11.01445833,11.0787,12.8711
"4",180,2005-06-28,11.11913333,11.1199,12.908
"5",181,2005-06-29,12.34111111,11.1663,12.9585
"6",182,2005-06-30,13.23836842,11.217,13.0222
"7",183,2005-07-01,14.1433,11.2708,13.1046
"8",184,2005-07-02,14.216,11.3268,13.1926
"9",185,2005-07-03,11.25295238,11.3831,13.2672
"10",186,2005-07-04,10.84886364,11.4389,13.3403
"11",187,2005-07-05,10.7102381,11.4934,13.397
"12",188,2005-07-06,10.41122222,11.5473,13.4483
"13",189,2005-07-07,10.12052941,11.5999,13.4998
"14",190,2005-07-08,9.616666667,11.6515,13.5555
"15",191,2005-07-09,9.631076923,11.7021,13.6202
"16",192,2005-07-10,9.718375,11.7526,13.6854
"17",193,2005-07-11,10.75236364,11.8032,13.749
"18",194,2005-07-12,11.76511111,11.8528,13.7988
"19",195,2005-07-13,10.4385,11.9012,13.8461
"20",196,2005-07-14,11.3336875,11.9489,13.8904
"21",197,2005-07-15,11.86494737,11.9957,13.9333
"22",198,2005-07-16,11.80514286,12.0428,13.9757
"23",199,2005-07-17,12.39666667,12.0906,14.011
"24",200,2005-07-18,13.08425,12.1395,14.0528
"25",201,2005-07-19,13.66936,12.1887,14.0934
"26",202,2005-07-20,14.1276,12.2354,14.1355
"27",203,2005-07-21,14.87614286,12.2777,14.1692
"28",204,2005-07-22,15.12153571,12.3152,14.197
"29",205,2005-07-23,13.70515385,12.3484,14.2168
"30",206,2005-07-24,12.4688,12.3792,14.2298
"31",207,2005-07-25,12.14068,12.4075,14.2391
"32",208,2005-07-26,11.36126087,12.4347,14.2485
"33",209,2005-07-27,11.95911111,12.4601,14.2573
"34",210,2005-07-28,13.47636842,12.4822,14.2641
"35",211,2005-07-29,14.55357143,12.5002,14.2699
"36",212,2005-07-30,15.29138095,12.5139,14.2678
"37",213,2005-07-31,15.169,12.5262,14.2664
"38",214,2005-08-01,13.08036364,12.5393,14.2619
"39",215,2005-08-02,11.53072,12.5533,14.26
"40",216,2005-08-03,10.98041667,12.5686,14.2669
"41",217,2005-08-04,11.722,12.585,14.2813
"42",218,2005-08-05,12.64458824,12.6017,14.3024
"43",219,2005-08-06,12.09046667,12.6188,14.3296
"44",220,2005-08-07,12.26446667,12.6366,14.3559
"45",221,2005-08-08,11.79475,12.654,14.3783
"46",222,2005-08-09,12.14853333,12.6701,14.3889
"47",223,2005-08-10,12.68276923,12.6838,14.3974
"48",224,2005-08-11,13.064125,12.6927,14.3992
"49",225,2005-08-12,13.193,12.6965,14.4037
"50",226,2005-08-13,12.18852381,12.6974,14.4079
"51",227,2005-08-14,12.468,12.6961,14.4003
"52",228,2005-08-15,13.325,12.6923,14.3826
"53",229,2005-08-16,14.02966667,12.6851,14.3617
"54",230,2005-08-17,12.97641379,12.6742,14.3389
"55",231,2005-08-18,13.92341935,12.6595,14.3103
"56",232,2005-08-19,13.99,12.6431,14.2781
"57",233,2005-08-20,13.07192308,12.6275,14.249
"58",234,2005-08-21,12.0985,12.6163,14.2283
"59",235,2005-08-22,11.49830435,12.6113,14.2205
"60",236,2005-08-23,11.39488,12.6112,14.2261
"61",237,2005-08-24,11.55494444,12.6138,14.2436
"62",238,2005-08-25,13.00010526,12.6191,14.2665
"63",239,2005-08-26,13.4469,12.6254,14.2953
"64",240,2005-08-27,13.75914286,12.6326,14.3249
"65",241,2005-08-28,13.70426316,12.64,14.3561
"66",242,2005-08-29,12.61836842,12.6478,14.3787
"67",243,2005-08-30,11.29254167,12.6554,14.3961
"68",244,2005-08-31,11.09795833,12.6616,14.4099
"69",245,2005-09-01,11.25752174,12.6647,14.4299
"70",246,2005-09-02,12.58890476,12.6638,14.4426
"71",247,2005-09-03,11.93121053,12.6597,14.4468
"72",248,2005-09-04,11.71058824,12.6518,14.441
"73",249,2005-09-05,11.576125,12.6399,14.4311
"74",250,2005-09-06,11.63857143,12.6243,14.4134
"75",251,2005-09-07,11.53492857,12.6052,14.3932
"76",252,2005-09-08,12.28676471,12.5842,14.3658
"77",253,2005-09-09,12.88831579,12.5621,14.3325
"78",254,2005-09-10,13.35138095,12.5404,14.3024
"79",255,2005-09-11,12.25104545,12.5208,14.2666
"80",256,2005-09-12,11.20247826,12.5033,14.2329
"81",257,2005-09-13,11.50028571,12.4868,14.1992
"82",258,2005-09-14,11.56571429,12.4709,14.1733
"83",259,2005-09-15,11.57996429,12.4567,14.157
"84",260,2005-09-16,11.59824138,12.4448,14.1438
"85",261,2005-09-17,11.23246429,12.4351,14.1371
"86",262,2005-09-18,11.05984615,12.4279,14.137
"87",263,2005-09-19,11.03716,12.4218,14.1435
"88",264,2005-09-20,10.96486957,12.4158,14.1507
"89",265,2005-09-21,11.9645,12.4081,14.1575
"90",266,2005-09-22,11.78836842,12.3956,14.153
"91",267,2005-09-23,12.83236842,12.3791,14.1396
"92",268,2005-09-24,12.00222222,12.3607,14.1219
"93",269,2005-09-25,11.91029412,12.341,14.1055
"94",270,2005-09-26,12.35573333,12.3207,14.0833
"95",271,2005-09-27,12.95035,12.2999,14.0603
"96",272,2005-09-28,12.49689474,12.2801,14.0389
"97",273,2005-09-29,11.91105,12.2619,14.0268
"98",274,2005-09-30,11.71147368,12.2461,14.0204
"99",275,2005-10-01,11.47405556,12.2319,14.0126
"100",276,2005-10-02,11.11435,12.2188,13.9959
"101",277,2005-10-03,11.12717647,12.2087,13.9913
"102",278,2005-10-04,10.976,12.2019,14.0015
"103",279,2005-10-05,11.09835294,12.1985,14.0183
"104",280,2005-10-06,11.19261111,12.1982,14.0364
"105",281,2005-10-07,10.96305,12.1998,14.056
"106",282,2005-10-08,10.63657143,12.2021,14.0729
"107",283,2005-10-09,10.64627273,12.2038,14.0904
"108",284,2005-10-10,10.63615,12.2046,14.1119
"109",285,2005-10-11,11.13877778,12.2044,14.1234
"110",286,2005-10-12,10.381125,12.2041,14.1328
"111",287,2005-10-13,10.33815385,12.2056,14.143
"112",288,2005-10-14,10.69037037,12.2082,14.1536
"113",289,2005-10-15,11.08814815,12.2111,14.1635
"114",290,2005-10-16,10.58174074,12.2125,14.1722
"115",291,2005-10-17,10.92404,12.213,14.1805
"116",292,2005-10-18,11.24029167,12.2133,14.183
"117",293,2005-10-19,11.44769565,12.2149,14.1829
"118",294,2005-10-20,11.73030435,12.2177,14.1802
"119",295,2005-10-21,11.37725,12.2223,14.1802
"120",296,2005-10-22,11.43610526,12.228,14.1807
"121",297,2005-10-23,11.45525,12.2354,14.1874
"122",298,2005-10-24,11.24490909,12.2432,14.1954
"123",299,2005-10-25,10.982,12.2503,14.1981
"124",300,2005-10-26,11.722,12.2554,14.196
"125",301,2005-10-27,11.32288889,12.2592,14.1918
"126",302,2005-10-28,11.8772,12.2614,14.1826
"127",303,2005-10-29,11.8856875,12.2614,14.1721
"128",304,2005-10-30,11.72892857,12.2582,14.1625
"129",305,2005-10-31,11.47325,12.2519,14.154
"130",306,2005-11-01,11.68205882,12.2434,14.1476
"131",307,2005-11-02,11.6638,12.2341,14.1418
"132",308,2005-11-03,11.25480952,12.2229,14.1281
"133",309,2005-11-04,11.61618182,12.2092,14.1041
"134",310,2005-11-05,11.64182609,12.1937,14.0759
"135",311,2005-11-06,11.90756522,12.1778,14.049
"136",312,2005-11-07,12.304,12.1616,14.0221
"137",313,2005-11-08,12.380125,12.1461,13.9979
"138",314,2005-11-09,12.18472727,12.1321,13.978
"139",315,2005-11-10,12.39566667,12.1197,13.9587
"140",316,2005-11-11,11.97527778,12.1084,13.9416
"141",317,2005-11-12,11.69775,12.097,13.9311
"142",318,2005-11-13,11.23621739,12.0836,13.9188
"143",319,2005-11-14,10.92729167,12.0692,13.905
"144",320,2005-11-15,10.54911538,12.0548,13.8911
"145",321,2005-11-16,10.626125,12.0413,13.8773
"146",322,2005-11-17,10.66514815,12.0278,13.8609
"147",323,2005-11-18,10.73421429,12.014,13.8435
"148",324,2005-11-19,10.76004,11.9987,13.8288
"149",325,2005-11-20,10.93342105,11.9825,13.8169
"150",326,2005-11-21,11.11085714,11.9654,13.8033
"151",327,2005-11-22,11.4698,11.9481,13.7893
"152",328,2005-11-23,10.748,11.9307,13.7695
"153",329,2005-11-24,10.846,11.9139,13.7483
"154",330,2005-11-25,11.26272727,11.8977,13.7307
"155",331,2005-11-26,10.9925,11.8824,13.714
"156",332,2005-11-27,10.583625,11.8678,13.6982
"157",333,2005-11-28,10.47047368,11.8548,13.688
"158",334,2005-11-29,11.04615,11.8434,13.6778
"159",335,2005-11-30,10.79281818,11.8336,13.6631
"160",336,2005-12-01,11.35375,11.8249,13.6462
"161",337,2005-12-02,10.92925926,11.8169,13.6236
"162",338,2005-12-03,10.81448387,11.8088,13.593
"163",339,2005-12-04,10.62529032,11.8008,13.5554
"164",340,2005-12-05,10.8068,11.7935,13.5177
"165",341,2005-12-06,10.70106897,11.7866,13.4788
"166",342,2005-12-07,10.96908696,11.7795,13.4388
"167",343,2005-12-08,11.0216,11.7719,13.3972
"168",344,2005-12-09,10.85752941,11.7631,13.3546
"169",345,2005-12-10,10.895,11.7528,13.3116
"170",346,2005-12-11,10.95855,11.7411,13.2694
"171",347,2005-12-12,10.902,11.728,13.2284
"172",348,2005-12-13,10.85764,11.7141,13.1897
"173",349,2005-12-14,10.88078571,11.7004,13.1527
"174",350,2005-12-15,11.05203704,11.687,13.1179
"175",351,2005-12-16,11.11785714,11.6738,13.0843
"176",352,2005-12-17,11.51548387,11.6605,13.0525
"177",353,2005-12-18,12.32496296,11.6477,13.0221
"178",354,2005-12-19,11.87190909,11.636,12.9946
"179",355,2005-12-20,11.59647059,11.6253,12.9673
"180",356,2005-12-21,11.722,11.6154,12.9396
"181",357,2005-12-22,11.806875,11.6067,12.912
"182",358,2005-12-23,11.916,11.5988,12.8854
"183",359,2005-12-24,12.18113333,11.5915,12.8612
"184",360,2005-12-25,12.46311765,11.5846,12.8377
"185",361,2005-12-26,12.53784211,11.5778,12.8142
"186",362,2005-12-27,12.59847619,11.5708,12.7913
"187",363,2005-12-28,12.368625,11.564,12.7697
"188",364,2005-12-29,12.20365517,11.5572,12.7497
"189",365,2005-12-30,12.34065517,11.5502,12.7329
"190",366,2005-12-31,12.52209677,11.543,12.7202
"191",1,2006-01-01,12.41029032,11.5356,12.7079
"192",2,2006-01-02,12.50285294,11.5284,12.7005
"193",3,2006-01-03,12.4554,11.5217,12.7029
"194",4,2006-01-04,12.66271429,11.5154,12.7147
"195",5,2006-01-05,12.5746,11.5096,12.7283
"196",6,2006-01-06,12.60529412,11.5043,12.7451
"197",7,2006-01-07,12.69,11.4997,12.7631
"198",8,2006-01-08,12.42718182,11.4953,12.7826
"199",9,2006-01-09,12.23786364,11.4915,12.8029
"200",10,2006-01-10,12.28713043,11.4886,12.8237
"201",11,2006-01-11,12.36417241,11.4866,12.8447
"202",12,2006-01-12,12.18693103,11.4855,12.8675
"203",13,2006-01-13,12.24044828,11.4851,12.8903
"204",14,2006-01-14,12.31519231,11.4855,12.9124
"205",15,2006-01-15,12.14730769,11.4864,12.9323
"206",16,2006-01-16,11.98213636,11.4873,12.9509
"207",17,2006-01-17,11.99144444,11.4879,12.9678
"208",18,2006-01-18,12.08761538,11.4884,12.9845
"209",19,2006-01-19,11.819,11.4886,13.0006
"210",20,2006-01-20,11.431,11.4886,13.0202
"211",21,2006-01-21,11.625,11.4881,13.0406
"212",22,2006-01-22,11.46523529,11.4868,13.0601
"213",23,2006-01-23,11.47694737,11.4849,13.0808
"214",24,2006-01-24,11.3825,11.4827,13.1015
"215",25,2006-01-25,11.43908333,11.4793,13.1236
"216",26,2006-01-26,11.43488,11.4745,13.1471
"217",27,2006-01-27,11.56867742,11.4686,13.1721
"218",28,2006-01-28,11.60236667,11.4615,13.1956
"219",29,2006-01-29,11.4245,11.4532,13.2161
"220",30,2006-01-30,11.6852069,11.4437,13.233
"221",31,2006-01-31,11.53492857,11.4333,13.2505
"222",32,2006-02-01,11.625,11.4219,13.2681
"223",33,2006-02-02,11.831125,11.4098,13.2838
"224",34,2006-02-03,12.0554375,11.3965,13.2958
"225",35,2006-02-04,11.92110526,11.3818,13.3048
"226",36,2006-02-05,11.37538095,11.3662,13.3123
"227",37,2006-02-06,11.24936364,11.3502,13.3183
"228",38,2006-02-07,11.24452174,11.3337,13.3226
"229",39,2006-02-08,11.23138095,11.3167,13.3256
"230",40,2006-02-09,11.45974074,11.2994,13.3258
"231",41,2006-02-10,11.53492857,11.2821,13.3251
"232",42,2006-02-11,11.68966667,11.2648,13.3231
"233",43,2006-02-12,11.44471429,11.2479,13.3196
"234",44,2006-02-13,11.226,11.2319,13.316
"235",45,2006-02-14,10.58723529,11.2173,13.3133
"236",46,2006-02-15,9.662533333,11.2039,13.3121
"237",47,2006-02-16,9.05225,11.1914,13.313
"238",48,2006-02-17,9.0572,11.18,13.3139
"239",49,2006-02-18,8.945,11.1693,13.3093
"240",50,2006-02-19,9.228466667,11.1588,13.3048
"241",51,2006-02-20,9.548611111,11.1484,13.2961
"242",52,2006-02-21,9.3932,11.138,13.2851
"243",53,2006-02-22,9.346409091,11.1277,13.2736
"244",54,2006-02-23,9.5125,11.1171,13.2569
"245",55,2006-02-24,9.736363636,11.1054,13.2291
"246",56,2006-02-25,10.19228571,11.0932,13.1909
"247",57,2006-02-26,10.357,11.0808,13.1492
"248",58,2006-02-27,10.7232963,11.0678,13.1047
"249",59,2006-02-28,11.02322222,11.0542,13.0582
"250",61,2006-03-01,11.12066667,11.0281,12.9709
"251",62,2006-03-02,11.24854167,11.0161,12.9282
"252",63,2006-03-03,11.34046667,11.0039,12.8831
"253",64,2006-03-04,11.39866667,10.9913,12.8386
"254",65,2006-03-05,11.42561111,10.9786,12.7955
"255",66,2006-03-06,11.53310526,10.966,12.7535
"256",67,2006-03-07,11.57905263,10.9528,12.7117
"257",68,2006-03-08,11.38788889,10.9389,12.6706
"258",69,2006-03-09,11.23029412,10.9247,12.631
"259",70,2006-03-10,11.05733333,10.9099,12.5926
"260",71,2006-03-11,10.88617647,10.894,12.5522
"261",72,2006-03-12,10.86233333,10.8763,12.5063
"262",73,2006-03-13,10.75970588,10.8565,12.4576
"263",74,2006-03-14,10.91126667,10.8348,12.4093
"264",75,2006-03-15,11.13863636,10.811,12.3601
"265",76,2006-03-16,11.16325,10.7842,12.3106
"266",77,2006-03-17,11.09,10.7552,12.2611
"267",78,2006-03-18,10.80508333,10.7238,12.2093
"268",79,2006-03-19,10.21338462,10.6893,12.156
"269",80,2006-03-20,9.584857143,10.6532,12.1081
"270",81,2006-03-21,9.489470588,10.6165,12.0598
"271",82,2006-03-22,9.845631579,10.5798,12.0115
"272",83,2006-03-23,10.07388889,10.5432,11.9635
"273",84,2006-03-24,10.54723529,10.5071,11.9161
"274",85,2006-03-25,10.78395455,10.4714,11.8731
"275",86,2006-03-26,10.48632,10.4362,11.8384
"276",87,2006-03-27,10.42830769,10.4018,11.8121
"277",88,2006-03-28,11.12730769,10.3693,11.7878
"278",89,2006-03-29,11.30933333,10.339,11.765
"279",90,2006-03-30,11.48390909,10.3122,11.7481
"280",91,2006-03-31,11.334,10.2869,11.7373
"281",92,2006-04-01,11.41806667,10.2619,11.7304
"282",93,2006-04-02,11.59913333,10.2367,11.7211
"283",94,2006-04-03,11.42453333,10.2121,11.7142
"284",95,2006-04-04,11.54511765,10.1884,11.7029
"285",96,2006-04-05,11.528,10.1664,11.6813
"286",97,2006-04-06,11.540125,10.1461,11.6534
"287",98,2006-04-07,11.722,10.1266,11.6249
"288",99,2006-04-08,NA,10.1065,11.5952
"289",100,2006-04-09,12.72233333,10.086,11.563
"290",101,2006-04-10,12.497,10.0645,11.5263
"291",102,2006-04-11,12.17466667,10.0423,11.4943
"292",103,2006-04-12,12.5164,10.0201,11.4655
"293",104,2006-04-13,12.51316667,9.9993,11.4374
"294",105,2006-04-14,12.05333333,9.9796,11.4075
"295",106,2006-04-15,11.90853846,9.9609,11.3783
"296",107,2006-04-16,11.8772,9.9429,11.3446
"297",108,2006-04-17,11.5474,9.9251,11.3076
"298",109,2006-04-18,11.23626667,9.9089,11.2742
"299",110,2006-04-19,11.01328571,9.8952,11.2422
"300",111,2006-04-20,10.6445625,9.8821,11.2088
"301",112,2006-04-21,10.12833333,9.8701,11.1758
"302",113,2006-04-22,10.02685714,9.8595,11.1443
"303",114,2006-04-23,10.83852941,9.8499,11.1168
"304",115,2006-04-24,11.14394737,9.8402,11.0938
"305",116,2006-04-25,11.2653,9.831,11.0741
"306",117,2006-04-26,10.539,9.8224,11.0564
"307",118,2006-04-27,9.876315789,9.8148,11.0388
"308",119,2006-04-28,9.9769375,9.8077,11.018
"309",120,2006-04-29,10.277375,9.8012,10.9921
"310",121,2006-04-30,9.8600625,9.7941,10.9638
"311",122,2006-05-01,9.486142857,9.7877,10.9322
"312",123,2006-05-02,9.126416667,9.7824,10.8984
"313",124,2006-05-03,9.275,9.7786,10.8653
"314",125,2006-05-04,10.161,9.7767,10.834
"315",126,2006-05-05,NA,9.7767,10.8089
"316",127,2006-05-06,NA,9.7775,10.794
"317",128,2006-05-07,9.7678,9.7801,10.7893
"318",129,2006-05-08,9.647333333,9.7846,10.7963
"319",130,2006-05-09,9.291083333,9.7917,10.8097
"320",131,2006-05-10,9.563,9.8003,10.8255
"321",132,2006-05-11,9.669133333,9.8114,10.8541
"322",133,2006-05-12,9.297647059,9.8257,10.8846
"323",134,2006-05-13,9.059352941,9.8427,10.9183
"324",135,2006-05-14,9.361529412,9.8605,10.9552
"325",136,2006-05-15,9.723833333,9.8814,10.9977
"326",137,2006-05-16,9.408058824,9.9059,11.0436
"327",138,2006-05-17,9.062857143,9.9345,11.0977
"328",139,2006-05-18,8.924538462,9.9654,11.1566
"329",140,2006-05-19,9.260714286,9.9986,11.2164
"330",141,2006-05-20,10.8162,10.0341,11.2828
"331",142,2006-05-21,11.75184615,10.0723,11.3607
"332",143,2006-05-22,12.39426667,10.1114,11.445
"333",144,2006-05-23,12.32682353,10.1497,11.5299
"334",145,2006-05-24,13.94705263,10.187,11.6114
"335",146,2006-05-25,11.8813,10.2246,11.6877
"336",147,2006-05-26,10.3468,10.2598,11.7588
"337",148,2006-05-27,9.915,10.2922,11.8222
"338",149,2006-05-28,9.904111111,10.3211,11.8722
"339",150,2006-05-29,9.7308125,10.3479,11.9198
"340",151,2006-05-30,9.4654,10.372,11.964
"341",152,2006-05-31,9.318555556,10.3934,11.9954
"342",153,2006-06-01,9.3338,10.4127,12.0174
"343",154,2006-06-02,NA,10.4311,12.0444
"344",155,2006-06-03,NA,10.4493,12.0708
"345",156,2006-06-04,11.08328571,10.4685,12.1071
"346",157,2006-06-05,10.55263636,10.4886,12.1463
"347",158,2006-06-06,10.65007143,10.5104,12.1889
"348",159,2006-06-07,10.5826875,10.5332,12.2297
"349",160,2006-06-08,10.06738889,10.5575,12.2626
"350",161,2006-06-09,9.82085,10.583,12.2941
"351",162,2006-06-10,9.333136364,10.6103,12.333
"352",163,2006-06-11,9.462714286,10.6398,12.3719
"353",164,2006-06-12,10.12984211,10.6706,12.4117
"354",165,2006-06-13,10.825,10.7024,12.4592
"355",166,2006-06-14,10.20705882,10.7361,12.5098
"356",167,2006-06-15,10.609,10.7688,12.5603
"357",168,2006-06-16,10.76033333,10.799,12.6145
"358",169,2006-06-17,10.4375,10.8261,12.6584
"359",170,2006-06-18,10.69593333,10.851,12.7008
"360",171,2006-06-19,10.17638889,10.8741,12.7335
"361",172,2006-06-20,10.49568421,10.8958,12.7597
"362",173,2006-06-21,10.1597619,10.9168,12.778
"363",174,2006-06-22,9.691227273,10.9389,12.7935
"364",175,2006-06-23,10.04973913,10.9625,12.8073
"365",176,2006-06-24,12.26431818,10.9882,12.8209
"366",177,2006-06-25,13.052125,11.0144,12.8344
"367",178,2006-06-26,13.83709091,11.044,12.8488
"368",179,2006-06-27,13.46626316,11.0787,12.8711
"369",180,2006-06-28,13.54385714,11.1199,12.908
"370",181,2006-06-29,13.8744,11.1663,12.9585
"371",182,2006-06-30,15.055375,11.217,13.0222
"372",183,2006-07-01,13.942,11.2708,13.1046
"373",184,2006-07-02,12.14222222,11.3268,13.1926
"374",185,2006-07-03,11.67715385,11.3831,13.2672
"375",186,2006-07-04,11.44973333,11.4389,13.3403
"376",187,2006-07-05,11.03477778,11.4934,13.397
"377",188,2006-07-06,10.7517,11.5473,13.4483
"378",189,2006-07-07,11.00086364,11.5999,13.4998
"379",190,2006-07-08,10.72217391,11.6515,13.5555
"380",191,2006-07-09,10.21341667,11.7021,13.6202
"381",192,2006-07-10,10.09822727,11.7526,13.6854
"382",193,2006-07-11,10.14456,11.8032,13.749
"383",194,2006-07-12,10.08928,11.8528,13.7988
"384",195,2006-07-13,10.04092,11.9012,13.8461
"385",196,2006-07-14,10.073,11.9489,13.8904
"386",197,2006-07-15,10.318875,11.9957,13.9333
"387",198,2006-07-16,10.99605,12.0428,13.9757
"388",199,2006-07-17,11.30666667,12.0906,14.011
"389",200,2006-07-18,11.23609524,12.1395,14.0528
"390",201,2006-07-19,12.37440909,12.1887,14.0934
"391",202,2006-07-20,12.833,12.2354,14.1355
"392",203,2006-07-21,12.95954167,12.2777,14.1692
"393",204,2006-07-22,13.1954,12.3152,14.197
"394",205,2006-07-23,12.60057143,12.3484,14.2168
"395",206,2006-07-24,12.98259259,12.3792,14.2298
"396",207,2006-07-25,13.66973913,12.4075,14.2391
"397",208,2006-07-26,14.6079,12.4347,14.2485
"398",209,2006-07-27,15.372,12.4601,14.2573
"399",210,2006-07-28,15.64246154,12.4822,14.2641
"400",211,2006-07-29,16.02983333,12.5002,14.2699
"401",212,2006-07-30,16.2845,12.5139,14.2678
"402",213,2006-07-31,12.74223077,12.5262,14.2664
"403",214,2006-08-01,11.285,12.5393,14.2619
"404",215,2006-08-02,11.24711111,12.5533,14.26
"405",216,2006-08-03,10.58557143,12.5686,14.2669
"406",217,2006-08-04,11.07222727,12.585,14.2813
"407",218,2006-08-05,12.74056522,12.6017,14.3024
"408",219,2006-08-06,13.49325,12.6188,14.3296
"409",220,2006-08-07,13.87082609,12.6366,14.3559
"410",221,2006-08-08,13.85553571,12.654,14.3783
"411",222,2006-08-09,12.58285185,12.6701,14.3889
"412",223,2006-08-10,12.31353846,12.6838,14.3974
"413",224,2006-08-11,11.562,12.6927,14.3992
"414",225,2006-08-12,11.00858333,12.6965,14.4037
"415",226,2006-08-13,11.81122222,12.6974,14.4079
"416",227,2006-08-14,13.43594737,12.6961,14.4003
"417",228,2006-08-15,14.14761905,12.6923,14.3826
"418",229,2006-08-16,13.79281818,12.6851,14.3617
"419",230,2006-08-17,11.81056522,12.6742,14.3389
"420",231,2006-08-18,12.08891304,12.6595,14.3103
"421",232,2006-08-19,12.92392308,12.6431,14.2781
"422",233,2006-08-20,13.11188889,12.6275,14.249
"423",234,2006-08-21,14.05177778,12.6163,14.2283
"424",235,2006-08-22,13.157,12.6113,14.2205
"425",236,2006-08-23,11.95118182,12.6112,14.2261
"426",237,2006-08-24,11.84963158,12.6138,14.2436
"427",238,2006-08-25,12.7079375,12.6191,14.2665
"428",239,2006-08-26,13.35683333,12.6254,14.2953
"429",240,2006-08-27,13.85472727,12.6326,14.3249
"430",241,2006-08-28,12.77923077,12.64,14.3561
"431",242,2006-08-29,12.99175,12.6478,14.3787
"432",243,2006-08-30,12.389,12.6554,14.3961
"433",244,2006-08-31,12.24784211,12.6616,14.4099
"434",245,2006-09-01,12.64895238,12.6647,14.4299
"435",246,2006-09-02,13.10371429,12.6638,14.4426
"436",247,2006-09-03,13.18661905,12.6597,14.4468
"437",248,2006-09-04,13.76727273,12.6518,14.441
"438",249,2006-09-05,12.93828571,12.6399,14.4311
"439",250,2006-09-06,12.34351724,12.6243,14.4134
"440",251,2006-09-07,12.21389286,12.6052,14.3932
"441",252,2006-09-08,11.81177778,12.5842,14.3658
"442",253,2006-09-09,11.78768,12.5621,14.3325
"443",254,2006-09-10,11.431,12.5404,14.3024
"444",255,2006-09-11,11.76833333,12.5208,14.2666
"445",256,2006-09-12,12.19771429,12.5033,14.2329
"446",257,2006-09-13,11.90277273,12.4868,14.1992
"447",258,2006-09-14,12.65504545,12.4709,14.1733
"448",259,2006-09-15,11.9548,12.4567,14.157
"449",260,2006-09-16,11.07645833,12.4448,14.1438
"450",261,2006-09-17,11.13338462,12.4351,14.1371
"451",262,2006-09-18,11.13061538,12.4279,14.137
"452",263,2006-09-19,10.56095833,12.4218,14.1435
"453",264,2006-09-20,10.43166667,12.4158,14.1507
"454",265,2006-09-21,10.57235,12.4081,14.1575
"455",266,2006-09-22,10.25355556,12.3956,14.153
"456",267,2006-09-23,10.54390909,12.3791,14.1396
"457",268,2006-09-24,11.06207143,12.3607,14.1219
"458",269,2006-09-25,11.722,12.341,14.1055
"459",270,2006-09-26,12.049375,12.3207,14.0833
"460",271,2006-09-27,12.10461111,12.2999,14.0603
"461",272,2006-09-28,12.26505,12.2801,14.0389
"462",273,2006-09-29,12.8689,12.2619,14.0268
"463",274,2006-09-30,12.68505263,12.2461,14.0204
"464",275,2006-10-01,12.57111765,12.2319,14.0126
"465",276,2006-10-02,13.2202,12.2188,13.9959
"466",277,2006-10-03,13.66492,12.2087,13.9913
"467",278,2006-10-04,13.63511538,12.2019,14.0015
"468",279,2006-10-05,13.74314286,12.1985,14.0183
"469",280,2006-10-06,13.00028571,12.1982,14.0364
"470",281,2006-10-07,12.3502,12.1998,14.056
"471",282,2006-10-08,12.47004,12.2021,14.0729
"472",283,2006-10-09,12.95726923,12.2038,14.0904
"473",284,2006-10-10,13.92762963,12.2046,14.1119
"474",285,2006-10-11,14.53985714,12.2044,14.1234
"475",286,2006-10-12,13.89628571,12.2041,14.1328
"476",287,2006-10-13,13.926,12.2056,14.143
"477",288,2006-10-14,14.1427619,12.2082,14.1536
"478",289,2006-10-15,13.26865,12.2111,14.1635
"479",290,2006-10-16,12.96872222,12.2125,14.1722
"480",291,2006-10-17,12.40058824,12.213,14.1805
"481",292,2006-10-18,12.00607143,12.2133,14.183
"482",293,2006-10-19,11.73816667,12.2149,14.1829
"483",294,2006-10-20,12.356,12.2177,14.1802
"484",295,2006-10-21,13.13413333,12.2223,14.1802
"485",296,2006-10-22,13.1608125,12.228,14.1807
"486",297,2006-10-23,13.45066667,12.2354,14.1874
"487",298,2006-10-24,13.05589474,12.2432,14.1954
"488",299,2006-10-25,12.99804762,12.2503,14.1981
"489",300,2006-10-26,13.14019048,12.2554,14.196
"490",301,2006-10-27,13.88714286,12.2592,14.1918
"491",302,2006-10-28,13.04033333,12.2614,14.1826
"492",303,2006-10-29,13.718,12.2614,14.1721
"493",304,2006-10-30,13.44027778,12.2582,14.1625
"494",305,2006-10-31,13.50689474,12.2519,14.154
"495",306,2006-11-01,13.46138095,12.2434,14.1476
"496",307,2006-11-02,13.858,12.2341,14.1418
"497",308,2006-11-03,14.25184615,12.2229,14.1281
"498",309,2006-11-04,14.16453571,12.2092,14.1041
"499",310,2006-11-05,14.1587037,12.1937,14.0759
"500",311,2006-11-06,14.0557037,12.1778,14.049
"501",312,2006-11-07,13.51596667,12.1616,14.0221
"502",313,2006-11-08,13.46810345,12.1461,13.9979
"503",314,2006-11-09,12.29713793,12.1321,13.978
"504",315,2006-11-10,12.00926923,12.1197,13.9587
"505",316,2006-11-11,12.22022727,12.1084,13.9416
"506",317,2006-11-12,10.93311111,12.097,13.9311
"507",318,2006-11-13,11.431,12.0836,13.9188
"508",319,2006-11-14,11.89983333,12.0692,13.905
"509",320,2006-11-15,11.45338462,12.0548,13.8911
"510",321,2006-11-16,11.95064286,12.0413,13.8773
"511",322,2006-11-17,12.406875,12.0278,13.8609
"512",323,2006-11-18,12.30964706,12.014,13.8435
"513",324,2006-11-19,12.258,11.9987,13.8288
"514",325,2006-11-20,12.63715,11.9825,13.8169
"515",326,2006-11-21,12.68154545,11.9654,13.8033
"516",327,2006-11-22,12.8525,11.9481,13.7893
"517",328,2006-11-23,12.47630435,11.9307,13.7695
"518",329,2006-11-24,12.13425,11.9139,13.7483
"519",330,2006-11-25,11.88828571,11.8977,13.7307
"520",331,2006-11-26,11.29652381,11.8824,13.714
"521",332,2006-11-27,11.31305263,11.8678,13.6982
"522",333,2006-11-28,10.80516667,11.8548,13.688
"523",334,2006-11-29,10.3766,11.8434,13.6778
"524",335,2006-11-30,10.44955556,11.8336,13.6631
"525",336,2006-12-01,10.5579,11.8249,13.6462
"526",337,2006-12-02,10.61522727,11.8169,13.6236
"527",338,2006-12-03,11.03786207,11.8088,13.593
"528",339,2006-12-04,11.31003448,11.8008,13.5554
"529",340,2006-12-05,11.2118125,11.7935,13.5177
"530",341,2006-12-06,NA,11.7866,13.4788
"531",342,2006-12-07,NA,11.7795,13.4388
"532",343,2006-12-08,NA,11.7719,13.3972
"533",344,2006-12-09,NA,11.7631,13.3546
"534",345,2006-12-10,NA,11.7528,13.3116
"535",346,2006-12-11,NA,11.7411,13.2694
"536",347,2006-12-12,NA,11.728,13.2284
"537",348,2006-12-13,NA,11.7141,13.1897
"538",349,2006-12-14,NA,11.7004,13.1527
"539",350,2006-12-15,NA,11.687,13.1179
"540",351,2006-12-16,NA,11.6738,13.0843
"541",352,2006-12-17,NA,11.6605,13.0525
"542",353,2006-12-18,NA,11.6477,13.0221
"543",354,2006-12-19,NA,11.636,12.9946
"544",355,2006-12-20,NA,11.6253,12.9673
"545",356,2006-12-21,NA,11.6154,12.9396
"546",357,2006-12-22,NA,11.6067,12.912
"547",358,2006-12-23,NA,11.5988,12.8854
"548",359,2006-12-24,NA,11.5915,12.8612
"549",360,2006-12-25,NA,11.5846,12.8377
"550",361,2006-12-26,NA,11.5778,12.8142
"551",362,2006-12-27,NA,11.5708,12.7913
"552",363,2006-12-28,NA,11.564,12.7697
"553",364,2006-12-29,NA,11.5572,12.7497
"554",365,2006-12-30,NA,11.5502,12.7329
"555",366,2006-12-31,NA,11.543,12.7202
"556",1,2007-01-01,NA,11.5356,12.7079
"557",2,2007-01-02,NA,11.5284,12.7005
"558",3,2007-01-03,NA,11.5217,12.7029
"559",4,2007-01-04,NA,11.5154,12.7147
"560",5,2007-01-05,NA,11.5096,12.7283
"561",6,2007-01-06,NA,11.5043,12.7451
"562",7,2007-01-07,NA,11.4997,12.7631
"563",8,2007-01-08,NA,11.4953,12.7826
"564",9,2007-01-09,NA,11.4915,12.8029
"565",10,2007-01-10,NA,11.4886,12.8237
"566",11,2007-01-11,NA,11.4866,12.8447
"567",12,2007-01-12,NA,11.4855,12.8675
"568",13,2007-01-13,NA,11.4851,12.8903
"569",14,2007-01-14,NA,11.4855,12.9124
"570",15,2007-01-15,NA,11.4864,12.9323
"571",16,2007-01-16,NA,11.4873,12.9509
"572",17,2007-01-17,NA,11.4879,12.9678
"573",18,2007-01-18,NA,11.4884,12.9845
"574",19,2007-01-19,NA,11.4886,13.0006
"575",20,2007-01-20,NA,11.4886,13.0202
"576",21,2007-01-21,NA,11.4881,13.0406
"577",22,2007-01-22,NA,11.4868,13.0601
"578",23,2007-01-23,NA,11.4849,13.0808
"579",24,2007-01-24,NA,11.4827,13.1015
"580",25,2007-01-25,NA,11.4793,13.1236
"581",26,2007-01-26,NA,11.4745,13.1471
"582",27,2007-01-27,NA,11.4686,13.1721
"583",28,2007-01-28,NA,11.4615,13.1956
"584",29,2007-01-29,NA,11.4532,13.2161
"585",30,2007-01-30,NA,11.4437,13.233
"586",31,2007-01-31,NA,11.4333,13.2505
"587",32,2007-02-01,NA,11.4219,13.2681
"588",33,2007-02-02,NA,11.4098,13.2838
"589",34,2007-02-03,NA,11.3965,13.2958
"590",35,2007-02-04,NA,11.3818,13.3048
"591",36,2007-02-05,NA,11.3662,13.3123
"592",37,2007-02-06,NA,11.3502,13.3183
"593",38,2007-02-07,NA,11.3337,13.3226
"594",39,2007-02-08,NA,11.3167,13.3256
"595",40,2007-02-09,NA,11.2994,13.3258
"596",41,2007-02-10,NA,11.2821,13.3251
"597",42,2007-02-11,NA,11.2648,13.3231
"598",43,2007-02-12,NA,11.2479,13.3196
"599",44,2007-02-13,NA,11.2319,13.316
"600",45,2007-02-14,NA,11.2173,13.3133
"601",46,2007-02-15,NA,11.2039,13.3121
"602",47,2007-02-16,NA,11.1914,13.313
"603",48,2007-02-17,NA,11.18,13.3139
"604",49,2007-02-18,NA,11.1693,13.3093
"605",50,2007-02-19,NA,11.1588,13.3048
"606",51,2007-02-20,NA,11.1484,13.2961
"607",52,2007-02-21,NA,11.138,13.2851
"608",53,2007-02-22,NA,11.1277,13.2736
"609",54,2007-02-23,NA,11.1171,13.2569
"610",55,2007-02-24,NA,11.1054,13.2291
"611",56,2007-02-25,NA,11.0932,13.1909
"612",57,2007-02-26,NA,11.0808,13.1492
"613",58,2007-02-27,NA,11.0678,13.1047
"614",59,2007-02-28,NA,11.0542,13.0582
"615",61,2007-03-01,NA,11.0281,12.9709
"616",62,2007-03-02,NA,11.0161,12.9282
"617",63,2007-03-03,NA,11.0039,12.8831
"618",64,2007-03-04,NA,10.9913,12.8386
"619",65,2007-03-05,NA,10.9786,12.7955
"620",66,2007-03-06,NA,10.966,12.7535
"621",67,2007-03-07,NA,10.9528,12.7117
"622",68,2007-03-08,NA,10.9389,12.6706
"623",69,2007-03-09,NA,10.9247,12.631
"624",70,2007-03-10,NA,10.9099,12.5926
"625",71,2007-03-11,NA,10.894,12.5522
"626",72,2007-03-12,NA,10.8763,12.5063
"627",73,2007-03-13,NA,10.8565,12.4576
"628",74,2007-03-14,NA,10.8348,12.4093
"629",75,2007-03-15,NA,10.811,12.3601
"630",76,2007-03-16,NA,10.7842,12.3106
"631",77,2007-03-17,NA,10.7552,12.2611
"632",78,2007-03-18,NA,10.7238,12.2093
"633",79,2007-03-19,NA,10.6893,12.156
"634",80,2007-03-20,NA,10.6532,12.1081
"635",81,2007-03-21,NA,10.6165,12.0598
"636",82,2007-03-22,NA,10.5798,12.0115
"637",83,2007-03-23,NA,10.5432,11.9635
"638",84,2007-03-24,NA,10.5071,11.9161
"639",85,2007-03-25,NA,10.4714,11.8731
"640",86,2007-03-26,NA,10.4362,11.8384
"641",87,2007-03-27,NA,10.4018,11.8121
"642",88,2007-03-28,NA,10.3693,11.7878
"643",89,2007-03-29,NA,10.339,11.765
"644",90,2007-03-30,NA,10.3122,11.7481
"645",91,2007-03-31,NA,10.2869,11.7373
"646",92,2007-04-01,NA,10.2619,11.7304
"647",93,2007-04-02,NA,10.2367,11.7211
"648",94,2007-04-03,NA,10.2121,11.7142
"649",95,2007-04-04,NA,10.1884,11.7029
"650",96,2007-04-05,NA,10.1664,11.6813
"651",97,2007-04-06,NA,10.1461,11.6534
"652",98,2007-04-07,NA,10.1266,11.6249
"653",99,2007-04-08,NA,10.1065,11.5952
"654",100,2007-04-09,NA,10.086,11.563
"655",101,2007-04-10,NA,10.0645,11.5263
"656",102,2007-04-11,NA,10.0423,11.4943
"657",103,2007-04-12,NA,10.0201,11.4655
"658",104,2007-04-13,NA,9.9993,11.4374
"659",105,2007-04-14,NA,9.9796,11.4075
"660",106,2007-04-15,NA,9.9609,11.3783
"661",107,2007-04-16,NA,9.9429,11.3446
"662",108,2007-04-17,NA,9.9251,11.3076
"663",109,2007-04-18,NA,9.9089,11.2742
"664",110,2007-04-19,NA,9.8952,11.2422
"665",111,2007-04-20,NA,9.8821,11.2088
"666",112,2007-04-21,NA,9.8701,11.1758
"667",113,2007-04-22,NA,9.8595,11.1443
"668",114,2007-04-23,NA,9.8499,11.1168
"669",115,2007-04-24,NA,9.8402,11.0938
"670",116,2007-04-25,NA,9.831,11.0741
"671",117,2007-04-26,NA,9.8224,11.0564
"672",118,2007-04-27,NA,9.8148,11.0388
"673",119,2007-04-28,NA,9.8077,11.018
"674",120,2007-04-29,NA,9.8012,10.9921
"675",121,2007-04-30,NA,9.7941,10.9638
"676",122,2007-05-01,NA,9.7877,10.9322
"677",123,2007-05-02,NA,9.7824,10.8984
"678",124,2007-05-03,NA,9.7786,10.8653
"679",125,2007-05-04,NA,9.7767,10.834
"680",126,2007-05-05,NA,9.7767,10.8089
"681",127,2007-05-06,NA,9.7775,10.794
"682",128,2007-05-07,NA,9.7801,10.7893
"683",129,2007-05-08,NA,9.7846,10.7963
"684",130,2007-05-09,NA,9.7917,10.8097
"685",131,2007-05-10,NA,9.8003,10.8255
"686",132,2007-05-11,NA,9.8114,10.8541
"687",133,2007-05-12,NA,9.8257,10.8846
"688",134,2007-05-13,NA,9.8427,10.9183
"689",135,2007-05-14,NA,9.8605,10.9552
"690",136,2007-05-15,NA,9.8814,10.9977
"691",137,2007-05-16,NA,9.9059,11.0436
"692",138,2007-05-17,NA,9.9345,11.0977
"693",139,2007-05-18,NA,9.9654,11.1566
"694",140,2007-05-19,NA,9.9986,11.2164
"695",141,2007-05-20,NA,10.0341,11.2828
"696",142,2007-05-21,NA,10.0723,11.3607
"697",143,2007-05-22,NA,10.1114,11.445
"698",144,2007-05-23,NA,10.1497,11.5299
"699",145,2007-05-24,NA,10.187,11.6114
"700",146,2007-05-25,NA,10.2246,11.6877
"701",147,2007-05-26,NA,10.2598,11.7588
"702",148,2007-05-27,NA,10.2922,11.8222
"703",149,2007-05-28,NA,10.3211,11.8722
"704",150,2007-05-29,NA,10.3479,11.9198
"705",151,2007-05-30,NA,10.372,11.964
"706",152,2007-05-31,NA,10.3934,11.9954
"707",153,2007-06-01,NA,10.4127,12.0174
"708",154,2007-06-02,NA,10.4311,12.0444
"709",155,2007-06-03,NA,10.4493,12.0708
"710",156,2007-06-04,NA,10.4685,12.1071
"711",157,2007-06-05,NA,10.4886,12.1463
"712",158,2007-06-06,NA,10.5104,12.1889
"713",159,2007-06-07,NA,10.5332,12.2297
"714",160,2007-06-08,NA,10.5575,12.2626
"715",161,2007-06-09,NA,10.583,12.2941
"716",162,2007-06-10,NA,10.6103,12.333
"717",163,2007-06-11,NA,10.6398,12.3719
"718",164,2007-06-12,NA,10.6706,12.4117
"719",165,2007-06-13,NA,10.7024,12.4592
"720",166,2007-06-14,8.906875,10.7361,12.5098
"721",167,2007-06-15,9.397115385,10.7688,12.5603
"722",168,2007-06-16,9.655230769,10.799,12.6145
"723",169,2007-06-17,9.812086957,10.8261,12.6584
"724",170,2007-06-18,10.2841,10.851,12.7008
"725",171,2007-06-19,11.18105882,10.8741,12.7335
"726",172,2007-06-20,12.22314286,10.8958,12.7597
"727",173,2007-06-21,13.59227273,10.9168,12.778
"728",174,2007-06-22,11.70483333,10.9389,12.7935
"729",175,2007-06-23,11.089,10.9625,12.8073
"730",176,2007-06-24,10.7461875,10.9882,12.8209
"731",177,2007-06-25,10.18477778,11.0144,12.8344
"732",178,2007-06-26,10.14784211,11.044,12.8488
"733",179,2007-06-27,10.25557143,11.0787,12.8711
"734",180,2007-06-28,10.208,11.1199,12.908
"735",181,2007-06-29,9.954,11.1663,12.9585
"736",182,2007-06-30,9.632526316,11.217,13.0222
"737",183,2007-07-01,9.762166667,11.2708,13.1046
"738",184,2007-07-02,9.206625,11.3268,13.1926
"739",185,2007-07-03,9.7032,11.3831,13.2672
"740",186,2007-07-04,9.975611111,11.4389,13.3403
"741",187,2007-07-05,9.6345,11.4934,13.397
"742",188,2007-07-06,9.971333333,11.5473,13.4483
"743",189,2007-07-07,11.04088889,11.5999,13.4998
"744",190,2007-07-08,10.15633333,11.6515,13.5555
"745",191,2007-07-09,10.64186364,11.7021,13.6202
"746",192,2007-07-10,11.84729167,11.7526,13.6854
"747",193,2007-07-11,12.19066667,11.8032,13.749
"748",194,2007-07-12,13.56529167,11.8528,13.7988
"749",195,2007-07-13,14.02134483,11.9012,13.8461
"750",196,2007-07-14,13.31088889,11.9489,13.8904
"751",197,2007-07-15,12.56318519,11.9957,13.9333
"752",198,2007-07-16,11.44534783,12.0428,13.9757
"753",199,2007-07-17,10.6941,12.0906,14.011
"754",200,2007-07-18,11.65141176,12.1395,14.0528
"755",201,2007-07-19,12.92690909,12.1887,14.0934
"756",202,2007-07-20,12.26661538,12.2354,14.1355
"757",203,2007-07-21,11.8772,12.2777,14.1692
"758",204,2007-07-22,12.3268125,12.3152,14.197
"759",205,2007-07-23,11.41415789,12.3484,14.2168
"760",206,2007-07-24,10.924,12.3792,14.2298
"761",207,2007-07-25,10.99371429,12.4075,14.2391
"762",208,2007-07-26,10.92545455,12.4347,14.2485
"763",209,2007-07-27,10.65045455,12.4601,14.2573
"764",210,2007-07-28,11.12409524,12.4822,14.2641
"765",211,2007-07-29,10.61991304,12.5002,14.2699
"766",212,2007-07-30,10.64621739,12.5139,14.2678
"767",213,2007-07-31,10.1855,12.5262,14.2664
"768",214,2007-08-01,10.79021739,12.5393,14.2619
"769",215,2007-08-02,11.85133333,12.5533,14.26
"770",216,2007-08-03,12.930625,12.5686,14.2669
"771",217,2007-08-04,12.80189474,12.585,14.2813
"772",218,2007-08-05,12.55685714,12.6017,14.3024
"773",219,2007-08-06,12.33747826,12.6188,14.3296
"774",220,2007-08-07,12.10129167,12.6366,14.3559
"775",221,2007-08-08,11.70583333,12.654,14.3783
"776",222,2007-08-09,12.03744444,12.6701,14.3889
"777",223,2007-08-10,11.82175862,12.6838,14.3974
"778",224,2007-08-11,11.15133333,12.6927,14.3992
"779",225,2007-08-12,10.92166667,12.6965,14.4037
"780",226,2007-08-13,11.4556087,12.6974,14.4079
"781",227,2007-08-14,11.1522381,12.6961,14.4003
"782",228,2007-08-15,11.49944444,12.6923,14.3826
"783",229,2007-08-16,12.03,12.6851,14.3617
"784",230,2007-08-17,12.642,12.6742,14.3389
"785",231,2007-08-18,12.24857143,12.6595,14.3103
"786",232,2007-08-19,11.9705625,12.6431,14.2781
"787",233,2007-08-20,12.29805882,12.6275,14.249
"788",234,2007-08-21,12.33378947,12.6163,14.2283
"789",235,2007-08-22,11.0552,12.6113,14.2205
"790",236,2007-08-23,10.03966667,12.6112,14.2261
"791",237,2007-08-24,10.5334,12.6138,14.2436
"792",238,2007-08-25,10.98285,12.6191,14.2665
"793",239,2007-08-26,11.90436,12.6254,14.2953
"794",240,2007-08-27,12.4077037,12.6326,14.3249
"795",241,2007-08-28,12.9515,12.64,14.3561
"796",242,2007-08-29,13.585375,12.6478,14.3787
"797",243,2007-08-30,13.99795833,12.6554,14.3961
"798",244,2007-08-31,14.02183333,12.6616,14.4099
"799",245,2007-09-01,13.095875,12.6647,14.4299
"800",246,2007-09-02,13.02561905,12.6638,14.4426
"801",247,2007-09-03,12.43127273,12.6597,14.4468
"802",248,2007-09-04,12.07613043,12.6518,14.441
"803",249,2007-09-05,10.49468182,12.6399,14.4311
"804",250,2007-09-06,11.14566667,12.6243,14.4134
"805",251,2007-09-07,11.3842963,12.6052,14.3932
"806",252,2007-09-08,11.55917857,12.5842,14.3658
"807",253,2007-09-09,11.62859259,12.5621,14.3325
"808",254,2007-09-10,12.39672,12.5404,14.3024
"809",255,2007-09-11,12.95322727,12.5208,14.2666
"810",256,2007-09-12,12.30394444,12.5033,14.2329
"811",257,2007-09-13,12.635,12.4868,14.1992
"812",258,2007-09-14,13.54276923,12.4709,14.1733
"813",259,2007-09-15,14.01735714,12.4567,14.157
"814",260,2007-09-16,13.4974375,12.4448,14.1438
"815",261,2007-09-17,12.54841176,12.4351,14.1371
"816",262,2007-09-18,11.77588889,12.4279,14.137
"817",263,2007-09-19,11.522,12.4218,14.1435
"818",264,2007-09-20,11.029125,12.4158,14.1507
"819",265,2007-09-21,11.242,12.4081,14.1575
"820",266,2007-09-22,11.8250625,12.3956,14.153
"821",267,2007-09-23,11.07209091,12.3791,14.1396
"822",268,2007-09-24,11.25633333,12.3607,14.1219
"823",269,2007-09-25,11.41281481,12.341,14.1055
"824",270,2007-09-26,11.57257692,12.3207,14.0833
"825",271,2007-09-27,11.63664,12.2999,14.0603
"826",272,2007-09-28,11.42266667,12.2801,14.0389
"827",273,2007-09-29,11.7722963,12.2619,14.0268
"828",274,2007-09-30,11.75418519,12.2461,14.0204
"829",275,2007-10-01,12.229,12.2319,14.0126
"830",276,2007-10-02,11.63381818,12.2188,13.9959
"831",277,2007-10-03,11.83355,12.2087,13.9913
"832",278,2007-10-04,10.91466667,12.2019,14.0015
"833",279,2007-10-05,10.50924,12.1985,14.0183
"834",280,2007-10-06,10.36483333,12.1982,14.0364
"835",281,2007-10-07,10.4506087,12.1998,14.056
"836",282,2007-10-08,10.47231818,12.2021,14.0729
"837",283,2007-10-09,10.79166667,12.2038,14.0904
"838",284,2007-10-10,11.20135714,12.2046,14.1119
"839",285,2007-10-11,11.083,12.2044,14.1234
"840",286,2007-10-12,11.20575,12.2041,14.1328
"841",287,2007-10-13,11.79617647,12.2056,14.143
"842",288,2007-10-14,11.4525,12.2082,14.1536
"843",289,2007-10-15,11.55494444,12.2111,14.1635
"844",290,2007-10-16,11.44121053,12.2125,14.1722
"845",291,2007-10-17,11.92741176,12.213,14.1805
"846",292,2007-10-18,11.72892857,12.2133,14.183
"847",293,2007-10-19,12.207,12.2149,14.1829
"848",294,2007-10-20,12.146375,12.2177,14.1802
"849",295,2007-10-21,11.8250625,12.2223,14.1802
"850",296,2007-10-22,11.66195238,12.228,14.1807
"851",297,2007-10-23,11.82743478,12.2354,14.1874
"852",298,2007-10-24,11.47759259,12.2432,14.1954
"853",299,2007-10-25,11.03086207,12.2503,14.1981
"854",300,2007-10-26,10.45862963,12.2554,14.196
"855",301,2007-10-27,10.62133333,12.2592,14.1918
"856",302,2007-10-28,10.8785,12.2614,14.1826
"857",303,2007-10-29,11.16146667,12.2614,14.1721
"858",304,2007-10-30,10.7205,12.2582,14.1625
"859",305,2007-10-31,10.96511111,12.2519,14.154
"860",306,2007-11-01,10.71696,12.2434,14.1476
"861",307,2007-11-02,10.7825,12.2341,14.1418
"862",308,2007-11-03,10.54546154,12.2229,14.1281
"863",309,2007-11-04,10.88792857,12.2092,14.1041
"864",310,2007-11-05,11.01342857,12.1937,14.0759
"865",311,2007-11-06,10.9244,12.1778,14.049
"866",312,2007-11-07,11.1389375,12.1616,14.0221
"867",313,2007-11-08,11.16752941,12.1461,13.9979
"868",314,2007-11-09,11.34427778,12.1321,13.978
"869",315,2007-11-10,11.50247368,12.1197,13.9587
"870",316,2007-11-11,11.52315,12.1084,13.9416
"871",317,2007-11-12,11.22233333,12.097,13.9311
"872",318,2007-11-13,11.19438095,12.0836,13.9188
"873",319,2007-11-14,11.2654,12.0692,13.905
"874",320,2007-11-15,11.17329412,12.0548,13.8911
"875",321,2007-11-16,11.236,12.0413,13.8773
"876",322,2007-11-17,10.944,12.0278,13.8609
"877",323,2007-11-18,11.236,12.014,13.8435
"878",324,2007-11-19,11.236,11.9987,13.8288
"879",325,2007-11-20,10.583625,11.9825,13.8169
"880",326,2007-11-21,10.40055556,11.9654,13.8033
"881",327,2007-11-22,10.40386957,11.9481,13.7893
"882",328,2007-11-23,10.357,11.9307,13.7695
"883",329,2007-11-24,10.50889655,11.9139,13.7483
"884",330,2007-11-25,10.51190323,11.8977,13.7307
"885",331,2007-11-26,10.48169697,11.8824,13.714
"886",332,2007-11-27,10.63041176,11.8678,13.6982
"887",333,2007-11-28,10.46415625,11.8548,13.688
"888",334,2007-11-29,10.53160714,11.8434,13.6778
"889",335,2007-11-30,10.12828571,11.8336,13.6631
"890",336,2007-12-01,9.782,11.8249,13.6462
"891",337,2007-12-02,9.866,11.8169,13.6236
"892",338,2007-12-03,10.216125,11.8088,13.593
"893",339,2007-12-04,10.37429412,11.8008,13.5554
"894",340,2007-12-05,10.455,11.7935,13.5177
"895",341,2007-12-06,10.357,11.7866,13.4788
"896",342,2007-12-07,10.371,11.7795,13.4388
"897",343,2007-12-08,9.978571429,11.7719,13.3972
"898",344,2007-12-09,9.722954545,11.7631,13.3546
"899",345,2007-12-10,9.772227273,11.7528,13.3116
"900",346,2007-12-11,9.610863636,11.7411,13.2694
"901",347,2007-12-12,9.584,11.728,13.2284
"902",348,2007-12-13,9.66925,11.7141,13.1897
"903",349,2007-12-14,9.786333333,11.7004,13.1527
"904",350,2007-12-15,9.871705882,11.687,13.1179
"905",351,2007-12-16,9.817,11.6738,13.0843
"906",352,2007-12-17,9.9846,11.6605,13.0525
"907",353,2007-12-18,10.51488889,11.6477,13.0221
"908",354,2007-12-19,10.1659,11.636,12.9946
"909",355,2007-12-20,10.357,11.6253,12.9673
"910",356,2007-12-21,10.06708333,11.6154,12.9396
"911",357,2007-12-22,9.997363636,11.6067,12.912
"912",358,2007-12-23,10.17996774,11.5988,12.8854
"913",359,2007-12-24,10.11496875,11.5915,12.8612
"914",360,2007-12-25,9.9061875,11.5846,12.8377
"915",361,2007-12-26,9.77369697,11.5778,12.8142
"916",362,2007-12-27,9.586966667,11.5708,12.7913
"917",363,2007-12-28,9.603666667,11.564,12.7697
"918",364,2007-12-29,9.472,11.5572,12.7497
"919",365,2007-12-30,9.852071429,11.5502,12.7329
"920",366,2007-12-31,9.577125,11.543,12.7202
"921",1,2008-01-01,9.461,11.5356,12.7079
"922",2,2008-01-02,9.472,11.5284,12.7005
"923",3,2008-01-03,9.866,11.5217,12.7029
"924",4,2008-01-04,9.973909091,11.5154,12.7147
"925",5,2008-01-05,10.063,11.5096,12.7283
"926",6,2008-01-06,9.878913043,11.5043,12.7451
"927",7,2008-01-07,9.86625,11.4997,12.7631
"928",8,2008-01-08,9.969217391,11.4953,12.7826
"929",9,2008-01-09,10.161,11.4915,12.8029
"930",10,2008-01-10,10.27030769,11.4886,12.8237
"931",11,2008-01-11,10.357,11.4866,12.8447
"932",12,2008-01-12,10.49063636,11.4855,12.8675
"933",13,2008-01-13,10.53792308,11.4851,12.8903
"934",14,2008-01-14,10.553,11.4855,12.9124
"935",15,2008-01-15,10.42777778,11.4864,12.9323
"936",16,2008-01-16,10.357,11.4873,12.9509
"937",17,2008-01-17,10.25047826,11.4879,12.9678
"938",18,2008-01-18,10.41008333,11.4884,12.9845
"939",19,2008-01-19,10.33487097,11.4886,13.0006
"940",20,2008-01-20,10.36564706,11.4886,13.0202
"941",21,2008-01-21,10.38229032,11.4881,13.0406
"942",22,2008-01-22,10.36353333,11.4868,13.0601
"943",23,2008-01-23,10.25562069,11.4849,13.0808
"944",24,2008-01-24,10.259,11.4827,13.1015
"945",25,2008-01-25,10.17276,11.4793,13.1236
"946",26,2008-01-26,10.455,11.4745,13.1471
"947",27,2008-01-27,10.455,11.4686,13.1721
"948",28,2008-01-28,10.22633333,11.4615,13.1956
"949",29,2008-01-29,10.56525,11.4532,13.2161
"950",30,2008-01-30,10.455,11.4437,13.233
"951",31,2008-01-31,10.70435,11.4333,13.2505
"952",32,2008-02-01,10.623,11.4219,13.2681
"953",33,2008-02-02,10.623,11.4098,13.2838
"954",34,2008-02-03,10.567,11.3965,13.2958
"955",35,2008-02-04,10.67409524,11.3818,13.3048
"956",36,2008-02-05,10.51886957,11.3662,13.3123
"957",37,2008-02-06,10.48469565,11.3502,13.3183
"958",38,2008-02-07,10.3325,11.3337,13.3226
"959",39,2008-02-08,10.14058333,11.3167,13.3256
"960",40,2008-02-09,10.16513043,11.2994,13.3258
"961",41,2008-02-10,10.36633333,11.2821,13.3251
"962",42,2008-02-11,10.14793333,11.2648,13.3231
"963",43,2008-02-12,9.965,11.2479,13.3196
"964",44,2008-02-13,10.18433333,11.2319,13.316
"965",45,2008-02-14,9.609347826,11.2173,13.3133
"966",46,2008-02-15,9.592304348,11.2039,13.3121
"967",47,2008-02-16,9.768,11.1914,13.313
"968",48,2008-02-17,9.9479,11.18,13.3139
"969",49,2008-02-18,10.03996667,11.1693,13.3093
"970",50,2008-02-19,10.189,11.1588,13.3048
"971",51,2008-02-20,10.37584615,11.1484,13.2961
"972",52,2008-02-21,10.42641667,11.138,13.2851
"973",53,2008-02-22,10.553,11.1277,13.2736
"974",54,2008-02-23,10.42617647,11.1171,13.2569
"975",55,2008-02-24,10.39263636,11.1054,13.2291
"976",56,2008-02-25,10.504,11.0932,13.1909
"977",57,2008-02-26,10.651,11.0808,13.1492
"978",58,2008-02-27,10.522375,11.0678,13.1047
"979",59,2008-02-28,10.455,11.0542,13.0582
"980",60,2008-02-29,10.455,11.0407,13.0141
"981",61,2008-03-01,10.44347059,11.0281,12.9709
"982",62,2008-03-02,10.161,11.0161,12.9282
"983",63,2008-03-03,10.081375,11.0039,12.8831
"984",64,2008-03-04,10.06876471,10.9913,12.8386
"985",65,2008-03-05,9.805333333,10.9786,12.7955
"986",66,2008-03-06,9.83626087,10.966,12.7535
"987",67,2008-03-07,10.00313043,10.9528,12.7117
"988",68,2008-03-08,10.02504762,10.9389,12.6706
"989",69,2008-03-09,9.898571429,10.9247,12.631
"990",70,2008-03-10,9.6298,10.9099,12.5926
"991",71,2008-03-11,9.527625,10.894,12.5522
"992",72,2008-03-12,9.216647059,10.8763,12.5063
"993",73,2008-03-13,9.367842105,10.8565,12.4576
"994",74,2008-03-14,9.424857143,10.8348,12.4093
"995",75,2008-03-15,9.31415,10.811,12.3601
"996",76,2008-03-16,8.954428571,10.7842,12.3106
"997",77,2008-03-17,8.857333333,10.7552,12.2611
"998",78,2008-03-18,8.708916667,10.7238,12.2093
"999",79,2008-03-19,8.47728,10.6893,12.156
"1000",80,2008-03-20,8.657272727,10.6532,12.1081
"1001",81,2008-03-21,8.622578947,10.6165,12.0598
"1002",82,2008-03-22,8.304692308,10.5798,12.0115
"1003",83,2008-03-23,8.281909091,10.5432,11.9635
"1004",84,2008-03-24,8.173666667,10.5071,11.9161
"1005",85,2008-03-25,8.17375,10.4714,11.8731
"1006",86,2008-03-26,8.415,10.4362,11.8384
"1007",87,2008-03-27,8.647,10.4018,11.8121
"1008",88,2008-03-28,8.335846154,10.3693,11.7878
"1009",89,2008-03-29,8.4,10.339,11.765
"1010",90,2008-03-30,8.132,10.3122,11.7481
"1011",91,2008-03-31,7.782,10.2869,11.7373
"1012",92,2008-04-01,8.282,10.2619,11.7304
"1013",93,2008-04-02,8.9185,10.2367,11.7211
"1014",94,2008-04-03,9.030411765,10.2121,11.7142
"1015",95,2008-04-04,8.892809524,10.1884,11.7029
"1016",96,2008-04-05,8.788409091,10.1664,11.6813
"1017",97,2008-04-06,8.988210526,10.1461,11.6534
"1018",98,2008-04-07,8.60535,10.1266,11.6249
"1019",99,2008-04-08,8.211411765,10.1065,11.5952
"1020",100,2008-04-09,8.258176471,10.086,11.563
"1021",101,2008-04-10,8.244375,10.0645,11.5263
"1022",102,2008-04-11,8.111705882,10.0423,11.4943
"1023",103,2008-04-12,8.281941176,10.0201,11.4655
"1024",104,2008-04-13,8.8339375,9.9993,11.4374
"1025",105,2008-04-14,8.445411765,9.9796,11.4075
"1026",106,2008-04-15,8.4743125,9.9609,11.3783
"1027",107,2008-04-16,8.734181818,9.9429,11.3446
"1028",108,2008-04-17,8.787666667,9.9251,11.3076
"1029",109,2008-04-18,8.721333333,9.9089,11.2742
"1030",110,2008-04-19,8.120692308,9.8952,11.2422
"1031",111,2008-04-20,8.343230769,9.8821,11.2088
"1032",112,2008-04-21,7.820461538,9.8701,11.1758
"1033",113,2008-04-22,7.913538462,9.8595,11.1443
"1034",114,2008-04-23,8.236076923,9.8499,11.1168
"1035",115,2008-04-24,8.248666667,9.8402,11.0938
"1036",116,2008-04-25,8.137555556,9.831,11.0741
"1037",117,2008-04-26,8.245545455,9.8224,11.0564
"1038",118,2008-04-27,8.182,9.8148,11.0388
"1039",119,2008-04-28,NA,9.8077,11.018
"1040",120,2008-04-29,NA,9.8012,10.9921
"1041",121,2008-04-30,8.992142857,9.7941,10.9638
"1042",122,2008-05-01,8.932545455,9.7877,10.9322
"1043",123,2008-05-02,8.673333333,9.7824,10.8984
"1044",124,2008-05-03,8.627,9.7786,10.8653
"1045",125,2008-05-04,8.165894737,9.7767,10.834
"1046",126,2008-05-05,8.259777778,9.7767,10.8089
"1047",127,2008-05-06,8.852368421,9.7775,10.794
"1048",128,2008-05-07,8.507052632,9.7801,10.7893
"1049",129,2008-05-08,8.223235294,9.7846,10.7963
"1050",130,2008-05-09,8.222,9.7917,10.8097
"1051",131,2008-05-10,8.5095,9.8003,10.8255
"1052",132,2008-05-11,8.793368421,9.8114,10.8541
"1053",133,2008-05-12,8.966444444,9.8257,10.8846
"1054",134,2008-05-13,8.88625,9.8427,10.9183
"1055",135,2008-05-14,8.043769231,9.8605,10.9552
"1056",136,2008-05-15,8.899857143,9.8814,10.9977
"1057",137,2008-05-16,9.380066667,9.9059,11.0436
"1058",138,2008-05-17,10.0384375,9.9345,11.0977
"1059",139,2008-05-18,9.4968125,9.9654,11.1566
"1060",140,2008-05-19,9.779352941,9.9986,11.2164
"1061",141,2008-05-20,9.5644375,10.0341,11.2828
"1062",142,2008-05-21,8.4370625,10.0723,11.3607
"1063",143,2008-05-22,8.308533333,10.1114,11.445
"1064",144,2008-05-23,8.051230769,10.1497,11.5299
"1065",145,2008-05-24,7.8418,10.187,11.6114
"1066",146,2008-05-25,8.382,10.2246,11.6877
"1067",147,2008-05-26,NA,10.2598,11.7588
"1068",148,2008-05-27,10.063,10.2922,11.8222
"1069",149,2008-05-28,10.4354,10.3211,11.8722
"1070",150,2008-05-29,11.52085714,10.3479,11.9198
"1071",151,2008-05-30,11.02388235,10.372,11.964
"1072",152,2008-05-31,10.155,10.3934,11.9954
"1073",153,2008-06-01,9.630904762,10.4127,12.0174
"1074",154,2008-06-02,9.731590909,10.4311,12.0444
"1075",155,2008-06-03,9.546,10.4493,12.0708
"1076",156,2008-06-04,9.1125,10.4685,12.1071
"1077",157,2008-06-05,9.466923077,10.4886,12.1463
"1078",158,2008-06-06,9.139090909,10.5104,12.1889
"1079",159,2008-06-07,8.854545455,10.5332,12.2297
"1080",160,2008-06-08,9.143333333,10.5575,12.2626
"1081",161,2008-06-09,9.702,10.583,12.2941
"1082",162,2008-06-10,9.657142857,10.6103,12.333
"1083",163,2008-06-11,9.5575,10.6398,12.3719
"1084",164,2008-06-12,9.10875,10.6706,12.4117
"1085",165,2008-06-13,9.184444444,10.7024,12.4592
"1086",166,2008-06-14,10.07333333,10.7361,12.5098
"1087",167,2008-06-15,10.94333333,10.7688,12.5603
"1088",168,2008-06-16,9.956666667,10.799,12.6145
"1089",169,2008-06-17,9.925,10.8261,12.6584
"1090",170,2008-06-18,9.565555556,10.851,12.7008
"1091",171,2008-06-19,8.827777778,10.8741,12.7335
"1092",172,2008-06-20,9.06375,10.8958,12.7597
"1093",173,2008-06-21,9.287142857,10.9168,12.778
"1094",174,2008-06-22,9.22,10.9389,12.7935
"1095",175,2008-06-23,9.505,10.9625,12.8073
"1096",176,2008-06-24,10.624,10.9882,12.8209
"1097",177,2008-06-25,10.48857143,11.0144,12.8344
"1098",178,2008-06-26,9.36375,11.044,12.8488
"1099",179,2008-06-27,9.594,11.0787,12.8711
"1100",180,2008-06-28,10.42,11.1199,12.908
"1101",181,2008-06-29,11.44416667,11.1663,12.9585
"1102",182,2008-06-30,11.61583333,11.217,13.0222
"1103",183,2008-07-01,11.215,11.2708,13.1046
"1104",184,2008-07-02,10.13133333,11.3268,13.1926
"1105",185,2008-07-03,10.33071429,11.3831,13.2672
"1106",186,2008-07-04,10.39,11.4389,13.3403
"1107",187,2008-07-05,10.56307692,11.4934,13.397
"1108",188,2008-07-06,10.39,11.5473,13.4483
"1109",189,2008-07-07,9.705833333,11.5999,13.4998
"1110",190,2008-07-08,10.94142857,11.6515,13.5555
"1111",191,2008-07-09,12.57,11.7021,13.6202
"1112",192,2008-07-10,13.04125,11.7526,13.6854
"1113",193,2008-07-11,14.22555556,11.8032,13.749
"1114",194,2008-07-12,14.94666667,11.8528,13.7988
"1115",195,2008-07-13,14.495,11.9012,13.8461
"1116",196,2008-07-14,14.254,11.9489,13.8904
"1117",197,2008-07-15,13.61727273,11.9957,13.9333
"1118",198,2008-07-16,13.106,12.0428,13.9757
"1119",199,2008-07-17,11.739,12.0906,14.011
"1120",200,2008-07-18,11.1625,12.1395,14.0528
"1121",201,2008-07-19,10.88,12.1887,14.0934
"1122",202,2008-07-20,10.29,12.2354,14.1355
"1123",203,2008-07-21,10.72666667,12.2777,14.1692
"1124",204,2008-07-22,10.92555556,12.3152,14.197
"1125",205,2008-07-23,11.86,12.3484,14.2168
"1126",206,2008-07-24,11.41333333,12.3792,14.2298
"1127",207,2008-07-25,11.618,12.4075,14.2391
"1128",208,2008-07-26,11.65636364,12.4347,14.2485
"1129",209,2008-07-27,11.245,12.4601,14.2573
"1130",210,2008-07-28,10.95916667,12.4822,14.2641
"1131",211,2008-07-29,11.74583333,12.5002,14.2699
"1132",212,2008-07-30,10.98533333,12.5139,14.2678
"1133",213,2008-07-31,10.376,12.5262,14.2664
"1134",214,2008-08-01,10.72538462,12.5393,14.2619
"1135",215,2008-08-02,11.01461538,12.5533,14.26
"1136",216,2008-08-03,10.8525,12.5686,14.2669
"1137",217,2008-08-04,10.235,12.585,14.2813
"1138",218,2008-08-05,10.54272727,12.6017,14.3024
"1139",219,2008-08-06,11.51625,12.6188,14.3296
"1140",220,2008-08-07,11.16333333,12.6366,14.3559
"1141",221,2008-08-08,11.62888889,12.654,14.3783
"1142",222,2008-08-09,12.669,12.6701,14.3889
"1143",223,2008-08-10,11.352,12.6838,14.3974
"1144",224,2008-08-11,11.507,12.6927,14.3992
"1145",225,2008-08-12,11.26545455,12.6965,14.4037
"1146",226,2008-08-13,11.542,12.6974,14.4079
"1147",227,2008-08-14,11.65,12.6961,14.4003
"1148",228,2008-08-15,12.54916667,12.6923,14.3826
"1149",229,2008-08-16,12.43454545,12.6851,14.3617
"1150",230,2008-08-17,13.24272727,12.6742,14.3389
"1151",231,2008-08-18,13.34909091,12.6595,14.3103
"1152",232,2008-08-19,13.57454545,12.6431,14.2781
"1153",233,2008-08-20,13.454,12.6275,14.249
"1154",234,2008-08-21,12.33111111,12.6163,14.2283
"1155",235,2008-08-22,12.05,12.6113,14.2205
"1156",236,2008-08-23,11.59272727,12.6112,14.2261
"1157",237,2008-08-24,13.27583333,12.6138,14.2436
"1158",238,2008-08-25,12.54272727,12.6191,14.2665
"1159",239,2008-08-26,11.72416667,12.6254,14.2953
"1160",240,2008-08-27,11.35769231,12.6326,14.3249
"1161",241,2008-08-28,11.60133333,12.64,14.3561
"1162",242,2008-08-29,12.52125,12.6478,14.3787
"1163",243,2008-08-30,12.91769231,12.6554,14.3961
"1164",244,2008-08-31,11.565,12.6616,14.4099
"1165",245,2008-09-01,11.294,12.6647,14.4299
"1166",246,2008-09-02,11.30545455,12.6638,14.4426
"1167",247,2008-09-03,11.92625,12.6597,14.4468
"1168",248,2008-09-04,12.19625,12.6518,14.441
"1169",249,2008-09-05,12.8175,12.6399,14.4311
"1170",250,2008-09-06,13.55555556,12.6243,14.4134
"1171",251,2008-09-07,13.00666667,12.6052,14.3932
"1172",252,2008-09-08,13.59,12.5842,14.3658
"1173",253,2008-09-09,13.77375,12.5621,14.3325
"1174",254,2008-09-10,13.6475,12.5404,14.3024
"1175",255,2008-09-11,14.17714286,12.5208,14.2666
"1176",256,2008-09-12,13.62636364,12.5033,14.2329
"1177",257,2008-09-13,13.4,12.4868,14.1992
"1178",258,2008-09-14,13.67307692,12.4709,14.1733
"1179",259,2008-09-15,13.91,12.4567,14.157
"1180",260,2008-09-16,13.40454545,12.4448,14.1438
"1181",261,2008-09-17,13.43545455,12.4351,14.1371
"1182",262,2008-09-18,13.85333333,12.4279,14.137
"1183",263,2008-09-19,13.57363636,12.4218,14.1435
"1184",264,2008-09-20,14.23,12.4158,14.1507
"1185",265,2008-09-21,14.70416667,12.4081,14.1575
"1186",266,2008-09-22,13.79,12.3956,14.153
"1187",267,2008-09-23,12.935,12.3791,14.1396
"1188",268,2008-09-24,12.60583333,12.3607,14.1219
"1189",269,2008-09-25,12.23923077,12.341,14.1055
"1190",270,2008-09-26,12.38307692,12.3207,14.0833
"1191",271,2008-09-27,12.92071429,12.2999,14.0603
"1192",272,2008-09-28,13.14692308,12.2801,14.0389
"1193",273,2008-09-29,13.275,12.2619,14.0268
"1194",274,2008-09-30,13.68555556,12.2461,14.0204
"1195",275,2008-10-01,13.63777778,12.2319,14.0126
"1196",276,2008-10-02,13.54,12.2188,13.9959
"1197",277,2008-10-03,13.81,12.2087,13.9913
"1198",278,2008-10-04,14.00375,12.2019,14.0015
"1199",279,2008-10-05,14.19555556,12.1985,14.0183
"1200",280,2008-10-06,14.35857143,12.1982,14.0364
"1201",281,2008-10-07,14.32,12.1998,14.056
"1202",282,2008-10-08,13.012,12.2021,14.0729
"1203",283,2008-10-09,11.625,12.2038,14.0904
"1204",284,2008-10-10,10.77142857,12.2046,14.1119
"1205",285,2008-10-11,10.40333333,12.2044,14.1234
"1206",286,2008-10-12,10.41090909,12.2041,14.1328
"1207",287,2008-10-13,10.41166667,12.2056,14.143
"1208",288,2008-10-14,10.52583333,12.2082,14.1536
"1209",289,2008-10-15,10.75833333,12.2111,14.1635
"1210",290,2008-10-16,10.99333333,12.2125,14.1722
"1211",291,2008-10-17,11.18,12.213,14.1805
"1212",292,2008-10-18,11.13545455,12.2133,14.183
"1213",293,2008-10-19,11.97181818,12.2149,14.1829
"1214",294,2008-10-20,11.75818182,12.2177,14.1802
"1215",295,2008-10-21,11.17916667,12.2223,14.1802
"1216",296,2008-10-22,10.93461538,12.228,14.1807
"1217",297,2008-10-23,10.98272727,12.2354,14.1874
"1218",298,2008-10-24,11.089,12.2432,14.1954
"1219",299,2008-10-25,11.27363636,12.2503,14.1981
"1220",300,2008-10-26,11.419,12.2554,14.196
"1221",301,2008-10-27,11.84888889,12.2592,14.1918
"1222",302,2008-10-28,11.85111111,12.2614,14.1826
"1223",303,2008-10-29,11.76333333,12.2614,14.1721
"1224",304,2008-10-30,11.91,12.2582,14.1625
"1225",305,2008-10-31,12.225,12.2519,14.154
"1226",306,2008-11-01,12.317,12.2434,14.1476
"1227",307,2008-11-02,13.00666667,12.2341,14.1418
"1228",308,2008-11-03,12.75375,12.2229,14.1281
"1229",309,2008-11-04,13.305,12.2092,14.1041
"1230",310,2008-11-05,NA,12.1937,14.0759
"1231",311,2008-11-06,NA,12.1778,14.049
"1232",312,2008-11-07,12.756,12.1616,14.0221
"1233",313,2008-11-08,12.72,12.1461,13.9979
"1234",314,2008-11-09,12.6,12.1321,13.978
"1235",315,2008-11-10,12.11,12.1197,13.9587
"1236",316,2008-11-11,12.13636364,12.1084,13.9416
"1237",317,2008-11-12,12.10615385,12.097,13.9311
"1238",318,2008-11-13,11.82769231,12.0836,13.9188
"1239",319,2008-11-14,11.46714286,12.0692,13.905
"1240",320,2008-11-15,11.553125,12.0548,13.8911
"1241",321,2008-11-16,11.751875,12.0413,13.8773
"1242",322,2008-11-17,12.026,12.0278,13.8609
"1243",323,2008-11-18,11.73214286,12.014,13.8435
"1244",324,2008-11-19,11.7525,11.9987,13.8288
"1245",325,2008-11-20,11.92428571,11.9825,13.8169
"1246",326,2008-11-21,11.9275,11.9654,13.8033
"1247",327,2008-11-22,11.52,11.9481,13.7893
"1248",328,2008-11-23,11.24888889,11.9307,13.7695
"1249",329,2008-11-24,11.448,11.9139,13.7483
"1250",330,2008-11-25,12.165,11.8977,13.7307
"1251",331,2008-11-26,12.164,11.8824,13.714
"1252",332,2008-11-27,12.209,11.8678,13.6982
"1253",333,2008-11-28,12.041,11.8548,13.688
"1254",334,2008-11-29,12.041,11.8434,13.6778
"1255",335,2008-11-30,12.302,11.8336,13.6631
"1256",336,2008-12-01,12.50555556,11.8249,13.6462
"1257",337,2008-12-02,12.765,11.8169,13.6236
"1258",338,2008-12-03,12.2725,11.8088,13.593
"1259",339,2008-12-04,12.06,11.8008,13.5554
"1260",340,2008-12-05,11.815,11.7935,13.5177
"1261",341,2008-12-06,11.87285714,11.7866,13.4788
"1262",342,2008-12-07,12.08625,11.7795,13.4388
"1263",343,2008-12-08,11.896,11.7719,13.3972
"1264",344,2008-12-09,11.51818182,11.7631,13.3546
"1265",345,2008-12-10,11.50272727,11.7528,13.3116
"1266",346,2008-12-11,11.93466667,11.7411,13.2694
"1267",347,2008-12-12,11.86466667,11.728,13.2284
"1268",348,2008-12-13,11.328125,11.7141,13.1897
"1269",349,2008-12-14,10.93294118,11.7004,13.1527
"1270",350,2008-12-15,10.86875,11.687,13.1179
"1271",351,2008-12-16,10.7775,11.6738,13.0843
"1272",352,2008-12-17,10.55538462,11.6605,13.0525
"1273",353,2008-12-18,10.00142857,11.6477,13.0221
"1274",354,2008-12-19,10.89625,11.636,12.9946
"1275",355,2008-12-20,10.21333333,11.6253,12.9673
"1276",356,2008-12-21,10.776,11.6154,12.9396
"1277",357,2008-12-22,10.90363636,11.6067,12.912
"1278",358,2008-12-23,10.71090909,11.5988,12.8854
"1279",359,2008-12-24,10.38272727,11.5915,12.8612
"1280",360,2008-12-25,10.74846154,11.5846,12.8377
"1281",361,2008-12-26,10.52416667,11.5778,12.8142
"1282",362,2008-12-27,10.54333333,11.5708,12.7913
"1283",363,2008-12-28,10.72846154,11.564,12.7697
"1284",364,2008-12-29,11.16545455,11.5572,12.7497
"1285",365,2008-12-30,11.10272727,11.5502,12.7329
"1286",366,2008-12-31,10.933,11.543,12.7202
"1287",1,2009-01-01,10.74571429,11.5356,12.7079
"1288",2,2009-01-02,10.83,11.5284,12.7005
"1289",3,2009-01-03,10.23,11.5217,12.7029
"1290",4,2009-01-04,10.06111111,11.5154,12.7147
"1291",5,2009-01-05,10.329,11.5096,12.7283
"1292",6,2009-01-06,10.33636364,11.5043,12.7451
"1293",7,2009-01-07,10.42333333,11.4997,12.7631
"1294",8,2009-01-08,10.515,11.4953,12.7826
"1295",9,2009-01-09,10.37176471,11.4915,12.8029
"1296",10,2009-01-10,10.34666667,11.4886,12.8237
"1297",11,2009-01-11,10.5475,11.4866,12.8447
"1298",12,2009-01-12,10.674375,11.4855,12.8675
"1299",13,2009-01-13,10.84285714,11.4851,12.8903
"1300",14,2009-01-14,11.00142857,11.4855,12.9124
"1301",15,2009-01-15,11.10083333,11.4864,12.9323
"1302",16,2009-01-16,10.71,11.4873,12.9509
"1303",17,2009-01-17,10.76,11.4879,12.9678
"1304",18,2009-01-18,10.758,11.4884,12.9845
"1305",19,2009-01-19,10.708,11.4886,13.0006
"1306",20,2009-01-20,10.724,11.4886,13.0202
"1307",21,2009-01-21,10.87090909,11.4881,13.0406
"1308",22,2009-01-22,10.884,11.4868,13.0601
"1309",23,2009-01-23,10.89454545,11.4849,13.0808
"1310",24,2009-01-24,10.94090909,11.4827,13.1015
"1311",25,2009-01-25,10.58818182,11.4793,13.1236
"1312",26,2009-01-26,10.41272727,11.4745,13.1471
"1313",27,2009-01-27,10.353,11.4686,13.1721
"1314",28,2009-01-28,10.491,11.4615,13.1956
"1315",29,2009-01-29,10.48,11.4532,13.2161
"1316",30,2009-01-30,10.21666667,11.4437,13.233
"1317",31,2009-01-31,9.842857143,11.4333,13.2505
"1318",32,2009-02-01,9.863333333,11.4219,13.2681
"1319",33,2009-02-02,9.962,11.4098,13.2838
"1320",34,2009-02-03,10.07818182,11.3965,13.2958
"1321",35,2009-02-04,10.44916667,11.3818,13.3048
"1322",36,2009-02-05,10.5925,11.3662,13.3123
"1323",37,2009-02-06,10.83,11.3502,13.3183
"1324",38,2009-02-07,10.708,11.3337,13.3226
"1325",39,2009-02-08,10.68,11.3167,13.3256
"1326",40,2009-02-09,10.16642857,11.2994,13.3258
"1327",41,2009-02-10,9.940714286,11.2821,13.3251
"1328",42,2009-02-11,10.00714286,11.2648,13.3231
"1329",43,2009-02-12,10.06363636,11.2479,13.3196
"1330",44,2009-02-13,10.04857143,11.2319,13.316
"1331",45,2009-02-14,9.96875,11.2173,13.3133
"1332",46,2009-02-15,10.05333333,11.2039,13.3121
"1333",47,2009-02-16,10.66,11.1914,13.313
"1334",48,2009-02-17,10.84,11.18,13.3139
"1335",49,2009-02-18,11.20111111,11.1693,13.3093
"1336",50,2009-02-19,11.17,11.1588,13.3048
"1337",51,2009-02-20,11.6,11.1484,13.2961
"1338",52,2009-02-21,11.56125,11.138,13.2851
"1339",53,2009-02-22,11.88,11.1277,13.2736
"1340",54,2009-02-23,11.932,11.1171,13.2569
"1341",55,2009-02-24,12.025,11.1054,13.2291
"1342",56,2009-02-25,12.363,11.0932,13.1909
"1343",57,2009-02-26,12.215,11.0808,13.1492
"1344",58,2009-02-27,11.8175,11.0678,13.1047
"1345",59,2009-02-28,11.82142857,11.0542,13.0582
"1346",61,2009-03-01,11.915,11.0281,12.9709
"1347",62,2009-03-02,12.15375,11.0161,12.9282
"1348",63,2009-03-03,12.111,11.0039,12.8831
"1349",64,2009-03-04,12.057,10.9913,12.8386
"1350",65,2009-03-05,12.27636364,10.9786,12.7955
"1351",66,2009-03-06,12.21,10.966,12.7535
"1352",67,2009-03-07,11.97571429,10.9528,12.7117
"1353",68,2009-03-08,11.87923077,10.9389,12.6706
"1354",69,2009-03-09,11.4,10.9247,12.631
"1355",70,2009-03-10,11.25083333,10.9099,12.5926
"1356",71,2009-03-11,11.29,10.894,12.5522
"1357",72,2009-03-12,11.30454545,10.8763,12.5063
"1358",73,2009-03-13,11.22,10.8565,12.4576
"1359",74,2009-03-14,10.79571429,10.8348,12.4093
"1360",75,2009-03-15,10.52571429,10.811,12.3601
"1361",76,2009-03-16,10.83,10.7842,12.3106
"1362",77,2009-03-17,10.875,10.7552,12.2611
"1363",78,2009-03-18,10.83,10.7238,12.2093
"1364",79,2009-03-19,10.7,10.6893,12.156
"1365",80,2009-03-20,10.41,10.6532,12.1081
"1366",81,2009-03-21,9.908,10.6165,12.0598
"1367",82,2009-03-22,9.89,10.5798,12.0115
"1368",83,2009-03-23,9.372,10.5432,11.9635
"1369",84,2009-03-24,9.50125,10.5071,11.9161
"1370",85,2009-03-25,9.468,10.4714,11.8731
"1371",86,2009-03-26,9.26625,10.4362,11.8384
"1372",87,2009-03-27,9.103333333,10.4018,11.8121
"1373",88,2009-03-28,8.997142857,10.3693,11.7878
"1374",89,2009-03-29,8.48,10.339,11.765
"1375",90,2009-03-30,8.226666667,10.3122,11.7481
"1376",91,2009-03-31,8.2325,10.2869,11.7373
"1377",92,2009-04-01,8.523333333,10.2619,11.7304
"1378",93,2009-04-02,8.15,10.2367,11.7211
"1379",94,2009-04-03,7.955,10.2121,11.7142
"1380",95,2009-04-04,8.163,10.1884,11.7029
"1381",96,2009-04-05,8.227272727,10.1664,11.6813
"1382",97,2009-04-06,8.455454545,10.1461,11.6534
"1383",98,2009-04-07,9.154166667,10.1266,11.6249
"1384",99,2009-04-08,10.023,10.1065,11.5952
"1385",100,2009-04-09,10.02,10.086,11.563
"1386",101,2009-04-10,9.431666667,10.0645,11.5263
"1387",102,2009-04-11,8.915714286,10.0423,11.4943
"1388",103,2009-04-12,8.68,10.0201,11.4655
"1389",104,2009-04-13,8.506666667,9.9993,11.4374
"1390",105,2009-04-14,8.286,9.9796,11.4075
"1391",106,2009-04-15,8.27,9.9609,11.3783
"1392",107,2009-04-16,8.01,9.9429,11.3446
"1393",108,2009-04-17,NA,9.9251,11.3076
"1394",109,2009-04-18,NA,9.9089,11.2742
"1395",110,2009-04-19,NA,9.8952,11.2422
"1396",111,2009-04-20,10.62666667,9.8821,11.2088
"1397",112,2009-04-21,10.696,9.8701,11.1758
"1398",113,2009-04-22,9.976666667,9.8595,11.1443
"1399",114,2009-04-23,9.57875,9.8499,11.1168
"1400",115,2009-04-24,9.0025,9.8402,11.0938
"1401",116,2009-04-25,9.04375,9.831,11.0741
"1402",117,2009-04-26,8.835555556,9.8224,11.0564
"1403",118,2009-04-27,8.69375,9.8148,11.0388
"1404",119,2009-04-28,8.5875,9.8077,11.018
"1405",120,2009-04-29,8.512857143,9.8012,10.9921
"1406",121,2009-04-30,8.65,9.7941,10.9638
"1407",122,2009-05-01,8.845,9.7877,10.9322
"1408",123,2009-05-02,9.17125,9.7824,10.8984
"1409",124,2009-05-03,9.528,9.7786,10.8653
"1410",125,2009-05-04,10.15,9.7767,10.834
"1411",126,2009-05-05,10.32125,9.7767,10.8089
"1412",127,2009-05-06,10.64875,9.7775,10.794
"1413",128,2009-05-07,10.51,9.7801,10.7893
"1414",129,2009-05-08,9.66375,9.7846,10.7963
"1415",130,2009-05-09,9.131428571,9.7917,10.8097
"1416",131,2009-05-10,9.202857143,9.8003,10.8255
"1417",132,2009-05-11,9.262857143,9.8114,10.8541
"1418",133,2009-05-12,8.78,9.8257,10.8846
"1419",134,2009-05-13,8.556,9.8427,10.9183
"1420",135,2009-05-14,8.54,9.8605,10.9552
"1421",136,2009-05-15,NA,9.8814,10.9977
"1422",137,2009-05-16,NA,9.9059,11.0436
"1423",138,2009-05-17,NA,9.9345,11.0977
"1424",139,2009-05-18,10.595,9.9654,11.1566
"1425",140,2009-05-19,11.69,9.9986,11.2164
"1426",141,2009-05-20,10.11142857,10.0341,11.2828
"1427",142,2009-05-21,9.911111111,10.0723,11.3607
"1428",143,2009-05-22,10.55555556,10.1114,11.445
"1429",144,2009-05-23,10.28818182,10.1497,11.5299
"1430",145,2009-05-24,10.05333333,10.187,11.6114
"1431",146,2009-05-25,10.27333333,10.2246,11.6877
"1432",147,2009-05-26,10.43545455,10.2598,11.7588
"1433",148,2009-05-27,10.50454545,10.2922,11.8222
"1434",149,2009-05-28,10.91777778,10.3211,11.8722
"1435",150,2009-05-29,11.89666667,10.3479,11.9198
"1436",151,2009-05-30,12.6,10.372,11.964
"1437",152,2009-05-31,12.10714286,10.3934,11.9954
"1438",153,2009-06-01,11.6775,10.4127,12.0174
"1439",154,2009-06-02,11.1625,10.4311,12.0444
"1440",155,2009-06-03,11.64111111,10.4493,12.0708
"1441",156,2009-06-04,12.22333333,10.4685,12.1071
"1442",157,2009-06-05,12.36777778,10.4886,12.1463
"1443",158,2009-06-06,13.156,10.5104,12.1889
"1444",159,2009-06-07,13.03222222,10.5332,12.2297
"1445",160,2009-06-08,11.97555556,10.5575,12.2626
"1446",161,2009-06-09,11.15125,10.583,12.2941
"1447",162,2009-06-10,10.75571429,10.6103,12.333
"1448",163,2009-06-11,10.812,10.6398,12.3719
"1449",164,2009-06-12,10.9175,10.6706,12.4117
"1450",165,2009-06-13,NA,10.7024,12.4592
"1451",166,2009-06-14,12.52333333,10.7361,12.5098
"1452",167,2009-06-15,13.33166667,10.7688,12.5603
"1453",168,2009-06-16,12.6875,10.799,12.6145
"1454",169,2009-06-17,12.32111111,10.8261,12.6584
"1455",170,2009-06-18,12.402,10.851,12.7008
"1456",171,2009-06-19,11.65727273,10.8741,12.7335
"1457",172,2009-06-20,11.11,10.8958,12.7597
"1458",173,2009-06-21,10.56083333,10.9168,12.778
"1459",174,2009-06-22,10.405,10.9389,12.7935
"1460",175,2009-06-23,10.81857143,10.9625,12.8073
"1461",176,2009-06-24,10.77071429,10.9882,12.8209
"1462",177,2009-06-25,11.59076923,11.0144,12.8344
"1463",178,2009-06-26,11.31272727,11.044,12.8488
"1464",179,2009-06-27,12.22923077,11.0787,12.8711
"1465",180,2009-06-28,13.9825,11.1199,12.908
"1466",181,2009-06-29,12.90222222,11.1663,12.9585
"1467",182,2009-06-30,13.418,11.217,13.0222
"1468",183,2009-07-01,14.70727273,11.2708,13.1046
"1469",184,2009-07-02,15.236,11.3268,13.1926
"1470",185,2009-07-03,14.50545455,11.3831,13.2672
"1471",186,2009-07-04,15.30090909,11.4389,13.3403
"1472",187,2009-07-05,14.617,11.4934,13.397
"1473",188,2009-07-06,13.258,11.5473,13.4483
"1474",189,2009-07-07,12.3025,11.5999,13.4998
"1475",190,2009-07-08,11.72428571,11.6515,13.5555
"1476",191,2009-07-09,11.33142857,11.7021,13.6202
"1477",192,2009-07-10,11.104,11.7526,13.6854
"1478",193,2009-07-11,11.875,11.8032,13.749
"1479",194,2009-07-12,13.096,11.8528,13.7988
"1480",195,2009-07-13,12.84285714,11.9012,13.8461
"1481",196,2009-07-14,12.195,11.9489,13.8904
"1482",197,2009-07-15,11.945,11.9957,13.9333
"1483",198,2009-07-16,12.80454545,12.0428,13.9757
"1484",199,2009-07-17,13.52416667,12.0906,14.011
"1485",200,2009-07-18,13.96583333,12.1395,14.0528
"1486",201,2009-07-19,12.76416667,12.1887,14.0934
"1487",202,2009-07-20,12.39,12.2354,14.1355
"1488",203,2009-07-21,12.18266667,12.2777,14.1692
"1489",204,2009-07-22,11.56461538,12.3152,14.197
"1490",205,2009-07-23,11.08142857,12.3484,14.2168
"1491",206,2009-07-24,10.92071429,12.3792,14.2298
"1492",207,2009-07-25,10.9225,12.4075,14.2391
"1493",208,2009-07-26,11.45076923,12.4347,14.2485
"1494",209,2009-07-27,12.69,12.4601,14.2573
"1495",210,2009-07-28,12.451,12.4822,14.2641
"1496",211,2009-07-29,12.54272727,12.5002,14.2699
"1497",212,2009-07-30,12.807,12.5139,14.2678
"1498",213,2009-07-31,12.98454545,12.5262,14.2664
"1499",214,2009-08-01,12.72090909,12.5393,14.2619
"1500",215,2009-08-02,12.181,12.5533,14.26
"1501",216,2009-08-03,12.41666667,12.5686,14.2669
"1502",217,2009-08-04,12.67,12.585,14.2813
"1503",218,2009-08-05,13.01444444,12.6017,14.3024
"1504",219,2009-08-06,12.88125,12.6188,14.3296
"1505",220,2009-08-07,13.21125,12.6366,14.3559
"1506",221,2009-08-08,12.68111111,12.654,14.3783
"1507",222,2009-08-09,12.34142857,12.6701,14.3889
"1508",223,2009-08-10,12.73142857,12.6838,14.3974
"1509",224,2009-08-11,13.03333333,12.6927,14.3992
"1510",225,2009-08-12,14.17444444,12.6965,14.4037
"1511",226,2009-08-13,13.53,12.6974,14.4079
"1512",227,2009-08-14,13.09,12.6961,14.4003
"1513",228,2009-08-15,12.74166667,12.6923,14.3826
"1514",229,2009-08-16,12.59166667,12.6851,14.3617
"1515",230,2009-08-17,12.2925,12.6742,14.3389
"1516",231,2009-08-18,12.31,12.6595,14.3103
"1517",232,2009-08-19,12.82466667,12.6431,14.2781
"1518",233,2009-08-20,13.22153846,12.6275,14.249
"1519",234,2009-08-21,13.38642857,12.6163,14.2283
"1520",235,2009-08-22,13.08923077,12.6113,14.2205
"1521",236,2009-08-23,13.31083333,12.6112,14.2261
"1522",237,2009-08-24,12.78181818,12.6138,14.2436
"1523",238,2009-08-25,12.82444444,12.6191,14.2665
"1524",239,2009-08-26,13.405,12.6254,14.2953
"1525",240,2009-08-27,14.733,12.6326,14.3249
"1526",241,2009-08-28,13.124,12.64,14.3561
"1527",242,2009-08-29,13.002,12.6478,14.3787
"1528",243,2009-08-30,12.74,12.6554,14.3961
"1529",244,2009-08-31,11.63111111,12.6616,14.4099
"1530",245,2009-09-01,12.068,12.6647,14.4299
"1531",246,2009-09-02,12.54,12.6638,14.4426
"1532",247,2009-09-03,12.57888889,12.6597,14.4468
"1533",248,2009-09-04,12.206,12.6518,14.441
"1534",249,2009-09-05,11.46666667,12.6399,14.4311
"1535",250,2009-09-06,11.94777778,12.6243,14.4134
"1536",251,2009-09-07,11.86,12.6052,14.3932
"1537",252,2009-09-08,12.36777778,12.5842,14.3658
"1538",253,2009-09-09,12.38777778,12.5621,14.3325
"1539",254,2009-09-10,13.371,12.5404,14.3024
"1540",255,2009-09-11,12.80545455,12.5208,14.2666
"1541",256,2009-09-12,11.99272727,12.5033,14.2329
"1542",257,2009-09-13,11.99363636,12.4868,14.1992
"1543",258,2009-09-14,13.12083333,12.4709,14.1733
"1544",259,2009-09-15,13.185,12.4567,14.157
"1545",260,2009-09-16,12.79466667,12.4448,14.1438
"1546",261,2009-09-17,12.29153846,12.4351,14.1371
"1547",262,2009-09-18,12.07642857,12.4279,14.137
"1548",263,2009-09-19,12.07230769,12.4218,14.1435
"1549",264,2009-09-20,12.09727273,12.4158,14.1507
"1550",265,2009-09-21,12.73333333,12.4081,14.1575
"1551",266,2009-09-22,13.44222222,12.3956,14.153
"1552",267,2009-09-23,13.16666667,12.3791,14.1396
"1553",268,2009-09-24,12.53111111,12.3607,14.1219
"1554",269,2009-09-25,12.98875,12.341,14.1055
"1555",270,2009-09-26,13.57571429,12.3207,14.0833
"1556",271,2009-09-27,13.18833333,12.2999,14.0603
"1557",272,2009-09-28,13.43166667,12.2801,14.0389
"1558",273,2009-09-29,12.25571429,12.2619,14.0268
"1559",274,2009-09-30,11.48777778,12.2461,14.0204
"1560",275,2009-10-01,11.32555556,12.2319,14.0126
"1561",276,2009-10-02,11.45888889,12.2188,13.9959
"1562",277,2009-10-03,11.242,12.2087,13.9913
"1563",278,2009-10-04,10.984,12.2019,14.0015
"1564",279,2009-10-05,10.97,12.1985,14.0183
"1565",280,2009-10-06,11.11666667,12.1982,14.0364
"1566",281,2009-10-07,11.387,12.1998,14.056
"1567",282,2009-10-08,11.601,12.2021,14.0729
"1568",283,2009-10-09,12.19272727,12.2038,14.0904
"1569",284,2009-10-10,12.127,12.2046,14.1119
"1570",285,2009-10-11,12.12888889,12.2044,14.1234
"1571",286,2009-10-12,11.97,12.2041,14.1328
"1572",287,2009-10-13,12.60923077,12.2056,14.143
"1573",288,2009-10-14,12.82615385,12.2082,14.1536
"1574",289,2009-10-15,13.17384615,12.2111,14.1635
"1575",290,2009-10-16,13.43,12.2125,14.1722
"1576",291,2009-10-17,12.96428571,12.213,14.1805
"1577",292,2009-10-18,13.06363636,12.2133,14.183
"1578",293,2009-10-19,12.951,12.2149,14.1829
"1579",294,2009-10-20,13.10583333,12.2177,14.1802
"1580",295,2009-10-21,13.31,12.2223,14.1802
"1581",296,2009-10-22,13.26,12.228,14.1807
"1582",297,2009-10-23,13.43111111,12.2354,14.1874
"1583",298,2009-10-24,13.57142857,12.2432,14.1954
"1584",299,2009-10-25,13.365,12.2503,14.1981
"1585",300,2009-10-26,NA,12.2554,14.196
"1586",301,2009-10-27,11.86,12.2592,14.1918
"1587",302,2009-10-28,11.34,12.2614,14.1826
"1588",303,2009-10-29,11.07333333,12.2614,14.1721
"1589",304,2009-10-30,11.11,12.2582,14.1625
"1590",305,2009-10-31,11.3875,12.2519,14.154
"1591",306,2009-11-01,11.53666667,12.2434,14.1476
"1592",307,2009-11-02,11.595,12.2341,14.1418
"1593",308,2009-11-03,11.774,12.2229,14.1281
"1594",309,2009-11-04,12.20846154,12.2092,14.1041
"1595",310,2009-11-05,12.54166667,12.1937,14.0759
"1596",311,2009-11-06,12.78615385,12.1778,14.049
"1597",312,2009-11-07,12.80636364,12.1616,14.0221
"1598",313,2009-11-08,12.68666667,12.1461,13.9979
"1599",314,2009-11-09,12.353,12.1321,13.978
"1600",315,2009-11-10,12.51333333,12.1197,13.9587
"1601",316,2009-11-11,12.36714286,12.1084,13.9416
"1602",317,2009-11-12,12.06,12.097,13.9311
"1603",318,2009-11-13,11.55555556,12.0836,13.9188
"1604",319,2009-11-14,11.57181818,12.0692,13.905
"1605",320,2009-11-15,11.39333333,12.0548,13.8911
"1606",321,2009-11-16,11.40833333,12.0413,13.8773
"1607",322,2009-11-17,11.52,12.0278,13.8609
"1608",323,2009-11-18,11.64428571,12.014,13.8435
"1609",324,2009-11-19,11.70153846,11.9987,13.8288
"1610",325,2009-11-20,11.756,11.9825,13.8169
"1611",326,2009-11-21,11.7725,11.9654,13.8033
"1612",327,2009-11-22,12.156,11.9481,13.7893
"1613",328,2009-11-23,NA,11.9307,13.7695
"1614",329,2009-11-24,11.52,11.9139,13.7483
"1615",330,2009-11-25,11.69,11.8977,13.7307
"1616",331,2009-11-26,11.91142857,11.8824,13.714
"1617",332,2009-11-27,11.9275,11.8678,13.6982
"1618",333,2009-11-28,11.49,11.8548,13.688
"1619",334,2009-11-29,11.172,11.8434,13.6778
"1620",335,2009-11-30,11.26727273,11.8336,13.6631
"1621",336,2009-12-01,11.09785714,11.8249,13.6462
"1622",337,2009-12-02,11.35461538,11.8169,13.6236
"1623",338,2009-12-03,11.39625,11.8088,13.593
"1624",339,2009-12-04,11.53764706,11.8008,13.5554
"1625",340,2009-12-05,11.58,11.7935,13.5177
"1626",341,2009-12-06,11.43666667,11.7866,13.4788
"1627",342,2009-12-07,11.39615385,11.7795,13.4388
"1628",343,2009-12-08,11.17125,11.7719,13.3972
"1629",344,2009-12-09,11.10777778,11.7631,13.3546
"1630",345,2009-12-10,11.01,11.7528,13.3116
"1631",346,2009-12-11,11.17,11.7411,13.2694
"1632",347,2009-12-12,11.58545455,11.728,13.2284
"1633",348,2009-12-13,11.6,11.7141,13.1897
"1634",349,2009-12-14,11.62642857,11.7004,13.1527
"1635",350,2009-12-15,11.68214286,11.687,13.1179
"1636",351,2009-12-16,11.98285714,11.6738,13.0843
"1637",352,2009-12-17,12.10714286,11.6605,13.0525
"1638",353,2009-12-18,12.00076923,11.6477,13.0221
"1639",354,2009-12-19,12.23583333,11.636,12.9946
"1640",355,2009-12-20,12.36,11.6253,12.9673
"1641",356,2009-12-21,12.71,11.6154,12.9396
"1642",357,2009-12-22,12.38,11.6067,12.912
"1643",358,2009-12-23,11.935,11.5988,12.8854
"1644",359,2009-12-24,12.03,11.5915,12.8612
"1645",360,2009-12-25,12.17625,11.5846,12.8377
"1646",361,2009-12-26,12.19,11.5778,12.8142
"1647",362,2009-12-27,12.26181818,11.5708,12.7913
"1648",363,2009-12-28,12.365,11.564,12.7697
"1649",364,2009-12-29,12.045,11.5572,12.7497
"1650",365,2009-12-30,12.21333333,11.5502,12.7329
"1651",366,2009-12-31,12.47,11.543,12.7202
"1652",1,2010-01-01,12.534,11.5356,12.7079
"1653",2,2010-01-02,12.62533333,11.5284,12.7005
"1654",3,2010-01-03,12.64,11.5217,12.7029
"1655",4,2010-01-04,12.776,11.5154,12.7147
"1656",5,2010-01-05,12.855,11.5096,12.7283
"1657",6,2010-01-06,12.89,11.5043,12.7451
"1658",7,2010-01-07,13.12,11.4997,12.7631
"1659",8,2010-01-08,13.293,11.4953,12.7826
"1660",9,2010-01-09,13.36090909,11.4915,12.8029
"1661",10,2010-01-10,13.3125,11.4886,12.8237
"1662",11,2010-01-11,13.32,11.4866,12.8447
"1663",12,2010-01-12,13.61285714,11.4855,12.8675
"1664",13,2010-01-13,13.69285714,11.4851,12.8903
"1665",14,2010-01-14,13.54692308,11.4855,12.9124
"1666",15,2010-01-15,13.53,11.4864,12.9323
"1667",16,2010-01-16,13.48333333,11.4873,12.9509
"1668",17,2010-01-17,13.34454545,11.4879,12.9678
"1669",18,2010-01-18,13.547,11.4884,12.9845
"1670",19,2010-01-19,13.62833333,11.4886,13.0006
"1671",20,2010-01-20,13.49,11.4886,13.0202
"1672",21,2010-01-21,13.41,11.4881,13.0406
"1673",22,2010-01-22,13.115,11.4868,13.0601
"1674",23,2010-01-23,13.206,11.4849,13.0808
"1675",24,2010-01-24,13.30363636,11.4827,13.1015
"1676",25,2010-01-25,13.38,11.4793,13.1236
"1677",26,2010-01-26,13.3425,11.4745,13.1471
"1678",27,2010-01-27,13.20214286,11.4686,13.1721
"1679",28,2010-01-28,13.19333333,11.4615,13.1956
"1680",29,2010-01-29,13.23,11.4532,13.2161
"1681",30,2010-01-30,13.40625,11.4437,13.233
"1682",31,2010-01-31,13.425,11.4333,13.2505
"1683",32,2010-02-01,13.47857143,11.4219,13.2681
"1684",33,2010-02-02,13.41666667,11.4098,13.2838
"1685",34,2010-02-03,13.41,11.3965,13.2958
"1686",35,2010-02-04,13.57,11.3818,13.3048
"1687",36,2010-02-05,13.538,11.3662,13.3123
"1688",37,2010-02-06,13.57,11.3502,13.3183
"1689",38,2010-02-07,13.51909091,11.3337,13.3226
"1690",39,2010-02-08,13.426,11.3167,13.3256
"1691",40,2010-02-09,13.32,11.2994,13.3258
"1692",41,2010-02-10,13.335,11.2821,13.3251
"1693",42,2010-02-11,13.39333333,11.2648,13.3231
"1694",43,2010-02-12,13.47545455,11.2479,13.3196
"1695",44,2010-02-13,13.632,11.2319,13.316
"1696",45,2010-02-14,13.752,11.2173,13.3133
"1697",46,2010-02-15,13.83,11.2039,13.3121
"1698",47,2010-02-16,13.755,11.1914,13.313
"1699",48,2010-02-17,13.392,11.18,13.3139
"1700",49,2010-02-18,13.335,11.1693,13.3093
"1701",50,2010-02-19,13.32,11.1588,13.3048
"1702",51,2010-02-20,13.52555556,11.1484,13.2961
"1703",52,2010-02-21,13.442,11.138,13.2851
"1704",53,2010-02-22,13.417,11.1277,13.2736
"1705",54,2010-02-23,13.474,11.1171,13.2569
"1706",55,2010-02-24,13.15,11.1054,13.2291
"1707",56,2010-02-25,13.45,11.0932,13.1909
"1708",57,2010-02-26,13.62866667,11.0808,13.1492
"1709",58,2010-02-27,13.72071429,11.0678,13.1047
"1710",59,2010-02-28,13.81714286,11.0542,13.0582
"1711",61,2010-03-01,13.87153846,11.0281,12.9709
"1712",62,2010-03-02,14.01692308,11.0161,12.9282
"1713",63,2010-03-03,13.98545455,11.0039,12.8831
"1714",64,2010-03-04,13.86375,10.9913,12.8386
"1715",65,2010-03-05,13.7625,10.9786,12.7955
"1716",66,2010-03-06,13.7,10.966,12.7535
"1717",67,2010-03-07,13.76,10.9528,12.7117
"1718",68,2010-03-08,13.37625,10.9389,12.6706
"1719",69,2010-03-09,12.64285714,10.9247,12.631
"1720",70,2010-03-10,12.21,10.9099,12.5926
"1721",71,2010-03-11,12.04285714,10.894,12.5522
"1722",72,2010-03-12,12.30375,10.8763,12.5063
"1723",73,2010-03-13,11.99,10.8565,12.4576
"1724",74,2010-03-14,11.92142857,10.8348,12.4093
"1725",75,2010-03-15,12.06,10.811,12.3601
"1726",76,2010-03-16,11.975,10.7842,12.3106
"1727",77,2010-03-17,11.51333333,10.7552,12.2611
"1728",78,2010-03-18,11.54166667,10.7238,12.2093
"1729",79,2010-03-19,11.745,10.6893,12.156
"1730",80,2010-03-20,12.10714286,10.6532,12.1081
"1731",81,2010-03-21,12.2825,10.6165,12.0598
"1732",82,2010-03-22,12.00555556,10.5798,12.0115
"1733",83,2010-03-23,11.16,10.5432,11.9635
"1734",84,2010-03-24,11.19,10.5071,11.9161
"1735",85,2010-03-25,11.56777778,10.4714,11.8731
"1736",86,2010-03-26,11.42818182,10.4362,11.8384
"1737",87,2010-03-27,11.55538462,10.4018,11.8121
"1738",88,2010-03-28,11.75,10.3693,11.7878
"1739",89,2010-03-29,12.33230769,10.339,11.765
"1740",90,2010-03-30,12.09166667,10.3122,11.7481
"1741",91,2010-03-31,11.739,10.2869,11.7373
"1742",92,2010-04-01,11.625,10.2619,11.7304
"1743",93,2010-04-02,11.49142857,10.2367,11.7211
"1744",94,2010-04-03,11.60166667,10.2121,11.7142
"1745",95,2010-04-04,11.645,10.1884,11.7029
"1746",96,2010-04-05,12.06857143,10.1664,11.6813
"1747",97,2010-04-06,12.0975,10.1461,11.6534
"1748",98,2010-04-07,NA,10.1266,11.6249
"1749",99,2010-04-08,NA,10.1065,11.5952
"1750",100,2010-04-09,NA,10.086,11.563
"1751",101,2010-04-10,11,10.0645,11.5263
"1752",102,2010-04-11,11.17,10.0423,11.4943
"1753",103,2010-04-12,11.52,10.0201,11.4655
"1754",104,2010-04-13,11.84857143,9.9993,11.4374
"1755",105,2010-04-14,12.42333333,9.9796,11.4075
"1756",106,2010-04-15,12.89285714,9.9609,11.3783
"1757",107,2010-04-16,13.14857143,9.9429,11.3446
"1758",108,2010-04-17,12.74125,9.9251,11.3076
"1759",109,2010-04-18,12.73285714,9.9089,11.2742
"1760",110,2010-04-19,12.53571429,9.8952,11.2422
"1761",111,2010-04-20,12.83,9.8821,11.2088
"1762",112,2010-04-21,11.94714286,9.8701,11.1758
"1763",113,2010-04-22,10.91428571,9.8595,11.1443
"1764",114,2010-04-23,11.19857143,9.8499,11.1168
"1765",115,2010-04-24,11.11666667,9.8402,11.0938
"1766",116,2010-04-25,10.74428571,9.831,11.0741
"1767",117,2010-04-26,10.50272727,9.8224,11.0564
"1768",118,2010-04-27,10.95636364,9.8148,11.0388
"1769",119,2010-04-28,11.07777778,9.8077,11.018
"1770",120,2010-04-29,10.8525,9.8012,10.9921
"1771",121,2010-04-30,10.64625,9.7941,10.9638
"1772",122,2010-05-01,10.35714286,9.7877,10.9322
"1773",123,2010-05-02,10.04833333,9.7824,10.8984
"1774",124,2010-05-03,9.806666667,9.7786,10.8653
"1775",125,2010-05-04,9.4,9.7767,10.834
"1776",126,2010-05-05,NA,9.7767,10.8089
"1777",127,2010-05-06,NA,9.7775,10.794
"1778",128,2010-05-07,NA,9.7801,10.7893
"1779",129,2010-05-08,10.595,9.7846,10.7963
"1780",130,2010-05-09,10.33333333,9.7917,10.8097
"1781",131,2010-05-10,9.544285714,9.8003,10.8255
"1782",132,2010-05-11,9.9775,9.8114,10.8541
"1783",133,2010-05-12,10.11,9.8257,10.8846
"1784",134,2010-05-13,10.08111111,9.8427,10.9183
"1785",135,2010-05-14,10.18,9.8605,10.9552
"1786",136,2010-05-15,9.788888889,9.8814,10.9977
"1787",137,2010-05-16,9.80625,9.9059,11.0436
"1788",138,2010-05-17,9.9875,9.9345,11.0977
"1789",139,2010-05-18,10.23,9.9654,11.1566
"1790",140,2010-05-19,10.689,9.9986,11.2164
"1791",141,2010-05-20,11.62625,10.0341,11.2828
"1792",142,2010-05-21,10.875,10.0723,11.3607
"1793",143,2010-05-22,10.86857143,10.1114,11.445
"1794",144,2010-05-23,10.57444444,10.1497,11.5299
"1795",145,2010-05-24,10.525,10.187,11.6114
"1796",146,2010-05-25,12.102,10.2246,11.6877
"1797",147,2010-05-26,13.395,10.2598,11.7588
"1798",148,2010-05-27,13.42777778,10.2922,11.8222
"1799",149,2010-05-28,12.12,10.3211,11.8722
"1800",150,2010-05-29,10.81875,10.3479,11.9198
"1801",151,2010-05-30,10.58857143,10.372,11.964
"1802",152,2010-05-31,10.27666667,10.3934,11.9954
"1803",153,2010-06-01,10.15,10.4127,12.0174
"1804",154,2010-06-02,NA,10.4311,12.0444
"1805",155,2010-06-03,NA,10.4493,12.0708
"1806",156,2010-06-04,13.71666667,10.4685,12.1071
"1807",157,2010-06-05,14.642,10.4886,12.1463
"1808",158,2010-06-06,15.16857143,10.5104,12.1889
"1809",159,2010-06-07,11.86,10.5332,12.2297
"1810",160,2010-06-08,11.28777778,10.5575,12.2626
"1811",161,2010-06-09,11.276,10.583,12.2941
"1812",162,2010-06-10,10.668,10.6103,12.333
"1813",163,2010-06-11,9.226952381,10.6398,12.3719
"1814",164,2010-06-12,9.329157895,10.6706,12.4117
"1815",165,2010-06-13,9.172526316,10.7024,12.4592
"1816",166,2010-06-14,9.576956522,10.7361,12.5098
"1817",167,2010-06-15,9.401045455,10.7688,12.5603
"1818",168,2010-06-16,9.615,10.799,12.6145
"1819",169,2010-06-17,9.639666667,10.8261,12.6584
"1820",170,2010-06-18,10.59746667,10.851,12.7008
"1821",171,2010-06-19,10.63464706,10.8741,12.7335
"1822",172,2010-06-20,10.00815,10.8958,12.7597
"1823",173,2010-06-21,9.7167,10.9168,12.778
"1824",174,2010-06-22,10.30395455,10.9389,12.7935
"1825",175,2010-06-23,10.27618182,10.9625,12.8073
"1826",176,2010-06-24,9.916333333,10.9882,12.8209
"1827",177,2010-06-25,9.620590909,11.0144,12.8344
"1828",178,2010-06-26,9.9215,11.044,12.8488
"1829",179,2010-06-27,9.869684211,11.0787,12.8711
"1830",180,2010-06-28,9.690142857,11.1199,12.908
"1831",181,2010-06-29,9.439454545,11.1663,12.9585
"1832",182,2010-06-30,9.674625,11.217,13.0222
"1833",183,2010-07-01,11.545,11.2708,13.1046
"1834",184,2010-07-02,11.62933333,11.3268,13.1926
"1835",185,2010-07-03,10.75025,11.3831,13.2672
"1836",186,2010-07-04,9.909666667,11.4389,13.3403
"1837",187,2010-07-05,9.957777778,11.4934,13.397
"1838",188,2010-07-06,10.58105,11.5473,13.4483
"1839",189,2010-07-07,11.27481818,11.5999,13.4998
"1840",190,2010-07-08,11.76613636,11.6515,13.5555
"1841",191,2010-07-09,11.53608696,11.7021,13.6202
"1842",192,2010-07-10,12.14456522,11.7526,13.6854
"1843",193,2010-07-11,12.59736,11.8032,13.749
"1844",194,2010-07-12,13.19011538,11.8528,13.7988
"1845",195,2010-07-13,13.58096296,11.9012,13.8461
"1846",196,2010-07-14,13.962,11.9489,13.8904
"1847",197,2010-07-15,14.21156,11.9957,13.9333
"1848",198,2010-07-16,12.59669231,12.0428,13.9757
"1849",199,2010-07-17,12.91422222,12.0906,14.011
"1850",200,2010-07-18,13.1445,12.1395,14.0528
"1851",201,2010-07-19,11.36685714,12.1887,14.0934
"1852",202,2010-07-20,10.34795455,12.2354,14.1355
"1853",203,2010-07-21,11.34618182,12.2777,14.1692
"1854",204,2010-07-22,11.10319048,12.3152,14.197
"1855",205,2010-07-23,12.16088,12.3484,14.2168
"1856",206,2010-07-24,12.58084615,12.3792,14.2298
"1857",207,2010-07-25,12.88241667,12.4075,14.2391
"1858",208,2010-07-26,13.17042857,12.4347,14.2485
"1859",209,2010-07-27,13.84188889,12.4601,14.2573
"1860",210,2010-07-28,14.0612,12.4822,14.2641
"1861",211,2010-07-29,13.99461538,12.5002,14.2699
"1862",212,2010-07-30,13.21763636,12.5139,14.2678
"1863",213,2010-07-31,12.74907692,12.5262,14.2664
"1864",214,2010-08-01,12.0206,12.5393,14.2619
"1865",215,2010-08-02,13.02938889,12.5533,14.26
"1866",216,2010-08-03,13.29045,12.5686,14.2669
"1867",217,2010-08-04,12.53331818,12.585,14.2813
"1868",218,2010-08-05,11.09322727,12.6017,14.3024
"1869",219,2010-08-06,11.3033913,12.6188,14.3296
"1870",220,2010-08-07,12.35877273,12.6366,14.3559
"1871",221,2010-08-08,12.53317857,12.654,14.3783
"1872",222,2010-08-09,13.10703571,12.6701,14.3889
"1873",223,2010-08-10,12.7325,12.6838,14.3974
"1874",224,2010-08-11,13.06759259,12.6927,14.3992
"1875",225,2010-08-12,12.61869231,12.6965,14.4037
"1876",226,2010-08-13,12.9945,12.6974,14.4079
"1877",227,2010-08-14,13.7262,12.6961,14.4003
"1878",228,2010-08-15,13.96,12.6923,14.3826
"1879",229,2010-08-16,12.47361905,12.6851,14.3617
"1880",230,2010-08-17,11.89190909,12.6742,14.3389
"1881",231,2010-08-18,12.20790909,12.6595,14.3103
"1882",232,2010-08-19,11.4647,12.6431,14.2781
"1883",233,2010-08-20,10.72736,12.6275,14.249
"1884",234,2010-08-21,11.04392308,12.6163,14.2283
"1885",235,2010-08-22,10.31091667,12.6113,14.2205
"1886",236,2010-08-23,10.44908696,12.6112,14.2261
"1887",237,2010-08-24,10.42038095,12.6138,14.2436
"1888",238,2010-08-25,10.96938889,12.6191,14.2665
"1889",239,2010-08-26,11.3973125,12.6254,14.2953
"1890",240,2010-08-27,11.72542857,12.6326,14.3249
"1891",241,2010-08-28,11.26907143,12.64,14.3561
"1892",242,2010-08-29,10.6826875,12.6478,14.3787
"1893",243,2010-08-30,11.25505556,12.6554,14.3961
"1894",244,2010-08-31,10.8104,12.6616,14.4099
"1895",245,2010-09-01,11.07661905,12.6647,14.4299
"1896",246,2010-09-02,11.63147619,12.6638,14.4426
"1897",247,2010-09-03,12.264,12.6597,14.4468
"1898",248,2010-09-04,12.225,12.6518,14.441
"1899",249,2010-09-05,10.93107692,12.6399,14.4311
"1900",250,2010-09-06,10.63453571,12.6243,14.4134
"1901",251,2010-09-07,10.68380645,12.6052,14.3932
"1902",252,2010-09-08,10.38007407,12.5842,14.3658
"1903",253,2010-09-09,10.44966667,12.5621,14.3325
"1904",254,2010-09-10,10.49824,12.5404,14.3024
"1905",255,2010-09-11,10.78548148,12.5208,14.2666
"1906",256,2010-09-12,10.79816667,12.5033,14.2329
"1907",257,2010-09-13,11.46604762,12.4868,14.1992
"1908",258,2010-09-14,11.9988,12.4709,14.1733
"1909",259,2010-09-15,13.07310526,12.4567,14.157
"1910",260,2010-09-16,11.84005882,12.4448,14.1438
"1911",261,2010-09-17,11.39547619,12.4351,14.1371
"1912",262,2010-09-18,11.58086364,12.4279,14.137
"1913",263,2010-09-19,11.64071429,12.4218,14.1435
"1914",264,2010-09-20,12.15552381,12.4158,14.1507
"1915",265,2010-09-21,11.28345,12.4081,14.1575
"1916",266,2010-09-22,10.675,12.3956,14.153
"1917",267,2010-09-23,10.64511111,12.3791,14.1396
"1918",268,2010-09-24,10.76578571,12.3607,14.1219
"1919",269,2010-09-25,10.81906667,12.341,14.1055
"1920",270,2010-09-26,10.51035294,12.3207,14.0833
"1921",271,2010-09-27,10.36255556,12.2999,14.0603
"1922",272,2010-09-28,10.50436842,12.2801,14.0389
"1923",273,2010-09-29,10.7533,12.2619,14.0268
"1924",274,2010-09-30,11.13733333,12.2461,14.0204
"1925",275,2010-10-01,11.89858824,12.2319,14.0126
"1926",276,2010-10-02,11.33266667,12.2188,13.9959
"1927",277,2010-10-03,10.63120833,12.2087,13.9913
"1928",278,2010-10-04,10.405,12.2019,14.0015
"1929",279,2010-10-05,9.999444444,12.1985,14.0183
"1930",280,2010-10-06,10.28637931,12.1982,14.0364
"1931",281,2010-10-07,10.72221429,12.1998,14.056
"1932",282,2010-10-08,11.2425,12.2021,14.0729
"1933",283,2010-10-09,11.27603846,12.2038,14.0904
"1934",284,2010-10-10,10.93127586,12.2046,14.1119
"1935",285,2010-10-11,10.4942963,12.2044,14.1234
"1936",286,2010-10-12,10.56875,12.2041,14.1328
"1937",287,2010-10-13,10.82033333,12.2056,14.143
"1938",288,2010-10-14,11.47476923,12.2082,14.1536
"1939",289,2010-10-15,11.43021429,12.2111,14.1635
"1940",290,2010-10-16,10.9021,12.2125,14.1722
"1941",291,2010-10-17,10.47544444,12.213,14.1805
"1942",292,2010-10-18,10.37372727,12.2133,14.183
"1943",293,2010-10-19,10.62016667,12.2149,14.1829
"1944",294,2010-10-20,10.99723077,12.2177,14.1802
"1945",295,2010-10-21,11.37966667,12.2223,14.1802
"1946",296,2010-10-22,11.5676875,12.228,14.1807
"1947",297,2010-10-23,11.73841176,12.2354,14.1874
"1948",298,2010-10-24,12.22173684,12.2432,14.1954
"1949",299,2010-10-25,12.2179,12.2503,14.1981
"1950",300,2010-10-26,12.22838095,12.2554,14.196
"1951",301,2010-10-27,12.01861905,12.2592,14.1918
"1952",302,2010-10-28,11.85715789,12.2614,14.1826
"1953",303,2010-10-29,11.89825,12.2614,14.1721
"1954",304,2010-10-30,12.2085625,12.2582,14.1625
"1955",305,2010-10-31,12.32605882,12.2519,14.154
"1956",306,2010-11-01,12.50536842,12.2434,14.1476
"1957",307,2010-11-02,12.54480952,12.2341,14.1418
"1958",308,2010-11-03,12.52384,12.2229,14.1281
"1959",309,2010-11-04,12.28818519,12.2092,14.1041
"1960",310,2010-11-05,12.20244828,12.1937,14.0759
"1961",311,2010-11-06,12.47081481,12.1778,14.049
"1962",312,2010-11-07,12.97234615,12.1616,14.0221
"1963",313,2010-11-08,12.86246667,12.1461,13.9979
"1964",314,2010-11-09,12.39762069,12.1321,13.978
"1965",315,2010-11-10,12.5392,12.1197,13.9587
"1966",316,2010-11-11,12.09238095,12.1084,13.9416
"1967",317,2010-11-12,11.915,12.097,13.9311
"1968",318,2010-11-13,11.05322222,12.0836,13.9188
"1969",319,2010-11-14,10.6774,12.0692,13.905
"1970",320,2010-11-15,10.602,12.0548,13.8911
"1971",321,2010-11-16,10.455,12.0413,13.8773
"1972",322,2010-11-17,10.311125,12.0278,13.8609
"1973",323,2010-11-18,10.437,12.014,13.8435
"1974",324,2010-11-19,11.14226316,11.9987,13.8288
"1975",325,2010-11-20,10.7997,11.9825,13.8169
"1976",326,2010-11-21,11.04409524,11.9654,13.8033
"1977",327,2010-11-22,10.86931818,11.9481,13.7893
"1978",328,2010-11-23,10.98586364,11.9307,13.7695
"1979",329,2010-11-24,10.1172,11.9139,13.7483
"1980",330,2010-11-25,10.17204,11.8977,13.7307
"1981",331,2010-11-26,10.11530769,11.8824,13.714
"1982",332,2010-11-27,10.22221739,11.8678,13.6982
"1983",333,2010-11-28,10.06207692,11.8548,13.688
"1984",334,2010-11-29,9.81875,11.8434,13.6778
"1985",335,2010-11-30,9.756944444,11.8336,13.6631
"1986",336,2010-12-01,9.841210526,11.8249,13.6462
"1987",337,2010-12-02,10.06409091,11.8169,13.6236
"1988",338,2010-12-03,10.22322222,11.8088,13.593
"1989",339,2010-12-04,10.20958065,11.8008,13.5554
"1990",340,2010-12-05,10.39032143,11.7935,13.5177
"1991",341,2010-12-06,10.81858621,11.7866,13.4788
"1992",342,2010-12-07,10.70856667,11.7795,13.4388
"1993",343,2010-12-08,11.0566,11.7719,13.3972
"1994",344,2010-12-09,11.54996,11.7631,13.3546
"1995",345,2010-12-10,11.73325,11.7528,13.3116
"1996",346,2010-12-11,11.87466667,11.7411,13.2694
"1997",347,2010-12-12,11.8367,11.728,13.2284
"1998",348,2010-12-13,11.69153846,11.7141,13.1897
"1999",349,2010-12-14,11.8526,11.7004,13.1527
"2000",350,2010-12-15,11.48164706,11.687,13.1179
"2001",351,2010-12-16,11.09710526,11.6738,13.0843
"2002",352,2010-12-17,11.15595,11.6605,13.0525
"2003",353,2010-12-18,11.93319048,11.6477,13.0221
"2004",354,2010-12-19,11.98681818,11.636,12.9946
"2005",355,2010-12-20,11.81551852,11.6253,12.9673
"2006",356,2010-12-21,11.742,11.6154,12.9396
"2007",357,2010-12-22,12.06662963,11.6067,12.912
"2008",358,2010-12-23,11.81363333,11.5988,12.8854
"2009",359,2010-12-24,11.91606897,11.5915,12.8612
"2010",360,2010-12-25,11.94096429,11.5846,12.8377
"2011",361,2010-12-26,11.97286364,11.5778,12.8142
"2012",362,2010-12-27,11.953,11.5708,12.7913
"2013",363,2010-12-28,12.06615789,11.564,12.7697
"2014",364,2010-12-29,11.93785714,11.5572,12.7497
"2015",365,2010-12-30,11.00147826,11.5502,12.7329
"2016",366,2010-12-31,10.54791667,11.543,12.7202
"2017",1,2011-01-01,10.90539286,11.5356,12.7079
"2018",2,2011-01-02,11.04158065,11.5284,12.7005
"2019",3,2011-01-03,10.978,11.5217,12.7029
"2020",4,2011-01-04,11.07428571,11.5154,12.7147
"2021",5,2011-01-05,11.02003704,11.5096,12.7283
"2022",6,2011-01-06,10.82265385,11.5043,12.7451
"2023",7,2011-01-07,10.891,11.4997,12.7631
"2024",8,2011-01-08,10.98433333,11.4953,12.7826
"2025",9,2011-01-09,10.65827273,11.4915,12.8029
"2026",10,2011-01-10,10.55508333,11.4886,12.8237
"2027",11,2011-01-11,10.54893333,11.4866,12.8447
"2028",12,2011-01-12,10.53511765,11.4855,12.8675
"2029",13,2011-01-13,10.75968421,11.4851,12.8903
"2030",14,2011-01-14,10.679,11.4855,12.9124
"2031",15,2011-01-15,10.71963636,11.4864,12.9323
"2032",16,2011-01-16,10.81717391,11.4873,12.9509
"2033",17,2011-01-17,10.83684,11.4879,12.9678
"2034",18,2011-01-18,10.6513,11.4884,12.9845
"2035",19,2011-01-19,10.427,11.4886,13.0006
"2036",20,2011-01-20,10.06403448,11.4886,13.0202
"2037",21,2011-01-21,10.12675862,11.4881,13.0406
"2038",22,2011-01-22,10.42335714,11.4868,13.0601
"2039",23,2011-01-23,10.69825926,11.4849,13.0808
"2040",24,2011-01-24,10.62247059,11.4827,13.1015
"2041",25,2011-01-25,10.68347368,11.4793,13.1236
"2042",26,2011-01-26,11.04880952,11.4745,13.1471
"2043",27,2011-01-27,11.09459091,11.4686,13.1721
"2044",28,2011-01-28,11.04681818,11.4615,13.1956
"2045",29,2011-01-29,10.94856522,11.4532,13.2161
"2046",30,2011-01-30,11.24921429,11.4437,13.233
"2047",31,2011-01-31,11.03146429,11.4333,13.2505
"2048",32,2011-02-01,10.86182143,11.4219,13.2681
"2049",33,2011-02-02,10.91676,11.4098,13.2838
"2050",34,2011-02-03,11.12652174,11.3965,13.2958
"2051",35,2011-02-04,11.32933333,11.3818,13.3048
"2052",36,2011-02-05,11.26444444,11.3662,13.3123
"2053",37,2011-02-06,10.99111111,11.3502,13.3183
"2054",38,2011-02-07,10.72954545,11.3337,13.3226
"2055",39,2011-02-08,10.18261538,11.3167,13.3256
"2056",40,2011-02-09,9.612666667,11.2994,13.3258
"2057",41,2011-02-10,9.603352941,11.2821,13.3251
"2058",42,2011-02-11,9.759578947,11.2648,13.3231
"2059",43,2011-02-12,9.98285,11.2479,13.3196
"2060",44,2011-02-13,10.30795,11.2319,13.316
"2061",45,2011-02-14,10.77366667,11.2173,13.3133
"2062",46,2011-02-15,10.64641667,11.2039,13.3121
"2063",47,2011-02-16,10.66282143,11.1914,13.313
"2064",48,2011-02-17,10.65232143,11.18,13.3139
"2065",49,2011-02-18,10.60439286,11.1693,13.3093
"2066",50,2011-02-19,10.55725,11.1588,13.3048
"2067",51,2011-02-20,10.81644444,11.1484,13.2961
"2068",52,2011-02-21,10.55856522,11.138,13.2851
"2069",53,2011-02-22,10.527,11.1277,13.2736
"2070",54,2011-02-23,10.36911111,11.1171,13.2569
"2071",55,2011-02-24,10.25655,11.1054,13.2291
"2072",56,2011-02-25,10.22115,11.0932,13.1909
"2073",57,2011-02-26,9.891631579,11.0808,13.1492
"2074",58,2011-02-27,9.735055556,11.0678,13.1047
"2075",59,2011-02-28,10.0475,11.0542,13.0582
"2076",61,2011-03-01,10.1766087,11.0281,12.9709
"2077",62,2011-03-02,10.44372727,11.0161,12.9282
"2078",63,2011-03-03,10.68304348,11.0039,12.8831
"2079",64,2011-03-04,10.84611111,10.9913,12.8386
"2080",65,2011-03-05,11.11506667,10.9786,12.7955
"2081",66,2011-03-06,11.0105,10.966,12.7535
"2082",67,2011-03-07,10.7339,10.9528,12.7117
"2083",68,2011-03-08,10.64927273,10.9389,12.6706
"2084",69,2011-03-09,10.62183333,10.9247,12.631
"2085",70,2011-03-10,10.53684615,10.9099,12.5926
"2086",71,2011-03-11,10.57673333,10.894,12.5522
"2087",72,2011-03-12,10.56675,10.8763,12.5063
"2088",73,2011-03-13,10.7806875,10.8565,12.4576
"2089",74,2011-03-14,10.9910625,10.8348,12.4093
"2090",75,2011-03-15,11.11693333,10.811,12.3601
"2091",76,2011-03-16,11.23443478,10.7842,12.3106
"2092",77,2011-03-17,11.25544444,10.7552,12.2611
"2093",78,2011-03-18,11.34557143,10.7238,12.2093
"2094",79,2011-03-19,11.29992,10.6893,12.156
"2095",80,2011-03-20,11.43084615,10.6532,12.1081
"2096",81,2011-03-21,11.32916,10.6165,12.0598
"2097",82,2011-03-22,11.19971429,10.5798,12.0115
"2098",83,2011-03-23,11.204125,10.5432,11.9635
"2099",84,2011-03-24,11.27753333,10.5071,11.9161
"2100",85,2011-03-25,11.34588889,10.4714,11.8731
"2101",86,2011-03-26,11.431,10.4362,11.8384
"2102",87,2011-03-27,11.31757143,10.4018,11.8121
"2103",88,2011-03-28,11.27483333,10.3693,11.7878
"2104",89,2011-03-29,11.44093333,10.339,11.765
"2105",90,2011-03-30,11.50557143,10.3122,11.7481
"2106",91,2011-03-31,11.11771429,10.2869,11.7373
"2107",92,2011-04-01,10.94036364,10.2619,11.7304
"2108",93,2011-04-02,9.439545455,10.2367,11.7211
"2109",94,2011-04-03,9.343090909,10.2121,11.7142
"2110",95,2011-04-04,9.900727273,10.1884,11.7029
"2111",96,2011-04-05,9.228916667,10.1664,11.6813
"2112",97,2011-04-06,8.750416667,10.1461,11.6534
"2113",98,2011-04-07,8.405384615,10.1266,11.6249
"2114",99,2011-04-08,8.024545455,10.1065,11.5952
"2115",100,2011-04-09,7.991153846,10.086,11.563
"2116",101,2011-04-10,8.073846154,10.0645,11.5263
"2117",102,2011-04-11,8.618,10.0423,11.4943
"2118",103,2011-04-12,8.152142857,10.0201,11.4655
"2119",104,2011-04-13,8.502142857,9.9993,11.4374
"2120",105,2011-04-14,8.689578947,9.9796,11.4075
"2121",106,2011-04-15,8.926772727,9.9609,11.3783
"2122",107,2011-04-16,9.547916667,9.9429,11.3446
"2123",108,2011-04-17,9.22576,9.9251,11.3076
"2124",109,2011-04-18,9.134541667,9.9089,11.2742
"2125",110,2011-04-19,9.650086957,9.8952,11.2422
"2126",111,2011-04-20,9.983368421,9.8821,11.2088
"2127",112,2011-04-21,9.694066667,9.8701,11.1758
"2128",113,2011-04-22,9.072,9.8595,11.1443
"2129",114,2011-04-23,8.937466667,9.8499,11.1168
"2130",115,2011-04-24,9.4992,9.8402,11.0938
"2131",116,2011-04-25,NA,9.831,11.0741
"2132",117,2011-04-26,9.7754,9.8224,11.0564
"2133",118,2011-04-27,9.530875,9.8148,11.0388
"2134",119,2011-04-28,9.2275,9.8077,11.018
"2135",120,2011-04-29,9.138636364,9.8012,10.9921
"2136",121,2011-04-30,9.1675,9.7941,10.9638
"2137",122,2011-05-01,9.313285714,9.7877,10.9322
"2138",123,2011-05-02,9.2358,9.7824,10.8984
"2139",124,2011-05-03,8.812928571,9.7786,10.8653
"2140",125,2011-05-04,8.7315,9.7767,10.834
"2141",126,2011-05-05,8.906642857,9.7767,10.8089
"2142",127,2011-05-06,8.814692308,9.7775,10.794
"2143",128,2011-05-07,8.439583333,9.7801,10.7893
"2144",129,2011-05-08,8.303636364,9.7846,10.7963
"2145",130,2011-05-09,8.189444444,9.7917,10.8097
"2146",131,2011-05-10,9.534,9.8003,10.8255
"2147",132,2011-05-11,9.3116,9.8114,10.8541
"2148",133,2011-05-12,9.180384615,9.8257,10.8846
"2149",134,2011-05-13,8.9404375,9.8427,10.9183
"2150",135,2011-05-14,8.642888889,9.8605,10.9552
"2151",136,2011-05-15,9.121526316,9.8814,10.9977
"2152",137,2011-05-16,9.191571429,9.9059,11.0436
"2153",138,2011-05-17,9.659272727,9.9345,11.0977
"2154",139,2011-05-18,10.07347826,9.9654,11.1566
"2155",140,2011-05-19,9.86647619,9.9986,11.2164
"2156",141,2011-05-20,9.791388889,10.0341,11.2828
"2157",142,2011-05-21,9.578230769,10.0723,11.3607
"2158",143,2011-05-22,9.318733333,10.1114,11.445
"2159",144,2011-05-23,10.026,10.1497,11.5299
"2160",145,2011-05-24,9.358,10.187,11.6114
"2161",146,2011-05-25,9.388444444,10.2246,11.6877
"2162",147,2011-05-26,10.19358333,10.2598,11.7588
"2163",148,2011-05-27,10.42953846,10.2922,11.8222
"2164",149,2011-05-28,9.244133333,10.3211,11.8722
"2165",150,2011-05-29,9.115294118,10.3479,11.9198
"2166",151,2011-05-30,9.1275,10.372,11.964
"2167",152,2011-05-31,10.01644444,10.3934,11.9954
"2168",153,2011-06-01,10.23044444,10.4127,12.0174
"2169",154,2011-06-02,10.91411765,10.4311,12.0444
"2170",155,2011-06-03,10.7420625,10.4493,12.0708
"2171",156,2011-06-04,10.92153333,10.4685,12.1071
"2172",157,2011-06-05,11.19533333,10.4886,12.1463
"2173",158,2011-06-06,11.7461875,10.5104,12.1889
"2174",159,2011-06-07,12.327,10.5332,12.2297
"2175",160,2011-06-08,11.63353846,10.5575,12.2626
"2176",161,2011-06-09,11.5234375,10.583,12.2941
"2177",162,2011-06-10,10.88211111,10.6103,12.333
"2178",163,2011-06-11,10.2462,10.6398,12.3719
"2179",164,2011-06-12,9.868619048,10.6706,12.4117
"2180",165,2011-06-13,9.642045455,10.7024,12.4592
"2181",166,2011-06-14,9.561363636,10.7361,12.5098
"2182",167,2011-06-15,9.393576923,10.7688,12.5603
"2183",168,2011-06-16,9.4862,10.799,12.6145
"2184",169,2011-06-17,9.46026087,10.8261,12.6584
"2185",170,2011-06-18,9.809761905,10.851,12.7008
"2186",171,2011-06-19,10.32817647,10.8741,12.7335
"2187",172,2011-06-20,9.974111111,10.8958,12.7597
"2188",173,2011-06-21,11.4505,10.9168,12.778
"2189",174,2011-06-22,12.57327273,10.9389,12.7935
"2190",175,2011-06-23,11.07421429,10.9625,12.8073
"2191",176,2011-06-24,10.4638125,10.9882,12.8209
"2192",177,2011-06-25,10.24335294,11.0144,12.8344
"2193",178,2011-06-26,10.40166667,11.044,12.8488
"2194",179,2011-06-27,10.1874,11.0787,12.8711
"2195",180,2011-06-28,9.69415,11.1199,12.908
"2196",181,2011-06-29,10.75645,11.1663,12.9585
"2197",182,2011-06-30,10.00333333,11.217,13.0222
"2198",183,2011-07-01,9.729111111,11.2708,13.1046
"2199",184,2011-07-02,9.824454545,11.3268,13.1926
"2200",185,2011-07-03,9.947434783,11.3831,13.2672
"2201",186,2011-07-04,9.864045455,11.4389,13.3403
"2202",187,2011-07-05,9.919904762,11.4934,13.397
"2203",188,2011-07-06,10.80038095,11.5473,13.4483
"2204",189,2011-07-07,11.68164706,11.5999,13.4998
"2205",190,2011-07-08,12.6228,11.6515,13.5555
"2206",191,2011-07-09,12.78985714,11.7021,13.6202
"2207",192,2011-07-10,11.19213636,11.7526,13.6854
"2208",193,2011-07-11,10.2686087,11.8032,13.749
"2209",194,2011-07-12,10.20456522,11.8528,13.7988
"2210",195,2011-07-13,10.0615,11.9012,13.8461
"2211",196,2011-07-14,9.993142857,11.9489,13.8904
"2212",197,2011-07-15,10.2,11.9957,13.9333
"2213",198,2011-07-16,9.876416667,12.0428,13.9757
"2214",199,2011-07-17,10.84485714,12.0906,14.011
"2215",200,2011-07-18,11.0013125,12.1395,14.0528
"2216",201,2011-07-19,11.41505882,12.1887,14.0934
"2217",202,2011-07-20,11.77675,12.2354,14.1355
"2218",203,2011-07-21,10.90542857,12.2777,14.1692
"2219",204,2011-07-22,11.2330625,12.3152,14.197
"2220",205,2011-07-23,12.06605556,12.3484,14.2168
"2221",206,2011-07-24,12.95215,12.3792,14.2298
"2222",207,2011-07-25,13.5242,12.4075,14.2391
"2223",208,2011-07-26,11.20580952,12.4347,14.2485
"2224",209,2011-07-27,10.49052381,12.4601,14.2573
"2225",210,2011-07-28,10.88852381,12.4822,14.2641
"2226",211,2011-07-29,11.96268182,12.5002,14.2699
"2227",212,2011-07-30,13.10656,12.5139,14.2678
"2228",213,2011-07-31,14.02307692,12.5262,14.2664
"2229",214,2011-08-01,14.40448,12.5393,14.2619
"2230",215,2011-08-02,14.21395833,12.5533,14.26
"2231",216,2011-08-03,14.12852,12.5686,14.2669
"2232",217,2011-08-04,12.78117391,12.585,14.2813
"2233",218,2011-08-05,11.62655,12.6017,14.3024
"2234",219,2011-08-06,11.52927273,12.6188,14.3296
"2235",220,2011-08-07,11.83443478,12.6366,14.3559
"2236",221,2011-08-08,12.05469565,12.654,14.3783
"2237",222,2011-08-09,11.36982609,12.6701,14.3889
"2238",223,2011-08-10,10.83911111,12.6838,14.3974
"2239",224,2011-08-11,11.96382759,12.6927,14.3992
"2240",225,2011-08-12,11.22535714,12.6965,14.4037
"2241",226,2011-08-13,11.04644,12.6974,14.4079
"2242",227,2011-08-14,10.86281818,12.6961,14.4003
"2243",228,2011-08-15,10.82531579,12.6923,14.3826
"2244",229,2011-08-16,10.76353333,12.6851,14.3617
"2245",230,2011-08-17,11.25073333,12.6742,14.3389
"2246",231,2011-08-18,11.80364286,12.6595,14.3103
"2247",232,2011-08-19,10.75246667,12.6431,14.2781
"2248",233,2011-08-20,11.0885,12.6275,14.249
"2249",234,2011-08-21,11.67505556,12.6163,14.2283
"2250",235,2011-08-22,12.39363158,12.6113,14.2205
"2251",236,2011-08-23,12.83189474,12.6112,14.2261
"2252",237,2011-08-24,12.91452632,12.6138,14.2436
"2253",238,2011-08-25,13.56215789,12.6191,14.2665
"2254",239,2011-08-26,12.28221739,12.6254,14.2953
"2255",240,2011-08-27,13.03903704,12.6326,14.3249
"2256",241,2011-08-28,13.09442857,12.64,14.3561
"2257",242,2011-08-29,12.08303846,12.6478,14.3787
"2258",243,2011-08-30,10.47557692,12.6554,14.3961
"2259",244,2011-08-31,10.84344,12.6616,14.4099
"2260",245,2011-09-01,11.57814286,12.6647,14.4299
"2261",246,2011-09-02,12.5455,12.6638,14.4426
"2262",247,2011-09-03,13.22957143,12.6597,14.4468
"2263",248,2011-09-04,13.1917619,12.6518,14.441
"2264",249,2011-09-05,13.53215,12.6399,14.4311
"2265",250,2011-09-06,13.0919,12.6243,14.4134
"2266",251,2011-09-07,13.04807692,12.6052,14.3932
"2267",252,2011-09-08,12.36261538,12.5842,14.3658
"2268",253,2011-09-09,11.80346154,12.5621,14.3325
"2269",254,2011-09-10,12.3084,12.5404,14.3024
"2270",255,2011-09-11,13.18470833,12.5208,14.2666
"2271",256,2011-09-12,13.24945,12.5033,14.2329
"2272",257,2011-09-13,13.02441176,12.4868,14.1992
"2273",258,2011-09-14,12.37642857,12.4709,14.1733
"2274",259,2011-09-15,11.762,12.4567,14.157
"2275",260,2011-09-16,11.715,12.4448,14.1438
"2276",261,2011-09-17,11.287875,12.4351,14.1371
"2277",262,2011-09-18,11.597875,12.4279,14.137
"2278",263,2011-09-19,11.51164706,12.4218,14.1435
"2279",264,2011-09-20,11.860375,12.4158,14.1507
"2280",265,2011-09-21,12.6366,12.4081,14.1575
"2281",266,2011-09-22,12.532,12.3956,14.153
"2282",267,2011-09-23,12.34705,12.3791,14.1396
"2283",268,2011-09-24,11.7704,12.3607,14.1219
"2284",269,2011-09-25,12.65503704,12.341,14.1055
"2285",270,2011-09-26,12.56085714,12.3207,14.0833
"2286",271,2011-09-27,11.38037037,12.2999,14.0603
"2287",272,2011-09-28,10.94538462,12.2801,14.0389
"2288",273,2011-09-29,11.19225926,12.2619,14.0268
"2289",274,2011-09-30,11.8969,12.2461,14.0204
"2290",275,2011-10-01,13.28877778,12.2319,14.0126
"2291",276,2011-10-02,14.04657143,12.2188,13.9959
"2292",277,2011-10-03,14.12705263,12.2087,13.9913
"2293",278,2011-10-04,13.70028571,12.2019,14.0015
"2294",279,2011-10-05,14.1425,12.1985,14.0183
"2295",280,2011-10-06,13.67895455,12.1982,14.0364
"2296",281,2011-10-07,13.56731818,12.1998,14.056
"2297",282,2011-10-08,12.42495238,12.2021,14.0729
"2298",283,2011-10-09,11.5265,12.2038,14.0904
"2299",284,2011-10-10,11.75733333,12.2046,14.1119
"2300",285,2011-10-11,11.95266667,12.2044,14.1234
"2301",286,2011-10-12,12.453,12.2041,14.1328
"2302",287,2011-10-13,12.294625,12.2056,14.143
"2303",288,2011-10-14,12.99317647,12.2082,14.1536
"2304",289,2011-10-15,13.523,12.2111,14.1635
"2305",290,2011-10-16,14.11933333,12.2125,14.1722
"2306",291,2011-10-17,14.03864706,12.213,14.1805
"2307",292,2011-10-18,14.1508,12.2133,14.183
"2308",293,2011-10-19,14.25690909,12.2149,14.1829
"2309",294,2011-10-20,12.83014286,12.2177,14.1802
"2310",295,2011-10-21,11.33192308,12.2223,14.1802
"2311",296,2011-10-22,10.77463158,12.228,14.1807
"2312",297,2011-10-23,10.81818182,12.2354,14.1874
"2313",298,2011-10-24,10.76053846,12.2432,14.1954
"2314",299,2011-10-25,11.1493,12.2503,14.1981
"2315",300,2011-10-26,11.24406897,12.2554,14.196
"2316",301,2011-10-27,11.38896429,12.2592,14.1918
"2317",302,2011-10-28,11.40896429,12.2614,14.1826
"2318",303,2011-10-29,11.57280645,12.2614,14.1721
"2319",304,2011-10-30,11.78453333,12.2582,14.1625
"2320",305,2011-10-31,11.77982143,12.2519,14.154
"2321",306,2011-11-01,10.88848,12.2434,14.1476
"2322",307,2011-11-02,10.65765,12.2341,14.1418
"2323",308,2011-11-03,10.52641667,12.2229,14.1281
"2324",309,2011-11-04,10.5915,12.2092,14.1041
"2325",310,2011-11-05,10.532,12.1937,14.0759
"2326",311,2011-11-06,10.59933333,12.1778,14.049
"2327",312,2011-11-07,10.496375,12.1616,14.0221
"2328",313,2011-11-08,10.43129412,12.1461,13.9979
"2329",314,2011-11-09,10.46852941,12.1321,13.978
"2330",315,2011-11-10,10.60378947,12.1197,13.9587
"2331",316,2011-11-11,10.81757895,12.1084,13.9416
"2332",317,2011-11-12,11.10825,12.097,13.9311
"2333",318,2011-11-13,11.15705,12.0836,13.9188
"2334",319,2011-11-14,11.20084211,12.0692,13.905
"2335",320,2011-11-15,11.09138889,12.0548,13.8911
"2336",321,2011-11-16,11.06735714,12.0413,13.8773
"2337",322,2011-11-17,10.39145455,12.0278,13.8609
"2338",323,2011-11-18,10.149,12.014,13.8435
"2339",324,2011-11-19,10.11021429,11.9987,13.8288
"2340",325,2011-11-20,10.38958824,11.9825,13.8169
"2341",326,2011-11-21,10.79152632,11.9654,13.8033
"2342",327,2011-11-22,11.06318182,11.9481,13.7893
"2343",328,2011-11-23,11.16966667,11.9307,13.7695
"2344",329,2011-11-24,11.28677419,11.9139,13.7483
"2345",330,2011-11-25,11.48410345,11.8977,13.7307
"2346",331,2011-11-26,11.51255172,11.8824,13.714
"2347",332,2011-11-27,11.58509375,11.8678,13.6982
"2348",333,2011-11-28,11.59893548,11.8548,13.688
"2349",334,2011-11-29,11.68,11.8434,13.6778
"2350",335,2011-11-30,11.45334783,11.8336,13.6631
"2351",336,2011-12-01,10.95223077,11.8249,13.6462
"2352",337,2011-12-02,10.68542857,11.8169,13.6236
"2353",338,2011-12-03,10.393875,11.8088,13.593
"2354",339,2011-12-04,10.29582353,11.8008,13.5554
"2355",340,2011-12-05,10.22505882,11.7935,13.5177
"2356",341,2011-12-06,10.66789474,11.7866,13.4788
"2357",342,2011-12-07,10.72978947,11.7795,13.4388
"2358",343,2011-12-08,10.6373,11.7719,13.3972
"2359",344,2011-12-09,10.78280952,11.7631,13.3546
"2360",345,2011-12-10,10.70942857,11.7528,13.3116
"2361",346,2011-12-11,10.77571429,11.7411,13.2694
"2362",347,2011-12-12,10.7495,11.728,13.2284
"2363",348,2011-12-13,10.73328,11.7141,13.1897
"2364",349,2011-12-14,10.82530435,11.7004,13.1527
"2365",350,2011-12-15,10.97363636,11.687,13.1179
"2366",351,2011-12-16,10.66838462,11.6738,13.0843
"2367",352,2011-12-17,10.81786667,11.6605,13.0525
"2368",353,2011-12-18,10.89088889,11.6477,13.0221
"2369",354,2011-12-19,10.8242,11.636,12.9946
"2370",355,2011-12-20,10.85840909,11.6253,12.9673
"2371",356,2011-12-21,10.89869565,11.6154,12.9396
"2372",357,2011-12-22,10.93,11.6067,12.912
"2373",358,2011-12-23,11.01996875,11.5988,12.8854
"2374",359,2011-12-24,11.03135484,11.5915,12.8612
"2375",360,2011-12-25,11.04403226,11.5846,12.8377
"2376",361,2011-12-26,11.00806897,11.5778,12.8142
"2377",362,2011-12-27,10.98763333,11.5708,12.7913
"2378",363,2011-12-28,11.08862963,11.564,12.7697
"2379",364,2011-12-29,11.2447,11.5572,12.7497
"2380",365,2011-12-30,11.30807692,11.5502,12.7329
"2381",366,2011-12-31,10.85333333,11.543,12.7202
"2382",1,2012-01-01,10.82958824,11.5356,12.7079
"2383",2,2012-01-02,10.92088889,11.5284,12.7005
"2384",3,2012-01-03,11.00855,11.5217,12.7029
"2385",4,2012-01-04,11.11280952,11.5154,12.7147
"2386",5,2012-01-05,11.14185714,11.5096,12.7283
"2387",6,2012-01-06,10.90147619,11.5043,12.7451
"2388",7,2012-01-07,10.6187619,11.4997,12.7631
"2389",8,2012-01-08,10.50207692,11.4953,12.7826
"2390",9,2012-01-09,10.54652,11.4915,12.8029
"2391",10,2012-01-10,10.76442308,11.4886,12.8237
"2392",11,2012-01-11,10.78219231,11.4866,12.8447
"2393",12,2012-01-12,10.80125926,11.4855,12.8675
"2394",13,2012-01-13,10.73304167,11.4851,12.8903
"2395",14,2012-01-14,10.642875,11.4855,12.9124
"2396",15,2012-01-15,10.54755556,11.4864,12.9323
"2397",16,2012-01-16,10.1047,11.4873,12.9509
"2398",17,2012-01-17,9.9835,11.4879,12.9678
"2399",18,2012-01-18,10.0816087,11.4884,12.9845
"2400",19,2012-01-19,10.39052174,11.4886,13.0006
"2401",20,2012-01-20,10.35180645,11.4886,13.0202
"2402",21,2012-01-21,10.34325,11.4881,13.0406
"2403",22,2012-01-22,10.365,11.4868,13.0601
"2404",23,2012-01-23,10.509,11.4849,13.0808
"2405",24,2012-01-24,10.519,11.4827,13.1015
"2406",25,2012-01-25,10.65908,11.4793,13.1236
"2407",26,2012-01-26,10.92595455,11.4745,13.1471
"2408",27,2012-01-27,10.72669231,11.4686,13.1721
"2409",28,2012-01-28,10.4865,11.4615,13.1956
"2410",29,2012-01-29,10.4036,11.4532,13.2161
"2411",30,2012-01-30,10.5605625,11.4437,13.233
"2412",31,2012-01-31,10.38022222,11.4333,13.2505
"2413",32,2012-02-01,10.50261111,11.4219,13.2681
"2414",33,2012-02-02,10.359,11.4098,13.2838
"2415",34,2012-02-03,10.3839,11.3965,13.2958
"2416",35,2012-02-04,10.40975,11.3818,13.3048
"2417",36,2012-02-05,10.58286364,11.3662,13.3123
"2418",37,2012-02-06,10.78422222,11.3502,13.3183
"2419",38,2012-02-07,10.85246154,11.3337,13.3226
"2420",39,2012-02-08,10.89303846,11.3167,13.3256
"2421",40,2012-02-09,11.01873077,11.2994,13.3258
"2422",41,2012-02-10,11.15388,11.2821,13.3251
"2423",42,2012-02-11,11.27813636,11.2648,13.3231
"2424",43,2012-02-12,10.8080625,11.2479,13.3196
"2425",44,2012-02-13,10.6947,11.2319,13.316
"2426",45,2012-02-14,10.05780952,11.2173,13.3133
"2427",46,2012-02-15,9.645818182,11.2039,13.3121
"2428",47,2012-02-16,9.440952381,11.1914,13.313
"2429",48,2012-02-17,9.582192308,11.18,13.3139
"2430",49,2012-02-18,9.265482759,11.1693,13.3093
"2431",50,2012-02-19,8.854821429,11.1588,13.3048
"2432",51,2012-02-20,9.110111111,11.1484,13.2961
"2433",52,2012-02-21,9.243583333,11.138,13.2851
"2434",53,2012-02-22,9.292636364,11.1277,13.2736
"2435",54,2012-02-23,9.163142857,11.1171,13.2569
"2436",55,2012-02-24,9.119866667,11.1054,13.2291
"2437",56,2012-02-25,8.859272727,11.0932,13.1909
"2438",57,2012-02-26,8.52475,11.0808,13.1492
"2439",58,2012-02-27,8.319285714,11.0678,13.1047
"2440",59,2012-02-28,8.322466667,11.0542,13.0582
"2441",60,2012-02-29,8.704133333,11.0407,13.0141
"2442",61,2012-03-01,8.576333333,11.0281,12.9709
"2443",62,2012-03-02,8.312666667,11.0161,12.9282
"2444",63,2012-03-03,8.387333333,11.0039,12.8831
"2445",64,2012-03-04,8.7885625,10.9913,12.8386
"2446",65,2012-03-05,8.882619048,10.9786,12.7955
"2447",66,2012-03-06,8.739125,10.966,12.7535
"2448",67,2012-03-07,8.49556,10.9528,12.7117
"2449",68,2012-03-08,8.718291667,10.9389,12.6706
"2450",69,2012-03-09,8.90316,10.9247,12.631
"2451",70,2012-03-10,8.808166667,10.9099,12.5926
"2452",71,2012-03-11,8.9104,10.894,12.5522
"2453",72,2012-03-12,8.709133333,10.8763,12.5063
"2454",73,2012-03-13,9.193941176,10.8565,12.4576
"2455",74,2012-03-14,9.392157895,10.8348,12.4093
"2456",75,2012-03-15,9.544611111,10.811,12.3601
"2457",76,2012-03-16,9.760117647,10.7842,12.3106
"2458",77,2012-03-17,9.533818182,10.7552,12.2611
"2459",78,2012-03-18,9.295652174,10.7238,12.2093
"2460",79,2012-03-19,9.177391304,10.6893,12.156
"2461",80,2012-03-20,9.309363636,10.6532,12.1081
"2462",81,2012-03-21,9.64975,10.6165,12.0598
"2463",82,2012-03-22,9.508764706,10.5798,12.0115
"2464",83,2012-03-23,9.3658,10.5432,11.9635
"2465",84,2012-03-24,9.471363636,10.5071,11.9161
"2466",85,2012-03-25,9.572181818,10.4714,11.8731
"2467",86,2012-03-26,9.728545455,10.4362,11.8384
"2468",87,2012-03-27,9.952,10.4018,11.8121
"2469",88,2012-03-28,9.907333333,10.3693,11.7878
"2470",89,2012-03-29,10.33372727,10.339,11.765
"2471",90,2012-03-30,10.58177778,10.3122,11.7481
"2472",91,2012-03-31,10.732,10.2869,11.7373
"2473",92,2012-04-01,10.3692,10.2619,11.7304
"2474",93,2012-04-02,10.12881818,10.2367,11.7211
"2475",94,2012-04-03,10.06011111,10.2121,11.7142
"2476",95,2012-04-04,9.960136364,10.1884,11.7029
"2477",96,2012-04-05,9.50808,10.1664,11.6813
"2478",97,2012-04-06,9.452043478,10.1461,11.6534
"2479",98,2012-04-07,9.454166667,10.1266,11.6249
"2480",99,2012-04-08,9.399,10.1065,11.5952
"2481",100,2012-04-09,9.892105263,10.086,11.563
"2482",101,2012-04-10,10.18466667,10.0645,11.5263
"2483",102,2012-04-11,10.353,10.0423,11.4943
"2484",103,2012-04-12,10.618625,10.0201,11.4655
"2485",104,2012-04-13,10.60093333,9.9993,11.4374
"2486",105,2012-04-14,10.23686667,9.9796,11.4075
"2487",106,2012-04-15,9.994615385,9.9609,11.3783
"2488",107,2012-04-16,9.621181818,9.9429,11.3446
"2489",108,2012-04-17,9.498090909,9.9251,11.3076
"2490",109,2012-04-18,9.55425,9.9089,11.2742
"2491",110,2012-04-19,9.769916667,9.8952,11.2422
"2492",111,2012-04-20,9.450153846,9.8821,11.2088
"2493",112,2012-04-21,8.876583333,9.8701,11.1758
"2494",113,2012-04-22,9.457583333,9.8595,11.1443
"2495",114,2012-04-23,10.33991667,9.8499,11.1168
"2496",115,2012-04-24,10.574,9.8402,11.0938
"2497",116,2012-04-25,10.65477778,9.831,11.0741
"2498",117,2012-04-26,10.94266667,9.8224,11.0564
"2499",118,2012-04-27,10.256125,9.8148,11.0388
"2500",119,2012-04-28,NA,9.8077,11.018
"2501",120,2012-04-29,NA,9.8012,10.9921
"2502",121,2012-04-30,9.9315,9.7941,10.9638
"2503",122,2012-05-01,9.250909091,9.7877,10.9322
"2504",123,2012-05-02,8.984785714,9.7824,10.8984
"2505",124,2012-05-03,8.5265625,9.7786,10.8653
"2506",125,2012-05-04,8.835555556,9.7767,10.834
"2507",126,2012-05-05,8.72525,9.7767,10.8089
"2508",127,2012-05-06,8.882958333,9.7775,10.794
"2509",128,2012-05-07,9.164416667,9.7801,10.7893
"2510",129,2012-05-08,9.277136364,9.7846,10.7963
"2511",130,2012-05-09,9.39995,9.7917,10.8097
"2512",131,2012-05-10,9.089368421,9.8003,10.8255
"2513",132,2012-05-11,9.069380952,9.8114,10.8541
"2514",133,2012-05-12,9.848642857,9.8257,10.8846
"2515",134,2012-05-13,11.17081818,9.8427,10.9183
"2516",135,2012-05-14,11.93792308,9.8605,10.9552
"2517",136,2012-05-15,10.94871429,9.8814,10.9977
"2518",137,2012-05-16,10.49857143,9.9059,11.0436
"2519",138,2012-05-17,10.0632,9.9345,11.0977
"2520",139,2012-05-18,9.4103125,9.9654,11.1566
"2521",140,2012-05-19,9.1478125,9.9986,11.2164
"2522",141,2012-05-20,9.273,10.0341,11.2828
"2523",142,2012-05-21,8.802357143,10.0723,11.3607
"2524",143,2012-05-22,9.341357143,10.1114,11.445
"2525",144,2012-05-23,8.978615385,10.1497,11.5299
"2526",145,2012-05-24,8.559272727,10.187,11.6114
"2527",146,2012-05-25,8.40025,10.2246,11.6877
"2528",147,2012-05-26,8.085625,10.2598,11.7588
"2529",148,2012-05-27,10.085,10.2922,11.8222
"2530",149,2012-05-28,10.0209,10.3211,11.8722
"2531",150,2012-05-29,9.466357143,10.3479,11.9198
"2532",151,2012-05-30,9.6590625,10.372,11.964
"2533",152,2012-05-31,10.29426316,10.3934,11.9954
"2534",153,2012-06-01,9.77825,10.4127,12.0174
"2535",154,2012-06-02,9.312285714,10.4311,12.0444
"2536",155,2012-06-03,8.734708333,10.4493,12.0708
"2537",156,2012-06-04,8.772153846,10.4685,12.1071
"2538",157,2012-06-05,9.461346154,10.4886,12.1463
"2539",158,2012-06-06,9.52148,10.5104,12.1889
"2540",159,2012-06-07,9.377913043,10.5332,12.2297
"2541",160,2012-06-08,9.227666667,10.5575,12.2626
"2542",161,2012-06-09,9.318363636,10.583,12.2941
"2543",162,2012-06-10,9.967307692,10.6103,12.333
"2544",163,2012-06-11,10.07807143,10.6398,12.3719
"2545",164,2012-06-12,9.992666667,10.6706,12.4117
"2546",165,2012-06-13,9.3408125,10.7024,12.4592
"2547",166,2012-06-14,9.378176471,10.7361,12.5098
"2548",167,2012-06-15,9.409888889,10.7688,12.5603
"2549",168,2012-06-16,9.296611111,10.799,12.6145
"2550",169,2012-06-17,9.753052632,10.8261,12.6584
"2551",170,2012-06-18,10.37526316,10.851,12.7008
"2552",171,2012-06-19,10.58241176,10.8741,12.7335
"2553",172,2012-06-20,10.2254,10.8958,12.7597
"2554",173,2012-06-21,10.02242857,10.9168,12.778
"2555",174,2012-06-22,9.917333333,10.9389,12.7935
"2556",175,2012-06-23,10.67114286,10.9625,12.8073
"2557",176,2012-06-24,12.33844444,10.9882,12.8209
"2558",177,2012-06-25,13.15692308,11.0144,12.8344
"2559",178,2012-06-26,13.886375,11.044,12.8488
"2560",179,2012-06-27,12.27894444,11.0787,12.8711
"2561",180,2012-06-28,11.61955,11.1199,12.908
"2562",181,2012-06-29,11.26609091,11.1663,12.9585
"2563",182,2012-06-30,11.50795455,11.217,13.0222
"2564",183,2012-07-01,10.28673913,11.2708,13.1046
"2565",184,2012-07-02,10.11455556,11.3268,13.1926
"2566",185,2012-07-03,9.988333333,11.3831,13.2672
"2567",186,2012-07-04,9.971962963,11.4389,13.3403
"2568",187,2012-07-05,10.29261538,11.4934,13.397
"2569",188,2012-07-06,10.1126087,11.5473,13.4483
"2570",189,2012-07-07,10.29271429,11.5999,13.4998
"2571",190,2012-07-08,10.32466667,11.6515,13.5555
"2572",191,2012-07-09,11.5742,11.7021,13.6202
"2573",192,2012-07-10,11.233,11.7526,13.6854
"2574",193,2012-07-11,11.24958824,11.8032,13.749
"2575",194,2012-07-12,11.11689474,11.8528,13.7988
"2576",195,2012-07-13,10.62068421,11.9012,13.8461
"2577",196,2012-07-14,10.9251,11.9489,13.8904
"2578",197,2012-07-15,9.99885,11.9957,13.9333
"2579",198,2012-07-16,11.3322,12.0428,13.9757
"2580",199,2012-07-17,12.14010526,12.0906,14.011
"2581",200,2012-07-18,13.05327778,12.1395,14.0528
"2582",201,2012-07-19,12.53057895,12.1887,14.0934
"2583",202,2012-07-20,12.13714286,12.2354,14.1355
"2584",203,2012-07-21,11.34463636,12.2777,14.1692
"2585",204,2012-07-22,10.82805,12.3152,14.197
"2586",205,2012-07-23,10.15808696,12.3484,14.2168
"2587",206,2012-07-24,11.4231875,12.3792,14.2298
"2588",207,2012-07-25,12.89931579,12.4075,14.2391
"2589",208,2012-07-26,13.44565,12.4347,14.2485
"2590",209,2012-07-27,13.57282609,12.4601,14.2573
"2591",210,2012-07-28,13.68730435,12.4822,14.2641
"2592",211,2012-07-29,11.40573913,12.5002,14.2699
"2593",212,2012-07-30,11.25230769,12.5139,14.2678
"2594",213,2012-07-31,11.18824138,12.5262,14.2664
"2595",214,2012-08-01,10.76134483,12.5393,14.2619
"2596",215,2012-08-02,11.20042308,12.5533,14.26
"2597",216,2012-08-03,11.86784615,12.5686,14.2669
"2598",217,2012-08-04,11.961875,12.585,14.2813
"2599",218,2012-08-05,12.37375,12.6017,14.3024
"2600",219,2012-08-06,13.48127778,12.6188,14.3296
"2601",220,2012-08-07,13.212,12.6366,14.3559
"2602",221,2012-08-08,12.406625,12.654,14.3783
"2603",222,2012-08-09,11.89994118,12.6701,14.3889
"2604",223,2012-08-10,11.28711111,12.6838,14.3974
"2605",224,2012-08-11,10.825,12.6927,14.3992
"2606",225,2012-08-12,10.84526316,12.6965,14.4037
"2607",226,2012-08-13,11.16884211,12.6974,14.4079
"2608",227,2012-08-14,11.35978947,12.6961,14.4003
"2609",228,2012-08-15,11.78047368,12.6923,14.3826
"2610",229,2012-08-16,12.13041667,12.6851,14.3617
"2611",230,2012-08-17,11.85441667,12.6742,14.3389
"2612",231,2012-08-18,11.16204348,12.6595,14.3103
"2613",232,2012-08-19,10.90417391,12.6431,14.2781
"2614",233,2012-08-20,10.70577273,12.6275,14.249
"2615",234,2012-08-21,10.75146154,12.6163,14.2283
"2616",235,2012-08-22,10.58568421,12.6113,14.2205
"2617",236,2012-08-23,11.18005,12.6112,14.2261
"2618",237,2012-08-24,11.25295238,12.6138,14.2436
"2619",238,2012-08-25,11.98586364,12.6191,14.2665
"2620",239,2012-08-26,12.40533333,12.6254,14.2953
"2621",240,2012-08-27,11.99,12.6326,14.3249
"2622",241,2012-08-28,11.3607931,12.64,14.3561
"2623",242,2012-08-29,11.194,12.6478,14.3787
"2624",243,2012-08-30,11.19013793,12.6554,14.3961
"2625",244,2012-08-31,11.28480769,12.6616,14.4099
"2626",245,2012-09-01,10.89765217,12.6647,14.4299
"2627",246,2012-09-02,10.94861905,12.6638,14.4426
"2628",247,2012-09-03,11.28615789,12.6597,14.4468
"2629",248,2012-09-04,11.64866667,12.6518,14.441
"2630",249,2012-09-05,11.71025,12.6399,14.4311
"2631",250,2012-09-06,12.6398,12.6243,14.4134
"2632",251,2012-09-07,12.74593333,12.6052,14.3932
"2633",252,2012-09-08,13.11726667,12.5842,14.3658
"2634",253,2012-09-09,12.7764,12.5621,14.3325
"2635",254,2012-09-10,11.56906667,12.5404,14.3024
"2636",255,2012-09-11,11.00626667,12.5208,14.2666
"2637",256,2012-09-12,11.25244444,12.5033,14.2329
"2638",257,2012-09-13,11.79104348,12.4868,14.1992
"2639",258,2012-09-14,11.47896,12.4709,14.1733
"2640",259,2012-09-15,11.59962963,12.4567,14.157
"2641",260,2012-09-16,11.37104167,12.4448,14.1438
"2642",261,2012-09-17,11.30816667,12.4351,14.1371
"2643",262,2012-09-18,12.00836,12.4279,14.137
"2644",263,2012-09-19,12.05853571,12.4218,14.1435
"2645",264,2012-09-20,11.93925,12.4158,14.1507
"2646",265,2012-09-21,11.79804762,12.4081,14.1575
"2647",266,2012-09-22,11.466,12.3956,14.153
"2648",267,2012-09-23,11.03033333,12.3791,14.1396
"2649",268,2012-09-24,10.8922,12.3607,14.1219
"2650",269,2012-09-25,10.98388889,12.341,14.1055
"2651",270,2012-09-26,10.96030769,12.3207,14.0833
"2652",271,2012-09-27,11.21261538,12.2999,14.0603
"2653",272,2012-09-28,11.6024,12.2801,14.0389
"2654",273,2012-09-29,11.82372,12.2619,14.0268
"2655",274,2012-09-30,12.1892381,12.2461,14.0204
"2656",275,2012-10-01,12.32394444,12.2319,14.0126
"2657",276,2012-10-02,12.44766667,12.2188,13.9959
"2658",277,2012-10-03,12.287125,12.2087,13.9913
"2659",278,2012-10-04,13.1336875,12.2019,14.0015
"2660",279,2012-10-05,13.46373333,12.1985,14.0183
"2661",280,2012-10-06,13.73107143,12.1982,14.0364
"2662",281,2012-10-07,13.2042,12.1998,14.056
"2663",282,2012-10-08,13.831,12.2021,14.0729
"2664",283,2012-10-09,14.1124,12.2038,14.0904
"2665",284,2012-10-10,13.35745455,12.2046,14.1119
"2666",285,2012-10-11,12.63155556,12.2044,14.1234
"2667",286,2012-10-12,12.06026087,12.2041,14.1328
"2668",287,2012-10-13,12.52872,12.2056,14.143
"2669",288,2012-10-14,12.27367857,12.2082,14.1536
"2670",289,2012-10-15,12.01748148,12.2111,14.1635
"2671",290,2012-10-16,11.89103846,12.2125,14.1722
"2672",291,2012-10-17,11.52844444,12.213,14.1805
"2673",292,2012-10-18,11.52783333,12.2133,14.183
"2674",293,2012-10-19,11.83403333,12.2149,14.1829
"2675",294,2012-10-20,12.27951852,12.2177,14.1802
"2676",295,2012-10-21,11.52466667,12.2223,14.1802
"2677",296,2012-10-22,11.24717391,12.228,14.1807
"2678",297,2012-10-23,11.15527273,12.2354,14.1874
"2679",298,2012-10-24,11.55595238,12.2432,14.1954
"2680",299,2012-10-25,12.11419048,12.2503,14.1981
"2681",300,2012-10-26,11.83152632,12.2554,14.196
"2682",301,2012-10-27,11.42518182,12.2592,14.1918
"2683",302,2012-10-28,11.2982,12.2614,14.1826
"2684",303,2012-10-29,11.30988235,12.2614,14.1721
"2685",304,2012-10-30,11.45244444,12.2582,14.1625
"2686",305,2012-10-31,12.14116667,12.2519,14.154
"2687",306,2012-11-01,12.65572222,12.2434,14.1476
"2688",307,2012-11-02,12.85266667,12.2341,14.1418
"2689",308,2012-11-03,13.2401875,12.2229,14.1281
"2690",309,2012-11-04,13.04008333,12.2092,14.1041
"2691",310,2012-11-05,13.06,12.1937,14.0759
"2692",311,2012-11-06,NA,12.1778,14.049
"2693",312,2012-11-07,12.64825,12.1616,14.0221
"2694",313,2012-11-08,12.13041667,12.1461,13.9979
"2695",314,2012-11-09,11.30846667,12.1321,13.978
"2696",315,2012-11-10,11.35129412,12.1197,13.9587
"2697",316,2012-11-11,11.25333333,12.1084,13.9416
"2698",317,2012-11-12,11.46532143,12.097,13.9311
"2699",318,2012-11-13,11.6963,12.0836,13.9188
"2700",319,2012-11-14,11.74660714,12.0692,13.905
"2701",320,2012-11-15,11.89286667,12.0548,13.8911
"2702",321,2012-11-16,12.358375,12.0413,13.8773
"2703",322,2012-11-17,13.23053125,12.0278,13.8609
"2704",323,2012-11-18,12.26753333,12.014,13.8435
"2705",324,2012-11-19,12.37734615,11.9987,13.8288
"2706",325,2012-11-20,12.66775,11.9825,13.8169
"2707",326,2012-11-21,13.3882,11.9654,13.8033
"2708",327,2012-11-22,13.257,11.9481,13.7893
"2709",328,2012-11-23,12.968,11.9307,13.7695
"2710",329,2012-11-24,12.93136842,11.9139,13.7483
"2711",330,2012-11-25,12.88778947,11.8977,13.7307
"2712",331,2012-11-26,12.17578947,11.8824,13.714
"2713",332,2012-11-27,12.46736842,11.8678,13.6982
"2714",333,2012-11-28,13.19510526,11.8548,13.688
"2715",334,2012-11-29,13.23552632,11.8434,13.6778
"2716",335,2012-11-30,13.42752632,11.8336,13.6631
"2717",336,2012-12-01,13.56844444,11.8249,13.6462
"2718",337,2012-12-02,13.696,11.8169,13.6236
"2719",338,2012-12-03,13.581,11.8088,13.593
"2720",339,2012-12-04,13.44366667,11.8008,13.5554
"2721",340,2012-12-05,13.6132,11.7935,13.5177
"2722",341,2012-12-06,13.47642857,11.7866,13.4788
"2723",342,2012-12-07,13.22870588,11.7795,13.4388
"2724",343,2012-12-08,13.20894737,11.7719,13.3972
"2725",344,2012-12-09,13.27757143,11.7631,13.3546
"2726",345,2012-12-10,13.31918182,11.7528,13.3116
"2727",346,2012-12-11,13.76277419,11.7411,13.2694
"2728",347,2012-12-12,13.51246875,11.728,13.2284
"2729",348,2012-12-13,13.35625806,11.7141,13.1897
"2730",349,2012-12-14,13.32441935,11.7004,13.1527
"2731",350,2012-12-15,13.02141935,11.687,13.1179
"2732",351,2012-12-16,13.01163636,11.6738,13.0843
"2733",352,2012-12-17,13.273,11.6605,13.0525
"2734",353,2012-12-18,12.777,11.6477,13.0221
"2735",354,2012-12-19,12.1070625,11.636,12.9946
"2736",355,2012-12-20,12.15488889,11.6253,12.9673
"2737",356,2012-12-21,12.332,11.6154,12.9396
"2738",357,2012-12-22,12.29957895,11.6067,12.912
"2739",358,2012-12-23,12.2726,11.5988,12.8854
"2740",359,2012-12-24,12.421,11.5915,12.8612
"2741",360,2012-12-25,12.45290476,11.5846,12.8377
"2742",361,2012-12-26,12.54509524,11.5778,12.8142
"2743",362,2012-12-27,12.65534783,11.5708,12.7913
"2744",363,2012-12-28,12.46095455,11.564,12.7697
"2745",364,2012-12-29,12.27269565,11.5572,12.7497
"2746",365,2012-12-30,12.13492,11.5502,12.7329
"2747",366,2012-12-31,12.00026087,11.543,12.7202
"2748",1,2013-01-01,11.94114286,11.5356,12.7079
"2749",2,2013-01-02,11.7511875,11.5284,12.7005
"2750",3,2013-01-03,11.47869231,11.5217,12.7029
"2751",4,2013-01-04,11.676875,11.5154,12.7147
"2752",5,2013-01-05,11.64694444,11.5096,12.7283
"2753",6,2013-01-06,11.5806,11.5043,12.7451
"2754",7,2013-01-07,11.69514286,11.4997,12.7631
"2755",8,2013-01-08,11.58777273,11.4953,12.7826
"2756",9,2013-01-09,11.48137931,11.4915,12.8029
"2757",10,2013-01-10,10.97167742,11.4886,12.8237
"2758",11,2013-01-11,10.6726,11.4866,12.8447
"2759",12,2013-01-12,10.37656667,11.4855,12.8675
"2760",13,2013-01-13,10.18283333,11.4851,12.8903
"2761",14,2013-01-14,10.17574074,11.4855,12.9124
"2762",15,2013-01-15,10.2772963,11.4864,12.9323
"2763",16,2013-01-16,10.30495238,11.4873,12.9509
"2764",17,2013-01-17,10.24376471,11.4879,12.9678
"2765",18,2013-01-18,10.07823529,11.4884,12.9845
"2766",19,2013-01-19,10.18329412,11.4886,13.0006
"2767",20,2013-01-20,10.22916667,11.4886,13.0202
"2768",21,2013-01-21,10.26988889,11.4881,13.0406
"2769",22,2013-01-22,10.35311111,11.4868,13.0601
"2770",23,2013-01-23,10.56238889,11.4849,13.0808
"2771",24,2013-01-24,11.07213636,11.4827,13.1015
"2772",25,2013-01-25,11.02542308,11.4793,13.1236
"2773",26,2013-01-26,10.73933333,11.4745,13.1471
"2774",27,2013-01-27,10.41044,11.4686,13.1721
"2775",28,2013-01-28,10.27420833,11.4615,13.1956
"2776",29,2013-01-29,9.97375,11.4532,13.2161
"2777",30,2013-01-30,9.728625,11.4437,13.233
"2778",31,2013-01-31,9.627,11.4333,13.2505
"2779",32,2013-02-01,9.506,11.4219,13.2681
"2780",33,2013-02-02,9.722777778,11.4098,13.2838
"2781",34,2013-02-03,9.826473684,11.3965,13.2958
"2782",35,2013-02-04,9.7113,11.3818,13.3048
"2783",36,2013-02-05,9.661666667,11.3662,13.3123
"2784",37,2013-02-06,9.736347826,11.3502,13.3183
"2785",38,2013-02-07,9.8342,11.3337,13.3226
"2786",39,2013-02-08,9.662181818,11.3167,13.3256
"2787",40,2013-02-09,9.533733333,11.2994,13.3258
"2788",41,2013-02-10,9.670866667,11.2821,13.3251
"2789",42,2013-02-11,9.841172414,11.2648,13.3231
"2790",43,2013-02-12,9.908428571,11.2479,13.3196
"2791",44,2013-02-13,10.00443478,11.2319,13.316
"2792",45,2013-02-14,9.847,11.2173,13.3133
"2793",46,2013-02-15,9.9326,11.2039,13.3121
"2794",47,2013-02-16,9.85875,11.1914,13.313
"2795",48,2013-02-17,9.808066667,11.18,13.3139
"2796",49,2013-02-18,9.7262,11.1693,13.3093
"2797",50,2013-02-19,9.762333333,11.1588,13.3048
"2798",51,2013-02-20,9.4978,11.1484,13.2961
"2799",52,2013-02-21,9.410375,11.138,13.2851
"2800",53,2013-02-22,9.378619048,11.1277,13.2736
"2801",54,2013-02-23,9.1872,11.1171,13.2569
"2802",55,2013-02-24,9.062346154,11.1054,13.2291
"2803",56,2013-02-25,9.050961538,11.0932,13.1909
"2804",57,2013-02-26,8.89392,11.0808,13.1492
"2805",58,2013-02-27,8.985791667,11.0678,13.1047
"2806",59,2013-02-28,9.007086957,11.0542,13.0582
"2807",61,2013-03-01,8.8348,11.0281,12.9709
"2808",62,2013-03-02,9.008133333,11.0161,12.9282
"2809",63,2013-03-03,9.070944444,11.0039,12.8831
"2810",64,2013-03-04,9.250631579,10.9913,12.8386
"2811",65,2013-03-05,9.254,10.9786,12.7955
"2812",66,2013-03-06,9.626944444,10.966,12.7535
"2813",67,2013-03-07,9.790458333,10.9528,12.7117
"2814",68,2013-03-08,9.666678571,10.9389,12.6706
"2815",69,2013-03-09,9.660233333,10.9247,12.631
"2816",70,2013-03-10,9.532172414,10.9099,12.5926
"2817",71,2013-03-11,9.819333333,10.894,12.5522
"2818",72,2013-03-12,9.933888889,10.8763,12.5063
"2819",73,2013-03-13,9.945434783,10.8565,12.4576
"2820",74,2013-03-14,9.839210526,10.8348,12.4093
"2821",75,2013-03-15,9.433230769,10.811,12.3601
"2822",76,2013-03-16,9.241666667,10.7842,12.3106
"2823",77,2013-03-17,8.927230769,10.7552,12.2611
"2824",78,2013-03-18,8.681363636,10.7238,12.2093
"2825",79,2013-03-19,8.690111111,10.6893,12.156
"2826",80,2013-03-20,8.979285714,10.6532,12.1081
"2827",81,2013-03-21,9.208833333,10.6165,12.0598
"2828",82,2013-03-22,8.695875,10.5798,12.0115
"2829",83,2013-03-23,8.785647059,10.5432,11.9635
"2830",84,2013-03-24,8.83647619,10.5071,11.9161
"2831",85,2013-03-25,8.732347826,10.4714,11.8731
"2832",86,2013-03-26,8.638625,10.4362,11.8384
"2833",87,2013-03-27,9.099375,10.4018,11.8121
"2834",88,2013-03-28,9.57675,10.3693,11.7878
"2835",89,2013-03-29,10.08513636,10.339,11.765
"2836",90,2013-03-30,10.01328571,10.3122,11.7481
"2837",91,2013-03-31,10.30085714,10.2869,11.7373
"2838",92,2013-04-01,10.155,10.2619,11.7304
"2839",93,2013-04-02,10.308,10.2367,11.7211
"2840",94,2013-04-03,9.511071429,10.2121,11.7142
"2841",95,2013-04-04,10.18925,10.1884,11.7029
"2842",96,2013-04-05,10.56159091,10.1664,11.6813
"2843",97,2013-04-06,10.97917391,10.1461,11.6534
"2844",98,2013-04-07,11.06858333,10.1266,11.6249
"2845",99,2013-04-08,9.235833333,10.1065,11.5952
"2846",100,2013-04-09,9.148217391,10.086,11.563
"2847",101,2013-04-10,9.263263158,10.0645,11.5263
"2848",102,2013-04-11,8.643823529,10.0423,11.4943
"2849",103,2013-04-12,8.286923077,10.0201,11.4655
"2850",104,2013-04-13,7.883454545,9.9993,11.4374
"2851",105,2013-04-14,7.5717,9.9796,11.4075
"2852",106,2013-04-15,7.6016,9.9609,11.3783
"2853",107,2013-04-16,7.35875,9.9429,11.3446
"2854",108,2013-04-17,NA,9.9251,11.3076
"2855",109,2013-04-18,NA,9.9089,11.2742
"2856",110,2013-04-19,NA,9.8952,11.2422
"2857",111,2013-04-20,8.4786,9.8821,11.2088
"2858",112,2013-04-21,8.6004,9.8701,11.1758
"2859",113,2013-04-22,8.898615385,9.8595,11.1443
"2860",114,2013-04-23,9.295133333,9.8499,11.1168
"2861",115,2013-04-24,9.330333333,9.8402,11.0938
"2862",116,2013-04-25,10.28690476,9.831,11.0741
"2863",117,2013-04-26,10.16527273,9.8224,11.0564
"2864",118,2013-04-27,9.53575,9.8148,11.0388
"2865",119,2013-04-28,9.0650625,9.8077,11.018
"2866",120,2013-04-29,8.892923077,9.8012,10.9921
"2867",121,2013-04-30,8.715571429,9.7941,10.9638
"2868",122,2013-05-01,8.356315789,9.7877,10.9322
"2869",123,2013-05-02,9.640166667,9.7824,10.8984
"2870",124,2013-05-03,10.90036364,9.7786,10.8653
"2871",125,2013-05-04,12.04407692,9.7767,10.834
"2872",126,2013-05-05,11.16142857,9.7767,10.8089
"2873",127,2013-05-06,11.31326667,9.7775,10.794
"2874",128,2013-05-07,12.05933333,9.7801,10.7893
"2875",129,2013-05-08,12.0315,9.7846,10.7963
"2876",130,2013-05-09,11.71486667,9.7917,10.8097
"2877",131,2013-05-10,10.26546154,9.8003,10.8255
"2878",132,2013-05-11,9.884230769,9.8114,10.8541
"2879",133,2013-05-12,9.582916667,9.8257,10.8846
"2880",134,2013-05-13,9.2005,9.8427,10.9183
"2881",135,2013-05-14,8.993571429,9.8605,10.9552
"2882",136,2013-05-15,8.737833333,9.8814,10.9977
"2883",137,2013-05-16,NA,9.9059,11.0436
"2884",138,2013-05-17,NA,9.9345,11.0977
"2885",139,2013-05-18,10.40771429,9.9654,11.1566
"2886",140,2013-05-19,9.712454545,9.9986,11.2164
"2887",141,2013-05-20,9.295428571,10.0341,11.2828
"2888",142,2013-05-21,8.903,10.0723,11.3607
"2889",143,2013-05-22,8.994,10.1114,11.445
"2890",144,2013-05-23,8.98215,10.1497,11.5299
"2891",145,2013-05-24,8.695,10.187,11.6114
"2892",146,2013-05-25,8.628285714,10.2246,11.6877
"2893",147,2013-05-26,8.484521739,10.2598,11.7588
"2894",148,2013-05-27,8.224,10.2922,11.8222
"2895",149,2013-05-28,8.939954545,10.3211,11.8722
"2896",150,2013-05-29,9.02273913,10.3479,11.9198
"2897",151,2013-05-30,8.745434783,10.372,11.964
"2898",152,2013-05-31,9.444384615,10.3934,11.9954
"2899",153,2013-06-01,9.240466667,10.4127,12.0174
"2900",154,2013-06-02,8.986625,10.4311,12.0444
"2901",155,2013-06-03,8.6335,10.4493,12.0708
"2902",156,2013-06-04,9.417705882,10.4685,12.1071
"2903",157,2013-06-05,10.82977778,10.4886,12.1463
"2904",158,2013-06-06,9.395444444,10.5104,12.1889
"2905",159,2013-06-07,9.268,10.5332,12.2297
"2906",160,2013-06-08,11.497625,10.5575,12.2626
"2907",161,2013-06-09,11.40457143,10.583,12.2941
"2908",162,2013-06-10,11.34007692,10.6103,12.333
"2909",163,2013-06-11,11.21490909,10.6398,12.3719
"2910",164,2013-06-12,10.77742857,10.6706,12.4117
"2911",165,2013-06-13,9.526714286,10.7024,12.4592
"2912",166,2013-06-14,10.57333333,10.7361,12.5098
"2913",167,2013-06-15,10.7216,10.7688,12.5603
"2914",168,2013-06-16,10.71546154,10.799,12.6145
"2915",169,2013-06-17,10.75366667,10.8261,12.6584
"2916",170,2013-06-18,10.91883333,10.851,12.7008
"2917",171,2013-06-19,10.5664,10.8741,12.7335
"2918",172,2013-06-20,10.3619,10.8958,12.7597
"2919",173,2013-06-21,9.684363636,10.9168,12.778
"2920",174,2013-06-22,9.56747619,10.9389,12.7935
"2921",175,2013-06-23,9.14248,10.9625,12.8073
"2922",176,2013-06-24,10.35226923,10.9882,12.8209
"2923",177,2013-06-25,11.62438462,11.0144,12.8344
"2924",178,2013-06-26,12.48076,11.044,12.8488
"2925",179,2013-06-27,12.80038462,11.0787,12.8711
"2926",180,2013-06-28,10.7466,11.1199,12.908
"2927",181,2013-06-29,11.1965,11.1663,12.9585
"2928",182,2013-06-30,10.56023529,11.217,13.0222
"2929",183,2013-07-01,10.29272222,11.2708,13.1046
"2930",184,2013-07-02,9.902666667,11.3268,13.1926
"2931",185,2013-07-03,10.70316667,11.3831,13.2672
"2932",186,2013-07-04,10.87563158,11.4389,13.3403
"2933",187,2013-07-05,9.692388889,11.4934,13.397
"2934",188,2013-07-06,8.943444444,11.5473,13.4483
"2935",189,2013-07-07,9.529777778,11.5999,13.4998
"2936",190,2013-07-08,10.7802,11.6515,13.5555
"2937",191,2013-07-09,11.48833333,11.7021,13.6202
"2938",192,2013-07-10,12.78827778,11.7526,13.6854
"2939",193,2013-07-11,12.76726316,11.8032,13.749
"2940",194,2013-07-12,12.20677778,11.8528,13.7988
"2941",195,2013-07-13,12.7410625,11.9012,13.8461
"2942",196,2013-07-14,12.87146667,11.9489,13.8904
"2943",197,2013-07-15,12.8005,11.9957,13.9333
"2944",198,2013-07-16,13.64866667,12.0428,13.9757
"2945",199,2013-07-17,14.25155,12.0906,14.011
"2946",200,2013-07-18,13.00209524,12.1395,14.0528
"2947",201,2013-07-19,11.827,12.1887,14.0934
"2948",202,2013-07-20,10.49590909,12.2354,14.1355
"2949",203,2013-07-21,10.48307143,12.2777,14.1692
"2950",204,2013-07-22,12.17403571,12.3152,14.197
"2951",205,2013-07-23,13.05572414,12.3484,14.2168
"2952",206,2013-07-24,13.476,12.3792,14.2298
"2953",207,2013-07-25,13.03011111,12.4075,14.2391
"2954",208,2013-07-26,13.49907407,12.4347,14.2485
"2955",209,2013-07-27,13.83292308,12.4601,14.2573
"2956",210,2013-07-28,14.29282353,12.4822,14.2641
"2957",211,2013-07-29,14.25266667,12.5002,14.2699
"2958",212,2013-07-30,14.13127778,12.5139,14.2678
"2959",213,2013-07-31,14.84363158,12.5262,14.2664
"2960",214,2013-08-01,12.00833333,12.5393,14.2619
"2961",215,2013-08-02,10.64594444,12.5533,14.26
"2962",216,2013-08-03,9.884,12.5686,14.2669
"2963",217,2013-08-04,10.21411111,12.585,14.2813
"2964",218,2013-08-05,10.69465217,12.6017,14.3024
"2965",219,2013-08-06,11.0926087,12.6188,14.3296
"2966",220,2013-08-07,12.09991304,12.6366,14.3559
"2967",221,2013-08-08,12.73852174,12.654,14.3783
"2968",222,2013-08-09,12.098,12.6701,14.3889
"2969",223,2013-08-10,12.21066667,12.6838,14.3974
"2970",224,2013-08-11,12.10204762,12.6927,14.3992
"2971",225,2013-08-12,12.063,12.6965,14.4037
"2972",226,2013-08-13,12.94761111,12.6974,14.4079
"2973",227,2013-08-14,13.35421053,12.6961,14.4003
"2974",228,2013-08-15,11.65747619,12.6923,14.3826
"2975",229,2013-08-16,12.0437619,12.6851,14.3617
"2976",230,2013-08-17,11.32742857,12.6742,14.3389
"2977",231,2013-08-18,10.51496552,12.6595,14.3103
"2978",232,2013-08-19,10.78358065,12.6431,14.2781
"2979",233,2013-08-20,11.51243333,12.6275,14.249
"2980",234,2013-08-21,12.35631034,12.6163,14.2283
"2981",235,2013-08-22,13.65196552,12.6113,14.2205
"2982",236,2013-08-23,14.13307407,12.6112,14.2261
"2983",237,2013-08-24,12.98165385,12.6138,14.2436
"2984",238,2013-08-25,12.00532,12.6191,14.2665
"2985",239,2013-08-26,13.682375,12.6254,14.2953
"2986",240,2013-08-27,13.1620625,12.6326,14.3249
"2987",241,2013-08-28,12.104,12.64,14.3561
"2988",242,2013-08-29,12.0158125,12.6478,14.3787
"2989",243,2013-08-30,12.3623125,12.6554,14.3961
"2990",244,2013-08-31,11.555125,12.6616,14.4099
"2991",245,2013-09-01,11.29677778,12.6647,14.4299
"2992",246,2013-09-02,11.30491304,12.6638,14.4426
"2993",247,2013-09-03,11.978625,12.6597,14.4468
"2994",248,2013-09-04,12.06630769,12.6518,14.441
"2995",249,2013-09-05,11.80879167,12.6399,14.4311
"2996",250,2013-09-06,11.137875,12.6243,14.4134
"2997",251,2013-09-07,10.91926087,12.6052,14.3932
"2998",252,2013-09-08,11.15259091,12.5842,14.3658
"2999",253,2013-09-09,11.80382609,12.5621,14.3325
"3000",254,2013-09-10,12.83255556,12.5404,14.3024
"3001",255,2013-09-11,13.67942105,12.5208,14.2666
"3002",256,2013-09-12,13.27321053,12.5033,14.2329
"3003",257,2013-09-13,12.89,12.4868,14.1992
"3004",258,2013-09-14,11.65194444,12.4709,14.1733
"3005",259,2013-09-15,10.87377778,12.4567,14.157
"3006",260,2013-09-16,11.17503448,12.4448,14.1438
"3007",261,2013-09-17,10.68633333,12.4351,14.1371
"3008",262,2013-09-18,10.58535484,12.4279,14.137
"3009",263,2013-09-19,10.62246429,12.4218,14.1435
"3010",264,2013-09-20,10.5822963,12.4158,14.1507
"3011",265,2013-09-21,10.55724,12.4081,14.1575
"3012",266,2013-09-22,11.03883333,12.3956,14.153
"3013",267,2013-09-23,11.59952381,12.3791,14.1396
"3014",268,2013-09-24,11.30186667,12.3607,14.1219
"3015",269,2013-09-25,11.46923077,12.341,14.1055
"3016",270,2013-09-26,11.40527273,12.3207,14.0833
"3017",271,2013-09-27,11.50244444,12.2999,14.0603
"3018",272,2013-09-28,10.9925,12.2801,14.0389
"3019",273,2013-09-29,10.21133333,12.2619,14.0268
"3020",274,2013-09-30,10.56088889,12.2461,14.0204
"3021",275,2013-10-01,10.49628571,12.2319,14.0126
"3022",276,2013-10-02,10.27234783,12.2188,13.9959
"3023",277,2013-10-03,9.903083333,12.2087,13.9913
"3024",278,2013-10-04,9.812192308,12.2019,14.0015
"3025",279,2013-10-05,10.076,12.1985,14.0183
"3026",280,2013-10-06,10.11556522,12.1982,14.0364
"3027",281,2013-10-07,10.54221739,12.1998,14.056
"3028",282,2013-10-08,10.22947826,12.2021,14.0729
"3029",283,2013-10-09,10.22352632,12.2038,14.0904
"3030",284,2013-10-10,10.14152941,12.2046,14.1119
"3031",285,2013-10-11,10.46893333,12.2044,14.1234
"3032",286,2013-10-12,10.5312,12.2041,14.1328
"3033",287,2013-10-13,10.49654545,12.2056,14.143
"3034",288,2013-10-14,10.53012,12.2082,14.1536
"3035",289,2013-10-15,10.76003704,12.2111,14.1635
"3036",290,2013-10-16,10.6795,12.2125,14.1722
"3037",291,2013-10-17,10.82085714,12.213,14.1805
"3038",292,2013-10-18,10.74461538,12.2133,14.183
"3039",293,2013-10-19,10.93678261,12.2149,14.1829
"3040",294,2013-10-20,10.89931818,12.2177,14.1802
"3041",295,2013-10-21,10.68404545,12.2223,14.1802
"3042",296,2013-10-22,10.85675,12.228,14.1807
"3043",297,2013-10-23,11.03078571,12.2354,14.1874
"3044",298,2013-10-24,11.27272727,12.2432,14.1954
"3045",299,2013-10-25,11.42475,12.2503,14.1981
"3046",300,2013-10-26,NA,12.2554,14.196
"3047",301,2013-10-27,NA,12.2592,14.1918
"3048",302,2013-10-28,10.44971429,12.2614,14.1826
"3049",303,2013-10-29,10.1635,12.2614,14.1721
"3050",304,2013-10-30,10.20471429,12.2582,14.1625
"3051",305,2013-10-31,10.1503125,12.2519,14.154
"3052",306,2013-11-01,10.27454545,12.2434,14.1476
"3053",307,2013-11-02,10.48584,12.2341,14.1418
"3054",308,2013-11-03,10.29668,12.2229,14.1281
"3055",309,2013-11-04,10.24986957,12.2092,14.1041
"3056",310,2013-11-05,10.22996,12.1937,14.0759
"3057",311,2013-11-06,10.3076,12.1778,14.049
"3058",312,2013-11-07,10.39575,12.1616,14.0221
"3059",313,2013-11-08,10.71333333,12.1461,13.9979
"3060",314,2013-11-09,10.60931818,12.1321,13.978
"3061",315,2013-11-10,10.81821053,12.1197,13.9587
"3062",316,2013-11-11,10.87242857,12.1084,13.9416
"3063",317,2013-11-12,11.179625,12.097,13.9311
"3064",318,2013-11-13,11.28605556,12.0836,13.9188
"3065",319,2013-11-14,11.04013636,12.0692,13.905
"3066",320,2013-11-15,10.58958333,12.0548,13.8911
"3067",321,2013-11-16,10.31636,12.0413,13.8773
"3068",322,2013-11-17,10.11838095,12.0278,13.8609
"3069",323,2013-11-18,10.11252632,12.014,13.8435
"3070",324,2013-11-19,10.28595,11.9987,13.8288
"3071",325,2013-11-20,10.75275,11.9825,13.8169
"3072",326,2013-11-21,10.65778571,11.9654,13.8033
"3073",327,2013-11-22,11.02681818,11.9481,13.7893
"3074",328,2013-11-23,NA,11.9307,13.7695
"3075",329,2013-11-24,10.492,11.9139,13.7483
"3076",330,2013-11-25,10.73925,11.8977,13.7307
"3077",331,2013-11-26,10.967,11.8824,13.714
"3078",332,2013-11-27,10.82371429,11.8678,13.6982
"3079",333,2013-11-28,12.3053125,11.8548,13.688
"3080",334,2013-11-29,12.82305556,11.8434,13.6778
"3081",335,2013-11-30,13.35321053,11.8336,13.6631
"3082",336,2013-12-01,12.97204348,11.8249,13.6462
"3083",337,2013-12-02,11.98803571,11.8169,13.6236
"3084",338,2013-12-03,11.16953846,11.8088,13.593
"3085",339,2013-12-04,10.74248148,11.8008,13.5554
"3086",340,2013-12-05,10.50424138,11.7935,13.5177
"3087",341,2013-12-06,10.10746429,11.7866,13.4788
"3088",342,2013-12-07,9.878538462,11.7795,13.4388
"3089",343,2013-12-08,9.726136364,11.7719,13.3972
"3090",344,2013-12-09,9.3995625,11.7631,13.3546
"3091",345,2013-12-10,9.535117647,11.7528,13.3116
"3092",346,2013-12-11,9.455777778,11.7411,13.2694
"3093",347,2013-12-12,9.830789474,11.728,13.2284
"3094",348,2013-12-13,10.1389,11.7141,13.1897
"3095",349,2013-12-14,9.984578947,11.7004,13.1527
"3096",350,2013-12-15,9.919130435,11.687,13.1179
"3097",351,2013-12-16,10.0793913,11.6738,13.0843
"3098",352,2013-12-17,10.017,11.6605,13.0525
"3099",353,2013-12-18,10.0562381,11.6477,13.0221
"3100",354,2013-12-19,10.06609091,11.636,12.9946
"3101",355,2013-12-20,10.29831579,11.6253,12.9673
"3102",356,2013-12-21,10.53222222,11.6154,12.9396
"3103",357,2013-12-22,10.17125,11.6067,12.912
"3104",358,2013-12-23,10.112,11.5988,12.8854
"3105",359,2013-12-24,10.29591667,11.5915,12.8612
"3106",360,2013-12-25,10.22757143,11.5846,12.8377
"3107",361,2013-12-26,10.28858824,11.5778,12.8142
"3108",362,2013-12-27,10.40663158,11.5708,12.7913
"3109",363,2013-12-28,10.3449,11.564,12.7697
"3110",364,2013-12-29,10.33428571,11.5572,12.7497
"3111",365,2013-12-30,10.47274074,11.5502,12.7329
"3112",366,2013-12-31,10.56045161,11.543,12.7202
"3113",1,2014-01-01,10.54162069,11.5356,12.7079
"3114",2,2014-01-02,10.5578,11.5284,12.7005
"3115",3,2014-01-03,10.6303,11.5217,12.7029
"3116",4,2014-01-04,10.55332258,11.5154,12.7147
"3117",5,2014-01-05,10.48889655,11.5096,12.7283
"3118",6,2014-01-06,10.41173913,11.5043,12.7451
"3119",7,2014-01-07,10.47588235,11.4997,12.7631
"3120",8,2014-01-08,10.51510526,11.4953,12.7826
"3121",9,2014-01-09,10.62284211,11.4915,12.8029
"3122",10,2014-01-10,10.63565,11.4886,12.8237
"3123",11,2014-01-11,10.68725,11.4866,12.8447
"3124",12,2014-01-12,10.7043,11.4855,12.8675
"3125",13,2014-01-13,10.62578261,11.4851,12.8903
"3126",14,2014-01-14,10.6228,11.4855,12.9124
"3127",15,2014-01-15,10.67778261,11.4864,12.9323
"3128",16,2014-01-16,10.65066667,11.4873,12.9509
"3129",17,2014-01-17,10.6935,11.4879,12.9678
"3130",18,2014-01-18,10.74168182,11.4884,12.9845
"3131",19,2014-01-19,10.75277273,11.4886,13.0006
"3132",20,2014-01-20,10.73736842,11.4886,13.0202
"3133",21,2014-01-21,10.70053846,11.4881,13.0406
"3134",22,2014-01-22,10.66964286,11.4868,13.0601
"3135",23,2014-01-23,10.639875,11.4849,13.0808
"3136",24,2014-01-24,10.69141176,11.4827,13.1015
"3137",25,2014-01-25,10.94321053,11.4793,13.1236
"3138",26,2014-01-26,10.91445,11.4745,13.1471
"3139",27,2014-01-27,10.84095238,11.4686,13.1721
"3140",28,2014-01-28,11.03310345,11.4615,13.1956
"3141",29,2014-01-29,11.176875,11.4532,13.2161
"3142",30,2014-01-30,11.15009677,11.4437,13.233
"3143",31,2014-01-31,10.83454839,11.4333,13.2505
"3144",32,2014-02-01,10.7996,11.4219,13.2681
"3145",33,2014-02-02,10.74289655,11.4098,13.2838
"3146",34,2014-02-03,10.74084615,11.3965,13.2958
"3147",35,2014-02-04,10.45552381,11.3818,13.3048
"3148",36,2014-02-05,10.23461111,11.3662,13.3123
"3149",37,2014-02-06,10.37877778,11.3502,13.3183
"3150",38,2014-02-07,10.638,11.3337,13.3226
"3151",39,2014-02-08,10.94666667,11.3167,13.3256
"3152",40,2014-02-09,11.033,11.2994,13.3258
"3153",41,2014-02-10,11.15523529,11.2821,13.3251
"3154",42,2014-02-11,10.91486364,11.2648,13.3231
"3155",43,2014-02-12,11.09604167,11.2479,13.3196
"3156",44,2014-02-13,11.25845833,11.2319,13.316
"3157",45,2014-02-14,11.5063913,11.2173,13.3133
"3158",46,2014-02-15,11.61925,11.2039,13.3121
"3159",47,2014-02-16,11.57218182,11.1914,13.313
"3160",48,2014-02-17,11.3235,11.18,13.3139
"3161",49,2014-02-18,11.26994118,11.1693,13.3093
"3162",50,2014-02-19,11.25946154,11.1588,13.3048
"3163",51,2014-02-20,10.6261875,11.1484,13.2961
"3164",52,2014-02-21,10.3936875,11.138,13.2851
"3165",53,2014-02-22,10.15011765,11.1277,13.2736
"3166",54,2014-02-23,9.963277778,11.1171,13.2569
"3167",55,2014-02-24,9.993684211,11.1054,13.2291
"3168",56,2014-02-25,10.44911538,11.0932,13.1909
"3169",57,2014-02-26,10.768,11.0808,13.1492
"3170",58,2014-02-27,11.1288,11.0678,13.1047
"3171",59,2014-02-28,11.44696667,11.0542,13.0582
"3172",61,2014-03-01,11.37973333,11.0281,12.9709
"3173",62,2014-03-02,11.52566667,11.0161,12.9282
"3174",63,2014-03-03,11.89523077,11.0039,12.8831
"3175",64,2014-03-04,12.00634783,10.9913,12.8386
"3176",65,2014-03-05,12.13985714,10.9786,12.7955
"3177",66,2014-03-06,12.177,10.966,12.7535
"3178",67,2014-03-07,12.13353333,10.9528,12.7117
"3179",68,2014-03-08,11.80014286,10.9389,12.6706
"3180",69,2014-03-09,12.06661538,10.9247,12.631
"3181",70,2014-03-10,11.78081818,10.9099,12.5926
"3182",71,2014-03-11,11.354,10.894,12.5522
"3183",72,2014-03-12,11.39858824,10.8763,12.5063
"3184",73,2014-03-13,11.6815,10.8565,12.4576
"3185",74,2014-03-14,11.29331818,10.8348,12.4093
"3186",75,2014-03-15,10.59673913,10.811,12.3601
"3187",76,2014-03-16,10.46063636,10.7842,12.3106
"3188",77,2014-03-17,10.34352381,10.7552,12.2611
"3189",78,2014-03-18,10.28794737,10.7238,12.2093
"3190",79,2014-03-19,10.01653846,10.6893,12.156
"3191",80,2014-03-20,9.941,10.6532,12.1081
"3192",81,2014-03-21,9.956,10.6165,12.0598
"3193",82,2014-03-22,10.0490625,10.5798,12.0115
"3194",83,2014-03-23,9.9446875,10.5432,11.9635
"3195",84,2014-03-24,10.05553333,10.5071,11.9161
"3196",85,2014-03-25,10.61123529,10.4714,11.8731
"3197",86,2014-03-26,11.03484,10.4362,11.8384
"3198",87,2014-03-27,11.28276923,10.4018,11.8121
"3199",88,2014-03-28,11.58275,10.3693,11.7878
"3200",89,2014-03-29,11.43217241,10.339,11.765
"3201",90,2014-03-30,11.48692308,10.3122,11.7481
"3202",91,2014-03-31,11.195,10.2869,11.7373
"3203",92,2014-04-01,11.25278261,10.2619,11.7304
"3204",93,2014-04-02,11.48044444,10.2367,11.7211
"3205",94,2014-04-03,11.465,10.2121,11.7142
"3206",95,2014-04-04,12.003,10.1884,11.7029
"3207",96,2014-04-05,11.3355,10.1664,11.6813
"3208",97,2014-04-06,10.49885714,10.1461,11.6534
"3209",98,2014-04-07,NA,10.1266,11.6249
"3210",99,2014-04-08,NA,10.1065,11.5952
"3211",100,2014-04-09,NA,10.086,11.563
"3212",101,2014-04-10,10.68042857,10.0645,11.5263
"3213",102,2014-04-11,10.5335,10.0423,11.4943
"3214",103,2014-04-12,11.32469231,10.0201,11.4655
"3215",104,2014-04-13,11.14064706,9.9993,11.4374
"3216",105,2014-04-14,10.90711111,9.9796,11.4075
"3217",106,2014-04-15,10.26364706,9.9609,11.3783
"3218",107,2014-04-16,9.780214286,9.9429,11.3446
"3219",108,2014-04-17,9.500214286,9.9251,11.3076
"3220",109,2014-04-18,9.193769231,9.9089,11.2742
"3221",110,2014-04-19,9.0375,9.8952,11.2422
"3222",111,2014-04-20,9.053642857,9.8821,11.2088
"3223",112,2014-04-21,8.912153846,9.8701,11.1758
"3224",113,2014-04-22,9.330866667,9.8595,11.1443
"3225",114,2014-04-23,9.549375,9.8499,11.1168
"3226",115,2014-04-24,9.407666667,9.8402,11.0938
"3227",116,2014-04-25,9.529095238,9.831,11.0741
"3228",117,2014-04-26,9.347086957,9.8224,11.0564
"3229",118,2014-04-27,9.429782609,9.8148,11.0388
"3230",119,2014-04-28,9.288913043,9.8077,11.018
"3231",120,2014-04-29,9.374904762,9.8012,10.9921
"3232",121,2014-04-30,9.605941176,9.7941,10.9638
"3233",122,2014-05-01,10.33330769,9.7877,10.9322
"3234",123,2014-05-02,10.47581818,9.7824,10.8984
"3235",124,2014-05-03,10.12422222,9.7786,10.8653
"3236",125,2014-05-04,9.188333333,9.7767,10.834
"3237",126,2014-05-05,NA,9.7767,10.8089
"3238",127,2014-05-06,NA,9.7775,10.794
"3239",128,2014-05-07,NA,9.7801,10.7893
"3240",129,2014-05-08,9.142833333,9.7846,10.7963
"3241",130,2014-05-09,9.6001,9.7917,10.8097
"3242",131,2014-05-10,9.379583333,9.8003,10.8255
"3243",132,2014-05-11,9.442071429,9.8114,10.8541
"3244",133,2014-05-12,9.796625,9.8257,10.8846
"3245",134,2014-05-13,9.804529412,9.8427,10.9183
"3246",135,2014-05-14,9.5784375,9.8605,10.9552
"3247",136,2014-05-15,9.8478125,9.8814,10.9977
"3248",137,2014-05-16,9.848933333,9.9059,11.0436
"3249",138,2014-05-17,9.478928571,9.9345,11.0977
"3250",139,2014-05-18,9.471466667,9.9654,11.1566
"3251",140,2014-05-19,9.31245,9.9986,11.2164
"3252",141,2014-05-20,9.96595,10.0341,11.2828
"3253",142,2014-05-21,10.40814286,10.0723,11.3607
"3254",143,2014-05-22,10.46028571,10.1114,11.445
"3255",144,2014-05-23,11.0180625,10.1497,11.5299
"3256",145,2014-05-24,10.18711765,10.187,11.6114
"3257",146,2014-05-25,9.928882353,10.2246,11.6877
"3258",147,2014-05-26,9.794722222,10.2598,11.7588
"3259",148,2014-05-27,9.6555,10.2922,11.8222
"3260",149,2014-05-28,9.25125,10.3211,11.8722
"3261",150,2014-05-29,9.096214286,10.3479,11.9198
"3262",151,2014-05-30,9.432846154,10.372,11.964
"3263",152,2014-05-31,9.340727273,10.3934,11.9954
"3264",153,2014-06-01,9.295,10.4127,12.0174
"3265",154,2014-06-02,9.7925,10.4311,12.0444
"3266",155,2014-06-03,NA,10.4493,12.0708
"3267",156,2014-06-04,11.7585,10.4685,12.1071
"3268",157,2014-06-05,11.767875,10.4886,12.1463
"3269",158,2014-06-06,12.19281818,10.5104,12.1889
"3270",159,2014-06-07,12.21907143,10.5332,12.2297
"3271",160,2014-06-08,13.1571875,10.5575,12.2626
"3272",161,2014-06-09,12.64641176,10.583,12.2941
"3273",162,2014-06-10,13.19131579,10.6103,12.333
"3274",163,2014-06-11,13.9744,10.6398,12.3719
"3275",164,2014-06-12,12.23163158,10.6706,12.4117
"3276",165,2014-06-13,10.87945,10.7024,12.4592
"3277",166,2014-06-14,10.49947826,10.7361,12.5098
"3278",167,2014-06-15,10.57058333,10.7688,12.5603
"3279",168,2014-06-16,10.77113043,10.799,12.6145
"3280",169,2014-06-17,10.34324,10.8261,12.6584
"3281",170,2014-06-18,10.41826087,10.851,12.7008
"3282",171,2014-06-19,11.416875,10.8741,12.7335
"3283",172,2014-06-20,11.30041176,10.8958,12.7597
"3284",173,2014-06-21,10.74742105,10.9168,12.778
"3285",174,2014-06-22,10.51431579,10.9389,12.7935
"3286",175,2014-06-23,10.38052632,10.9625,12.8073
"3287",176,2014-06-24,10.33405263,10.9882,12.8209
"3288",177,2014-06-25,9.804736842,11.0144,12.8344
"3289",178,2014-06-26,10.92616667,11.044,12.8488
"3290",179,2014-06-27,11.27906667,11.0787,12.8711
"3291",180,2014-06-28,10.32329412,11.1199,12.908
"3292",181,2014-06-29,9.8028125,11.1663,12.9585
"3293",182,2014-06-30,9.677,11.217,13.0222
"3294",183,2014-07-01,10.09557143,11.2708,13.1046
"3295",184,2014-07-02,11.624,11.3268,13.1926
"3296",185,2014-07-03,11.686,11.3831,13.2672
"3297",186,2014-07-04,11.81469231,11.4389,13.3403
"3298",187,2014-07-05,12.08193333,11.4934,13.397
"3299",188,2014-07-06,12.30876471,11.5473,13.4483
"3300",189,2014-07-07,11.44566667,11.5999,13.4998
"3301",190,2014-07-08,12.33395,11.6515,13.5555
"3302",191,2014-07-09,13.193,11.7021,13.6202
"3303",192,2014-07-10,13.56057143,11.7526,13.6854
"3304",193,2014-07-11,14.30404,11.8032,13.749
"3305",194,2014-07-12,14.50592308,11.8528,13.7988
"3306",195,2014-07-13,12.84214815,11.9012,13.8461
"3307",196,2014-07-14,11.20492308,11.9489,13.8904
"3308",197,2014-07-15,11.41007692,11.9957,13.9333
"3309",198,2014-07-16,12.06910714,12.0428,13.9757
"3310",199,2014-07-17,13.94485185,12.0906,14.011
"3311",200,2014-07-18,15.08583333,12.1395,14.0528
"3312",201,2014-07-19,16.63736842,12.1887,14.0934
"3313",202,2014-07-20,16.3176,12.2354,14.1355
"3314",203,2014-07-21,16.81415789,12.2777,14.1692
"3315",204,2014-07-22,17.84447368,12.3152,14.197
"3316",205,2014-07-23,18.03589474,12.3484,14.2168
"3317",206,2014-07-24,12.98419048,12.3792,14.2298
"3318",207,2014-07-25,12.33773913,12.4075,14.2391
"3319",208,2014-07-26,12.67059091,12.4347,14.2485
"3320",209,2014-07-27,13.68936364,12.4601,14.2573
"3321",210,2014-07-28,15.21771429,12.4822,14.2641
"3322",211,2014-07-29,16.39009524,12.5002,14.2699
"3323",212,2014-07-30,16.04977778,12.5139,14.2678
"3324",213,2014-07-31,15.53189474,12.5262,14.2664
"3325",214,2014-08-01,15.57742857,12.5393,14.2619
"3326",215,2014-08-02,15.2974,12.5533,14.26
"3327",216,2014-08-03,15.36164706,12.5686,14.2669
"3328",217,2014-08-04,15.49444444,12.585,14.2813
"3329",218,2014-08-05,14.84747368,12.6017,14.3024
"3330",219,2014-08-06,14.7037,12.6188,14.3296
"3331",220,2014-08-07,13.9077619,12.6366,14.3559
"3332",221,2014-08-08,12.91819231,12.654,14.3783
"3333",222,2014-08-09,12.26632258,12.6701,14.3889
"3334",223,2014-08-10,11.71337931,12.6838,14.3974
"3335",224,2014-08-11,12.81363333,12.6927,14.3992
"3336",225,2014-08-12,13.59455172,12.6965,14.4037
"3337",226,2014-08-13,13.79707143,12.6974,14.4079
"3338",227,2014-08-14,13.66465517,12.6961,14.4003
"3339",228,2014-08-15,14.14644444,12.6923,14.3826
"3340",229,2014-08-16,14.6395,12.6851,14.3617
"3341",230,2014-08-17,15.64316667,12.6742,14.3389
"3342",231,2014-08-18,15.97378947,12.6595,14.3103
"3343",232,2014-08-19,14.65768421,12.6431,14.2781
"3344",233,2014-08-20,14.83216667,12.6275,14.249
"3345",234,2014-08-21,15.719,12.6163,14.2283
"3346",235,2014-08-22,16.36758333,12.6113,14.2205
"3347",236,2014-08-23,15.655,12.6112,14.2261
"3348",237,2014-08-24,16.13484615,12.6138,14.2436
"3349",238,2014-08-25,16.34395652,12.6191,14.2665
"3350",239,2014-08-26,16.71265217,12.6254,14.2953
"3351",240,2014-08-27,16.07326087,12.6326,14.3249
"3352",241,2014-08-28,15.80915789,12.64,14.3561
"3353",242,2014-08-29,14.9059,12.6478,14.3787
"3354",243,2014-08-30,15.3006,12.6554,14.3961
"3355",244,2014-08-31,13.8085,12.6616,14.4099
"3356",245,2014-09-01,12.70541176,12.6647,14.4299
"3357",246,2014-09-02,12.34561111,12.6638,14.4426
"3358",247,2014-09-03,13.13926316,12.6597,14.4468
"3359",248,2014-09-04,14.58710526,12.6518,14.441
"3360",249,2014-09-05,15.50783333,12.6399,14.4311
"3361",250,2014-09-06,16.09565517,12.6243,14.4134
"3362",251,2014-09-07,15.9493871,12.6052,14.3932
"3363",252,2014-09-08,14.88712903,12.5842,14.3658
"3364",253,2014-09-09,14.2543,12.5621,14.3325
"3365",254,2014-09-10,14.36886207,12.5404,14.3024
"3366",255,2014-09-11,15.27953571,12.5208,14.2666
"3367",256,2014-09-12,15.84071429,12.5033,14.2329
"3368",257,2014-09-13,15.63957692,12.4868,14.1992
"3369",258,2014-09-14,15.76482353,12.4709,14.1733
"3370",259,2014-09-15,15.85525,12.4567,14.157
"3371",260,2014-09-16,16.75728571,12.4448,14.1438
"3372",261,2014-09-17,15.67053846,12.4351,14.1371
"3373",262,2014-09-18,16.67447059,12.4279,14.137
"3374",263,2014-09-19,17.15809524,12.4218,14.1435
"3375",264,2014-09-20,17.39847826,12.4158,14.1507
"3376",265,2014-09-21,17.56208696,12.4081,14.1575
"3377",266,2014-09-22,17.29616,12.3956,14.153
"3378",267,2014-09-23,17.37592,12.3791,14.1396
"3379",268,2014-09-24,17.01269565,12.3607,14.1219
"3380",269,2014-09-25,16.28371429,12.341,14.1055
"3381",270,2014-09-26,17.09321053,12.3207,14.0833
"3382",271,2014-09-27,15.4363,12.2999,14.0603
"3383",272,2014-09-28,13.99635294,12.2801,14.0389
"3384",273,2014-09-29,14.59376471,12.2619,14.0268
"3385",274,2014-09-30,14.0875,12.2461,14.0204
"3386",275,2014-10-01,13.196,12.2319,14.0126
"3387",276,2014-10-02,12.76673333,12.2188,13.9959
"3388",277,2014-10-03,13.32631818,12.2087,13.9913
"3389",278,2014-10-04,13.69138462,12.2019,14.0015
"3390",279,2014-10-05,13.70882759,12.1985,14.0183
"3391",280,2014-10-06,13.63341935,12.1982,14.0364
"3392",281,2014-10-07,13.22177419,12.1998,14.056
"3393",282,2014-10-08,12.85671429,12.2021,14.0729
"3394",283,2014-10-09,12.46160714,12.2038,14.0904
"3395",284,2014-10-10,12.2026,12.2046,14.1119
"3396",285,2014-10-11,12.11244444,12.2044,14.1234
"3397",286,2014-10-12,12.02320833,12.2041,14.1328
"3398",287,2014-10-13,12.62328571,12.2056,14.143
"3399",288,2014-10-14,13.978,12.2082,14.1536
"3400",289,2014-10-15,14.7485,12.2111,14.1635
"3401",290,2014-10-16,13.822,12.2125,14.1722
"3402",291,2014-10-17,14.05,12.213,14.1805
"3403",292,2014-10-18,14.90133333,12.2133,14.183
"3404",293,2014-10-19,15.09107143,12.2149,14.1829
"3405",294,2014-10-20,16.20088889,12.2177,14.1802
"3406",295,2014-10-21,15.20890476,12.2223,14.1802
"3407",296,2014-10-22,14.94763636,12.228,14.1807
"3408",297,2014-10-23,15.00186364,12.2354,14.1874
"3409",298,2014-10-24,15.7574,12.2432,14.1954
"3410",299,2014-10-25,16.47338889,12.2503,14.1981
"3411",300,2014-10-26,16.2975,12.2554,14.196
"3412",301,2014-10-27,15.19477778,12.2592,14.1918
"3413",302,2014-10-28,14.45435294,12.2614,14.1826
"3414",303,2014-10-29,13.6948,12.2614,14.1721
"3415",304,2014-10-30,13.82093333,12.2582,14.1625
"3416",305,2014-10-31,14.38552632,12.2519,14.154
"3417",306,2014-11-01,13.71347619,12.2434,14.1476
"3418",307,2014-11-02,12.91230435,12.2341,14.1418
"3419",308,2014-11-03,12.70532,12.2229,14.1281
"3420",309,2014-11-04,12.59757692,12.2092,14.1041
"3421",310,2014-11-05,13.58303571,12.1937,14.0759
"3422",311,2014-11-06,14.44385185,12.1778,14.049
"3423",312,2014-11-07,14.22576923,12.1616,14.0221
"3424",313,2014-11-08,13.66679167,12.1461,13.9979
"3425",314,2014-11-09,13.50296154,12.1321,13.978
"3426",315,2014-11-10,13.21963636,12.1197,13.9587
"3427",316,2014-11-11,13.5109375,12.1084,13.9416
"3428",317,2014-11-12,14.4476,12.097,13.9311
"3429",318,2014-11-13,14.202,12.0836,13.9188
"3430",319,2014-11-14,14.00885714,12.0692,13.905
"3431",320,2014-11-15,13.8364,12.0548,13.8911
"3432",321,2014-11-16,13.57184615,12.0413,13.8773
"3433",322,2014-11-17,13.42671429,12.0278,13.8609
"3434",323,2014-11-18,13.3962,12.014,13.8435
"3435",324,2014-11-19,14.03305882,11.9987,13.8288
"3436",325,2014-11-20,14.114,11.9825,13.8169
"3437",326,2014-11-21,14.13933333,11.9654,13.8033
"3438",327,2014-11-22,15.28313636,11.9481,13.7893
"3439",328,2014-11-23,14.365,11.9307,13.7695
"3440",329,2014-11-24,13.946,11.9139,13.7483
"3441",330,2014-11-25,14.02230769,11.8977,13.7307
"3442",331,2014-11-26,14.88644,11.8824,13.714
"3443",332,2014-11-27,15.91922727,11.8678,13.6982
"3444",333,2014-11-28,15.611,11.8548,13.688
"3445",334,2014-11-29,16.1306,11.8434,13.6778
"3446",335,2014-11-30,15.9,11.8336,13.6631
"3447",336,2014-12-01,15.72666667,11.8249,13.6462
"3448",337,2014-12-02,15.449,11.8169,13.6236
"3449",338,2014-12-03,14.94108696,11.8088,13.593
"3450",339,2014-12-04,15.16,11.8008,13.5554
"3451",340,2014-12-05,15.54510714,11.7935,13.5177
"3452",341,2014-12-06,15.59566667,11.7866,13.4788
"3453",342,2014-12-07,15.19875,11.7795,13.4388
"3454",343,2014-12-08,15.52532,11.7719,13.3972
"3455",344,2014-12-09,15.48947826,11.7631,13.3546
"3456",345,2014-12-10,15.29404762,11.7528,13.3116
"3457",346,2014-12-11,15.26192857,11.7411,13.2694
"3458",347,2014-12-12,15.557,11.728,13.2284
"3459",348,2014-12-13,14.9862,11.7141,13.1897
"3460",349,2014-12-14,14.645,11.7004,13.1527
"3461",350,2014-12-15,14.83314286,11.687,13.1179
"3462",351,2014-12-16,14.879,11.6738,13.0843
"3463",352,2014-12-17,14.92127778,11.6605,13.0525
"3464",353,2014-12-18,15.02136842,11.6477,13.0221
"3465",354,2014-12-19,14.8052,11.636,12.9946
"3466",355,2014-12-20,14.94971429,11.6253,12.9673
"3467",356,2014-12-21,15.03057692,11.6154,12.9396
"3468",357,2014-12-22,15.16284615,11.6067,12.912
"3469",358,2014-12-23,15.14489286,11.5988,12.8854
"3470",359,2014-12-24,15.04046429,11.5915,12.8612
"3471",360,2014-12-25,14.35151724,11.5846,12.8377
"3472",361,2014-12-26,14.07215385,11.5778,12.8142
"3473",362,2014-12-27,13.70028571,11.5708,12.7913
"3474",363,2014-12-28,13.61235294,11.564,12.7697
"3475",364,2014-12-29,13.29033333,11.5572,12.7497
"3476",365,2014-12-30,12.48405,11.5502,12.7329
"3477",366,2014-12-31,11.61428571,11.543,12.7202
"3478",1,2015-01-01,11.43445,11.5356,12.7079
"3479",2,2015-01-02,11.90340741,11.5284,12.7005
"3480",3,2015-01-03,12.00714286,11.5217,12.7029
"3481",4,2015-01-04,12.33056,11.5154,12.7147
"3482",5,2015-01-05,12.49772,11.5096,12.7283
"3483",6,2015-01-06,12.45132,11.5043,12.7451
"3484",7,2015-01-07,12.774875,11.4997,12.7631
"3485",8,2015-01-08,12.73952174,11.4953,12.7826
"3486",9,2015-01-09,12.77731579,11.4915,12.8029
"3487",10,2015-01-10,12.72481818,11.4886,12.8237
"3488",11,2015-01-11,12.82925,11.4866,12.8447
"3489",12,2015-01-12,12.69715385,11.4855,12.8675
"3490",13,2015-01-13,12.4786,11.4851,12.8903
"3491",14,2015-01-14,12.306875,11.4855,12.9124
"3492",15,2015-01-15,12.54588889,11.4864,12.9323
"3493",16,2015-01-16,12.7048,11.4873,12.9509
"3494",17,2015-01-17,13.3386,11.4879,12.9678
"3495",18,2015-01-18,13.41522222,11.4884,12.9845
"3496",19,2015-01-19,13.16813793,11.4886,13.0006
"3497",20,2015-01-20,12.96933333,11.4886,13.0202
"3498",21,2015-01-21,12.75553333,11.4881,13.0406
"3499",22,2015-01-22,13.24146667,11.4868,13.0601
"3500",23,2015-01-23,13.37110345,11.4849,13.0808
"3501",24,2015-01-24,13.34134483,11.4827,13.1015
"3502",25,2015-01-25,13.18147826,11.4793,13.1236
"3503",26,2015-01-26,13.18877778,11.4745,13.1471
"3504",27,2015-01-27,13.34668421,11.4686,13.1721
"3505",28,2015-01-28,13.2894,11.4615,13.1956
"3506",29,2015-01-29,13.11715,11.4532,13.2161
"3507",30,2015-01-30,12.8817619,11.4437,13.233
"3508",31,2015-01-31,12.7306,11.4333,13.2505
"3509",32,2015-02-01,12.62160714,11.4219,13.2681
"3510",33,2015-02-02,12.85437037,11.4098,13.2838
"3511",34,2015-02-03,13.00476923,11.3965,13.2958
"3512",35,2015-02-04,13.01784,11.3818,13.3048
"3513",36,2015-02-05,13.30108333,11.3662,13.3123
"3514",37,2015-02-06,13.55795455,11.3502,13.3183
"3515",38,2015-02-07,13.71021053,11.3337,13.3226
"3516",39,2015-02-08,13.75830769,11.3167,13.3256
"3517",40,2015-02-09,13.93369231,11.2994,13.3258
"3518",41,2015-02-10,13.84085714,11.2821,13.3251
"3519",42,2015-02-11,13.7316,11.2648,13.3231
"3520",43,2015-02-12,13.8085,11.2479,13.3196
"3521",44,2015-02-13,13.76333333,11.2319,13.316
"3522",45,2015-02-14,13.67484211,11.2173,13.3133
"3523",46,2015-02-15,13.89457143,11.2039,13.3121
"3524",47,2015-02-16,13.73137931,11.1914,13.313
"3525",48,2015-02-17,13.83787097,11.18,13.3139
"3526",49,2015-02-18,13.69662069,11.1693,13.3093
"3527",50,2015-02-19,13.61313333,11.1588,13.3048
"3528",51,2015-02-20,13.6994,11.1484,13.2961
"3529",52,2015-02-21,13.81965517,11.138,13.2851
"3530",53,2015-02-22,13.77504,11.1277,13.2736
"3531",54,2015-02-23,13.43661905,11.1171,13.2569
"3532",55,2015-02-24,13.20088889,11.1054,13.2291
"3533",56,2015-02-25,13.07405882,11.0932,13.1909
"3534",57,2015-02-26,12.88282353,11.0808,13.1492
"3535",58,2015-02-27,11.80875,11.0678,13.1047
"3536",59,2015-02-28,10.87457143,11.0542,13.0582
"3537",61,2015-03-01,10.93925,11.0281,12.9709
"3538",62,2015-03-02,11.00476,11.0161,12.9282
"3539",63,2015-03-03,10.93033333,11.0039,12.8831
"3540",64,2015-03-04,11.39004167,10.9913,12.8386
"3541",65,2015-03-05,11.784,10.9786,12.7955
"3542",66,2015-03-06,12.04281818,10.966,12.7535
"3543",67,2015-03-07,12.13675,10.9528,12.7117
"3544",68,2015-03-08,11.8934375,10.9389,12.6706
"3545",69,2015-03-09,11.53590909,10.9247,12.631
"3546",70,2015-03-10,11.53216667,10.9099,12.5926
"3547",71,2015-03-11,11.45776923,10.894,12.5522
"3548",72,2015-03-12,11.67676923,10.8763,12.5063
"3549",73,2015-03-13,11.89921429,10.8565,12.4576
"3550",74,2015-03-14,11.9188,10.8348,12.4093
"3551",75,2015-03-15,11.998125,10.811,12.3601
"3552",76,2015-03-16,12.21520833,10.7842,12.3106
"3553",77,2015-03-17,11.62960714,10.7552,12.2611
"3554",78,2015-03-18,10.87322581,10.7238,12.2093
"3555",79,2015-03-19,10.84231034,10.6893,12.156
"3556",80,2015-03-20,10.8372069,10.6532,12.1081
"3557",81,2015-03-21,11.08725,10.6165,12.0598
"3558",82,2015-03-22,11.47834615,10.5798,12.0115
"3559",83,2015-03-23,11.74558333,10.5432,11.9635
"3560",84,2015-03-24,11.65415385,10.5071,11.9161
"3561",85,2015-03-25,11.4186875,10.4714,11.8731
"3562",86,2015-03-26,10.58614286,10.4362,11.8384
"3563",87,2015-03-27,10.83783333,10.4018,11.8121
"3564",88,2015-03-28,10.22211111,10.3693,11.7878
"3565",89,2015-03-29,9.845583333,10.339,11.765
"3566",90,2015-03-30,9.622466667,10.3122,11.7481
"3567",91,2015-03-31,9.477235294,10.2869,11.7373
"3568",92,2015-04-01,9.637944444,10.2619,11.7304
"3569",93,2015-04-02,9.384421053,10.2367,11.7211
"3570",94,2015-04-03,9.276526316,10.2121,11.7142
"3571",95,2015-04-04,9.102625,10.1884,11.7029
"3572",96,2015-04-05,9.264083333,10.1664,11.6813
"3573",97,2015-04-06,10.00925,10.1461,11.6534
"3574",98,2015-04-07,10.60808333,10.1266,11.6249
"3575",99,2015-04-08,10.64954545,10.1065,11.5952
"3576",100,2015-04-09,10.88054545,10.086,11.563
"3577",101,2015-04-10,10.65683333,10.0645,11.5263
"3578",102,2015-04-11,10.3914,10.0423,11.4943
"3579",103,2015-04-12,9.703777778,10.0201,11.4655
"3580",104,2015-04-13,9.953,9.9993,11.4374
"3581",105,2015-04-14,9.297095238,9.9796,11.4075
"3582",106,2015-04-15,9.254625,9.9609,11.3783
"3583",107,2015-04-16,9.167888889,9.9429,11.3446
"3584",108,2015-04-17,9.513428571,9.9251,11.3076
"3585",109,2015-04-18,9.755538462,9.9089,11.2742
"3586",110,2015-04-19,10.10448,9.8952,11.2422
"3587",111,2015-04-20,10.25508696,9.8821,11.2088
"3588",112,2015-04-21,10.24025,9.8701,11.1758
"3589",113,2015-04-22,9.576454545,9.8595,11.1443
"3590",114,2015-04-23,9.484384615,9.8499,11.1168
"3591",115,2015-04-24,9.5361,9.8402,11.0938
"3592",116,2015-04-25,NA,9.831,11.0741
"3593",117,2015-04-26,10.198,9.8224,11.0564
"3594",118,2015-04-27,9.938142857,9.8148,11.0388
"3595",119,2015-04-28,9.728222222,9.8077,11.018
"3596",120,2015-04-29,9.358727273,9.8012,10.9921
"3597",121,2015-04-30,9.66325,9.7941,10.9638
"3598",122,2015-05-01,9.338230769,9.7877,10.9322
"3599",123,2015-05-02,9.738,9.7824,10.8984
"3600",124,2015-05-03,10.38321429,9.7786,10.8653
"3601",125,2015-05-04,9.77825,9.7767,10.834
"3602",126,2015-05-05,9.770615385,9.7767,10.8089
"3603",127,2015-05-06,9.416076923,9.7775,10.794
"3604",128,2015-05-07,9.028454545,9.7801,10.7893
"3605",129,2015-05-08,8.834,9.7846,10.7963
"3606",130,2015-05-09,9.163083333,9.7917,10.8097
"3607",131,2015-05-10,9.16025,9.8003,10.8255
"3608",132,2015-05-11,10.155,9.8114,10.8541
"3609",133,2015-05-12,9.878416667,9.8257,10.8846
"3610",134,2015-05-13,9.957266667,9.8427,10.9183
"3611",135,2015-05-14,9.924375,9.8605,10.9552
"3612",136,2015-05-15,9.929529412,9.8814,10.9977
"3613",137,2015-05-16,9.764086957,9.9059,11.0436
"3614",138,2015-05-17,9.620434783,9.9345,11.0977
"3615",139,2015-05-18,9.748681818,9.9654,11.1566
"3616",140,2015-05-19,9.998666667,9.9986,11.2164
"3617",141,2015-05-20,10.15163158,10.0341,11.2828
"3618",142,2015-05-21,10.22207692,10.0723,11.3607
"3619",143,2015-05-22,10.0064,10.1114,11.445
"3620",144,2015-05-23,9.958375,10.1497,11.5299
"3621",145,2015-05-24,11.27266667,10.187,11.6114
"3622",146,2015-05-25,9.994428571,10.2246,11.6877
"3623",147,2015-05-26,10.32577778,10.2598,11.7588
"3624",148,2015-05-27,10.65675,10.2922,11.8222
"3625",149,2015-05-28,10.3445,10.3211,11.8722
"3626",150,2015-05-29,10.54392857,10.3479,11.9198
"3627",151,2015-05-30,10.084125,10.372,11.964
"3628",152,2015-05-31,10.47876471,10.3934,11.9954
"3629",153,2015-06-01,10.76352941,10.4127,12.0174
"3630",154,2015-06-02,10.4514375,10.4311,12.0444
"3631",155,2015-06-03,9.7688,10.4493,12.0708
"3632",156,2015-06-04,9.565428571,10.4685,12.1071
"3633",157,2015-06-05,9.538466667,10.4886,12.1463
"3634",158,2015-06-06,10.04788235,10.5104,12.1889
"3635",159,2015-06-07,10.81971429,10.5332,12.2297
"3636",160,2015-06-08,11.32185,10.5575,12.2626
"3637",161,2015-06-09,12.14493333,10.583,12.2941
"3638",162,2015-06-10,13.2238125,10.6103,12.333
"3639",163,2015-06-11,13.49616667,10.6398,12.3719
"3640",164,2015-06-12,13.66073684,10.6706,12.4117
"3641",165,2015-06-13,13.31494737,10.7024,12.4592
"3642",166,2015-06-14,13.96835,10.7361,12.5098
"3643",167,2015-06-15,11.46477273,10.7688,12.5603
"3644",168,2015-06-16,10.93086364,10.799,12.6145
"3645",169,2015-06-17,10.79127273,10.8261,12.6584
"3646",170,2015-06-18,10.98845455,10.851,12.7008
"3647",171,2015-06-19,10.97105263,10.8741,12.7335
"3648",172,2015-06-20,10.51,10.8958,12.7597
"3649",173,2015-06-21,11.19629412,10.9168,12.778
"3650",174,2015-06-22,12.20033333,10.9389,12.7935
"3651",175,2015-06-23,12.31581818,10.9625,12.8073
"3652",176,2015-06-24,11.42,10.9882,12.8209
"3653",177,2015-06-25,10.96592857,11.0144,12.8344
"3654",178,2015-06-26,10.8005,11.044,12.8488
"3655",179,2015-06-27,12.12794118,11.0787,12.8711
"3656",180,2015-06-28,13.45322222,11.1199,12.908
"3657",181,2015-06-29,13.04078947,11.1663,12.9585
"3658",182,2015-06-30,11.68826316,11.217,13.0222
"3659",183,2015-07-01,12.34905263,11.2708,13.1046
"3660",184,2015-07-02,12.54182609,11.3268,13.1926
"3661",185,2015-07-03,13.51220833,11.3831,13.2672
"3662",186,2015-07-04,14.48696,11.4389,13.3403
"3663",187,2015-07-05,15.13872,11.4934,13.397
"3664",188,2015-07-06,15.47992308,11.5473,13.4483
"3665",189,2015-07-07,14.61124,11.5999,13.4998
"3666",190,2015-07-08,13.19911111,11.6515,13.5555
"3667",191,2015-07-09,12.48642105,11.7021,13.6202
"3668",192,2015-07-10,12.39226316,11.7526,13.6854
"3669",193,2015-07-11,13.02945,11.8032,13.749
"3670",194,2015-07-12,14.5542,11.8528,13.7988
"3671",195,2015-07-13,13.1266,11.9012,13.8461
"3672",196,2015-07-14,11.7622,11.9489,13.8904
"3673",197,2015-07-15,10.85832,11.9957,13.9333
"3674",198,2015-07-16,11.32230435,12.0428,13.9757
"3675",199,2015-07-17,11.77852174,12.0906,14.011
"3676",200,2015-07-18,13.56109091,12.1395,14.0528
"3677",201,2015-07-19,15.43957895,12.1887,14.0934
"3678",202,2015-07-20,15.90842105,12.2354,14.1355
"3679",203,2015-07-21,13.852,12.2777,14.1692
"3680",204,2015-07-22,13.29392308,12.3152,14.197
"3681",205,2015-07-23,13.55078571,12.3484,14.2168
"3682",206,2015-07-24,13.542625,12.3792,14.2298
"3683",207,2015-07-25,12.86111765,12.4075,14.2391
"3684",208,2015-07-26,12.43516667,12.4347,14.2485
"3685",209,2015-07-27,11.5157,12.4601,14.2573
"3686",210,2015-07-28,10.7937,12.4822,14.2641
"3687",211,2015-07-29,12.484,12.5002,14.2699
"3688",212,2015-07-30,13.58114815,12.5139,14.2678
"3689",213,2015-07-31,14.14948148,12.5262,14.2664
"3690",214,2015-08-01,14.45775862,12.5393,14.2619
"3691",215,2015-08-02,14.79306897,12.5533,14.26
"3692",216,2015-08-03,14.79411111,12.5686,14.2669
"3693",217,2015-08-04,13.882,12.585,14.2813
"3694",218,2015-08-05,14.87718519,12.6017,14.3024
"3695",219,2015-08-06,13.906,12.6188,14.3296
"3696",220,2015-08-07,14.41655,12.6366,14.3559
"3697",221,2015-08-08,15.6558,12.654,14.3783
"3698",222,2015-08-09,13.69175,12.6701,14.3889
"3699",223,2015-08-10,12.44725,12.6838,14.3974
"3700",224,2015-08-11,11.76865385,12.6927,14.3992
"3701",225,2015-08-12,12.61232143,12.6965,14.4037
"3702",226,2015-08-13,14.24974074,12.6974,14.4079
"3703",227,2015-08-14,13.96656,12.6961,14.4003
"3704",228,2015-08-15,12.510125,12.6923,14.3826
"3705",229,2015-08-16,12.40469565,12.6851,14.3617
"3706",230,2015-08-17,12.476,12.6742,14.3389
"3707",231,2015-08-18,12.7853,12.6595,14.3103
"3708",232,2015-08-19,13.55307692,12.6431,14.2781
"3709",233,2015-08-20,14.06714286,12.6275,14.249
"3710",234,2015-08-21,14.44328571,12.6163,14.2283
"3711",235,2015-08-22,14.7266875,12.6113,14.2205
"3712",236,2015-08-23,15.09488235,12.6112,14.2261
"3713",237,2015-08-24,15.96511111,12.6138,14.2436
"3714",238,2015-08-25,15.42247368,12.6191,14.2665
"3715",239,2015-08-26,15.50410526,12.6254,14.2953
"3716",240,2015-08-27,14.72964286,12.6326,14.3249
"3717",241,2015-08-28,13.25222581,12.64,14.3561
"3718",242,2015-08-29,13.48066667,12.6478,14.3787
"3719",243,2015-08-30,13.3285,12.6554,14.3961
"3720",244,2015-08-31,12.81255172,12.6616,14.4099
"3721",245,2015-09-01,12.31382143,12.6647,14.4299
"3722",246,2015-09-02,12.39117241,12.6638,14.4426
"3723",247,2015-09-03,12.19492593,12.6597,14.4468
"3724",248,2015-09-04,12.67331579,12.6518,14.441
"3725",249,2015-09-05,12.14377778,12.6399,14.4311
"3726",250,2015-09-06,11.39422222,12.6243,14.4134
"3727",251,2015-09-07,11.7172,12.6052,14.3932
"3728",252,2015-09-08,11.4758,12.5842,14.3658
"3729",253,2015-09-09,11.67373077,12.5621,14.3325
"3730",254,2015-09-10,12.34414815,12.5404,14.3024
"3731",255,2015-09-11,12.73103704,12.5208,14.2666
"3732",256,2015-09-12,12.30011538,12.5033,14.2329
"3733",257,2015-09-13,11.76073913,12.4868,14.1992
"3734",258,2015-09-14,12.12018182,12.4709,14.1733
"3735",259,2015-09-15,12.79747368,12.4567,14.157
"3736",260,2015-09-16,12.52694444,12.4448,14.1438
"3737",261,2015-09-17,13.65028571,12.4351,14.1371
"3738",262,2015-09-18,14.21085714,12.4279,14.137
"3739",263,2015-09-19,13.70871429,12.4218,14.1435
"3740",264,2015-09-20,14.40228571,12.4158,14.1507
"3741",265,2015-09-21,14.572,12.4081,14.1575
"3742",266,2015-09-22,13.68806667,12.3956,14.153
"3743",267,2015-09-23,13.249375,12.3791,14.1396
"3744",268,2015-09-24,12.57268,12.3607,14.1219
"3745",269,2015-09-25,12.65717241,12.341,14.1055
"3746",270,2015-09-26,12.47958065,12.3207,14.0833
"3747",271,2015-09-27,12.23164516,12.2999,14.0603
"3748",272,2015-09-28,12.34882143,12.2801,14.0389
"3749",273,2015-09-29,13.10531034,12.2619,14.0268
"3750",274,2015-09-30,13.98325926,12.2461,14.0204
"3751",275,2015-10-01,14.34324138,12.2319,14.0126
"3752",276,2015-10-02,14.366,12.2188,13.9959
"3753",277,2015-10-03,13.2674,12.2087,13.9913
"3754",278,2015-10-04,13.02005882,12.2019,14.0015
"3755",279,2015-10-05,13.45372222,12.1985,14.0183
"3756",280,2015-10-06,14.33947368,12.1982,14.0364
"3757",281,2015-10-07,14.60545,12.1998,14.056
"3758",282,2015-10-08,14.56813636,12.2021,14.0729
"3759",283,2015-10-09,14.11565217,12.2038,14.0904
"3760",284,2015-10-10,14.22217391,12.2046,14.1119
"3761",285,2015-10-11,13.63217391,12.2044,14.1234
"3762",286,2015-10-12,13.43295455,12.2041,14.1328
"3763",287,2015-10-13,14.1052,12.2056,14.143
"3764",288,2015-10-14,14.867,12.2082,14.1536
"3765",289,2015-10-15,15.845,12.2111,14.1635
"3766",290,2015-10-16,15.27846667,12.2125,14.1722
"3767",291,2015-10-17,15.24814286,12.213,14.1805
"3768",292,2015-10-18,15.80830769,12.2133,14.183
"3769",293,2015-10-19,15.41566667,12.2149,14.1829
"3770",294,2015-10-20,14.7328,12.2177,14.1802
"3771",295,2015-10-21,14.43044444,12.2223,14.1802
"3772",296,2015-10-22,13.5179,12.228,14.1807
"3773",297,2015-10-23,14.51591667,12.2354,14.1874
"3774",298,2015-10-24,15.54011111,12.2432,14.1954
"3775",299,2015-10-25,15.0578,12.2503,14.1981
"3776",300,2015-10-26,14.66722581,12.2554,14.196
"3777",301,2015-10-27,14.44085714,12.2592,14.1918
"3778",302,2015-10-28,14.52833333,12.2614,14.1826
"3779",303,2015-10-29,14.03523077,12.2614,14.1721
"3780",304,2015-10-30,13.73517241,12.2582,14.1625
"3781",305,2015-10-31,13.07911538,12.2519,14.154
"3782",306,2015-11-01,12.912,12.2434,14.1476
"3783",307,2015-11-02,13.38122222,12.2341,14.1418
"3784",308,2015-11-03,12.39144444,12.2229,14.1281
"3785",309,2015-11-04,11.75663636,12.2092,14.1041
"3786",310,2015-11-05,11.31533333,12.1937,14.0759
"3787",311,2015-11-06,11.57761538,12.1778,14.049
"3788",312,2015-11-07,12.061,12.1616,14.0221
"3789",313,2015-11-08,12.63006667,12.1461,13.9979
"3790",314,2015-11-09,12.615,12.1321,13.978
"3791",315,2015-11-10,12.514,12.1197,13.9587
"3792",316,2015-11-11,12.38282353,12.1084,13.9416
"3793",317,2015-11-12,12.57182353,12.097,13.9311
"3794",318,2015-11-13,12.87282353,12.0836,13.9188
"3795",319,2015-11-14,12.982,12.0692,13.905
"3796",320,2015-11-15,13.2405,12.0548,13.8911
"3797",321,2015-11-16,12.19142857,12.0413,13.8773
"3798",322,2015-11-17,12.17963636,12.0278,13.8609
"3799",323,2015-11-18,11.7745,12.014,13.8435
"3800",324,2015-11-19,11.09208333,11.9987,13.8288
"3801",325,2015-11-20,10.62771429,11.9825,13.8169
"3802",326,2015-11-21,10.3278125,11.9654,13.8033
"3803",327,2015-11-22,10.70952174,11.9481,13.7893
"3804",328,2015-11-23,10.89957692,11.9307,13.7695
"3805",329,2015-11-24,11.05086207,11.9139,13.7483
"3806",330,2015-11-25,10.8915,11.8977,13.7307
"3807",331,2015-11-26,10.91607407,11.8824,13.714
"3808",332,2015-11-27,11.13965385,11.8678,13.6982
"3809",333,2015-11-28,11.44385714,11.8548,13.688
"3810",334,2015-11-29,11.38307692,11.8434,13.6778
"3811",335,2015-11-30,11.66278261,11.8336,13.6631
"3812",336,2015-12-01,11.83286667,11.8249,13.6462
"3813",337,2015-12-02,11.84945455,11.8169,13.6236
"3814",338,2015-12-03,11.91923077,11.8088,13.593
"3815",339,2015-12-04,12.47985714,11.8008,13.5554
"3816",340,2015-12-05,12.2904,11.7935,13.5177
"3817",341,2015-12-06,12.711875,11.7866,13.4788
"3818",342,2015-12-07,13.0414375,11.7795,13.4388
"3819",343,2015-12-08,12.89016667,11.7719,13.3972
"3820",344,2015-12-09,13.48405556,11.7631,13.3546
"3821",345,2015-12-10,13.90473684,11.7528,13.3116
"3822",346,2015-12-11,13.51565,11.7411,13.2694
"3823",347,2015-12-12,13.2029,11.728,13.2284
"3824",348,2015-12-13,13.361,11.7141,13.1897
"3825",349,2015-12-14,12.70566667,11.7004,13.1527
"3826",350,2015-12-15,12.45395833,11.687,13.1179
"3827",351,2015-12-16,12.33454545,11.6738,13.0843
"3828",352,2015-12-17,12.16414286,11.6605,13.0525
"3829",353,2015-12-18,12.4098,11.6477,13.0221
"3830",354,2015-12-19,12.393,11.636,12.9946
"3831",355,2015-12-20,12.23568421,11.6253,12.9673
"3832",356,2015-12-21,12.56371429,11.6154,12.9396
"3833",357,2015-12-22,12.79116,11.6067,12.912
"3834",358,2015-12-23,12.36707143,11.5988,12.8854
"3835",359,2015-12-24,12.08568966,11.5915,12.8612
"3836",360,2015-12-25,11.79171429,11.5846,12.8377
"3837",361,2015-12-26,11.56181481,11.5778,12.8142
"3838",362,2015-12-27,11.30062963,11.5708,12.7913
"3839",363,2015-12-28,11.52307407,11.564,12.7697
"3840",364,2015-12-29,11.46195833,11.5572,12.7497
"3841",365,2015-12-30,11.37146667,11.5502,12.7329
"3842",366,2015-12-31,11.60716667,11.543,12.7202
"3843",1,2016-01-01,11.96192308,11.5356,12.7079
"3844",2,2016-01-02,11.71864286,11.5284,12.7005
"3845",3,2016-01-03,12.031625,11.5217,12.7029
"3846",4,2016-01-04,12.229,11.5154,12.7147
"3847",5,2016-01-05,12.723,11.5096,12.7283
"3848",6,2016-01-06,12.61989474,11.5043,12.7451
"3849",7,2016-01-07,12.5784,11.4997,12.7631
"3850",8,2016-01-08,12.56666667,11.4953,12.7826
"3851",9,2016-01-09,12.345,11.4915,12.8029
"3852",10,2016-01-10,12.41664,11.4886,12.8237
"3853",11,2016-01-11,12.531,11.4866,12.8447
"3854",12,2016-01-12,12.58542857,11.4855,12.8675
"3855",13,2016-01-13,12.66751724,11.4851,12.8903
"3856",14,2016-01-14,12.58561538,11.4855,12.9124
"3857",15,2016-01-15,12.57672222,11.4864,12.9323
"3858",16,2016-01-16,12.45394118,11.4873,12.9509
"3859",17,2016-01-17,12.441,11.4879,12.9678
"3860",18,2016-01-18,12.49889474,11.4884,12.9845
"3861",19,2016-01-19,12.5856,11.4886,13.0006
"3862",20,2016-01-20,12.60138462,11.4886,13.0202
"3863",21,2016-01-21,12.55768966,11.4881,13.0406
"3864",22,2016-01-22,12.8318,11.4868,13.0601
"3865",23,2016-01-23,12.92932143,11.4849,13.0808
"3866",24,2016-01-24,12.86766667,11.4827,13.1015
"3867",25,2016-01-25,12.87684615,11.4793,13.1236
"3868",26,2016-01-26,12.95566667,11.4745,13.1471
"3869",27,2016-01-27,13.04916667,11.4686,13.1721
"3870",28,2016-01-28,12.92266667,11.4615,13.1956
"3871",29,2016-01-29,13.09923077,11.4532,13.2161
"3872",30,2016-01-30,13.10853846,11.4437,13.233
"3873",31,2016-01-31,12.78607692,11.4333,13.2505
"3874",32,2016-02-01,11.85573333,11.4219,13.2681
"3875",33,2016-02-02,11.453625,11.4098,13.2838
"3876",34,2016-02-03,11.51316667,11.3965,13.2958
"3877",35,2016-02-04,12.06988889,11.3818,13.3048
"3878",36,2016-02-05,12.14142105,11.3662,13.3123
"3879",37,2016-02-06,12.07288889,11.3502,13.3183
"3880",38,2016-02-07,12.17582143,11.3337,13.3226
"3881",39,2016-02-08,12.25364286,11.3167,13.3256
"3882",40,2016-02-09,12.52258621,11.2994,13.3258
"3883",41,2016-02-10,12.83893103,11.2821,13.3251
"3884",42,2016-02-11,12.64177778,11.2648,13.3231
"3885",43,2016-02-12,12.67652,11.2479,13.3196
"3886",44,2016-02-13,12.46235294,11.2319,13.316
"3887",45,2016-02-14,11.95683333,11.2173,13.3133
"3888",46,2016-02-15,11.46226316,11.2039,13.3121
"3889",47,2016-02-16,10.96357895,11.1914,13.313
"3890",48,2016-02-17,11.04310526,11.18,13.3139
"3891",49,2016-02-18,11.95634615,11.1693,13.3093
"3892",50,2016-02-19,12.18128571,11.1588,13.3048
"3893",51,2016-02-20,12.18324138,11.1484,13.2961
"3894",52,2016-02-21,12.40892308,11.138,13.2851
"3895",53,2016-02-22,12.47368,11.1277,13.2736
"3896",54,2016-02-23,12.45004167,11.1171,13.2569
"3897",55,2016-02-24,12.45369565,11.1054,13.2291
"3898",56,2016-02-25,12.50315,11.0932,13.1909
"3899",57,2016-02-26,12.7028,11.0808,13.1492
"3900",58,2016-02-27,13.171,11.0678,13.1047
"3901",59,2016-02-28,12.94946154,11.0542,13.0582
"3902",60,2016-02-29,12.50916667,11.0407,13.0141
"3903",61,2016-03-01,12.65238462,11.0281,12.9709
"3904",62,2016-03-02,12.83961538,11.0161,12.9282
"3905",63,2016-03-03,13.07771429,11.0039,12.8831
"3906",64,2016-03-04,13.344,10.9913,12.8386
"3907",65,2016-03-05,13.52054545,10.9786,12.7955
"3908",66,2016-03-06,13.37515385,10.966,12.7535
"3909",67,2016-03-07,13.37789655,10.9528,12.7117
"3910",68,2016-03-08,12.95167857,10.9389,12.6706
"3911",69,2016-03-09,12.98303448,10.9247,12.631
"3912",70,2016-03-10,13.20553571,10.9099,12.5926
"3913",71,2016-03-11,13.21361538,10.894,12.5522
"3914",72,2016-03-12,13.10917391,10.8763,12.5063
"3915",73,2016-03-13,13.13366667,10.8565,12.4576
"3916",74,2016-03-14,13.17144444,10.8348,12.4093
"3917",75,2016-03-15,12.8155,10.811,12.3601
"3918",76,2016-03-16,12.7382,10.7842,12.3106
"3919",77,2016-03-17,12.70263158,10.7552,12.2611
"3920",78,2016-03-18,12.79772727,10.7238,12.2093
"3921",79,2016-03-19,13.20145833,10.6893,12.156
"3922",80,2016-03-20,13.61654167,10.6532,12.1081
"3923",81,2016-03-21,13.729,10.6165,12.0598
"3924",82,2016-03-22,13.36509091,10.5798,12.0115
"3925",83,2016-03-23,12.64942857,10.5432,11.9635
"3926",84,2016-03-24,12.13411111,10.5071,11.9161
"3927",85,2016-03-25,11.11630769,10.4714,11.8731
"3928",86,2016-03-26,10.39818182,10.4362,11.8384
"3929",87,2016-03-27,10.1092,10.4018,11.8121
"3930",88,2016-03-28,9.293636364,10.3693,11.7878
"3931",89,2016-03-29,8.631545455,10.339,11.765
"3932",90,2016-03-30,8.860444444,10.3122,11.7481
"3933",91,2016-03-31,9.048875,10.2869,11.7373
"3934",92,2016-04-01,8.941,10.2619,11.7304
"3935",93,2016-04-02,8.9235,10.2367,11.7211
"3936",94,2016-04-03,9.769789474,10.2121,11.7142
"3937",95,2016-04-04,9.515208333,10.1884,11.7029
"3938",96,2016-04-05,9.199037037,10.1664,11.6813
"3939",97,2016-04-06,9.903896552,10.1461,11.6534
"3940",98,2016-04-07,9.917518519,10.1266,11.6249
"3941",99,2016-04-08,10.64112,10.1065,11.5952
"3942",100,2016-04-09,10.88544,10.086,11.563
"3943",101,2016-04-10,10.82557143,10.0645,11.5263
"3944",102,2016-04-11,10.42528571,10.0423,11.4943
"3945",103,2016-04-12,10.79275,10.0201,11.4655
"3946",104,2016-04-13,9.665857143,9.9993,11.4374
"3947",105,2016-04-14,10.2275,9.9796,11.4075
"3948",106,2016-04-15,10.08223077,9.9609,11.3783
"3949",107,2016-04-16,10.0528,9.9429,11.3446
"3950",108,2016-04-17,10.17327273,9.9251,11.3076
"3951",109,2016-04-18,10.63653846,9.9089,11.2742
"3952",110,2016-04-19,11.50391667,9.8952,11.2422
"3953",111,2016-04-20,12.77869231,9.8821,11.2088
"3954",112,2016-04-21,13.244,9.8701,11.1758
"3955",113,2016-04-22,12.71858333,9.8595,11.1443
"3956",114,2016-04-23,11.99009091,9.8499,11.1168
"3957",115,2016-04-24,10.64672727,9.8402,11.0938
"3958",116,2016-04-25,9.6445,9.831,11.0741
"3959",117,2016-04-26,9.182,9.8224,11.0564
"3960",118,2016-04-27,8.7346,9.8148,11.0388
"3961",119,2016-04-28,8.639428571,9.8077,11.018
"3962",120,2016-04-29,NA,9.8012,10.9921
"3963",121,2016-04-30,NA,9.7941,10.9638
"3964",122,2016-05-01,9.220222222,9.7877,10.9322
"3965",123,2016-05-02,9.233416667,9.7824,10.8984
"3966",124,2016-05-03,9.921157895,9.7786,10.8653
"3967",125,2016-05-04,9.86026087,9.7767,10.834
"3968",126,2016-05-05,10.40352,9.7767,10.8089
"3969",127,2016-05-06,10.35228,9.7775,10.794
"3970",128,2016-05-07,10.85166667,9.7801,10.7893
"3971",129,2016-05-08,11.19382609,9.7846,10.7963
"3972",130,2016-05-09,10.91166667,9.7917,10.8097
"3973",131,2016-05-10,10.91727778,9.8003,10.8255
"3974",132,2016-05-11,11.62411111,9.8114,10.8541
"3975",133,2016-05-12,12.52305882,9.8257,10.8846
"3976",134,2016-05-13,12.578875,9.8427,10.9183
"3977",135,2016-05-14,11.39872727,9.8605,10.9552
"3978",136,2016-05-15,11.74633333,9.8814,10.9977
"3979",137,2016-05-16,10.53669231,9.9059,11.0436
"3980",138,2016-05-17,10.34276923,9.9345,11.0977
"3981",139,2016-05-18,10.37592857,9.9654,11.1566
"3982",140,2016-05-19,9.5864,9.9986,11.2164
"3983",141,2016-05-20,9.4958,10.0341,11.2828
"3984",142,2016-05-21,9.625733333,10.0723,11.3607
"3985",143,2016-05-22,10.10330769,10.1114,11.445
"3986",144,2016-05-23,10.11284615,10.1497,11.5299
"3987",145,2016-05-24,10.03608333,10.187,11.6114
"3988",146,2016-05-25,9.7111,10.2246,11.6877
"3989",147,2016-05-26,9.659777778,10.2598,11.7588
"3990",148,2016-05-27,9.454333333,10.2922,11.8222
"3991",149,2016-05-28,10.85816667,10.3211,11.8722
"3992",150,2016-05-29,11.07554545,10.3479,11.9198
"3993",151,2016-05-30,11.055,10.372,11.964
"3994",152,2016-05-31,11.9329375,10.3934,11.9954
"3995",153,2016-06-01,12.45444444,10.4127,12.0174
"3996",154,2016-06-02,13.08068421,10.4311,12.0444
"3997",155,2016-06-03,13.26963158,10.4493,12.0708
"3998",156,2016-06-04,13.7888,10.4685,12.1071
"3999",157,2016-06-05,14.22583333,10.4886,12.1463
"4000",158,2016-06-06,14.33925,10.5104,12.1889
"4001",159,2016-06-07,14.85179167,10.5332,12.2297
"4002",160,2016-06-08,14.73357143,10.5575,12.2626
"4003",161,2016-06-09,12.9665,10.583,12.2941
"4004",162,2016-06-10,11.57144444,10.6103,12.333
"4005",163,2016-06-11,11.126,10.6398,12.3719
"4006",164,2016-06-12,10.38141667,10.6706,12.4117
"4007",165,2016-06-13,11.76546154,10.7024,12.4592
"4008",166,2016-06-14,10.52935714,10.7361,12.5098
"4009",167,2016-06-15,9.2759375,10.7688,12.5603
"4010",168,2016-06-16,9.966588235,10.799,12.6145
"4011",169,2016-06-17,10.11129412,10.8261,12.6584
"4012",170,2016-06-18,10.92523529,10.851,12.7008
"4013",171,2016-06-19,10.38,10.8741,12.7335
"4014",172,2016-06-20,10.24975,10.8958,12.7597
"4015",173,2016-06-21,9.955533333,10.9168,12.778
"4016",174,2016-06-22,9.642133333,10.9389,12.7935
"4017",175,2016-06-23,9.984823529,10.9625,12.8073
"4018",176,2016-06-24,10.14282353,10.9882,12.8209
"4019",177,2016-06-25,9.729772727,11.0144,12.8344
"4020",178,2016-06-26,10.2551875,11.044,12.8488
"4021",179,2016-06-27,10.85946667,11.0787,12.8711
"4022",180,2016-06-28,10.49788235,11.1199,12.908
"4023",181,2016-06-29,9.937157895,11.1663,12.9585
"4024",182,2016-06-30,10.08495,11.217,13.0222
"4025",183,2016-07-01,10.18604762,11.2708,13.1046
"4026",184,2016-07-02,10.59414286,11.3268,13.1926
"4027",185,2016-07-03,11.43662963,11.3831,13.2672
"4028",186,2016-07-04,11.81376923,11.4389,13.3403
"4029",187,2016-07-05,11.69503846,11.4934,13.397
"4030",188,2016-07-06,11.93107692,11.5473,13.4483
"4031",189,2016-07-07,11.68817391,11.5999,13.4998
"4032",190,2016-07-08,11.42114286,11.6515,13.5555
"4033",191,2016-07-09,11.06695238,11.7021,13.6202
"4034",192,2016-07-10,11.95071429,11.7526,13.6854
"4035",193,2016-07-11,11.41307143,11.8032,13.749
"4036",194,2016-07-12,11.2102,11.8528,13.7988
"4037",195,2016-07-13,11.1445,11.9012,13.8461
"4038",196,2016-07-14,10.97435294,11.9489,13.8904
"4039",197,2016-07-15,10.10805556,11.9957,13.9333
"4040",198,2016-07-16,12.26489474,12.0428,13.9757
"4041",199,2016-07-17,11.68268421,12.0906,14.011
"4042",200,2016-07-18,10.64342105,12.1395,14.0528
"4043",201,2016-07-19,10.6557619,12.1887,14.0934
"4044",202,2016-07-20,10.57621739,12.2354,14.1355
"4045",203,2016-07-21,10.65966667,12.2777,14.1692
"4046",204,2016-07-22,10.77192308,12.3152,14.197
"4047",205,2016-07-23,10.69052174,12.3484,14.2168
"4048",206,2016-07-24,10.46415385,12.3792,14.2298
"4049",207,2016-07-25,10.07621739,12.4075,14.2391
"4050",208,2016-07-26,11.61861111,12.4347,14.2485
"4051",209,2016-07-27,12.23,12.4601,14.2573
"4052",210,2016-07-28,12.01957143,12.4822,14.2641
"4053",211,2016-07-29,12.76233333,12.5002,14.2699
"4054",212,2016-07-30,13.03657143,12.5139,14.2678
"4055",213,2016-07-31,13.30125926,12.5262,14.2664
"4056",214,2016-08-01,14.29848276,12.5393,14.2619
"4057",215,2016-08-02,13.63725,12.5533,14.26
"4058",216,2016-08-03,14.08253571,12.5686,14.2669
"4059",217,2016-08-04,13.20674074,12.585,14.2813
"4060",218,2016-08-05,13.5002,12.6017,14.3024
"4061",219,2016-08-06,13.47795,12.6188,14.3296
"4062",220,2016-08-07,12.79940909,12.6366,14.3559
"4063",221,2016-08-08,12.45546154,12.654,14.3783
"4064",222,2016-08-09,11.11078571,12.6701,14.3889
"4065",223,2016-08-10,11.4444,12.6838,14.3974
"4066",224,2016-08-11,11.2434,12.6927,14.3992
"4067",225,2016-08-12,13.119875,12.6965,14.4037
"4068",226,2016-08-13,13.20194444,12.6974,14.4079
"4069",227,2016-08-14,12.65042105,12.6961,14.4003
"4070",228,2016-08-15,12.85473684,12.6923,14.3826
"4071",229,2016-08-16,13.59368,12.6851,14.3617
"4072",230,2016-08-17,13.68888889,12.6742,14.3389
"4073",231,2016-08-18,13.96377778,12.6595,14.3103
"4074",232,2016-08-19,14.31164286,12.6431,14.2781
"4075",233,2016-08-20,14.4615,12.6275,14.249
"4076",234,2016-08-21,14.08738462,12.6163,14.2283
"4077",235,2016-08-22,13.53871429,12.6113,14.2205
"4078",236,2016-08-23,13.71756,12.6112,14.2261
"4079",237,2016-08-24,14.57966667,12.6138,14.2436
"4080",238,2016-08-25,14.31225,12.6191,14.2665
"4081",239,2016-08-26,14.86745,12.6254,14.2953
"4082",240,2016-08-27,14.70815789,12.6326,14.3249
"4083",241,2016-08-28,15.00742308,12.64,14.3561
"4084",242,2016-08-29,14.20358621,12.6478,14.3787
"4085",243,2016-08-30,12.80131034,12.6554,14.3961
"4086",244,2016-08-31,11.96346429,12.6616,14.4099
"4087",245,2016-09-01,11.29838462,12.6647,14.4299
"4088",246,2016-09-02,11.25312,12.6638,14.4426
"4089",247,2016-09-03,11.221625,12.6597,14.4468
"4090",248,2016-09-04,11.21085714,12.6518,14.441
"4091",249,2016-09-05,10.7472381,12.6399,14.4311
"4092",250,2016-09-06,11.54730769,12.6243,14.4134
"4093",251,2016-09-07,11.68969231,12.6052,14.3932
"4094",252,2016-09-08,11.17346154,12.5842,14.3658
"4095",253,2016-09-09,11.97091667,12.5621,14.3325
"4096",254,2016-09-10,12.61971429,12.5404,14.3024
"4097",255,2016-09-11,12.737,12.5208,14.2666
"4098",256,2016-09-12,12.9106875,12.5033,14.2329
"4099",257,2016-09-13,13.02943478,12.4868,14.1992
"4100",258,2016-09-14,13.57988889,12.4709,14.1733
"4101",259,2016-09-15,13.344,12.4567,14.157
"4102",260,2016-09-16,13.00214286,12.4448,14.1438
"4103",261,2016-09-17,12.83737037,12.4351,14.1371
"4104",262,2016-09-18,12.70384615,12.4279,14.137
"4105",263,2016-09-19,12.18224,12.4218,14.1435
"4106",264,2016-09-20,11.81768966,12.4158,14.1507
"4107",265,2016-09-21,12.47469231,12.4081,14.1575
"4108",266,2016-09-22,12.16522222,12.3956,14.153
"4109",267,2016-09-23,11.71558824,12.3791,14.1396
"4110",268,2016-09-24,10.58685714,12.3607,14.1219
"4111",269,2016-09-25,10.521875,12.341,14.1055
"4112",270,2016-09-26,10.86166667,12.3207,14.0833
"4113",271,2016-09-27,11.31325,12.2999,14.0603
"4114",272,2016-09-28,11.73621429,12.2801,14.0389
"4115",273,2016-09-29,11.89232143,12.2619,14.0268
"4116",274,2016-09-30,11.38804,12.2461,14.0204
"4117",275,2016-10-01,11.06777273,12.2319,14.0126
"4118",276,2016-10-02,11.15295238,12.2188,13.9959
"4119",277,2016-10-03,11.05894444,12.2087,13.9913
"4120",278,2016-10-04,11.90764286,12.2019,14.0015
"4121",279,2016-10-05,11.99915385,12.1985,14.0183
"4122",280,2016-10-06,11.90416667,12.1982,14.0364
"4123",281,2016-10-07,11.994,12.1998,14.056
"4124",282,2016-10-08,12.16775,12.2021,14.0729
"4125",283,2016-10-09,11.63042857,12.2038,14.0904
"4126",284,2016-10-10,11.43755556,12.2046,14.1119
"4127",285,2016-10-11,11.92841176,12.2044,14.1234
"4128",286,2016-10-12,11.64895652,12.2041,14.1328
"4129",287,2016-10-13,11.93873077,12.2056,14.143
"4130",288,2016-10-14,12.41693103,12.2082,14.1536
"4131",289,2016-10-15,12.5658,12.2111,14.1635
"4132",290,2016-10-16,13.06785714,12.2125,14.1722
"4133",291,2016-10-17,13.44755556,12.213,14.1805
"4134",292,2016-10-18,13.71828571,12.2133,14.183
"4135",293,2016-10-19,13.43606897,12.2149,14.1829
"4136",294,2016-10-20,13.13707692,12.2177,14.1802
"4137",295,2016-10-21,12.53,12.2223,14.1802
"4138",296,2016-10-22,11.48463636,12.228,14.1807
"4139",297,2016-10-23,11.19195,12.2354,14.1874
"4140",298,2016-10-24,11.61652381,12.2432,14.1954
"4141",299,2016-10-25,12.38685714,12.2503,14.1981
"4142",300,2016-10-26,13.15054545,12.2554,14.196
"4143",301,2016-10-27,13.41859091,12.2592,14.1918
"4144",302,2016-10-28,13.71618182,12.2614,14.1826
"4145",303,2016-10-29,13.93228571,12.2614,14.1721
"4146",304,2016-10-30,13.938,12.2582,14.1625
"4147",305,2016-10-31,13.8565,12.2519,14.154
"4148",306,2016-11-01,14.119,12.2434,14.1476
"4149",307,2016-11-02,14.2116,12.2341,14.1418
"4150",308,2016-11-03,14.32207143,12.2229,14.1281
"4151",309,2016-11-04,14.51976923,12.2092,14.1041
"4152",310,2016-11-05,14.38233333,12.1937,14.0759
"4153",311,2016-11-06,14.84,12.1778,14.049
"4154",312,2016-11-07,NA,12.1616,14.0221
"4155",313,2016-11-08,14.795125,12.1461,13.9979
"4156",314,2016-11-09,14.794,12.1321,13.978
"4157",315,2016-11-10,14.50483333,12.1197,13.9587
"4158",316,2016-11-11,14.40712,12.1084,13.9416
"4159",317,2016-11-12,14.44114815,12.097,13.9311
"4160",318,2016-11-13,14.20696552,12.0836,13.9188
"4161",319,2016-11-14,14.03311111,12.0692,13.905
"4162",320,2016-11-15,13.97888889,12.0548,13.8911
"4163",321,2016-11-16,13.49022222,12.0413,13.8773
"4164",322,2016-11-17,12.75643333,12.0278,13.8609
"4165",323,2016-11-18,12.48086207,12.014,13.8435
"4166",324,2016-11-19,13.27696,11.9987,13.8288
"4167",325,2016-11-20,13.61625,11.9825,13.8169
"4168",326,2016-11-21,13.26253846,11.9654,13.8033
"4169",327,2016-11-22,12.85728571,11.9481,13.7893
"4170",328,2016-11-23,13.1154,11.9307,13.7695
"4171",329,2016-11-24,12.8894375,11.9139,13.7483
"4172",330,2016-11-25,12.91075,11.8977,13.7307
"4173",331,2016-11-26,13.47041176,11.8824,13.714
"4174",332,2016-11-27,13.23966667,11.8678,13.6982
"4175",333,2016-11-28,13.1365,11.8548,13.688
"4176",334,2016-11-29,12.27438889,11.8434,13.6778
"4177",335,2016-11-30,12.42605556,11.8336,13.6631
"4178",336,2016-12-01,11.84864706,11.8249,13.6462
"4179",337,2016-12-02,11.80275,11.8169,13.6236
"4180",338,2016-12-03,11.84126667,11.8088,13.593
"4181",339,2016-12-04,11.59990909,11.8008,13.5554
"4182",340,2016-12-05,11.21509091,11.7935,13.5177
"4183",341,2016-12-06,10.7461,11.7866,13.4788
"4184",342,2016-12-07,10.50684615,11.7795,13.4388
"4185",343,2016-12-08,10.57653333,11.7719,13.3972
"4186",344,2016-12-09,11.07638889,11.7631,13.3546
"4187",345,2016-12-10,11.22652632,11.7528,13.3116
"4188",346,2016-12-11,11.06176923,11.7411,13.2694
"4189",347,2016-12-12,11.19958621,11.728,13.2284
"4190",348,2016-12-13,11.27967857,11.7141,13.1897
"4191",349,2016-12-14,11.68325,11.7004,13.1527
"4192",350,2016-12-15,11.82496552,11.687,13.1179
"4193",351,2016-12-16,11.76363333,11.6738,13.0843
"4194",352,2016-12-17,11.14841379,11.6605,13.0525
"4195",353,2016-12-18,11.07573077,11.6477,13.0221
"4196",354,2016-12-19,10.94622222,11.636,12.9946
"4197",355,2016-12-20,10.93685714,11.6253,12.9673
"4198",356,2016-12-21,11.05346667,11.6154,12.9396
"4199",357,2016-12-22,11.152375,11.6067,12.912
"4200",358,2016-12-23,11.26558824,11.5988,12.8854
"4201",359,2016-12-24,11.224,11.5915,12.8612
"4202",360,2016-12-25,10.89088889,11.5846,12.8377
"4203",361,2016-12-26,10.55610526,11.5778,12.8142
"4204",362,2016-12-27,10.94783333,11.5708,12.7913
"4205",363,2016-12-28,10.85321053,11.564,12.7697
"4206",364,2016-12-29,10.97665,11.5572,12.7497
"4207",365,2016-12-30,10.96866667,11.5502,12.7329
"4208",366,2016-12-31,10.85225,11.543,12.7202
"4209",1,2017-01-01,10.86052174,11.5356,12.7079
"4210",2,2017-01-02,10.734,11.5284,12.7005
"4211",3,2017-01-03,10.69465,11.5217,12.7029
"4212",4,2017-01-04,10.93384615,11.5154,12.7147
"4213",5,2017-01-05,10.5832,11.5096,12.7283
"4214",6,2017-01-06,10.52482353,11.5043,12.7451
"4215",7,2017-01-07,10.50857895,11.4997,12.7631
"4216",8,2017-01-08,11.12661905,11.4953,12.7826
"4217",9,2017-01-09,11.03864,11.4915,12.8029
"4218",10,2017-01-10,11.23341935,11.4886,12.8237
"4219",11,2017-01-11,11.27686667,11.4866,12.8447
"4220",12,2017-01-12,11.44472414,11.4855,12.8675
"4221",13,2017-01-13,11.39186207,11.4851,12.8903
"4222",14,2017-01-14,11.60603571,11.4855,12.9124
"4223",15,2017-01-15,11.57343333,11.4864,12.9323
"4224",16,2017-01-16,11.49069231,11.4873,12.9509
"4225",17,2017-01-17,11.38588235,11.4879,12.9678
"4226",18,2017-01-18,11.37,11.4884,12.9845
"4227",19,2017-01-19,11.53873333,11.4886,13.0006
"4228",20,2017-01-20,11.4595,11.4886,13.0202
"4229",21,2017-01-21,11.61029412,11.4881,13.0406
"4230",22,2017-01-22,11.601,11.4868,13.0601
"4231",23,2017-01-23,11.51583333,11.4849,13.0808
"4232",24,2017-01-24,11.18936842,11.4827,13.1015
"4233",25,2017-01-25,11.24710526,11.4793,13.1236
"4234",26,2017-01-26,11.46744,11.4745,13.1471
"4235",27,2017-01-27,11.50695833,11.4686,13.1721
"4236",28,2017-01-28,11.46244,11.4615,13.1956
"4237",29,2017-01-29,11.49630769,11.4532,13.2161
"4238",30,2017-01-30,11.54508,11.4437,13.233
"4239",31,2017-01-31,11.65319231,11.4333,13.2505
"4240",32,2017-02-01,11.53721739,11.4219,13.2681
"4241",33,2017-02-02,11.5115,11.4098,13.2838
"4242",34,2017-02-03,11.81023529,11.3965,13.2958
"4243",35,2017-02-04,11.83163158,11.3818,13.3048
"4244",36,2017-02-05,12.03745,11.3662,13.3123
"4245",37,2017-02-06,12.1554,11.3502,13.3183
"4246",38,2017-02-07,12.31853571,11.3337,13.3226
"4247",39,2017-02-08,12.53967742,11.3167,13.3256
"4248",40,2017-02-09,12.53116667,11.2994,13.3258
"4249",41,2017-02-10,12.4435,11.2821,13.3251
"4250",42,2017-02-11,12.4225,11.2648,13.3231
"4251",43,2017-02-12,12.46267857,11.2479,13.3196
"4252",44,2017-02-13,12.57504,11.2319,13.316
"4253",45,2017-02-14,12.73331818,11.2173,13.3133
"4254",46,2017-02-15,12.72871429,11.2039,13.3121
"4255",47,2017-02-16,12.887,11.1914,13.313
"4256",48,2017-02-17,12.81192308,11.18,13.3139
"4257",49,2017-02-18,12.78976923,11.1693,13.3093
"4258",50,2017-02-19,12.28857143,11.1588,13.3048
"4259",51,2017-02-20,12.64371429,11.1484,13.2961
"4260",52,2017-02-21,12.654,11.138,13.2851
"4261",53,2017-02-22,12.6345,11.1277,13.2736
"4262",54,2017-02-23,12.33577273,11.1171,13.2569
"4263",55,2017-02-24,12.18352,11.1054,13.2291
"4264",56,2017-02-25,12.09903846,11.0932,13.1909
"4265",57,2017-02-26,12.1492963,11.0808,13.1492
"4266",58,2017-02-27,12.14374074,11.0678,13.1047
"4267",59,2017-02-28,12.10764,11.0542,13.0582
"4268",61,2017-03-01,12.10052,11.0281,12.9709
"4269",62,2017-03-02,12.0743,11.0161,12.9282
"4270",63,2017-03-03,11.48311765,11.0039,12.8831
"4271",64,2017-03-04,11.26276471,10.9913,12.8386
"4272",65,2017-03-05,11.38338889,10.9786,12.7955
"4273",66,2017-03-06,10.98294118,10.966,12.7535
"4274",67,2017-03-07,11.12086364,10.9528,12.7117
"4275",68,2017-03-08,11.48873077,10.9389,12.6706
"4276",69,2017-03-09,11.32032143,10.9247,12.631
"4277",70,2017-03-10,10.82085714,10.9099,12.5926
"4278",71,2017-03-11,10.82662963,10.894,12.5522
"4279",72,2017-03-12,10.80561538,10.8763,12.5063
"4280",73,2017-03-13,10.66468,10.8565,12.4576
"4281",74,2017-03-14,10.68813043,10.8348,12.4093
"4282",75,2017-03-15,10.8399375,10.811,12.3601
"4283",76,2017-03-16,11.078,10.7842,12.3106
"4284",77,2017-03-17,10.75858333,10.7552,12.2611
"4285",78,2017-03-18,11.15309091,10.7238,12.2093
"4286",79,2017-03-19,11.589,10.6893,12.156
"4287",80,2017-03-20,12.116125,10.6532,12.1081
"4288",81,2017-03-21,12.492,10.6165,12.0598
"4289",82,2017-03-22,12.799,10.5798,12.0115
"4290",83,2017-03-23,12.03627273,10.5432,11.9635
"4291",84,2017-03-24,12.48531579,10.5071,11.9161
"4292",85,2017-03-25,12.63856522,10.4714,11.8731
"4293",86,2017-03-26,12.68126923,10.4362,11.8384
"4294",87,2017-03-27,12.78230769,10.4018,11.8121
"4295",88,2017-03-28,12.0932,10.3693,11.7878
"4296",89,2017-03-29,11.22236,10.339,11.765
"4297",90,2017-03-30,10.51008696,10.3122,11.7481
"4298",91,2017-03-31,9.821611111,10.2869,11.7373
"4299",92,2017-04-01,9.380428571,10.2619,11.7304
"4300",93,2017-04-02,9.1834375,10.2367,11.7211
"4301",94,2017-04-03,8.710666667,10.2121,11.7142
"4302",95,2017-04-04,8.742277778,10.1884,11.7029
"4303",96,2017-04-05,9.013190476,10.1664,11.6813
"4304",97,2017-04-06,9.589434783,10.1461,11.6534
"4305",98,2017-04-07,9.842304348,10.1266,11.6249
"4306",99,2017-04-08,9.87226087,10.1065,11.5952
"4307",100,2017-04-09,10.18741667,10.086,11.563
"4308",101,2017-04-10,10.82585714,10.0645,11.5263
"4309",102,2017-04-11,10.96416667,10.0423,11.4943
"4310",103,2017-04-12,11.29490909,10.0201,11.4655
"4311",104,2017-04-13,11.297,9.9993,11.4374
"4312",105,2017-04-14,11.129,9.9796,11.4075
"4313",106,2017-04-15,10.76975,9.9609,11.3783
"4314",107,2017-04-16,10.68,9.9429,11.3446
"4315",108,2017-04-17,10.968,9.9251,11.3076
"4316",109,2017-04-18,NA,9.9089,11.2742
"4317",110,2017-04-19,NA,9.8952,11.2422
"4318",111,2017-04-20,NA,9.8821,11.2088
"4319",112,2017-04-21,11.9868,9.8701,11.1758
"4320",113,2017-04-22,11.355,9.8595,11.1443
"4321",114,2017-04-23,10.64565,9.8499,11.1168
"4322",115,2017-04-24,10.52827273,9.8402,11.0938
"4323",116,2017-04-25,10.95392,9.831,11.0741
"4324",117,2017-04-26,11.2193913,9.8224,11.0564
"4325",118,2017-04-27,10.2736087,9.8148,11.0388
"4326",119,2017-04-28,9.712454545,9.8077,11.018
"4327",120,2017-04-29,9.693473684,9.8012,10.9921
"4328",121,2017-04-30,9.445666667,9.7941,10.9638
"4329",122,2017-05-01,9.272210526,9.7877,10.9322
"4330",123,2017-05-02,9.558526316,9.7824,10.8984
"4331",124,2017-05-03,9.3126875,9.7786,10.8653
"4332",125,2017-05-04,9.812916667,9.7767,10.834
"4333",126,2017-05-05,10.11269231,9.7767,10.8089
"4334",127,2017-05-06,9.043,9.7775,10.794
"4335",128,2017-05-07,8.674571429,9.7801,10.7893
"4336",129,2017-05-08,8.995214286,9.7846,10.7963
"4337",130,2017-05-09,8.956357143,9.7917,10.8097
"4338",131,2017-05-10,9.011285714,9.8003,10.8255
"4339",132,2017-05-11,9.800769231,9.8114,10.8541
"4340",133,2017-05-12,10.09141667,9.8257,10.8846
"4341",134,2017-05-13,9.435,9.8427,10.9183
"4342",135,2017-05-14,9.001,9.8605,10.9552
"4343",136,2017-05-15,8.792,9.8814,10.9977
"4344",137,2017-05-16,8.554142857,9.9059,11.0436
"4345",138,2017-05-17,NA,9.9345,11.0977
"4346",139,2017-05-18,NA,9.9654,11.1566
"4347",140,2017-05-19,10.46716667,9.9986,11.2164
"4348",141,2017-05-20,9.865090909,10.0341,11.2828
"4349",142,2017-05-21,10.50892857,10.0723,11.3607
"4350",143,2017-05-22,9.9751875,10.1114,11.445
"4351",144,2017-05-23,10.55966667,10.1497,11.5299
"4352",145,2017-05-24,10.95790909,10.187,11.6114
"4353",146,2017-05-25,11.99409091,10.2246,11.6877
"4354",147,2017-05-26,12.84617391,10.2598,11.7588
"4355",148,2017-05-27,13.43004167,10.2922,11.8222
"4356",149,2017-05-28,11.98517391,10.3211,11.8722
"4357",150,2017-05-29,11.00266667,10.3479,11.9198
"4358",151,2017-05-30,10.01631818,10.372,11.964
"4359",152,2017-05-31,9.975809524,10.3934,11.9954
"4360",153,2017-06-01,11.06246154,10.4127,12.0174
"4361",154,2017-06-02,10.199,10.4311,12.0444
"4362",155,2017-06-03,9.8648,10.4493,12.0708
"4363",156,2017-06-04,9.631875,10.4685,12.1071
"4364",157,2017-06-05,9.3809375,10.4886,12.1463
"4365",158,2017-06-06,9.4751875,10.5104,12.1889
"4366",159,2017-06-07,9.1956875,10.5332,12.2297
"4367",160,2017-06-08,9.5245,10.5575,12.2626
"4368",161,2017-06-09,10.1584,10.583,12.2941
"4369",162,2017-06-10,10.06353846,10.6103,12.333
"4370",163,2017-06-11,9.524230769,10.6398,12.3719
"4371",164,2017-06-12,9.255454545,10.6706,12.4117
"4372",165,2017-06-13,9.157666667,10.7024,12.4592
"4373",166,2017-06-14,9.306222222,10.7361,12.5098
"4374",167,2017-06-15,10.81977778,10.7688,12.5603
"4375",168,2017-06-16,10.9434,10.799,12.6145
"4376",169,2017-06-17,10.47023077,10.8261,12.6584
"4377",170,2017-06-18,10.40666667,10.851,12.7008
"4378",171,2017-06-19,10.74516667,10.8741,12.7335
"4379",172,2017-06-20,10.43573684,10.8958,12.7597
"4380",173,2017-06-21,10.89904762,10.9168,12.778
"4381",174,2017-06-22,12.28371429,10.9389,12.7935
"4382",175,2017-06-23,12.79992308,10.9625,12.8073
"4383",176,2017-06-24,12.44412,10.9882,12.8209
"4384",177,2017-06-25,12.45073077,11.0144,12.8344
"4385",178,2017-06-26,12.60469231,11.044,12.8488
"4386",179,2017-06-27,12.47504167,11.0787,12.8711
"4387",180,2017-06-28,11.658,11.1199,12.908
"4388",181,2017-06-29,11.51545833,11.1663,12.9585
"4389",182,2017-06-30,11.64833333,11.217,13.0222
"4390",183,2017-07-01,11.07873333,11.2708,13.1046
"4391",184,2017-07-02,10.26805882,11.3268,13.1926
"4392",185,2017-07-03,10.25772222,11.3831,13.2672
"4393",186,2017-07-04,11.26964706,11.4389,13.3403
"4394",187,2017-07-05,12.39383333,11.4934,13.397
"4395",188,2017-07-06,12.15666667,11.5473,13.4483
"4396",189,2017-07-07,11.06255556,11.5999,13.4998
"4397",190,2017-07-08,10.297,11.6515,13.5555
"4398",191,2017-07-09,10.349125,11.7021,13.6202
"4399",192,2017-07-10,9.807933333,11.7526,13.6854
"4400",193,2017-07-11,10.08244444,11.8032,13.749
"4401",194,2017-07-12,10.17155556,11.8528,13.7988
"4402",195,2017-07-13,10.66026316,11.9012,13.8461
"4403",196,2017-07-14,11.90775,11.9489,13.8904
"4404",197,2017-07-15,13.09146667,11.9957,13.9333
"4405",198,2017-07-16,12.37641176,12.0428,13.9757
"4406",199,2017-07-17,11.55368421,12.0906,14.011
"4407",200,2017-07-18,11.5564,12.1395,14.0528
"4408",201,2017-07-19,11.16052381,12.1887,14.0934
"4409",202,2017-07-20,10.66872727,12.2354,14.1355
"4410",203,2017-07-21,10.42157692,12.2777,14.1692
"4411",204,2017-07-22,10.39186667,12.3152,14.197
"4412",205,2017-07-23,11.10324138,12.3484,14.2168
"4413",206,2017-07-24,11.22141379,12.3792,14.2298
"4414",207,2017-07-25,12.02817857,12.4075,14.2391
"4415",208,2017-07-26,12.83938462,12.4347,14.2485
"4416",209,2017-07-27,12.94424,12.4601,14.2573
"4417",210,2017-07-28,12.91004167,12.4822,14.2641
"4418",211,2017-07-29,11.5401875,12.5002,14.2699
"4419",212,2017-07-30,12.4655625,12.5139,14.2678
"4420",213,2017-07-31,13.48611765,12.5262,14.2664
"4421",214,2017-08-01,14.29805882,12.5393,14.2619
"4422",215,2017-08-02,14.38144444,12.5533,14.26
"4423",216,2017-08-03,14.2975,12.5686,14.2669
"4424",217,2017-08-04,14.26726316,12.585,14.2813
"4425",218,2017-08-05,14.60633333,12.6017,14.3024
"4426",219,2017-08-06,13.99030435,12.6188,14.3296
"4427",220,2017-08-07,13.48586957,12.6366,14.3559
"4428",221,2017-08-08,13.63075,12.654,14.3783
"4429",222,2017-08-09,13.77288,12.6701,14.3889
"4430",223,2017-08-10,12.85804167,12.6838,14.3974
"4431",224,2017-08-11,12.68752174,12.6927,14.3992
"4432",225,2017-08-12,12.44675,12.6965,14.4037
"4433",226,2017-08-13,13.13658824,12.6974,14.4079
"4434",227,2017-08-14,11.97155556,12.6961,14.4003
"4435",228,2017-08-15,11.5487,12.6923,14.3826
"4436",229,2017-08-16,11.37333333,12.6851,14.3617
"4437",230,2017-08-17,12.26771429,12.6742,14.3389
"4438",231,2017-08-18,12.55246154,12.6595,14.3103
"4439",232,2017-08-19,12.9502069,12.6431,14.2781
"4440",233,2017-08-20,13.3749375,12.6275,14.249
"4441",234,2017-08-21,13.51423333,12.6163,14.2283
"4442",235,2017-08-22,14.30953333,12.6113,14.2205
"4443",236,2017-08-23,14.45714286,12.6112,14.2261
"4444",237,2017-08-24,14.11696,12.6138,14.2436
"4445",238,2017-08-25,12.37384,12.6191,14.2665
"4446",239,2017-08-26,12.60904545,12.6254,14.2953
"4447",240,2017-08-27,14.2626,12.6326,14.3249
"4448",241,2017-08-28,14.1908,12.64,14.3561
"4449",242,2017-08-29,13.99685714,12.6478,14.3787
"4450",243,2017-08-30,12.79546667,12.6554,14.3961
"4451",244,2017-08-31,12.03513333,12.6616,14.4099
"4452",245,2017-09-01,11.8345625,12.6647,14.4299
"4453",246,2017-09-02,12.6363125,12.6638,14.4426
"4454",247,2017-09-03,12.95821739,12.6597,14.4468
"4455",248,2017-09-04,13.22253846,12.6518,14.441
"4456",249,2017-09-05,14.44338462,12.6399,14.4311
"4457",250,2017-09-06,14.54926923,12.6243,14.4134
"4458",251,2017-09-07,14.84644444,12.6052,14.3932
"4459",252,2017-09-08,15.11056,12.5842,14.3658
"4460",253,2017-09-09,14.53826087,12.5621,14.3325
"4461",254,2017-09-10,15.19634615,12.5404,14.3024
"4462",255,2017-09-11,15.63772222,12.5208,14.2666
"4463",256,2017-09-12,16.84805556,12.5033,14.2329
"4464",257,2017-09-13,16.68516667,12.4868,14.1992
"4465",258,2017-09-14,16.85252632,12.4709,14.1733
"4466",259,2017-09-15,13.59524,12.4567,14.157
"4467",260,2017-09-16,12.91064286,12.4448,14.1438
"4468",261,2017-09-17,12.3212,12.4351,14.1371
"4469",262,2017-09-18,12.311,12.4279,14.137
"4470",263,2017-09-19,11.59248276,12.4218,14.1435
"4471",264,2017-09-20,11.30051852,12.4158,14.1507
"4472",265,2017-09-21,11.44457692,12.4081,14.1575
"4473",266,2017-09-22,11.47634783,12.3956,14.153
"4474",267,2017-09-23,11.64454545,12.3791,14.1396
"4475",268,2017-09-24,11.96464286,12.3607,14.1219
"4476",269,2017-09-25,12.37915385,12.341,14.1055
"4477",270,2017-09-26,13.11681818,12.3207,14.0833
"4478",271,2017-09-27,13.3962,12.2999,14.0603
"4479",272,2017-09-28,13.436,12.2801,14.0389
"4480",273,2017-09-29,13.72711111,12.2619,14.0268
"4481",274,2017-09-30,12.33563636,12.2461,14.0204
"4482",275,2017-10-01,11.478,12.2319,14.0126
"4483",276,2017-10-02,10.95382609,12.2188,13.9959
"4484",277,2017-10-03,10.77365385,12.2087,13.9913
"4485",278,2017-10-04,10.82462963,12.2019,14.0015
"4486",279,2017-10-05,11.26596154,12.1985,14.0183
"4487",280,2017-10-06,11.42126923,12.1982,14.0364
"4488",281,2017-10-07,11.48176,12.1998,14.056
"4489",282,2017-10-08,11.24253846,12.2021,14.0729
"4490",283,2017-10-09,10.87034615,12.2038,14.0904
"4491",284,2017-10-10,11.2957619,12.2046,14.1119
"4492",285,2017-10-11,11.91288235,12.2044,14.1234
"4493",286,2017-10-12,11.18363158,12.2041,14.1328
"4494",287,2017-10-13,10.8456087,12.2056,14.143
"4495",288,2017-10-14,10.36868,12.2082,14.1536
"4496",289,2017-10-15,11.03955556,12.2111,14.1635
"4497",290,2017-10-16,11.28834615,12.2125,14.1722
"4498",291,2017-10-17,11.19418519,12.213,14.1805
"4499",292,2017-10-18,11.37533333,12.2133,14.183
"4500",293,2017-10-19,11.42828,12.2149,14.1829
"4501",294,2017-10-20,11.31572727,12.2177,14.1802
"4502",295,2017-10-21,11.57863158,12.2223,14.1802
"4503",296,2017-10-22,11.73555,12.228,14.1807
"4504",297,2017-10-23,11.50371429,12.2354,14.1874
"4505",298,2017-10-24,11.93061538,12.2432,14.1954
"4506",299,2017-10-25,11.97977778,12.2503,14.1981
"4507",300,2017-10-26,12.001,12.2554,14.196
"4508",301,2017-10-27,NA,12.2592,14.1918
"4509",302,2017-10-28,NA,12.2614,14.1826
"4510",303,2017-10-29,11.43957143,12.2614,14.1721
"4511",304,2017-10-30,11.555,12.2582,14.1625
"4512",305,2017-10-31,11.03505,12.2519,14.154
"4513",306,2017-11-01,11.35482609,12.2434,14.1476
"4514",307,2017-11-02,11.58012,12.2341,14.1418
"4515",308,2017-11-03,11.81437037,12.2229,14.1281
"4516",309,2017-11-04,11.9546,12.2092,14.1041
"4517",310,2017-11-05,11.61892,12.1937,14.0759
"4518",311,2017-11-06,11.78648148,12.1778,14.049
"4519",312,2017-11-07,11.66489286,12.1616,14.0221
"4520",313,2017-11-08,11.93396154,12.1461,13.9979
"4521",314,2017-11-09,13.23491304,12.1321,13.978
"4522",315,2017-11-10,13.37045455,12.1197,13.9587
"4523",316,2017-11-11,13.4802381,12.1084,13.9416
"4524",317,2017-11-12,13.34788889,12.097,13.9311
"4525",318,2017-11-13,13.74866667,12.0836,13.9188
"4526",319,2017-11-14,13.7464,12.0692,13.905
"4527",320,2017-11-15,13.77,12.0548,13.8911
"4528",321,2017-11-16,14.29552381,12.0413,13.8773
"4529",322,2017-11-17,14.28395238,12.0278,13.8609
"4530",323,2017-11-18,14.23876471,12.014,13.8435
"4531",324,2017-11-19,14.02317647,11.9987,13.8288
"4532",325,2017-11-20,13.885,11.9825,13.8169
"4533",326,2017-11-21,14.0868,11.9654,13.8033
"4534",327,2017-11-22,13.942,11.9481,13.7893
"4535",328,2017-11-23,13.9588,11.9307,13.7695
"4536",329,2017-11-24,13.794,11.9139,13.7483
"4537",330,2017-11-25,NA,11.8977,13.7307
"4538",331,2017-11-26,13.862,11.8824,13.714
"4539",332,2017-11-27,13.64418182,11.8678,13.6982
"4540",333,2017-11-28,13.11564286,11.8548,13.688
"4541",334,2017-11-29,12.636,11.8434,13.6778
"4542",335,2017-11-30,12.50655556,11.8336,13.6631
"4543",336,2017-12-01,12.456125,11.8249,13.6462
"4544",337,2017-12-02,12.41617857,11.8169,13.6236
"4545",338,2017-12-03,12.21655556,11.8088,13.593
"4546",339,2017-12-04,11.90685185,11.8008,13.5554
"4547",340,2017-12-05,11.71510714,11.7935,13.5177
"4548",341,2017-12-06,11.75306667,11.7866,13.4788
"4549",342,2017-12-07,12.15996552,11.7795,13.4388
"4550",343,2017-12-08,12.01114815,11.7719,13.3972
"4551",344,2017-12-09,12.05195455,11.7631,13.3546
"4552",345,2017-12-10,12.02046667,11.7528,13.3116
"4553",346,2017-12-11,12.513875,11.7411,13.2694
"4554",347,2017-12-12,12.54652941,11.728,13.2284
"4555",348,2017-12-13,12.60711111,11.7141,13.1897
"4556",349,2017-12-14,12.59383333,11.7004,13.1527
"4557",350,2017-12-15,12.70411111,11.687,13.1179
"4558",351,2017-12-16,12.308,11.6738,13.0843
"4559",352,2017-12-17,11.91905556,11.6605,13.0525
"4560",353,2017-12-18,11.9755,11.6477,13.0221
"4561",354,2017-12-19,12.04547059,11.636,12.9946
"4562",355,2017-12-20,11.93864706,11.6253,12.9673
"4563",356,2017-12-21,11.51158824,11.6154,12.9396
"4564",357,2017-12-22,11.4413125,11.6067,12.912
"4565",358,2017-12-23,11.65223077,11.5988,12.8854
"4566",359,2017-12-24,11.52955556,11.5915,12.8612
"4567",360,2017-12-25,11.46325,11.5846,12.8377
"4568",361,2017-12-26,11.56464286,11.5778,12.8142
"4569",362,2017-12-27,11.40152941,11.5708,12.7913
"4570",363,2017-12-28,11.36115789,11.564,12.7697
"4571",364,2017-12-29,11.3823,11.5572,12.7497
"4572",365,2017-12-30,11.33934783,11.5502,12.7329
"4573",366,2017-12-31,11.48106667,11.543,12.7202
"4574",1,2018-01-01,11.6482069,11.5356,12.7079
"4575",2,2018-01-02,11.8542069,11.5284,12.7005
"4576",3,2018-01-03,11.9052069,11.5217,12.7029
"4577",4,2018-01-04,12.03629032,11.5154,12.7147
"4578",5,2018-01-05,12.7915,11.5096,12.7283
"4579",6,2018-01-06,12.80592857,11.5043,12.7451
"4580",7,2018-01-07,12.42552381,11.4997,12.7631
"4581",8,2018-01-08,12.416,11.4953,12.7826
"4582",9,2018-01-09,12.85264706,11.4915,12.8029
"4583",10,2018-01-10,12.19766667,11.4886,12.8237
"4584",11,2018-01-11,12.31605263,11.4866,12.8447
"4585",12,2018-01-12,12.20147368,11.4855,12.8675
"4586",13,2018-01-13,12.02526316,11.4851,12.8903
"4587",14,2018-01-14,12.121,11.4855,12.9124
"4588",15,2018-01-15,12.40172727,11.4864,12.9323
"4589",16,2018-01-16,12.76128571,11.4873,12.9509
"4590",17,2018-01-17,12.82209091,11.4879,12.9678
"4591",18,2018-01-18,13.04443478,11.4884,12.9845
"4592",19,2018-01-19,12.95928,11.4886,13.0006
"4593",20,2018-01-20,12.79813636,11.4886,13.0202
"4594",21,2018-01-21,12.40555,11.4881,13.0406
"4595",22,2018-01-22,12.63,11.4868,13.0601
"4596",23,2018-01-23,12.37192308,11.4849,13.0808
"4597",24,2018-01-24,12.3325,11.4827,13.1015
"4598",25,2018-01-25,12.29866667,11.4793,13.1236
"4599",26,2018-01-26,12.08915789,11.4745,13.1471
"4600",27,2018-01-27,12.10142857,11.4686,13.1721
"4601",28,2018-01-28,12.09818519,11.4615,13.1956
"4602",29,2018-01-29,12.082125,11.4532,13.2161
"4603",30,2018-01-30,12.02077419,11.4437,13.233
"4604",31,2018-01-31,11.92613333,11.4333,13.2505
"4605",32,2018-02-01,11.9599,11.4219,13.2681
"4606",33,2018-02-02,12.10926667,11.4098,13.2838
"4607",34,2018-02-03,12.42334483,11.3965,13.2958
"4608",35,2018-02-04,12.54318519,11.3818,13.3048
"4609",36,2018-02-05,12.4054375,11.3662,13.3123
"4610",37,2018-02-06,11.5268125,11.3502,13.3183
"4611",38,2018-02-07,11.3745,11.3337,13.3226
"4612",39,2018-02-08,11.9103125,11.3167,13.3256
"4613",40,2018-02-09,12.24335294,11.2994,13.3258
"4614",41,2018-02-10,11.45164706,11.2821,13.3251
"4615",42,2018-02-11,10.42970588,11.2648,13.3231
"4616",43,2018-02-12,10.22705,11.2479,13.3196
"4617",44,2018-02-13,10.08290909,11.2319,13.316
"4618",45,2018-02-14,10.091375,11.2173,13.3133
"4619",46,2018-02-15,10.10282609,11.2039,13.3121
"4620",47,2018-02-16,10.21504167,11.1914,13.313
"4621",48,2018-02-17,10.29258333,11.18,13.3139
"4622",49,2018-02-18,10.29247826,11.1693,13.3093
"4623",50,2018-02-19,9.8096,11.1588,13.3048
"4624",51,2018-02-20,9.324,11.1484,13.2961
"4625",52,2018-02-21,9.347733333,11.138,13.2851
"4626",53,2018-02-22,9.458352941,11.1277,13.2736
"4627",54,2018-02-23,9.043666667,11.1171,13.2569
"4628",55,2018-02-24,8.915888889,11.1054,13.2291
"4629",56,2018-02-25,8.92715,11.0932,13.1909
"4630",57,2018-02-26,9.150107143,11.0808,13.1492
"4631",58,2018-02-27,8.948516129,11.0678,13.1047
"4632",59,2018-02-28,9.044322581,11.0542,13.0582
"4633",61,2018-03-01,9.640862069,11.0281,12.9709
"4634",62,2018-03-02,9.516,11.0161,12.9282
"4635",63,2018-03-03,9.500142857,11.0039,12.8831
"4636",64,2018-03-04,9.683153846,10.9913,12.8386
"4637",65,2018-03-05,10.1206,10.9786,12.7955
"4638",66,2018-03-06,9.556642857,10.966,12.7535
"4639",67,2018-03-07,9.875333333,10.9528,12.7117
"4640",68,2018-03-08,10.38623077,10.9389,12.6706
"4641",69,2018-03-09,10.541,10.9247,12.631
"4642",70,2018-03-10,10.98441667,10.9099,12.5926
"4643",71,2018-03-11,11.06454545,10.894,12.5522
"4644",72,2018-03-12,11.43075,10.8763,12.5063
"4645",73,2018-03-13,11.6026875,10.8565,12.4576
"4646",74,2018-03-14,11.43455,10.8348,12.4093
"4647",75,2018-03-15,11.21743478,10.811,12.3601
"4648",76,2018-03-16,11.40695652,10.7842,12.3106
"4649",77,2018-03-17,11.30117391,10.7552,12.2611
"4650",78,2018-03-18,11.29382609,10.7238,12.2093
"4651",79,2018-03-19,11.42177273,10.6893,12.156
"4652",80,2018-03-20,11.53055556,10.6532,12.1081
"4653",81,2018-03-21,11.75684615,10.6165,12.0598
"4654",82,2018-03-22,11.783,10.5798,12.0115
"4655",83,2018-03-23,11.46425,10.5432,11.9635
"4656",84,2018-03-24,11.7040625,10.5071,11.9161
"4657",85,2018-03-25,11.5372,10.4714,11.8731
"4658",86,2018-03-26,10.95818182,10.4362,11.8384
"4659",87,2018-03-27,10.63542308,10.4018,11.8121
"4660",88,2018-03-28,10.56825926,10.3693,11.7878
"4661",89,2018-03-29,10.86392857,10.339,11.765
"4662",90,2018-03-30,11.2275,10.3122,11.7481
"4663",91,2018-03-31,11.19636,10.2869,11.7373
"4664",92,2018-04-01,10.98730435,10.2619,11.7304
"4665",93,2018-04-02,10.72925,10.2367,11.7211
"4666",94,2018-04-03,9.962416667,10.2121,11.7142
"4667",95,2018-04-04,9.9594,10.1884,11.7029
"4668",96,2018-04-05,10.01983333,10.1664,11.6813
"4669",97,2018-04-06,10.3325,10.1461,11.6534
"4670",98,2018-04-07,10.541,10.1266,11.6249
"4671",99,2018-04-08,NA,10.1065,11.5952
"4672",100,2018-04-09,NA,10.086,11.563
"4673",101,2018-04-10,NA,10.0645,11.5263
"4674",102,2018-04-11,10.9885,10.0423,11.4943
"4675",103,2018-04-12,10.80126667,10.0201,11.4655
"4676",104,2018-04-13,10.44531579,9.9993,11.4374
"4677",105,2018-04-14,10.10840909,9.9796,11.4075
"4678",106,2018-04-15,9.7955,9.9609,11.3783
"4679",107,2018-04-16,9.859428571,9.9429,11.3446
"4680",108,2018-04-17,9.797578947,9.9251,11.3076
"4681",109,2018-04-18,9.565571429,9.9089,11.2742
"4682",110,2018-04-19,9.554714286,9.8952,11.2422
"4683",111,2018-04-20,9.159461538,9.8821,11.2088
"4684",112,2018-04-21,9.22975,9.8701,11.1758
"4685",113,2018-04-22,8.925307692,9.8595,11.1443
"4686",114,2018-04-23,9.323473684,9.8499,11.1168
"4687",115,2018-04-24,10.49442105,9.8402,11.0938
"4688",116,2018-04-25,11.2554,9.831,11.0741
"4689",117,2018-04-26,10.64538095,9.8224,11.0564
"4690",118,2018-04-27,10.18590476,9.8148,11.0388
"4691",119,2018-04-28,10.94779167,9.8077,11.018
"4692",120,2018-04-29,10.74894737,9.8012,10.9921
"4693",121,2018-04-30,10.05435294,9.7941,10.9638
"4694",122,2018-05-01,9.611538462,9.7877,10.9322
"4695",123,2018-05-02,9.36925,9.7824,10.8984
"4696",124,2018-05-03,9.4841,9.7786,10.8653
"4697",125,2018-05-04,9.78025,9.7767,10.834
"4698",126,2018-05-05,9.857428571,9.7767,10.8089
"4699",127,2018-05-06,NA,9.7775,10.794
"4700",128,2018-05-07,NA,9.7801,10.7893
"4701",129,2018-05-08,NA,9.7846,10.7963
"4702",130,2018-05-09,10.173,9.7917,10.8097
"4703",131,2018-05-10,9.8809,9.8003,10.8255
"4704",132,2018-05-11,9.654916667,9.8114,10.8541
"4705",133,2018-05-12,9.646285714,9.8257,10.8846
"4706",134,2018-05-13,9.786375,9.8427,10.9183
"4707",135,2018-05-14,10.19629412,9.8605,10.9552
"4708",136,2018-05-15,11.6629375,9.8814,10.9977
"4709",137,2018-05-16,11.35468421,9.9059,11.0436
"4710",138,2018-05-17,11.1585,9.9345,11.0977
"4711",139,2018-05-18,10.52517647,9.9654,11.1566
"4712",140,2018-05-19,10.327,9.9986,11.2164
"4713",141,2018-05-20,10.12842857,10.0341,11.2828
"4714",142,2018-05-21,9.917,10.0723,11.3607
"4715",143,2018-05-22,9.972,10.1114,11.445
"4716",144,2018-05-23,10.259,10.1497,11.5299
"4717",145,2018-05-24,10.85506667,10.187,11.6114
"4718",146,2018-05-25,11.5234375,10.2246,11.6877
"4719",147,2018-05-26,10.7594375,10.2598,11.7588
"4720",148,2018-05-27,10.71305882,10.2922,11.8222
"4721",149,2018-05-28,10.944,10.3211,11.8722
"4722",150,2018-05-29,9.798066667,10.3479,11.9198
"4723",151,2018-05-30,9.456357143,10.372,11.964
"4724",152,2018-05-31,9.350357143,10.3934,11.9954
"4725",153,2018-06-01,9.093727273,10.4127,12.0174
"4726",154,2018-06-02,8.951666667,10.4311,12.0444
"4727",155,2018-06-03,8.801,10.4493,12.0708
"4728",156,2018-06-04,NA,10.4685,12.1071
"4729",157,2018-06-05,NA,10.4886,12.1463
"4730",158,2018-06-06,10.36228571,10.5104,12.1889
"4731",159,2018-06-07,10.3789,10.5332,12.2297
"4732",160,2018-06-08,10.52107143,10.5575,12.2626
"4733",161,2018-06-09,9.976266667,10.583,12.2941
"4734",162,2018-06-10,9.964111111,10.6103,12.333
"4735",163,2018-06-11,9.835210526,10.6398,12.3719
"4736",164,2018-06-12,9.4558,10.6706,12.4117
"4737",165,2018-06-13,9.84365,10.7024,12.4592
"4738",166,2018-06-14,9.423565217,10.7361,12.5098
"4739",167,2018-06-15,8.8216,10.7688,12.5603
