"","doy","t","temp","seas","thresh"
"1",177,2005-06-25,12.19,11.1499,13.0126
"2",178,2005-06-26,12.26,11.1751,13.0241
"3",179,2005-06-27,11.34,11.2007,13.0341
"4",180,2005-06-28,11.57,11.2293,13.046
"5",181,2005-06-29,11.39,11.2625,13.0664
"6",182,2005-06-30,12.36,11.2993,13.0984
"7",183,2005-07-01,13.19,11.3384,13.1387
"8",184,2005-07-02,14.14,11.3798,13.1841
"9",185,2005-07-03,14.21,11.4236,13.2357
"10",186,2005-07-04,11.4,11.4684,13.2897
"11",187,2005-07-05,10.89,11.5116,13.3409
"12",188,2005-07-06,10.74,11.5539,13.3899
"13",189,2005-07-07,10.39,11.597,13.4392
"14",190,2005-07-08,10.08,11.64,13.4915
"15",191,2005-07-09,9.51,11.6823,13.5466
"16",192,2005-07-10,9.77,11.7244,13.6014
"17",193,2005-07-11,10.91,11.766,13.6567
"18",194,2005-07-12,11.83,11.808,13.7104
"19",195,2005-07-13,10.86,11.85,13.7632
"20",196,2005-07-14,10.83,11.8909,13.816
"21",197,2005-07-15,11.52,11.9304,13.8638
"22",198,2005-07-16,11.87,11.9699,13.9113
"23",199,2005-07-17,11.81,12.0098,13.9561
"24",200,2005-07-18,12.37,12.0492,13.9987
"25",201,2005-07-19,13.09,12.0882,14.0397
"26",202,2005-07-20,13.69,12.1267,14.0835
"27",203,2005-07-21,14.24,12.1631,14.1251
"28",204,2005-07-22,15.2,12.1972,14.1622
"29",205,2005-07-23,14.74,12.2285,14.1966
"30",206,2005-07-24,12.36,12.2571,14.216
"31",207,2005-07-25,12.14,12.2844,14.2286
"32",208,2005-07-26,11.29,12.3115,14.2446
"33",209,2005-07-27,11.9,12.3398,14.2684
"34",210,2005-07-28,12.74,12.3681,14.2937
"35",211,2005-07-29,13.75,12.3955,14.3175
"36",212,2005-07-30,14.69,12.4205,14.3365
"37",213,2005-07-31,15.23,12.4431,14.3504
"38",214,2005-08-01,15.21,12.4644,14.3604
"39",215,2005-08-02,12.87,12.4848,14.37
"40",216,2005-08-03,11.64,12.5043,14.3793
"41",217,2005-08-04,11.09,12.5234,14.3942
"42",218,2005-08-05,11.92,12.5427,14.4146
"43",219,2005-08-06,12.65,12.563,14.4433
"44",220,2005-08-07,12.2,12.5834,14.4793
"45",221,2005-08-08,11.93,12.6029,14.5085
"46",222,2005-08-09,12.06,12.6219,14.5262
"47",223,2005-08-10,12.69,12.6406,14.5496
"48",224,2005-08-11,13.05,12.6583,14.5669
"49",225,2005-08-12,13.15,12.673,14.5819
"50",226,2005-08-13,12.65,12.6847,14.5902
"51",227,2005-08-14,12.34,12.6947,14.5959
"52",228,2005-08-15,12.56,12.7041,14.6006
"53",229,2005-08-16,13.33,12.7116,14.6024
"54",230,2005-08-17,13.86,12.7159,14.6004
"55",231,2005-08-18,13.23,12.7179,14.5962
"56",232,2005-08-19,13.92,12.7191,14.5935
"57",233,2005-08-20,13.81,12.7194,14.588
"58",234,2005-08-21,12.44,12.7194,14.5837
"59",235,2005-08-22,11.56,12.7205,14.581
"60",236,2005-08-23,11.34,12.7243,14.5839
"61",237,2005-08-24,11.53,12.7301,14.5989
"62",238,2005-08-25,12.91,12.7366,14.6193
"63",239,2005-08-26,13.27,12.7432,14.6397
"64",240,2005-08-27,13.69,12.749,14.6577
"65",241,2005-08-28,13.75,12.7538,14.6752
"66",242,2005-08-29,13.65,12.757,14.6869
"67",243,2005-08-30,12.26,12.7584,14.6893
"68",244,2005-08-31,11.3,12.7584,14.6916
"69",245,2005-09-01,11.12,12.7575,14.6904
"70",246,2005-09-02,11.51,12.7551,14.6905
"71",247,2005-09-03,12.63,12.7511,14.6891
"72",248,2005-09-04,11.78,12.7457,14.6847
"73",249,2005-09-05,11.68,12.7387,14.6764
"74",250,2005-09-06,11.46,12.7285,14.667
"75",251,2005-09-07,11.44,12.7151,14.6512
"76",252,2005-09-08,12.29,12.6996,14.6326
"77",253,2005-09-09,12.88,12.6821,14.6177
"78",254,2005-09-10,13.41,12.663,14.5929
"79",255,2005-09-11,12.46,12.6437,14.5668
"80",256,2005-09-12,11.76,12.6245,14.5364
"81",257,2005-09-13,11.2,12.6058,14.5076
"82",258,2005-09-14,11.44,12.5871,14.4771
"83",259,2005-09-15,11.64,12.5689,14.4477
"84",260,2005-09-16,11.69,12.5514,14.4196
"85",261,2005-09-17,11.5,12.535,14.3946
"86",262,2005-09-18,11.14,12.52,14.3723
"87",263,2005-09-19,11.03,12.5058,14.3489
"88",264,2005-09-20,10.91,12.4926,14.3304
"89",265,2005-09-21,11.93,12.4801,14.3164
"90",266,2005-09-22,11.79,12.4666,14.3032
"91",267,2005-09-23,12.84,12.4507,14.2865
"92",268,2005-09-24,11.99,12.4328,14.2642
"93",269,2005-09-25,11.98,12.4143,14.2421
"94",270,2005-09-26,11.87,12.3948,14.2204
"95",271,2005-09-27,12.34,12.3749,14.2003
"96",272,2005-09-28,12.85,12.3558,14.1806
"97",273,2005-09-29,12.23,12.3384,14.1675
"98",274,2005-09-30,11.78,12.3231,14.162
"99",275,2005-10-01,11.72,12.3094,14.1562
"100",276,2005-10-02,11.33,12.2966,14.1485
"101",277,2005-10-03,11.17,12.285,14.138
"102",278,2005-10-04,10.95,12.2748,14.1263
"103",279,2005-10-05,10.98,12.2664,14.1138
"104",280,2005-10-06,11.19,12.2589,14.1002
"105",281,2005-10-07,10.94,12.2525,14.0803
"106",282,2005-10-08,10.64,12.2461,14.0572
"107",283,2005-10-09,10.65,12.2391,14.034
"108",284,2005-10-10,10.62,12.2316,14.0131
"109",285,2005-10-11,11.01,12.2232,13.9942
"110",286,2005-10-12,10.69,12.2148,13.9768
"111",287,2005-10-13,10.39,12.2075,13.9646
"112",288,2005-10-14,10.48,12.2017,13.9576
"113",289,2005-10-15,10.95,12.197,13.9542
"114",290,2005-10-16,10.93,12.1915,13.9523
"115",291,2005-10-17,10.6,12.1861,13.9504
"116",292,2005-10-18,11.24,12.1812,13.9485
"117",293,2005-10-19,11.42,12.178,13.9459
"118",294,2005-10-20,11.7,12.1763,13.9433
"119",295,2005-10-21,11.37,12.1758,13.94
"120",296,2005-10-22,11.44,12.1766,13.9363
"121",297,2005-10-23,11.47,12.1787,13.9306
"122",298,2005-10-24,11.24,12.1812,13.9254
"123",299,2005-10-25,NA,12.1838,13.92
"124",300,2005-10-26,11.72,12.186,13.9139
"125",301,2005-10-27,11.29,12.1883,13.9055
"126",302,2005-10-28,11.87,12.1901,13.8942
"127",303,2005-10-29,11.89,12.1909,13.8837
"128",304,2005-10-30,11.7,12.1898,13.875
"129",305,2005-10-31,11.45,12.1868,13.8655
"130",306,2005-11-01,11.67,12.1821,13.8553
"131",307,2005-11-02,11.65,12.1765,13.8474
"132",308,2005-11-03,11.25,12.1698,13.8377
"133",309,2005-11-04,11.61,12.1613,13.8263
"134",310,2005-11-05,11.64,12.1507,13.8127
"135",311,2005-11-06,11.92,12.1392,13.7975
"136",312,2005-11-07,12.3,12.1268,13.7828
"137",313,2005-11-08,12.5,12.1146,13.767
"138",314,2005-11-09,12.2,12.1032,13.7536
"139",315,2005-11-10,12.28,12.0925,13.7393
"140",316,2005-11-11,12.09,12.0827,13.7254
"141",317,2005-11-12,11.71,12.0731,13.7118
"142",318,2005-11-13,11.31,12.0621,13.6964
"143",319,2005-11-14,11.01,12.0496,13.6809
"144",320,2005-11-15,10.55,12.0371,13.6655
"145",321,2005-11-16,10.61,12.0258,13.6507
"146",322,2005-11-17,10.66,12.0148,13.6358
"147",323,2005-11-18,10.75,12.004,13.621
"148",324,2005-11-19,10.81,11.9924,13.607
"149",325,2005-11-20,10.93,11.9803,13.5944
"150",326,2005-11-21,11.11,11.9682,13.5827
"151",327,2005-11-22,NA,11.9561,13.5726
"152",328,2005-11-23,NA,11.944,13.5664
"153",329,2005-11-24,10.85,11.9333,13.5603
"154",330,2005-11-25,11.26,11.9235,13.5547
"155",331,2005-11-26,10.99,11.9142,13.5488
"156",332,2005-11-27,10.58,11.9049,13.5437
"157",333,2005-11-28,10.47,11.8964,13.5424
"158",334,2005-11-29,11.04,11.8889,13.5405
"159",335,2005-11-30,10.78,11.8822,13.5366
"160",336,2005-12-01,11.36,11.8766,13.533
"161",337,2005-12-02,10.93,11.8716,13.5298
"162",338,2005-12-03,10.81,11.8664,13.527
"163",339,2005-12-04,10.74,11.8616,13.527
"164",340,2005-12-05,10.91,11.8569,13.5288
"165",341,2005-12-06,10.78,11.8528,13.5329
"166",342,2005-12-07,10.97,11.8491,13.5387
"167",343,2005-12-08,11.02,11.8454,13.5437
"168",344,2005-12-09,10.86,11.8412,13.5492
"169",345,2005-12-10,10.89,11.8361,13.552
"170",346,2005-12-11,10.95,11.8299,13.5551
"171",347,2005-12-12,10.9,11.8218,13.5504
"172",348,2005-12-13,10.83,11.8123,13.5234
"173",349,2005-12-14,10.84,11.8028,13.4963
"174",350,2005-12-15,11.05,11.7935,13.4692
"175",351,2005-12-16,11.11,11.7836,13.4422
"176",352,2005-12-17,11.54,11.7732,13.4145
"177",353,2005-12-18,12.44,11.7626,13.3877
"178",354,2005-12-19,11.79,11.7525,13.3616
"179",355,2005-12-20,11.59,11.7428,13.3372
"180",356,2005-12-21,NA,11.7337,13.313
"181",357,2005-12-22,11.82,11.725,13.2888
"182",358,2005-12-23,11.92,11.7171,13.2653
"183",359,2005-12-24,12.17,11.71,13.2421
"184",360,2005-12-25,12.47,11.7028,13.2189
"185",361,2005-12-26,12.54,11.6955,13.1945
"186",362,2005-12-27,12.59,11.6881,13.17
"187",363,2005-12-28,12.36,11.6806,13.1451
"188",364,2005-12-29,12.21,11.6728,13.1193
"189",365,2005-12-30,12.3,11.6648,13.0933
"190",366,2005-12-31,12.53,11.6563,13.0669
"191",1,2006-01-01,12.41,11.6471,13.0406
"192",2,2006-01-02,12.51,11.6377,13.0143
"193",3,2006-01-03,12.46,11.6287,12.9868
"194",4,2006-01-04,12.67,11.6196,12.9588
"195",5,2006-01-05,12.58,11.6107,12.9317
"196",6,2006-01-06,12.6,11.6021,12.906
"197",7,2006-01-07,12.69,11.5941,12.8821
"198",8,2006-01-08,12.43,11.5866,12.8589
"199",9,2006-01-09,12.24,11.5799,12.8382
"200",10,2006-01-10,12.28,11.574,12.8204
"201",11,2006-01-11,12.4,11.5693,12.8045
"202",12,2006-01-12,12.15,11.5664,12.798
"203",13,2006-01-13,12.24,11.5648,12.8125
"204",14,2006-01-14,12.31,11.5641,12.8275
"205",15,2006-01-15,12.15,11.564,12.8426
"206",16,2006-01-16,11.99,11.5642,12.8567
"207",17,2006-01-17,11.99,11.5643,12.8713
"208",18,2006-01-18,12.08,11.5642,12.8857
"209",19,2006-01-19,11.82,11.5638,12.8995
"210",20,2006-01-20,11.43,11.5628,12.9115
"211",21,2006-01-21,11.62,11.5614,12.9232
"212",22,2006-01-22,11.47,11.5594,12.9345
"213",23,2006-01-23,11.48,11.5564,12.9449
"214",24,2006-01-24,11.38,11.5526,12.9568
"215",25,2006-01-25,11.43,11.5476,12.9693
"216",26,2006-01-26,11.43,11.5413,12.9847
"217",27,2006-01-27,11.52,11.5339,13.0008
"218",28,2006-01-28,11.63,11.5251,13.0151
"219",29,2006-01-29,11.42,11.5151,13.0312
"220",30,2006-01-30,11.66,11.5037,13.0478
"221",31,2006-01-31,11.54,11.4915,13.0664
"222",32,2006-02-01,11.61,11.4779,13.0844
"223",33,2006-02-02,11.83,11.4627,13.1019
"224",34,2006-02-03,12.06,11.4454,13.1194
"225",35,2006-02-04,11.92,11.4259,13.1342
"226",36,2006-02-05,11.38,11.4049,13.1474
"227",37,2006-02-06,11.25,11.3831,13.1592
"228",38,2006-02-07,11.24,11.3601,13.1688
"229",39,2006-02-08,11.23,11.3363,13.1761
"230",40,2006-02-09,11.4,11.3118,13.1822
"231",41,2006-02-10,11.52,11.2868,13.1861
"232",42,2006-02-11,11.68,11.2612,13.1871
"233",43,2006-02-12,11.52,11.2358,13.1865
"234",44,2006-02-13,11.23,11.2108,13.1832
"235",45,2006-02-14,10.69,11.1871,13.18
"236",46,2006-02-15,9.63,11.165,13.1747
"237",47,2006-02-16,9.08,11.1441,13.1689
"238",48,2006-02-17,9.05,11.1242,13.1624
"239",49,2006-02-18,8.95,11.1053,13.1537
"240",50,2006-02-19,9.21,11.0873,13.1419
"241",51,2006-02-20,9.54,11.0698,13.1294
"242",52,2006-02-21,9.41,11.0531,13.1168
"243",53,2006-02-22,9.35,11.0372,13.1026
"244",54,2006-02-23,9.51,11.0216,13.0876
"245",55,2006-02-24,9.73,11.0057,13.069
"246",56,2006-02-25,9.99,10.9899,13.0435
"247",57,2006-02-26,10.41,10.974,13.0151
"248",58,2006-02-27,10.61,10.9584,12.9824
"249",59,2006-02-28,11.01,10.9432,12.949
"250",61,2006-03-01,11.05,10.9161,12.8805
"251",62,2006-03-02,11.2,10.9044,12.8489
"252",63,2006-03-03,11.32,10.8933,12.8157
"253",64,2006-03-04,11.39,10.8824,12.7834
"254",65,2006-03-05,11.42,10.8723,12.7511
"255",66,2006-03-06,11.54,10.863,12.7198
"256",67,2006-03-07,11.58,10.8538,12.6894
"257",68,2006-03-08,11.39,10.8446,12.6615
"258",69,2006-03-09,11.23,10.8356,12.6338
"259",70,2006-03-10,11.06,10.8271,12.6085
"260",71,2006-03-11,10.85,10.8185,12.5805
"261",72,2006-03-12,10.9,10.8091,12.5441
"262",73,2006-03-13,10.78,10.7984,12.5079
"263",74,2006-03-14,10.85,10.7862,12.4691
"264",75,2006-03-15,10.94,10.7722,12.4311
"265",76,2006-03-16,11.24,10.7559,12.3913
"266",77,2006-03-17,11.14,10.7368,12.3513
"267",78,2006-03-18,11.03,10.7157,12.3115
"268",79,2006-03-19,10.41,10.6928,12.2709
"269",80,2006-03-20,9.62,10.6681,12.2307
"270",81,2006-03-21,9.51,10.6417,12.1918
"271",82,2006-03-22,9.87,10.6136,12.1504
"272",83,2006-03-23,10.06,10.5839,12.1075
"273",84,2006-03-24,10.54,10.5521,12.0665
"274",85,2006-03-25,10.66,10.5191,12.0231
"275",86,2006-03-26,10.62,10.4854,11.9784
"276",87,2006-03-27,10.27,10.4514,11.9378
"277",88,2006-03-28,10.89,10.419,11.9003
"278",89,2006-03-29,11.21,10.3871,11.8705
"279",90,2006-03-30,11.49,10.3565,11.8459
"280",91,2006-03-31,11.36,10.3267,11.8255
"281",92,2006-04-01,11.33,10.2972,11.8035
"282",93,2006-04-02,11.61,10.267,11.7805
"283",94,2006-04-03,11.41,10.2374,11.7587
"284",95,2006-04-04,11.55,10.2095,11.7356
"285",96,2006-04-05,11.53,10.1833,11.7091
"286",97,2006-04-06,NA,10.1593,11.6816
"287",98,2006-04-07,NA,10.1368,11.6527
"288",99,2006-04-08,NA,10.1139,11.6182
"289",100,2006-04-09,NA,10.0911,11.5802
"290",101,2006-04-10,12.71,10.0671,11.5371
"291",102,2006-04-11,12.5,10.0413,11.4953
"292",103,2006-04-12,12.18,10.0153,11.461
"293",104,2006-04-13,12.52,9.9909,11.4284
"294",105,2006-04-14,12.52,9.9677,11.3936
"295",106,2006-04-15,11.99,9.9456,11.3606
"296",107,2006-04-16,11.91,9.9246,11.3267
"297",108,2006-04-17,11.77,9.9048,11.2911
"298",109,2006-04-18,11.36,9.8863,11.2589
"299",110,2006-04-19,11.02,9.87,11.2328
"300",111,2006-04-20,10.65,9.8559,11.2117
"301",112,2006-04-21,10.12,9.8442,11.1928
"302",113,2006-04-22,9.63,9.836,11.1847
"303",114,2006-04-23,10.14,9.8301,11.1798
"304",115,2006-04-24,11.43,9.8262,11.1746
"305",116,2006-04-25,11.02,9.8242,11.1739
"306",117,2006-04-26,11.28,9.825,11.1789
"307",118,2006-04-27,10.44,9.8284,11.1891
"308",119,2006-04-28,9.79,9.833,11.205
"309",120,2006-04-29,10.03,9.8395,11.2179
"310",121,2006-04-30,10.26,9.8471,11.2281
"311",122,2006-05-01,9.61,9.8545,11.2341
"312",123,2006-05-02,9.26,9.8618,11.2412
"313",124,2006-05-03,9.28,9.8694,11.2438
"314",125,2006-05-04,NA,9.8769,11.2461
"315",126,2006-05-05,NA,9.8838,11.2485
"316",127,2006-05-06,NA,9.8902,11.2559
"317",128,2006-05-07,NA,9.896,11.2637
"318",129,2006-05-08,9.78,9.9017,11.272
"319",130,2006-05-09,9.69,9.9081,11.2816
"320",131,2006-05-10,9.29,9.9143,11.2892
"321",132,2006-05-11,9.6,9.9217,11.2972
"322",133,2006-05-12,9.7,9.9319,11.3116
"323",134,2006-05-13,9.3,9.9452,11.3294
"324",135,2006-05-14,9.05,9.9602,11.3523
"325",136,2006-05-15,9.38,9.9773,11.3811
"326",137,2006-05-16,9.88,9.9972,11.4147
"327",138,2006-05-17,9.1,10.0203,11.4514
"328",139,2006-05-18,8.97,10.0461,11.5018
"329",140,2006-05-19,9.23,10.0729,11.5515
"330",141,2006-05-20,NA,10.1005,11.5975
"331",142,2006-05-21,10.95,10.1294,11.64
"332",143,2006-05-22,11.75,10.159,11.6854
"333",144,2006-05-23,12.39,10.1886,11.7355
"334",145,2006-05-24,12.32,10.2176,11.789
"335",146,2006-05-25,13.96,10.2471,11.8425
"336",147,2006-05-26,12,10.2771,11.895
"337",148,2006-05-27,10.38,10.3055,11.9454
"338",149,2006-05-28,9.86,10.331,11.9924
"339",150,2006-05-29,9.9,10.3538,12.0308
"340",151,2006-05-30,9.6,10.3754,12.0637
"341",152,2006-05-31,9.49,10.3957,12.0962
"342",153,2006-06-01,9.35,10.4156,12.1271
"343",154,2006-06-02,NA,10.4355,12.1538
"344",155,2006-06-03,NA,10.4564,12.1779
"345",156,2006-06-04,NA,10.4799,12.2045
"346",157,2006-06-05,11.12,10.5057,12.232
"347",158,2006-06-06,10.61,10.5333,12.2587
"348",159,2006-06-07,10.65,10.5634,12.2897
"349",160,2006-06-08,10.64,10.596,12.3224
"350",161,2006-06-09,10.07,10.6307,12.3585
"351",162,2006-06-10,9.86,10.6672,12.4055
"352",163,2006-06-11,9.33,10.7054,12.4612
"353",164,2006-06-12,9.45,10.7443,12.513
"354",165,2006-06-13,10.17,10.7834,12.5658
"355",166,2006-06-14,10.74,10.8222,12.6175
"356",167,2006-06-15,10.45,10.8602,12.6708
"357",168,2006-06-16,10.39,10.8967,12.7235
"358",169,2006-06-17,10.45,10.9306,12.7776
"359",170,2006-06-18,11.1,10.9613,12.822
"360",171,2006-06-19,10.65,10.9903,12.8592
"361",172,2006-06-20,10.1,11.0181,12.8907
"362",173,2006-06-21,10.49,11.0446,12.9215
"363",174,2006-06-22,10.28,11.0707,12.9489
"364",175,2006-06-23,9.77,11.0967,12.973
"365",176,2006-06-24,10.07,11.1234,12.9938
"366",177,2006-06-25,12.28,11.1499,13.0126
"367",178,2006-06-26,13.28,11.1751,13.0241
"368",179,2006-06-27,13.72,11.2007,13.0341
"369",180,2006-06-28,13.44,11.2293,13.046
"370",181,2006-06-29,13.62,11.2625,13.0664
"371",182,2006-06-30,15.31,11.2993,13.0984
"372",183,2006-07-01,13.9,11.3384,13.1387
"373",184,2006-07-02,12.77,11.3798,13.1841
"374",185,2006-07-03,12.11,11.4236,13.2357
"375",186,2006-07-04,11.7,11.4684,13.2897
"376",187,2006-07-05,11.4,11.5116,13.3409
"377",188,2006-07-06,11.02,11.5539,13.3899
"378",189,2006-07-07,10.8,11.597,13.4392
"379",190,2006-07-08,11.03,11.64,13.4915
"380",191,2006-07-09,10.75,11.6823,13.5466
"381",192,2006-07-10,10.19,11.7244,13.6014
"382",193,2006-07-11,10.15,11.766,13.6567
"383",194,2006-07-12,10.07,11.808,13.7104
"384",195,2006-07-13,10.12,11.85,13.7632
"385",196,2006-07-14,9.88,11.8909,13.816
"386",197,2006-07-15,10.21,11.9304,13.8638
"387",198,2006-07-16,10.74,11.9699,13.9113
"388",199,2006-07-17,11.27,12.0098,13.9561
"389",200,2006-07-18,11.33,12.0492,13.9987
"390",201,2006-07-19,11.53,12.0882,14.0397
"391",202,2006-07-20,12.41,12.1267,14.0835
"392",203,2006-07-21,12.79,12.1631,14.1251
"393",204,2006-07-22,12.97,12.1972,14.1622
"394",205,2006-07-23,13.18,12.2285,14.1966
"395",206,2006-07-24,12.81,12.2571,14.216
"396",207,2006-07-25,12.76,12.2844,14.2286
"397",208,2006-07-26,14.07,12.3115,14.2446
"398",209,2006-07-27,15.04,12.3398,14.2684
"399",210,2006-07-28,15.66,12.3681,14.2937
"400",211,2006-07-29,15.94,12.3955,14.3175
"401",212,2006-07-30,16.28,12.4205,14.3365
"402",213,2006-07-31,12.82,12.4431,14.3504
"403",214,2006-08-01,11.49,12.4644,14.3604
"404",215,2006-08-02,11.22,12.4848,14.37
"405",216,2006-08-03,11.05,12.5043,14.3793
"406",217,2006-08-04,10.7,12.5234,14.3942
"407",218,2006-08-05,11.1,12.5427,14.4146
"408",219,2006-08-06,12.75,12.563,14.4433
"409",220,2006-08-07,13.51,12.5834,14.4793
"410",221,2006-08-08,13.98,12.6029,14.5085
"411",222,2006-08-09,13.32,12.6219,14.5262
"412",223,2006-08-10,12.79,12.6406,14.5496
"413",224,2006-08-11,11.72,12.6583,14.5669
"414",225,2006-08-12,10.99,12.673,14.5819
"415",226,2006-08-13,11.76,12.6847,14.5902
"416",227,2006-08-14,13.37,12.6947,14.5959
"417",228,2006-08-15,14.08,12.7041,14.6006
"418",229,2006-08-16,14.22,12.7116,14.6024
"419",230,2006-08-17,12.89,12.7159,14.6004
"420",231,2006-08-18,11.82,12.7179,14.5962
"421",232,2006-08-19,12.07,12.7191,14.5935
"422",233,2006-08-20,13.04,12.7194,14.588
"423",234,2006-08-21,13.37,12.7194,14.5837
"424",235,2006-08-22,13.96,12.7205,14.581
"425",236,2006-08-23,12.81,12.7243,14.5839
"426",237,2006-08-24,11.82,12.7301,14.5989
"427",238,2006-08-25,12.14,12.7366,14.6193
"428",239,2006-08-26,13.24,12.7432,14.6397
"429",240,2006-08-27,13.79,12.749,14.6577
"430",241,2006-08-28,12.77,12.7538,14.6752
"431",242,2006-08-29,12.99,12.757,14.6869
"432",243,2006-08-30,12.35,12.7584,14.6893
"433",244,2006-08-31,12.3,12.7584,14.6916
"434",245,2006-09-01,12.45,12.7575,14.6904
"435",246,2006-09-02,12.88,12.7551,14.6905
"436",247,2006-09-03,13.11,12.7511,14.6891
"437",248,2006-09-04,13.18,12.7457,14.6847
"438",249,2006-09-05,13.51,12.7387,14.6764
"439",250,2006-09-06,12.77,12.7285,14.667
"440",251,2006-09-07,12.41,12.7151,14.6512
"441",252,2006-09-08,12.17,12.6996,14.6326
"442",253,2006-09-09,11.7,12.6821,14.6177
"443",254,2006-09-10,11.43,12.663,14.5929
"444",255,2006-09-11,11.73,12.6437,14.5668
"445",256,2006-09-12,12.2,12.6245,14.5364
"446",257,2006-09-13,11.88,12.6058,14.5076
"447",258,2006-09-14,12.54,12.5871,14.4771
"448",259,2006-09-15,12.42,12.5689,14.4477
"449",260,2006-09-16,11.57,12.5514,14.4196
"450",261,2006-09-17,11.04,12.535,14.3946
"451",262,2006-09-18,11.24,12.52,14.3723
"452",263,2006-09-19,11.12,12.5058,14.3489
"453",264,2006-09-20,10.46,12.4926,14.3304
"454",265,2006-09-21,10.54,12.4801,14.3164
"455",266,2006-09-22,10.46,12.4666,14.3032
"456",267,2006-09-23,10.37,12.4507,14.2865
"457",268,2006-09-24,10.9,12.4328,14.2642
"458",269,2006-09-25,11.7,12.4143,14.2421
"459",270,2006-09-26,12.05,12.3948,14.2204
"460",271,2006-09-27,12.1,12.3749,14.2003
"461",272,2006-09-28,12.28,12.3558,14.1806
"462",273,2006-09-29,12.88,12.3384,14.1675
"463",274,2006-09-30,12.75,12.3231,14.162
"464",275,2006-10-01,12.62,12.3094,14.1562
"465",276,2006-10-02,12.61,12.2966,14.1485
"466",277,2006-10-03,13.28,12.285,14.138
"467",278,2006-10-04,13.77,12.2748,14.1263
"468",279,2006-10-05,13.76,12.2664,14.1138
"469",280,2006-10-06,13.44,12.2589,14.1002
"470",281,2006-10-07,12.56,12.2525,14.0803
"471",282,2006-10-08,12.41,12.2461,14.0572
"472",283,2006-10-09,12.92,12.2391,14.034
"473",284,2006-10-10,13.92,12.2316,14.0131
"474",285,2006-10-11,14.53,12.2232,13.9942
"475",286,2006-10-12,13.86,12.2148,13.9768
"476",287,2006-10-13,13.94,12.2075,13.9646
"477",288,2006-10-14,14.19,12.2017,13.9576
"478",289,2006-10-15,13.46,12.197,13.9542
"479",290,2006-10-16,13.1,12.1915,13.9523
"480",291,2006-10-17,12.7,12.1861,13.9504
"481",292,2006-10-18,12.16,12.1812,13.9485
"482",293,2006-10-19,11.79,12.178,13.9459
"483",294,2006-10-20,12.32,12.1763,13.9433
"484",295,2006-10-21,13.1,12.1758,13.94
"485",296,2006-10-22,13.16,12.1766,13.9363
"486",297,2006-10-23,13.45,12.1787,13.9306
"487",298,2006-10-24,13.07,12.1812,13.9254
"488",299,2006-10-25,13.01,12.1838,13.92
"489",300,2006-10-26,13.18,12.186,13.9139
"490",301,2006-10-27,13.91,12.1883,13.9055
"491",302,2006-10-28,13.94,12.1901,13.8942
"492",303,2006-10-29,13.71,12.1909,13.8837
"493",304,2006-10-30,13.69,12.1898,13.875
"494",305,2006-10-31,13.5,12.1868,13.8655
"495",306,2006-11-01,13.51,12.1821,13.8553
"496",307,2006-11-02,13.66,12.1765,13.8474
"497",308,2006-11-03,14.19,12.1698,13.8377
"498",309,2006-11-04,14.29,12.1613,13.8263
"499",310,2006-11-05,14.09,12.1507,13.8127
"500",311,2006-11-06,14.08,12.1392,13.7975
"501",312,2006-11-07,13.52,12.1268,13.7828
"502",313,2006-11-08,13.46,12.1146,13.767
"503",314,2006-11-09,12.32,12.1032,13.7536
"504",315,2006-11-10,12.1,12.0925,13.7393
"505",316,2006-11-11,12.35,12.0827,13.7254
"506",317,2006-11-12,10.94,12.0731,13.7118
"507",318,2006-11-13,11.43,12.0621,13.6964
"508",319,2006-11-14,11.9,12.0496,13.6809
"509",320,2006-11-15,11.45,12.0371,13.6655
"510",321,2006-11-16,11.95,12.0258,13.6507
"511",322,2006-11-17,12.4,12.0148,13.6358
"512",323,2006-11-18,12.29,12.004,13.621
"513",324,2006-11-19,12.25,11.9924,13.607
"514",325,2006-11-20,12.64,11.9803,13.5944
"515",326,2006-11-21,12.68,11.9682,13.5827
"516",327,2006-11-22,12.84,11.9561,13.5726
"517",328,2006-11-23,12.48,11.944,13.5664
"518",329,2006-11-24,12.16,11.9333,13.5603
"519",330,2006-11-25,11.9,11.9235,13.5547
"520",331,2006-11-26,11.34,11.9142,13.5488
"521",332,2006-11-27,11.34,11.9049,13.5437
"522",333,2006-11-28,10.82,11.8964,13.5424
"523",334,2006-11-29,10.38,11.8889,13.5405
"524",335,2006-11-30,10.45,11.8822,13.5366
"525",336,2006-12-01,10.55,11.8766,13.533
"526",337,2006-12-02,10.61,11.8716,13.5298
"527",338,2006-12-03,10.98,11.8664,13.527
"528",339,2006-12-04,11.31,11.8616,13.527
"529",340,2006-12-05,11.26,11.8569,13.5288
"530",341,2006-12-06,NA,11.8528,13.5329
"531",342,2006-12-07,NA,11.8491,13.5387
"532",343,2006-12-08,NA,11.8454,13.5437
"533",344,2006-12-09,NA,11.8412,13.5492
"534",345,2006-12-10,NA,11.8361,13.552
"535",346,2006-12-11,NA,11.8299,13.5551
"536",347,2006-12-12,NA,11.8218,13.5504
"537",348,2006-12-13,NA,11.8123,13.5234
"538",349,2006-12-14,NA,11.8028,13.4963
"539",350,2006-12-15,NA,11.7935,13.4692
"540",351,2006-12-16,NA,11.7836,13.4422
"541",352,2006-12-17,NA,11.7732,13.4145
"542",353,2006-12-18,NA,11.7626,13.3877
"543",354,2006-12-19,NA,11.7525,13.3616
"544",355,2006-12-20,NA,11.7428,13.3372
"545",356,2006-12-21,NA,11.7337,13.313
"546",357,2006-12-22,NA,11.725,13.2888
"547",358,2006-12-23,NA,11.7171,13.2653
"548",359,2006-12-24,NA,11.71,13.2421
"549",360,2006-12-25,NA,11.7028,13.2189
"550",361,2006-12-26,NA,11.6955,13.1945
"551",362,2006-12-27,NA,11.6881,13.17
"552",363,2006-12-28,NA,11.6806,13.1451
"553",364,2006-12-29,NA,11.6728,13.1193
"554",365,2006-12-30,NA,11.6648,13.0933
"555",366,2006-12-31,NA,11.6563,13.0669
"556",1,2007-01-01,NA,11.6471,13.0406
"557",2,2007-01-02,NA,11.6377,13.0143
"558",3,2007-01-03,NA,11.6287,12.9868
"559",4,2007-01-04,NA,11.6196,12.9588
"560",5,2007-01-05,NA,11.6107,12.9317
"561",6,2007-01-06,NA,11.6021,12.906
"562",7,2007-01-07,NA,11.5941,12.8821
"563",8,2007-01-08,NA,11.5866,12.8589
"564",9,2007-01-09,NA,11.5799,12.8382
"565",10,2007-01-10,NA,11.574,12.8204
"566",11,2007-01-11,NA,11.5693,12.8045
"567",12,2007-01-12,NA,11.5664,12.798
"568",13,2007-01-13,NA,11.5648,12.8125
"569",14,2007-01-14,NA,11.5641,12.8275
"570",15,2007-01-15,NA,11.564,12.8426
"571",16,2007-01-16,NA,11.5642,12.8567
"572",17,2007-01-17,NA,11.5643,12.8713
"573",18,2007-01-18,NA,11.5642,12.8857
"574",19,2007-01-19,NA,11.5638,12.8995
"575",20,2007-01-20,NA,11.5628,12.9115
"576",21,2007-01-21,NA,11.5614,12.9232
"577",22,2007-01-22,NA,11.5594,12.9345
"578",23,2007-01-23,NA,11.5564,12.9449
"579",24,2007-01-24,NA,11.5526,12.9568
"580",25,2007-01-25,NA,11.5476,12.9693
"581",26,2007-01-26,NA,11.5413,12.9847
"582",27,2007-01-27,NA,11.5339,13.0008
"583",28,2007-01-28,NA,11.5251,13.0151
"584",29,2007-01-29,NA,11.5151,13.0312
"585",30,2007-01-30,NA,11.5037,13.0478
"586",31,2007-01-31,NA,11.4915,13.0664
"587",32,2007-02-01,NA,11.4779,13.0844
"588",33,2007-02-02,NA,11.4627,13.1019
"589",34,2007-02-03,NA,11.4454,13.1194
"590",35,2007-02-04,NA,11.4259,13.1342
"591",36,2007-02-05,NA,11.4049,13.1474
"592",37,2007-02-06,NA,11.3831,13.1592
"593",38,2007-02-07,NA,11.3601,13.1688
"594",39,2007-02-08,NA,11.3363,13.1761
"595",40,2007-02-09,NA,11.3118,13.1822
"596",41,2007-02-10,NA,11.2868,13.1861
"597",42,2007-02-11,NA,11.2612,13.1871
"598",43,2007-02-12,NA,11.2358,13.1865
"599",44,2007-02-13,NA,11.2108,13.1832
"600",45,2007-02-14,NA,11.1871,13.18
"601",46,2007-02-15,NA,11.165,13.1747
"602",47,2007-02-16,NA,11.1441,13.1689
"603",48,2007-02-17,NA,11.1242,13.1624
"604",49,2007-02-18,NA,11.1053,13.1537
"605",50,2007-02-19,NA,11.0873,13.1419
"606",51,2007-02-20,NA,11.0698,13.1294
"607",52,2007-02-21,NA,11.0531,13.1168
"608",53,2007-02-22,NA,11.0372,13.1026
"609",54,2007-02-23,NA,11.0216,13.0876
"610",55,2007-02-24,NA,11.0057,13.069
"611",56,2007-02-25,NA,10.9899,13.0435
"612",57,2007-02-26,NA,10.974,13.0151
"613",58,2007-02-27,NA,10.9584,12.9824
"614",59,2007-02-28,NA,10.9432,12.949
"615",61,2007-03-01,NA,10.9161,12.8805
"616",62,2007-03-02,NA,10.9044,12.8489
"617",63,2007-03-03,NA,10.8933,12.8157
"618",64,2007-03-04,NA,10.8824,12.7834
"619",65,2007-03-05,NA,10.8723,12.7511
"620",66,2007-03-06,NA,10.863,12.7198
"621",67,2007-03-07,NA,10.8538,12.6894
"622",68,2007-03-08,NA,10.8446,12.6615
"623",69,2007-03-09,NA,10.8356,12.6338
"624",70,2007-03-10,NA,10.8271,12.6085
"625",71,2007-03-11,NA,10.8185,12.5805
"626",72,2007-03-12,NA,10.8091,12.5441
"627",73,2007-03-13,NA,10.7984,12.5079
"628",74,2007-03-14,NA,10.7862,12.4691
"629",75,2007-03-15,NA,10.7722,12.4311
"630",76,2007-03-16,NA,10.7559,12.3913
"631",77,2007-03-17,NA,10.7368,12.3513
"632",78,2007-03-18,NA,10.7157,12.3115
"633",79,2007-03-19,NA,10.6928,12.2709
"634",80,2007-03-20,NA,10.6681,12.2307
"635",81,2007-03-21,NA,10.6417,12.1918
"636",82,2007-03-22,NA,10.6136,12.1504
"637",83,2007-03-23,NA,10.5839,12.1075
"638",84,2007-03-24,NA,10.5521,12.0665
"639",85,2007-03-25,NA,10.5191,12.0231
"640",86,2007-03-26,NA,10.4854,11.9784
"641",87,2007-03-27,NA,10.4514,11.9378
"642",88,2007-03-28,NA,10.419,11.9003
"643",89,2007-03-29,NA,10.3871,11.8705
"644",90,2007-03-30,NA,10.3565,11.8459
"645",91,2007-03-31,NA,10.3267,11.8255
"646",92,2007-04-01,NA,10.2972,11.8035
"647",93,2007-04-02,NA,10.267,11.7805
"648",94,2007-04-03,NA,10.2374,11.7587
"649",95,2007-04-04,NA,10.2095,11.7356
"650",96,2007-04-05,NA,10.1833,11.7091
"651",97,2007-04-06,NA,10.1593,11.6816
"652",98,2007-04-07,NA,10.1368,11.6527
"653",99,2007-04-08,NA,10.1139,11.6182
"654",100,2007-04-09,NA,10.0911,11.5802
"655",101,2007-04-10,NA,10.0671,11.5371
"656",102,2007-04-11,NA,10.0413,11.4953
"657",103,2007-04-12,NA,10.0153,11.461
"658",104,2007-04-13,NA,9.9909,11.4284
"659",105,2007-04-14,NA,9.9677,11.3936
"660",106,2007-04-15,NA,9.9456,11.3606
"661",107,2007-04-16,NA,9.9246,11.3267
"662",108,2007-04-17,NA,9.9048,11.2911
"663",109,2007-04-18,NA,9.8863,11.2589
"664",110,2007-04-19,NA,9.87,11.2328
"665",111,2007-04-20,NA,9.8559,11.2117
"666",112,2007-04-21,NA,9.8442,11.1928
"667",113,2007-04-22,NA,9.836,11.1847
"668",114,2007-04-23,NA,9.8301,11.1798
"669",115,2007-04-24,NA,9.8262,11.1746
"670",116,2007-04-25,NA,9.8242,11.1739
"671",117,2007-04-26,NA,9.825,11.1789
"672",118,2007-04-27,NA,9.8284,11.1891
"673",119,2007-04-28,NA,9.833,11.205
"674",120,2007-04-29,NA,9.8395,11.2179
"675",121,2007-04-30,NA,9.8471,11.2281
"676",122,2007-05-01,NA,9.8545,11.2341
"677",123,2007-05-02,NA,9.8618,11.2412
"678",124,2007-05-03,NA,9.8694,11.2438
"679",125,2007-05-04,NA,9.8769,11.2461
"680",126,2007-05-05,NA,9.8838,11.2485
"681",127,2007-05-06,NA,9.8902,11.2559
"682",128,2007-05-07,NA,9.896,11.2637
"683",129,2007-05-08,NA,9.9017,11.272
"684",130,2007-05-09,NA,9.9081,11.2816
"685",131,2007-05-10,NA,9.9143,11.2892
"686",132,2007-05-11,NA,9.9217,11.2972
"687",133,2007-05-12,NA,9.9319,11.3116
"688",134,2007-05-13,NA,9.9452,11.3294
"689",135,2007-05-14,NA,9.9602,11.3523
"690",136,2007-05-15,NA,9.9773,11.3811
"691",137,2007-05-16,NA,9.9972,11.4147
"692",138,2007-05-17,NA,10.0203,11.4514
"693",139,2007-05-18,NA,10.0461,11.5018
"694",140,2007-05-19,NA,10.0729,11.5515
"695",141,2007-05-20,NA,10.1005,11.5975
"696",142,2007-05-21,NA,10.1294,11.64
"697",143,2007-05-22,NA,10.159,11.6854
"698",144,2007-05-23,NA,10.1886,11.7355
"699",145,2007-05-24,NA,10.2176,11.789
"700",146,2007-05-25,NA,10.2471,11.8425
"701",147,2007-05-26,NA,10.2771,11.895
"702",148,2007-05-27,NA,10.3055,11.9454
"703",149,2007-05-28,NA,10.331,11.9924
"704",150,2007-05-29,NA,10.3538,12.0308
"705",151,2007-05-30,NA,10.3754,12.0637
"706",152,2007-05-31,NA,10.3957,12.0962
"707",153,2007-06-01,NA,10.4156,12.1271
"708",154,2007-06-02,NA,10.4355,12.1538
"709",155,2007-06-03,NA,10.4564,12.1779
"710",156,2007-06-04,NA,10.4799,12.2045
"711",157,2007-06-05,NA,10.5057,12.232
"712",158,2007-06-06,NA,10.5333,12.2587
"713",159,2007-06-07,NA,10.5634,12.2897
"714",160,2007-06-08,NA,10.596,12.3224
"715",161,2007-06-09,NA,10.6307,12.3585
"716",162,2007-06-10,NA,10.6672,12.4055
"717",163,2007-06-11,NA,10.7054,12.4612
"718",164,2007-06-12,NA,10.7443,12.513
"719",165,2007-06-13,NA,10.7834,12.5658
"720",166,2007-06-14,NA,10.8222,12.6175
"721",167,2007-06-15,9.11,10.8602,12.6708
"722",168,2007-06-16,9.32,10.8967,12.7235
"723",169,2007-06-17,9.6,10.9306,12.7776
"724",170,2007-06-18,9.93,10.9613,12.822
"725",171,2007-06-19,10.98,10.9903,12.8592
"726",172,2007-06-20,11.86,11.0181,12.8907
"727",173,2007-06-21,13.67,11.0446,12.9215
"728",174,2007-06-22,13.32,11.0707,12.9489
"729",175,2007-06-23,11.67,11.0967,12.973
"730",176,2007-06-24,11.09,11.1234,12.9938
"731",177,2007-06-25,10.75,11.1499,13.0126
"732",178,2007-06-26,10.19,11.1751,13.0241
"733",179,2007-06-27,10.15,11.2007,13.0341
"734",180,2007-06-28,10.3,11.2293,13.046
"735",181,2007-06-29,10.13,11.2625,13.0664
"736",182,2007-06-30,9.95,11.2993,13.0984
"737",183,2007-07-01,9.62,11.3384,13.1387
"738",184,2007-07-02,9.71,11.3798,13.1841
"739",185,2007-07-03,9.59,11.4236,13.2357
"740",186,2007-07-04,9.67,11.4684,13.2897
"741",187,2007-07-05,9.49,11.5116,13.3409
"742",188,2007-07-06,10.12,11.5539,13.3899
"743",189,2007-07-07,10.74,11.597,13.4392
"744",190,2007-07-08,10.58,11.64,13.4915
"745",191,2007-07-09,10.3,11.6823,13.5466
"746",192,2007-07-10,10.66,11.7244,13.6014
"747",193,2007-07-11,11.82,11.766,13.6567
"748",194,2007-07-12,12.2,11.808,13.7104
"749",195,2007-07-13,13.65,11.85,13.7632
"750",196,2007-07-14,13.97,11.8909,13.816
"751",197,2007-07-15,13.18,11.9304,13.8638
"752",198,2007-07-16,11.99,11.9699,13.9113
"753",199,2007-07-17,10.66,12.0098,13.9561
"754",200,2007-07-18,11.49,12.0492,13.9987
"755",201,2007-07-19,12.48,12.0882,14.0397
"756",202,2007-07-20,12.26,12.1267,14.0835
"757",203,2007-07-21,12.2,12.1631,14.1251
"758",204,2007-07-22,12.26,12.1972,14.1622
"759",205,2007-07-23,12.05,12.2285,14.1966
"760",206,2007-07-24,11.22,12.2571,14.216
"761",207,2007-07-25,10.78,12.2844,14.2286
"762",208,2007-07-26,10.95,12.3115,14.2446
"763",209,2007-07-27,10.95,12.3398,14.2684
"764",210,2007-07-28,10.66,12.3681,14.2937
"765",211,2007-07-29,11.15,12.3955,14.3175
"766",212,2007-07-30,10.44,12.4205,14.3365
"767",213,2007-07-31,10.51,12.4431,14.3504
"768",214,2007-08-01,10.42,12.4644,14.3604
"769",215,2007-08-02,11.74,12.4848,14.37
"770",216,2007-08-03,12.82,12.5043,14.3793
"771",217,2007-08-04,12.83,12.5234,14.3942
"772",218,2007-08-05,12.76,12.5427,14.4146
"773",219,2007-08-06,12.41,12.563,14.4433
"774",220,2007-08-07,12.44,12.5834,14.4793
"775",221,2007-08-08,11.94,12.6029,14.5085
"776",222,2007-08-09,11.64,12.6219,14.5262
"777",223,2007-08-10,11.96,12.6406,14.5496
"778",224,2007-08-11,11.81,12.6583,14.5669
"779",225,2007-08-12,11.12,12.673,14.5819
"780",226,2007-08-13,11,12.6847,14.5902
"781",227,2007-08-14,11.38,12.6947,14.5959
"782",228,2007-08-15,11.44,12.7041,14.6006
"783",229,2007-08-16,11.81,12.7116,14.6024
"784",230,2007-08-17,12.6,12.7159,14.6004
"785",231,2007-08-18,12.23,12.7179,14.5962
"786",232,2007-08-19,12.04,12.7191,14.5935
"787",233,2007-08-20,12.13,12.7194,14.588
"788",234,2007-08-21,12.59,12.7194,14.5837
"789",235,2007-08-22,11.91,12.7205,14.581
"790",236,2007-08-23,10.87,12.7243,14.5839
"791",237,2007-08-24,10,12.7301,14.5989
"792",238,2007-08-25,10.54,12.7366,14.6193
"793",239,2007-08-26,11.05,12.7432,14.6397
"794",240,2007-08-27,12.08,12.749,14.6577
"795",241,2007-08-28,12.7,12.7538,14.6752
"796",242,2007-08-29,13.07,12.757,14.6869
"797",243,2007-08-30,14.01,12.7584,14.6893
"798",244,2007-08-31,14,12.7584,14.6916
"799",245,2007-09-01,13,12.7575,14.6904
"800",246,2007-09-02,12.99,12.7551,14.6905
"801",247,2007-09-03,12.58,12.7511,14.6891
"802",248,2007-09-04,12.31,12.7457,14.6847
"803",249,2007-09-05,11.44,12.7387,14.6764
"804",250,2007-09-06,10.4,12.7285,14.667
"805",251,2007-09-07,11.3,12.7151,14.6512
"806",252,2007-09-08,11.41,12.6996,14.6326
"807",253,2007-09-09,11.53,12.6821,14.6177
"808",254,2007-09-10,12.03,12.663,14.5929
"809",255,2007-09-11,12.62,12.6437,14.5668
"810",256,2007-09-12,12.55,12.6245,14.5364
"811",257,2007-09-13,12.56,12.6058,14.5076
"812",258,2007-09-14,13.37,12.5871,14.4771
"813",259,2007-09-15,14,12.5689,14.4477
"814",260,2007-09-16,13.47,12.5514,14.4196
"815",261,2007-09-17,12.54,12.535,14.3946
"816",262,2007-09-18,11.78,12.52,14.3723
"817",263,2007-09-19,11.65,12.5058,14.3489
"818",264,2007-09-20,11.1,12.4926,14.3304
"819",265,2007-09-21,11.15,12.4801,14.3164
"820",266,2007-09-22,11.24,12.4666,14.3032
"821",267,2007-09-23,11.58,12.4507,14.2865
"822",268,2007-09-24,11.08,12.4328,14.2642
"823",269,2007-09-25,11.39,12.4143,14.2421
"824",270,2007-09-26,11.44,12.3948,14.2204
"825",271,2007-09-27,11.73,12.3749,14.2003
"826",272,2007-09-28,11.4,12.3558,14.1806
"827",273,2007-09-29,11.78,12.3384,14.1675
"828",274,2007-09-30,11.73,12.3231,14.162
"829",275,2007-10-01,12.23,12.3094,14.1562
"830",276,2007-10-02,11.59,12.2966,14.1485
"831",277,2007-10-03,11.97,12.285,14.138
"832",278,2007-10-04,11.32,12.2748,14.1263
"833",279,2007-10-05,10.62,12.2664,14.1138
"834",280,2007-10-06,10.47,12.2589,14.1002
"835",281,2007-10-07,10.45,12.2525,14.0803
"836",282,2007-10-08,10.4,12.2461,14.0572
"837",283,2007-10-09,10.72,12.2391,14.034
"838",284,2007-10-10,11.2,12.2316,14.0131
"839",285,2007-10-11,11.09,12.2232,13.9942
"840",286,2007-10-12,11.21,12.2148,13.9768
"841",287,2007-10-13,11.78,12.2075,13.9646
"842",288,2007-10-14,11.42,12.2017,13.9576
"843",289,2007-10-15,11.55,12.197,13.9542
"844",290,2007-10-16,11.44,12.1915,13.9523
"845",291,2007-10-17,11.94,12.1861,13.9504
"846",292,2007-10-18,11.72,12.1812,13.9485
"847",293,2007-10-19,12.21,12.178,13.9459
"848",294,2007-10-20,12.21,12.1763,13.9433
"849",295,2007-10-21,11.89,12.1758,13.94
"850",296,2007-10-22,11.75,12.1766,13.9363
"851",297,2007-10-23,11.82,12.1787,13.9306
"852",298,2007-10-24,11.7,12.1812,13.9254
"853",299,2007-10-25,11.24,12.1838,13.92
"854",300,2007-10-26,10.52,12.186,13.9139
"855",301,2007-10-27,10.6,12.1883,13.9055
"856",302,2007-10-28,10.86,12.1901,13.8942
"857",303,2007-10-29,11.17,12.1909,13.8837
"858",304,2007-10-30,10.73,12.1898,13.875
"859",305,2007-10-31,11.12,12.1868,13.8655
"860",306,2007-11-01,10.74,12.1821,13.8553
"861",307,2007-11-02,10.65,12.1765,13.8474
"862",308,2007-11-03,10.7,12.1698,13.8377
"863",309,2007-11-04,10.88,12.1613,13.8263
"864",310,2007-11-05,11.01,12.1507,13.8127
"865",311,2007-11-06,10.92,12.1392,13.7975
"866",312,2007-11-07,11.14,12.1268,13.7828
"867",313,2007-11-08,11.17,12.1146,13.767
"868",314,2007-11-09,11.35,12.1032,13.7536
"869",315,2007-11-10,11.5,12.0925,13.7393
"870",316,2007-11-11,11.53,12.0827,13.7254
"871",317,2007-11-12,11.23,12.0731,13.7118
"872",318,2007-11-13,11.19,12.0621,13.6964
"873",319,2007-11-14,11.29,12.0496,13.6809
"874",320,2007-11-15,11.18,12.0371,13.6655
"875",321,2007-11-16,11.24,12.0258,13.6507
"876",322,2007-11-17,NA,12.0148,13.6358
"877",323,2007-11-18,11.24,12.004,13.621
"878",324,2007-11-19,11.24,11.9924,13.607
"879",325,2007-11-20,10.58,11.9803,13.5944
"880",326,2007-11-21,10.4,11.9682,13.5827
"881",327,2007-11-22,10.41,11.9561,13.5726
"882",328,2007-11-23,10.35,11.944,13.5664
"883",329,2007-11-24,10.5,11.9333,13.5603
"884",330,2007-11-25,10.5,11.9235,13.5547
"885",331,2007-11-26,10.48,11.9142,13.5488
"886",332,2007-11-27,10.65,11.9049,13.5437
"887",333,2007-11-28,10.48,11.8964,13.5424
"888",334,2007-11-29,10.57,11.8889,13.5405
"889",335,2007-11-30,10.08,11.8822,13.5366
"890",336,2007-12-01,9.79,11.8766,13.533
"891",337,2007-12-02,9.87,11.8716,13.5298
"892",338,2007-12-03,10.21,11.8664,13.527
"893",339,2007-12-04,10.38,11.8616,13.527
"894",340,2007-12-05,10.46,11.8569,13.5288
"895",341,2007-12-06,10.36,11.8528,13.5329
"896",342,2007-12-07,10.37,11.8491,13.5387
"897",343,2007-12-08,9.97,11.8454,13.5437
"898",344,2007-12-09,9.72,11.8412,13.5492
"899",345,2007-12-10,9.78,11.8361,13.552
"900",346,2007-12-11,9.62,11.8299,13.5551
"901",347,2007-12-12,9.6,11.8218,13.5504
"902",348,2007-12-13,9.68,11.8123,13.5234
"903",349,2007-12-14,9.91,11.8028,13.4963
"904",350,2007-12-15,9.88,11.7935,13.4692
"905",351,2007-12-16,9.83,11.7836,13.4422
"906",352,2007-12-17,9.98,11.7732,13.4145
"907",353,2007-12-18,10.5,11.7626,13.3877
"908",354,2007-12-19,10.16,11.7525,13.3616
"909",355,2007-12-20,10.36,11.7428,13.3372
"910",356,2007-12-21,10.06,11.7337,13.313
"911",357,2007-12-22,9.96,11.725,13.2888
"912",358,2007-12-23,10.14,11.7171,13.2653
"913",359,2007-12-24,10.15,11.71,13.2421
"914",360,2007-12-25,9.9,11.7028,13.2189
"915",361,2007-12-26,9.78,11.6955,13.1945
"916",362,2007-12-27,9.59,11.6881,13.17
"917",363,2007-12-28,9.6,11.6806,13.1451
"918",364,2007-12-29,9.47,11.6728,13.1193
"919",365,2007-12-30,9.87,11.6648,13.0933
"920",366,2007-12-31,9.58,11.6563,13.0669
"921",1,2008-01-01,9.47,11.6471,13.0406
"922",2,2008-01-02,9.47,11.6377,13.0143
"923",3,2008-01-03,9.87,11.6287,12.9868
"924",4,2008-01-04,9.97,11.6196,12.9588
"925",5,2008-01-05,10.06,11.6107,12.9317
"926",6,2008-01-06,9.87,11.6021,12.906
"927",7,2008-01-07,9.85,11.5941,12.8821
"928",8,2008-01-08,9.96,11.5866,12.8589
"929",9,2008-01-09,10.15,11.5799,12.8382
"930",10,2008-01-10,10.27,11.574,12.8204
"931",11,2008-01-11,10.36,11.5693,12.8045
"932",12,2008-01-12,10.5,11.5664,12.798
"933",13,2008-01-13,10.53,11.5648,12.8125
"934",14,2008-01-14,10.55,11.5641,12.8275
"935",15,2008-01-15,10.44,11.564,12.8426
"936",16,2008-01-16,10.36,11.5642,12.8567
"937",17,2008-01-17,10.26,11.5643,12.8713
"938",18,2008-01-18,10.42,11.5642,12.8857
"939",19,2008-01-19,10.31,11.5638,12.8995
"940",20,2008-01-20,10.37,11.5628,12.9115
"941",21,2008-01-21,10.38,11.5614,12.9232
"942",22,2008-01-22,10.4,11.5594,12.9345
"943",23,2008-01-23,10.24,11.5564,12.9449
"944",24,2008-01-24,10.26,11.5526,12.9568
"945",25,2008-01-25,10.17,11.5476,12.9693
"946",26,2008-01-26,10.46,11.5413,12.9847
"947",27,2008-01-27,10.46,11.5339,13.0008
"948",28,2008-01-28,10.23,11.5251,13.0151
"949",29,2008-01-29,10.56,11.5151,13.0312
"950",30,2008-01-30,10.46,11.5037,13.0478
"951",31,2008-01-31,10.72,11.4915,13.0664
"952",32,2008-02-01,10.63,11.4779,13.0844
"953",33,2008-02-02,10.62,11.4627,13.1019
"954",34,2008-02-03,10.56,11.4454,13.1194
"955",35,2008-02-04,10.67,11.4259,13.1342
"956",36,2008-02-05,10.52,11.4049,13.1474
"957",37,2008-02-06,10.52,11.3831,13.1592
"958",38,2008-02-07,10.37,11.3601,13.1688
"959",39,2008-02-08,10.16,11.3363,13.1761
"960",40,2008-02-09,10.12,11.3118,13.1822
"961",41,2008-02-10,10.39,11.2868,13.1861
"962",42,2008-02-11,10.16,11.2612,13.1871
"963",43,2008-02-12,9.96,11.2358,13.1865
"964",44,2008-02-13,10.19,11.2108,13.1832
"965",45,2008-02-14,9.61,11.1871,13.18
"966",46,2008-02-15,9.59,11.165,13.1747
"967",47,2008-02-16,9.77,11.1441,13.1689
"968",48,2008-02-17,9.86,11.1242,13.1624
"969",49,2008-02-18,10.02,11.1053,13.1537
"970",50,2008-02-19,10.15,11.0873,13.1419
"971",51,2008-02-20,10.3,11.0698,13.1294
"972",52,2008-02-21,10.46,11.0531,13.1168
"973",53,2008-02-22,10.52,11.0372,13.1026
"974",54,2008-02-23,10.47,11.0216,13.0876
"975",55,2008-02-24,10.36,11.0057,13.069
"976",56,2008-02-25,10.52,10.9899,13.0435
"977",57,2008-02-26,10.65,10.974,13.0151
"978",58,2008-02-27,10.53,10.9584,12.9824
"979",59,2008-02-28,10.46,10.9432,12.949
"980",60,2008-02-29,10.46,10.929,12.914
"981",61,2008-03-01,10.46,10.9161,12.8805
"982",62,2008-03-02,10.16,10.9044,12.8489
"983",63,2008-03-03,10.07,10.8933,12.8157
"984",64,2008-03-04,10.05,10.8824,12.7834
"985",65,2008-03-05,9.73,10.8723,12.7511
"986",66,2008-03-06,9.91,10.863,12.7198
"987",67,2008-03-07,9.94,10.8538,12.6894
"988",68,2008-03-08,10.11,10.8446,12.6615
"989",69,2008-03-09,9.91,10.8356,12.6338
"990",70,2008-03-10,9.66,10.8271,12.6085
"991",71,2008-03-11,9.64,10.8185,12.5805
"992",72,2008-03-12,9.23,10.8091,12.5441
"993",73,2008-03-13,9.37,10.7984,12.5079
"994",74,2008-03-14,9.43,10.7862,12.4691
"995",75,2008-03-15,9.33,10.7722,12.4311
"996",76,2008-03-16,8.9,10.7559,12.3913
"997",77,2008-03-17,8.59,10.7368,12.3513
"998",78,2008-03-18,8.84,10.7157,12.3115
"999",79,2008-03-19,8.68,10.6928,12.2709
"1000",80,2008-03-20,8.48,10.6681,12.2307
"1001",81,2008-03-21,8.73,10.6417,12.1918
"1002",82,2008-03-22,8.52,10.6136,12.1504
"1003",83,2008-03-23,8.16,10.5839,12.1075
"1004",84,2008-03-24,8.34,10.5521,12.0665
"1005",85,2008-03-25,8.08,10.5191,12.0231
"1006",86,2008-03-26,8.37,10.4854,11.9784
"1007",87,2008-03-27,8.66,10.4514,11.9378
"1008",88,2008-03-28,8.35,10.419,11.9003
"1009",89,2008-03-29,8.38,10.3871,11.8705
"1010",90,2008-03-30,NA,10.3565,11.8459
"1011",91,2008-03-31,NA,10.3267,11.8255
"1012",92,2008-04-01,8.28,10.2972,11.8035
"1013",93,2008-04-02,8.5,10.267,11.7805
"1014",94,2008-04-03,9.31,10.2374,11.7587
"1015",95,2008-04-04,8.87,10.2095,11.7356
"1016",96,2008-04-05,8.92,10.1833,11.7091
"1017",97,2008-04-06,8.91,10.1593,11.6816
"1018",98,2008-04-07,8.92,10.1368,11.6527
"1019",99,2008-04-08,8.46,10.1139,11.6182
"1020",100,2008-04-09,8.08,10.0911,11.5802
"1021",101,2008-04-10,8.32,10.0671,11.5371
"1022",102,2008-04-11,8.16,10.0413,11.4953
"1023",103,2008-04-12,8.27,10.0153,11.461
"1024",104,2008-04-13,8.56,9.9909,11.4284
"1025",105,2008-04-14,8.16,9.9677,11.3936
"1026",106,2008-04-15,8.71,9.9456,11.3606
"1027",107,2008-04-16,8.78,9.9246,11.3267
"1028",108,2008-04-17,8.76,9.9048,11.2911
"1029",109,2008-04-18,8.79,9.8863,11.2589
"1030",110,2008-04-19,8.73,9.87,11.2328
"1031",111,2008-04-20,8.14,9.8559,11.2117
"1032",112,2008-04-21,8.33,9.8442,11.1928
"1033",113,2008-04-22,7.77,9.836,11.1847
"1034",114,2008-04-23,7.98,9.8301,11.1798
"1035",115,2008-04-24,8.31,9.8262,11.1746
"1036",116,2008-04-25,8.18,9.8242,11.1739
"1037",117,2008-04-26,8.24,9.825,11.1789
"1038",118,2008-04-27,NA,9.8284,11.1891
"1039",119,2008-04-28,NA,9.833,11.205
"1040",120,2008-04-29,NA,9.8395,11.2179
"1041",121,2008-04-30,NA,9.8471,11.2281
"1042",122,2008-05-01,9.01,9.8545,11.2341
"1043",123,2008-05-02,8.99,9.8618,11.2412
"1044",124,2008-05-03,8.7,9.8694,11.2438
"1045",125,2008-05-04,8.63,9.8769,11.2461
"1046",126,2008-05-05,8.16,9.8838,11.2485
"1047",127,2008-05-06,8.25,9.8902,11.2559
"1048",128,2008-05-07,8.87,9.896,11.2637
"1049",129,2008-05-08,8.25,9.9017,11.272
"1050",130,2008-05-09,8.3,9.9081,11.2816
"1051",131,2008-05-10,8.08,9.9143,11.2892
"1052",132,2008-05-11,8.36,9.9217,11.2972
"1053",133,2008-05-12,9.59,9.9319,11.3116
"1054",134,2008-05-13,8.97,9.9452,11.3294
"1055",135,2008-05-14,8.89,9.9602,11.3523
"1056",136,2008-05-15,8.04,9.9773,11.3811
"1057",137,2008-05-16,8.92,9.9972,11.4147
"1058",138,2008-05-17,9.38,10.0203,11.4514
"1059",139,2008-05-18,10.04,10.0461,11.5018
"1060",140,2008-05-19,9.5,10.0729,11.5515
"1061",141,2008-05-20,9.78,10.1005,11.5975
"1062",142,2008-05-21,9.54,10.1294,11.64
"1063",143,2008-05-22,8.27,10.159,11.6854
"1064",144,2008-05-23,8.33,10.1886,11.7355
"1065",145,2008-05-24,7.73,10.2176,11.789
"1066",146,2008-05-25,8.4,10.2471,11.8425
"1067",147,2008-05-26,NA,10.2771,11.895
"1068",148,2008-05-27,NA,10.3055,11.9454
"1069",149,2008-05-28,NA,10.331,11.9924
"1070",150,2008-05-29,10.46,10.3538,12.0308
"1071",151,2008-05-30,11.52,10.3754,12.0637
"1072",152,2008-05-31,11.05,10.3957,12.0962
"1073",153,2008-06-01,10.2,10.4156,12.1271
"1074",154,2008-06-02,9.69,10.4355,12.1538
"1075",155,2008-06-03,9.94,10.4564,12.1779
"1076",156,2008-06-04,9.66,10.4799,12.2045
"1077",157,2008-06-05,9.13,10.5057,12.232
"1078",158,2008-06-06,9.51,10.5333,12.2587
"1079",159,2008-06-07,8.8,10.5634,12.2897
"1080",160,2008-06-08,8.96,10.596,12.3224
"1081",161,2008-06-09,9.41,10.6307,12.3585
"1082",162,2008-06-10,10.49,10.6672,12.4055
"1083",163,2008-06-11,9.56,10.7054,12.4612
"1084",164,2008-06-12,9.56,10.7443,12.513
"1085",165,2008-06-13,9.11,10.7834,12.5658
"1086",166,2008-06-14,9.18,10.8222,12.6175
"1087",167,2008-06-15,10.07,10.8602,12.6708
"1088",168,2008-06-16,10.94,10.8967,12.7235
"1089",169,2008-06-17,9.96,10.9306,12.7776
"1090",170,2008-06-18,9.99,10.9613,12.822
"1091",171,2008-06-19,9.57,10.9903,12.8592
"1092",172,2008-06-20,8.72,11.0181,12.8907
"1093",173,2008-06-21,9.2,11.0446,12.9215
"1094",174,2008-06-22,9.32,11.0707,12.9489
"1095",175,2008-06-23,9.41,11.0967,12.973
"1096",176,2008-06-24,9.99,11.1234,12.9938
"1097",177,2008-06-25,10.66,11.1499,13.0126
"1098",178,2008-06-26,10.09,11.1751,13.0241
"1099",179,2008-06-27,9.41,11.2007,13.0341
"1100",180,2008-06-28,9.68,11.2293,13.046
"1101",181,2008-06-29,10.4,11.2625,13.0664
"1102",182,2008-06-30,11.45,11.2993,13.0984
"1103",183,2008-07-01,11.62,11.3384,13.1387
"1104",184,2008-07-02,11.08,11.3798,13.1841
"1105",185,2008-07-03,10.16,11.4236,13.2357
"1106",186,2008-07-04,10.37,11.4684,13.2897
"1107",187,2008-07-05,10.49,11.5116,13.3409
"1108",188,2008-07-06,10.39,11.5539,13.3899
"1109",189,2008-07-07,9.6,11.597,13.4392
"1110",190,2008-07-08,10.83,11.64,13.4915
"1111",191,2008-07-09,11.73,11.6823,13.5466
"1112",192,2008-07-10,12.72,11.7244,13.6014
"1113",193,2008-07-11,13.23,11.766,13.6567
"1114",194,2008-07-12,14.22,11.808,13.7104
"1115",195,2008-07-13,14.95,11.85,13.7632
"1116",196,2008-07-14,14.49,11.8909,13.816
"1117",197,2008-07-15,14.25,11.9304,13.8638
"1118",198,2008-07-16,13.6,11.9699,13.9113
"1119",199,2008-07-17,13.11,12.0098,13.9561
"1120",200,2008-07-18,11.74,12.0492,13.9987
"1121",201,2008-07-19,11.15,12.0882,14.0397
"1122",202,2008-07-20,10.68,12.1267,14.0835
"1123",203,2008-07-21,10.54,12.1631,14.1251
"1124",204,2008-07-22,10.9,12.1972,14.1622
"1125",205,2008-07-23,11.68,12.2285,14.1966
"1126",206,2008-07-24,11.44,12.2571,14.216
"1127",207,2008-07-25,11.64,12.2844,14.2286
"1128",208,2008-07-26,11.61,12.3115,14.2446
"1129",209,2008-07-27,11.61,12.3398,14.2684
"1130",210,2008-07-28,11.15,12.3681,14.2937
"1131",211,2008-07-29,10.93,12.3955,14.3175
"1132",212,2008-07-30,11.53,12.4205,14.3365
"1133",213,2008-07-31,10.91,12.4431,14.3504
"1134",214,2008-08-01,10.48,12.4644,14.3604
"1135",215,2008-08-02,11.01,12.4848,14.37
"1136",216,2008-08-03,10.9,12.5043,14.3793
"1137",217,2008-08-04,10.33,12.5234,14.3942
"1138",218,2008-08-05,10.46,12.5427,14.4146
"1139",219,2008-08-06,11.48,12.563,14.4433
"1140",220,2008-08-07,11.23,12.5834,14.4793
"1141",221,2008-08-08,11.42,12.6029,14.5085
"1142",222,2008-08-09,12.21,12.6219,14.5262
"1143",223,2008-08-10,12.27,12.6406,14.5496
"1144",224,2008-08-11,11.33,12.6583,14.5669
"1145",225,2008-08-12,11.53,12.673,14.5819
"1146",226,2008-08-13,11.25,12.6847,14.5902
"1147",227,2008-08-14,11.54,12.6947,14.5959
"1148",228,2008-08-15,11.64,12.7041,14.6006
"1149",229,2008-08-16,12.61,12.7116,14.6024
"1150",230,2008-08-17,12.76,12.7159,14.6004
"1151",231,2008-08-18,13.28,12.7179,14.5962
"1152",232,2008-08-19,13.56,12.7191,14.5935
"1153",233,2008-08-20,13.46,12.7194,14.588
"1154",234,2008-08-21,12.33,12.7194,14.5837
"1155",235,2008-08-22,11.99,12.7205,14.581
"1156",236,2008-08-23,11.74,12.7243,14.5839
"1157",237,2008-08-24,12.51,12.7301,14.5989
"1158",238,2008-08-25,13.18,12.7366,14.6193
"1159",239,2008-08-26,12.38,12.7432,14.6397
"1160",240,2008-08-27,11.55,12.749,14.6577
"1161",241,2008-08-28,11.53,12.7538,14.6752
"1162",242,2008-08-29,11.88,12.757,14.6869
"1163",243,2008-08-30,12.76,12.7584,14.6893
"1164",244,2008-08-31,12.34,12.7584,14.6916
"1165",245,2008-09-01,11.35,12.7575,14.6904
"1166",246,2008-09-02,11.25,12.7551,14.6905
"1167",247,2008-09-03,11.67,12.7511,14.6891
"1168",248,2008-09-04,12.2,12.7457,14.6847
"1169",249,2008-09-05,12.82,12.7387,14.6764
"1170",250,2008-09-06,13.5,12.7285,14.667
"1171",251,2008-09-07,13.16,12.7151,14.6512
"1172",252,2008-09-08,13.22,12.6996,14.6326
"1173",253,2008-09-09,13.59,12.6821,14.6177
"1174",254,2008-09-10,13.78,12.663,14.5929
"1175",255,2008-09-11,13.65,12.6437,14.5668
"1176",256,2008-09-12,14.02,12.6245,14.5364
"1177",257,2008-09-13,13.59,12.6058,14.5076
"1178",258,2008-09-14,13.43,12.5871,14.4771
"1179",259,2008-09-15,13.85,12.5689,14.4477
"1180",260,2008-09-16,13.65,12.5514,14.4196
"1181",261,2008-09-17,13.39,12.535,14.3946
"1182",262,2008-09-18,13.85,12.52,14.3723
"1183",263,2008-09-19,13.58,12.5058,14.3489
"1184",264,2008-09-20,14.2,12.4926,14.3304
"1185",265,2008-09-21,14.73,12.4801,14.3164
"1186",266,2008-09-22,14.1,12.4666,14.3032
"1187",267,2008-09-23,13.52,12.4507,14.2865
"1188",268,2008-09-24,12.47,12.4328,14.2642
"1189",269,2008-09-25,12.61,12.4143,14.2421
"1190",270,2008-09-26,12.32,12.3948,14.2204
"1191",271,2008-09-27,12.6,12.3749,14.2003
"1192",272,2008-09-28,13.17,12.3558,14.1806
"1193",273,2008-09-29,13.25,12.3384,14.1675
"1194",274,2008-09-30,13.55,12.3231,14.162
"1195",275,2008-10-01,13.66,12.3094,14.1562
"1196",276,2008-10-02,13.54,12.2966,14.1485
"1197",277,2008-10-03,13.81,12.285,14.138
"1198",278,2008-10-04,14,12.2748,14.1263
"1199",279,2008-10-05,14.26,12.2664,14.1138
"1200",280,2008-10-06,14.33,12.2589,14.1002
"1201",281,2008-10-07,14.35,12.2525,14.0803
"1202",282,2008-10-08,14.31,12.2461,14.0572
"1203",283,2008-10-09,13.01,12.2391,14.034
"1204",284,2008-10-10,11.08,12.2316,14.0131
"1205",285,2008-10-11,10.54,12.2232,13.9942
"1206",286,2008-10-12,10.42,12.2148,13.9768
"1207",287,2008-10-13,10.5,12.2075,13.9646
"1208",288,2008-10-14,10.51,12.2017,13.9576
"1209",289,2008-10-15,10.63,12.197,13.9542
"1210",290,2008-10-16,10.96,12.1915,13.9523
"1211",291,2008-10-17,11.17,12.1861,13.9504
"1212",292,2008-10-18,11.14,12.1812,13.9485
"1213",293,2008-10-19,11.97,12.178,13.9459
"1214",294,2008-10-20,11.74,12.1763,13.9433
"1215",295,2008-10-21,11.48,12.1758,13.94
"1216",296,2008-10-22,10.89,12.1766,13.9363
"1217",297,2008-10-23,10.99,12.1787,13.9306
"1218",298,2008-10-24,11.1,12.1812,13.9254
"1219",299,2008-10-25,11.31,12.1838,13.92
"1220",300,2008-10-26,11.33,12.186,13.9139
"1221",301,2008-10-27,11.82,12.1883,13.9055
"1222",302,2008-10-28,11.84,12.1901,13.8942
"1223",303,2008-10-29,11.76,12.1909,13.8837
"1224",304,2008-10-30,11.91,12.1898,13.875
"1225",305,2008-10-31,12.23,12.1868,13.8655
"1226",306,2008-11-01,12.32,12.1821,13.8553
"1227",307,2008-11-02,13.01,12.1765,13.8474
"1228",308,2008-11-03,12.75,12.1698,13.8377
"1229",309,2008-11-04,13.32,12.1613,13.8263
"1230",310,2008-11-05,NA,12.1507,13.8127
"1231",311,2008-11-06,NA,12.1392,13.7975
"1232",312,2008-11-07,12.75,12.1268,13.7828
"1233",313,2008-11-08,12.72,12.1146,13.767
"1234",314,2008-11-09,12.6,12.1032,13.7536
"1235",315,2008-11-10,12.1,12.0925,13.7393
"1236",316,2008-11-11,12.13,12.0827,13.7254
"1237",317,2008-11-12,12.15,12.0731,13.7118
"1238",318,2008-11-13,11.92,12.0621,13.6964
"1239",319,2008-11-14,11.45,12.0496,13.6809
"1240",320,2008-11-15,11.58,12.0371,13.6655
"1241",321,2008-11-16,11.8,12.0258,13.6507
"1242",322,2008-11-17,12.08,12.0148,13.6358
"1243",323,2008-11-18,11.75,12.004,13.621
"1244",324,2008-11-19,11.74,11.9924,13.607
"1245",325,2008-11-20,11.91,11.9803,13.5944
"1246",326,2008-11-21,11.92,11.9682,13.5827
"1247",327,2008-11-22,11.52,11.9561,13.5726
"1248",328,2008-11-23,11.24,11.944,13.5664
"1249",329,2008-11-24,11.45,11.9333,13.5603
"1250",330,2008-11-25,12.17,11.9235,13.5547
"1251",331,2008-11-26,12.16,11.9142,13.5488
"1252",332,2008-11-27,12.21,11.9049,13.5437
"1253",333,2008-11-28,12.04,11.8964,13.5424
"1254",334,2008-11-29,12.05,11.8889,13.5405
"1255",335,2008-11-30,12.31,11.8822,13.5366
"1256",336,2008-12-01,12.51,11.8766,13.533
"1257",337,2008-12-02,12.78,11.8716,13.5298
"1258",338,2008-12-03,12.25,11.8664,13.527
"1259",339,2008-12-04,NA,11.8616,13.527
"1260",340,2008-12-05,11.83,11.8569,13.5288
"1261",341,2008-12-06,11.89,11.8528,13.5329
"1262",342,2008-12-07,12.09,11.8491,13.5387
"1263",343,2008-12-08,11.9,11.8454,13.5437
"1264",344,2008-12-09,11.52,11.8412,13.5492
"1265",345,2008-12-10,11.5,11.8361,13.552
"1266",346,2008-12-11,11.91,11.8299,13.5551
"1267",347,2008-12-12,11.9,11.8218,13.5504
"1268",348,2008-12-13,11.38,11.8123,13.5234
"1269",349,2008-12-14,10.94,11.8028,13.4963
"1270",350,2008-12-15,10.88,11.7935,13.4692
"1271",351,2008-12-16,10.78,11.7836,13.4422
"1272",352,2008-12-17,10.61,11.7732,13.4145
"1273",353,2008-12-18,10.02,11.7626,13.3877
"1274",354,2008-12-19,10.91,11.7525,13.3616
"1275",355,2008-12-20,10.23,11.7428,13.3372
"1276",356,2008-12-21,10.78,11.7337,13.313
"1277",357,2008-12-22,10.91,11.725,13.2888
"1278",358,2008-12-23,10.71,11.7171,13.2653
"1279",359,2008-12-24,10.4,11.71,13.2421
"1280",360,2008-12-25,10.78,11.7028,13.2189
"1281",361,2008-12-26,10.51,11.6955,13.1945
"1282",362,2008-12-27,10.55,11.6881,13.17
"1283",363,2008-12-28,10.75,11.6806,13.1451
"1284",364,2008-12-29,11.18,11.6728,13.1193
"1285",365,2008-12-30,11.06,11.6648,13.0933
"1286",366,2008-12-31,10.97,11.6563,13.0669
"1287",1,2009-01-01,10.61,11.6471,13.0406
"1288",2,2009-01-02,10.83,11.6377,13.0143
"1289",3,2009-01-03,10.23,11.6287,12.9868
"1290",4,2009-01-04,10.07,11.6196,12.9588
"1291",5,2009-01-05,10.33,11.6107,12.9317
"1292",6,2009-01-06,10.35,11.6021,12.906
"1293",7,2009-01-07,10.42,11.5941,12.8821
"1294",8,2009-01-08,10.5,11.5866,12.8589
"1295",9,2009-01-09,10.34,11.5799,12.8382
"1296",10,2009-01-10,10.35,11.574,12.8204
"1297",11,2009-01-11,10.53,11.5693,12.8045
"1298",12,2009-01-12,10.68,11.5664,12.798
"1299",13,2009-01-13,10.83,11.5648,12.8125
"1300",14,2009-01-14,11,11.5641,12.8275
"1301",15,2009-01-15,11.1,11.564,12.8426
"1302",16,2009-01-16,10.71,11.5642,12.8567
"1303",17,2009-01-17,10.75,11.5643,12.8713
"1304",18,2009-01-18,10.76,11.5642,12.8857
"1305",19,2009-01-19,10.7,11.5638,12.8995
"1306",20,2009-01-20,10.72,11.5628,12.9115
"1307",21,2009-01-21,10.88,11.5614,12.9232
"1308",22,2009-01-22,10.88,11.5594,12.9345
"1309",23,2009-01-23,10.89,11.5564,12.9449
"1310",24,2009-01-24,10.96,11.5526,12.9568
"1311",25,2009-01-25,10.61,11.5476,12.9693
"1312",26,2009-01-26,10.42,11.5413,12.9847
"1313",27,2009-01-27,10.35,11.5339,13.0008
"1314",28,2009-01-28,10.41,11.5251,13.0151
"1315",29,2009-01-29,10.51,11.5151,13.0312
"1316",30,2009-01-30,10.22,11.5037,13.0478
"1317",31,2009-01-31,9.86,11.4915,13.0664
"1318",32,2009-02-01,9.87,11.4779,13.0844
"1319",33,2009-02-02,9.97,11.4627,13.1019
"1320",34,2009-02-03,10.09,11.4454,13.1194
"1321",35,2009-02-04,10.45,11.4259,13.1342
"1322",36,2009-02-05,10.59,11.4049,13.1474
"1323",37,2009-02-06,10.85,11.3831,13.1592
"1324",38,2009-02-07,10.71,11.3601,13.1688
"1325",39,2009-02-08,10.72,11.3363,13.1761
"1326",40,2009-02-09,10.3,11.3118,13.1822
"1327",41,2009-02-10,9.96,11.2868,13.1861
"1328",42,2009-02-11,10,11.2612,13.1871
"1329",43,2009-02-12,10.05,11.2358,13.1865
"1330",44,2009-02-13,10.05,11.2108,13.1832
"1331",45,2009-02-14,9.97,11.1871,13.18
"1332",46,2009-02-15,10.04,11.165,13.1747
"1333",47,2009-02-16,10.66,11.1441,13.1689
"1334",48,2009-02-17,10.84,11.1242,13.1624
"1335",49,2009-02-18,11.21,11.1053,13.1537
"1336",50,2009-02-19,11.17,11.0873,13.1419
"1337",51,2009-02-20,11.6,11.0698,13.1294
"1338",52,2009-02-21,11.56,11.0531,13.1168
"1339",53,2009-02-22,11.87,11.0372,13.1026
"1340",54,2009-02-23,11.95,11.0216,13.0876
"1341",55,2009-02-24,11.86,11.0057,13.069
"1342",56,2009-02-25,12.37,10.9899,13.0435
"1343",57,2009-02-26,12.43,10.974,13.0151
"1344",58,2009-02-27,11.81,10.9584,12.9824
"1345",59,2009-02-28,11.77,10.9432,12.949
"1346",61,2009-03-01,11.91,10.9161,12.8805
"1347",62,2009-03-02,12.15,10.9044,12.8489
"1348",63,2009-03-03,12.11,10.8933,12.8157
"1349",64,2009-03-04,12.06,10.8824,12.7834
"1350",65,2009-03-05,12.27,10.8723,12.7511
"1351",66,2009-03-06,12.21,10.863,12.7198
"1352",67,2009-03-07,11.81,10.8538,12.6894
"1353",68,2009-03-08,12.06,10.8446,12.6615
"1354",69,2009-03-09,11.55,10.8356,12.6338
"1355",70,2009-03-10,11.26,10.8271,12.6085
"1356",71,2009-03-11,11.37,10.8185,12.5805
"1357",72,2009-03-12,11.19,10.8091,12.5441
"1358",73,2009-03-13,11.44,10.7984,12.5079
"1359",74,2009-03-14,10.97,10.7862,12.4691
"1360",75,2009-03-15,10.48,10.7722,12.4311
"1361",76,2009-03-16,10.82,10.7559,12.3913
"1362",77,2009-03-17,10.88,10.7368,12.3513
"1363",78,2009-03-18,10.83,10.7157,12.3115
"1364",79,2009-03-19,10.71,10.6928,12.2709
"1365",80,2009-03-20,10.41,10.6681,12.2307
"1366",81,2009-03-21,9.89,10.6417,12.1918
"1367",82,2009-03-22,9.89,10.6136,12.1504
"1368",83,2009-03-23,9.31,10.5839,12.1075
"1369",84,2009-03-24,9.43,10.5521,12.0665
"1370",85,2009-03-25,9.46,10.5191,12.0231
"1371",86,2009-03-26,9.54,10.4854,11.9784
"1372",87,2009-03-27,9.24,10.4514,11.9378
"1373",88,2009-03-28,9.07,10.419,11.9003
"1374",89,2009-03-29,8.91,10.3871,11.8705
"1375",90,2009-03-30,8.16,10.3565,11.8459
"1376",91,2009-03-31,8.22,10.3267,11.8255
"1377",92,2009-04-01,8.53,10.2972,11.8035
"1378",93,2009-04-02,8.16,10.267,11.7805
"1379",94,2009-04-03,7.95,10.2374,11.7587
"1380",95,2009-04-04,7.78,10.2095,11.7356
"1381",96,2009-04-05,8.16,10.1833,11.7091
"1382",97,2009-04-06,8.59,10.1593,11.6816
"1383",98,2009-04-07,8.68,10.1368,11.6527
"1384",99,2009-04-08,9.39,10.1139,11.6182
"1385",100,2009-04-09,10.17,10.0911,11.5802
"1386",101,2009-04-10,10.02,10.0671,11.5371
"1387",102,2009-04-11,9.27,10.0413,11.4953
"1388",103,2009-04-12,8.89,10.0153,11.461
"1389",104,2009-04-13,8.52,9.9909,11.4284
"1390",105,2009-04-14,8.34,9.9677,11.3936
"1391",106,2009-04-15,8.27,9.9456,11.3606
"1392",107,2009-04-16,NA,9.9246,11.3267
"1393",108,2009-04-17,NA,9.9048,11.2911
"1394",109,2009-04-18,NA,9.8863,11.2589
"1395",110,2009-04-19,NA,9.87,11.2328
"1396",111,2009-04-20,NA,9.8559,11.2117
"1397",112,2009-04-21,10.63,9.8442,11.1928
"1398",113,2009-04-22,10.7,9.836,11.1847
"1399",114,2009-04-23,9.98,9.8301,11.1798
"1400",115,2009-04-24,9.58,9.8262,11.1746
"1401",116,2009-04-25,9,9.8242,11.1739
"1402",117,2009-04-26,8.97,9.825,11.1789
"1403",118,2009-04-27,8.76,9.8284,11.1891
"1404",119,2009-04-28,8.64,9.833,11.205
"1405",120,2009-04-29,8.55,9.8395,11.2179
"1406",121,2009-04-30,8.65,9.8471,11.2281
"1407",122,2009-05-01,8.68,9.8545,11.2341
"1408",123,2009-05-02,8.95,9.8618,11.2412
"1409",124,2009-05-03,9.39,9.8694,11.2438
"1410",125,2009-05-04,9.53,9.8769,11.2461
"1411",126,2009-05-05,10.15,9.8838,11.2485
"1412",127,2009-05-06,10.32,9.8902,11.2559
"1413",128,2009-05-07,10.65,9.896,11.2637
"1414",129,2009-05-08,10.51,9.9017,11.272
"1415",130,2009-05-09,9.73,9.9081,11.2816
"1416",131,2009-05-10,9.14,9.9143,11.2892
"1417",132,2009-05-11,9.22,9.9217,11.2972
"1418",133,2009-05-12,9.16,9.9319,11.3116
"1419",134,2009-05-13,8.6,9.9452,11.3294
"1420",135,2009-05-14,8.57,9.9602,11.3523
"1421",136,2009-05-15,NA,9.9773,11.3811
"1422",137,2009-05-16,NA,9.9972,11.4147
"1423",138,2009-05-17,NA,10.0203,11.4514
"1424",139,2009-05-18,NA,10.0461,11.5018
"1425",140,2009-05-19,10.6,10.0729,11.5515
"1426",141,2009-05-20,11.69,10.1005,11.5975
"1427",142,2009-05-21,10.19,10.1294,11.64
"1428",143,2009-05-22,9.94,10.159,11.6854
"1429",144,2009-05-23,10.61,10.1886,11.7355
"1430",145,2009-05-24,10.29,10.2176,11.789
"1431",146,2009-05-25,10.01,10.2471,11.8425
"1432",147,2009-05-26,10.24,10.2771,11.895
"1433",148,2009-05-27,10.44,10.3055,11.9454
"1434",149,2009-05-28,10.82,10.331,11.9924
"1435",150,2009-05-29,11.71,10.3538,12.0308
"1436",151,2009-05-30,12.28,10.3754,12.0637
"1437",152,2009-05-31,13.01,10.3957,12.0962
"1438",153,2009-06-01,12.11,10.4156,12.1271
"1439",154,2009-06-02,11.68,10.4355,12.1538
"1440",155,2009-06-03,11.16,10.4564,12.1779
"1441",156,2009-06-04,11.64,10.4799,12.2045
"1442",157,2009-06-05,12.22,10.5057,12.232
"1443",158,2009-06-06,12.37,10.5333,12.2587
"1444",159,2009-06-07,13.21,10.5634,12.2897
"1445",160,2009-06-08,13.03,10.596,12.3224
"1446",161,2009-06-09,11.85,10.6307,12.3585
"1447",162,2009-06-10,11.01,10.6672,12.4055
"1448",163,2009-06-11,10.76,10.7054,12.4612
"1449",164,2009-06-12,10.95,10.7443,12.513
"1450",165,2009-06-13,NA,10.7834,12.5658
"1451",166,2009-06-14,12.55,10.8222,12.6175
"1452",167,2009-06-15,12.86,10.8602,12.6708
"1453",168,2009-06-16,13.15,10.8967,12.7235
"1454",169,2009-06-17,12.71,10.9306,12.7776
"1455",170,2009-06-18,12.35,10.9613,12.822
"1456",171,2009-06-19,12.4,10.9903,12.8592
"1457",172,2009-06-20,11.66,11.0181,12.8907
"1458",173,2009-06-21,11.11,11.0446,12.9215
"1459",174,2009-06-22,10.62,11.0707,12.9489
"1460",175,2009-06-23,10.38,11.0967,12.973
"1461",176,2009-06-24,10.76,11.1234,12.9938
"1462",177,2009-06-25,11.28,11.1499,13.0126
"1463",178,2009-06-26,11.37,11.1751,13.0241
"1464",179,2009-06-27,12.08,11.2007,13.0341
"1465",180,2009-06-28,13.69,11.2293,13.046
"1466",181,2009-06-29,13.34,11.2625,13.0664
"1467",182,2009-06-30,13.18,11.2993,13.0984
"1468",183,2009-07-01,13.41,11.3384,13.1387
"1469",184,2009-07-02,14.7,11.3798,13.1841
"1470",185,2009-07-03,15.24,11.4236,13.2357
"1471",186,2009-07-04,14.52,11.4684,13.2897
"1472",187,2009-07-05,15.29,11.5116,13.3409
"1473",188,2009-07-06,14.62,11.5539,13.3899
"1474",189,2009-07-07,13.26,11.597,13.4392
"1475",190,2009-07-08,12.24,11.64,13.4915
"1476",191,2009-07-09,11.61,11.6823,13.5466
"1477",192,2009-07-10,11.53,11.7244,13.6014
"1478",193,2009-07-11,11.84,11.766,13.6567
"1479",194,2009-07-12,12.47,11.808,13.7104
"1480",195,2009-07-13,12.87,11.85,13.7632
"1481",196,2009-07-14,12.45,11.8909,13.816
"1482",197,2009-07-15,12.13,11.9304,13.8638
"1483",198,2009-07-16,12.29,11.9699,13.9113
"1484",199,2009-07-17,12.96,12.0098,13.9561
"1485",200,2009-07-18,13.49,12.0492,13.9987
"1486",201,2009-07-19,13.99,12.0882,14.0397
"1487",202,2009-07-20,12.76,12.1267,14.0835
"1488",203,2009-07-21,12.42,12.1631,14.1251
"1489",204,2009-07-22,11.99,12.1972,14.1622
"1490",205,2009-07-23,11.38,12.2285,14.1966
"1491",206,2009-07-24,10.9,12.2571,14.216
"1492",207,2009-07-25,10.87,12.2844,14.2286
"1493",208,2009-07-26,11.34,12.3115,14.2446
"1494",209,2009-07-27,12.58,12.3398,14.2684
"1495",210,2009-07-28,12.53,12.3681,14.2937
"1496",211,2009-07-29,12.54,12.3955,14.3175
"1497",212,2009-07-30,12.6,12.4205,14.3365
"1498",213,2009-07-31,12.77,12.4431,14.3504
"1499",214,2009-08-01,12.96,12.4644,14.3604
"1500",215,2009-08-02,12.73,12.4848,14.37
"1501",216,2009-08-03,12.18,12.5043,14.3793
"1502",217,2009-08-04,12.42,12.5234,14.3942
"1503",218,2009-08-05,12.74,12.5427,14.4146
"1504",219,2009-08-06,12.91,12.563,14.4433
"1505",220,2009-08-07,13.2,12.5834,14.4793
"1506",221,2009-08-08,13.01,12.6029,14.5085
"1507",222,2009-08-09,12.18,12.6219,14.5262
"1508",223,2009-08-10,12.61,12.6406,14.5496
"1509",224,2009-08-11,13,12.6583,14.5669
"1510",225,2009-08-12,14.24,12.673,14.5819
"1511",226,2009-08-13,13.71,12.6847,14.5902
"1512",227,2009-08-14,13.42,12.6947,14.5959
"1513",228,2009-08-15,12.95,12.7041,14.6006
"1514",229,2009-08-16,12.7,12.7116,14.6024
"1515",230,2009-08-17,12.54,12.7159,14.6004
"1516",231,2009-08-18,12.26,12.7179,14.5962
"1517",232,2009-08-19,12.49,12.7191,14.5935
"1518",233,2009-08-20,13.02,12.7194,14.588
"1519",234,2009-08-21,13.31,12.7194,14.5837
"1520",235,2009-08-22,13.22,12.7205,14.581
"1521",236,2009-08-23,13.26,12.7243,14.5839
"1522",237,2009-08-24,12.79,12.7301,14.5989
"1523",238,2009-08-25,12.82,12.7366,14.6193
"1524",239,2009-08-26,13.32,12.7432,14.6397
"1525",240,2009-08-27,14.32,12.749,14.6577
"1526",241,2009-08-28,14.23,12.7538,14.6752
"1527",242,2009-08-29,12.99,12.757,14.6869
"1528",243,2009-08-30,13.01,12.7584,14.6893
"1529",244,2009-08-31,12.69,12.7584,14.6916
"1530",245,2009-09-01,11.61,12.7575,14.6904
"1531",246,2009-09-02,12.07,12.7551,14.6905
"1532",247,2009-09-03,12.75,12.7511,14.6891
"1533",248,2009-09-04,12.46,12.7457,14.6847
"1534",249,2009-09-05,11.83,12.7387,14.6764
"1535",250,2009-09-06,11.8,12.7285,14.667
"1536",251,2009-09-07,11.71,12.7151,14.6512
"1537",252,2009-09-08,12.37,12.6996,14.6326
"1538",253,2009-09-09,12.39,12.6821,14.6177
"1539",254,2009-09-10,13.36,12.663,14.5929
"1540",255,2009-09-11,12.89,12.6437,14.5668
"1541",256,2009-09-12,12.31,12.6245,14.5364
"1542",257,2009-09-13,12,12.6058,14.5076
"1543",258,2009-09-14,12.01,12.5871,14.4771
"1544",259,2009-09-15,13.15,12.5689,14.4477
"1545",260,2009-09-16,13.25,12.5514,14.4196
"1546",261,2009-09-17,12.6,12.535,14.3946
"1547",262,2009-09-18,12.13,12.52,14.3723
"1548",263,2009-09-19,12.08,12.5058,14.3489
"1549",264,2009-09-20,12.09,12.4926,14.3304
"1550",265,2009-09-21,12.71,12.4801,14.3164
"1551",266,2009-09-22,13.32,12.4666,14.3032
"1552",267,2009-09-23,13.17,12.4507,14.2865
"1553",268,2009-09-24,12.48,12.4328,14.2642
"1554",269,2009-09-25,13,12.4143,14.2421
"1555",270,2009-09-26,13.34,12.3948,14.2204
"1556",271,2009-09-27,13.46,12.3749,14.2003
"1557",272,2009-09-28,13.21,12.3558,14.1806
"1558",273,2009-09-29,12.98,12.3384,14.1675
"1559",274,2009-09-30,11.8,12.3231,14.162
"1560",275,2009-10-01,11.47,12.3094,14.1562
"1561",276,2009-10-02,11.4,12.2966,14.1485
"1562",277,2009-10-03,11.39,12.285,14.138
"1563",278,2009-10-04,11.12,12.2748,14.1263
"1564",279,2009-10-05,10.88,12.2664,14.1138
"1565",280,2009-10-06,11.03,12.2589,14.1002
"1566",281,2009-10-07,11.39,12.2525,14.0803
"1567",282,2009-10-08,11.6,12.2461,14.0572
"1568",283,2009-10-09,12.21,12.2391,14.034
"1569",284,2009-10-10,12.11,12.2316,14.0131
"1570",285,2009-10-11,12.19,12.2232,13.9942
"1571",286,2009-10-12,12.02,12.2148,13.9768
"1572",287,2009-10-13,12.25,12.2075,13.9646
"1573",288,2009-10-14,12.74,12.2017,13.9576
"1574",289,2009-10-15,12.9,12.197,13.9542
"1575",290,2009-10-16,13.52,12.1915,13.9523
"1576",291,2009-10-17,13.04,12.1861,13.9504
"1577",292,2009-10-18,13.09,12.1812,13.9485
"1578",293,2009-10-19,12.93,12.178,13.9459
"1579",294,2009-10-20,13.12,12.1763,13.9433
"1580",295,2009-10-21,13.28,12.1758,13.94
"1581",296,2009-10-22,13.27,12.1766,13.9363
"1582",297,2009-10-23,13.44,12.1787,13.9306
"1583",298,2009-10-24,13.55,12.1812,13.9254
"1584",299,2009-10-25,NA,12.1838,13.92
"1585",300,2009-10-26,NA,12.186,13.9139
"1586",301,2009-10-27,NA,12.1883,13.9055
"1587",302,2009-10-28,11.34,12.1901,13.8942
"1588",303,2009-10-29,11.04,12.1909,13.8837
"1589",304,2009-10-30,11.11,12.1898,13.875
"1590",305,2009-10-31,11.39,12.1868,13.8655
"1591",306,2009-11-01,11.52,12.1821,13.8553
"1592",307,2009-11-02,11.59,12.1765,13.8474
"1593",308,2009-11-03,11.76,12.1698,13.8377
"1594",309,2009-11-04,12.22,12.1613,13.8263
"1595",310,2009-11-05,12.56,12.1507,13.8127
"1596",311,2009-11-06,12.81,12.1392,13.7975
"1597",312,2009-11-07,12.84,12.1268,13.7828
"1598",313,2009-11-08,12.8,12.1146,13.767
"1599",314,2009-11-09,12.37,12.1032,13.7536
"1600",315,2009-11-10,12.39,12.0925,13.7393
"1601",316,2009-11-11,12.37,12.0827,13.7254
"1602",317,2009-11-12,12.06,12.0731,13.7118
"1603",318,2009-11-13,11.56,12.0621,13.6964
"1604",319,2009-11-14,11.55,12.0496,13.6809
"1605",320,2009-11-15,11.4,12.0371,13.6655
"1606",321,2009-11-16,11.38,12.0258,13.6507
"1607",322,2009-11-17,11.52,12.0148,13.6358
"1608",323,2009-11-18,11.63,12.004,13.621
"1609",324,2009-11-19,11.72,11.9924,13.607
"1610",325,2009-11-20,11.75,11.9803,13.5944
"1611",326,2009-11-21,11.78,11.9682,13.5827
"1612",327,2009-11-22,12.18,11.9561,13.5726
"1613",328,2009-11-23,NA,11.944,13.5664
"1614",329,2009-11-24,NA,11.9333,13.5603
"1615",330,2009-11-25,11.69,11.9235,13.5547
"1616",331,2009-11-26,11.92,11.9142,13.5488
"1617",332,2009-11-27,11.92,11.9049,13.5437
"1618",333,2009-11-28,11.49,11.8964,13.5424
"1619",334,2009-11-29,11.16,11.8889,13.5405
"1620",335,2009-11-30,11.27,11.8822,13.5366
"1621",336,2009-12-01,11.05,11.8766,13.533
"1622",337,2009-12-02,11.36,11.8716,13.5298
"1623",338,2009-12-03,11.39,11.8664,13.527
"1624",339,2009-12-04,11.56,11.8616,13.527
"1625",340,2009-12-05,11.6,11.8569,13.5288
"1626",341,2009-12-06,11.45,11.8528,13.5329
"1627",342,2009-12-07,11.4,11.8491,13.5387
"1628",343,2009-12-08,11.2,11.8454,13.5437
"1629",344,2009-12-09,11.11,11.8412,13.5492
"1630",345,2009-12-10,11.01,11.8361,13.552
"1631",346,2009-12-11,11.17,11.8299,13.5551
"1632",347,2009-12-12,11.58,11.8218,13.5504
"1633",348,2009-12-13,11.6,11.8123,13.5234
"1634",349,2009-12-14,11.62,11.8028,13.4963
"1635",350,2009-12-15,11.65,11.7935,13.4692
"1636",351,2009-12-16,11.98,11.7836,13.4422
"1637",352,2009-12-17,12.11,11.7732,13.4145
"1638",353,2009-12-18,12,11.7626,13.3877
"1639",354,2009-12-19,12.24,11.7525,13.3616
"1640",355,2009-12-20,12.38,11.7428,13.3372
"1641",356,2009-12-21,12.81,11.7337,13.313
"1642",357,2009-12-22,12.38,11.725,13.2888
"1643",358,2009-12-23,11.93,11.7171,13.2653
"1644",359,2009-12-24,12.03,11.71,13.2421
"1645",360,2009-12-25,12.18,11.7028,13.2189
"1646",361,2009-12-26,12.19,11.6955,13.1945
"1647",362,2009-12-27,12.25,11.6881,13.17
"1648",363,2009-12-28,12.36,11.6806,13.1451
"1649",364,2009-12-29,12.05,11.6728,13.1193
"1650",365,2009-12-30,12.15,11.6648,13.0933
"1651",366,2009-12-31,12.47,11.6563,13.0669
"1652",1,2010-01-01,12.52,11.6471,13.0406
"1653",2,2010-01-02,12.62,11.6377,13.0143
"1654",3,2010-01-03,12.65,11.6287,12.9868
"1655",4,2010-01-04,12.78,11.6196,12.9588
"1656",5,2010-01-05,12.82,11.6107,12.9317
"1657",6,2010-01-06,12.89,11.6021,12.906
"1658",7,2010-01-07,13.12,11.5941,12.8821
"1659",8,2010-01-08,13.29,11.5866,12.8589
"1660",9,2010-01-09,13.36,11.5799,12.8382
"1661",10,2010-01-10,13.31,11.574,12.8204
"1662",11,2010-01-11,13.32,11.5693,12.8045
"1663",12,2010-01-12,13.57,11.5664,12.798
"1664",13,2010-01-13,13.73,11.5648,12.8125
"1665",14,2010-01-14,13.56,11.5641,12.8275
"1666",15,2010-01-15,13.53,11.564,12.8426
"1667",16,2010-01-16,13.49,11.5642,12.8567
"1668",17,2010-01-17,13.35,11.5643,12.8713
"1669",18,2010-01-18,13.55,11.5642,12.8857
"1670",19,2010-01-19,13.62,11.5638,12.8995
"1671",20,2010-01-20,13.5,11.5628,12.9115
"1672",21,2010-01-21,13.41,11.5614,12.9232
"1673",22,2010-01-22,13.11,11.5594,12.9345
"1674",23,2010-01-23,13.21,11.5564,12.9449
"1675",24,2010-01-24,13.31,11.5526,12.9568
"1676",25,2010-01-25,13.38,11.5476,12.9693
"1677",26,2010-01-26,13.35,11.5413,12.9847
"1678",27,2010-01-27,13.19,11.5339,13.0008
"1679",28,2010-01-28,13.17,11.5251,13.0151
"1680",29,2010-01-29,13.23,11.5151,13.0312
"1681",30,2010-01-30,13.36,11.5037,13.0478
"1682",31,2010-01-31,13.4,11.4915,13.0664
"1683",32,2010-02-01,13.49,11.4779,13.0844
"1684",33,2010-02-02,13.42,11.4627,13.1019
"1685",34,2010-02-03,13.41,11.4454,13.1194
"1686",35,2010-02-04,13.57,11.4259,13.1342
"1687",36,2010-02-05,13.54,11.4049,13.1474
"1688",37,2010-02-06,13.57,11.3831,13.1592
"1689",38,2010-02-07,13.52,11.3601,13.1688
"1690",39,2010-02-08,13.43,11.3363,13.1761
"1691",40,2010-02-09,13.32,11.3118,13.1822
"1692",41,2010-02-10,13.31,11.2868,13.1861
"1693",42,2010-02-11,13.36,11.2612,13.1871
"1694",43,2010-02-12,13.44,11.2358,13.1865
"1695",44,2010-02-13,13.6,11.2108,13.1832
"1696",45,2010-02-14,13.73,11.1871,13.18
"1697",46,2010-02-15,13.84,11.165,13.1747
"1698",47,2010-02-16,13.78,11.1441,13.1689
"1699",48,2010-02-17,13.42,11.1242,13.1624
"1700",49,2010-02-18,13.33,11.1053,13.1537
"1701",50,2010-02-19,13.32,11.0873,13.1419
"1702",51,2010-02-20,13.53,11.0698,13.1294
"1703",52,2010-02-21,13.44,11.0531,13.1168
"1704",53,2010-02-22,13.43,11.0372,13.1026
"1705",54,2010-02-23,13.47,11.0216,13.0876
"1706",55,2010-02-24,13.15,11.0057,13.069
"1707",56,2010-02-25,13.38,10.9899,13.0435
"1708",57,2010-02-26,13.61,10.974,13.0151
"1709",58,2010-02-27,13.67,10.9584,12.9824
"1710",59,2010-02-28,13.82,10.9432,12.949
"1711",61,2010-03-01,13.84,10.9161,12.8805
"1712",62,2010-03-02,13.98,10.9044,12.8489
"1713",63,2010-03-03,14.02,10.8933,12.8157
"1714",64,2010-03-04,13.9,10.8824,12.7834
"1715",65,2010-03-05,13.76,10.8723,12.7511
"1716",66,2010-03-06,13.7,10.863,12.7198
"1717",67,2010-03-07,13.75,10.8538,12.6894
"1718",68,2010-03-08,13.38,10.8446,12.6615
"1719",69,2010-03-09,12.65,10.8356,12.6338
"1720",70,2010-03-10,12.21,10.8271,12.6085
"1721",71,2010-03-11,12.03,10.8185,12.5805
"1722",72,2010-03-12,12.34,10.8091,12.5441
"1723",73,2010-03-13,12.06,10.7984,12.5079
"1724",74,2010-03-14,12.06,10.7862,12.4691
"1725",75,2010-03-15,11.75,10.7722,12.4311
"1726",76,2010-03-16,12.2,10.7559,12.3913
"1727",77,2010-03-17,11.84,10.7368,12.3513
"1728",78,2010-03-18,11.35,10.7157,12.3115
"1729",79,2010-03-19,11.65,10.6928,12.2709
"1730",80,2010-03-20,12.08,10.6681,12.2307
"1731",81,2010-03-21,12.33,10.6417,12.1918
"1732",82,2010-03-22,12,10.6136,12.1504
"1733",83,2010-03-23,11.16,10.5839,12.1075
"1734",84,2010-03-24,11.18,10.5521,12.0665
"1735",85,2010-03-25,11.52,10.5191,12.0231
"1736",86,2010-03-26,11.37,10.4854,11.9784
"1737",87,2010-03-27,11.41,10.4514,11.9378
"1738",88,2010-03-28,11.82,10.419,11.9003
"1739",89,2010-03-29,12.02,10.3871,11.8705
"1740",90,2010-03-30,12.27,10.3565,11.8459
"1741",91,2010-03-31,11.87,10.3267,11.8255
"1742",92,2010-04-01,11.72,10.2972,11.8035
"1743",93,2010-04-02,11.48,10.267,11.7805
"1744",94,2010-04-03,11.62,10.2374,11.7587
"1745",95,2010-04-04,11.65,10.2095,11.7356
"1746",96,2010-04-05,12.07,10.1833,11.7091
"1747",97,2010-04-06,NA,10.1593,11.6816
"1748",98,2010-04-07,NA,10.1368,11.6527
"1749",99,2010-04-08,NA,10.1139,11.6182
"1750",100,2010-04-09,NA,10.0911,11.5802
"1751",101,2010-04-10,NA,10.0671,11.5371
"1752",102,2010-04-11,11,10.0413,11.4953
"1753",103,2010-04-12,11.17,10.0153,11.461
"1754",104,2010-04-13,11.52,9.9909,11.4284
"1755",105,2010-04-14,11.85,9.9677,11.3936
"1756",106,2010-04-15,12.42,9.9456,11.3606
"1757",107,2010-04-16,12.92,9.9246,11.3267
"1758",108,2010-04-17,13.08,9.9048,11.2911
"1759",109,2010-04-18,12.74,9.8863,11.2589
"1760",110,2010-04-19,12.61,9.87,11.2328
"1761",111,2010-04-20,12.83,9.8559,11.2117
"1762",112,2010-04-21,11.91,9.8442,11.1928
"1763",113,2010-04-22,10.57,9.836,11.1847
"1764",114,2010-04-23,11.34,9.8301,11.1798
"1765",115,2010-04-24,11.51,9.8262,11.1746
"1766",116,2010-04-25,11.12,9.8242,11.1739
"1767",117,2010-04-26,10.73,9.825,11.1789
"1768",118,2010-04-27,10.64,9.8284,11.1891
"1769",119,2010-04-28,10.97,9.833,11.205
"1770",120,2010-04-29,11.07,9.8395,11.2179
"1771",121,2010-04-30,10.79,9.8471,11.2281
"1772",122,2010-05-01,10.55,9.8545,11.2341
"1773",123,2010-05-02,10.15,9.8618,11.2412
"1774",124,2010-05-03,9.86,9.8694,11.2438
"1775",125,2010-05-04,9.42,9.8769,11.2461
"1776",126,2010-05-05,NA,9.8838,11.2485
"1777",127,2010-05-06,NA,9.8902,11.2559
"1778",128,2010-05-07,NA,9.896,11.2637
"1779",129,2010-05-08,NA,9.9017,11.272
"1780",130,2010-05-09,10.6,9.9081,11.2816
"1781",131,2010-05-10,10.33,9.9143,11.2892
"1782",132,2010-05-11,9.54,9.9217,11.2972
"1783",133,2010-05-12,10.03,9.9319,11.3116
"1784",134,2010-05-13,10.11,9.9452,11.3294
"1785",135,2010-05-14,10.08,9.9602,11.3523
"1786",136,2010-05-15,10.1,9.9773,11.3811
"1787",137,2010-05-16,9.76,9.9972,11.4147
"1788",138,2010-05-17,9.85,10.0203,11.4514
"1789",139,2010-05-18,10.23,10.0461,11.5018
"1790",140,2010-05-19,10.33,10.0729,11.5515
"1791",141,2010-05-20,11.15,10.1005,11.5975
"1792",142,2010-05-21,12.03,10.1294,11.64
"1793",143,2010-05-22,10.88,10.159,11.6854
"1794",144,2010-05-23,10.87,10.1886,11.7355
"1795",145,2010-05-24,10.57,10.2176,11.789
"1796",146,2010-05-25,10.55,10.2471,11.8425
"1797",147,2010-05-26,12.1,10.2771,11.895
"1798",148,2010-05-27,13.4,10.3055,11.9454
"1799",149,2010-05-28,13.43,10.331,11.9924
"1800",150,2010-05-29,11.83,10.3538,12.0308
"1801",151,2010-05-30,10.57,10.3754,12.0637
"1802",152,2010-05-31,10.51,10.3957,12.0962
"1803",153,2010-06-01,10.19,10.4156,12.1271
"1804",154,2010-06-02,10.49,10.4355,12.1538
"1805",155,2010-06-03,NA,10.4564,12.1779
"1806",156,2010-06-04,NA,10.4799,12.2045
"1807",157,2010-06-05,13.72,10.5057,12.232
"1808",158,2010-06-06,14.64,10.5333,12.2587
"1809",159,2010-06-07,15.17,10.5634,12.2897
"1810",160,2010-06-08,11.86,10.596,12.3224
"1811",161,2010-06-09,11.29,10.6307,12.3585
"1812",162,2010-06-10,11.28,10.6672,12.4055
"1813",163,2010-06-11,10.67,10.7054,12.4612
"1814",164,2010-06-12,9.23,10.7443,12.513
"1815",165,2010-06-13,9.28,10.7834,12.5658
"1816",166,2010-06-14,9.34,10.8222,12.6175
"1817",167,2010-06-15,9.41,10.8602,12.6708
"1818",168,2010-06-16,9.42,10.8967,12.7235
"1819",169,2010-06-17,9.4,10.9306,12.7776
"1820",170,2010-06-18,10.75,10.9613,12.822
"1821",171,2010-06-19,10.8,10.9903,12.8592
"1822",172,2010-06-20,10.57,11.0181,12.8907
"1823",173,2010-06-21,9.81,11.0446,12.9215
"1824",174,2010-06-22,9.72,11.0707,12.9489
"1825",175,2010-06-23,10.33,11.0967,12.973
"1826",176,2010-06-24,10.31,11.1234,12.9938
"1827",177,2010-06-25,9.92,11.1499,13.0126
"1828",178,2010-06-26,9.64,11.1751,13.0241
"1829",179,2010-06-27,9.87,11.2007,13.0341
"1830",180,2010-06-28,9.7,11.2293,13.046
"1831",181,2010-06-29,10,11.2625,13.0664
"1832",182,2010-06-30,9.72,11.2993,13.0984
"1833",183,2010-07-01,10.52,11.3384,13.1387
"1834",184,2010-07-02,11.69,11.3798,13.1841
"1835",185,2010-07-03,11.1,11.4236,13.2357
"1836",186,2010-07-04,10.26,11.4684,13.2897
"1837",187,2010-07-05,9.92,11.5116,13.3409
"1838",188,2010-07-06,10.08,11.5539,13.3899
"1839",189,2010-07-07,10.56,11.597,13.4392
"1840",190,2010-07-08,11.27,11.64,13.4915
"1841",191,2010-07-09,11.79,11.6823,13.5466
"1842",192,2010-07-10,11.54,11.7244,13.6014
"1843",193,2010-07-11,12.19,11.766,13.6567
"1844",194,2010-07-12,12.78,11.808,13.7104
"1845",195,2010-07-13,13.46,11.85,13.7632
"1846",196,2010-07-14,13.82,11.8909,13.816
"1847",197,2010-07-15,14.11,11.9304,13.8638
"1848",198,2010-07-16,12.57,11.9699,13.9113
"1849",199,2010-07-17,12.87,12.0098,13.9561
"1850",200,2010-07-18,13.26,12.0492,13.9987
"1851",201,2010-07-19,12.55,12.0882,14.0397
"1852",202,2010-07-20,11.06,12.1267,14.0835
"1853",203,2010-07-21,10.28,12.1631,14.1251
"1854",204,2010-07-22,11.31,12.1972,14.1622
"1855",205,2010-07-23,11.11,12.2285,14.1966
"1856",206,2010-07-24,12.34,12.2571,14.216
"1857",207,2010-07-25,12.52,12.2844,14.2286
"1858",208,2010-07-26,12.89,12.3115,14.2446
"1859",209,2010-07-27,13.52,12.3398,14.2684
"1860",210,2010-07-28,14.03,12.3681,14.2937
"1861",211,2010-07-29,13.99,12.3955,14.3175
"1862",212,2010-07-30,13.01,12.4205,14.3365
"1863",213,2010-07-31,12.73,12.4431,14.3504
"1864",214,2010-08-01,12.02,12.4644,14.3604
"1865",215,2010-08-02,12.8,12.4848,14.37
"1866",216,2010-08-03,13.14,12.5043,14.3793
"1867",217,2010-08-04,13.17,12.5234,14.3942
"1868",218,2010-08-05,12.23,12.5427,14.4146
"1869",219,2010-08-06,11.06,12.563,14.4433
"1870",220,2010-08-07,11.3,12.5834,14.4793
"1871",221,2010-08-08,12.24,12.6029,14.5085
"1872",222,2010-08-09,12.76,12.6219,14.5262
"1873",223,2010-08-10,13.02,12.6406,14.5496
"1874",224,2010-08-11,12.96,12.6583,14.5669
"1875",225,2010-08-12,12.77,12.673,14.5819
"1876",226,2010-08-13,12.91,12.6847,14.5902
"1877",227,2010-08-14,13.69,12.6947,14.5959
"1878",228,2010-08-15,13.95,12.7041,14.6006
"1879",229,2010-08-16,12.91,12.7116,14.6024
"1880",230,2010-08-17,12.47,12.7159,14.6004
"1881",231,2010-08-18,11.75,12.7179,14.5962
"1882",232,2010-08-19,12.1,12.7191,14.5935
"1883",233,2010-08-20,11.36,12.7194,14.588
"1884",234,2010-08-21,10.73,12.7194,14.5837
"1885",235,2010-08-22,10.96,12.7205,14.581
"1886",236,2010-08-23,10.29,12.7243,14.5839
"1887",237,2010-08-24,10.56,12.7301,14.5989
"1888",238,2010-08-25,10.57,12.7366,14.6193
"1889",239,2010-08-26,11.21,12.7432,14.6397
"1890",240,2010-08-27,11.51,12.749,14.6577
"1891",241,2010-08-28,11.25,12.7538,14.6752
"1892",242,2010-08-29,10.65,12.757,14.6869
"1893",243,2010-08-30,11.26,12.7584,14.6893
"1894",244,2010-08-31,10.82,12.7584,14.6916
"1895",245,2010-09-01,11.03,12.7575,14.6904
"1896",246,2010-09-02,11.44,12.7551,14.6905
"1897",247,2010-09-03,11.7,12.7511,14.6891
"1898",248,2010-09-04,12.2,12.7457,14.6847
"1899",249,2010-09-05,11.97,12.7387,14.6764
"1900",250,2010-09-06,10.72,12.7285,14.667
"1901",251,2010-09-07,10.69,12.7151,14.6512
"1902",252,2010-09-08,10.57,12.6996,14.6326
"1903",253,2010-09-09,10.51,12.6821,14.6177
"1904",254,2010-09-10,10.48,12.663,14.5929
"1905",255,2010-09-11,10.75,12.6437,14.5668
"1906",256,2010-09-12,10.76,12.6245,14.5364
"1907",257,2010-09-13,11.46,12.6058,14.5076
"1908",258,2010-09-14,11.96,12.5871,14.4771
"1909",259,2010-09-15,12.8,12.5689,14.4477
"1910",260,2010-09-16,12.68,12.5514,14.4196
"1911",261,2010-09-17,11.71,12.535,14.3946
"1912",262,2010-09-18,11.41,12.52,14.3723
"1913",263,2010-09-19,11.63,12.5058,14.3489
"1914",264,2010-09-20,11.87,12.4926,14.3304
"1915",265,2010-09-21,11.85,12.4801,14.3164
"1916",266,2010-09-22,10.93,12.4666,14.3032
"1917",267,2010-09-23,10.63,12.4507,14.2865
"1918",268,2010-09-24,10.73,12.4328,14.2642
"1919",269,2010-09-25,10.68,12.4143,14.2421
"1920",270,2010-09-26,10.49,12.3948,14.2204
"1921",271,2010-09-27,10.36,12.3749,14.2003
"1922",272,2010-09-28,10.51,12.3558,14.1806
"1923",273,2010-09-29,10.76,12.3384,14.1675
"1924",274,2010-09-30,11.15,12.3231,14.162
"1925",275,2010-10-01,11.69,12.3094,14.1562
"1926",276,2010-10-02,11.78,12.2966,14.1485
"1927",277,2010-10-03,11.17,12.285,14.138
"1928",278,2010-10-04,10.43,12.2748,14.1263
"1929",279,2010-10-05,10.18,12.2664,14.1138
"1930",280,2010-10-06,10.16,12.2589,14.1002
"1931",281,2010-10-07,10.5,12.2525,14.0803
"1932",282,2010-10-08,11.09,12.2461,14.0572
"1933",283,2010-10-09,11.35,12.2391,14.034
"1934",284,2010-10-10,10.94,12.2316,14.0131
"1935",285,2010-10-11,10.5,12.2232,13.9942
"1936",286,2010-10-12,10.57,12.2148,13.9768
"1937",287,2010-10-13,10.8,12.2075,13.9646
"1938",288,2010-10-14,11.46,12.2017,13.9576
"1939",289,2010-10-15,11.45,12.197,13.9542
"1940",290,2010-10-16,11.21,12.1915,13.9523
"1941",291,2010-10-17,10.47,12.1861,13.9504
"1942",292,2010-10-18,10.36,12.1812,13.9485
"1943",293,2010-10-19,10.62,12.178,13.9459
"1944",294,2010-10-20,11,12.1763,13.9433
"1945",295,2010-10-21,11.37,12.1758,13.94
"1946",296,2010-10-22,11.57,12.1766,13.9363
"1947",297,2010-10-23,11.74,12.1787,13.9306
"1948",298,2010-10-24,12.22,12.1812,13.9254
"1949",299,2010-10-25,12.22,12.1838,13.92
"1950",300,2010-10-26,12.23,12.186,13.9139
"1951",301,2010-10-27,12.01,12.1883,13.9055
"1952",302,2010-10-28,11.86,12.1901,13.8942
"1953",303,2010-10-29,11.9,12.1909,13.8837
"1954",304,2010-10-30,12.32,12.1898,13.875
"1955",305,2010-10-31,12.29,12.1868,13.8655
"1956",306,2010-11-01,12.36,12.1821,13.8553
"1957",307,2010-11-02,12.59,12.1765,13.8474
"1958",308,2010-11-03,12.53,12.1698,13.8377
"1959",309,2010-11-04,12.41,12.1613,13.8263
"1960",310,2010-11-05,12.19,12.1507,13.8127
"1961",311,2010-11-06,12.33,12.1392,13.7975
"1962",312,2010-11-07,12.96,12.1268,13.7828
"1963",313,2010-11-08,12.87,12.1146,13.767
"1964",314,2010-11-09,12.41,12.1032,13.7536
"1965",315,2010-11-10,12.57,12.0925,13.7393
"1966",316,2010-11-11,12.2,12.0827,13.7254
"1967",317,2010-11-12,NA,12.0731,13.7118
"1968",318,2010-11-13,11.05,12.0621,13.6964
"1969",319,2010-11-14,10.68,12.0496,13.6809
"1970",320,2010-11-15,10.6,12.0371,13.6655
"1971",321,2010-11-16,10.45,12.0258,13.6507
"1972",322,2010-11-17,10.31,12.0148,13.6358
"1973",323,2010-11-18,10.44,12.004,13.621
"1974",324,2010-11-19,11.14,11.9924,13.607
"1975",325,2010-11-20,10.8,11.9803,13.5944
"1976",326,2010-11-21,11.04,11.9682,13.5827
"1977",327,2010-11-22,10.86,11.9561,13.5726
"1978",328,2010-11-23,10.99,11.944,13.5664
"1979",329,2010-11-24,10.17,11.9333,13.5603
"1980",330,2010-11-25,10.29,11.9235,13.5547
"1981",331,2010-11-26,10.21,11.9142,13.5488
"1982",332,2010-11-27,10.24,11.9049,13.5437
"1983",333,2010-11-28,10.06,11.8964,13.5424
"1984",334,2010-11-29,9.83,11.8889,13.5405
"1985",335,2010-11-30,9.76,11.8822,13.5366
"1986",336,2010-12-01,9.84,11.8766,13.533
"1987",337,2010-12-02,10.07,11.8716,13.5298
"1988",338,2010-12-03,10.19,11.8664,13.527
"1989",339,2010-12-04,10.16,11.8616,13.527
"1990",340,2010-12-05,10.36,11.8569,13.5288
"1991",341,2010-12-06,10.77,11.8528,13.5329
"1992",342,2010-12-07,10.71,11.8491,13.5387
"1993",343,2010-12-08,11.07,11.8454,13.5437
"1994",344,2010-12-09,11.56,11.8412,13.5492
"1995",345,2010-12-10,11.74,11.8361,13.552
"1996",346,2010-12-11,11.88,11.8299,13.5551
"1997",347,2010-12-12,11.84,11.8218,13.5504
"1998",348,2010-12-13,11.69,11.8123,13.5234
"1999",349,2010-12-14,11.85,11.8028,13.4963
"2000",350,2010-12-15,11.48,11.7935,13.4692
"2001",351,2010-12-16,11.1,11.7836,13.4422
"2002",352,2010-12-17,11.16,11.7732,13.4145
"2003",353,2010-12-18,11.93,11.7626,13.3877
"2004",354,2010-12-19,11.99,11.7525,13.3616
"2005",355,2010-12-20,11.82,11.7428,13.3372
"2006",356,2010-12-21,11.73,11.7337,13.313
"2007",357,2010-12-22,12.07,11.725,13.2888
"2008",358,2010-12-23,11.82,11.7171,13.2653
"2009",359,2010-12-24,11.92,11.71,13.2421
"2010",360,2010-12-25,11.94,11.7028,13.2189
"2011",361,2010-12-26,11.97,11.6955,13.1945
"2012",362,2010-12-27,11.95,11.6881,13.17
"2013",363,2010-12-28,12.07,11.6806,13.1451
"2014",364,2010-12-29,11.94,11.6728,13.1193
"2015",365,2010-12-30,11.01,11.6648,13.0933
"2016",366,2010-12-31,10.54,11.6563,13.0669
"2017",1,2011-01-01,10.88,11.6471,13.0406
"2018",2,2011-01-02,10.99,11.6377,13.0143
"2019",3,2011-01-03,11.02,11.6287,12.9868
"2020",4,2011-01-04,11.05,11.6196,12.9588
"2021",5,2011-01-05,11.04,11.6107,12.9317
"2022",6,2011-01-06,10.83,11.6021,12.906
"2023",7,2011-01-07,10.89,11.5941,12.8821
"2024",8,2011-01-08,10.99,11.5866,12.8589
"2025",9,2011-01-09,10.66,11.5799,12.8382
"2026",10,2011-01-10,10.55,11.574,12.8204
"2027",11,2011-01-11,10.56,11.5693,12.8045
"2028",12,2011-01-12,10.54,11.5664,12.798
"2029",13,2011-01-13,10.76,11.5648,12.8125
"2030",14,2011-01-14,10.68,11.5641,12.8275
"2031",15,2011-01-15,10.72,11.564,12.8426
"2032",16,2011-01-16,10.81,11.5642,12.8567
"2033",17,2011-01-17,10.84,11.5643,12.8713
"2034",18,2011-01-18,10.66,11.5642,12.8857
"2035",19,2011-01-19,10.53,11.5638,12.8995
"2036",20,2011-01-20,10.07,11.5628,12.9115
"2037",21,2011-01-21,10.11,11.5614,12.9232
"2038",22,2011-01-22,10.39,11.5594,12.9345
"2039",23,2011-01-23,10.69,11.5564,12.9449
"2040",24,2011-01-24,10.62,11.5526,12.9568
"2041",25,2011-01-25,10.69,11.5476,12.9693
"2042",26,2011-01-26,11.05,11.5413,12.9847
"2043",27,2011-01-27,11.1,11.5339,13.0008
"2044",28,2011-01-28,11.05,11.5251,13.0151
"2045",29,2011-01-29,10.95,11.5151,13.0312
"2046",30,2011-01-30,11.23,11.5037,13.0478
"2047",31,2011-01-31,11.1,11.4915,13.0664
"2048",32,2011-02-01,10.86,11.4779,13.0844
"2049",33,2011-02-02,10.9,11.4627,13.1019
"2050",34,2011-02-03,11.07,11.4454,13.1194
"2051",35,2011-02-04,11.33,11.4259,13.1342
"2052",36,2011-02-05,11.28,11.4049,13.1474
"2053",37,2011-02-06,11.07,11.3831,13.1592
"2054",38,2011-02-07,10.74,11.3601,13.1688
"2055",39,2011-02-08,10.2,11.3363,13.1761
"2056",40,2011-02-09,9.62,11.3118,13.1822
"2057",41,2011-02-10,9.61,11.2868,13.1861
"2058",42,2011-02-11,9.77,11.2612,13.1871
"2059",43,2011-02-12,9.99,11.2358,13.1865
"2060",44,2011-02-13,10.31,11.2108,13.1832
"2061",45,2011-02-14,10.77,11.1871,13.18
"2062",46,2011-02-15,10.64,11.165,13.1747
"2063",47,2011-02-16,10.63,11.1441,13.1689
"2064",48,2011-02-17,10.71,11.1242,13.1624
"2065",49,2011-02-18,10.59,11.1053,13.1537
"2066",50,2011-02-19,10.6,11.0873,13.1419
"2067",51,2011-02-20,10.77,11.0698,13.1294
"2068",52,2011-02-21,10.57,11.0531,13.1168
"2069",53,2011-02-22,10.51,11.0372,13.1026
"2070",54,2011-02-23,10.37,11.0216,13.0876
"2071",55,2011-02-24,10.26,11.0057,13.069
"2072",56,2011-02-25,10.22,10.9899,13.0435
"2073",57,2011-02-26,9.89,10.974,13.0151
"2074",58,2011-02-27,9.73,10.9584,12.9824
"2075",59,2011-02-28,10.03,10.9432,12.949
"2076",61,2011-03-01,10.09,10.9161,12.8805
"2077",62,2011-03-02,10.41,10.9044,12.8489
"2078",63,2011-03-03,10.51,10.8933,12.8157
"2079",64,2011-03-04,10.84,10.8824,12.7834
"2080",65,2011-03-05,10.99,10.8723,12.7511
"2081",66,2011-03-06,11.3,10.863,12.7198
"2082",67,2011-03-07,10.84,10.8538,12.6894
"2083",68,2011-03-08,10.65,10.8446,12.6615
"2084",69,2011-03-09,10.66,10.8356,12.6338
"2085",70,2011-03-10,10.53,10.8271,12.6085
"2086",71,2011-03-11,10.58,10.8185,12.5805
"2087",72,2011-03-12,10.57,10.8091,12.5441
"2088",73,2011-03-13,10.79,10.7984,12.5079
"2089",74,2011-03-14,11,10.7862,12.4691
"2090",75,2011-03-15,11.12,10.7722,12.4311
"2091",76,2011-03-16,11.2,10.7559,12.3913
"2092",77,2011-03-17,11.2,10.7368,12.3513
"2093",78,2011-03-18,11.34,10.7157,12.3115
"2094",79,2011-03-19,11.36,10.6928,12.2709
"2095",80,2011-03-20,11.32,10.6681,12.2307
"2096",81,2011-03-21,11.47,10.6417,12.1918
"2097",82,2011-03-22,11.19,10.6136,12.1504
"2098",83,2011-03-23,11.18,10.5839,12.1075
"2099",84,2011-03-24,11.28,10.5521,12.0665
"2100",85,2011-03-25,11.35,10.5191,12.0231
"2101",86,2011-03-26,11.43,10.4854,11.9784
"2102",87,2011-03-27,11.32,10.4514,11.9378
"2103",88,2011-03-28,11.21,10.419,11.9003
"2104",89,2011-03-29,11.18,10.3871,11.8705
"2105",90,2011-03-30,11.65,10.3565,11.8459
"2106",91,2011-03-31,11.38,10.3267,11.8255
"2107",92,2011-04-01,11.1,10.2972,11.8035
"2108",93,2011-04-02,10.95,10.267,11.7805
"2109",94,2011-04-03,9.45,10.2374,11.7587
"2110",95,2011-04-04,9.34,10.2095,11.7356
"2111",96,2011-04-05,9.93,10.1833,11.7091
"2112",97,2011-04-06,8.99,10.1593,11.6816
"2113",98,2011-04-07,8.61,10.1368,11.6527
"2114",99,2011-04-08,8.08,10.1139,11.6182
"2115",100,2011-04-09,8,10.0911,11.5802
"2116",101,2011-04-10,8.07,10.0671,11.5371
"2117",102,2011-04-11,8.63,10.0413,11.4953
"2118",103,2011-04-12,8.16,10.0153,11.461
"2119",104,2011-04-13,8.17,9.9909,11.4284
"2120",105,2011-04-14,8.59,9.9677,11.3936
"2121",106,2011-04-15,8.77,9.9456,11.3606
"2122",107,2011-04-16,9.22,9.9246,11.3267
"2123",108,2011-04-17,9.49,9.9048,11.2911
"2124",109,2011-04-18,9.26,9.8863,11.2589
"2125",110,2011-04-19,9.17,9.87,11.2328
"2126",111,2011-04-20,9.9,9.8559,11.2117
"2127",112,2011-04-21,10.01,9.8442,11.1928
"2128",113,2011-04-22,9.11,9.836,11.1847
"2129",114,2011-04-23,8.93,9.8301,11.1798
"2130",115,2011-04-24,9.52,9.8262,11.1746
"2131",116,2011-04-25,NA,9.8242,11.1739
"2132",117,2011-04-26,NA,9.825,11.1789
"2133",118,2011-04-27,9.77,9.8284,11.1891
"2134",119,2011-04-28,9.53,9.833,11.205
"2135",120,2011-04-29,9.26,9.8395,11.2179
"2136",121,2011-04-30,9.14,9.8471,11.2281
"2137",122,2011-05-01,9.19,9.8545,11.2341
"2138",123,2011-05-02,9.34,9.8618,11.2412
"2139",124,2011-05-03,9.24,9.8694,11.2438
"2140",125,2011-05-04,8.82,9.8769,11.2461
"2141",126,2011-05-05,8.71,9.8838,11.2485
"2142",127,2011-05-06,8.97,9.8902,11.2559
"2143",128,2011-05-07,8.63,9.896,11.2637
"2144",129,2011-05-08,8.32,9.9017,11.272
"2145",130,2011-05-09,8.21,9.9081,11.2816
"2146",131,2011-05-10,NA,9.9143,11.2892
"2147",132,2011-05-11,NA,9.9217,11.2972
"2148",133,2011-05-12,9.33,9.9319,11.3116
"2149",134,2011-05-13,9.24,9.9452,11.3294
"2150",135,2011-05-14,8.98,9.9602,11.3523
"2151",136,2011-05-15,8.64,9.9773,11.3811
"2152",137,2011-05-16,9.12,9.9972,11.4147
"2153",138,2011-05-17,9.25,10.0203,11.4514
"2154",139,2011-05-18,9.84,10.0461,11.5018
"2155",140,2011-05-19,9.95,10.0729,11.5515
"2156",141,2011-05-20,9.79,10.1005,11.5975
"2157",142,2011-05-21,9.33,10.1294,11.64
"2158",143,2011-05-22,9.07,10.159,11.6854
"2159",144,2011-05-23,NA,10.1886,11.7355
"2160",145,2011-05-24,10.01,10.2176,11.789
"2161",146,2011-05-25,9.39,10.2471,11.8425
"2162",147,2011-05-26,9.39,10.2771,11.895
"2163",148,2011-05-27,10.22,10.3055,11.9454
"2164",149,2011-05-28,10.43,10.331,11.9924
"2165",150,2011-05-29,9.24,10.3538,12.0308
"2166",151,2011-05-30,9.11,10.3754,12.0637
"2167",152,2011-05-31,9.13,10.3957,12.0962
"2168",153,2011-06-01,10.02,10.4156,12.1271
"2169",154,2011-06-02,10.23,10.4355,12.1538
"2170",155,2011-06-03,10.98,10.4564,12.1779
"2171",156,2011-06-04,10.68,10.4799,12.2045
"2172",157,2011-06-05,11.05,10.5057,12.232
"2173",158,2011-06-06,11.68,10.5333,12.2587
"2174",159,2011-06-07,12.25,10.5634,12.2897
"2175",160,2011-06-08,12.12,10.596,12.3224
"2176",161,2011-06-09,11.65,10.6307,12.3585
"2177",162,2011-06-10,11.46,10.6672,12.4055
"2178",163,2011-06-11,10.84,10.7054,12.4612
"2179",164,2011-06-12,10.25,10.7443,12.513
"2180",165,2011-06-13,9.87,10.7834,12.5658
"2181",166,2011-06-14,9.66,10.8222,12.6175
"2182",167,2011-06-15,9.62,10.8602,12.6708
"2183",168,2011-06-16,9.4,10.8967,12.7235
"2184",169,2011-06-17,9.31,10.9306,12.7776
"2185",170,2011-06-18,9.57,10.9613,12.822
"2186",171,2011-06-19,10.24,10.9903,12.8592
"2187",172,2011-06-20,9.9,11.0181,12.8907
"2188",173,2011-06-21,11.41,11.0446,12.9215
"2189",174,2011-06-22,12.14,11.0707,12.9489
"2190",175,2011-06-23,12.25,11.0967,12.973
"2191",176,2011-06-24,11.01,11.1234,12.9938
"2192",177,2011-06-25,10.41,11.1499,13.0126
"2193",178,2011-06-26,10.24,11.1751,13.0241
"2194",179,2011-06-27,10.4,11.2007,13.0341
"2195",180,2011-06-28,10.21,11.2293,13.046
"2196",181,2011-06-29,9.69,11.2625,13.0664
"2197",182,2011-06-30,10.76,11.2993,13.0984
"2198",183,2011-07-01,10.03,11.3384,13.1387
"2199",184,2011-07-02,9.89,11.3798,13.1841
"2200",185,2011-07-03,9.95,11.4236,13.2357
"2201",186,2011-07-04,9.75,11.4684,13.2897
"2202",187,2011-07-05,9.8,11.5116,13.3409
"2203",188,2011-07-06,10.56,11.5539,13.3899
"2204",189,2011-07-07,11.56,11.597,13.4392
"2205",190,2011-07-08,12.1,11.64,13.4915
"2206",191,2011-07-09,12.75,11.6823,13.5466
"2207",192,2011-07-10,12.68,11.7244,13.6014
"2208",193,2011-07-11,11.12,11.766,13.6567
"2209",194,2011-07-12,10.29,11.808,13.7104
"2210",195,2011-07-13,10.15,11.85,13.7632
"2211",196,2011-07-14,10.12,11.8909,13.816
"2212",197,2011-07-15,10.07,11.9304,13.8638
"2213",198,2011-07-16,10.02,11.9699,13.9113
"2214",199,2011-07-17,10.06,12.0098,13.9561
"2215",200,2011-07-18,11.4,12.0492,13.9987
"2216",201,2011-07-19,11.26,12.0882,14.0397
"2217",202,2011-07-20,11.74,12.1267,14.0835
"2218",203,2011-07-21,10.93,12.1631,14.1251
"2219",204,2011-07-22,11.17,12.1972,14.1622
"2220",205,2011-07-23,11.65,12.2285,14.1966
"2221",206,2011-07-24,12.34,12.2571,14.216
"2222",207,2011-07-25,13.11,12.2844,14.2286
"2223",208,2011-07-26,13.47,12.3115,14.2446
"2224",209,2011-07-27,11.24,12.3398,14.2684
"2225",210,2011-07-28,10.49,12.3681,14.2937
"2226",211,2011-07-29,10.97,12.3955,14.3175
"2227",212,2011-07-30,12.19,12.4205,14.3365
"2228",213,2011-07-31,13.52,12.4431,14.3504
"2229",214,2011-08-01,14.28,12.4644,14.3604
"2230",215,2011-08-02,14.27,12.4848,14.37
"2231",216,2011-08-03,14.12,12.5043,14.3793
"2232",217,2011-08-04,12.81,12.5234,14.3942
"2233",218,2011-08-05,11.75,12.5427,14.4146
"2234",219,2011-08-06,11.52,12.563,14.4433
"2235",220,2011-08-07,11.77,12.5834,14.4793
"2236",221,2011-08-08,11.86,12.6029,14.5085
"2237",222,2011-08-09,12.01,12.6219,14.5262
"2238",223,2011-08-10,11.19,12.6406,14.5496
"2239",224,2011-08-11,11.09,12.6583,14.5669
"2240",225,2011-08-12,11.81,12.673,14.5819
"2241",226,2011-08-13,11.26,12.6847,14.5902
"2242",227,2011-08-14,11.14,12.6947,14.5959
"2243",228,2011-08-15,10.71,12.7041,14.6006
"2244",229,2011-08-16,10.67,12.7116,14.6024
"2245",230,2011-08-17,11.05,12.7159,14.6004
"2246",231,2011-08-18,11.8,12.7179,14.5962
"2247",232,2011-08-19,10.74,12.7191,14.5935
"2248",233,2011-08-20,11.11,12.7194,14.588
"2249",234,2011-08-21,11.55,12.7194,14.5837
"2250",235,2011-08-22,12.1,12.7205,14.581
"2251",236,2011-08-23,12.48,12.7243,14.5839
"2252",237,2011-08-24,12.82,12.7301,14.5989
"2253",238,2011-08-25,12.92,12.7366,14.6193
"2254",239,2011-08-26,13.35,12.7432,14.6397
"2255",240,2011-08-27,12.42,12.749,14.6577
"2256",241,2011-08-28,13.24,12.7538,14.6752
"2257",242,2011-08-29,12.81,12.757,14.6869
"2258",243,2011-08-30,10.9,12.7584,14.6893
"2259",244,2011-08-31,10.71,12.7584,14.6916
"2260",245,2011-09-01,11.53,12.7575,14.6904
"2261",246,2011-09-02,12.51,12.7551,14.6905
"2262",247,2011-09-03,13.23,12.7511,14.6891
"2263",248,2011-09-04,13.21,12.7457,14.6847
"2264",249,2011-09-05,13.48,12.7387,14.6764
"2265",250,2011-09-06,13.41,12.7285,14.667
"2266",251,2011-09-07,12.87,12.7151,14.6512
"2267",252,2011-09-08,12.99,12.6996,14.6326
"2268",253,2011-09-09,12.13,12.6821,14.6177
"2269",254,2011-09-10,11.77,12.663,14.5929
"2270",255,2011-09-11,12.92,12.6437,14.5668
"2271",256,2011-09-12,13.32,12.6245,14.5364
"2272",257,2011-09-13,13.11,12.6058,14.5076
"2273",258,2011-09-14,12.46,12.5871,14.4771
"2274",259,2011-09-15,11.69,12.5689,14.4477
"2275",260,2011-09-16,11.66,12.5514,14.4196
"2276",261,2011-09-17,11.29,12.535,14.3946
"2277",262,2011-09-18,11.6,12.52,14.3723
"2278",263,2011-09-19,11.49,12.5058,14.3489
"2279",264,2011-09-20,11.87,12.4926,14.3304
"2280",265,2011-09-21,12.21,12.4801,14.3164
"2281",266,2011-09-22,12.62,12.4666,14.3032
"2282",267,2011-09-23,12.34,12.4507,14.2865
"2283",268,2011-09-24,12.15,12.4328,14.2642
"2284",269,2011-09-25,12.17,12.4143,14.2421
"2285",270,2011-09-26,12.76,12.3948,14.2204
"2286",271,2011-09-27,12.01,12.3749,14.2003
"2287",272,2011-09-28,11.01,12.3558,14.1806
"2288",273,2011-09-29,11.07,12.3384,14.1675
"2289",274,2011-09-30,11.88,12.3231,14.162
"2290",275,2011-10-01,13.28,12.3094,14.1562
"2291",276,2011-10-02,14.04,12.2966,14.1485
"2292",277,2011-10-03,14.13,12.285,14.138
"2293",278,2011-10-04,13.84,12.2748,14.1263
"2294",279,2011-10-05,13.81,12.2664,14.1138
"2295",280,2011-10-06,14,12.2589,14.1002
"2296",281,2011-10-07,13.7,12.2525,14.0803
"2297",282,2011-10-08,13.03,12.2461,14.0572
"2298",283,2011-10-09,11.6,12.2391,14.034
"2299",284,2011-10-10,11.83,12.2316,14.0131
"2300",285,2011-10-11,11.89,12.2232,13.9942
"2301",286,2011-10-12,12.4,12.2148,13.9768
"2302",287,2011-10-13,12.29,12.2075,13.9646
"2303",288,2011-10-14,12.99,12.2017,13.9576
"2304",289,2011-10-15,13.52,12.197,13.9542
"2305",290,2011-10-16,14.12,12.1915,13.9523
"2306",291,2011-10-17,14.04,12.1861,13.9504
"2307",292,2011-10-18,14.15,12.1812,13.9485
"2308",293,2011-10-19,14.3,12.178,13.9459
"2309",294,2011-10-20,13.32,12.1763,13.9433
"2310",295,2011-10-21,11.84,12.1758,13.94
"2311",296,2011-10-22,11.03,12.1766,13.9363
"2312",297,2011-10-23,10.85,12.1787,13.9306
"2313",298,2011-10-24,10.77,12.1812,13.9254
"2314",299,2011-10-25,11.11,12.1838,13.92
"2315",300,2011-10-26,11.17,12.186,13.9139
"2316",301,2011-10-27,11.37,12.1883,13.9055
"2317",302,2011-10-28,11.4,12.1901,13.8942
"2318",303,2011-10-29,11.57,12.1909,13.8837
"2319",304,2011-10-30,11.8,12.1898,13.875
"2320",305,2011-10-31,11.83,12.1868,13.8655
"2321",306,2011-11-01,10.92,12.1821,13.8553
"2322",307,2011-11-02,10.6,12.1765,13.8474
"2323",308,2011-11-03,10.6,12.1698,13.8377
"2324",309,2011-11-04,10.59,12.1613,13.8263
"2325",310,2011-11-05,10.53,12.1507,13.8127
"2326",311,2011-11-06,10.59,12.1392,13.7975
"2327",312,2011-11-07,10.5,12.1268,13.7828
"2328",313,2011-11-08,10.43,12.1146,13.767
"2329",314,2011-11-09,10.47,12.1032,13.7536
"2330",315,2011-11-10,10.6,12.0925,13.7393
"2331",316,2011-11-11,10.81,12.0827,13.7254
"2332",317,2011-11-12,11.1,12.0731,13.7118
"2333",318,2011-11-13,11.16,12.0621,13.6964
"2334",319,2011-11-14,11.21,12.0496,13.6809
"2335",320,2011-11-15,11.09,12.0371,13.6655
"2336",321,2011-11-16,11.06,12.0258,13.6507
"2337",322,2011-11-17,10.56,12.0148,13.6358
"2338",323,2011-11-18,10.15,12.004,13.621
"2339",324,2011-11-19,10.12,11.9924,13.607
"2340",325,2011-11-20,10.39,11.9803,13.5944
"2341",326,2011-11-21,10.79,11.9682,13.5827
"2342",327,2011-11-22,11.05,11.9561,13.5726
"2343",328,2011-11-23,11.15,11.944,13.5664
"2344",329,2011-11-24,11.26,11.9333,13.5603
"2345",330,2011-11-25,11.43,11.9235,13.5547
"2346",331,2011-11-26,11.51,11.9142,13.5488
"2347",332,2011-11-27,11.59,11.9049,13.5437
"2348",333,2011-11-28,11.6,11.8964,13.5424
"2349",334,2011-11-29,11.67,11.8889,13.5405
"2350",335,2011-11-30,11.46,11.8822,13.5366
"2351",336,2011-12-01,10.97,11.8766,13.533
"2352",337,2011-12-02,10.69,11.8716,13.5298
"2353",338,2011-12-03,10.4,11.8664,13.527
"2354",339,2011-12-04,10.3,11.8616,13.527
"2355",340,2011-12-05,10.22,11.8569,13.5288
"2356",341,2011-12-06,10.67,11.8528,13.5329
"2357",342,2011-12-07,10.72,11.8491,13.5387
"2358",343,2011-12-08,10.63,11.8454,13.5437
"2359",344,2011-12-09,10.79,11.8412,13.5492
"2360",345,2011-12-10,10.69,11.8361,13.552
"2361",346,2011-12-11,10.78,11.8299,13.5551
"2362",347,2011-12-12,10.76,11.8218,13.5504
"2363",348,2011-12-13,10.77,11.8123,13.5234
"2364",349,2011-12-14,10.85,11.8028,13.4963
"2365",350,2011-12-15,10.98,11.7935,13.4692
"2366",351,2011-12-16,10.67,11.7836,13.4422
"2367",352,2011-12-17,10.82,11.7732,13.4145
"2368",353,2011-12-18,10.89,11.7626,13.3877
"2369",354,2011-12-19,10.83,11.7525,13.3616
"2370",355,2011-12-20,10.86,11.7428,13.3372
"2371",356,2011-12-21,10.9,11.7337,13.313
"2372",357,2011-12-22,10.93,11.725,13.2888
"2373",358,2011-12-23,11,11.7171,13.2653
"2374",359,2011-12-24,11.04,11.71,13.2421
"2375",360,2011-12-25,11.05,11.7028,13.2189
"2376",361,2011-12-26,11.01,11.6955,13.1945
"2377",362,2011-12-27,10.98,11.6881,13.17
"2378",363,2011-12-28,11.09,11.6806,13.1451
"2379",364,2011-12-29,11.23,11.6728,13.1193
"2380",365,2011-12-30,11.31,11.6648,13.0933
"2381",366,2011-12-31,10.85,11.6563,13.0669
"2382",1,2012-01-01,10.84,11.6471,13.0406
"2383",2,2012-01-02,10.92,11.6377,13.0143
"2384",3,2012-01-03,11.01,11.6287,12.9868
"2385",4,2012-01-04,11.11,11.6196,12.9588
"2386",5,2012-01-05,11.14,11.6107,12.9317
"2387",6,2012-01-06,10.9,11.6021,12.906
"2388",7,2012-01-07,10.61,11.5941,12.8821
"2389",8,2012-01-08,10.5,11.5866,12.8589
"2390",9,2012-01-09,10.5,11.5799,12.8382
"2391",10,2012-01-10,10.77,11.574,12.8204
"2392",11,2012-01-11,10.77,11.5693,12.8045
"2393",12,2012-01-12,10.8,11.5664,12.798
"2394",13,2012-01-13,10.74,11.5648,12.8125
"2395",14,2012-01-14,10.64,11.5641,12.8275
"2396",15,2012-01-15,10.55,11.564,12.8426
"2397",16,2012-01-16,10.11,11.5642,12.8567
"2398",17,2012-01-17,9.99,11.5643,12.8713
"2399",18,2012-01-18,10.08,11.5642,12.8857
"2400",19,2012-01-19,10.39,11.5638,12.8995
"2401",20,2012-01-20,10.33,11.5628,12.9115
"2402",21,2012-01-21,10.36,11.5614,12.9232
"2403",22,2012-01-22,10.35,11.5594,12.9345
"2404",23,2012-01-23,10.49,11.5564,12.9449
"2405",24,2012-01-24,10.51,11.5526,12.9568
"2406",25,2012-01-25,10.64,11.5476,12.9693
"2407",26,2012-01-26,10.92,11.5413,12.9847
"2408",27,2012-01-27,10.74,11.5339,13.0008
"2409",28,2012-01-28,10.49,11.5251,13.0151
"2410",29,2012-01-29,10.41,11.5151,13.0312
"2411",30,2012-01-30,10.56,11.5037,13.0478
"2412",31,2012-01-31,10.39,11.4915,13.0664
"2413",32,2012-02-01,10.51,11.4779,13.0844
"2414",33,2012-02-02,10.36,11.4627,13.1019
"2415",34,2012-02-03,10.38,11.4454,13.1194
"2416",35,2012-02-04,10.4,11.4259,13.1342
"2417",36,2012-02-05,10.54,11.4049,13.1474
"2418",37,2012-02-06,10.73,11.3831,13.1592
"2419",38,2012-02-07,10.86,11.3601,13.1688
"2420",39,2012-02-08,10.9,11.3363,13.1761
"2421",40,2012-02-09,10.99,11.3118,13.1822
"2422",41,2012-02-10,11.12,11.2868,13.1861
"2423",42,2012-02-11,11.3,11.2612,13.1871
"2424",43,2012-02-12,10.81,11.2358,13.1865
"2425",44,2012-02-13,10.7,11.2108,13.1832
"2426",45,2012-02-14,10.06,11.1871,13.18
"2427",46,2012-02-15,9.65,11.165,13.1747
"2428",47,2012-02-16,9.45,11.1441,13.1689
"2429",48,2012-02-17,9.53,11.1242,13.1624
"2430",49,2012-02-18,9.36,11.1053,13.1537
"2431",50,2012-02-19,8.87,11.0873,13.1419
"2432",51,2012-02-20,9.01,11.0698,13.1294
"2433",52,2012-02-21,9.21,11.0531,13.1168
"2434",53,2012-02-22,9.33,11.0372,13.1026
"2435",54,2012-02-23,9.21,11.0216,13.0876
"2436",55,2012-02-24,9.09,11.0057,13.069
"2437",56,2012-02-25,8.95,10.9899,13.0435
"2438",57,2012-02-26,8.54,10.974,13.0151
"2439",58,2012-02-27,8.32,10.9584,12.9824
"2440",59,2012-02-28,8.32,10.9432,12.949
"2441",60,2012-02-29,8.71,10.929,12.914
"2442",61,2012-03-01,8.58,10.9161,12.8805
"2443",62,2012-03-02,8.31,10.9044,12.8489
"2444",63,2012-03-03,8.38,10.8933,12.8157
"2445",64,2012-03-04,8.77,10.8824,12.7834
"2446",65,2012-03-05,8.8,10.8723,12.7511
"2447",66,2012-03-06,8.88,10.863,12.7198
"2448",67,2012-03-07,8.55,10.8538,12.6894
"2449",68,2012-03-08,8.6,10.8446,12.6615
"2450",69,2012-03-09,8.96,10.8356,12.6338
"2451",70,2012-03-10,8.73,10.8271,12.6085
"2452",71,2012-03-11,8.89,10.8185,12.5805
"2453",72,2012-03-12,8.66,10.8091,12.5441
"2454",73,2012-03-13,9.18,10.7984,12.5079
"2455",74,2012-03-14,9.4,10.7862,12.4691
"2456",75,2012-03-15,9.54,10.7722,12.4311
"2457",76,2012-03-16,9.76,10.7559,12.3913
"2458",77,2012-03-17,9.51,10.7368,12.3513
"2459",78,2012-03-18,9.41,10.7157,12.3115
"2460",79,2012-03-19,9.17,10.6928,12.2709
"2461",80,2012-03-20,9.23,10.6681,12.2307
"2462",81,2012-03-21,9.46,10.6417,12.1918
"2463",82,2012-03-22,9.8,10.6136,12.1504
"2464",83,2012-03-23,9.3,10.5839,12.1075
"2465",84,2012-03-24,9.44,10.5521,12.0665
"2466",85,2012-03-25,9.48,10.5191,12.0231
"2467",86,2012-03-26,9.67,10.4854,11.9784
"2468",87,2012-03-27,9.95,10.4514,11.9378
"2469",88,2012-03-28,9.91,10.419,11.9003
"2470",89,2012-03-29,10.33,10.3871,11.8705
"2471",90,2012-03-30,10.59,10.3565,11.8459
"2472",91,2012-03-31,NA,10.3267,11.8255
"2473",92,2012-04-01,10.37,10.2972,11.8035
"2474",93,2012-04-02,10.07,10.267,11.7805
"2475",94,2012-04-03,10.07,10.2374,11.7587
"2476",95,2012-04-04,10,10.2095,11.7356
"2477",96,2012-04-05,9.81,10.1833,11.7091
"2478",97,2012-04-06,9.52,10.1593,11.6816
"2479",98,2012-04-07,9.47,10.1368,11.6527
"2480",99,2012-04-08,9.32,10.1139,11.6182
"2481",100,2012-04-09,9.46,10.0911,11.5802
"2482",101,2012-04-10,10.15,10.0671,11.5371
"2483",102,2012-04-11,10.36,10.0413,11.4953
"2484",103,2012-04-12,10.62,10.0153,11.461
"2485",104,2012-04-13,10.56,9.9909,11.4284
"2486",105,2012-04-14,10.05,9.9677,11.3936
"2487",106,2012-04-15,10.45,9.9456,11.3606
"2488",107,2012-04-16,10.35,9.9246,11.3267
"2489",108,2012-04-17,9.64,9.9048,11.2911
"2490",109,2012-04-18,9.49,9.8863,11.2589
"2491",110,2012-04-19,9.55,9.87,11.2328
"2492",111,2012-04-20,9.79,9.8559,11.2117
"2493",112,2012-04-21,9.48,9.8442,11.1928
"2494",113,2012-04-22,8.88,9.836,11.1847
"2495",114,2012-04-23,9.52,9.8301,11.1798
"2496",115,2012-04-24,10.58,9.8262,11.1746
"2497",116,2012-04-25,10.59,9.8242,11.1739
"2498",117,2012-04-26,10.94,9.825,11.1789
"2499",118,2012-04-27,10.25,9.8284,11.1891
"2500",119,2012-04-28,NA,9.833,11.205
"2501",120,2012-04-29,NA,9.8395,11.2179
"2502",121,2012-04-30,NA,9.8471,11.2281
"2503",122,2012-05-01,9.97,9.8545,11.2341
"2504",123,2012-05-02,9.29,9.8618,11.2412
"2505",124,2012-05-03,9.02,9.8694,11.2438
"2506",125,2012-05-04,8.56,9.8769,11.2461
"2507",126,2012-05-05,8.86,9.8838,11.2485
"2508",127,2012-05-06,8.81,9.8902,11.2559
"2509",128,2012-05-07,8.91,9.896,11.2637
"2510",129,2012-05-08,9.2,9.9017,11.272
"2511",130,2012-05-09,9.32,9.9081,11.2816
"2512",131,2012-05-10,9.02,9.9143,11.2892
"2513",132,2012-05-11,8.64,9.9217,11.2972
"2514",133,2012-05-12,9.95,9.9319,11.3116
"2515",134,2012-05-13,10.34,9.9452,11.3294
"2516",135,2012-05-14,11.18,9.9602,11.3523
"2517",136,2012-05-15,11.95,9.9773,11.3811
"2518",137,2012-05-16,10.99,9.9972,11.4147
"2519",138,2012-05-17,10.5,10.0203,11.4514
"2520",139,2012-05-18,10.06,10.0461,11.5018
"2521",140,2012-05-19,9.43,10.0729,11.5515
"2522",141,2012-05-20,9.19,10.1005,11.5975
"2523",142,2012-05-21,9.31,10.1294,11.64
"2524",143,2012-05-22,8.81,10.159,11.6854
"2525",144,2012-05-23,9.36,10.1886,11.7355
"2526",145,2012-05-24,8.79,10.2176,11.789
"2527",146,2012-05-25,8.46,10.2471,11.8425
"2528",147,2012-05-26,8.09,10.2771,11.895
"2529",148,2012-05-27,NA,10.3055,11.9454
"2530",149,2012-05-28,10.18,10.331,11.9924
"2531",150,2012-05-29,9.97,10.3538,12.0308
"2532",151,2012-05-30,9.5,10.3754,12.0637
"2533",152,2012-05-31,9.77,10.3957,12.0962
"2534",153,2012-06-01,10.33,10.4156,12.1271
"2535",154,2012-06-02,9.78,10.4355,12.1538
"2536",155,2012-06-03,9.31,10.4564,12.1779
"2537",156,2012-06-04,8.84,10.4799,12.2045
"2538",157,2012-06-05,8.96,10.5057,12.232
"2539",158,2012-06-06,9.56,10.5333,12.2587
"2540",159,2012-06-07,9.45,10.5634,12.2897
"2541",160,2012-06-08,9.15,10.596,12.3224
"2542",161,2012-06-09,9.13,10.6307,12.3585
"2543",162,2012-06-10,10.11,10.6672,12.4055
"2544",163,2012-06-11,10.03,10.7054,12.4612
"2545",164,2012-06-12,10.03,10.7443,12.513
"2546",165,2012-06-13,9.99,10.7834,12.5658
"2547",166,2012-06-14,9.34,10.8222,12.6175
"2548",167,2012-06-15,9.38,10.8602,12.6708
"2549",168,2012-06-16,9.44,10.8967,12.7235
"2550",169,2012-06-17,9.3,10.9306,12.7776
"2551",170,2012-06-18,9.75,10.9613,12.822
"2552",171,2012-06-19,10.38,10.9903,12.8592
"2553",172,2012-06-20,10.57,11.0181,12.8907
"2554",173,2012-06-21,10.16,11.0446,12.9215
"2555",174,2012-06-22,10,11.0707,12.9489
"2556",175,2012-06-23,10.45,11.0967,12.973
"2557",176,2012-06-24,12.21,11.1234,12.9938
"2558",177,2012-06-25,13.12,11.1499,13.0126
"2559",178,2012-06-26,13.81,11.1751,13.0241
"2560",179,2012-06-27,13.39,11.2007,13.0341
"2561",180,2012-06-28,12.17,11.2293,13.046
"2562",181,2012-06-29,11.58,11.2625,13.0664
"2563",182,2012-06-30,11.24,11.2993,13.0984
"2564",183,2012-07-01,11.51,11.3384,13.1387
"2565",184,2012-07-02,10.31,11.3798,13.1841
"2566",185,2012-07-03,10.2,11.4236,13.2357
"2567",186,2012-07-04,9.78,11.4684,13.2897
"2568",187,2012-07-05,10.21,11.5116,13.3409
"2569",188,2012-07-06,10.18,11.5539,13.3899
"2570",189,2012-07-07,10.17,11.597,13.4392
"2571",190,2012-07-08,10.19,11.64,13.4915
"2572",191,2012-07-09,11.47,11.6823,13.5466
"2573",192,2012-07-10,11.45,11.7244,13.6014
"2574",193,2012-07-11,11.28,11.766,13.6567
"2575",194,2012-07-12,11.29,11.808,13.7104
"2576",195,2012-07-13,11.02,11.85,13.7632
"2577",196,2012-07-14,10.67,11.8909,13.816
"2578",197,2012-07-15,10.92,11.9304,13.8638
"2579",198,2012-07-16,10.01,11.9699,13.9113
"2580",199,2012-07-17,11.34,12.0098,13.9561
"2581",200,2012-07-18,12.14,12.0492,13.9987
"2582",201,2012-07-19,12.87,12.0882,14.0397
"2583",202,2012-07-20,12.82,12.1267,14.0835
"2584",203,2012-07-21,11.48,12.1631,14.1251
"2585",204,2012-07-22,10.85,12.1972,14.1622
"2586",205,2012-07-23,10.15,12.2285,14.1966
"2587",206,2012-07-24,11.39,12.2571,14.216
"2588",207,2012-07-25,12.66,12.2844,14.2286
"2589",208,2012-07-26,13.25,12.3115,14.2446
"2590",209,2012-07-27,13.51,12.3398,14.2684
"2591",210,2012-07-28,13.75,12.3681,14.2937
"2592",211,2012-07-29,13.54,12.3955,14.3175
"2593",212,2012-07-30,11.4,12.4205,14.3365
"2594",213,2012-07-31,11.22,12.4431,14.3504
"2595",214,2012-08-01,11.11,12.4644,14.3604
"2596",215,2012-08-02,10.92,12.4848,14.37
"2597",216,2012-08-03,11.65,12.5043,14.3793
"2598",217,2012-08-04,11.93,12.5234,14.3942
"2599",218,2012-08-05,12.31,12.5427,14.4146
"2600",219,2012-08-06,13.37,12.563,14.4433
"2601",220,2012-08-07,13.24,12.5834,14.4793
"2602",221,2012-08-08,12.55,12.6029,14.5085
"2603",222,2012-08-09,12.09,12.6219,14.5262
"2604",223,2012-08-10,11.77,12.6406,14.5496
"2605",224,2012-08-11,11.08,12.6583,14.5669
"2606",225,2012-08-12,10.8,12.673,14.5819
"2607",226,2012-08-13,10.82,12.6847,14.5902
"2608",227,2012-08-14,11.18,12.6947,14.5959
"2609",228,2012-08-15,11.38,12.7041,14.6006
"2610",229,2012-08-16,11.91,12.7116,14.6024
"2611",230,2012-08-17,12.12,12.7159,14.6004
"2612",231,2012-08-18,11.59,12.7179,14.5962
"2613",232,2012-08-19,10.97,12.7191,14.5935
"2614",233,2012-08-20,10.63,12.7194,14.588
"2615",234,2012-08-21,10.68,12.7194,14.5837
"2616",235,2012-08-22,10.57,12.7205,14.581
"2617",236,2012-08-23,11.14,12.7243,14.5839
"2618",237,2012-08-24,11.27,12.7301,14.5989
"2619",238,2012-08-25,11.55,12.7366,14.6193
"2620",239,2012-08-26,12.2,12.7432,14.6397
"2621",240,2012-08-27,12.07,12.749,14.6577
"2622",241,2012-08-28,11.89,12.7538,14.6752
"2623",242,2012-08-29,11.22,12.757,14.6869
"2624",243,2012-08-30,11.25,12.7584,14.6893
"2625",244,2012-08-31,11.32,12.7584,14.6916
"2626",245,2012-09-01,11.1,12.7575,14.6904
"2627",246,2012-09-02,10.97,12.7551,14.6905
"2628",247,2012-09-03,11.13,12.7511,14.6891
"2629",248,2012-09-04,11.55,12.7457,14.6847
"2630",249,2012-09-05,11.7,12.7387,14.6764
"2631",250,2012-09-06,12.64,12.7285,14.667
"2632",251,2012-09-07,12.74,12.7151,14.6512
"2633",252,2012-09-08,13.09,12.6996,14.6326
"2634",253,2012-09-09,13.08,12.6821,14.6177
"2635",254,2012-09-10,12.68,12.663,14.5929
"2636",255,2012-09-11,11.52,12.6437,14.5668
"2637",256,2012-09-12,11,12.6245,14.5364
"2638",257,2012-09-13,11.31,12.6058,14.5076
"2639",258,2012-09-14,11.82,12.5871,14.4771
"2640",259,2012-09-15,11.5,12.5689,14.4477
"2641",260,2012-09-16,11.47,12.5514,14.4196
"2642",261,2012-09-17,11.32,12.535,14.3946
"2643",262,2012-09-18,11.85,12.52,14.3723
"2644",263,2012-09-19,12.01,12.5058,14.3489
"2645",264,2012-09-20,11.89,12.4926,14.3304
"2646",265,2012-09-21,11.79,12.4801,14.3164
"2647",266,2012-09-22,11.54,12.4666,14.3032
"2648",267,2012-09-23,11.28,12.4507,14.2865
"2649",268,2012-09-24,10.86,12.4328,14.2642
"2650",269,2012-09-25,10.94,12.4143,14.2421
"2651",270,2012-09-26,10.91,12.3948,14.2204
"2652",271,2012-09-27,11.1,12.3749,14.2003
"2653",272,2012-09-28,11.46,12.3558,14.1806
"2654",273,2012-09-29,11.74,12.3384,14.1675
"2655",274,2012-09-30,12.11,12.3231,14.162
"2656",275,2012-10-01,12.24,12.3094,14.1562
"2657",276,2012-10-02,12.39,12.2966,14.1485
"2658",277,2012-10-03,12.27,12.285,14.138
"2659",278,2012-10-04,13.13,12.2748,14.1263
"2660",279,2012-10-05,13.45,12.2664,14.1138
"2661",280,2012-10-06,13.75,12.2589,14.1002
"2662",281,2012-10-07,13.2,12.2525,14.0803
"2663",282,2012-10-08,13.86,12.2461,14.0572
"2664",283,2012-10-09,13.84,12.2391,14.034
"2665",284,2012-10-10,13.61,12.2316,14.0131
"2666",285,2012-10-11,12.97,12.2232,13.9942
"2667",286,2012-10-12,12.36,12.2148,13.9768
"2668",287,2012-10-13,12.36,12.2075,13.9646
"2669",288,2012-10-14,12.38,12.2017,13.9576
"2670",289,2012-10-15,12.16,12.197,13.9542
"2671",290,2012-10-16,11.93,12.1915,13.9523
"2672",291,2012-10-17,11.53,12.1861,13.9504
"2673",292,2012-10-18,11.52,12.1812,13.9485
"2674",293,2012-10-19,11.84,12.178,13.9459
"2675",294,2012-10-20,12.39,12.1763,13.9433
"2676",295,2012-10-21,11.58,12.1758,13.94
"2677",296,2012-10-22,11.27,12.1766,13.9363
"2678",297,2012-10-23,11.18,12.1787,13.9306
"2679",298,2012-10-24,11.32,12.1812,13.9254
"2680",299,2012-10-25,12.03,12.1838,13.92
"2681",300,2012-10-26,11.87,12.186,13.9139
"2682",301,2012-10-27,11.55,12.1883,13.9055
"2683",302,2012-10-28,11.34,12.1901,13.8942
"2684",303,2012-10-29,11.29,12.1909,13.8837
"2685",304,2012-10-30,11.43,12.1898,13.875
"2686",305,2012-10-31,12.13,12.1868,13.8655
"2687",306,2012-11-01,12.64,12.1821,13.8553
"2688",307,2012-11-02,12.86,12.1765,13.8474
"2689",308,2012-11-03,13.24,12.1698,13.8377
"2690",309,2012-11-04,13.05,12.1613,13.8263
"2691",310,2012-11-05,NA,12.1507,13.8127
"2692",311,2012-11-06,NA,12.1392,13.7975
"2693",312,2012-11-07,12.66,12.1268,13.7828
"2694",313,2012-11-08,12.14,12.1146,13.767
"2695",314,2012-11-09,11.31,12.1032,13.7536
"2696",315,2012-11-10,11.34,12.0925,13.7393
"2697",316,2012-11-11,11.2,12.0827,13.7254
"2698",317,2012-11-12,11.33,12.0731,13.7118
"2699",318,2012-11-13,11.71,12.0621,13.6964
"2700",319,2012-11-14,11.73,12.0496,13.6809
"2701",320,2012-11-15,11.87,12.0371,13.6655
"2702",321,2012-11-16,12.36,12.0258,13.6507
"2703",322,2012-11-17,13.23,12.0148,13.6358
"2704",323,2012-11-18,12.27,12.004,13.621
"2705",324,2012-11-19,12.38,11.9924,13.607
"2706",325,2012-11-20,12.61,11.9803,13.5944
"2707",326,2012-11-21,13.39,11.9682,13.5827
"2708",327,2012-11-22,13.26,11.9561,13.5726
"2709",328,2012-11-23,12.97,11.944,13.5664
"2710",329,2012-11-24,12.93,11.9333,13.5603
"2711",330,2012-11-25,12.88,11.9235,13.5547
"2712",331,2012-11-26,12.17,11.9142,13.5488
"2713",332,2012-11-27,12.46,11.9049,13.5437
"2714",333,2012-11-28,13.2,11.8964,13.5424
"2715",334,2012-11-29,13.23,11.8889,13.5405
"2716",335,2012-11-30,13.43,11.8822,13.5366
"2717",336,2012-12-01,13.57,11.8766,13.533
"2718",337,2012-12-02,13.7,11.8716,13.5298
"2719",338,2012-12-03,13.62,11.8664,13.527
"2720",339,2012-12-04,13.44,11.8616,13.527
"2721",340,2012-12-05,13.61,11.8569,13.5288
"2722",341,2012-12-06,13.48,11.8528,13.5329
"2723",342,2012-12-07,13.24,11.8491,13.5387
"2724",343,2012-12-08,13.21,11.8454,13.5437
"2725",344,2012-12-09,13.28,11.8412,13.5492
"2726",345,2012-12-10,13.31,11.8361,13.552
"2727",346,2012-12-11,13.79,11.8299,13.5551
"2728",347,2012-12-12,13.54,11.8218,13.5504
"2729",348,2012-12-13,13.37,11.8123,13.5234
"2730",349,2012-12-14,13.35,11.8028,13.4963
"2731",350,2012-12-15,13.02,11.7935,13.4692
"2732",351,2012-12-16,13.02,11.7836,13.4422
"2733",352,2012-12-17,13.28,11.7732,13.4145
"2734",353,2012-12-18,12.8,11.7626,13.3877
"2735",354,2012-12-19,12.11,11.7525,13.3616
"2736",355,2012-12-20,12.16,11.7428,13.3372
"2737",356,2012-12-21,12.34,11.7337,13.313
"2738",357,2012-12-22,12.3,11.725,13.2888
"2739",358,2012-12-23,12.27,11.7171,13.2653
"2740",359,2012-12-24,12.42,11.71,13.2421
"2741",360,2012-12-25,12.46,11.7028,13.2189
"2742",361,2012-12-26,12.54,11.6955,13.1945
"2743",362,2012-12-27,12.67,11.6881,13.17
"2744",363,2012-12-28,12.46,11.6806,13.1451
"2745",364,2012-12-29,12.27,11.6728,13.1193
"2746",365,2012-12-30,12.14,11.6648,13.0933
"2747",366,2012-12-31,12,11.6563,13.0669
"2748",1,2013-01-01,11.94,11.6471,13.0406
"2749",2,2013-01-02,11.69,11.6377,13.0143
"2750",3,2013-01-03,11.48,11.6287,12.9868
"2751",4,2013-01-04,11.68,11.6196,12.9588
"2752",5,2013-01-05,11.65,11.6107,12.9317
"2753",6,2013-01-06,11.58,11.6021,12.906
"2754",7,2013-01-07,11.7,11.5941,12.8821
"2755",8,2013-01-08,11.59,11.5866,12.8589
"2756",9,2013-01-09,11.62,11.5799,12.8382
"2757",10,2013-01-10,11.03,11.574,12.8204
"2758",11,2013-01-11,10.77,11.5693,12.8045
"2759",12,2013-01-12,10.44,11.5664,12.798
"2760",13,2013-01-13,10.18,11.5648,12.8125
"2761",14,2013-01-14,10.15,11.5641,12.8275
"2762",15,2013-01-15,10.26,11.564,12.8426
"2763",16,2013-01-16,10.17,11.5642,12.8567
"2764",17,2013-01-17,10.26,11.5643,12.8713
"2765",18,2013-01-18,10.08,11.5642,12.8857
"2766",19,2013-01-19,10.18,11.5638,12.8995
"2767",20,2013-01-20,10.24,11.5628,12.9115
"2768",21,2013-01-21,10.27,11.5614,12.9232
"2769",22,2013-01-22,10.35,11.5594,12.9345
"2770",23,2013-01-23,10.54,11.5564,12.9449
"2771",24,2013-01-24,11.08,11.5526,12.9568
"2772",25,2013-01-25,11.04,11.5476,12.9693
"2773",26,2013-01-26,10.8,11.5413,12.9847
"2774",27,2013-01-27,10.49,11.5339,13.0008
"2775",28,2013-01-28,10.29,11.5251,13.0151
"2776",29,2013-01-29,10,11.5151,13.0312
"2777",30,2013-01-30,9.71,11.5037,13.0478
"2778",31,2013-01-31,9.52,11.4915,13.0664
"2779",32,2013-02-01,9.51,11.4779,13.0844
"2780",33,2013-02-02,9.73,11.4627,13.1019
"2781",34,2013-02-03,9.83,11.4454,13.1194
"2782",35,2013-02-04,9.72,11.4259,13.1342
"2783",36,2013-02-05,9.67,11.4049,13.1474
"2784",37,2013-02-06,9.73,11.3831,13.1592
"2785",38,2013-02-07,9.83,11.3601,13.1688
"2786",39,2013-02-08,9.71,11.3363,13.1761
"2787",40,2013-02-09,9.54,11.3118,13.1822
"2788",41,2013-02-10,9.63,11.2868,13.1861
"2789",42,2013-02-11,9.79,11.2612,13.1871
"2790",43,2013-02-12,9.92,11.2358,13.1865
"2791",44,2013-02-13,9.96,11.2108,13.1832
"2792",45,2013-02-14,9.86,11.1871,13.18
"2793",46,2013-02-15,9.93,11.165,13.1747
"2794",47,2013-02-16,9.86,11.1441,13.1689
"2795",48,2013-02-17,9.81,11.1242,13.1624
"2796",49,2013-02-18,9.73,11.1053,13.1537
"2797",50,2013-02-19,9.77,11.0873,13.1419
"2798",51,2013-02-20,9.49,11.0698,13.1294
"2799",52,2013-02-21,9.41,11.0531,13.1168
"2800",53,2013-02-22,9.32,11.0372,13.1026
"2801",54,2013-02-23,9.19,11.0216,13.0876
"2802",55,2013-02-24,9.07,11.0057,13.069
"2803",56,2013-02-25,9.08,10.9899,13.0435
"2804",57,2013-02-26,8.92,10.974,13.0151
"2805",58,2013-02-27,8.93,10.9584,12.9824
"2806",59,2013-02-28,9.03,10.9432,12.949
"2807",61,2013-03-01,8.8,10.9161,12.8805
"2808",62,2013-03-02,9.02,10.9044,12.8489
"2809",63,2013-03-03,9.07,10.8933,12.8157
"2810",64,2013-03-04,9.25,10.8824,12.7834
"2811",65,2013-03-05,9.25,10.8723,12.7511
"2812",66,2013-03-06,9.64,10.863,12.7198
"2813",67,2013-03-07,9.78,10.8538,12.6894
"2814",68,2013-03-08,9.65,10.8446,12.6615
"2815",69,2013-03-09,9.65,10.8356,12.6338
"2816",70,2013-03-10,9.65,10.8271,12.6085
"2817",71,2013-03-11,9.65,10.8185,12.5805
"2818",72,2013-03-12,9.92,10.8091,12.5441
"2819",73,2013-03-13,9.93,10.7984,12.5079
"2820",74,2013-03-14,9.71,10.7862,12.4691
"2821",75,2013-03-15,9.48,10.7722,12.4311
"2822",76,2013-03-16,9.25,10.7559,12.3913
"2823",77,2013-03-17,8.93,10.7368,12.3513
"2824",78,2013-03-18,8.68,10.7157,12.3115
"2825",79,2013-03-19,8.69,10.6928,12.2709
"2826",80,2013-03-20,NA,10.6681,12.2307
"2827",81,2013-03-21,9.21,10.6417,12.1918
"2828",82,2013-03-22,8.68,10.6136,12.1504
"2829",83,2013-03-23,8.57,10.5839,12.1075
"2830",84,2013-03-24,8.73,10.5521,12.0665
"2831",85,2013-03-25,8.81,10.5191,12.0231
"2832",86,2013-03-26,8.76,10.4854,11.9784
"2833",87,2013-03-27,8.74,10.4514,11.9378
"2834",88,2013-03-28,9.37,10.419,11.9003
"2835",89,2013-03-29,9.94,10.3871,11.8705
"2836",90,2013-03-30,9.85,10.3565,11.8459
"2837",91,2013-03-31,10.32,10.3267,11.8255
"2838",92,2013-04-01,10.16,10.2972,11.8035
"2839",93,2013-04-02,10.31,10.267,11.7805
"2840",94,2013-04-03,9.5,10.2374,11.7587
"2841",95,2013-04-04,10.12,10.2095,11.7356
"2842",96,2013-04-05,10.3,10.1833,11.7091
"2843",97,2013-04-06,10.79,10.1593,11.6816
"2844",98,2013-04-07,11.09,10.1368,11.6527
"2845",99,2013-04-08,10.55,10.1139,11.6182
"2846",100,2013-04-09,9.05,10.0911,11.5802
"2847",101,2013-04-10,9.22,10.0671,11.5371
"2848",102,2013-04-11,9.1,10.0413,11.4953
"2849",103,2013-04-12,8.32,10.0153,11.461
"2850",104,2013-04-13,8.24,9.9909,11.4284
"2851",105,2013-04-14,7.59,9.9677,11.3936
"2852",106,2013-04-15,7.62,9.9456,11.3606
"2853",107,2013-04-16,7.36,9.9246,11.3267
"2854",108,2013-04-17,NA,9.9048,11.2911
"2855",109,2013-04-18,NA,9.8863,11.2589
"2856",110,2013-04-19,NA,9.87,11.2328
"2857",111,2013-04-20,NA,9.8559,11.2117
"2858",112,2013-04-21,NA,9.8442,11.1928
"2859",113,2013-04-22,8.62,9.836,11.1847
"2860",114,2013-04-23,8.92,9.8301,11.1798
"2861",115,2013-04-24,9.25,9.8262,11.1746
"2862",116,2013-04-25,9.44,9.8242,11.1739
"2863",117,2013-04-26,10.42,9.825,11.1789
"2864",118,2013-04-27,10.09,9.8284,11.1891
"2865",119,2013-04-28,9.07,9.833,11.205
"2866",120,2013-04-29,8.99,9.8395,11.2179
"2867",121,2013-04-30,8.76,9.8471,11.2281
"2868",122,2013-05-01,8.03,9.8545,11.2341
"2869",123,2013-05-02,8.95,9.8618,11.2412
"2870",124,2013-05-03,10.27,9.8694,11.2438
"2871",125,2013-05-04,10.89,9.8769,11.2461
"2872",126,2013-05-05,12.06,9.8838,11.2485
"2873",127,2013-05-06,11.16,9.8902,11.2559
"2874",128,2013-05-07,11.33,9.896,11.2637
"2875",129,2013-05-08,12.06,9.9017,11.272
"2876",130,2013-05-09,12.03,9.9081,11.2816
"2877",131,2013-05-10,11.74,9.9143,11.2892
"2878",132,2013-05-11,10.23,9.9217,11.2972
"2879",133,2013-05-12,9.85,9.9319,11.3116
"2880",134,2013-05-13,9.43,9.9452,11.3294
"2881",135,2013-05-14,9.03,9.9602,11.3523
"2882",136,2013-05-15,8.73,9.9773,11.3811
"2883",137,2013-05-16,NA,9.9972,11.4147
"2884",138,2013-05-17,NA,10.0203,11.4514
"2885",139,2013-05-18,NA,10.0461,11.5018
"2886",140,2013-05-19,10.46,10.0729,11.5515
"2887",141,2013-05-20,9.76,10.1005,11.5975
"2888",142,2013-05-21,9.37,10.1294,11.64
"2889",143,2013-05-22,8.94,10.159,11.6854
"2890",144,2013-05-23,8.99,10.1886,11.7355
"2891",145,2013-05-24,9.01,10.2176,11.789
"2892",146,2013-05-25,8.78,10.2471,11.8425
"2893",147,2013-05-26,8.71,10.2771,11.895
"2894",148,2013-05-27,8.16,10.3055,11.9454
"2895",149,2013-05-28,8.77,10.331,11.9924
"2896",150,2013-05-29,8.84,10.3538,12.0308
"2897",151,2013-05-30,8.54,10.3754,12.0637
"2898",152,2013-05-31,9.62,10.3957,12.0962
"2899",153,2013-06-01,9.41,10.4156,12.1271
"2900",154,2013-06-02,9.24,10.4355,12.1538
"2901",155,2013-06-03,8.99,10.4564,12.1779
"2902",156,2013-06-04,8.65,10.4799,12.2045
"2903",157,2013-06-05,9.42,10.5057,12.232
"2904",158,2013-06-06,10.85,10.5333,12.2587
"2905",159,2013-06-07,9.38,10.5634,12.2897
"2906",160,2013-06-08,9.27,10.596,12.3224
"2907",161,2013-06-09,11.49,10.6307,12.3585
"2908",162,2013-06-10,11.38,10.6672,12.4055
"2909",163,2013-06-11,11.31,10.7054,12.4612
"2910",164,2013-06-12,11.09,10.7443,12.513
"2911",165,2013-06-13,9.58,10.7834,12.5658
"2912",166,2013-06-14,10.56,10.8222,12.6175
"2913",167,2013-06-15,10.83,10.8602,12.6708
"2914",168,2013-06-16,10.81,10.8967,12.7235
"2915",169,2013-06-17,10.8,10.9306,12.7776
"2916",170,2013-06-18,10.71,10.9613,12.822
"2917",171,2013-06-19,10.95,10.9903,12.8592
"2918",172,2013-06-20,10.67,11.0181,12.8907
"2919",173,2013-06-21,10.42,11.0446,12.9215
"2920",174,2013-06-22,9.7,11.0707,12.9489
"2921",175,2013-06-23,9.46,11.0967,12.973
"2922",176,2013-06-24,9.44,11.1234,12.9938
"2923",177,2013-06-25,11.16,11.1499,13.0126
"2924",178,2013-06-26,12.26,11.1751,13.0241
"2925",179,2013-06-27,12.8,11.2007,13.0341
"2926",180,2013-06-28,10.75,11.2293,13.046
"2927",181,2013-06-29,11.35,11.2625,13.0664
"2928",182,2013-06-30,11.14,11.2993,13.0984
"2929",183,2013-07-01,10.44,11.3384,13.1387
"2930",184,2013-07-02,10.22,11.3798,13.1841
"2931",185,2013-07-03,9.9,11.4236,13.2357
"2932",186,2013-07-04,10.75,11.4684,13.2897
"2933",187,2013-07-05,10.87,11.5116,13.3409
"2934",188,2013-07-06,9.73,11.5539,13.3899
"2935",189,2013-07-07,8.97,11.597,13.4392
"2936",190,2013-07-08,9.51,11.64,13.4915
"2937",191,2013-07-09,11.01,11.6823,13.5466
"2938",192,2013-07-10,11.84,11.7244,13.6014
"2939",193,2013-07-11,13.13,11.766,13.6567
"2940",194,2013-07-12,12.01,11.808,13.7104
"2941",195,2013-07-13,12.78,11.85,13.7632
"2942",196,2013-07-14,12.92,11.8909,13.816
"2943",197,2013-07-15,12.81,11.9304,13.8638
"2944",198,2013-07-16,13.25,11.9699,13.9113
"2945",199,2013-07-17,14.01,12.0098,13.9561
"2946",200,2013-07-18,13.97,12.0492,13.9987
"2947",201,2013-07-19,12.98,12.0882,14.0397
"2948",202,2013-07-20,11.83,12.1267,14.0835
"2949",203,2013-07-21,10.47,12.1631,14.1251
"2950",204,2013-07-22,10.95,12.1972,14.1622
"2951",205,2013-07-23,12.58,12.2285,14.1966
"2952",206,2013-07-24,13.35,12.2571,14.216
"2953",207,2013-07-25,13.17,12.2844,14.2286
"2954",208,2013-07-26,13.44,12.3115,14.2446
"2955",209,2013-07-27,13.8,12.3398,14.2684
"2956",210,2013-07-28,14.28,12.3681,14.2937
"2957",211,2013-07-29,14.26,12.3955,14.3175
"2958",212,2013-07-30,14.26,12.4205,14.3365
"2959",213,2013-07-31,14.27,12.4431,14.3504
"2960",214,2013-08-01,14.81,12.4644,14.3604
"2961",215,2013-08-02,12.13,12.4848,14.37
"2962",216,2013-08-03,10.7,12.5043,14.3793
"2963",217,2013-08-04,9.92,12.5234,14.3942
"2964",218,2013-08-05,10.27,12.5427,14.4146
"2965",219,2013-08-06,10.88,12.563,14.4433
"2966",220,2013-08-07,11.38,12.5834,14.4793
"2967",221,2013-08-08,12.51,12.6029,14.5085
"2968",222,2013-08-09,12.25,12.6219,14.5262
"2969",223,2013-08-10,12.14,12.6406,14.5496
"2970",224,2013-08-11,12.07,12.6583,14.5669
"2971",225,2013-08-12,11.99,12.673,14.5819
"2972",226,2013-08-13,12.92,12.6847,14.5902
"2973",227,2013-08-14,13.42,12.6947,14.5959
"2974",228,2013-08-15,12.85,12.7041,14.6006
"2975",229,2013-08-16,11.76,12.7116,14.6024
"2976",230,2013-08-17,11.92,12.7159,14.6004
"2977",231,2013-08-18,11.03,12.7179,14.5962
"2978",232,2013-08-19,10.67,12.7191,14.5935
"2979",233,2013-08-20,11,12.7194,14.588
"2980",234,2013-08-21,11.81,12.7194,14.5837
"2981",235,2013-08-22,13.17,12.7205,14.581
"2982",236,2013-08-23,14.25,12.7243,14.5839
"2983",237,2013-08-24,13,12.7301,14.5989
"2984",238,2013-08-25,12.06,12.7366,14.6193
"2985",239,2013-08-26,13.63,12.7432,14.6397
"2986",240,2013-08-27,13.38,12.749,14.6577
"2987",241,2013-08-28,12.52,12.7538,14.6752
"2988",242,2013-08-29,12.1,12.757,14.6869
"2989",243,2013-08-30,11.95,12.7584,14.6893
"2990",244,2013-08-31,12.4,12.7584,14.6916
"2991",245,2013-09-01,11.59,12.7575,14.6904
"2992",246,2013-09-02,11.23,12.7551,14.6905
"2993",247,2013-09-03,11.57,12.7511,14.6891
"2994",248,2013-09-04,12.19,12.7457,14.6847
"2995",249,2013-09-05,12.04,12.7387,14.6764
"2996",250,2013-09-06,11.44,12.7285,14.667
"2997",251,2013-09-07,10.89,12.7151,14.6512
"2998",252,2013-09-08,11.04,12.6996,14.6326
"2999",253,2013-09-09,11.79,12.6821,14.6177
"3000",254,2013-09-10,12.83,12.663,14.5929
"3001",255,2013-09-11,13.81,12.6437,14.5668
"3002",256,2013-09-12,13.21,12.6245,14.5364
"3003",257,2013-09-13,13.31,12.6058,14.5076
"3004",258,2013-09-14,12.68,12.5871,14.4771
"3005",259,2013-09-15,11.2,12.5689,14.4477
"3006",260,2013-09-16,11.11,12.5514,14.4196
"3007",261,2013-09-17,11.02,12.535,14.3946
"3008",262,2013-09-18,10.63,12.52,14.3723
"3009",263,2013-09-19,10.53,12.5058,14.3489
"3010",264,2013-09-20,10.69,12.4926,14.3304
"3011",265,2013-09-21,10.57,12.4801,14.3164
"3012",266,2013-09-22,11.01,12.4666,14.3032
"3013",267,2013-09-23,11.62,12.4507,14.2865
"3014",268,2013-09-24,11.26,12.4328,14.2642
"3015",269,2013-09-25,11.46,12.4143,14.2421
"3016",270,2013-09-26,11.48,12.3948,14.2204
"3017",271,2013-09-27,11.46,12.3749,14.2003
"3018",272,2013-09-28,11.48,12.3558,14.1806
"3019",273,2013-09-29,11.02,12.3384,14.1675
"3020",274,2013-09-30,10.41,12.3231,14.162
"3021",275,2013-10-01,10.36,12.3094,14.1562
"3022",276,2013-10-02,10.46,12.2966,14.1485
"3023",277,2013-10-03,10.1,12.285,14.138
"3024",278,2013-10-04,9.84,12.2748,14.1263
"3025",279,2013-10-05,9.93,12.2664,14.1138
"3026",280,2013-10-06,10.1,12.2589,14.1002
"3027",281,2013-10-07,10.44,12.2525,14.0803
"3028",282,2013-10-08,10.19,12.2461,14.0572
"3029",283,2013-10-09,10.22,12.2391,14.034
"3030",284,2013-10-10,10.13,12.2316,14.0131
"3031",285,2013-10-11,10.48,12.2232,13.9942
"3032",286,2013-10-12,10.47,12.2148,13.9768
"3033",287,2013-10-13,10.26,12.2075,13.9646
"3034",288,2013-10-14,10.59,12.2017,13.9576
"3035",289,2013-10-15,10.66,12.197,13.9542
"3036",290,2013-10-16,10.88,12.1915,13.9523
"3037",291,2013-10-17,10.75,12.1861,13.9504
"3038",292,2013-10-18,10.75,12.1812,13.9485
"3039",293,2013-10-19,10.9,12.178,13.9459
"3040",294,2013-10-20,10.91,12.1763,13.9433
"3041",295,2013-10-21,10.68,12.1758,13.94
"3042",296,2013-10-22,10.86,12.1766,13.9363
"3043",297,2013-10-23,11.02,12.1787,13.9306
"3044",298,2013-10-24,11.27,12.1812,13.9254
"3045",299,2013-10-25,11.44,12.1838,13.92
"3046",300,2013-10-26,NA,12.186,13.9139
"3047",301,2013-10-27,NA,12.1883,13.9055
"3048",302,2013-10-28,10.45,12.1901,13.8942
"3049",303,2013-10-29,10.15,12.1909,13.8837
"3050",304,2013-10-30,10.19,12.1898,13.875
"3051",305,2013-10-31,10.15,12.1868,13.8655
"3052",306,2013-11-01,10.23,12.1821,13.8553
"3053",307,2013-11-02,10.44,12.1765,13.8474
"3054",308,2013-11-03,10.37,12.1698,13.8377
"3055",309,2013-11-04,10.21,12.1613,13.8263
"3056",310,2013-11-05,10.21,12.1507,13.8127
"3057",311,2013-11-06,10.3,12.1392,13.7975
"3058",312,2013-11-07,10.39,12.1268,13.7828
"3059",313,2013-11-08,10.73,12.1146,13.767
"3060",314,2013-11-09,10.59,12.1032,13.7536
"3061",315,2013-11-10,10.65,12.0925,13.7393
"3062",316,2013-11-11,10.95,12.0827,13.7254
"3063",317,2013-11-12,11.18,12.0731,13.7118
"3064",318,2013-11-13,11.27,12.0621,13.6964
"3065",319,2013-11-14,11.06,12.0496,13.6809
"3066",320,2013-11-15,10.6,12.0371,13.6655
"3067",321,2013-11-16,10.36,12.0258,13.6507
"3068",322,2013-11-17,10.16,12.0148,13.6358
"3069",323,2013-11-18,10.11,12.004,13.621
"3070",324,2013-11-19,10.28,11.9924,13.607
"3071",325,2013-11-20,10.71,11.9803,13.5944
"3072",326,2013-11-21,10.63,11.9682,13.5827
"3073",327,2013-11-22,11.02,11.9561,13.5726
"3074",328,2013-11-23,NA,11.944,13.5664
"3075",329,2013-11-24,NA,11.9333,13.5603
"3076",330,2013-11-25,10.75,11.9235,13.5547
"3077",331,2013-11-26,10.97,11.9142,13.5488
"3078",332,2013-11-27,10.82,11.9049,13.5437
"3079",333,2013-11-28,12.31,11.8964,13.5424
"3080",334,2013-11-29,12.82,11.8889,13.5405
"3081",335,2013-11-30,13.35,11.8822,13.5366
"3082",336,2013-12-01,12.95,11.8766,13.533
"3083",337,2013-12-02,12.22,11.8716,13.5298
"3084",338,2013-12-03,11.29,11.8664,13.527
"3085",339,2013-12-04,10.73,11.8616,13.527
"3086",340,2013-12-05,10.48,11.8569,13.5288
"3087",341,2013-12-06,10.12,11.8528,13.5329
"3088",342,2013-12-07,9.88,11.8491,13.5387
"3089",343,2013-12-08,9.73,11.8454,13.5437
"3090",344,2013-12-09,9.4,11.8412,13.5492
"3091",345,2013-12-10,9.54,11.8361,13.552
"3092",346,2013-12-11,9.45,11.8299,13.5551
"3093",347,2013-12-12,9.82,11.8218,13.5504
"3094",348,2013-12-13,10.13,11.8123,13.5234
"3095",349,2013-12-14,9.98,11.8028,13.4963
"3096",350,2013-12-15,9.9,11.7935,13.4692
"3097",351,2013-12-16,10.07,11.7836,13.4422
"3098",352,2013-12-17,10.02,11.7732,13.4145
"3099",353,2013-12-18,10.04,11.7626,13.3877
"3100",354,2013-12-19,10.06,11.7525,13.3616
"3101",355,2013-12-20,10.3,11.7428,13.3372
"3102",356,2013-12-21,10.56,11.7337,13.313
"3103",357,2013-12-22,10.14,11.725,13.2888
"3104",358,2013-12-23,10.11,11.7171,13.2653
"3105",359,2013-12-24,10.3,11.71,13.2421
"3106",360,2013-12-25,10.23,11.7028,13.2189
"3107",361,2013-12-26,10.29,11.6955,13.1945
"3108",362,2013-12-27,10.41,11.6881,13.17
"3109",363,2013-12-28,10.35,11.6806,13.1451
"3110",364,2013-12-29,10.33,11.6728,13.1193
"3111",365,2013-12-30,10.45,11.6648,13.0933
"3112",366,2013-12-31,10.57,11.6563,13.0669
"3113",1,2014-01-01,10.53,11.6471,13.0406
"3114",2,2014-01-02,10.53,11.6377,13.0143
"3115",3,2014-01-03,10.63,11.6287,12.9868
"3116",4,2014-01-04,10.55,11.6196,12.9588
"3117",5,2014-01-05,10.49,11.6107,12.9317
"3118",6,2014-01-06,10.38,11.6021,12.906
"3119",7,2014-01-07,10.48,11.5941,12.8821
"3120",8,2014-01-08,10.52,11.5866,12.8589
"3121",9,2014-01-09,10.62,11.5799,12.8382
"3122",10,2014-01-10,10.64,11.574,12.8204
"3123",11,2014-01-11,10.69,11.5693,12.8045
"3124",12,2014-01-12,10.7,11.5664,12.798
"3125",13,2014-01-13,10.59,11.5648,12.8125
"3126",14,2014-01-14,10.6,11.5641,12.8275
"3127",15,2014-01-15,10.67,11.564,12.8426
"3128",16,2014-01-16,10.65,11.5642,12.8567
"3129",17,2014-01-17,10.68,11.5643,12.8713
"3130",18,2014-01-18,10.73,11.5642,12.8857
"3131",19,2014-01-19,10.75,11.5638,12.8995
"3132",20,2014-01-20,10.71,11.5628,12.9115
"3133",21,2014-01-21,10.71,11.5614,12.9232
"3134",22,2014-01-22,10.68,11.5594,12.9345
"3135",23,2014-01-23,10.64,11.5564,12.9449
"3136",24,2014-01-24,10.69,11.5526,12.9568
"3137",25,2014-01-25,10.95,11.5476,12.9693
"3138",26,2014-01-26,10.92,11.5413,12.9847
"3139",27,2014-01-27,10.84,11.5339,13.0008
"3140",28,2014-01-28,10.99,11.5251,13.0151
"3141",29,2014-01-29,11.17,11.5151,13.0312
"3142",30,2014-01-30,11.18,11.5037,13.0478
"3143",31,2014-01-31,10.94,11.4915,13.0664
"3144",32,2014-02-01,10.77,11.4779,13.0844
"3145",33,2014-02-02,10.74,11.4627,13.1019
"3146",34,2014-02-03,10.74,11.4454,13.1194
"3147",35,2014-02-04,10.38,11.4259,13.1342
"3148",36,2014-02-05,10.25,11.4049,13.1474
"3149",37,2014-02-06,10.38,11.3831,13.1592
"3150",38,2014-02-07,10.64,11.3601,13.1688
"3151",39,2014-02-08,10.94,11.3363,13.1761
"3152",40,2014-02-09,11.03,11.3118,13.1822
"3153",41,2014-02-10,11.16,11.2868,13.1861
"3154",42,2014-02-11,10.89,11.2612,13.1871
"3155",43,2014-02-12,11.06,11.2358,13.1865
"3156",44,2014-02-13,11.23,11.2108,13.1832
"3157",45,2014-02-14,11.41,11.1871,13.18
"3158",46,2014-02-15,11.62,11.165,13.1747
"3159",47,2014-02-16,11.62,11.1441,13.1689
"3160",48,2014-02-17,11.33,11.1242,13.1624
"3161",49,2014-02-18,11.16,11.1053,13.1537
"3162",50,2014-02-19,11.26,11.0873,13.1419
"3163",51,2014-02-20,10.63,11.0698,13.1294
"3164",52,2014-02-21,10.4,11.0531,13.1168
"3165",53,2014-02-22,10.15,11.0372,13.1026
"3166",54,2014-02-23,9.97,11.0216,13.0876
"3167",55,2014-02-24,10,11.0057,13.069
"3168",56,2014-02-25,10.33,10.9899,13.0435
"3169",57,2014-02-26,10.69,10.974,13.0151
"3170",58,2014-02-27,10.87,10.9584,12.9824
"3171",59,2014-02-28,11.47,10.9432,12.949
"3172",61,2014-03-01,11.36,10.9161,12.8805
"3173",62,2014-03-02,11.47,10.9044,12.8489
"3174",63,2014-03-03,11.85,10.8933,12.8157
"3175",64,2014-03-04,11.96,10.8824,12.7834
"3176",65,2014-03-05,12.14,10.8723,12.7511
"3177",66,2014-03-06,12.18,10.863,12.7198
"3178",67,2014-03-07,12.14,10.8538,12.6894
"3179",68,2014-03-08,11.81,10.8446,12.6615
"3180",69,2014-03-09,12.06,10.8356,12.6338
"3181",70,2014-03-10,11.77,10.8271,12.6085
"3182",71,2014-03-11,11.35,10.8185,12.5805
"3183",72,2014-03-12,11.36,10.8091,12.5441
"3184",73,2014-03-13,11.59,10.7984,12.5079
"3185",74,2014-03-14,11.67,10.7862,12.4691
"3186",75,2014-03-15,10.85,10.7722,12.4311
"3187",76,2014-03-16,10.4,10.7559,12.3913
"3188",77,2014-03-17,10.52,10.7368,12.3513
"3189",78,2014-03-18,10.16,10.7157,12.3115
"3190",79,2014-03-19,10.15,10.6928,12.2709
"3191",80,2014-03-20,9.93,10.6681,12.2307
"3192",81,2014-03-21,9.98,10.6417,12.1918
"3193",82,2014-03-22,10.06,10.6136,12.1504
"3194",83,2014-03-23,9.95,10.5839,12.1075
"3195",84,2014-03-24,10.05,10.5521,12.0665
"3196",85,2014-03-25,10.53,10.5191,12.0231
"3197",86,2014-03-26,10.88,10.4854,11.9784
"3198",87,2014-03-27,11.11,10.4514,11.9378
"3199",88,2014-03-28,11.53,10.419,11.9003
"3200",89,2014-03-29,11.6,10.3871,11.8705
"3201",90,2014-03-30,11.41,10.3565,11.8459
"3202",91,2014-03-31,11.36,10.3267,11.8255
"3203",92,2014-04-01,11.21,10.2972,11.8035
"3204",93,2014-04-02,11.31,10.267,11.7805
"3205",94,2014-04-03,11.37,10.2374,11.7587
"3206",95,2014-04-04,12.01,10.2095,11.7356
"3207",96,2014-04-05,11.34,10.1833,11.7091
"3208",97,2014-04-06,10.5,10.1593,11.6816
"3209",98,2014-04-07,NA,10.1368,11.6527
"3210",99,2014-04-08,NA,10.1139,11.6182
"3211",100,2014-04-09,NA,10.0911,11.5802
"3212",101,2014-04-10,NA,10.0671,11.5371
"3213",102,2014-04-11,10.68,10.0413,11.4953
"3214",103,2014-04-12,10.53,10.0153,11.461
"3215",104,2014-04-13,11.48,9.9909,11.4284
"3216",105,2014-04-14,11.28,9.9677,11.3936
"3217",106,2014-04-15,10.93,9.9456,11.3606
"3218",107,2014-04-16,10.06,9.9246,11.3267
"3219",108,2014-04-17,9.71,9.9048,11.2911
"3220",109,2014-04-18,9.35,9.8863,11.2589
"3221",110,2014-04-19,9.08,9.87,11.2328
"3222",111,2014-04-20,9.08,9.8559,11.2117
"3223",112,2014-04-21,8.92,9.8442,11.1928
"3224",113,2014-04-22,9.09,9.836,11.1847
"3225",114,2014-04-23,8.79,9.8301,11.1798
"3226",115,2014-04-24,9.88,9.8262,11.1746
"3227",116,2014-04-25,9.48,9.8242,11.1739
"3228",117,2014-04-26,9.48,9.825,11.1789
"3229",118,2014-04-27,9.42,9.8284,11.1891
"3230",119,2014-04-28,9.43,9.833,11.205
"3231",120,2014-04-29,9.3,9.8395,11.2179
"3232",121,2014-04-30,9.28,9.8471,11.2281
"3233",122,2014-05-01,9.5,9.8545,11.2341
"3234",123,2014-05-02,10.77,9.8618,11.2412
"3235",124,2014-05-03,10.18,9.8694,11.2438
"3236",125,2014-05-04,9.18,9.8769,11.2461
"3237",126,2014-05-05,NA,9.8838,11.2485
"3238",127,2014-05-06,NA,9.8902,11.2559
"3239",128,2014-05-07,NA,9.896,11.2637
"3240",129,2014-05-08,NA,9.9017,11.272
"3241",130,2014-05-09,9.15,9.9081,11.2816
"3242",131,2014-05-10,9.64,9.9143,11.2892
"3243",132,2014-05-11,9.44,9.9217,11.2972
"3244",133,2014-05-12,9.44,9.9319,11.3116
"3245",134,2014-05-13,9.83,9.9452,11.3294
"3246",135,2014-05-14,9.86,9.9602,11.3523
"3247",136,2014-05-15,9.6,9.9773,11.3811
"3248",137,2014-05-16,9.82,9.9972,11.4147
"3249",138,2014-05-17,9.84,10.0203,11.4514
"3250",139,2014-05-18,9.38,10.0461,11.5018
"3251",140,2014-05-19,9.19,10.0729,11.5515
"3252",141,2014-05-20,9.75,10.1005,11.5975
"3253",142,2014-05-21,10.43,10.1294,11.64
"3254",143,2014-05-22,10.69,10.159,11.6854
"3255",144,2014-05-23,10.47,10.1886,11.7355
"3256",145,2014-05-24,11.05,10.2176,11.789
"3257",146,2014-05-25,10.19,10.2471,11.8425
"3258",147,2014-05-26,9.99,10.2771,11.895
"3259",148,2014-05-27,9.86,10.3055,11.9454
"3260",149,2014-05-28,9.65,10.331,11.9924
"3261",150,2014-05-29,9.26,10.3538,12.0308
"3262",151,2014-05-30,9.1,10.3754,12.0637
"3263",152,2014-05-31,9.51,10.3957,12.0962
"3264",153,2014-06-01,9.28,10.4156,12.1271
"3265",154,2014-06-02,9.77,10.4355,12.1538
"3266",155,2014-06-03,NA,10.4564,12.1779
"3267",156,2014-06-04,NA,10.4799,12.2045
"3268",157,2014-06-05,NA,10.5057,12.232
"3269",158,2014-06-06,11.78,10.5333,12.2587
"3270",159,2014-06-07,12.19,10.5634,12.2897
"3271",160,2014-06-08,12.25,10.596,12.3224
"3272",161,2014-06-09,13.16,10.6307,12.3585
"3273",162,2014-06-10,12.7,10.6672,12.4055
"3274",163,2014-06-11,13.19,10.7054,12.4612
"3275",164,2014-06-12,13.98,10.7443,12.513
"3276",165,2014-06-13,12.21,10.7834,12.5658
"3277",166,2014-06-14,10.79,10.8222,12.6175
"3278",167,2014-06-15,10.52,10.8602,12.6708
"3279",168,2014-06-16,10.72,10.8967,12.7235
"3280",169,2014-06-17,10.16,10.9306,12.7776
"3281",170,2014-06-18,10.18,10.9613,12.822
"3282",171,2014-06-19,11.47,10.9903,12.8592
"3283",172,2014-06-20,11.46,11.0181,12.8907
"3284",173,2014-06-21,11.2,11.0446,12.9215
"3285",174,2014-06-22,10.78,11.0707,12.9489
"3286",175,2014-06-23,10.55,11.0967,12.973
"3287",176,2014-06-24,10.45,11.1234,12.9938
"3288",177,2014-06-25,10.34,11.1499,13.0126
"3289",178,2014-06-26,9.79,11.1751,13.0241
"3290",179,2014-06-27,10.96,11.2007,13.0341
"3291",180,2014-06-28,11.37,11.2293,13.046
"3292",181,2014-06-29,9.83,11.2625,13.0664
"3293",182,2014-06-30,9.63,11.2993,13.0984
"3294",183,2014-07-01,9.99,11.3384,13.1387
"3295",184,2014-07-02,11.55,11.3798,13.1841
"3296",185,2014-07-03,11.73,11.4236,13.2357
"3297",186,2014-07-04,11.72,11.4684,13.2897
"3298",187,2014-07-05,11.87,11.5116,13.3409
"3299",188,2014-07-06,12.23,11.5539,13.3899
"3300",189,2014-07-07,12.28,11.597,13.4392
"3301",190,2014-07-08,11.44,11.64,13.4915
"3302",191,2014-07-09,12.31,11.6823,13.5466
"3303",192,2014-07-10,13.2,11.7244,13.6014
"3304",193,2014-07-11,13.7,11.766,13.6567
"3305",194,2014-07-12,14.39,11.808,13.7104
"3306",195,2014-07-13,14.29,11.85,13.7632
"3307",196,2014-07-14,11.34,11.8909,13.816
"3308",197,2014-07-15,11.38,11.9304,13.8638
"3309",198,2014-07-16,11.95,11.9699,13.9113
"3310",199,2014-07-17,13.95,12.0098,13.9561
"3311",200,2014-07-18,14.64,12.0492,13.9987
"3312",201,2014-07-19,15.74,12.0882,14.0397
"3313",202,2014-07-20,16.62,12.1267,14.0835
"3314",203,2014-07-21,16.26,12.1631,14.1251
"3315",204,2014-07-22,16.82,12.1972,14.1622
"3316",205,2014-07-23,17.86,12.2285,14.1966
"3317",206,2014-07-24,17.61,12.2571,14.216
"3318",207,2014-07-25,12.78,12.2844,14.2286
"3319",208,2014-07-26,12.43,12.3115,14.2446
"3320",209,2014-07-27,12.87,12.3398,14.2684
"3321",210,2014-07-28,14.38,12.3681,14.2937
"3322",211,2014-07-29,16,12.3955,14.3175
"3323",212,2014-07-30,16.22,12.4205,14.3365
"3324",213,2014-07-31,15.5,12.4431,14.3504
"3325",214,2014-08-01,15.56,12.4644,14.3604
"3326",215,2014-08-02,15.2,12.4848,14.37
"3327",216,2014-08-03,15.3,12.5043,14.3793
"3328",217,2014-08-04,15.55,12.5234,14.3942
"3329",218,2014-08-05,15.37,12.5427,14.4146
"3330",219,2014-08-06,14.83,12.563,14.4433
"3331",220,2014-08-07,14.7,12.5834,14.4793
"3332",221,2014-08-08,13.66,12.6029,14.5085
"3333",222,2014-08-09,12.78,12.6219,14.5262
"3334",223,2014-08-10,12.11,12.6406,14.5496
"3335",224,2014-08-11,12.16,12.6583,14.5669
"3336",225,2014-08-12,13.4,12.673,14.5819
"3337",226,2014-08-13,13.83,12.6847,14.5902
"3338",227,2014-08-14,13.64,12.6947,14.5959
"3339",228,2014-08-15,14.12,12.7041,14.6006
"3340",229,2014-08-16,14.57,12.7116,14.6024
"3341",230,2014-08-17,15.22,12.7159,14.6004
"3342",231,2014-08-18,15.8,12.7179,14.5962
"3343",232,2014-08-19,15.91,12.7191,14.5935
"3344",233,2014-08-20,14.65,12.7194,14.588
"3345",234,2014-08-21,14.78,12.7194,14.5837
"3346",235,2014-08-22,15.9,12.7205,14.581
"3347",236,2014-08-23,16.18,12.7243,14.5839
"3348",237,2014-08-24,15.91,12.7301,14.5989
"3349",238,2014-08-25,16.13,12.7366,14.6193
"3350",239,2014-08-26,16.67,12.7432,14.6397
"3351",240,2014-08-27,16.47,12.749,14.6577
"3352",241,2014-08-28,15.69,12.7538,14.6752
"3353",242,2014-08-29,14.91,12.757,14.6869
"3354",243,2014-08-30,15.29,12.7584,14.6893
"3355",244,2014-08-31,13.81,12.7584,14.6916
"3356",245,2014-09-01,12.75,12.7575,14.6904
"3357",246,2014-09-02,12.44,12.7551,14.6905
"3358",247,2014-09-03,12.67,12.7511,14.6891
"3359",248,2014-09-04,13.23,12.7457,14.6847
"3360",249,2014-09-05,14.65,12.7387,14.6764
"3361",250,2014-09-06,15.68,12.7285,14.667
"3362",251,2014-09-07,16.24,12.7151,14.6512
"3363",252,2014-09-08,15.42,12.6996,14.6326
"3364",253,2014-09-09,14.53,12.6821,14.6177
"3365",254,2014-09-10,14.26,12.663,14.5929
"3366",255,2014-09-11,15.16,12.6437,14.5668
"3367",256,2014-09-12,15.84,12.6245,14.5364
"3368",257,2014-09-13,15.64,12.6058,14.5076
"3369",258,2014-09-14,15.72,12.5871,14.4771
"3370",259,2014-09-15,15.91,12.5689,14.4477
"3371",260,2014-09-16,16.29,12.5514,14.4196
"3372",261,2014-09-17,16.75,12.535,14.3946
"3373",262,2014-09-18,15.76,12.52,14.3723
"3374",263,2014-09-19,16.9,12.5058,14.3489
"3375",264,2014-09-20,17.2,12.4926,14.3304
"3376",265,2014-09-21,17.46,12.4801,14.3164
"3377",266,2014-09-22,17.54,12.4666,14.3032
"3378",267,2014-09-23,17.13,12.4507,14.2865
"3379",268,2014-09-24,17.44,12.4328,14.2642
"3380",269,2014-09-25,16.37,12.4143,14.2421
"3381",270,2014-09-26,17.01,12.3948,14.2204
"3382",271,2014-09-27,15.42,12.3749,14.2003
"3383",272,2014-09-28,13.99,12.3558,14.1806
"3384",273,2014-09-29,14.55,12.3384,14.1675
"3385",274,2014-09-30,14.11,12.3231,14.162
"3386",275,2014-10-01,13.25,12.3094,14.1562
"3387",276,2014-10-02,13.07,12.2966,14.1485
"3388",277,2014-10-03,12.67,12.285,14.138
"3389",278,2014-10-04,13.55,12.2748,14.1263
"3390",279,2014-10-05,13.77,12.2664,14.1138
"3391",280,2014-10-06,13.76,12.2589,14.1002
"3392",281,2014-10-07,13.5,12.2525,14.0803
"3393",282,2014-10-08,13.02,12.2461,14.0572
"3394",283,2014-10-09,12.56,12.2391,14.034
"3395",284,2014-10-10,12.18,12.2316,14.0131
"3396",285,2014-10-11,12.1,12.2232,13.9942
"3397",286,2014-10-12,12.01,12.2148,13.9768
"3398",287,2014-10-13,12.61,12.2075,13.9646
"3399",288,2014-10-14,13.98,12.2017,13.9576
"3400",289,2014-10-15,14.77,12.197,13.9542
"3401",290,2014-10-16,14.74,12.1915,13.9523
"3402",291,2014-10-17,14.05,12.1861,13.9504
"3403",292,2014-10-18,14.9,12.1812,13.9485
"3404",293,2014-10-19,14.92,12.178,13.9459
"3405",294,2014-10-20,16.23,12.1763,13.9433
"3406",295,2014-10-21,15.32,12.1758,13.94
"3407",296,2014-10-22,15.04,12.1766,13.9363
"3408",297,2014-10-23,14.84,12.1787,13.9306
"3409",298,2014-10-24,15.66,12.1812,13.9254
"3410",299,2014-10-25,16.41,12.1838,13.92
"3411",300,2014-10-26,16.3,12.186,13.9139
"3412",301,2014-10-27,15.19,12.1883,13.9055
"3413",302,2014-10-28,14.43,12.1901,13.8942
"3414",303,2014-10-29,13.7,12.1909,13.8837
"3415",304,2014-10-30,13.94,12.1898,13.875
"3416",305,2014-10-31,14.26,12.1868,13.8655
"3417",306,2014-11-01,13.85,12.1821,13.8553
"3418",307,2014-11-02,13.12,12.1765,13.8474
"3419",308,2014-11-03,12.74,12.1698,13.8377
"3420",309,2014-11-04,12.59,12.1613,13.8263
"3421",310,2014-11-05,13.07,12.1507,13.8127
"3422",311,2014-11-06,14.41,12.1392,13.7975
"3423",312,2014-11-07,14.33,12.1268,13.7828
"3424",313,2014-11-08,13.66,12.1146,13.767
"3425",314,2014-11-09,13.51,12.1032,13.7536
"3426",315,2014-11-10,13.21,12.0925,13.7393
"3427",316,2014-11-11,13.47,12.0827,13.7254
"3428",317,2014-11-12,14.53,12.0731,13.7118
"3429",318,2014-11-13,NA,12.0621,13.6964
"3430",319,2014-11-14,14,12.0496,13.6809
"3431",320,2014-11-15,13.83,12.0371,13.6655
"3432",321,2014-11-16,13.57,12.0258,13.6507
"3433",322,2014-11-17,13.43,12.0148,13.6358
"3434",323,2014-11-18,13.4,12.004,13.621
"3435",324,2014-11-19,14.03,11.9924,13.607
"3436",325,2014-11-20,14.12,11.9803,13.5944
"3437",326,2014-11-21,14.13,11.9682,13.5827
"3438",327,2014-11-22,15.4,11.9561,13.5726
"3439",328,2014-11-23,14.36,11.944,13.5664
"3440",329,2014-11-24,13.94,11.9333,13.5603
"3441",330,2014-11-25,14.03,11.9235,13.5547
"3442",331,2014-11-26,14.86,11.9142,13.5488
"3443",332,2014-11-27,15.92,11.9049,13.5437
"3444",333,2014-11-28,15.6,11.8964,13.5424
"3445",334,2014-11-29,16.13,11.8889,13.5405
"3446",335,2014-11-30,15.9,11.8822,13.5366
"3447",336,2014-12-01,15.72,11.8766,13.533
"3448",337,2014-12-02,15.44,11.8716,13.5298
"3449",338,2014-12-03,14.9,11.8664,13.527
"3450",339,2014-12-04,15.09,11.8616,13.527
"3451",340,2014-12-05,15.45,11.8569,13.5288
"3452",341,2014-12-06,15.67,11.8528,13.5329
"3453",342,2014-12-07,15.21,11.8491,13.5387
"3454",343,2014-12-08,15.53,11.8454,13.5437
"3455",344,2014-12-09,15.5,11.8412,13.5492
"3456",345,2014-12-10,15.29,11.8361,13.552
"3457",346,2014-12-11,15.26,11.8299,13.5551
"3458",347,2014-12-12,15.56,11.8218,13.5504
"3459",348,2014-12-13,15,11.8123,13.5234
"3460",349,2014-12-14,14.64,11.8028,13.4963
"3461",350,2014-12-15,14.83,11.7935,13.4692
"3462",351,2014-12-16,14.88,11.7836,13.4422
"3463",352,2014-12-17,14.91,11.7732,13.4145
"3464",353,2014-12-18,15.02,11.7626,13.3877
"3465",354,2014-12-19,14.81,11.7525,13.3616
"3466",355,2014-12-20,14.95,11.7428,13.3372
"3467",356,2014-12-21,15,11.7337,13.313
"3468",357,2014-12-22,15.15,11.725,13.2888
"3469",358,2014-12-23,15.14,11.7171,13.2653
"3470",359,2014-12-24,15.04,11.71,13.2421
"3471",360,2014-12-25,14.35,11.7028,13.2189
"3472",361,2014-12-26,14.08,11.6955,13.1945
"3473",362,2014-12-27,13.56,11.6881,13.17
"3474",363,2014-12-28,13.61,11.6806,13.1451
"3475",364,2014-12-29,13.3,11.6728,13.1193
"3476",365,2014-12-30,12.49,11.6648,13.0933
"3477",366,2014-12-31,11.61,11.6563,13.0669
"3478",1,2015-01-01,11.43,11.6471,13.0406
"3479",2,2015-01-02,11.85,11.6377,13.0143
"3480",3,2015-01-03,11.91,11.6287,12.9868
"3481",4,2015-01-04,12.36,11.6196,12.9588
"3482",5,2015-01-05,12.45,11.6107,12.9317
"3483",6,2015-01-06,12.42,11.6021,12.906
"3484",7,2015-01-07,12.77,11.5941,12.8821
"3485",8,2015-01-08,12.74,11.5866,12.8589
"3486",9,2015-01-09,12.78,11.5799,12.8382
"3487",10,2015-01-10,12.73,11.574,12.8204
"3488",11,2015-01-11,12.85,11.5693,12.8045
"3489",12,2015-01-12,12.7,11.5664,12.798
"3490",13,2015-01-13,12.48,11.5648,12.8125
"3491",14,2015-01-14,12.31,11.5641,12.8275
"3492",15,2015-01-15,12.55,11.564,12.8426
"3493",16,2015-01-16,12.7,11.5642,12.8567
"3494",17,2015-01-17,13.34,11.5643,12.8713
"3495",18,2015-01-18,13.4,11.5642,12.8857
"3496",19,2015-01-19,13.24,11.5638,12.8995
"3497",20,2015-01-20,13.02,11.5628,12.9115
"3498",21,2015-01-21,12.79,11.5614,12.9232
"3499",22,2015-01-22,13.17,11.5594,12.9345
"3500",23,2015-01-23,13.35,11.5564,12.9449
"3501",24,2015-01-24,13.34,11.5526,12.9568
"3502",25,2015-01-25,13.07,11.5476,12.9693
"3503",26,2015-01-26,13.18,11.5413,12.9847
"3504",27,2015-01-27,13.35,11.5339,13.0008
"3505",28,2015-01-28,13.29,11.5251,13.0151
"3506",29,2015-01-29,13.12,11.5151,13.0312
"3507",30,2015-01-30,12.87,11.5037,13.0478
"3508",31,2015-01-31,12.72,11.4915,13.0664
"3509",32,2015-02-01,12.52,11.4779,13.0844
"3510",33,2015-02-02,12.82,11.4627,13.1019
"3511",34,2015-02-03,12.97,11.4454,13.1194
"3512",35,2015-02-04,13.02,11.4259,13.1342
"3513",36,2015-02-05,13.24,11.4049,13.1474
"3514",37,2015-02-06,13.55,11.3831,13.1592
"3515",38,2015-02-07,13.7,11.3601,13.1688
"3516",39,2015-02-08,13.75,11.3363,13.1761
"3517",40,2015-02-09,13.94,11.3118,13.1822
"3518",41,2015-02-10,13.84,11.2868,13.1861
"3519",42,2015-02-11,13.73,11.2612,13.1871
"3520",43,2015-02-12,13.81,11.2358,13.1865
"3521",44,2015-02-13,13.76,11.2108,13.1832
"3522",45,2015-02-14,13.68,11.1871,13.18
"3523",46,2015-02-15,13.9,11.165,13.1747
"3524",47,2015-02-16,13.62,11.1441,13.1689
"3525",48,2015-02-17,13.84,11.1242,13.1624
"3526",49,2015-02-18,13.79,11.1053,13.1537
"3527",50,2015-02-19,13.63,11.0873,13.1419
"3528",51,2015-02-20,13.67,11.0698,13.1294
"3529",52,2015-02-21,13.79,11.0531,13.1168
"3530",53,2015-02-22,13.79,11.0372,13.1026
"3531",54,2015-02-23,13.34,11.0216,13.0876
"3532",55,2015-02-24,13.21,11.0057,13.069
"3533",56,2015-02-25,13.08,10.9899,13.0435
"3534",57,2015-02-26,12.89,10.974,13.0151
"3535",58,2015-02-27,11.82,10.9584,12.9824
"3536",59,2015-02-28,10.83,10.9432,12.949
"3537",61,2015-03-01,10.67,10.9161,12.8805
"3538",62,2015-03-02,11.13,10.9044,12.8489
"3539",63,2015-03-03,10.86,10.8933,12.8157
"3540",64,2015-03-04,11.11,10.8824,12.7834
"3541",65,2015-03-05,11.75,10.8723,12.7511
"3542",66,2015-03-06,12.01,10.863,12.7198
"3543",67,2015-03-07,12.09,10.8538,12.6894
"3544",68,2015-03-08,11.8,10.8446,12.6615
"3545",69,2015-03-09,11.54,10.8356,12.6338
"3546",70,2015-03-10,11.55,10.8271,12.6085
"3547",71,2015-03-11,11.46,10.8185,12.5805
"3548",72,2015-03-12,11.68,10.8091,12.5441
"3549",73,2015-03-13,11.91,10.7984,12.5079
"3550",74,2015-03-14,11.92,10.7862,12.4691
"3551",75,2015-03-15,12.01,10.7722,12.4311
"3552",76,2015-03-16,12.29,10.7559,12.3913
"3553",77,2015-03-17,11.7,10.7368,12.3513
"3554",78,2015-03-18,11.14,10.7157,12.3115
"3555",79,2015-03-19,10.87,10.6928,12.2709
"3556",80,2015-03-20,10.83,10.6681,12.2307
"3557",81,2015-03-21,11.02,10.6417,12.1918
"3558",82,2015-03-22,11.27,10.6136,12.1504
"3559",83,2015-03-23,11.72,10.5839,12.1075
"3560",84,2015-03-24,11.65,10.5521,12.0665
"3561",85,2015-03-25,11.43,10.5191,12.0231
"3562",86,2015-03-26,10.59,10.4854,11.9784
"3563",87,2015-03-27,10.85,10.4514,11.9378
"3564",88,2015-03-28,10.22,10.419,11.9003
"3565",89,2015-03-29,9.71,10.3871,11.8705
"3566",90,2015-03-30,9.58,10.3565,11.8459
"3567",91,2015-03-31,9.54,10.3267,11.8255
"3568",92,2015-04-01,9.55,10.2972,11.8035
"3569",93,2015-04-02,9.6,10.267,11.7805
"3570",94,2015-04-03,9.34,10.2374,11.7587
"3571",95,2015-04-04,9.27,10.2095,11.7356
"3572",96,2015-04-05,8.85,10.1833,11.7091
"3573",97,2015-04-06,9.3,10.1593,11.6816
"3574",98,2015-04-07,10.62,10.1368,11.6527
"3575",99,2015-04-08,10.59,10.1139,11.6182
"3576",100,2015-04-09,10.9,10.0911,11.5802
"3577",101,2015-04-10,10.67,10.0671,11.5371
"3578",102,2015-04-11,10.41,10.0413,11.4953
"3579",103,2015-04-12,9.7,10.0153,11.461
"3580",104,2015-04-13,9.59,9.9909,11.4284
"3581",105,2015-04-14,9.39,9.9677,11.3936
"3582",106,2015-04-15,9.24,9.9456,11.3606
"3583",107,2015-04-16,9.31,9.9246,11.3267
"3584",108,2015-04-17,9.35,9.9048,11.2911
"3585",109,2015-04-18,9.56,9.8863,11.2589
"3586",110,2015-04-19,9.92,9.87,11.2328
"3587",111,2015-04-20,10.17,9.8559,11.2117
"3588",112,2015-04-21,10.41,9.8442,11.1928
"3589",113,2015-04-22,9.66,9.836,11.1847
"3590",114,2015-04-23,9.52,9.8301,11.1798
"3591",115,2015-04-24,9.55,9.8262,11.1746
"3592",116,2015-04-25,NA,9.8242,11.1739
"3593",117,2015-04-26,NA,9.825,11.1789
"3594",118,2015-04-27,NA,9.8284,11.1891
"3595",119,2015-04-28,9.96,9.833,11.205
"3596",120,2015-04-29,9.74,9.8395,11.2179
"3597",121,2015-04-30,9.37,9.8471,11.2281
"3598",122,2015-05-01,9.69,9.8545,11.2341
"3599",123,2015-05-02,9.32,9.8618,11.2412
"3600",124,2015-05-03,9.74,9.8694,11.2438
"3601",125,2015-05-04,10.39,9.8769,11.2461
"3602",126,2015-05-05,9.78,9.8838,11.2485
"3603",127,2015-05-06,9.7,9.8902,11.2559
"3604",128,2015-05-07,9.24,9.896,11.2637
"3605",129,2015-05-08,8.88,9.9017,11.272
"3606",130,2015-05-09,9.16,9.9081,11.2816
"3607",131,2015-05-10,9.15,9.9143,11.2892
"3608",132,2015-05-11,NA,9.9217,11.2972
"3609",133,2015-05-12,10.19,9.9319,11.3116
"3610",134,2015-05-13,9.91,9.9452,11.3294
"3611",135,2015-05-14,9.97,9.9602,11.3523
"3612",136,2015-05-15,9.91,9.9773,11.3811
"3613",137,2015-05-16,9.92,9.9972,11.4147
"3614",138,2015-05-17,9.74,10.0203,11.4514
"3615",139,2015-05-18,9.66,10.0461,11.5018
"3616",140,2015-05-19,9.94,10.0729,11.5515
"3617",141,2015-05-20,10.03,10.1005,11.5975
"3618",142,2015-05-21,10.28,10.1294,11.64
"3619",143,2015-05-22,10.04,10.159,11.6854
"3620",144,2015-05-23,9.98,10.1886,11.7355
"3621",145,2015-05-24,NA,10.2176,11.789
"3622",146,2015-05-25,NA,10.2471,11.8425
"3623",147,2015-05-26,9.99,10.2771,11.895
"3624",148,2015-05-27,10.34,10.3055,11.9454
"3625",149,2015-05-28,10.67,10.331,11.9924
"3626",150,2015-05-29,10.38,10.3538,12.0308
"3627",151,2015-05-30,10.57,10.3754,12.0637
"3628",152,2015-05-31,10.11,10.3957,12.0962
"3629",153,2015-06-01,10.5,10.4156,12.1271
"3630",154,2015-06-02,10.78,10.4355,12.1538
"3631",155,2015-06-03,10.45,10.4564,12.1779
"3632",156,2015-06-04,9.74,10.4799,12.2045
"3633",157,2015-06-05,9.56,10.5057,12.232
"3634",158,2015-06-06,9.92,10.5333,12.2587
"3635",159,2015-06-07,10.79,10.5634,12.2897
"3636",160,2015-06-08,10.9,10.596,12.3224
"3637",161,2015-06-09,12.22,10.6307,12.3585
"3638",162,2015-06-10,12.18,10.6672,12.4055
"3639",163,2015-06-11,13.23,10.7054,12.4612
"3640",164,2015-06-12,13.48,10.7443,12.513
"3641",165,2015-06-13,13.66,10.7834,12.5658
"3642",166,2015-06-14,13.33,10.8222,12.6175
"3643",167,2015-06-15,13.87,10.8602,12.6708
"3644",168,2015-06-16,11.42,10.8967,12.7235
"3645",169,2015-06-17,10.84,10.9306,12.7776
"3646",170,2015-06-18,11.04,10.9613,12.822
"3647",171,2015-06-19,11.02,10.9903,12.8592
"3648",172,2015-06-20,10.41,11.0181,12.8907
"3649",173,2015-06-21,11.19,11.0446,12.9215
"3650",174,2015-06-22,12.31,11.0707,12.9489
"3651",175,2015-06-23,12.36,11.0967,12.973
"3652",176,2015-06-24,12.24,11.1234,12.9938
"3653",177,2015-06-25,11.34,11.1499,13.0126
"3654",178,2015-06-26,11.04,11.1751,13.0241
"3655",179,2015-06-27,10.8,11.2007,13.0341
"3656",180,2015-06-28,12.17,11.2293,13.046
"3657",181,2015-06-29,13.49,11.2625,13.0664
"3658",182,2015-06-30,13.1,11.2993,13.0984
"3659",183,2015-07-01,11.73,11.3384,13.1387
"3660",184,2015-07-02,12.35,11.3798,13.1841
"3661",185,2015-07-03,12.94,11.4236,13.2357
"3662",186,2015-07-04,14.14,11.4684,13.2897
"3663",187,2015-07-05,14.98,11.5116,13.3409
"3664",188,2015-07-06,15.44,11.5539,13.3899
"3665",189,2015-07-07,14.67,11.597,13.4392
"3666",190,2015-07-08,14.23,11.64,13.4915
"3667",191,2015-07-09,12.83,11.6823,13.5466
"3668",192,2015-07-10,12.52,11.7244,13.6014
"3669",193,2015-07-11,12.37,11.766,13.6567
"3670",194,2015-07-12,13.05,11.808,13.7104
"3671",195,2015-07-13,14.59,11.85,13.7632
"3672",196,2015-07-14,12.95,11.8909,13.816
"3673",197,2015-07-15,11.47,11.9304,13.8638
"3674",198,2015-07-16,10.93,11.9699,13.9113
"3675",199,2015-07-17,11.51,12.0098,13.9561
"3676",200,2015-07-18,12.61,12.0492,13.9987
"3677",201,2015-07-19,15.11,12.0882,14.0397
"3678",202,2015-07-20,15.9,12.1267,14.0835
"3679",203,2015-07-21,13.78,12.1631,14.1251
"3680",204,2015-07-22,13.49,12.1972,14.1622
"3681",205,2015-07-23,13.51,12.2285,14.1966
"3682",206,2015-07-24,13.6,12.2571,14.216
"3683",207,2015-07-25,13.53,12.2844,14.2286
"3684",208,2015-07-26,12.76,12.3115,14.2446
"3685",209,2015-07-27,12.47,12.3398,14.2684
"3686",210,2015-07-28,11.54,12.3681,14.2937
"3687",211,2015-07-29,10.82,12.3955,14.3175
"3688",212,2015-07-30,12.65,12.4205,14.3365
"3689",213,2015-07-31,13.86,12.4431,14.3504
"3690",214,2015-08-01,14.37,12.4644,14.3604
"3691",215,2015-08-02,14.43,12.4848,14.37
"3692",216,2015-08-03,15.01,12.5043,14.3793
"3693",217,2015-08-04,13.91,12.5234,14.3942
"3694",218,2015-08-05,14.8,12.5427,14.4146
"3695",219,2015-08-06,14.35,12.563,14.4433
"3696",220,2015-08-07,14.2,12.5834,14.4793
"3697",221,2015-08-08,14.72,12.6029,14.5085
"3698",222,2015-08-09,15.65,12.6219,14.5262
"3699",223,2015-08-10,13.69,12.6406,14.5496
"3700",224,2015-08-11,12.21,12.6583,14.5669
"3701",225,2015-08-12,11.99,12.673,14.5819
"3702",226,2015-08-13,13.3,12.6847,14.5902
"3703",227,2015-08-14,14.51,12.6947,14.5959
"3704",228,2015-08-15,13.09,12.7041,14.6006
"3705",229,2015-08-16,12.43,12.7116,14.6024
"3706",230,2015-08-17,12.36,12.7159,14.6004
"3707",231,2015-08-18,12.73,12.7179,14.5962
"3708",232,2015-08-19,13.54,12.7191,14.5935
"3709",233,2015-08-20,14.06,12.7194,14.588
"3710",234,2015-08-21,14.46,12.7194,14.5837
"3711",235,2015-08-22,14.68,12.7205,14.581
"3712",236,2015-08-23,14.94,12.7243,14.5839
"3713",237,2015-08-24,15.23,12.7301,14.5989
"3714",238,2015-08-25,15.9,12.7366,14.6193
"3715",239,2015-08-26,15.45,12.7432,14.6397
"3716",240,2015-08-27,15.29,12.749,14.6577
"3717",241,2015-08-28,14.22,12.7538,14.6752
"3718",242,2015-08-29,13.43,12.757,14.6869
"3719",243,2015-08-30,13.51,12.7584,14.6893
"3720",244,2015-08-31,12.99,12.7584,14.6916
"3721",245,2015-09-01,12.29,12.7575,14.6904
"3722",246,2015-09-02,12.34,12.7551,14.6905
"3723",247,2015-09-03,12.19,12.7511,14.6891
"3724",248,2015-09-04,12.74,12.7457,14.6847
"3725",249,2015-09-05,12.35,12.7387,14.6764
"3726",250,2015-09-06,11.94,12.7285,14.667
"3727",251,2015-09-07,11.29,12.7151,14.6512
"3728",252,2015-09-08,11.62,12.6996,14.6326
"3729",253,2015-09-09,11.64,12.6821,14.6177
"3730",254,2015-09-10,11.75,12.663,14.5929
"3731",255,2015-09-11,12.62,12.6437,14.5668
"3732",256,2015-09-12,12.68,12.6245,14.5364
"3733",257,2015-09-13,12.01,12.6058,14.5076
"3734",258,2015-09-14,11.93,12.5871,14.4771
"3735",259,2015-09-15,12.7,12.5689,14.4477
"3736",260,2015-09-16,12.52,12.5514,14.4196
"3737",261,2015-09-17,13.62,12.535,14.3946
"3738",262,2015-09-18,14.21,12.52,14.3723
"3739",263,2015-09-19,13.68,12.5058,14.3489
"3740",264,2015-09-20,14.35,12.4926,14.3304
"3741",265,2015-09-21,14.65,12.4801,14.3164
"3742",266,2015-09-22,14.42,12.4666,14.3032
"3743",267,2015-09-23,13.66,12.4507,14.2865
"3744",268,2015-09-24,12.84,12.4328,14.2642
"3745",269,2015-09-25,12.59,12.4143,14.2421
"3746",270,2015-09-26,12.66,12.3948,14.2204
"3747",271,2015-09-27,12.4,12.3749,14.2003
"3748",272,2015-09-28,12.32,12.3558,14.1806
"3749",273,2015-09-29,12.75,12.3384,14.1675
"3750",274,2015-09-30,13.95,12.3231,14.162
"3751",275,2015-10-01,14.34,12.3094,14.1562
"3752",276,2015-10-02,14.37,12.2966,14.1485
"3753",277,2015-10-03,13.28,12.285,14.138
"3754",278,2015-10-04,13.12,12.2748,14.1263
"3755",279,2015-10-05,13.14,12.2664,14.1138
"3756",280,2015-10-06,13.83,12.2589,14.1002
"3757",281,2015-10-07,14.61,12.2525,14.0803
"3758",282,2015-10-08,14.56,12.2461,14.0572
"3759",283,2015-10-09,14.4,12.2391,14.034
"3760",284,2015-10-10,14.21,12.2316,14.0131
"3761",285,2015-10-11,14.02,12.2232,13.9942
"3762",286,2015-10-12,13.41,12.2148,13.9768
"3763",287,2015-10-13,13.8,12.2075,13.9646
"3764",288,2015-10-14,14.72,12.2017,13.9576
"3765",289,2015-10-15,15.84,12.197,13.9542
"3766",290,2015-10-16,15.28,12.1915,13.9523
"3767",291,2015-10-17,15.22,12.1861,13.9504
"3768",292,2015-10-18,15.81,12.1812,13.9485
"3769",293,2015-10-19,15.41,12.178,13.9459
"3770",294,2015-10-20,14.77,12.1763,13.9433
"3771",295,2015-10-21,14.66,12.1758,13.94
"3772",296,2015-10-22,13.75,12.1766,13.9363
"3773",297,2015-10-23,14,12.1787,13.9306
"3774",298,2015-10-24,15.2,12.1812,13.9254
"3775",299,2015-10-25,15.48,12.1838,13.92
"3776",300,2015-10-26,14.67,12.186,13.9139
"3777",301,2015-10-27,14.62,12.1883,13.9055
"3778",302,2015-10-28,14.54,12.1901,13.8942
"3779",303,2015-10-29,14.04,12.1909,13.8837
"3780",304,2015-10-30,13.72,12.1898,13.875
"3781",305,2015-10-31,13.08,12.1868,13.8655
"3782",306,2015-11-01,12.93,12.1821,13.8553
"3783",307,2015-11-02,13.39,12.1765,13.8474
"3784",308,2015-11-03,12.4,12.1698,13.8377
"3785",309,2015-11-04,11.76,12.1613,13.8263
"3786",310,2015-11-05,11.31,12.1507,13.8127
"3787",311,2015-11-06,11.57,12.1392,13.7975
"3788",312,2015-11-07,12.05,12.1268,13.7828
"3789",313,2015-11-08,12.63,12.1146,13.767
"3790",314,2015-11-09,12.62,12.1032,13.7536
"3791",315,2015-11-10,12.49,12.0925,13.7393
"3792",316,2015-11-11,12.37,12.0827,13.7254
"3793",317,2015-11-12,12.57,12.0731,13.7118
"3794",318,2015-11-13,12.87,12.0621,13.6964
"3795",319,2015-11-14,12.96,12.0496,13.6809
"3796",320,2015-11-15,13.24,12.0371,13.6655
"3797",321,2015-11-16,12.19,12.0258,13.6507
"3798",322,2015-11-17,12.18,12.0148,13.6358
"3799",323,2015-11-18,11.72,12.004,13.621
"3800",324,2015-11-19,11.09,11.9924,13.607
"3801",325,2015-11-20,10.63,11.9803,13.5944
"3802",326,2015-11-21,10.33,11.9682,13.5827
"3803",327,2015-11-22,10.63,11.9561,13.5726
"3804",328,2015-11-23,10.85,11.944,13.5664
"3805",329,2015-11-24,11.06,11.9333,13.5603
"3806",330,2015-11-25,10.93,11.9235,13.5547
"3807",331,2015-11-26,10.87,11.9142,13.5488
"3808",332,2015-11-27,11.12,11.9049,13.5437
"3809",333,2015-11-28,11.43,11.8964,13.5424
"3810",334,2015-11-29,11.38,11.8889,13.5405
"3811",335,2015-11-30,11.66,11.8822,13.5366
"3812",336,2015-12-01,11.82,11.8766,13.533
"3813",337,2015-12-02,11.85,11.8716,13.5298
"3814",338,2015-12-03,11.91,11.8664,13.527
"3815",339,2015-12-04,12.48,11.8616,13.527
"3816",340,2015-12-05,12.29,11.8569,13.5288
"3817",341,2015-12-06,12.71,11.8528,13.5329
"3818",342,2015-12-07,13.04,11.8491,13.5387
"3819",343,2015-12-08,12.89,11.8454,13.5437
"3820",344,2015-12-09,13.49,11.8412,13.5492
"3821",345,2015-12-10,13.9,11.8361,13.552
"3822",346,2015-12-11,13.53,11.8299,13.5551
"3823",347,2015-12-12,13.2,11.8218,13.5504
"3824",348,2015-12-13,13.36,11.8123,13.5234
"3825",349,2015-12-14,12.71,11.8028,13.4963
"3826",350,2015-12-15,12.46,11.7935,13.4692
"3827",351,2015-12-16,12.33,11.7836,13.4422
"3828",352,2015-12-17,12.17,11.7732,13.4145
"3829",353,2015-12-18,12.41,11.7626,13.3877
"3830",354,2015-12-19,12.39,11.7525,13.3616
"3831",355,2015-12-20,12.23,11.7428,13.3372
"3832",356,2015-12-21,12.56,11.7337,13.313
"3833",357,2015-12-22,12.82,11.725,13.2888
"3834",358,2015-12-23,12.41,11.7171,13.2653
"3835",359,2015-12-24,12.17,11.71,13.2421
"3836",360,2015-12-25,11.85,11.7028,13.2189
"3837",361,2015-12-26,11.58,11.6955,13.1945
"3838",362,2015-12-27,11.29,11.6881,13.17
"3839",363,2015-12-28,11.52,11.6806,13.1451
"3840",364,2015-12-29,11.46,11.6728,13.1193
"3841",365,2015-12-30,11.31,11.6648,13.0933
"3842",366,2015-12-31,11.6,11.6563,13.0669
"3843",1,2016-01-01,11.97,11.6471,13.0406
"3844",2,2016-01-02,11.72,11.6377,13.0143
"3845",3,2016-01-03,12.03,11.6287,12.9868
"3846",4,2016-01-04,12.23,11.6196,12.9588
"3847",5,2016-01-05,12.72,11.6107,12.9317
"3848",6,2016-01-06,12.62,11.6021,12.906
"3849",7,2016-01-07,12.58,11.5941,12.8821
"3850",8,2016-01-08,12.62,11.5866,12.8589
"3851",9,2016-01-09,12.34,11.5799,12.8382
"3852",10,2016-01-10,12.41,11.574,12.8204
"3853",11,2016-01-11,12.51,11.5693,12.8045
"3854",12,2016-01-12,12.59,11.5664,12.798
"3855",13,2016-01-13,12.67,11.5648,12.8125
"3856",14,2016-01-14,12.58,11.5641,12.8275
"3857",15,2016-01-15,12.56,11.564,12.8426
"3858",16,2016-01-16,12.46,11.5642,12.8567
"3859",17,2016-01-17,12.44,11.5643,12.8713
"3860",18,2016-01-18,12.5,11.5642,12.8857
"3861",19,2016-01-19,12.58,11.5638,12.8995
"3862",20,2016-01-20,12.58,11.5628,12.9115
"3863",21,2016-01-21,12.49,11.5614,12.9232
"3864",22,2016-01-22,12.78,11.5594,12.9345
"3865",23,2016-01-23,12.92,11.5564,12.9449
"3866",24,2016-01-24,12.87,11.5526,12.9568
"3867",25,2016-01-25,12.87,11.5476,12.9693
"3868",26,2016-01-26,12.95,11.5413,12.9847
"3869",27,2016-01-27,13.05,11.5339,13.0008
"3870",28,2016-01-28,12.91,11.5251,13.0151
"3871",29,2016-01-29,13.1,11.5151,13.0312
"3872",30,2016-01-30,13.11,11.5037,13.0478
"3873",31,2016-01-31,12.79,11.4915,13.0664
"3874",32,2016-02-01,11.86,11.4779,13.0844
"3875",33,2016-02-02,11.46,11.4627,13.1019
"3876",34,2016-02-03,11.52,11.4454,13.1194
"3877",35,2016-02-04,12.07,11.4259,13.1342
"3878",36,2016-02-05,12.14,11.4049,13.1474
"3879",37,2016-02-06,12.04,11.3831,13.1592
"3880",38,2016-02-07,12.12,11.3601,13.1688
"3881",39,2016-02-08,12.31,11.3363,13.1761
"3882",40,2016-02-09,12.37,11.3118,13.1822
"3883",41,2016-02-10,12.85,11.2868,13.1861
"3884",42,2016-02-11,12.65,11.2612,13.1871
"3885",43,2016-02-12,12.67,11.2358,13.1865
"3886",44,2016-02-13,12.47,11.2108,13.1832
"3887",45,2016-02-14,11.96,11.1871,13.18
"3888",46,2016-02-15,11.47,11.165,13.1747
"3889",47,2016-02-16,10.97,11.1441,13.1689
"3890",48,2016-02-17,11.04,11.1242,13.1624
"3891",49,2016-02-18,11.82,11.1053,13.1537
"3892",50,2016-02-19,12.2,11.0873,13.1419
"3893",51,2016-02-20,12.14,11.0698,13.1294
"3894",52,2016-02-21,12.35,11.0531,13.1168
"3895",53,2016-02-22,12.48,11.0372,13.1026
"3896",54,2016-02-23,12.41,11.0216,13.0876
"3897",55,2016-02-24,12.52,11.0057,13.069
"3898",56,2016-02-25,12.44,10.9899,13.0435
"3899",57,2016-02-26,12.7,10.974,13.0151
"3900",58,2016-02-27,13.18,10.9584,12.9824
"3901",59,2016-02-28,12.96,10.9432,12.949
"3902",60,2016-02-29,12.51,10.929,12.914
"3903",61,2016-03-01,12.65,10.9161,12.8805
"3904",62,2016-03-02,12.83,10.9044,12.8489
"3905",63,2016-03-03,13.08,10.8933,12.8157
"3906",64,2016-03-04,13.35,10.8824,12.7834
"3907",65,2016-03-05,13.54,10.8723,12.7511
"3908",66,2016-03-06,13.34,10.863,12.7198
"3909",67,2016-03-07,13.47,10.8538,12.6894
"3910",68,2016-03-08,13.07,10.8446,12.6615
"3911",69,2016-03-09,12.91,10.8356,12.6338
"3912",70,2016-03-10,13.18,10.8271,12.6085
"3913",71,2016-03-11,13.23,10.8185,12.5805
"3914",72,2016-03-12,13.11,10.8091,12.5441
"3915",73,2016-03-13,13.14,10.7984,12.5079
"3916",74,2016-03-14,13.18,10.7862,12.4691
"3917",75,2016-03-15,12.82,10.7722,12.4311
"3918",76,2016-03-16,12.74,10.7559,12.3913
"3919",77,2016-03-17,12.55,10.7368,12.3513
"3920",78,2016-03-18,12.56,10.7157,12.3115
"3921",79,2016-03-19,12.96,10.6928,12.2709
"3922",80,2016-03-20,13.56,10.6681,12.2307
"3923",81,2016-03-21,13.75,10.6417,12.1918
"3924",82,2016-03-22,13.64,10.6136,12.1504
"3925",83,2016-03-23,13,10.5839,12.1075
"3926",84,2016-03-24,12.34,10.5521,12.0665
"3927",85,2016-03-25,11.63,10.5191,12.0231
"3928",86,2016-03-26,10.51,10.4854,11.9784
"3929",87,2016-03-27,10.23,10.4514,11.9378
"3930",88,2016-03-28,9.31,10.419,11.9003
"3931",89,2016-03-29,8.64,10.3871,11.8705
"3932",90,2016-03-30,8.86,10.3565,11.8459
"3933",91,2016-03-31,9.04,10.3267,11.8255
"3934",92,2016-04-01,8.94,10.2972,11.8035
"3935",93,2016-04-02,8.92,10.267,11.7805
"3936",94,2016-04-03,9.3,10.2374,11.7587
"3937",95,2016-04-04,9.76,10.2095,11.7356
"3938",96,2016-04-05,9.34,10.1833,11.7091
"3939",97,2016-04-06,9.51,10.1593,11.6816
"3940",98,2016-04-07,9.86,10.1368,11.6527
"3941",99,2016-04-08,10.3,10.1139,11.6182
"3942",100,2016-04-09,10.97,10.0911,11.5802
"3943",101,2016-04-10,10.79,10.0671,11.5371
"3944",102,2016-04-11,10.45,10.0413,11.4953
"3945",103,2016-04-12,10.8,10.0153,11.461
"3946",104,2016-04-13,9.67,9.9909,11.4284
"3947",105,2016-04-14,10.08,9.9677,11.3936
"3948",106,2016-04-15,NA,9.9456,11.3606
"3949",107,2016-04-16,10.29,9.9246,11.3267
"3950",108,2016-04-17,10.08,9.9048,11.2911
"3951",109,2016-04-18,10.18,9.8863,11.2589
"3952",110,2016-04-19,10.67,9.87,11.2328
"3953",111,2016-04-20,11.51,9.8559,11.2117
"3954",112,2016-04-21,12.78,9.8442,11.1928
"3955",113,2016-04-22,13.24,9.836,11.1847
"3956",114,2016-04-23,12.66,9.8301,11.1798
"3957",115,2016-04-24,11.87,9.8262,11.1746
"3958",116,2016-04-25,9.92,9.8242,11.1739
"3959",117,2016-04-26,9.25,9.825,11.1789
"3960",118,2016-04-27,8.76,9.8284,11.1891
"3961",119,2016-04-28,8.65,9.833,11.205
"3962",120,2016-04-29,NA,9.8395,11.2179
"3963",121,2016-04-30,NA,9.8471,11.2281
"3964",122,2016-05-01,NA,9.8545,11.2341
"3965",123,2016-05-02,9.29,9.8618,11.2412
"3966",124,2016-05-03,9.28,9.8694,11.2438
"3967",125,2016-05-04,9.8,9.8769,11.2461
"3968",126,2016-05-05,10.09,9.8838,11.2485
"3969",127,2016-05-06,10.58,9.8902,11.2559
"3970",128,2016-05-07,10.26,9.896,11.2637
"3971",129,2016-05-08,11.25,9.9017,11.272
"3972",130,2016-05-09,10.94,9.9081,11.2816
"3973",131,2016-05-10,10.93,9.9143,11.2892
"3974",132,2016-05-11,11.54,9.9217,11.2972
"3975",133,2016-05-12,12.25,9.9319,11.3116
"3976",134,2016-05-13,12.94,9.9452,11.3294
"3977",135,2016-05-14,12.58,9.9602,11.3523
"3978",136,2016-05-15,11.4,9.9773,11.3811
"3979",137,2016-05-16,11.78,9.9972,11.4147
"3980",138,2016-05-17,10.57,10.0203,11.4514
"3981",139,2016-05-18,10.34,10.0461,11.5018
"3982",140,2016-05-19,10.38,10.0729,11.5515
"3983",141,2016-05-20,9.61,10.1005,11.5975
"3984",142,2016-05-21,9.55,10.1294,11.64
"3985",143,2016-05-22,9.63,10.159,11.6854
"3986",144,2016-05-23,10.13,10.1886,11.7355
"3987",145,2016-05-24,10.12,10.2176,11.789
"3988",146,2016-05-25,9.88,10.2471,11.8425
"3989",147,2016-05-26,9.73,10.2771,11.895
"3990",148,2016-05-27,9.48,10.3055,11.9454
"3991",149,2016-05-28,NA,10.331,11.9924
"3992",150,2016-05-29,10.89,10.3538,12.0308
"3993",151,2016-05-30,11.1,10.3754,12.0637
"3994",152,2016-05-31,11.07,10.3957,12.0962
"3995",153,2016-06-01,11.98,10.4156,12.1271
"3996",154,2016-06-02,12.47,10.4355,12.1538
"3997",155,2016-06-03,13.1,10.4564,12.1779
"3998",156,2016-06-04,13.33,10.4799,12.2045
"3999",157,2016-06-05,14.28,10.5057,12.232
"4000",158,2016-06-06,14.25,10.5333,12.2587
"4001",159,2016-06-07,14.65,10.5634,12.2897
"4002",160,2016-06-08,15.03,10.596,12.3224
"4003",161,2016-06-09,12.88,10.6307,12.3585
"4004",162,2016-06-10,11.46,10.6672,12.4055
"4005",163,2016-06-11,12.35,10.7054,12.4612
"4006",164,2016-06-12,11.02,10.7443,12.513
"4007",165,2016-06-13,10.38,10.7834,12.5658
"4008",166,2016-06-14,11.77,10.8222,12.6175
"4009",167,2016-06-15,10.59,10.8602,12.6708
"4010",168,2016-06-16,9.28,10.8967,12.7235
"4011",169,2016-06-17,9.98,10.9306,12.7776
"4012",170,2016-06-18,10.11,10.9613,12.822
"4013",171,2016-06-19,10.98,10.9903,12.8592
"4014",172,2016-06-20,10.38,11.0181,12.8907
"4015",173,2016-06-21,10.2,11.0446,12.9215
"4016",174,2016-06-22,10.02,11.0707,12.9489
"4017",175,2016-06-23,10.04,11.0967,12.973
"4018",176,2016-06-24,9.98,11.1234,12.9938
"4019",177,2016-06-25,9.57,11.1499,13.0126
"4020",178,2016-06-26,10.35,11.1751,13.0241
"4021",179,2016-06-27,10.82,11.2007,13.0341
"4022",180,2016-06-28,10.77,11.2293,13.046
"4023",181,2016-06-29,10.37,11.2625,13.0664
"4024",182,2016-06-30,9.94,11.2993,13.0984
"4025",183,2016-07-01,10.1,11.3384,13.1387
"4026",184,2016-07-02,10.19,11.3798,13.1841
"4027",185,2016-07-03,10.71,11.4236,13.2357
"4028",186,2016-07-04,11.56,11.4684,13.2897
"4029",187,2016-07-05,11.96,11.5116,13.3409
"4030",188,2016-07-06,11.9,11.5539,13.3899
"4031",189,2016-07-07,11.69,11.597,13.4392
"4032",190,2016-07-08,11.41,11.64,13.4915
"4033",191,2016-07-09,10.98,11.6823,13.5466
"4034",192,2016-07-10,12.09,11.7244,13.6014
"4035",193,2016-07-11,11.79,11.766,13.6567
"4036",194,2016-07-12,11.41,11.808,13.7104
"4037",195,2016-07-13,11.08,11.85,13.7632
"4038",196,2016-07-14,11.15,11.8909,13.816
"4039",197,2016-07-15,10.97,11.9304,13.8638
"4040",198,2016-07-16,10.11,11.9699,13.9113
"4041",199,2016-07-17,12.27,12.0098,13.9561
"4042",200,2016-07-18,11.68,12.0492,13.9987
"4043",201,2016-07-19,10.73,12.0882,14.0397
"4044",202,2016-07-20,10.69,12.1267,14.0835
"4045",203,2016-07-21,10.64,12.1631,14.1251
"4046",204,2016-07-22,10.75,12.1972,14.1622
"4047",205,2016-07-23,10.56,12.2285,14.1966
"4048",206,2016-07-24,10.35,12.2571,14.216
"4049",207,2016-07-25,10.11,12.2844,14.2286
"4050",208,2016-07-26,11.17,12.3115,14.2446
"4051",209,2016-07-27,11.97,12.3398,14.2684
"4052",210,2016-07-28,12.22,12.3681,14.2937
"4053",211,2016-07-29,11.97,12.3955,14.3175
"4054",212,2016-07-30,12.76,12.4205,14.3365
"4055",213,2016-07-31,13.05,12.4431,14.3504
"4056",214,2016-08-01,13.48,12.4644,14.3604
"4057",215,2016-08-02,14.1,12.4848,14.37
"4058",216,2016-08-03,13.93,12.5043,14.3793
"4059",217,2016-08-04,13.58,12.5234,14.3942
"4060",218,2016-08-05,13.47,12.5427,14.4146
"4061",219,2016-08-06,13.43,12.563,14.4433
"4062",220,2016-08-07,12.85,12.5834,14.4793
"4063",221,2016-08-08,12.48,12.6029,14.5085
"4064",222,2016-08-09,11.35,12.6219,14.5262
"4065",223,2016-08-10,11.36,12.6406,14.5496
"4066",224,2016-08-11,11.36,12.6583,14.5669
"4067",225,2016-08-12,11.41,12.673,14.5819
"4068",226,2016-08-13,13.12,12.6847,14.5902
"4069",227,2016-08-14,13.2,12.6947,14.5959
"4070",228,2016-08-15,12.67,12.7041,14.6006
"4071",229,2016-08-16,12.93,12.7116,14.6024
"4072",230,2016-08-17,13.65,12.7159,14.6004
"4073",231,2016-08-18,13.88,12.7179,14.5962
"4074",232,2016-08-19,14.1,12.7191,14.5935
"4075",233,2016-08-20,14.57,12.7194,14.588
"4076",234,2016-08-21,14.04,12.7194,14.5837
"4077",235,2016-08-22,13.53,12.7205,14.581
"4078",236,2016-08-23,13.79,12.7243,14.5839
"4079",237,2016-08-24,14.39,12.7301,14.5989
"4080",238,2016-08-25,14.47,12.7366,14.6193
"4081",239,2016-08-26,14.49,12.7432,14.6397
"4082",240,2016-08-27,14.82,12.749,14.6577
"4083",241,2016-08-28,14.69,12.7538,14.6752
"4084",242,2016-08-29,14.87,12.757,14.6869
"4085",243,2016-08-30,13.75,12.7584,14.6893
"4086",244,2016-08-31,12.51,12.7584,14.6916
"4087",245,2016-09-01,11.67,12.7575,14.6904
"4088",246,2016-09-02,11.29,12.7551,14.6905
"4089",247,2016-09-03,11.17,12.7511,14.6891
"4090",248,2016-09-04,11.05,12.7457,14.6847
"4091",249,2016-09-05,10.77,12.7387,14.6764
"4092",250,2016-09-06,11.46,12.7285,14.667
"4093",251,2016-09-07,11.66,12.7151,14.6512
"4094",252,2016-09-08,11.16,12.6996,14.6326
"4095",253,2016-09-09,11.71,12.6821,14.6177
"4096",254,2016-09-10,12.14,12.663,14.5929
"4097",255,2016-09-11,12.61,12.6437,14.5668
"4098",256,2016-09-12,12.74,12.6245,14.5364
"4099",257,2016-09-13,12.81,12.6058,14.5076
"4100",258,2016-09-14,13.16,12.5871,14.4771
"4101",259,2016-09-15,13.63,12.5689,14.4477
"4102",260,2016-09-16,13.2,12.5514,14.4196
"4103",261,2016-09-17,13.01,12.535,14.3946
"4104",262,2016-09-18,12.82,12.52,14.3723
"4105",263,2016-09-19,12.13,12.5058,14.3489
"4106",264,2016-09-20,11.81,12.4926,14.3304
"4107",265,2016-09-21,12.5,12.4801,14.3164
"4108",266,2016-09-22,12.31,12.4666,14.3032
"4109",267,2016-09-23,11.94,12.4507,14.2865
"4110",268,2016-09-24,11.2,12.4328,14.2642
"4111",269,2016-09-25,10.43,12.4143,14.2421
"4112",270,2016-09-26,10.69,12.3948,14.2204
"4113",271,2016-09-27,11.02,12.3749,14.2003
"4114",272,2016-09-28,11.59,12.3558,14.1806
"4115",273,2016-09-29,11.89,12.3384,14.1675
"4116",274,2016-09-30,11.79,12.3231,14.162
"4117",275,2016-10-01,11.07,12.3094,14.1562
"4118",276,2016-10-02,11.1,12.2966,14.1485
"4119",277,2016-10-03,11.03,12.285,14.138
"4120",278,2016-10-04,11.91,12.2748,14.1263
"4121",279,2016-10-05,11.98,12.2664,14.1138
"4122",280,2016-10-06,11.9,12.2589,14.1002
"4123",281,2016-10-07,11.97,12.2525,14.0803
"4124",282,2016-10-08,12.2,12.2461,14.0572
"4125",283,2016-10-09,11.9,12.2391,14.034
"4126",284,2016-10-10,11.64,12.2316,14.0131
"4127",285,2016-10-11,11.47,12.2232,13.9942
"4128",286,2016-10-12,11.83,12.2148,13.9768
"4129",287,2016-10-13,11.77,12.2075,13.9646
"4130",288,2016-10-14,12.22,12.2017,13.9576
"4131",289,2016-10-15,12.47,12.197,13.9542
"4132",290,2016-10-16,12.9,12.1915,13.9523
"4133",291,2016-10-17,13.34,12.1861,13.9504
"4134",292,2016-10-18,13.7,12.1812,13.9485
"4135",293,2016-10-19,13.42,12.178,13.9459
"4136",294,2016-10-20,13.11,12.1763,13.9433
"4137",295,2016-10-21,12.51,12.1758,13.94
"4138",296,2016-10-22,11.62,12.1766,13.9363
"4139",297,2016-10-23,11.17,12.1787,13.9306
"4140",298,2016-10-24,11.54,12.1812,13.9254
"4141",299,2016-10-25,11.96,12.1838,13.92
"4142",300,2016-10-26,13.02,12.186,13.9139
"4143",301,2016-10-27,13.35,12.1883,13.9055
"4144",302,2016-10-28,13.6,12.1901,13.8942
"4145",303,2016-10-29,13.94,12.1909,13.8837
"4146",304,2016-10-30,13.91,12.1898,13.875
"4147",305,2016-10-31,13.87,12.1868,13.8655
"4148",306,2016-11-01,14.12,12.1821,13.8553
"4149",307,2016-11-02,14.2,12.1765,13.8474
"4150",308,2016-11-03,14.32,12.1698,13.8377
"4151",309,2016-11-04,14.51,12.1613,13.8263
"4152",310,2016-11-05,14.38,12.1507,13.8127
"4153",311,2016-11-06,14.84,12.1392,13.7975
"4154",312,2016-11-07,NA,12.1268,13.7828
"4155",313,2016-11-08,14.79,12.1146,13.767
"4156",314,2016-11-09,14.79,12.1032,13.7536
"4157",315,2016-11-10,14.43,12.0925,13.7393
"4158",316,2016-11-11,14.48,12.0827,13.7254
"4159",317,2016-11-12,14.4,12.0731,13.7118
"4160",318,2016-11-13,14.25,12.0621,13.6964
"4161",319,2016-11-14,14.12,12.0496,13.6809
"4162",320,2016-11-15,14.04,12.0371,13.6655
"4163",321,2016-11-16,13.51,12.0258,13.6507
"4164",322,2016-11-17,12.76,12.0148,13.6358
"4165",323,2016-11-18,12.47,12.004,13.621
"4166",324,2016-11-19,13.28,11.9924,13.607
"4167",325,2016-11-20,13.58,11.9803,13.5944
"4168",326,2016-11-21,13.25,11.9682,13.5827
"4169",327,2016-11-22,12.86,11.9561,13.5726
"4170",328,2016-11-23,13.12,11.944,13.5664
"4171",329,2016-11-24,12.89,11.9333,13.5603
"4172",330,2016-11-25,12.91,11.9235,13.5547
"4173",331,2016-11-26,13.46,11.9142,13.5488
"4174",332,2016-11-27,13.24,11.9049,13.5437
"4175",333,2016-11-28,13.14,11.8964,13.5424
"4176",334,2016-11-29,12.27,11.8889,13.5405
"4177",335,2016-11-30,12.41,11.8822,13.5366
"4178",336,2016-12-01,11.84,11.8766,13.533
"4179",337,2016-12-02,11.78,11.8716,13.5298
"4180",338,2016-12-03,11.83,11.8664,13.527
"4181",339,2016-12-04,11.6,11.8616,13.527
"4182",340,2016-12-05,11.22,11.8569,13.5288
"4183",341,2016-12-06,10.75,11.8528,13.5329
"4184",342,2016-12-07,10.51,11.8491,13.5387
"4185",343,2016-12-08,10.57,11.8454,13.5437
"4186",344,2016-12-09,11.07,11.8412,13.5492
"4187",345,2016-12-10,11.23,11.8361,13.552
"4188",346,2016-12-11,11.06,11.8299,13.5551
"4189",347,2016-12-12,11.14,11.8218,13.5504
"4190",348,2016-12-13,11.26,11.8123,13.5234
"4191",349,2016-12-14,11.6,11.8028,13.4963
"4192",350,2016-12-15,11.83,11.7935,13.4692
"4193",351,2016-12-16,11.76,11.7836,13.4422
"4194",352,2016-12-17,11.15,11.7732,13.4145
"4195",353,2016-12-18,11.07,11.7626,13.3877
"4196",354,2016-12-19,10.78,11.7525,13.3616
"4197",355,2016-12-20,10.95,11.7428,13.3372
"4198",356,2016-12-21,11.06,11.7337,13.313
"4199",357,2016-12-22,11.16,11.725,13.2888
"4200",358,2016-12-23,11.27,11.7171,13.2653
"4201",359,2016-12-24,11.22,11.71,13.2421
"4202",360,2016-12-25,10.89,11.7028,13.2189
"4203",361,2016-12-26,10.55,11.6955,13.1945
"4204",362,2016-12-27,10.95,11.6881,13.17
"4205",363,2016-12-28,10.84,11.6806,13.1451
"4206",364,2016-12-29,10.97,11.6728,13.1193
"4207",365,2016-12-30,10.97,11.6648,13.0933
"4208",366,2016-12-31,10.85,11.6563,13.0669
"4209",1,2017-01-01,10.87,11.6471,13.0406
"4210",2,2017-01-02,10.74,11.6377,13.0143
"4211",3,2017-01-03,10.69,11.6287,12.9868
"4212",4,2017-01-04,10.93,11.6196,12.9588
"4213",5,2017-01-05,10.59,11.6107,12.9317
"4214",6,2017-01-06,10.53,11.6021,12.906
"4215",7,2017-01-07,10.5,11.5941,12.8821
"4216",8,2017-01-08,11.12,11.5866,12.8589
"4217",9,2017-01-09,11.04,11.5799,12.8382
"4218",10,2017-01-10,11.19,11.574,12.8204
"4219",11,2017-01-11,11.25,11.5693,12.8045
"4220",12,2017-01-12,11.46,11.5664,12.798
"4221",13,2017-01-13,11.38,11.5648,12.8125
"4222",14,2017-01-14,11.58,11.5641,12.8275
"4223",15,2017-01-15,11.57,11.564,12.8426
"4224",16,2017-01-16,11.49,11.5642,12.8567
"4225",17,2017-01-17,11.39,11.5643,12.8713
"4226",18,2017-01-18,11.37,11.5642,12.8857
"4227",19,2017-01-19,11.54,11.5638,12.8995
"4228",20,2017-01-20,11.46,11.5628,12.9115
"4229",21,2017-01-21,11.61,11.5614,12.9232
"4230",22,2017-01-22,11.6,11.5594,12.9345
"4231",23,2017-01-23,11.51,11.5564,12.9449
"4232",24,2017-01-24,11.19,11.5526,12.9568
"4233",25,2017-01-25,11.24,11.5476,12.9693
"4234",26,2017-01-26,11.44,11.5413,12.9847
"4235",27,2017-01-27,11.52,11.5339,13.0008
"4236",28,2017-01-28,11.45,11.5251,13.0151
"4237",29,2017-01-29,11.49,11.5151,13.0312
"4238",30,2017-01-30,11.54,11.5037,13.0478
"4239",31,2017-01-31,11.65,11.4915,13.0664
"4240",32,2017-02-01,11.54,11.4779,13.0844
"4241",33,2017-02-02,11.51,11.4627,13.1019
"4242",34,2017-02-03,11.81,11.4454,13.1194
"4243",35,2017-02-04,11.83,11.4259,13.1342
"4244",36,2017-02-05,12.04,11.4049,13.1474
"4245",37,2017-02-06,12.16,11.3831,13.1592
"4246",38,2017-02-07,12.3,11.3601,13.1688
"4247",39,2017-02-08,12.49,11.3363,13.1761
"4248",40,2017-02-09,12.58,11.3118,13.1822
"4249",41,2017-02-10,12.45,11.2868,13.1861
"4250",42,2017-02-11,12.43,11.2612,13.1871
"4251",43,2017-02-12,12.45,11.2358,13.1865
"4252",44,2017-02-13,12.57,11.2108,13.1832
"4253",45,2017-02-14,12.72,11.1871,13.18
"4254",46,2017-02-15,12.73,11.165,13.1747
"4255",47,2017-02-16,12.89,11.1441,13.1689
"4256",48,2017-02-17,12.81,11.1242,13.1624
"4257",49,2017-02-18,12.79,11.1053,13.1537
"4258",50,2017-02-19,12.29,11.0873,13.1419
"4259",51,2017-02-20,12.64,11.0698,13.1294
"4260",52,2017-02-21,12.65,11.0531,13.1168
"4261",53,2017-02-22,12.63,11.0372,13.1026
"4262",54,2017-02-23,12.35,11.0216,13.0876
"4263",55,2017-02-24,12.18,11.0057,13.069
"4264",56,2017-02-25,12.17,10.9899,13.0435
"4265",57,2017-02-26,12.12,10.974,13.0151
"4266",58,2017-02-27,12.17,10.9584,12.9824
"4267",59,2017-02-28,12.11,10.9432,12.949
"4268",61,2017-03-01,12.06,10.9161,12.8805
"4269",62,2017-03-02,11.85,10.9044,12.8489
"4270",63,2017-03-03,11.49,10.8933,12.8157
"4271",64,2017-03-04,11.26,10.8824,12.7834
"4272",65,2017-03-05,11.39,10.8723,12.7511
"4273",66,2017-03-06,10.98,10.863,12.7198
"4274",67,2017-03-07,11.05,10.8538,12.6894
"4275",68,2017-03-08,11.36,10.8446,12.6615
"4276",69,2017-03-09,11.43,10.8356,12.6338
"4277",70,2017-03-10,11.06,10.8271,12.6085
"4278",71,2017-03-11,10.75,10.8185,12.5805
"4279",72,2017-03-12,10.95,10.8091,12.5441
"4280",73,2017-03-13,10.73,10.7984,12.5079
"4281",74,2017-03-14,10.58,10.7862,12.4691
"4282",75,2017-03-15,10.66,10.7722,12.4311
"4283",76,2017-03-16,11.08,10.7559,12.3913
"4284",77,2017-03-17,10.77,10.7368,12.3513
"4285",78,2017-03-18,11.17,10.7157,12.3115
"4286",79,2017-03-19,11.59,10.6928,12.2709
"4287",80,2017-03-20,12.11,10.6681,12.2307
"4288",81,2017-03-21,12.51,10.6417,12.1918
"4289",82,2017-03-22,12.8,10.6136,12.1504
"4290",83,2017-03-23,12.04,10.5839,12.1075
"4291",84,2017-03-24,12.46,10.5521,12.0665
"4292",85,2017-03-25,12.53,10.5191,12.0231
"4293",86,2017-03-26,12.69,10.4854,11.9784
"4294",87,2017-03-27,12.84,10.4514,11.9378
"4295",88,2017-03-28,12.59,10.419,11.9003
"4296",89,2017-03-29,11.45,10.3871,11.8705
"4297",90,2017-03-30,10.7,10.3565,11.8459
"4298",91,2017-03-31,9.65,10.3267,11.8255
"4299",92,2017-04-01,9.41,10.2972,11.8035
"4300",93,2017-04-02,9.19,10.267,11.7805
"4301",94,2017-04-03,8.71,10.2374,11.7587
"4302",95,2017-04-04,8.7,10.2095,11.7356
"4303",96,2017-04-05,8.76,10.1833,11.7091
"4304",97,2017-04-06,9.45,10.1593,11.6816
"4305",98,2017-04-07,9.7,10.1368,11.6527
"4306",99,2017-04-08,9.88,10.1139,11.6182
"4307",100,2017-04-09,9.97,10.0911,11.5802
"4308",101,2017-04-10,10.42,10.0671,11.5371
"4309",102,2017-04-11,10.9,10.0413,11.4953
"4310",103,2017-04-12,11.01,10.0153,11.461
"4311",104,2017-04-13,11.38,9.9909,11.4284
"4312",105,2017-04-14,11.26,9.9677,11.3936
"4313",106,2017-04-15,10.78,9.9456,11.3606
"4314",107,2017-04-16,10.68,9.9246,11.3267
"4315",108,2017-04-17,10.97,9.9048,11.2911
"4316",109,2017-04-18,NA,9.8863,11.2589
"4317",110,2017-04-19,NA,9.87,11.2328
"4318",111,2017-04-20,NA,9.8559,11.2117
"4319",112,2017-04-21,NA,9.8442,11.1928
"4320",113,2017-04-22,12.02,9.836,11.1847
"4321",114,2017-04-23,11.21,9.8301,11.1798
"4322",115,2017-04-24,10.44,9.8262,11.1746
"4323",116,2017-04-25,10.77,9.8242,11.1739
"4324",117,2017-04-26,11.11,9.825,11.1789
"4325",118,2017-04-27,11.02,9.8284,11.1891
"4326",119,2017-04-28,9.75,9.833,11.205
"4327",120,2017-04-29,9.56,9.8395,11.2179
"4328",121,2017-04-30,9.03,9.8471,11.2281
"4329",122,2017-05-01,8.82,9.8545,11.2341
"4330",123,2017-05-02,8.82,9.8618,11.2412
"4331",124,2017-05-03,9.66,9.8694,11.2438
"4332",125,2017-05-04,9.97,9.8769,11.2461
"4333",126,2017-05-05,9.82,9.8838,11.2485
"4334",127,2017-05-06,10.11,9.8902,11.2559
"4335",128,2017-05-07,9.08,9.896,11.2637
"4336",129,2017-05-08,8.67,9.9017,11.272
"4337",130,2017-05-09,9,9.9081,11.2816
"4338",131,2017-05-10,8.97,9.9143,11.2892
"4339",132,2017-05-11,9.01,9.9217,11.2972
"4340",133,2017-05-12,9.9,9.9319,11.3116
"4341",134,2017-05-13,9.97,9.9452,11.3294
"4342",135,2017-05-14,9.23,9.9602,11.3523
"4343",136,2017-05-15,8.81,9.9773,11.3811
"4344",137,2017-05-16,8.57,9.9972,11.4147
"4345",138,2017-05-17,NA,10.0203,11.4514
"4346",139,2017-05-18,NA,10.0461,11.5018
"4347",140,2017-05-19,NA,10.0729,11.5515
"4348",141,2017-05-20,10.47,10.1005,11.5975
"4349",142,2017-05-21,9.87,10.1294,11.64
"4350",143,2017-05-22,10.51,10.159,11.6854
"4351",144,2017-05-23,10,10.1886,11.7355
"4352",145,2017-05-24,10.54,10.2176,11.789
"4353",146,2017-05-25,11.1,10.2471,11.8425
"4354",147,2017-05-26,12.39,10.2771,11.895
"4355",148,2017-05-27,13.21,10.3055,11.9454
"4356",149,2017-05-28,12.83,10.331,11.9924
"4357",150,2017-05-29,11,10.3538,12.0308
"4358",151,2017-05-30,9.97,10.3754,12.0637
"4359",152,2017-05-31,9.73,10.3957,12.0962
"4360",153,2017-06-01,10.6,10.4156,12.1271
"4361",154,2017-06-02,11.06,10.4355,12.1538
"4362",155,2017-06-03,10.24,10.4564,12.1779
"4363",156,2017-06-04,9.86,10.4799,12.2045
"4364",157,2017-06-05,9.66,10.5057,12.232
"4365",158,2017-06-06,9.38,10.5333,12.2587
"4366",159,2017-06-07,9.48,10.5634,12.2897
"4367",160,2017-06-08,9.2,10.596,12.3224
"4368",161,2017-06-09,9.52,10.6307,12.3585
"4369",162,2017-06-10,10.15,10.6672,12.4055
"4370",163,2017-06-11,10.07,10.7054,12.4612
"4371",164,2017-06-12,9.33,10.7443,12.513
"4372",165,2017-06-13,9.21,10.7834,12.5658
"4373",166,2017-06-14,9.37,10.8222,12.6175
"4374",167,2017-06-15,10.71,10.8602,12.6708
"4375",168,2017-06-16,11.61,10.8967,12.7235
"4376",169,2017-06-17,10.95,10.9306,12.7776
"4377",170,2017-06-18,10.39,10.9613,12.822
"4378",171,2017-06-19,10.44,10.9903,12.8592
"4379",172,2017-06-20,10.75,11.0181,12.8907
"4380",173,2017-06-21,10.44,11.0446,12.9215
"4381",174,2017-06-22,10.91,11.0707,12.9489
"4382",175,2017-06-23,12.43,11.0967,12.973
"4383",176,2017-06-24,12.51,11.1234,12.9938
"4384",177,2017-06-25,12.24,11.1499,13.0126
"4385",178,2017-06-26,12.76,11.1751,13.0241
"4386",179,2017-06-27,12.47,11.2007,13.0341
"4387",180,2017-06-28,11.48,11.2293,13.046
"4388",181,2017-06-29,11.49,11.2625,13.0664
"4389",182,2017-06-30,12.15,11.2993,13.0984
"4390",183,2017-07-01,11.52,11.3384,13.1387
"4391",184,2017-07-02,11.01,11.3798,13.1841
"4392",185,2017-07-03,10.29,11.4236,13.2357
"4393",186,2017-07-04,10.27,11.4684,13.2897
"4394",187,2017-07-05,11.28,11.5116,13.3409
"4395",188,2017-07-06,12.42,11.5539,13.3899
"4396",189,2017-07-07,12.16,11.597,13.4392
"4397",190,2017-07-08,11.06,11.64,13.4915
"4398",191,2017-07-09,10.34,11.6823,13.5466
"4399",192,2017-07-10,10.37,11.7244,13.6014
"4400",193,2017-07-11,9.92,11.766,13.6567
"4401",194,2017-07-12,10.14,11.808,13.7104
"4402",195,2017-07-13,10.57,11.85,13.7632
"4403",196,2017-07-14,11.76,11.8909,13.816
"4404",197,2017-07-15,13.03,11.9304,13.8638
"4405",198,2017-07-16,13.06,11.9699,13.9113
"4406",199,2017-07-17,12.09,12.0098,13.9561
"4407",200,2017-07-18,11.56,12.0492,13.9987
"4408",201,2017-07-19,11.47,12.0882,14.0397
"4409",202,2017-07-20,11.16,12.1267,14.0835
"4410",203,2017-07-21,10.57,12.1631,14.1251
"4411",204,2017-07-22,10.35,12.1972,14.1622
"4412",205,2017-07-23,10.6,12.2285,14.1966
"4413",206,2017-07-24,11.33,12.2571,14.216
"4414",207,2017-07-25,11.62,12.2844,14.2286
"4415",208,2017-07-26,12.74,12.3115,14.2446
"4416",209,2017-07-27,12.89,12.3398,14.2684
"4417",210,2017-07-28,12.88,12.3681,14.2937
"4418",211,2017-07-29,12.03,12.3955,14.3175
"4419",212,2017-07-30,11.91,12.4205,14.3365
"4420",213,2017-07-31,12.8,12.4431,14.3504
"4421",214,2017-08-01,13.43,12.4644,14.3604
"4422",215,2017-08-02,14.3,12.4848,14.37
"4423",216,2017-08-03,14.39,12.5043,14.3793
"4424",217,2017-08-04,14.35,12.5234,14.3942
"4425",218,2017-08-05,14.27,12.5427,14.4146
"4426",219,2017-08-06,14.47,12.563,14.4433
"4427",220,2017-08-07,13.96,12.5834,14.4793
"4428",221,2017-08-08,13.47,12.6029,14.5085
"4429",222,2017-08-09,13.86,12.6219,14.5262
"4430",223,2017-08-10,13.15,12.6406,14.5496
"4431",224,2017-08-11,12.6,12.6583,14.5669
"4432",225,2017-08-12,12.42,12.673,14.5819
"4433",226,2017-08-13,13.15,12.6847,14.5902
"4434",227,2017-08-14,12.4,12.6947,14.5959
"4435",228,2017-08-15,11.68,12.7041,14.6006
"4436",229,2017-08-16,11.58,12.7116,14.6024
"4437",230,2017-08-17,11.33,12.7159,14.6004
"4438",231,2017-08-18,12.19,12.7179,14.5962
"4439",232,2017-08-19,12.68,12.7191,14.5935
"4440",233,2017-08-20,13.05,12.7194,14.588
"4441",234,2017-08-21,13.46,12.7194,14.5837
"4442",235,2017-08-22,13.99,12.7205,14.581
"4443",236,2017-08-23,14.41,12.7243,14.5839
"4444",237,2017-08-24,14.38,12.7301,14.5989
"4445",238,2017-08-25,12.37,12.7366,14.6193
"4446",239,2017-08-26,12.7,12.7432,14.6397
"4447",240,2017-08-27,14.29,12.749,14.6577
"4448",241,2017-08-28,14.21,12.7538,14.6752
"4449",242,2017-08-29,14.12,12.757,14.6869
"4450",243,2017-08-30,13.85,12.7584,14.6893
"4451",244,2017-08-31,12.73,12.7584,14.6916
"4452",245,2017-09-01,12.06,12.7575,14.6904
"4453",246,2017-09-02,11.83,12.7551,14.6905
"4454",247,2017-09-03,12.63,12.7511,14.6891
"4455",248,2017-09-04,13.05,12.7457,14.6847
"4456",249,2017-09-05,13.58,12.7387,14.6764
"4457",250,2017-09-06,14.45,12.7285,14.667
"4458",251,2017-09-07,14.88,12.7151,14.6512
"4459",252,2017-09-08,15.11,12.6996,14.6326
"4460",253,2017-09-09,14.54,12.6821,14.6177
"4461",254,2017-09-10,15.19,12.663,14.5929
"4462",255,2017-09-11,15.6,12.6437,14.5668
"4463",256,2017-09-12,16.65,12.6245,14.5364
"4464",257,2017-09-13,16.81,12.6058,14.5076
"4465",258,2017-09-14,16.88,12.5871,14.4771
"4466",259,2017-09-15,15.8,12.5689,14.4477
"4467",260,2017-09-16,13.3,12.5514,14.4196
"4468",261,2017-09-17,12.7,12.535,14.3946
"4469",262,2017-09-18,12.44,12.52,14.3723
"4470",263,2017-09-19,12.19,12.5058,14.3489
"4471",264,2017-09-20,11.34,12.4926,14.3304
"4472",265,2017-09-21,11.39,12.4801,14.3164
"4473",266,2017-09-22,11.41,12.4666,14.3032
"4474",267,2017-09-23,11.57,12.4507,14.2865
"4475",268,2017-09-24,11.93,12.4328,14.2642
"4476",269,2017-09-25,12.34,12.4143,14.2421
"4477",270,2017-09-26,13.11,12.3948,14.2204
"4478",271,2017-09-27,13.38,12.3749,14.2003
"4479",272,2017-09-28,13.51,12.3558,14.1806
"4480",273,2017-09-29,13.42,12.3384,14.1675
"4481",274,2017-09-30,13.77,12.3231,14.162
"4482",275,2017-10-01,11.85,12.3094,14.1562
"4483",276,2017-10-02,11.33,12.2966,14.1485
"4484",277,2017-10-03,10.82,12.285,14.138
"4485",278,2017-10-04,10.75,12.2748,14.1263
"4486",279,2017-10-05,11.12,12.2664,14.1138
"4487",280,2017-10-06,11.29,12.2589,14.1002
"4488",281,2017-10-07,11.59,12.2525,14.0803
"4489",282,2017-10-08,11.24,12.2461,14.0572
"4490",283,2017-10-09,10.87,12.2391,14.034
"4491",284,2017-10-10,11.31,12.2316,14.0131
"4492",285,2017-10-11,11.93,12.2232,13.9942
"4493",286,2017-10-12,11.57,12.2148,13.9768
"4494",287,2017-10-13,10.81,12.2075,13.9646
"4495",288,2017-10-14,10.62,12.2017,13.9576
"4496",289,2017-10-15,10.61,12.197,13.9542
"4497",290,2017-10-16,11.35,12.1915,13.9523
"4498",291,2017-10-17,11.37,12.1861,13.9504
"4499",292,2017-10-18,11.25,12.1812,13.9485
"4500",293,2017-10-19,11.37,12.178,13.9459
"4501",294,2017-10-20,11.41,12.1763,13.9433
"4502",295,2017-10-21,11.52,12.1758,13.94
"4503",296,2017-10-22,11.72,12.1766,13.9363
"4504",297,2017-10-23,11.5,12.1787,13.9306
"4505",298,2017-10-24,11.93,12.1812,13.9254
"4506",299,2017-10-25,11.98,12.1838,13.92
"4507",300,2017-10-26,10.83,12.186,13.9139
"4508",301,2017-10-27,NA,12.1883,13.9055
"4509",302,2017-10-28,NA,12.1901,13.8942
"4510",303,2017-10-29,11.44,12.1909,13.8837
"4511",304,2017-10-30,11.56,12.1898,13.875
"4512",305,2017-10-31,10.84,12.1868,13.8655
"4513",306,2017-11-01,11.19,12.1821,13.8553
"4514",307,2017-11-02,11.6,12.1765,13.8474
"4515",308,2017-11-03,11.72,12.1698,13.8377
"4516",309,2017-11-04,12,12.1613,13.8263
"4517",310,2017-11-05,11.61,12.1507,13.8127
"4518",311,2017-11-06,11.77,12.1392,13.7975
"4519",312,2017-11-07,11.65,12.1268,13.7828
"4520",313,2017-11-08,11.93,12.1146,13.767
"4521",314,2017-11-09,13.23,12.1032,13.7536
"4522",315,2017-11-10,13.27,12.0925,13.7393
"4523",316,2017-11-11,13.51,12.0827,13.7254
"4524",317,2017-11-12,13.34,12.0731,13.7118
"4525",318,2017-11-13,13.75,12.0621,13.6964
"4526",319,2017-11-14,13.7,12.0496,13.6809
"4527",320,2017-11-15,13.74,12.0371,13.6655
"4528",321,2017-11-16,14.19,12.0258,13.6507
"4529",322,2017-11-17,14.35,12.0148,13.6358
"4530",323,2017-11-18,14.2,12.004,13.621
"4531",324,2017-11-19,13.99,11.9924,13.607
"4532",325,2017-11-20,13.88,11.9803,13.5944
"4533",326,2017-11-21,14.08,11.9682,13.5827
"4534",327,2017-11-22,13.94,11.9561,13.5726
"4535",328,2017-11-23,13.96,11.944,13.5664
"4536",329,2017-11-24,13.38,11.9333,13.5603
"4537",330,2017-11-25,NA,11.9235,13.5547
"4538",331,2017-11-26,13.86,11.9142,13.5488
"4539",332,2017-11-27,13.65,11.9049,13.5437
"4540",333,2017-11-28,13.12,11.8964,13.5424
"4541",334,2017-11-29,12.63,11.8889,13.5405
"4542",335,2017-11-30,12.5,11.8822,13.5366
"4543",336,2017-12-01,12.42,11.8766,13.533
"4544",337,2017-12-02,12.38,11.8716,13.5298
"4545",338,2017-12-03,12.34,11.8664,13.527
"4546",339,2017-12-04,11.96,11.8616,13.527
"4547",340,2017-12-05,11.71,11.8569,13.5288
"4548",341,2017-12-06,11.75,11.8528,13.5329
"4549",342,2017-12-07,12.15,11.8491,13.5387
"4550",343,2017-12-08,12.02,11.8454,13.5437
"4551",344,2017-12-09,12.04,11.8412,13.5492
"4552",345,2017-12-10,12.02,11.8361,13.552
"4553",346,2017-12-11,12.51,11.8299,13.5551
"4554",347,2017-12-12,12.55,11.8218,13.5504
"4555",348,2017-12-13,12.61,11.8123,13.5234
"4556",349,2017-12-14,12.59,11.8028,13.4963
"4557",350,2017-12-15,12.7,11.7935,13.4692
"4558",351,2017-12-16,12.31,11.7836,13.4422
"4559",352,2017-12-17,11.92,11.7732,13.4145
"4560",353,2017-12-18,11.98,11.7626,13.3877
"4561",354,2017-12-19,12.05,11.7525,13.3616
"4562",355,2017-12-20,11.94,11.7428,13.3372
"4563",356,2017-12-21,11.53,11.7337,13.313
"4564",357,2017-12-22,11.53,11.725,13.2888
"4565",358,2017-12-23,11.69,11.7171,13.2653
"4566",359,2017-12-24,11.55,11.71,13.2421
"4567",360,2017-12-25,11.48,11.7028,13.2189
"4568",361,2017-12-26,11.57,11.6955,13.1945
"4569",362,2017-12-27,11.4,11.6881,13.17
"4570",363,2017-12-28,11.36,11.6806,13.1451
"4571",364,2017-12-29,11.38,11.6728,13.1193
"4572",365,2017-12-30,11.32,11.6648,13.0933
"4573",366,2017-12-31,11.43,11.6563,13.0669
"4574",1,2018-01-01,11.61,11.6471,13.0406
"4575",2,2018-01-02,11.83,11.6377,13.0143
"4576",3,2018-01-03,11.91,11.6287,12.9868
"4577",4,2018-01-04,12.03,11.6196,12.9588
"4578",5,2018-01-05,12.79,11.6107,12.9317
"4579",6,2018-01-06,12.8,11.6021,12.906
"4580",7,2018-01-07,12.38,11.5941,12.8821
"4581",8,2018-01-08,12.42,11.5866,12.8589
"4582",9,2018-01-09,12.85,11.5799,12.8382
"4583",10,2018-01-10,12.2,11.574,12.8204
"4584",11,2018-01-11,12.32,11.5693,12.8045
"4585",12,2018-01-12,12.2,11.5664,12.798
"4586",13,2018-01-13,12.03,11.5648,12.8125
"4587",14,2018-01-14,12.11,11.5641,12.8275
"4588",15,2018-01-15,12.37,11.564,12.8426
"4589",16,2018-01-16,12.76,11.5642,12.8567
"4590",17,2018-01-17,12.82,11.5643,12.8713
"4591",18,2018-01-18,13.05,11.5642,12.8857
"4592",19,2018-01-19,12.96,11.5638,12.8995
"4593",20,2018-01-20,12.8,11.5628,12.9115
"4594",21,2018-01-21,12.41,11.5614,12.9232
"4595",22,2018-01-22,12.63,11.5594,12.9345
"4596",23,2018-01-23,12.38,11.5564,12.9449
"4597",24,2018-01-24,12.33,11.5526,12.9568
"4598",25,2018-01-25,12.3,11.5476,12.9693
"4599",26,2018-01-26,12.09,11.5413,12.9847
"4600",27,2018-01-27,12.1,11.5339,13.0008
"4601",28,2018-01-28,12.08,11.5251,13.0151
"4602",29,2018-01-29,12.08,11.5151,13.0312
"4603",30,2018-01-30,12.03,11.5037,13.0478
"4604",31,2018-01-31,11.95,11.4915,13.0664
"4605",32,2018-02-01,11.96,11.4779,13.0844
"4606",33,2018-02-02,12.07,11.4627,13.1019
"4607",34,2018-02-03,12.4,11.4454,13.1194
"4608",35,2018-02-04,12.54,11.4259,13.1342
"4609",36,2018-02-05,12.41,11.4049,13.1474
"4610",37,2018-02-06,11.54,11.3831,13.1592
"4611",38,2018-02-07,11.38,11.3601,13.1688
"4612",39,2018-02-08,11.91,11.3363,13.1761
"4613",40,2018-02-09,12.25,11.3118,13.1822
"4614",41,2018-02-10,11.45,11.2868,13.1861
"4615",42,2018-02-11,10.43,11.2612,13.1871
"4616",43,2018-02-12,10.22,11.2358,13.1865
"4617",44,2018-02-13,10.07,11.2108,13.1832
"4618",45,2018-02-14,10.08,11.1871,13.18
"4619",46,2018-02-15,10.09,11.165,13.1747
"4620",47,2018-02-16,10.21,11.1441,13.1689
"4621",48,2018-02-17,10.29,11.1242,13.1624
"4622",49,2018-02-18,10.33,11.1053,13.1537
"4623",50,2018-02-19,9.79,11.0873,13.1419
"4624",51,2018-02-20,9.33,11.0698,13.1294
"4625",52,2018-02-21,9.35,11.0531,13.1168
"4626",53,2018-02-22,9.46,11.0372,13.1026
"4627",54,2018-02-23,9.05,11.0216,13.0876
"4628",55,2018-02-24,8.92,11.0057,13.069
"4629",56,2018-02-25,8.93,10.9899,13.0435
"4630",57,2018-02-26,9.12,10.974,13.0151
"4631",58,2018-02-27,8.95,10.9584,12.9824
"4632",59,2018-02-28,8.96,10.9432,12.949
"4633",61,2018-03-01,9.49,10.9161,12.8805
"4634",62,2018-03-02,9.57,10.9044,12.8489
"4635",63,2018-03-03,9.55,10.8933,12.8157
"4636",64,2018-03-04,9.62,10.8824,12.7834
"4637",65,2018-03-05,10,10.8723,12.7511
"4638",66,2018-03-06,9.55,10.863,12.7198
"4639",67,2018-03-07,9.88,10.8538,12.6894
"4640",68,2018-03-08,10.39,10.8446,12.6615
"4641",69,2018-03-09,10.54,10.8356,12.6338
"4642",70,2018-03-10,10.99,10.8271,12.6085
"4643",71,2018-03-11,11.07,10.8185,12.5805
"4644",72,2018-03-12,11.43,10.8091,12.5441
"4645",73,2018-03-13,11.58,10.7984,12.5079
"4646",74,2018-03-14,11.56,10.7862,12.4691
"4647",75,2018-03-15,11.09,10.7722,12.4311
"4648",76,2018-03-16,11.4,10.7559,12.3913
"4649",77,2018-03-17,11.35,10.7368,12.3513
"4650",78,2018-03-18,11.35,10.7157,12.3115
"4651",79,2018-03-19,11.33,10.6928,12.2709
"4652",80,2018-03-20,11.37,10.6681,12.2307
"4653",81,2018-03-21,11.74,10.6417,12.1918
"4654",82,2018-03-22,11.78,10.6136,12.1504
"4655",83,2018-03-23,11.47,10.5839,12.1075
"4656",84,2018-03-24,11.71,10.5521,12.0665
"4657",85,2018-03-25,11.54,10.5191,12.0231
"4658",86,2018-03-26,10.82,10.4854,11.9784
"4659",87,2018-03-27,10.61,10.4514,11.9378
"4660",88,2018-03-28,10.49,10.419,11.9003
"4661",89,2018-03-29,10.73,10.3871,11.8705
"4662",90,2018-03-30,11.08,10.3565,11.8459
"4663",91,2018-03-31,11.42,10.3267,11.8255
"4664",92,2018-04-01,11.02,10.2972,11.8035
"4665",93,2018-04-02,10.82,10.267,11.7805
"4666",94,2018-04-03,10,10.2374,11.7587
"4667",95,2018-04-04,9.97,10.2095,11.7356
"4668",96,2018-04-05,10.03,10.1833,11.7091
"4669",97,2018-04-06,10.33,10.1593,11.6816
"4670",98,2018-04-07,NA,10.1368,11.6527
"4671",99,2018-04-08,NA,10.1139,11.6182
"4672",100,2018-04-09,NA,10.0911,11.5802
"4673",101,2018-04-10,NA,10.0671,11.5371
"4674",102,2018-04-11,NA,10.0413,11.4953
"4675",103,2018-04-12,10.77,10.0153,11.461
"4676",104,2018-04-13,10.75,9.9909,11.4284
"4677",105,2018-04-14,10.34,9.9677,11.3936
"4678",106,2018-04-15,9.82,9.9456,11.3606
"4679",107,2018-04-16,10.03,9.9246,11.3267
"4680",108,2018-04-17,9.71,9.9048,11.2911
"4681",109,2018-04-18,9.5,9.8863,11.2589
"4682",110,2018-04-19,9.67,9.87,11.2328
"4683",111,2018-04-20,9.2,9.8559,11.2117
"4684",112,2018-04-21,9.24,9.8442,11.1928
"4685",113,2018-04-22,8.94,9.836,11.1847
"4686",114,2018-04-23,8.88,9.8301,11.1798
"4687",115,2018-04-24,10.22,9.8262,11.1746
"4688",116,2018-04-25,10.5,9.8242,11.1739
"4689",117,2018-04-26,11.43,9.825,11.1789
"4690",118,2018-04-27,10.39,9.8284,11.1891
"4691",119,2018-04-28,10.48,9.833,11.205
"4692",120,2018-04-29,10.97,9.8395,11.2179
"4693",121,2018-04-30,10.67,9.8471,11.2281
"4694",122,2018-05-01,9.8,9.8545,11.2341
"4695",123,2018-05-02,9.58,9.8618,11.2412
"4696",124,2018-05-03,9.33,9.8694,11.2438
"4697",125,2018-05-04,9.86,9.8769,11.2461
"4698",126,2018-05-05,9.87,9.8838,11.2485
"4699",127,2018-05-06,NA,9.8902,11.2559
"4700",128,2018-05-07,NA,9.896,11.2637
"4701",129,2018-05-08,NA,9.9017,11.272
"4702",130,2018-05-09,NA,9.9081,11.2816
"4703",131,2018-05-10,10.22,9.9143,11.2892
"4704",132,2018-05-11,9.88,9.9217,11.2972
"4705",133,2018-05-12,9.66,9.9319,11.3116
"4706",134,2018-05-13,9.65,9.9452,11.3294
"4707",135,2018-05-14,9.79,9.9602,11.3523
"4708",136,2018-05-15,10.2,9.9773,11.3811
"4709",137,2018-05-16,11.67,9.9972,11.4147
"4710",138,2018-05-17,11.42,10.0203,11.4514
"4711",139,2018-05-18,10.82,10.0461,11.5018
"4712",140,2018-05-19,10.28,10.0729,11.5515
"4713",141,2018-05-20,9.87,10.1005,11.5975
"4714",142,2018-05-21,9.7,10.1294,11.64
"4715",143,2018-05-22,10.77,10.159,11.6854
"4716",144,2018-05-23,10.29,10.1886,11.7355
"4717",145,2018-05-24,10.26,10.2176,11.789
"4718",146,2018-05-25,10.86,10.2471,11.8425
"4719",147,2018-05-26,11.53,10.2771,11.895
"4720",148,2018-05-27,10.76,10.3055,11.9454
"4721",149,2018-05-28,10.76,10.331,11.9924
"4722",150,2018-05-29,10.97,10.3538,12.0308
"4723",151,2018-05-30,9.79,10.3754,12.0637
"4724",152,2018-05-31,9.43,10.3957,12.0962
"4725",153,2018-06-01,9.25,10.4156,12.1271
"4726",154,2018-06-02,9.06,10.4355,12.1538
"4727",155,2018-06-03,8.84,10.4564,12.1779
"4728",156,2018-06-04,NA,10.4799,12.2045
"4729",157,2018-06-05,NA,10.5057,12.232
"4730",158,2018-06-06,NA,10.5333,12.2587
"4731",159,2018-06-07,10.4,10.5634,12.2897
"4732",160,2018-06-08,10.38,10.596,12.3224
"4733",161,2018-06-09,10.52,10.6307,12.3585
"4734",162,2018-06-10,10.04,10.6672,12.4055
"4735",163,2018-06-11,10,10.7054,12.4612
"4736",164,2018-06-12,9.88,10.7443,12.513
"4737",165,2018-06-13,9.56,10.7834,12.5658
"4738",166,2018-06-14,9.77,10.8222,12.6175
"4739",167,2018-06-15,NA,10.8602,12.6708
"4740",168,2018-06-16,9.82,10.8967,12.7235
"4741",169,2018-06-17,10.24,10.9306,12.7776
"4742",170,2018-06-18,10.41,10.9613,12.822
"4743",171,2018-06-19,10.91,10.9903,12.8592
"4744",172,2018-06-20,12.08,11.0181,12.8907
"4745",173,2018-06-21,11.68,11.0446,12.9215
"4746",174,2018-06-22,10.98,11.0707,12.9489
"4747",175,2018-06-23,10.67,11.0967,12.973
"4748",176,2018-06-24,10.63,11.1234,12.9938
"4749",177,2018-06-25,10.37,11.1499,13.0126
"4750",178,2018-06-26,11.16,11.1751,13.0241
"4751",179,2018-06-27,10.6,11.2007,13.0341
"4752",180,2018-06-28,11.31,11.2293,13.046
"4753",181,2018-06-29,10.33,11.2625,13.0664
"4754",182,2018-06-30,9.84,11.2993,13.0984
"4755",183,2018-07-01,10.31,11.3384,13.1387
"4756",184,2018-07-02,11.18,11.3798,13.1841
"4757",185,2018-07-03,12.74,11.4236,13.2357
"4758",186,2018-07-04,13.83,11.4684,13.2897
"4759",187,2018-07-05,14.35,11.5116,13.3409
"4760",188,2018-07-06,14.81,11.5539,13.3899
"4761",189,2018-07-07,14.58,11.597,13.4392
"4762",190,2018-07-08,12.15,11.64,13.4915
"4763",191,2018-07-09,11.48,11.6823,13.5466
"4764",192,2018-07-10,10.94,11.7244,13.6014
"4765",193,2018-07-11,10.65,11.766,13.6567
"4766",194,2018-07-12,10.03,11.808,13.7104
"4767",195,2018-07-13,10.42,11.85,13.7632
"4768",196,2018-07-14,10.73,11.8909,13.816
"4769",197,2018-07-15,11.35,11.9304,13.8638
"4770",198,2018-07-16,11.97,11.9699,13.9113
"4771",199,2018-07-17,12.73,12.0098,13.9561
"4772",200,2018-07-18,13.09,12.0492,13.9987
"4773",201,2018-07-19,13.52,12.0882,14.0397
"4774",202,2018-07-20,13.71,12.1267,14.0835
"4775",203,2018-07-21,14.34,12.1631,14.1251
"4776",204,2018-07-22,14.47,12.1972,14.1622
"4777",205,2018-07-23,14.97,12.2285,14.1966
"4778",206,2018-07-24,14.89,12.2571,14.216
"4779",207,2018-07-25,12.42,12.2844,14.2286
"4780",208,2018-07-26,10.9,12.3115,14.2446
"4781",209,2018-07-27,10.87,12.3398,14.2684
"4782",210,2018-07-28,10.86,12.3681,14.2937
"4783",211,2018-07-29,10.97,12.3955,14.3175
"4784",212,2018-07-30,10.96,12.4205,14.3365
"4785",213,2018-07-31,10.9,12.4431,14.3504
"4786",214,2018-08-01,10.96,12.4644,14.3604
"4787",215,2018-08-02,11.68,12.4848,14.37
"4788",216,2018-08-03,11.55,12.5043,14.3793
"4789",217,2018-08-04,11.73,12.5234,14.3942
"4790",218,2018-08-05,11.53,12.5427,14.4146
"4791",219,2018-08-06,11.29,12.563,14.4433
"4792",220,2018-08-07,10.71,12.5834,14.4793
"4793",221,2018-08-08,10.74,12.6029,14.5085
"4794",222,2018-08-09,10.94,12.6219,14.5262
"4795",223,2018-08-10,10.82,12.6406,14.5496
"4796",224,2018-08-11,11.49,12.6583,14.5669
"4797",225,2018-08-12,10.87,12.673,14.5819
"4798",226,2018-08-13,10.59,12.6847,14.5902
"4799",227,2018-08-14,10.79,12.6947,14.5959
"4800",228,2018-08-15,11.15,12.7041,14.6006
"4801",229,2018-08-16,11.23,12.7116,14.6024
"4802",230,2018-08-17,11.8,12.7159,14.6004
"4803",231,2018-08-18,12.25,12.7179,14.5962
"4804",232,2018-08-19,12.89,12.7191,14.5935
"4805",233,2018-08-20,13.02,12.7194,14.588
"4806",234,2018-08-21,12.7,12.7194,14.5837
"4807",235,2018-08-22,12.12,12.7205,14.581
"4808",236,2018-08-23,13.02,12.7243,14.5839
"4809",237,2018-08-24,13.32,12.7301,14.5989
"4810",238,2018-08-25,13.35,12.7366,14.6193
"4811",239,2018-08-26,12.89,12.7432,14.6397
"4812",240,2018-08-27,13.34,12.749,14.6577
"4813",241,2018-08-28,13.98,12.7538,14.6752
"4814",242,2018-08-29,14.68,12.757,14.6869
"4815",243,2018-08-30,15.47,12.7584,14.6893
"4816",244,2018-08-31,14.89,12.7584,14.6916
"4817",245,2018-09-01,13.01,12.7575,14.6904
"4818",246,2018-09-02,12.06,12.7551,14.6905
"4819",247,2018-09-03,11.84,12.7511,14.6891
"4820",248,2018-09-04,11.89,12.7457,14.6847
"4821",249,2018-09-05,12.24,12.7387,14.6764
"4822",250,2018-09-06,12.84,12.7285,14.667
"4823",251,2018-09-07,13.56,12.7151,14.6512
"4824",252,2018-09-08,13.16,12.6996,14.6326
"4825",253,2018-09-09,12.24,12.6821,14.6177
"4826",254,2018-09-10,11.79,12.663,14.5929
"4827",255,2018-09-11,11.11,12.6437,14.5668
"4828",256,2018-09-12,10.94,12.6245,14.5364
"4829",257,2018-09-13,10.97,12.6058,14.5076
"4830",258,2018-09-14,10.89,12.5871,14.4771
"4831",259,2018-09-15,11.11,12.5689,14.4477
"4832",260,2018-09-16,11.18,12.5514,14.4196
"4833",261,2018-09-17,11.52,12.535,14.3946
"4834",262,2018-09-18,11.65,12.52,14.3723
"4835",263,2018-09-19,11.55,12.5058,14.3489
"4836",264,2018-09-20,11.21,12.4926,14.3304
"4837",265,2018-09-21,10.59,12.4801,14.3164
"4838",266,2018-09-22,11.31,12.4666,14.3032
"4839",267,2018-09-23,12.01,12.4507,14.2865
"4840",268,2018-09-24,11.24,12.4328,14.2642
"4841",269,2018-09-25,11.77,12.4143,14.2421
"4842",270,2018-09-26,12.3,12.3948,14.2204
"4843",271,2018-09-27,12.58,12.3749,14.2003
"4844",272,2018-09-28,12.76,12.3558,14.1806
"4845",273,2018-09-29,13.32,12.3384,14.1675
"4846",274,2018-09-30,14.28,12.3231,14.162
"4847",275,2018-10-01,14,12.3094,14.1562
"4848",276,2018-10-02,14.18,12.2966,14.1485
"4849",277,2018-10-03,14.55,12.285,14.138
"4850",278,2018-10-04,14.26,12.2748,14.1263
"4851",279,2018-10-05,13.75,12.2664,14.1138
"4852",280,2018-10-06,12.99,12.2589,14.1002
"4853",281,2018-10-07,11.88,12.2525,14.0803
"4854",282,2018-10-08,11.06,12.2461,14.0572
"4855",283,2018-10-09,10.87,12.2391,14.034
"4856",284,2018-10-10,11.06,12.2316,14.0131
"4857",285,2018-10-11,11.66,12.2232,13.9942
"4858",286,2018-10-12,12.24,12.2148,13.9768
"4859",287,2018-10-13,12.67,12.2075,13.9646
"4860",288,2018-10-14,13.1,12.2017,13.9576
"4861",289,2018-10-15,14.05,12.197,13.9542
"4862",290,2018-10-16,NA,12.1915,13.9523
"4863",291,2018-10-17,NA,12.1861,13.9504
"4864",292,2018-10-18,12.95,12.1812,13.9485
"4865",293,2018-10-19,12.88,12.178,13.9459
"4866",294,2018-10-20,12.85,12.1763,13.9433
"4867",295,2018-10-21,13.02,12.1758,13.94
"4868",296,2018-10-22,13.27,12.1766,13.9363
"4869",297,2018-10-23,13.35,12.1787,13.9306
"4870",298,2018-10-24,13.51,12.1812,13.9254
"4871",299,2018-10-25,13.11,12.1838,13.92
"4872",300,2018-10-26,12.89,12.186,13.9139
"4873",301,2018-10-27,12.49,12.1883,13.9055
"4874",302,2018-10-28,12.45,12.1901,13.8942
"4875",303,2018-10-29,12.43,12.1909,13.8837
"4876",304,2018-10-30,12.28,12.1898,13.875
"4877",305,2018-10-31,11.88,12.1868,13.8655
"4878",306,2018-11-01,11.41,12.1821,13.8553
"4879",307,2018-11-02,11.41,12.1765,13.8474
"4880",308,2018-11-03,11.49,12.1698,13.8377
"4881",309,2018-11-04,11.26,12.1613,13.8263
"4882",310,2018-11-05,11.23,12.1507,13.8127
"4883",311,2018-11-06,10.86,12.1392,13.7975
"4884",312,2018-11-07,10.72,12.1268,13.7828
"4885",313,2018-11-08,10.79,12.1146,13.767
"4886",314,2018-11-09,11.03,12.1032,13.7536
"4887",315,2018-11-10,11.39,12.0925,13.7393
"4888",316,2018-11-11,11.79,12.0827,13.7254
"4889",317,2018-11-12,12.06,12.0731,13.7118
"4890",318,2018-11-13,11.95,12.0621,13.6964
"4891",319,2018-11-14,NA,12.0496,13.6809
"4892",320,2018-11-15,NA,12.0371,13.6655
"4893",321,2018-11-16,12.07,12.0258,13.6507
"4894",322,2018-11-17,11.83,12.0148,13.6358
"4895",323,2018-11-18,12.08,12.004,13.621
"4896",324,2018-11-19,12.19,11.9924,13.607
"4897",325,2018-11-20,12.68,11.9803,13.5944
"4898",326,2018-11-21,13.31,11.9682,13.5827
"4899",327,2018-11-22,13.29,11.9561,13.5726
"4900",328,2018-11-23,13,11.944,13.5664
"4901",329,2018-11-24,12.95,11.9333,13.5603
"4902",330,2018-11-25,12.77,11.9235,13.5547
"4903",331,2018-11-26,12.65,11.9142,13.5488
"4904",332,2018-11-27,12.62,11.9049,13.5437
"4905",333,2018-11-28,13.09,11.8964,13.5424
"4906",334,2018-11-29,13.17,11.8889,13.5405
"4907",335,2018-11-30,13.19,11.8822,13.5366
"4908",336,2018-12-01,12.99,11.8766,13.533
"4909",337,2018-12-02,12.65,11.8716,13.5298
"4910",338,2018-12-03,12.57,11.8664,13.527
"4911",339,2018-12-04,12.28,11.8616,13.527
"4912",340,2018-12-05,12.53,11.8569,13.5288
"4913",341,2018-12-06,12.68,11.8528,13.5329
"4914",342,2018-12-07,12.85,11.8491,13.5387
"4915",343,2018-12-08,13.01,11.8454,13.5437
"4916",344,2018-12-09,13.01,11.8412,13.5492
"4917",345,2018-12-10,13.23,11.8361,13.552
"4918",346,2018-12-11,13.22,11.8299,13.5551
"4919",347,2018-12-12,13.36,11.8218,13.5504
"4920",348,2018-12-13,NA,11.8123,13.5234
"4921",349,2018-12-14,13.23,11.8028,13.4963
"4922",350,2018-12-15,13.5,11.7935,13.4692
"4923",351,2018-12-16,13.76,11.7836,13.4422
"4924",352,2018-12-17,13.79,11.7732,13.4145
"4925",353,2018-12-18,13.87,11.7626,13.3877
"4926",354,2018-12-19,13.92,11.7525,13.3616
"4927",355,2018-12-20,13.93,11.7428,13.3372
"4928",356,2018-12-21,13.93,11.7337,13.313
"4929",357,2018-12-22,13.6,11.725,13.2888
"4930",358,2018-12-23,13.56,11.7171,13.2653
"4931",359,2018-12-24,13.79,11.71,13.2421
"4932",360,2018-12-25,13.63,11.7028,13.2189
"4933",361,2018-12-26,13.33,11.6955,13.1945
"4934",362,2018-12-27,12.56,11.6881,13.17
"4935",363,2018-12-28,11.47,11.6806,13.1451
"4936",364,2018-12-29,11.39,11.6728,13.1193
"4937",365,2018-12-30,11.06,11.6648,13.0933
"4938",366,2018-12-31,10.6,11.6563,13.0669
"4939",1,2019-01-01,10,11.6471,13.0406
"4940",2,2019-01-02,10.23,11.6377,13.0143
"4941",3,2019-01-03,10.37,11.6287,12.9868
"4942",4,2019-01-04,10.72,11.6196,12.9588
"4943",5,2019-01-05,10.83,11.6107,12.9317
"4944",6,2019-01-06,11.71,11.6021,12.906
"4945",7,2019-01-07,11.89,11.5941,12.8821
"4946",8,2019-01-08,12.03,11.5866,12.8589
"4947",9,2019-01-09,12.45,11.5799,12.8382
"4948",10,2019-01-10,12.48,11.574,12.8204
"4949",11,2019-01-11,12.38,11.5693,12.8045
"4950",12,2019-01-12,12.45,11.5664,12.798
"4951",13,2019-01-13,12.46,11.5648,12.8125
"4952",14,2019-01-14,12.49,11.5641,12.8275
"4953",15,2019-01-15,12.42,11.564,12.8426
"4954",16,2019-01-16,12.54,11.5642,12.8567
"4955",17,2019-01-17,12.58,11.5643,12.8713
"4956",18,2019-01-18,12.62,11.5642,12.8857
"4957",19,2019-01-19,12.67,11.5638,12.8995
"4958",20,2019-01-20,12.87,11.5628,12.9115
"4959",21,2019-01-21,12.74,11.5614,12.9232
"4960",22,2019-01-22,12.8,11.5594,12.9345
"4961",23,2019-01-23,12.76,11.5564,12.9449
"4962",24,2019-01-24,12.9,11.5526,12.9568
"4963",25,2019-01-25,12.84,11.5476,12.9693
"4964",26,2019-01-26,12.73,11.5413,12.9847
"4965",27,2019-01-27,12.79,11.5339,13.0008
"4966",28,2019-01-28,12.84,11.5251,13.0151
"4967",29,2019-01-29,12.92,11.5151,13.0312
"4968",30,2019-01-30,12.86,11.5037,13.0478
"4969",31,2019-01-31,12.99,11.4915,13.0664
"4970",32,2019-02-01,13.12,11.4779,13.0844
"4971",33,2019-02-02,13.06,11.4627,13.1019
"4972",34,2019-02-03,12.99,11.4454,13.1194
"4973",35,2019-02-04,12.79,11.4259,13.1342
"4974",36,2019-02-05,12.83,11.4049,13.1474
"4975",37,2019-02-06,12.58,11.3831,13.1592
"4976",38,2019-02-07,12.77,11.3601,13.1688
"4977",39,2019-02-08,12.58,11.3363,13.1761
"4978",40,2019-02-09,12.31,11.3118,13.1822
"4979",41,2019-02-10,12.62,11.2868,13.1861
"4980",42,2019-02-11,12.64,11.2612,13.1871
"4981",43,2019-02-12,12.43,11.2358,13.1865
"4982",44,2019-02-13,12.2,11.2108,13.1832
"4983",45,2019-02-14,12.52,11.1871,13.18
"4984",46,2019-02-15,12.3,11.165,13.1747
"4985",47,2019-02-16,12.51,11.1441,13.1689
"4986",48,2019-02-17,12.4,11.1242,13.1624
"4987",49,2019-02-18,12.47,11.1053,13.1537
"4988",50,2019-02-19,12.44,11.0873,13.1419
"4989",51,2019-02-20,12.38,11.0698,13.1294
"4990",52,2019-02-21,12.04,11.0531,13.1168
"4991",53,2019-02-22,11.9,11.0372,13.1026
"4992",54,2019-02-23,11.36,11.0216,13.0876
"4993",55,2019-02-24,11.2,11.0057,13.069
"4994",56,2019-02-25,11.79,10.9899,13.0435
"4995",57,2019-02-26,11.83,10.974,13.0151
"4996",58,2019-02-27,12.03,10.9584,12.9824
"4997",59,2019-02-28,11.88,10.9432,12.949
"4998",61,2019-03-01,12.18,10.9161,12.8805
"4999",62,2019-03-02,12.12,10.9044,12.8489
"5000",63,2019-03-03,12.27,10.8933,12.8157
"5001",64,2019-03-04,12.31,10.8824,12.7834
"5002",65,2019-03-05,12.13,10.8723,12.7511
"5003",66,2019-03-06,12.29,10.863,12.7198
"5004",67,2019-03-07,12.35,10.8538,12.6894
"5005",68,2019-03-08,12.25,10.8446,12.6615
"5006",69,2019-03-09,12.05,10.8356,12.6338
"5007",70,2019-03-10,12.14,10.8271,12.6085
"5008",71,2019-03-11,12,10.8185,12.5805
"5009",72,2019-03-12,12.16,10.8091,12.5441
"5010",73,2019-03-13,11.54,10.7984,12.5079
"5011",74,2019-03-14,11.12,10.7862,12.4691
"5012",75,2019-03-15,11.28,10.7722,12.4311
"5013",76,2019-03-16,11.31,10.7559,12.3913
"5014",77,2019-03-17,11.18,10.7368,12.3513
"5015",78,2019-03-18,11.55,10.7157,12.3115
"5016",79,2019-03-19,11.69,10.6928,12.2709
"5017",80,2019-03-20,12.38,10.6681,12.2307
"5018",81,2019-03-21,12.76,10.6417,12.1918
"5019",82,2019-03-22,12.93,10.6136,12.1504
"5020",83,2019-03-23,12.88,10.5839,12.1075
"5021",84,2019-03-24,12.82,10.5521,12.0665
"5022",85,2019-03-25,12.92,10.5191,12.0231
"5023",86,2019-03-26,12.86,10.4854,11.9784
"5024",87,2019-03-27,13.09,10.4514,11.9378
"5025",88,2019-03-28,13.54,10.419,11.9003
"5026",89,2019-03-29,13.31,10.3871,11.8705
"5027",90,2019-03-30,12.92,10.3565,11.8459
"5028",91,2019-03-31,12.52,10.3267,11.8255
"5029",92,2019-04-01,11.94,10.2972,11.8035
"5030",93,2019-04-02,12.07,10.267,11.7805
"5031",94,2019-04-03,12.62,10.2374,11.7587
"5032",95,2019-04-04,13,10.2095,11.7356
"5033",96,2019-04-05,13.42,10.1833,11.7091
"5034",97,2019-04-06,13.52,10.1593,11.6816
"5035",98,2019-04-07,13.58,10.1368,11.6527
"5036",99,2019-04-08,14.47,10.1139,11.6182
"5037",100,2019-04-09,14.16,10.0911,11.5802
"5038",101,2019-04-10,11.63,10.0671,11.5371
"5039",102,2019-04-11,10.19,10.0413,11.4953
"5040",103,2019-04-12,9.25,10.0153,11.461
"5041",104,2019-04-13,8.48,9.9909,11.4284
"5042",105,2019-04-14,8.45,9.9677,11.3936
"5043",106,2019-04-15,8.42,9.9456,11.3606
"5044",107,2019-04-16,8.63,9.9246,11.3267
"5045",108,2019-04-17,8.96,9.9048,11.2911
"5046",109,2019-04-18,8.91,9.8863,11.2589
"5047",110,2019-04-19,9.53,9.87,11.2328
"5048",111,2019-04-20,10.05,9.8559,11.2117
"5049",112,2019-04-21,9.25,9.8442,11.1928
"5050",113,2019-04-22,8.92,9.836,11.1847
"5051",114,2019-04-23,8.83,9.8301,11.1798
"5052",115,2019-04-24,8.87,9.8262,11.1746
"5053",116,2019-04-25,8.76,9.8242,11.1739
"5054",117,2019-04-26,NA,9.825,11.1789
"5055",118,2019-04-27,NA,9.8284,11.1891
"5056",119,2019-04-28,NA,9.833,11.205
"5057",120,2019-04-29,NA,9.8395,11.2179
"5058",121,2019-04-30,12.21,9.8471,11.2281
"5059",122,2019-05-01,12.02,9.8545,11.2341
"5060",123,2019-05-02,14.76,9.8618,11.2412
"5061",124,2019-05-03,13.54,9.8694,11.2438
"5062",125,2019-05-04,11.24,9.8769,11.2461
"5063",126,2019-05-05,11.92,9.8838,11.2485
"5064",127,2019-05-06,11.83,9.8902,11.2559
"5065",128,2019-05-07,11.32,9.896,11.2637
"5066",129,2019-05-08,12.49,9.9017,11.272
"5067",130,2019-05-09,12.8,9.9081,11.2816
"5068",131,2019-05-10,13.53,9.9143,11.2892
"5069",132,2019-05-11,13.91,9.9217,11.2972
"5070",133,2019-05-12,12.62,9.9319,11.3116
"5071",134,2019-05-13,12.1,9.9452,11.3294
"5072",135,2019-05-14,10.58,9.9602,11.3523
"5073",136,2019-05-15,10.68,9.9773,11.3811
"5074",137,2019-05-16,11.25,9.9972,11.4147
"5075",138,2019-05-17,12.21,10.0203,11.4514
"5076",139,2019-05-18,11.76,10.0461,11.5018
"5077",140,2019-05-19,12.06,10.0729,11.5515
"5078",141,2019-05-20,12.68,10.1005,11.5975
"5079",142,2019-05-21,13.33,10.1294,11.64
"5080",143,2019-05-22,12,10.159,11.6854
"5081",144,2019-05-23,10.57,10.1886,11.7355
"5082",145,2019-05-24,9.9,10.2176,11.789
"5083",146,2019-05-25,NA,10.2471,11.8425
"5084",147,2019-05-26,NA,10.2771,11.895
"5085",148,2019-05-27,NA,10.3055,11.9454
"5086",149,2019-05-28,11.32,10.331,11.9924
"5087",150,2019-05-29,10.58,10.3538,12.0308
"5088",151,2019-05-30,10.43,10.3754,12.0637
"5089",152,2019-05-31,9.96,10.3957,12.0962
"5090",153,2019-06-01,10.4,10.4156,12.1271
"5091",154,2019-06-02,10.07,10.4355,12.1538
"5092",155,2019-06-03,11.4,10.4564,12.1779
"5093",156,2019-06-04,11.14,10.4799,12.2045
"5094",157,2019-06-05,10.24,10.5057,12.232
"5095",158,2019-06-06,10.61,10.5333,12.2587
"5096",159,2019-06-07,9.79,10.5634,12.2897
"5097",160,2019-06-08,9.39,10.596,12.3224
"5098",161,2019-06-09,9.73,10.6307,12.3585
"5099",162,2019-06-10,10.78,10.6672,12.4055
"5100",163,2019-06-11,10.84,10.7054,12.4612
"5101",164,2019-06-12,12.88,10.7443,12.513
"5102",165,2019-06-13,NA,10.7834,12.5658
"5103",166,2019-06-14,NA,10.8222,12.6175
"5104",167,2019-06-15,NA,10.8602,12.6708
"5105",168,2019-06-16,NA,10.8967,12.7235
"5106",169,2019-06-17,10.73,10.9306,12.7776
"5107",170,2019-06-18,10.73,10.9613,12.822
"5108",171,2019-06-19,12.71,10.9903,12.8592
"5109",172,2019-06-20,13.62,11.0181,12.8907
"5110",173,2019-06-21,12.65,11.0446,12.9215
"5111",174,2019-06-22,12.57,11.0707,12.9489
"5112",175,2019-06-23,15.01,11.0967,12.973
"5113",176,2019-06-24,15.41,11.1234,12.9938
"5114",177,2019-06-25,16.13,11.1499,13.0126
"5115",178,2019-06-26,12.31,11.1751,13.0241
"5116",179,2019-06-27,11.63,11.2007,13.0341
"5117",180,2019-06-28,11.6,11.2293,13.046
"5118",181,2019-06-29,11.5,11.2625,13.0664
"5119",182,2019-06-30,11.31,11.2993,13.0984
"5120",183,2019-07-01,11.39,11.3384,13.1387
"5121",184,2019-07-02,10.59,11.3798,13.1841
"5122",185,2019-07-03,10.23,11.4236,13.2357
"5123",186,2019-07-04,9.98,11.4684,13.2897
"5124",187,2019-07-05,9.75,11.5116,13.3409
"5125",188,2019-07-06,10.03,11.5539,13.3899
"5126",189,2019-07-07,9.97,11.597,13.4392
"5127",190,2019-07-08,10.11,11.64,13.4915
"5128",191,2019-07-09,10.35,11.6823,13.5466
"5129",192,2019-07-10,10.32,11.7244,13.6014
"5130",193,2019-07-11,10.8,11.766,13.6567
"5131",194,2019-07-12,11.27,11.808,13.7104
"5132",195,2019-07-13,10.99,11.85,13.7632
"5133",196,2019-07-14,10.72,11.8909,13.816
"5134",197,2019-07-15,10.47,11.9304,13.8638
"5135",198,2019-07-16,10.3,11.9699,13.9113
"5136",199,2019-07-17,9.64,12.0098,13.9561
"5137",200,2019-07-18,9.8,12.0492,13.9987
"5138",201,2019-07-19,10.1,12.0882,14.0397
"5139",202,2019-07-20,11.31,12.1267,14.0835
"5140",203,2019-07-21,11.87,12.1631,14.1251
"5141",204,2019-07-22,14.06,12.1972,14.1622
"5142",205,2019-07-23,14.17,12.2285,14.1966
"5143",206,2019-07-24,13.93,12.2571,14.216
"5144",207,2019-07-25,13.42,12.2844,14.2286
"5145",208,2019-07-26,12.63,12.3115,14.2446
"5146",209,2019-07-27,12.68,12.3398,14.2684
"5147",210,2019-07-28,14.59,12.3681,14.2937
"5148",211,2019-07-29,13.8,12.3955,14.3175
"5149",212,2019-07-30,11.81,12.4205,14.3365
"5150",213,2019-07-31,10.92,12.4431,14.3504
"5151",214,2019-08-01,11.18,12.4644,14.3604
"5152",215,2019-08-02,11.72,12.4848,14.37
"5153",216,2019-08-03,11.1,12.5043,14.3793
"5154",217,2019-08-04,10.94,12.5234,14.3942
"5155",218,2019-08-05,10.68,12.5427,14.4146
"5156",219,2019-08-06,11.27,12.563,14.4433
"5157",220,2019-08-07,12.28,12.5834,14.4793
"5158",221,2019-08-08,12.19,12.6029,14.5085
"5159",222,2019-08-09,11.59,12.6219,14.5262
"5160",223,2019-08-10,11.44,12.6406,14.5496
"5161",224,2019-08-11,12,12.6583,14.5669
"5162",225,2019-08-12,11.77,12.673,14.5819
"5163",226,2019-08-13,11.33,12.6847,14.5902
"5164",227,2019-08-14,11.02,12.6947,14.5959
"5165",228,2019-08-15,11.3,12.7041,14.6006
"5166",229,2019-08-16,10.97,12.7116,14.6024
"5167",230,2019-08-17,11.29,12.7159,14.6004
"5168",231,2019-08-18,12.47,12.7179,14.5962
"5169",232,2019-08-19,13.96,12.7191,14.5935
"5170",233,2019-08-20,15.92,12.7194,14.588
"5171",234,2019-08-21,14.28,12.7194,14.5837
"5172",235,2019-08-22,11.98,12.7205,14.581
"5173",236,2019-08-23,10.79,12.7243,14.5839
"5174",237,2019-08-24,10.84,12.7301,14.5989
"5175",238,2019-08-25,11.53,12.7366,14.6193
"5176",239,2019-08-26,13.81,12.7432,14.6397
"5177",240,2019-08-27,15.3,12.749,14.6577
"5178",241,2019-08-28,14.97,12.7538,14.6752
"5179",242,2019-08-29,15.02,12.757,14.6869
"5180",243,2019-08-30,15.92,12.7584,14.6893
"5181",244,2019-08-31,13.76,12.7584,14.6916
"5182",245,2019-09-01,12.49,12.7575,14.6904
"5183",246,2019-09-02,11.16,12.7551,14.6905
"5184",247,2019-09-03,11.14,12.7511,14.6891
"5185",248,2019-09-04,11.01,12.7457,14.6847
"5186",249,2019-09-05,11.81,12.7387,14.6764
"5187",250,2019-09-06,12.08,12.7285,14.667
"5188",251,2019-09-07,12.36,12.7151,14.6512
"5189",252,2019-09-08,11.95,12.6996,14.6326
"5190",253,2019-09-09,11.36,12.6821,14.6177
"5191",254,2019-09-10,11,12.663,14.5929
"5192",255,2019-09-11,10.77,12.6437,14.5668
"5193",256,2019-09-12,10.51,12.6245,14.5364
"5194",257,2019-09-13,10.73,12.6058,14.5076
"5195",258,2019-09-14,11.34,12.5871,14.4771
"5196",259,2019-09-15,11.29,12.5689,14.4477
"5197",260,2019-09-16,11.19,12.5514,14.4196
"5198",261,2019-09-17,11.27,12.535,14.3946
"5199",262,2019-09-18,11.74,12.52,14.3723
"5200",263,2019-09-19,12.6,12.5058,14.3489
"5201",264,2019-09-20,12.21,12.4926,14.3304
"5202",265,2019-09-21,12.34,12.4801,14.3164
"5203",266,2019-09-22,12.38,12.4666,14.3032
"5204",267,2019-09-23,12.21,12.4507,14.2865
"5205",268,2019-09-24,11.49,12.4328,14.2642
"5206",269,2019-09-25,11.21,12.4143,14.2421
"5207",270,2019-09-26,11.42,12.3948,14.2204
"5208",271,2019-09-27,11.57,12.3749,14.2003
"5209",272,2019-09-28,11.85,12.3558,14.1806
"5210",273,2019-09-29,11.06,12.3384,14.1675
"5211",274,2019-09-30,10.94,12.3231,14.162
"5212",275,2019-10-01,10.76,12.3094,14.1562
"5213",276,2019-10-02,10.89,12.2966,14.1485
"5214",277,2019-10-03,11.4,12.285,14.138
"5215",278,2019-10-04,11.17,12.2748,14.1263
"5216",279,2019-10-05,11.27,12.2664,14.1138
"5217",280,2019-10-06,11.3,12.2589,14.1002
"5218",281,2019-10-07,11.07,12.2525,14.0803
"5219",282,2019-10-08,10.87,12.2461,14.0572
"5220",283,2019-10-09,10.93,12.2391,14.034
"5221",284,2019-10-10,10.3,12.2316,14.0131
"5222",285,2019-10-11,10.42,12.2232,13.9942
"5223",286,2019-10-12,10.55,12.2148,13.9768
"5224",287,2019-10-13,10.58,12.2075,13.9646
"5225",288,2019-10-14,10.69,12.2017,13.9576
"5226",289,2019-10-15,10.95,12.197,13.9542
"5227",290,2019-10-16,11.24,12.1915,13.9523
"5228",291,2019-10-17,11.15,12.1861,13.9504
"5229",292,2019-10-18,10.6,12.1812,13.9485
"5230",293,2019-10-19,11.05,12.178,13.9459
"5231",294,2019-10-20,11.31,12.1763,13.9433
"5232",295,2019-10-21,11.62,12.1758,13.94
"5233",296,2019-10-22,11.07,12.1766,13.9363
"5234",297,2019-10-23,10.54,12.1787,13.9306
"5235",298,2019-10-24,10.51,12.1812,13.9254
"5236",299,2019-10-25,10.6,12.1838,13.92
"5237",300,2019-10-26,11.01,12.186,13.9139
"5238",301,2019-10-27,10.68,12.1883,13.9055
"5239",302,2019-10-28,10.3,12.1901,13.8942
"5240",303,2019-10-29,10.25,12.1909,13.8837
"5241",304,2019-10-30,10.37,12.1898,13.875
"5242",305,2019-10-31,10.95,12.1868,13.8655
"5243",306,2019-11-01,11.8,12.1821,13.8553
"5244",307,2019-11-02,12.24,12.1765,13.8474
"5245",308,2019-11-03,12.6,12.1698,13.8377
"5246",309,2019-11-04,11.46,12.1613,13.8263
"5247",310,2019-11-05,11.32,12.1507,13.8127
"5248",311,2019-11-06,11.47,12.1392,13.7975
"5249",312,2019-11-07,11.54,12.1268,13.7828
"5250",313,2019-11-08,11.68,12.1146,13.767
"5251",314,2019-11-09,11.65,12.1032,13.7536
"5252",315,2019-11-10,11.56,12.0925,13.7393
"5253",316,2019-11-11,11.83,12.0827,13.7254
"5254",317,2019-11-12,11.81,12.0731,13.7118
"5255",318,2019-11-13,12.04,12.0621,13.6964
"5256",319,2019-11-14,12.16,12.0496,13.6809
"5257",320,2019-11-15,12.36,12.0371,13.6655
"5258",321,2019-11-16,12.17,12.0258,13.6507
"5259",322,2019-11-17,12.32,12.0148,13.6358
"5260",323,2019-11-18,12.54,12.004,13.621
"5261",324,2019-11-19,12.16,11.9924,13.607
"5262",325,2019-11-20,11.26,11.9803,13.5944
"5263",326,2019-11-21,10.89,11.9682,13.5827
"5264",327,2019-11-22,10.89,11.9561,13.5726
"5265",328,2019-11-23,11,11.944,13.5664
"5266",329,2019-11-24,11.28,11.9333,13.5603
"5267",330,2019-11-25,11.41,11.9235,13.5547
"5268",331,2019-11-26,10.94,11.9142,13.5488
"5269",332,2019-11-27,10.86,11.9049,13.5437
"5270",333,2019-11-28,10.61,11.8964,13.5424
"5271",334,2019-11-29,10.61,11.8889,13.5405
"5272",335,2019-11-30,10.29,11.8822,13.5366
"5273",336,2019-12-01,10.89,11.8766,13.533
"5274",337,2019-12-02,11.08,11.8716,13.5298
"5275",338,2019-12-03,11.66,11.8664,13.527
"5276",339,2019-12-04,12.07,11.8616,13.527
"5277",340,2019-12-05,11.97,11.8569,13.5288
"5278",341,2019-12-06,12.14,11.8528,13.5329
"5279",342,2019-12-07,12.4,11.8491,13.5387
"5280",343,2019-12-08,12.21,11.8454,13.5437
"5281",344,2019-12-09,12.03,11.8412,13.5492
"5282",345,2019-12-10,12.13,11.8361,13.552
"5283",346,2019-12-11,12.43,11.8299,13.5551
"5284",347,2019-12-12,12.61,11.8218,13.5504
"5285",348,2019-12-13,12.73,11.8123,13.5234
"5286",349,2019-12-14,12.65,11.8028,13.4963
"5287",350,2019-12-15,12.52,11.7935,13.4692
"5288",351,2019-12-16,12.48,11.7836,13.4422
"5289",352,2019-12-17,12.18,11.7732,13.4145
"5290",353,2019-12-18,12.02,11.7626,13.3877
"5291",354,2019-12-19,12.71,11.7525,13.3616
"5292",355,2019-12-20,12.86,11.7428,13.3372
"5293",356,2019-12-21,12.81,11.7337,13.313
"5294",357,2019-12-22,12.7,11.725,13.2888
"5295",358,2019-12-23,12.36,11.7171,13.2653
"5296",359,2019-12-24,12.24,11.71,13.2421
"5297",360,2019-12-25,12.27,11.7028,13.2189
"5298",361,2019-12-26,12.09,11.6955,13.1945
"5299",362,2019-12-27,12.03,11.6881,13.17
"5300",363,2019-12-28,12.12,11.6806,13.1451
"5301",364,2019-12-29,12.15,11.6728,13.1193
"5302",365,2019-12-30,12.15,11.6648,13.0933
"5303",366,2019-12-31,12.2,11.6563,13.0669
"5304",1,2020-01-01,12.34,11.6471,13.0406
"5305",2,2020-01-02,12.37,11.6377,13.0143
"5306",3,2020-01-03,12.14,11.6287,12.9868
"5307",4,2020-01-04,12.13,11.6196,12.9588
"5308",5,2020-01-05,11.85,11.6107,12.9317
"5309",6,2020-01-06,11.77,11.6021,12.906
"5310",7,2020-01-07,11.57,11.5941,12.8821
"5311",8,2020-01-08,11.64,11.5866,12.8589
"5312",9,2020-01-09,11.64,11.5799,12.8382
"5313",10,2020-01-10,11.26,11.574,12.8204
"5314",11,2020-01-11,11.24,11.5693,12.8045
"5315",12,2020-01-12,11.05,11.5664,12.798
"5316",13,2020-01-13,11.21,11.5648,12.8125
"5317",14,2020-01-14,11.23,11.5641,12.8275
"5318",15,2020-01-15,10.96,11.564,12.8426
"5319",16,2020-01-16,11.15,11.5642,12.8567
"5320",17,2020-01-17,11.27,11.5643,12.8713
"5321",18,2020-01-18,11.22,11.5642,12.8857
"5322",19,2020-01-19,11.37,11.5638,12.8995
"5323",20,2020-01-20,11.38,11.5628,12.9115
"5324",21,2020-01-21,11.57,11.5614,12.9232
"5325",22,2020-01-22,11.58,11.5594,12.9345
"5326",23,2020-01-23,11.71,11.5564,12.9449
"5327",24,2020-01-24,11.82,11.5526,12.9568
"5328",25,2020-01-25,11.94,11.5476,12.9693
"5329",26,2020-01-26,12.06,11.5413,12.9847
"5330",27,2020-01-27,12.08,11.5339,13.0008
"5331",28,2020-01-28,12.18,11.5251,13.0151
"5332",29,2020-01-29,11.83,11.5151,13.0312
"5333",30,2020-01-30,11.76,11.5037,13.0478
"5334",31,2020-01-31,11.67,11.4915,13.0664
"5335",32,2020-02-01,11.59,11.4779,13.0844
"5336",33,2020-02-02,11.65,11.4627,13.1019
"5337",34,2020-02-03,10.69,11.4454,13.1194
"5338",35,2020-02-04,10.23,11.4259,13.1342
"5339",36,2020-02-05,10.17,11.4049,13.1474
"5340",37,2020-02-06,10.14,11.3831,13.1592
"5341",38,2020-02-07,10.46,11.3601,13.1688
"5342",39,2020-02-08,10.44,11.3363,13.1761
"5343",40,2020-02-09,10.18,11.3118,13.1822
"5344",41,2020-02-10,10.07,11.2868,13.1861
"5345",42,2020-02-11,10.23,11.2612,13.1871
"5346",43,2020-02-12,10.29,11.2358,13.1865
"5347",44,2020-02-13,10.3,11.2108,13.1832
"5348",45,2020-02-14,10.34,11.1871,13.18
"5349",46,2020-02-15,10.59,11.165,13.1747
"5350",47,2020-02-16,10.52,11.1441,13.1689
"5351",48,2020-02-17,10.23,11.1242,13.1624
"5352",49,2020-02-18,10.01,11.1053,13.1537
"5353",50,2020-02-19,10.03,11.0873,13.1419
"5354",51,2020-02-20,10.3,11.0698,13.1294
"5355",52,2020-02-21,10.54,11.0531,13.1168
"5356",53,2020-02-22,10.65,11.0372,13.1026
"5357",54,2020-02-23,10.47,11.0216,13.0876
"5358",55,2020-02-24,10.3,11.0057,13.069
"5359",56,2020-02-25,10.31,10.9899,13.0435
"5360",57,2020-02-26,10.34,10.974,13.0151
"5361",58,2020-02-27,9.99,10.9584,12.9824
"5362",59,2020-02-28,10.27,10.9432,12.949
"5363",60,2020-02-29,10.27,10.929,12.914
"5364",61,2020-03-01,9.8,10.9161,12.8805
"5365",62,2020-03-02,9.8,10.9044,12.8489
"5366",63,2020-03-03,9.78,10.8933,12.8157
"5367",64,2020-03-04,9.77,10.8824,12.7834
"5368",65,2020-03-05,9.88,10.8723,12.7511
"5369",66,2020-03-06,10.46,10.863,12.7198
"5370",67,2020-03-07,10.45,10.8538,12.6894
"5371",68,2020-03-08,10.43,10.8446,12.6615
"5372",69,2020-03-09,10.84,10.8356,12.6338
"5373",70,2020-03-10,11.11,10.8271,12.6085
"5374",71,2020-03-11,11.11,10.8185,12.5805
"5375",72,2020-03-12,11.23,10.8091,12.5441
"5376",73,2020-03-13,11.72,10.7984,12.5079
"5377",74,2020-03-14,11.74,10.7862,12.4691
"5378",75,2020-03-15,11.57,10.7722,12.4311
"5379",76,2020-03-16,11.66,10.7559,12.3913
"5380",77,2020-03-17,11.76,10.7368,12.3513
"5381",78,2020-03-18,11.77,10.7157,12.3115
"5382",79,2020-03-19,12,10.6928,12.2709
"5383",80,2020-03-20,12.5,10.6681,12.2307
"5384",81,2020-03-21,12.36,10.6417,12.1918
"5385",82,2020-03-22,12.8,10.6136,12.1504
"5386",83,2020-03-23,12.21,10.5839,12.1075
"5387",84,2020-03-24,11.94,10.5521,12.0665
"5388",85,2020-03-25,11.98,10.5191,12.0231
"5389",86,2020-03-26,11.79,10.4854,11.9784
"5390",87,2020-03-27,11.65,10.4514,11.9378
"5391",88,2020-03-28,11.29,10.419,11.9003
"5392",89,2020-03-29,11.45,10.3871,11.8705
"5393",90,2020-03-30,11.71,10.3565,11.8459
"5394",91,2020-03-31,12,10.3267,11.8255
"5395",92,2020-04-01,11.4,10.2972,11.8035
"5396",93,2020-04-02,10.29,10.267,11.7805
"5397",94,2020-04-03,9.88,10.2374,11.7587
"5398",95,2020-04-04,9.66,10.2095,11.7356
"5399",96,2020-04-05,10.18,10.1833,11.7091
"5400",97,2020-04-06,10.27,10.1593,11.6816
"5401",98,2020-04-07,10.39,10.1368,11.6527
"5402",99,2020-04-08,10.58,10.1139,11.6182
"5403",100,2020-04-09,10.97,10.0911,11.5802
"5404",101,2020-04-10,11.17,10.0671,11.5371
"5405",102,2020-04-11,10.75,10.0413,11.4953
"5406",103,2020-04-12,10.92,10.0153,11.461
"5407",104,2020-04-13,10.6,9.9909,11.4284
"5408",105,2020-04-14,11.1,9.9677,11.3936
"5409",106,2020-04-15,10.98,9.9456,11.3606
"5410",107,2020-04-16,NA,9.9246,11.3267
"5411",108,2020-04-17,11.85,9.9048,11.2911
"5412",109,2020-04-18,11.39,9.8863,11.2589
"5413",110,2020-04-19,12.02,9.87,11.2328
"5414",111,2020-04-20,12.18,9.8559,11.2117
"5415",112,2020-04-21,11.6,9.8442,11.1928
"5416",113,2020-04-22,11.12,9.836,11.1847
"5417",114,2020-04-23,10.99,9.8301,11.1798
"5418",115,2020-04-24,10.11,9.8262,11.1746
"5419",116,2020-04-25,9.86,9.8242,11.1739
"5420",117,2020-04-26,9.56,9.825,11.1789
"5421",118,2020-04-27,9.41,9.8284,11.1891
"5422",119,2020-04-28,9.53,9.833,11.205
"5423",120,2020-04-29,9.23,9.8395,11.2179
"5424",121,2020-04-30,8.85,9.8471,11.2281
"5425",122,2020-05-01,NA,9.8545,11.2341
"5426",123,2020-05-02,NA,9.8618,11.2412
"5427",124,2020-05-03,9.72,9.8694,11.2438
"5428",125,2020-05-04,9.91,9.8769,11.2461
"5429",126,2020-05-05,9.93,9.8838,11.2485
"5430",127,2020-05-06,9.92,9.8902,11.2559
"5431",128,2020-05-07,9.72,9.896,11.2637
"5432",129,2020-05-08,9.67,9.9017,11.272
"5433",130,2020-05-09,9.58,9.9081,11.2816
"5434",131,2020-05-10,9.75,9.9143,11.2892
"5435",132,2020-05-11,10.38,9.9217,11.2972
"5436",133,2020-05-12,10.33,9.9319,11.3116
"5437",134,2020-05-13,10.47,9.9452,11.3294
"5438",135,2020-05-14,NA,9.9602,11.3523
"5439",136,2020-05-15,11.37,9.9773,11.3811
"5440",137,2020-05-16,11.94,9.9972,11.4147
"5441",138,2020-05-17,11.69,10.0203,11.4514
"5442",139,2020-05-18,11.99,10.0461,11.5018
"5443",140,2020-05-19,12.19,10.0729,11.5515
"5444",141,2020-05-20,12.12,10.1005,11.5975
"5445",142,2020-05-21,10.98,10.1294,11.64
"5446",143,2020-05-22,10.49,10.159,11.6854
"5447",144,2020-05-23,9.94,10.1886,11.7355
"5448",145,2020-05-24,9.78,10.2176,11.789
"5449",146,2020-05-25,9.75,10.2471,11.8425
"5450",147,2020-05-26,9.65,10.2771,11.895
"5451",148,2020-05-27,10.07,10.3055,11.9454
"5452",149,2020-05-28,9.33,10.331,11.9924
"5453",150,2020-05-29,9.7,10.3538,12.0308
"5454",151,2020-05-30,10.79,10.3754,12.0637
"5455",152,2020-05-31,11.69,10.3957,12.0962
"5456",153,2020-06-01,11.81,10.4156,12.1271
"5457",154,2020-06-02,13.05,10.4355,12.1538
"5458",155,2020-06-03,12.69,10.4564,12.1779
"5459",156,2020-06-04,12.27,10.4799,12.2045
"5460",157,2020-06-05,10.64,10.5057,12.232
"5461",158,2020-06-06,10.26,10.5333,12.2587
"5462",159,2020-06-07,10.16,10.5634,12.2897
"5463",160,2020-06-08,10.16,10.596,12.3224
"5464",161,2020-06-09,10.01,10.6307,12.3585
"5465",162,2020-06-10,9.93,10.6672,12.4055
"5466",163,2020-06-11,9.74,10.7054,12.4612
"5467",164,2020-06-12,10.47,10.7443,12.513
"5468",165,2020-06-13,10.8,10.7834,12.5658
"5469",166,2020-06-14,10.73,10.8222,12.6175
"5470",167,2020-06-15,11.16,10.8602,12.6708
"5471",168,2020-06-16,10.82,10.8967,12.7235
"5472",169,2020-06-17,10.38,10.9306,12.7776
"5473",170,2020-06-18,10.03,10.9613,12.822
"5474",171,2020-06-19,10.15,10.9903,12.8592
"5475",172,2020-06-20,10.29,11.0181,12.8907
"5476",173,2020-06-21,10.62,11.0446,12.9215
"5477",174,2020-06-22,9.97,11.0707,12.9489
"5478",175,2020-06-23,10.54,11.0967,12.973
"5479",176,2020-06-24,11.03,11.1234,12.9938
"5480",177,2020-06-25,11.62,11.1499,13.0126
"5481",178,2020-06-26,11.96,11.1751,13.0241
"5482",179,2020-06-27,12.97,11.2007,13.0341
"5483",180,2020-06-28,13.91,11.2293,13.046
"5484",181,2020-06-29,11.93,11.2625,13.0664
"5485",182,2020-06-30,10.73,11.2993,13.0984
"5486",183,2020-07-01,11.35,11.3384,13.1387
"5487",184,2020-07-02,11.03,11.3798,13.1841
"5488",185,2020-07-03,11.53,11.4236,13.2357
"5489",186,2020-07-04,12.82,11.4684,13.2897
"5490",187,2020-07-05,10.96,11.5116,13.3409
"5491",188,2020-07-06,10.92,11.5539,13.3899
"5492",189,2020-07-07,10.88,11.597,13.4392
"5493",190,2020-07-08,10.3,11.64,13.4915
"5494",191,2020-07-09,10.38,11.6823,13.5466
"5495",192,2020-07-10,10.79,11.7244,13.6014
"5496",193,2020-07-11,11.9,11.766,13.6567
"5497",194,2020-07-12,11.83,11.808,13.7104
"5498",195,2020-07-13,11.9,11.85,13.7632
"5499",196,2020-07-14,10.96,11.8909,13.816
"5500",197,2020-07-15,10.93,11.9304,13.8638
"5501",198,2020-07-16,11.69,11.9699,13.9113
"5502",199,2020-07-17,13.09,12.0098,13.9561
"5503",200,2020-07-18,13.74,12.0492,13.9987
"5504",201,2020-07-19,13.25,12.0882,14.0397
"5505",202,2020-07-20,14.33,12.1267,14.0835
"5506",203,2020-07-21,14.86,12.1631,14.1251
"5507",204,2020-07-22,14.1,12.1972,14.1622
"5508",205,2020-07-23,14.25,12.2285,14.1966
"5509",206,2020-07-24,13.7,12.2571,14.216
"5510",207,2020-07-25,11.16,12.2844,14.2286
"5511",208,2020-07-26,12.89,12.3115,14.2446
"5512",209,2020-07-27,14.5,12.3398,14.2684
"5513",210,2020-07-28,15.29,12.3681,14.2937
"5514",211,2020-07-29,15.39,12.3955,14.3175
"5515",212,2020-07-30,15.36,12.4205,14.3365
"5516",213,2020-07-31,14.76,12.4431,14.3504
"5517",214,2020-08-01,13.56,12.4644,14.3604
"5518",215,2020-08-02,11.6,12.4848,14.37
"5519",216,2020-08-03,11.33,12.5043,14.3793
"5520",217,2020-08-04,10.97,12.5234,14.3942
"5521",218,2020-08-05,10.81,12.5427,14.4146
"5522",219,2020-08-06,11.08,12.563,14.4433
"5523",220,2020-08-07,10.42,12.5834,14.4793
"5524",221,2020-08-08,10.59,12.6029,14.5085
"5525",222,2020-08-09,11.57,12.6219,14.5262
"5526",223,2020-08-10,12.14,12.6406,14.5496
"5527",224,2020-08-11,12.8,12.6583,14.5669
"5528",225,2020-08-12,13.54,12.673,14.5819
"5529",226,2020-08-13,13.9,12.6847,14.5902
"5530",227,2020-08-14,13.8,12.6947,14.5959
"5531",228,2020-08-15,14.73,12.7041,14.6006
"5532",229,2020-08-16,14.39,12.7116,14.6024
"5533",230,2020-08-17,14.31,12.7159,14.6004
"5534",231,2020-08-18,12.59,12.7179,14.5962
"5535",232,2020-08-19,12.03,12.7191,14.5935
"5536",233,2020-08-20,11.32,12.7194,14.588
"5537",234,2020-08-21,11.51,12.7194,14.5837
"5538",235,2020-08-22,11.84,12.7205,14.581
"5539",236,2020-08-23,11.52,12.7243,14.5839
"5540",237,2020-08-24,11.61,12.7301,14.5989
"5541",238,2020-08-25,11.64,12.7366,14.6193
"5542",239,2020-08-26,12.35,12.7432,14.6397
"5543",240,2020-08-27,12.61,12.749,14.6577
"5544",241,2020-08-28,11.63,12.7538,14.6752
"5545",242,2020-08-29,11.98,12.757,14.6869
"5546",243,2020-08-30,11.95,12.7584,14.6893
"5547",244,2020-08-31,13.03,12.7584,14.6916
"5548",245,2020-09-01,13.59,12.7575,14.6904
"5549",246,2020-09-02,13.73,12.7551,14.6905
"5550",247,2020-09-03,14.03,12.7511,14.6891
"5551",248,2020-09-04,13.83,12.7457,14.6847
"5552",249,2020-09-05,12.6,12.7387,14.6764
"5553",250,2020-09-06,12.59,12.7285,14.667
"5554",251,2020-09-07,13.05,12.7151,14.6512
"5555",252,2020-09-08,11.87,12.6996,14.6326
"5556",253,2020-09-09,11.39,12.6821,14.6177
"5557",254,2020-09-10,11.64,12.663,14.5929
"5558",255,2020-09-11,12.05,12.6437,14.5668
"5559",256,2020-09-12,12.58,12.6245,14.5364
"5560",257,2020-09-13,13.22,12.6058,14.5076
"5561",258,2020-09-14,13.04,12.5871,14.4771
"5562",259,2020-09-15,13.07,12.5689,14.4477
"5563",260,2020-09-16,12.64,12.5514,14.4196
"5564",261,2020-09-17,12.83,12.535,14.3946
"5565",262,2020-09-18,13.25,12.52,14.3723
"5566",263,2020-09-19,13.43,12.5058,14.3489
"5567",264,2020-09-20,12.16,12.4926,14.3304
"5568",265,2020-09-21,12.27,12.4801,14.3164
"5569",266,2020-09-22,11.93,12.4666,14.3032
"5570",267,2020-09-23,11.9,12.4507,14.2865
"5571",268,2020-09-24,11.88,12.4328,14.2642
"5572",269,2020-09-25,11.36,12.4143,14.2421
"5573",270,2020-09-26,11.27,12.3948,14.2204
"5574",271,2020-09-27,11.28,12.3749,14.2003
"5575",272,2020-09-28,10.86,12.3558,14.1806
"5576",273,2020-09-29,10.87,12.3384,14.1675
"5577",274,2020-09-30,10.77,12.3231,14.162
"5578",275,2020-10-01,11.14,12.3094,14.1562
"5579",276,2020-10-02,11.33,12.2966,14.1485
"5580",277,2020-10-03,11.6,12.285,14.138
"5581",278,2020-10-04,11.35,12.2748,14.1263
"5582",279,2020-10-05,11.41,12.2664,14.1138
"5583",280,2020-10-06,11.47,12.2589,14.1002
"5584",281,2020-10-07,11.93,12.2525,14.0803
"5585",282,2020-10-08,12.17,12.2461,14.0572
"5586",283,2020-10-09,13.17,12.2391,14.034
"5587",284,2020-10-10,12.83,12.2316,14.0131
"5588",285,2020-10-11,12.7,12.2232,13.9942
"5589",286,2020-10-12,12.04,12.2148,13.9768
"5590",287,2020-10-13,11.77,12.2075,13.9646
"5591",288,2020-10-14,11.48,12.2017,13.9576
"5592",289,2020-10-15,11,12.197,13.9542
"5593",290,2020-10-16,11.16,12.1915,13.9523
"5594",291,2020-10-17,11.34,12.1861,13.9504
"5595",292,2020-10-18,11.76,12.1812,13.9485
"5596",293,2020-10-19,12.27,12.178,13.9459
"5597",294,2020-10-20,12.49,12.1763,13.9433
"5598",295,2020-10-21,12.77,12.1758,13.94
"5599",296,2020-10-22,12.02,12.1766,13.9363
"5600",297,2020-10-23,12.33,12.1787,13.9306
"5601",298,2020-10-24,12.7,12.1812,13.9254
"5602",299,2020-10-25,13.03,12.1838,13.92
"5603",300,2020-10-26,12.57,12.186,13.9139
"5604",301,2020-10-27,12.91,12.1883,13.9055
"5605",302,2020-10-28,13.03,12.1901,13.8942
"5606",303,2020-10-29,13.39,12.1909,13.8837
"5607",304,2020-10-30,12.95,12.1898,13.875
"5608",305,2020-10-31,12.97,12.1868,13.8655
"5609",306,2020-11-01,12.8,12.1821,13.8553
"5610",307,2020-11-02,12.88,12.1765,13.8474
"5611",308,2020-11-03,12.76,12.1698,13.8377
"5612",309,2020-11-04,12.91,12.1613,13.8263
"5613",310,2020-11-05,12.52,12.1507,13.8127
"5614",311,2020-11-06,11.89,12.1392,13.7975
"5615",312,2020-11-07,11.83,12.1268,13.7828
"5616",313,2020-11-08,11.22,12.1146,13.767
"5617",314,2020-11-09,10.43,12.1032,13.7536
"5618",315,2020-11-10,10.16,12.0925,13.7393
"5619",316,2020-11-11,10.46,12.0827,13.7254
"5620",317,2020-11-12,10.58,12.0731,13.7118
"5621",318,2020-11-13,10.81,12.0621,13.6964
"5622",319,2020-11-14,10.68,12.0496,13.6809
"5623",320,2020-11-15,10.74,12.0371,13.6655
"5624",321,2020-11-16,10.88,12.0258,13.6507
"5625",322,2020-11-17,11.22,12.0148,13.6358
"5626",323,2020-11-18,11.36,12.004,13.621
"5627",324,2020-11-19,11.4,11.9924,13.607
"5628",325,2020-11-20,11.41,11.9803,13.5944
"5629",326,2020-11-21,11.17,11.9682,13.5827
"5630",327,2020-11-22,11.17,11.9561,13.5726
"5631",328,2020-11-23,11.27,11.944,13.5664
"5632",329,2020-11-24,11.09,11.9333,13.5603
"5633",330,2020-11-25,10.92,11.9235,13.5547
"5634",331,2020-11-26,10.42,11.9142,13.5488
"5635",332,2020-11-27,10.35,11.9049,13.5437
"5636",333,2020-11-28,10.33,11.8964,13.5424
"5637",334,2020-11-29,10.34,11.8889,13.5405
"5638",335,2020-11-30,10.43,11.8822,13.5366
"5639",336,2020-12-01,10.49,11.8766,13.533
"5640",337,2020-12-02,10.55,11.8716,13.5298
"5641",338,2020-12-03,10.49,11.8664,13.527
"5642",339,2020-12-04,10.57,11.8616,13.527
"5643",340,2020-12-05,10.56,11.8569,13.5288
"5644",341,2020-12-06,10.8,11.8528,13.5329
"5645",342,2020-12-07,10.38,11.8491,13.5387
"5646",343,2020-12-08,10.53,11.8454,13.5437
"5647",344,2020-12-09,10.44,11.8412,13.5492
"5648",345,2020-12-10,10.47,11.8361,13.552
"5649",346,2020-12-11,10.37,11.8299,13.5551
"5650",347,2020-12-12,10.49,11.8218,13.5504
"5651",348,2020-12-13,10.61,11.8123,13.5234
"5652",349,2020-12-14,10.62,11.8028,13.4963
"5653",350,2020-12-15,10.62,11.7935,13.4692
"5654",351,2020-12-16,10.82,11.7836,13.4422
"5655",352,2020-12-17,10.81,11.7732,13.4145
"5656",353,2020-12-18,10.53,11.7626,13.3877
"5657",354,2020-12-19,10.53,11.7525,13.3616
"5658",355,2020-12-20,10.39,11.7428,13.3372
"5659",356,2020-12-21,10.65,11.7337,13.313
"5660",357,2020-12-22,10.51,11.725,13.2888
"5661",358,2020-12-23,10.29,11.7171,13.2653
"5662",359,2020-12-24,10.32,11.71,13.2421
"5663",360,2020-12-25,10.61,11.7028,13.2189
"5664",361,2020-12-26,10.71,11.6955,13.1945
"5665",362,2020-12-27,10.65,11.6881,13.17
"5666",363,2020-12-28,10.67,11.6806,13.1451
"5667",364,2020-12-29,10.57,11.6728,13.1193
"5668",365,2020-12-30,10.7,11.6648,13.0933
"5669",366,2020-12-31,10.82,11.6563,13.0669
"5670",1,2021-01-01,10.71,11.6471,13.0406
"5671",2,2021-01-02,10.98,11.6377,13.0143
"5672",3,2021-01-03,11.05,11.6287,12.9868
"5673",4,2021-01-04,11.09,11.6196,12.9588
"5674",5,2021-01-05,10.92,11.6107,12.9317
"5675",6,2021-01-06,10.88,11.6021,12.906
"5676",7,2021-01-07,10.91,11.5941,12.8821
"5677",8,2021-01-08,11.05,11.5866,12.8589
"5678",9,2021-01-09,10.88,11.5799,12.8382
"5679",10,2021-01-10,10.9,11.574,12.8204
"5680",11,2021-01-11,11.02,11.5693,12.8045
"5681",12,2021-01-12,11.11,11.5664,12.798
"5682",13,2021-01-13,11.33,11.5648,12.8125
"5683",14,2021-01-14,11.32,11.5641,12.8275
"5684",15,2021-01-15,11.23,11.564,12.8426
"5685",16,2021-01-16,11.09,11.5642,12.8567
"5686",17,2021-01-17,10.81,11.5643,12.8713
"5687",18,2021-01-18,10.63,11.5642,12.8857
"5688",19,2021-01-19,10.57,11.5638,12.8995
"5689",20,2021-01-20,10.48,11.5628,12.9115
"5690",21,2021-01-21,10.6,11.5614,12.9232
"5691",22,2021-01-22,10.76,11.5594,12.9345
"5692",23,2021-01-23,10.6,11.5564,12.9449
"5693",24,2021-01-24,10.5,11.5526,12.9568
"5694",25,2021-01-25,10.33,11.5476,12.9693
"5695",26,2021-01-26,10.02,11.5413,12.9847
"5696",27,2021-01-27,10.17,11.5339,13.0008
"5697",28,2021-01-28,10.29,11.5251,13.0151
"5698",29,2021-01-29,10.25,11.5151,13.0312
"5699",30,2021-01-30,10.35,11.5037,13.0478
"5700",31,2021-01-31,10.37,11.4915,13.0664
"5701",32,2021-02-01,10.51,11.4779,13.0844
"5702",33,2021-02-02,10.66,11.4627,13.1019
"5703",34,2021-02-03,10.56,11.4454,13.1194
"5704",35,2021-02-04,10.46,11.4259,13.1342
"5705",36,2021-02-05,10.5,11.4049,13.1474
"5706",37,2021-02-06,10.52,11.3831,13.1592
"5707",38,2021-02-07,10.45,11.3601,13.1688
"5708",39,2021-02-08,10.35,11.3363,13.1761
"5709",40,2021-02-09,10.66,11.3118,13.1822
"5710",41,2021-02-10,10.79,11.2868,13.1861
"5711",42,2021-02-11,10.64,11.2612,13.1871
"5712",43,2021-02-12,10.73,11.2358,13.1865
"5713",44,2021-02-13,10.83,11.2108,13.1832
"5714",45,2021-02-14,10.31,11.1871,13.18
"5715",46,2021-02-15,10.62,11.165,13.1747
"5716",47,2021-02-16,10.22,11.1441,13.1689
"5717",48,2021-02-17,9.84,11.1242,13.1624
"5718",49,2021-02-18,9.93,11.1053,13.1537
"5719",50,2021-02-19,10.17,11.0873,13.1419
"5720",51,2021-02-20,9.98,11.0698,13.1294
"5721",52,2021-02-21,9.3,11.0531,13.1168
"5722",53,2021-02-22,9.25,11.0372,13.1026
"5723",54,2021-02-23,9.36,11.0216,13.0876
"5724",55,2021-02-24,9.24,11.0057,13.069
"5725",56,2021-02-25,9.13,10.9899,13.0435
"5726",57,2021-02-26,9.22,10.974,13.0151
"5727",58,2021-02-27,8.96,10.9584,12.9824
"5728",59,2021-02-28,8.79,10.9432,12.949
"5729",61,2021-03-01,9,10.9161,12.8805
"5730",62,2021-03-02,9.01,10.9044,12.8489
"5731",63,2021-03-03,9.35,10.8933,12.8157
"5732",64,2021-03-04,9.24,10.8824,12.7834
"5733",65,2021-03-05,9.48,10.8723,12.7511
"5734",66,2021-03-06,9.63,10.863,12.7198
"5735",67,2021-03-07,9.56,10.8538,12.6894
"5736",68,2021-03-08,9.31,10.8446,12.6615
"5737",69,2021-03-09,9.52,10.8356,12.6338
"5738",70,2021-03-10,9.56,10.8271,12.6085
"5739",71,2021-03-11,9.59,10.8185,12.5805
"5740",72,2021-03-12,9.75,10.8091,12.5441
"5741",73,2021-03-13,9.91,10.7984,12.5079
"5742",74,2021-03-14,9.66,10.7862,12.4691
"5743",75,2021-03-15,9.55,10.7722,12.4311
"5744",76,2021-03-16,8.97,10.7559,12.3913
"5745",77,2021-03-17,8.97,10.7368,12.3513
"5746",78,2021-03-18,9.45,10.7157,12.3115
"5747",79,2021-03-19,9.51,10.6928,12.2709
"5748",80,2021-03-20,9.57,10.6681,12.2307
"5749",81,2021-03-21,9.35,10.6417,12.1918
"5750",82,2021-03-22,9.13,10.6136,12.1504
"5751",83,2021-03-23,8.83,10.5839,12.1075
"5752",84,2021-03-24,8.74,10.5521,12.0665
"5753",85,2021-03-25,8.84,10.5191,12.0231
"5754",86,2021-03-26,8.6,10.4854,11.9784
"5755",87,2021-03-27,8.83,10.4514,11.9378
"5756",88,2021-03-28,9.21,10.419,11.9003
"5757",89,2021-03-29,9.42,10.3871,11.8705
"5758",90,2021-03-30,8.95,10.3565,11.8459
"5759",91,2021-03-31,9.14,10.3267,11.8255
"5760",92,2021-04-01,9.47,10.2972,11.8035
"5761",93,2021-04-02,9.23,10.267,11.7805
"5762",94,2021-04-03,9.06,10.2374,11.7587
"5763",95,2021-04-04,9.48,10.2095,11.7356
"5764",96,2021-04-05,9.21,10.1833,11.7091
"5765",97,2021-04-06,9.16,10.1593,11.6816
"5766",98,2021-04-07,9.35,10.1368,11.6527
"5767",99,2021-04-08,9.3,10.1139,11.6182
"5768",100,2021-04-09,9.16,10.0911,11.5802
"5769",101,2021-04-10,8.95,10.0671,11.5371
"5770",102,2021-04-11,8.85,10.0413,11.4953
"5771",103,2021-04-12,8.69,10.0153,11.461
"5772",104,2021-04-13,8.89,9.9909,11.4284
"5773",105,2021-04-14,9.06,9.9677,11.3936
"5774",106,2021-04-15,9.24,9.9456,11.3606
"5775",107,2021-04-16,9.39,9.9246,11.3267
"5776",108,2021-04-17,9.14,9.9048,11.2911
"5777",109,2021-04-18,8.95,9.8863,11.2589
"5778",110,2021-04-19,NA,9.87,11.2328
"5779",111,2021-04-20,NA,9.8559,11.2117
"5780",112,2021-04-21,NA,9.8442,11.1928
"5781",113,2021-04-22,NA,9.836,11.1847
"5782",114,2021-04-23,9.03,9.8301,11.1798
"5783",115,2021-04-24,9.32,9.8262,11.1746
"5784",116,2021-04-25,9.45,9.8242,11.1739
"5785",117,2021-04-26,9.71,9.825,11.1789
"5786",118,2021-04-27,9.78,9.8284,11.1891
"5787",119,2021-04-28,9.76,9.833,11.205
"5788",120,2021-04-29,9.51,9.8395,11.2179
"5789",121,2021-04-30,9.26,9.8471,11.2281
"5790",122,2021-05-01,9.46,9.8545,11.2341
"5791",123,2021-05-02,9.19,9.8618,11.2412
"5792",124,2021-05-03,8.66,9.8694,11.2438
"5793",125,2021-05-04,NA,9.8769,11.2461
"5794",126,2021-05-05,9.54,9.8838,11.2485
"5795",127,2021-05-06,9.59,9.8902,11.2559
"5796",128,2021-05-07,9.59,9.896,11.2637
"5797",129,2021-05-08,9.28,9.9017,11.272
"5798",130,2021-05-09,9.06,9.9081,11.2816
"5799",131,2021-05-10,9,9.9143,11.2892
"5800",132,2021-05-11,8.88,9.9217,11.2972
"5801",133,2021-05-12,9.34,9.9319,11.3116
"5802",134,2021-05-13,9.5,9.9452,11.3294
"5803",135,2021-05-14,9.86,9.9602,11.3523
"5804",136,2021-05-15,9.9,9.9773,11.3811
"5805",137,2021-05-16,9.12,9.9972,11.4147
"5806",138,2021-05-17,9.26,10.0203,11.4514
"5807",139,2021-05-18,9.62,10.0461,11.5018
"5808",140,2021-05-19,NA,10.0729,11.5515
"5809",141,2021-05-20,NA,10.1005,11.5975
"5810",142,2021-05-21,9.64,10.1294,11.64
"5811",143,2021-05-22,9.68,10.159,11.6854
"5812",144,2021-05-23,9.54,10.1886,11.7355
"5813",145,2021-05-24,9.35,10.2176,11.789
"5814",146,2021-05-25,9.29,10.2471,11.8425
"5815",147,2021-05-26,9.05,10.2771,11.895
"5816",148,2021-05-27,8.99,10.3055,11.9454
"5817",149,2021-05-28,9.25,10.331,11.9924
"5818",150,2021-05-29,8.73,10.3538,12.0308
"5819",151,2021-05-30,8.91,10.3754,12.0637
"5820",152,2021-05-31,8.85,10.3957,12.0962
"5821",153,2021-06-01,9.38,10.4156,12.1271
"5822",154,2021-06-02,10.04,10.4355,12.1538
"5823",155,2021-06-03,10.75,10.4564,12.1779
"5824",156,2021-06-04,11.21,10.4799,12.2045
"5825",157,2021-06-05,10.18,10.5057,12.232
"5826",158,2021-06-06,9.74,10.5333,12.2587
"5827",159,2021-06-07,9.62,10.5634,12.2897
"5828",160,2021-06-08,9.47,10.596,12.3224
"5829",161,2021-06-09,9.11,10.6307,12.3585
"5830",162,2021-06-10,9.43,10.6672,12.4055
"5831",163,2021-06-11,9.56,10.7054,12.4612
"5832",164,2021-06-12,10.47,10.7443,12.513
"5833",165,2021-06-13,10.55,10.7834,12.5658
"5834",166,2021-06-14,12.09,10.8222,12.6175
"5835",167,2021-06-15,10.4,10.8602,12.6708
"5836",168,2021-06-16,9.71,10.8967,12.7235
"5837",169,2021-06-17,11.55,10.9306,12.7776
"5838",170,2021-06-18,11.08,10.9613,12.822
"5839",171,2021-06-19,10.81,10.9903,12.8592
"5840",172,2021-06-20,10.68,11.0181,12.8907
"5841",173,2021-06-21,11.51,11.0446,12.9215
"5842",174,2021-06-22,12.95,11.0707,12.9489
"5843",175,2021-06-23,12.91,11.0967,12.973
"5844",176,2021-06-24,13.08,11.1234,12.9938
"5845",177,2021-06-25,13.31,11.1499,13.0126
"5846",178,2021-06-26,12.79,11.1751,13.0241
"5847",179,2021-06-27,11.72,11.2007,13.0341
"5848",180,2021-06-28,11.56,11.2293,13.046
"5849",181,2021-06-29,NA,11.2625,13.0664
"5850",182,2021-06-30,11.09,11.2993,13.0984
"5851",183,2021-07-01,10.95,11.3384,13.1387
"5852",184,2021-07-02,10.56,11.3798,13.1841
"5853",185,2021-07-03,10.89,11.4236,13.2357
"5854",186,2021-07-04,11.53,11.4684,13.2897
"5855",187,2021-07-05,12.11,11.5116,13.3409
"5856",188,2021-07-06,13,11.5539,13.3899
"5857",189,2021-07-07,12.64,11.597,13.4392
"5858",190,2021-07-08,10.99,11.64,13.4915
"5859",191,2021-07-09,10.82,11.6823,13.5466
"5860",192,2021-07-10,10.93,11.7244,13.6014
"5861",193,2021-07-11,10.96,11.766,13.6567
"5862",194,2021-07-12,10.65,11.808,13.7104
"5863",195,2021-07-13,10.18,11.85,13.7632
"5864",196,2021-07-14,10.74,11.8909,13.816
"5865",197,2021-07-15,11.69,11.9304,13.8638
"5866",198,2021-07-16,12.25,11.9699,13.9113
"5867",199,2021-07-17,12.29,12.0098,13.9561
"5868",200,2021-07-18,12.37,12.0492,13.9987
"5869",201,2021-07-19,12.69,12.0882,14.0397
"5870",202,2021-07-20,13.11,12.1267,14.0835
"5871",203,2021-07-21,12.23,12.1631,14.1251
"5872",204,2021-07-22,11.08,12.1972,14.1622
"5873",205,2021-07-23,10.7,12.2285,14.1966
"5874",206,2021-07-24,10.86,12.2571,14.216
"5875",207,2021-07-25,11.11,12.2844,14.2286
"5876",208,2021-07-26,11.84,12.3115,14.2446
"5877",209,2021-07-27,12.75,12.3398,14.2684
"5878",210,2021-07-28,13.48,12.3681,14.2937
"5879",211,2021-07-29,14.5,12.3955,14.3175
"5880",212,2021-07-30,14.43,12.4205,14.3365
"5881",213,2021-07-31,14.88,12.4431,14.3504
"5882",214,2021-08-01,15.42,12.4644,14.3604
"5883",215,2021-08-02,15.48,12.4848,14.37
"5884",216,2021-08-03,16.23,12.5043,14.3793
"5885",217,2021-08-04,14.69,12.5234,14.3942
"5886",218,2021-08-05,13.4,12.5427,14.4146
"5887",219,2021-08-06,13.31,12.563,14.4433
"5888",220,2021-08-07,11.71,12.5834,14.4793
"5889",221,2021-08-08,11.42,12.6029,14.5085
"5890",222,2021-08-09,12.26,12.6219,14.5262
"5891",223,2021-08-10,13.44,12.6406,14.5496
"5892",224,2021-08-11,14.26,12.6583,14.5669
"5893",225,2021-08-12,14.91,12.673,14.5819
"5894",226,2021-08-13,13.63,12.6847,14.5902
"5895",227,2021-08-14,13.35,12.6947,14.5959
"5896",228,2021-08-15,13.21,12.7041,14.6006
"5897",229,2021-08-16,13.34,12.7116,14.6024
"5898",230,2021-08-17,12.45,12.7159,14.6004
"5899",231,2021-08-18,11.32,12.7179,14.5962
"5900",232,2021-08-19,10.52,12.7191,14.5935
"5901",233,2021-08-20,10.84,12.7194,14.588
"5902",234,2021-08-21,11.89,12.7194,14.5837
"5903",235,2021-08-22,12.37,12.7205,14.581
"5904",236,2021-08-23,13.11,12.7243,14.5839
"5905",237,2021-08-24,13.86,12.7301,14.5989
"5906",238,2021-08-25,14.65,12.7366,14.6193
"5907",239,2021-08-26,15.04,12.7432,14.6397
"5908",240,2021-08-27,14.31,12.749,14.6577
"5909",241,2021-08-28,14.22,12.7538,14.6752
"5910",242,2021-08-29,15.02,12.757,14.6869
"5911",243,2021-08-30,15.75,12.7584,14.6893
"5912",244,2021-08-31,15.7,12.7584,14.6916
"5913",245,2021-09-01,14.18,12.7575,14.6904
"5914",246,2021-09-02,13.08,12.7551,14.6905
"5915",247,2021-09-03,14.99,12.7511,14.6891
"5916",248,2021-09-04,14.68,12.7457,14.6847
"5917",249,2021-09-05,15.14,12.7387,14.6764
"5918",250,2021-09-06,15.44,12.7285,14.667
"5919",251,2021-09-07,15.78,12.7151,14.6512
"5920",252,2021-09-08,14.35,12.6996,14.6326
"5921",253,2021-09-09,12.23,12.6821,14.6177
"5922",254,2021-09-10,12.02,12.663,14.5929
"5923",255,2021-09-11,12.16,12.6437,14.5668
"5924",256,2021-09-12,12.11,12.6245,14.5364
"5925",257,2021-09-13,12.14,12.6058,14.5076
"5926",258,2021-09-14,12.26,12.5871,14.4771
"5927",259,2021-09-15,12.67,12.5689,14.4477
"5928",260,2021-09-16,13.36,12.5514,14.4196
"5929",261,2021-09-17,13.41,12.535,14.3946
"5930",262,2021-09-18,13.49,12.52,14.3723
"5931",263,2021-09-19,13.99,12.5058,14.3489
"5932",264,2021-09-20,13.91,12.4926,14.3304
"5933",265,2021-09-21,13.64,12.4801,14.3164
"5934",266,2021-09-22,14.44,12.4666,14.3032
"5935",267,2021-09-23,14.75,12.4507,14.2865
"5936",268,2021-09-24,14.86,12.4328,14.2642
"5937",269,2021-09-25,15.02,12.4143,14.2421
"5938",270,2021-09-26,15.2,12.3948,14.2204
"5939",271,2021-09-27,14.13,12.3749,14.2003
"5940",272,2021-09-28,13.76,12.3558,14.1806
"5941",273,2021-09-29,13.28,12.3384,14.1675
"5942",274,2021-09-30,12.87,12.3231,14.162
"5943",275,2021-10-01,12.43,12.3094,14.1562
"5944",276,2021-10-02,11.91,12.2966,14.1485
"5945",277,2021-10-03,11.96,12.285,14.138
"5946",278,2021-10-04,12.61,12.2748,14.1263
"5947",279,2021-10-05,12.93,12.2664,14.1138
"5948",280,2021-10-06,12.98,12.2589,14.1002
"5949",281,2021-10-07,11.91,12.2525,14.0803
"5950",282,2021-10-08,11.42,12.2461,14.0572
"5951",283,2021-10-09,11.44,12.2391,14.034
"5952",284,2021-10-10,11.78,12.2316,14.0131
"5953",285,2021-10-11,11.32,12.2232,13.9942
"5954",286,2021-10-12,10.98,12.2148,13.9768
"5955",287,2021-10-13,11.04,12.2075,13.9646
"5956",288,2021-10-14,10.28,12.2017,13.9576
"5957",289,2021-10-15,10.35,12.197,13.9542
"5958",290,2021-10-16,10.74,12.1915,13.9523
"5959",291,2021-10-17,11.08,12.1861,13.9504
"5960",292,2021-10-18,11.34,12.1812,13.9485
"5961",293,2021-10-19,11.46,12.178,13.9459
"5962",294,2021-10-20,11.62,12.1763,13.9433
"5963",295,2021-10-21,12.12,12.1758,13.94
"5964",296,2021-10-22,12.48,12.1766,13.9363
"5965",297,2021-10-23,12.55,12.1787,13.9306
"5966",298,2021-10-24,12.86,12.1812,13.9254
"5967",299,2021-10-25,13.57,12.1838,13.92
"5968",300,2021-10-26,13.43,12.186,13.9139
"5969",301,2021-10-27,13.88,12.1883,13.9055
"5970",302,2021-10-28,NA,12.1901,13.8942
"5971",303,2021-10-29,NA,12.1909,13.8837
"5972",304,2021-10-30,13.35,12.1898,13.875
"5973",305,2021-10-31,13.6,12.1868,13.8655
"5974",306,2021-11-01,13.96,12.1821,13.8553
"5975",307,2021-11-02,14.03,12.1765,13.8474
"5976",308,2021-11-03,14.03,12.1698,13.8377
"5977",309,2021-11-04,14.58,12.1613,13.8263
"5978",310,2021-11-05,13.97,12.1507,13.8127
"5979",311,2021-11-06,13.81,12.1392,13.7975
"5980",312,2021-11-07,13.53,12.1268,13.7828
"5981",313,2021-11-08,13.12,12.1146,13.767
"5982",314,2021-11-09,13.67,12.1032,13.7536
"5983",315,2021-11-10,13.59,12.0925,13.7393
"5984",316,2021-11-11,13.53,12.0827,13.7254
"5985",317,2021-11-12,13.45,12.0731,13.7118
"5986",318,2021-11-13,13.44,12.0621,13.6964
"5987",319,2021-11-14,13.26,12.0496,13.6809
"5988",320,2021-11-15,13.51,12.0371,13.6655
"5989",321,2021-11-16,13.29,12.0258,13.6507
"5990",322,2021-11-17,12.62,12.0148,13.6358
"5991",323,2021-11-18,12.84,12.004,13.621
"5992",324,2021-11-19,13.27,11.9924,13.607
"5993",325,2021-11-20,13.42,11.9803,13.5944
"5994",326,2021-11-21,13.18,11.9682,13.5827
"5995",327,2021-11-22,13.45,11.9561,13.5726
"5996",328,2021-11-23,13.33,11.944,13.5664
"5997",329,2021-11-24,12.56,11.9333,13.5603
"5998",330,2021-11-25,12.62,11.9235,13.5547
"5999",331,2021-11-26,NA,11.9142,13.5488
"6000",332,2021-11-27,12.37,11.9049,13.5437
"6001",333,2021-11-28,12.18,11.8964,13.5424
"6002",334,2021-11-29,12.21,11.8889,13.5405
"6003",335,2021-11-30,12.19,11.8822,13.5366
"6004",336,2021-12-01,12.27,11.8766,13.533
"6005",337,2021-12-02,12.88,11.8716,13.5298
"6006",338,2021-12-03,13.22,11.8664,13.527
"6007",339,2021-12-04,12.99,11.8616,13.527
"6008",340,2021-12-05,12.55,11.8569,13.5288
"6009",341,2021-12-06,12,11.8528,13.5329
"6010",342,2021-12-07,11.99,11.8491,13.5387
"6011",343,2021-12-08,12.17,11.8454,13.5437
"6012",344,2021-12-09,11.84,11.8412,13.5492
"6013",345,2021-12-10,10.7,11.8361,13.552
"6014",346,2021-12-11,10.43,11.8299,13.5551
"6015",347,2021-12-12,10.86,11.8218,13.5504
"6016",348,2021-12-13,11.19,11.8123,13.5234
"6017",349,2021-12-14,11.25,11.8028,13.4963
"6018",350,2021-12-15,11.23,11.7935,13.4692
"6019",351,2021-12-16,11.47,11.7836,13.4422
"6020",352,2021-12-17,11.43,11.7732,13.4145
"6021",353,2021-12-18,11.48,11.7626,13.3877
"6022",354,2021-12-19,11.34,11.7525,13.3616
"6023",355,2021-12-20,11.39,11.7428,13.3372
"6024",356,2021-12-21,11.35,11.7337,13.313
"6025",357,2021-12-22,11.56,11.725,13.2888
"6026",358,2021-12-23,11.7,11.7171,13.2653
"6027",359,2021-12-24,11.71,11.71,13.2421
"6028",360,2021-12-25,11.54,11.7028,13.2189
"6029",361,2021-12-26,11.25,11.6955,13.1945
"6030",362,2021-12-27,11.45,11.6881,13.17
"6031",363,2021-12-28,11.23,11.6806,13.1451
"6032",364,2021-12-29,11.24,11.6728,13.1193
"6033",365,2021-12-30,10.99,11.6648,13.0933
"6034",366,2021-12-31,10.85,11.6563,13.0669
"6035",1,2022-01-01,11.05,11.6471,13.0406
"6036",2,2022-01-02,11.01,11.6377,13.0143
"6037",3,2022-01-03,11.02,11.6287,12.9868
"6038",4,2022-01-04,11.3,11.6196,12.9588
"6039",5,2022-01-05,11.43,11.6107,12.9317
"6040",6,2022-01-06,11.42,11.6021,12.906
"6041",7,2022-01-07,11.6,11.5941,12.8821
"6042",8,2022-01-08,11.29,11.5866,12.8589
"6043",9,2022-01-09,11.24,11.5799,12.8382
"6044",10,2022-01-10,11.27,11.574,12.8204
"6045",11,2022-01-11,11.35,11.5693,12.8045
"6046",12,2022-01-12,11.45,11.5664,12.798
"6047",13,2022-01-13,11.4,11.5648,12.8125
"6048",14,2022-01-14,11.26,11.5641,12.8275
"6049",15,2022-01-15,11.25,11.564,12.8426
"6050",16,2022-01-16,11.3,11.5642,12.8567
"6051",17,2022-01-17,11.32,11.5643,12.8713
"6052",18,2022-01-18,11.28,11.5642,12.8857
"6053",19,2022-01-19,11.42,11.5638,12.8995
"6054",20,2022-01-20,11.48,11.5628,12.9115
"6055",21,2022-01-21,11.54,11.5614,12.9232
"6056",22,2022-01-22,11.54,11.5594,12.9345
"6057",23,2022-01-23,11.3,11.5564,12.9449
"6058",24,2022-01-24,11.35,11.5526,12.9568
"6059",25,2022-01-25,11.32,11.5476,12.9693
"6060",26,2022-01-26,11.34,11.5413,12.9847
"6061",27,2022-01-27,11.22,11.5339,13.0008
"6062",28,2022-01-28,11.25,11.5251,13.0151
"6063",29,2022-01-29,11.32,11.5151,13.0312
"6064",30,2022-01-30,11.43,11.5037,13.0478
"6065",31,2022-01-31,11.47,11.4915,13.0664
"6066",32,2022-02-01,11.16,11.4779,13.0844
"6067",33,2022-02-02,10.98,11.4627,13.1019
"6068",34,2022-02-03,10.92,11.4454,13.1194
"6069",35,2022-02-04,10.9,11.4259,13.1342
"6070",36,2022-02-05,11.02,11.4049,13.1474
"6071",37,2022-02-06,11.12,11.3831,13.1592
"6072",38,2022-02-07,11.26,11.3601,13.1688
"6073",39,2022-02-08,11.19,11.3363,13.1761
"6074",40,2022-02-09,11.28,11.3118,13.1822
"6075",41,2022-02-10,11.57,11.2868,13.1861
"6076",42,2022-02-11,11.63,11.2612,13.1871
"6077",43,2022-02-12,11.67,11.2358,13.1865
"6078",44,2022-02-13,11.76,11.2108,13.1832
"6079",45,2022-02-14,11.43,11.1871,13.18
"6080",46,2022-02-15,10.71,11.165,13.1747
"6081",47,2022-02-16,10.43,11.1441,13.1689
"6082",48,2022-02-17,10.23,11.1242,13.1624
"6083",49,2022-02-18,10.3,11.1053,13.1537
"6084",50,2022-02-19,10.71,11.0873,13.1419
"6085",51,2022-02-20,10.51,11.0698,13.1294
"6086",52,2022-02-21,9.93,11.0531,13.1168
"6087",53,2022-02-22,9.72,11.0372,13.1026
"6088",54,2022-02-23,9.39,11.0216,13.0876
"6089",55,2022-02-24,9.21,11.0057,13.069
"6090",56,2022-02-25,9.27,10.9899,13.0435
"6091",57,2022-02-26,9.49,10.974,13.0151
"6092",58,2022-02-27,9.82,10.9584,12.9824
"6093",59,2022-02-28,10.13,10.9432,12.949
"6094",61,2022-03-01,10.28,10.9161,12.8805
"6095",62,2022-03-02,10.26,10.9044,12.8489
"6096",63,2022-03-03,10.31,10.8933,12.8157
"6097",64,2022-03-04,10.34,10.8824,12.7834
"6098",65,2022-03-05,9.94,10.8723,12.7511
"6099",66,2022-03-06,9.65,10.863,12.7198
"6100",67,2022-03-07,9.47,10.8538,12.6894
"6101",68,2022-03-08,9.61,10.8446,12.6615
"6102",69,2022-03-09,9.52,10.8356,12.6338
"6103",70,2022-03-10,9.27,10.8271,12.6085
"6104",71,2022-03-11,9.01,10.8185,12.5805
"6105",72,2022-03-12,9.32,10.8091,12.5441
"6106",73,2022-03-13,9.67,10.7984,12.5079
"6107",74,2022-03-14,9.8,10.7862,12.4691
"6108",75,2022-03-15,10.53,10.7722,12.4311
"6109",76,2022-03-16,10.09,10.7559,12.3913
"6110",77,2022-03-17,9.8,10.7368,12.3513
"6111",78,2022-03-18,9.81,10.7157,12.3115
"6112",79,2022-03-19,9.71,10.6928,12.2709
"6113",80,2022-03-20,9.52,10.6681,12.2307
"6114",81,2022-03-21,9.39,10.6417,12.1918
"6115",82,2022-03-22,9.35,10.6136,12.1504
"6116",83,2022-03-23,9.21,10.5839,12.1075
"6117",84,2022-03-24,8.82,10.5521,12.0665
"6118",85,2022-03-25,8.91,10.5191,12.0231
"6119",86,2022-03-26,8.87,10.4854,11.9784
"6120",87,2022-03-27,9.04,10.4514,11.9378
"6121",88,2022-03-28,9.44,10.419,11.9003
"6122",89,2022-03-29,9.69,10.3871,11.8705
"6123",90,2022-03-30,9.91,10.3565,11.8459
"6124",91,2022-03-31,9.6,10.3267,11.8255
"6125",92,2022-04-01,9.54,10.2972,11.8035
"6126",93,2022-04-02,9.5,10.267,11.7805
"6127",94,2022-04-03,9.27,10.2374,11.7587
"6128",95,2022-04-04,9.07,10.2095,11.7356
"6129",96,2022-04-05,8.7,10.1833,11.7091
"6130",97,2022-04-06,8.54,10.1593,11.6816
"6131",98,2022-04-07,9.09,10.1368,11.6527
"6132",99,2022-04-08,8.88,10.1139,11.6182
"6133",100,2022-04-09,NA,10.0911,11.5802
"6134",101,2022-04-10,NA,10.0671,11.5371
"6135",102,2022-04-11,NA,10.0413,11.4953
"6136",103,2022-04-12,NA,10.0153,11.461
"6137",104,2022-04-13,7.82,9.9909,11.4284
"6138",105,2022-04-14,8.22,9.9677,11.3936
"6139",106,2022-04-15,8.34,9.9456,11.3606
"6140",107,2022-04-16,8.88,9.9246,11.3267
"6141",108,2022-04-17,8.95,9.9048,11.2911
"6142",109,2022-04-18,8.6,9.8863,11.2589
"6143",110,2022-04-19,8.92,9.87,11.2328
"6144",111,2022-04-20,9.19,9.8559,11.2117
"6145",112,2022-04-21,9.8,9.8442,11.1928
"6146",113,2022-04-22,10.06,9.836,11.1847
"6147",114,2022-04-23,9.74,9.8301,11.1798
"6148",115,2022-04-24,9.41,9.8262,11.1746
"6149",116,2022-04-25,9.5,9.8242,11.1739
"6150",117,2022-04-26,9.12,9.825,11.1789
"6151",118,2022-04-27,9.07,9.8284,11.1891
"6152",119,2022-04-28,8.94,9.833,11.205
"6153",120,2022-04-29,8.88,9.8395,11.2179
"6154",121,2022-04-30,8.85,9.8471,11.2281
"6155",122,2022-05-01,8.86,9.8545,11.2341
"6156",123,2022-05-02,8.45,9.8618,11.2412
"6157",124,2022-05-03,8.23,9.8694,11.2438
"6158",125,2022-05-04,8.39,9.8769,11.2461
"6159",126,2022-05-05,7.9,9.8838,11.2485
"6160",127,2022-05-06,8.16,9.8902,11.2559
"6161",128,2022-05-07,NA,9.896,11.2637
"6162",129,2022-05-08,NA,9.9017,11.272
"6163",130,2022-05-09,NA,9.9081,11.2816
"6164",131,2022-05-10,NA,9.9143,11.2892
"6165",132,2022-05-11,9.23,9.9217,11.2972
"6166",133,2022-05-12,9.23,9.9319,11.3116
"6167",134,2022-05-13,9.5,9.9452,11.3294
"6168",135,2022-05-14,9.69,9.9602,11.3523
"6169",136,2022-05-15,9.39,9.9773,11.3811
"6170",137,2022-05-16,9.26,9.9972,11.4147
"6171",138,2022-05-17,8.65,10.0203,11.4514
"6172",139,2022-05-18,8.48,10.0461,11.5018
"6173",140,2022-05-19,8.57,10.0729,11.5515
"6174",141,2022-05-20,8.1,10.1005,11.5975
"6175",142,2022-05-21,7.69,10.1294,11.64
"6176",143,2022-05-22,7.98,10.159,11.6854
"6177",144,2022-05-23,8.93,10.1886,11.7355
"6178",145,2022-05-24,8.75,10.2176,11.789
"6179",146,2022-05-25,8.65,10.2471,11.8425
"6180",147,2022-05-26,8.81,10.2771,11.895
"6181",148,2022-05-27,9.85,10.3055,11.9454
"6182",149,2022-05-28,10.76,10.331,11.9924
"6183",150,2022-05-29,10.38,10.3538,12.0308
"6184",151,2022-05-30,9.4,10.3754,12.0637
"6185",152,2022-05-31,8.58,10.3957,12.0962
"6186",153,2022-06-01,8.25,10.4156,12.1271
"6187",154,2022-06-02,8.47,10.4355,12.1538
"6188",155,2022-06-03,7.82,10.4564,12.1779
"6189",156,2022-06-04,8.11,10.4799,12.2045
"6190",157,2022-06-05,9.1,10.5057,12.232
"6191",158,2022-06-06,NA,10.5333,12.2587
"6192",159,2022-06-07,NA,10.5634,12.2897
"6193",160,2022-06-08,10.24,10.596,12.3224
"6194",161,2022-06-09,10.22,10.6307,12.3585
"6195",162,2022-06-10,9.47,10.6672,12.4055
"6196",163,2022-06-11,9.63,10.7054,12.4612
"6197",164,2022-06-12,9.66,10.7443,12.513
"6198",165,2022-06-13,9.59,10.7834,12.5658
"6199",166,2022-06-14,9.06,10.8222,12.6175
"6200",167,2022-06-15,10.54,10.8602,12.6708
"6201",168,2022-06-16,9.6,10.8967,12.7235
"6202",169,2022-06-17,9.21,10.9306,12.7776
"6203",170,2022-06-18,10.03,10.9613,12.822
"6204",171,2022-06-19,9.42,10.9903,12.8592
"6205",172,2022-06-20,9.98,11.0181,12.8907
"6206",173,2022-06-21,10.3,11.0446,12.9215
"6207",174,2022-06-22,9.72,11.0707,12.9489
"6208",175,2022-06-23,10.67,11.0967,12.973
"6209",176,2022-06-24,11.48,11.1234,12.9938
"6210",177,2022-06-25,12.54,11.1499,13.0126
"6211",178,2022-06-26,11.84,11.1751,13.0241
"6212",179,2022-06-27,12.24,11.2007,13.0341
"6213",180,2022-06-28,12.05,11.2293,13.046
"6214",181,2022-06-29,10.67,11.2625,13.0664
"6215",182,2022-06-30,9.89,11.2993,13.0984
"6216",183,2022-07-01,10,11.3384,13.1387
"6217",184,2022-07-02,9.93,11.3798,13.1841
"6218",185,2022-07-03,9.75,11.4236,13.2357
"6219",186,2022-07-04,9.59,11.4684,13.2897
"6220",187,2022-07-05,11.24,11.5116,13.3409
"6221",188,2022-07-06,11.67,11.5539,13.3899
"6222",189,2022-07-07,12.32,11.597,13.4392
"6223",190,2022-07-08,11.95,11.64,13.4915
"6224",191,2022-07-09,11.78,11.6823,13.5466
"6225",192,2022-07-10,11.38,11.7244,13.6014
"6226",193,2022-07-11,11.15,11.766,13.6567
"6227",194,2022-07-12,11.34,11.808,13.7104
"6228",195,2022-07-13,11.77,11.85,13.7632
"6229",196,2022-07-14,12.61,11.8909,13.816
"6230",197,2022-07-15,10.96,11.9304,13.8638
"6231",198,2022-07-16,10.09,11.9699,13.9113
"6232",199,2022-07-17,9.93,12.0098,13.9561
"6233",200,2022-07-18,9.47,12.0492,13.9987
"6234",201,2022-07-19,10.21,12.0882,14.0397
"6235",202,2022-07-20,10.38,12.1267,14.0835
"6236",203,2022-07-21,10.85,12.1631,14.1251
"6237",204,2022-07-22,11.18,12.1972,14.1622
"6238",205,2022-07-23,10.77,12.2285,14.1966
"6239",206,2022-07-24,10.32,12.2571,14.216
"6240",207,2022-07-25,9.99,12.2844,14.2286
"6241",208,2022-07-26,10.46,12.3115,14.2446
"6242",209,2022-07-27,11.48,12.3398,14.2684
"6243",210,2022-07-28,11.87,12.3681,14.2937
"6244",211,2022-07-29,11.23,12.3955,14.3175
"6245",212,2022-07-30,10.73,12.4205,14.3365
"6246",213,2022-07-31,11.1,12.4431,14.3504
"6247",214,2022-08-01,12.11,12.4644,14.3604
"6248",215,2022-08-02,12.38,12.4848,14.37
"6249",216,2022-08-03,12.4,12.5043,14.3793
"6250",217,2022-08-04,12.34,12.5234,14.3942
"6251",218,2022-08-05,12.52,12.5427,14.4146
"6252",219,2022-08-06,12.93,12.563,14.4433
"6253",220,2022-08-07,13.51,12.5834,14.4793
"6254",221,2022-08-08,14.06,12.6029,14.5085
"6255",222,2022-08-09,14.69,12.6219,14.5262
"6256",223,2022-08-10,13.78,12.6406,14.5496
"6257",224,2022-08-11,13.85,12.6583,14.5669
"6258",225,2022-08-12,12.84,12.673,14.5819
"6259",226,2022-08-13,11.97,12.6847,14.5902
"6260",227,2022-08-14,11.34,12.6947,14.5959
"6261",228,2022-08-15,11,12.7041,14.6006
"6262",229,2022-08-16,10.97,12.7116,14.6024
"6263",230,2022-08-17,11.62,12.7159,14.6004
"6264",231,2022-08-18,13.16,12.7179,14.5962
"6265",232,2022-08-19,13.26,12.7191,14.5935
"6266",233,2022-08-20,12.04,12.7194,14.588
"6267",234,2022-08-21,11.7,12.7194,14.5837
"6268",235,2022-08-22,11.15,12.7205,14.581
"6269",236,2022-08-23,12.61,12.7243,14.5839
"6270",237,2022-08-24,11.11,12.7301,14.5989
"6271",238,2022-08-25,10.77,12.7366,14.6193
"6272",239,2022-08-26,11.23,12.7432,14.6397
"6273",240,2022-08-27,12.19,12.749,14.6577
"6274",241,2022-08-28,12.44,12.7538,14.6752
"6275",242,2022-08-29,13.35,12.757,14.6869
"6276",243,2022-08-30,14.09,12.7584,14.6893
"6277",244,2022-08-31,15.24,12.7584,14.6916
"6278",245,2022-09-01,14.77,12.7575,14.6904
"6279",246,2022-09-02,13.82,12.7551,14.6905
"6280",247,2022-09-03,12.62,12.7511,14.6891
"6281",248,2022-09-04,11.64,12.7457,14.6847
"6282",249,2022-09-05,11.62,12.7387,14.6764
"6283",250,2022-09-06,11.41,12.7285,14.667
"6284",251,2022-09-07,11.18,12.7151,14.6512
"6285",252,2022-09-08,11.69,12.6996,14.6326
"6286",253,2022-09-09,12.42,12.6821,14.6177
"6287",254,2022-09-10,12.32,12.663,14.5929
"6288",255,2022-09-11,13.16,12.6437,14.5668
"6289",256,2022-09-12,13.22,12.6245,14.5364
"6290",257,2022-09-13,11.71,12.6058,14.5076
"6291",258,2022-09-14,11.52,12.5871,14.4771
"6292",259,2022-09-15,12.19,12.5689,14.4477
"6293",260,2022-09-16,12.36,12.5514,14.4196
"6294",261,2022-09-17,11.71,12.535,14.3946
"6295",262,2022-09-18,11.43,12.52,14.3723
"6296",263,2022-09-19,11.38,12.5058,14.3489
"6297",264,2022-09-20,12.2,12.4926,14.3304
"6298",265,2022-09-21,11.95,12.4801,14.3164
"6299",266,2022-09-22,12.39,12.4666,14.3032
"6300",267,2022-09-23,13.49,12.4507,14.2865
"6301",268,2022-09-24,13.34,12.4328,14.2642
"6302",269,2022-09-25,13.63,12.4143,14.2421
"6303",270,2022-09-26,13.29,12.3948,14.2204
"6304",271,2022-09-27,13.39,12.3749,14.2003
"6305",272,2022-09-28,13.32,12.3558,14.1806
"6306",273,2022-09-29,12.76,12.3384,14.1675
"6307",274,2022-09-30,12.54,12.3231,14.162
"6308",275,2022-10-01,12.49,12.3094,14.1562
"6309",276,2022-10-02,12.84,12.2966,14.1485
"6310",277,2022-10-03,13.14,12.285,14.138
"6311",278,2022-10-04,13.27,12.2748,14.1263
"6312",279,2022-10-05,11.79,12.2664,14.1138
"6313",280,2022-10-06,11.15,12.2589,14.1002
"6314",281,2022-10-07,11.1,12.2525,14.0803
"6315",282,2022-10-08,11.4,12.2461,14.0572
"6316",283,2022-10-09,11.74,12.2391,14.034
"6317",284,2022-10-10,11.97,12.2316,14.0131
"6318",285,2022-10-11,11.71,12.2232,13.9942
"6319",286,2022-10-12,12.04,12.2148,13.9768
"6320",287,2022-10-13,12.29,12.2075,13.9646
"6321",288,2022-10-14,11.67,12.2017,13.9576
"6322",289,2022-10-15,11.71,12.197,13.9542
"6323",290,2022-10-16,11.8,12.1915,13.9523
"6324",291,2022-10-17,NA,12.1861,13.9504
"6325",292,2022-10-18,NA,12.1812,13.9485
"6326",293,2022-10-19,NA,12.178,13.9459
"6327",294,2022-10-20,11.68,12.1763,13.9433
"6328",295,2022-10-21,11.84,12.1758,13.94
"6329",296,2022-10-22,12.28,12.1766,13.9363
"6330",297,2022-10-23,11.52,12.1787,13.9306
"6331",298,2022-10-24,11.06,12.1812,13.9254
"6332",299,2022-10-25,10.98,12.1838,13.92
"6333",300,2022-10-26,10.66,12.186,13.9139
"6334",301,2022-10-27,10.57,12.1883,13.9055
"6335",302,2022-10-28,10.66,12.1901,13.8942
"6336",303,2022-10-29,10.98,12.1909,13.8837
"6337",304,2022-10-30,11.01,12.1898,13.875
"6338",305,2022-10-31,10.68,12.1868,13.8655
"6339",306,2022-11-01,10.71,12.1821,13.8553
"6340",307,2022-11-02,10.48,12.1765,13.8474
"6341",308,2022-11-03,10.47,12.1698,13.8377
"6342",309,2022-11-04,10.45,12.1613,13.8263
"6343",310,2022-11-05,10.79,12.1507,13.8127
"6344",311,2022-11-06,10.71,12.1392,13.7975
"6345",312,2022-11-07,10.76,12.1268,13.7828
"6346",313,2022-11-08,10.96,12.1146,13.767
"6347",314,2022-11-09,11.05,12.1032,13.7536
"6348",315,2022-11-10,11.09,12.0925,13.7393
"6349",316,2022-11-11,11.07,12.0827,13.7254
"6350",317,2022-11-12,11.13,12.0731,13.7118
"6351",318,2022-11-13,11.14,12.0621,13.6964
"6352",319,2022-11-14,11.01,12.0496,13.6809
"6353",320,2022-11-15,NA,12.0371,13.6655
"6354",321,2022-11-16,NA,12.0258,13.6507
"6355",322,2022-11-17,10.41,12.0148,13.6358
"6356",323,2022-11-18,10.41,12.004,13.621
"6357",324,2022-11-19,10.2,11.9924,13.607
"6358",325,2022-11-20,10.37,11.9803,13.5944
"6359",326,2022-11-21,10.4,11.9682,13.5827
"6360",327,2022-11-22,10.59,11.9561,13.5726
"6361",328,2022-11-23,10.64,11.944,13.5664
"6362",329,2022-11-24,10.61,11.9333,13.5603
"6363",330,2022-11-25,10.83,11.9235,13.5547
"6364",331,2022-11-26,10.94,11.9142,13.5488
"6365",332,2022-11-27,10.94,11.9049,13.5437
"6366",333,2022-11-28,10.95,11.8964,13.5424
"6367",334,2022-11-29,10.53,11.8889,13.5405
"6368",335,2022-11-30,10.17,11.8822,13.5366
"6369",336,2022-12-01,10.8,11.8766,13.533
"6370",337,2022-12-02,10.27,11.8716,13.5298
"6371",338,2022-12-03,10.37,11.8664,13.527
"6372",339,2022-12-04,10.95,11.8616,13.527
"6373",340,2022-12-05,11.54,11.8569,13.5288
"6374",341,2022-12-06,10.74,11.8528,13.5329
"6375",342,2022-12-07,10.83,11.8491,13.5387
"6376",343,2022-12-08,10.8,11.8454,13.5437
"6377",344,2022-12-09,11.37,11.8412,13.5492
"6378",345,2022-12-10,11.8,11.8361,13.552
"6379",346,2022-12-11,10.88,11.8299,13.5551
"6380",347,2022-12-12,10.86,11.8218,13.5504
"6381",348,2022-12-13,11.08,11.8123,13.5234
"6382",349,2022-12-14,NA,11.8028,13.4963
"6383",350,2022-12-15,10.7,11.7935,13.4692
"6384",351,2022-12-16,10.6,11.7836,13.4422
"6385",352,2022-12-17,10.86,11.7732,13.4145
"6386",353,2022-12-18,10.75,11.7626,13.3877
"6387",354,2022-12-19,10.95,11.7525,13.3616
"6388",355,2022-12-20,11.11,11.7428,13.3372
"6389",356,2022-12-21,11.77,11.7337,13.313
"6390",357,2022-12-22,11.59,11.725,13.2888
"6391",358,2022-12-23,11.71,11.7171,13.2653
"6392",359,2022-12-24,12.18,11.71,13.2421
"6393",360,2022-12-25,12.16,11.7028,13.2189
"6394",361,2022-12-26,12.08,11.6955,13.1945
"6395",362,2022-12-27,12.21,11.6881,13.17
"6396",363,2022-12-28,12.05,11.6806,13.1451
"6397",364,2022-12-29,11.77,11.6728,13.1193
"6398",365,2022-12-30,11.98,11.6648,13.0933
"6399",366,2022-12-31,11.96,11.6563,13.0669
"6400",1,2023-01-01,11.34,11.6471,13.0406
"6401",2,2023-01-02,10.64,11.6377,13.0143
"6402",3,2023-01-03,10.58,11.6287,12.9868
"6403",4,2023-01-04,10.62,11.6196,12.9588
"6404",5,2023-01-05,11.04,11.6107,12.9317
"6405",6,2023-01-06,11.47,11.6021,12.906
"6406",7,2023-01-07,11.6,11.5941,12.8821
"6407",8,2023-01-08,11.78,11.5866,12.8589
"6408",9,2023-01-09,11.91,11.5799,12.8382
"6409",10,2023-01-10,11.97,11.574,12.8204
"6410",11,2023-01-11,11.9,11.5693,12.8045
"6411",12,2023-01-12,12.07,11.5664,12.798
"6412",13,2023-01-13,12.19,11.5648,12.8125
"6413",14,2023-01-14,12.35,11.5641,12.8275
"6414",15,2023-01-15,12.37,11.564,12.8426
"6415",16,2023-01-16,12.22,11.5642,12.8567
"6416",17,2023-01-17,12.29,11.5643,12.8713
"6417",18,2023-01-18,12.18,11.5642,12.8857
"6418",19,2023-01-19,12.09,11.5638,12.8995
"6419",20,2023-01-20,12.01,11.5628,12.9115
"6420",21,2023-01-21,11.98,11.5614,12.9232
"6421",22,2023-01-22,12.06,11.5594,12.9345
"6422",23,2023-01-23,11.95,11.5564,12.9449
"6423",24,2023-01-24,11.85,11.5526,12.9568
"6424",25,2023-01-25,11.84,11.5476,12.9693
"6425",26,2023-01-26,11.78,11.5413,12.9847
"6426",27,2023-01-27,11.81,11.5339,13.0008
"6427",28,2023-01-28,11.54,11.5251,13.0151
"6428",29,2023-01-29,11.17,11.5151,13.0312
"6429",30,2023-01-30,10.55,11.5037,13.0478
"6430",31,2023-01-31,10.69,11.4915,13.0664
"6431",32,2023-02-01,10.77,11.4779,13.0844
"6432",33,2023-02-02,10.93,11.4627,13.1019
"6433",34,2023-02-03,11.08,11.4454,13.1194
"6434",35,2023-02-04,11.16,11.4259,13.1342
"6435",36,2023-02-05,11.32,11.4049,13.1474
"6436",37,2023-02-06,11.28,11.3831,13.1592
"6437",38,2023-02-07,11.13,11.3601,13.1688
"6438",39,2023-02-08,11.04,11.3363,13.1761
"6439",40,2023-02-09,11.1,11.3118,13.1822
"6440",41,2023-02-10,11.04,11.2868,13.1861
"6441",42,2023-02-11,10.97,11.2612,13.1871
"6442",43,2023-02-12,10.84,11.2358,13.1865
"6443",44,2023-02-13,10.73,11.2108,13.1832
"6444",45,2023-02-14,9.91,11.1871,13.18
"6445",46,2023-02-15,9.32,11.165,13.1747
"6446",47,2023-02-16,9.3,11.1441,13.1689
"6447",48,2023-02-17,9.39,11.1242,13.1624
"6448",49,2023-02-18,9.34,11.1053,13.1537
"6449",50,2023-02-19,9.48,11.0873,13.1419
"6450",51,2023-02-20,9.82,11.0698,13.1294
"6451",52,2023-02-21,9.89,11.0531,13.1168
"6452",53,2023-02-22,9.18,11.0372,13.1026
"6453",54,2023-02-23,8.82,11.0216,13.0876
"6454",55,2023-02-24,8.75,11.0057,13.069
"6455",56,2023-02-25,8.77,10.9899,13.0435
"6456",57,2023-02-26,9.04,10.974,13.0151
"6457",58,2023-02-27,8.9,10.9584,12.9824
"6458",59,2023-02-28,9.01,10.9432,12.949
"6459",61,2023-03-01,8.79,10.9161,12.8805
"6460",62,2023-03-02,8.76,10.9044,12.8489
"6461",63,2023-03-03,8.87,10.8933,12.8157
"6462",64,2023-03-04,8.86,10.8824,12.7834
"6463",65,2023-03-05,8.86,10.8723,12.7511
"6464",66,2023-03-06,8.91,10.863,12.7198
"6465",67,2023-03-07,9.22,10.8538,12.6894
"6466",68,2023-03-08,9.6,10.8446,12.6615
"6467",69,2023-03-09,9.52,10.8356,12.6338
"6468",70,2023-03-10,9.59,10.8271,12.6085
"6469",71,2023-03-11,9.73,10.8185,12.5805
"6470",72,2023-03-12,10.29,10.8091,12.5441
"6471",73,2023-03-13,10.33,10.7984,12.5079
"6472",74,2023-03-14,10.38,10.7862,12.4691
"6473",75,2023-03-15,9.78,10.7722,12.4311
"6474",76,2023-03-16,9.89,10.7559,12.3913
"6475",77,2023-03-17,9.9,10.7368,12.3513
"6476",78,2023-03-18,10.05,10.7157,12.3115
"6477",79,2023-03-19,10.53,10.6928,12.2709
"6478",80,2023-03-20,10.46,10.6681,12.2307
"6479",81,2023-03-21,10.2,10.6417,12.1918
"6480",82,2023-03-22,10.36,10.6136,12.1504
"6481",83,2023-03-23,10.52,10.5839,12.1075
"6482",84,2023-03-24,10.05,10.5521,12.0665
"6483",85,2023-03-25,9.93,10.5191,12.0231
"6484",86,2023-03-26,9.61,10.4854,11.9784
"6485",87,2023-03-27,9.25,10.4514,11.9378
"6486",88,2023-03-28,9.69,10.419,11.9003
"6487",89,2023-03-29,9.8,10.3871,11.8705
"6488",90,2023-03-30,NA,10.3565,11.8459
"6489",91,2023-03-31,NA,10.3267,11.8255
"6490",92,2023-04-01,10.35,10.2972,11.8035
"6491",93,2023-04-02,10.61,10.267,11.7805
"6492",94,2023-04-03,9.98,10.2374,11.7587
"6493",95,2023-04-04,9.49,10.2095,11.7356
"6494",96,2023-04-05,9.28,10.1833,11.7091
"6495",97,2023-04-06,9.28,10.1593,11.6816
"6496",98,2023-04-07,9.23,10.1368,11.6527
"6497",99,2023-04-08,9.55,10.1139,11.6182
"6498",100,2023-04-09,9.72,10.0911,11.5802
"6499",101,2023-04-10,9.79,10.0671,11.5371
"6500",102,2023-04-11,9.87,10.0413,11.4953
"6501",103,2023-04-12,8.99,10.0153,11.461
"6502",104,2023-04-13,8.17,9.9909,11.4284
"6503",105,2023-04-14,7.82,9.9677,11.3936
"6504",106,2023-04-15,7.71,9.9456,11.3606
"6505",107,2023-04-16,8.41,9.9246,11.3267
"6506",108,2023-04-17,8.58,9.9048,11.2911
"6507",109,2023-04-18,8.26,9.8863,11.2589
"6508",110,2023-04-19,8.82,9.87,11.2328
"6509",111,2023-04-20,8.81,9.8559,11.2117
"6510",112,2023-04-21,8.74,9.8442,11.1928
"6511",113,2023-04-22,8.52,9.836,11.1847
"6512",114,2023-04-23,8.52,9.8301,11.1798
"6513",115,2023-04-24,8,9.8262,11.1746
"6514",116,2023-04-25,7.86,9.8242,11.1739
"6515",117,2023-04-26,7.91,9.825,11.1789
"6516",118,2023-04-27,NA,9.8284,11.1891
"6517",119,2023-04-28,NA,9.833,11.205
"6518",120,2023-04-29,NA,9.8395,11.2179
"6519",121,2023-04-30,NA,9.8471,11.2281
"6520",122,2023-05-01,8.93,9.8545,11.2341
"6521",123,2023-05-02,8.75,9.8618,11.2412
"6522",124,2023-05-03,10.02,9.8694,11.2438
"6523",125,2023-05-04,10.1,9.8769,11.2461
"6524",126,2023-05-05,10.07,9.8838,11.2485
"6525",127,2023-05-06,10.19,9.8902,11.2559
"6526",128,2023-05-07,10.5,9.896,11.2637
"6527",129,2023-05-08,10.98,9.9017,11.272
"6528",130,2023-05-09,11.69,9.9081,11.2816
"6529",131,2023-05-10,11.26,9.9143,11.2892
"6530",132,2023-05-11,10.39,9.9217,11.2972
"6531",133,2023-05-12,9.75,9.9319,11.3116
"6532",134,2023-05-13,10.44,9.9452,11.3294
"6533",135,2023-05-14,10.41,9.9602,11.3523
"6534",136,2023-05-15,11.08,9.9773,11.3811
"6535",137,2023-05-16,11.43,9.9972,11.4147
"6536",138,2023-05-17,10.6,10.0203,11.4514
"6537",139,2023-05-18,10.48,10.0461,11.5018
"6538",140,2023-05-19,9.78,10.0729,11.5515
"6539",141,2023-05-20,9.35,10.1005,11.5975
"6540",142,2023-05-21,9.59,10.1294,11.64
"6541",143,2023-05-22,9.41,10.159,11.6854
"6542",144,2023-05-23,9.32,10.1886,11.7355
"6543",145,2023-05-24,9.27,10.2176,11.789
"6544",146,2023-05-25,9.93,10.2471,11.8425
"6545",147,2023-05-26,NA,10.2771,11.895
"6546",148,2023-05-27,NA,10.3055,11.9454
"6547",149,2023-05-28,NA,10.331,11.9924
"6548",150,2023-05-29,10.43,10.3538,12.0308
"6549",151,2023-05-30,11.36,10.3754,12.0637
"6550",152,2023-05-31,12.22,10.3957,12.0962
"6551",153,2023-06-01,10.46,10.4156,12.1271
"6552",154,2023-06-02,10.32,10.4355,12.1538
"6553",155,2023-06-03,9.97,10.4564,12.1779
"6554",156,2023-06-04,10.4,10.4799,12.2045
"6555",157,2023-06-05,NA,10.5057,12.232
"6556",158,2023-06-06,NA,10.5333,12.2587
"6557",159,2023-06-07,NA,10.5634,12.2897
"6558",160,2023-06-08,NA,10.596,12.3224
"6559",161,2023-06-09,NA,10.6307,12.3585
"6560",162,2023-06-10,13.47,10.6672,12.4055
"6561",163,2023-06-11,12.88,10.7054,12.4612
"6562",164,2023-06-12,13.43,10.7443,12.513
"6563",165,2023-06-13,13.92,10.7834,12.5658
"6564",166,2023-06-14,14.31,10.8222,12.6175
"6565",167,2023-06-15,14.14,10.8602,12.6708
"6566",168,2023-06-16,14.12,10.8967,12.7235
"6567",169,2023-06-17,14.66,10.9306,12.7776
"6568",170,2023-06-18,15.05,10.9613,12.822
"6569",171,2023-06-19,10.81,10.9903,12.8592
"6570",172,2023-06-20,10.36,11.0181,12.8907
"6571",173,2023-06-21,10.27,11.0446,12.9215
"6572",174,2023-06-22,9.83,11.0707,12.9489
"6573",175,2023-06-23,10.78,11.0967,12.973
"6574",176,2023-06-24,NA,11.1234,12.9938
"6575",177,2023-06-25,11.71,11.1499,13.0126
"6576",178,2023-06-26,11.67,11.1751,13.0241
"6577",179,2023-06-27,12.13,11.2007,13.0341
"6578",180,2023-06-28,11.45,11.2293,13.046
"6579",181,2023-06-29,11.36,11.2625,13.0664
"6580",182,2023-06-30,11.16,11.2993,13.0984
"6581",183,2023-07-01,11.43,11.3384,13.1387
"6582",184,2023-07-02,11.72,11.3798,13.1841
"6583",185,2023-07-03,12.81,11.4236,13.2357
"6584",186,2023-07-04,12.52,11.4684,13.2897
"6585",187,2023-07-05,13.2,11.5116,13.3409
"6586",188,2023-07-06,13.51,11.5539,13.3899
"6587",189,2023-07-07,12.95,11.597,13.4392
"6588",190,2023-07-08,11.21,11.64,13.4915
"6589",191,2023-07-09,11.84,11.6823,13.5466
"6590",192,2023-07-10,11.55,11.7244,13.6014
"6591",193,2023-07-11,11.09,11.766,13.6567
"6592",194,2023-07-12,10.73,11.808,13.7104
"6593",195,2023-07-13,11.51,11.85,13.7632
"6594",196,2023-07-14,11.19,11.8909,13.816
"6595",197,2023-07-15,11.14,11.9304,13.8638
"6596",198,2023-07-16,11.29,11.9699,13.9113
"6597",199,2023-07-17,11.16,12.0098,13.9561
"6598",200,2023-07-18,11.74,12.0492,13.9987
"6599",201,2023-07-19,11.83,12.0882,14.0397
"6600",202,2023-07-20,11.66,12.1267,14.0835
"6601",203,2023-07-21,11.27,12.1631,14.1251
"6602",204,2023-07-22,11.1,12.1972,14.1622
"6603",205,2023-07-23,12.25,12.2285,14.1966
"6604",206,2023-07-24,12.24,12.2571,14.216
"6605",207,2023-07-25,12.27,12.2844,14.2286
"6606",208,2023-07-26,11.78,12.3115,14.2446
"6607",209,2023-07-27,11.48,12.3398,14.2684
"6608",210,2023-07-28,12.09,12.3681,14.2937
"6609",211,2023-07-29,11.79,12.3955,14.3175
"6610",212,2023-07-30,11.78,12.4205,14.3365
"6611",213,2023-07-31,11.26,12.4431,14.3504
"6612",214,2023-08-01,10.73,12.4644,14.3604
"6613",215,2023-08-02,11.25,12.4848,14.37
"6614",216,2023-08-03,11.48,12.5043,14.3793
"6615",217,2023-08-04,10.79,12.5234,14.3942
"6616",218,2023-08-05,10.89,12.5427,14.4146
"6617",219,2023-08-06,11.09,12.563,14.4433
"6618",220,2023-08-07,11.55,12.5834,14.4793
"6619",221,2023-08-08,10.91,12.6029,14.5085
"6620",222,2023-08-09,11.25,12.6219,14.5262
"6621",223,2023-08-10,12.11,12.6406,14.5496
"6622",224,2023-08-11,13.13,12.6583,14.5669
"6623",225,2023-08-12,12.98,12.673,14.5819
"6624",226,2023-08-13,13.66,12.6847,14.5902
"6625",227,2023-08-14,14.36,12.6947,14.5959
"6626",228,2023-08-15,15.05,12.7041,14.6006
"6627",229,2023-08-16,15.65,12.7116,14.6024
"6628",230,2023-08-17,14.94,12.7159,14.6004
"6629",231,2023-08-18,16.45,12.7179,14.5962
"6630",232,2023-08-19,16.62,12.7191,14.5935
"6631",233,2023-08-20,16.3,12.7194,14.588
"6632",234,2023-08-21,13.58,12.7194,14.5837
"6633",235,2023-08-22,15.82,12.7205,14.581
"6634",236,2023-08-23,16.83,12.7243,14.5839
"6635",237,2023-08-24,16.74,12.7301,14.5989
"6636",238,2023-08-25,16.86,12.7366,14.6193
"6637",239,2023-08-26,16.93,12.7432,14.6397
"6638",240,2023-08-27,14.91,12.749,14.6577
"6639",241,2023-08-28,13.87,12.7538,14.6752
"6640",242,2023-08-29,12.79,12.757,14.6869
"6641",243,2023-08-30,11.8,12.7584,14.6893
"6642",244,2023-08-31,11.07,12.7584,14.6916
"6643",245,2023-09-01,11.39,12.7575,14.6904
"6644",246,2023-09-02,11.98,12.7551,14.6905
"6645",247,2023-09-03,13.15,12.7511,14.6891
"6646",248,2023-09-04,13.39,12.7457,14.6847
"6647",249,2023-09-05,13.32,12.7387,14.6764
"6648",250,2023-09-06,13.88,12.7285,14.667
"6649",251,2023-09-07,14.05,12.7151,14.6512
"6650",252,2023-09-08,14.59,12.6996,14.6326
"6651",253,2023-09-09,15.09,12.6821,14.6177
"6652",254,2023-09-10,14.69,12.663,14.5929
"6653",255,2023-09-11,13.91,12.6437,14.5668
"6654",256,2023-09-12,12.72,12.6245,14.5364
"6655",257,2023-09-13,12.26,12.6058,14.5076
"6656",258,2023-09-14,12.28,12.5871,14.4771
"6657",259,2023-09-15,12.81,12.5689,14.4477
"6658",260,2023-09-16,13.45,12.5514,14.4196
"6659",261,2023-09-17,14.15,12.535,14.3946
"6660",262,2023-09-18,14.36,12.52,14.3723
"6661",263,2023-09-19,14.14,12.5058,14.3489
"6662",264,2023-09-20,14.46,12.4926,14.3304
"6663",265,2023-09-21,15.16,12.4801,14.3164
"6664",266,2023-09-22,15.88,12.4666,14.3032
"6665",267,2023-09-23,16,12.4507,14.2865
"6666",268,2023-09-24,15.97,12.4328,14.2642
"6667",269,2023-09-25,15.69,12.4143,14.2421
"6668",270,2023-09-26,15.48,12.3948,14.2204
"6669",271,2023-09-27,15.25,12.3749,14.2003
"6670",272,2023-09-28,14.37,12.3558,14.1806
"6671",273,2023-09-29,12.42,12.3384,14.1675
"6672",274,2023-09-30,12.07,12.3231,14.162
"6673",275,2023-10-01,11.47,12.3094,14.1562
"6674",276,2023-10-02,12.18,12.2966,14.1485
"6675",277,2023-10-03,12.41,12.285,14.138
"6676",278,2023-10-04,12.95,12.2748,14.1263
"6677",279,2023-10-05,13.77,12.2664,14.1138
"6678",280,2023-10-06,14.11,12.2589,14.1002
"6679",281,2023-10-07,14.29,12.2525,14.0803
"6680",282,2023-10-08,13.57,12.2461,14.0572
"6681",283,2023-10-09,13.13,12.2391,14.034
"6682",284,2023-10-10,12.91,12.2316,14.0131
"6683",285,2023-10-11,13.48,12.2232,13.9942
"6684",286,2023-10-12,13.04,12.2148,13.9768
"6685",287,2023-10-13,12.62,12.2075,13.9646
"6686",288,2023-10-14,12.71,12.2017,13.9576
"6687",289,2023-10-15,13.31,12.197,13.9542
"6688",290,2023-10-16,13.22,12.1915,13.9523
"6689",291,2023-10-17,13.87,12.1861,13.9504
"6690",292,2023-10-18,13.02,12.1812,13.9485
"6691",293,2023-10-19,12.9,12.178,13.9459
"6692",294,2023-10-20,13.49,12.1763,13.9433
"6693",295,2023-10-21,13.42,12.1758,13.94
"6694",296,2023-10-22,13.82,12.1766,13.9363
"6695",297,2023-10-23,13.73,12.1787,13.9306
"6696",298,2023-10-24,13.19,12.1812,13.9254
"6697",299,2023-10-25,12.63,12.1838,13.92
"6698",300,2023-10-26,12.16,12.186,13.9139
"6699",301,2023-10-27,11.89,12.1883,13.9055
"6700",302,2023-10-28,11.65,12.1901,13.8942
"6701",303,2023-10-29,11.56,12.1909,13.8837
"6702",304,2023-10-30,11.58,12.1898,13.875
"6703",305,2023-10-31,11.55,12.1868,13.8655
"6704",306,2023-11-01,12.19,12.1821,13.8553
"6705",307,2023-11-02,12.23,12.1765,13.8474
"6706",308,2023-11-03,12.56,12.1698,13.8377
"6707",309,2023-11-04,12.67,12.1613,13.8263
"6708",310,2023-11-05,NA,12.1507,13.8127
"6709",311,2023-11-06,13.23,12.1392,13.7975
"6710",312,2023-11-07,13.06,12.1268,13.7828
"6711",313,2023-11-08,12.42,12.1146,13.767
"6712",314,2023-11-09,12.22,12.1032,13.7536
"6713",315,2023-11-10,12.32,12.0925,13.7393
"6714",316,2023-11-11,12.38,12.0827,13.7254
"6715",317,2023-11-12,12.54,12.0731,13.7118
"6716",318,2023-11-13,12.74,12.0621,13.6964
"6717",319,2023-11-14,13.31,12.0496,13.6809
"6718",320,2023-11-15,13.44,12.0371,13.6655
"6719",321,2023-11-16,13.69,12.0258,13.6507
"6720",322,2023-11-17,13.85,12.0148,13.6358
"6721",323,2023-11-18,14.5,12.004,13.621
"6722",324,2023-11-19,14.06,11.9924,13.607
"6723",325,2023-11-20,13.63,11.9803,13.5944
"6724",326,2023-11-21,13.43,11.9682,13.5827
"6725",327,2023-11-22,13.52,11.9561,13.5726
"6726",328,2023-11-23,13.43,11.944,13.5664
"6727",329,2023-11-24,13.08,11.9333,13.5603
"6728",330,2023-11-25,13.39,11.9235,13.5547
"6729",331,2023-11-26,13.41,11.9142,13.5488
"6730",332,2023-11-27,13.4,11.9049,13.5437
"6731",333,2023-11-28,13.42,11.8964,13.5424
"6732",334,2023-11-29,13.8,11.8889,13.5405
"6733",335,2023-11-30,13.63,11.8822,13.5366
"6734",336,2023-12-01,13.48,11.8766,13.533
"6735",337,2023-12-02,13.61,11.8716,13.5298
"6736",338,2023-12-03,NA,11.8664,13.527
"6737",339,2023-12-04,NA,11.8616,13.527
"6738",340,2023-12-05,13.59,11.8569,13.5288
"6739",341,2023-12-06,13.5,11.8528,13.5329
"6740",342,2023-12-07,13.49,11.8491,13.5387
"6741",343,2023-12-08,13.25,11.8454,13.5437
"6742",344,2023-12-09,12.91,11.8412,13.5492
"6743",345,2023-12-10,12.94,11.8361,13.552
"6744",346,2023-12-11,13.55,11.8299,13.5551
"6745",347,2023-12-12,13.51,11.8218,13.5504
"6746",348,2023-12-13,13.31,11.8123,13.5234
"6747",349,2023-12-14,13.54,11.8028,13.4963
"6748",350,2023-12-15,13.57,11.7935,13.4692
"6749",351,2023-12-16,13.36,11.7836,13.4422
"6750",352,2023-12-17,13.65,11.7732,13.4145
"6751",353,2023-12-18,13.54,11.7626,13.3877
"6752",354,2023-12-19,13.69,11.7525,13.3616
"6753",355,2023-12-20,13.74,11.7428,13.3372
"6754",356,2023-12-21,14.16,11.7337,13.313
"6755",357,2023-12-22,14.17,11.725,13.2888
"6756",358,2023-12-23,13.87,11.7171,13.2653
"6757",359,2023-12-24,13.76,11.71,13.2421
"6758",360,2023-12-25,13.83,11.7028,13.2189
"6759",361,2023-12-26,13.87,11.6955,13.1945
"6760",362,2023-12-27,13.91,11.6881,13.17
"6761",363,2023-12-28,13.82,11.6806,13.1451
"6762",364,2023-12-29,13.9,11.6728,13.1193
"6763",365,2023-12-30,13.69,11.6648,13.0933
"6764",366,2023-12-31,13.72,11.6563,13.0669
"6765",1,2024-01-01,NA,11.6471,13.0406
"6766",2,2024-01-02,13.67,11.6377,13.0143
"6767",3,2024-01-03,13.86,11.6287,12.9868
"6768",4,2024-01-04,13.83,11.6196,12.9588
"6769",5,2024-01-05,13.91,11.6107,12.9317
"6770",6,2024-01-06,13.76,11.6021,12.906
"6771",7,2024-01-07,13.24,11.5941,12.8821
"6772",8,2024-01-08,12.89,11.5866,12.8589
"6773",9,2024-01-09,13.07,11.5799,12.8382
"6774",10,2024-01-10,12.56,11.574,12.8204
"6775",11,2024-01-11,11.2,11.5693,12.8045
"6776",12,2024-01-12,11,11.5664,12.798
"6777",13,2024-01-13,11.68,11.5648,12.8125
"6778",14,2024-01-14,11.88,11.5641,12.8275
"6779",15,2024-01-15,11.89,11.564,12.8426
"6780",16,2024-01-16,11.82,11.5642,12.8567
"6781",17,2024-01-17,11.88,11.5643,12.8713
"6782",18,2024-01-18,12.19,11.5642,12.8857
"6783",19,2024-01-19,12.24,11.5638,12.8995
"6784",20,2024-01-20,12.46,11.5628,12.9115
"6785",21,2024-01-21,12.37,11.5614,12.9232
"6786",22,2024-01-22,12.42,11.5594,12.9345
"6787",23,2024-01-23,12.71,11.5564,12.9449
"6788",24,2024-01-24,12.73,11.5526,12.9568
"6789",25,2024-01-25,12.93,11.5476,12.9693
"6790",26,2024-01-26,13,11.5413,12.9847
"6791",27,2024-01-27,13,11.5339,13.0008
"6792",28,2024-01-28,12.93,11.5251,13.0151
"6793",29,2024-01-29,13.1,11.5151,13.0312
"6794",30,2024-01-30,13.06,11.5037,13.0478
"6795",31,2024-01-31,13.16,11.4915,13.0664
"6796",32,2024-02-01,13.04,11.4779,13.0844
"6797",33,2024-02-02,12.98,11.4627,13.1019
"6798",34,2024-02-03,12.78,11.4454,13.1194
"6799",35,2024-02-04,12.68,11.4259,13.1342
"6800",36,2024-02-05,13.07,11.4049,13.1474
"6801",37,2024-02-06,13.22,11.3831,13.1592
"6802",38,2024-02-07,13.15,11.3601,13.1688
"6803",39,2024-02-08,13.14,11.3363,13.1761
"6804",40,2024-02-09,13.09,11.3118,13.1822
"6805",41,2024-02-10,13.04,11.2868,13.1861
"6806",42,2024-02-11,13.03,11.2612,13.1871
"6807",43,2024-02-12,13.03,11.2358,13.1865
"6808",44,2024-02-13,13.06,11.2108,13.1832
"6809",45,2024-02-14,13.06,11.1871,13.18
"6810",46,2024-02-15,12.95,11.165,13.1747
"6811",47,2024-02-16,13.16,11.1441,13.1689
"6812",48,2024-02-17,13.14,11.1242,13.1624
"6813",49,2024-02-18,13.22,11.1053,13.1537
"6814",50,2024-02-19,13.24,11.0873,13.1419
"6815",51,2024-02-20,13.38,11.0698,13.1294
"6816",52,2024-02-21,13.24,11.0531,13.1168
"6817",53,2024-02-22,13.37,11.0372,13.1026
"6818",54,2024-02-23,13.44,11.0216,13.0876
"6819",55,2024-02-24,13.41,11.0057,13.069
"6820",56,2024-02-25,13.64,10.9899,13.0435
"6821",57,2024-02-26,13.74,10.974,13.0151
"6822",58,2024-02-27,13.1,10.9584,12.9824
"6823",59,2024-02-28,12.83,10.9432,12.949
"6824",60,2024-02-29,12.96,10.929,12.914
"6825",61,2024-03-01,12.88,10.9161,12.8805
"6826",62,2024-03-02,12.7,10.9044,12.8489
"6827",63,2024-03-03,12.68,10.8933,12.8157
"6828",64,2024-03-04,12.73,10.8824,12.7834
"6829",65,2024-03-05,12.79,10.8723,12.7511
"6830",66,2024-03-06,12.87,10.863,12.7198
"6831",67,2024-03-07,12.56,10.8538,12.6894
"6832",68,2024-03-08,12.35,10.8446,12.6615
"6833",69,2024-03-09,12.63,10.8356,12.6338
"6834",70,2024-03-10,12.64,10.8271,12.6085
"6835",71,2024-03-11,12.61,10.8185,12.5805
"6836",72,2024-03-12,12.88,10.8091,12.5441
"6837",73,2024-03-13,12.51,10.7984,12.5079
"6838",74,2024-03-14,11.9,10.7862,12.4691
"6839",75,2024-03-15,11.69,10.7722,12.4311
"6840",76,2024-03-16,11.53,10.7559,12.3913
"6841",77,2024-03-17,11.9,10.7368,12.3513
"6842",78,2024-03-18,11.33,10.7157,12.3115
"6843",79,2024-03-19,11.21,10.6928,12.2709
"6844",80,2024-03-20,10.99,10.6681,12.2307
"6845",81,2024-03-21,11.31,10.6417,12.1918
"6846",82,2024-03-22,11.84,10.6136,12.1504
"6847",83,2024-03-23,11.86,10.5839,12.1075
"6848",84,2024-03-24,11.84,10.5521,12.0665
"6849",85,2024-03-25,11.1,10.5191,12.0231
"6850",86,2024-03-26,10.42,10.4854,11.9784
"6851",87,2024-03-27,10.02,10.4514,11.9378
"6852",88,2024-03-28,10.39,10.419,11.9003
"6853",89,2024-03-29,10.46,10.3871,11.8705
"6854",90,2024-03-30,10.55,10.3565,11.8459
"6855",91,2024-03-31,11.5,10.3267,11.8255
"6856",92,2024-04-01,10.91,10.2972,11.8035
"6857",93,2024-04-02,10.99,10.267,11.7805
"6858",94,2024-04-03,11.58,10.2374,11.7587
"6859",95,2024-04-04,10.64,10.2095,11.7356
"6860",96,2024-04-05,10.77,10.1833,11.7091
"6861",97,2024-04-06,10.27,10.1593,11.6816
"6862",98,2024-04-07,10.53,10.1368,11.6527
"6863",99,2024-04-08,10.32,10.1139,11.6182
"6864",100,2024-04-09,10.2,10.0911,11.5802
"6865",101,2024-04-10,10.08,10.0671,11.5371
"6866",102,2024-04-11,9.99,10.0413,11.4953
"6867",103,2024-04-12,9.85,10.0153,11.461
"6868",104,2024-04-13,10.13,9.9909,11.4284
"6869",105,2024-04-14,9.75,9.9677,11.3936
"6870",106,2024-04-15,10.26,9.9456,11.3606
"6871",107,2024-04-16,NA,9.9246,11.3267
"6872",108,2024-04-17,NA,9.9048,11.2911
"6873",109,2024-04-18,NA,9.8863,11.2589
"6874",110,2024-04-19,11.51,9.87,11.2328
"6875",111,2024-04-20,11.78,9.8559,11.2117
"6876",112,2024-04-21,12.01,9.8442,11.1928
"6877",113,2024-04-22,10.7,9.836,11.1847
"6878",114,2024-04-23,10.92,9.8301,11.1798
"6879",115,2024-04-24,11.49,9.8262,11.1746
"6880",116,2024-04-25,12.63,9.8242,11.1739
"6881",117,2024-04-26,11.64,9.825,11.1789
"6882",118,2024-04-27,10.35,9.8284,11.1891
"6883",119,2024-04-28,9.94,9.833,11.205
"6884",120,2024-04-29,9.72,9.8395,11.2179
"6885",121,2024-04-30,8.71,9.8471,11.2281
"6886",122,2024-05-01,8.4,9.8545,11.2341
"6887",123,2024-05-02,NA,9.8618,11.2412
"6888",124,2024-05-03,10.06,9.8694,11.2438
"6889",125,2024-05-04,9.25,9.8769,11.2461
"6890",126,2024-05-05,8.22,9.8838,11.2485
"6891",127,2024-05-06,8.7,9.8902,11.2559
"6892",128,2024-05-07,8.94,9.896,11.2637
"6893",129,2024-05-08,8.88,9.9017,11.272
"6894",130,2024-05-09,8.52,9.9081,11.2816
"6895",131,2024-05-10,9.18,9.9143,11.2892
"6896",132,2024-05-11,10.27,9.9217,11.2972
"6897",133,2024-05-12,11.22,9.9319,11.3116
"6898",134,2024-05-13,9.6,9.9452,11.3294
"6899",135,2024-05-14,NA,9.9602,11.3523
"6900",136,2024-05-15,NA,9.9773,11.3811
"6901",137,2024-05-16,NA,9.9972,11.4147
"6902",138,2024-05-17,12.86,10.0203,11.4514
"6903",139,2024-05-18,13.92,10.0461,11.5018
"6904",140,2024-05-19,13.65,10.0729,11.5515
"6905",141,2024-05-20,11.75,10.1005,11.5975
"6906",142,2024-05-21,9.95,10.1294,11.64
"6907",143,2024-05-22,9.73,10.159,11.6854
"6908",144,2024-05-23,9.8,10.1886,11.7355
"6909",145,2024-05-24,9.44,10.2176,11.789
"6910",146,2024-05-25,9.31,10.2471,11.8425
"6911",147,2024-05-26,8.74,10.2771,11.895
"6912",148,2024-05-27,9.18,10.3055,11.9454
"6913",149,2024-05-28,8.84,10.331,11.9924
"6914",150,2024-05-29,9.09,10.3538,12.0308
"6915",151,2024-05-30,NA,10.3754,12.0637
"6916",152,2024-05-31,9.81,10.3957,12.0962
"6917",153,2024-06-01,10.36,10.4156,12.1271
"6918",154,2024-06-02,10.38,10.4355,12.1538
"6919",155,2024-06-03,10.24,10.4564,12.1779
"6920",156,2024-06-04,9.66,10.4799,12.2045
"6921",157,2024-06-05,9.57,10.5057,12.232
"6922",158,2024-06-06,9,10.5333,12.2587
