group_code,marine_site_name,site_code,site_lat,site_long,ltm_lat,ltm_long,marine_sort_order,marine_common_year,season_name,marine_season_code,marine_common_season,survey_date,target_assemblage,species_code,plot_code,total,plot_area_m2,method_code,state_province,georegion,bioregion,mpa_designation,mpa_region,mpa_lt_region,mpa_name,island,last_updated
UCSC,Fogarty Creek,FOG,44.83863831,-124.05875,44.83863831,-124.05875,4300,2000,Summer,SU00,78,8/1/00,postelsia,POSPAL,1,1046,18,IP,Oregon,OR,WA Olympic Coast to San Francisco,NONE,OR,NONE,NONE,Mainland,11/1/24 10:44
UCSC,Fogarty Creek,FOG,44.83863831,-124.05875,44.83863831,-124.05875,4300,2001,Summer,SU01,82,6/21/01,postelsia,POSPAL,1,1366,18,IP,Oregon,OR,WA Olympic Coast to San Francisco,NONE,OR,NONE,NONE,Mainland,11/1/24 10:44
UCSC,Fogarty Creek,FOG,44.83863831,-124.05875,44.83863831,-124.05875,4300,2002,Summer,SU02,86,6/27/02,postelsia,POSPAL,1,155,18,IP,Oregon,OR,WA Olympic Coast to San Francisco,NONE,OR,NONE,NONE,Mainland,11/1/24 10:44
UCSC,Fogarty Creek,FOG,44.83863831,-124.05875,44.83863831,-124.05875,4300,2003,Summer,SU03,90,7/13/03,postelsia,POSPAL,1,233,18,IP,Oregon,OR,WA Olympic Coast to San Francisco,NONE,OR,NONE,NONE,Mainland,11/1/24 10:44
UCSC,Fogarty Creek,FOG,44.83863831,-124.05875,44.83863831,-124.05875,4300,2004,Summer,SU04,94,7/30/04,postelsia,POSPAL,1,335,18,IP,Oregon,OR,WA Olympic Coast to San Francisco,NONE,OR,NONE,NONE,Mainland,11/1/24 10:44
UCSC,Fogarty Creek,FOG,44.83863831,-124.05875,44.83863831,-124.05875,4300,2005,Summer,SU05,98,7/21/05,postelsia,POSPAL,1,259,18,IP,Oregon,OR,WA Olympic Coast to San Francisco,NONE,OR,NONE,NONE,Mainland,11/1/24 10:44
UCSC,Fogarty Creek,FOG,44.83863831,-124.05875,44.83863831,-124.05875,4300,2006,Summer,SU06,102,7/11/06,postelsia,POSPAL,1,278,18,IP,Oregon,OR,WA Olympic Coast to San Francisco,NONE,OR,NONE,NONE,Mainland,11/1/24 10:44
UCSC,Fogarty Creek,FOG,44.83863831,-124.05875,44.83863831,-124.05875,4300,2007,Summer,SU07,106,7/12/07,postelsia,POSPAL,1,931,18,IP,Oregon,OR,WA Olympic Coast to San Francisco,NONE,OR,NONE,NONE,Mainland,11/1/24 10:44
UCSC,Fogarty Creek,FOG,44.83863831,-124.05875,44.83863831,-124.05875,4300,2008,Summer,SU08,110,7/1/08,postelsia,POSPAL,1,502,18,IP,Oregon,OR,WA Olympic Coast to San Francisco,NONE,OR,NONE,NONE,Mainland,11/1/24 10:44
UCSC,Fogarty Creek,FOG,44.83863831,-124.05875,44.83863831,-124.05875,4300,2009,Summer,SU09,114,7/20/09,postelsia,POSPAL,1,489,18,IP,Oregon,OR,WA Olympic Coast to San Francisco,NONE,OR,NONE,NONE,Mainland,11/1/24 10:44
UCSC,Fogarty Creek,FOG,44.83863831,-124.05875,44.83863831,-124.05875,4300,2010,Summer,SU10,118,7/10/10,postelsia,POSPAL,1,830,18,IP,Oregon,OR,WA Olympic Coast to San Francisco,NONE,OR,NONE,NONE,Mainland,11/1/24 10:44
UCSC,Fogarty Creek,FOG,44.83863831,-124.05875,44.83863831,-124.05875,4300,2011,Summer,SU11,122,7/13/11,postelsia,POSPAL,1,670,18,IP,Oregon,OR,WA Olympic Coast to San Francisco,NONE,OR,NONE,NONE,Mainland,11/1/24 10:44
UCSC,Fogarty Creek,FOG,44.83863831,-124.05875,44.83863831,-124.05875,4300,2012,Summer,SU12,126,7/2/12,postelsia,POSPAL,1,554,18,IP,Oregon,OR,WA Olympic Coast to San Francisco,NONE,OR,NONE,NONE,Mainland,11/1/24 10:44
UCSC,Fogarty Creek,FOG,44.83863831,-124.05875,44.83863831,-124.05875,4300,2013,Summer,SU13,130,7/21/13,postelsia,POSPAL,1,309,18,IP,Oregon,OR,WA Olympic Coast to San Francisco,NONE,OR,NONE,NONE,Mainland,11/1/24 10:44
UCSC,Fogarty Creek,FOG,44.83863831,-124.05875,44.83863831,-124.05875,4300,2014,Summer,SU14,134,7/11/14,postelsia,POSPAL,1,67,18,IP,Oregon,OR,WA Olympic Coast to San Francisco,NONE,OR,NONE,NONE,Mainland,11/1/24 10:44
UCSC,Fogarty Creek,FOG,44.83863831,-124.05875,44.83863831,-124.05875,4300,2015,Summer,SU15,138,7/15/15,postelsia,POSPAL,1,24,18,IP,Oregon,OR,WA Olympic Coast to San Francisco,NONE,OR,NONE,NONE,Mainland,11/1/24 10:44
UCSC,Fogarty Creek,FOG,44.83863831,-124.05875,44.83863831,-124.05875,4300,2016,Summer,SU16,142,7/19/16,postelsia,POSPAL,1,361,18,IP,Oregon,OR,WA Olympic Coast to San Francisco,NONE,OR,NONE,NONE,Mainland,11/1/24 10:44
UCSC,Fogarty Creek,FOG,44.83863831,-124.05875,44.83863831,-124.05875,4300,2017,Summer,SU17,146,7/10/17,postelsia,POSPAL,1,161,18,IP,Oregon,OR,WA Olympic Coast to San Francisco,NONE,OR,NONE,NONE,Mainland,11/1/24 10:44
UCSC,Fogarty Creek,FOG,44.83863831,-124.05875,44.83863831,-124.05875,4300,2018,Summer,SU18,150,7/14/18,postelsia,POSPAL,1,84,18,IP,Oregon,OR,WA Olympic Coast to San Francisco,NONE,OR,NONE,NONE,Mainland,11/1/24 10:44
UCSC,Fogarty Creek,FOG,44.83863831,-124.05875,44.83863831,-124.05875,4300,2019,Summer,SU19,154,7/4/19,postelsia,POSPAL,1,353,18,IP,Oregon,OR,WA Olympic Coast to San Francisco,NONE,OR,NONE,NONE,Mainland,11/1/24 10:44
UCSC,Fogarty Creek,FOG,44.83863831,-124.05875,44.83863831,-124.05875,4300,2021,Summer,SU21,162,7/13/21,postelsia,POSPAL,1,260,18,IP,Oregon,OR,WA Olympic Coast to San Francisco,NONE,OR,NONE,NONE,Mainland,11/1/24 10:44
UCSC,Fogarty Creek,FOG,44.83863831,-124.05875,44.83863831,-124.05875,4300,2022,Summer,SU22,166,6/29/22,postelsia,POSPAL,1,221,18,IP,Oregon,OR,WA Olympic Coast to San Francisco,NONE,OR,NONE,NONE,Mainland,11/1/24 10:44
UCSC,Fogarty Creek,FOG,44.83863831,-124.05875,44.83863831,-124.05875,4300,2023,Summer,SU23,170,7/5/23,postelsia,POSPAL,1,186,18,IP,Oregon,OR,WA Olympic Coast to San Francisco,NONE,OR,NONE,NONE,Mainland,11/1/24 10:44
UCSC,Fogarty Creek,FOG,44.83863831,-124.05875,44.83863831,-124.05875,4300,2024,Summer,SU24,174,7/24/24,postelsia,POSPAL,1,77,18,IP,Oregon,OR,WA Olympic Coast to San Francisco,NONE,OR,NONE,NONE,Mainland,11/1/24 10:44
UCSC,False Klamath Cove,FKC,41.59476089,-124.10643,41.59426498,-124.10533,5030,2014,Summer,SU14,134,5/16/14,postelsia,POSPAL,1,139,20,IP,California,CA North,WA Olympic Coast to San Francisco,NONE,North Coast,North Coast,NONE,Mainland,11/1/24 10:44
UCSC,False Klamath Cove,FKC,41.59476089,-124.10643,41.59426498,-124.10533,5030,2014,Summer,SU14,134,5/16/14,postelsia,POSPAL,2,363,20,IP,California,CA North,WA Olympic Coast to San Francisco,NONE,North Coast,North Coast,NONE,Mainland,11/1/24 10:44
UCSC,False Klamath Cove,FKC,41.59476089,-124.10643,41.59426498,-124.10533,5030,2015,Fall,FA15,139,1/21/16,postelsia,POSPAL,1,0,20,IP,California,CA North,WA Olympic Coast to San Francisco,NONE,North Coast,North Coast,NONE,Mainland,11/1/24 10:44
UCSC,False Klamath Cove,FKC,41.59476089,-124.10643,41.59426498,-124.10533,5030,2015,Fall,FA15,139,1/21/16,postelsia,POSPAL,2,0,20,IP,California,CA North,WA Olympic Coast to San Francisco,NONE,North Coast,North Coast,NONE,Mainland,11/1/24 10:44
UCSC,False Klamath Cove,FKC,41.59476089,-124.10643,41.59426498,-124.10533,5030,2016,Summer,SU16,142,5/22/16,postelsia,POSPAL,1,2,20,IP,California,CA North,WA Olympic Coast to San Francisco,NONE,North Coast,North Coast,NONE,Mainland,11/1/24 10:44
UCSC,False Klamath Cove,FKC,41.59476089,-124.10643,41.59426498,-124.10533,5030,2016,Summer,SU16,142,5/22/16,postelsia,POSPAL,2,431,20,IP,California,CA North,WA Olympic Coast to San Francisco,NONE,North Coast,North Coast,NONE,Mainland,11/1/24 10:44
UCSC,False Klamath Cove,FKC,41.59476089,-124.10643,41.59426498,-124.10533,5030,2016,Fall,FA16,143,12/11/16,postelsia,POSPAL,1,0,20,IP,California,CA North,WA Olympic Coast to San Francisco,NONE,North Coast,North Coast,NONE,Mainland,11/1/24 10:44
UCSC,False Klamath Cove,FKC,41.59476089,-124.10643,41.59426498,-124.10533,5030,2017,Summer,SU17,146,5/27/17,postelsia,POSPAL,1,0,20,IP,California,CA North,WA Olympic Coast to San Francisco,NONE,North Coast,North Coast,NONE,Mainland,11/1/24 10:44
UCSC,False Klamath Cove,FKC,41.59476089,-124.10643,41.59426498,-124.10533,5030,2017,Summer,SU17,146,5/27/17,postelsia,POSPAL,2,797,20,IP,California,CA North,WA Olympic Coast to San Francisco,NONE,North Coast,North Coast,NONE,Mainland,11/1/24 10:44
UCSC,False Klamath Cove,FKC,41.59476089,-124.10643,41.59426498,-124.10533,5030,2018,Summer,SU18,150,5/28/18,postelsia,POSPAL,1,0,20,IP,California,CA North,WA Olympic Coast to San Francisco,NONE,North Coast,North Coast,NONE,Mainland,11/1/24 10:44
UCSC,False Klamath Cove,FKC,41.59476089,-124.10643,41.59426498,-124.10533,5030,2018,Summer,SU18,150,5/28/18,postelsia,POSPAL,2,877,20,IP,California,CA North,WA Olympic Coast to San Francisco,NONE,North Coast,North Coast,NONE,Mainland,11/1/24 10:44
UCSC,False Klamath Cove,FKC,41.59476089,-124.10643,41.59426498,-124.10533,5030,2019,Summer,SU19,154,5/19/19,postelsia,POSPAL,1,0,20,IP,California,CA North,WA Olympic Coast to San Francisco,NONE,North Coast,North Coast,NONE,Mainland,11/1/24 10:44
UCSC,False Klamath Cove,FKC,41.59476089,-124.10643,41.59426498,-124.10533,5030,2019,Summer,SU19,154,5/19/19,postelsia,POSPAL,2,1345,20,IP,California,CA North,WA Olympic Coast to San Francisco,NONE,North Coast,North Coast,NONE,Mainland,11/1/24 10:44
UCSC,False Klamath Cove,FKC,41.59476089,-124.10643,41.59426498,-124.10533,5030,2020,Summer,SU20,158,6/9/20,postelsia,POSPAL,1,0,20,IP,California,CA North,WA Olympic Coast to San Francisco,NONE,North Coast,North Coast,NONE,Mainland,11/1/24 10:44
UCSC,False Klamath Cove,FKC,41.59476089,-124.10643,41.59426498,-124.10533,5030,2020,Summer,SU20,158,6/9/20,postelsia,POSPAL,2,852,20,IP,California,CA North,WA Olympic Coast to San Francisco,NONE,North Coast,North Coast,NONE,Mainland,11/1/24 10:44
UCSC,False Klamath Cove,FKC,41.59476089,-124.10643,41.59426498,-124.10533,5030,2021,Summer,SU21,162,5/26/21,postelsia,POSPAL,1,0,20,IP,California,CA North,WA Olympic Coast to San Francisco,NONE,North Coast,North Coast,NONE,Mainland,11/1/24 10:44
UCSC,False Klamath Cove,FKC,41.59476089,-124.10643,41.59426498,-124.10533,5030,2021,Summer,SU21,162,5/26/21,postelsia,POSPAL,2,1397,20,IP,California,CA North,WA Olympic Coast to San Francisco,NONE,North Coast,North Coast,NONE,Mainland,11/1/24 10:44
UCSC,False Klamath Cove,FKC,41.59476089,-124.10643,41.59426498,-124.10533,5030,2022,Summer,SU22,166,5/17/22,postelsia,POSPAL,1,0,20,IP,California,CA North,WA Olympic Coast to San Francisco,NONE,North Coast,North Coast,NONE,Mainland,11/1/24 10:44
UCSC,False Klamath Cove,FKC,41.59476089,-124.10643,41.59426498,-124.10533,5030,2022,Summer,SU22,166,5/17/22,postelsia,POSPAL,2,1217,20,IP,California,CA North,WA Olympic Coast to San Francisco,NONE,North Coast,North Coast,NONE,Mainland,11/1/24 10:44
UCSC,False Klamath Cove,FKC,41.59476089,-124.10643,41.59426498,-124.10533,5030,2023,Summer,SU23,170,5/7/23,postelsia,POSPAL,1,0,20,IP,California,CA North,WA Olympic Coast to San Francisco,NONE,North Coast,North Coast,NONE,Mainland,11/1/24 10:44
UCSC,False Klamath Cove,FKC,41.59476089,-124.10643,41.59426498,-124.10533,5030,2023,Summer,SU23,170,5/7/23,postelsia,POSPAL,2,437,20,IP,California,CA North,WA Olympic Coast to San Francisco,NONE,North Coast,North Coast,NONE,Mainland,11/1/24 10:44
UCSC,False Klamath Cove,FKC,41.59476089,-124.10643,41.59426498,-124.10533,5030,2024,Summer,SU24,174,5/25/24,postelsia,POSPAL,1,0,20,IP,California,CA North,WA Olympic Coast to San Francisco,NONE,North Coast,North Coast,NONE,Mainland,11/1/24 10:44
UCSC,False Klamath Cove,FKC,41.59476089,-124.10643,41.59426498,-124.10533,5030,2024,Summer,SU24,174,5/25/24,postelsia,POSPAL,2,574,20,IP,California,CA North,WA Olympic Coast to San Francisco,NONE,North Coast,North Coast,NONE,Mainland,11/1/24 10:44
UCSC,Shelter Cove,SHT,40.02254105,-124.07366,40.02254105,-124.07366,5060,2004,Summer,SU04,94,6/4/04,postelsia,POSPAL,1,1739,10,IP,California,CA North,WA Olympic Coast to San Francisco,NONE,North Coast,North Coast,NONE,Mainland,11/1/24 10:44
UCSC,Shelter Cove,SHT,40.02254105,-124.07366,40.02254105,-124.07366,5060,2004,Summer,SU04,94,6/4/04,postelsia,POSPAL,2,1334,10,IP,California,CA North,WA Olympic Coast to San Francisco,NONE,North Coast,North Coast,NONE,Mainland,11/1/24 10:44
UCSC,Shelter Cove,SHT,40.02254105,-124.07366,40.02254105,-124.07366,5060,2004,Summer,SU04,94,6/4/04,postelsia,POSPAL,3,1453,10,IP,California,CA North,WA Olympic Coast to San Francisco,NONE,North Coast,North Coast,NONE,Mainland,11/1/24 10:44
UCSC,Shelter Cove,SHT,40.02254105,-124.07366,40.02254105,-124.07366,5060,2005,Summer,SU05,98,6/23/05,postelsia,POSPAL,1,669,10,IP,California,CA North,WA Olympic Coast to San Francisco,NONE,North Coast,North Coast,NONE,Mainland,11/1/24 10:44
UCSC,Shelter Cove,SHT,40.02254105,-124.07366,40.02254105,-124.07366,5060,2005,Summer,SU05,98,6/23/05,postelsia,POSPAL,2,588,10,IP,California,CA North,WA Olympic Coast to San Francisco,NONE,North Coast,North Coast,NONE,Mainland,11/1/24 10:44
UCSC,Shelter Cove,SHT,40.02254105,-124.07366,40.02254105,-124.07366,5060,2005,Summer,SU05,98,6/23/05,postelsia,POSPAL,3,912,10,IP,California,CA North,WA Olympic Coast to San Francisco,NONE,North Coast,North Coast,NONE,Mainland,11/1/24 10:44
UCSC,Shelter Cove,SHT,40.02254105,-124.07366,40.02254105,-124.07366,5060,2006,Summer,SU06,102,6/15/06,postelsia,POSPAL,1,992,10,IP,California,CA North,WA Olympic Coast to San Francisco,NONE,North Coast,North Coast,NONE,Mainland,11/1/24 10:44
UCSC,Shelter Cove,SHT,40.02254105,-124.07366,40.02254105,-124.07366,5060,2006,Summer,SU06,102,6/15/06,postelsia,POSPAL,2,1241,10,IP,California,CA North,WA Olympic Coast to San Francisco,NONE,North Coast,North Coast,NONE,Mainland,11/1/24 10:44
UCSC,Shelter Cove,SHT,40.02254105,-124.07366,40.02254105,-124.07366,5060,2006,Summer,SU06,102,6/15/06,postelsia,POSPAL,3,593,10,IP,California,CA North,WA Olympic Coast to San Francisco,NONE,North Coast,North Coast,NONE,Mainland,11/1/24 10:44
UCSC,Shelter Cove,SHT,40.02254105,-124.07366,40.02254105,-124.07366,5060,2007,Summer,SU07,106,6/18/07,postelsia,POSPAL,1,1562,10,IP,California,CA North,WA Olympic Coast to San Francisco,NONE,North Coast,North Coast,NONE,Mainland,11/1/24 10:44
UCSC,Shelter Cove,SHT,40.02254105,-124.07366,40.02254105,-124.07366,5060,2007,Summer,SU07,106,6/18/07,postelsia,POSPAL,2,1450,10,IP,California,CA North,WA Olympic Coast to San Francisco,NONE,North Coast,North Coast,NONE,Mainland,11/1/24 10:44
UCSC,Shelter Cove,SHT,40.02254105,-124.07366,40.02254105,-124.07366,5060,2007,Summer,SU07,106,6/18/07,postelsia,POSPAL,3,989,10,IP,California,CA North,WA Olympic Coast to San Francisco,NONE,North Coast,North Coast,NONE,Mainland,11/1/24 10:44
UCSC,Shelter Cove,SHT,40.02254105,-124.07366,40.02254105,-124.07366,5060,2008,Summer,SU08,110,6/7/08,postelsia,POSPAL,1,1276,10,IP,California,CA North,WA Olympic Coast to San Francisco,NONE,North Coast,North Coast,NONE,Mainland,11/1/24 10:44
UCSC,Shelter Cove,SHT,40.02254105,-124.07366,40.02254105,-124.07366,5060,2008,Summer,SU08,110,6/7/08,postelsia,POSPAL,2,1387,10,IP,California,CA North,WA Olympic Coast to San Francisco,NONE,North Coast,North Coast,NONE,Mainland,11/1/24 10:44
UCSC,Shelter Cove,SHT,40.02254105,-124.07366,40.02254105,-124.07366,5060,2008,Summer,SU08,110,6/7/08,postelsia,POSPAL,3,888,10,IP,California,CA North,WA Olympic Coast to San Francisco,NONE,North Coast,North Coast,NONE,Mainland,11/1/24 10:44
UCSC,Shelter Cove,SHT,40.02254105,-124.07366,40.02254105,-124.07366,5060,2009,Summer,SU09,114,6/26/09,postelsia,POSPAL,1,907,10,IP,California,CA North,WA Olympic Coast to San Francisco,NONE,North Coast,North Coast,NONE,Mainland,11/1/24 10:44
UCSC,Shelter Cove,SHT,40.02254105,-124.07366,40.02254105,-124.07366,5060,2009,Summer,SU09,114,6/26/09,postelsia,POSPAL,2,980,10,IP,California,CA North,WA Olympic Coast to San Francisco,NONE,North Coast,North Coast,NONE,Mainland,11/1/24 10:44
UCSC,Shelter Cove,SHT,40.02254105,-124.07366,40.02254105,-124.07366,5060,2009,Summer,SU09,114,6/26/09,postelsia,POSPAL,3,621,10,IP,California,CA North,WA Olympic Coast to San Francisco,NONE,North Coast,North Coast,NONE,Mainland,11/1/24 10:44
UCSC,Shelter Cove,SHT,40.02254105,-124.07366,40.02254105,-124.07366,5060,2010,Summer,SU10,118,6/15/10,postelsia,POSPAL,1,322,10,IP,California,CA North,WA Olympic Coast to San Francisco,NONE,North Coast,North Coast,NONE,Mainland,11/1/24 10:44
UCSC,Shelter Cove,SHT,40.02254105,-124.07366,40.02254105,-124.07366,5060,2010,Summer,SU10,118,6/15/10,postelsia,POSPAL,2,264,10,IP,California,CA North,WA Olympic Coast to San Francisco,NONE,North Coast,North Coast,NONE,Mainland,11/1/24 10:44
UCSC,Shelter Cove,SHT,40.02254105,-124.07366,40.02254105,-124.07366,5060,2010,Summer,SU10,118,6/15/10,postelsia,POSPAL,3,970,10,IP,California,CA North,WA Olympic Coast to San Francisco,NONE,North Coast,North Coast,NONE,Mainland,11/1/24 10:44
UCSC,Shelter Cove,SHT,40.02254105,-124.07366,40.02254105,-124.07366,5060,2011,Summer,SU11,122,6/18/11,postelsia,POSPAL,1,1104,10,IP,California,CA North,WA Olympic Coast to San Francisco,NONE,North Coast,North Coast,NONE,Mainland,11/1/24 10:44
UCSC,Shelter Cove,SHT,40.02254105,-124.07366,40.02254105,-124.07366,5060,2011,Summer,SU11,122,6/18/11,postelsia,POSPAL,2,735,10,IP,California,CA North,WA Olympic Coast to San Francisco,NONE,North Coast,North Coast,NONE,Mainland,11/1/24 10:44
UCSC,Shelter Cove,SHT,40.02254105,-124.07366,40.02254105,-124.07366,5060,2011,Summer,SU11,122,6/18/11,postelsia,POSPAL,3,1188,10,IP,California,CA North,WA Olympic Coast to San Francisco,NONE,North Coast,North Coast,NONE,Mainland,11/1/24 10:44
UCSC,Shelter Cove,SHT,40.02254105,-124.07366,40.02254105,-124.07366,5060,2013,Summer,SU13,130,6/25/13,postelsia,POSPAL,1,930,10,IP,California,CA North,WA Olympic Coast to San Francisco,NONE,North Coast,North Coast,NONE,Mainland,11/1/24 10:44
UCSC,Shelter Cove,SHT,40.02254105,-124.07366,40.02254105,-124.07366,5060,2013,Summer,SU13,130,6/25/13,postelsia,POSPAL,2,999,10,IP,California,CA North,WA Olympic Coast to San Francisco,NONE,North Coast,North Coast,NONE,Mainland,11/1/24 10:44
UCSC,Shelter Cove,SHT,40.02254105,-124.07366,40.02254105,-124.07366,5060,2013,Summer,SU13,130,6/25/13,postelsia,POSPAL,3,699,10,IP,California,CA North,WA Olympic Coast to San Francisco,NONE,North Coast,North Coast,NONE,Mainland,11/1/24 10:44
UCSC,Shelter Cove,SHT,40.02254105,-124.07366,40.02254105,-124.07366,5060,2014,Summer,SU14,134,6/17/14,postelsia,POSPAL,1,945,10,IP,California,CA North,WA Olympic Coast to San Francisco,NONE,North Coast,North Coast,NONE,Mainland,11/1/24 10:44
UCSC,Shelter Cove,SHT,40.02254105,-124.07366,40.02254105,-124.07366,5060,2014,Summer,SU14,134,6/17/14,postelsia,POSPAL,2,725,10,IP,California,CA North,WA Olympic Coast to San Francisco,NONE,North Coast,North Coast,NONE,Mainland,11/1/24 10:44
UCSC,Shelter Cove,SHT,40.02254105,-124.07366,40.02254105,-124.07366,5060,2014,Summer,SU14,134,6/17/14,postelsia,POSPAL,3,1025,10,IP,California,CA North,WA Olympic Coast to San Francisco,NONE,North Coast,North Coast,NONE,Mainland,11/1/24 10:44
UCSC,Shelter Cove,SHT,40.02254105,-124.07366,40.02254105,-124.07366,5060,2015,Summer,SU15,138,6/19/15,postelsia,POSPAL,1,96,10,IP,California,CA North,WA Olympic Coast to San Francisco,NONE,North Coast,North Coast,NONE,Mainland,11/1/24 10:44
UCSC,Shelter Cove,SHT,40.02254105,-124.07366,40.02254105,-124.07366,5060,2015,Summer,SU15,138,6/19/15,postelsia,POSPAL,2,66,10,IP,California,CA North,WA Olympic Coast to San Francisco,NONE,North Coast,North Coast,NONE,Mainland,11/1/24 10:44
UCSC,Shelter Cove,SHT,40.02254105,-124.07366,40.02254105,-124.07366,5060,2015,Summer,SU15,138,6/19/15,postelsia,POSPAL,3,208,10,IP,California,CA North,WA Olympic Coast to San Francisco,NONE,North Coast,North Coast,NONE,Mainland,11/1/24 10:44
UCSC,Shelter Cove,SHT,40.02254105,-124.07366,40.02254105,-124.07366,5060,2016,Summer,SU16,142,6/7/16,postelsia,POSPAL,1,122,10,IP,California,CA North,WA Olympic Coast to San Francisco,NONE,North Coast,North Coast,NONE,Mainland,11/1/24 10:44
UCSC,Shelter Cove,SHT,40.02254105,-124.07366,40.02254105,-124.07366,5060,2016,Summer,SU16,142,6/7/16,postelsia,POSPAL,2,52,10,IP,California,CA North,WA Olympic Coast to San Francisco,NONE,North Coast,North Coast,NONE,Mainland,11/1/24 10:44
UCSC,Shelter Cove,SHT,40.02254105,-124.07366,40.02254105,-124.07366,5060,2016,Summer,SU16,142,6/7/16,postelsia,POSPAL,3,254,10,IP,California,CA North,WA Olympic Coast to San Francisco,NONE,North Coast,North Coast,NONE,Mainland,11/1/24 10:44
UCSC,Shelter Cove,SHT,40.02254105,-124.07366,40.02254105,-124.07366,5060,2018,Summer,SU18,150,7/16/18,postelsia,POSPAL,1,30,10,IP,California,CA North,WA Olympic Coast to San Francisco,NONE,North Coast,North Coast,NONE,Mainland,11/1/24 10:44
UCSC,Shelter Cove,SHT,40.02254105,-124.07366,40.02254105,-124.07366,5060,2018,Summer,SU18,150,7/16/18,postelsia,POSPAL,2,1,10,IP,California,CA North,WA Olympic Coast to San Francisco,NONE,North Coast,North Coast,NONE,Mainland,11/1/24 10:44
UCSC,Shelter Cove,SHT,40.02254105,-124.07366,40.02254105,-124.07366,5060,2018,Summer,SU18,150,7/16/18,postelsia,POSPAL,3,246,10,IP,California,CA North,WA Olympic Coast to San Francisco,NONE,North Coast,North Coast,NONE,Mainland,11/1/24 10:44
UCSC,Shelter Cove,SHT,40.02254105,-124.07366,40.02254105,-124.07366,5060,2019,Summer,SU19,154,6/19/19,postelsia,POSPAL,1,0,10,IP,California,CA North,WA Olympic Coast to San Francisco,NONE,North Coast,North Coast,NONE,Mainland,11/1/24 10:44
UCSC,Shelter Cove,SHT,40.02254105,-124.07366,40.02254105,-124.07366,5060,2019,Summer,SU19,154,6/19/19,postelsia,POSPAL,2,0,10,IP,California,CA North,WA Olympic Coast to San Francisco,NONE,North Coast,North Coast,NONE,Mainland,11/1/24 10:44
UCSC,Shelter Cove,SHT,40.02254105,-124.07366,40.02254105,-124.07366,5060,2019,Summer,SU19,154,6/19/19,postelsia,POSPAL,3,68,10,IP,California,CA North,WA Olympic Coast to San Francisco,NONE,North Coast,North Coast,NONE,Mainland,11/1/24 10:44
UCSC,Shelter Cove,SHT,40.02254105,-124.07366,40.02254105,-124.07366,5060,2020,Summer,SU20,158,8/5/20,postelsia,POSPAL,1,0,10,IP,California,CA North,WA Olympic Coast to San Francisco,NONE,North Coast,North Coast,NONE,Mainland,11/1/24 10:44
UCSC,Shelter Cove,SHT,40.02254105,-124.07366,40.02254105,-124.07366,5060,2020,Summer,SU20,158,8/5/20,postelsia,POSPAL,2,0,10,IP,California,CA North,WA Olympic Coast to San Francisco,NONE,North Coast,North Coast,NONE,Mainland,11/1/24 10:44
UCSC,Shelter Cove,SHT,40.02254105,-124.07366,40.02254105,-124.07366,5060,2020,Summer,SU20,158,8/5/20,postelsia,POSPAL,3,109,10,IP,California,CA North,WA Olympic Coast to San Francisco,NONE,North Coast,North Coast,NONE,Mainland,11/1/24 10:44
UCSC,Shelter Cove,SHT,40.02254105,-124.07366,40.02254105,-124.07366,5060,2021,Summer,SU21,162,7/12/21,postelsia,POSPAL,1,0,10,IP,California,CA North,WA Olympic Coast to San Francisco,NONE,North Coast,North Coast,NONE,Mainland,11/1/24 10:44
UCSC,Shelter Cove,SHT,40.02254105,-124.07366,40.02254105,-124.07366,5060,2021,Summer,SU21,162,7/12/21,postelsia,POSPAL,2,0,10,IP,California,CA North,WA Olympic Coast to San Francisco,NONE,North Coast,North Coast,NONE,Mainland,11/1/24 10:44
UCSC,Shelter Cove,SHT,40.02254105,-124.07366,40.02254105,-124.07366,5060,2021,Summer,SU21,162,7/12/21,postelsia,POSPAL,3,113,10,IP,California,CA North,WA Olympic Coast to San Francisco,NONE,North Coast,North Coast,NONE,Mainland,11/1/24 10:44
UCSC,Shelter Cove,SHT,40.02254105,-124.07366,40.02254105,-124.07366,5060,2022,Summer,SU22,166,6/18/22,postelsia,POSPAL,1,0,10,IP,California,CA North,WA Olympic Coast to San Francisco,NONE,North Coast,North Coast,NONE,Mainland,11/1/24 10:44
UCSC,Shelter Cove,SHT,40.02254105,-124.07366,40.02254105,-124.07366,5060,2022,Summer,SU22,166,6/18/22,postelsia,POSPAL,2,0,10,IP,California,CA North,WA Olympic Coast to San Francisco,NONE,North Coast,North Coast,NONE,Mainland,11/1/24 10:44
UCSC,Shelter Cove,SHT,40.02254105,-124.07366,40.02254105,-124.07366,5060,2022,Summer,SU22,166,6/18/22,postelsia,POSPAL,3,71,10,IP,California,CA North,WA Olympic Coast to San Francisco,NONE,North Coast,North Coast,NONE,Mainland,11/1/24 10:44
UCSC,Shelter Cove,SHT,40.02254105,-124.07366,40.02254105,-124.07366,5060,2023,Summer,SU23,170,6/7/23,postelsia,POSPAL,1,0,10,IP,California,CA North,WA Olympic Coast to San Francisco,NONE,North Coast,North Coast,NONE,Mainland,11/1/24 10:44
UCSC,Shelter Cove,SHT,40.02254105,-124.07366,40.02254105,-124.07366,5060,2023,Summer,SU23,170,6/7/23,postelsia,POSPAL,2,0,10,IP,California,CA North,WA Olympic Coast to San Francisco,NONE,North Coast,North Coast,NONE,Mainland,11/1/24 10:44
UCSC,Shelter Cove,SHT,40.02254105,-124.07366,40.02254105,-124.07366,5060,2023,Summer,SU23,170,6/7/23,postelsia,POSPAL,3,12,10,IP,California,CA North,WA Olympic Coast to San Francisco,NONE,North Coast,North Coast,NONE,Mainland,11/1/24 10:44
UCSC,Shelter Cove,SHT,40.02254105,-124.07366,40.02254105,-124.07366,5060,2024,Summer,SU24,174,6/25/24,postelsia,POSPAL,1,0,10,IP,California,CA North,WA Olympic Coast to San Francisco,NONE,North Coast,North Coast,NONE,Mainland,11/1/24 10:44
UCSC,Shelter Cove,SHT,40.02254105,-124.07366,40.02254105,-124.07366,5060,2024,Summer,SU24,174,6/25/24,postelsia,POSPAL,2,0,10,IP,California,CA North,WA Olympic Coast to San Francisco,NONE,North Coast,North Coast,NONE,Mainland,11/1/24 10:44
UCSC,Shelter Cove,SHT,40.02254105,-124.07366,40.02254105,-124.07366,5060,2024,Summer,SU24,174,6/25/24,postelsia,POSPAL,3,5,10,IP,California,CA North,WA Olympic Coast to San Francisco,NONE,North Coast,North Coast,NONE,Mainland,11/1/24 10:44
UCSC,Point Arena,ARN,38.95550156,-123.7413,38.95550156,-123.7413,5100,2010,Summer,SU10,118,5/19/10,postelsia,POSPAL,1,2174,40,IP,California,CA North,WA Olympic Coast to San Francisco,SMR,North Central Coast,North Coast,Point Arena SMR,Mainland,11/1/24 10:44
UCSC,Point Arena,ARN,38.95550156,-123.7413,38.95550156,-123.7413,5100,2010,Summer,SU10,118,5/19/10,postelsia,POSPAL,2,2310,40,IP,California,CA North,WA Olympic Coast to San Francisco,SMR,North Central Coast,North Coast,Point Arena SMR,Mainland,11/1/24 10:44
UCSC,Point Arena,ARN,38.95550156,-123.7413,38.95550156,-123.7413,5100,2010,Summer,SU10,118,5/19/10,postelsia,POSPAL,3,1889,40,IP,California,CA North,WA Olympic Coast to San Francisco,SMR,North Central Coast,North Coast,Point Arena SMR,Mainland,11/1/24 10:44
UCSC,Point Arena,ARN,38.95550156,-123.7413,38.95550156,-123.7413,5100,2011,Summer,SU11,122,6/3/11,postelsia,POSPAL,1,1959,40,IP,California,CA North,WA Olympic Coast to San Francisco,SMR,North Central Coast,North Coast,Point Arena SMR,Mainland,11/1/24 10:44
UCSC,Point Arena,ARN,38.95550156,-123.7413,38.95550156,-123.7413,5100,2011,Summer,SU11,122,6/3/11,postelsia,POSPAL,2,1898,40,IP,California,CA North,WA Olympic Coast to San Francisco,SMR,North Central Coast,North Coast,Point Arena SMR,Mainland,11/1/24 10:44
UCSC,Point Arena,ARN,38.95550156,-123.7413,38.95550156,-123.7413,5100,2011,Summer,SU11,122,6/3/11,postelsia,POSPAL,3,2591,40,IP,California,CA North,WA Olympic Coast to San Francisco,SMR,North Central Coast,North Coast,Point Arena SMR,Mainland,11/1/24 10:44
UCSC,Point Arena,ARN,38.95550156,-123.7413,38.95550156,-123.7413,5100,2017,Summer,SU17,146,6/26/17,postelsia,POSPAL,1,1622,40,IP,California,CA North,WA Olympic Coast to San Francisco,SMR,North Central Coast,North Coast,Point Arena SMR,Mainland,11/1/24 10:44
UCSC,Point Arena,ARN,38.95550156,-123.7413,38.95550156,-123.7413,5100,2017,Summer,SU17,146,6/26/17,postelsia,POSPAL,2,1638,40,IP,California,CA North,WA Olympic Coast to San Francisco,SMR,North Central Coast,North Coast,Point Arena SMR,Mainland,11/1/24 10:44
UCSC,Point Arena,ARN,38.95550156,-123.7413,38.95550156,-123.7413,5100,2017,Summer,SU17,146,6/26/17,postelsia,POSPAL,3,1667,40,IP,California,CA North,WA Olympic Coast to San Francisco,SMR,North Central Coast,North Coast,Point Arena SMR,Mainland,11/1/24 10:44
UCSC,Point Arena,ARN,38.95550156,-123.7413,38.95550156,-123.7413,5100,2020,Summer,SU20,158,7/21/20,postelsia,POSPAL,1,883,40,IP,California,CA North,WA Olympic Coast to San Francisco,SMR,North Central Coast,North Coast,Point Arena SMR,Mainland,11/1/24 10:44
UCSC,Point Arena,ARN,38.95550156,-123.7413,38.95550156,-123.7413,5100,2020,Summer,SU20,158,7/21/20,postelsia,POSPAL,2,1061,40,IP,California,CA North,WA Olympic Coast to San Francisco,SMR,North Central Coast,North Coast,Point Arena SMR,Mainland,11/1/24 10:44
UCSC,Point Arena,ARN,38.95550156,-123.7413,38.95550156,-123.7413,5100,2020,Summer,SU20,158,7/21/20,postelsia,POSPAL,3,1298,40,IP,California,CA North,WA Olympic Coast to San Francisco,SMR,North Central Coast,North Coast,Point Arena SMR,Mainland,11/1/24 10:44
UCSC,Point Arena,ARN,38.95550156,-123.7413,38.95550156,-123.7413,5100,2021,Summer,SU21,162,6/27/21,postelsia,POSPAL,1,1362,40,IP,California,CA North,WA Olympic Coast to San Francisco,SMR,North Central Coast,North Coast,Point Arena SMR,Mainland,11/1/24 10:44
UCSC,Point Arena,ARN,38.95550156,-123.7413,38.95550156,-123.7413,5100,2021,Summer,SU21,162,6/27/21,postelsia,POSPAL,2,1436,40,IP,California,CA North,WA Olympic Coast to San Francisco,SMR,North Central Coast,North Coast,Point Arena SMR,Mainland,11/1/24 10:44
UCSC,Point Arena,ARN,38.95550156,-123.7413,38.95550156,-123.7413,5100,2021,Summer,SU21,162,6/27/21,postelsia,POSPAL,3,1232,40,IP,California,CA North,WA Olympic Coast to San Francisco,SMR,North Central Coast,North Coast,Point Arena SMR,Mainland,11/1/24 10:44
UCSC,Point Arena,ARN,38.95550156,-123.7413,38.95550156,-123.7413,5100,2022,Summer,SU22,166,6/15/22,postelsia,POSPAL,1,1443,40,IP,California,CA North,WA Olympic Coast to San Francisco,SMR,North Central Coast,North Coast,Point Arena SMR,Mainland,11/1/24 10:44
UCSC,Point Arena,ARN,38.95550156,-123.7413,38.95550156,-123.7413,5100,2022,Summer,SU22,166,6/15/22,postelsia,POSPAL,2,1313,40,IP,California,CA North,WA Olympic Coast to San Francisco,SMR,North Central Coast,North Coast,Point Arena SMR,Mainland,11/1/24 10:44
UCSC,Point Arena,ARN,38.95550156,-123.7413,38.95550156,-123.7413,5100,2022,Summer,SU22,166,6/15/22,postelsia,POSPAL,3,1141,40,IP,California,CA North,WA Olympic Coast to San Francisco,SMR,North Central Coast,North Coast,Point Arena SMR,Mainland,11/1/24 10:44
UCSC,Point Arena,ARN,38.95550156,-123.7413,38.95550156,-123.7413,5100,2023,Summer,SU23,170,6/4/23,postelsia,POSPAL,1,2534,40,IP,California,CA North,WA Olympic Coast to San Francisco,SMR,North Central Coast,North Coast,Point Arena SMR,Mainland,11/1/24 10:44
UCSC,Point Arena,ARN,38.95550156,-123.7413,38.95550156,-123.7413,5100,2023,Summer,SU23,170,6/4/23,postelsia,POSPAL,2,2222,40,IP,California,CA North,WA Olympic Coast to San Francisco,SMR,North Central Coast,North Coast,Point Arena SMR,Mainland,11/1/24 10:44
UCSC,Point Arena,ARN,38.95550156,-123.7413,38.95550156,-123.7413,5100,2023,Summer,SU23,170,6/4/23,postelsia,POSPAL,3,3015,40,IP,California,CA North,WA Olympic Coast to San Francisco,SMR,North Central Coast,North Coast,Point Arena SMR,Mainland,11/1/24 10:44
UCSC,Point Arena,ARN,38.95550156,-123.7413,38.95550156,-123.7413,5100,2024,Summer,SU24,174,6/6/24,postelsia,POSPAL,1,675,40,IP,California,CA North,WA Olympic Coast to San Francisco,SMR,North Central Coast,North Coast,Point Arena SMR,Mainland,11/1/24 10:44
UCSC,Point Arena,ARN,38.95550156,-123.7413,38.95550156,-123.7413,5100,2024,Summer,SU24,174,6/6/24,postelsia,POSPAL,2,984,40,IP,California,CA North,WA Olympic Coast to San Francisco,SMR,North Central Coast,North Coast,Point Arena SMR,Mainland,11/1/24 10:44
UCSC,Point Arena,ARN,38.95550156,-123.7413,38.95550156,-123.7413,5100,2024,Summer,SU24,174,6/6/24,postelsia,POSPAL,3,1652,40,IP,California,CA North,WA Olympic Coast to San Francisco,SMR,North Central Coast,North Coast,Point Arena SMR,Mainland,11/1/24 10:44
UCSC,Stornetta,STO,38.93787003,-123.7288,38.93787003,-123.7288,5110,2010,Summer,SU10,118,6/12/10,postelsia,POSPAL,1,67,17,IP,California,CA North,WA Olympic Coast to San Francisco,SMCA,North Central Coast,North Coast,Sea Lion Cove SMCA,Mainland,11/1/24 10:44
UCSC,Stornetta,STO,38.93787003,-123.7288,38.93787003,-123.7288,5110,2010,Summer,SU10,118,6/12/10,postelsia,POSPAL,2,380,26,IP,California,CA North,WA Olympic Coast to San Francisco,SMCA,North Central Coast,North Coast,Sea Lion Cove SMCA,Mainland,11/1/24 10:44
UCSC,Stornetta,STO,38.93787003,-123.7288,38.93787003,-123.7288,5110,2010,Summer,SU10,118,6/12/10,postelsia,POSPAL,3,535,22,IP,California,CA North,WA Olympic Coast to San Francisco,SMCA,North Central Coast,North Coast,Sea Lion Cove SMCA,Mainland,11/1/24 10:44
UCSC,Stornetta,STO,38.93787003,-123.7288,38.93787003,-123.7288,5110,2011,Summer,SU11,122,6/15/11,postelsia,POSPAL,1,99,17,IP,California,CA North,WA Olympic Coast to San Francisco,SMCA,North Central Coast,North Coast,Sea Lion Cove SMCA,Mainland,11/1/24 10:44
UCSC,Stornetta,STO,38.93787003,-123.7288,38.93787003,-123.7288,5110,2011,Summer,SU11,122,6/15/11,postelsia,POSPAL,2,451,26,IP,California,CA North,WA Olympic Coast to San Francisco,SMCA,North Central Coast,North Coast,Sea Lion Cove SMCA,Mainland,11/1/24 10:44
UCSC,Stornetta,STO,38.93787003,-123.7288,38.93787003,-123.7288,5110,2011,Summer,SU11,122,6/15/11,postelsia,POSPAL,3,1006,22,IP,California,CA North,WA Olympic Coast to San Francisco,SMCA,North Central Coast,North Coast,Sea Lion Cove SMCA,Mainland,11/1/24 10:44
UCSC,Stornetta,STO,38.93787003,-123.7288,38.93787003,-123.7288,5110,2015,Summer,SU15,138,6/16/15,postelsia,POSPAL,1,9,17,IP,California,CA North,WA Olympic Coast to San Francisco,SMCA,North Central Coast,North Coast,Sea Lion Cove SMCA,Mainland,11/1/24 10:44
UCSC,Stornetta,STO,38.93787003,-123.7288,38.93787003,-123.7288,5110,2015,Summer,SU15,138,6/16/15,postelsia,POSPAL,2,8,26,IP,California,CA North,WA Olympic Coast to San Francisco,SMCA,North Central Coast,North Coast,Sea Lion Cove SMCA,Mainland,11/1/24 10:44
UCSC,Stornetta,STO,38.93787003,-123.7288,38.93787003,-123.7288,5110,2015,Summer,SU15,138,6/16/15,postelsia,POSPAL,3,88,22,IP,California,CA North,WA Olympic Coast to San Francisco,SMCA,North Central Coast,North Coast,Sea Lion Cove SMCA,Mainland,11/1/24 10:44
UCSC,Stornetta,STO,38.93787003,-123.7288,38.93787003,-123.7288,5110,2016,Summer,SU16,142,6/5/16,postelsia,POSPAL,1,18,17,IP,California,CA North,WA Olympic Coast to San Francisco,SMCA,North Central Coast,North Coast,Sea Lion Cove SMCA,Mainland,11/1/24 10:44
UCSC,Stornetta,STO,38.93787003,-123.7288,38.93787003,-123.7288,5110,2016,Summer,SU16,142,6/5/16,postelsia,POSPAL,2,38,26,IP,California,CA North,WA Olympic Coast to San Francisco,SMCA,North Central Coast,North Coast,Sea Lion Cove SMCA,Mainland,11/1/24 10:44
UCSC,Stornetta,STO,38.93787003,-123.7288,38.93787003,-123.7288,5110,2017,Summer,SU17,146,6/25/17,postelsia,POSPAL,1,15,17,IP,California,CA North,WA Olympic Coast to San Francisco,SMCA,North Central Coast,North Coast,Sea Lion Cove SMCA,Mainland,11/1/24 10:44
UCSC,Stornetta,STO,38.93787003,-123.7288,38.93787003,-123.7288,5110,2017,Summer,SU17,146,6/25/17,postelsia,POSPAL,2,76,26,IP,California,CA North,WA Olympic Coast to San Francisco,SMCA,North Central Coast,North Coast,Sea Lion Cove SMCA,Mainland,11/1/24 10:44
UCSC,Stornetta,STO,38.93787003,-123.7288,38.93787003,-123.7288,5110,2018,Summer,SU18,150,6/14/18,postelsia,POSPAL,1,62,17,IP,California,CA North,WA Olympic Coast to San Francisco,SMCA,North Central Coast,North Coast,Sea Lion Cove SMCA,Mainland,11/1/24 10:44
UCSC,Stornetta,STO,38.93787003,-123.7288,38.93787003,-123.7288,5110,2018,Summer,SU18,150,6/14/18,postelsia,POSPAL,2,279,26,IP,California,CA North,WA Olympic Coast to San Francisco,SMCA,North Central Coast,North Coast,Sea Lion Cove SMCA,Mainland,11/1/24 10:44
UCSC,Stornetta,STO,38.93787003,-123.7288,38.93787003,-123.7288,5110,2018,Summer,SU18,150,6/14/18,postelsia,POSPAL,3,576,22,IP,California,CA North,WA Olympic Coast to San Francisco,SMCA,North Central Coast,North Coast,Sea Lion Cove SMCA,Mainland,11/1/24 10:44
UCSC,Stornetta,STO,38.93787003,-123.7288,38.93787003,-123.7288,5110,2019,Summer,SU19,154,6/17/19,postelsia,POSPAL,1,72,17,IP,California,CA North,WA Olympic Coast to San Francisco,SMCA,North Central Coast,North Coast,Sea Lion Cove SMCA,Mainland,11/1/24 10:44
UCSC,Stornetta,STO,38.93787003,-123.7288,38.93787003,-123.7288,5110,2019,Summer,SU19,154,6/17/19,postelsia,POSPAL,2,213,26,IP,California,CA North,WA Olympic Coast to San Francisco,SMCA,North Central Coast,North Coast,Sea Lion Cove SMCA,Mainland,11/1/24 10:44
UCSC,Stornetta,STO,38.93787003,-123.7288,38.93787003,-123.7288,5110,2020,Summer,SU20,158,7/20/20,postelsia,POSPAL,1,98,17,IP,California,CA North,WA Olympic Coast to San Francisco,SMCA,North Central Coast,North Coast,Sea Lion Cove SMCA,Mainland,11/1/24 10:44
UCSC,Stornetta,STO,38.93787003,-123.7288,38.93787003,-123.7288,5110,2020,Summer,SU20,158,7/20/20,postelsia,POSPAL,2,276,26,IP,California,CA North,WA Olympic Coast to San Francisco,SMCA,North Central Coast,North Coast,Sea Lion Cove SMCA,Mainland,11/1/24 10:44
UCSC,Stornetta,STO,38.93787003,-123.7288,38.93787003,-123.7288,5110,2021,Summer,SU21,162,6/25/21,postelsia,POSPAL,1,209,17,IP,California,CA North,WA Olympic Coast to San Francisco,SMCA,North Central Coast,North Coast,Sea Lion Cove SMCA,Mainland,11/1/24 10:44
UCSC,Stornetta,STO,38.93787003,-123.7288,38.93787003,-123.7288,5110,2021,Summer,SU21,162,6/25/21,postelsia,POSPAL,2,652,26,IP,California,CA North,WA Olympic Coast to San Francisco,SMCA,North Central Coast,North Coast,Sea Lion Cove SMCA,Mainland,11/1/24 10:44
UCSC,Stornetta,STO,38.93787003,-123.7288,38.93787003,-123.7288,5110,2021,Summer,SU21,162,6/25/21,postelsia,POSPAL,3,624,22,IP,California,CA North,WA Olympic Coast to San Francisco,SMCA,North Central Coast,North Coast,Sea Lion Cove SMCA,Mainland,11/1/24 10:44
UCSC,Stornetta,STO,38.93787003,-123.7288,38.93787003,-123.7288,5110,2022,Summer,SU22,166,6/16/22,postelsia,POSPAL,1,299,17,IP,California,CA North,WA Olympic Coast to San Francisco,SMCA,North Central Coast,North Coast,Sea Lion Cove SMCA,Mainland,11/1/24 10:44
UCSC,Stornetta,STO,38.93787003,-123.7288,38.93787003,-123.7288,5110,2022,Summer,SU22,166,6/16/22,postelsia,POSPAL,2,1018,26,IP,California,CA North,WA Olympic Coast to San Francisco,SMCA,North Central Coast,North Coast,Sea Lion Cove SMCA,Mainland,11/1/24 10:44
UCSC,Stornetta,STO,38.93787003,-123.7288,38.93787003,-123.7288,5110,2022,Summer,SU22,166,6/16/22,postelsia,POSPAL,3,838,22,IP,California,CA North,WA Olympic Coast to San Francisco,SMCA,North Central Coast,North Coast,Sea Lion Cove SMCA,Mainland,11/1/24 10:44
UCSC,Stornetta,STO,38.93787003,-123.7288,38.93787003,-123.7288,5110,2023,Summer,SU23,170,6/5/23,postelsia,POSPAL,1,153,17,IP,California,CA North,WA Olympic Coast to San Francisco,SMCA,North Central Coast,North Coast,Sea Lion Cove SMCA,Mainland,11/1/24 10:44
UCSC,Stornetta,STO,38.93787003,-123.7288,38.93787003,-123.7288,5110,2023,Summer,SU23,170,6/5/23,postelsia,POSPAL,2,639,26,IP,California,CA North,WA Olympic Coast to San Francisco,SMCA,North Central Coast,North Coast,Sea Lion Cove SMCA,Mainland,11/1/24 10:44
UCSC,Stornetta,STO,38.93787003,-123.7288,38.93787003,-123.7288,5110,2024,Summer,SU24,174,6/7/24,postelsia,POSPAL,1,177,17,IP,California,CA North,WA Olympic Coast to San Francisco,SMCA,North Central Coast,North Coast,Sea Lion Cove SMCA,Mainland,11/1/24 10:44
UCSC,Stornetta,STO,38.93787003,-123.7288,38.93787003,-123.7288,5110,2024,Summer,SU24,174,6/7/24,postelsia,POSPAL,2,926,26,IP,California,CA North,WA Olympic Coast to San Francisco,SMCA,North Central Coast,North Coast,Sea Lion Cove SMCA,Mainland,11/1/24 10:44
UCSC,Saunders Reef,SAU,38.86138153,-123.65361,38.86137772,-123.65361,5130,2010,Summer,SU10,118,6/13/10,postelsia,POSPAL,1,308,20,IP,California,CA North,WA Olympic Coast to San Francisco,SMCA,North Central Coast,North Coast,Saunders Reef SMCA,Mainland,11/1/24 10:44
UCSC,Saunders Reef,SAU,38.86138153,-123.65361,38.86137772,-123.65361,5130,2010,Summer,SU10,118,6/13/10,postelsia,POSPAL,2,429,20,IP,California,CA North,WA Olympic Coast to San Francisco,SMCA,North Central Coast,North Coast,Saunders Reef SMCA,Mainland,11/1/24 10:44
UCSC,Saunders Reef,SAU,38.86138153,-123.65361,38.86137772,-123.65361,5130,2010,Summer,SU10,118,6/13/10,postelsia,POSPAL,3,934,20,IP,California,CA North,WA Olympic Coast to San Francisco,SMCA,North Central Coast,North Coast,Saunders Reef SMCA,Mainland,11/1/24 10:44
UCSC,Saunders Reef,SAU,38.86138153,-123.65361,38.86137772,-123.65361,5130,2011,Summer,SU11,122,5/7/11,postelsia,POSPAL,1,604,20,IP,California,CA North,WA Olympic Coast to San Francisco,SMCA,North Central Coast,North Coast,Saunders Reef SMCA,Mainland,11/1/24 10:44
UCSC,Saunders Reef,SAU,38.86138153,-123.65361,38.86137772,-123.65361,5130,2011,Summer,SU11,122,5/7/11,postelsia,POSPAL,2,486,20,IP,California,CA North,WA Olympic Coast to San Francisco,SMCA,North Central Coast,North Coast,Saunders Reef SMCA,Mainland,11/1/24 10:44
UCSC,Saunders Reef,SAU,38.86138153,-123.65361,38.86137772,-123.65361,5130,2011,Summer,SU11,122,5/7/11,postelsia,POSPAL,3,1645,20,IP,California,CA North,WA Olympic Coast to San Francisco,SMCA,North Central Coast,North Coast,Saunders Reef SMCA,Mainland,11/1/24 10:44
UCSC,Saunders Reef,SAU,38.86138153,-123.65361,38.86137772,-123.65361,5130,2020,Summer,SU20,158,7/22/20,postelsia,POSPAL,1,816,20,IP,California,CA North,WA Olympic Coast to San Francisco,SMCA,North Central Coast,North Coast,Saunders Reef SMCA,Mainland,11/1/24 10:44
UCSC,Saunders Reef,SAU,38.86138153,-123.65361,38.86137772,-123.65361,5130,2020,Summer,SU20,158,7/22/20,postelsia,POSPAL,2,699,20,IP,California,CA North,WA Olympic Coast to San Francisco,SMCA,North Central Coast,North Coast,Saunders Reef SMCA,Mainland,11/1/24 10:44
UCSC,Saunders Reef,SAU,38.86138153,-123.65361,38.86137772,-123.65361,5130,2020,Summer,SU20,158,7/22/20,postelsia,POSPAL,3,1393,20,IP,California,CA North,WA Olympic Coast to San Francisco,SMCA,North Central Coast,North Coast,Saunders Reef SMCA,Mainland,11/1/24 10:44
UCSC,Del Mar Landing,DEL,38.74050903,-123.51086,38.74051285,-123.51086,5140,2010,Summer,SU10,118,5/18/10,postelsia,POSPAL,1,1230,40,IP,California,CA North,WA Olympic Coast to San Francisco,SMR,North Central Coast,North Coast,Del Mar Landing SMR,Mainland,11/1/24 10:44
UCSC,Del Mar Landing,DEL,38.74050903,-123.51086,38.74051285,-123.51086,5140,2010,Summer,SU10,118,5/18/10,postelsia,POSPAL,2,669,40,IP,California,CA North,WA Olympic Coast to San Francisco,SMR,North Central Coast,North Coast,Del Mar Landing SMR,Mainland,11/1/24 10:44
UCSC,Del Mar Landing,DEL,38.74050903,-123.51086,38.74051285,-123.51086,5140,2010,Summer,SU10,118,5/18/10,postelsia,POSPAL,3,610,10,IP,California,CA North,WA Olympic Coast to San Francisco,SMR,North Central Coast,North Coast,Del Mar Landing SMR,Mainland,11/1/24 10:44
UCSC,Del Mar Landing,DEL,38.74050903,-123.51086,38.74051285,-123.51086,5140,2011,Summer,SU11,122,6/1/11,postelsia,POSPAL,1,1905,40,IP,California,CA North,WA Olympic Coast to San Francisco,SMR,North Central Coast,North Coast,Del Mar Landing SMR,Mainland,11/1/24 10:44
UCSC,Del Mar Landing,DEL,38.74050903,-123.51086,38.74051285,-123.51086,5140,2011,Summer,SU11,122,6/1/11,postelsia,POSPAL,2,435,40,IP,California,CA North,WA Olympic Coast to San Francisco,SMR,North Central Coast,North Coast,Del Mar Landing SMR,Mainland,11/1/24 10:44
UCSC,Del Mar Landing,DEL,38.74050903,-123.51086,38.74051285,-123.51086,5140,2011,Summer,SU11,122,6/1/11,postelsia,POSPAL,3,336,10,IP,California,CA North,WA Olympic Coast to San Francisco,SMR,North Central Coast,North Coast,Del Mar Landing SMR,Mainland,11/1/24 10:44
UCSC,Del Mar Landing,DEL,38.74050903,-123.51086,38.74051285,-123.51086,5140,2017,Summer,SU17,146,6/24/17,postelsia,POSPAL,1,828,40,IP,California,CA North,WA Olympic Coast to San Francisco,SMR,North Central Coast,North Coast,Del Mar Landing SMR,Mainland,11/1/24 10:44
UCSC,Del Mar Landing,DEL,38.74050903,-123.51086,38.74051285,-123.51086,5140,2017,Summer,SU17,146,6/24/17,postelsia,POSPAL,2,122,40,IP,California,CA North,WA Olympic Coast to San Francisco,SMR,North Central Coast,North Coast,Del Mar Landing SMR,Mainland,11/1/24 10:44
UCSC,Del Mar Landing,DEL,38.74050903,-123.51086,38.74051285,-123.51086,5140,2017,Summer,SU17,146,6/24/17,postelsia,POSPAL,3,222,10,IP,California,CA North,WA Olympic Coast to San Francisco,SMR,North Central Coast,North Coast,Del Mar Landing SMR,Mainland,11/1/24 10:44
UCSC,Del Mar Landing,DEL,38.74050903,-123.51086,38.74051285,-123.51086,5140,2020,Summer,SU20,158,7/6/20,postelsia,POSPAL,1,652,40,IP,California,CA North,WA Olympic Coast to San Francisco,SMR,North Central Coast,North Coast,Del Mar Landing SMR,Mainland,11/1/24 10:44
UCSC,Del Mar Landing,DEL,38.74050903,-123.51086,38.74051285,-123.51086,5140,2020,Summer,SU20,158,7/6/20,postelsia,POSPAL,2,87,40,IP,California,CA North,WA Olympic Coast to San Francisco,SMR,North Central Coast,North Coast,Del Mar Landing SMR,Mainland,11/1/24 10:44
UCSC,Del Mar Landing,DEL,38.74050903,-123.51086,38.74051285,-123.51086,5140,2020,Summer,SU20,158,7/6/20,postelsia,POSPAL,3,2,10,IP,California,CA North,WA Olympic Coast to San Francisco,SMR,North Central Coast,North Coast,Del Mar Landing SMR,Mainland,11/1/24 10:44
UCSC,Sea Ranch,SEA,38.73049927,-123.48864,38.73049927,-123.48864,5150,2004,Summer,SU04,94,6/6/04,postelsia,POSPAL,1,282,10,IP,California,CA North,WA Olympic Coast to San Francisco,NONE,North Central Coast,North Coast,NONE,Mainland,11/1/24 10:44
UCSC,Sea Ranch,SEA,38.73049927,-123.48864,38.73049927,-123.48864,5150,2004,Summer,SU04,94,6/6/04,postelsia,POSPAL,2,1974,14,IP,California,CA North,WA Olympic Coast to San Francisco,NONE,North Central Coast,North Coast,NONE,Mainland,11/1/24 10:44
UCSC,Sea Ranch,SEA,38.73049927,-123.48864,38.73049927,-123.48864,5150,2005,Summer,SU05,98,6/25/05,postelsia,POSPAL,1,137,10,IP,California,CA North,WA Olympic Coast to San Francisco,NONE,North Central Coast,North Coast,NONE,Mainland,11/1/24 10:44
UCSC,Sea Ranch,SEA,38.73049927,-123.48864,38.73049927,-123.48864,5150,2005,Summer,SU05,98,6/25/05,postelsia,POSPAL,2,1104,14,IP,California,CA North,WA Olympic Coast to San Francisco,NONE,North Central Coast,North Coast,NONE,Mainland,11/1/24 10:44
UCSC,Sea Ranch,SEA,38.73049927,-123.48864,38.73049927,-123.48864,5150,2006,Summer,SU06,102,6/12/06,postelsia,POSPAL,1,279,10,IP,California,CA North,WA Olympic Coast to San Francisco,NONE,North Central Coast,North Coast,NONE,Mainland,11/1/24 10:44
UCSC,Sea Ranch,SEA,38.73049927,-123.48864,38.73049927,-123.48864,5150,2006,Summer,SU06,102,6/12/06,postelsia,POSPAL,2,1139,14,IP,California,CA North,WA Olympic Coast to San Francisco,NONE,North Central Coast,North Coast,NONE,Mainland,11/1/24 10:44
UCSC,Sea Ranch,SEA,38.73049927,-123.48864,38.73049927,-123.48864,5150,2007,Summer,SU07,106,6/14/07,postelsia,POSPAL,1,301,10,IP,California,CA North,WA Olympic Coast to San Francisco,NONE,North Central Coast,North Coast,NONE,Mainland,11/1/24 10:44
UCSC,Sea Ranch,SEA,38.73049927,-123.48864,38.73049927,-123.48864,5150,2007,Summer,SU07,106,6/14/07,postelsia,POSPAL,2,1907,14,IP,California,CA North,WA Olympic Coast to San Francisco,NONE,North Central Coast,North Coast,NONE,Mainland,11/1/24 10:44
UCSC,Sea Ranch,SEA,38.73049927,-123.48864,38.73049927,-123.48864,5150,2008,Summer,SU08,110,6/3/08,postelsia,POSPAL,1,530,10,IP,California,CA North,WA Olympic Coast to San Francisco,NONE,North Central Coast,North Coast,NONE,Mainland,11/1/24 10:44
UCSC,Sea Ranch,SEA,38.73049927,-123.48864,38.73049927,-123.48864,5150,2008,Summer,SU08,110,6/3/08,postelsia,POSPAL,2,2434,14,IP,California,CA North,WA Olympic Coast to San Francisco,NONE,North Central Coast,North Coast,NONE,Mainland,11/1/24 10:44
UCSC,Sea Ranch,SEA,38.73049927,-123.48864,38.73049927,-123.48864,5150,2009,Summer,SU09,114,6/22/09,postelsia,POSPAL,1,4,10,IP,California,CA North,WA Olympic Coast to San Francisco,NONE,North Central Coast,North Coast,NONE,Mainland,11/1/24 10:44
UCSC,Sea Ranch,SEA,38.73049927,-123.48864,38.73049927,-123.48864,5150,2009,Summer,SU09,114,6/22/09,postelsia,POSPAL,2,1121,14,IP,California,CA North,WA Olympic Coast to San Francisco,NONE,North Central Coast,North Coast,NONE,Mainland,11/1/24 10:44
UCSC,Sea Ranch,SEA,38.73049927,-123.48864,38.73049927,-123.48864,5150,2010,Summer,SU10,118,6/11/10,postelsia,POSPAL,1,0,10,IP,California,CA North,WA Olympic Coast to San Francisco,NONE,North Central Coast,North Coast,NONE,Mainland,11/1/24 10:44
UCSC,Sea Ranch,SEA,38.73049927,-123.48864,38.73049927,-123.48864,5150,2010,Summer,SU10,118,6/11/10,postelsia,POSPAL,2,1052,14,IP,California,CA North,WA Olympic Coast to San Francisco,NONE,North Central Coast,North Coast,NONE,Mainland,11/1/24 10:44
UCSC,Sea Ranch,SEA,38.73049927,-123.48864,38.73049927,-123.48864,5150,2011,Summer,SU11,122,6/14/11,postelsia,POSPAL,1,0,10,IP,California,CA North,WA Olympic Coast to San Francisco,NONE,North Central Coast,North Coast,NONE,Mainland,11/1/24 10:44
UCSC,Sea Ranch,SEA,38.73049927,-123.48864,38.73049927,-123.48864,5150,2011,Summer,SU11,122,6/14/11,postelsia,POSPAL,2,2231,14,IP,California,CA North,WA Olympic Coast to San Francisco,NONE,North Central Coast,North Coast,NONE,Mainland,11/1/24 10:44
UCSC,Sea Ranch,SEA,38.73049927,-123.48864,38.73049927,-123.48864,5150,2012,Summer,SU12,126,7/6/12,postelsia,POSPAL,1,0,10,IP,California,CA North,WA Olympic Coast to San Francisco,NONE,North Central Coast,North Coast,NONE,Mainland,11/1/24 10:44
UCSC,Sea Ranch,SEA,38.73049927,-123.48864,38.73049927,-123.48864,5150,2012,Summer,SU12,126,7/6/12,postelsia,POSPAL,2,758,14,IP,California,CA North,WA Olympic Coast to San Francisco,NONE,North Central Coast,North Coast,NONE,Mainland,11/1/24 10:44
UCSC,Sea Ranch,SEA,38.73049927,-123.48864,38.73049927,-123.48864,5150,2013,Summer,SU13,130,6/22/13,postelsia,POSPAL,1,0,10,IP,California,CA North,WA Olympic Coast to San Francisco,NONE,North Central Coast,North Coast,NONE,Mainland,11/1/24 10:44
UCSC,Sea Ranch,SEA,38.73049927,-123.48864,38.73049927,-123.48864,5150,2013,Summer,SU13,130,6/22/13,postelsia,POSPAL,2,301,14,IP,California,CA North,WA Olympic Coast to San Francisco,NONE,North Central Coast,North Coast,NONE,Mainland,11/1/24 10:44
UCSC,Sea Ranch,SEA,38.73049927,-123.48864,38.73049927,-123.48864,5150,2014,Summer,SU14,134,6/12/14,postelsia,POSPAL,1,0,10,IP,California,CA North,WA Olympic Coast to San Francisco,NONE,North Central Coast,North Coast,NONE,Mainland,11/1/24 10:44
UCSC,Sea Ranch,SEA,38.73049927,-123.48864,38.73049927,-123.48864,5150,2014,Summer,SU14,134,6/12/14,postelsia,POSPAL,2,196,14,IP,California,CA North,WA Olympic Coast to San Francisco,NONE,North Central Coast,North Coast,NONE,Mainland,11/1/24 10:44
UCSC,Sea Ranch,SEA,38.73049927,-123.48864,38.73049927,-123.48864,5150,2015,Summer,SU15,138,6/15/15,postelsia,POSPAL,1,0,10,IP,California,CA North,WA Olympic Coast to San Francisco,NONE,North Central Coast,North Coast,NONE,Mainland,11/1/24 10:44
UCSC,Sea Ranch,SEA,38.73049927,-123.48864,38.73049927,-123.48864,5150,2015,Summer,SU15,138,6/15/15,postelsia,POSPAL,2,14,14,IP,California,CA North,WA Olympic Coast to San Francisco,NONE,North Central Coast,North Coast,NONE,Mainland,11/1/24 10:44
UCSC,Sea Ranch,SEA,38.73049927,-123.48864,38.73049927,-123.48864,5150,2016,Summer,SU16,142,6/4/16,postelsia,POSPAL,1,0,10,IP,California,CA North,WA Olympic Coast to San Francisco,NONE,North Central Coast,North Coast,NONE,Mainland,11/1/24 10:44
UCSC,Sea Ranch,SEA,38.73049927,-123.48864,38.73049927,-123.48864,5150,2016,Summer,SU16,142,6/4/16,postelsia,POSPAL,2,21,14,IP,California,CA North,WA Olympic Coast to San Francisco,NONE,North Central Coast,North Coast,NONE,Mainland,11/1/24 10:44
UCSC,Sea Ranch,SEA,38.73049927,-123.48864,38.73049927,-123.48864,5150,2017,Summer,SU17,146,6/23/17,postelsia,POSPAL,1,0,10,IP,California,CA North,WA Olympic Coast to San Francisco,NONE,North Central Coast,North Coast,NONE,Mainland,11/1/24 10:44
UCSC,Sea Ranch,SEA,38.73049927,-123.48864,38.73049927,-123.48864,5150,2017,Summer,SU17,146,6/23/17,postelsia,POSPAL,2,39,14,IP,California,CA North,WA Olympic Coast to San Francisco,NONE,North Central Coast,North Coast,NONE,Mainland,11/1/24 10:44
UCSC,Sea Ranch,SEA,38.73049927,-123.48864,38.73049927,-123.48864,5150,2018,Summer,SU18,150,6/15/18,postelsia,POSPAL,1,0,10,IP,California,CA North,WA Olympic Coast to San Francisco,NONE,North Central Coast,North Coast,NONE,Mainland,11/1/24 10:44
UCSC,Sea Ranch,SEA,38.73049927,-123.48864,38.73049927,-123.48864,5150,2018,Summer,SU18,150,6/15/18,postelsia,POSPAL,2,75,14,IP,California,CA North,WA Olympic Coast to San Francisco,NONE,North Central Coast,North Coast,NONE,Mainland,11/1/24 10:44
UCSC,Sea Ranch,SEA,38.73049927,-123.48864,38.73049927,-123.48864,5150,2019,Summer,SU19,154,6/16/19,postelsia,POSPAL,1,0,10,IP,California,CA North,WA Olympic Coast to San Francisco,NONE,North Central Coast,North Coast,NONE,Mainland,11/1/24 10:44
UCSC,Sea Ranch,SEA,38.73049927,-123.48864,38.73049927,-123.48864,5150,2019,Summer,SU19,154,6/16/19,postelsia,POSPAL,2,25,14,IP,California,CA North,WA Olympic Coast to San Francisco,NONE,North Central Coast,North Coast,NONE,Mainland,11/1/24 10:44
UCSC,Sea Ranch,SEA,38.73049927,-123.48864,38.73049927,-123.48864,5150,2020,Summer,SU20,158,7/6/20,postelsia,POSPAL,1,0,10,IP,California,CA North,WA Olympic Coast to San Francisco,NONE,North Central Coast,North Coast,NONE,Mainland,11/1/24 10:44
UCSC,Sea Ranch,SEA,38.73049927,-123.48864,38.73049927,-123.48864,5150,2020,Summer,SU20,158,7/6/20,postelsia,POSPAL,2,42,14,IP,California,CA North,WA Olympic Coast to San Francisco,NONE,North Central Coast,North Coast,NONE,Mainland,11/1/24 10:44
UCSC,Sea Ranch,SEA,38.73049927,-123.48864,38.73049927,-123.48864,5150,2021,Summer,SU21,162,6/28/21,postelsia,POSPAL,1,0,10,IP,California,CA North,WA Olympic Coast to San Francisco,NONE,North Central Coast,North Coast,NONE,Mainland,11/1/24 10:44
UCSC,Sea Ranch,SEA,38.73049927,-123.48864,38.73049927,-123.48864,5150,2021,Summer,SU21,162,6/28/21,postelsia,POSPAL,2,35,14,IP,California,CA North,WA Olympic Coast to San Francisco,NONE,North Central Coast,North Coast,NONE,Mainland,11/1/24 10:44
UCSC,Sea Ranch,SEA,38.73049927,-123.48864,38.73049927,-123.48864,5150,2022,Summer,SU22,166,6/15/22,postelsia,POSPAL,1,0,10,IP,California,CA North,WA Olympic Coast to San Francisco,NONE,North Central Coast,North Coast,NONE,Mainland,11/1/24 10:44
UCSC,Sea Ranch,SEA,38.73049927,-123.48864,38.73049927,-123.48864,5150,2022,Summer,SU22,166,6/15/22,postelsia,POSPAL,2,4,14,IP,California,CA North,WA Olympic Coast to San Francisco,NONE,North Central Coast,North Coast,NONE,Mainland,11/1/24 10:44
UCSC,Sea Ranch,SEA,38.73049927,-123.48864,38.73049927,-123.48864,5150,2023,Summer,SU23,170,6/4/23,postelsia,POSPAL,1,0,10,IP,California,CA North,WA Olympic Coast to San Francisco,NONE,North Central Coast,North Coast,NONE,Mainland,11/1/24 10:44
UCSC,Sea Ranch,SEA,38.73049927,-123.48864,38.73049927,-123.48864,5150,2023,Summer,SU23,170,6/4/23,postelsia,POSPAL,2,3,14,IP,California,CA North,WA Olympic Coast to San Francisco,NONE,North Central Coast,North Coast,NONE,Mainland,11/1/24 10:44
UCSC,Sea Ranch,SEA,38.73049927,-123.48864,38.73049927,-123.48864,5150,2024,Summer,SU24,174,6/8/24,postelsia,POSPAL,1,0,10,IP,California,CA North,WA Olympic Coast to San Francisco,NONE,North Central Coast,North Coast,NONE,Mainland,11/1/24 10:44
UCSC,Sea Ranch,SEA,38.73049927,-123.48864,38.73049927,-123.48864,5150,2024,Summer,SU24,174,6/8/24,postelsia,POSPAL,2,1,14,IP,California,CA North,WA Olympic Coast to San Francisco,NONE,North Central Coast,North Coast,NONE,Mainland,11/1/24 10:44
UCSC,Phillips Gulch,PHL,38.58584976,-123.34147,38.58585358,-123.34147,5160,2010,Summer,SU10,118,6/16/10,postelsia,POSPAL,1,556,14,IP,California,CA North,WA Olympic Coast to San Francisco,SMCA,North Central Coast,North Coast,Salt Point SMCA,Mainland,11/1/24 10:44
UCSC,Phillips Gulch,PHL,38.58584976,-123.34147,38.58585358,-123.34147,5160,2010,Summer,SU10,118,6/16/10,postelsia,POSPAL,2,319,20,IP,California,CA North,WA Olympic Coast to San Francisco,SMCA,North Central Coast,North Coast,Salt Point SMCA,Mainland,11/1/24 10:44
UCSC,Phillips Gulch,PHL,38.58584976,-123.34147,38.58585358,-123.34147,5160,2010,Summer,SU10,118,6/16/10,postelsia,POSPAL,3,639,24,IP,California,CA North,WA Olympic Coast to San Francisco,SMCA,North Central Coast,North Coast,Salt Point SMCA,Mainland,11/1/24 10:44
UCSC,Phillips Gulch,PHL,38.58584976,-123.34147,38.58585358,-123.34147,5160,2011,Summer,SU11,122,5/19/11,postelsia,POSPAL,1,447,14,IP,California,CA North,WA Olympic Coast to San Francisco,SMCA,North Central Coast,North Coast,Salt Point SMCA,Mainland,11/1/24 10:44
UCSC,Phillips Gulch,PHL,38.58584976,-123.34147,38.58585358,-123.34147,5160,2011,Summer,SU11,122,5/19/11,postelsia,POSPAL,2,476,20,IP,California,CA North,WA Olympic Coast to San Francisco,SMCA,North Central Coast,North Coast,Salt Point SMCA,Mainland,11/1/24 10:44
UCSC,Phillips Gulch,PHL,38.58584976,-123.34147,38.58585358,-123.34147,5160,2011,Summer,SU11,122,5/19/11,postelsia,POSPAL,3,840,24,IP,California,CA North,WA Olympic Coast to San Francisco,SMCA,North Central Coast,North Coast,Salt Point SMCA,Mainland,11/1/24 10:44
UCSC,Phillips Gulch,PHL,38.58584976,-123.34147,38.58585358,-123.34147,5160,2020,Summer,SU20,158,7/8/20,postelsia,POSPAL,1,492,14,IP,California,CA North,WA Olympic Coast to San Francisco,SMCA,North Central Coast,North Coast,Salt Point SMCA,Mainland,11/1/24 10:44
UCSC,Phillips Gulch,PHL,38.58584976,-123.34147,38.58585358,-123.34147,5160,2020,Summer,SU20,158,7/8/20,postelsia,POSPAL,2,588,20,IP,California,CA North,WA Olympic Coast to San Francisco,SMCA,North Central Coast,North Coast,Salt Point SMCA,Mainland,11/1/24 10:44
UCSC,Phillips Gulch,PHL,38.58584976,-123.34147,38.58585358,-123.34147,5160,2020,Summer,SU20,158,7/8/20,postelsia,POSPAL,3,1187,24,IP,California,CA North,WA Olympic Coast to San Francisco,SMCA,North Central Coast,North Coast,Salt Point SMCA,Mainland,11/1/24 10:44
UCSC,Gerstle Cove,GER,38.56613922,-123.32919,38.56613541,-123.32919,5170,2010,Summer,SU10,118,6/14/10,postelsia,POSPAL,1,511,24,IP,California,CA North,WA Olympic Coast to San Francisco,SMR,North Central Coast,North Coast,Gerstle Cove SMR,Mainland,11/1/24 10:44
UCSC,Gerstle Cove,GER,38.56613922,-123.32919,38.56613541,-123.32919,5170,2011,Summer,SU11,122,5/18/11,postelsia,POSPAL,1,532,24,IP,California,CA North,WA Olympic Coast to San Francisco,SMR,North Central Coast,North Coast,Gerstle Cove SMR,Mainland,11/1/24 10:44
UCSC,Gerstle Cove,GER,38.56613922,-123.32919,38.56613541,-123.32919,5170,2017,Summer,SU17,146,6/27/17,postelsia,POSPAL,1,568,24,IP,California,CA North,WA Olympic Coast to San Francisco,SMR,North Central Coast,North Coast,Gerstle Cove SMR,Mainland,11/1/24 10:44
UCSC,Gerstle Cove,GER,38.56613922,-123.32919,38.56613541,-123.32919,5170,2019,Summer,SU19,154,8/3/19,postelsia,POSPAL,1,168,24,IP,California,CA North,WA Olympic Coast to San Francisco,SMR,North Central Coast,North Coast,Gerstle Cove SMR,Mainland,11/1/24 10:44
UCSC,Gerstle Cove,GER,38.56613922,-123.32919,38.56613541,-123.32919,5170,2020,Summer,SU20,158,7/5/20,postelsia,POSPAL,1,471,24,IP,California,CA North,WA Olympic Coast to San Francisco,SMR,North Central Coast,North Coast,Gerstle Cove SMR,Mainland,11/1/24 10:44
UCSC,Gerstle Cove,GER,38.56613922,-123.32919,38.56613541,-123.32919,5170,2021,Summer,SU21,162,6/26/21,postelsia,POSPAL,1,998,24,IP,California,CA North,WA Olympic Coast to San Francisco,SMR,North Central Coast,North Coast,Gerstle Cove SMR,Mainland,11/1/24 10:44
UCSC,Gerstle Cove,GER,38.56613922,-123.32919,38.56613541,-123.32919,5170,2022,Summer,SU22,166,6/14/22,postelsia,POSPAL,1,501,24,IP,California,CA North,WA Olympic Coast to San Francisco,SMR,North Central Coast,North Coast,Gerstle Cove SMR,Mainland,11/1/24 10:44
UCSC,Gerstle Cove,GER,38.56613922,-123.32919,38.56613541,-123.32919,5170,2023,Summer,SU23,170,6/3/23,postelsia,POSPAL,1,632,24,IP,California,CA North,WA Olympic Coast to San Francisco,SMR,North Central Coast,North Coast,Gerstle Cove SMR,Mainland,11/1/24 10:44
UCSC,Gerstle Cove,GER,38.56613922,-123.32919,38.56613541,-123.32919,5170,2024,Summer,SU24,174,6/5/24,postelsia,POSPAL,1,242,24,IP,California,CA North,WA Olympic Coast to San Francisco,SMR,North Central Coast,North Coast,Gerstle Cove SMR,Mainland,11/1/24 10:44
UCSC,Windermere Point,WIN,38.52394104,-123.26747,38.52394104,-123.26747,5180,2010,Summer,SU10,118,6/30/10,postelsia,POSPAL,1,906,14,IP,California,CA North,WA Olympic Coast to San Francisco,NONE,North Central Coast,North Coast,NONE,Mainland,11/1/24 10:44
UCSC,Windermere Point,WIN,38.52394104,-123.26747,38.52394104,-123.26747,5180,2010,Summer,SU10,118,6/30/10,postelsia,POSPAL,2,414,16,IP,California,CA North,WA Olympic Coast to San Francisco,NONE,North Central Coast,North Coast,NONE,Mainland,11/1/24 10:44
UCSC,Windermere Point,WIN,38.52394104,-123.26747,38.52394104,-123.26747,5180,2010,Summer,SU10,118,6/30/10,postelsia,POSPAL,3,532,16,IP,California,CA North,WA Olympic Coast to San Francisco,NONE,North Central Coast,North Coast,NONE,Mainland,11/1/24 10:44
UCSC,Windermere Point,WIN,38.52394104,-123.26747,38.52394104,-123.26747,5180,2011,Summer,SU11,122,5/8/11,postelsia,POSPAL,1,1207,14,IP,California,CA North,WA Olympic Coast to San Francisco,NONE,North Central Coast,North Coast,NONE,Mainland,11/1/24 10:44
UCSC,Windermere Point,WIN,38.52394104,-123.26747,38.52394104,-123.26747,5180,2011,Summer,SU11,122,5/8/11,postelsia,POSPAL,2,417,16,IP,California,CA North,WA Olympic Coast to San Francisco,NONE,North Central Coast,North Coast,NONE,Mainland,11/1/24 10:44
UCSC,Windermere Point,WIN,38.52394104,-123.26747,38.52394104,-123.26747,5180,2011,Summer,SU11,122,5/8/11,postelsia,POSPAL,3,1382,16,IP,California,CA North,WA Olympic Coast to San Francisco,NONE,North Central Coast,North Coast,NONE,Mainland,11/1/24 10:44
UCSC,Windermere Point,WIN,38.52394104,-123.26747,38.52394104,-123.26747,5180,2020,Summer,SU20,158,8/18/20,postelsia,POSPAL,1,8,14,IP,California,CA North,WA Olympic Coast to San Francisco,NONE,North Central Coast,North Coast,NONE,Mainland,11/1/24 10:44
UCSC,Windermere Point,WIN,38.52394104,-123.26747,38.52394104,-123.26747,5180,2020,Summer,SU20,158,8/18/20,postelsia,POSPAL,2,0,16,IP,California,CA North,WA Olympic Coast to San Francisco,NONE,North Central Coast,North Coast,NONE,Mainland,11/1/24 10:44
UCSC,Windermere Point,WIN,38.52394104,-123.26747,38.52394104,-123.26747,5180,2020,Summer,SU20,158,8/18/20,postelsia,POSPAL,3,0,16,IP,California,CA North,WA Olympic Coast to San Francisco,NONE,North Central Coast,North Coast,NONE,Mainland,11/1/24 10:44
UCSC,Bodega,BML,38.31819916,-123.07365,38.31819916,-123.07365,5200,2002,Summer,SU02,86,6/23/02,postelsia,POSPAL,1,306,20,IP,California,CA North,WA Olympic Coast to San Francisco,SMR,North Central Coast,North Coast,Bodega Head SMR,Mainland,11/1/24 10:44
UCSC,Bodega,BML,38.31819916,-123.07365,38.31819916,-123.07365,5200,2002,Summer,SU02,86,6/23/02,postelsia,POSPAL,2,184,18,IP,California,CA North,WA Olympic Coast to San Francisco,SMR,North Central Coast,North Coast,Bodega Head SMR,Mainland,11/1/24 10:44
UCSC,Bodega,BML,38.31819916,-123.07365,38.31819916,-123.07365,5200,2003,Summer,SU03,90,6/18/03,postelsia,POSPAL,1,977,20,IP,California,CA North,WA Olympic Coast to San Francisco,SMR,North Central Coast,North Coast,Bodega Head SMR,Mainland,11/1/24 10:44
UCSC,Bodega,BML,38.31819916,-123.07365,38.31819916,-123.07365,5200,2003,Summer,SU03,90,6/18/03,postelsia,POSPAL,2,315,18,IP,California,CA North,WA Olympic Coast to San Francisco,SMR,North Central Coast,North Coast,Bodega Head SMR,Mainland,11/1/24 10:44
UCSC,Bodega,BML,38.31819916,-123.07365,38.31819916,-123.07365,5200,2004,Summer,SU04,94,6/7/04,postelsia,POSPAL,1,593,20,IP,California,CA North,WA Olympic Coast to San Francisco,SMR,North Central Coast,North Coast,Bodega Head SMR,Mainland,11/1/24 10:44
UCSC,Bodega,BML,38.31819916,-123.07365,38.31819916,-123.07365,5200,2004,Summer,SU04,94,6/7/04,postelsia,POSPAL,2,279,18,IP,California,CA North,WA Olympic Coast to San Francisco,SMR,North Central Coast,North Coast,Bodega Head SMR,Mainland,11/1/24 10:44
UCSC,Bodega,BML,38.31819916,-123.07365,38.31819916,-123.07365,5200,2005,Summer,SU05,98,6/26/05,postelsia,POSPAL,1,432,20,IP,California,CA North,WA Olympic Coast to San Francisco,SMR,North Central Coast,North Coast,Bodega Head SMR,Mainland,11/1/24 10:44
UCSC,Bodega,BML,38.31819916,-123.07365,38.31819916,-123.07365,5200,2005,Summer,SU05,98,6/26/05,postelsia,POSPAL,2,461,18,IP,California,CA North,WA Olympic Coast to San Francisco,SMR,North Central Coast,North Coast,Bodega Head SMR,Mainland,11/1/24 10:44
UCSC,Bodega,BML,38.31819916,-123.07365,38.31819916,-123.07365,5200,2006,Summer,SU06,102,6/17/06,postelsia,POSPAL,1,314,20,IP,California,CA North,WA Olympic Coast to San Francisco,SMR,North Central Coast,North Coast,Bodega Head SMR,Mainland,11/1/24 10:44
UCSC,Bodega,BML,38.31819916,-123.07365,38.31819916,-123.07365,5200,2006,Summer,SU06,102,6/17/06,postelsia,POSPAL,2,370,18,IP,California,CA North,WA Olympic Coast to San Francisco,SMR,North Central Coast,North Coast,Bodega Head SMR,Mainland,11/1/24 10:44
UCSC,Bodega,BML,38.31819916,-123.07365,38.31819916,-123.07365,5200,2007,Summer,SU07,106,6/19/07,postelsia,POSPAL,1,409,20,IP,California,CA North,WA Olympic Coast to San Francisco,SMR,North Central Coast,North Coast,Bodega Head SMR,Mainland,11/1/24 10:44
UCSC,Bodega,BML,38.31819916,-123.07365,38.31819916,-123.07365,5200,2007,Summer,SU07,106,6/19/07,postelsia,POSPAL,2,551,18,IP,California,CA North,WA Olympic Coast to San Francisco,SMR,North Central Coast,North Coast,Bodega Head SMR,Mainland,11/1/24 10:44
UCSC,Bodega,BML,38.31819916,-123.07365,38.31819916,-123.07365,5200,2008,Summer,SU08,110,6/8/08,postelsia,POSPAL,1,1136,20,IP,California,CA North,WA Olympic Coast to San Francisco,SMR,North Central Coast,North Coast,Bodega Head SMR,Mainland,11/1/24 10:44
UCSC,Bodega,BML,38.31819916,-123.07365,38.31819916,-123.07365,5200,2008,Summer,SU08,110,6/8/08,postelsia,POSPAL,2,773,18,IP,California,CA North,WA Olympic Coast to San Francisco,SMR,North Central Coast,North Coast,Bodega Head SMR,Mainland,11/1/24 10:44
UCSC,Bodega,BML,38.31819916,-123.07365,38.31819916,-123.07365,5200,2009,Summer,SU09,114,6/27/09,postelsia,POSPAL,1,504,20,IP,California,CA North,WA Olympic Coast to San Francisco,SMR,North Central Coast,North Coast,Bodega Head SMR,Mainland,11/1/24 10:44
UCSC,Bodega,BML,38.31819916,-123.07365,38.31819916,-123.07365,5200,2009,Summer,SU09,114,6/27/09,postelsia,POSPAL,2,422,18,IP,California,CA North,WA Olympic Coast to San Francisco,SMR,North Central Coast,North Coast,Bodega Head SMR,Mainland,11/1/24 10:44
UCSC,Bodega,BML,38.31819916,-123.07365,38.31819916,-123.07365,5200,2010,Summer,SU10,118,6/16/10,postelsia,POSPAL,1,887,20,IP,California,CA North,WA Olympic Coast to San Francisco,SMR,North Central Coast,North Coast,Bodega Head SMR,Mainland,11/1/24 10:44
UCSC,Bodega,BML,38.31819916,-123.07365,38.31819916,-123.07365,5200,2010,Summer,SU10,118,6/16/10,postelsia,POSPAL,2,644,18,IP,California,CA North,WA Olympic Coast to San Francisco,SMR,North Central Coast,North Coast,Bodega Head SMR,Mainland,11/1/24 10:44
UCSC,Bodega,BML,38.31819916,-123.07365,38.31819916,-123.07365,5200,2011,Summer,SU11,122,6/19/11,postelsia,POSPAL,1,441,20,IP,California,CA North,WA Olympic Coast to San Francisco,SMR,North Central Coast,North Coast,Bodega Head SMR,Mainland,11/1/24 10:44
UCSC,Bodega,BML,38.31819916,-123.07365,38.31819916,-123.07365,5200,2011,Summer,SU11,122,6/19/11,postelsia,POSPAL,2,657,18,IP,California,CA North,WA Olympic Coast to San Francisco,SMR,North Central Coast,North Coast,Bodega Head SMR,Mainland,11/1/24 10:44
UCSC,Bodega,BML,38.31819916,-123.07365,38.31819916,-123.07365,5200,2012,Summer,SU12,126,7/7/12,postelsia,POSPAL,1,276,20,IP,California,CA North,WA Olympic Coast to San Francisco,SMR,North Central Coast,North Coast,Bodega Head SMR,Mainland,11/1/24 10:44
UCSC,Bodega,BML,38.31819916,-123.07365,38.31819916,-123.07365,5200,2012,Summer,SU12,126,7/7/12,postelsia,POSPAL,2,408,18,IP,California,CA North,WA Olympic Coast to San Francisco,SMR,North Central Coast,North Coast,Bodega Head SMR,Mainland,11/1/24 10:44
UCSC,Bodega,BML,38.31819916,-123.07365,38.31819916,-123.07365,5200,2013,Summer,SU13,130,6/22/13,postelsia,POSPAL,1,835,20,IP,California,CA North,WA Olympic Coast to San Francisco,SMR,North Central Coast,North Coast,Bodega Head SMR,Mainland,11/1/24 10:44
UCSC,Bodega,BML,38.31819916,-123.07365,38.31819916,-123.07365,5200,2013,Summer,SU13,130,6/22/13,postelsia,POSPAL,2,1173,18,IP,California,CA North,WA Olympic Coast to San Francisco,SMR,North Central Coast,North Coast,Bodega Head SMR,Mainland,11/1/24 10:44
UCSC,Bodega,BML,38.31819916,-123.07365,38.31819916,-123.07365,5200,2014,Summer,SU14,134,6/12/14,postelsia,POSPAL,1,209,20,IP,California,CA North,WA Olympic Coast to San Francisco,SMR,North Central Coast,North Coast,Bodega Head SMR,Mainland,11/1/24 10:44
UCSC,Bodega,BML,38.31819916,-123.07365,38.31819916,-123.07365,5200,2014,Summer,SU14,134,6/12/14,postelsia,POSPAL,2,842,18,IP,California,CA North,WA Olympic Coast to San Francisco,SMR,North Central Coast,North Coast,Bodega Head SMR,Mainland,11/1/24 10:44
UCSC,Bodega,BML,38.31819916,-123.07365,38.31819916,-123.07365,5200,2015,Summer,SU15,138,6/15/15,postelsia,POSPAL,1,15,20,IP,California,CA North,WA Olympic Coast to San Francisco,SMR,North Central Coast,North Coast,Bodega Head SMR,Mainland,11/1/24 10:44
UCSC,Bodega,BML,38.31819916,-123.07365,38.31819916,-123.07365,5200,2015,Summer,SU15,138,6/15/15,postelsia,POSPAL,2,37,18,IP,California,CA North,WA Olympic Coast to San Francisco,SMR,North Central Coast,North Coast,Bodega Head SMR,Mainland,11/1/24 10:44
UCSC,Bodega,BML,38.31819916,-123.07365,38.31819916,-123.07365,5200,2016,Summer,SU16,142,6/4/16,postelsia,POSPAL,1,30,20,IP,California,CA North,WA Olympic Coast to San Francisco,SMR,North Central Coast,North Coast,Bodega Head SMR,Mainland,11/1/24 10:44
UCSC,Bodega,BML,38.31819916,-123.07365,38.31819916,-123.07365,5200,2016,Summer,SU16,142,6/4/16,postelsia,POSPAL,2,66,18,IP,California,CA North,WA Olympic Coast to San Francisco,SMR,North Central Coast,North Coast,Bodega Head SMR,Mainland,11/1/24 10:44
UCSC,Bodega,BML,38.31819916,-123.07365,38.31819916,-123.07365,5200,2017,Summer,SU17,146,7/26/17,postelsia,POSPAL,1,107,20,IP,California,CA North,WA Olympic Coast to San Francisco,SMR,North Central Coast,North Coast,Bodega Head SMR,Mainland,11/1/24 10:44
UCSC,Bodega,BML,38.31819916,-123.07365,38.31819916,-123.07365,5200,2017,Summer,SU17,146,7/26/17,postelsia,POSPAL,2,214,18,IP,California,CA North,WA Olympic Coast to San Francisco,SMR,North Central Coast,North Coast,Bodega Head SMR,Mainland,11/1/24 10:44
UCSC,Bodega,BML,38.31819916,-123.07365,38.31819916,-123.07365,5200,2018,Summer,SU18,150,6/16/18,postelsia,POSPAL,1,295,20,IP,California,CA North,WA Olympic Coast to San Francisco,SMR,North Central Coast,North Coast,Bodega Head SMR,Mainland,11/1/24 10:44
UCSC,Bodega,BML,38.31819916,-123.07365,38.31819916,-123.07365,5200,2018,Summer,SU18,150,6/16/18,postelsia,POSPAL,2,186,18,IP,California,CA North,WA Olympic Coast to San Francisco,SMR,North Central Coast,North Coast,Bodega Head SMR,Mainland,11/1/24 10:44
UCSC,Bodega,BML,38.31819916,-123.07365,38.31819916,-123.07365,5200,2019,Summer,SU19,154,6/16/19,postelsia,POSPAL,1,75,20,IP,California,CA North,WA Olympic Coast to San Francisco,SMR,North Central Coast,North Coast,Bodega Head SMR,Mainland,11/1/24 10:44
UCSC,Bodega,BML,38.31819916,-123.07365,38.31819916,-123.07365,5200,2019,Summer,SU19,154,6/16/19,postelsia,POSPAL,2,155,18,IP,California,CA North,WA Olympic Coast to San Francisco,SMR,North Central Coast,North Coast,Bodega Head SMR,Mainland,11/1/24 10:44
UCSC,Bodega,BML,38.31819916,-123.07365,38.31819916,-123.07365,5200,2020,Summer,SU20,158,6/25/20,postelsia,POSPAL,1,102,20,IP,California,CA North,WA Olympic Coast to San Francisco,SMR,North Central Coast,North Coast,Bodega Head SMR,Mainland,11/1/24 10:44
UCSC,Bodega,BML,38.31819916,-123.07365,38.31819916,-123.07365,5200,2020,Summer,SU20,158,6/25/20,postelsia,POSPAL,2,247,18,IP,California,CA North,WA Olympic Coast to San Francisco,SMR,North Central Coast,North Coast,Bodega Head SMR,Mainland,11/1/24 10:44
UCSC,Bodega,BML,38.31819916,-123.07365,38.31819916,-123.07365,5200,2021,Summer,SU21,162,5/14/21,postelsia,POSPAL,1,207,20,IP,California,CA North,WA Olympic Coast to San Francisco,SMR,North Central Coast,North Coast,Bodega Head SMR,Mainland,11/1/24 10:44
UCSC,Bodega,BML,38.31819916,-123.07365,38.31819916,-123.07365,5200,2021,Summer,SU21,162,5/14/21,postelsia,POSPAL,2,462,18,IP,California,CA North,WA Olympic Coast to San Francisco,SMR,North Central Coast,North Coast,Bodega Head SMR,Mainland,11/1/24 10:44
UCSC,Bodega,BML,38.31819916,-123.07365,38.31819916,-123.07365,5200,2022,Summer,SU22,166,6/15/22,postelsia,POSPAL,1,118,20,IP,California,CA North,WA Olympic Coast to San Francisco,SMR,North Central Coast,North Coast,Bodega Head SMR,Mainland,11/1/24 10:44
UCSC,Bodega,BML,38.31819916,-123.07365,38.31819916,-123.07365,5200,2022,Summer,SU22,166,6/15/22,postelsia,POSPAL,2,123,18,IP,California,CA North,WA Olympic Coast to San Francisco,SMR,North Central Coast,North Coast,Bodega Head SMR,Mainland,11/1/24 10:44
UCSC,Bodega,BML,38.31819916,-123.07365,38.31819916,-123.07365,5200,2023,Summer,SU23,170,6/19/23,postelsia,POSPAL,1,246,20,IP,California,CA North,WA Olympic Coast to San Francisco,SMR,North Central Coast,North Coast,Bodega Head SMR,Mainland,11/1/24 10:44
UCSC,Bodega,BML,38.31819916,-123.07365,38.31819916,-123.07365,5200,2023,Summer,SU23,170,6/19/23,postelsia,POSPAL,2,292,18,IP,California,CA North,WA Olympic Coast to San Francisco,SMR,North Central Coast,North Coast,Bodega Head SMR,Mainland,11/1/24 10:44
UCSC,Bodega,BML,38.31819916,-123.07365,38.31819916,-123.07365,5200,2024,Summer,SU24,174,6/23/24,postelsia,POSPAL,1,61,20,IP,California,CA North,WA Olympic Coast to San Francisco,SMR,North Central Coast,North Coast,Bodega Head SMR,Mainland,11/1/24 10:44
UCSC,Bodega,BML,38.31819916,-123.07365,38.31819916,-123.07365,5200,2024,Summer,SU24,174,6/23/24,postelsia,POSPAL,2,102,18,IP,California,CA North,WA Olympic Coast to San Francisco,SMR,North Central Coast,North Coast,Bodega Head SMR,Mainland,11/1/24 10:44
UCSC,Scott Creek,SCT,37.04425049,-122.23493,37.04425049,-122.23493,6030,1999,Fall,FA99,75,12/22/99,postelsia,POSPAL,1,39,30,IP,California,CA Central,San Francisco to Government Point,SMCA,Central Coast,Central Coast,Greyhound Rock SMCA,Mainland,11/1/24 10:44
UCSC,Scott Creek,SCT,37.04425049,-122.23493,37.04425049,-122.23493,6030,1999,Fall,FA99,75,12/22/99,postelsia,POSPAL,2,85,26,IP,California,CA Central,San Francisco to Government Point,SMCA,Central Coast,Central Coast,Greyhound Rock SMCA,Mainland,11/1/24 10:44
UCSC,Scott Creek,SCT,37.04425049,-122.23493,37.04425049,-122.23493,6030,2000,Spring,SP00,77,3/15/00,postelsia,POSPAL,1,689,30,IP,California,CA Central,San Francisco to Government Point,SMCA,Central Coast,Central Coast,Greyhound Rock SMCA,Mainland,11/1/24 10:44
UCSC,Scott Creek,SCT,37.04425049,-122.23493,37.04425049,-122.23493,6030,2000,Spring,SP00,77,3/15/00,postelsia,POSPAL,2,751,26,IP,California,CA Central,San Francisco to Government Point,SMCA,Central Coast,Central Coast,Greyhound Rock SMCA,Mainland,11/1/24 10:44
UCSC,Scott Creek,SCT,37.04425049,-122.23493,37.04425049,-122.23493,6030,2000,Summer,SU00,78,7/5/00,postelsia,POSPAL,1,496,30,IP,California,CA Central,San Francisco to Government Point,SMCA,Central Coast,Central Coast,Greyhound Rock SMCA,Mainland,11/1/24 10:44
UCSC,Scott Creek,SCT,37.04425049,-122.23493,37.04425049,-122.23493,6030,2000,Summer,SU00,78,7/5/00,postelsia,POSPAL,2,835,26,IP,California,CA Central,San Francisco to Government Point,SMCA,Central Coast,Central Coast,Greyhound Rock SMCA,Mainland,11/1/24 10:44
UCSC,Scott Creek,SCT,37.04425049,-122.23493,37.04425049,-122.23493,6030,2000,Fall,FA00,79,11/13/00,postelsia,POSPAL,1,145,30,IP,California,CA Central,San Francisco to Government Point,SMCA,Central Coast,Central Coast,Greyhound Rock SMCA,Mainland,11/1/24 10:44
UCSC,Scott Creek,SCT,37.04425049,-122.23493,37.04425049,-122.23493,6030,2000,Fall,FA00,79,11/13/00,postelsia,POSPAL,2,166,26,IP,California,CA Central,San Francisco to Government Point,SMCA,Central Coast,Central Coast,Greyhound Rock SMCA,Mainland,11/1/24 10:44
UCSC,Scott Creek,SCT,37.04425049,-122.23493,37.04425049,-122.23493,6030,2001,Spring,SP01,81,4/1/01,postelsia,POSPAL,1,1664,30,IP,California,CA Central,San Francisco to Government Point,SMCA,Central Coast,Central Coast,Greyhound Rock SMCA,Mainland,11/1/24 10:44
UCSC,Scott Creek,SCT,37.04425049,-122.23493,37.04425049,-122.23493,6030,2001,Spring,SP01,81,4/1/01,postelsia,POSPAL,2,977,26,IP,California,CA Central,San Francisco to Government Point,SMCA,Central Coast,Central Coast,Greyhound Rock SMCA,Mainland,11/1/24 10:44
UCSC,Scott Creek,SCT,37.04425049,-122.23493,37.04425049,-122.23493,6030,2001,Summer,SU01,82,7/4/01,postelsia,POSPAL,1,1060,30,IP,California,CA Central,San Francisco to Government Point,SMCA,Central Coast,Central Coast,Greyhound Rock SMCA,Mainland,11/1/24 10:44
UCSC,Scott Creek,SCT,37.04425049,-122.23493,37.04425049,-122.23493,6030,2001,Summer,SU01,82,7/4/01,postelsia,POSPAL,2,793,26,IP,California,CA Central,San Francisco to Government Point,SMCA,Central Coast,Central Coast,Greyhound Rock SMCA,Mainland,11/1/24 10:44
UCSC,Scott Creek,SCT,37.04425049,-122.23493,37.04425049,-122.23493,6030,2001,Fall,FA01,83,11/2/01,postelsia,POSPAL,1,222,30,IP,California,CA Central,San Francisco to Government Point,SMCA,Central Coast,Central Coast,Greyhound Rock SMCA,Mainland,11/1/24 10:44
UCSC,Scott Creek,SCT,37.04425049,-122.23493,37.04425049,-122.23493,6030,2001,Fall,FA01,83,11/2/01,postelsia,POSPAL,2,317,26,IP,California,CA Central,San Francisco to Government Point,SMCA,Central Coast,Central Coast,Greyhound Rock SMCA,Mainland,11/1/24 10:44
UCSC,Scott Creek,SCT,37.04425049,-122.23493,37.04425049,-122.23493,6030,2002,Spring,SP02,85,3/19/02,postelsia,POSPAL,1,1950,30,IP,California,CA Central,San Francisco to Government Point,SMCA,Central Coast,Central Coast,Greyhound Rock SMCA,Mainland,11/1/24 10:44
UCSC,Scott Creek,SCT,37.04425049,-122.23493,37.04425049,-122.23493,6030,2002,Spring,SP02,85,3/19/02,postelsia,POSPAL,2,931,26,IP,California,CA Central,San Francisco to Government Point,SMCA,Central Coast,Central Coast,Greyhound Rock SMCA,Mainland,11/1/24 10:44
UCSC,Scott Creek,SCT,37.04425049,-122.23493,37.04425049,-122.23493,6030,2002,Summer,SU02,86,8/7/02,postelsia,POSPAL,1,1201,30,IP,California,CA Central,San Francisco to Government Point,SMCA,Central Coast,Central Coast,Greyhound Rock SMCA,Mainland,11/1/24 10:44
UCSC,Scott Creek,SCT,37.04425049,-122.23493,37.04425049,-122.23493,6030,2002,Summer,SU02,86,8/7/02,postelsia,POSPAL,2,787,26,IP,California,CA Central,San Francisco to Government Point,SMCA,Central Coast,Central Coast,Greyhound Rock SMCA,Mainland,11/1/24 10:44
UCSC,Scott Creek,SCT,37.04425049,-122.23493,37.04425049,-122.23493,6030,2002,Fall,FA02,87,11/2/02,postelsia,POSPAL,1,451,30,IP,California,CA Central,San Francisco to Government Point,SMCA,Central Coast,Central Coast,Greyhound Rock SMCA,Mainland,11/1/24 10:44
UCSC,Scott Creek,SCT,37.04425049,-122.23493,37.04425049,-122.23493,6030,2002,Fall,FA02,87,11/2/02,postelsia,POSPAL,2,304,26,IP,California,CA Central,San Francisco to Government Point,SMCA,Central Coast,Central Coast,Greyhound Rock SMCA,Mainland,11/1/24 10:44
UCSC,Scott Creek,SCT,37.04425049,-122.23493,37.04425049,-122.23493,6030,2003,Spring,SP03,89,5/21/03,postelsia,POSPAL,1,2117,30,IP,California,CA Central,San Francisco to Government Point,SMCA,Central Coast,Central Coast,Greyhound Rock SMCA,Mainland,11/1/24 10:44
UCSC,Scott Creek,SCT,37.04425049,-122.23493,37.04425049,-122.23493,6030,2003,Spring,SP03,89,5/21/03,postelsia,POSPAL,2,1092,26,IP,California,CA Central,San Francisco to Government Point,SMCA,Central Coast,Central Coast,Greyhound Rock SMCA,Mainland,11/1/24 10:44
UCSC,Scott Creek,SCT,37.04425049,-122.23493,37.04425049,-122.23493,6030,2003,Fall,FA03,91,10/25/03,postelsia,POSPAL,1,221,30,IP,California,CA Central,San Francisco to Government Point,SMCA,Central Coast,Central Coast,Greyhound Rock SMCA,Mainland,11/1/24 10:44
UCSC,Scott Creek,SCT,37.04425049,-122.23493,37.04425049,-122.23493,6030,2003,Fall,FA03,91,10/25/03,postelsia,POSPAL,2,289,26,IP,California,CA Central,San Francisco to Government Point,SMCA,Central Coast,Central Coast,Greyhound Rock SMCA,Mainland,11/1/24 10:44
UCSC,Scott Creek,SCT,37.04425049,-122.23493,37.04425049,-122.23493,6030,2004,Spring,SP04,93,3/17/04,postelsia,POSPAL,1,1590,30,IP,California,CA Central,San Francisco to Government Point,SMCA,Central Coast,Central Coast,Greyhound Rock SMCA,Mainland,11/1/24 10:44
UCSC,Scott Creek,SCT,37.04425049,-122.23493,37.04425049,-122.23493,6030,2004,Spring,SP04,93,3/17/04,postelsia,POSPAL,2,1223,26,IP,California,CA Central,San Francisco to Government Point,SMCA,Central Coast,Central Coast,Greyhound Rock SMCA,Mainland,11/1/24 10:44
UCSC,Scott Creek,SCT,37.04425049,-122.23493,37.04425049,-122.23493,6030,2004,Fall,FA04,95,11/10/04,postelsia,POSPAL,1,109,30,IP,California,CA Central,San Francisco to Government Point,SMCA,Central Coast,Central Coast,Greyhound Rock SMCA,Mainland,11/1/24 10:44
UCSC,Scott Creek,SCT,37.04425049,-122.23493,37.04425049,-122.23493,6030,2004,Fall,FA04,95,11/10/04,postelsia,POSPAL,2,118,26,IP,California,CA Central,San Francisco to Government Point,SMCA,Central Coast,Central Coast,Greyhound Rock SMCA,Mainland,11/1/24 10:44
UCSC,Scott Creek,SCT,37.04425049,-122.23493,37.04425049,-122.23493,6030,2005,Spring,SP05,97,3/6/05,postelsia,POSPAL,1,328,30,IP,California,CA Central,San Francisco to Government Point,SMCA,Central Coast,Central Coast,Greyhound Rock SMCA,Mainland,11/1/24 10:44
UCSC,Scott Creek,SCT,37.04425049,-122.23493,37.04425049,-122.23493,6030,2005,Spring,SP05,97,3/6/05,postelsia,POSPAL,2,328,26,IP,California,CA Central,San Francisco to Government Point,SMCA,Central Coast,Central Coast,Greyhound Rock SMCA,Mainland,11/1/24 10:44
UCSC,Scott Creek,SCT,37.04425049,-122.23493,37.04425049,-122.23493,6030,2005,Fall,FA05,99,10/17/05,postelsia,POSPAL,1,235,30,IP,California,CA Central,San Francisco to Government Point,SMCA,Central Coast,Central Coast,Greyhound Rock SMCA,Mainland,11/1/24 10:44
UCSC,Scott Creek,SCT,37.04425049,-122.23493,37.04425049,-122.23493,6030,2005,Fall,FA05,99,10/17/05,postelsia,POSPAL,2,266,26,IP,California,CA Central,San Francisco to Government Point,SMCA,Central Coast,Central Coast,Greyhound Rock SMCA,Mainland,11/1/24 10:44
UCSC,Scott Creek,SCT,37.04425049,-122.23493,37.04425049,-122.23493,6030,2006,Spring,SP06,101,3/31/06,postelsia,POSPAL,1,1793,30,IP,California,CA Central,San Francisco to Government Point,SMCA,Central Coast,Central Coast,Greyhound Rock SMCA,Mainland,11/1/24 10:44
UCSC,Scott Creek,SCT,37.04425049,-122.23493,37.04425049,-122.23493,6030,2006,Spring,SP06,101,3/31/06,postelsia,POSPAL,2,580,26,IP,California,CA Central,San Francisco to Government Point,SMCA,Central Coast,Central Coast,Greyhound Rock SMCA,Mainland,11/1/24 10:44
UCSC,Scott Creek,SCT,37.04425049,-122.23493,37.04425049,-122.23493,6030,2006,Fall,FA06,103,11/19/06,postelsia,POSPAL,1,102,30,IP,California,CA Central,San Francisco to Government Point,SMCA,Central Coast,Central Coast,Greyhound Rock SMCA,Mainland,11/1/24 10:44
UCSC,Scott Creek,SCT,37.04425049,-122.23493,37.04425049,-122.23493,6030,2006,Fall,FA06,103,11/19/06,postelsia,POSPAL,2,149,26,IP,California,CA Central,San Francisco to Government Point,SMCA,Central Coast,Central Coast,Greyhound Rock SMCA,Mainland,11/1/24 10:44
UCSC,Scott Creek,SCT,37.04425049,-122.23493,37.04425049,-122.23493,6030,2007,Spring,SP07,105,3/14/07,postelsia,POSPAL,1,2282,30,IP,California,CA Central,San Francisco to Government Point,SMCA,Central Coast,Central Coast,Greyhound Rock SMCA,Mainland,11/1/24 10:44
UCSC,Scott Creek,SCT,37.04425049,-122.23493,37.04425049,-122.23493,6030,2007,Spring,SP07,105,3/14/07,postelsia,POSPAL,2,888,26,IP,California,CA Central,San Francisco to Government Point,SMCA,Central Coast,Central Coast,Greyhound Rock SMCA,Mainland,11/1/24 10:44
UCSC,Scott Creek,SCT,37.04425049,-122.23493,37.04425049,-122.23493,6030,2007,Fall,FA07,107,10/24/07,postelsia,POSPAL,1,226,30,IP,California,CA Central,San Francisco to Government Point,SMCA,Central Coast,Central Coast,Greyhound Rock SMCA,Mainland,11/1/24 10:44
UCSC,Scott Creek,SCT,37.04425049,-122.23493,37.04425049,-122.23493,6030,2007,Fall,FA07,107,10/24/07,postelsia,POSPAL,2,319,26,IP,California,CA Central,San Francisco to Government Point,SMCA,Central Coast,Central Coast,Greyhound Rock SMCA,Mainland,11/1/24 10:44
UCSC,Scott Creek,SCT,37.04425049,-122.23493,37.04425049,-122.23493,6030,2008,Spring,SP08,109,3/17/08,postelsia,POSPAL,1,690,30,IP,California,CA Central,San Francisco to Government Point,SMCA,Central Coast,Central Coast,Greyhound Rock SMCA,Mainland,11/1/24 10:44
UCSC,Scott Creek,SCT,37.04425049,-122.23493,37.04425049,-122.23493,6030,2008,Spring,SP08,109,3/17/08,postelsia,POSPAL,2,1104,26,IP,California,CA Central,San Francisco to Government Point,SMCA,Central Coast,Central Coast,Greyhound Rock SMCA,Mainland,11/1/24 10:44
UCSC,Scott Creek,SCT,37.04425049,-122.23493,37.04425049,-122.23493,6030,2008,Fall,FA08,111,10/28/08,postelsia,POSPAL,1,219,30,IP,California,CA Central,San Francisco to Government Point,SMCA,Central Coast,Central Coast,Greyhound Rock SMCA,Mainland,11/1/24 10:44
UCSC,Scott Creek,SCT,37.04425049,-122.23493,37.04425049,-122.23493,6030,2008,Fall,FA08,111,10/28/08,postelsia,POSPAL,2,209,26,IP,California,CA Central,San Francisco to Government Point,SMCA,Central Coast,Central Coast,Greyhound Rock SMCA,Mainland,11/1/24 10:44
UCSC,Scott Creek,SCT,37.04425049,-122.23493,37.04425049,-122.23493,6030,2009,Spring,SP09,113,3/5/09,postelsia,POSPAL,1,1345,30,IP,California,CA Central,San Francisco to Government Point,SMCA,Central Coast,Central Coast,Greyhound Rock SMCA,Mainland,11/1/24 10:44
UCSC,Scott Creek,SCT,37.04425049,-122.23493,37.04425049,-122.23493,6030,2009,Spring,SP09,113,3/5/09,postelsia,POSPAL,2,801,26,IP,California,CA Central,San Francisco to Government Point,SMCA,Central Coast,Central Coast,Greyhound Rock SMCA,Mainland,11/1/24 10:44
UCSC,Scott Creek,SCT,37.04425049,-122.23493,37.04425049,-122.23493,6030,2009,Fall,FA09,115,10/18/09,postelsia,POSPAL,1,522,30,IP,California,CA Central,San Francisco to Government Point,SMCA,Central Coast,Central Coast,Greyhound Rock SMCA,Mainland,11/1/24 10:44
UCSC,Scott Creek,SCT,37.04425049,-122.23493,37.04425049,-122.23493,6030,2009,Fall,FA09,115,10/18/09,postelsia,POSPAL,2,308,26,IP,California,CA Central,San Francisco to Government Point,SMCA,Central Coast,Central Coast,Greyhound Rock SMCA,Mainland,11/1/24 10:44
UCSC,Scott Creek,SCT,37.04425049,-122.23493,37.04425049,-122.23493,6030,2010,Spring,SP10,117,3/23/10,postelsia,POSPAL,1,1677,30,IP,California,CA Central,San Francisco to Government Point,SMCA,Central Coast,Central Coast,Greyhound Rock SMCA,Mainland,11/1/24 10:44
UCSC,Scott Creek,SCT,37.04425049,-122.23493,37.04425049,-122.23493,6030,2010,Spring,SP10,117,3/23/10,postelsia,POSPAL,2,1001,26,IP,California,CA Central,San Francisco to Government Point,SMCA,Central Coast,Central Coast,Greyhound Rock SMCA,Mainland,11/1/24 10:44
UCSC,Scott Creek,SCT,37.04425049,-122.23493,37.04425049,-122.23493,6030,2010,Fall,FA10,119,10/7/10,postelsia,POSPAL,1,813,30,IP,California,CA Central,San Francisco to Government Point,SMCA,Central Coast,Central Coast,Greyhound Rock SMCA,Mainland,11/1/24 10:44
UCSC,Scott Creek,SCT,37.04425049,-122.23493,37.04425049,-122.23493,6030,2010,Fall,FA10,119,10/7/10,postelsia,POSPAL,2,382,26,IP,California,CA Central,San Francisco to Government Point,SMCA,Central Coast,Central Coast,Greyhound Rock SMCA,Mainland,11/1/24 10:44
UCSC,Scott Creek,SCT,37.04425049,-122.23493,37.04425049,-122.23493,6030,2011,Spring,SP11,121,3/22/11,postelsia,POSPAL,1,3200,30,IP,California,CA Central,San Francisco to Government Point,SMCA,Central Coast,Central Coast,Greyhound Rock SMCA,Mainland,11/1/24 10:44
UCSC,Scott Creek,SCT,37.04425049,-122.23493,37.04425049,-122.23493,6030,2011,Spring,SP11,121,3/22/11,postelsia,POSPAL,2,1320,26,IP,California,CA Central,San Francisco to Government Point,SMCA,Central Coast,Central Coast,Greyhound Rock SMCA,Mainland,11/1/24 10:44
UCSC,Scott Creek,SCT,37.04425049,-122.23493,37.04425049,-122.23493,6030,2011,Fall,FA11,123,10/25/11,postelsia,POSPAL,1,395,30,IP,California,CA Central,San Francisco to Government Point,SMCA,Central Coast,Central Coast,Greyhound Rock SMCA,Mainland,11/1/24 10:44
UCSC,Scott Creek,SCT,37.04425049,-122.23493,37.04425049,-122.23493,6030,2011,Fall,FA11,123,10/25/11,postelsia,POSPAL,2,208,26,IP,California,CA Central,San Francisco to Government Point,SMCA,Central Coast,Central Coast,Greyhound Rock SMCA,Mainland,11/1/24 10:44
UCSC,Scott Creek,SCT,37.04425049,-122.23493,37.04425049,-122.23493,6030,2012,Fall,FA12,127,10/17/12,postelsia,POSPAL,1,552,30,IP,California,CA Central,San Francisco to Government Point,SMCA,Central Coast,Central Coast,Greyhound Rock SMCA,Mainland,11/1/24 10:44
UCSC,Scott Creek,SCT,37.04425049,-122.23493,37.04425049,-122.23493,6030,2012,Fall,FA12,127,10/17/12,postelsia,POSPAL,2,507,26,IP,California,CA Central,San Francisco to Government Point,SMCA,Central Coast,Central Coast,Greyhound Rock SMCA,Mainland,11/1/24 10:44
UCSC,Scott Creek,SCT,37.04425049,-122.23493,37.04425049,-122.23493,6030,2013,Spring,SP13,129,5/25/13,postelsia,POSPAL,1,2630,30,IP,California,CA Central,San Francisco to Government Point,SMCA,Central Coast,Central Coast,Greyhound Rock SMCA,Mainland,11/1/24 10:44
UCSC,Scott Creek,SCT,37.04425049,-122.23493,37.04425049,-122.23493,6030,2013,Spring,SP13,129,5/25/13,postelsia,POSPAL,2,1968,26,IP,California,CA Central,San Francisco to Government Point,SMCA,Central Coast,Central Coast,Greyhound Rock SMCA,Mainland,11/1/24 10:44
UCSC,Scott Creek,SCT,37.04425049,-122.23493,37.04425049,-122.23493,6030,2013,Fall,FA13,131,10/19/13,postelsia,POSPAL,1,213,30,IP,California,CA Central,San Francisco to Government Point,SMCA,Central Coast,Central Coast,Greyhound Rock SMCA,Mainland,11/1/24 10:44
UCSC,Scott Creek,SCT,37.04425049,-122.23493,37.04425049,-122.23493,6030,2013,Fall,FA13,131,10/19/13,postelsia,POSPAL,2,496,26,IP,California,CA Central,San Francisco to Government Point,SMCA,Central Coast,Central Coast,Greyhound Rock SMCA,Mainland,11/1/24 10:44
UCSC,Scott Creek,SCT,37.04425049,-122.23493,37.04425049,-122.23493,6030,2014,Spring,SP14,133,3/26/14,postelsia,POSPAL,1,977,30,IP,California,CA Central,San Francisco to Government Point,SMCA,Central Coast,Central Coast,Greyhound Rock SMCA,Mainland,11/1/24 10:44
UCSC,Scott Creek,SCT,37.04425049,-122.23493,37.04425049,-122.23493,6030,2014,Spring,SP14,133,3/26/14,postelsia,POSPAL,2,952,26,IP,California,CA Central,San Francisco to Government Point,SMCA,Central Coast,Central Coast,Greyhound Rock SMCA,Mainland,11/1/24 10:44
UCSC,Scott Creek,SCT,37.04425049,-122.23493,37.04425049,-122.23493,6030,2014,Fall,FA14,135,10/8/14,postelsia,POSPAL,1,45,30,IP,California,CA Central,San Francisco to Government Point,SMCA,Central Coast,Central Coast,Greyhound Rock SMCA,Mainland,11/1/24 10:44
UCSC,Scott Creek,SCT,37.04425049,-122.23493,37.04425049,-122.23493,6030,2014,Fall,FA14,135,10/8/14,postelsia,POSPAL,2,74,26,IP,California,CA Central,San Francisco to Government Point,SMCA,Central Coast,Central Coast,Greyhound Rock SMCA,Mainland,11/1/24 10:44
UCSC,Scott Creek,SCT,37.04425049,-122.23493,37.04425049,-122.23493,6030,2015,Spring,SP15,137,4/13/15,postelsia,POSPAL,1,1,30,IP,California,CA Central,San Francisco to Government Point,SMCA,Central Coast,Central Coast,Greyhound Rock SMCA,Mainland,11/1/24 10:44
UCSC,Scott Creek,SCT,37.04425049,-122.23493,37.04425049,-122.23493,6030,2015,Spring,SP15,137,4/13/15,postelsia,POSPAL,2,4,26,IP,California,CA Central,San Francisco to Government Point,SMCA,Central Coast,Central Coast,Greyhound Rock SMCA,Mainland,11/1/24 10:44
UCSC,Scott Creek,SCT,37.04425049,-122.23493,37.04425049,-122.23493,6030,2015,Fall,FA15,139,11/24/15,postelsia,POSPAL,1,0,30,IP,California,CA Central,San Francisco to Government Point,SMCA,Central Coast,Central Coast,Greyhound Rock SMCA,Mainland,11/1/24 10:44
UCSC,Scott Creek,SCT,37.04425049,-122.23493,37.04425049,-122.23493,6030,2015,Fall,FA15,139,11/24/15,postelsia,POSPAL,2,0,26,IP,California,CA Central,San Francisco to Government Point,SMCA,Central Coast,Central Coast,Greyhound Rock SMCA,Mainland,11/1/24 10:44
UCSC,Scott Creek,SCT,37.04425049,-122.23493,37.04425049,-122.23493,6030,2016,Spring,SP16,141,3/17/16,postelsia,POSPAL,1,0,30,IP,California,CA Central,San Francisco to Government Point,SMCA,Central Coast,Central Coast,Greyhound Rock SMCA,Mainland,11/1/24 10:44
UCSC,Scott Creek,SCT,37.04425049,-122.23493,37.04425049,-122.23493,6030,2016,Spring,SP16,141,3/17/16,postelsia,POSPAL,2,0,26,IP,California,CA Central,San Francisco to Government Point,SMCA,Central Coast,Central Coast,Greyhound Rock SMCA,Mainland,11/1/24 10:44
UCSC,Scott Creek,SCT,37.04425049,-122.23493,37.04425049,-122.23493,6030,2016,Fall,FA16,143,10/16/16,postelsia,POSPAL,1,1,30,IP,California,CA Central,San Francisco to Government Point,SMCA,Central Coast,Central Coast,Greyhound Rock SMCA,Mainland,11/1/24 10:44
UCSC,Scott Creek,SCT,37.04425049,-122.23493,37.04425049,-122.23493,6030,2016,Fall,FA16,143,10/16/16,postelsia,POSPAL,2,0,26,IP,California,CA Central,San Francisco to Government Point,SMCA,Central Coast,Central Coast,Greyhound Rock SMCA,Mainland,11/1/24 10:44
UCSC,Scott Creek,SCT,37.04425049,-122.23493,37.04425049,-122.23493,6030,2017,Spring,SP17,145,3/8/17,postelsia,POSPAL,1,0,30,IP,California,CA Central,San Francisco to Government Point,SMCA,Central Coast,Central Coast,Greyhound Rock SMCA,Mainland,11/1/24 10:44
UCSC,Scott Creek,SCT,37.04425049,-122.23493,37.04425049,-122.23493,6030,2017,Spring,SP17,145,3/8/17,postelsia,POSPAL,2,0,26,IP,California,CA Central,San Francisco to Government Point,SMCA,Central Coast,Central Coast,Greyhound Rock SMCA,Mainland,11/1/24 10:44
UCSC,Scott Creek,SCT,37.04425049,-122.23493,37.04425049,-122.23493,6030,2017,Fall,FA17,147,10/21/17,postelsia,POSPAL,1,2,30,IP,California,CA Central,San Francisco to Government Point,SMCA,Central Coast,Central Coast,Greyhound Rock SMCA,Mainland,11/1/24 10:44
UCSC,Scott Creek,SCT,37.04425049,-122.23493,37.04425049,-122.23493,6030,2017,Fall,FA17,147,10/21/17,postelsia,POSPAL,2,1,26,IP,California,CA Central,San Francisco to Government Point,SMCA,Central Coast,Central Coast,Greyhound Rock SMCA,Mainland,11/1/24 10:44
UCSC,Scott Creek,SCT,37.04425049,-122.23493,37.04425049,-122.23493,6030,2018,Spring,SP18,149,4/18/18,postelsia,POSPAL,1,14,30,IP,California,CA Central,San Francisco to Government Point,SMCA,Central Coast,Central Coast,Greyhound Rock SMCA,Mainland,11/1/24 10:44
UCSC,Scott Creek,SCT,37.04425049,-122.23493,37.04425049,-122.23493,6030,2018,Spring,SP18,149,4/18/18,postelsia,POSPAL,2,0,26,IP,California,CA Central,San Francisco to Government Point,SMCA,Central Coast,Central Coast,Greyhound Rock SMCA,Mainland,11/1/24 10:44
UCSC,Scott Creek,SCT,37.04425049,-122.23493,37.04425049,-122.23493,6030,2018,Fall,FA18,151,10/9/18,postelsia,POSPAL,1,20,30,IP,California,CA Central,San Francisco to Government Point,SMCA,Central Coast,Central Coast,Greyhound Rock SMCA,Mainland,11/1/24 10:44
UCSC,Scott Creek,SCT,37.04425049,-122.23493,37.04425049,-122.23493,6030,2018,Fall,FA18,151,10/9/18,postelsia,POSPAL,2,0,26,IP,California,CA Central,San Francisco to Government Point,SMCA,Central Coast,Central Coast,Greyhound Rock SMCA,Mainland,11/1/24 10:44
UCSC,Scott Creek,SCT,37.04425049,-122.23493,37.04425049,-122.23493,6030,2019,Spring,SP19,153,4/14/19,postelsia,POSPAL,1,57,30,IP,California,CA Central,San Francisco to Government Point,SMCA,Central Coast,Central Coast,Greyhound Rock SMCA,Mainland,11/1/24 10:44
UCSC,Scott Creek,SCT,37.04425049,-122.23493,37.04425049,-122.23493,6030,2019,Spring,SP19,153,4/14/19,postelsia,POSPAL,2,0,26,IP,California,CA Central,San Francisco to Government Point,SMCA,Central Coast,Central Coast,Greyhound Rock SMCA,Mainland,11/1/24 10:44
UCSC,Scott Creek,SCT,37.04425049,-122.23493,37.04425049,-122.23493,6030,2019,Fall,FA19,155,10/14/19,postelsia,POSPAL,1,62,30,IP,California,CA Central,San Francisco to Government Point,SMCA,Central Coast,Central Coast,Greyhound Rock SMCA,Mainland,11/1/24 10:44
UCSC,Scott Creek,SCT,37.04425049,-122.23493,37.04425049,-122.23493,6030,2019,Fall,FA19,155,10/14/19,postelsia,POSPAL,2,0,26,IP,California,CA Central,San Francisco to Government Point,SMCA,Central Coast,Central Coast,Greyhound Rock SMCA,Mainland,11/1/24 10:44
UCSC,Scott Creek,SCT,37.04425049,-122.23493,37.04425049,-122.23493,6030,2020,Spring,SP20,157,3/8/20,postelsia,POSPAL,1,89,30,IP,California,CA Central,San Francisco to Government Point,SMCA,Central Coast,Central Coast,Greyhound Rock SMCA,Mainland,11/1/24 10:44
UCSC,Scott Creek,SCT,37.04425049,-122.23493,37.04425049,-122.23493,6030,2020,Spring,SP20,157,3/8/20,postelsia,POSPAL,2,0,26,IP,California,CA Central,San Francisco to Government Point,SMCA,Central Coast,Central Coast,Greyhound Rock SMCA,Mainland,11/1/24 10:44
UCSC,Scott Creek,SCT,37.04425049,-122.23493,37.04425049,-122.23493,6030,2020,Fall,FA20,159,10/18/20,postelsia,POSPAL,1,21,30,IP,California,CA Central,San Francisco to Government Point,SMCA,Central Coast,Central Coast,Greyhound Rock SMCA,Mainland,11/1/24 10:44
UCSC,Scott Creek,SCT,37.04425049,-122.23493,37.04425049,-122.23493,6030,2020,Fall,FA20,159,10/18/20,postelsia,POSPAL,2,0,26,IP,California,CA Central,San Francisco to Government Point,SMCA,Central Coast,Central Coast,Greyhound Rock SMCA,Mainland,11/1/24 10:44
UCSC,Scott Creek,SCT,37.04425049,-122.23493,37.04425049,-122.23493,6030,2021,Spring,SP21,161,3/7/21,postelsia,POSPAL,1,212,30,IP,California,CA Central,San Francisco to Government Point,SMCA,Central Coast,Central Coast,Greyhound Rock SMCA,Mainland,11/1/24 10:44
UCSC,Scott Creek,SCT,37.04425049,-122.23493,37.04425049,-122.23493,6030,2021,Spring,SP21,161,3/7/21,postelsia,POSPAL,2,0,26,IP,California,CA Central,San Francisco to Government Point,SMCA,Central Coast,Central Coast,Greyhound Rock SMCA,Mainland,11/1/24 10:44
UCSC,Scott Creek,SCT,37.04425049,-122.23493,37.04425049,-122.23493,6030,2021,Fall,FA21,163,10/7/21,postelsia,POSPAL,1,25,30,IP,California,CA Central,San Francisco to Government Point,SMCA,Central Coast,Central Coast,Greyhound Rock SMCA,Mainland,11/1/24 10:44
UCSC,Scott Creek,SCT,37.04425049,-122.23493,37.04425049,-122.23493,6030,2021,Fall,FA21,163,10/7/21,postelsia,POSPAL,2,0,26,IP,California,CA Central,San Francisco to Government Point,SMCA,Central Coast,Central Coast,Greyhound Rock SMCA,Mainland,11/1/24 10:44
UCSC,Scott Creek,SCT,37.04425049,-122.23493,37.04425049,-122.23493,6030,2022,Spring,SP22,165,3/25/22,postelsia,POSPAL,1,15,30,IP,California,CA Central,San Francisco to Government Point,SMCA,Central Coast,Central Coast,Greyhound Rock SMCA,Mainland,11/1/24 10:44
UCSC,Scott Creek,SCT,37.04425049,-122.23493,37.04425049,-122.23493,6030,2022,Spring,SP22,165,3/25/22,postelsia,POSPAL,2,0,26,IP,California,CA Central,San Francisco to Government Point,SMCA,Central Coast,Central Coast,Greyhound Rock SMCA,Mainland,11/1/24 10:44
UCSC,Scott Creek,SCT,37.04425049,-122.23493,37.04425049,-122.23493,6030,2022,Fall,FA22,167,10/25/22,postelsia,POSPAL,1,31,30,IP,California,CA Central,San Francisco to Government Point,SMCA,Central Coast,Central Coast,Greyhound Rock SMCA,Mainland,11/1/24 10:44
UCSC,Scott Creek,SCT,37.04425049,-122.23493,37.04425049,-122.23493,6030,2022,Fall,FA22,167,10/25/22,postelsia,POSPAL,2,0,26,IP,California,CA Central,San Francisco to Government Point,SMCA,Central Coast,Central Coast,Greyhound Rock SMCA,Mainland,11/1/24 10:44
UCSC,Scott Creek,SCT,37.04425049,-122.23493,37.04425049,-122.23493,6030,2023,Spring,SP23,169,4/27/23,postelsia,POSPAL,1,327,30,IP,California,CA Central,San Francisco to Government Point,SMCA,Central Coast,Central Coast,Greyhound Rock SMCA,Mainland,11/1/24 10:44
UCSC,Scott Creek,SCT,37.04425049,-122.23493,37.04425049,-122.23493,6030,2023,Spring,SP23,169,4/27/23,postelsia,POSPAL,2,0,26,IP,California,CA Central,San Francisco to Government Point,SMCA,Central Coast,Central Coast,Greyhound Rock SMCA,Mainland,11/1/24 10:44
UCSC,Scott Creek,SCT,37.04425049,-122.23493,37.04425049,-122.23493,6030,2023,Fall,FA23,171,11/15/23,postelsia,POSPAL,1,10,30,IP,California,CA Central,San Francisco to Government Point,SMCA,Central Coast,Central Coast,Greyhound Rock SMCA,Mainland,11/1/24 10:44
UCSC,Scott Creek,SCT,37.04425049,-122.23493,37.04425049,-122.23493,6030,2023,Fall,FA23,171,11/15/23,postelsia,POSPAL,2,0,26,IP,California,CA Central,San Francisco to Government Point,SMCA,Central Coast,Central Coast,Greyhound Rock SMCA,Mainland,11/1/24 10:44
UCSC,Scott Creek,SCT,37.04425049,-122.23493,37.04425049,-122.23493,6030,2024,Spring,SP24,173,5/9/24,postelsia,POSPAL,1,184,30,IP,California,CA Central,San Francisco to Government Point,SMCA,Central Coast,Central Coast,Greyhound Rock SMCA,Mainland,11/1/24 10:44
UCSC,Scott Creek,SCT,37.04425049,-122.23493,37.04425049,-122.23493,6030,2024,Spring,SP24,173,5/9/24,postelsia,POSPAL,2,0,26,IP,California,CA Central,San Francisco to Government Point,SMCA,Central Coast,Central Coast,Greyhound Rock SMCA,Mainland,11/1/24 10:44
UCSC,Sandhill Bluff,SAD,36.9801712,-122.15503,36.9801712,-122.15503,6050,1999,Fall,FA99,75,12/20/99,postelsia,POSPAL,1,192,150,IP,California,CA Central,San Francisco to Government Point,NONE,Central Coast,Central Coast,NONE,Mainland,11/1/24 10:44
UCSC,Sandhill Bluff,SAD,36.9801712,-122.15503,36.9801712,-122.15503,6050,2000,Spring,SP00,77,4/11/00,postelsia,POSPAL,1,1839,150,IP,California,CA Central,San Francisco to Government Point,NONE,Central Coast,Central Coast,NONE,Mainland,11/1/24 10:44
UCSC,Sandhill Bluff,SAD,36.9801712,-122.15503,36.9801712,-122.15503,6050,2000,Summer,SU00,78,7/4/00,postelsia,POSPAL,1,2091,150,IP,California,CA Central,San Francisco to Government Point,NONE,Central Coast,Central Coast,NONE,Mainland,11/1/24 10:44
UCSC,Sandhill Bluff,SAD,36.9801712,-122.15503,36.9801712,-122.15503,6050,2000,Fall,FA00,79,12/11/00,postelsia,POSPAL,1,446,150,IP,California,CA Central,San Francisco to Government Point,NONE,Central Coast,Central Coast,NONE,Mainland,11/1/24 10:44
UCSC,Sandhill Bluff,SAD,36.9801712,-122.15503,36.9801712,-122.15503,6050,2001,Spring,SP01,81,6/6/01,postelsia,POSPAL,1,4690,150,IP,California,CA Central,San Francisco to Government Point,NONE,Central Coast,Central Coast,NONE,Mainland,11/1/24 10:44
UCSC,Sandhill Bluff,SAD,36.9801712,-122.15503,36.9801712,-122.15503,6050,2001,Fall,FA01,83,12/15/01,postelsia,POSPAL,1,545,150,IP,California,CA Central,San Francisco to Government Point,NONE,Central Coast,Central Coast,NONE,Mainland,11/1/24 10:44
UCSC,Sandhill Bluff,SAD,36.9801712,-122.15503,36.9801712,-122.15503,6050,2002,Spring,SP02,85,4/9/02,postelsia,POSPAL,1,4455,150,IP,California,CA Central,San Francisco to Government Point,NONE,Central Coast,Central Coast,NONE,Mainland,11/1/24 10:44
UCSC,Sandhill Bluff,SAD,36.9801712,-122.15503,36.9801712,-122.15503,6050,2002,Fall,FA02,87,8/7/02,postelsia,POSPAL,1,2326,150,IP,California,CA Central,San Francisco to Government Point,NONE,Central Coast,Central Coast,NONE,Mainland,11/1/24 10:44
UCSC,Sandhill Bluff,SAD,36.9801712,-122.15503,36.9801712,-122.15503,6050,2003,Spring,SP03,89,5/21/03,postelsia,POSPAL,1,7454,150,IP,California,CA Central,San Francisco to Government Point,NONE,Central Coast,Central Coast,NONE,Mainland,11/1/24 10:44
UCSC,Sandhill Bluff,SAD,36.9801712,-122.15503,36.9801712,-122.15503,6050,2004,Spring,SP04,93,5/8/04,postelsia,POSPAL,1,4884,150,IP,California,CA Central,San Francisco to Government Point,NONE,Central Coast,Central Coast,NONE,Mainland,11/1/24 10:44
UCSC,Sandhill Bluff,SAD,36.9801712,-122.15503,36.9801712,-122.15503,6050,2005,Spring,SP05,97,4/25/05,postelsia,POSPAL,1,1373,150,IP,California,CA Central,San Francisco to Government Point,NONE,Central Coast,Central Coast,NONE,Mainland,11/1/24 10:44
UCSC,Sandhill Bluff,SAD,36.9801712,-122.15503,36.9801712,-122.15503,6050,2006,Spring,SP06,101,4/19/06,postelsia,POSPAL,1,4166,150,IP,California,CA Central,San Francisco to Government Point,NONE,Central Coast,Central Coast,NONE,Mainland,11/1/24 10:44
UCSC,Sandhill Bluff,SAD,36.9801712,-122.15503,36.9801712,-122.15503,6050,2006,Fall,FA06,103,12/5/06,postelsia,POSPAL,1,374,150,IP,California,CA Central,San Francisco to Government Point,NONE,Central Coast,Central Coast,NONE,Mainland,11/1/24 10:44
UCSC,Sandhill Bluff,SAD,36.9801712,-122.15503,36.9801712,-122.15503,6050,2007,Spring,SP07,105,6/4/07,postelsia,POSPAL,1,4995,150,IP,California,CA Central,San Francisco to Government Point,NONE,Central Coast,Central Coast,NONE,Mainland,11/1/24 10:44
UCSC,Sandhill Bluff,SAD,36.9801712,-122.15503,36.9801712,-122.15503,6050,2007,Fall,FA07,107,10/28/07,postelsia,POSPAL,1,730,150,IP,California,CA Central,San Francisco to Government Point,NONE,Central Coast,Central Coast,NONE,Mainland,11/1/24 10:44
UCSC,Sandhill Bluff,SAD,36.9801712,-122.15503,36.9801712,-122.15503,6050,2008,Spring,SP08,109,4/23/08,postelsia,POSPAL,1,9306,150,IP,California,CA Central,San Francisco to Government Point,NONE,Central Coast,Central Coast,NONE,Mainland,11/1/24 10:44
UCSC,Sandhill Bluff,SAD,36.9801712,-122.15503,36.9801712,-122.15503,6050,2008,Fall,FA08,111,10/13/08,postelsia,POSPAL,1,1074,150,IP,California,CA Central,San Francisco to Government Point,NONE,Central Coast,Central Coast,NONE,Mainland,11/1/24 10:44
UCSC,Sandhill Bluff,SAD,36.9801712,-122.15503,36.9801712,-122.15503,6050,2009,Spring,SP09,113,4/5/09,postelsia,POSPAL,1,2671,150,IP,California,CA Central,San Francisco to Government Point,NONE,Central Coast,Central Coast,NONE,Mainland,11/1/24 10:44
UCSC,Sandhill Bluff,SAD,36.9801712,-122.15503,36.9801712,-122.15503,6050,2010,Spring,SP10,117,5/15/10,postelsia,POSPAL,1,13430,150,IP,California,CA Central,San Francisco to Government Point,NONE,Central Coast,Central Coast,NONE,Mainland,11/1/24 10:44
UCSC,Sandhill Bluff,SAD,36.9801712,-122.15503,36.9801712,-122.15503,6050,2010,Fall,FA10,119,10/8/10,postelsia,POSPAL,1,1590,150,IP,California,CA Central,San Francisco to Government Point,NONE,Central Coast,Central Coast,NONE,Mainland,11/1/24 10:44
UCSC,Sandhill Bluff,SAD,36.9801712,-122.15503,36.9801712,-122.15503,6050,2011,Fall,FA11,123,11/27/11,postelsia,POSPAL,1,1292,150,IP,California,CA Central,San Francisco to Government Point,NONE,Central Coast,Central Coast,NONE,Mainland,11/1/24 10:44
UCSC,Sandhill Bluff,SAD,36.9801712,-122.15503,36.9801712,-122.15503,6050,2013,Spring,SP13,129,5/29/13,postelsia,POSPAL,1,11280,150,IP,California,CA Central,San Francisco to Government Point,NONE,Central Coast,Central Coast,NONE,Mainland,11/1/24 10:44
UCSC,Sandhill Bluff,SAD,36.9801712,-122.15503,36.9801712,-122.15503,6050,2013,Fall,FA13,131,10/18/13,postelsia,POSPAL,1,963,150,IP,California,CA Central,San Francisco to Government Point,NONE,Central Coast,Central Coast,NONE,Mainland,11/1/24 10:44
UCSC,Sandhill Bluff,SAD,36.9801712,-122.15503,36.9801712,-122.15503,6050,2015,Spring,SP15,137,5/21/15,postelsia,POSPAL,1,15,150,IP,California,CA Central,San Francisco to Government Point,NONE,Central Coast,Central Coast,NONE,Mainland,11/1/24 10:44
UCSC,Sandhill Bluff,SAD,36.9801712,-122.15503,36.9801712,-122.15503,6050,2016,Spring,SP16,141,5/12/16,postelsia,POSPAL,1,13,150,IP,California,CA Central,San Francisco to Government Point,NONE,Central Coast,Central Coast,NONE,Mainland,11/1/24 10:44
UCSC,Sandhill Bluff,SAD,36.9801712,-122.15503,36.9801712,-122.15503,6050,2017,Spring,SP17,145,3/7/17,postelsia,POSPAL,1,40,150,IP,California,CA Central,San Francisco to Government Point,NONE,Central Coast,Central Coast,NONE,Mainland,11/1/24 10:44
UCSC,Sandhill Bluff,SAD,36.9801712,-122.15503,36.9801712,-122.15503,6050,2019,Fall,FA19,155,11/13/19,postelsia,POSPAL,1,130,150,IP,California,CA Central,San Francisco to Government Point,NONE,Central Coast,Central Coast,NONE,Mainland,11/1/24 10:44
UCSC,Sandhill Bluff,SAD,36.9801712,-122.15503,36.9801712,-122.15503,6050,2020,Spring,SP20,157,5/12/20,postelsia,POSPAL,1,714,150,IP,California,CA Central,San Francisco to Government Point,NONE,Central Coast,Central Coast,NONE,Mainland,11/1/24 10:44
UCSC,Sandhill Bluff,SAD,36.9801712,-122.15503,36.9801712,-122.15503,6050,2020,Fall,FA20,159,11/1/20,postelsia,POSPAL,1,225,150,IP,California,CA Central,San Francisco to Government Point,NONE,Central Coast,Central Coast,NONE,Mainland,11/1/24 10:44
UCSC,Sandhill Bluff,SAD,36.9801712,-122.15503,36.9801712,-122.15503,6050,2021,Spring,SP21,161,3/24/21,postelsia,POSPAL,1,1767,150,IP,California,CA Central,San Francisco to Government Point,NONE,Central Coast,Central Coast,NONE,Mainland,11/1/24 10:44
UCSC,Sandhill Bluff,SAD,36.9801712,-122.15503,36.9801712,-122.15503,6050,2021,Fall,FA21,163,11/19/21,postelsia,POSPAL,1,19,150,IP,California,CA Central,San Francisco to Government Point,NONE,Central Coast,Central Coast,NONE,Mainland,11/1/24 10:44
UCSC,Sandhill Bluff,SAD,36.9801712,-122.15503,36.9801712,-122.15503,6050,2022,Spring,SP22,165,5/4/22,postelsia,POSPAL,1,424,150,IP,California,CA Central,San Francisco to Government Point,NONE,Central Coast,Central Coast,NONE,Mainland,11/1/24 10:44
UCSC,Sandhill Bluff,SAD,36.9801712,-122.15503,36.9801712,-122.15503,6050,2022,Fall,FA22,167,11/22/22,postelsia,POSPAL,1,78,150,IP,California,CA Central,San Francisco to Government Point,NONE,Central Coast,Central Coast,NONE,Mainland,11/1/24 10:44
UCSC,Sandhill Bluff,SAD,36.9801712,-122.15503,36.9801712,-122.15503,6050,2023,Spring,SP23,169,5/10/23,postelsia,POSPAL,1,1023,150,IP,California,CA Central,San Francisco to Government Point,NONE,Central Coast,Central Coast,NONE,Mainland,11/1/24 10:44
UCSC,Sandhill Bluff,SAD,36.9801712,-122.15503,36.9801712,-122.15503,6050,2023,Fall,FA23,171,10/29/23,postelsia,POSPAL,1,125,150,IP,California,CA Central,San Francisco to Government Point,NONE,Central Coast,Central Coast,NONE,Mainland,11/1/24 10:44
UCSC,Sandhill Bluff,SAD,36.9801712,-122.15503,36.9801712,-122.15503,6050,2024,Spring,SP24,173,5/1/24,postelsia,POSPAL,1,800,150,IP,California,CA Central,San Francisco to Government Point,NONE,Central Coast,Central Coast,NONE,Mainland,11/1/24 10:44
UCSC,Mal Paso,MAL,36.47993851,-121.93913,36.47993851,-121.93913,6160,2000,Summer,SU00,78,6/5/00,postelsia,POSPAL,1,1477,36,IP,California,CA Central,San Francisco to Government Point,NONE,Central Coast,Central Coast,NONE,Mainland,11/1/24 10:44
UCSC,Mal Paso,MAL,36.47993851,-121.93913,36.47993851,-121.93913,6160,2000,Fall,FA00,79,12/12/00,postelsia,POSPAL,1,86,36,IP,California,CA Central,San Francisco to Government Point,NONE,Central Coast,Central Coast,NONE,Mainland,11/1/24 10:44
UCSC,Mal Paso,MAL,36.47993851,-121.93913,36.47993851,-121.93913,6160,2001,Spring,SP01,81,5/25/01,postelsia,POSPAL,1,2903,36,IP,California,CA Central,San Francisco to Government Point,NONE,Central Coast,Central Coast,NONE,Mainland,11/1/24 10:44
UCSC,Mal Paso,MAL,36.47993851,-121.93913,36.47993851,-121.93913,6160,2001,Fall,FA01,83,12/13/01,postelsia,POSPAL,1,222,36,IP,California,CA Central,San Francisco to Government Point,NONE,Central Coast,Central Coast,NONE,Mainland,11/1/24 10:44
UCSC,Mal Paso,MAL,36.47993851,-121.93913,36.47993851,-121.93913,6160,2002,Spring,SP02,85,4/29/02,postelsia,POSPAL,1,1409,36,IP,California,CA Central,San Francisco to Government Point,NONE,Central Coast,Central Coast,NONE,Mainland,11/1/24 10:44
UCSC,Mal Paso,MAL,36.47993851,-121.93913,36.47993851,-121.93913,6160,2002,Fall,FA02,87,12/3/02,postelsia,POSPAL,1,124,36,IP,California,CA Central,San Francisco to Government Point,NONE,Central Coast,Central Coast,NONE,Mainland,11/1/24 10:44
UCSC,Mal Paso,MAL,36.47993851,-121.93913,36.47993851,-121.93913,6160,2003,Spring,SP03,89,5/19/03,postelsia,POSPAL,1,1595,36,IP,California,CA Central,San Francisco to Government Point,NONE,Central Coast,Central Coast,NONE,Mainland,11/1/24 10:44
UCSC,Mal Paso,MAL,36.47993851,-121.93913,36.47993851,-121.93913,6160,2003,Fall,FA03,91,1/22/04,postelsia,POSPAL,1,240,36,IP,California,CA Central,San Francisco to Government Point,NONE,Central Coast,Central Coast,NONE,Mainland,11/1/24 10:44
UCSC,Mal Paso,MAL,36.47993851,-121.93913,36.47993851,-121.93913,6160,2004,Spring,SP04,93,5/7/04,postelsia,POSPAL,1,627,36,IP,California,CA Central,San Francisco to Government Point,NONE,Central Coast,Central Coast,NONE,Mainland,11/1/24 10:44
UCSC,Mal Paso,MAL,36.47993851,-121.93913,36.47993851,-121.93913,6160,2004,Fall,FA04,95,12/13/04,postelsia,POSPAL,1,30,36,IP,California,CA Central,San Francisco to Government Point,NONE,Central Coast,Central Coast,NONE,Mainland,11/1/24 10:44
UCSC,Mal Paso,MAL,36.47993851,-121.93913,36.47993851,-121.93913,6160,2005,Spring,SP05,97,5/25/05,postelsia,POSPAL,1,623,36,IP,California,CA Central,San Francisco to Government Point,NONE,Central Coast,Central Coast,NONE,Mainland,11/1/24 10:44
UCSC,Mal Paso,MAL,36.47993851,-121.93913,36.47993851,-121.93913,6160,2005,Fall,FA05,99,12/14/05,postelsia,POSPAL,1,64,36,IP,California,CA Central,San Francisco to Government Point,NONE,Central Coast,Central Coast,NONE,Mainland,11/1/24 10:44
UCSC,Point Sierra Nevada,PSN,35.72882843,-121.31866,35.72882843,-121.31866,6250,2004,Fall,FA04,95,11/11/04,postelsia,POSPAL,1,49,12,IP,California,CA Central,San Francisco to Government Point,NONE,Central Coast,Central Coast,NONE,Mainland,11/1/24 10:44
UCSC,Point Sierra Nevada,PSN,35.72882843,-121.31866,35.72882843,-121.31866,6250,2005,Spring,SP05,97,3/8/05,postelsia,POSPAL,1,654,12,IP,California,CA Central,San Francisco to Government Point,NONE,Central Coast,Central Coast,NONE,Mainland,11/1/24 10:44
UCSC,Point Sierra Nevada,PSN,35.72882843,-121.31866,35.72882843,-121.31866,6250,2005,Fall,FA05,99,11/14/05,postelsia,POSPAL,1,177,12,IP,California,CA Central,San Francisco to Government Point,NONE,Central Coast,Central Coast,NONE,Mainland,11/1/24 10:44
UCSC,Point Sierra Nevada,PSN,35.72882843,-121.31866,35.72882843,-121.31866,6250,2006,Spring,SP06,101,3/10/06,postelsia,POSPAL,1,1411,12,IP,California,CA Central,San Francisco to Government Point,NONE,Central Coast,Central Coast,NONE,Mainland,11/1/24 10:44
UCSC,Point Sierra Nevada,PSN,35.72882843,-121.31866,35.72882843,-121.31866,6250,2006,Fall,FA06,103,11/7/06,postelsia,POSPAL,1,158,12,IP,California,CA Central,San Francisco to Government Point,NONE,Central Coast,Central Coast,NONE,Mainland,11/1/24 10:44
UCSC,Point Sierra Nevada,PSN,35.72882843,-121.31866,35.72882843,-121.31866,6250,2007,Spring,SP07,105,3/16/07,postelsia,POSPAL,1,1726,12,IP,California,CA Central,San Francisco to Government Point,NONE,Central Coast,Central Coast,NONE,Mainland,11/1/24 10:44
UCSC,Point Sierra Nevada,PSN,35.72882843,-121.31866,35.72882843,-121.31866,6250,2007,Fall,FA07,107,10/26/07,postelsia,POSPAL,1,246,12,IP,California,CA Central,San Francisco to Government Point,NONE,Central Coast,Central Coast,NONE,Mainland,11/1/24 10:44
UCSC,Point Sierra Nevada,PSN,35.72882843,-121.31866,35.72882843,-121.31866,6250,2008,Spring,SP08,109,3/17/08,postelsia,POSPAL,1,3185,12,IP,California,CA Central,San Francisco to Government Point,NONE,Central Coast,Central Coast,NONE,Mainland,11/1/24 10:44
UCSC,Point Sierra Nevada,PSN,35.72882843,-121.31866,35.72882843,-121.31866,6250,2008,Fall,FA08,111,11/15/08,postelsia,POSPAL,1,59,12,IP,California,CA Central,San Francisco to Government Point,NONE,Central Coast,Central Coast,NONE,Mainland,11/1/24 10:44
UCSC,Point Sierra Nevada,PSN,35.72882843,-121.31866,35.72882843,-121.31866,6250,2009,Spring,SP09,113,3/8/09,postelsia,POSPAL,1,571,12,IP,California,CA Central,San Francisco to Government Point,NONE,Central Coast,Central Coast,NONE,Mainland,11/1/24 10:44
UCSC,Point Sierra Nevada,PSN,35.72882843,-121.31866,35.72882843,-121.31866,6250,2009,Fall,FA09,115,11/4/09,postelsia,POSPAL,1,211,12,IP,California,CA Central,San Francisco to Government Point,NONE,Central Coast,Central Coast,NONE,Mainland,11/1/24 10:44
UCSC,Point Sierra Nevada,PSN,35.72882843,-121.31866,35.72882843,-121.31866,6250,2010,Spring,SP10,117,3/26/10,postelsia,POSPAL,1,1641,12,IP,California,CA Central,San Francisco to Government Point,NONE,Central Coast,Central Coast,NONE,Mainland,11/1/24 10:44
UCSC,Point Sierra Nevada,PSN,35.72882843,-121.31866,35.72882843,-121.31866,6250,2010,Fall,FA10,119,11/5/10,postelsia,POSPAL,1,176,12,IP,California,CA Central,San Francisco to Government Point,NONE,Central Coast,Central Coast,NONE,Mainland,11/1/24 10:44
UCSC,Point Sierra Nevada,PSN,35.72882843,-121.31866,35.72882843,-121.31866,6250,2011,Spring,SP11,121,4/20/11,postelsia,POSPAL,1,2281,12,IP,California,CA Central,San Francisco to Government Point,NONE,Central Coast,Central Coast,NONE,Mainland,11/1/24 10:44
UCSC,Point Sierra Nevada,PSN,35.72882843,-121.31866,35.72882843,-121.31866,6250,2011,Fall,FA11,123,10/28/11,postelsia,POSPAL,1,227,12,IP,California,CA Central,San Francisco to Government Point,NONE,Central Coast,Central Coast,NONE,Mainland,11/1/24 10:44
UCSC,Point Sierra Nevada,PSN,35.72882843,-121.31866,35.72882843,-121.31866,6250,2012,Spring,SP12,125,4/9/12,postelsia,POSPAL,1,1163,12,IP,California,CA Central,San Francisco to Government Point,NONE,Central Coast,Central Coast,NONE,Mainland,11/1/24 10:44
UCSC,Point Sierra Nevada,PSN,35.72882843,-121.31866,35.72882843,-121.31866,6250,2012,Fall,FA12,127,10/16/12,postelsia,POSPAL,1,269,12,IP,California,CA Central,San Francisco to Government Point,NONE,Central Coast,Central Coast,NONE,Mainland,11/1/24 10:44
UCSC,Point Sierra Nevada,PSN,35.72882843,-121.31866,35.72882843,-121.31866,6250,2013,Spring,SP13,129,4/27/13,postelsia,POSPAL,1,1867,12,IP,California,CA Central,San Francisco to Government Point,NONE,Central Coast,Central Coast,NONE,Mainland,11/1/24 10:44
UCSC,Point Sierra Nevada,PSN,35.72882843,-121.31866,35.72882843,-121.31866,6250,2013,Fall,FA13,131,11/4/13,postelsia,POSPAL,1,222,12,IP,California,CA Central,San Francisco to Government Point,NONE,Central Coast,Central Coast,NONE,Mainland,11/1/24 10:44
UCSC,Point Sierra Nevada,PSN,35.72882843,-121.31866,35.72882843,-121.31866,6250,2014,Spring,SP14,133,4/17/14,postelsia,POSPAL,1,1631,12,IP,California,CA Central,San Francisco to Government Point,NONE,Central Coast,Central Coast,NONE,Mainland,11/1/24 10:44
UCSC,Point Sierra Nevada,PSN,35.72882843,-121.31866,35.72882843,-121.31866,6250,2014,Fall,FA14,135,11/22/14,postelsia,POSPAL,1,0,12,IP,California,CA Central,San Francisco to Government Point,NONE,Central Coast,Central Coast,NONE,Mainland,11/1/24 10:44
UCSC,Point Sierra Nevada,PSN,35.72882843,-121.31866,35.72882843,-121.31866,6250,2015,Spring,SP15,137,4/20/15,postelsia,POSPAL,1,0,12,IP,California,CA Central,San Francisco to Government Point,NONE,Central Coast,Central Coast,NONE,Mainland,11/1/24 10:44
UCSC,Point Sierra Nevada,PSN,35.72882843,-121.31866,35.72882843,-121.31866,6250,2015,Fall,FA15,139,10/27/15,postelsia,POSPAL,1,0,12,IP,California,CA Central,San Francisco to Government Point,NONE,Central Coast,Central Coast,NONE,Mainland,11/1/24 10:44
UCSC,Point Sierra Nevada,PSN,35.72882843,-121.31866,35.72882843,-121.31866,6250,2016,Spring,SP16,141,4/10/16,postelsia,POSPAL,1,0,12,IP,California,CA Central,San Francisco to Government Point,NONE,Central Coast,Central Coast,NONE,Mainland,11/1/24 10:44
UCSC,Point Sierra Nevada,PSN,35.72882843,-121.31866,35.72882843,-121.31866,6250,2016,Fall,FA16,143,10/17/16,postelsia,POSPAL,1,0,12,IP,California,CA Central,San Francisco to Government Point,NONE,Central Coast,Central Coast,NONE,Mainland,11/1/24 10:44
UCSC,Point Sierra Nevada,PSN,35.72882843,-121.31866,35.72882843,-121.31866,6250,2017,Spring,SP17,145,2/8/17,postelsia,POSPAL,1,0,12,IP,California,CA Central,San Francisco to Government Point,NONE,Central Coast,Central Coast,NONE,Mainland,11/1/24 10:44
UCSC,Point Sierra Nevada,PSN,35.72882843,-121.31866,35.72882843,-121.31866,6250,2017,Fall,FA17,147,11/5/17,postelsia,POSPAL,1,0,12,IP,California,CA Central,San Francisco to Government Point,NONE,Central Coast,Central Coast,NONE,Mainland,11/1/24 10:44
UCSC,Point Sierra Nevada,PSN,35.72882843,-121.31866,35.72882843,-121.31866,6250,2018,Fall,FA18,151,11/24/18,postelsia,POSPAL,1,0,12,IP,California,CA Central,San Francisco to Government Point,NONE,Central Coast,Central Coast,NONE,Mainland,11/1/24 10:44
UCSC,Point Sierra Nevada,PSN,35.72882843,-121.31866,35.72882843,-121.31866,6250,2019,Fall,FA19,155,10/29/19,postelsia,POSPAL,1,0,12,IP,California,CA Central,San Francisco to Government Point,NONE,Central Coast,Central Coast,NONE,Mainland,11/1/24 10:44
UCSC,Point Sierra Nevada,PSN,35.72882843,-121.31866,35.72882843,-121.31866,6250,2020,Fall,FA20,159,10/18/20,postelsia,POSPAL,1,0,12,IP,California,CA Central,San Francisco to Government Point,NONE,Central Coast,Central Coast,NONE,Mainland,11/1/24 10:44
UCSC,Point Sierra Nevada,PSN,35.72882843,-121.31866,35.72882843,-121.31866,6250,2021,Fall,FA21,163,11/6/21,postelsia,POSPAL,1,0,12,IP,California,CA Central,San Francisco to Government Point,NONE,Central Coast,Central Coast,NONE,Mainland,11/1/24 10:44
UCSC,Point Sierra Nevada,PSN,35.72882843,-121.31866,35.72882843,-121.31866,6250,2022,Fall,FA22,167,11/8/22,postelsia,POSPAL,1,0,12,IP,California,CA Central,San Francisco to Government Point,NONE,Central Coast,Central Coast,NONE,Mainland,11/1/24 10:44
UCSC,Point Sierra Nevada,PSN,35.72882843,-121.31866,35.72882843,-121.31866,6250,2023,Fall,FA23,171,10/29/23,postelsia,POSPAL,1,0,12,IP,California,CA Central,San Francisco to Government Point,NONE,Central Coast,Central Coast,NONE,Mainland,11/1/24 10:44
UCSC,Piedras Blancas,PBL,35.66492844,-121.28699,35.66492844,-121.28699,6260,2008,Spring,SP08,109,4/6/08,postelsia,POSPAL,1,3858,20,IP,California,CA Central,San Francisco to Government Point,SMR,Central Coast,Central Coast,Piedras Blancas SMR,Mainland,11/1/24 10:44
UCSC,Piedras Blancas,PBL,35.66492844,-121.28699,35.66492844,-121.28699,6260,2008,Spring,SP08,109,4/6/08,postelsia,POSPAL,2,1893,20,IP,California,CA Central,San Francisco to Government Point,SMR,Central Coast,Central Coast,Piedras Blancas SMR,Mainland,11/1/24 10:44
UCSC,Piedras Blancas,PBL,35.66492844,-121.28699,35.66492844,-121.28699,6260,2008,Spring,SP08,109,4/6/08,postelsia,POSPAL,3,1615,14,IP,California,CA Central,San Francisco to Government Point,SMR,Central Coast,Central Coast,Piedras Blancas SMR,Mainland,11/1/24 10:44
UCSC,Piedras Blancas,PBL,35.66492844,-121.28699,35.66492844,-121.28699,6260,2009,Spring,SP09,113,4/5/09,postelsia,POSPAL,1,674,20,IP,California,CA Central,San Francisco to Government Point,SMR,Central Coast,Central Coast,Piedras Blancas SMR,Mainland,11/1/24 10:44
UCSC,Piedras Blancas,PBL,35.66492844,-121.28699,35.66492844,-121.28699,6260,2009,Spring,SP09,113,4/5/09,postelsia,POSPAL,2,718,20,IP,California,CA Central,San Francisco to Government Point,SMR,Central Coast,Central Coast,Piedras Blancas SMR,Mainland,11/1/24 10:44
UCSC,Piedras Blancas,PBL,35.66492844,-121.28699,35.66492844,-121.28699,6260,2009,Spring,SP09,113,4/5/09,postelsia,POSPAL,3,513,14,IP,California,CA Central,San Francisco to Government Point,SMR,Central Coast,Central Coast,Piedras Blancas SMR,Mainland,11/1/24 10:44
UCSC,Piedras Blancas,PBL,35.66492844,-121.28699,35.66492844,-121.28699,6260,2011,Fall,FA11,123,11/24/11,postelsia,POSPAL,1,141,20,IP,California,CA Central,San Francisco to Government Point,SMR,Central Coast,Central Coast,Piedras Blancas SMR,Mainland,11/1/24 10:44
UCSC,Piedras Blancas,PBL,35.66492844,-121.28699,35.66492844,-121.28699,6260,2011,Fall,FA11,123,12/23/11,postelsia,POSPAL,2,328,20,IP,California,CA Central,San Francisco to Government Point,SMR,Central Coast,Central Coast,Piedras Blancas SMR,Mainland,11/1/24 10:44
UCSC,Piedras Blancas,PBL,35.66492844,-121.28699,35.66492844,-121.28699,6260,2011,Fall,FA11,123,12/23/11,postelsia,POSPAL,3,124,14,IP,California,CA Central,San Francisco to Government Point,SMR,Central Coast,Central Coast,Piedras Blancas SMR,Mainland,11/1/24 10:44
UCSC,Piedras Blancas,PBL,35.66492844,-121.28699,35.66492844,-121.28699,6260,2015,Spring,SP15,137,4/19/15,postelsia,POSPAL,1,0,20,IP,California,CA Central,San Francisco to Government Point,SMR,Central Coast,Central Coast,Piedras Blancas SMR,Mainland,11/1/24 10:44
UCSC,Piedras Blancas,PBL,35.66492844,-121.28699,35.66492844,-121.28699,6260,2015,Spring,SP15,137,4/19/15,postelsia,POSPAL,2,0,20,IP,California,CA Central,San Francisco to Government Point,SMR,Central Coast,Central Coast,Piedras Blancas SMR,Mainland,11/1/24 10:44
UCSC,Piedras Blancas,PBL,35.66492844,-121.28699,35.66492844,-121.28699,6260,2015,Spring,SP15,137,4/19/15,postelsia,POSPAL,3,0,14,IP,California,CA Central,San Francisco to Government Point,SMR,Central Coast,Central Coast,Piedras Blancas SMR,Mainland,11/1/24 10:44
UCSC,Piedras Blancas,PBL,35.66492844,-121.28699,35.66492844,-121.28699,6260,2016,Spring,SP16,141,4/10/16,postelsia,POSPAL,1,1,20,IP,California,CA Central,San Francisco to Government Point,SMR,Central Coast,Central Coast,Piedras Blancas SMR,Mainland,11/1/24 10:44
UCSC,Piedras Blancas,PBL,35.66492844,-121.28699,35.66492844,-121.28699,6260,2016,Spring,SP16,141,4/10/16,postelsia,POSPAL,2,0,20,IP,California,CA Central,San Francisco to Government Point,SMR,Central Coast,Central Coast,Piedras Blancas SMR,Mainland,11/1/24 10:44
UCSC,Piedras Blancas,PBL,35.66492844,-121.28699,35.66492844,-121.28699,6260,2016,Spring,SP16,141,4/10/16,postelsia,POSPAL,3,0,14,IP,California,CA Central,San Francisco to Government Point,SMR,Central Coast,Central Coast,Piedras Blancas SMR,Mainland,11/1/24 10:44
UCSC,Piedras Blancas,PBL,35.66492844,-121.28699,35.66492844,-121.28699,6260,2017,Spring,SP17,145,3/9/17,postelsia,POSPAL,1,0,20,IP,California,CA Central,San Francisco to Government Point,SMR,Central Coast,Central Coast,Piedras Blancas SMR,Mainland,11/1/24 10:44
UCSC,Piedras Blancas,PBL,35.66492844,-121.28699,35.66492844,-121.28699,6260,2017,Spring,SP17,145,3/9/17,postelsia,POSPAL,2,0,20,IP,California,CA Central,San Francisco to Government Point,SMR,Central Coast,Central Coast,Piedras Blancas SMR,Mainland,11/1/24 10:44
UCSC,Piedras Blancas,PBL,35.66492844,-121.28699,35.66492844,-121.28699,6260,2017,Spring,SP17,145,3/9/17,postelsia,POSPAL,3,0,14,IP,California,CA Central,San Francisco to Government Point,SMR,Central Coast,Central Coast,Piedras Blancas SMR,Mainland,11/1/24 10:44
UCSC,Piedras Blancas,PBL,35.66492844,-121.28699,35.66492844,-121.28699,6260,2019,Fall,FA19,155,10/29/19,postelsia,POSPAL,1,0,20,IP,California,CA Central,San Francisco to Government Point,SMR,Central Coast,Central Coast,Piedras Blancas SMR,Mainland,11/1/24 10:44
UCSC,Piedras Blancas,PBL,35.66492844,-121.28699,35.66492844,-121.28699,6260,2019,Fall,FA19,155,10/29/19,postelsia,POSPAL,2,0,20,IP,California,CA Central,San Francisco to Government Point,SMR,Central Coast,Central Coast,Piedras Blancas SMR,Mainland,11/1/24 10:44
UCSC,Piedras Blancas,PBL,35.66492844,-121.28699,35.66492844,-121.28699,6260,2019,Fall,FA19,155,10/29/19,postelsia,POSPAL,3,0,14,IP,California,CA Central,San Francisco to Government Point,SMR,Central Coast,Central Coast,Piedras Blancas SMR,Mainland,11/1/24 10:44
UCSC,Piedras Blancas,PBL,35.66492844,-121.28699,35.66492844,-121.28699,6260,2021,Summer,SU21,162,7/26/21,postelsia,POSPAL,1,0,20,IP,California,CA Central,San Francisco to Government Point,SMR,Central Coast,Central Coast,Piedras Blancas SMR,Mainland,11/1/24 10:44
UCSC,Piedras Blancas,PBL,35.66492844,-121.28699,35.66492844,-121.28699,6260,2021,Summer,SU21,162,7/26/21,postelsia,POSPAL,2,0,20,IP,California,CA Central,San Francisco to Government Point,SMR,Central Coast,Central Coast,Piedras Blancas SMR,Mainland,11/1/24 10:44
UCSC,Piedras Blancas,PBL,35.66492844,-121.28699,35.66492844,-121.28699,6260,2021,Summer,SU21,162,7/26/21,postelsia,POSPAL,3,0,14,IP,California,CA Central,San Francisco to Government Point,SMR,Central Coast,Central Coast,Piedras Blancas SMR,Mainland,11/1/24 10:44
UCSC,Piedras Blancas,PBL,35.66492844,-121.28699,35.66492844,-121.28699,6260,2023,Fall,FA23,171,11/14/23,postelsia,POSPAL,1,0,20,IP,California,CA Central,San Francisco to Government Point,SMR,Central Coast,Central Coast,Piedras Blancas SMR,Mainland,11/1/24 10:44
UCSC,Piedras Blancas,PBL,35.66492844,-121.28699,35.66492844,-121.28699,6260,2023,Fall,FA23,171,11/14/23,postelsia,POSPAL,2,0,20,IP,California,CA Central,San Francisco to Government Point,SMR,Central Coast,Central Coast,Piedras Blancas SMR,Mainland,11/1/24 10:44
UCSC,Piedras Blancas,PBL,35.66492844,-121.28699,35.66492844,-121.28699,6260,2023,Fall,FA23,171,11/14/23,postelsia,POSPAL,3,0,14,IP,California,CA Central,San Francisco to Government Point,SMR,Central Coast,Central Coast,Piedras Blancas SMR,Mainland,11/1/24 10:44